date,brand_name,goods_no,product_name,estimated_sales,estimated_gmv,estimated_avg_price,display_price,previous_display_price,price_change_detected,price_change_amount,price_change_pct,coverage_pct,calendar_complete,confidence,max_interval_hours,observation_count,contributing_intervals,initial_delta_status,initial_delta_value,history_bucket,product_url
2026-09-01,시그니처,880827,와이드핏 슬랙스 [블랙],0.0,0,34900,34900,34900,0,0,0.0,100.0,1,high,24.09,8,2,none,,59,https://www.musinsa.com/products/880827
2026-09-01,제멋,945659,와이드 이지 스웨트팬츠 블랙 KJLP2179,0.0,0,32900,32900,32900,0,0,0.0,100.0,1,high,24.09,6,2,none,,59,https://www.musinsa.com/products/945659
2026-09-01,트립르센스,1139259,LENTICULAR OVER MTM GREY,0.0,0,29500,29500,29500,0,0,0.0,100.0,1,high,24.01,7,2,none,,59,https://www.musinsa.com/products/1139259
2026-09-01,트립르센스,1223163,베이직 터틀넥 폴라 니트_블랙,0.0,0,25200,25200,25200,0,0,0.0,100.0,1,high,24.01,7,2,none,,59,https://www.musinsa.com/products/1223163
2026-09-01,모즈모즈,1354875,세로로고 오버핏 티셔츠_화이트,0.0,0,35900,35900,35900,0,0,0.0,100.0,1,high,24.09,5,2,none,,59,https://www.musinsa.com/products/1354875
2026-09-01,인사일런스,1385211,수피마 코튼 프리미엄 티셔츠 DARK GREY,0.0,0,29700,29700,29700,0,0,0.0,100.0,1,high,24.08,6,2,none,,59,https://www.musinsa.com/products/1385211
2026-09-01,코드그라피,1409467,크리스피 나일론 쇼츠_베이지,0.23,5564,23800,23800,23800,0,0,0.0,100.0,1,high,24.09,5,2,none,,59,https://www.musinsa.com/products/1409467
2026-09-01,낫포너드,1435323,Nylon Zipper Short - Yellow,0.0,0,24500,24500,24500,0,0,0.0,100.0,1,high,24.09,5,2,none,,59,https://www.musinsa.com/products/1435323
2026-09-01,아웃스탠딩,1547899,V.S.C HOOD SWEAT(MARYS)_3%MELANGE GRAY,1964.37,157346420,80100,80100,80100,0,0,0.0,100.0,1,high,24.01,24,12,none,,59,https://www.musinsa.com/products/1547899
2026-09-01,트립르센스,1596283,베이직 터틀넥 폴라 니트_라이트 블루,0.0,0,25200,25200,25200,0,0,0.0,100.0,1,high,24.01,7,2,none,,59,https://www.musinsa.com/products/1596283
2026-09-01,제멋,1604795,[2PACK] 리오 오버핏 벌룬 후드 7종 2Pack KJHD2304,0.0,0,63900,63900,63900,0,0,0.0,100.0,1,high,24.09,6,2,none,,59,https://www.musinsa.com/products/1604795
2026-09-01,어반드레스,1609659,스트로베리 오버핏 체크 셔츠,0.0,0,23000,23000,23000,0,0,0.0,100.0,1,high,24.09,6,2,none,,59,https://www.musinsa.com/products/1609659
2026-09-01,마인드브릿지,1685307,[3팩]고밀도순면기본반팔티셔츠  MATS0101,8.68,172679,19900,19900,19900,0,0,0.0,100.0,1,high,9.05,27,6,none,,59,https://www.musinsa.com/products/1685307
2026-09-01,에스피오나지,1790971,Oxford Over Shirt White,0.5,52101,104400,104400,104400,0,0,0.0,100.0,1,low,48.09,5,1,none,,59,https://www.musinsa.com/products/1790971
2026-09-01,메종미네드,1821755,[2STYLE] MIXED BOUCLE KNIT HALF SLEEVE BLACK,4.9,169010,34520,34520,34520,0,0,0.0,100.0,1,high,24.09,17,2,none,,59,https://www.musinsa.com/products/1821755
2026-09-01,제멋,1884475,스테이 오버핏 반팔티셔츠 블랙 SOST2339,0.0,0,24900,24900,24900,0,0,0.0,100.0,1,high,24.09,6,2,none,,59,https://www.musinsa.com/products/1884475
2026-09-01,토피,1885563,SL01 섬머 데님 와이드 팬츠 (BLEACH),0.14,4607,33500,33900,33500,1,400,1.19,100.0,1,medium,24.08,6,2,none,,59,https://www.musinsa.com/products/1885563
2026-09-01,메인부스,1915515,Univ. Symbol Neck Pillow(RED),0.0,0,17900,17900,17900,0,0,0.0,100.0,1,high,24.09,5,2,none,,59,https://www.musinsa.com/products/1915515
2026-09-01,굿라이프웍스,1920443,오버핏 시어서커 반팔셔츠 라이트블루,0.64,25427,39800,39800,39800,0,0,0.0,100.0,1,high,24.09,5,2,none,,59,https://www.musinsa.com/products/1920443
2026-09-01,엘무드,1930811,어워드 플리츠 와이드 슬랙스 차콜,0.0,0,31100,31100,31100,0,0,0.0,100.0,1,high,24.08,6,2,none,,59,https://www.musinsa.com/products/1930811
2026-09-01,에스피오나지,1935739,NAVAL Academy Heavyweight Tee Navy,0.03,835,32900,32900,32900,0,0,0.0,1.27,0,low,24.0,6,1,none,,59,https://www.musinsa.com/products/1935739
2026-09-01,제멋,2085371,[2PACK] 헤이즈 오버핏 스웨트셔츠 [쭈리/기모] 2PACK KJMT2369 / KJMT2400,0.0,0,55900,55900,55900,0,0,0.0,100.0,1,high,24.09,6,2,none,,59,https://www.musinsa.com/products/2085371
2026-09-01,가까이 유니언즈,2112059,[여름 or 기모 or 사계절 원단 선택] 원턱 와이드 스웨트팬츠 그레이,110.31,2625016,23796,23400,28600,1,-5200,-18.18,100.0,1,medium,4.22,48,13,none,,59,https://www.musinsa.com/products/2112059
2026-09-01,마인드브릿지,2143035,[ON]두굿_[웜]세미 와이드 밴딩 슬랙스 - 4color,0.89,33669,37910,37910,37910,0,0,0.0,100.0,1,high,24.09,5,2,none,,59,https://www.musinsa.com/products/2143035
2026-09-01,프렌다,2190395,WBT CREWNECK RAGLAN SWEATSHIRT BLACK,0.0,0,29000,29000,29000,0,0,0.0,100.0,1,low,24.09,6,2,none,,59,https://www.musinsa.com/products/2190395
2026-09-01,어반드레스,2217531,125CM 슈퍼 롱 오버핏 더블 코트,0.0,0,75200,75200,75200,0,0,0.0,100.0,1,high,24.09,6,2,none,,59,https://www.musinsa.com/products/2217531
2026-09-01,코드그라피,2283963,(우먼) CGP 아치 로고 트레이닝 팬츠_네이비,0.0,0,31850,31850,31850,0,0,0.0,100.0,1,high,24.09,5,2,none,,59,https://www.musinsa.com/products/2283963
2026-09-01,브라운브레스,2295291,COMBINE SLING BAG - BLACK,0.74,52333,71200,71200,71200,0,0,0.0,100.0,1,high,24.09,7,2,none,,59,https://www.musinsa.com/products/2295291
2026-09-01,테이크이지,2325627,케이블 스몰라쿠 베스트 가디건(블랙),0.39,11515,29500,29500,29500,0,0,0.0,100.0,1,high,24.08,6,2,none,,59,https://www.musinsa.com/products/2325627
2026-09-01,레더리,2325755,멀티 포쉐트 플랩 크로스백 [BLACK],2.66,91342,34280,39170,34280,1,4890,14.26,100.0,1,medium,24.09,10,2,none,,59,https://www.musinsa.com/products/2325755
2026-09-01,쿠어,2352379,크로셰 오픈 칼라 니트 (크림),0.0,0,104000,104000,104000,0,0,0.0,100.0,1,high,24.09,5,2,none,,59,https://www.musinsa.com/products/2352379
2026-09-01,마인드브릿지,2355131,두굿_루즈테이퍼드데님팬츠 MYDP0152,0.89,17676,19900,19900,19900,0,0,0.0,100.0,1,high,24.09,5,2,none,,59,https://www.musinsa.com/products/2355131
2026-09-01,노이어,2359419,린넨 투 턱 와이드 팬츠 (블랙),0.0,0,64500,64500,64500,0,0,0.0,100.0,1,high,24.09,6,2,none,,59,https://www.musinsa.com/products/2359419
2026-09-01,유라고,2360891,[화야 PICK] Mac half trench coat,0.53,74058,139080,139080,139080,0,0,0.0,100.0,1,high,24.0,11,5,none,,59,https://www.musinsa.com/products/2360891
2026-09-01,엑스트라오디너리,2373563,B.S.C LONG SLEEVE  BLACK,0.0,0,31500,31500,31500,0,0,0.0,100.0,1,high,24.09,5,2,none,,59,https://www.musinsa.com/products/2373563
2026-09-01,메인부스,2381627,Billys Cracker Sweatshirt(JET BLACK),0.0,0,48700,48700,48700,0,0,0.0,100.0,1,high,24.09,5,2,none,,59,https://www.musinsa.com/products/2381627
2026-09-01,프리즘웍스,2414203,NYLON CARGO BALLOON PANTS _ BEIGE,0.0,0,67500,67500,75000,1,-7500,-10.0,100.0,1,medium,24.09,6,2,none,,59,https://www.musinsa.com/products/2414203
2026-09-01,키뮤어,2441851,버뮤다 데님 하프 팬츠 2종,2.98,43808,14700,14700,14700,0,0,0.0,100.0,1,high,24.0,13,5,none,,59,https://www.musinsa.com/products/2441851
2026-09-01,엑스트라오디너리,2446971,B.S.C OVER FIT CREW,0.0,0,54500,54500,54500,0,0,0.0,100.0,1,high,24.09,5,2,none,,59,https://www.musinsa.com/products/2446971
2026-09-01,코드그라피,2449595,[2PACK](써머) 스웨트 트레이닝 에센셜 반바지_4COLOR,0.0,0,47530,47530,47530,0,0,0.0,100.0,1,high,24.09,5,2,none,,59,https://www.musinsa.com/products/2449595
2026-09-01,로제프란츠,2515323,GLOW FLOWER T-SHIRT [BLACK],0.0,0,20280,20280,17750,1,2530,14.25,100.0,1,medium,24.09,5,2,none,,59,https://www.musinsa.com/products/2515323
2026-09-01,밀로 아카이브,2538491,컴포트 엔진 셔츠 [그레이],0.0,0,38400,38400,64000,1,-25600,-40.0,100.0,1,medium,24.01,7,2,none,,59,https://www.musinsa.com/products/2538491
2026-09-01,론론,2538811,PUFF SLEEVE HALF T SHIRT PINK,0.0,0,35640,35640,24640,1,11000,44.64,100.0,1,medium,24.09,6,2,none,,59,https://www.musinsa.com/products/2538811
2026-09-01,시야쥬,2558715,SITP5063 U-neck T-shirt_Black,0.0,0,30780,30780,36000,1,-5220,-14.5,100.0,1,medium,24.08,6,2,none,,59,https://www.musinsa.com/products/2558715
2026-09-01,코드그라피,2567739,[레귤러 Ver.] 크리스피 나일론 쇼츠_그레이,0.0,0,23800,23800,23800,0,0,0.0,100.0,1,high,24.09,5,2,none,,59,https://www.musinsa.com/products/2567739
2026-09-01,더블유엠씨,2568315,컨셉 로고 티셔츠_BLACK,0.0,0,22050,22050,22050,0,0,0.0,100.0,1,high,24.01,7,2,none,,59,https://www.musinsa.com/products/2568315
2026-09-01,솔트앤초콜릿,2600571,스티치 쿠션 토 플립 슬리퍼 412123014 (1cm/3colors),0.0,0,37920,37920,47400,1,-9480,-20.0,100.0,1,medium,24.08,6,2,none,,59,https://www.musinsa.com/products/2600571
2026-09-01,솔트앤초콜릿,2611707,Y2K 스퀘어 토 에나멜 블록 힐 펌프스 412211011 (7cm/2colors),0.0,0,53400,53400,66750,1,-13350,-20.0,100.0,1,medium,24.08,6,2,none,,59,https://www.musinsa.com/products/2611707
2026-09-01,1993스튜디오,2660923,포텐셜 래글런 스웨트셔츠_그레이,0.0,0,34500,34500,34500,0,0,0.0,100.0,1,high,24.08,6,2,none,,59,https://www.musinsa.com/products/2660923
2026-09-01,필루미네이트,2697723,오버핏 블룸 스웨트 셔츠-블랙,0.0,0,25000,25000,25000,0,0,0.0,100.0,1,high,24.01,7,2,none,,59,https://www.musinsa.com/products/2697723
2026-09-01,트릴리온,2711163,옐로우 워싱 리버스 턱 데님 팬츠 (BLACK),0.33,9666,29700,29700,29700,0,0,0.0,100.0,1,high,24.09,8,2,none,,59,https://www.musinsa.com/products/2711163
2026-09-01,더블유엠씨,2719867,엠블럼 스웻후드_GREEN,0.0,0,35550,35550,35550,0,0,0.0,100.0,1,high,24.01,7,2,none,,59,https://www.musinsa.com/products/2719867
2026-09-01,아메스 월드와이드,2723323,SIGNATURE LOGO HOODIE GREEN (AM2CFUM401A),0.0,0,23700,23700,15800,1,7900,50.0,100.0,1,medium,24.09,5,2,none,,59,https://www.musinsa.com/products/2723323
2026-09-01,러브이즈트루,2723643,MZ LOW LISE PANTS(BEIGE),0.0,0,64400,64400,64400,0,0,0.0,100.0,1,high,24.01,7,2,none,,59,https://www.musinsa.com/products/2723643
2026-09-01,인사일런스 우먼,2725691,[CALIK] 로우 웨이스트 와이드 진 ASH GREY,0.01,1811,138700,138700,138700,0,0,0.0,100.0,1,high,24.09,6,2,none,,59,https://www.musinsa.com/products/2725691
2026-09-01,드로우핏,2738299,포멀릭 리브드 모크넥 티셔츠 [CREAM],0.0,0,22000,22000,22000,0,0,0.0,100.0,1,high,24.09,5,2,none,,59,https://www.musinsa.com/products/2738299
2026-09-01,모즈모즈,2742075,솔리드자수 투피스 풀 셋업 브라운,0.0,0,71200,71200,71200,0,0,0.0,100.0,1,high,24.09,5,2,none,,59,https://www.musinsa.com/products/2742075
2026-09-01,키르시,2744635,스몰 체크 크롭 자켓 [브라운],0.0,0,44700,44700,53700,1,-9000,-16.76,100.0,1,medium,24.08,6,2,none,,59,https://www.musinsa.com/products/2744635
2026-09-01,쿠어,2748155,오버핏 울 더스터 코트 (블랙),0.0,0,208000,208000,208000,0,0,0.0,100.0,1,high,24.09,5,2,none,,59,https://www.musinsa.com/products/2748155
2026-09-01,모즈모즈,2749179,헤비기모VER 원턱 스웨트 와이드 트레이닝 팬츠 블랙,0.0,0,56900,56900,56900,0,0,0.0,100.0,1,high,24.09,5,2,none,,59,https://www.musinsa.com/products/2749179
2026-09-01,어반드레스,2751739,Balloon Ribbed Cardigan BEIGE,0.0,0,27500,27500,27500,0,0,0.0,100.0,1,high,24.09,6,2,none,,59,https://www.musinsa.com/products/2751739
2026-09-01,제멋,2764283,[SET] 하비스트 기모 후드 셋업 5종 OYHD2393+OYLP2438,0.0,0,74900,74900,74900,0,0,0.0,100.0,1,high,24.09,6,2,none,,59,https://www.musinsa.com/products/2764283
2026-09-01,쿠어,2774651,탑필 캐시 울 카라 가디건 (딥퍼플),0.0,0,124000,124000,124000,0,0,0.0,100.0,1,high,24.09,5,2,none,,59,https://www.musinsa.com/products/2774651
2026-09-01,굿라이프웍스,2793275,카라 케이블 니트 집업 네이비,0.0,0,52360,52360,52360,0,0,0.0,100.0,1,high,24.09,5,2,none,,59,https://www.musinsa.com/products/2793275
2026-09-01,스컬프터,2796475,Blend Knit Maxi Dress Coral,0.0,0,89600,89600,89600,0,0,0.0,100.0,1,high,24.08,6,2,none,,59,https://www.musinsa.com/products/2796475
2026-09-01,스컬프터,2796539,POLARTEC® Fleece Beanie Green,0.0,0,29400,29400,29400,0,0,0.0,100.0,1,high,24.08,6,2,none,,59,https://www.musinsa.com/products/2796539
2026-09-01,아워데이즈,2801467,리버티 스트레이트 데님 팬츠 [5COLORS],0.23,11571,49600,49600,49600,0,0,0.0,100.0,1,low,28.82,10,2,none,,59,https://www.musinsa.com/products/2801467
2026-09-01,트립르센스,2819323,유니섹스 카펜터 컬러 데님 팬츠_PURPLE,0.0,0,42000,42000,42000,0,0,0.0,100.0,1,high,24.01,7,2,none,,59,https://www.musinsa.com/products/2819323
2026-09-01,굿라이프웍스,2827003,투웨이 헤비 골지 카라 니트 집업 아이보리,0.0,0,52500,52500,52500,0,0,0.0,100.0,1,high,24.09,5,2,none,,59,https://www.musinsa.com/products/2827003
2026-09-01,바우프,2879419,B LOGO 볼캡 [블랙],4.89,228430,46750,46750,46750,0,0,0.0,100.0,1,high,9.04,16,6,none,,59,https://www.musinsa.com/products/2879419
2026-09-01,필루미네이트,2913659,오버핏 그래피티 로고 후디-블랙,1.58,34677,21900,21900,21900,0,0,0.0,100.0,1,high,23.5,12,4,none,,59,https://www.musinsa.com/products/2913659
2026-09-01,에이이에이이,2929723,Daisy Knit Hoodie - [C. GREY],0.89,140534,158180,158180,158180,0,0,0.0,100.0,1,high,24.09,5,2,none,,59,https://www.musinsa.com/products/2929723
2026-09-01,솔트앤초콜릿,2930171,SAC 로고 베이직 셔츠 네이비 4W2237301,0.0,0,33410,33410,42700,1,-9290,-21.76,100.0,1,medium,24.08,6,2,none,,59,https://www.musinsa.com/products/2930171
2026-09-01,드헤베,2977467,에센셜 와펜 맨투맨 [WHITE MELANGE],0.0,0,52790,52790,52790,0,0,0.0,100.0,1,high,24.09,5,2,none,,59,https://www.musinsa.com/products/2977467
2026-09-01,코드그라피,3011387,코듀로이 잉크 심볼 바시티 자켓_네이비,0.0,0,90300,90300,90300,0,0,0.0,100.0,1,high,24.09,5,2,none,,59,https://www.musinsa.com/products/3011387
2026-09-01,수아레,3025211,에센셜 라운드 니트 가디건 - 8 COLOR,8.59,342675,39900,39900,39900,0,0,0.0,100.0,1,low,9.05,19,6,none,,59,https://www.musinsa.com/products/3025211
2026-09-01,세컨모놀로그,3028603,Heavyweight Cable Crew Neck Knit [J.GREEN]_COOSKT040J.GREEN,0.0,0,51600,51600,51600,0,0,0.0,100.0,1,high,24.08,6,2,none,,59,https://www.musinsa.com/products/3028603
2026-09-01,아메스 월드와이드,3032251,LEISURE TIME LOGO SWEATSHIRT GREY (AM2DSUM441A),0.89,11373,12800,19200,12800,1,6400,50.0,100.0,1,medium,24.09,5,2,none,,59,https://www.musinsa.com/products/3032251
2026-09-01,가까이 유니언즈,3043387,원턱 와이드 스웨트 조거팬츠 블랙,0.64,21038,32900,32900,32900,0,0,0.0,100.0,1,high,24.09,5,2,none,,59,https://www.musinsa.com/products/3043387
2026-09-01,디미트리블랙,3059707,사이드픽스 투턱 세미와이드 팬츠_베이지,0.0,0,40900,40900,46900,1,-6000,-12.79,100.0,1,medium,24.08,6,2,none,,59,https://www.musinsa.com/products/3059707
2026-09-01,아웃스탠딩,3060027,OFFICER CHINO PANTS_BLACK,1.91,186015,97200,97200,97200,0,0,0.0,100.0,1,high,24.01,12,6,none,,59,https://www.musinsa.com/products/3060027
2026-09-01,프리즘웍스,3067643,TWILL CARGO BALLOON PANTS _ BLACK,0.0,0,71100,71100,79000,1,-7900,-10.0,100.0,1,medium,24.09,6,2,none,,59,https://www.musinsa.com/products/3067643
2026-09-01,넌블랭크,3075963,크로셰 하프 슬리브 칼라 가디건_SKY BLUE,0.0,0,89520,89520,89520,0,0,0.0,100.0,1,high,24.01,7,2,none,,59,https://www.musinsa.com/products/3075963
2026-09-01,시눈,3083323,STRIPE COLOR BLOCK BEANIE (CHERRY),0.0,0,14190,14190,14190,0,0,0.0,100.0,1,high,24.09,5,2,none,,59,https://www.musinsa.com/products/3083323
2026-09-01,파르티멘토,3084475,데님 데미지 클래식 바이커 자켓 블루,0.0,0,60800,60800,54720,1,6080,11.11,100.0,1,medium,24.08,6,2,none,,59,https://www.musinsa.com/products/3084475
2026-09-01,넌블랭크,3087675,래글런 하프 슬리브 티셔츠_WHITE,0.0,0,55840,55840,55840,0,0,0.0,100.0,1,high,24.01,7,2,none,,59,https://www.musinsa.com/products/3087675
2026-09-01,더블유엠씨,3087739,플라워 스티치 스웻후드_LIGHT GREEN,0.0,0,31600,31600,31600,0,0,0.0,100.0,1,high,24.01,7,2,none,,59,https://www.musinsa.com/products/3087739
2026-09-01,더블유엠씨,3087995,딥 플리츠 치노팬츠_CHARCOAL GREY,0.0,0,43600,43600,43600,0,0,0.0,100.0,1,high,24.01,7,2,none,,59,https://www.musinsa.com/products/3087995
2026-09-01,인사일런스,3088315,린넨 코튼 니트 후디 DUSTY GREEN,0.0,0,93000,93000,77500,1,15500,20.0,100.0,1,medium,24.08,6,2,none,,59,https://www.musinsa.com/products/3088315
2026-09-01,링서울,3091131,three button short jacket-gray,0.0,0,144590,144590,112460,1,32130,28.57,100.0,1,medium,24.01,7,2,none,,59,https://www.musinsa.com/products/3091131
2026-09-01,아틀리에 나인,3100859,다잉 셋업 크롭 컬러 데님 자켓(JK-2801),0.0,0,95920,95920,105730,1,-9810,-9.28,100.0,1,medium,24.09,5,2,none,,59,https://www.musinsa.com/products/3100859
2026-09-01,어반드레스,3109051,emma short sleeve tweed jacket - 2COL,0.04,737,18370,18370,18370,0,0,0.0,62.47,0,low,24.0,8,4,none,,59,https://www.musinsa.com/products/3109051
2026-09-01,아틀리에 나인,3113531,무드 셋업 스트랩 크롭 자켓(JK-2830),0.0,0,131120,131120,144530,1,-13410,-9.28,100.0,1,medium,24.09,5,2,none,,59,https://www.musinsa.com/products/3113531
2026-09-01,스컬프터,3118971,Defiance Tee White,0.0,0,29400,29400,29400,0,0,0.0,100.0,1,high,24.08,6,2,none,,59,https://www.musinsa.com/products/3118971
2026-09-01,와이케이,3121339,빅 돌핀 로고 스트라이프 크루넥 니트 옐로우,0.0,0,51350,51350,51350,0,0,0.0,100.0,1,high,24.01,7,2,none,,59,https://www.musinsa.com/products/3121339
2026-09-01,프리즘웍스,3124283,STRIPE OVERSIZED RELAX TEE 002 _ IVORY,0.0,0,29000,29000,29000,0,0,0.0,100.0,1,high,24.09,6,2,none,,59,https://www.musinsa.com/products/3124283
2026-09-01,파르티멘토 우먼,3138107,퍼프 슬리브 맥시 드레스_브라운,0.0,0,72090,72090,56070,1,16020,28.57,100.0,1,medium,24.09,5,2,none,,59,https://www.musinsa.com/products/3138107
2026-09-01,나인제트,3139835,코튼 원턱 버뮤다 팬츠 25SPT03,0.0,0,49000,49000,49000,0,0,0.0,100.0,1,high,24.09,5,2,none,,59,https://www.musinsa.com/products/3139835
2026-09-01,커버낫,3153211,코튼 후디 자켓 라이트 그레이,0.0,0,74500,74500,74500,0,0,0.0,100.0,1,high,24.08,6,2,none,,59,https://www.musinsa.com/products/3153211
2026-09-01,프렌다,3166075,DISTORTED PRINT DENIM SHORTS BLUE,0.0,0,39500,39500,39500,0,0,0.0,100.0,1,high,24.09,7,2,none,,59,https://www.musinsa.com/products/3166075
2026-09-01,고스트리퍼블릭,3169979,GRBC 스몰 시그니처 오버핏 반팔티 GT-337,9.57,117725,12300,12300,12300,0,0,0.0,100.0,1,high,24.09,15,2,none,,59,https://www.musinsa.com/products/3169979
2026-09-01,어반드레스,3173755,Straight Span Denim Pants - 2COL,0.0,0,27770,27770,27770,0,0,0.0,100.0,1,high,24.09,6,2,none,,59,https://www.musinsa.com/products/3173755
2026-09-01,드로우핏,3175675,[오정규X드로우핏] 린넨 원턱 와이드 밴딩 팬츠 [5COLORS],0.0,0,39600,39600,39600,0,0,0.0,100.0,1,high,24.09,5,2,none,,59,https://www.musinsa.com/products/3175675
2026-09-01,트래블,3182395,스피디 로고 반팔티 블랙,0.0,0,25900,25900,25900,0,0,0.0,100.0,1,high,24.09,7,2,none,,59,https://www.musinsa.com/products/3182395
2026-09-01,에이이에이이,3185979,WEB LOGO 5 PANNEL BALL CAP - [GREEN],0.0,0,41900,41900,41900,0,0,0.0,100.0,1,high,24.09,5,2,none,,59,https://www.musinsa.com/products/3185979
2026-09-01,1993스튜디오,3188283,어센틱 아치 로고 티셔츠_화이트,0.0,0,35100,35100,35100,0,0,0.0,100.0,1,high,24.08,6,2,none,,59,https://www.musinsa.com/products/3188283
2026-09-01,커버낫,3195323,브이넥 니트 베스트 그린,0.0,0,31600,31600,31600,0,0,0.0,100.0,1,high,24.08,6,2,none,,59,https://www.musinsa.com/products/3195323
2026-09-01,어반드레스,3224187,Ava line shirt - 4COL,0.0,0,29900,29900,29900,0,0,0.0,100.0,1,high,24.09,6,2,none,,59,https://www.musinsa.com/products/3224187
2026-09-01,제멋,3226683,보이클럽 오버핏 반팔티셔츠 4종 올리브 SOST2481,0.0,0,27900,27900,27900,0,0,0.0,100.0,1,high,24.09,6,2,none,,59,https://www.musinsa.com/products/3226683
2026-09-01,꼼파뇨,3229243,Wild Cat 자수 반팔티 화이트,0.89,24448,27510,27510,27510,0,0,0.0,100.0,1,high,24.09,5,2,none,,59,https://www.musinsa.com/products/3229243
2026-09-01,커스텀어클락,3254011,[2PACK] 쿨 린넨라이크 숏 슬리브 니트 COOSKT009KT010,0.61,10277,16920,16920,19900,1,-2980,-14.97,100.0,1,low,48.09,5,2,none,,59,https://www.musinsa.com/products/3254011
2026-09-01,드로우핏,3255739,케이블 반팔 라운드 니트 [OLIVE],0.0,0,39600,39600,39600,0,0,0.0,100.0,1,high,24.09,5,2,none,,59,https://www.musinsa.com/products/3255739
2026-09-01,제멋,3257723,링크 투턱 카고 숏팬츠 5종 다크그레이 KJSP2484,0.0,0,28900,28900,28900,0,0,0.0,100.0,1,high,24.09,6,2,none,,59,https://www.musinsa.com/products/3257723
2026-09-01,아워데이즈,3260027,쿨 썸머 린넨 버뮤다 하프 데님 팬츠 [GRAYISH BLACK],0.0,0,44800,44800,44800,0,0,0.0,100.0,1,high,24.09,5,2,none,,59,https://www.musinsa.com/products/3260027
2026-09-01,아워데이즈,3260091,쿨 린넨 라이크 스트레이트 데님 [LIGHT BLUE],1.53,75843,49600,49600,49600,0,0,0.0,100.0,1,high,24.09,5,2,none,,59,https://www.musinsa.com/products/3260091
2026-09-01,제멋,3262331,워시드 와이드 벌룬 밴딩팬츠 7종 카키 OYLP2496,0.0,0,37900,37900,37900,0,0,0.0,100.0,1,high,24.09,6,2,none,,59,https://www.musinsa.com/products/3262331
2026-09-01,알리스,3263675,에센셜 하프 집업 스트링 반팔 셔츠 [블랙],0.0,0,58800,58800,58800,0,0,0.0,100.0,1,high,24.09,5,2,none,,59,https://www.musinsa.com/products/3263675
2026-09-01,후러브스아트,3267771,유니섹스 에센셜 와이드 밴딩 슬랙스 라이트 그레이,0.0,0,19900,19900,19900,0,0,0.0,100.0,1,high,24.01,7,2,none,,59,https://www.musinsa.com/products/3267771
2026-09-01,웬즈데이오아시스,3268283,스톤카고포켓밴딩쇼츠(4col),3.04,93558,30800,30800,30800,0,0,0.0,100.0,1,high,24.09,17,4,none,,59,https://www.musinsa.com/products/3268283
2026-09-01,프리즘웍스,3285947,NYLON RIPSTOP PARACHUTE PANTS _ SAGE GREEN,0.0,0,44500,44500,44500,0,0,0.0,100.0,1,high,24.09,6,2,none,,59,https://www.musinsa.com/products/3285947
2026-09-01,론론,3289339,DOUBLE RIBBON SLIM CROP T SHIRT WHITE PINK,1.01,44740,44298,44550,35200,1,9350,26.56,100.0,1,medium,24.09,6,2,none,1,59,https://www.musinsa.com/products/3289339
2026-09-01,아캄,3297787,Distressed Denim Pants (Sand Blue),0.0,0,118300,118300,118300,0,0,0.0,100.0,1,high,24.09,5,2,none,,59,https://www.musinsa.com/products/3297787
2026-09-01,론론,3299451,RIBBON POINT SOCKS WHITE,0.0,0,15390,15390,17100,1,-1710,-10.0,100.0,1,medium,24.09,6,2,none,,59,https://www.musinsa.com/products/3299451
2026-09-01,아틀리에 나인,3302523,스트레치 슬림 스트레이트 팬츠(PT-5416),0.0,0,34500,34500,34500,0,0,0.0,100.0,1,high,24.09,5,2,none,,59,https://www.musinsa.com/products/3302523
2026-09-01,러브이즈트루,3306043,PY LUV TEE(BLACK),0.0,0,31420,31420,31420,0,0,0.0,100.0,1,high,24.01,7,2,none,,59,https://www.musinsa.com/products/3306043
2026-09-01,썸웨어버터,3326267,demi baguette bag - butter cream,0.0,0,87200,87200,87200,0,0,0.0,100.0,1,high,24.01,7,2,none,,59,https://www.musinsa.com/products/3326267
2026-09-01,썸웨어버터,3328315,mini baguette bag - black,0.0,0,68400,68400,68400,0,0,0.0,100.0,1,high,24.01,7,2,none,,59,https://www.musinsa.com/products/3328315
2026-09-01,제멋,3348283,샌디 와이드 워크팬츠 6종 베이지 SOLP2517,0.0,0,41900,41900,41900,0,0,0.0,100.0,1,high,24.09,6,2,none,,59,https://www.musinsa.com/products/3348283
2026-09-01,꼼파뇨,3393467,버뮤다 쓰리턱 벌룬 스웨트팬츠 블랙,0.0,0,32460,32460,32460,0,0,0.0,100.0,1,high,24.09,5,2,none,,59,https://www.musinsa.com/products/3393467
2026-09-01,글로니,3393595,EVERYDAY G SOCKS 2.0 (GRAY),0.0,0,12150,12150,12150,0,0,0.0,100.0,1,high,24.09,6,2,none,,59,https://www.musinsa.com/products/3393595
2026-09-01,엘무드,3406203,오디너리 크롭 가디건 ( 3 COLOR ),0.39,21106,53940,85410,53940,1,31470,58.34,39.27,0,low,24.08,6,1,none,,59,https://www.musinsa.com/products/3406203
2026-09-01,키뮤어,3434427,그리너리 러그_옐로우,0.0,0,37800,37800,37800,0,0,0.0,100.0,1,high,24.09,6,2,none,,59,https://www.musinsa.com/products/3434427
2026-09-01,제너럴아이디어,3434619,GNRL 에센셜 가디건 [BLACK] / WBD3L04503,5.2,161794,31124,30800,33240,1,-2440,-7.34,100.0,1,medium,24.01,20,6,none,,59,https://www.musinsa.com/products/3434619
2026-09-01,레더리,3435323,코듀로이 바시티 테디 자켓 [BLACK],0.0,0,54720,54720,54720,0,0,0.0,100.0,1,high,24.09,5,2,none,,59,https://www.musinsa.com/products/3435323
2026-09-01,아틀리에 나인,3436539,유틸리티 웨이스트 셔츠 원피스(OP-6090),0.0,0,134100,134100,134100,0,0,0.0,100.0,1,high,24.09,5,2,none,,59,https://www.musinsa.com/products/3436539
2026-09-01,미나브,3436667,와이드 코팅 바이커 데님팬츠 [블랙],0.0,0,53100,53100,47150,1,5950,12.62,100.0,1,medium,24.09,7,2,none,,59,https://www.musinsa.com/products/3436667
2026-09-01,미나브,3436795,스톤워싱 데님 셔츠 자켓 [러스티블루],0.0,0,44100,44100,79200,1,-35100,-44.32,100.0,1,medium,24.09,7,2,none,,59,https://www.musinsa.com/products/3436795
2026-09-01,코드그라피,3438715,CGP 아치 로고 맨투맨_인디핑크,0.0,0,41300,41300,41300,0,0,0.0,100.0,1,high,24.09,5,2,none,,59,https://www.musinsa.com/products/3438715
2026-09-01,커스텀어클락,3440443,[2PACK](기모)프렌치메리골드 스웻셔츠 후드 SET 20 COLOR,0.0,0,59000,59000,59000,0,0,0.0,100.0,1,high,24.08,6,2,none,,59,https://www.musinsa.com/products/3440443
2026-09-01,더뮤지엄비지터,3461627,FOREVER ART PRINTED CURVED ZIPPER WINDBREAKER (ORANGE),0.0,0,138400,138400,138400,0,0,0.0,100.0,1,high,24.08,6,2,none,,59,https://www.musinsa.com/products/3461627
2026-09-01,인사일런스 우먼,3466107,나일론 유틸리티 팬츠 LIGHT GREY,0.0,0,104300,104300,104300,0,0,0.0,100.0,1,high,24.09,6,2,none,,59,https://www.musinsa.com/products/3466107
2026-09-01,에이지오디,3467067,와이드 데님 팬츠 [생지],0.73,18573,25280,25280,29540,1,-4260,-14.42,100.0,1,medium,24.09,7,2,none,,59,https://www.musinsa.com/products/3467067
2026-09-01,커버낫,3469435,C 로고 하프 집업 맨투맨 블루,0.0,0,55300,55300,55300,0,0,0.0,100.0,1,high,24.08,6,2,none,,59,https://www.musinsa.com/products/3469435
2026-09-01,러브이즈트루,3469563,CH LAZY ZIP UP(BLACK),0.0,0,53300,53300,53300,0,0,0.0,100.0,1,high,24.01,7,2,none,,59,https://www.musinsa.com/products/3469563
2026-09-01,가까이 유니언즈,3479867,미스처버스 투웨이 후드집업 블랙,0.0,0,47990,47990,47990,0,0,0.0,100.0,1,high,24.09,5,2,none,,59,https://www.musinsa.com/products/3479867
2026-09-01,로템버,3484731,헤링본 트윌 하이넥 자켓 [BLACK],0.0,0,162450,162450,162450,0,0,0.0,100.0,1,high,24.09,7,2,none,,59,https://www.musinsa.com/products/3484731
2026-09-01,드로우핏 우먼,3485947,버튼 트위드 자켓 [BUTTER],0.0,0,149600,149600,149600,0,0,0.0,100.0,1,high,24.09,7,2,none,,59,https://www.musinsa.com/products/3485947
2026-09-01,스컬프터,3488123,Flight Pants Sage,0.0,0,117040,117040,146300,1,-29260,-20.0,100.0,1,medium,24.08,6,2,none,,59,https://www.musinsa.com/products/3488123
2026-09-01,드로우핏,3489531,유주얼 세미 와이드 데님 팬츠 [BLACK],4.82,286408,59400,59400,59400,0,0,0.0,100.0,1,high,9.04,19,6,none,,59,https://www.musinsa.com/products/3489531
2026-09-01,파브레가,3492411,스모키 사이드 패널 데님 팬츠,0.0,0,97200,97200,97200,0,0,0.0,100.0,1,high,24.09,5,2,none,,59,https://www.musinsa.com/products/3492411
2026-09-01,데케트,3495035,Mid Rise Wide Jeans DCPT027YLBlack,0.32,14028,43400,43400,43400,0,0,0.0,100.0,1,high,24.09,8,2,none,,59,https://www.musinsa.com/products/3495035
2026-09-01,와이케이,3505915,컬러블록 89 로고 후드티셔츠 네이비,0.0,0,59250,59250,59250,0,0,0.0,100.0,1,high,24.01,7,2,none,,59,https://www.musinsa.com/products/3505915
2026-09-01,어나더 오피스,3510971,[AW] Santiago Slacks (Black),0.5,86836,174000,174000,174000,0,0,0.0,100.0,1,low,48.09,7,1,none,,59,https://www.musinsa.com/products/3510971
2026-09-01,어반드레스,3511035,Titi Cable Knit Cardigan - 7COL,0.0,0,26000,26000,26000,0,0,0.0,100.0,1,high,24.09,6,2,none,,59,https://www.musinsa.com/products/3511035
2026-09-01,브라운야드,3511739,"W 스쿱넥 롱 슬리브, 베이지",0.0,0,41300,41300,41300,0,0,0.0,100.0,1,high,24.01,7,2,none,,59,https://www.musinsa.com/products/3511739
2026-09-01,르바,3512827,Multi-Boucle V-Neck Knit - Charcoal,0.0,0,125100,125100,125100,0,0,0.0,100.0,1,high,24.09,5,2,none,,59,https://www.musinsa.com/products/3512827
2026-09-01,몰든,3514363,퍼포먼스 소프트 레깅스,0.0,0,31600,31600,39500,1,-7900,-20.0,100.0,1,medium,24.09,7,2,none,,59,https://www.musinsa.com/products/3514363
2026-09-01,락피쉬웨더웨어,3527931,PUFF LEG WARMER - 5color,0.0,0,37800,37800,37800,0,0,0.0,100.0,1,high,24.09,5,2,none,,59,https://www.musinsa.com/products/3527931
2026-09-01,코드그라피,3540667,레이싱 배색 나일론 점퍼_퍼플,0.0,0,90300,90300,90300,0,0,0.0,100.0,1,high,24.09,5,2,none,,59,https://www.musinsa.com/products/3540667
2026-09-01,더뮤지엄비지터,3544315,CUBIC LOGO STITCHED ESSENTIAL HOODY (GREY),0.0,0,69600,69600,69600,0,0,0.0,100.0,1,high,24.08,6,2,none,,59,https://www.musinsa.com/products/3544315
2026-09-01,링서울,3546363,handmade cashmere coat-brown,0.0,0,256770,256770,199710,1,57060,28.57,100.0,1,medium,24.01,7,2,none,,59,https://www.musinsa.com/products/3546363
2026-09-01,쿠어,3553915,카센티노 링클 봄버 점퍼 (블랙),0.0,0,244000,244000,244000,0,0,0.0,100.0,1,high,24.09,5,2,none,,59,https://www.musinsa.com/products/3553915
2026-09-01,더니트컴퍼니,3556539,브러쉬 워시드 패널 데님 팬츠 [미드블루],0.0,0,53600,53600,53600,0,0,0.0,100.0,1,high,24.09,5,2,none,,59,https://www.musinsa.com/products/3556539
2026-09-01,엑스트라오디너리,3560443,ACID WASHED POCKET SHIRT BEIGE,0.0,0,89500,89500,89500,0,0,0.0,100.0,1,high,24.09,5,2,none,,59,https://www.musinsa.com/products/3560443
2026-09-01,어반드레스,3575483,Simon Side-color Pants BLACK,0.0,0,42750,42750,42750,0,0,0.0,100.0,1,high,24.09,6,2,none,,59,https://www.musinsa.com/products/3575483
2026-09-01,더바이닐하우스,3585147,LIFE IS HARD FULL ZIP SWEATSHIRT BLUE (VH2DFUM482A),0.0,0,74500,74500,74500,0,0,0.0,100.0,1,high,24.08,6,2,none,,59,https://www.musinsa.com/products/3585147
2026-09-01,알리스,3591547,나일론 오블리크 호보 크로스백 [블랙],1.35,71030,52670,52670,52670,0,0,0.0,100.0,1,high,24.0,9,6,none,,59,https://www.musinsa.com/products/3591547
2026-09-01,어반드레스,3599355,Isabel Layered Knit IVORY,0.0,0,29000,29000,29000,0,0,0.0,100.0,1,high,24.09,6,2,none,,59,https://www.musinsa.com/products/3599355
2026-09-01,어반드레스,3599483,Jaya Crop Jacket CHARCOAL,0.0,0,63000,63000,63000,0,0,0.0,100.0,1,high,24.09,6,2,none,,59,https://www.musinsa.com/products/3599483
2026-09-01,론론,3600315,ALPACA CAT KEYRING PINK,0.0,0,36960,36960,36960,0,0,0.0,100.0,1,high,24.09,6,2,none,,59,https://www.musinsa.com/products/3600315
2026-09-01,시눈,3603387,PINTUCK RIBBON BLOUSE (BLACK),0.0,0,62040,62040,62040,0,0,0.0,100.0,1,high,24.09,5,2,none,,59,https://www.musinsa.com/products/3603387
2026-09-01,어반드레스,3612155,Siberia Duck Shiny Crop Padding BLUE,0.0,0,94000,94000,94000,0,0,0.0,100.0,1,high,24.09,6,2,none,,59,https://www.musinsa.com/products/3612155
2026-09-01,프렌다,3614203,COLOR WASH POCKET DENIM SKIRT  DARK BROWN,0.0,0,54500,54500,54500,0,0,0.0,100.0,1,high,24.09,7,2,none,,59,https://www.musinsa.com/products/3614203
2026-09-01,유라고,3624443,Jacquard hoodie cardigan,1.0,87199,87400,87400,87400,0,0,0.0,100.0,1,high,24.09,5,2,none,,59,https://www.musinsa.com/products/3624443
2026-09-01,트릴리온,3637243,울 엘보우 패치 2WAY 해링턴 자켓 (BLACK),0.0,0,87000,87000,87000,0,0,0.0,100.0,1,high,24.09,5,2,none,,59,https://www.musinsa.com/products/3637243
2026-09-01,더바이닐하우스,3637755,MOHAIR STRIPED SCARF GREEN (VH2DFUAB70A),0.0,0,45150,45150,64500,1,-19350,-30.0,100.0,1,medium,24.08,6,2,none,,59,https://www.musinsa.com/products/3637755
2026-09-01,트리밍버드,3639547,2-way Strap Knit [ Black ],0.0,0,159000,159000,159000,0,0,0.0,100.0,1,high,24.09,6,2,none,,59,https://www.musinsa.com/products/3639547
2026-09-01,트릴리온,3640763,빈티지 워싱 오버핏 데님 셔츠 (DEEP BLUE),0.0,0,27990,27990,27990,0,0,0.0,100.0,1,high,24.09,5,2,none,,59,https://www.musinsa.com/products/3640763
2026-09-01,테이크이지,3647611,피더 루즈 크루넥 니트 - 3 COLOR,0.0,0,39500,39500,39500,0,0,0.0,100.0,1,high,24.08,6,2,none,,59,https://www.musinsa.com/products/3647611
2026-09-01,아틀리에 나인,3648443,셀리나 헤비 코튼 기모 팬츠(PT-5470),0.0,0,71100,71100,71100,0,0,0.0,100.0,1,high,24.09,5,2,none,,59,https://www.musinsa.com/products/3648443
2026-09-01,플랙,3661819,코듀로이 셔켓 L90 린스드 차콜,0.0,0,79000,79000,79000,0,0,0.0,100.0,1,high,24.08,6,2,none,,59,https://www.musinsa.com/products/3661819
2026-09-01,파브레가,3664059,빈티지 스크레치 크롭 무스탕 (다크 브라운),0.0,0,239400,239400,239400,0,0,0.0,100.0,1,high,24.09,5,2,none,,59,https://www.musinsa.com/products/3664059
2026-09-01,어반드레스,3667835,[SET] Modern Single Blazer & Onetuck Wide Slacks - 4COL,0.0,0,147750,147750,147750,0,0,0.0,100.0,1,high,24.09,6,2,none,,59,https://www.musinsa.com/products/3667835
2026-09-01,브라운야드,3680571,"23FW 밀리터리 필드 팬츠, 블랙",0.0,0,152600,152600,152600,0,0,0.0,100.0,1,high,24.01,7,2,none,,59,https://www.musinsa.com/products/3680571
2026-09-01,브라운야드,3680955,"23FW 퍼티그 팬츠, 올리브",0.0,0,131600,131600,131600,0,0,0.0,100.0,1,high,24.01,7,2,none,,59,https://www.musinsa.com/products/3680955
2026-09-01,꼼파뇨,3697531,[2-WAY] CP STAR 피그먼트 후드 집업 스모크블랙,0.0,0,50610,50610,50610,0,0,0.0,100.0,1,high,24.09,5,2,none,,59,https://www.musinsa.com/products/3697531
2026-09-01,제멋,3711803,아크 롤링 오버핏 기모 후드 5종 브라운 SOHD2469,0.0,0,43900,43900,43900,0,0,0.0,100.0,1,high,24.09,6,2,none,,59,https://www.musinsa.com/products/3711803
2026-09-01,어나더 오피스,3715707,Fisherman cable Knit (Heather Gray),0.0,0,118400,118400,118400,0,0,0.0,100.0,1,high,24.09,6,2,none,,59,https://www.musinsa.com/products/3715707
2026-09-01,유라고,3720635,Mont banding wide pants,0.0,0,63080,63080,63080,0,0,0.0,100.0,1,high,24.09,5,2,none,,59,https://www.musinsa.com/products/3720635
2026-09-01,유니온블루,3726843,LAUNDRY SHIRT (KHAKI GRAY),1.86,94396,50875,50220,59000,1,-8780,-14.88,100.0,1,medium,24.08,6,2,none,,59,https://www.musinsa.com/products/3726843
2026-09-01,배드블러드,3734843,Pure 레이스 트림 조거 - 블랙,1.04,120376,115377,116100,98690,1,17410,17.64,100.0,1,medium,24.0,9,5,none,,59,https://www.musinsa.com/products/3734843
2026-09-01,와이케이,3736891,산타와 말티즈 슬레이 맨투맨 멜란지화이트,0.0,0,46800,46800,46800,0,0,0.0,100.0,1,high,24.01,7,2,none,,59,https://www.musinsa.com/products/3736891
2026-09-01,제멋,3738875,아웃라인 오버핏 기모 후드 5종 네이비 OYHD2537,0.0,0,42900,42900,42900,0,0,0.0,100.0,1,high,24.09,6,2,none,,59,https://www.musinsa.com/products/3738875
2026-09-01,로제프란츠,3752571,Wide Long Muffler [Black],0.0,0,26880,26880,23520,1,3360,14.29,100.0,1,medium,24.09,5,2,none,,59,https://www.musinsa.com/products/3752571
2026-09-01,비터셀즈,3767483,릴리 오버핏 셔츠-화이트,1.24,46922,37800,43200,37800,1,5400,14.29,100.0,1,medium,24.0,9,6,none,,59,https://www.musinsa.com/products/3767483
2026-09-01,커버낫,3773883,데미지 하프 집업 맨투맨 오트밀,0.0,0,49500,49500,49500,0,0,0.0,100.0,1,high,24.08,6,2,none,,59,https://www.musinsa.com/products/3773883
2026-09-01,드로우핏 우먼,3783611,칼프 리본 세미부츠컷 진 [LIGHT BLUE],0.0,0,64800,64800,64800,0,0,0.0,100.0,1,high,24.09,7,2,none,,59,https://www.musinsa.com/products/3783611
2026-09-01,코드그라피,3788603,스포티 오버핏 레이싱 후디_블루,0.0,0,55300,55300,55300,0,0,0.0,100.0,1,high,24.09,5,2,none,,59,https://www.musinsa.com/products/3788603
2026-09-01,코드그라피,3790779,UTILITY FUNCTION 오버핏 맨투맨_그린,0.0,0,41300,41300,41300,0,0,0.0,100.0,1,high,24.09,5,2,none,,59,https://www.musinsa.com/products/3790779
2026-09-01,니티드,3797819,그래픽 롱 슬리브 티셔츠 WHITE,0.0,0,25020,25020,25020,0,0,0.0,100.0,1,high,24.09,5,2,none,,59,https://www.musinsa.com/products/3797819
2026-09-01,커버낫,3801019,라이트 어센틱 볼캡 블랙,0.61,11823,19500,19500,19500,0,0,0.0,100.0,1,high,24.08,6,2,none,,59,https://www.musinsa.com/products/3801019
2026-09-01,커버낫,3801211,플로우 로고 후디 네이비,0.61,29708,49000,49000,49000,0,0,0.0,100.0,1,high,24.08,6,2,none,,59,https://www.musinsa.com/products/3801211
2026-09-01,스컬프터,3801531,Word Of Wisdom Sweatshirt Dusty Lemon,0.0,0,41440,41440,51800,1,-10360,-20.0,100.0,1,medium,24.08,6,2,none,,59,https://www.musinsa.com/products/3801531
2026-09-01,코드그라피,3804283,(우먼) 크롭 배색 카라 집업_인디핑크,0.0,0,31600,31600,31600,0,0,0.0,100.0,1,high,24.09,5,2,none,,59,https://www.musinsa.com/products/3804283
2026-09-01,로템버,3807867,프렌치 옴브레 체크 셔츠 [RED],0.0,0,44160,44160,59000,1,-14840,-25.15,100.0,1,medium,24.09,7,2,none,,59,https://www.musinsa.com/products/3807867
2026-09-01,세터,3816379,에트나 라운지 스트레이트 스웨트팬츠 클래식 블랙,0.0,0,139000,139000,139000,0,0,0.0,100.0,1,high,24.09,5,2,none,,59,https://www.musinsa.com/products/3816379
2026-09-01,노매뉴얼,3816571,NYLON FLIGHT JACKET - SAND KHAKI,0.0,0,107400,107400,107400,0,0,0.0,100.0,1,high,24.09,5,2,none,,59,https://www.musinsa.com/products/3816571
2026-09-01,필루미네이트,3816827,레이싱 스피릿 래글런 후디-네이비,0.0,0,35000,35000,35000,0,0,0.0,100.0,1,high,24.01,7,2,none,,59,https://www.musinsa.com/products/3816827
2026-09-01,필루미네이트,3816955,스포츠 블럭 롱 슬리브-오렌지,0.0,0,23000,23000,23000,0,0,0.0,100.0,1,high,24.01,7,2,none,,59,https://www.musinsa.com/products/3816955
2026-09-01,플랙,3825339,빈티지 플레어 데님팬츠 K07 미드블루,0.0,0,89000,89000,89000,0,0,0.0,100.0,1,high,24.08,6,2,none,,59,https://www.musinsa.com/products/3825339
2026-09-01,시눈,3828987,FLOWER PATTERN SLEEVELESS (BLACK),0.0,0,46480,46480,46480,0,0,0.0,100.0,1,high,24.09,5,2,none,,59,https://www.musinsa.com/products/3828987
2026-09-01,미나브,3830395,버티컬 데님 초어 자켓 [그라파이트],0.0,0,79200,79200,103200,1,-24000,-23.26,100.0,1,medium,24.09,7,2,none,,59,https://www.musinsa.com/products/3830395
2026-09-01,아이돈워너셀,3830459,Swift Symbol Patch Key Ring,0.0,0,31200,31200,31200,0,0,0.0,100.0,1,high,24.08,6,2,none,,59,https://www.musinsa.com/products/3830459
2026-09-01,데꼬로소,3830715,테일러 오버핏 와이드 셋업 자켓 [차콜],0.0,0,149500,149500,149500,0,0,0.0,100.0,1,high,24.01,7,2,none,,59,https://www.musinsa.com/products/3830715
2026-09-01,키르시,3833851,위티버니 럭비 플레이어 그래픽 맨투맨 [화이트],0.0,0,39500,39500,39500,0,0,0.0,100.0,1,high,24.08,6,2,none,,59,https://www.musinsa.com/products/3833851
2026-09-01,본투윈,3837243,B SYMBOL BIG LOGO BALL CAP [CAMO],9.04,406812,45000,45000,45000,0,0,0.0,100.0,1,high,24.01,24,6,none,,59,https://www.musinsa.com/products/3837243
2026-09-01,노이어,3838651,헤비 코튼 오버핏 티셔츠 (카키),0.0,0,27000,27000,35100,1,-8100,-23.08,100.0,1,medium,24.09,6,2,none,,59,https://www.musinsa.com/products/3838651
2026-09-01,유니폼브릿지,3840763,552nd sqdn. sweatshirt 8% melange,0.0,0,25510,25510,25510,0,0,0.0,100.0,1,high,24.08,6,2,none,,59,https://www.musinsa.com/products/3840763
2026-09-01,낫포너드,3840891,TR 3 Tuck Balloon Pants - Black,0.23,10745,46350,46350,46350,0,0,0.0,100.0,1,high,24.09,5,2,none,,59,https://www.musinsa.com/products/3840891
2026-09-01,로제프란츠,3843515,Tweed Wool Jacket [Charcoal],0.0,0,91200,91200,79800,1,11400,14.29,100.0,1,medium,24.09,5,2,none,,59,https://www.musinsa.com/products/3843515
2026-09-01,와이케이,3846459,2-WAY 롤업 마린 버킷햇 화이트,0.0,0,23600,23600,23600,0,0,0.0,100.0,1,high,24.01,7,2,none,,59,https://www.musinsa.com/products/3846459
2026-09-01,엑스트라오디너리,3851323,WOMEN SHIWA WASHING DENIM PANTS  L/BLUE,0.0,0,81950,81950,81950,0,0,0.0,100.0,1,high,24.09,5,2,none,,59,https://www.musinsa.com/products/3851323
2026-09-01,로제프란츠,3851771,Camelia bolero set [Black],0.0,0,34720,34720,30380,1,4340,14.29,100.0,1,medium,24.09,5,2,none,,59,https://www.musinsa.com/products/3851771
2026-09-01,나이스고스트클럽,3857595,FFATS POPLIN SHIRT_BLUE(NG2ESUW300A),0.0,0,69660,69660,54180,1,15480,28.57,100.0,1,medium,24.01,7,2,none,,59,https://www.musinsa.com/products/3857595
2026-09-01,카네이테이,3861051,AIRPODS CASE (BLACK) / UPCYCLED,0.0,0,29000,29000,29990,1,-990,-3.3,100.0,1,medium,24.08,6,2,none,,59,https://www.musinsa.com/products/3861051
2026-09-01,카네이테이,3861819,CAMEL ZIP AROUND WALLET (BEIGE) / UPCYCLED,0.0,0,82850,82850,103560,1,-20710,-20.0,100.0,1,medium,24.08,6,2,none,,59,https://www.musinsa.com/products/3861819
2026-09-01,디스이즈네버댓,3863995,Surfing Skull Hoodie Purple Blue,0.0,0,43600,43600,43600,0,0,0.0,100.0,1,high,24.08,6,2,none,,59,https://www.musinsa.com/products/3863995
2026-09-01,커버낫,3864379,아치 로고 티셔츠 네이비,0.39,9719,24750,24750,24750,0,0,0.0,100.0,1,high,24.08,6,2,none,,59,https://www.musinsa.com/products/3864379
2026-09-01,프리즘웍스,3870139,OG DOUBLE RIB OVERSIZED TEE _ PURPLE,0.0,0,28800,28800,32000,1,-3200,-10.0,100.0,1,medium,24.09,6,2,none,,59,https://www.musinsa.com/products/3870139
2026-09-01,르바,3870907,Tucking Reversible Knit Cardigan - Light Blue,0.0,0,197650,197650,197650,0,0,0.0,100.0,1,high,24.09,5,2,none,,59,https://www.musinsa.com/products/3870907
2026-09-01,쿠어,3871483,코튼 피그먼트 다잉 카고 팬츠 (워시드차콜그레이),0.0,0,153000,153000,153000,0,0,0.0,100.0,1,high,24.09,5,2,none,,59,https://www.musinsa.com/products/3871483
2026-09-01,쿠어,3871739,엑스트라 파인 메리노 울 카라 니트 (그레이시더스티그린),0.0,0,128000,128000,128000,0,0,0.0,100.0,1,high,24.09,5,2,none,,59,https://www.musinsa.com/products/3871739
2026-09-01,쿠어,3871867,커팅 디테일 다잉 크루넥 니트 (워시드그린),0.0,0,140000,140000,140000,0,0,0.0,100.0,1,high,24.09,5,2,none,,59,https://www.musinsa.com/products/3871867
2026-09-01,어나더 오피스,3871995,Scape Knit Polo Cardigan (Black),0.0,0,133200,133200,133200,0,0,0.0,100.0,1,high,24.09,6,2,none,,59,https://www.musinsa.com/products/3871995
2026-09-01,세터,3874747,루고 아플리케 리벳 후드 블랙,0.0,0,149000,149000,149000,0,0,0.0,100.0,1,high,24.09,5,2,none,,59,https://www.musinsa.com/products/3874747
2026-09-01,키르시,3874939,아가일 패턴 쇼츠 슬리브 니트 [아이보리],0.0,0,39500,39500,39500,0,0,0.0,100.0,1,high,24.08,6,2,none,,59,https://www.musinsa.com/products/3874939
2026-09-01,프렌다,3875643,DESTROYED WIDE DENIM PANTS WASHED BLUE,0.0,0,39500,39500,39500,0,0,0.0,100.0,1,high,24.09,7,2,none,,59,https://www.musinsa.com/products/3875643
2026-09-01,모즈모즈,3877051,레글런 피그먼트 컷오프 긴팔티셔츠 블루,0.0,0,33800,33800,33800,0,0,0.0,100.0,1,high,24.09,5,2,none,,59,https://www.musinsa.com/products/3877051
2026-09-01,썬러브투어,3887739,Active Half Zip Woven Polo Khaki,0.0,0,87600,87600,59130,1,28470,48.15,100.0,1,medium,24.09,7,2,none,,59,https://www.musinsa.com/products/3887739
2026-09-01,더니트컴퍼니,3890811,블리치 워시드 레귤러 핏 데님 팬츠 [아이스블루],0.0,0,27960,27960,27960,0,0,0.0,100.0,1,high,24.09,5,2,none,,59,https://www.musinsa.com/products/3890811
2026-09-01,트립르센스,3892411,[유튜버 PICK] 오드 스트라이프 울 타이_네이비,0.48,15777,32800,32800,32800,0,0,0.0,100.0,1,high,24.01,7,2,none,,59,https://www.musinsa.com/products/3892411
2026-09-01,아틀리에 나인,3901179,LEAF POCKET SHACKET(BL-4190),0.0,0,85500,85500,90250,1,-4750,-5.26,100.0,1,medium,24.09,5,2,none,,59,https://www.musinsa.com/products/3901179
2026-09-01,어반드레스,3901947,Piping Crop Hood Zip-up - 2COL,0.0,0,43500,43500,43500,0,0,0.0,100.0,1,high,24.09,6,2,none,,59,https://www.musinsa.com/products/3901947
2026-09-01,디스이즈네버댓,3903803,Climbing Pant Blue,0.0,0,67600,67600,67600,0,0,0.0,100.0,1,high,24.08,6,2,none,,59,https://www.musinsa.com/products/3903803
2026-09-01,커버낫,3905019,어센틱 메쉬 니트 후디 애쉬 블루,0.0,0,59000,59000,59000,0,0,0.0,100.0,1,high,24.08,6,2,none,,59,https://www.musinsa.com/products/3905019
2026-09-01,유니폼브릿지,3906171,casual sports wind vest beige,0.0,0,47710,47710,47710,0,0,0.0,100.0,1,high,24.08,6,2,none,,59,https://www.musinsa.com/products/3906171
2026-09-01,시그니처,3920059,원턱 와이드 코튼 팬츠[베이지],1.25,41025,32900,32900,32900,0,0,0.0,100.0,1,low,28.77,16,5,none,,59,https://www.musinsa.com/products/3920059
2026-09-01,베르만 어패럴,3921211,SYMBOL 오버핏 반팔티,2.86,111412,39000,39000,39000,0,0,0.0,100.0,1,high,24.0,15,5,none,,59,https://www.musinsa.com/products/3921211
2026-09-01,링서울,3925179,sailor collar knit top-navy,0.0,0,89910,89910,69930,1,19980,28.57,100.0,1,medium,24.01,7,2,none,,59,https://www.musinsa.com/products/3925179
2026-09-01,링서울,3925307,pleated short skirt-black,1.06,77188,72830,93640,72830,1,20810,28.57,100.0,1,medium,24.01,7,2,none,,59,https://www.musinsa.com/products/3925307
2026-09-01,키르시,3925819,부케 패턴 슬림핏 후드 집업 [차콜],0.0,0,49500,49500,49500,0,0,0.0,100.0,1,high,24.08,6,2,none,,59,https://www.musinsa.com/products/3925819
2026-09-01,후드후드,3927419,데미지 라이더 에일리언 맨투맨 퍼플,0.0,0,47400,47400,47400,0,0,0.0,100.0,1,high,24.09,5,2,none,,59,https://www.musinsa.com/products/3927419
2026-09-01,룩캐스트,3931963,앨리스 시스루 원피스 / ALICE SEE THROUGH ONEPIECE_2colors,0.0,0,68020,68020,68020,0,0,0.0,100.0,1,high,24.09,5,2,none,,59,https://www.musinsa.com/products/3931963
2026-09-01,마인드브릿지 우먼,3934651,[W]플리츠 벨티드 밴딩 스커트 - 3color,0.0,0,29900,29900,29900,0,0,0.0,100.0,1,high,24.09,5,2,none,,59,https://www.musinsa.com/products/3934651
2026-09-01,소버먼트,3936443,890G 컷 블리치 후드-에시드 챠콜 브라운-,0.0,0,64600,64600,64600,0,0,0.0,100.0,1,high,24.01,7,2,none,,59,https://www.musinsa.com/products/3936443
2026-09-01,제너럴아이디어,3938939,2003 뉴욕 크롭 후드티 [CREAM] / WBD1L02516,0.0,0,53000,53000,53000,0,0,0.0,100.0,1,high,24.08,6,2,none,,59,https://www.musinsa.com/products/3938939
2026-09-01,플랙,3958779,FREI X PLAC 월계수 로고 스웨트 셔츠 민트,0.0,0,59400,59400,59400,0,0,0.0,100.0,1,high,24.08,6,2,none,,59,https://www.musinsa.com/products/3958779
2026-09-01,노티카,3959227,[노티카 x 인세인개러지] DTP 요트 팬츠,0.0,0,50700,50700,50700,0,0,0.0,100.0,1,high,24.09,5,2,none,,59,https://www.musinsa.com/products/3959227
2026-09-01,마인드브릿지,3962811,아웃 포켓 하프 팬츠 - 2color,0.0,0,29900,29900,29900,0,0,0.0,100.0,1,high,24.09,5,2,none,,59,https://www.musinsa.com/products/3962811
2026-09-01,락케이크,3964347,Diamond Punching Bermuda Pants - Black,0.0,0,49500,49500,49500,0,0,0.0,100.0,1,high,24.09,7,2,none,,59,https://www.musinsa.com/products/3964347
2026-09-01,모즈모즈,3965179,락냥이 디지털 오버핏 반팔티셔츠 화이트,0.0,0,28800,28800,28800,0,0,0.0,100.0,1,high,24.09,5,2,none,,59,https://www.musinsa.com/products/3965179
2026-09-01,카네이테이,3972859,ARMEE BALL CAP (BLACK),0.0,0,27300,27300,33990,1,-6690,-19.68,100.0,1,medium,24.08,6,2,none,,59,https://www.musinsa.com/products/3972859
2026-09-01,커버낫,3972923,플렌티 스트릿 티셔츠 오트밀,0.0,0,23900,23900,23900,0,0,0.0,100.0,1,high,24.08,6,2,none,,59,https://www.musinsa.com/products/3972923
2026-09-01,드로우핏 우먼,3983995,수피마 실켓 크루넥 반팔 티셔츠 [SKY BLUE],0.0,0,29700,29700,29700,0,0,0.0,100.0,1,high,24.09,7,2,none,,59,https://www.musinsa.com/products/3983995
2026-09-01,어나더 오피스,3990715,Zephyr Wind Jacket (Concrete),0.0,0,180700,180700,222400,1,-41700,-18.75,100.0,1,medium,24.09,6,2,none,,59,https://www.musinsa.com/products/3990715
2026-09-01,나이스고스트클럽,3991803,FFATS PUDING BAG_SILVER(NG2EMUAB47A),0.0,0,40050,40050,40050,0,0,0.0,100.0,1,high,24.01,7,2,none,,59,https://www.musinsa.com/products/3991803
2026-09-01,기철,3993915,BALLOON FIT DENIM PANTS (INDIGO BLUE),0.0,0,31600,31600,31600,0,0,0.0,100.0,1,high,24.09,5,2,none,,59,https://www.musinsa.com/products/3993915
2026-09-01,아메스 월드와이드,3994683,BASIC LOGO DENIM APPLIQUE TEE WHITE (AM2EMUT514A),0.0,0,22050,22050,31500,1,-9450,-30.0,100.0,1,medium,24.09,5,2,none,,59,https://www.musinsa.com/products/3994683
2026-09-01,커버낫,3998203,피그먼트 스웻 와이드 팬츠 카키,0.0,0,40100,40100,40100,0,0,0.0,100.0,1,high,24.08,6,2,none,,59,https://www.musinsa.com/products/3998203
2026-09-01,썬러브투어,4001851,Overdyed Cargo Jogger Pants Brown,0.0,0,91600,91600,61830,1,29770,48.15,100.0,1,medium,24.09,7,2,none,,59,https://www.musinsa.com/products/4001851
2026-09-01,1993스튜디오,4011643,90S 아치 트랙 티셔츠_라이트그레이,0.0,0,44100,44100,44100,0,0,0.0,100.0,1,high,24.08,6,2,none,,59,https://www.musinsa.com/products/4011643
2026-09-01,스컬프터,4012731,My Go To Tank Top Raw,1.14,21469,18900,18900,18900,0,0,0.0,100.0,1,high,24.08,6,2,none,,59,https://www.musinsa.com/products/4012731
2026-09-01,드로우핏 우먼,4020987,스카시 케이블 반팔 니트 [M.GREY],0.0,0,55800,55800,55800,0,0,0.0,100.0,1,high,24.09,7,2,none,,59,https://www.musinsa.com/products/4020987
2026-09-01,러브이즈트루,4030011,RT COMFY WINDBREAKER(CREAM),0.0,0,66300,66300,54600,1,11700,21.43,100.0,1,medium,24.01,7,2,none,,59,https://www.musinsa.com/products/4030011
2026-09-01,웬즈데이오아시스,4030331,빈티지 스트라이프 숏 슬리브 티셔츠(4color),0.0,0,27300,27300,27300,0,0,0.0,100.0,1,high,24.09,7,2,none,,59,https://www.musinsa.com/products/4030331
2026-09-01,리메인세컨드,4034427,[2PACK] 이지 세미 와이드 밴딩 슬랙스_4COLOR,4.69,130969,27900,27900,27900,0,0,0.0,100.0,1,high,9.85,19,5,none,,59,https://www.musinsa.com/products/4034427
2026-09-01,세컨모놀로그,4034683,롤업 버튼 후드 체크 하프 셔츠 [BLUE]_SESH013BLUE,0.0,0,25200,25200,25200,0,0,0.0,100.0,1,high,24.08,6,2,none,,59,https://www.musinsa.com/products/4034683
2026-09-01,브라운야드,4036219,"니트 폴로 셔츠, 빈티지 카키",0.0,0,138000,138000,138000,0,0,0.0,100.0,1,high,24.01,7,2,none,,59,https://www.musinsa.com/products/4036219
2026-09-01,더블유엠씨,4040891,투톤자수 패널캡_BLUE,0.0,0,24500,24500,24500,0,0,0.0,100.0,1,high,24.01,7,2,none,,59,https://www.musinsa.com/products/4040891
2026-09-01,드로우핏,4040955,코튼 케이블 하프 카라 니트 [SKY BLUE],0.0,0,49500,49500,49500,0,0,0.0,100.0,1,high,24.09,5,2,none,,59,https://www.musinsa.com/products/4040955
2026-09-01,드로우핏,4041147,슬레이 피그먼트 워싱 티셔츠 [D.BLUE],0.0,0,29700,29700,29700,0,0,0.0,100.0,1,high,24.09,5,2,none,,59,https://www.musinsa.com/products/4041147
2026-09-01,드로우핏,4041531,언로더 오픈카라 린넨 데님 셔츠 [BLACK],0.0,0,59400,59400,59400,0,0,0.0,100.0,1,high,24.09,5,2,none,,59,https://www.musinsa.com/products/4041531
2026-09-01,제멋,4042939,포워드 오버핏 카라 반팔티셔츠 브라운 OYST2559,0.98,28356,28900,28900,28900,0,0,0.0,100.0,1,high,24.09,6,2,none,,59,https://www.musinsa.com/products/4042939
2026-09-01,코드그라피,4043131,COOL 화섬 포켓 반팔 셔츠_블랙,0.0,0,41300,41300,41300,0,0,0.0,100.0,1,high,24.09,5,2,none,,59,https://www.musinsa.com/products/4043131
2026-09-01,더니트컴퍼니,4046075,코튼 린넨 릴렉스드 팬츠 [차콜],0.0,0,35920,35920,35920,0,0,0.0,100.0,1,high,24.09,5,2,none,,59,https://www.musinsa.com/products/4046075
2026-09-01,유니폼브릿지,4046267,AE nylon easy pants brick,0.0,0,35710,35710,23800,1,11910,50.04,100.0,1,medium,24.08,6,2,none,,59,https://www.musinsa.com/products/4046267
2026-09-01,유니폼브릿지,4047803,bdu skirt(womens)  light yellow,0.0,0,63600,63600,47710,1,15890,33.31,100.0,1,medium,24.08,6,2,none,,59,https://www.musinsa.com/products/4047803
2026-09-01,아캄,4053691,Stitched Denim Wide Cargo Pants (Black),0.0,0,95500,95500,95500,0,0,0.0,100.0,1,high,24.09,5,2,none,,59,https://www.musinsa.com/products/4053691
2026-09-01,1993스튜디오,4056123,심볼 로고 시어 윈드브레이커_블랙,0.0,0,31600,31600,31600,0,0,0.0,100.0,1,high,24.08,6,2,none,,59,https://www.musinsa.com/products/4056123
2026-09-01,후브스,4056187,피그먼트 워싱 그래픽 반팔티 [시멘트],0.0,0,24000,24000,19200,1,4800,25.0,100.0,1,medium,24.08,6,2,none,,59,https://www.musinsa.com/products/4056187
2026-09-01,인사일런스,4062267,멀티포켓 핀턱 팬츠 BLACK,0.0,0,104580,104580,104580,0,0,0.0,100.0,1,high,24.08,6,2,none,,59,https://www.musinsa.com/products/4062267
2026-09-01,커버낫,4063355,어센틱 쿨 테크 티셔츠 블랙,0.61,14464,23900,23900,23900,0,0,0.0,100.0,1,high,24.08,6,2,none,,59,https://www.musinsa.com/products/4063355
2026-09-01,필루미네이트,4066747,야세 X 필루미네이트 디핑 플립플랍-블랙,0.48,14413,30000,30000,30000,0,0,0.0,100.0,1,low,24.01,6,2,none,,59,https://www.musinsa.com/products/4066747
2026-09-01,일리고,4079675,129 로고 패치 후드 집업 라이트그레이,6.1,474808,77803,78000,78000,0,0,0.0,100.0,1,low,9.05,23,6,none,,59,https://www.musinsa.com/products/4079675
2026-09-01,언더오프,4082107,오버핏 크루넥 유니버시티 반팔 티셔츠 그린,0.39,7435,18900,18900,18900,0,0,0.0,100.0,1,high,24.08,6,2,none,,59,https://www.musinsa.com/products/4082107
2026-09-01,코드그라피,4082811,(우먼) 스트라이프 테리 쇼츠_다크네이비,0.0,0,14710,14710,14710,0,0,0.0,100.0,1,high,24.09,5,2,none,,59,https://www.musinsa.com/products/4082811
2026-09-01,트래블,4107643,커브드 콤비네이션 베스트 그레이,0.0,0,34500,34500,34500,0,0,0.0,100.0,1,high,24.09,7,2,none,,59,https://www.musinsa.com/products/4107643
2026-09-01,플랙,4118011,오픈 카라 반팔 셔츠 네이비,0.0,0,57900,57900,57900,0,0,0.0,100.0,1,high,24.08,6,2,none,,59,https://www.musinsa.com/products/4118011
2026-09-01,언탭트 스튜디오,4122683,테드 어센틱 로고 퓨어코튼 빅 오버핏 반팔 티셔츠 2 COLOR,0.0,0,18900,18900,24700,1,-5800,-23.48,100.0,1,medium,24.01,7,2,none,,59,https://www.musinsa.com/products/4122683
2026-09-01,인템포무드,4125947,카펜터 코튼 버뮤다 팬츠 : 2컬러,0.0,0,29900,29900,29900,0,0,0.0,100.0,1,high,24.08,6,2,none,,59,https://www.musinsa.com/products/4125947
2026-09-01,러프사이드,4131643,Webby Half knit Ash Black,0.0,0,138000,138000,138000,0,0,0.0,100.0,1,high,24.09,5,2,none,,59,https://www.musinsa.com/products/4131643
2026-09-01,나이스고스트클럽,4133499,[X SOULPUSSSY CAT]GHOSTSOULGIRL SYMBOL PILLOW KEY CHAIN_PINK(NG2EMUAB62C),0.0,0,8550,8550,8550,0,0,0.0,100.0,1,high,24.01,7,2,none,,59,https://www.musinsa.com/products/4133499
2026-09-01,링서울,4136699,ribbed bustier knit-ivory,0.0,0,58730,58730,45680,1,13050,28.57,100.0,1,medium,24.01,7,2,none,,59,https://www.musinsa.com/products/4136699
2026-09-01,링서울,4138619,stripe shirring volume blouse-ivory,0.0,0,69830,69830,54310,1,15520,28.58,100.0,1,medium,24.01,7,2,none,,59,https://www.musinsa.com/products/4138619
2026-09-01,트리밍버드,4144443,Scarf Wrapped Pants [ Black ],0.0,0,219000,219000,219000,0,0,0.0,100.0,1,high,24.09,6,2,none,,59,https://www.musinsa.com/products/4144443
2026-09-01,후드후드,4145595,멀티 포켓 유틸리티 디테처블 팬츠 베이지,0.0,0,43600,43600,43600,0,0,0.0,100.0,1,high,24.09,5,2,none,,59,https://www.musinsa.com/products/4145595
2026-09-01,소버먼트,4146747,460G 컷 헤비 피그먼트 티셔츠-올드 핑크-,0.48,17572,36600,36600,36600,0,0,0.0,100.0,1,high,24.01,7,2,none,,59,https://www.musinsa.com/products/4146747
2026-09-01,아캄,4148027,29 Printed Sleeveless (Black),0.0,0,33600,33600,38400,1,-4800,-12.5,100.0,1,medium,24.09,5,2,none,,59,https://www.musinsa.com/products/4148027
2026-09-01,제너럴아이디어,4148603,스퀘어 엠보 미니스커트 [LIGHT YELLOW] / WBD2L56531,0.0,0,32000,32000,32000,0,0,0.0,100.0,1,high,24.08,6,2,none,,59,https://www.musinsa.com/products/4148603
2026-09-01,스키즘 인듀싱,4149051,MUSCLE TANK TOP BLACK,1.96,80041,40800,40800,43200,1,-2400,-5.56,100.0,1,medium,24.09,6,2,none,,59,https://www.musinsa.com/products/4149051
2026-09-01,스키즘 인듀싱,4149563,MUMMY MINI DRESS_WHITE,0.0,0,58800,58800,58800,0,0,0.0,100.0,1,high,24.09,6,2,none,,59,https://www.musinsa.com/products/4149563
2026-09-01,키르시,4158459,백 포인트 플리츠 우븐 드레스 [네이비],0.0,0,59500,59500,59500,0,0,0.0,100.0,1,high,24.08,6,2,none,,59,https://www.musinsa.com/products/4158459
2026-09-01,제너럴아이디어,4159099,트위스트 리본 슬리브리스 세트 [YELLOW] / WBD2L01531,0.0,0,42000,42000,42000,0,0,0.0,100.0,1,high,24.08,6,2,none,,59,https://www.musinsa.com/products/4159099
2026-09-01,솔트앤초콜릿,4160315,레이스업 글레디에이터 샌들 412424019 (5cm/1colors),0.0,0,65400,65400,65400,0,0,0.0,100.0,1,high,24.08,6,2,none,,59,https://www.musinsa.com/products/4160315
2026-09-01,제너럴아이디어,4164219,베이직 스트랩 나일론 버킷 햇 [BLACK] / SBD2U91005,0.0,0,31000,31000,31000,0,0,0.0,100.0,1,high,24.08,6,2,none,,59,https://www.musinsa.com/products/4164219
2026-09-01,무센트,4168955,누비아 루즈핏 시스루 셔츠 (2컬러),0.0,0,27930,27930,37110,1,-9180,-24.74,100.0,1,medium,24.08,6,2,none,,59,https://www.musinsa.com/products/4168955
2026-09-01,밀로 아카이브,4187771,사이드 슬래쉬 셔츠 [스카이 블루],0.0,0,39000,39000,39000,0,0,0.0,100.0,1,high,24.01,7,2,none,,59,https://www.musinsa.com/products/4187771
2026-09-01,링서울,4191675,stripe sleeveless dress-blue,0.0,0,114130,114130,88770,1,25360,28.57,100.0,1,medium,24.01,7,2,none,,59,https://www.musinsa.com/products/4191675
2026-09-01,2000아카이브스,4199099,TWIST TOP (BLACK),0.0,0,53370,53370,48510,1,4860,10.02,100.0,1,medium,24.08,6,2,none,,59,https://www.musinsa.com/products/4199099
2026-09-01,유니온블루,4200635,HARD TWIST 2LINE STRIPE POLO KNIT [BEIGE],0.14,9904,71100,60440,71100,1,-10660,-14.99,100.0,1,medium,24.08,6,2,none,,59,https://www.musinsa.com/products/4200635
2026-09-01,해칭룸,4233787,Arrow Shirt Big Button Dark Navy,0.0,0,118400,118400,118400,0,0,0.0,100.0,1,high,24.09,5,2,none,,59,https://www.musinsa.com/products/4233787
2026-09-01,브론슨,4241147,Retro Horseshoe Graphic Tee Grey,12.47,445207,35700,35700,35700,0,0,0.0,100.0,1,high,9.05,24,6,none,,59,https://www.musinsa.com/products/4241147
2026-09-01,유니폼브릿지,4243067,western denim shirt 9oz indigo washed,0.0,0,55600,55600,55600,0,0,0.0,100.0,1,high,24.08,6,2,none,,59,https://www.musinsa.com/products/4243067
2026-09-01,본투윈,4251387,OUTBAND ACTIVE SHORT LEGGINGS [GREY],1.0,58741,58816,59000,57680,1,1320,2.29,100.0,1,low,48.07,5,2,none,,59,https://www.musinsa.com/products/4251387
2026-09-01,커버낫,4251899,[커버낫X랭글러] 와펜 패치 데님 팬츠 라이트 블루,0.0,0,95400,95400,95400,0,0,0.0,100.0,1,high,24.08,6,2,none,,59,https://www.musinsa.com/products/4251899
2026-09-01,아웃스탠딩,4262459,PURE WOOL WHOLEGARMENT KNIT_PINK,0.0,0,106200,106200,106200,0,0,0.0,100.0,1,high,24.08,6,2,none,,59,https://www.musinsa.com/products/4262459
2026-09-01,아웃스탠딩,4262843,W.W. II SELVEDGE DENIM 1ST JACKET_INDIGO,4.57,694568,152100,152100,152100,0,0,0.0,100.0,1,high,24.08,11,2,none,,59,https://www.musinsa.com/products/4262843
2026-09-01,와이케이,4270459,퍼피돌핀 점핑 원피스 수영복,0.0,0,82600,82600,82600,0,0,0.0,100.0,1,high,24.01,7,2,none,,59,https://www.musinsa.com/products/4270459
2026-09-01,리메인세컨드,4272251,오버핏 하프집업 카라넥 스웨트 셔츠 [크림],1.0,25441,25500,25500,25500,0,0,0.0,100.0,1,high,24.09,5,2,none,,59,https://www.musinsa.com/products/4272251
2026-09-01,론론,4276731,RUFFLE POINTED MINI BACKPACK SILVER,0.0,0,44000,44000,61600,1,-17600,-28.57,100.0,1,medium,24.09,6,2,none,,59,https://www.musinsa.com/products/4276731
2026-09-01,아이돈워너셀,4277691,Novichi Hoodie Maroon,1.21,89783,74250,74250,74250,0,0,0.0,100.0,1,high,24.08,6,2,none,,59,https://www.musinsa.com/products/4277691
2026-09-01,엘무드,4278907,잔느 플레어 데님 블루블랙,0.6,78897,130500,130500,130500,0,0,0.0,100.0,1,high,24.08,6,2,none,,59,https://www.musinsa.com/products/4278907
2026-09-01,노매뉴얼,4279931,H.R CHECK SHIRTS - GREEN,0.89,74200,83300,83300,83300,0,0,0.0,100.0,1,high,24.09,5,2,none,,59,https://www.musinsa.com/products/4279931
2026-09-01,엑스오엑스,4285051,2WAY 세미 오버핏 스웻 후드 집업 [IVORY],0.36,6727,18900,18900,18900,0,0,0.0,100.0,1,high,24.09,5,2,none,,59,https://www.musinsa.com/products/4285051
2026-09-01,슈퍼서브,4287739,럭비 클럽 카라 스웨트셔츠 - 네이비,0.0,0,39900,39900,39900,0,0,0.0,100.0,1,high,24.09,5,2,none,,59,https://www.musinsa.com/products/4287739
2026-09-01,일리고,4293563,애플 미니 카드 백 데님,0.0,0,23000,23000,23000,0,0,0.0,100.0,1,high,24.09,5,2,none,,59,https://www.musinsa.com/products/4293563
2026-09-01,후브스,4297019,페이드 코튼 원턱 팬츠 [블랙],0.0,0,42500,42500,19200,1,23300,121.35,100.0,1,low,24.08,6,2,none,,59,https://www.musinsa.com/products/4297019
2026-09-01,디스이즈네버댓,4302971,Half Zip Sports Pullover Green,0.6,48052,79500,79500,79500,0,0,0.0,100.0,1,high,24.08,6,2,none,,59,https://www.musinsa.com/products/4302971
2026-09-01,와이케이,4303931,말티즈 크루 라인 그래픽 맨투맨 멜란지화이트,0.0,0,51750,51750,51750,0,0,0.0,100.0,1,high,24.01,7,2,none,,59,https://www.musinsa.com/products/4303931
2026-09-01,아캄,4304187,98 Patch Velour Zip-Up Hoodie (Black),0.0,0,108500,108500,108500,0,0,0.0,100.0,1,high,24.09,5,2,none,,59,https://www.musinsa.com/products/4304187
2026-09-01,드로우핏,4305659,스웨이드 패널 트러커 집업 자켓 [D.KHAKI],0.77,106718,139200,139200,139200,0,0,0.0,100.0,1,high,24.09,5,2,none,,59,https://www.musinsa.com/products/4305659
2026-09-01,드로우핏,4306107,라운드 브러쉬 헤어리 풀오버 니트 [L.GREY],0.0,0,55800,55800,55800,0,0,0.0,100.0,1,high,24.08,5,2,none,,59,https://www.musinsa.com/products/4306107
2026-09-01,브론슨,4306299,Blue Chambray Work Shirt KR Ver. Light Indigo,11.67,777218,66600,66600,66600,0,0,0.0,100.0,1,high,9.05,36,6,none,,59,https://www.musinsa.com/products/4306299
2026-09-01,비터셀즈,4308603,픽션 라인 블라우스-블루,0.0,0,63200,63200,55300,1,7900,14.29,100.0,1,medium,24.09,5,2,none,,59,https://www.musinsa.com/products/4308603
2026-09-01,인사일런스,4310907,컷오프 네프 셔츠 DARK BROWN,0.0,0,95760,95760,95760,0,0,0.0,100.0,1,high,24.08,6,2,none,,59,https://www.musinsa.com/products/4310907
2026-09-01,마인드브릿지,4313147,와이드원턱로우데님팬츠 MYDP6154,0.0,0,29900,29900,29900,0,0,0.0,100.0,1,high,24.09,5,2,none,,59,https://www.musinsa.com/products/4313147
2026-09-01,파브레가,4313403,스퀘어 립스탑 셔츠 (라이트 베이지),0.0,0,69300,69300,69300,0,0,0.0,100.0,1,high,24.09,5,2,none,,59,https://www.musinsa.com/products/4313403
2026-09-01,아메스 월드와이드,4313467,BASIC DENIM PANTS BLUE(AM2EFUD110A),0.0,0,19320,19320,34500,1,-15180,-44.0,100.0,1,medium,24.09,5,2,none,,59,https://www.musinsa.com/products/4313467
2026-09-01,세컨모놀로그,4316091,세미 와이드핏 투턱 턴업 슬랙스 [BLACK]_SEPT052BLACK,0.0,0,28800,28800,28800,0,0,0.0,100.0,1,high,24.08,6,2,none,,59,https://www.musinsa.com/products/4316091
2026-09-01,인사일런스 우먼,4316923,빈티지 레귤러 데님 DEEP BLUE,0.0,0,116800,116800,116800,0,0,0.0,100.0,1,high,24.09,6,2,none,,59,https://www.musinsa.com/products/4316923
2026-09-01,프렌다,4318523,PRDA BIG PATCH RAGLAN LONG SLEEVE GRAY,3.87,114037,29500,29500,29500,0,0,0.0,100.0,1,low,37.77,26,4,none,,59,https://www.musinsa.com/products/4318523
2026-09-01,알리스,4318843,내츄럴 트윈 워시드 맥시 데님 팬츠 [인디고 레드],0.0,0,68640,68640,71870,1,-3230,-4.49,100.0,1,medium,24.09,5,2,none,,59,https://www.musinsa.com/products/4318843
2026-09-01,모즈모즈,4319739,테리 기모 피그먼트 댄싱캣 오버핏 맨투맨 핑크,0.0,0,57600,57600,57600,0,0,0.0,100.0,1,high,24.09,5,2,none,,59,https://www.musinsa.com/products/4319739
2026-09-01,모즈모즈,4320187,메쉬안감 파라슈트 와이드 팬츠 다크그레이,0.0,0,34800,34800,34800,0,0,0.0,100.0,1,high,24.09,5,2,none,,59,https://www.musinsa.com/products/4320187
2026-09-01,모즈모즈,4320507,[SET] 나일론 메쉬 파라슈트 후드집업 셋업 다크그레이,0.0,0,94400,94400,94400,0,0,0.0,100.0,1,high,24.09,5,2,none,,59,https://www.musinsa.com/products/4320507
2026-09-01,커버낫,4322427,어센틱 C 로고 옥스포드 셔츠 블루,0.0,0,40050,40050,40050,0,0,0.0,100.0,1,high,24.08,6,2,none,,59,https://www.musinsa.com/products/4322427
2026-09-01,카네이테이,4323003,U.S ARMY M-65 MILITARY PANTS (OLIVE DRAB),0.0,0,45360,45360,102600,1,-57240,-55.79,100.0,1,medium,24.08,6,2,none,,59,https://www.musinsa.com/products/4323003
2026-09-01,후드후드,4325179,에일리언 그래픽 오버핏 후드 멜란지화이트,0.0,0,52070,52070,52070,0,0,0.0,100.0,1,high,24.08,5,2,none,,59,https://www.musinsa.com/products/4325179
2026-09-01,로제프란츠,4327547,Cross Lace Long Sleeve [Black],0.0,0,32240,32240,28210,1,4030,14.29,100.0,1,medium,24.08,5,2,none,,59,https://www.musinsa.com/products/4327547
2026-09-01,트릴리온,4328699,워셔블 버튼 업 크루넥 가디건 니트 (KHAKI),0.11,2633,24900,24900,24900,0,0,0.0,100.0,1,high,24.09,5,2,none,,59,https://www.musinsa.com/products/4328699
2026-09-01,모즈모즈,4335547,[SET]오버핏 맨투맨 후드 고스트 시리즈,0.0,0,67200,67200,67200,0,0,0.0,100.0,1,high,24.09,5,2,none,,59,https://www.musinsa.com/products/4335547
2026-09-01,디미트리블랙,4335931,VTG 웨스턴 블루종 자켓_브라운,0.0,0,59900,59900,59900,0,0,0.0,100.0,1,high,24.08,6,2,none,,59,https://www.musinsa.com/products/4335931
2026-09-01,아캄,4337083,98 Patch Velour Pants (Blue),0.0,0,81200,81200,81200,0,0,0.0,100.0,1,high,24.09,5,2,none,,59,https://www.musinsa.com/products/4337083
2026-09-01,썬러브투어,4337275,Polartec® Fleece Half ZIp Dress Navy,0.0,0,75600,75600,49330,1,26270,53.25,100.0,1,medium,24.09,7,2,none,,59,https://www.musinsa.com/products/4337275
2026-09-01,낫포너드,4343483,Cerberus Satin Blouson Jacket - Black,0.0,0,79290,79290,79290,0,0,0.0,100.0,1,high,24.08,5,2,none,,59,https://www.musinsa.com/products/4343483
2026-09-01,드헤베,4344955,Bustier Layered Blouse [Cream],0.0,0,83390,83390,83390,0,0,0.0,100.0,1,high,24.08,5,2,none,,59,https://www.musinsa.com/products/4344955
2026-09-01,넌블랭크,4345211,에센셜 드레스 셔츠_4 COL,4.43,344077,77636,78400,78400,0,0,0.0,100.0,1,low,28.91,17,4,none,,59,https://www.musinsa.com/products/4345211
2026-09-01,도프제이슨,4346747,빈티지 개러지하우스 후드 BLACK,0.0,0,66000,66000,66000,0,0,0.0,100.0,1,high,24.01,7,2,none,,59,https://www.musinsa.com/products/4346747
2026-09-01,트래블,4347259,디테쳐블 피그먼트 파라슈트 팬츠 스모키 그레이,0.0,0,44500,44500,44500,0,0,0.0,100.0,1,high,24.09,7,2,none,,59,https://www.musinsa.com/products/4347259
2026-09-01,어나더 오피스,4349435,Bonjour Single Jacket (Almost Black),0.0,0,278000,278000,278000,0,0,0.0,100.0,1,high,24.09,6,2,none,,59,https://www.musinsa.com/products/4349435
2026-09-01,인템포무드,4353275,픽쳐 스매셔 롱 슬리브_화이트,0.0,0,47200,47200,47200,0,0,0.0,100.0,1,high,24.08,6,2,none,,59,https://www.musinsa.com/products/4353275
2026-09-01,스컬프터,4355579,Sequin Mop Scarf Natural,0.0,0,36960,36960,46200,1,-9240,-20.0,100.0,1,medium,24.08,6,2,none,,59,https://www.musinsa.com/products/4355579
2026-09-01,소버먼트,4365947,980G 피그먼트 스웨트 팬츠-오크 브라운-,0.0,0,64200,64200,64200,0,0,0.0,100.0,1,high,24.01,7,2,none,,59,https://www.musinsa.com/products/4365947
2026-09-01,프리즘웍스,4368891,CN FLIGHT PANTS _ KHAKI GRAY,0.0,0,69000,69000,69000,0,0,0.0,100.0,1,high,24.09,6,2,none,,59,https://www.musinsa.com/products/4368891
2026-09-01,아틀리에 나인,4369531,STRING SLEEVE OVERFIT SHIRT(BL-4258),0.0,0,88200,88200,88200,0,0,0.0,100.0,1,high,24.09,5,2,none,,59,https://www.musinsa.com/products/4369531
2026-09-01,브룩스 브라더스,4371323,슬림핏 15W 코듀로이 5포켓 팬츠 (카멜) (BBPCMF09235EW),0.0,0,81120,81120,108160,1,-27040,-25.0,100.0,1,medium,24.01,7,2,none,,59,https://www.musinsa.com/products/4371323
2026-09-01,배드블러드,4371387,빌리 2 Way 커브드 조거 트라우져 - 초콜릿,0.0,0,111200,111200,111200,0,0,0.0,100.0,1,high,24.09,6,2,none,,59,https://www.musinsa.com/products/4371387
2026-09-01,노티카,4375483,덱 카펜터 팬츠,0.0,0,64500,64500,64500,0,0,0.0,100.0,1,high,24.09,5,2,none,,59,https://www.musinsa.com/products/4375483
2026-09-01,브라운야드,4379067,"엑스트라 슈퍼 파인 크루넥 니트, 베이지",0.0,0,198000,198000,198000,0,0,0.0,100.0,1,high,24.01,7,2,none,,59,https://www.musinsa.com/products/4379067
2026-09-01,브라운야드,4382139,필드 치노 팬츠,0.0,0,158000,158000,158000,0,0,0.0,100.0,1,high,24.01,7,2,none,,59,https://www.musinsa.com/products/4382139
2026-09-01,로제프란츠,4385211,Embroidery Overfit Shirt [White],0.0,0,38720,38720,33880,1,4840,14.29,100.0,1,medium,24.08,5,2,none,,59,https://www.musinsa.com/products/4385211
2026-09-01,키르시,4391867,빈티지 카고 와이드핏 데님 팬츠 [블루],0.0,0,62500,62500,69500,1,-7000,-10.07,100.0,1,medium,24.08,6,2,none,,59,https://www.musinsa.com/products/4391867
2026-09-01,무센트,4393595,텐더 파라슈트 아웃 포켓 와이드 팬츠 (2컬러),0.0,0,27930,27930,37110,1,-9180,-24.74,60.39,0,low,24.0,5,1,none,,59,https://www.musinsa.com/products/4393595
2026-09-01,프리즘웍스,4396475,OG DOUBLE RIB L/S TEE _ GRAY,0.98,33524,34200,34200,38000,1,-3800,-10.0,100.0,1,medium,24.09,6,2,none,,59,https://www.musinsa.com/products/4396475
2026-09-01,노이어,4396987,파이핑 커브드 트랙 팬츠 (블랙),0.06,5567,86200,57500,86200,1,-28700,-33.29,100.0,1,low,37.87,6,3,none,,59,https://www.musinsa.com/products/4396987
2026-09-01,엑스트라오디너리,4398139,LONELY SERENE CREWNECK  CHARCOAL,0.0,0,65450,65450,65450,0,0,0.0,100.0,1,high,24.09,5,2,none,,59,https://www.musinsa.com/products/4398139
2026-09-01,엑스트라오디너리,4398523,NORTHERN LIGHT SWEATER  KHAKI,0.0,0,69500,69500,69500,0,0,0.0,100.0,1,high,24.09,5,2,none,,59,https://www.musinsa.com/products/4398523
2026-09-01,본투윈,4400187,ATHLETIC EMBLEM SLIM HOODIE [MELANGE GREY],0.0,0,55800,55800,52900,1,2900,5.48,100.0,1,medium,24.09,6,2,none,,59,https://www.musinsa.com/products/4400187
2026-09-01,유라고,4402747,Washable V-neck cardigan,0.0,0,52440,52440,52440,0,0,0.0,100.0,1,high,24.09,5,2,none,,59,https://www.musinsa.com/products/4402747
2026-09-01,디스이즈네버댓,4403515,Fortuna Logo Hoodie Fuchsia,0.0,0,54500,54500,54500,0,0,0.0,100.0,1,high,24.08,6,2,none,,59,https://www.musinsa.com/products/4403515
2026-09-01,브룩스 브라더스,4407419,메리노울 도그 인타샤 스웨터 (네이비) (BBWRWF4816QEF),0.0,0,124320,124320,165760,1,-41440,-25.0,100.0,1,medium,24.01,7,2,none,,59,https://www.musinsa.com/products/4407419
2026-09-01,니티드,4410043,(W) 베이직 에센셜 워셔블 라운드 가디건 BLACK,0.0,0,39840,39840,39840,0,0,0.0,100.0,1,high,24.08,5,2,none,,59,https://www.musinsa.com/products/4410043
2026-09-01,시눈,4410235,Round Coin Bag (Vintage Pink),0.0,0,66080,66080,66080,0,0,0.0,100.0,1,high,24.09,5,2,none,,59,https://www.musinsa.com/products/4410235
2026-09-01,시눈,4410427,Lace Layered Skirt Pants (Beige),0.0,0,80080,80080,80080,0,0,0.0,100.0,1,high,24.09,5,2,none,,59,https://www.musinsa.com/products/4410427
2026-09-01,더블유엠씨,4411579,멀티 다트 데님_BLUE,0.0,0,59600,59600,59600,0,0,0.0,100.0,1,high,24.01,7,2,none,,59,https://www.musinsa.com/products/4411579
2026-09-01,제멋,4412155,빌드 더블니 와이드 데님팬츠 블랙 SOLP2579,0.0,0,58900,58900,58900,0,0,0.0,100.0,1,high,24.09,6,2,none,,59,https://www.musinsa.com/products/4412155
2026-09-01,커버낫,4415355,어센틱 가죽 와펜 아크릴 비니 베이지,0.0,0,27300,27300,27300,0,0,0.0,100.0,1,high,24.08,6,2,none,,59,https://www.musinsa.com/products/4415355
2026-09-01,파르티멘토 우먼,4417467,보우 타이 발레리나 플랫_브라운,0.0,0,260100,260100,202300,1,57800,28.57,100.0,1,medium,24.08,5,2,none,,59,https://www.musinsa.com/products/4417467
2026-09-01,디앤에스알,4422843,트위스트 케이블 니트 아이보리,0.0,0,79200,79200,79200,0,0,0.0,100.0,1,high,24.09,5,2,none,,59,https://www.musinsa.com/products/4422843
2026-09-01,유니폼브릿지,4423163,wool duffle coat beige,0.0,0,199600,199600,149710,1,49890,33.32,100.0,1,medium,24.08,6,2,none,,59,https://www.musinsa.com/products/4423163
2026-09-01,아웃스탠딩,4423419,AUTHENTIC COMFORT HOOD ZIP SWEAT_3%MELANGE GRAY,0.14,11834,84600,84600,84600,0,0,0.0,100.0,1,high,24.08,6,2,none,,59,https://www.musinsa.com/products/4423419
2026-09-01,필루미네이트,4429755,헤어리 로고 비니-핑크,0.0,0,20900,20900,20900,0,0,0.0,100.0,1,high,24.01,7,2,none,,59,https://www.musinsa.com/products/4429755
2026-09-01,메인부스,4437051,Vintage Denim Puffer Jacket(BLUE),0.0,0,242100,242100,242100,0,0,0.0,100.0,1,high,24.08,5,2,none,,59,https://www.musinsa.com/products/4437051
2026-09-01,파르티멘토 우먼,4437499,리버시블 후디드 윈드브레이커_차콜,0.0,0,114660,114660,114660,0,0,0.0,100.0,1,high,24.09,5,2,none,,59,https://www.musinsa.com/products/4437499
2026-09-01,제너럴아이디어,4437947,레더 벌룬 미니스커트 [BLACK] / WBD4L13512,0.0,0,46110,46110,46110,0,0,0.0,100.0,1,high,24.08,6,2,none,,59,https://www.musinsa.com/products/4437947
2026-09-01,마인드브릿지,4438267,[웜]코튼 더블니 풀밴딩 팬츠 - 2color,0.0,0,37910,37910,37910,0,0,0.0,100.0,1,high,24.08,5,2,none,,59,https://www.musinsa.com/products/4438267
2026-09-01,마인드브릿지,4438331,울라이크셔켓 - 2color MYWS7152,0.0,0,66410,66410,66410,0,0,0.0,100.0,1,high,24.09,5,2,none,,59,https://www.musinsa.com/products/4438331
2026-09-01,밀로 아카이브,4441595,드래프트 헨리넥 니트 [그레이],0.0,0,54530,54530,51660,1,2870,5.56,100.0,1,medium,24.01,7,2,none,,59,https://www.musinsa.com/products/4441595
2026-09-01,나이스고스트클럽,4447867,FFATS POSITION KNIT_RED(NG2EFUK611A),0.0,0,48060,48060,37380,1,10680,28.57,100.0,1,medium,24.01,7,2,none,,59,https://www.musinsa.com/products/4447867
2026-09-01,나이스고스트클럽,4447931,FFATS FRILL LAYERED SKIRT PANTS_BLACK(NG2EFUPA15A),0.0,0,85860,85860,66780,1,19080,28.57,100.0,1,medium,24.01,7,2,none,,59,https://www.musinsa.com/products/4447931
2026-09-01,세터,4452539,베로나 니트 머플러 라이트 그레이,0.0,0,79000,79000,79000,0,0,0.0,100.0,1,high,24.09,5,2,none,,59,https://www.musinsa.com/products/4452539
2026-09-01,세터,4453243,에센 투 톤 모헤어 블렌드 니트 멜란지 그레이,0.0,0,179000,179000,179000,0,0,0.0,100.0,1,high,24.09,5,2,none,,59,https://www.musinsa.com/products/4453243
2026-09-01,밀로 아카이브,4456507,아카이브 에센스 가디건 [멜란지 브라운],0.0,0,84000,84000,84000,0,0,0.0,100.0,1,high,24.01,7,2,none,,59,https://www.musinsa.com/products/4456507
2026-09-01,락피쉬웨더웨어,4457147,ORIGINAL WINTER BOOTS SHORT(6inch) - 8 colors,0.0,0,110000,110000,110000,0,0,0.0,100.0,1,high,24.08,5,2,none,,59,https://www.musinsa.com/products/4457147
2026-09-01,일리고,4459771,와이드 포켓 카고 팬츠 블루,0.0,0,62000,62000,62000,0,0,0.0,100.0,1,high,24.08,5,2,none,,59,https://www.musinsa.com/products/4459771
2026-09-01,디스이즈네버댓,4460667,Panda Hoodie Oatmeal,0.0,0,54500,54500,54500,0,0,0.0,100.0,1,high,24.08,6,2,none,,59,https://www.musinsa.com/products/4460667
2026-09-01,배드블러드,4465851,비욘드 소프트 헨리넥 롱슬리브 - 챠콜,0.0,0,50400,50400,48200,1,2200,4.56,100.0,1,medium,24.09,6,2,none,,59,https://www.musinsa.com/products/4465851
2026-09-01,러브이즈트루,4468539,FS LETTER HOOD ZIPUP(BLACK),0.0,0,111860,111860,111860,0,0,0.0,100.0,1,high,24.01,7,2,none,,59,https://www.musinsa.com/products/4468539
2026-09-01,파르티멘토 우먼,4469115,93 스터디드 프린티드 롱 슬리브 티_브라운,0.0,0,39690,39690,30870,1,8820,28.57,100.0,1,medium,24.08,5,2,none,,59,https://www.musinsa.com/products/4469115
2026-09-01,커버낫,4469243,C 로고 플리스 오버핏 후디 네이비,0.6,32226,53400,53400,53400,0,0,0.0,100.0,1,high,24.08,6,2,none,,59,https://www.musinsa.com/products/4469243
2026-09-01,에이치덱스,4480827,나일론 믹스 페이디드 워싱 후디 (Charcoal),0.0,0,87800,87800,87800,0,0,0.0,100.0,1,high,24.08,5,2,none,,59,https://www.musinsa.com/products/4480827
2026-09-01,브라운야드,4485307,"다운 베스트, 올리브 그레이",0.0,0,208600,208600,208600,0,0,0.0,100.0,1,high,24.01,7,2,none,,59,https://www.musinsa.com/products/4485307
2026-09-01,유니폼브릿지,4488699,anchor glove charcoal,0.0,0,41300,41300,35400,1,5900,16.67,100.0,1,medium,24.08,6,2,none,,59,https://www.musinsa.com/products/4488699
2026-09-01,무센트,4491963,피카 뒷밴딩 플레어 스커트 (2컬러),0.0,0,34930,34930,46410,1,-11480,-24.74,100.0,1,medium,24.08,6,2,none,,59,https://www.musinsa.com/products/4491963
2026-09-01,1993스튜디오,4492155,덕다운 트랙 숏 푸퍼 자켓_에크루,0.0,0,99000,99000,99000,0,0,0.0,100.0,1,high,24.08,6,2,none,,59,https://www.musinsa.com/products/4492155
2026-09-01,언더오프,4493371,래글런 트랙 후드 집업 버건디,0.4,13564,34320,34320,34320,0,0,0.0,100.0,1,high,24.09,6,2,none,,59,https://www.musinsa.com/products/4493371
2026-09-01,미나브,4497723,리필드 라인 데님팬츠 [블랙],0.0,0,44100,44100,71200,1,-27100,-38.06,100.0,1,medium,24.09,7,2,none,,59,https://www.musinsa.com/products/4497723
2026-09-01,레더리,4498811,무스탕 후디 더플 자켓 [BEIGE],0.11,14464,137600,137600,137600,0,0,0.0,100.0,1,high,24.08,5,2,none,,59,https://www.musinsa.com/products/4498811
2026-09-01,트리밍버드,4500091,One Button Denim Set-up Skirt [ Black ],0.0,0,159000,159000,159000,0,0,0.0,100.0,1,high,24.09,6,2,none,,59,https://www.musinsa.com/products/4500091
2026-09-01,인템포무드,4507579,쿼드 라인 데님 팬츠_블랙,0.0,0,67200,67200,67200,0,0,0.0,100.0,1,high,24.08,6,2,none,,59,https://www.musinsa.com/products/4507579
2026-09-01,아틀리에 나인,4507771,LO WOOL HANDMADE SET-UP SKIRT(SK-4946),0.0,0,143100,143100,143100,0,0,0.0,100.0,1,high,24.09,5,2,none,,59,https://www.musinsa.com/products/4507771
2026-09-01,프렌다,4509179,RAGLAN PUFFER JACKET LEMON,0.0,0,114500,114500,114500,0,0,0.0,100.0,1,high,24.09,7,2,none,,59,https://www.musinsa.com/products/4509179
2026-09-01,파르티멘토 우먼,4509755,사이드 집업 리브드 레깅스 팬츠_블랙,0.0,0,47790,47790,37170,1,10620,28.57,100.0,1,medium,24.09,5,2,none,,59,https://www.musinsa.com/products/4509755
2026-09-01,로제프란츠,4517243,Mix Fur Leather Mustang [Beige],0.0,0,139440,139440,122010,1,17430,14.29,100.0,1,medium,24.08,5,2,none,,59,https://www.musinsa.com/products/4517243
2026-09-01,비바라비다,4517947,[기모선택]Element 헤비테리 맨투맨,0.0,0,52900,52900,52900,0,0,0.0,100.0,1,high,24.08,6,2,none,,59,https://www.musinsa.com/products/4517947
2026-09-01,무센트,4518011,노르망 뽀글 양털 후리스 플리스 집업 남녀공용 (2컬러),2.6,122319,47042,42770,56820,1,-14050,-24.73,100.0,1,medium,24.08,10,2,none,,59,https://www.musinsa.com/products/4518011
2026-09-01,더블유엠씨,4520955,메인로고 스웨트팬츠_GREY,0.0,0,48300,48300,48300,0,0,0.0,100.0,1,high,24.01,7,2,none,,59,https://www.musinsa.com/products/4520955
2026-09-01,더블유엠씨,4521019,[WMC x HINA] 메탈캣 후드_NAVY,0.0,0,40050,40050,40050,0,0,0.0,100.0,1,high,24.01,7,2,none,,59,https://www.musinsa.com/products/4521019
2026-09-01,솔트앤초콜릿,4521787,화이트 스티치 앵클 부츠 412446001 (4cm/1color),0.0,0,71400,71400,89250,1,-17850,-20.0,100.0,1,medium,24.08,6,2,none,,59,https://www.musinsa.com/products/4521787
2026-09-01,루에브르,4524091,Quilted Lined Alpaca Jacket SW4WJ926-9C,0.0,0,329000,329000,329000,0,0,0.0,100.0,1,high,24.09,7,2,none,,59,https://www.musinsa.com/products/4524091
2026-09-01,본투윈,4525115,CAMO BRNTW SWEATSHIRTS [BLACK],0.14,9615,68600,68600,68600,0,0,0.0,100.0,1,high,24.08,6,2,none,,59,https://www.musinsa.com/products/4525115
2026-09-01,언더오프,4528315,어센틱 릴렉스드 맨투맨 스몰로고 스웨트 오트밀,0.0,0,34900,34900,31900,1,3000,9.4,100.0,1,medium,24.08,6,2,none,,59,https://www.musinsa.com/products/4528315
2026-09-01,솔트앤초콜릿,4530555,벨티드 울 핸드메이드 코트 그레이 4W244I001,0.0,0,138880,138880,173600,1,-34720,-20.0,100.0,1,medium,24.08,6,2,none,,59,https://www.musinsa.com/products/4530555
2026-09-01,드헤베,4535483,Hourglass Long Coat [Black],0.0,0,198140,198140,198140,0,0,0.0,100.0,1,high,24.08,5,2,none,,59,https://www.musinsa.com/products/4535483
2026-09-01,웬즈데이오아시스,4537019,플란넬 플리스 코듀로이 팬츠_BLACK,0.0,0,52500,52500,52500,0,0,0.0,100.0,1,high,24.09,7,2,none,,59,https://www.musinsa.com/products/4537019
2026-09-01,드로우핏,4538555,[오정규X드로우핏] 컨사이즈 울 원더 발마칸 코트 [MELANGE GREY],0.0,0,238400,238400,238400,0,0,0.0,100.0,1,high,24.08,5,2,none,,59,https://www.musinsa.com/products/4538555
2026-09-01,언탭트 스튜디오,4541307,[2PACK]원턱 와이드 코듀로이 밴딩 팬츠 3Color,0.53,26560,49900,49900,49900,0,0,0.0,100.0,1,high,24.01,7,2,none,,59,https://www.musinsa.com/products/4541307
2026-09-01,에이치덱스,4546811,더매스 212 피그먼트 조거 스웨트 팬츠 (Pigment Charcoal),0.0,0,75600,75600,75600,0,0,0.0,100.0,1,high,24.08,5,2,none,,59,https://www.musinsa.com/products/4546811
2026-09-01,시눈,4553467,Rose Artwork Shirt (Pink),0.0,0,77280,77280,77280,0,0,0.0,100.0,1,high,24.09,5,2,none,,59,https://www.musinsa.com/products/4553467
2026-09-01,시눈,4553787,Rose Frill Sweatshirt (Navy),0.0,0,44360,44360,44360,0,0,0.0,100.0,1,high,24.09,5,2,none,,59,https://www.musinsa.com/products/4553787
2026-09-01,무센트,4554619,메인 심볼 시그니처 맨투맨 (남녀공용),0.0,0,34930,34930,46410,1,-11480,-24.74,100.0,1,medium,24.08,6,2,none,,59,https://www.musinsa.com/products/4554619
2026-09-01,시그니처,4556475,레글런 컬러 후드[더스트그레이],0.0,0,53000,53000,53000,0,0,0.0,100.0,1,high,24.08,5,2,none,,59,https://www.musinsa.com/products/4556475
2026-09-01,와이케이,4575803,샤이 베이비 말티즈 키링,0.0,0,33750,33750,33750,0,0,0.0,100.0,1,high,24.01,7,2,none,,59,https://www.musinsa.com/products/4575803
2026-09-01,아틀리에 나인,4585403,WOOL HAIRY RIBBON CARDIGAN(CD-2162),0.0,0,88200,88200,88200,0,0,0.0,100.0,1,high,24.09,5,2,none,,59,https://www.musinsa.com/products/4585403
2026-09-01,썸웨어버터,4606843,Moody Wool Cardigan - Light Blue,0.0,0,101320,101320,101320,0,0,0.0,100.0,1,high,24.01,7,2,none,,59,https://www.musinsa.com/products/4606843
2026-09-01,썸웨어버터,4607163,Cashmere Basic Balaclava - 3Color,0.0,0,59000,59000,59000,0,0,0.0,100.0,1,high,24.01,7,2,none,,59,https://www.musinsa.com/products/4607163
2026-09-01,마인드브릿지 우먼,4611451,[ON][W]와이드 밴딩 데님 팬츠 - 5color,0.0,0,9900,9900,19900,1,-10000,-50.25,100.0,1,medium,24.09,5,2,none,,59,https://www.musinsa.com/products/4611451
2026-09-01,마인드브릿지 우먼,4613243,[W]두굿_숏다운점퍼 - 4color MYDJ82A1,0.0,0,151050,151050,151050,0,0,0.0,100.0,1,high,24.09,5,2,none,,59,https://www.musinsa.com/products/4613243
2026-09-01,마인드브릿지 우먼,4619643,[ON][W]여20MM소 가죽 캐주얼 벨트 - 5color,18.01,367662,20417,19900,29900,1,-10000,-33.44,100.0,1,medium,9.4,33,9,none,,59,https://www.musinsa.com/products/4619643
2026-09-01,아틀리에 나인,4620539,NORDICK HALF SLEEVE KNIT(T-6953),0.0,0,80100,80100,80100,0,0,0.0,100.0,1,high,24.09,5,2,none,,59,https://www.musinsa.com/products/4620539
2026-09-01,링서울,4623675,v-neck sleeveless dress-black,0.0,0,112680,112680,87640,1,25040,28.57,100.0,1,medium,24.01,7,2,none,,59,https://www.musinsa.com/products/4623675
2026-09-01,카키포인트,4630011,Ribbed Mini Shorts (gray),0.0,0,28080,28080,24960,1,3120,12.5,100.0,1,medium,24.09,7,2,none,,59,https://www.musinsa.com/products/4630011
2026-09-01,디앤에스알,4637435,베이직 라운드 가디건 레드,0.0,0,99200,99200,99200,0,0,0.0,100.0,1,high,24.09,5,2,none,,59,https://www.musinsa.com/products/4637435
2026-09-01,1993스튜디오,4637947,[CHODAN] 피그먼트 트랙 롱슬리브_라이트그레이,0.0,0,58500,58500,58500,0,0,0.0,100.0,1,high,24.08,6,2,none,,59,https://www.musinsa.com/products/4637947
2026-09-01,니티드,4645627,렛츠 러브 도넛 라운드 니트 BLACK,0.0,0,41580,41580,41580,0,0,0.0,100.0,1,high,24.08,5,2,none,,59,https://www.musinsa.com/products/4645627
2026-09-01,니티드,4645883,피그먼트 렛츠 러브 맨투맨 WASHING CHARCOAL,0.0,0,41580,41580,41580,0,0,0.0,100.0,1,high,24.08,5,2,none,,59,https://www.musinsa.com/products/4645883
2026-09-01,슬로우애시드,4648315,립밤 키링 [실버],0.23,3720,16200,16200,16200,0,0,0.0,100.0,1,high,24.08,5,2,none,,59,https://www.musinsa.com/products/4648315
2026-09-01,론론,4649019,HEART ARGYLE HEAVY CROP KNIT NAVY,0.0,0,134460,134460,149400,1,-14940,-10.0,100.0,1,medium,24.09,6,2,none,,59,https://www.musinsa.com/products/4649019
2026-09-01,카네이테이,4681723,MINIMAL MIL MESSENGER BAG M (BLACK) / UPCYCLED,0.0,0,62580,62580,96850,1,-34270,-35.38,100.0,1,medium,24.08,6,2,none,,59,https://www.musinsa.com/products/4681723
2026-09-01,트래블,4694267,프론트 백 워싱 데님 팬츠 블랙,0.0,0,47500,47500,47500,0,0,0.0,100.0,1,high,24.09,7,2,none,,59,https://www.musinsa.com/products/4694267
2026-09-01,나이스고스트클럽,4694587,PRETTY BOY HOODIE_BLUE(NG2FSUM405A),0.0,0,53400,53400,53400,0,0,0.0,100.0,1,high,24.01,7,2,none,,59,https://www.musinsa.com/products/4694587
2026-09-01,아워데이즈,4695291,프레디 투턱 와이드 생지 데님 [RAW BLACK],0.23,11386,49600,49600,49600,0,0,0.0,100.0,1,high,24.08,5,2,none,,59,https://www.musinsa.com/products/4695291
2026-09-01,에이치덱스,4695547,우먼스 래글런 크롭 숏 슬리브 (Charcoal),0.0,0,31200,31200,31200,0,0,0.0,100.0,1,high,24.08,5,2,none,,59,https://www.musinsa.com/products/4695547
2026-09-01,아틀리에 나인,4697275,ESSENTIAL WOOL WARM CARDIGAN(CD-2171),0.0,0,71100,71100,71100,0,0,0.0,100.0,1,high,24.09,5,2,none,,59,https://www.musinsa.com/products/4697275
2026-09-01,파브레가,4699515,퍼니셔 체크 셔츠 (아이보리),0.46,31806,69300,69300,69300,0,0,0.0,100.0,1,high,24.08,5,2,none,,59,https://www.musinsa.com/products/4699515
2026-09-01,꼼파뇨,4703803,[2-WAY] 바시티 스냅 가디건 네이비,0.0,0,59800,59800,50610,1,9190,18.16,100.0,1,medium,24.08,5,2,none,,59,https://www.musinsa.com/products/4703803
2026-09-01,엘무드,4705467,트위즐러 오간자 블루종 자켓 블랙,0.0,0,109000,109000,98100,1,10900,11.11,100.0,1,medium,24.08,6,2,none,,59,https://www.musinsa.com/products/4705467
2026-09-01,마인드브릿지,4705787,테이퍼드 밴딩 데님 팬츠,0.0,0,53900,53900,53900,0,0,0.0,100.0,1,high,24.08,5,2,none,,59,https://www.musinsa.com/products/4705787
2026-09-01,키르시,4716923,키르시 플레인 스트라이프 루즈핏 셔츠 [스카이],0.0,0,53400,53400,53400,0,0,0.0,100.0,1,high,24.08,6,2,none,,59,https://www.musinsa.com/products/4716923
2026-09-01,세터,4718587,클래식 로고 볼캡 스카이 블루,0.0,0,69000,69000,69000,0,0,0.0,100.0,1,high,24.09,5,2,none,,59,https://www.musinsa.com/products/4718587
2026-09-01,트래블,4721211,체크 칼라드 파이핑 자켓 그린,0.0,0,59500,59500,59500,0,0,0.0,100.0,1,high,24.09,7,2,none,,59,https://www.musinsa.com/products/4721211
2026-09-01,낫포너드,4725499,Forbidden Embers Pullover Hood - Navy,0.0,0,37000,37000,37000,0,0,0.0,100.0,1,high,24.08,5,2,none,,59,https://www.musinsa.com/products/4725499
2026-09-01,레더리,4726459,빈티지 벨티드 숄더백 [WASHED IV],0.0,0,44800,44800,39200,1,5600,14.29,100.0,1,medium,24.08,5,2,none,,59,https://www.musinsa.com/products/4726459
2026-09-01,카네이테이,4728827,NO BOUNDARIES HOOD ZIP-UP (OLIVE),0.0,0,41300,41300,74250,1,-32950,-44.38,100.0,1,medium,24.08,6,2,none,,59,https://www.musinsa.com/products/4728827
2026-09-01,알리스,4729467,시그니처 로고 세미 슬림 타이 [솔리드블랙],0.0,0,22610,22610,23680,1,-1070,-4.52,100.0,1,medium,24.08,5,2,none,,59,https://www.musinsa.com/products/4729467
2026-09-01,제너럴아이디어,4731323,UNISEX 롱슬리브 보더 티셔츠 [DUST BLUE] / SBE1U01003,0.0,0,31320,31320,31320,0,0,0.0,100.0,1,high,24.08,6,2,none,,59,https://www.musinsa.com/products/4731323
2026-09-01,아틀리에 나인,4732795,ESSENTIAL WOOL FIA KNIT(T-7035),0.0,0,56880,56880,68970,1,-12090,-17.53,100.0,1,medium,24.09,5,2,none,,59,https://www.musinsa.com/products/4732795
2026-09-01,유니온블루,4733307,HARD TWIST COTTON RIBBED KNIT [MAUVE BROWN],0.0,0,79380,79380,93100,1,-13720,-14.74,100.0,1,medium,24.08,6,2,none,,59,https://www.musinsa.com/products/4733307
2026-09-01,노매뉴얼,4734267,B.C.L DENIM PANTS - WASHED BLACK,0.89,84333,94500,94500,94500,0,0,0.0,100.0,1,high,24.08,5,2,none,,59,https://www.musinsa.com/products/4734267
2026-09-01,노매뉴얼,4734395,NM ENGINE T-SHIRT - DARK NAVY,0.0,0,27300,27300,27300,0,0,0.0,89.56,0,low,24.08,4,1,none,,59,https://www.musinsa.com/products/4734395
2026-09-01,오헤시오,4737659,"SHIRT HOODED ZIP-UP, PURPLE CHECK",0.0,0,188100,188100,142560,1,45540,31.94,100.0,1,medium,24.09,7,2,none,,59,https://www.musinsa.com/products/4737659
2026-09-01,1993스튜디오,4741243,어센틱 아치 로고 스웨트셔츠_블랙,0.0,0,55000,55000,57000,1,-2000,-3.51,100.0,1,medium,24.09,6,2,none,,59,https://www.musinsa.com/products/4741243
2026-09-01,러프사이드,4741755,Shirring Shirt Dark Navy,0.0,0,128000,128000,128000,0,0,0.0,100.0,1,high,24.09,5,2,none,,59,https://www.musinsa.com/products/4741755
2026-09-01,글로니,4749691,WILLY POP PANTS (WHITE STRIPE),0.0,0,98000,98000,98000,0,0,0.0,100.0,1,high,24.09,6,2,none,,59,https://www.musinsa.com/products/4749691
2026-09-01,론론,4749883,KNOT V NECK SHORT SLEEVE KNIT IVORY,0.0,0,62370,62370,43120,1,19250,44.64,100.0,1,medium,24.09,6,2,none,,59,https://www.musinsa.com/products/4749883
2026-09-01,락케이크,4753979,Basic Slit Logo Crop Top - Black,0.0,0,16900,16900,16900,0,0,0.0,100.0,1,high,24.09,7,2,none,,59,https://www.musinsa.com/products/4753979
2026-09-01,커버낫,4756475,슬럽 아치 로고 롱슬리브 Black,0.4,11649,29400,31500,29400,1,2100,7.14,100.0,1,medium,24.08,6,2,none,,59,https://www.musinsa.com/products/4756475
2026-09-01,커버낫,4756603,C 로고 데님 셔츠 Indigo,0.0,0,71280,71280,59400,1,11880,20.0,100.0,1,medium,24.08,6,2,none,,59,https://www.musinsa.com/products/4756603
2026-09-01,스컬프터,4756987,Two Way Cable Cardigan Red,0.0,0,92160,92160,115200,1,-23040,-20.0,100.0,1,medium,24.08,6,2,none,,59,https://www.musinsa.com/products/4756987
2026-09-01,더니트컴퍼니,4758203,(W) 파인 울 카라 니트 3color,0.0,0,219000,219000,219000,0,0,0.0,100.0,1,high,24.08,5,2,none,,59,https://www.musinsa.com/products/4758203
2026-09-01,파르티멘토 우먼,4760059,PWC 버튼업 와이드립 가디건_아이보리,0.0,0,46980,46980,36540,1,10440,28.57,100.0,1,medium,24.08,5,2,none,,59,https://www.musinsa.com/products/4760059
2026-09-01,미세키서울,4761211,Ribbed layered cardigan knit CHARCOAL,0.0,0,120870,120870,120870,0,0,0.0,100.0,1,high,24.08,5,2,none,,59,https://www.musinsa.com/products/4761211
2026-09-01,플리즈노팔로우,4763195,Bunny Snap Button Top ( Ver.1 ) (Pink),0.0,0,64800,64800,61200,1,3600,5.88,100.0,1,medium,24.08,9,3,none,,59,https://www.musinsa.com/products/4763195
2026-09-01,에이치덱스,4763643,우먼스 어시스트 밴딩 브라탑 (Black),0.0,0,39200,39200,39200,0,0,0.0,100.0,1,high,24.08,5,2,none,,59,https://www.musinsa.com/products/4763643
2026-09-01,에이치덱스,4763771,우먼스 스포티 링거 브이넥 숏 슬리브 (Black),0.77,25808,33600,33600,33600,0,0,0.0,100.0,1,high,24.08,5,2,none,,59,https://www.musinsa.com/products/4763771
2026-09-01,스키즘 인듀싱,4765819,DENIM BIG CARGO PANTS BLUE,0.0,0,142800,142800,166600,1,-23800,-14.29,100.0,1,medium,24.09,6,2,none,,59,https://www.musinsa.com/products/4765819
2026-09-01,스키즘 인듀싱,4766075,METAL SLEEVELESS BLACK,0.0,0,55250,55250,58500,1,-3250,-5.56,100.0,1,medium,24.09,6,2,none,,59,https://www.musinsa.com/products/4766075
2026-09-01,디스이즈네버댓,4767483,UL Mini Bag Olive,0.0,0,31500,31500,31500,0,0,0.0,100.0,1,low,24.08,6,2,none,,59,https://www.musinsa.com/products/4767483
2026-09-01,디스이즈네버댓,4767547,Overdyed Corduroy Short Slate,0.0,0,54500,54500,54500,0,0,0.0,100.0,1,high,24.08,6,2,none,,59,https://www.musinsa.com/products/4767547
2026-09-01,디스이즈네버댓,4767611,Regular Jeans Grey,0.0,0,139000,139000,139000,0,0,0.0,100.0,1,high,24.09,6,2,none,,59,https://www.musinsa.com/products/4767611
2026-09-01,인사일런스 우먼,4767931,쉬어 나일론 트렌치 DARK GREY,0.0,0,212400,212400,212400,0,0,0.0,100.0,1,high,24.09,6,2,none,,59,https://www.musinsa.com/products/4767931
2026-09-01,세터,4768891,로턴 올 데이 트랙 팬츠 크림 블랙,0.0,0,139000,139000,139000,0,0,0.0,100.0,1,high,24.09,5,2,none,,59,https://www.musinsa.com/products/4768891
2026-09-01,유니폼브릿지,4772987,anchor sweatshirt navy,0.0,0,31600,31600,31600,0,0,0.0,100.0,1,high,24.08,6,2,none,,59,https://www.musinsa.com/products/4772987
2026-09-01,유니폼브릿지,4773051,leather car coat black washed,0.0,0,139500,139500,139500,0,0,0.0,100.0,1,high,24.08,6,2,none,,59,https://www.musinsa.com/products/4773051
2026-09-01,프리즘웍스,4773243,CP WIDE DENIM PANTS _ BLACK,0.0,0,53400,53400,53400,0,0,0.0,100.0,1,high,24.09,6,2,none,,59,https://www.musinsa.com/products/4773243
2026-09-01,아메스 월드와이드,4773435,VINTAGE STAR TEE CREAM,0.43,11815,27300,19110,27300,1,-8190,-30.0,100.0,1,low,37.91,6,3,none,,59,https://www.musinsa.com/products/4773435
2026-09-01,아메스 월드와이드,4773563,CHECK SHORTSLEEVE SHIRTS PINK,0.0,0,33810,33810,48300,1,-14490,-30.0,100.0,1,medium,24.08,5,2,none,,59,https://www.musinsa.com/products/4773563
2026-09-01,9999아카이브,4774203,Grunge Bone Logo T,0.0,0,44100,44100,44100,0,0,0.0,100.0,1,high,24.01,7,2,none,,59,https://www.musinsa.com/products/4774203
2026-09-01,모즈모즈,4779771,어깨 절개 무지 오버핏 피그먼트 반팔티셔츠 베이지,0.0,0,22500,22500,22500,0,0,0.0,100.0,1,high,24.09,5,2,none,,59,https://www.musinsa.com/products/4779771
2026-09-01,틸아이다이,4780603,Mix stripe heart logo t-shirt_Blue,0.0,0,46030,46030,46030,0,0,0.0,100.0,1,high,24.08,6,2,none,,59,https://www.musinsa.com/products/4780603
2026-09-01,모즈모즈,4782139,락멍이 오버핏 반팔티셔츠 화이트,0.0,0,30400,30400,30400,0,0,0.0,100.0,1,high,24.09,5,2,none,,59,https://www.musinsa.com/products/4782139
2026-09-01,데케트,4783803,Chambray Over Shirt DCSH008LightBlue,0.0,0,45500,45500,45500,0,0,0.0,100.0,1,high,24.08,5,2,none,,59,https://www.musinsa.com/products/4783803
2026-09-01,웬즈데이오아시스,4783931,빈티지 크랙 오아시스 스웨트셔츠_3Color(W25-TP03),0.0,0,46200,46200,46200,0,0,0.0,100.0,1,high,24.09,7,2,none,,59,https://www.musinsa.com/products/4783931
2026-09-01,나이스고스트클럽,4785147,FFATS ROUND COLLAR SHIRT_YELLOW(NG2FSUW300A),0.0,0,58860,58860,45780,1,13080,28.57,100.0,1,medium,24.01,7,2,none,,59,https://www.musinsa.com/products/4785147
2026-09-01,파르티멘토 우먼,4790139,레이스 펀칭 90s 숏슬리브 티_화이트,0.0,0,31590,31590,24570,1,7020,28.57,100.0,1,medium,24.08,5,2,none,,59,https://www.musinsa.com/products/4790139
2026-09-01,슈퍼서브,4795643,SWAVER 로고 데끼 스웨트셔츠 - 피그먼트 차콜,0.0,0,49900,49900,49900,0,0,0.0,100.0,1,high,24.08,5,2,none,,59,https://www.musinsa.com/products/4795643
2026-09-01,디미트리블랙,4796667,에센셜 피그먼트 와플 후드 티셔츠_네이비,0.0,0,39900,39900,39900,0,0,0.0,100.0,1,high,24.08,6,2,none,,59,https://www.musinsa.com/products/4796667
2026-09-01,커버낫,4797051,[스탠다드 핏] 아치 로고 빈티지 아트웍 볼캡 Blue,0.0,0,26330,26330,29250,1,-2920,-9.98,100.0,1,medium,24.08,6,2,none,,59,https://www.musinsa.com/products/4797051
2026-09-01,커버낫,4797819,헨리넥 롱슬리브 Ivory,0.0,0,35100,35100,34500,1,600,1.74,100.0,1,medium,24.08,6,2,none,,59,https://www.musinsa.com/products/4797819
2026-09-01,커버낫,4797883,어센틱 로고 후드집업 Melange Gray,0.0,0,78480,78480,70850,1,7630,10.77,100.0,1,medium,24.08,6,2,none,,59,https://www.musinsa.com/products/4797883
2026-09-01,아캄,4798651,Contrast Logo Button Hoodie (Brown),0.0,0,110700,110700,110700,0,0,0.0,35.38,0,low,23.99,5,1,none,,59,https://www.musinsa.com/products/4798651
2026-09-01,본투윈,4799355,WASHED DENIM OVER FIT SHIRTS [MID DENIM],0.0,0,149000,149000,149000,0,0,0.0,85.91,0,low,24.09,6,1,none,,59,https://www.musinsa.com/products/4799355
2026-09-01,브렌슨,4806459,( Waffle ) 스트링 와이드 와플 팬츠 ( 4Color ),1.6,47848,29900,29900,29900,0,0,0.0,100.0,1,high,24.09,6,2,none,,59,https://www.musinsa.com/products/4806459
2026-09-01,언더오프,4813435,오버핏 스웨트 후디 캐피탈 런던 화이트멜란지,0.0,0,42900,42900,27920,1,14980,53.65,100.0,1,medium,24.08,6,2,none,,59,https://www.musinsa.com/products/4813435
2026-09-01,트리밍버드,4814075,Distressed Leather Set-up Shorts [ Black ],0.0,0,189000,189000,189000,0,0,0.0,100.0,1,high,24.09,6,2,none,,59,https://www.musinsa.com/products/4814075
2026-09-01,낫포너드,4814203,Curved Semi Wide Denim Pants - Deep Indigo,1.0,52959,53100,53100,53100,0,0,0.0,100.0,1,high,24.08,5,2,none,,59,https://www.musinsa.com/products/4814203
2026-09-01,해칭룸,4814907,VTG Double knee Pants Khaki,0.0,0,182400,182400,182400,0,0,0.0,100.0,1,high,24.08,5,2,none,,59,https://www.musinsa.com/products/4814907
2026-09-01,러브이즈트루,4823227,[MARIE] LAYERED SHORT SKIRT(WHITE),0.0,0,34810,34810,34810,0,0,0.0,100.0,1,high,24.01,7,2,none,,59,https://www.musinsa.com/products/4823227
2026-09-01,칙스,4827323,버뮤다 와이드 코튼 팬츠 아이보리,0.0,0,39900,39900,39900,0,0,0.0,100.0,1,high,24.09,6,2,none,,59,https://www.musinsa.com/products/4827323
2026-09-01,꼼파뇨,4828987,DTP 러브 펜스 반팔티 화이트,0.0,0,33800,33800,26000,1,7800,30.0,100.0,1,medium,24.08,5,2,none,,59,https://www.musinsa.com/products/4828987
2026-09-01,에이치덱스,4837243,솔리드 버뮤다 쇼츠 (Deep Red),1.54,97123,63200,63200,63200,0,0,0.0,77.11,0,low,24.08,4,1,none,,59,https://www.musinsa.com/products/4837243
2026-09-01,플리즈노팔로우,4841211,Megan Patch Long Sleeve Top (Charcoal),0.0,0,71200,71200,66750,1,4450,6.67,100.0,1,medium,24.08,6,2,none,,59,https://www.musinsa.com/products/4841211
2026-09-01,무센트,4853883,시그니처 로고 리유저블 보틀,0.0,0,11130,11130,14790,1,-3660,-24.75,100.0,1,medium,24.08,6,2,none,,59,https://www.musinsa.com/products/4853883
2026-09-01,디스이즈네버댓,4854779,Overdyed NEVER Cap Beige,0.6,16540,27500,27500,27500,0,0,0.0,100.0,1,high,24.08,6,2,none,,59,https://www.musinsa.com/products/4854779
2026-09-01,로제프란츠,4860539,Puff Hairy Half Cardigan [Cream],0.0,0,30360,30360,26570,1,3790,14.26,100.0,1,medium,24.08,5,2,none,,59,https://www.musinsa.com/products/4860539
2026-09-01,1993스튜디오,4862395,빈티지 카모 스트링 짐색_카모,0.0,0,79000,79000,79000,0,0,0.0,100.0,1,high,24.08,6,2,none,,59,https://www.musinsa.com/products/4862395
2026-09-01,로제프란츠,4863739,Leopard Big Bag [Black],0.0,0,37400,37400,32730,1,4670,14.27,100.0,1,medium,24.08,5,2,none,,59,https://www.musinsa.com/products/4863739
2026-09-01,론론,4865659,DOT PATTERN BANDING KNIT MINI SKIRT CHARCOAL PINK DOT,0.0,0,62370,62370,43120,1,19250,44.64,100.0,1,medium,24.09,6,2,none,,59,https://www.musinsa.com/products/4865659
2026-09-01,틸아이다이,4865787,Danna coloring collar gold button jumper_Sand Beige,0.0,0,180080,180080,180080,0,0,0.0,100.0,1,high,24.09,6,2,none,,59,https://www.musinsa.com/products/4865787
2026-09-01,인사일런스 우먼,4876411,슬릭 스트랩 팬츠 ASH BEIGE,0.0,0,151200,151200,151200,0,0,0.0,100.0,1,high,24.09,6,2,none,,59,https://www.musinsa.com/products/4876411
2026-09-01,드릭스,4888315,맥시 와이드 스웨트 버뮤다 쇼츠_멜란지 화이트,0.0,0,29580,29580,34800,1,-5220,-15.0,100.0,1,medium,24.09,6,2,none,,59,https://www.musinsa.com/products/4888315
2026-09-01,2000아카이브스,4889275,ARC RACING JACKET (BEIGE),0.0,0,151080,151080,137340,1,13740,10.0,100.0,1,medium,24.08,6,2,none,,59,https://www.musinsa.com/products/4889275
2026-09-01,에이치덱스,4893115,우먼스 레이어 피그먼트 크롭 숏 슬리브 (Pigment charcoal),0.0,0,36000,36000,36000,0,0,0.0,100.0,1,high,24.08,5,2,none,,59,https://www.musinsa.com/products/4893115
2026-09-01,플랙,4893819,미니 로고 스웨트셔츠_4colors,0.0,0,45000,45000,45000,0,0,0.0,100.0,1,high,24.08,6,2,none,,59,https://www.musinsa.com/products/4893819
2026-09-01,더바넷,4893947,Cloudy Wind Set-Up Pants_White,0.0,0,103680,103680,103680,0,0,0.0,100.0,1,high,24.08,5,2,none,,59,https://www.musinsa.com/products/4893947
2026-09-01,슬로우애시드,4898171,아웃 포켓 버뮤다 카고 코튼 쇼츠 [카키],0.0,0,27600,27600,27600,0,0,0.0,100.0,1,high,24.08,5,2,none,,59,https://www.musinsa.com/products/4898171
2026-09-01,마인드브릿지,4898363,릴랙스핏 풀 밴딩 하프 팬츠 - 2color,0.1,2584,24900,24900,24900,0,0,0.0,100.0,1,low,24.08,5,2,none,,59,https://www.musinsa.com/products/4898363
2026-09-01,론론,4900667,FRILL SHIRRING SLEEVE T SHIRT (2color),0.0,0,53460,53460,42240,1,11220,26.56,100.0,1,medium,24.09,6,2,none,,59,https://www.musinsa.com/products/4900667
2026-09-01,어반드레스,4902395,Thin Bootscut Pants DEEP BLUE,0.0,0,56100,56100,56100,0,0,0.0,100.0,1,low,48.09,5,1,none,,59,https://www.musinsa.com/products/4902395
2026-09-01,넌블랭크,4905851,[여름]울 텐셀 언컨 셋업_BLACK,0.0,0,190400,190400,190400,0,0,0.0,100.0,1,high,24.01,7,2,none,,59,https://www.musinsa.com/products/4905851
2026-09-01,디스이즈네버댓,4905915,Washed Denim S/S Shirt Grey,0.0,0,87200,87200,76300,1,10900,14.29,100.0,1,medium,24.08,6,2,none,,59,https://www.musinsa.com/products/4905915
2026-09-01,넌블랭크,4906107,[여름]하이쿨 세미 오버 핏 셋업_BLACK,0.0,0,190400,190400,190400,0,0,0.0,100.0,1,high,24.01,7,2,none,,59,https://www.musinsa.com/products/4906107
2026-09-01,파르티멘토 우먼,4907963,트랜스폼 더블니 패치 진_미드 블루,0.0,0,104490,104490,81270,1,23220,28.57,100.0,1,medium,24.08,5,2,none,,59,https://www.musinsa.com/products/4907963
2026-09-01,커버낫,4913979,센터 어센틱 티셔츠 Lime,0.0,0,24960,24960,25350,1,-390,-1.54,100.0,1,medium,24.08,6,2,none,,59,https://www.musinsa.com/products/4913979
2026-09-01,커버낫,4914427,C 로고 피그먼트 옥스포드 하프 셔츠 Blue,0.0,0,49770,49770,39110,1,10660,27.26,100.0,1,medium,24.08,6,2,none,,59,https://www.musinsa.com/products/4914427
2026-09-01,코드그라피,4922235,(우먼) 스몰 스퀘어 로고 링거 반소매 티셔츠_화이트,0.0,0,30800,30800,30800,0,0,0.0,100.0,1,high,24.08,5,2,none,,59,https://www.musinsa.com/products/4922235
2026-09-01,바우로 프로덕트,4924475,소프트 반폴라 반팔 니트 [아이보리],0.77,30667,39900,39900,39900,0,0,0.0,100.0,1,high,24.08,5,2,none,,59,https://www.musinsa.com/products/4924475
2026-09-01,밀로 아카이브,4924667,볼드 키 티셔츠 [버건디],0.0,0,33600,33600,43200,1,-9600,-22.22,100.0,1,medium,24.01,7,2,none,,59,https://www.musinsa.com/products/4924667
2026-09-01,밀로 아카이브,4924923,버티컬 웨이브 셔츠 [네이비],0.0,0,75600,75600,68040,1,7560,11.11,47.73,0,low,24.01,7,1,none,,59,https://www.musinsa.com/products/4924923
2026-09-01,일꼬르소,4936187,벤투라 버뮤다 팬츠 크림 베이지 IEPA5E403I1,0.0,0,59400,59400,59400,0,0,0.0,100.0,1,high,24.09,6,2,none,,59,https://www.musinsa.com/products/4936187
2026-09-01,필루미네이트,4942011,버뮤다 빅 데님 쇼츠-인디고,0.0,0,39000,39000,39000,0,0,0.0,100.0,1,high,24.01,7,2,none,,59,https://www.musinsa.com/products/4942011
2026-09-01,아웃스탠딩,4947323,HS STRIPE CREW NECK KNIT_IVORY,0.0,0,29000,29000,29000,0,0,0.0,100.0,1,high,24.08,6,2,none,,59,https://www.musinsa.com/products/4947323
2026-09-01,아웃스탠딩,4947387,VINTAGE LINEN COTTON OPEN COLLAR SHIRT_L.BLUE,0.0,0,86400,86400,76800,1,9600,12.5,100.0,1,low,24.08,5,2,none,,59,https://www.musinsa.com/products/4947387
2026-09-01,데케트,4948091,[린넨라이크]Linen Like Mid Rise Wide Jeans DCPT039RustBrown,0.0,0,37000,37000,37000,0,0,0.0,100.0,1,high,24.08,5,2,none,,59,https://www.musinsa.com/products/4948091
2026-09-01,데케트,4948219,Chambray Over Hood Short Shirt DCSH013LightBlue,0.0,0,31000,31000,31000,0,0,0.0,100.0,1,high,24.08,5,2,none,,59,https://www.musinsa.com/products/4948219
2026-09-01,어반드레스,4949243,Paren Nylon Pants - 4COL,0.0,0,63750,63750,63750,0,0,0.0,100.0,1,high,24.09,6,2,none,,59,https://www.musinsa.com/products/4949243
2026-09-01,필루미네이트,4949819,모션 고스트 티셔츠-블랙,0.0,0,24000,24000,24000,0,0,0.0,100.0,1,high,24.01,7,2,none,,59,https://www.musinsa.com/products/4949819
2026-09-01,코드그라피,4954043,(우먼) 라인 크롭 반팔 티셔츠_오프화이트,0.0,0,22000,22000,22000,0,0,0.0,100.0,1,high,24.08,5,2,none,,59,https://www.musinsa.com/products/4954043
2026-09-01,에이치덱스,4958331,베이직 투톤 코튼 볼캡 (Green),0.0,0,39000,39000,39000,0,0,0.0,100.0,1,high,24.08,5,2,none,,59,https://www.musinsa.com/products/4958331
2026-09-01,더니트컴퍼니,4958779,(M) 소프트 실크 블렌드 모크넥 니트 2color,1.13,107061,94500,94500,94500,0,0,0.0,57.02,0,low,9.04,8,4,none,,59,https://www.musinsa.com/products/4958779
2026-09-01,해비즘,4960827,LAYERED SWEAT SKIRT PANTS(GREY),0.0,0,36000,36000,31500,1,4500,14.29,100.0,1,medium,24.01,7,2,none,,59,https://www.musinsa.com/products/4960827
2026-09-01,디앤에스알,4964987,스트라이프 롱슬리브 블랙,0.0,0,64800,64800,64800,0,0,0.0,100.0,1,high,24.09,5,2,none,,59,https://www.musinsa.com/products/4964987
2026-09-01,벨리에,4967547,브러쉬드 탐 가디건 - 네이비 스트라이프,0.0,0,169100,169100,169100,0,0,0.0,100.0,1,high,24.09,5,2,none,,59,https://www.musinsa.com/products/4967547
2026-09-01,디스이즈네버댓,4968507,Hamburger W Tee Oatmeal,0.0,0,20800,20800,20800,0,0,0.0,100.0,1,high,24.08,6,2,none,,59,https://www.musinsa.com/products/4968507
2026-09-01,언더오프,4973947,오버핏 래글런 반팔 티셔츠 브라운,0.0,0,19900,19900,19900,0,0,0.0,100.0,1,high,24.08,6,2,none,,59,https://www.musinsa.com/products/4973947
2026-09-01,커버낫,4974331,워싱 데님 하프 셔츠 Blue,0.0,0,62100,62100,49500,1,12600,25.45,100.0,1,medium,24.09,6,2,none,,59,https://www.musinsa.com/products/4974331
2026-09-01,바우프,4992379,B 사이드 로고 볼캡 [도트 그레이],0.0,0,46750,46750,46750,0,0,0.0,100.0,1,high,24.08,5,2,none,,59,https://www.musinsa.com/products/4992379
2026-09-01,굿라이프웍스,4999867,빈티지 워시드 케이블 하프 니트 차콜,0.0,0,34300,34300,34300,0,0,0.0,100.0,1,high,24.09,5,2,none,,59,https://www.musinsa.com/products/4999867
2026-09-01,굿라이프웍스,4999995,G 아치 로고 캡 크림,0.0,0,25900,25900,25900,0,0,0.0,100.0,1,high,24.09,5,2,none,,59,https://www.musinsa.com/products/4999995
2026-09-01,1993스튜디오,5008379,[LG트윈스x1993스튜디오] 핀 스트라이프 후드 윈드브레이커_블랙,0.0,0,132000,132000,132000,0,0,0.0,100.0,1,high,24.08,6,2,none,,59,https://www.musinsa.com/products/5008379
2026-09-01,트래블,5012731,져지 하프넥 아노락 블랙,0.0,0,28000,28000,28000,0,0,0.0,100.0,1,high,24.09,7,2,none,,59,https://www.musinsa.com/products/5012731
2026-09-01,와르,5015355,M1058 버뮤다 스웻 팬츠 (4COLORS),0.14,2545,18000,18000,18000,0,0,0.0,100.0,1,high,24.08,6,2,none,,59,https://www.musinsa.com/products/5015355
2026-09-01,아캄,5017659,OTAKU Boucle Ringer Top (White),0.0,0,48300,48300,55200,1,-6900,-12.5,100.0,1,medium,24.09,5,2,none,,59,https://www.musinsa.com/products/5017659
2026-09-01,미세키서울,5024891,Misekiseoul classic socks BLACK,0.0,0,15300,15300,15300,0,0,0.0,100.0,1,high,24.08,5,2,none,,59,https://www.musinsa.com/products/5024891
2026-09-01,카키포인트,5027643,Antique Tweed Shorts (ivory),0.0,0,92570,92570,82280,1,10290,12.51,100.0,1,medium,24.09,7,2,none,,59,https://www.musinsa.com/products/5027643
2026-09-01,루에브르,5028155,Hale Mules HA5SC011-9P,0.0,0,229000,229000,229000,0,0,0.0,100.0,1,high,24.09,7,2,none,,59,https://www.musinsa.com/products/5028155
2026-09-01,넌블랭크,5028987,DANDELION HS 티셔츠_BROWN,0.0,0,53520,53520,53520,0,0,0.0,100.0,1,high,24.01,7,2,none,,59,https://www.musinsa.com/products/5028987
2026-09-01,세터,5029499,스트라이프 칼라 반팔 티셔츠 아이보리 블루,0.0,0,129000,129000,129000,0,0,0.0,100.0,1,high,24.09,5,2,none,,59,https://www.musinsa.com/products/5029499
2026-09-01,세터,5029691,(W) 로턴 트랙 원피스 크림,0.0,0,149000,149000,149000,0,0,0.0,100.0,1,high,24.09,5,2,none,,59,https://www.musinsa.com/products/5029691
2026-09-01,웬즈데이오아시스,5030459,시그니처 커브 로고 반팔 티셔츠_NAVY(W25-TP21),0.0,0,27300,27300,27300,0,0,0.0,100.0,1,high,24.09,7,2,none,,59,https://www.musinsa.com/products/5030459
2026-09-01,웬즈데이오아시스,5030715,원마일 트랙 숏 팬츠_RED(W25-PT15),0.0,0,25200,25200,25200,0,0,0.0,100.0,1,high,24.09,7,2,none,,59,https://www.musinsa.com/products/5030715
2026-09-01,커버낫,5035131,시티 티셔츠 Navy,0.0,0,35100,35100,39000,1,-3900,-10.0,100.0,1,medium,24.08,6,2,none,,59,https://www.musinsa.com/products/5035131
2026-09-01,썸웨어버터,5035451,Lovey Button Cardigan - Grey,0.53,33651,63000,63000,63000,0,0,0.0,100.0,1,high,24.01,7,2,none,,59,https://www.musinsa.com/products/5035451
2026-09-01,썸웨어버터,5035835,Champ Stripe Knit - Pink,0.0,0,89000,89000,62300,1,26700,42.86,100.0,1,medium,24.01,7,2,none,,59,https://www.musinsa.com/products/5035835
2026-09-01,유니온블루,5036539,HARD TWIST HENLEY-NECK HALF KNIT [GRAPHITE],0.0,0,60440,60440,71100,1,-10660,-14.99,100.0,1,medium,24.08,6,2,none,,59,https://www.musinsa.com/products/5036539
2026-09-01,로제프란츠,5037819,Rose Balloon Mini Dress [Charcoal],0.0,0,82080,82080,71820,1,10260,14.29,100.0,1,medium,24.08,5,2,none,,59,https://www.musinsa.com/products/5037819
2026-09-01,유니폼브릿지,5038459,naval stripe pocket s/s tee yellow,0.0,0,47400,47400,39500,1,7900,20.0,100.0,1,medium,24.08,6,2,none,,59,https://www.musinsa.com/products/5038459
2026-09-01,유니폼브릿지,5038715,bowling s/s shirt indi pink,0.0,0,59600,59600,44710,1,14890,33.3,100.0,1,medium,24.09,6,2,none,,59,https://www.musinsa.com/products/5038715
2026-09-01,해비즘,5039547,DOUBLE LACE S/S TEE(RED),0.0,0,26000,26000,26000,0,0,0.0,100.0,1,high,24.01,7,2,none,,59,https://www.musinsa.com/products/5039547
2026-09-01,인사일런스,5041403,다잉 카고 치노 쇼츠 BEIGE,0.0,0,111600,111600,111600,0,0,0.0,100.0,1,high,24.09,6,2,none,,59,https://www.musinsa.com/products/5041403
2026-09-01,무센트,5041723,펜타 사이드 핀턱 데님 팬츠 남녀공용 (2컬러),2.6,99862,38450,34930,46410,1,-11480,-24.74,100.0,1,medium,24.09,10,2,none,,59,https://www.musinsa.com/products/5041723
2026-09-01,러브이즈트루,5042875,SM RABBIT BALL CAP(WHITE),0.0,0,43200,43200,,0,,,47.68,0,low,24.01,3,1,none,,59,https://www.musinsa.com/products/5042875
2026-09-01,러브이즈트루,5043067,SM LAYERED LACE SLEEVELESS(RED),0.0,0,29990,29990,24700,1,5290,21.42,100.0,1,medium,24.01,7,2,none,,59,https://www.musinsa.com/products/5043067
2026-09-01,드헤베,5051963,Shirring Lace Sleeveless [Gray],0.0,0,45600,45600,45600,0,0,0.0,100.0,1,high,24.08,5,2,none,,59,https://www.musinsa.com/products/5051963
2026-09-01,스컬프터,5052923,Chateau Shithole Tie Tee White,0.0,0,48000,48000,60000,1,-12000,-20.0,100.0,1,medium,24.08,6,2,none,,59,https://www.musinsa.com/products/5052923
2026-09-01,유니온블루,5056699,VTG NEWYORK LOGO PRINTED T-SHIRT [CHARCOAL],0.14,7390,52200,44370,52200,1,-7830,-15.0,100.0,1,medium,24.08,6,2,none,,59,https://www.musinsa.com/products/5056699
2026-09-01,트리밍버드,5059067,Two-Layer Overlap Dress [ White ],0.0,0,198000,198000,198000,0,0,0.0,100.0,1,high,24.09,6,2,none,,59,https://www.musinsa.com/products/5059067
2026-09-01,론론,5063867,FRILL SHIRRING SLEEVELESS BLACK DOT,0.0,0,44550,44550,30800,1,13750,44.64,100.0,1,medium,24.09,6,2,none,,59,https://www.musinsa.com/products/5063867
2026-09-01,필루미네이트,5065211,모노라인 스트라이프 티셔츠-블랙,0.0,0,29000,29000,29000,0,0,0.0,100.0,1,high,24.01,7,2,none,,59,https://www.musinsa.com/products/5065211
2026-09-01,로템버,5065531,[데일리룸 X 로템버] 오디너리 크롭 스트라이프 하프 셔츠 [WHITE] 단품/SET,0.5,21717,43520,43520,43520,0,0,0.0,100.0,1,low,48.09,9,1,none,,59,https://www.musinsa.com/products/5065531
2026-09-01,리메인세컨드,5066939,버뮤다 와이드 원턱 데님 밴딩 쇼츠 [샌드블루],0.0,0,18900,18900,18900,0,0,0.0,100.0,1,high,24.09,5,2,none,,59,https://www.musinsa.com/products/5066939
2026-09-01,드로우핏,5068731,[DRAW FIT X MANJAE] 리브드 헨리넥 하프 티셔츠 [IVORY],2.31,83074,36000,36000,36000,0,0,0.0,100.0,1,high,24.08,10,2,none,,59,https://www.musinsa.com/products/5068731
2026-09-01,후드후드,5070779,[최겨울pick] H 로고 반팔티셔츠 카모,0.0,0,26330,26330,26330,0,0,0.0,22.81,0,low,24.0,5,1,none,,59,https://www.musinsa.com/products/5070779
2026-09-01,아틀리에 나인,5071355,MOIRE RIBBON STRING SKIRT(SK-5018),0.0,0,111200,111200,125100,1,-13900,-11.11,100.0,1,medium,24.09,5,2,none,,59,https://www.musinsa.com/products/5071355
2026-09-01,르바,5072443,Pocket Shirring Anorak Dress - White,0.0,0,152100,152100,118300,1,33800,28.57,100.0,1,medium,24.08,5,2,none,,59,https://www.musinsa.com/products/5072443
2026-09-01,테이크이지,5072827,자이언트핏 핀스트라이프 하프셔츠 (블랙),0.0,0,28500,28500,24900,1,3600,14.46,100.0,1,low,24.09,5,2,none,,59,https://www.musinsa.com/products/5072827
2026-09-01,브룩스 브라더스,5076219,논아이론 에인즐리 반팔 드레스셔츠 (화이트) (BBTDMF0253A),0.0,0,149000,149000,149000,0,0,0.0,100.0,1,high,24.01,7,2,none,,59,https://www.musinsa.com/products/5076219
2026-09-01,헬레네파리스,5076731,크리즈 시스루 썸머 셔츠 [블랙],0.0,0,65800,65800,65800,0,0,0.0,100.0,1,high,24.09,6,2,none,,59,https://www.musinsa.com/products/5076731
2026-09-01,스컬프터,5079035,Crinkle Volumer Skort Dusty Beige,0.0,0,50560,50560,63200,1,-12640,-20.0,100.0,1,medium,24.08,6,2,none,,59,https://www.musinsa.com/products/5079035
2026-09-01,시눈,5079291,Shirring Bikini Brief (Pink),0.0,0,38860,38860,38860,0,0,0.0,100.0,1,high,24.09,5,2,none,,59,https://www.musinsa.com/products/5079291
2026-09-01,기철,5081467,Hem button wide denim pants (raw indigo),0.0,0,55800,55800,55800,0,0,0.0,100.0,1,high,24.09,5,2,none,,59,https://www.musinsa.com/products/5081467
2026-09-01,바우로 프로덕트,5082619,패널 헨리넥 티셔츠 [그레이],0.0,0,39920,39920,39920,0,0,0.0,22.81,0,low,24.0,5,1,none,,59,https://www.musinsa.com/products/5082619
2026-09-01,썬러브투어,5090619,[STITCH] W Wappen Ringer Tee Heather Charcoal,0.0,0,27600,27600,27600,0,0,0.0,100.0,1,high,24.09,7,2,none,,59,https://www.musinsa.com/products/5090619
2026-09-01,시그니처,5090683,썸머 옥스포드 크롭 하프 셔츠[화이트],2.46,73439,29900,29900,29900,0,0,0.0,100.0,1,high,24.0,12,6,none,,59,https://www.musinsa.com/products/5090683
2026-09-01,파르티멘토 우먼,5091963,스트라이프 숏슬리브 폴로 티_파스텔 블루,0.0,0,38880,38880,30240,1,8640,28.57,100.0,1,medium,24.08,5,2,none,,59,https://www.musinsa.com/products/5091963
2026-09-01,브라운브레스,5099323,BELIEVE OVERFIT TEE - LIGHT GREY,0.0,0,53100,53100,53100,0,0,0.0,100.0,1,high,24.09,7,2,none,,59,https://www.musinsa.com/products/5099323
2026-09-01,꼼파뇨,5104955,[CPGN X 카카오프렌즈] 서퍼 춘식 피그먼트 반팔티 스모크블랙,0.0,0,33800,33800,26000,1,7800,30.0,100.0,1,medium,24.08,5,2,none,,59,https://www.musinsa.com/products/5104955
2026-09-01,소버먼트,5105019,460G 피그먼트 링거 티셔츠-차콜-,1.96,68706,35000,35000,35000,0,0,0.0,100.0,1,low,24.01,11,2,none,,59,https://www.musinsa.com/products/5105019
2026-09-01,니티드,5109627,(UNISEX) 피그먼트 팜트리 그래픽 티셔츠 CHARCOAL,13.7,367367,26820,26820,26820,0,0,0.0,100.0,1,high,9.04,25,6,none,,59,https://www.musinsa.com/products/5109627
2026-09-01,론론,5109883,ALL OVER PRINT MINI SHORTS BLACK,0.0,0,44550,44550,30800,1,13750,44.64,100.0,1,medium,24.09,6,2,none,,59,https://www.musinsa.com/products/5109883
2026-09-01,드로우핏 우먼,5110843,페어 스트랩 슬리브리스 블라우스 [L.BEIGE],0.0,0,59400,59400,59400,0,0,0.0,100.0,1,high,24.09,7,2,none,,59,https://www.musinsa.com/products/5110843
2026-09-01,제멋,5115003,에어리 플레어 스웨트팬츠 그레이 JULP2626,0.0,0,29800,29800,29800,0,0,0.0,100.0,1,high,24.09,6,2,none,,59,https://www.musinsa.com/products/5115003
2026-09-01,썸웨어버터,5115195,Juicy Knit Bucket Hat - 3Color,0.0,0,73000,73000,51100,1,21900,42.86,100.0,1,medium,24.01,7,2,none,,59,https://www.musinsa.com/products/5115195
2026-09-01,2000아카이브스,5116859,BLESSED T (WHITE),0.0,0,47130,47130,42840,1,4290,10.01,100.0,1,medium,24.08,6,2,none,,59,https://www.musinsa.com/products/5116859
2026-09-01,더블유엠씨,5117691,마우스 프렌즈 티셔츠_WHITE,0.0,0,21500,21500,21500,0,0,0.0,100.0,1,high,24.01,7,2,none,,59,https://www.musinsa.com/products/5117691
2026-09-01,아캄,5118139,Cinch Back Cotton Pants (Ivory),0.0,0,122500,122500,122500,0,0,0.0,100.0,1,high,24.09,5,2,none,,59,https://www.musinsa.com/products/5118139
2026-09-01,트립르센스,5120763,로고 플레이트 모달코튼 슬리브리스_화이트,0.48,14088,29600,29600,29600,0,0,0.0,100.0,1,high,24.01,7,2,none,,59,https://www.musinsa.com/products/5120763
2026-09-01,스컬프터,5136251,Boho Hawaiian Shirt Misty Stripe,0.0,0,62720,62720,78400,1,-15680,-20.0,100.0,1,medium,24.08,6,2,none,,59,https://www.musinsa.com/products/5136251
2026-09-01,론론,5139771,DAILY CONTRAST CANVAS TOTE BAG CREAM NAVY,0.0,0,98820,98820,68320,1,30500,44.64,100.0,1,medium,24.09,6,2,none,,59,https://www.musinsa.com/products/5139771
2026-09-01,론론,5139835,STAR POCKET DENIM SHORTS PANTS MEDIUM BLUE,0.0,0,71280,71280,49280,1,22000,44.64,100.0,1,medium,24.09,6,2,none,,59,https://www.musinsa.com/products/5139835
2026-09-01,론론,5139963,RIBBON TIE PLEATED PEPLUM BLOUSE WHITE,0.0,0,98820,98820,68320,1,30500,44.64,100.0,1,medium,24.09,6,2,none,,59,https://www.musinsa.com/products/5139963
2026-09-01,9999아카이브,5144827,Check Nylon Mesh Windbreaker,0.0,0,113400,113400,113400,0,0,0.0,100.0,1,high,24.01,7,2,none,,59,https://www.musinsa.com/products/5144827
2026-09-01,해칭룸,5152315,Hatching Dragon Tee M.Grey,0.0,0,83000,83000,83000,0,0,0.0,100.0,1,high,24.08,5,2,none,,59,https://www.musinsa.com/products/5152315
2026-09-01,브룩스 브라더스,5154683,헤리티지 치노팬츠 (네이비) (BBPCMM5584QFS),0.0,0,207200,207200,207200,0,0,0.0,100.0,1,high,24.01,7,2,none,,59,https://www.musinsa.com/products/5154683
2026-09-01,론론,5155131,HEART STUD DAMAGE BOOTSCUT DENIM PANTS MEDIUM BLUE,0.0,0,89100,89100,61600,1,27500,44.64,100.0,1,medium,24.09,6,2,none,,59,https://www.musinsa.com/products/5155131
2026-09-01,니티드,5157115,버뮤다 트레이닝 하프 팬츠 MELANGE WHITE,0.45,15673,34580,31100,31100,0,0,0.0,100.0,1,low,52.95,6,1,none,,59,https://www.musinsa.com/products/5157115
2026-09-01,2000아카이브스,5169467,ITALIA POLO (GREEN+BLACK),0.0,0,95640,95640,86940,1,8700,10.01,100.0,1,medium,24.09,6,2,none,,59,https://www.musinsa.com/products/5169467
2026-09-01,파르티멘토 우먼,5170107,PWC 라운드넥 포켓 숏슬리브 티_더스티 베이지,0.0,0,25920,25920,20160,1,5760,28.57,100.0,1,medium,24.08,5,2,none,,59,https://www.musinsa.com/products/5170107
2026-09-01,바우로 프로덕트,5174843,써머 TR 슬랙스 [블랙],0.0,0,99000,99000,99000,0,0,0.0,100.0,1,high,24.08,5,2,none,,59,https://www.musinsa.com/products/5174843
2026-09-01,배드블러드,5176955,미스틱 나일론 리플렉티브 버뮤다 카고 팬츠 - 블랙카모,0.0,0,118150,118150,100080,1,18070,18.06,100.0,1,medium,24.09,6,2,none,,59,https://www.musinsa.com/products/5176955
2026-09-01,유니폼브릿지,5192123,stripe resort pants black,0.0,0,63600,63600,47710,1,15890,33.31,100.0,1,medium,24.08,6,2,none,,59,https://www.musinsa.com/products/5192123
2026-09-01,스컬프터,5193851,Zip 66666 Underboob Tank Raw,0.0,0,42880,42880,53600,1,-10720,-20.0,100.0,1,medium,24.09,6,2,none,,59,https://www.musinsa.com/products/5193851
2026-09-01,르아브,5195387,프레임 나그랑 크롭티셔츠 네이비,0.0,0,33000,33000,33000,0,0,0.0,100.0,1,high,24.01,7,2,none,,59,https://www.musinsa.com/products/5195387
2026-09-01,브라운브레스,5199995,BXM W DREAM TEE - WHITE,0.0,0,39200,39200,39200,0,0,0.0,100.0,1,high,24.09,7,2,none,,59,https://www.musinsa.com/products/5199995
2026-09-01,커버낫,5209851,[수올리 콜라보] 올덕 키링 White,0.0,0,15630,15630,14880,1,750,5.04,100.0,1,medium,24.08,6,2,none,,59,https://www.musinsa.com/products/5209851
2026-09-01,배드블러드,5217659,컨벡스 데님 롱 버뮤다 팬츠 - 미드블루,0.0,0,135200,135200,136890,1,-1690,-1.23,100.0,1,medium,24.09,6,2,none,,59,https://www.musinsa.com/products/5217659
2026-09-01,오퍼스 0012,5219707,Op. 07 3-STAR T-SHIRTS BLACK,0.28,10896,38350,38350,38350,0,0,0.0,100.0,1,high,24.08,6,2,none,,59,https://www.musinsa.com/products/5219707
2026-09-01,파르티멘토 우먼,5229819,버클 스트랩 웨지 플립플랍_라이트 그레이,0.0,0,251100,251100,195300,1,55800,28.57,100.0,1,medium,24.08,5,2,none,,59,https://www.musinsa.com/products/5229819
2026-09-01,커버낫,5230075,루베라 크로스백 Black,0.0,0,62300,62300,56070,1,6230,11.11,100.0,1,medium,24.08,6,2,none,,59,https://www.musinsa.com/products/5230075
2026-09-01,수아레,5234043,[수아레X로맨틱무브] 레더 레이스업 플랫슈즈,0.0,0,145000,145000,145000,0,0,0.0,100.0,1,high,24.08,5,2,none,,59,https://www.musinsa.com/products/5234043
2026-09-01,노매뉴얼,5242491,NEST HAIRY BEANIE - MIXED BLUE,0.0,0,59850,59850,59850,0,0,0.0,100.0,1,high,24.08,5,2,none,,59,https://www.musinsa.com/products/5242491
2026-09-01,노매뉴얼,5242683,LOOSE FIT TWO-TUCK PANTS - BLACK,0.0,0,81900,81900,81900,0,0,0.0,100.0,1,high,24.08,5,2,none,,59,https://www.musinsa.com/products/5242683
2026-09-01,노매뉴얼,5243259,STAMPED LOGO HOODIE - BLACK,2.68,189164,70500,70500,70500,0,0,0.0,100.0,1,high,24.08,10,2,none,,59,https://www.musinsa.com/products/5243259
2026-09-01,노매뉴얼,5243323,ANOMALY KNIT ZIP-UP - CHARCOAL,0.0,0,132300,132300,132300,0,0,0.0,100.0,1,high,24.08,5,2,none,,59,https://www.musinsa.com/products/5243323
2026-09-01,커버낫,5243707,데일리 태블릿 크로스백 Black,0.0,0,29500,29500,20650,1,8850,42.86,100.0,1,medium,24.08,6,2,none,,59,https://www.musinsa.com/products/5243707
2026-09-01,썬러브투어,5243899,[The Fantastic Four] Comic Tee Oatmeal,0.0,0,34500,34500,34500,0,0,0.0,100.0,1,high,24.09,7,2,none,,59,https://www.musinsa.com/products/5243899
2026-09-01,오도어,5244091,Edit-sh bolero shirts,0.0,0,76300,76300,101370,1,-25070,-24.73,100.0,1,medium,24.09,7,2,none,,59,https://www.musinsa.com/products/5244091
2026-09-01,필루미네이트,5248443,시그니처 어센틱 로고 스웨트셔츠-네이비,0.0,0,36000,36000,36000,0,0,0.0,100.0,1,high,24.01,7,2,none,,59,https://www.musinsa.com/products/5248443
2026-09-01,굿라이프웍스,5250171,오버핏 브러쉬 체크 셔츠 카키,0.0,0,19600,19600,19600,0,0,0.0,100.0,1,high,24.09,5,2,none,,59,https://www.musinsa.com/products/5250171
2026-09-01,굿라이프웍스,5250427,레글런 케이블 니트 브라운,0.0,0,34300,34300,34300,0,0,0.0,100.0,1,high,24.09,5,2,none,,59,https://www.musinsa.com/products/5250427
2026-09-01,유니폼브릿지,5260923,ubc basic l/s t-shirt charcoal,0.0,0,23600,23600,23600,0,0,0.0,100.0,1,high,24.08,6,2,none,,59,https://www.musinsa.com/products/5260923
2026-09-01,언더오프,5272443,맨즈 코튼 반팔 크롭티 퍼포머 블랙,0.0,0,23900,23900,23900,0,0,0.0,100.0,1,high,24.09,6,2,none,,59,https://www.musinsa.com/products/5272443
2026-09-01,오퍼스 0012,5273659,Op. 08 CROSS CURVED SWEAT PANTS KHAKI,0.0,0,70850,70850,70850,0,0,0.0,100.0,1,high,24.09,6,2,none,,59,https://www.musinsa.com/products/5273659
2026-09-01,트릴리온,5276027,2WAY 엘보우 패치 가죽 후드 자켓_블랙,0.0,0,47100,47100,47100,0,0,0.0,100.0,1,high,24.08,5,2,none,,59,https://www.musinsa.com/products/5276027
2026-09-01,러브이즈트루,5282107,GT R HOOD ZIP UP(BLACK),0.0,0,75900,75900,53130,1,22770,42.86,100.0,1,medium,24.01,7,2,none,,59,https://www.musinsa.com/products/5282107
2026-09-01,러브이즈트루,5284219,GT STAR PANTS(NAVY),0.0,0,80730,80730,56520,1,24210,42.83,100.0,1,medium,24.01,7,2,none,,59,https://www.musinsa.com/products/5284219
2026-09-01,러브이즈트루,5284283,GT STAR TRAINING ZIP UP(NAVY),0.0,0,74520,74520,52170,1,22350,42.84,100.0,1,medium,24.01,7,2,none,,59,https://www.musinsa.com/products/5284283
2026-09-01,마인드브릿지,5289659,스웨이드셔켓 - 3color,0.0,0,59900,59900,59900,0,0,0.0,100.0,1,high,24.08,5,2,none,,59,https://www.musinsa.com/products/5289659
2026-09-01,디미트리블랙,5294651,ASI 포시즌 에센셜 후드 집업_더스티 핑크,0.0,0,39900,39900,39900,0,0,0.0,100.0,1,high,24.09,6,2,none,,59,https://www.musinsa.com/products/5294651
2026-09-01,트래블,5296507,아르떼 피그먼트 후드 집업 블랙 차콜,0.0,0,41300,41300,59000,1,-17700,-30.0,100.0,1,medium,24.09,7,2,none,,59,https://www.musinsa.com/products/5296507
2026-09-01,아웃스탠딩,5296571,HENLEY NECK LONG SLEEVE TEE_BLACK,0.85,35557,41600,41600,46800,1,-5200,-11.11,100.0,1,medium,24.08,6,2,none,,59,https://www.musinsa.com/products/5296571
2026-09-01,던스트,5300411,UNISEX LEATHER LOGO COLLARED T-SHIRT_UDTS6C110_BROWN,0.54,40163,75050,75050,75050,0,0,0.0,100.0,1,high,24.01,7,2,none,,59,https://www.musinsa.com/products/5300411
2026-09-01,디스이즈네버댓,5304251,Times Cap Light Green,0.0,0,36000,36000,36000,0,0,0.0,100.0,1,high,24.09,6,2,none,,59,https://www.musinsa.com/products/5304251
2026-09-01,르아르,5304891,투포켓 옴브레 체크 셔츠 [핑크],0.0,0,29900,29900,29900,0,0,0.0,100.0,1,high,24.1,5,2,none,,59,https://www.musinsa.com/products/5304891
2026-09-01,아메스 월드와이드,5305979,TWO TONE LETTERING BALL CAP BLACK,0.0,0,24010,24010,34300,1,-10290,-30.0,100.0,1,medium,24.08,5,2,none,,59,https://www.musinsa.com/products/5305979
2026-09-01,아메스 월드와이드,5306299,COTTON CASUAL BACKPACK PINK,0.0,0,28200,28200,56400,1,-28200,-50.0,100.0,1,medium,24.08,5,2,none,,59,https://www.musinsa.com/products/5306299
2026-09-01,트리밍버드,5306875,Traum Short Zip-up [ Black ],0.0,0,341100,341100,379000,1,-37900,-10.0,100.0,1,medium,24.09,6,2,none,,59,https://www.musinsa.com/products/5306875
2026-09-01,카키포인트,5307131,Vintage Washing Denim,0.0,0,126230,126230,112200,1,14030,12.5,100.0,1,medium,24.09,7,2,none,,59,https://www.musinsa.com/products/5307131
2026-09-01,칙스,5308923,스트라이프 폴로 카라 티셔츠 그린,0.0,0,52900,52900,52900,0,0,0.0,100.0,1,high,24.09,6,2,none,,59,https://www.musinsa.com/products/5308923
2026-09-01,언더오프,5309627,소프트 워싱 코튼 워크 자켓 더스트핑크,0.0,0,44500,44500,44500,0,0,0.0,100.0,1,high,24.08,6,2,none,,59,https://www.musinsa.com/products/5309627
2026-09-01,바우프,5309947,3 logo 엔젤 맨투맨 [스트라이프 블랙],0.0,0,75650,75650,75650,0,0,0.0,100.0,1,high,24.08,5,2,none,,59,https://www.musinsa.com/products/5309947
2026-09-01,바우프,5310331,엔젤 윙 비니 [블랙],0.0,0,41650,41650,41650,0,0,0.0,100.0,1,high,24.08,5,2,none,,59,https://www.musinsa.com/products/5310331
2026-09-01,유니폼브릿지,5310779,washed short hunting jacket charcoal,0.0,0,119500,119500,119500,0,0,0.0,100.0,1,high,24.08,6,2,none,,59,https://www.musinsa.com/products/5310779
2026-09-01,디미트리블랙,5310971,VLAD VTG 테이핑 타입 아트웍 후드 티셔츠_멜란지,0.0,0,39900,39900,39900,0,0,0.0,100.0,1,high,24.09,6,2,none,,59,https://www.musinsa.com/products/5310971
2026-09-01,일리고,5311099,블룸 보우 오프숄더 니트 블랙,0.0,0,96000,96000,96000,0,0,0.0,100.0,1,high,24.08,5,2,none,,59,https://www.musinsa.com/products/5311099
2026-09-01,일리고,5311227,리프 아일렛 숄더 백 블랙,0.1,7746,76000,76000,76000,0,0,0.0,100.0,1,high,24.08,5,2,none,,59,https://www.musinsa.com/products/5311227
2026-09-01,아웃스탠딩,5312507,MIL SERIES LONG SLEEVE(MID WAY)_BLACK,0.85,49995,58500,58500,58500,0,0,0.0,100.0,1,high,24.09,6,2,none,,59,https://www.musinsa.com/products/5312507
2026-09-01,헬레네파리스,5313083,테일러드 오버핏 레더 블레이저 [블랙],0.0,0,158400,158400,154680,1,3720,2.4,100.0,1,medium,24.09,6,2,none,,59,https://www.musinsa.com/products/5313083
2026-09-01,엘무드,5316795,나르시 헤링본 울 트러커 자켓 블랙,0.0,0,268200,268200,268200,0,0,0.0,100.0,1,high,24.08,6,2,none,,59,https://www.musinsa.com/products/5316795
2026-09-01,에이지오디,5319931,리무브 테리 스웨트 후드 티셔츠 [헤더그레이],0.0,0,34200,34200,34160,1,40,0.12,100.0,1,medium,24.09,7,2,none,,59,https://www.musinsa.com/products/5319931
2026-09-01,커버낫,5320763,[최윤지 착용] C 로고 맨투맨 Light Yellow,0.0,0,53330,53330,48980,1,4350,8.88,100.0,1,medium,24.09,6,2,none,,59,https://www.musinsa.com/products/5320763
2026-09-01,커버낫,5322043,[수빈 착용] 데님 워크팬츠 Light Blue,0.0,0,69620,69620,77350,1,-7730,-9.99,100.0,1,medium,24.09,6,2,none,,59,https://www.musinsa.com/products/5322043
2026-09-01,스컬프터,5322683,Capri Faux Leather Pants Brown,0.0,0,133760,133760,167200,1,-33440,-20.0,100.0,1,medium,24.09,6,2,none,,59,https://www.musinsa.com/products/5322683
2026-09-01,드헤베,5327227,Two-way Hood Zip-up Knit [Gray],0.0,0,82080,82080,82080,0,0,0.0,100.0,1,high,24.08,5,2,none,,59,https://www.musinsa.com/products/5327227
2026-09-01,드헤베,5327355,V-neck Flare Shirring Knit [Pink],0.0,0,63360,63360,63360,0,0,0.0,100.0,1,high,24.08,5,2,none,,59,https://www.musinsa.com/products/5327355
2026-09-01,러프사이드,5327739,Oversized Sweat Shirt M.Charcoal,0.0,0,98000,98000,98000,0,0,0.0,100.0,1,high,24.09,5,2,none,,59,https://www.musinsa.com/products/5327739
2026-09-01,아틀리에 나인,5330811,ESSENTIAL WASHING CHECK RELAXED SHIRT(BL-4368),0.0,0,84590,84590,95160,1,-10570,-11.11,100.0,1,medium,24.1,5,2,none,,59,https://www.musinsa.com/products/5330811
2026-09-01,코드그라피,5332667,(우먼) 스퀘어 로고 보아 후드 집업_크림,0.0,0,90300,90300,90300,0,0,0.0,100.0,1,high,24.08,5,2,none,,59,https://www.musinsa.com/products/5332667
2026-09-01,아이돈워너셀,5333947,Echo Mute Hoodie Navy,0.0,0,74250,74250,59400,1,14850,25.0,100.0,1,medium,24.09,6,2,none,,59,https://www.musinsa.com/products/5333947
2026-09-01,제너럴아이디어,5336059,하프 집업 체크 아노락 [DEEP NAVY] / WBE3L07508,0.0,0,92000,92000,73150,1,18850,25.77,100.0,1,medium,24.09,6,2,none,,59,https://www.musinsa.com/products/5336059
2026-09-01,룩캐스트,5336827,켈리 버클 롱 부츠_블랙 / KELLY BUCKLE LONG BOOTS_BLACK,0.0,0,85560,85560,68450,1,17110,25.0,100.0,1,medium,24.08,5,2,none,,59,https://www.musinsa.com/products/5336827
2026-09-01,무센트,5337211,세리엔 부츠컷 치마 레깅스 (2컬러),0.4,14829,37110,27930,37110,1,-9180,-24.74,100.0,1,medium,24.09,6,2,none,,59,https://www.musinsa.com/products/5337211
2026-09-01,러브이즈트루,5340091,GT R LOGO CAP(NAVY),0.0,0,37260,37260,31680,1,5580,17.61,100.0,1,medium,24.01,7,2,none,,59,https://www.musinsa.com/products/5340091
2026-09-01,필루미네이트,5340219,[스토커즈 pick] 레귤러 테이퍼드 데님 팬츠-블랙,0.0,0,36000,36000,36000,0,0,0.0,52.44,0,low,23.5,7,1,none,,59,https://www.musinsa.com/products/5340219
2026-09-01,러브이즈트루,5340283,SHUGO CHARA! HUMPTY DUMPTY NECKLACE(SILVER),0.65,25346,39000,39000,39000,0,0,0.0,100.0,1,low,72.09,4,2,none,,59,https://www.musinsa.com/products/5340283
2026-09-01,와르,5341051,M1061 스트라이프 카라티_레드,0.0,0,75000,75000,52500,1,22500,42.86,100.0,1,medium,24.09,6,2,none,,59,https://www.musinsa.com/products/5341051
2026-09-01,디미트리블랙,5341435,VLAD 스몰 로고 페이드 워싱 후드 티셔츠_피그먼트 차콜,0.0,0,33900,33900,38900,1,-5000,-12.85,100.0,1,medium,24.08,6,2,none,,59,https://www.musinsa.com/products/5341435
2026-09-01,밀로 아카이브,5341563,헤리티지 닉슨 스트라이프 니트 [스트라이프 네이비],0.0,0,94400,94400,94400,0,0,0.0,100.0,1,high,24.01,7,2,none,,59,https://www.musinsa.com/products/5341563
2026-09-01,밀로 아카이브,5341691,크럼프 빈티지 워시드 백팩 [블랙],0.0,0,76800,76800,115200,1,-38400,-33.33,100.0,1,medium,24.01,7,2,none,,59,https://www.musinsa.com/products/5341691
2026-09-01,시야쥬,5344635,SIOT4147 사이드 버튼 오버 핏 블레이저_Charcoal,0.0,0,173850,173850,183000,1,-9150,-5.0,100.0,1,medium,24.09,6,2,none,,59,https://www.musinsa.com/products/5344635
2026-09-01,제이엘브,5347579,원모어 로고 비니,0.0,0,34200,34200,34200,0,0,0.0,100.0,1,high,24.01,7,2,none,,59,https://www.musinsa.com/products/5347579
2026-09-01,모즈모즈,5348091,쇼타임 그래픽 오버핏 맨투맨 블랙,0.0,0,25000,25000,25000,0,0,0.0,100.0,1,high,24.1,5,2,none,,59,https://www.musinsa.com/products/5348091
2026-09-01,디스이즈네버댓,5349627,Onyx Cap Black,0.0,0,31500,31500,31500,0,0,0.0,100.0,1,high,24.09,6,2,none,,59,https://www.musinsa.com/products/5349627
2026-09-01,디스이즈네버댓,5350011,T-Logo L/S Tee Mud,0.0,0,52000,52000,52000,0,0,0.0,100.0,1,high,24.09,6,2,none,,59,https://www.musinsa.com/products/5350011
2026-09-01,넌블랭크,5353787,루즈 핏 셋업_CHARCOAL GREY,0.0,0,231120,231120,231120,0,0,0.0,100.0,1,high,24.01,7,2,none,,59,https://www.musinsa.com/products/5353787
2026-09-01,노매뉴얼,5356027,NM BORDER LONG SLEEVE TEE - BLACK,0.0,0,58400,58400,58400,0,0,0.0,100.0,1,high,24.08,5,2,none,,59,https://www.musinsa.com/products/5356027
2026-09-01,아모우,5356283,Mohair Washable Kara knit BLACK,0.0,0,79980,79980,79980,0,0,0.0,100.0,1,high,24.09,6,2,none,,59,https://www.musinsa.com/products/5356283
2026-09-01,노티카,5356731,83플래그 폴라 카라 스웨트셔츠 NFL2095,0.35,19441,55300,55300,55300,0,0,0.0,100.0,1,high,24.1,5,2,none,,59,https://www.musinsa.com/products/5356731
2026-09-01,브랜디드,5358523,CLOUD HOODIE ZIP-UP [MELANGE GRAY],0.0,0,102400,102400,102400,0,0,0.0,100.0,1,low,24.08,8,2,none,,59,https://www.musinsa.com/products/5358523
2026-09-01,드로우핏,5358779,아크 세미 벌룬 치노 팬츠 [BROWN],0.0,0,59400,59400,59400,0,0,0.0,100.0,1,high,24.08,5,2,none,,59,https://www.musinsa.com/products/5358779
2026-09-01,더바넷,5359099,Oversized Cashmere Wimblyn Knit Polo Shirt_Blue Grey,0.0,0,151200,151200,151200,0,0,0.0,100.0,1,high,24.08,5,2,none,,59,https://www.musinsa.com/products/5359099
2026-09-01,에이치덱스,5364603,파이핑 포인트 볼캡 (Gray),0.0,0,31200,31200,31200,0,0,0.0,100.0,1,high,24.08,5,2,none,,59,https://www.musinsa.com/products/5364603
2026-09-01,썸웨어버터,5365819,Small Wave Logo Stripe Sweatshirt - Navy,0.0,0,74480,74480,74480,0,0,0.0,100.0,1,high,24.01,7,2,none,,59,https://www.musinsa.com/products/5365819
2026-09-01,파르티멘토 우먼,5366843,PWC 언발란스드 저지 셔링 티어드 드레스_블랙,0.0,0,58500,58500,40950,1,17550,42.86,100.0,1,medium,24.08,5,2,none,,59,https://www.musinsa.com/products/5366843
2026-09-01,카네이테이,5371323,MILKYWAY WIDE DENIM PANTS (BLACK),0.0,0,55300,55300,93990,1,-38690,-41.16,100.0,1,medium,24.09,6,2,none,,59,https://www.musinsa.com/products/5371323
2026-09-01,르바,5376379,L.V.R Overlay Sweatshirt - Sage Grey,0.0,0,84600,84600,84600,0,0,0.0,100.0,1,high,24.08,5,2,none,,59,https://www.musinsa.com/products/5376379
2026-09-01,인사일런스,5376571,레귤러핏 체크 셔츠 NAVY,0.0,0,98100,98100,87840,1,10260,11.68,100.0,1,medium,24.08,6,2,none,,59,https://www.musinsa.com/products/5376571
2026-09-01,링서울,5380731,cashmere round knit cardigan-beige,0.0,0,85860,85860,66780,1,19080,28.57,100.0,1,medium,24.01,7,2,none,,59,https://www.musinsa.com/products/5380731
2026-09-01,프리즘웍스,5381307,M65 FIELD SWEAT PANTS _ BLACK BROWN,0.0,0,52920,52920,58800,1,-5880,-10.0,100.0,1,medium,24.09,6,2,none,,59,https://www.musinsa.com/products/5381307
2026-09-01,드로우핏 우먼,5382459,노티드 레이어드 뷔스티에 니트 [M.GREY],0.0,0,69300,69300,69300,0,0,0.0,100.0,1,high,24.09,7,2,none,,59,https://www.musinsa.com/products/5382459
2026-09-01,제로,5384827,링거 스트라이프 롱 슬리브 [네이비/카키],0.0,0,39000,39000,39000,0,0,0.0,100.0,1,high,24.1,5,2,none,,59,https://www.musinsa.com/products/5384827
2026-09-01,제로,5384955,코어 크롭 핑거 홀 후드 [멜란지 그레이],0.35,15812,45000,45000,45000,0,0,0.0,100.0,1,high,24.09,8,2,none,,59,https://www.musinsa.com/products/5384955
2026-09-01,에스피오나지,5385723,Bear Family Heavyweight Hoodie Grey,0.0,0,62720,62720,58800,1,3920,6.67,100.0,1,medium,24.09,6,2,none,,59,https://www.musinsa.com/products/5385723
2026-09-01,웬즈데이오아시스,5388411,애쉬 피그먼트 후드 스웨트셔츠_NAVY(W25-TP34),0.0,0,61600,61600,61600,0,0,0.0,100.0,1,high,24.09,7,2,none,,59,https://www.musinsa.com/products/5388411
2026-09-01,아틀리에 나인,5391995,OVERFIT SUEDE SNAP BUTTON BLOUSON(JP-587),0.0,0,208750,208750,234840,1,-26090,-11.11,100.0,1,medium,24.1,5,2,none,,59,https://www.musinsa.com/products/5391995
2026-09-01,트릴리온,5393339,빈티지 페어 아일 자카드 크루넥 니트_베이지,0.0,0,37900,37900,37900,0,0,0.0,100.0,1,high,24.08,5,2,none,,59,https://www.musinsa.com/products/5393339
2026-09-01,더뮤지엄비지터,5394363,COLOR STITCH SPORTS CAP (BROWN),0.0,0,40950,40950,40950,0,0,0.0,100.0,1,high,24.09,6,2,none,,59,https://www.musinsa.com/products/5394363
2026-09-01,세터,5396731,스몰 리벳 아플리케 포켓 로고 후드 블랙,0.0,0,149000,149000,149000,0,0,0.0,100.0,1,high,24.1,5,2,none,,59,https://www.musinsa.com/products/5396731
2026-09-01,락케이크,5398075,Check Layered 96 Wide 2way Jogger - Gray,1.73,132428,76618,74970,85680,1,-10710,-12.5,100.0,1,low,24.09,6,2,none,,59,https://www.musinsa.com/products/5398075
2026-09-01,코드그라피,5398843,(우먼) 베이직 롱슬리브_화이트,0.0,0,34300,34300,34300,0,0,0.0,100.0,1,high,24.08,5,2,none,,59,https://www.musinsa.com/products/5398843
2026-09-01,제멋,5404027,데이컷 크롭 오버핏 후드집업 네이비 KJHD2650,0.0,0,39800,39800,39800,0,0,0.0,100.0,1,high,24.09,6,2,none,,59,https://www.musinsa.com/products/5404027
2026-09-01,제멋,5404155,노어 오버핏 후드 블랙 KJHD2661,0.0,0,39800,39800,39800,0,0,0.0,100.0,1,high,24.09,6,2,none,,59,https://www.musinsa.com/products/5404155
2026-09-01,로제프란츠,5405435,Heart Pocket Hood Zip-up [Black],11.33,737989,65120,65120,56980,1,8140,14.29,100.0,1,medium,24.08,15,2,none,,59,https://www.musinsa.com/products/5405435
2026-09-01,후드후드,5407099,에일리언 후드 집업 블랙,3.71,182053,49050,49050,49050,0,0,0.0,100.0,1,low,19.14,16,4,none,,59,https://www.musinsa.com/products/5407099
2026-09-01,나인제트,5407291,[SET] 스포티 파이핑 트랙 자켓 셋업 (2color) ANZJK01 ANZLPT01,0.0,0,128000,128000,128000,0,0,0.0,100.0,1,high,24.08,5,2,none,,59,https://www.musinsa.com/products/5407291
2026-09-01,스키즘 인듀싱,5410427,[X IHCNIK] HARNESS RIDING LONG BOOT,0.0,0,169200,169200,169200,0,0,0.0,100.0,1,low,72.11,4,1,none,,59,https://www.musinsa.com/products/5410427
2026-09-01,토마스모어,5410491,아노락 팬츠 - 블랙,1.01,70450,69700,69700,69700,0,0,0.0,100.0,1,high,24.01,7,2,none,,59,https://www.musinsa.com/products/5410491
2026-09-01,탄산마그네슘,5413115,아일렛 후드티 (블랙),0.0,0,90440,90440,90440,0,0,0.0,100.0,1,high,24.1,5,2,none,,59,https://www.musinsa.com/products/5413115
2026-09-01,에스피오나지,5415611,PCU Level 4 Pullover Jacket Ink Black,0.0,0,94800,94800,94800,0,0,0.0,100.0,1,high,24.09,6,2,none,,59,https://www.musinsa.com/products/5415611
2026-09-01,제멋,5424571,모던 메모리 후드 그레이 KJHD2668,0.0,0,39800,39800,39800,0,0,0.0,100.0,1,high,24.09,6,2,none,,59,https://www.musinsa.com/products/5424571
2026-09-01,슬로우애시드,5424891,벨루어 솔리드 PK니트 [그린],0.0,0,60800,60800,60800,0,0,0.0,100.0,1,high,24.08,5,2,none,,59,https://www.musinsa.com/products/5424891
2026-09-01,배드블러드,5425659,PEACE NOT WAR 조거 - 더스티블랙,1.97,299725,151944,152100,136890,1,15210,11.11,100.0,1,medium,24.09,8,2,none,,59,https://www.musinsa.com/products/5425659
2026-09-01,칙스,5432123,니팅 라이크 트랙 팬츠 멜란지,0.0,0,69900,69900,69900,0,0,0.0,100.0,1,high,24.09,6,2,none,,59,https://www.musinsa.com/products/5432123
2026-09-01,노이어,5432379,캐시미어 코튼 터틀넥 (브라운),0.0,0,65600,65600,65600,0,0,0.0,100.0,1,high,24.09,6,2,none,,59,https://www.musinsa.com/products/5432379
2026-09-01,썬러브투어,5432635,Flannel Club Cap Red,0.0,0,33120,33120,33120,0,0,0.0,100.0,1,high,24.09,7,2,none,,59,https://www.musinsa.com/products/5432635
2026-09-01,썬러브투어,5432763,Knit Bucket Hat Charcoal,0.0,0,37920,37920,37920,0,0,0.0,100.0,1,high,24.09,7,2,none,,59,https://www.musinsa.com/products/5432763
2026-09-01,메종미네드,5434555,MAISON ECO BAG BLACK,0.2,5960,29400,29400,29400,0,0,0.0,100.0,1,high,24.08,5,2,none,,59,https://www.musinsa.com/products/5434555
2026-09-01,디스이즈네버댓,5438075,CIRCA 2010 L/S Tee Red Wood,0.0,0,48300,48300,48300,0,0,0.0,100.0,1,high,24.09,6,2,none,,59,https://www.musinsa.com/products/5438075
2026-09-01,아캄,5439547,Biker Denim Pants (Blue),0.0,0,132300,132300,132300,0,0,0.0,100.0,1,high,24.1,5,2,none,,59,https://www.musinsa.com/products/5439547
2026-09-01,미세키서울,5439803,Shifted snap pants CHARCOAL,0.0,0,136170,136170,136170,0,0,0.0,100.0,1,high,24.08,5,2,none,,59,https://www.musinsa.com/products/5439803
2026-09-01,어반드레스,5442107,Stretch Round Top_5Colors,0.0,0,33750,33750,33750,0,0,0.0,100.0,1,high,24.09,6,2,none,,59,https://www.musinsa.com/products/5442107
2026-09-01,시눈,5443771,Sinoon Pleated Maxi Skirt (Check),0.0,0,132660,132660,132660,0,0,0.0,100.0,1,high,24.1,5,2,none,,59,https://www.musinsa.com/products/5443771
2026-09-01,꼼파뇨,5444539,모나크 자수 스웨트셔츠 버건디,0.0,0,41250,41250,41250,0,0,0.0,100.0,1,high,24.08,5,2,none,,59,https://www.musinsa.com/products/5444539
2026-09-01,제너럴아이디어,5449339,핏티드 골지 셔링 원피스 [CHARCOAL] / WBE3L15506,0.0,0,46900,46900,53600,1,-6700,-12.5,100.0,1,medium,24.09,6,2,none,,59,https://www.musinsa.com/products/5449339
2026-09-01,스컬프터,5451899,Sequin Nordic Earflap Beanie Milk Tea,0.0,0,50560,50560,63200,1,-12640,-20.0,100.0,1,medium,24.09,6,2,none,,59,https://www.musinsa.com/products/5451899
2026-09-01,수아레,5453563,디트로이드 코튼 브이넥 니트 블랙,0.0,0,49900,49900,49900,0,0,0.0,100.0,1,high,24.08,5,2,none,,59,https://www.musinsa.com/products/5453563
2026-09-01,해비즘,5457339,DOT ROSE RAGLAN L/S TEE(RED),0.0,0,15900,15900,15900,0,0,0.0,100.0,1,high,24.02,7,2,none,,59,https://www.musinsa.com/products/5457339
2026-09-01,카네이테이,5460923,WASHABLE BASE CROP CARDIGAN (NAVY),0.0,0,76500,76500,72250,1,4250,5.88,100.0,1,medium,24.09,6,2,none,,59,https://www.musinsa.com/products/5460923
2026-09-01,밀로 아카이브,5466811,룬 사이드 트랙 팬츠 [딥 네이비],0.0,0,70800,70800,84960,1,-14160,-16.67,100.0,1,medium,24.02,7,2,none,,59,https://www.musinsa.com/products/5466811
2026-09-01,디스이즈네버댓,5468731,T-Logo Knit Sweater Black,0.0,0,90300,90300,90300,0,0,0.0,100.0,1,high,24.09,6,2,none,,59,https://www.musinsa.com/products/5468731
2026-09-01,무센트,5469563,필로 리벳 포인트 사이드 레더 패치 톨 레인 스노우 부츠,0.0,0,93100,93100,120570,1,-27470,-22.78,100.0,1,medium,24.09,6,2,none,,59,https://www.musinsa.com/products/5469563
2026-09-01,트래블,5475899,데님 라이트 퀼팅 자켓 블랙,0.0,0,85000,85000,63600,1,21400,33.65,100.0,1,medium,24.09,7,2,none,,59,https://www.musinsa.com/products/5475899
2026-09-01,나이스고스트클럽,5479611,FFATS CHECK FUR CARDIGAN_BROWN(NG2FFUK684A),0.0,0,95400,95400,66780,1,28620,42.86,100.0,1,medium,24.02,7,2,none,,59,https://www.musinsa.com/products/5479611
2026-09-01,커버낫,5480507,웜온 플리스 맨투맨 Teal Blue,0.0,0,48060,48060,53400,1,-5340,-10.0,100.0,1,medium,24.08,6,2,none,,59,https://www.musinsa.com/products/5480507
2026-09-01,루에브르,5481339,Suede Belted Shirt Jacket SL5AJ313-9E,0.0,0,259000,259000,259000,0,0,0.0,100.0,1,high,24.09,7,2,none,,59,https://www.musinsa.com/products/5481339
2026-09-01,본투윈,5482555,BRN COOL MESH EXTRA FIT T-SHIRTS [CHARCOAL],0.0,0,59000,59000,59000,0,0,0.0,100.0,1,low,48.07,5,2,none,,59,https://www.musinsa.com/products/5482555
2026-09-01,글로니,5487803,DEMI CUTOUT LONG SLEEVE (BROWN),0.02,2213,108000,87480,108000,1,-20520,-19.0,100.0,1,medium,24.09,6,2,none,,59,https://www.musinsa.com/products/5487803
2026-09-01,제로,5487867,티넥 크롭 롱 슬리브 [블랙],0.0,0,29000,29000,29000,0,0,0.0,100.0,1,high,24.1,5,2,none,,59,https://www.musinsa.com/products/5487867
2026-09-01,세터,5490107,(W) 플리스 크루 넥 가디건 크림,0.0,0,179000,179000,179000,0,0,0.0,100.0,1,high,24.1,5,2,none,,59,https://www.musinsa.com/products/5490107
2026-09-01,트립르센스,5494523,커스텀 핀턱 커브드 와이드 슬랙스_스트라이프 블랙,0.0,0,99000,99000,99000,0,0,0.0,100.0,1,high,24.02,7,2,none,,59,https://www.musinsa.com/products/5494523
2026-09-01,론론,5506683,SMOCKED HEM FRILL ROUND COLLAR SHIRT WHITE,0.0,0,80190,80190,71280,1,8910,12.5,100.0,1,medium,24.09,6,2,none,,59,https://www.musinsa.com/products/5506683
2026-09-01,후브스,5507067,하이드 버튼 카라 니트 [4COL],3.2,190584,59613,60000,59250,1,750,1.27,100.0,1,medium,9.98,19,6,none,,59,https://www.musinsa.com/products/5507067
2026-09-01,아메스 월드와이드,5507131,BASIC SMALL LOGO KNIT CHARCOAL,0.0,0,44800,44800,39200,1,5600,14.29,100.0,1,medium,24.08,5,2,none,,59,https://www.musinsa.com/products/5507131
2026-09-01,제너럴아이디어,5510907,레터링 브이넥 맨투맨 [NAVY] / WBE3L02513,0.0,0,51200,51200,51200,0,0,0.0,100.0,1,high,24.09,6,2,none,,59,https://www.musinsa.com/products/5510907
2026-09-01,언더오프,5515259,빈티지 레더 패디드 블루종 브라운,0.0,0,64500,64500,64500,0,0,0.0,100.0,1,high,24.09,6,2,none,,59,https://www.musinsa.com/products/5515259
2026-09-01,굿라이프웍스,5515771,헤비 웨이트 라운드 블루종 블랙,0.0,0,97300,97300,97300,0,0,0.0,100.0,1,high,24.1,5,2,none,,59,https://www.musinsa.com/products/5515771
2026-09-01,마인드브릿지 우먼,5526331,[W]울 혼방 벨티드 H라인 원피스,0.0,0,79500,79500,79500,0,0,0.0,100.0,1,high,24.1,5,2,none,,59,https://www.musinsa.com/products/5526331
2026-09-01,수아레,5532219,핀 스트라이프 원 턱 슬랙스,0.0,0,59900,59900,59900,0,0,0.0,100.0,1,high,24.08,5,2,none,,59,https://www.musinsa.com/products/5532219
2026-09-01,제멋,5535035,레스트 앤 후드 카키 ISHD2660,0.0,0,43900,43900,43900,0,0,0.0,100.0,1,high,24.09,6,2,none,,59,https://www.musinsa.com/products/5535035
2026-09-01,제너럴아이디어,5537531,데일리 리브드 터틀넥 풀오버 [BLACK] / WBE4L05525,0.0,0,37000,37000,29600,1,7400,25.0,100.0,1,medium,24.09,6,2,none,,59,https://www.musinsa.com/products/5537531
2026-09-01,더바이닐하우스,5539579,MOTOR JACKET IVORY,0.0,0,141610,141610,202300,1,-60690,-30.0,100.0,1,medium,24.08,6,2,none,,59,https://www.musinsa.com/products/5539579
2026-09-01,키르시,5546619,리본 체리 루즈핏 헤어리 가디건 [브라운],0.0,0,95200,95200,95200,0,0,0.0,100.0,1,high,24.09,6,2,none,,59,https://www.musinsa.com/products/5546619
2026-09-01,디스이즈네버댓,5549563,PERTEX T Down Trooper Hat Dark Sage,0.0,0,79200,79200,79200,0,0,0.0,100.0,1,high,24.09,6,2,none,,59,https://www.musinsa.com/products/5549563
2026-09-01,디스이즈네버댓,5549627,T.N.T. Classic HDP Hoodie Heather Grey,0.0,0,84000,84000,84000,0,0,0.0,100.0,1,high,24.09,6,2,none,,59,https://www.musinsa.com/products/5549627
2026-09-01,세터,5551547,헤링본 울 블렌드 싱글 블레이저 브라운,0.0,0,299000,299000,299000,0,0,0.0,100.0,1,high,24.1,5,2,none,,59,https://www.musinsa.com/products/5551547
2026-09-01,트릴리온,5552955,워셔블 멀티 컬러 그라데이션 크루넥 니트_퍼플,0.0,0,34900,34900,34900,0,0,0.0,100.0,1,high,24.08,5,2,none,,59,https://www.musinsa.com/products/5552955
2026-09-01,드로우핏 우먼,5559867,래빗 앙고라 울 핸드메이드 싱글 롱 코트 [BLACK],0.0,0,274500,274500,274500,0,0,0.0,100.0,1,high,24.09,7,2,none,,59,https://www.musinsa.com/products/5559867
2026-09-01,드로우핏 우먼,5560315,헤어리 울 브이넥 풀오버 니트 [M.PINK],0.0,0,69300,69300,69300,0,0,0.0,100.0,1,high,24.09,7,2,none,,59,https://www.musinsa.com/products/5560315
2026-09-01,키르시,5566395,빈티지그래픽 오프숄더 스웻셔츠 [아이보리],0.0,0,47400,47400,47400,0,0,0.0,100.0,1,high,24.09,6,2,none,,59,https://www.musinsa.com/products/5566395
2026-09-01,세터,5570747,베로나 니트 머플러 차콜,0.0,0,79000,79000,79000,0,0,0.0,100.0,1,high,24.1,5,2,none,,59,https://www.musinsa.com/products/5570747
2026-09-01,세터,5570939,마론 트러커 자켓 블랙,0.0,0,339000,339000,339000,0,0,0.0,100.0,1,high,24.1,5,2,none,,59,https://www.musinsa.com/products/5570939
2026-09-01,커버낫,5571771,C로고 펠트 아플리케 트루퍼 햇 Black,0.0,0,47790,47790,53100,1,-5310,-10.0,100.0,1,medium,24.09,6,2,none,,59,https://www.musinsa.com/products/5571771
2026-09-01,디스이즈네버댓,5573819,GD Puffer Down Trooper Hat Off Black,0.0,0,76300,76300,76300,0,0,0.0,100.0,1,high,24.09,6,2,none,,59,https://www.musinsa.com/products/5573819
2026-09-01,후드후드,5583355,HD 퍼 트루퍼 햇 카모,0.0,0,52070,52070,52070,0,0,0.0,100.0,1,high,24.08,5,2,none,,59,https://www.musinsa.com/products/5583355
2026-09-01,브라운브레스,5587131,TAG APPLIQUE HOODIE - OATMEAL,0.0,0,99000,99000,99000,0,0,0.0,100.0,1,high,24.09,7,2,none,,59,https://www.musinsa.com/products/5587131
2026-09-01,1993스튜디오,5588475,W 스트라이프 헨리넥 슬림 후드_차콜,0.0,0,49000,49000,49000,0,0,0.0,100.0,1,high,24.09,6,2,none,,59,https://www.musinsa.com/products/5588475
2026-09-01,에스피오나지,5589435,M65 Down Blouson Parka Dark Brown,0.0,0,266400,266400,266400,0,0,0.0,100.0,1,high,24.09,6,2,none,,59,https://www.musinsa.com/products/5589435
2026-09-01,웬즈데이오아시스,5593531,브리티시 케이블 오픈 카라 니트_BEIGE(WC25-KN74),0.0,0,62300,62300,62300,0,0,0.0,100.0,1,high,24.09,7,2,none,,59,https://www.musinsa.com/products/5593531
2026-09-01,레더리,5593595,소프트 울 머플러 [BEIGE],0.0,0,30540,30540,30540,0,0,0.0,100.0,1,high,24.08,5,2,none,,59,https://www.musinsa.com/products/5593595
2026-09-01,노이어,5598523,코튼 휩코드 워시드 크롭 셔츠 (그레이),0.0,0,101200,101200,101200,0,0,0.0,100.0,1,high,24.09,6,2,none,,59,https://www.musinsa.com/products/5598523
2026-09-01,노이어,5599227,키드 모헤어 크롭 폴로 니트 (더스티핑크),0.0,0,88000,88000,88000,0,0,0.0,100.0,1,high,24.09,6,2,none,,59,https://www.musinsa.com/products/5599227
2026-09-01,후러브스아트,5601531,세미 크롭 니트 라운드 가디건 차콜그레이,0.0,0,35100,35100,35100,0,0,0.0,100.0,1,high,24.02,7,2,none,,59,https://www.musinsa.com/products/5601531
2026-09-01,틸아이다이,5608187,Dot point dumble anorak [TIWT02JP07]_2color,0.0,0,149150,149150,120110,1,29040,24.18,100.0,1,medium,24.09,6,2,none,,59,https://www.musinsa.com/products/5608187
2026-09-01,디스이즈네버댓,5611643,Multi-Ripstop Down Puffer Jacket Blue,0.0,0,209300,209300,209300,0,0,0.0,100.0,1,high,24.09,6,2,none,,59,https://www.musinsa.com/products/5611643
2026-09-01,꼼파뇨,5613179,[2-WAY] KOKO 아플리케 피그먼트 후드 집업 더스티핑크,0.0,0,50610,50610,50610,0,0,0.0,100.0,1,high,24.08,5,2,none,,59,https://www.musinsa.com/products/5613179
2026-09-01,제너럴아이디어,5616763,비니 니트 백 [CREAM] / WBE4L92513,0.0,0,31200,31200,28180,1,3020,10.72,100.0,1,medium,24.09,6,2,none,,59,https://www.musinsa.com/products/5616763
2026-09-01,시눈,5617851,SN Flower Half Pants (Sand),0.0,0,99160,99160,99160,0,0,0.0,100.0,1,high,24.1,5,2,none,,59,https://www.musinsa.com/products/5617851
2026-09-01,로제프란츠,5618427,Twist Off Shoulder Long Sleeve [Gray],0.0,0,33440,33440,29260,1,4180,14.29,100.0,1,medium,24.08,5,2,none,,59,https://www.musinsa.com/products/5618427
2026-09-01,로제프란츠,5618555,Soft Halter Sleeveless [Ivory],0.0,0,23040,23040,20160,1,2880,14.29,100.0,1,medium,24.08,5,2,none,,59,https://www.musinsa.com/products/5618555
2026-09-01,코드그라피,5621627,(우먼) RDS 에센셜 숏다운 점퍼_아이보리,0.0,0,153300,153300,153300,0,0,0.0,100.0,1,high,24.08,5,2,none,,59,https://www.musinsa.com/products/5621627
2026-09-01,유니폼브릿지,5622843,pocket long skirt(womens) olive,0.0,0,59000,59000,49000,1,10000,20.41,100.0,1,medium,24.09,6,2,none,,59,https://www.musinsa.com/products/5622843
2026-09-01,헬레네파리스,5623035,리브드 레그 워머 [그레이],0.0,0,13790,13790,13790,0,0,0.0,100.0,1,high,24.09,6,2,none,,59,https://www.musinsa.com/products/5623035
2026-09-01,코드그라피,5623099,(우먼) 스웨이드 후드 점퍼 무스탕_다크브라운,0.0,0,111300,111300,111300,0,0,0.0,100.0,1,high,24.08,5,2,none,,59,https://www.musinsa.com/products/5623099
2026-09-01,헬레네파리스,5623163,케이콘 스트라이프 니트 집업 [네이비-차콜],0.0,0,28120,28120,28120,0,0,0.0,100.0,1,high,24.09,6,2,none,,59,https://www.musinsa.com/products/5623163
2026-09-01,트리밍버드,5623227,Distressed Knit Beanie [ Ivory ],0.0,0,69000,69000,69000,0,0,0.0,100.0,1,high,24.09,6,2,none,,59,https://www.musinsa.com/products/5623227
2026-09-01,탄산마그네슘,5628091,자카드 스파이더 비니 (차콜),0.0,0,37240,37240,37240,0,0,0.0,100.0,1,high,24.1,5,2,none,,59,https://www.musinsa.com/products/5628091
2026-09-01,본투윈,5631227,W CHROME B TRACK LINE SHORTS [MELANGE GREY],1.0,71938,72160,75000,55300,1,19700,35.62,100.0,1,medium,24.09,6,2,none,,59,https://www.musinsa.com/products/5631227
2026-09-01,아틀리에 나인,5635451,(T-7139)FURRY LOOF OVERFIT KNIT,0.0,0,84590,84590,95160,1,-10570,-11.11,100.0,1,medium,24.1,5,2,none,,59,https://www.musinsa.com/products/5635451
2026-09-01,아메스 월드와이드,5636347,CORDUROY EASY PANTS PINK,0.0,0,54500,54500,54500,0,0,0.0,100.0,1,high,24.08,5,2,none,,59,https://www.musinsa.com/products/5636347
2026-09-01,아메스 월드와이드,5636475,COLLAR FLEECE JACKET BROWN,0.0,0,86800,86800,86800,0,0,0.0,100.0,1,high,24.08,5,2,none,,59,https://www.musinsa.com/products/5636475
2026-09-01,세터,5642235,니트 바시티 자켓 차콜,0.0,0,239000,239000,239000,0,0,0.0,100.0,1,high,24.1,5,2,none,,59,https://www.musinsa.com/products/5642235
2026-09-01,론론,5649083,PATTERN SHIRRING POCKET PUFFER JUMPER DOT BLACK,0.0,0,161190,161190,143280,1,17910,12.5,100.0,1,medium,24.09,6,2,none,,59,https://www.musinsa.com/products/5649083
2026-09-01,러브이즈트루,5653563,LUVISTRUE X MEANINGLESS TRAINING PANTS(GRAY),0.0,0,73600,73600,73600,0,0,0.0,100.0,1,high,24.02,7,2,none,,59,https://www.musinsa.com/products/5653563
2026-09-01,다이브인,5655547,UNIFORM TURTLE NECK V2 (KHAKI),0.0,0,31200,31200,39000,1,-7800,-20.0,100.0,1,medium,24.09,6,2,none,,59,https://www.musinsa.com/products/5655547
2026-09-01,루에브르,5659579,Hoodie Knit Cardigan SK5WD472-9E,0.0,0,239000,239000,239000,0,0,0.0,100.0,1,high,24.09,7,2,none,,59,https://www.musinsa.com/products/5659579
2026-09-01,루에브르,5659643,[정려원 PICK] Asymmetric Panel Half-neck Knit Pullover SK5WP475_3color,0.0,0,139000,139000,139000,0,0,0.0,100.0,1,high,24.09,7,2,none,,59,https://www.musinsa.com/products/5659643
2026-09-01,브룩스 브라더스,5659963,슬림핏 라이트웨이트 어드밴티지 치노 (카키) (BBPCMMZ501),0.0,0,179100,179100,199000,1,-19900,-10.0,100.0,1,medium,24.02,7,2,none,,59,https://www.musinsa.com/products/5659963
2026-09-01,배드블러드,5662203,다크 클래식 MYM 모헤어 스웨터 - 블랙,0.0,0,111200,111200,100080,1,11120,11.11,100.0,1,medium,24.09,6,2,none,,59,https://www.musinsa.com/products/5662203
2026-09-01,배드블러드,5662267,PEACE NOT WAR 슬림 컷아웃 후드 - 챠콜,0.98,121998,125100,125100,106340,1,18760,17.64,100.0,1,medium,24.09,6,2,none,,59,https://www.musinsa.com/products/5662267
2026-09-01,키르시,5668283,컬러블록 레이어드 슬림핏 롱 슬리브 [레드],0.0,0,79200,79200,79200,0,0,0.0,100.0,1,high,24.09,6,2,none,,59,https://www.musinsa.com/products/5668283
2026-09-01,제너럴아이디어,5678779,스캘럽 케이블 브이넥 풀오버 [IVORY] / WBE4L05556,0.0,0,59200,59200,59200,0,0,0.0,100.0,1,high,24.09,6,2,none,,59,https://www.musinsa.com/products/5678779
2026-09-01,트리밍버드,5685883,Gradient Hoodie Knit Pullover [ Smoke Blue ],0.0,0,242100,242100,269000,1,-26900,-10.0,100.0,1,medium,24.09,6,2,none,,59,https://www.musinsa.com/products/5685883
2026-09-01,칙스,5687483,(기모 ver)하트심볼 자수 맨투맨(3color),0.0,0,39900,39900,31920,1,7980,25.0,100.0,1,medium,24.09,6,2,none,,59,https://www.musinsa.com/products/5687483
2026-09-01,더뮤지엄비지터,5688763,FLEECE RAGLAN FULL ZIP-UP (GREY),0.0,0,107400,107400,107400,0,0,0.0,100.0,1,high,24.09,6,2,none,,59,https://www.musinsa.com/products/5688763
2026-09-01,로우클래식,5691835,Lc WOOL JERSEY T-SHIRT_IVORY_LC254TS08IV,0.0,0,52250,52250,44000,1,8250,18.75,100.0,1,medium,24.09,6,2,none,,59,https://www.musinsa.com/products/5691835
2026-09-01,가까이 유니언즈,5717691,비네스 절개 피그먼트 후드 집업 브라운,0.0,0,57400,57400,57400,0,0,0.0,100.0,1,high,24.1,5,2,none,,59,https://www.musinsa.com/products/5717691
2026-09-01,무센트,5729403,로크 셋업 메탈 로고 컷오프 피그먼트 스웻 팬츠 남녀공용,0.0,0,92400,92400,119660,1,-27260,-22.78,100.0,1,medium,24.09,6,2,none,,59,https://www.musinsa.com/products/5729403
2026-09-01,바이모노,5730363,[빅사이즈 XL-6XL] 모노 탄탄 아이비리그 오버핏 맨투맨,0.0,0,29900,29900,29900,0,0,0.0,100.0,1,high,24.09,6,2,none,,59,https://www.musinsa.com/products/5730363
2026-09-01,락케이크,5743675,Washed Cross Lettering 2way Jogger - Black,0.0,0,81270,81270,92880,1,-11610,-12.5,100.0,1,medium,24.09,7,2,none,,59,https://www.musinsa.com/products/5743675
2026-09-01,브랜디드,5745851,[SUPERIOR] CLOUD SUPERFINE V-NECK KNIT [CHARCOAL],0.0,0,125800,125800,125800,0,0,0.0,100.0,1,high,24.08,5,2,none,,59,https://www.musinsa.com/products/5745851
2026-09-01,무센트,5752699,넬로 스냅 버튼 긴팔 티 (6컬러),0.0,0,34930,34930,46410,1,-11480,-24.74,100.0,1,medium,24.09,6,2,none,,59,https://www.musinsa.com/products/5752699
2026-09-01,무드인사이드,5759931,피그먼트 베니스 스웨트 후드집업_Charcoal,0.0,0,49900,49900,69900,1,-20000,-28.61,100.0,1,medium,24.09,7,2,none,,59,https://www.musinsa.com/products/5759931
2026-09-01,썸웨어버터,5761979,Hairy Wool Half Coat - Charcoal,0.0,0,329000,329000,329000,0,0,0.0,100.0,1,high,24.02,7,2,none,,59,https://www.musinsa.com/products/5761979
2026-09-01,썸웨어버터,5762043,Symbol Logo Handmade Sweater - Ivory,0.0,0,189000,189000,189000,0,0,0.0,100.0,1,high,24.02,7,2,none,,59,https://www.musinsa.com/products/5762043
2026-09-01,어널러코드,5773115,브루니 커브드 코튼 팬츠 (3color),57.44,2181724,37981,38160,30380,1,7780,25.61,100.0,1,low,4.06,52,13,none,,59,https://www.musinsa.com/products/5773115
2026-09-01,무드인사이드,5776571,울 해링턴 자켓_Black,0.0,0,99900,99900,99900,0,0,0.0,100.0,1,high,24.09,7,2,none,,59,https://www.musinsa.com/products/5776571
2026-09-01,무센트,5779259,리브르 오프 숄더 언발란스 굴림 긴팔 티 (4컬러),4.4,153677,34953,27930,36460,1,-8530,-23.4,100.0,1,medium,24.09,15,4,none,,59,https://www.musinsa.com/products/5779259
2026-09-01,브룩스 브라더스,5779387,[여성] 벨티드 다운코트 (베이지) (BBOPWBF404),0.0,0,539200,539200,575280,1,-36080,-6.27,100.0,1,medium,24.02,7,2,none,,59,https://www.musinsa.com/products/5779387
2026-09-01,데꼬로소,5792827,남녀공용 핑거 홀 울 니트 장갑 [브라운],0.54,10636,19800,19800,19800,0,0,0.0,100.0,1,high,24.02,7,2,none,,59,https://www.musinsa.com/products/5792827
2026-09-01,바우로 프로덕트,5796667,헤어리 머슬 라운드 긴팔 니트티 [차콜],0.0,0,39900,39900,39900,0,0,0.0,22.56,0,low,24.0,5,1,none,,59,https://www.musinsa.com/products/5796667
2026-09-01,바이모노,5801979,[빅사이즈 M-8XL] 꼭꼭숨티 클래식 피케이 카라티,0.0,0,39900,39900,39900,0,0,0.0,100.0,1,high,24.09,6,2,none,,59,https://www.musinsa.com/products/5801979
2026-09-01,커버낫,5833851,뉴 어센틱 샌드 31L 백팩 베이지,0.0,0,139000,139000,125100,1,13900,11.11,100.0,1,medium,24.09,6,2,none,,59,https://www.musinsa.com/products/5833851
2026-09-01,브론슨,5838651,Vintage Long Sleeve Henley Shirt Dark Grey (Korea Edition),2.25,125634,55800,55800,55800,0,0,0.0,100.0,1,high,9.05,18,6,none,,59,https://www.musinsa.com/products/5838651
2026-09-01,나이스고스트클럽,5839099,3STAR HOODIE_BLACK(NG2GSUM400A),0.0,0,56070,56070,56070,0,0,0.0,100.0,1,high,24.02,7,2,none,,59,https://www.musinsa.com/products/5839099
2026-09-01,나이스고스트클럽,5839163,DRAWING 3STAR LS TEE_CHARCOAL(NG2GSUT560A),0.0,0,41300,41300,37170,1,4130,11.11,100.0,1,medium,24.02,7,2,none,,59,https://www.musinsa.com/products/5839163
2026-09-01,노매뉴얼,5849275,NEO LEATHER JACKET - BLACK,0.0,0,417600,417600,417600,0,0,0.0,100.0,1,high,24.08,5,2,none,,59,https://www.musinsa.com/products/5849275
2026-09-01,노매뉴얼,5849403,NM GENESIS T-SHIRT - BLACK,0.0,0,34300,34300,34300,0,0,0.0,100.0,1,high,24.08,5,2,none,,59,https://www.musinsa.com/products/5849403
2026-09-01,노매뉴얼,5849467,FINE STRIPE T-SHIRT - BURGUNDY,0.0,0,34300,34300,34300,0,0,0.0,100.0,1,high,24.08,5,2,none,,59,https://www.musinsa.com/products/5849467
2026-09-01,노매뉴얼,5849531,LAYERED ARCH GRAPHIC T-SHIRT (WOMAN) - WASHED CHARCOAL,0.0,0,38500,38500,38500,0,0,0.0,100.0,1,high,24.08,5,2,none,,59,https://www.musinsa.com/products/5849531
2026-09-01,글로니,5859195,3/4 G WAFFLE BUTTON FLY TEE (BLACK),48.74,3079696,63180,63180,63180,0,0,0.0,100.0,1,high,24.09,20,2,none,,59,https://www.musinsa.com/products/5859195
2026-09-01,플레어업,5860539,[유인 PICK] Asymmetrical Draped Long Skirt (FL-263_Dark Gray),13.66,896015,65588,88200,61740,1,26460,42.86,100.0,1,medium,3.62,30,13,none,,59,https://www.musinsa.com/products/5860539
2026-09-01,키르시,5869307,키르시 포켓 에코백 [레드],0.0,0,39200,39200,39200,0,0,0.0,100.0,1,high,24.09,6,2,none,,59,https://www.musinsa.com/products/5869307
2026-09-01,키르시,5869371,스몰 체리 슬림핏 립 롱 슬리브 [라이트 핑크],0.0,0,29400,29400,29400,0,0,0.0,100.0,1,high,24.09,6,2,none,,59,https://www.musinsa.com/products/5869371
2026-09-01,키르시,5869435,라인 디테일 트랙 집업 [브라운],0.0,0,79200,79200,79200,0,0,0.0,100.0,1,high,24.09,6,2,none,,59,https://www.musinsa.com/products/5869435
2026-09-01,론론,5870843,SOFT DAYS KNIT CARDIGAN GREY,0.0,0,43120,43120,55440,1,-12320,-22.22,100.0,1,medium,24.09,6,2,none,,59,https://www.musinsa.com/products/5870843
2026-09-01,마인드브릿지,5872059,[COUTURE]트윌 조직 트러커 - 2color,0.0,0,139000,139000,139000,0,0,0.0,100.0,1,low,24.08,5,2,none,,59,https://www.musinsa.com/products/5872059
2026-09-01,그루브라임,5877947,OIL COATING JOGGER PANTS (LRQFCPA716M),0.0,0,24800,24800,14900,1,9900,66.44,100.0,1,medium,24.09,7,2,none,,59,https://www.musinsa.com/products/5877947
2026-09-01,제너럴아이디어,5880891,릴렉스드 카라 레이어드 풀오버 [BUTTER] / GF7LKP502,0.0,0,46400,46400,46400,0,0,0.0,100.0,1,high,24.09,6,2,none,,59,https://www.musinsa.com/products/5880891
2026-09-01,드로우핏 우먼,5885435,포엠 레이어드 카라 셔츠 탑 [BLUE STRIPE],0.0,0,66600,66600,66600,0,0,0.0,100.0,1,high,24.09,9,2,none,,59,https://www.musinsa.com/products/5885435
2026-09-01,아웃스탠딩,5886587,MIL SERIES SWEAT(FIRST MATE)_NAVY,0.14,8545,59200,66600,59200,1,7400,12.5,100.0,1,low,24.09,5,2,none,,59,https://www.musinsa.com/products/5886587
2026-09-01,드로우핏 우먼,5886715,시그넷 키홀 스웨이드 호보 백 [BLACK],0.0,0,73800,73800,73800,0,0,0.0,100.0,1,high,24.09,7,2,none,,59,https://www.musinsa.com/products/5886715
2026-09-01,던스트,5890107,UNISEX OVERSIZED VINTAGE LEATHER BLOUSON_UDJU6A103_BLACK,0.0,0,575280,575280,575280,0,0,0.0,100.0,1,high,24.02,7,2,none,,59,https://www.musinsa.com/products/5890107
2026-09-01,드릭스,5891195,빈티지 와플 오버핏 롱 슬리브_샌드,0.0,0,29670,29670,34900,1,-5230,-14.99,100.0,1,medium,24.09,6,2,none,,59,https://www.musinsa.com/products/5891195
2026-09-01,아웃스탠딩,5892091,[LOONEY TUNES] SWEAT(HECTOR THE BULLDOG)_1%OATMEAL,1.14,68883,60354,62100,55200,1,6900,12.5,100.0,1,low,24.09,5,2,none,,59,https://www.musinsa.com/products/5892091
2026-09-01,바우프,5894651,B 스타 슬림핏 티셔츠 [화이트],0.0,0,45900,45900,45900,0,0,0.0,100.0,1,high,24.08,5,2,none,,59,https://www.musinsa.com/products/5894651
2026-09-01,칙스,5895099,마이크로 체크 오버핏 셔츠 카멜,0.0,0,36900,36900,29520,1,7380,25.0,100.0,1,medium,24.09,6,2,none,,59,https://www.musinsa.com/products/5895099
2026-09-01,고스트리퍼블릭,5896699,CP 이중지 에센셜 오버핏 크롭 반팔티 4Color GT-379,1.5,26776,17800,17800,17800,0,0,0.0,100.0,1,high,9.04,17,6,none,,59,https://www.musinsa.com/products/5896699
2026-09-01,플랙,5899003,에센셜 와이드 데님팬츠 M14 빈티지 그레이,0.0,0,81270,81270,72240,1,9030,12.5,100.0,1,medium,24.09,6,2,none,,59,https://www.musinsa.com/products/5899003
2026-09-01,드로우핏,5899195,이글 해링턴 워싱 자켓 [LIGHT GREY],0.45,50947,113100,113100,113100,0,0,0.0,100.0,1,high,24.08,5,2,none,,59,https://www.musinsa.com/products/5899195
2026-09-01,일리고,5901307,레이스 크로스 레그워머 화이트,0.0,0,30000,30000,30000,0,0,0.0,100.0,1,high,24.08,5,2,none,,59,https://www.musinsa.com/products/5901307
2026-09-01,일리고,5901435,오픈 카라 롱슬리브 버건디,0.26,19623,76000,76000,76000,0,0,0.0,100.0,1,low,38.02,9,3,none,,59,https://www.musinsa.com/products/5901435
2026-09-01,더블유엠씨,5901499,콘트라스트 헌팅 자켓_BEIGE,0.0,0,89100,89100,89100,0,0,0.0,100.0,1,high,24.02,7,2,none,,59,https://www.musinsa.com/products/5901499
2026-09-01,데케트,5908731,Officer Straight Jeans DCPT068Black,0.0,0,51800,51800,51800,0,0,0.0,9.95,0,low,24.0,5,1,none,,59,https://www.musinsa.com/products/5908731
2026-09-01,던스트,5911227,PLEATED CHINO SLACKS_UDPA6A203_CLASSIC BEIGE,0.0,0,76160,76160,76160,0,0,0.0,100.0,1,high,24.02,7,2,none,,59,https://www.musinsa.com/products/5911227
2026-09-01,에이지오디,5911291,스트랩 밴딩 와이드 슬랙스 [블랙 스트라이프],0.73,21028,28800,28800,33600,1,-4800,-14.29,100.0,1,medium,24.09,7,2,none,,59,https://www.musinsa.com/products/5911291
2026-09-01,언타이틀 서울,5911611,크로스 스켈레톤 후드집업 그레이,0.0,0,48000,48000,48000,0,0,0.0,100.0,1,high,24.1,5,2,none,,59,https://www.musinsa.com/products/5911611
2026-09-01,가까이 유니언즈,5911867,럭키 피그먼트 맨투맨 스톤그레이,0.0,0,43400,43400,43400,0,0,0.0,100.0,1,high,24.1,5,2,none,,59,https://www.musinsa.com/products/5911867
2026-09-01,키르시,5912955,슬림핏 레이어드 립 롱 슬리브 [화이트],0.0,0,55200,55200,55200,0,0,0.0,100.0,1,high,24.09,6,2,none,,59,https://www.musinsa.com/products/5912955
2026-09-01,키르시,5913019,버클 디테일 카펜터 와이드핏 데님 팬츠 [블루],0.0,0,87720,87720,87720,0,0,0.0,100.0,1,high,24.09,6,2,none,,59,https://www.musinsa.com/products/5913019
2026-09-01,키르시,5913083,포켓 리본 디테일 와이드핏 데님 팬츠 [블루],0.0,0,111200,111200,111200,0,0,0.0,100.0,1,high,24.09,6,2,none,,59,https://www.musinsa.com/products/5913083
2026-09-01,엑스컨테이너,5915451,유틸리티 다트 코튼 팬츠 (BLACK),0.0,0,47580,47580,47580,0,0,0.0,100.0,1,high,24.08,5,2,none,,59,https://www.musinsa.com/products/5915451
2026-09-01,해칭룸,5916219,Over Duck Pants Washed Beige,0.0,0,170400,170400,170400,0,0,0.0,100.0,1,high,24.08,5,2,none,,59,https://www.musinsa.com/products/5916219
2026-09-01,룩캐스트,5919739,세렌 H라인 미디 스커트_블랙 / SEREN H LINE MIDI SKIRT_BLACK,0.0,0,58530,58530,58530,0,0,0.0,100.0,1,high,24.08,5,2,none,,59,https://www.musinsa.com/products/5919739
2026-09-01,스키즘 인듀싱,5920443,LOOSE FIT LONG SLEEVE AND HALTER SET WHITE,0.0,0,83300,83300,88200,1,-4900,-5.56,100.0,1,medium,24.09,6,2,none,,59,https://www.musinsa.com/products/5920443
2026-09-01,배드블러드,5923067,스터디드 레더 키링 - 블랙,0.0,0,47200,47200,42480,1,4720,11.11,100.0,1,medium,24.09,6,2,none,,59,https://www.musinsa.com/products/5923067
2026-09-01,배드블러드,5923195,0509 신치백 세미 커브드 팬츠 - 블랙체크,0.0,0,140000,140000,133880,1,6120,4.57,100.0,1,medium,24.09,6,2,none,,59,https://www.musinsa.com/products/5923195
2026-09-01,유니폼브릿지,5923771,ubc multi stripe l/s t-shirt blue,0.0,0,39500,39500,39500,0,0,0.0,100.0,1,high,24.09,6,2,none,,59,https://www.musinsa.com/products/5923771
2026-09-01,그루브라임,5923835,3단쭈리 G아플리케 자수 코튼 팬츠 (LRRSCPA107M),0.0,0,18800,18800,28900,1,-10100,-34.95,100.0,1,medium,24.09,7,2,none,,59,https://www.musinsa.com/products/5923835
2026-09-01,와이케이,5925051,카고 아플리케 스웨트팬츠 멜란지화이트,0.0,0,81750,81750,57230,1,24520,42.84,100.0,1,medium,24.02,7,2,none,,59,https://www.musinsa.com/products/5925051
2026-09-01,헬레네파리스,5925435,레더 메탈 로고 체인 월렛 [버건디],0.0,0,34720,34720,34720,0,0,0.0,100.0,1,high,24.09,6,2,none,,59,https://www.musinsa.com/products/5925435
2026-09-01,에이치덱스,5926139,코어 리버스 자이언트핏 후디 집업 (Melange Gray),0.0,0,88200,88200,88200,0,0,0.0,100.0,1,high,24.08,5,2,none,,59,https://www.musinsa.com/products/5926139
2026-09-01,와이케이,5927675,말티즈 아카이브 래글런 반팔티셔츠 멜란지화이트,0.0,0,36400,36400,36400,0,0,0.0,100.0,1,high,24.02,7,2,none,,59,https://www.musinsa.com/products/5927675
2026-09-01,아모우,5928635,Heart skull long sleeve Gray,0.0,0,47400,47400,47400,0,0,0.0,100.0,1,high,24.09,6,2,none,,59,https://www.musinsa.com/products/5928635
2026-09-01,로제프란츠,5929979,Fabric Button Collar Cardigan [Sky Blue],0.0,0,49200,49200,43050,1,6150,14.29,100.0,1,medium,24.08,5,2,none,,59,https://www.musinsa.com/products/5929979
2026-09-01,브라운브레스,5930107,W CRUSH TAG KITTY HOODIE - BLACK,0.0,0,99000,99000,99000,0,0,0.0,100.0,1,high,24.09,7,2,none,,59,https://www.musinsa.com/products/5930107
2026-09-01,후드후드,5930171,에일리언 핸즈 레이어드 피그먼트 롱슬리브 티셔츠 차콜,0.0,0,46220,46220,46220,0,0,0.0,100.0,1,high,24.08,5,2,none,,59,https://www.musinsa.com/products/5930171
2026-09-01,워크온바디오프,5930747,벤테르 세미 와이드 배럴 진 [블루],0.0,0,50310,50310,55900,1,-5590,-10.0,100.0,1,medium,24.09,6,2,none,,59,https://www.musinsa.com/products/5930747
2026-09-01,러프사이드,5931579,Double Loop Cardigan Jade,0.0,0,148000,148000,148000,0,0,0.0,100.0,1,high,24.1,5,2,none,,59,https://www.musinsa.com/products/5931579
2026-09-01,러프사이드,5932219,Plain Collar Knit Deep Purple,0.0,0,128000,128000,128000,0,0,0.0,100.0,1,high,24.1,5,2,none,,59,https://www.musinsa.com/products/5932219
2026-09-01,유니온블루,5935803,HARU CASHMERE WOOL CROP CARDIGAN [MELANGE TAUPE],0.14,19270,133200,113220,133200,1,-19980,-15.0,100.0,1,medium,24.09,6,2,none,,59,https://www.musinsa.com/products/5935803
2026-09-01,웬즈데이오아시스,5936763,브리즈 헨리넥 롱 슬리브 티셔츠_BLACK(W26TP02),0.0,0,41300,41300,41300,0,0,0.0,100.0,1,high,24.09,7,2,none,,59,https://www.musinsa.com/products/5936763
2026-09-01,파르티멘토 우먼,5936827,PWC 콤비 스트라이프 스웻팬츠_모카,0.0,0,45360,45360,35280,1,10080,28.57,100.0,1,medium,24.08,5,2,none,,59,https://www.musinsa.com/products/5936827
2026-09-01,아캄,5937403,Rhinestone Damaged Long Beanie (Black),1.44,38917,27000,27000,27000,0,0,0.0,100.0,1,high,23.99,8,5,none,,59,https://www.musinsa.com/products/5937403
2026-09-01,굿라이프웍스,5938555,미니멀 브이넥 크롭 니트 올리브,0.0,0,34860,34860,34860,0,0,0.0,100.0,1,high,24.1,5,2,none,,59,https://www.musinsa.com/products/5938555
2026-09-01,굿라이프웍스,5938683,슬랜트 포켓 와이드 데님 팬츠 블랙,0.0,0,43400,43400,43400,0,0,0.0,100.0,1,high,24.1,5,2,none,,59,https://www.musinsa.com/products/5938683
2026-09-01,락케이크,5939003,Offset Cutout Zip Up Hoodie - Gray,0.0,0,85790,85790,98040,1,-12250,-12.49,100.0,1,medium,24.09,7,2,none,,59,https://www.musinsa.com/products/5939003
2026-09-01,세터,5939067,[라이즈PICK] 크레스트 로고 오픈 칼라 니트 크림,0.0,0,149000,149000,149000,0,0,0.0,100.0,1,high,24.1,5,2,none,,59,https://www.musinsa.com/products/5939067
2026-09-01,디미트리블랙,5945211,2WAY 에센셜 크롭 해링턴 자켓_4 COLOR,0.47,21416,45900,49900,45900,1,4000,8.71,100.0,1,low,24.01,11,4,none,,59,https://www.musinsa.com/products/5945211
2026-09-01,아캄,5947963,Pistol Sleeveless (Black),0.0,0,48800,48800,48800,0,0,0.0,100.0,1,high,24.1,5,2,none,,59,https://www.musinsa.com/products/5947963
2026-09-01,아캄,5948091,Annie Half Top (Gray),0.0,0,48300,48300,48300,0,0,0.0,100.0,1,high,24.1,5,2,none,,59,https://www.musinsa.com/products/5948091
2026-09-01,오도어,5949435,Horseshoe wide jean,0.0,0,228000,228000,212040,1,15960,7.53,100.0,1,medium,24.09,7,2,none,,59,https://www.musinsa.com/products/5949435
2026-09-01,더바넷,5950395,Plery Lace Knit Sleeveless Top_Ivory,0.0,0,79200,79200,79200,0,0,0.0,100.0,1,high,24.08,5,2,none,,59,https://www.musinsa.com/products/5950395
2026-09-01,카키포인트,5951035,Bold Structured Belt (brown),0.0,0,91040,91040,80920,1,10120,12.51,100.0,1,medium,24.09,7,2,none,,59,https://www.musinsa.com/products/5951035
2026-09-01,카키포인트,5951355,Steel Button Top (sage),1.46,88214,60440,60440,53720,1,6720,12.51,100.0,1,medium,24.09,9,2,none,,59,https://www.musinsa.com/products/5951355
2026-09-01,몽돌,5952059,[SET] 보트넥 레이어드 골지 티셔츠 화이트 MDTS087WHITE,0.0,0,25200,25200,26880,1,-1680,-6.25,100.0,1,medium,24.09,6,2,none,,59,https://www.musinsa.com/products/5952059
2026-09-01,벨리에,5952443,(W) 시어링 링클 셔츠 - 블랙,0.0,0,169100,169100,169100,0,0,0.0,100.0,1,high,24.1,5,2,none,,59,https://www.musinsa.com/products/5952443
2026-09-01,무센트,5960763,테오 크로스 레더 패치 슬리브리스 나시 (4컬러),0.4,11209,27810,20930,27810,1,-6880,-24.74,100.0,1,medium,24.09,6,2,none,,59,https://www.musinsa.com/products/5960763
2026-09-01,그루브라임,5961851,루즈 테이퍼드 코튼 팬츠 (FRNSCPC142M),0.0,0,20800,20800,24900,1,-4100,-16.47,100.0,1,medium,24.09,7,2,none,,59,https://www.musinsa.com/products/5961851
2026-09-01,그루브라임,5962043,COLOR STRAP CAP (GC019F13),0.0,0,12400,12400,13900,1,-1500,-10.79,100.0,1,medium,24.09,7,2,none,,59,https://www.musinsa.com/products/5962043
2026-09-01,후러브스아트,5963515,트위스트 볼륨 커브드 코튼 팬츠 베이지,0.47,18867,39900,39900,39900,0,0,0.0,100.0,1,high,24.02,7,2,none,,59,https://www.musinsa.com/products/5963515
2026-09-01,2000아카이브스,5964347,ROUX BALLOON PANTS (BLACK),0.0,0,137910,137910,125370,1,12540,10.0,100.0,1,medium,24.09,6,2,none,,59,https://www.musinsa.com/products/5964347
2026-09-01,2000아카이브스,5964411,EVA CORSET TOP (BLACK),0.0,0,95640,95640,86940,1,8700,10.01,100.0,1,medium,24.09,6,2,none,,59,https://www.musinsa.com/products/5964411
2026-09-01,파르티멘토,5967419,헤비 와플 후드 집업 카키,0.0,0,63800,63800,57420,1,6380,11.11,100.0,1,medium,24.09,6,2,none,,59,https://www.musinsa.com/products/5967419
2026-09-01,999휴머니티,5968891,어드밴처 체크 스카프 (다크 네이비),0.0,0,118000,118000,118000,0,0,0.0,100.0,1,high,24.1,5,2,none,,59,https://www.musinsa.com/products/5968891
2026-09-01,비바라비다,5969339,Horse 헤비테리 후드,0.0,0,57900,57900,64900,1,-7000,-10.79,100.0,1,medium,24.09,6,2,none,,59,https://www.musinsa.com/products/5969339
2026-09-01,밀로 아카이브,5970875,시커 체크 셔츠 자켓 [그레이],0.0,0,96600,96600,124200,1,-27600,-22.22,100.0,1,medium,24.02,7,2,none,,59,https://www.musinsa.com/products/5970875
2026-09-01,필루미네이트,5972795,(W) 데미지드 벨벳 크롭 니트-그레이,0.0,0,46000,46000,46000,0,0,0.0,100.0,1,high,24.02,7,2,none,,59,https://www.musinsa.com/products/5972795
2026-09-01,론론,5972859,ELBOW PATCH STRIPE SWEATSHIRT NAVY,0.97,54011,55440,55440,63360,1,-7920,-12.5,100.0,1,medium,24.09,13,2,none,,59,https://www.musinsa.com/products/5972859
2026-09-01,론론,5973051,LAYERED HENRYNECK LONG SLEEVE GREY,0.0,0,43120,43120,55440,1,-12320,-22.22,100.0,1,medium,24.09,6,2,none,,59,https://www.musinsa.com/products/5973051
2026-09-01,더뮤지엄비지터,5973115,WASHED BUTTON FLY WORK PANTS (BEIGE),0.0,0,95400,95400,95400,0,0,0.0,100.0,1,high,24.09,6,2,none,,59,https://www.musinsa.com/products/5973115
2026-09-01,론론,5973179,SKIRT LAYERED SWEAT PANTS GREY,0.0,0,98820,98820,68320,1,30500,44.64,100.0,1,medium,24.09,6,2,none,,59,https://www.musinsa.com/products/5973179
2026-09-01,아웃스탠딩,5975163,MIGHTY TIGER WOOL CREW NECK KNIT_IVORY,0.0,0,71100,71100,63200,1,7900,12.5,100.0,1,medium,24.09,6,2,none,,59,https://www.musinsa.com/products/5975163
2026-09-01,꼼파뇨,5976827,리버티로즈 레이어드 피그먼트 롱슬리브 스모크블랙,1.0,32361,32460,32460,32460,0,0,0.0,100.0,1,high,24.08,5,2,none,,59,https://www.musinsa.com/products/5976827
2026-09-01,디앤에스알,5976955,세스테소 썸머 부클 니트 그레이,0.0,0,88000,88000,88000,0,0,0.0,100.0,1,high,24.1,5,2,none,,59,https://www.musinsa.com/products/5976955
2026-09-01,로제프란츠,5977787,Folding Waist Maxi Long Skirt [Gray],0.0,0,47040,47040,41160,1,5880,14.29,100.0,1,medium,24.08,5,2,none,,59,https://www.musinsa.com/products/5977787
2026-09-01,몽돌,5982907,사이드 셔링 카프리 팬츠 블랙 MDPT081BLACK,0.0,0,50400,50400,50400,0,0,0.0,100.0,1,high,24.09,6,2,none,,59,https://www.musinsa.com/products/5982907
2026-09-01,와이케이,5983099,커브드 절개 코튼 팬츠 베이지,0.0,0,89250,89250,62480,1,26770,42.85,100.0,1,medium,24.02,7,2,none,,59,https://www.musinsa.com/products/5983099
2026-09-01,이지노이지,5983419,커브드 레오파드 팬츠 - 카키,0.0,0,69900,69900,69900,0,0,0.0,100.0,1,high,24.1,5,2,none,,59,https://www.musinsa.com/products/5983419
2026-09-01,틸아이다이,5983995,Stripe half zip up knit [TISP05SW04]_Ivory,0.0,0,84790,84790,84790,0,0,0.0,100.0,1,high,24.09,6,2,none,,59,https://www.musinsa.com/products/5983995
2026-09-01,인사일런스,5984699,HBT 베이커 팬츠 OLIVE DRAB,0.0,0,107100,107100,119000,1,-11900,-10.0,100.0,1,medium,24.09,6,2,none,,59,https://www.musinsa.com/products/5984699
2026-09-01,던스트,5987579,UNISEX STRIPED T-SHIRT_UDTS6A106_GREY STRIPE,0.0,0,44240,44240,44240,0,0,0.0,100.0,1,high,24.02,7,2,none,,59,https://www.musinsa.com/products/5987579
2026-09-01,디스이즈네버댓,5992251,T-Logo Cap White/Blue,0.0,0,36000,36000,36000,0,0,0.0,100.0,1,high,24.09,6,2,none,,59,https://www.musinsa.com/products/5992251
2026-09-01,디스이즈네버댓,5992315,Layered L/S Tee Off Black,0.59,35691,60000,60000,60000,0,0,0.0,100.0,1,high,24.09,6,2,none,,59,https://www.musinsa.com/products/5992315
2026-09-01,디스이즈네버댓,5992379,Overdyed Embroidery Hoodie Faded Purple,0.0,0,83300,83300,83300,0,0,0.0,100.0,1,high,24.09,6,2,none,,59,https://www.musinsa.com/products/5992379
2026-09-01,디스이즈네버댓,5992443,Nep Check Zip Shirt Black,0.0,0,104300,104300,104300,0,0,0.0,100.0,1,high,24.09,6,2,none,,59,https://www.musinsa.com/products/5992443
2026-09-01,인사일런스,5993147,램스킨 칼라 데님 자켓 BLACK,0.0,0,229000,229000,229000,0,0,0.0,100.0,1,high,24.09,6,2,none,,59,https://www.musinsa.com/products/5993147
2026-09-01,인사일런스,5993211,울 블렌드 라운드 넥 카디건 MELANGE GREY,0.0,0,116100,116100,116100,0,0,0.0,100.0,1,high,24.09,6,2,none,,59,https://www.musinsa.com/products/5993211
2026-09-01,바우프,5995067,3 logo 도트 슬림핏 티셔츠 [민트 블루],1.0,41542,41650,41650,41650,0,0,0.0,100.0,1,high,24.08,5,2,none,,59,https://www.musinsa.com/products/5995067
2026-09-01,프렌다,5997819,DOT SHIRRING LAYERED TEE SET IVORY,0.0,0,21840,21840,31200,1,-9360,-30.0,100.0,1,medium,24.09,7,2,none,,59,https://www.musinsa.com/products/5997819
2026-09-01,길라아카이브,6000059,OBLIQUE ZIPPER OFF SHOULDER LONG SLEEVE_BLACK,0.0,0,43470,43470,,0,,,47.29,0,low,24.02,3,1,none,,59,https://www.musinsa.com/products/6000059
2026-09-01,데꼬로소,6000443,소프트 코튼 브이넥 니트 [네이비],8.87,368115,41500,41500,41500,0,0,0.0,100.0,1,low,9.99,25,6,none,,59,https://www.musinsa.com/products/6000443
2026-09-01,배드블러드,6002235,Mystic Formal Curved Chino Pants - Cream,0.0,0,127200,127200,121640,1,5560,4.57,100.0,1,medium,24.09,6,2,none,,59,https://www.musinsa.com/products/6002235
2026-09-01,일꼬르소,6004219,US 코튼 숏 슬리브 티셔츠  베이지,0.0,0,20480,20480,23040,1,-2560,-11.11,100.0,1,medium,24.09,6,2,none,,59,https://www.musinsa.com/products/6004219
2026-09-01,브룩스 브라더스,6005179,[키즈] 코튼 플란넬 원피스 (핑크) (BBDZKG9944CEF),0.0,0,79500,79500,79500,0,0,0.0,100.0,1,high,24.02,7,2,none,,59,https://www.musinsa.com/products/6005179
2026-09-01,넌블랭크,6006587,와이드 커브드 데님 팬츠_INDIGO,0.0,0,96720,96720,96720,0,0,0.0,100.0,1,high,24.02,7,2,none,,59,https://www.musinsa.com/products/6006587
2026-09-01,로우클래식,6008123,LOW WASHED ZIP-UP HOODIE_CHARCOAL [LC267TS13CC],0.0,0,118850,118850,125100,1,-6250,-5.0,100.0,1,medium,24.09,6,2,none,,59,https://www.musinsa.com/products/6008123
2026-09-01,솔트앤초콜릿,6010427,루나 스퀘어 펌프스 412611002(6cm),0.0,0,53400,53400,53400,0,0,0.0,100.0,1,high,24.09,6,2,none,,59,https://www.musinsa.com/products/6010427
2026-09-01,오퍼스 0012,6010939,Op. 10 OPUS DISTRESSED TOTE BAG BURGUNDY,0.0,0,55500,55500,55500,0,0,0.0,100.0,1,high,24.09,6,2,none,,59,https://www.musinsa.com/products/6010939
2026-09-01,탄산마그네슘,6014459,포니 아플리케 티셔츠 (화이트),0.0,0,52440,52440,52440,0,0,0.0,100.0,1,low,48.09,4,1,none,,59,https://www.musinsa.com/products/6014459
2026-09-01,세컨모놀로그,6015675,(TIE SET)Semi Cropped Dart Cotton Shirt [6 color]_SESH025,0.0,0,45500,45500,45500,0,0,0.0,100.0,1,high,24.01,9,4,none,,59,https://www.musinsa.com/products/6015675
2026-09-01,브랜디드,6015931,1768 GRAY WAVE JEANS [EXTRA WIDE STRAIGHT],0.0,0,91800,91800,91800,0,0,0.0,100.0,1,high,24.08,5,2,none,,59,https://www.musinsa.com/products/6015931
2026-09-01,일꼬르소,6015995,테크니컬 쉘 필드 자켓 블랙,0.0,0,109920,109920,123660,1,-13740,-11.11,100.0,1,medium,24.09,6,2,none,,59,https://www.musinsa.com/products/6015995
2026-09-01,디스이즈네버댓,6019707,T-Logo Lunchbox Aluminium,0.0,0,39200,39200,39200,0,0,0.0,100.0,1,high,24.09,6,2,none,,59,https://www.musinsa.com/products/6019707
2026-09-01,디스이즈네버댓,6019899,Crochet Knit Zip Hoodie Washed Black,0.0,0,118300,118300,118300,0,0,0.0,100.0,1,high,24.09,6,2,none,,59,https://www.musinsa.com/products/6019899
2026-09-01,아메스 월드와이드,6021243,CUPID RABBIT STRIPE RAGLAN LS TEE BLUE,0.0,0,27440,27440,39200,1,-11760,-30.0,100.0,1,medium,24.08,5,2,none,,59,https://www.musinsa.com/products/6021243
2026-09-01,오헤시오,6021435,"VINTAGE COTTON LOGO MAIL BAG, NAVY",0.0,0,102600,102600,,0,,,73.22,0,low,24.09,3,1,none,,59,https://www.musinsa.com/products/6021435
2026-09-01,오헤시오,6021499,"STITCH BUTTON SLEEVELESS, NAVY",0.0,0,46550,46550,35280,1,11270,31.94,100.0,1,medium,24.09,7,2,none,,59,https://www.musinsa.com/products/6021499
2026-09-01,탄산마그네슘,6026107,혼 팬던트 (터번 쉘 블루),0.0,0,41800,41800,41800,0,0,0.0,100.0,1,high,24.1,5,2,none,,59,https://www.musinsa.com/products/6026107
2026-09-01,파르티멘토,6030075,VTG 워시드 스테인 볼 캡 네이비,0.0,0,28000,28000,25200,1,2800,11.11,100.0,1,medium,24.09,6,2,none,,59,https://www.musinsa.com/products/6030075
2026-09-01,파르티멘토 우먼,6033979,DBR 프린트 릴렉스드 티_블랙,0.0,0,31590,31590,24570,1,7020,28.57,100.0,1,medium,24.08,5,2,none,,59,https://www.musinsa.com/products/6033979
2026-09-01,브룩스 브라더스,6039867,논아이론 옥스포드 셔츠 (라이트블루) (BBTHMNZ501),0.0,0,152100,152100,152100,0,0,0.0,100.0,1,high,24.02,7,2,none,,59,https://www.musinsa.com/products/6039867
2026-09-01,브룩스 브라더스,6039931,논아이론 옥스포드 반팔 셔츠 (화이트) (BBTPMNZ503),0.0,0,134100,134100,134100,0,0,0.0,100.0,1,high,24.02,7,2,none,,59,https://www.musinsa.com/products/6039931
2026-09-01,브룩스 브라더스,6040443,코튼 골든플리스 로고 반팔 티셔츠 (화이트) (BBNPMNZ501),0.0,0,44240,44240,44240,0,0,0.0,100.0,1,high,24.02,7,2,none,,59,https://www.musinsa.com/products/6040443
2026-09-01,브룩스 브라더스,6040699,플레인 코튼 스트레치 어드밴티지 쇼츠 (스톤) (BBPSMFZ501),0.0,0,83440,83440,83440,0,0,0.0,100.0,1,high,24.02,7,2,none,,59,https://www.musinsa.com/products/6040699
2026-09-01,본투윈,6042683,BRNTW PIGMENT EXTRA FIT T-SHIRTS [CHARCOAL],0.0,0,56000,56000,59000,1,-3000,-5.08,100.0,1,medium,24.09,6,2,none,,59,https://www.musinsa.com/products/6042683
2026-09-01,노이어,6045691,오르빗 슬림 레더 벨트 (골드 홀스 헤어리),0.0,0,46800,46800,46800,0,0,0.0,100.0,1,high,24.09,6,2,none,,59,https://www.musinsa.com/products/6045691
2026-09-01,에이치덱스,6049339,클리어 916 와이드 와플 쇼츠 W (Black),0.0,0,37800,37800,37800,0,0,0.0,100.0,1,high,24.08,5,2,none,,59,https://www.musinsa.com/products/6049339
2026-09-01,에이치덱스,6049595,오리진 숏 슬리브 (White),0.0,0,42750,42750,42750,0,0,0.0,22.41,0,low,24.0,5,1,none,,59,https://www.musinsa.com/products/6049595
2026-09-01,르아브,6050619,스플릿 아크 커브드 카고 팬츠 애쉬그레이,2.97,424395,143100,143100,143100,0,0,0.0,100.0,1,high,24.02,21,2,none,,59,https://www.musinsa.com/products/6050619
2026-09-01,르아브,6050683,데이비드 브이넥 스냅 헨리넥 롱슬리브 화이트,0.0,0,48300,48300,48300,0,0,0.0,100.0,1,high,24.02,7,2,none,,59,https://www.musinsa.com/products/6050683
2026-09-01,로우클래식,6051131,LOW-RISE JEANS_MID BLUE [LC267PT25MB],0.0,0,101320,101320,101320,0,0,0.0,100.0,1,high,24.09,6,2,none,,59,https://www.musinsa.com/products/6051131
2026-09-01,썸웨어버터,6053051,Homie Hoodie Windbreaker - Grey,0.0,0,128880,128880,128880,0,0,0.0,100.0,1,high,24.02,7,2,none,,59,https://www.musinsa.com/products/6053051
2026-09-01,더뮤지엄비지터,6053947,ART PIGMENT HOODIE (CHARCOAL),0.0,0,59400,59400,59400,0,0,0.0,100.0,1,high,24.09,6,2,none,,59,https://www.musinsa.com/products/6053947
2026-09-01,썸웨어버터,6054267,Wappen Stripe Long Top - Grey,0.0,0,60040,60040,60040,0,0,0.0,100.0,1,high,24.02,7,2,none,,59,https://www.musinsa.com/products/6054267
2026-09-01,커버낫,6054459,시어서커 셔츠 차콜,0.0,0,80190,80190,89100,1,-8910,-10.0,100.0,1,medium,24.09,6,2,none,,59,https://www.musinsa.com/products/6054459
2026-09-01,카네이테이,6056891,BASIC HENLYNECK SHORT SLEEVES (WHITE),0.0,0,44000,44000,52250,1,-8250,-15.79,100.0,1,medium,24.09,6,2,none,,59,https://www.musinsa.com/products/6056891
2026-09-01,칙스,6057659,오버핏 시스루 긴팔 셔츠 소라,0.0,0,26320,26320,26320,0,0,0.0,100.0,1,high,24.09,6,2,none,,59,https://www.musinsa.com/products/6057659
2026-09-01,파르티멘토,6058299,VTG 워시드 크롭 롱 슬리브 블랙,0.0,0,46800,46800,42120,1,4680,11.11,100.0,1,medium,24.09,6,2,none,,59,https://www.musinsa.com/products/6058299
2026-09-01,브라운브레스,6058427,CHECK TAG HOOD ZIP UP SHIRTS - BLUE,0.0,0,129000,129000,129000,0,0,0.0,100.0,1,high,24.09,7,2,none,,59,https://www.musinsa.com/products/6058427
2026-09-01,브룩스 브라더스,6058875,[여성] 코튼 케이블 가디건 (베이지) (BBWCWBG101),0.0,0,152960,152960,152960,0,0,0.0,100.0,1,high,24.02,7,2,none,,59,https://www.musinsa.com/products/6058875
2026-09-01,제로,6059067,칼라 투웨이 스웨트 셔츠 [블랙],0.0,0,59000,59000,59000,0,0,0.0,100.0,1,high,24.1,5,2,none,,59,https://www.musinsa.com/products/6059067
2026-09-01,언탭트 스튜디오,6060219,유니버스 와일드 레터링 스웨트 오버핏 맨투맨,1.48,37706,25431,19980,34980,1,-15000,-42.88,100.0,1,medium,24.02,7,2,none,,59,https://www.musinsa.com/products/6060219
2026-09-01,언더오프,6065339,핑거홀 크롭 후드 롱슬리브 블랙,5.83,153446,26320,26320,26320,0,0,0.0,100.0,1,high,9.9,18,6,none,,59,https://www.musinsa.com/products/6065339
2026-09-01,플리즈노팔로우,6067835,Selena Button Wrap long sleeve Top (Black),0.0,0,73100,73100,73100,0,0,0.0,100.0,1,high,24.09,6,2,none,,59,https://www.musinsa.com/products/6067835
2026-09-01,미세키서울 맨,6068475,[리제임스×미세키서울 맨] Two-tone blouson jacket GREY,0.0,0,141000,141000,141000,0,0,0.0,100.0,1,high,24.1,5,2,none,,59,https://www.musinsa.com/products/6068475
2026-09-01,999휴머니티,6068731,어드벤처 플리츠 다이드 데님 팬츠 (퍼플 차콜),0.0,0,163000,163000,163000,0,0,0.0,100.0,1,high,24.1,5,2,none,,59,https://www.musinsa.com/products/6068731
2026-09-01,낫포너드,6069691,Distressed Oil Washed Wide Denim Pants - Deep Blue,0.0,0,65700,65700,65700,0,0,0.0,100.0,1,high,24.08,5,2,none,,59,https://www.musinsa.com/products/6069691
2026-09-01,에스피오나지,6070651,Athletic Track Jacket Black,0.0,0,110600,110600,113760,1,-3160,-2.78,100.0,1,medium,24.09,6,2,none,,59,https://www.musinsa.com/products/6070651
2026-09-01,제멋,6071163,커브 워시드 팬츠 블랙 MMLP2693,0.0,0,43900,43900,43900,0,0,0.0,100.0,1,high,24.09,6,2,none,,59,https://www.musinsa.com/products/6071163
2026-09-01,더바이닐하우스,6075323,BANDANA HAIR SCARF RED,0.0,0,24960,24960,31200,1,-6240,-20.0,100.0,1,medium,24.09,6,2,none,,59,https://www.musinsa.com/products/6075323
2026-09-01,프리즘웍스,6075579,TWEED WOOL ZIP UP CARDIGAN _ MINT,0.0,0,106560,106560,118400,1,-11840,-10.0,100.0,1,medium,24.09,6,2,none,,59,https://www.musinsa.com/products/6075579
2026-09-01,파르티멘토 우먼,6077755,링클드 레더 페코스 부츠_다크 브라운,0.0,0,493200,493200,383600,1,109600,28.57,100.0,1,medium,24.08,5,2,none,,59,https://www.musinsa.com/products/6077755
2026-09-01,일꼬르소,6079995,헤링본 투 턱 와이드 치노 팬츠 다크 베이지,0.0,0,56960,56960,64080,1,-7120,-11.11,100.0,1,medium,24.09,6,2,none,,59,https://www.musinsa.com/products/6079995
2026-09-01,유니폼브릿지,6081531,sleeveless t-shirt black,0.0,0,31200,31200,31200,0,0,0.0,100.0,1,high,24.09,6,2,none,,59,https://www.musinsa.com/products/6081531
2026-09-01,트래블,6083643,실버 스퍼 클럽 피그먼트 반팔티 크림,0.0,0,20300,20300,25800,1,-5500,-21.32,100.0,1,medium,24.09,7,2,none,,59,https://www.musinsa.com/products/6083643
2026-09-01,엑스컨테이너,6086331,카고 버뮤다 스웻 팬츠 (MELANGE GREY),0.0,0,42090,42090,42090,0,0,0.0,100.0,1,high,24.08,5,2,none,,59,https://www.musinsa.com/products/6086331
2026-09-01,엑스컨테이너,6086459,로우 페이드 버뮤다 데님 팬츠 (WASHED BLACK),0.0,0,33320,33320,33320,0,0,0.0,100.0,1,high,24.08,5,2,none,,59,https://www.musinsa.com/products/6086459
2026-09-01,디스이즈네버댓,6087227,T.N.T. Classic HDP Sweatshort Navy,0.0,0,63200,63200,63200,0,0,0.0,100.0,1,high,24.09,6,2,none,,59,https://www.musinsa.com/products/6087227
2026-09-01,디스이즈네버댓,6087291,BE Striped Tee Brown,0.0,0,47200,47200,47200,0,0,0.0,100.0,1,high,24.09,6,2,none,,59,https://www.musinsa.com/products/6087291
2026-09-01,나이스고스트클럽,6090491,FFATS FLOWER FRILL TEE_PINK(NG2GSUT589A),0.0,0,43470,43470,43470,0,0,0.0,100.0,1,high,24.02,7,2,none,,59,https://www.musinsa.com/products/6090491
2026-09-01,무센트,6090939,모션 스트라이프 버튼 배색 가디건,0.0,0,50330,50330,71900,1,-21570,-30.0,100.0,1,medium,24.09,6,2,none,,59,https://www.musinsa.com/products/6090939
2026-09-01,마인드브릿지,6091259,[쿨]테이퍼드 쿨 치노 밴딩 팬츠 - 3color,0.1,4725,47900,47900,47900,0,0,0.0,100.0,1,high,24.08,5,2,none,,59,https://www.musinsa.com/products/6091259
2026-09-01,코드그라피,6092027,데님 쇼츠-워싱 블랙,0.0,0,55300,55300,55300,0,0,0.0,100.0,1,high,24.08,5,2,none,,59,https://www.musinsa.com/products/6092027
2026-09-01,배드블러드,6092091,Viper Logo Mock-Neck Cap Sleeve - Black,0.07,4400,63990,71100,63990,1,7110,11.11,100.0,1,medium,24.0,9,5,none,,59,https://www.musinsa.com/products/6092091
2026-09-01,고스트리퍼블릭,6092155,심볼 크랙 아트워크 피그먼트 반팔티 2Color GT-384,3.09,61568,19900,19900,19900,0,0,0.0,100.0,1,high,24.08,10,2,none,,59,https://www.musinsa.com/products/6092155
2026-09-01,배드블러드,6092859,Viper Slim Fit Short Sleeve T-Shirt - Black,0.0,0,47200,47200,47790,1,-590,-1.23,100.0,1,medium,24.09,6,2,none,,59,https://www.musinsa.com/products/6092859
2026-09-01,트리밍버드,6093051,One-Sleeve Overlay Oversized T-Shirt [ White ],0.0,0,98000,98000,98000,0,0,0.0,100.0,1,high,24.09,6,2,none,,59,https://www.musinsa.com/products/6093051
2026-09-01,르바,6095419,All-day Cotton Rib T-shirt - Melange Grey,0.0,0,37800,37800,29400,1,8400,28.57,100.0,1,medium,24.08,5,2,none,,59,https://www.musinsa.com/products/6095419
2026-09-01,메인부스,6099771,Button Turban Beanie(BLACK),2.0,71400,35700,35700,35700,0,0,0.0,100.0,1,high,24.0,9,6,none,,59,https://www.musinsa.com/products/6099771
2026-09-01,수아레,6102395,에어리 크롭 워셔블 하프 니트,546.73,9701998,17745,12550,19900,1,-7350,-36.93,100.0,1,low,9.04,61,11,none,,59,https://www.musinsa.com/products/6102395
2026-09-01,마인드브릿지,6103291,[COUTURE]립 조직 슬리브리스 - 2color,0.0,0,23900,23900,23900,0,0,0.0,100.0,1,high,24.08,5,2,none,,59,https://www.musinsa.com/products/6103291
2026-09-01,마인드브릿지,6103355,[오정규 PICK] [2PACK]린넨 라이크 데님 오버핏 데일리 반팔 셔츠 - 3color,0.0,0,99000,99000,99000,0,0,0.0,100.0,1,high,24.08,5,2,none,,59,https://www.musinsa.com/products/6103355
2026-09-01,아메스 월드와이드,6106491,52 APPLIQUE TEE GREY,0.1,2067,21000,21000,21000,0,0,0.0,100.0,1,high,24.08,5,2,none,,59,https://www.musinsa.com/products/6106491
2026-09-01,아메스 월드와이드,6106619,LETTERING CASUAL HOBO BAG YELLOW,0.0,0,33040,33040,29500,1,3540,12.0,100.0,1,medium,24.08,5,2,none,,59,https://www.musinsa.com/products/6106619
2026-09-01,키르시,6108091,키르시 멜로우 소프트 터치 가디건 [라이트 핑크],0.0,0,79200,79200,79200,0,0,0.0,100.0,1,high,24.09,6,2,none,,59,https://www.musinsa.com/products/6108091
2026-09-01,메종미네드,6110331,[현영현영/성민 PICK] MP3 GRAPHIC LAYERED HALF T MELANGE GRAY,0.9,33337,37100,33390,37100,1,-3710,-10.0,100.0,1,medium,24.08,5,2,none,,59,https://www.musinsa.com/products/6110331
2026-09-01,디미트리블랙,6110843,VLAD 커브드 밴딩 카고 팬츠_카키,4.46,142945,32038,31900,33900,1,-2000,-5.9,100.0,1,medium,24.01,16,4,none,,59,https://www.musinsa.com/products/6110843
2026-09-01,마인드브릿지 우먼,6112507,[W]원턱 로우 인디고 데님 반바지,0.0,0,55900,55900,55900,0,0,0.0,100.0,1,high,24.1,5,2,none,,59,https://www.musinsa.com/products/6112507
2026-09-01,벨리에,6114939,B D 1 슬림 타이 - 차콜 스트라이프,0.0,0,69350,69350,69350,0,0,0.0,100.0,1,high,24.1,5,2,none,,59,https://www.musinsa.com/products/6114939
2026-09-01,오퍼스 0012,6122107,Op. 07 OP-USA CROP LONG SLEEVE WHITE,0.0,0,35400,35400,35400,0,0,0.0,100.0,1,high,24.09,6,2,none,,59,https://www.musinsa.com/products/6122107
2026-09-01,오퍼스 0012,6122619,Op. 08 FLD LIQUID COTTON PANTS BURGUNDY,0.0,0,99160,99160,99160,0,0,0.0,100.0,1,high,24.09,6,2,none,,59,https://www.musinsa.com/products/6122619
2026-09-01,허그본,6123323,드라이 컷오프 오버핏 롱슬리브 [블랙],0.0,0,27550,27550,27550,0,0,0.0,100.0,1,high,24.08,5,2,none,,59,https://www.musinsa.com/products/6123323
2026-09-01,허그본,6123707,프라임 와플 롱슬리브 2컬러,0.0,0,44650,44650,44650,0,0,0.0,100.0,1,high,24.08,5,2,none,,59,https://www.musinsa.com/products/6123707
2026-09-01,커버낫,6125563,캑터스 밸리 그래픽 티셔츠 멜란지 그레이,0.0,0,47790,47790,53100,1,-5310,-10.0,100.0,1,medium,24.09,6,2,none,,59,https://www.musinsa.com/products/6125563
2026-09-01,커버낫,6125627,스키퍼 카라 하프 니트 그린,0.0,0,62370,62370,69300,1,-6930,-10.0,100.0,1,medium,24.09,6,2,none,,59,https://www.musinsa.com/products/6125627
2026-09-01,오퍼스 0012,6128251,Op. 07 MICHAEL HOODIE WASHED BLACK,0.0,0,93000,93000,93000,0,0,0.0,100.0,1,high,24.09,6,2,none,,59,https://www.musinsa.com/products/6128251
2026-09-01,세터,6133115,시어서커 포켓 셔츠 핑크,0.0,0,119000,119000,119000,0,0,0.0,100.0,1,high,24.1,5,2,none,,59,https://www.musinsa.com/products/6133115
2026-09-01,필루미네이트,6140859,어센틱 민트 초코 티셔츠-화이트,0.0,0,29000,29000,29000,0,0,0.0,100.0,1,high,24.02,7,2,none,,59,https://www.musinsa.com/products/6140859
2026-09-01,플레어업,6141115,3-Layered Braided Sleeveless (FL-128_White),0.0,0,67550,67550,49770,1,17780,35.72,90.16,0,low,24.08,4,1,none,,59,https://www.musinsa.com/products/6141115
2026-09-01,브라운야드,6143419,"W 엑스트라 슈퍼 파인 브이넥 니트, 블루",0.0,0,198000,198000,198000,0,0,0.0,100.0,1,high,24.02,7,2,none,,59,https://www.musinsa.com/products/6143419
2026-09-01,비터셀즈,6146555,로즈 페탈 티-화이트,2.07,84777,41020,41020,41020,0,0,0.0,100.0,1,low,44.78,8,2,none,,59,https://www.musinsa.com/products/6146555
2026-09-01,일리고,6149051,플레어 셔링 탑 멜란지,0.0,0,62000,62000,43400,1,18600,42.86,100.0,1,medium,24.08,5,2,none,,59,https://www.musinsa.com/products/6149051
2026-09-01,일리고,6149115,보우 플레어 미니 원피스 차콜,0.0,0,70000,70000,49000,1,21000,42.86,100.0,1,low,72.1,3,1,none,,59,https://www.musinsa.com/products/6149115
2026-09-01,파르티멘토 우먼,6151867,2 IN 1 컨버터블 테리 집업_차콜,0.0,0,95580,95580,74340,1,21240,28.57,100.0,1,medium,24.08,5,2,none,,59,https://www.musinsa.com/products/6151867
2026-09-01,브룩스 브라더스,6152443,코튼 케이블 베스트 (아이보리) (BBWVMBG105),0.0,0,114560,114560,114560,0,0,0.0,100.0,1,high,24.02,7,2,none,,59,https://www.musinsa.com/products/6152443
2026-09-01,디미트리블랙,6154427,VLAD 빈티지 블랙 세미 크롭 티셔츠_피그먼트 차콜,1.22,32689,26900,29900,26900,1,3000,11.15,100.0,1,medium,24.09,11,4,none,,59,https://www.musinsa.com/products/6154427
2026-09-01,르아르,6156283,90s 빈티지핏 워시드 티셔츠 [라임],1.0,25854,25900,25900,25900,0,0,0.0,100.0,1,low,48.09,9,1,none,,59,https://www.musinsa.com/products/6156283
2026-09-01,드릭스,6157179,우먼스 액티브 레깅스 그래픽 바이커 쇼츠 3.5_4color,1.95,46166,23720,23720,23990,1,-270,-1.13,100.0,1,medium,24.09,6,2,none,,59,https://www.musinsa.com/products/6157179
2026-09-01,아메스 월드와이드,6162683,CLASSIC ROUND HEM RINGER TEE BLACK,0.0,0,14210,14210,20300,1,-6090,-30.0,100.0,1,medium,24.08,5,2,none,,59,https://www.musinsa.com/products/6162683
2026-09-01,아메스 월드와이드,6162747,STRING CASUAL BACK PACK BLUE,0.0,0,43610,43610,44500,1,-890,-2.0,100.0,1,medium,24.08,5,2,none,,59,https://www.musinsa.com/products/6162747
2026-09-01,아메스 월드와이드,6162875,HEART SPRAY TEE WHITE,0.9,24541,27300,19500,27300,1,-7800,-28.57,100.0,1,medium,24.08,5,2,none,,59,https://www.musinsa.com/products/6162875
2026-09-01,아모우,6164283,Lettering Circle Half T-Shirts Gray,0.97,28026,28800,28800,33600,1,-4800,-14.29,100.0,1,medium,24.09,6,2,none,,59,https://www.musinsa.com/products/6164283
2026-09-01,엘무드,6174267,레인저 텐셀 코튼 하프 셔츠 다크 네이비,0.0,0,92000,92000,92000,0,0,0.0,100.0,1,high,24.09,6,2,none,,59,https://www.musinsa.com/products/6174267
2026-09-01,더블유엠씨,6174331,헨리넥 와플 롱슬리브_GREYISH BLUE,0.0,0,35600,35600,35600,0,0,0.0,100.0,1,high,24.02,7,2,none,,59,https://www.musinsa.com/products/6174331
2026-09-01,제멋,6175803,실키바이오 카라 반팔티셔츠 그레이 HSST2695,0.0,0,37900,37900,37900,0,0,0.0,100.0,1,high,24.09,6,2,none,,59,https://www.musinsa.com/products/6175803
2026-09-01,아웃스탠딩,6175867,MOT SERIES TEE(RIDE THE COAST)_KHAKI GRAY,1.44,63420,44100,44100,44100,0,0,0.0,100.0,1,low,24.0,11,6,none,,59,https://www.musinsa.com/products/6175867
2026-09-01,론론,6185531,ROUND COLLAR BLAZER JACKET GREY,0.0,0,152280,152280,105280,1,47000,44.64,100.0,1,medium,24.09,6,2,none,,59,https://www.musinsa.com/products/6185531
2026-09-01,비터셀즈,6188411,에센셜 츄이 에스티 스웻 팬츠-네이비,0.0,0,55200,55200,48300,1,6900,14.29,100.0,1,medium,24.08,5,2,none,,59,https://www.musinsa.com/products/6188411
2026-09-01,본투윈,6188603,[나띠 PICK] W DOUBLE LINE BAND LONG SLEEVE [BLACK],0.0,0,65500,65500,65500,0,0,0.0,100.0,1,high,24.09,6,2,none,,59,https://www.musinsa.com/products/6188603
2026-09-01,비터셀즈,6189691,에센셜 와플 슬리브리스-아이보리,0.0,0,29700,29700,29700,0,0,0.0,100.0,1,high,24.08,5,2,none,,59,https://www.musinsa.com/products/6189691
2026-09-01,낫포너드,6191291,W Silent Wake Sleeveless - White,0.0,0,30690,30690,30690,0,0,0.0,100.0,1,high,24.08,5,2,none,,59,https://www.musinsa.com/products/6191291
2026-09-01,낫포너드,6191611,Triple Sanctuary Bleach Washed Loose Cropped T-Shirts - Beige,0.0,0,41310,41310,41310,0,0,0.0,100.0,1,high,24.08,5,2,none,,59,https://www.musinsa.com/products/6191611
2026-09-01,아웃스탠딩,6202235,[LOONEY TUNES] HALF SLEEVE TEE(BUGS BUNNY)_1%OATMEAL,1.7,73507,43200,43200,38400,1,4800,12.5,100.0,1,low,24.09,5,2,none,,59,https://www.musinsa.com/products/6202235
2026-09-01,세터,6203003,(W) 코티드 코튼 카고 팬츠 카키,0.0,0,139000,139000,139000,0,0,0.0,100.0,1,high,24.1,5,2,none,,59,https://www.musinsa.com/products/6203003
2026-09-01,스컬프터,6204347,Button Stripe Tee Melange Gray,0.15,8072,55200,44160,55200,1,-11040,-20.0,100.0,1,medium,24.09,6,2,none,,59,https://www.musinsa.com/products/6204347
2026-09-01,세터,6204475,세터데이 무드 스몰 그래픽 반팔 티셔츠 크림,0.0,0,69000,69000,69000,0,0,0.0,100.0,1,high,24.1,5,2,none,,59,https://www.musinsa.com/products/6204475
2026-09-01,트래블,6205179,포티스 크롭 반팔티 블랙,0.0,0,18900,18900,23400,1,-4500,-19.23,100.0,1,medium,24.09,7,2,none,,59,https://www.musinsa.com/products/6205179
2026-09-01,언더오프,6207291,에센셜 스탠다드 반팔 티셔츠 화이트,0.0,0,19900,19900,19900,0,0,0.0,100.0,1,high,24.09,6,2,none,,59,https://www.musinsa.com/products/6207291
2026-09-01,코드그라피,6207547,스퀘어 컬러 로고 반소매 티셔츠-차콜,0.0,0,29400,29400,29400,0,0,0.0,100.0,1,high,24.08,5,2,none,,59,https://www.musinsa.com/products/6207547
2026-09-01,세터,6208443,베이직 하프 스웨트셔츠 네이비,0.0,0,79000,79000,79000,0,0,0.0,100.0,1,high,24.1,5,2,none,,59,https://www.musinsa.com/products/6208443
2026-09-01,스컬프터,6209211,Metallic High-Neck Halter Top Gun Metal,0.0,0,55680,55680,69600,1,-13920,-20.0,100.0,1,medium,24.09,6,2,none,,59,https://www.musinsa.com/products/6209211
2026-09-01,세터,6209339,(W) 클래식 칼라 하프 니트 핑크,0.0,0,109000,109000,109000,0,0,0.0,100.0,1,high,24.1,5,2,none,,59,https://www.musinsa.com/products/6209339
2026-09-01,에이치덱스,6212731,어시스트 경량 패커블 자켓 W (Black),0.0,0,109650,109650,109650,0,0,0.0,100.0,1,high,24.08,5,2,none,,59,https://www.musinsa.com/products/6212731
2026-09-01,브룩스 브라더스,6217339,시어서커 스트라이프 셔츠 (라이트블루) (BBTHMNG203),0.0,0,159200,159200,159200,0,0,0.0,100.0,1,high,24.02,7,2,none,,59,https://www.musinsa.com/products/6217339
2026-09-01,론론,6218363,BIG RIBBON APPLIQUE BASIC FIT T SHIRT WHITE,0.0,0,53460,53460,42240,1,11220,26.56,100.0,1,medium,24.09,6,2,none,1,59,https://www.musinsa.com/products/6218363
2026-09-01,파브레가,6218491,오르빈 레더 백팩 (블랙),0.0,0,129600,129600,129600,0,0,0.0,100.0,1,high,24.08,5,2,none,,59,https://www.musinsa.com/products/6218491
2026-09-01,론론,6218811,POINTELLE KNIT LONG SKIRT IVORY,0.0,0,62370,62370,55440,1,6930,12.5,100.0,1,medium,24.09,6,2,none,,59,https://www.musinsa.com/products/6218811
2026-09-01,디스이즈네버댓,6219387,Printed Striped Tee Green,0.0,0,47200,47200,47200,0,0,0.0,100.0,1,high,24.09,6,2,none,,59,https://www.musinsa.com/products/6219387
2026-09-01,파브레가,6221243,브리드 멀티 스트라이프 티셔츠 (멜란지),0.0,0,46800,46800,46800,0,0,0.0,100.0,1,high,24.08,5,2,none,,59,https://www.musinsa.com/products/6221243
2026-09-01,락케이크,6221819,Off Shoulder Shirring Top - Black,0.0,0,44640,44640,44640,0,0,0.0,100.0,1,high,24.09,7,2,none,,59,https://www.musinsa.com/products/6221819
2026-09-01,락케이크,6221883,Essential Henly Neck Top - Ivory,0.0,0,28560,28560,28560,0,0,0.0,100.0,1,high,24.09,7,2,none,,59,https://www.musinsa.com/products/6221883
2026-09-01,고스트리퍼블릭,6224315,커브드 사이드 핀턱 벌룬 버뮤다 스웻 반바지 4Color GP-512,23.03,366200,15900,15900,15900,0,0,0.0,100.0,1,high,9.04,34,8,none,,59,https://www.musinsa.com/products/6224315
2026-09-01,트리밍버드,6226875,Metallic Hot-Fix Logo Slim T-Shirt [ Charcoal ],0.0,0,59000,59000,59000,0,0,0.0,100.0,1,high,24.09,6,2,none,,59,https://www.musinsa.com/products/6226875
2026-09-01,비바라비다,6227643,Serif 에코백,0.0,0,39130,39130,39130,0,0,0.0,100.0,1,high,24.09,6,2,none,,59,https://www.musinsa.com/products/6227643
2026-09-01,9999아카이브,6228091,Fluid Tech Track Jacket,0.0,0,121680,121680,121680,0,0,0.0,100.0,1,high,24.02,7,2,none,,59,https://www.musinsa.com/products/6228091
2026-09-01,브라운야드,6228155,"W 스트레이트 데님, 라이트 브라운",0.0,0,218000,218000,218000,0,0,0.0,100.0,1,high,24.02,7,2,none,,59,https://www.musinsa.com/products/6228155
2026-09-01,스켈리웩,6229307,백 카모 스타 버뮤다 스웨트 쇼츠[그레이],0.73,25424,34900,34900,39900,1,-5000,-12.53,100.0,1,medium,24.09,7,2,none,,59,https://www.musinsa.com/products/6229307
2026-09-01,허그본,6235771,Zeroweight 쇼츠 2컬러,0.0,0,36100,36100,36100,0,0,0.0,100.0,1,high,24.08,5,2,none,,59,https://www.musinsa.com/products/6235771
2026-09-01,드로우핏,6236219,[서강준 PICK] 코튼 헨리넥 하프 티셔츠 [3color],12.78,413944,32400,32400,32400,0,0,0.0,100.0,1,low,11.56,24,5,none,,59,https://www.musinsa.com/products/6236219
2026-09-01,드로우핏,6237883,프라그먼티드 스캔트 하프 티셔츠 [WHITE],0.0,0,33300,33300,33300,0,0,0.0,100.0,1,high,24.08,5,2,none,,59,https://www.musinsa.com/products/6237883
2026-09-01,러브이즈트루,6238203,GT OVER FIT UNBALANCE HOOD ZIP UP(CAMO),0.0,0,119890,119890,119890,0,0,0.0,100.0,1,high,24.02,7,2,none,,59,https://www.musinsa.com/products/6238203
2026-09-01,커버낫,6245435,[커버낫 X 미즈노] 나일론 슬링백 브라운,0.0,0,55200,55200,55200,0,0,0.0,100.0,1,high,24.09,6,2,none,,59,https://www.musinsa.com/products/6245435
2026-09-01,세컨모놀로그,6247099,Layered Henley Roll-Up Tee [BLACK]_SETS057BLACK,0.81,31223,38500,33000,38500,1,-5500,-14.29,40.69,0,low,24.09,6,1,none,,59,https://www.musinsa.com/products/6247099
2026-09-01,브룩스 브라더스,6252859,코튼 폴로 반팔 스웨터 (다크그린) (BBWTMOG202),0.0,0,100240,100240,100240,0,0,0.0,100.0,1,high,24.02,7,2,none,,59,https://www.musinsa.com/products/6252859
2026-09-01,브룩스 브라더스,6253051,코튼 쇼츠 (블루) (BBPSMOG203),0.0,0,77840,77840,77840,0,0,0.0,100.0,1,high,24.02,7,2,none,,59,https://www.musinsa.com/products/6253051
2026-09-01,썬러브투어,6255611,SUN CAMP Stripe Tee Brown,0.0,0,48300,48300,41400,1,6900,16.67,100.0,1,medium,24.09,7,2,none,,59,https://www.musinsa.com/products/6255611
2026-09-01,웬즈데이오아시스,6258939,플로우 린넨 가디건_IVORY(WC26KN53),0.0,0,61600,61600,61600,0,0,0.0,100.0,1,high,24.09,7,2,none,,59,https://www.musinsa.com/products/6258939
2026-09-01,웬즈데이오아시스,6259707,코브 헨리넥 하프 셔츠_BROWN(WB6SH06),0.0,0,40600,40600,40600,0,0,0.0,100.0,1,high,24.09,7,2,none,,59,https://www.musinsa.com/products/6259707
2026-09-01,헬레네파리스,6262075,스파크 포인트 큐빅 벤트넥 하프 티셔츠 [카모플라쥬],0.0,0,37600,37600,37600,0,0,0.0,100.0,1,high,24.09,6,2,none,,59,https://www.musinsa.com/products/6262075
2026-09-01,디스이즈네버댓,6262651,Football Jersey Black,0.0,0,76300,76300,76300,0,0,0.0,100.0,1,high,24.09,6,2,none,,59,https://www.musinsa.com/products/6262651
2026-09-01,썬러브투어,6263099,Reversible Bucket Hat Navy,0.0,0,55300,55300,39500,1,15800,40.0,100.0,1,medium,24.09,7,2,none,,59,https://www.musinsa.com/products/6263099
2026-09-01,브라운브레스,6266043,STAMP TAG PIGMENT TEE - GREY,0.0,0,49000,49000,39200,1,9800,25.0,100.0,1,medium,24.09,7,2,none,,59,https://www.musinsa.com/products/6266043
2026-09-01,아틀리에 나인,6269819,BELTED TWO TUCK WIDE SUMMER PANTS S (PT-5776),0.0,0,119200,119200,134100,1,-14900,-11.11,100.0,1,medium,24.1,5,2,none,,59,https://www.musinsa.com/products/6269819
2026-09-01,후드후드,6271803,에일리언 피스 반팔티셔츠 화이트,0.77,26552,34300,34300,34300,0,0,0.0,100.0,1,high,24.08,5,2,none,,59,https://www.musinsa.com/products/6271803
2026-09-01,넌블랭크,6272059,메리노 울 세미 오버핏 자켓_BLACK,0.0,0,177520,177520,177520,0,0,0.0,100.0,1,high,24.02,7,2,none,,59,https://www.musinsa.com/products/6272059
2026-09-01,아틀리에 나인,6274363,CHECK MERMAID MAXI SKIRT (SK-5099),0.0,0,103200,103200,116100,1,-12900,-11.11,100.0,1,medium,24.1,5,2,none,,59,https://www.musinsa.com/products/6274363
2026-09-01,유니폼브릿지,6274747,waffle henley neck s/s t-shirt(womens) white,0.0,0,41300,41300,41300,0,0,0.0,100.0,1,high,24.09,6,2,none,,59,https://www.musinsa.com/products/6274747
2026-09-01,유니폼브릿지,6274811,hickory denim shorts blue,0.0,0,71400,71400,71400,0,0,0.0,100.0,1,high,24.09,6,2,none,,59,https://www.musinsa.com/products/6274811
2026-09-01,던스트,6275771,UNISEX CHECKED PAJAMA SHIRT_UDSH6B133_NAVY CHECK,0.0,0,61040,61040,61040,0,0,0.0,100.0,1,high,24.02,7,2,none,,59,https://www.musinsa.com/products/6275771
2026-09-01,던스트,6275835,CROCHET BUSTIER KNIT TOP_UDSW6B232_IVORY,0.0,0,44240,44240,44240,0,0,0.0,100.0,1,high,24.02,7,2,none,,59,https://www.musinsa.com/products/6275835
2026-09-01,세터,6285755,(W) 벌룬 슬리브리스 원피스 블랙,0.0,0,129000,129000,129000,0,0,0.0,100.0,1,high,24.1,5,2,none,,59,https://www.musinsa.com/products/6285755
2026-09-01,세터,6290043,[라이즈 PICK] 로턴 링거 반팔 티셔츠 오트밀,1.99,137654,69000,69000,69000,0,0,0.0,100.0,1,high,24.1,5,2,none,,59,https://www.musinsa.com/products/6290043
2026-09-01,디앤에스알,6293755,(W) 레터링 오프숄더 하프 슬리브 차콜,0.0,0,49500,49500,49500,0,0,0.0,100.0,1,high,24.1,5,2,none,,59,https://www.musinsa.com/products/6293755
2026-09-01,해비즘,6295931,LINE BALLOON S/S TEE(GREY),0.0,0,37500,37500,37500,0,0,0.0,100.0,1,high,24.02,7,2,none,,59,https://www.musinsa.com/products/6295931
2026-09-01,썸웨어버터,6299387,Stripe Side Button Sleeveless - Navy,0.0,0,45000,45000,45000,0,0,0.0,100.0,1,high,24.02,7,2,none,,59,https://www.musinsa.com/products/6299387
2026-09-01,썸웨어버터,6299963,Stripe Molty Wappen Henly Knit - Melon,0.0,0,64080,64080,64080,0,0,0.0,100.0,1,high,24.02,7,2,none,,59,https://www.musinsa.com/products/6299963
2026-09-01,유니폼브릿지,6313339,flower pattern s/s shirt(womens) pink,0.0,0,65400,65400,65400,0,0,0.0,100.0,1,high,24.09,6,2,none,,59,https://www.musinsa.com/products/6313339
2026-09-01,드로우핏 우먼,6313659,수피마 실켓 돌먼 보트넥 반팔 티셔츠 [BLACK],0.0,0,32400,32400,32400,0,0,0.0,100.0,1,high,24.09,7,2,none,,59,https://www.musinsa.com/products/6313659
2026-09-01,솔트앤초콜릿,6313979,리벳 플랫폼 샌들 412624001 (5.5cm),0.0,0,61040,61040,81750,1,-20710,-25.33,100.0,1,medium,24.09,6,2,none,,59,https://www.musinsa.com/products/6313979
2026-09-01,밀로 아카이브,6315195,모즈 스트라이프 티셔츠 [블루 블랙],0.0,0,44000,44000,49500,1,-5500,-11.11,100.0,1,medium,24.02,7,2,none,,59,https://www.musinsa.com/products/6315195
2026-09-01,워크온바디오프,6317371,이지온 세미 오버핏 스트라이프 라운드넥 반팔 니트 [아이보리],0.41,12133,29900,26910,29900,1,-2990,-10.0,100.0,1,medium,24.09,6,2,none,,59,https://www.musinsa.com/products/6317371
2026-09-01,디미트리블랙,6317947,VLAD 빈티지 OBLIVION 세미 크롭 티셔츠_피그먼트 차콜,0.0,0,29900,29900,26900,1,3000,11.15,59.28,0,low,24.01,6,1,none,,59,https://www.musinsa.com/products/6317947
2026-09-01,인사일런스,6318139,디스트레스드 데님 쇼츠 BLUE,0.0,0,107100,107100,119000,1,-11900,-10.0,100.0,1,medium,24.09,6,2,none,,59,https://www.musinsa.com/products/6318139
2026-09-01,르바,6318203,All-day Cotton V-neck T-shirt - Classic Navy,0.45,16874,37800,37800,29400,1,8400,28.57,100.0,1,medium,24.08,5,2,none,,59,https://www.musinsa.com/products/6318203
2026-09-01,드헤베,6319611,Unbalanced Twist Blouse [Peach Pink],0.0,0,93100,93100,93100,0,0,0.0,100.0,1,high,24.08,5,2,none,,59,https://www.musinsa.com/products/6319611
2026-09-01,드헤베,6319995,Summer Henley Neck Knit [Ivory],0.0,0,70300,70300,70300,0,0,0.0,100.0,1,high,24.08,5,2,none,,59,https://www.musinsa.com/products/6319995
2026-09-01,에스피오나지,6328699,Seersucker Flap Pocket S/S Shirt Olive,0.0,0,74200,74200,74200,0,0,0.0,100.0,1,high,24.09,6,2,none,,59,https://www.musinsa.com/products/6328699
2026-09-01,스키즘 인듀싱,6333755,ACADEMY WRAP BUTTON SKIRT CHARCOAL,0.0,0,91800,91800,97200,1,-5400,-5.56,100.0,1,medium,24.09,6,2,none,,59,https://www.musinsa.com/products/6333755
2026-09-01,제멋,6338107,에어플로우 린넨 라이크 팬츠 블랙 HSLP2697,0.0,0,29800,29800,29800,0,0,0.0,100.0,1,high,24.09,6,2,none,,59,https://www.musinsa.com/products/6338107
2026-09-01,트리밍버드,6341819,Square-Toe Belted Slingbacks [ Ivory ],0.0,0,249000,249000,249000,0,0,0.0,100.0,1,high,24.09,6,2,none,,59,https://www.musinsa.com/products/6341819
2026-09-01,제너럴아이디어,6346107,드레이프 셔링 져지 블라우스 [LIGHT KHAKI] / GF2LTS527,0.0,0,35200,35200,35200,0,0,0.0,100.0,1,high,24.09,6,2,none,,59,https://www.musinsa.com/products/6346107
2026-09-01,에이치덱스,6350075,소프트 스킨 셔링 브라탑 (Black),0.0,0,35100,35100,35100,0,0,0.0,100.0,1,high,24.08,5,2,none,,59,https://www.musinsa.com/products/6350075
2026-09-01,썬러브투어,6350139,Block Waist Bag Green,0.0,0,38500,38500,33000,1,5500,16.67,100.0,1,medium,24.09,7,2,none,,59,https://www.musinsa.com/products/6350139
2026-09-01,인사일런스 우먼,6355195,빈티지 그래픽 숄더백 ASH BEIGE,0.0,0,83600,83600,83600,0,0,0.0,100.0,1,high,24.09,6,2,none,,59,https://www.musinsa.com/products/6355195
2026-09-01,프리즘웍스,6362299,CANVAS ESSENTIAL CARGO SHORTS _ TEAL,0.0,0,76500,76500,85000,1,-8500,-10.0,100.0,1,medium,24.09,6,2,none,,59,https://www.musinsa.com/products/6362299
2026-09-01,벨리에,6362363,(W) 어반 레이어 시티 스커트 - 민트,0.0,0,119700,119700,119700,0,0,0.0,100.0,1,high,24.1,5,2,none,,59,https://www.musinsa.com/products/6362363
2026-09-01,벨리에,6362427,(W) 어반 쉐이드 다잉 티셔츠 - 그레이,0.0,0,59850,59850,59850,0,0,0.0,100.0,1,high,24.1,5,2,none,,59,https://www.musinsa.com/products/6362427
2026-09-01,커버낫,6365051,체커보드 그래픽 슬리브리스 네이비,0.0,0,30870,30870,34300,1,-3430,-10.0,100.0,1,medium,24.09,6,2,none,,59,https://www.musinsa.com/products/6365051
2026-09-01,시야쥬,6366843,SIAC3124 Loop Leather Mini Pouch_Camel,0.0,0,41900,41900,49000,1,-7100,-14.49,100.0,1,medium,24.09,6,2,none,,59,https://www.musinsa.com/products/6366843
2026-09-01,메인부스,6372603,[KISS] 폰 케이스(EGO),0.0,0,19800,19800,19800,0,0,0.0,100.0,1,high,24.08,5,2,none,,59,https://www.musinsa.com/products/6372603
2026-09-01,메인부스,6372667,[KISS] USA 로고 티셔츠(그레이),0.0,0,41400,41400,41400,0,0,0.0,100.0,1,high,24.08,5,2,none,,59,https://www.musinsa.com/products/6372667
2026-09-01,더블유엠씨,6374715,빈티지워싱 코튼 쇼츠_BLACK,0.0,0,43450,43450,43450,0,0,0.0,100.0,1,high,24.02,7,2,none,,59,https://www.musinsa.com/products/6374715
2026-09-01,락케이크,6376059,Poeme Hotfix Printed Top - Black,0.73,32175,44200,44200,44200,0,0,0.0,100.0,1,high,24.09,7,2,none,,59,https://www.musinsa.com/products/6376059
2026-09-01,락케이크,6376187,Contour Button Sleeveless - White,0.0,0,32400,32400,32400,0,0,0.0,100.0,1,high,24.09,7,2,none,,59,https://www.musinsa.com/products/6376187
2026-09-01,데꼬로소,6385787,텍스처 리브드 슬리브리스 [블랙],0.0,0,26400,26400,26400,0,0,0.0,100.0,1,high,24.02,7,2,none,,59,https://www.musinsa.com/products/6385787
2026-09-01,데꼬로소,6385915,패널 립 반팔 썸머 라운드 가디건 [화이트],0.47,13921,29600,29600,29600,0,0,0.0,100.0,1,low,72.09,4,2,none,,59,https://www.musinsa.com/products/6385915
2026-09-01,데꼬로소,6386043,자가드 텍스처 스트라이프 린넨 셔츠 [아이보리],0.94,54601,58050,58050,58050,0,0,0.0,100.0,1,high,24.02,10,2,none,,59,https://www.musinsa.com/products/6386043
2026-09-01,밀로 아카이브,6386491,챕터 데님 팬츠 [데님 블루],0.0,0,75600,75600,97200,1,-21600,-22.22,100.0,1,medium,24.02,7,2,none,,59,https://www.musinsa.com/products/6386491
2026-09-01,후드후드,6390139,NEVER SAY NEVER 더티 워싱 데미지 반팔티셔츠 옐로우,0.0,0,66400,66400,66400,0,0,0.0,100.0,1,high,24.08,5,2,none,,59,https://www.musinsa.com/products/6390139
2026-09-01,파르티멘토 우먼,6394171,PWC (세트) 포인원 멀티 오버레이 탑_라이트 카키,0.0,0,53460,53460,41580,1,11880,28.57,100.0,1,medium,24.08,5,2,none,,59,https://www.musinsa.com/products/6394171
2026-09-01,시눈,6397819,Check Printed Shirring One-Piece (Orange),0.0,0,158420,158420,158420,0,0,0.0,100.0,1,high,24.1,5,2,none,,59,https://www.musinsa.com/products/6397819
2026-09-01,인사일런스 우먼,6398139,[2 PACK] W 수피마 코튼 롱슬리브 티셔츠_3 Color,0.0,0,71100,71100,71100,0,0,0.0,100.0,1,high,24.09,6,2,none,,59,https://www.musinsa.com/products/6398139
2026-09-01,피인오,6398587,시어 텍스처 하프 셔츠 - 블루,0.0,0,53000,53000,53000,0,0,0.0,100.0,1,high,24.02,7,2,none,,59,https://www.musinsa.com/products/6398587
2026-09-01,에스피오나지,6399675,Black Cats Heavyweight Pocket Tee Vintage Black,0.0,0,32900,32900,32900,0,0,0.0,100.0,1,high,24.09,6,2,none,,59,https://www.musinsa.com/products/6399675
2026-09-01,슈퍼서브,6400571,드롭 패치 와이드 버뮤다 쇼츠-그레이,0.0,0,19900,19900,19900,0,0,0.0,100.0,1,high,24.08,5,2,none,,59,https://www.musinsa.com/products/6400571
2026-09-01,아워데이즈,6401659,썸머 라이트 체크 셔츠 [2COLORS],0.0,0,36600,36600,36600,0,0,0.0,100.0,1,high,24.08,5,2,none,,59,https://www.musinsa.com/products/6401659
2026-09-01,알리스,6401723,웨스턴 리니어 솔리드 크롭 하프 셔츠 [블랙],1.0,57850,57850,55250,57850,1,-2600,-4.49,100.0,1,low,38.08,10,3,none,,59,https://www.musinsa.com/products/6401723
2026-09-01,브라운야드,6402939,"워시드 쇼츠, 카키",0.0,0,148000,148000,148000,0,0,0.0,100.0,1,high,24.02,7,2,none,,59,https://www.musinsa.com/products/6402939
2026-09-01,유니온블루,6406075,RUSTIC STRIPE HENLEY HALF KNIT [GRANITE NAVY],0.0,0,60440,60440,71100,1,-10660,-14.99,100.0,1,medium,24.09,10,3,none,,59,https://www.musinsa.com/products/6406075
2026-09-01,인템포무드,6408763,아크 포켓 셔츠_베이지,0.0,0,49800,49800,49800,0,0,0.0,100.0,1,high,24.09,6,2,none,,59,https://www.musinsa.com/products/6408763
2026-09-01,세터,6409403,시트론 백 로고 반팔 티셔츠 올리브 그린,0.0,0,69000,69000,69000,0,0,0.0,100.0,1,high,24.1,5,2,none,,59,https://www.musinsa.com/products/6409403
2026-09-01,제로,6409595,사이드 헨리 넥 크롭 티셔츠 [딥 차콜],0.0,0,25000,25000,25000,0,0,0.0,100.0,1,high,24.1,5,2,none,,59,https://www.musinsa.com/products/6409595
2026-09-01,제로,6409915,슬랍 핑거 홀 크롭 후드 집업 [차콜],6.82,239485,35100,35100,35100,0,0,0.0,100.0,1,high,9.55,28,5,none,,59,https://www.musinsa.com/products/6409915
2026-09-01,썬러브투어,6411771,W Polartec® Delta™ FlexAir Tank Top Purple,0.0,0,62300,62300,53400,1,8900,16.67,100.0,1,medium,24.09,7,2,none,,59,https://www.musinsa.com/products/6411771
2026-09-01,썬러브투어,6411835,Polartec® Delta™ FlexAir Arm Sleeves Stone,0.0,0,36400,36400,31200,1,5200,16.67,100.0,1,medium,24.09,7,2,none,,59,https://www.musinsa.com/products/6411835
2026-09-01,브라운브레스,6415355,MOTOR GRAPHIC TEE - CHARCOAL,0.0,0,59000,59000,59000,0,0,0.0,100.0,1,high,24.09,7,2,none,,59,https://www.musinsa.com/products/6415355
2026-09-01,론론,6416827,LACE TRIM WRAP SKIRT PINK,0.0,0,30800,30800,39600,1,-8800,-22.22,100.0,1,medium,24.09,6,2,none,,59,https://www.musinsa.com/products/6416827
2026-09-01,제너럴아이디어,6417467,시어서커 카라 하프 셔츠 [WHITE] / GF2LSH518,0.0,0,33600,33600,33600,0,0,0.0,100.0,1,high,24.09,6,2,none,,59,https://www.musinsa.com/products/6417467
2026-09-01,프리즘웍스,6419067,SOFT TWO TUCK SWEAT PANTS _ GRAY,0.0,0,56070,56070,62300,1,-6230,-10.0,100.0,1,medium,24.09,6,2,none,,59,https://www.musinsa.com/products/6419067
2026-09-01,썸웨어버터,6426939,Basic Wappen Sleeveless - Ivory,0.0,0,39000,39000,27300,1,11700,42.86,100.0,1,medium,24.02,7,2,none,,59,https://www.musinsa.com/products/6426939
2026-09-01,썸웨어버터,6427003,Sella Halter Blouse - Ivory,0.0,0,109000,109000,76300,1,32700,42.86,100.0,1,medium,24.02,7,2,none,,59,https://www.musinsa.com/products/6427003
2026-09-01,일리고,6427451,129 도트 핏티드 티셔츠 핑크 도트,0.0,0,36000,36000,25200,1,10800,42.86,100.0,1,medium,24.08,5,2,none,,59,https://www.musinsa.com/products/6427451
2026-09-01,유니온블루,6431035,RUGBY COLLAR HALF KNIT [BURGUNDY],0.0,0,60440,60440,71100,1,-10660,-14.99,100.0,1,medium,24.09,6,2,none,,59,https://www.musinsa.com/products/6431035
2026-09-01,제너럴아이디어,6432379,플리츠 니트 랩 스커트 [BLACK] / GF2LET529,0.0,0,29600,29600,29600,0,0,0.0,100.0,1,high,24.09,6,2,none,,59,https://www.musinsa.com/products/6432379
2026-09-01,도프제이슨,6437179,숄더 버튼 체크 레이어드 티셔츠 MELANGE GREY,0.47,19198,40850,40850,40850,0,0,0.0,100.0,1,high,24.02,7,2,none,,59,https://www.musinsa.com/products/6437179
2026-09-01,일리고,6437627,새소 디어 보우 오프숄더 티 민트,0.9,32754,36400,52000,36400,1,15600,42.86,100.0,1,medium,24.08,5,2,none,,59,https://www.musinsa.com/products/6437627
2026-09-01,론론,6443835,BETTY BOOP ALL OVER CARTOON RAGLAN T SHIRT GREY,0.0,0,44550,44550,39600,1,4950,12.5,100.0,1,medium,24.09,6,2,none,,59,https://www.musinsa.com/products/6443835
2026-09-01,9999아카이브,6445243,Raw Structural Mesh Pants,0.5,65083,128880,128880,128880,0,0,0.0,100.0,1,low,47.53,6,1,none,,59,https://www.musinsa.com/products/6445243
2026-09-01,카네이테이,6452283,SLIM HENLEY HOODIE SHORT SLEEVE (CHARCOAL),0.0,0,38640,38640,51750,1,-13110,-25.33,100.0,1,medium,24.09,6,2,none,,59,https://www.musinsa.com/products/6452283
2026-09-01,일리고,6455163,레이스 트리밍 티셔츠 핑크,0.0,0,46000,46000,32200,1,13800,42.86,9.71,0,low,24.01,5,1,none,,59,https://www.musinsa.com/products/6455163
2026-09-01,글로니,6457595,G FINE STRAP CAMISOLE (WHITE),0.02,958,38880,38880,38880,0,0,0.0,100.0,1,high,24.09,6,2,none,,59,https://www.musinsa.com/products/6457595
2026-09-01,트리밍버드,6457979,Leather Label Big Coated Backpack [ Black ],0.0,0,219000,219000,219000,0,0,0.0,100.0,1,high,24.09,6,2,none,,59,https://www.musinsa.com/products/6457979
2026-09-01,트리밍버드,6458171,Maxi Frayed Scrunchie [ Melange Gray ],0.0,0,29000,29000,29000,0,0,0.0,100.0,1,high,24.09,6,2,none,,59,https://www.musinsa.com/products/6458171
2026-09-01,헬레네파리스,6458299,심포지엄 아트워크 하프 슬리브 [화이트],0.0,0,28800,28800,28800,0,0,0.0,100.0,1,high,24.09,6,2,none,,59,https://www.musinsa.com/products/6458299
2026-09-01,헬레네파리스,6458363,[핫썸머] 린넨 헨리넥 시스루 풀오버 니트 [화이트],0.0,0,49840,49840,49840,0,0,0.0,100.0,1,high,24.09,6,2,none,,59,https://www.musinsa.com/products/6458363
2026-09-01,제너럴아이디어,6458491,온도컷 쿨 세미 와이드 니트 팬츠 [IVORY] / GF2LPT520,0.0,0,60000,60000,60000,0,0,0.0,100.0,1,high,24.09,6,2,none,,59,https://www.musinsa.com/products/6458491
2026-09-01,제너럴아이디어,6458683,맥시 밴딩 니트 스커트 [BLACK] / GF2LSK518,0.0,0,56800,56800,56800,0,0,0.0,100.0,1,high,24.09,6,2,none,,59,https://www.musinsa.com/products/6458683
2026-09-01,로제프란츠,6459003,Cancan Frill Mini Skirt [White],0.0,0,44160,44160,38640,1,5520,14.29,100.0,1,medium,24.08,5,2,none,,59,https://www.musinsa.com/products/6459003
2026-09-01,로제프란츠,6459835,Ribbon Flare Cargo Pants [Ivory],0.0,0,55200,55200,48300,1,6900,14.29,100.0,1,medium,24.08,5,2,none,,59,https://www.musinsa.com/products/6459835
2026-09-01,세터,6460091,스카시 칼라 하프 니트 가디건 라이트 그린,0.0,0,139000,139000,139000,0,0,0.0,100.0,1,high,24.1,5,2,none,,59,https://www.musinsa.com/products/6460091
2026-09-01,노이어,6462523,리브드 헨리넥 레이어드 티셔츠 (멜란지그레이),0.0,0,37700,37700,37700,0,0,0.0,100.0,1,high,24.09,6,2,none,,59,https://www.musinsa.com/products/6462523
2026-09-01,노이어,6462715,울 텐셀 레이어드 브이넥 티셔츠 (그레이라벤더),0.0,0,44800,44800,44800,0,0,0.0,100.0,1,high,24.09,6,2,none,,59,https://www.musinsa.com/products/6462715
2026-09-01,노이어,6462779,빈티지 아카이브 루즈핏 데님 팬츠 (블루),0.0,0,111000,111000,111000,0,0,0.0,100.0,1,high,24.09,6,2,none,,59,https://www.musinsa.com/products/6462779
2026-09-01,브렌슨,6463419,린넨 라이크 체크 반팔 셔츠 ( 네이비 ),1.4,46219,32900,32900,32900,0,0,0.0,100.0,1,high,24.09,6,2,none,,59,https://www.musinsa.com/products/6463419
2026-09-01,밀로 아카이브,6463611,에센셜 피그먼트 다잉 티셔츠 [인디고 블루],1.55,43185,27831,25600,28800,1,-3200,-11.11,100.0,1,medium,24.02,7,2,none,,59,https://www.musinsa.com/products/6463611
2026-09-01,꼼파뇨,6471163,스트로베리 밴드 반팔티 레몬,0.0,0,28610,28610,28610,0,0,0.0,100.0,1,high,24.08,5,2,none,,59,https://www.musinsa.com/products/6471163
2026-09-01,파르티멘토 우먼,6471739,라이트웨이트 드레이프 비니_그레이,0.0,0,22050,22050,22050,0,0,0.0,100.0,1,high,24.08,5,2,none,,59,https://www.musinsa.com/products/6471739
2026-09-01,파르티멘토 우먼,6471803,워시드 드로스트링 치노 팬츠_차콜,0.0,0,79380,79380,61740,1,17640,28.57,100.0,1,medium,24.08,5,2,none,,59,https://www.musinsa.com/products/6471803
2026-09-01,시야쥬,6472315,SIPT7208 플리츠 카프리 팬츠_Brown,0.0,0,62100,62100,48300,1,13800,28.57,100.0,1,medium,24.09,6,2,none,,59,https://www.musinsa.com/products/6472315
2026-09-01,시야쥬,6472443,SITP5290 실키 ST 스트링 셔츠_White,0.0,0,94500,94500,73500,1,21000,28.57,100.0,1,medium,24.09,6,2,none,,59,https://www.musinsa.com/products/6472443
2026-09-01,파르티멘토,6476155,샴브레이 데님 풀오버 셔츠 라이트 블루,0.0,0,59900,59900,53910,1,5990,11.11,100.0,1,medium,24.09,6,2,none,,59,https://www.musinsa.com/products/6476155
2026-09-01,파르티멘토,6476283,로우 엣지 포켓 티 멜란지 그레이,2.18,85432,39156,39900,35910,1,3990,11.11,100.0,1,medium,24.09,10,2,none,,59,https://www.musinsa.com/products/6476283
2026-09-01,유라고,6478971,Stripe frill blouse,2.0,114000,57000,57000,57000,0,0,0.0,100.0,1,high,23.98,8,5,none,,59,https://www.musinsa.com/products/6478971
2026-09-01,비바라비다,6479483,Double 볼캡,0.0,0,32780,32780,32780,0,0,0.0,100.0,1,high,24.09,6,2,none,,59,https://www.musinsa.com/products/6479483
2026-09-01,이지노이지,6481979,홀스 유니언 잭 버뮤다 스웻 팬츠 - 네이비,0.0,0,39900,39900,39900,0,0,0.0,100.0,1,high,24.1,5,2,none,,59,https://www.musinsa.com/products/6481979
2026-09-01,배드블러드,6482875,[AQUA]  다크 클래식2 1/2 후드 집업 - 핑크 스트라이프,0.0,0,75650,75650,72090,1,3560,4.94,100.0,1,medium,24.09,6,2,none,,59,https://www.musinsa.com/products/6482875
2026-09-01,더바넷,6491579,Daddy Loose-Fit Denim Pants_White,0.0,0,125100,125100,125100,0,0,0.0,100.0,1,high,24.08,5,2,none,,59,https://www.musinsa.com/products/6491579
2026-09-01,더바넷,6491643,Denny Cotton Shorts_Navy,0.0,0,115200,115200,115200,0,0,0.0,100.0,1,high,24.08,5,2,none,,59,https://www.musinsa.com/products/6491643
2026-09-01,러프사이드,6497275,Scoop Neck T-Shirt Ash Black,0.0,0,39000,39000,39000,0,0,0.0,100.0,1,high,24.1,5,2,none,,59,https://www.musinsa.com/products/6497275
2026-09-01,썸웨어버터,6500091,Pochacco Over-Fit Top - Charcoal,0.0,0,37240,37240,37240,0,0,0.0,100.0,1,high,24.02,7,2,none,,59,https://www.musinsa.com/products/6500091
2026-09-01,르아르,6507899,링거 포인트 그래픽 티셔츠 [블랙],0.65,16232,24900,24900,24900,0,0,0.0,100.0,1,high,24.1,5,2,none,,59,https://www.musinsa.com/products/6507899
2026-09-01,데꼬로소,6516283,남녀공용 미니멀 자개 비즈 팔찌 [라이트 그레이],0.0,0,26400,26400,26400,0,0,0.0,100.0,1,high,24.02,7,2,none,,59,https://www.musinsa.com/products/6516283
2026-09-01,꼼파뇨,6518267,다이노스티치 자수 피그먼트 반팔티 스모크블랙,1.0,28523,28610,28610,28610,0,0,0.0,100.0,1,high,24.08,5,2,none,,59,https://www.musinsa.com/products/6518267
2026-09-01,드로우핏,6526139,레이어드 롤업 헨리넥 티셔츠 [BLACK],9.18,363490,39600,39600,39600,0,0,0.0,100.0,1,high,9.04,16,6,none,,59,https://www.musinsa.com/products/6526139
2026-09-01,칙스,6533435,스터드 라인업 그래픽 원숄더 반팔 화이트,0.0,0,43900,43900,35120,1,8780,25.0,100.0,1,medium,24.09,6,2,none,,59,https://www.musinsa.com/products/6533435
2026-09-01,플레어업,6535163,3-Layered Henley T-shirt (FL-151_Black),0.0,0,33180,33180,33180,0,0,0.0,100.0,1,high,24.08,5,2,none,,59,https://www.musinsa.com/products/6535163
2026-09-01,더블유엠씨,6539131,나일론 카고 파라슈트 팬츠(3color),2.01,95688,47600,47600,47600,0,0,0.0,100.0,1,low,9.92,25,6,none,,59,https://www.musinsa.com/products/6539131
2026-09-01,무드인사이드 우먼,6548027,(woman) 모어댄 하프 쇼츠_2Color,0.0,0,49900,49900,44910,1,4990,11.11,100.0,1,medium,24.09,6,2,none,,59,https://www.musinsa.com/products/6548027
2026-09-01,파르티멘토,6551163,패치워크 롤업 오픈 카라 셔츠 블루,0.0,0,59900,59900,50490,1,9410,18.64,100.0,1,medium,24.09,6,2,none,,59,https://www.musinsa.com/products/6551163
2026-09-01,러브이즈트루,6551419,SY TOO PRETTY TEE(BEIGE),0.54,14117,26090,31680,26090,1,5590,21.43,100.0,1,medium,24.02,7,2,none,,59,https://www.musinsa.com/products/6551419
2026-09-01,미세키서울,6551547,Double strap sneakers CHARCOAL,0.0,0,142200,142200,142200,0,0,0.0,100.0,1,high,24.08,5,2,none,,59,https://www.musinsa.com/products/6551547
2026-09-01,아캄,6554491,Gunslinger Sleeveless (Black),0.0,0,39200,39200,39200,0,0,0.0,100.0,1,high,24.1,5,2,none,,59,https://www.musinsa.com/products/6554491
2026-09-01,효지,6559163,26 SS 세미 크롭 와플 링거 반팔 티셔츠 (2컬러),0.35,6875,19900,19900,19900,0,0,0.0,100.0,1,high,24.1,5,2,none,,59,https://www.musinsa.com/products/6559163
2026-09-01,낫포너드,6573819,Fuzz Dream Mesh Running Cap - Blue,0.0,0,35100,35100,35100,0,0,0.0,100.0,1,high,24.08,5,2,none,,59,https://www.musinsa.com/products/6573819
2026-09-01,후드후드,6575995,모노 에일리언 그래픽 반팔티셔츠 블랙,0.22,7502,33750,33750,33750,0,0,0.0,100.0,1,high,24.08,5,2,none,,59,https://www.musinsa.com/products/6575995
2026-09-01,탄산마그네슘,6582523,안녕자두야X탄산 패턴 슬리브리스 (스카이블루),0.0,0,40280,40280,40280,0,0,0.0,100.0,1,high,24.1,5,2,none,,59,https://www.musinsa.com/products/6582523
2026-09-01,마인드브릿지,6590779,[ON]워셔블 헨리넥 세미 오버핏 반팔 니트 - 4color,4.0,159600,39900,39900,39900,0,0,0.0,100.0,1,high,9.05,20,6,none,,59,https://www.musinsa.com/products/6590779
2026-09-01,마인드브릿지 우먼,6591035,[W]화이트 밑단 레이어드 슬리브리스,0.0,0,63900,63900,63900,0,0,0.0,100.0,1,high,24.1,5,2,none,,59,https://www.musinsa.com/products/6591035
2026-09-01,제너럴아이디어,6591355,레이스 핀턱 퍼프 블라우스 [WHITE] / GF2LSH523,0.0,0,48800,48800,48800,0,0,0.0,100.0,1,high,24.09,6,2,none,,59,https://www.musinsa.com/products/6591355
2026-09-01,론론,6592251,FLORAL MINI LABEL CROP SHORT SLEEVE SOFT BLUE,0.0,0,35640,35640,28160,1,7480,26.56,100.0,1,medium,24.09,6,2,none,2,59,https://www.musinsa.com/products/6592251
2026-09-01,썸웨어버터,6593659,Stripe 21 Square Logo Over-Fit Top - Light Blue,0.0,0,63000,63000,63000,0,0,0.0,100.0,1,high,24.02,7,2,none,,59,https://www.musinsa.com/products/6593659
2026-09-01,일꼬르소,6594555,WILD WATCHER 아트웍 하프 스웻셔츠 그레이,0.0,0,44160,44160,49680,1,-5520,-11.11,100.0,1,medium,24.09,6,2,none,,59,https://www.musinsa.com/products/6594555
2026-09-01,비바라비다,6594683,Coast 링거 반팔 티셔츠,0.0,0,29900,29900,30900,1,-1000,-3.24,100.0,1,medium,24.09,6,2,none,,59,https://www.musinsa.com/products/6594683
2026-09-01,썸웨어버터,6595771,Archive Bag - Ivory,0.0,0,85680,85680,85680,0,0,0.0,100.0,1,high,24.02,7,2,none,,59,https://www.musinsa.com/products/6595771
2026-09-01,파르티멘토 우먼,6609531,리워크드 폴로 미니 스커트_블랙,0.0,0,45360,45360,35280,1,10080,28.57,100.0,1,medium,24.08,5,2,none,,59,https://www.musinsa.com/products/6609531
2026-09-01,파르티멘토 우먼,6609723,러치드 슬리브리스_멜란지,0.0,0,30600,30600,23800,1,6800,28.57,100.0,1,medium,24.08,5,2,none,,59,https://www.musinsa.com/products/6609723
2026-09-01,더바넷,6617851,Lois Ribbed Logo Tank Top_White,0.0,0,58500,58500,58500,0,0,0.0,100.0,1,high,24.08,5,2,none,,59,https://www.musinsa.com/products/6617851
2026-09-01,더바넷,6619067,Essential T-Shirt_4Color,0.0,0,37800,37800,42000,1,-4200,-10.0,100.0,1,medium,24.08,5,2,none,,59,https://www.musinsa.com/products/6619067
2026-09-01,탄산마그네슘,6623803,혼 페이즐리 반다나 (네이비),0.0,0,26600,26600,26600,0,0,0.0,100.0,1,high,24.1,5,2,none,,59,https://www.musinsa.com/products/6623803
2026-09-01,더뮤지엄비지터,6635259,CLEAR MUSE CARD WALLET (BLUE),0.0,0,40950,40950,40950,0,0,0.0,100.0,1,high,24.09,6,2,none,,59,https://www.musinsa.com/products/6635259
2026-09-01,더뮤지엄비지터,6635515,W PAINTED MULTI DOT T-SHIRT (GREEN),0.0,0,55300,55300,51350,1,3950,7.69,100.0,1,medium,24.09,6,2,none,,59,https://www.musinsa.com/products/6635515
2026-09-01,더뮤지엄비지터,6635579,GALLERY ARTWORK T-SHIRT (PURPLE),0.0,0,44800,44800,41600,1,3200,7.69,100.0,1,medium,24.09,6,2,none,,59,https://www.musinsa.com/products/6635579
2026-09-01,플리즈노팔로우,6645947,Ethan Pocket Cargo Pants (White),0.0,0,159800,159800,159800,0,0,0.0,100.0,1,high,24.09,6,2,none,,59,https://www.musinsa.com/products/6645947
2026-09-01,플리즈노팔로우,6646011,Mandy Lace Layered Short Sleeve Top (Lemon),0.0,0,67150,67150,67150,0,0,0.0,100.0,1,high,24.09,6,2,none,,59,https://www.musinsa.com/products/6646011
2026-09-01,플리즈노팔로우,6646075,Arin Lace Bodysuit (Black),0.0,0,67150,67150,67150,0,0,0.0,100.0,1,high,24.09,6,2,none,,59,https://www.musinsa.com/products/6646075
2026-09-01,탄산마그네슘,6651003,반다나 아플리케 티셔츠 (화이트),0.0,0,60040,60040,60040,0,0,0.0,100.0,1,high,24.1,5,2,none,,59,https://www.musinsa.com/products/6651003
2026-09-01,배드블러드,6663483,미스틱 레이스 트랙 집업 - 블랙,0.0,0,122400,122400,110160,1,12240,11.11,100.0,1,medium,24.09,6,2,none,,59,https://www.musinsa.com/products/6663483
2026-09-01,배드블러드,6664443,코튼립 레이스 캐미 탱크 - 라이트블루,0.0,0,64600,64600,61560,1,3040,4.94,100.0,1,medium,24.09,6,2,none,,59,https://www.musinsa.com/products/6664443
2026-09-01,꼼파뇨,6668091,트로피칼 썬 피그먼트 반팔티 스모크블랙,0.0,0,28610,28610,28610,0,0,0.0,100.0,1,high,24.08,5,2,none,,59,https://www.musinsa.com/products/6668091
2026-09-01,르아르,6677115,소프트 헨리넥 반팔 티셔츠 [브라운],3.73,100271,26910,26910,26910,0,0,0.0,100.0,1,high,23.98,22,5,none,,59,https://www.musinsa.com/products/6677115
2026-09-01,어반드레스,6684219,French Linen Like Slim Shirt Dress BLACK,0.0,0,23140,23140,23140,0,0,0.0,100.0,1,high,24.09,6,2,none,,59,https://www.musinsa.com/products/6684219
2026-09-01,어반드레스,6684795,Linen Like jacket dress BLACK,1.0,23178,23260,23260,23260,0,0,0.0,100.0,1,high,24.09,6,2,none,,59,https://www.musinsa.com/products/6684795
2026-09-01,틸아이다이,6689467,TFL 07 STRIPE SLEEVELESS [TISU08TS39]_Ivory&Gray,0.0,0,27460,27460,26010,1,1450,5.57,100.0,1,medium,24.09,6,2,none,,59,https://www.musinsa.com/products/6689467
2026-09-01,에이이에이이,6696443,AEAE UV PROTECTION UMBRELLA [WHITE],0.0,0,28220,28220,28220,0,0,0.0,100.0,1,high,24.08,5,2,none,,59,https://www.musinsa.com/products/6696443
2026-09-01,글로니,6715195,GLOWNY X MY MELODY MINI BOW BIKINI SET (NAVY),0.0,0,119880,119880,106560,1,13320,12.5,100.0,1,medium,24.09,6,2,none,,59,https://www.musinsa.com/products/6715195
2026-09-01,미세키서울,6730107,[미세키서울X뭍] MM2 silver logo round square eyewear SHINY BLACK / BLACK,1.8,110222,61200,61200,61200,0,0,0.0,90.35,0,low,24.08,4,1,none,,59,https://www.musinsa.com/products/6730107
2026-09-01,엑스컨테이너,6752315,카모 파라슈트 버뮤다 팬츠 (KHAKI CAMO),0.0,0,38190,38190,38190,0,0,0.0,100.0,1,high,24.08,5,2,none,,59,https://www.musinsa.com/products/6752315
2026-09-01,더뮤지엄비지터,6787451,PATCHWORK STRING MESH MINI BACKPACK (SKY BLUE),0.0,0,76300,76300,69490,1,6810,9.8,100.0,1,medium,24.09,6,2,none,,59,https://www.musinsa.com/products/6787451
2026-09-01,비바라비다,6805563,Ascii 반팔 티셔츠,5.39,139589,25900,25900,25900,0,0,0.0,100.0,1,low,24.09,11,2,none,,59,https://www.musinsa.com/products/6805563
2026-09-01,바이모노,6812475,[빅사이즈 XL-6XL] 모노 워터풀 파도 빅사이즈 래쉬가드 풀 집업,0.0,0,38610,38610,39900,1,-1290,-3.23,100.0,1,medium,24.09,6,2,none,,59,https://www.musinsa.com/products/6812475
2026-09-01,해칭룸,6819131,Double Waist Pants Charcoal,0.0,0,223000,223000,223000,0,0,0.0,100.0,1,high,24.08,5,2,none,,59,https://www.musinsa.com/products/6819131
2026-09-01,썸웨어버터,6839419,21 Square Logo Over-Fit Top - Yellow,0.0,0,49000,49000,34300,1,14700,42.86,100.0,1,medium,24.02,7,2,none,,59,https://www.musinsa.com/products/6839419
2026-09-01,언타이틀 서울,6851003,언타이틀 레이스 레이어드 폴로 롱슬리브 블루,0.0,0,48800,48800,48800,0,0,0.0,100.0,1,high,24.1,5,2,none,,59,https://www.musinsa.com/products/6851003
2026-09-01,아모우,6878779,AMOU Horse Sweat pants GRAY,0.0,0,51620,51620,62300,1,-10680,-17.14,100.0,1,medium,24.09,6,2,none,,59,https://www.musinsa.com/products/6878779
2026-09-01,아캄,6879483,Slant Cut Hooded Long Sleeve (Black),0.0,0,98100,98100,98100,0,0,0.0,100.0,1,high,24.1,5,2,none,,59,https://www.musinsa.com/products/6879483
2026-09-01,드헤베,6884539,Check Trim Cardigan [Ivory],0.0,0,89780,89780,89780,0,0,0.0,100.0,1,high,24.08,5,2,none,,59,https://www.musinsa.com/products/6884539
2026-09-01,드헤베,6884603,Basic Crop Cardigan [Pink],0.0,0,87210,87210,87210,0,0,0.0,100.0,1,high,24.08,5,2,none,,59,https://www.musinsa.com/products/6884603
2026-09-01,코드그라피,6884731,플리스 커브드 팬츠-퍼플,0.0,0,53100,53100,53100,0,0,0.0,100.0,1,high,24.08,5,2,none,,59,https://www.musinsa.com/products/6884731
2026-09-01,코드그라피,6884859,(우먼) 스트라이프 헨리넥 후디-블루,0.0,0,62100,62100,62100,0,0,0.0,100.0,1,high,24.08,5,2,none,,59,https://www.musinsa.com/products/6884859
2026-09-01,후러브스아트,6889723,[준혁 x 후러브스아트] 배색 롤업 반팔 티셔츠 블랙/민트,0.0,0,29900,29900,29900,0,0,0.0,100.0,1,high,24.02,7,2,none,,59,https://www.musinsa.com/products/6889723
2026-09-01,세터,6894971,스몰 리벳 아플리케 포켓 로고 후드 네이비,0.0,0,149000,149000,149000,0,0,0.0,100.0,1,high,24.1,5,2,none,,59,https://www.musinsa.com/products/6894971
2026-09-01,바이모노,6896827,쏙쏙숨티 COOL 시어서커 오픈카라 자동넣입 반팔티,0.0,0,29900,29900,29900,0,0,0.0,100.0,1,high,24.09,6,2,none,,59,https://www.musinsa.com/products/6896827
2026-09-01,벨리에,6897083,트루 와이드 데님 팬츠 - 스트림 인디고,0.0,0,148200,148200,148200,0,0,0.0,100.0,1,high,24.1,5,2,none,,59,https://www.musinsa.com/products/6897083
2026-09-01,몰든,6909883,하이 스트레치 우먼 러닝 쇼츠,0.0,0,55200,55200,69000,1,-13800,-20.0,100.0,1,medium,24.09,7,2,none,,59,https://www.musinsa.com/products/6909883
2026-09-01,디스이즈네버댓,6910075,Circle SP-Logo Cap Black,0.0,0,52000,52000,52000,0,0,0.0,100.0,1,high,24.09,6,2,none,,59,https://www.musinsa.com/products/6910075
2026-09-01,디스이즈네버댓,6910139,Resonance Tee Moss Green,0.0,0,65000,65000,65000,0,0,0.0,100.0,1,high,24.09,6,2,none,,59,https://www.musinsa.com/products/6910139
2026-09-01,유니폼브릿지,6939643,slub ringer s/s t-shirt brown,0.0,0,39200,39200,49000,1,-9800,-20.0,100.0,1,medium,24.09,6,2,none,,59,https://www.musinsa.com/products/6939643
2026-09-01,바이모노,6947259,[빅사이즈 S-8XL] 모노 네코냥 프린팅 오버핏 반팔티,0.0,0,29900,29900,29900,0,0,0.0,100.0,1,high,24.09,6,2,none,,59,https://www.musinsa.com/products/6947259
2026-09-01,로제프란츠,6948347,Wrap V-neck Long Sleeve [Ivory],0.0,0,40960,40960,35840,1,5120,14.29,100.0,1,medium,24.08,5,2,none,,59,https://www.musinsa.com/products/6948347
2026-09-01,로제프란츠,6948667,Double Pocket Cardigan [Sky Blue],0.0,0,62720,62720,54880,1,7840,14.29,100.0,1,medium,24.08,5,2,none,,59,https://www.musinsa.com/products/6948667
2026-09-01,디미트리블랙,6951163,에센셜 RIBBED 롱슬리브 티셔츠_헨리넥 3 COLOR,40.31,1146250,28437,27900,29900,1,-2000,-6.69,100.0,1,low,9.05,52,11,none,,59,https://www.musinsa.com/products/6951163
2026-09-01,오헤시오,6953019,"STRING BOAT NECK JERSEY BLOUSE, WHITE",0.0,0,61370,61370,64600,1,-3230,-5.0,100.0,1,medium,24.09,9,2,none,,59,https://www.musinsa.com/products/6953019
2026-09-01,오헤시오,6953211,"APPLE RAGLAN OVER FIT LONG SLEEVE, GRAY",0.0,0,61370,61370,64600,1,-3230,-5.0,100.0,1,medium,24.09,7,2,none,,59,https://www.musinsa.com/products/6953211
2026-09-01,언탭트 스튜디오,6959803,[2PACK]오버핏 에센셜 헨리넥 라운드 니트 4Color,0.0,0,59800,59800,59800,0,0,0.0,100.0,1,high,24.02,7,2,none,,59,https://www.musinsa.com/products/6959803
2026-09-01,언탭트 스튜디오,6961019,[2PACK]워셔블 터틀넥 슬리브 코튼 니트 티셔츠 3Color,0.0,0,34860,34860,34860,0,0,0.0,100.0,1,high,24.02,7,2,none,,59,https://www.musinsa.com/products/6961019
2026-09-01,유라고,6966779,Pocket leather overfit blouson_Black,0.0,0,145040,145040,148000,1,-2960,-2.0,100.0,1,medium,24.1,5,2,none,,59,https://www.musinsa.com/products/6966779
2026-09-01,미세키서울,6968187,Diagonal belted midi skirt BLACK,0.0,0,126000,126000,126000,0,0,0.0,100.0,1,high,24.08,5,2,none,,59,https://www.musinsa.com/products/6968187
2026-09-01,와르,6969083,M2604 브러쉬드 브이넥 니트_브라운,0.0,0,90720,90720,113400,1,-22680,-20.0,100.0,1,medium,24.09,6,2,none,,59,https://www.musinsa.com/products/6969083
2026-09-01,와르,6969339,M296 엔지니어 데님 팬츠_블랙,0.0,0,105630,105630,102690,1,2940,2.86,100.0,1,medium,24.09,6,2,none,,59,https://www.musinsa.com/products/6969339
2026-09-01,러브이즈트루,6970619,RL HORSE 910 KNIT ZIP UP(IVORY),0.0,0,146610,146610,146610,0,0,0.0,100.0,1,high,24.02,7,2,none,,59,https://www.musinsa.com/products/6970619
2026-09-01,마인드브릿지,6978427,[SET]릴랙스핏 스웨이드 변형 조직 셋업 블랙,0.0,0,239000,239000,239000,0,0,0.0,100.0,1,high,24.08,5,2,none,,59,https://www.musinsa.com/products/6978427
2026-09-01,키뮤어,6980027,[크롭] 와플 헨리넥 니트_차콜,0.0,0,62100,62100,62100,0,0,0.0,100.0,1,high,24.09,6,2,none,,59,https://www.musinsa.com/products/6980027
2026-09-01,드로우핏,6981563,레이어드 헨리넥 롱슬리브 티셔츠 [NAVY],4.77,210431,44100,44100,44100,0,0,0.0,100.0,1,high,6.59,22,11,none,,59,https://www.musinsa.com/products/6981563
2026-09-01,벨리에,6996731,(W) 모듈러 체크 스커트 - 그레이 체크,0.0,0,199500,199500,199500,0,0,0.0,100.0,1,high,24.1,5,2,none,,59,https://www.musinsa.com/products/6996731
2026-09-01,벨리에,6997051,(W) 워시드 스트럭처 카고 팬츠 - 차콜 그레이,0.0,0,189050,189050,189050,0,0,0.0,100.0,1,high,24.1,5,2,none,,59,https://www.musinsa.com/products/6997051
2026-09-01,일꼬르소,6997691,마이크로 크리즈 레이온 딥 원턱 팬츠 블랙,0.0,0,63360,63360,67320,1,-3960,-5.88,100.0,1,medium,24.09,6,2,none,,59,https://www.musinsa.com/products/6997691
2026-09-01,커버낫,6999035,C로고 코지 핏 워싱 볼캡 그레이,0.0,0,35200,35200,35100,1,100,0.28,100.0,1,medium,24.09,6,2,none,,59,https://www.musinsa.com/products/6999035
2026-09-01,커버낫,6999099,멀티 스트라이프 롱슬리브 브라운,0.0,0,69000,69000,69000,0,0,0.0,100.0,1,high,24.09,6,2,none,,59,https://www.musinsa.com/products/6999099
2026-09-01,제로,7000635,코어 핑거 홀 롱 슬리브 [블랙],0.0,0,22500,22500,22500,0,0,0.0,100.0,1,high,24.1,5,2,none,,59,https://www.musinsa.com/products/7000635
2026-09-01,더니트컴퍼니,7002299,(우먼) 파인 캐시미어 100 터틀넥 8color,0.0,0,89100,89100,99000,1,-9900,-10.0,100.0,1,medium,24.08,5,2,none,,59,https://www.musinsa.com/products/7002299
2026-09-01,낫포너드,7002683,Dirty Washed Dart Zip Denim Pants - Black,0.0,0,111600,111600,111600,0,0,0.0,100.0,1,high,24.08,5,2,none,,59,https://www.musinsa.com/products/7002683
2026-09-01,마인드브릿지 우먼,7008251,[W]데님 믹스 니트 집업 가디건 - 2color,0.0,0,103200,103200,116100,1,-12900,-11.11,100.0,1,medium,24.1,5,2,none,,59,https://www.musinsa.com/products/7008251
2026-09-01,후브스,7009019,레글런 헨리넥 롱슬리브[블루차콜],0.0,0,35000,35000,35000,0,0,0.0,100.0,1,high,24.09,6,2,none,,59,https://www.musinsa.com/products/7009019
2026-09-01,러프사이드,7009851,Primary Shirt Brown Plaid,0.0,0,178600,178600,178600,0,0,0.0,100.0,1,high,24.1,5,2,none,,59,https://www.musinsa.com/products/7009851
2026-09-01,레더리,7012027,코지 브이넥 니트 풀오버 [GREY],0.0,0,44640,44640,55800,1,-11160,-20.0,100.0,1,medium,24.08,5,2,none,,59,https://www.musinsa.com/products/7012027
2026-09-01,에이이에이이,7012923,LAYERED ONE PIECE [GREY],0.0,0,144500,144500,144500,0,0,0.0,100.0,1,high,24.08,5,2,none,,59,https://www.musinsa.com/products/7012923
2026-09-01,시야쥬,7012987,SIAC3142 Velu Bag_Black,0.0,0,221450,221450,209790,1,11660,5.56,100.0,1,medium,24.09,6,2,none,,59,https://www.musinsa.com/products/7012987
2026-09-01,무드인사이드 우먼,7014395,(woman) 워시드 다잉 코튼 팬츠_5Color,0.0,0,54900,54900,53910,1,990,1.84,100.0,1,medium,24.09,6,2,none,,59,https://www.musinsa.com/products/7014395
2026-09-01,넌블랭크,7020539,소프트 라운드 LS 티셔츠_BLACK,0.0,0,42210,42210,42210,0,0,0.0,100.0,1,high,24.02,7,2,none,,59,https://www.musinsa.com/products/7020539
2026-09-01,유니폼브릿지,7020987,nylon field jacket smoke pink,0.0,0,215100,215100,239000,1,-23900,-10.0,100.0,1,medium,24.09,6,2,none,,59,https://www.musinsa.com/products/7020987
2026-09-01,베르만 어패럴,7021307,[2PACK] 에센셜 머슬핏 반팔 티셔츠 3colors,0.0,0,57000,57000,57000,0,0,0.0,100.0,1,high,24.09,6,2,none,,59,https://www.musinsa.com/products/7021307
2026-09-01,제로,7032699,스트라이프 와이드 커브드 데님 팬츠 [블랙],0.0,0,49500,49500,49500,0,0,0.0,100.0,1,high,24.1,5,2,none,,59,https://www.musinsa.com/products/7032699
2026-09-01,쿠어,7033595,다이드 몰스킨 초어 자켓 (그레이시블루),0.0,0,315000,315000,315000,0,0,0.0,100.0,1,high,24.1,5,2,none,,59,https://www.musinsa.com/products/7033595
2026-09-01,엘무드,7033979,카셀 벨벳 레이서 자켓 버건디 브라운,0.0,0,277200,277200,308000,1,-30800,-10.0,100.0,1,medium,24.09,6,2,none,,59,https://www.musinsa.com/products/7033979
2026-09-01,드로우핏 우먼,7035003,누벅 레더 하이넥 봄버 자켓 [BLACK],0.0,0,169200,169200,169200,0,0,0.0,100.0,1,high,24.09,7,2,none,,59,https://www.musinsa.com/products/7035003
2026-09-01,드로우핏 우먼,7035195,에센셜 소프트 브이넥 니트 [RED],0.0,0,64800,64800,64800,0,0,0.0,100.0,1,high,24.09,7,2,none,,59,https://www.musinsa.com/products/7035195
2026-09-01,비헤비어,7046587,C/L ROVER SHIRTS red,0.0,0,160550,160550,160550,0,0,0.0,100.0,1,high,24.08,5,2,none,,59,https://www.musinsa.com/products/7046587
2026-09-01,비헤비어,7047483,DYED C/L ROVER COAT khaki,0.0,0,378100,378100,378100,0,0,0.0,100.0,1,high,24.08,5,2,none,,59,https://www.musinsa.com/products/7047483
2026-09-01,드로우핏 우먼,7047803,버티컬 라인 롱슬리브 티셔츠 [CHARCOAL],0.0,0,39600,39600,39600,0,0,0.0,100.0,1,high,24.09,7,2,none,,59,https://www.musinsa.com/products/7047803
2026-09-01,엑스컨테이너,7048379,브러쉬드 코튼 커브드 치노 팬츠 (BEIGE),0.0,0,41300,41300,41300,0,0,0.0,100.0,1,high,24.08,5,2,none,,59,https://www.musinsa.com/products/7048379
2026-09-01,디미트리블랙,7051963,[10주년기획] © 모두의 에센셜 데님 팬츠_(세미 플레어 핏) 4 COLOR,8.8,307265,34900,34900,34900,0,0,0.0,100.0,1,low,9.81,25,6,none,,59,https://www.musinsa.com/products/7051963
2026-09-01,프리즘웍스,7054587,FIELD ADJUSTER DENIM PANTS _ INDIGO,0.0,0,88200,88200,98000,1,-9800,-10.0,100.0,1,medium,24.09,6,2,none,,59,https://www.musinsa.com/products/7054587
2026-09-01,데이,7055867,레더 바이커 자켓_BLACK,0.0,0,57500,57500,57500,0,0,0.0,100.0,1,high,24.08,3,2,none,,59,https://www.musinsa.com/products/7055867
2026-09-01,아웃스탠딩,7063227,VINTAGE CHECK BD SHIRT_BROWN CHECK,0.0,0,97200,97200,97200,0,0,0.0,100.0,1,high,24.09,6,2,none,,59,https://www.musinsa.com/products/7063227
2026-09-01,던스트,7068603,HALF SLEEVE KNIT TOP_UDSW6C201_IVORY,0.0,0,84550,84550,84550,0,0,0.0,100.0,1,high,24.02,7,2,none,,59,https://www.musinsa.com/products/7068603
2026-09-01,레더리,7074299,캐리 스퀘어 숄더백 [BLACK],0.0,0,52560,52560,65700,1,-13140,-20.0,100.0,1,medium,24.08,5,2,none,,59,https://www.musinsa.com/products/7074299
2026-09-01,틸아이다이,7078395,CASHMERE BLENDED ROUND WOOL KNIT [TIFA04SW04]_Gray,0.0,0,88020,88020,88020,0,0,0.0,100.0,1,high,24.09,6,2,none,,59,https://www.musinsa.com/products/7078395
2026-09-01,틸아이다이,7079099,HENRY LAYERED MODAL TEE [TIFA04LT12]_Charcoal,0.0,0,55720,55720,55720,0,0,0.0,100.0,1,high,24.09,6,2,none,,59,https://www.musinsa.com/products/7079099
2026-09-01,틸아이다이,7080059,Embroidered check blouse [TIFA05BL08]_Beige,0.0,0,96100,96100,96100,0,0,0.0,100.0,1,high,24.09,6,2,none,,59,https://www.musinsa.com/products/7080059
2026-09-01,틸아이다이,7080251,Wool cashmere V neck knit set [TIFA05SW08]_Charcoal,0.0,0,110630,110630,110630,0,0,0.0,100.0,1,high,24.09,6,2,none,,59,https://www.musinsa.com/products/7080251
2026-09-01,바우프,7080379,B 빅로고 볼캡 [네이비],0.0,0,49500,49500,49500,0,0,0.0,100.0,1,high,24.08,5,2,none,,59,https://www.musinsa.com/products/7080379
2026-09-01,인사일런스,7084219,포우 스웨이드 트러커 자켓 BLACK,0.0,0,219000,219000,244000,1,-25000,-10.25,100.0,1,medium,24.09,6,2,none,,59,https://www.musinsa.com/products/7084219
2026-09-01,썬러브투어,7084795,Daybreak Brushed Hoodie Camo,0.0,0,139000,139000,139000,0,0,0.0,100.0,1,high,24.09,7,2,none,,59,https://www.musinsa.com/products/7084795
2026-09-01,몽돌,7088571,레이스 텍스쳐 시스루 티셔츠 아이보리 MDTS115IVORY,0.0,0,33300,33300,33300,0,0,0.0,100.0,1,high,24.09,6,2,none,,59,https://www.musinsa.com/products/7088571
2026-09-01,썸웨어버터,7090555,Roy Deep V-Neck Knit - Navy,0.0,0,79380,79380,79380,0,0,0.0,100.0,1,high,24.02,7,2,none,,59,https://www.musinsa.com/products/7090555
2026-09-01,인사일런스 우먼,7095611,니트라이크 후드 집업 MELANGE BROWN,0.0,0,133000,133000,133000,0,0,0.0,100.0,1,high,24.09,6,2,none,,59,https://www.musinsa.com/products/7095611
2026-09-01,파르티멘토 우먼,7096187,PWC 클래식 버튼업 체크 셔츠_카멜,0.0,0,46670,46670,36300,1,10370,28.57,100.0,1,medium,24.08,3,2,none,,59,https://www.musinsa.com/products/7096187
2026-09-01,파르티멘토 우먼,7096507,PWC 베이비 롱슬리브 티_10컬러,0.0,0,26010,26010,20230,1,5780,28.57,100.0,1,medium,24.08,3,2,none,,59,https://www.musinsa.com/products/7096507
2026-09-01,해칭룸,7097339,Hooded Shirt Charcoal,0.0,0,168000,168000,168000,0,0,0.0,100.0,1,high,24.08,5,2,none,,59,https://www.musinsa.com/products/7097339
2026-09-01,해칭룸,7097403,Volume Tee Graphite,0.0,0,108000,108000,108000,0,0,0.0,100.0,1,high,24.08,5,2,none,,59,https://www.musinsa.com/products/7097403
2026-09-01,에이치덱스,7100859,히로익 숄더 콤비 스웨트 셔츠 (Black),0.0,0,67500,67500,67500,0,0,0.0,100.0,1,high,24.08,5,2,none,,59,https://www.musinsa.com/products/7100859
2026-09-01,제로,7103419,빈티지 슬립 크롭 후드 [네이비],0.0,0,62100,62100,62100,0,0,0.0,100.0,1,high,24.1,5,2,none,,59,https://www.musinsa.com/products/7103419
2026-09-01,비바라비다,7103611,Daybreak 레글런 롱 슬리브 티셔츠,0.0,0,34900,34900,34900,0,0,0.0,100.0,1,high,24.09,6,2,none,,59,https://www.musinsa.com/products/7103611
2026-09-01,디스이즈네버댓,7104699,T-Logo L/S Tee Royal Blue,0.0,0,65000,65000,65000,0,0,0.0,100.0,1,high,24.09,6,2,none,,59,https://www.musinsa.com/products/7104699
2026-09-01,디앤에스알,7105787,레이어드 브이넥 롱슬리브 블랙/차콜,0.0,0,79200,79200,79200,0,0,0.0,100.0,1,high,24.1,5,2,none,,59,https://www.musinsa.com/products/7105787
2026-09-01,가까이 유니언즈,7117371,커브 절개 피그먼트 스웨트 팬츠 스톤그레이,0.0,0,43400,43400,,0,,,34.38,0,low,23.98,2,1,none,,59,https://www.musinsa.com/products/7117371
2026-09-01,칙스,7120315,스트라이프 티어드 셔링 롱 스커트 화이트,0.0,0,50900,50900,40720,1,10180,25.0,100.0,1,medium,24.09,6,2,none,,59,https://www.musinsa.com/products/7120315
2026-09-01,다이브인,7120827,CUT OFF SLUB LONG SLEEVE (MELANGE GRAY),0.0,0,38250,38250,45000,1,-6750,-15.0,100.0,1,medium,24.09,6,2,none,,59,https://www.musinsa.com/products/7120827
2026-09-01,칙스,7120891,셔링 카라 헨리넥 긴팔 티셔츠 네이비,0.0,0,52900,52900,42320,1,10580,25.0,100.0,1,medium,24.09,6,2,none,,59,https://www.musinsa.com/products/7120891
2026-09-01,브룩스 브라더스,7126395,슬림핏 라이트웨이트 어드밴티지 치노 (올리브) (BBPCMMZ501),0.0,0,199000,199000,199000,0,0,0.0,100.0,1,high,24.02,7,2,none,,59,https://www.musinsa.com/products/7126395
2026-09-01,브룩스 브라더스,7126523,솔리드 랩타이 (네이비) (BBATMNZ503),0.0,0,159000,159000,159000,0,0,0.0,100.0,1,high,24.02,7,2,none,,59,https://www.musinsa.com/products/7126523
2026-09-01,후드후드,7126971,에일리언 래글런 카모 롱슬리브 티셔츠 아이보리,0.0,0,56880,56880,56880,0,0,0.0,100.0,1,high,24.08,5,2,none,,59,https://www.musinsa.com/products/7126971
2026-09-01,아웃스탠딩,7127803,V.S.C HOOD SWEAT(HOWDY)_NAVY,0.0,0,80100,80100,,0,,,85.12,0,low,24.09,3,1,none,,59,https://www.musinsa.com/products/7127803
2026-09-01,아메스 월드와이드,7129403,NEW RIBBON WALLET POUCH BLACK,0.0,0,35280,35280,39200,1,-3920,-10.0,100.0,1,medium,24.08,5,2,none,,59,https://www.musinsa.com/products/7129403
2026-09-01,데꼬로소,7130555,이지 레이어드 헨리넥 긴팔 티셔츠 [네이비],0.0,0,49320,49320,49320,0,0,0.0,100.0,1,high,24.02,7,2,none,,59,https://www.musinsa.com/products/7130555
2026-09-01,룩캐스트,7131643,울 랩 스커트 팬츠_네이비 / WOOL WRAP SKIRT PANTS_NAVY,0.0,0,94400,94400,94400,0,0,0.0,100.0,1,high,24.08,5,2,none,,59,https://www.musinsa.com/products/7131643
2026-09-01,룩캐스트,7132027,핀 스트라이프 셔츠_크림 / PIN STRIPE SHIRT_CREAM,0.0,0,102400,102400,102400,0,0,0.0,100.0,1,high,24.08,5,2,none,,59,https://www.musinsa.com/products/7132027
2026-09-01,더바이닐하우스,7134203,CUT-OFF LAYERED LS TEE BLACK,0.0,0,65550,65550,69000,1,-3450,-5.0,100.0,1,medium,24.09,6,2,none,,59,https://www.musinsa.com/products/7134203
2026-09-01,더바이닐하우스,7134267,LUCKY HOUSE HOODIE ZIP-UP BLACK,0.0,0,122550,122550,129000,1,-6450,-5.0,100.0,1,medium,24.09,6,2,none,,59,https://www.musinsa.com/products/7134267
2026-09-01,꼼파뇨,7147515,라인 워크 자수 후드집업 크림,0.0,0,40500,40500,40500,0,0,0.0,100.0,1,high,24.08,5,2,none,,59,https://www.musinsa.com/products/7147515
2026-09-01,제너럴아이디어,7147963,루즈핏 투포켓 셔츠 [OLIVE] / GF3LSH503,0.0,0,52000,52000,52000,0,0,0.0,100.0,1,high,24.09,6,2,none,,59,https://www.musinsa.com/products/7147963
2026-09-01,커버낫,7148091,[수빈 착용] 빈티지 타이포 그래픽 후드집업 퍼플,0.0,0,116430,116430,,0,,,59.03,0,low,24.01,3,1,none,,59,https://www.musinsa.com/products/7148091
2026-09-01,커버낫,7148155,뉴 아치로고 코지 핏 볼캡 레드,0.0,0,45000,45000,,0,,,59.03,0,low,24.01,3,1,none,,59,https://www.musinsa.com/products/7148155
2026-09-01,브룩스 브라더스,7158715,[여성] 울 케이블 가디건 (라이트베이지) (BBWCWBZ402),0.0,0,299000,299000,299000,0,0,0.0,100.0,1,high,24.02,7,2,none,,59,https://www.musinsa.com/products/7158715
2026-09-01,브룩스 브라더스,7159611,스트라이프 렙 타이 (레드) (BBATMMZ501),0.0,0,159000,159000,159000,0,0,0.0,100.0,1,high,24.02,7,2,none,,59,https://www.musinsa.com/products/7159611
2026-09-01,플리즈노팔로우,7160699,Rhea Drape Long Sleeve Hoodie (Mocha Grey),0.0,0,127800,127800,,0,,,85.11,0,low,24.09,3,1,none,,59,https://www.musinsa.com/products/7160699
2026-09-01,탄산마그네슘,7160955,혼 롱슬리브 (스카이블루/블랙),0.0,0,56240,56240,56240,0,0,0.0,100.0,1,high,24.1,5,2,none,,59,https://www.musinsa.com/products/7160955
2026-09-01,더블유엠씨,7161083,워시드 와이드 데님팬츠_BLUE,0.0,0,59500,59500,59500,0,0,0.0,100.0,1,high,24.02,5,2,none,,59,https://www.musinsa.com/products/7161083
2026-09-01,더블유엠씨,7161403,[3M 신슐레이트] 후디드 경량 패딩 _CHARCOAL GREY,0.0,0,99000,99000,99000,0,0,0.0,100.0,1,high,24.02,5,2,none,,59,https://www.musinsa.com/products/7161403
2026-09-01,노매뉴얼,7180155,D.P HOODED ZIP-UP - WASHED PURPLE,0.0,0,129200,129200,129200,0,0,0.0,100.0,1,high,24.08,3,2,none,,59,https://www.musinsa.com/products/7180155
2026-09-01,노매뉴얼,7180347,STAR LOGO VINTAGE LONG SLEEVE TEE - WASHED BLACK,0.0,0,79800,79800,79800,0,0,0.0,100.0,1,high,24.08,3,2,none,,59,https://www.musinsa.com/products/7180347
2026-09-01,더블유엠씨,7188603,워시드 필드 자켓_KHAKI,0.0,0,111200,111200,111200,0,0,0.0,100.0,1,high,24.02,5,2,none,,59,https://www.musinsa.com/products/7188603
2026-09-01,본투윈,7189051,SYMBOL B QUICK DRY T-SHIRTS [MELANGE GREY],0.0,0,56050,56050,59000,1,-2950,-5.0,100.0,1,medium,24.09,6,2,none,,59,https://www.musinsa.com/products/7189051
2026-09-02,시그니처,880827,와이드핏 슬랙스 [블랙],0.0,0,34900,34900,34900,0,0,0.0,76.6,0,low,23.99,7,1,none,,59,https://www.musinsa.com/products/880827
2026-09-02,제멋,945659,와이드 이지 스웨트팬츠 블랙 KJLP2179,0.0,0,32900,32900,32900,0,0,0.0,100.0,1,high,24.09,5,2,none,,59,https://www.musinsa.com/products/945659
2026-09-02,트립르센스,1139259,LENTICULAR OVER MTM GREY,0.0,0,29500,29500,29500,0,0,0.0,100.0,1,high,24.01,6,2,none,,59,https://www.musinsa.com/products/1139259
2026-09-02,트립르센스,1223163,베이직 터틀넥 폴라 니트_블랙,0.0,0,25200,25200,25200,0,0,0.0,100.0,1,high,24.01,6,2,none,,59,https://www.musinsa.com/products/1223163
2026-09-02,모즈모즈,1354875,세로로고 오버핏 티셔츠_화이트,0.0,0,35900,35900,35900,0,0,0.0,64.09,0,low,24.0,4,1,none,,59,https://www.musinsa.com/products/1354875
2026-09-02,인사일런스,1385211,수피마 코튼 프리미엄 티셔츠 DARK GREY,0.0,0,29700,29700,29700,0,0,0.0,100.0,1,high,24.0,5,2,none,,59,https://www.musinsa.com/products/1385211
2026-09-02,코드그라피,1409467,크리스피 나일론 쇼츠_베이지,0.77,18236,23800,23800,23800,0,0,0.0,76.6,0,low,23.99,4,1,none,,59,https://www.musinsa.com/products/1409467
2026-09-02,낫포너드,1435323,Nylon Zipper Short - Yellow,0.0,0,24500,24500,24500,0,0,0.0,76.6,0,low,23.99,4,1,none,,59,https://www.musinsa.com/products/1435323
2026-09-02,아웃스탠딩,1547899,V.S.C HOOD SWEAT(MARYS)_3%MELANGE GRAY,0.0,0,80100,80100,80100,0,0,0.0,100.0,1,high,23.98,23,6,none,,59,https://www.musinsa.com/products/1547899
2026-09-02,트립르센스,1596283,베이직 터틀넥 폴라 니트_라이트 블루,0.0,0,25200,25200,25200,0,0,0.0,100.0,1,high,24.01,6,2,none,,59,https://www.musinsa.com/products/1596283
2026-09-02,제멋,1604795,[2PACK] 리오 오버핏 벌룬 후드 7종 2Pack KJHD2304,0.0,0,63900,63900,63900,0,0,0.0,100.0,1,high,24.09,5,2,none,,59,https://www.musinsa.com/products/1604795
2026-09-02,어반드레스,1609659,스트로베리 오버핏 체크 셔츠,0.0,0,23000,23000,23000,0,0,0.0,100.0,1,high,24.09,5,2,none,,59,https://www.musinsa.com/products/1609659
2026-09-02,마인드브릿지,1685307,[3팩]고밀도순면기본반팔티셔츠  MATS0101,6.49,129070,19900,19900,19900,0,0,0.0,100.0,1,high,9.0,22,7,none,,59,https://www.musinsa.com/products/1685307
2026-09-02,에스피오나지,1790971,Oxford Over Shirt White,0.99,103471,104400,104400,104400,0,0,0.0,100.0,1,low,48.09,4,2,none,,59,https://www.musinsa.com/products/1790971
2026-09-02,메종미네드,1821755,[2STYLE] MIXED BOUCLE KNIT HALF SLEEVE BLACK,3.66,126216,34520,34520,34520,0,0,0.0,100.0,1,high,8.99,12,7,none,,59,https://www.musinsa.com/products/1821755
2026-09-02,제멋,1884475,스테이 오버핏 반팔티셔츠 블랙 SOST2339,0.0,0,24900,24900,24900,0,0,0.0,100.0,1,high,24.09,5,2,none,,59,https://www.musinsa.com/products/1884475
2026-09-02,토피,1885563,SL01 섬머 데님 와이드 팬츠 (BLEACH),2.58,87420,33900,33900,33900,0,0,0.0,100.0,1,high,24.08,5,2,none,,59,https://www.musinsa.com/products/1885563
2026-09-02,메인부스,1915515,Univ. Symbol Neck Pillow(RED),0.0,0,17900,17900,17900,0,0,0.0,76.61,0,low,23.99,4,1,none,,59,https://www.musinsa.com/products/1915515
2026-09-02,굿라이프웍스,1920443,오버핏 시어서커 반팔셔츠 라이트블루,0.0,0,39800,39800,39800,0,0,0.0,64.1,0,low,24.0,4,1,none,,59,https://www.musinsa.com/products/1920443
2026-09-02,엘무드,1930811,어워드 플리츠 와이드 슬랙스 차콜,0.0,0,31100,31100,31100,0,0,0.0,100.0,1,high,24.0,5,2,none,,59,https://www.musinsa.com/products/1930811
2026-09-02,에스피오나지,1935739,NAVAL Academy Heavyweight Tee Navy,0.0,0,32900,32900,32900,0,0,0.0,98.36,0,low,24.02,5,1,none,,59,https://www.musinsa.com/products/1935739
2026-09-02,제멋,2085371,[2PACK] 헤이즈 오버핏 스웨트셔츠 [쭈리/기모] 2PACK KJMT2369 / KJMT2400,0.98,54941,55900,55900,55900,0,0,0.0,100.0,1,high,24.09,5,2,none,,59,https://www.musinsa.com/products/2085371
2026-09-02,가까이 유니언즈,2112059,[여름 or 기모 or 사계절 원단 선택] 원턱 와이드 스웨트팬츠 그레이,96.68,2491631,25773,25990,23400,1,2590,11.07,100.0,1,medium,4.22,47,16,none,,59,https://www.musinsa.com/products/2112059
2026-09-02,마인드브릿지,2143035,[ON]두굿_[웜]세미 와이드 밴딩 슬랙스 - 4color,0.0,0,37910,37910,37910,0,0,0.0,89.11,0,low,23.99,4,1,none,,59,https://www.musinsa.com/products/2143035
2026-09-02,프렌다,2190395,WBT CREWNECK RAGLAN SWEATSHIRT BLACK,0.0,0,29000,29000,29000,0,0,0.0,26.59,0,low,24.09,4,1,none,,59,https://www.musinsa.com/products/2190395
2026-09-02,어반드레스,2217531,125CM 슈퍼 롱 오버핏 더블 코트,0.98,73906,75200,75200,75200,0,0,0.0,100.0,1,high,24.09,5,2,none,,59,https://www.musinsa.com/products/2217531
2026-09-02,코드그라피,2283963,(우먼) CGP 아치 로고 트레이닝 팬츠_네이비,0.0,0,31850,31850,31850,0,0,0.0,76.62,0,low,23.99,4,1,none,,59,https://www.musinsa.com/products/2283963
2026-09-02,브라운브레스,2295291,COMBINE SLING BAG - BLACK,1.0,71149,71200,71200,71200,0,0,0.0,100.0,1,high,24.09,5,2,none,,59,https://www.musinsa.com/products/2295291
2026-09-02,테이크이지,2325627,케이블 스몰라쿠 베스트 가디건(블랙),0.0,0,27900,27900,29500,1,-1600,-5.42,100.0,1,medium,24.0,5,2,none,,59,https://www.musinsa.com/products/2325627
2026-09-02,레더리,2325755,멀티 포쉐트 플랩 크로스백 [BLACK],0.0,0,39170,39170,39170,0,0,0.0,89.12,0,low,8.99,9,6,none,,59,https://www.musinsa.com/products/2325755
2026-09-02,쿠어,2352379,크로셰 오픈 칼라 니트 (크림),0.0,0,104000,104000,104000,0,0,0.0,64.11,0,low,24.0,4,1,none,,59,https://www.musinsa.com/products/2352379
2026-09-02,마인드브릿지,2355131,두굿_루즈테이퍼드데님팬츠 MYDP0152,0.0,0,19900,19900,19900,0,0,0.0,89.12,0,low,23.99,4,1,none,,59,https://www.musinsa.com/products/2355131
2026-09-02,노이어,2359419,린넨 투 턱 와이드 팬츠 (블랙),0.0,0,64500,64500,64500,0,0,0.0,100.0,1,high,24.09,5,2,none,,59,https://www.musinsa.com/products/2359419
2026-09-02,유라고,2360891,[화야 PICK] Mac half trench coat,0.64,89193,139080,139080,139080,0,0,0.0,64.12,0,low,24.0,10,1,none,,59,https://www.musinsa.com/products/2360891
2026-09-02,엑스트라오디너리,2373563,B.S.C LONG SLEEVE  BLACK,0.0,0,31500,31500,31500,0,0,0.0,89.12,0,low,23.99,4,1,none,,59,https://www.musinsa.com/products/2373563
2026-09-02,메인부스,2381627,Billys Cracker Sweatshirt(JET BLACK),0.0,0,48700,48700,48700,0,0,0.0,76.63,0,low,23.99,4,1,none,,59,https://www.musinsa.com/products/2381627
2026-09-02,프리즘웍스,2414203,NYLON CARGO BALLOON PANTS _ BEIGE,0.0,0,67500,67500,67500,0,0,0.0,100.0,1,high,24.09,5,2,none,,59,https://www.musinsa.com/products/2414203
2026-09-02,키뮤어,2441851,버뮤다 데님 하프 팬츠 2종,2.0,29343,14700,14700,14700,0,0,0.0,100.0,1,high,10.24,12,6,none,,59,https://www.musinsa.com/products/2441851
2026-09-02,엑스트라오디너리,2446971,B.S.C OVER FIT CREW,0.0,0,54500,54500,54500,0,0,0.0,89.12,0,low,23.99,4,1,none,,59,https://www.musinsa.com/products/2446971
2026-09-02,코드그라피,2449595,[2PACK](써머) 스웨트 트레이닝 에센셜 반바지_4COLOR,0.0,0,47530,47530,47530,0,0,0.0,76.63,0,low,23.99,4,1,none,,59,https://www.musinsa.com/products/2449595
2026-09-02,로제프란츠,2515323,GLOW FLOWER T-SHIRT [BLACK],0.0,0,20280,20280,20280,0,0,0.0,76.64,0,low,23.99,4,1,none,,59,https://www.musinsa.com/products/2515323
2026-09-02,밀로 아카이브,2538491,컴포트 엔진 셔츠 [그레이],0.0,0,38400,38400,38400,0,0,0.0,100.0,1,high,24.01,6,2,none,,59,https://www.musinsa.com/products/2538491
2026-09-02,론론,2538811,PUFF SLEEVE HALF T SHIRT PINK,0.0,0,35640,35640,35640,0,0,0.0,100.0,1,high,24.09,5,2,none,,59,https://www.musinsa.com/products/2538811
2026-09-02,시야쥬,2558715,SITP5063 U-neck T-shirt_Black,0.61,18726,30780,30780,30780,0,0,0.0,100.0,1,high,24.0,5,2,none,,59,https://www.musinsa.com/products/2558715
2026-09-02,코드그라피,2567739,[레귤러 Ver.] 크리스피 나일론 쇼츠_그레이,0.0,0,23800,23800,23800,0,0,0.0,76.64,0,low,23.99,4,1,none,,59,https://www.musinsa.com/products/2567739
2026-09-02,더블유엠씨,2568315,컨셉 로고 티셔츠_BLACK,0.0,0,22050,22050,22050,0,0,0.0,100.0,1,high,24.01,6,2,none,,59,https://www.musinsa.com/products/2568315
2026-09-02,솔트앤초콜릿,2600571,스티치 쿠션 토 플립 슬리퍼 412123014 (1cm/3colors),0.86,32592,37920,37920,37920,0,0,0.0,100.0,1,high,24.08,5,2,none,,59,https://www.musinsa.com/products/2600571
2026-09-02,솔트앤초콜릿,2611707,Y2K 스퀘어 토 에나멜 블록 힐 펌프스 412211011 (7cm/2colors),0.0,0,53400,53400,53400,0,0,0.0,100.0,1,high,24.08,5,2,none,,59,https://www.musinsa.com/products/2611707
2026-09-02,1993스튜디오,2660923,포텐셜 래글런 스웨트셔츠_그레이,1.83,62963,34500,34500,34500,0,0,0.0,100.0,1,high,24.0,5,2,none,,59,https://www.musinsa.com/products/2660923
2026-09-02,필루미네이트,2697723,오버핏 블룸 스웨트 셔츠-블랙,0.0,0,25000,25000,25000,0,0,0.0,100.0,1,high,24.01,6,2,none,,59,https://www.musinsa.com/products/2697723
2026-09-02,트릴리온,2711163,옐로우 워싱 리버스 턱 데님 팬츠 (BLACK),2.67,79434,29700,29700,29700,0,0,0.0,100.0,1,high,23.99,7,2,none,,59,https://www.musinsa.com/products/2711163
2026-09-02,더블유엠씨,2719867,엠블럼 스웻후드_GREEN,0.0,0,35550,35550,35550,0,0,0.0,100.0,1,high,24.01,6,2,none,,59,https://www.musinsa.com/products/2719867
2026-09-02,아메스 월드와이드,2723323,SIGNATURE LOGO HOODIE GREEN (AM2CFUM401A),0.0,0,23700,23700,23700,0,0,0.0,89.13,0,low,23.99,4,1,none,,59,https://www.musinsa.com/products/2723323
2026-09-02,러브이즈트루,2723643,MZ LOW LISE PANTS(BEIGE),0.0,0,64400,64400,64400,0,0,0.0,100.0,1,high,24.01,6,2,none,,59,https://www.musinsa.com/products/2723643
2026-09-02,인사일런스 우먼,2725691,[CALIK] 로우 웨이스트 와이드 진 ASH GREY,0.0,0,116800,116800,138700,1,-21900,-15.79,100.0,1,medium,24.09,5,2,none,,59,https://www.musinsa.com/products/2725691
2026-09-02,드로우핏,2738299,포멀릭 리브드 모크넥 티셔츠 [CREAM],0.0,0,22000,22000,22000,0,0,0.0,76.65,0,low,23.99,4,1,none,,59,https://www.musinsa.com/products/2738299
2026-09-02,모즈모즈,2742075,솔리드자수 투피스 풀 셋업 브라운,0.0,0,71200,71200,71200,0,0,0.0,64.14,0,low,24.0,4,1,none,,59,https://www.musinsa.com/products/2742075
2026-09-02,키르시,2744635,스몰 체크 크롭 자켓 [브라운],0.0,0,44700,44700,44700,0,0,0.0,100.0,1,high,24.0,5,2,none,,59,https://www.musinsa.com/products/2744635
2026-09-02,쿠어,2748155,오버핏 울 더스터 코트 (블랙),0.0,0,208000,208000,208000,0,0,0.0,64.14,0,low,24.0,4,1,none,,59,https://www.musinsa.com/products/2748155
2026-09-02,모즈모즈,2749179,헤비기모VER 원턱 스웨트 와이드 트레이닝 팬츠 블랙,0.0,0,56900,56900,56900,0,0,0.0,64.14,0,low,24.0,4,1,none,,59,https://www.musinsa.com/products/2749179
2026-09-02,어반드레스,2751739,Balloon Ribbed Cardigan BEIGE,0.0,0,27500,27500,27500,0,0,0.0,100.0,1,high,24.09,5,2,none,,59,https://www.musinsa.com/products/2751739
2026-09-02,제멋,2764283,[SET] 하비스트 기모 후드 셋업 5종 OYHD2393+OYLP2438,0.0,0,74900,74900,74900,0,0,0.0,100.0,1,high,24.09,5,2,none,,59,https://www.musinsa.com/products/2764283
2026-09-02,쿠어,2774651,탑필 캐시 울 카라 가디건 (딥퍼플),0.0,0,124000,124000,124000,0,0,0.0,64.15,0,low,24.0,4,1,none,,59,https://www.musinsa.com/products/2774651
2026-09-02,굿라이프웍스,2793275,카라 케이블 니트 집업 네이비,0.0,0,52360,52360,52360,0,0,0.0,64.15,0,low,24.0,4,1,none,,59,https://www.musinsa.com/products/2793275
2026-09-02,스컬프터,2796475,Blend Knit Maxi Dress Coral,0.0,0,89600,89600,89600,0,0,0.0,100.0,1,high,24.08,5,2,none,,59,https://www.musinsa.com/products/2796475
2026-09-02,스컬프터,2796539,POLARTEC® Fleece Beanie Green,0.0,0,29400,29400,29400,0,0,0.0,100.0,1,high,24.08,5,2,none,,59,https://www.musinsa.com/products/2796539
2026-09-02,아워데이즈,2801467,리버티 스트레이트 데님 팬츠 [5COLORS],0.77,38029,49600,49600,49600,0,0,0.0,76.65,0,low,23.99,9,1,none,,59,https://www.musinsa.com/products/2801467
2026-09-02,트립르센스,2819323,유니섹스 카펜터 컬러 데님 팬츠_PURPLE,0.0,0,42000,42000,42000,0,0,0.0,100.0,1,high,24.01,6,2,none,,59,https://www.musinsa.com/products/2819323
2026-09-02,굿라이프웍스,2827003,투웨이 헤비 골지 카라 니트 집업 아이보리,0.0,0,52500,52500,52500,0,0,0.0,64.15,0,low,24.0,4,1,none,,59,https://www.musinsa.com/products/2827003
2026-09-02,바우프,2879419,B LOGO 볼캡 [블랙],2.37,110710,46750,46750,46750,0,0,0.0,100.0,1,high,9.04,15,7,none,,59,https://www.musinsa.com/products/2879419
2026-09-02,필루미네이트,2913659,오버핏 그래피티 로고 후디-블랙,0.0,0,21900,21900,21900,0,0,0.0,100.0,1,high,24.0,11,5,none,,59,https://www.musinsa.com/products/2913659
2026-09-02,에이이에이이,2929723,Daisy Knit Hoodie - [C. GREY],0.0,0,158180,158180,158180,0,0,0.0,89.14,0,low,23.99,4,1,none,,59,https://www.musinsa.com/products/2929723
2026-09-02,솔트앤초콜릿,2930171,SAC 로고 베이직 셔츠 네이비 4W2237301,0.0,0,33410,33410,33410,0,0,0.0,100.0,1,high,24.08,5,2,none,,59,https://www.musinsa.com/products/2930171
2026-09-02,드헤베,2977467,에센셜 와펜 맨투맨 [WHITE MELANGE],0.0,0,52790,52790,52790,0,0,0.0,76.66,0,low,23.99,4,1,none,,59,https://www.musinsa.com/products/2977467
2026-09-02,코드그라피,3011387,코듀로이 잉크 심볼 바시티 자켓_네이비,0.0,0,90300,90300,90300,0,0,0.0,76.67,0,low,23.99,4,1,none,,59,https://www.musinsa.com/products/3011387
2026-09-02,수아레,3025211,에센셜 라운드 니트 가디건 - 8 COLOR,12.55,500746,39900,39900,39900,0,0,0.0,100.0,1,low,9.0,18,6,none,,59,https://www.musinsa.com/products/3025211
2026-09-02,세컨모놀로그,3028603,Heavyweight Cable Crew Neck Knit [J.GREEN]_COOSKT040J.GREEN,0.0,0,51600,51600,51600,0,0,0.0,100.0,1,high,24.0,5,2,none,,59,https://www.musinsa.com/products/3028603
2026-09-02,아메스 월드와이드,3032251,LEISURE TIME LOGO SWEATSHIRT GREY (AM2DSUM441A),0.0,0,19200,19200,19200,0,0,0.0,89.15,0,low,23.99,4,1,none,,59,https://www.musinsa.com/products/3032251
2026-09-02,가까이 유니언즈,3043387,원턱 와이드 스웨트 조거팬츠 블랙,0.0,0,32900,32900,32900,0,0,0.0,64.16,0,low,24.0,4,1,none,,59,https://www.musinsa.com/products/3043387
2026-09-02,디미트리블랙,3059707,사이드픽스 투턱 세미와이드 팬츠_베이지,0.0,0,40900,40900,40900,0,0,0.0,100.0,1,high,24.0,5,2,none,,59,https://www.musinsa.com/products/3059707
2026-09-02,아웃스탠딩,3060027,OFFICER CHINO PANTS_BLACK,0.5,48584,97200,97200,97200,0,0,0.0,100.0,1,high,23.98,11,4,none,,59,https://www.musinsa.com/products/3060027
2026-09-02,프리즘웍스,3067643,TWILL CARGO BALLOON PANTS _ BLACK,0.0,0,71100,71100,71100,0,0,0.0,100.0,1,high,24.09,5,2,none,,59,https://www.musinsa.com/products/3067643
2026-09-02,넌블랭크,3075963,크로셰 하프 슬리브 칼라 가디건_SKY BLUE,0.0,0,89520,89520,89520,0,0,0.0,100.0,1,high,24.01,6,2,none,,59,https://www.musinsa.com/products/3075963
2026-09-02,시눈,3083323,STRIPE COLOR BLOCK BEANIE (CHERRY),0.0,0,12780,12780,14190,1,-1410,-9.94,64.17,0,low,24.0,4,1,none,,59,https://www.musinsa.com/products/3083323
2026-09-02,파르티멘토,3084475,데님 데미지 클래식 바이커 자켓 블루,0.0,0,60800,60800,60800,0,0,0.0,100.0,1,high,24.0,5,2,none,,59,https://www.musinsa.com/products/3084475
2026-09-02,넌블랭크,3087675,래글런 하프 슬리브 티셔츠_WHITE,0.0,0,55840,55840,55840,0,0,0.0,100.0,1,high,24.01,6,2,none,,59,https://www.musinsa.com/products/3087675
2026-09-02,더블유엠씨,3087739,플라워 스티치 스웻후드_LIGHT GREEN,0.48,15253,31600,31600,31600,0,0,0.0,100.0,1,high,24.01,6,2,none,,59,https://www.musinsa.com/products/3087739
2026-09-02,더블유엠씨,3087995,딥 플리츠 치노팬츠_CHARCOAL GREY,0.0,0,43600,43600,43600,0,0,0.0,100.0,1,high,24.01,6,2,none,,59,https://www.musinsa.com/products/3087995
2026-09-02,인사일런스,3088315,린넨 코튼 니트 후디 DUSTY GREEN,0.0,0,93000,93000,93000,0,0,0.0,100.0,1,high,24.0,5,2,none,,59,https://www.musinsa.com/products/3088315
2026-09-02,링서울,3091131,three button short jacket-gray,0.0,0,144590,144590,144590,0,0,0.0,100.0,1,high,24.01,6,2,none,,59,https://www.musinsa.com/products/3091131
2026-09-02,아틀리에 나인,3100859,다잉 셋업 크롭 컬러 데님 자켓(JK-2801),0.0,0,95920,95920,95920,0,0,0.0,64.18,0,low,24.0,4,1,none,,59,https://www.musinsa.com/products/3100859
2026-09-02,어반드레스,3109051,emma short sleeve tweed jacket - 2COL,0.0,0,18370,18370,18370,0,0,0.0,1.71,0,low,4.72,7,1,none,,59,https://www.musinsa.com/products/3109051
2026-09-02,아틀리에 나인,3113531,무드 셋업 스트랩 크롭 자켓(JK-2830),0.0,0,131120,131120,131120,0,0,0.0,64.19,0,low,24.0,4,1,none,,59,https://www.musinsa.com/products/3113531
2026-09-02,스컬프터,3118971,Defiance Tee White,0.0,0,29400,29400,29400,0,0,0.0,100.0,1,high,24.08,5,2,none,,59,https://www.musinsa.com/products/3118971
2026-09-02,와이케이,3121339,빅 돌핀 로고 스트라이프 크루넥 니트 옐로우,0.0,0,51350,51350,51350,0,0,0.0,100.0,1,high,24.01,6,2,none,,59,https://www.musinsa.com/products/3121339
2026-09-02,프리즘웍스,3124283,STRIPE OVERSIZED RELAX TEE 002 _ IVORY,0.0,0,29000,29000,29000,0,0,0.0,100.0,1,high,24.09,5,2,none,,59,https://www.musinsa.com/products/3124283
2026-09-02,파르티멘토 우먼,3138107,퍼프 슬리브 맥시 드레스_브라운,0.0,0,72090,72090,72090,0,0,0.0,89.16,0,low,23.99,4,1,none,,59,https://www.musinsa.com/products/3138107
2026-09-02,나인제트,3139835,코튼 원턱 버뮤다 팬츠 25SPT03,0.0,0,49000,49000,49000,0,0,0.0,89.16,0,low,23.99,4,1,none,,59,https://www.musinsa.com/products/3139835
2026-09-02,커버낫,3153211,코튼 후디 자켓 라이트 그레이,0.0,0,74500,74500,74500,0,0,0.0,100.0,1,high,24.0,5,2,none,,59,https://www.musinsa.com/products/3153211
2026-09-02,프렌다,3166075,DISTORTED PRINT DENIM SHORTS BLUE,0.0,0,39500,39500,39500,0,0,0.0,100.0,1,high,24.09,5,2,none,,59,https://www.musinsa.com/products/3166075
2026-09-02,고스트리퍼블릭,3169979,GRBC 스몰 시그니처 오버핏 반팔티 GT-337,7.19,88405,12300,12300,12300,0,0,0.0,100.0,1,high,9.04,11,7,none,,59,https://www.musinsa.com/products/3169979
2026-09-02,어반드레스,3173755,Straight Span Denim Pants - 2COL,0.0,0,27770,27770,27770,0,0,0.0,100.0,1,high,24.09,5,2,none,,59,https://www.musinsa.com/products/3173755
2026-09-02,드로우핏,3175675,[오정규X드로우핏] 린넨 원턱 와이드 밴딩 팬츠 [5COLORS],0.0,0,39600,39600,39600,0,0,0.0,76.69,0,low,23.99,4,1,none,,59,https://www.musinsa.com/products/3175675
2026-09-02,트래블,3182395,스피디 로고 반팔티 블랙,0.0,0,25900,25900,25900,0,0,0.0,100.0,1,high,24.09,5,2,none,,59,https://www.musinsa.com/products/3182395
2026-09-02,에이이에이이,3185979,WEB LOGO 5 PANNEL BALL CAP - [GREEN],0.0,0,41900,41900,41900,0,0,0.0,89.16,0,low,23.99,4,1,none,,59,https://www.musinsa.com/products/3185979
2026-09-02,1993스튜디오,3188283,어센틱 아치 로고 티셔츠_화이트,0.0,0,35100,35100,35100,0,0,0.0,100.0,1,high,24.0,5,2,none,,59,https://www.musinsa.com/products/3188283
2026-09-02,커버낫,3195323,브이넥 니트 베스트 그린,0.0,0,31600,31600,31600,0,0,0.0,100.0,1,high,24.0,5,2,none,,59,https://www.musinsa.com/products/3195323
2026-09-02,어반드레스,3224187,Ava line shirt - 4COL,0.0,0,29900,29900,29900,0,0,0.0,100.0,1,high,24.09,5,2,none,,59,https://www.musinsa.com/products/3224187
2026-09-02,제멋,3226683,보이클럽 오버핏 반팔티셔츠 4종 올리브 SOST2481,0.0,0,27900,27900,27900,0,0,0.0,100.0,1,high,24.09,5,2,none,,59,https://www.musinsa.com/products/3226683
2026-09-02,꼼파뇨,3229243,Wild Cat 자수 반팔티 화이트,0.0,0,27510,27510,27510,0,0,0.0,89.17,0,low,23.99,4,1,none,,59,https://www.musinsa.com/products/3229243
2026-09-02,커스텀어클락,3254011,[2PACK] 쿨 린넨라이크 숏 슬리브 니트 COOSKT009KT010,0.39,6643,16920,16920,16920,0,0,0.0,100.0,1,low,24.0,4,2,none,,59,https://www.musinsa.com/products/3254011
2026-09-02,드로우핏,3255739,케이블 반팔 라운드 니트 [OLIVE],0.0,0,39600,39600,39600,0,0,0.0,76.7,0,low,23.99,4,1,none,,59,https://www.musinsa.com/products/3255739
2026-09-02,제멋,3257723,링크 투턱 카고 숏팬츠 5종 다크그레이 KJSP2484,0.0,0,28900,28900,28900,0,0,0.0,100.0,1,high,24.09,5,2,none,,59,https://www.musinsa.com/products/3257723
2026-09-02,아워데이즈,3260027,쿨 썸머 린넨 버뮤다 하프 데님 팬츠 [GRAYISH BLACK],0.0,0,44800,44800,44800,0,0,0.0,76.71,0,low,23.99,4,1,none,,59,https://www.musinsa.com/products/3260027
2026-09-02,아워데이즈,3260091,쿨 린넨 라이크 스트레이트 데님 [LIGHT BLUE],0.0,0,49600,49600,49600,0,0,0.0,76.71,0,low,23.99,4,1,none,,59,https://www.musinsa.com/products/3260091
2026-09-02,제멋,3262331,워시드 와이드 벌룬 밴딩팬츠 7종 카키 OYLP2496,0.0,0,37900,37900,37900,0,0,0.0,100.0,1,high,24.09,5,2,none,,59,https://www.musinsa.com/products/3262331
2026-09-02,알리스,3263675,에센셜 하프 집업 스트링 반팔 셔츠 [블랙],0.0,0,58800,58800,58800,0,0,0.0,89.17,0,low,23.99,4,1,none,,59,https://www.musinsa.com/products/3263675
2026-09-02,후러브스아트,3267771,유니섹스 에센셜 와이드 밴딩 슬랙스 라이트 그레이,0.0,0,33600,33600,19900,1,13700,68.84,100.0,1,medium,24.01,6,2,none,,59,https://www.musinsa.com/products/3267771
2026-09-02,웬즈데이오아시스,3268283,스톤카고포켓밴딩쇼츠(4col),5.82,179115,30800,30800,30800,0,0,0.0,100.0,1,high,24.09,13,4,none,,59,https://www.musinsa.com/products/3268283
2026-09-02,프리즘웍스,3285947,NYLON RIPSTOP PARACHUTE PANTS _ SAGE GREEN,0.0,0,44500,44500,44500,0,0,0.0,100.0,1,high,24.09,5,2,none,,59,https://www.musinsa.com/products/3285947
2026-09-02,론론,3289339,DOUBLE RIBBON SLIM CROP T SHIRT WHITE PINK,1.0,44514,44550,44550,44550,0,0,0.0,100.0,1,high,24.09,5,2,none,,59,https://www.musinsa.com/products/3289339
2026-09-02,아캄,3297787,Distressed Denim Pants (Sand Blue),0.0,0,118300,118300,118300,0,0,0.0,64.2,0,low,23.99,4,1,none,,59,https://www.musinsa.com/products/3297787
2026-09-02,론론,3299451,RIBBON POINT SOCKS WHITE,0.0,0,15390,15390,15390,0,0,0.0,100.0,1,high,24.09,5,2,none,,59,https://www.musinsa.com/products/3299451
2026-09-02,아틀리에 나인,3302523,스트레치 슬림 스트레이트 팬츠(PT-5416),0.0,0,34500,34500,34500,0,0,0.0,64.2,0,low,23.99,4,1,none,,59,https://www.musinsa.com/products/3302523
2026-09-02,러브이즈트루,3306043,PY LUV TEE(BLACK),0.48,15157,31420,31420,31420,0,0,0.0,100.0,1,high,24.01,6,2,none,,59,https://www.musinsa.com/products/3306043
2026-09-02,썸웨어버터,3326267,demi baguette bag - butter cream,0.0,0,87200,87200,87200,0,0,0.0,100.0,1,high,24.01,6,2,none,,59,https://www.musinsa.com/products/3326267
2026-09-02,썸웨어버터,3328315,mini baguette bag - black,0.0,0,68400,68400,68400,0,0,0.0,100.0,1,high,24.01,6,2,none,,59,https://www.musinsa.com/products/3328315
2026-09-02,제멋,3348283,샌디 와이드 워크팬츠 6종 베이지 SOLP2517,0.0,0,41900,41900,41900,0,0,0.0,100.0,1,high,24.09,5,2,none,,59,https://www.musinsa.com/products/3348283
2026-09-02,꼼파뇨,3393467,버뮤다 쓰리턱 벌룬 스웨트팬츠 블랙,0.0,0,32460,32460,32460,0,0,0.0,89.19,0,low,23.99,4,1,none,,59,https://www.musinsa.com/products/3393467
2026-09-02,글로니,3393595,EVERYDAY G SOCKS 2.0 (GRAY),0.0,0,12150,12150,12150,0,0,0.0,100.0,1,high,24.09,5,2,none,,59,https://www.musinsa.com/products/3393595
2026-09-02,엘무드,3406203,오디너리 크롭 가디건 ( 3 COLOR ),0.0,0,85410,85410,85410,0,0,0.0,60.73,0,low,23.99,5,1,none,,59,https://www.musinsa.com/products/3406203
2026-09-02,키뮤어,3434427,그리너리 러그_옐로우,0.0,0,37800,37800,37800,0,0,0.0,100.0,1,high,24.09,5,2,none,,59,https://www.musinsa.com/products/3434427
2026-09-02,제너럴아이디어,3434619,GNRL 에센셜 가디건 [BLACK] / WBD3L04503,2.06,70281,34148,35200,30800,1,4400,14.29,100.0,1,medium,10.23,17,8,none,,59,https://www.musinsa.com/products/3434619
2026-09-02,레더리,3435323,코듀로이 바시티 테디 자켓 [BLACK],0.0,0,54720,54720,54720,0,0,0.0,89.19,0,low,23.99,4,1,none,,59,https://www.musinsa.com/products/3435323
2026-09-02,아틀리에 나인,3436539,유틸리티 웨이스트 셔츠 원피스(OP-6090),0.0,0,134100,134100,134100,0,0,0.0,64.21,0,low,23.99,4,1,none,,59,https://www.musinsa.com/products/3436539
2026-09-02,미나브,3436667,와이드 코팅 바이커 데님팬츠 [블랙],0.0,0,53100,53100,53100,0,0,0.0,100.0,1,high,24.09,5,2,none,,59,https://www.musinsa.com/products/3436667
2026-09-02,미나브,3436795,스톤워싱 데님 셔츠 자켓 [러스티블루],0.0,0,44100,44100,44100,0,0,0.0,100.0,1,high,24.09,5,2,none,,59,https://www.musinsa.com/products/3436795
2026-09-02,코드그라피,3438715,CGP 아치 로고 맨투맨_인디핑크,0.0,0,41300,41300,41300,0,0,0.0,76.72,0,low,23.99,4,1,none,,59,https://www.musinsa.com/products/3438715
2026-09-02,커스텀어클락,3440443,[2PACK](기모)프렌치메리골드 스웻셔츠 후드 SET 20 COLOR,0.0,0,59000,59000,59000,0,0,0.0,100.0,1,high,24.0,5,2,none,,59,https://www.musinsa.com/products/3440443
2026-09-02,더뮤지엄비지터,3461627,FOREVER ART PRINTED CURVED ZIPPER WINDBREAKER (ORANGE),0.0,0,138400,138400,138400,0,0,0.0,100.0,1,high,24.08,5,2,none,,59,https://www.musinsa.com/products/3461627
2026-09-02,인사일런스 우먼,3466107,나일론 유틸리티 팬츠 LIGHT GREY,0.0,0,89400,89400,104300,1,-14900,-14.29,100.0,1,medium,24.09,5,2,none,,59,https://www.musinsa.com/products/3466107
2026-09-02,에이지오디,3467067,와이드 데님 팬츠 [생지],1.0,25262,25280,25280,25280,0,0,0.0,100.0,1,high,24.09,5,2,none,,59,https://www.musinsa.com/products/3467067
2026-09-02,커버낫,3469435,C 로고 하프 집업 맨투맨 블루,0.0,0,55300,55300,55300,0,0,0.0,100.0,1,high,24.0,5,2,none,,59,https://www.musinsa.com/products/3469435
2026-09-02,러브이즈트루,3469563,CH LAZY ZIP UP(BLACK),0.0,0,53300,53300,53300,0,0,0.0,100.0,1,high,24.01,6,2,none,,59,https://www.musinsa.com/products/3469563
2026-09-02,가까이 유니언즈,3479867,미스처버스 투웨이 후드집업 블랙,0.0,0,47990,47990,47990,0,0,0.0,64.22,0,low,23.99,4,1,none,,59,https://www.musinsa.com/products/3479867
2026-09-02,로템버,3484731,헤링본 트윌 하이넥 자켓 [BLACK],0.0,0,162450,162450,162450,0,0,0.0,100.0,1,high,24.09,5,2,none,,59,https://www.musinsa.com/products/3484731
2026-09-02,드로우핏 우먼,3485947,버튼 트위드 자켓 [BUTTER],0.0,0,117810,117810,149600,1,-31790,-21.25,100.0,1,medium,24.09,5,2,none,,59,https://www.musinsa.com/products/3485947
2026-09-02,스컬프터,3488123,Flight Pants Sage,0.0,0,117040,117040,117040,0,0,0.0,100.0,1,high,24.08,5,2,none,,59,https://www.musinsa.com/products/3488123
2026-09-02,드로우핏,3489531,유주얼 세미 와이드 데님 팬츠 [BLACK],10.1,600130,59400,59400,59400,0,0,0.0,100.0,1,high,9.04,18,7,none,,59,https://www.musinsa.com/products/3489531
2026-09-02,파브레가,3492411,스모키 사이드 패널 데님 팬츠,0.0,0,97200,97200,97200,0,0,0.0,76.73,0,low,23.99,4,1,none,,59,https://www.musinsa.com/products/3492411
2026-09-02,데케트,3495035,Mid Rise Wide Jeans DCPT027YLBlack,2.68,116172,43400,43400,43400,0,0,0.0,100.0,1,high,23.99,7,2,none,,59,https://www.musinsa.com/products/3495035
2026-09-02,와이케이,3505915,컬러블록 89 로고 후드티셔츠 네이비,0.0,0,59250,59250,59250,0,0,0.0,100.0,1,high,24.01,6,2,none,,59,https://www.musinsa.com/products/3505915
2026-09-02,어나더 오피스,3510971,[AW] Santiago Slacks (Black),2.95,513972,174000,174000,174000,0,0,0.0,100.0,1,low,48.09,6,2,none,,59,https://www.musinsa.com/products/3510971
2026-09-02,어반드레스,3511035,Titi Cable Knit Cardigan - 7COL,0.98,25524,26000,26000,26000,0,0,0.0,100.0,1,high,24.09,5,2,none,,59,https://www.musinsa.com/products/3511035
2026-09-02,브라운야드,3511739,"W 스쿱넥 롱 슬리브, 베이지",0.0,0,41300,41300,41300,0,0,0.0,100.0,1,high,24.01,6,2,none,,59,https://www.musinsa.com/products/3511739
2026-09-02,르바,3512827,Multi-Boucle V-Neck Knit - Charcoal,0.0,0,125100,125100,125100,0,0,0.0,76.74,0,low,24.0,4,1,none,,59,https://www.musinsa.com/products/3512827
2026-09-02,몰든,3514363,퍼포먼스 소프트 레깅스,0.0,0,31600,31600,31600,0,0,0.0,100.0,1,high,24.09,5,2,none,,59,https://www.musinsa.com/products/3514363
2026-09-02,락피쉬웨더웨어,3527931,PUFF LEG WARMER - 5color,0.0,0,37800,37800,37800,0,0,0.0,76.74,0,low,23.99,4,1,none,,59,https://www.musinsa.com/products/3527931
2026-09-02,코드그라피,3540667,레이싱 배색 나일론 점퍼_퍼플,0.0,0,90300,90300,90300,0,0,0.0,76.75,0,low,24.0,4,1,none,,59,https://www.musinsa.com/products/3540667
2026-09-02,더뮤지엄비지터,3544315,CUBIC LOGO STITCHED ESSENTIAL HOODY (GREY),0.0,0,69600,69600,69600,0,0,0.0,100.0,1,high,24.08,5,2,none,,59,https://www.musinsa.com/products/3544315
2026-09-02,링서울,3546363,handmade cashmere coat-brown,0.48,123750,256770,256770,256770,0,0,0.0,100.0,1,high,24.01,6,2,none,,59,https://www.musinsa.com/products/3546363
2026-09-02,쿠어,3553915,카센티노 링클 봄버 점퍼 (블랙),0.0,0,244000,244000,244000,0,0,0.0,64.24,0,low,23.99,4,1,none,,59,https://www.musinsa.com/products/3553915
2026-09-02,더니트컴퍼니,3556539,브러쉬 워시드 패널 데님 팬츠 [미드블루],0.0,0,53600,53600,53600,0,0,0.0,76.75,0,low,23.99,4,1,none,,59,https://www.musinsa.com/products/3556539
2026-09-02,엑스트라오디너리,3560443,ACID WASHED POCKET SHIRT BEIGE,0.0,0,89500,89500,89500,0,0,0.0,89.22,0,low,24.0,4,1,none,,59,https://www.musinsa.com/products/3560443
2026-09-02,어반드레스,3575483,Simon Side-color Pants BLACK,0.98,41959,42750,42750,42750,0,0,0.0,100.0,1,high,24.09,5,2,none,,59,https://www.musinsa.com/products/3575483
2026-09-02,더바이닐하우스,3585147,LIFE IS HARD FULL ZIP SWEATSHIRT BLUE (VH2DFUM482A),0.0,0,74500,74500,74500,0,0,0.0,100.0,1,high,24.0,5,2,none,,59,https://www.musinsa.com/products/3585147
2026-09-02,알리스,3591547,나일론 오블리크 호보 크로스백 [블랙],0.89,47004,52670,52670,52670,0,0,0.0,89.23,0,low,24.0,8,1,none,,59,https://www.musinsa.com/products/3591547
2026-09-02,어반드레스,3599355,Isabel Layered Knit IVORY,0.0,0,29000,29000,29000,0,0,0.0,100.0,1,high,24.09,5,2,none,,59,https://www.musinsa.com/products/3599355
2026-09-02,어반드레스,3599483,Jaya Crop Jacket CHARCOAL,0.0,0,63000,63000,63000,0,0,0.0,100.0,1,high,24.09,5,2,none,,59,https://www.musinsa.com/products/3599483
2026-09-02,론론,3600315,ALPACA CAT KEYRING PINK,0.0,0,36960,36960,36960,0,0,0.0,100.0,1,high,24.09,5,2,none,,59,https://www.musinsa.com/products/3600315
2026-09-02,시눈,3603387,PINTUCK RIBBON BLOUSE (BLACK),0.0,0,55840,55840,62040,1,-6200,-9.99,64.25,0,low,23.99,4,1,none,,59,https://www.musinsa.com/products/3603387
2026-09-02,어반드레스,3612155,Siberia Duck Shiny Crop Padding BLUE,0.0,0,94000,94000,94000,0,0,0.0,100.0,1,high,24.09,5,2,none,,59,https://www.musinsa.com/products/3612155
2026-09-02,프렌다,3614203,COLOR WASH POCKET DENIM SKIRT  DARK BROWN,0.0,0,54500,54500,54500,0,0,0.0,100.0,1,high,24.09,5,2,none,,59,https://www.musinsa.com/products/3614203
2026-09-02,유라고,3624443,Jacquard hoodie cardigan,0.64,56174,87400,87400,87400,0,0,0.0,64.26,0,low,23.99,4,1,none,,59,https://www.musinsa.com/products/3624443
2026-09-02,트릴리온,3637243,울 엘보우 패치 2WAY 해링턴 자켓 (BLACK),0.0,0,87000,87000,87000,0,0,0.0,89.23,0,low,24.0,4,1,none,,59,https://www.musinsa.com/products/3637243
2026-09-02,더바이닐하우스,3637755,MOHAIR STRIPED SCARF GREEN (VH2DFUAB70A),0.0,0,51600,51600,45150,1,6450,14.29,100.0,1,medium,24.0,5,2,none,,59,https://www.musinsa.com/products/3637755
2026-09-02,트리밍버드,3639547,2-way Strap Knit [ Black ],0.0,0,159000,159000,159000,0,0,0.0,100.0,1,high,24.09,5,2,none,,59,https://www.musinsa.com/products/3639547
2026-09-02,트릴리온,3640763,빈티지 워싱 오버핏 데님 셔츠 (DEEP BLUE),0.0,0,27990,27990,27990,0,0,0.0,89.23,0,low,24.0,4,1,none,,59,https://www.musinsa.com/products/3640763
2026-09-02,테이크이지,3647611,피더 루즈 크루넥 니트 - 3 COLOR,0.0,0,24900,24900,39500,1,-14600,-36.96,100.0,1,medium,24.0,5,2,none,,59,https://www.musinsa.com/products/3647611
2026-09-02,아틀리에 나인,3648443,셀리나 헤비 코튼 기모 팬츠(PT-5470),0.0,0,71100,71100,71100,0,0,0.0,64.26,0,low,23.99,4,1,none,,59,https://www.musinsa.com/products/3648443
2026-09-02,플랙,3661819,코듀로이 셔켓 L90 린스드 차콜,0.0,0,79000,79000,79000,0,0,0.0,100.0,1,high,24.0,5,2,none,,59,https://www.musinsa.com/products/3661819
2026-09-02,파브레가,3664059,빈티지 스크레치 크롭 무스탕 (다크 브라운),0.0,0,239400,239400,239400,0,0,0.0,76.77,0,low,24.0,4,1,none,,59,https://www.musinsa.com/products/3664059
2026-09-02,어반드레스,3667835,[SET] Modern Single Blazer & Onetuck Wide Slacks - 4COL,0.0,0,147750,147750,147750,0,0,0.0,100.0,1,high,24.09,5,2,none,,59,https://www.musinsa.com/products/3667835
2026-09-02,브라운야드,3680571,"23FW 밀리터리 필드 팬츠, 블랙",0.0,0,152600,152600,152600,0,0,0.0,100.0,1,high,24.01,6,2,none,,59,https://www.musinsa.com/products/3680571
2026-09-02,브라운야드,3680955,"23FW 퍼티그 팬츠, 올리브",0.0,0,131600,131600,131600,0,0,0.0,100.0,1,high,24.01,6,2,none,,59,https://www.musinsa.com/products/3680955
2026-09-02,꼼파뇨,3697531,[2-WAY] CP STAR 피그먼트 후드 집업 스모크블랙,0.0,0,50610,50610,50610,0,0,0.0,89.24,0,low,23.99,4,1,none,,59,https://www.musinsa.com/products/3697531
2026-09-02,제멋,3711803,아크 롤링 오버핏 기모 후드 5종 브라운 SOHD2469,0.0,0,43900,43900,43900,0,0,0.0,100.0,1,high,24.09,5,2,none,,59,https://www.musinsa.com/products/3711803
2026-09-02,어나더 오피스,3715707,Fisherman cable Knit (Heather Gray),0.0,0,118400,118400,118400,0,0,0.0,100.0,1,high,24.09,5,2,none,,59,https://www.musinsa.com/products/3715707
2026-09-02,유라고,3720635,Mont banding wide pants,0.0,0,63080,63080,63080,0,0,0.0,64.27,0,low,23.99,4,1,none,,59,https://www.musinsa.com/products/3720635
2026-09-02,유니온블루,3726843,LAUNDRY SHIRT (KHAKI GRAY),0.28,14211,50220,50220,50220,0,0,0.0,100.0,1,high,24.08,5,2,none,,59,https://www.musinsa.com/products/3726843
2026-09-02,배드블러드,3734843,Pure 레이스 트림 조거 - 블랙,0.98,113905,116100,116100,116100,0,0,0.0,100.0,1,high,24.02,8,2,none,,59,https://www.musinsa.com/products/3734843
2026-09-02,와이케이,3736891,산타와 말티즈 슬레이 맨투맨 멜란지화이트,0.0,0,46800,46800,46800,0,0,0.0,100.0,1,high,24.01,6,2,none,,59,https://www.musinsa.com/products/3736891
2026-09-02,제멋,3738875,아웃라인 오버핏 기모 후드 5종 네이비 OYHD2537,0.0,0,42900,42900,42900,0,0,0.0,100.0,1,high,24.09,5,2,none,,59,https://www.musinsa.com/products/3738875
2026-09-02,로제프란츠,3752571,Wide Long Muffler [Black],0.0,0,26880,26880,26880,0,0,0.0,76.77,0,low,24.0,4,1,none,,59,https://www.musinsa.com/products/3752571
2026-09-02,비터셀즈,3767483,릴리 오버핏 셔츠-화이트,0.0,0,43200,43200,43200,0,0,0.0,89.24,0,low,24.0,8,1,none,,59,https://www.musinsa.com/products/3767483
2026-09-02,커버낫,3773883,데미지 하프 집업 맨투맨 오트밀,0.0,0,49500,49500,49500,0,0,0.0,100.0,1,high,24.0,5,2,none,,59,https://www.musinsa.com/products/3773883
2026-09-02,드로우핏 우먼,3783611,칼프 리본 세미부츠컷 진 [LIGHT BLUE],0.0,0,51840,51840,64800,1,-12960,-20.0,100.0,1,medium,24.09,5,2,none,,59,https://www.musinsa.com/products/3783611
2026-09-02,코드그라피,3788603,스포티 오버핏 레이싱 후디_블루,0.0,0,55300,55300,55300,0,0,0.0,76.78,0,low,24.0,4,1,none,,59,https://www.musinsa.com/products/3788603
2026-09-02,코드그라피,3790779,UTILITY FUNCTION 오버핏 맨투맨_그린,0.0,0,41300,41300,41300,0,0,0.0,76.78,0,low,24.0,4,1,none,,59,https://www.musinsa.com/products/3790779
2026-09-02,니티드,3797819,그래픽 롱 슬리브 티셔츠 WHITE,0.0,0,25020,25020,25020,0,0,0.0,76.79,0,low,24.0,4,1,none,,59,https://www.musinsa.com/products/3797819
2026-09-02,커버낫,3801019,라이트 어센틱 볼캡 블랙,0.39,7677,19500,19500,19500,0,0,0.0,100.0,1,high,24.0,5,2,none,,59,https://www.musinsa.com/products/3801019
2026-09-02,커버낫,3801211,플로우 로고 후디 네이비,0.39,19292,49000,49000,49000,0,0,0.0,100.0,1,high,24.0,5,2,none,,59,https://www.musinsa.com/products/3801211
2026-09-02,스컬프터,3801531,Word Of Wisdom Sweatshirt Dusty Lemon,0.0,0,41440,41440,41440,0,0,0.0,100.0,1,high,24.08,5,2,none,,59,https://www.musinsa.com/products/3801531
2026-09-02,코드그라피,3804283,(우먼) 크롭 배색 카라 집업_인디핑크,0.0,0,31600,31600,31600,0,0,0.0,76.8,0,low,24.0,4,1,none,,59,https://www.musinsa.com/products/3804283
2026-09-02,로템버,3807867,프렌치 옴브레 체크 셔츠 [RED],0.0,0,44160,44160,44160,0,0,0.0,100.0,1,high,24.09,5,2,none,,59,https://www.musinsa.com/products/3807867
2026-09-02,세터,3816379,에트나 라운지 스트레이트 스웨트팬츠 클래식 블랙,0.0,0,139000,139000,139000,0,0,0.0,64.28,0,low,23.99,4,1,none,,59,https://www.musinsa.com/products/3816379
2026-09-02,노매뉴얼,3816571,NYLON FLIGHT JACKET - SAND KHAKI,0.0,0,107400,107400,107400,0,0,0.0,89.27,0,low,24.0,4,1,none,,59,https://www.musinsa.com/products/3816571
2026-09-02,필루미네이트,3816827,레이싱 스피릿 래글런 후디-네이비,0.0,0,35000,35000,35000,0,0,0.0,100.0,1,high,24.01,6,2,none,,59,https://www.musinsa.com/products/3816827
2026-09-02,필루미네이트,3816955,스포츠 블럭 롱 슬리브-오렌지,0.0,0,23000,23000,23000,0,0,0.0,100.0,1,high,24.01,6,2,none,,59,https://www.musinsa.com/products/3816955
2026-09-02,플랙,3825339,빈티지 플레어 데님팬츠 K07 미드블루,0.0,0,89000,89000,89000,0,0,0.0,100.0,1,high,24.0,5,2,none,,59,https://www.musinsa.com/products/3825339
2026-09-02,시눈,3828987,FLOWER PATTERN SLEEVELESS (BLACK),0.0,0,41840,41840,46480,1,-4640,-9.98,64.29,0,low,23.99,4,1,none,,59,https://www.musinsa.com/products/3828987
2026-09-02,미나브,3830395,버티컬 데님 초어 자켓 [그라파이트],0.0,0,79200,79200,79200,0,0,0.0,100.0,1,high,24.09,5,2,none,,59,https://www.musinsa.com/products/3830395
2026-09-02,아이돈워너셀,3830459,Swift Symbol Patch Key Ring,0.0,0,31200,31200,31200,0,0,0.0,100.0,1,high,24.0,5,2,none,,59,https://www.musinsa.com/products/3830459
2026-09-02,데꼬로소,3830715,테일러 오버핏 와이드 셋업 자켓 [차콜],0.0,0,149500,149500,149500,0,0,0.0,100.0,1,high,24.01,6,2,none,,59,https://www.musinsa.com/products/3830715
2026-09-02,키르시,3833851,위티버니 럭비 플레이어 그래픽 맨투맨 [화이트],0.0,0,39500,39500,39500,0,0,0.0,100.0,1,high,24.0,5,2,none,,59,https://www.musinsa.com/products/3833851
2026-09-02,본투윈,3837243,B SYMBOL BIG LOGO BALL CAP [CAMO],5.48,246813,45000,45000,45000,0,0,0.0,100.0,1,high,10.21,20,8,none,,59,https://www.musinsa.com/products/3837243
2026-09-02,노이어,3838651,헤비 코튼 오버핏 티셔츠 (카키),0.0,0,27000,27000,27000,0,0,0.0,100.0,1,high,24.09,5,2,none,,59,https://www.musinsa.com/products/3838651
2026-09-02,유니폼브릿지,3840763,552nd sqdn. sweatshirt 8% melange,0.0,0,25510,25510,25510,0,0,0.0,100.0,1,high,24.08,5,2,none,,59,https://www.musinsa.com/products/3840763
2026-09-02,낫포너드,3840891,TR 3 Tuck Balloon Pants - Black,0.77,35605,46350,46350,46350,0,0,0.0,76.8,0,low,24.0,4,1,none,,59,https://www.musinsa.com/products/3840891
2026-09-02,로제프란츠,3843515,Tweed Wool Jacket [Charcoal],0.0,0,91200,91200,91200,0,0,0.0,76.81,0,low,24.0,4,1,none,,59,https://www.musinsa.com/products/3843515
2026-09-02,와이케이,3846459,2-WAY 롤업 마린 버킷햇 화이트,0.0,0,23600,23600,23600,0,0,0.0,100.0,1,high,24.01,6,2,none,,59,https://www.musinsa.com/products/3846459
2026-09-02,엑스트라오디너리,3851323,WOMEN SHIWA WASHING DENIM PANTS  L/BLUE,0.0,0,81950,81950,81950,0,0,0.0,89.28,0,low,24.0,4,1,none,,59,https://www.musinsa.com/products/3851323
2026-09-02,로제프란츠,3851771,Camelia bolero set [Black],0.0,0,34720,34720,34720,0,0,0.0,76.81,0,low,24.0,4,1,none,,59,https://www.musinsa.com/products/3851771
2026-09-02,나이스고스트클럽,3857595,FFATS POPLIN SHIRT_BLUE(NG2ESUW300A),0.0,0,69660,69660,69660,0,0,0.0,100.0,1,high,24.01,6,2,none,,59,https://www.musinsa.com/products/3857595
2026-09-02,카네이테이,3861051,AIRPODS CASE (BLACK) / UPCYCLED,0.0,0,29000,29000,29000,0,0,0.0,100.0,1,high,24.08,5,2,none,,59,https://www.musinsa.com/products/3861051
2026-09-02,카네이테이,3861819,CAMEL ZIP AROUND WALLET (BEIGE) / UPCYCLED,0.0,0,82850,82850,82850,0,0,0.0,100.0,1,high,24.08,5,2,none,,59,https://www.musinsa.com/products/3861819
2026-09-02,디스이즈네버댓,3863995,Surfing Skull Hoodie Purple Blue,0.0,0,43600,43600,43600,0,0,0.0,100.0,1,high,24.0,5,2,none,,59,https://www.musinsa.com/products/3863995
2026-09-02,커버낫,3864379,아치 로고 티셔츠 네이비,0.0,0,24750,24750,24750,0,0,0.0,100.0,1,high,24.0,5,2,none,,59,https://www.musinsa.com/products/3864379
2026-09-02,프리즘웍스,3870139,OG DOUBLE RIB OVERSIZED TEE _ PURPLE,0.0,0,28800,28800,28800,0,0,0.0,100.0,1,high,24.09,5,2,none,,59,https://www.musinsa.com/products/3870139
2026-09-02,르바,3870907,Tucking Reversible Knit Cardigan - Light Blue,0.0,0,197650,197650,197650,0,0,0.0,76.82,0,low,24.0,4,1,none,,59,https://www.musinsa.com/products/3870907
2026-09-02,쿠어,3871483,코튼 피그먼트 다잉 카고 팬츠 (워시드차콜그레이),0.0,0,153000,153000,153000,0,0,0.0,64.31,0,low,23.99,4,1,none,,59,https://www.musinsa.com/products/3871483
2026-09-02,쿠어,3871739,엑스트라 파인 메리노 울 카라 니트 (그레이시더스티그린),0.0,0,128000,128000,128000,0,0,0.0,64.31,0,low,23.99,4,1,none,,59,https://www.musinsa.com/products/3871739
2026-09-02,쿠어,3871867,커팅 디테일 다잉 크루넥 니트 (워시드그린),0.0,0,140000,140000,140000,0,0,0.0,64.31,0,low,23.99,4,1,none,,59,https://www.musinsa.com/products/3871867
2026-09-02,어나더 오피스,3871995,Scape Knit Polo Cardigan (Black),0.0,0,133200,133200,133200,0,0,0.0,100.0,1,high,24.09,5,2,none,,59,https://www.musinsa.com/products/3871995
2026-09-02,세터,3874747,루고 아플리케 리벳 후드 블랙,0.0,0,149000,149000,149000,0,0,0.0,64.31,0,low,23.99,4,1,none,,59,https://www.musinsa.com/products/3874747
2026-09-02,키르시,3874939,아가일 패턴 쇼츠 슬리브 니트 [아이보리],0.0,0,39500,39500,39500,0,0,0.0,100.0,1,high,24.0,5,2,none,,59,https://www.musinsa.com/products/3874939
2026-09-02,프렌다,3875643,DESTROYED WIDE DENIM PANTS WASHED BLUE,0.0,0,39500,39500,39500,0,0,0.0,100.0,1,high,24.09,5,2,none,,59,https://www.musinsa.com/products/3875643
2026-09-02,모즈모즈,3877051,레글런 피그먼트 컷오프 긴팔티셔츠 블루,0.0,0,33800,33800,33800,0,0,0.0,64.31,0,low,23.99,4,1,none,,59,https://www.musinsa.com/products/3877051
2026-09-02,썬러브투어,3887739,Active Half Zip Woven Polo Khaki,0.0,0,78840,78840,87600,1,-8760,-10.0,100.0,1,medium,24.09,5,2,none,,59,https://www.musinsa.com/products/3887739
2026-09-02,더니트컴퍼니,3890811,블리치 워시드 레귤러 핏 데님 팬츠 [아이스블루],0.0,0,27960,27960,27960,0,0,0.0,76.83,0,low,24.0,4,1,none,,59,https://www.musinsa.com/products/3890811
2026-09-02,트립르센스,3892411,[유튜버 PICK] 오드 스트라이프 울 타이_네이비,1.0,32797,32800,32800,32800,0,0,0.0,100.0,1,high,24.01,6,2,none,,59,https://www.musinsa.com/products/3892411
2026-09-02,아틀리에 나인,3901179,LEAF POCKET SHACKET(BL-4190),0.0,0,85500,85500,85500,0,0,0.0,64.31,0,low,23.99,4,1,none,,59,https://www.musinsa.com/products/3901179
2026-09-02,어반드레스,3901947,Piping Crop Hood Zip-up - 2COL,0.0,0,43500,43500,43500,0,0,0.0,100.0,1,high,24.09,5,2,none,,59,https://www.musinsa.com/products/3901947
2026-09-02,디스이즈네버댓,3903803,Climbing Pant Blue,0.0,0,67600,67600,67600,0,0,0.0,100.0,1,high,24.0,5,2,none,,59,https://www.musinsa.com/products/3903803
2026-09-02,커버낫,3905019,어센틱 메쉬 니트 후디 애쉬 블루,0.0,0,59000,59000,59000,0,0,0.0,100.0,1,high,24.0,5,2,none,,59,https://www.musinsa.com/products/3905019
2026-09-02,유니폼브릿지,3906171,casual sports wind vest beige,0.0,0,47710,47710,47710,0,0,0.0,100.0,1,high,24.08,5,2,none,,59,https://www.musinsa.com/products/3906171
2026-09-02,시그니처,3920059,원턱 와이드 코튼 팬츠[베이지],1.68,55390,32900,32900,32900,0,0,0.0,100.0,1,low,28.77,12,2,none,,59,https://www.musinsa.com/products/3920059
2026-09-02,베르만 어패럴,3921211,SYMBOL 오버핏 반팔티,1.19,46340,39000,39000,39000,0,0,0.0,100.0,1,high,10.19,12,6,none,,59,https://www.musinsa.com/products/3921211
2026-09-02,링서울,3925179,sailor collar knit top-navy,0.0,0,89910,89910,89910,0,0,0.0,100.0,1,high,24.01,6,2,none,,59,https://www.musinsa.com/products/3925179
2026-09-02,링서울,3925307,pleated short skirt-black,0.0,0,93640,93640,93640,0,0,0.0,100.0,1,high,24.01,6,2,none,,59,https://www.musinsa.com/products/3925307
2026-09-02,키르시,3925819,부케 패턴 슬림핏 후드 집업 [차콜],0.0,0,49500,49500,49500,0,0,0.0,100.0,1,high,24.0,5,2,none,,59,https://www.musinsa.com/products/3925819
2026-09-02,후드후드,3927419,데미지 라이더 에일리언 맨투맨 퍼플,0.0,0,47400,47400,47400,0,0,0.0,76.84,0,low,24.0,4,1,none,,59,https://www.musinsa.com/products/3927419
2026-09-02,룩캐스트,3931963,앨리스 시스루 원피스 / ALICE SEE THROUGH ONEPIECE_2colors,0.0,0,68020,68020,68020,0,0,0.0,89.29,0,low,24.0,4,1,none,,59,https://www.musinsa.com/products/3931963
2026-09-02,마인드브릿지 우먼,3934651,[W]플리츠 벨티드 밴딩 스커트 - 3color,0.0,0,29900,29900,29900,0,0,0.0,64.32,0,low,23.99,4,1,none,,59,https://www.musinsa.com/products/3934651
2026-09-02,소버먼트,3936443,890G 컷 블리치 후드-에시드 챠콜 브라운-,0.0,0,64600,64600,64600,0,0,0.0,100.0,1,high,24.01,6,2,none,,59,https://www.musinsa.com/products/3936443
2026-09-02,제너럴아이디어,3938939,2003 뉴욕 크롭 후드티 [CREAM] / WBD1L02516,0.0,0,53000,53000,53000,0,0,0.0,100.0,1,high,24.08,5,2,none,,59,https://www.musinsa.com/products/3938939
2026-09-02,플랙,3958779,FREI X PLAC 월계수 로고 스웨트 셔츠 민트,0.0,0,59400,59400,59400,0,0,0.0,100.0,1,high,24.0,5,2,none,,59,https://www.musinsa.com/products/3958779
2026-09-02,노티카,3959227,[노티카 x 인세인개러지] DTP 요트 팬츠,0.0,0,50700,50700,50700,0,0,0.0,64.32,0,low,23.99,4,1,none,,59,https://www.musinsa.com/products/3959227
2026-09-02,마인드브릿지,3962811,아웃 포켓 하프 팬츠 - 2color,0.0,0,29900,29900,29900,0,0,0.0,89.3,0,low,24.0,4,1,none,,59,https://www.musinsa.com/products/3962811
2026-09-02,락케이크,3964347,Diamond Punching Bermuda Pants - Black,0.0,0,49500,49500,49500,0,0,0.0,100.0,1,high,24.09,5,2,none,,59,https://www.musinsa.com/products/3964347
2026-09-02,모즈모즈,3965179,락냥이 디지털 오버핏 반팔티셔츠 화이트,0.0,0,28800,28800,28800,0,0,0.0,64.32,0,low,23.99,4,1,none,,59,https://www.musinsa.com/products/3965179
2026-09-02,카네이테이,3972859,ARMEE BALL CAP (BLACK),0.0,0,27300,27300,27300,0,0,0.0,100.0,1,high,24.08,5,2,none,,59,https://www.musinsa.com/products/3972859
2026-09-02,커버낫,3972923,플렌티 스트릿 티셔츠 오트밀,0.0,0,23900,23900,23900,0,0,0.0,100.0,1,high,24.0,5,2,none,,59,https://www.musinsa.com/products/3972923
2026-09-02,드로우핏 우먼,3983995,수피마 실켓 크루넥 반팔 티셔츠 [SKY BLUE],0.0,0,23100,23100,29700,1,-6600,-22.22,100.0,1,medium,24.09,5,2,none,,59,https://www.musinsa.com/products/3983995
2026-09-02,어나더 오피스,3990715,Zephyr Wind Jacket (Concrete),0.0,0,180700,180700,180700,0,0,0.0,100.0,1,high,24.09,5,2,none,,59,https://www.musinsa.com/products/3990715
2026-09-02,나이스고스트클럽,3991803,FFATS PUDING BAG_SILVER(NG2EMUAB47A),0.0,0,40050,40050,40050,0,0,0.0,100.0,1,high,24.01,6,2,none,,59,https://www.musinsa.com/products/3991803
2026-09-02,기철,3993915,BALLOON FIT DENIM PANTS (INDIGO BLUE),0.0,0,31600,31600,31600,0,0,0.0,64.33,0,low,23.99,4,1,none,,59,https://www.musinsa.com/products/3993915
2026-09-02,아메스 월드와이드,3994683,BASIC LOGO DENIM APPLIQUE TEE WHITE (AM2EMUT514A),0.0,0,25200,25200,22050,1,3150,14.29,89.31,0,low,24.0,4,1,none,,59,https://www.musinsa.com/products/3994683
2026-09-02,커버낫,3998203,피그먼트 스웻 와이드 팬츠 카키,0.0,0,40100,40100,40100,0,0,0.0,100.0,1,high,24.0,5,2,none,,59,https://www.musinsa.com/products/3998203
2026-09-02,썬러브투어,4001851,Overdyed Cargo Jogger Pants Brown,0.0,0,75120,75120,91600,1,-16480,-17.99,100.0,1,medium,24.09,5,2,none,,59,https://www.musinsa.com/products/4001851
2026-09-02,1993스튜디오,4011643,90S 아치 트랙 티셔츠_라이트그레이,0.61,26705,44100,44100,44100,0,0,0.0,100.0,1,high,24.0,5,2,none,,59,https://www.musinsa.com/products/4011643
2026-09-02,스컬프터,4012731,My Go To Tank Top Raw,0.14,2686,18900,18900,18900,0,0,0.0,100.0,1,high,24.08,5,2,none,,59,https://www.musinsa.com/products/4012731
2026-09-02,드로우핏 우먼,4020987,스카시 케이블 반팔 니트 [M.GREY],0.0,0,43400,43400,55800,1,-12400,-22.22,100.0,1,medium,24.09,5,2,none,,59,https://www.musinsa.com/products/4020987
2026-09-02,러브이즈트루,4030011,RT COMFY WINDBREAKER(CREAM),0.0,0,66300,66300,66300,0,0,0.0,100.0,1,high,24.01,6,2,none,,59,https://www.musinsa.com/products/4030011
2026-09-02,웬즈데이오아시스,4030331,빈티지 스트라이프 숏 슬리브 티셔츠(4color),0.0,0,27300,27300,27300,0,0,0.0,100.0,1,high,24.09,5,2,none,,59,https://www.musinsa.com/products/4030331
2026-09-02,리메인세컨드,4034427,[2PACK] 이지 세미 와이드 밴딩 슬랙스_4COLOR,8.87,247550,27900,27900,27900,0,0,0.0,100.0,1,high,9.85,18,8,none,,59,https://www.musinsa.com/products/4034427
2026-09-02,세컨모놀로그,4034683,롤업 버튼 후드 체크 하프 셔츠 [BLUE]_SESH013BLUE,0.0,0,25200,25200,25200,0,0,0.0,100.0,1,high,24.0,5,2,none,,59,https://www.musinsa.com/products/4034683
2026-09-02,브라운야드,4036219,"니트 폴로 셔츠, 빈티지 카키",0.0,0,138000,138000,138000,0,0,0.0,100.0,1,high,24.01,6,2,none,,59,https://www.musinsa.com/products/4036219
2026-09-02,더블유엠씨,4040891,투톤자수 패널캡_BLUE,0.0,0,24500,24500,24500,0,0,0.0,100.0,1,high,24.01,6,2,none,,59,https://www.musinsa.com/products/4040891
2026-09-02,드로우핏,4040955,코튼 케이블 하프 카라 니트 [SKY BLUE],0.0,0,49500,49500,49500,0,0,0.0,76.86,0,low,24.0,4,1,none,,59,https://www.musinsa.com/products/4040955
2026-09-02,드로우핏,4041147,슬레이 피그먼트 워싱 티셔츠 [D.BLUE],0.0,0,29700,29700,29700,0,0,0.0,76.86,0,low,24.0,4,1,none,,59,https://www.musinsa.com/products/4041147
2026-09-02,드로우핏,4041531,언로더 오픈카라 린넨 데님 셔츠 [BLACK],0.0,0,59400,59400,59400,0,0,0.0,76.87,0,low,24.0,4,1,none,,59,https://www.musinsa.com/products/4041531
2026-09-02,제멋,4042939,포워드 오버핏 카라 반팔티셔츠 브라운 OYST2559,0.02,544,28900,28900,28900,0,0,0.0,100.0,1,high,24.09,5,2,none,,59,https://www.musinsa.com/products/4042939
2026-09-02,코드그라피,4043131,COOL 화섬 포켓 반팔 셔츠_블랙,0.0,0,41300,41300,41300,0,0,0.0,76.87,0,low,24.0,4,1,none,,59,https://www.musinsa.com/products/4043131
2026-09-02,더니트컴퍼니,4046075,코튼 린넨 릴렉스드 팬츠 [차콜],0.0,0,35920,35920,35920,0,0,0.0,76.87,0,low,24.0,4,1,none,,59,https://www.musinsa.com/products/4046075
2026-09-02,유니폼브릿지,4046267,AE nylon easy pants brick,0.0,0,35710,35710,35710,0,0,0.0,100.0,1,high,24.08,5,2,none,,59,https://www.musinsa.com/products/4046267
2026-09-02,유니폼브릿지,4047803,bdu skirt(womens)  light yellow,0.0,0,63600,63600,63600,0,0,0.0,100.0,1,high,24.08,5,2,none,,59,https://www.musinsa.com/products/4047803
2026-09-02,아캄,4053691,Stitched Denim Wide Cargo Pants (Black),0.0,0,95500,95500,95500,0,0,0.0,64.34,0,low,23.99,4,1,none,,59,https://www.musinsa.com/products/4053691
2026-09-02,1993스튜디오,4056123,심볼 로고 시어 윈드브레이커_블랙,0.0,0,31600,31600,31600,0,0,0.0,100.0,1,high,24.0,5,2,none,,59,https://www.musinsa.com/products/4056123
2026-09-02,후브스,4056187,피그먼트 워싱 그래픽 반팔티 [시멘트],0.0,0,24000,24000,24000,0,0,0.0,100.0,1,high,24.0,5,2,none,,59,https://www.musinsa.com/products/4056187
2026-09-02,인사일런스,4062267,멀티포켓 핀턱 팬츠 BLACK,0.0,0,104580,104580,104580,0,0,0.0,100.0,1,high,24.0,5,2,none,,59,https://www.musinsa.com/products/4062267
2026-09-02,커버낫,4063355,어센틱 쿨 테크 티셔츠 블랙,0.39,9436,23900,23900,23900,0,0,0.0,100.0,1,high,24.0,5,2,none,,59,https://www.musinsa.com/products/4063355
2026-09-02,필루미네이트,4066747,야세 X 필루미네이트 디핑 플립플랍-블랙,0.52,15587,30000,30000,30000,0,0,0.0,51.98,0,low,24.01,5,1,none,,59,https://www.musinsa.com/products/4066747
2026-09-02,일리고,4079675,129 로고 패치 후드 집업 라이트그레이,0.0,0,78000,78000,78000,0,0,0.0,89.33,0,low,9.0,18,6,none,,59,https://www.musinsa.com/products/4079675
2026-09-02,언더오프,4082107,오버핏 크루넥 유니버시티 반팔 티셔츠 그린,0.0,0,18900,18900,18900,0,0,0.0,100.0,1,high,24.0,5,2,none,,59,https://www.musinsa.com/products/4082107
2026-09-02,코드그라피,4082811,(우먼) 스트라이프 테리 쇼츠_다크네이비,0.0,0,14710,14710,14710,0,0,0.0,76.89,0,low,24.0,4,1,none,,59,https://www.musinsa.com/products/4082811
2026-09-02,브룩스 브라더스,4097275,슬림핏 골든플리스 피케 폴로 셔츠 (레드) (BBNTMM7716DEM),0.0,0,70000,70000,,0,,,48.02,0,low,24.0,2,1,none,,59,https://www.musinsa.com/products/4097275
2026-09-02,트래블,4107643,커브드 콤비네이션 베스트 그레이,0.0,0,34500,34500,34500,0,0,0.0,100.0,1,high,24.09,5,2,none,,59,https://www.musinsa.com/products/4107643
2026-09-02,플랙,4118011,오픈 카라 반팔 셔츠 네이비,0.0,0,57900,57900,57900,0,0,0.0,100.0,1,high,24.0,5,2,none,,59,https://www.musinsa.com/products/4118011
2026-09-02,언탭트 스튜디오,4122683,테드 어센틱 로고 퓨어코튼 빅 오버핏 반팔 티셔츠 2 COLOR,0.0,0,18900,18900,18900,0,0,0.0,100.0,1,high,24.01,6,2,none,,59,https://www.musinsa.com/products/4122683
2026-09-02,인템포무드,4125947,카펜터 코튼 버뮤다 팬츠 : 2컬러,0.0,0,29900,29900,29900,0,0,0.0,100.0,1,high,24.0,5,2,none,,59,https://www.musinsa.com/products/4125947
2026-09-02,러프사이드,4131643,Webby Half knit Ash Black,0.0,0,138000,138000,138000,0,0,0.0,64.36,0,low,23.99,4,1,none,,59,https://www.musinsa.com/products/4131643
2026-09-02,나이스고스트클럽,4133499,[X SOULPUSSSY CAT]GHOSTSOULGIRL SYMBOL PILLOW KEY CHAIN_PINK(NG2EMUAB62C),0.0,0,8550,8550,8550,0,0,0.0,100.0,1,high,24.01,6,2,none,,59,https://www.musinsa.com/products/4133499
2026-09-02,링서울,4136699,ribbed bustier knit-ivory,0.0,0,58730,58730,58730,0,0,0.0,100.0,1,high,24.01,6,2,none,,59,https://www.musinsa.com/products/4136699
2026-09-02,링서울,4138619,stripe shirring volume blouse-ivory,0.0,0,69830,69830,69830,0,0,0.0,100.0,1,high,24.01,6,2,none,,59,https://www.musinsa.com/products/4138619
2026-09-02,트리밍버드,4144443,Scarf Wrapped Pants [ Black ],0.0,0,219000,219000,219000,0,0,0.0,100.0,1,high,24.09,5,2,none,,59,https://www.musinsa.com/products/4144443
2026-09-02,후드후드,4145595,멀티 포켓 유틸리티 디테처블 팬츠 베이지,0.0,0,43600,43600,43600,0,0,0.0,76.9,0,low,24.0,4,1,none,,59,https://www.musinsa.com/products/4145595
2026-09-02,소버먼트,4146747,460G 컷 헤비 피그먼트 티셔츠-올드 핑크-,0.52,19028,36600,36600,36600,0,0,0.0,100.0,1,high,24.01,6,2,none,,59,https://www.musinsa.com/products/4146747
2026-09-02,아캄,4148027,29 Printed Sleeveless (Black),0.0,0,33600,33600,33600,0,0,0.0,64.37,0,low,23.99,4,1,none,,59,https://www.musinsa.com/products/4148027
2026-09-02,제너럴아이디어,4148603,스퀘어 엠보 미니스커트 [LIGHT YELLOW] / WBD2L56531,0.0,0,32000,32000,32000,0,0,0.0,100.0,1,high,24.08,5,2,none,,59,https://www.musinsa.com/products/4148603
2026-09-02,스키즘 인듀싱,4149051,MUSCLE TANK TOP BLACK,0.04,1559,40800,40800,40800,0,0,0.0,100.0,1,high,24.09,5,2,none,,59,https://www.musinsa.com/products/4149051
2026-09-02,스키즘 인듀싱,4149563,MUMMY MINI DRESS_WHITE,0.0,0,58800,58800,58800,0,0,0.0,100.0,1,high,24.09,5,2,none,,59,https://www.musinsa.com/products/4149563
2026-09-02,키르시,4158459,백 포인트 플리츠 우븐 드레스 [네이비],0.0,0,59500,59500,59500,0,0,0.0,100.0,1,high,24.0,5,2,none,,59,https://www.musinsa.com/products/4158459
2026-09-02,제너럴아이디어,4159099,트위스트 리본 슬리브리스 세트 [YELLOW] / WBD2L01531,0.0,0,42000,42000,42000,0,0,0.0,100.0,1,high,24.08,5,2,none,,59,https://www.musinsa.com/products/4159099
2026-09-02,솔트앤초콜릿,4160315,레이스업 글레디에이터 샌들 412424019 (5cm/1colors),0.0,0,65400,65400,65400,0,0,0.0,100.0,1,high,24.08,5,2,none,,59,https://www.musinsa.com/products/4160315
2026-09-02,제너럴아이디어,4164219,베이직 스트랩 나일론 버킷 햇 [BLACK] / SBD2U91005,0.0,0,31000,31000,31000,0,0,0.0,100.0,1,high,24.08,5,2,none,,59,https://www.musinsa.com/products/4164219
2026-09-02,무센트,4168955,누비아 루즈핏 시스루 셔츠 (2컬러),0.0,0,35910,35910,27930,1,7980,28.57,100.0,1,medium,24.0,5,2,none,,59,https://www.musinsa.com/products/4168955
2026-09-02,밀로 아카이브,4187771,사이드 슬래쉬 셔츠 [스카이 블루],0.0,0,39000,39000,39000,0,0,0.0,100.0,1,high,24.01,6,2,none,,59,https://www.musinsa.com/products/4187771
2026-09-02,링서울,4191675,stripe sleeveless dress-blue,0.0,0,114130,114130,114130,0,0,0.0,100.0,1,high,24.01,6,2,none,,59,https://www.musinsa.com/products/4191675
2026-09-02,2000아카이브스,4199099,TWIST TOP (BLACK),0.0,0,60990,60990,53370,1,7620,14.28,100.0,1,medium,24.08,5,2,none,,59,https://www.musinsa.com/products/4199099
2026-09-02,유니온블루,4200635,HARD TWIST 2LINE STRIPE POLO KNIT [BEIGE],0.0,0,60440,60440,60440,0,0,0.0,100.0,1,high,24.08,5,2,none,,59,https://www.musinsa.com/products/4200635
2026-09-02,해칭룸,4233787,Arrow Shirt Big Button Dark Navy,0.0,0,118400,118400,118400,0,0,0.0,89.36,0,low,24.0,4,1,none,,59,https://www.musinsa.com/products/4233787
2026-09-02,브론슨,4241147,Retro Horseshoe Graphic Tee Grey,4.0,142800,35700,35700,35700,0,0,0.0,100.0,1,high,9.0,19,7,none,,59,https://www.musinsa.com/products/4241147
2026-09-02,유니폼브릿지,4243067,western denim shirt 9oz indigo washed,0.0,0,55600,55600,55600,0,0,0.0,100.0,1,high,24.08,5,2,none,,59,https://www.musinsa.com/products/4243067
2026-09-02,본투윈,4251387,OUTBAND ACTIVE SHORT LEGGINGS [GREY],1.0,58916,59000,59000,59000,0,0,0.0,100.0,1,low,48.07,4,1,none,,59,https://www.musinsa.com/products/4251387
2026-09-02,커버낫,4251899,[커버낫X랭글러] 와펜 패치 데님 팬츠 라이트 블루,0.0,0,95400,95400,95400,0,0,0.0,100.0,1,high,24.0,5,2,none,,59,https://www.musinsa.com/products/4251899
2026-09-02,아웃스탠딩,4262459,PURE WOOL WHOLEGARMENT KNIT_PINK,0.0,0,106200,106200,106200,0,0,0.0,100.0,1,high,24.08,5,2,none,,59,https://www.musinsa.com/products/4262459
2026-09-02,아웃스탠딩,4262843,W.W. II SELVEDGE DENIM 1ST JACKET_INDIGO,4.71,716735,152100,152100,152100,0,0,0.0,100.0,1,high,24.08,10,6,none,,59,https://www.musinsa.com/products/4262843
2026-09-02,와이케이,4270459,퍼피돌핀 점핑 원피스 수영복,0.0,0,82600,82600,82600,0,0,0.0,100.0,1,high,24.01,6,2,none,,59,https://www.musinsa.com/products/4270459
2026-09-02,리메인세컨드,4272251,오버핏 하프집업 카라넥 스웨트 셔츠 [크림],0.64,16422,25500,25500,25500,0,0,0.0,64.38,0,low,23.99,4,1,none,,59,https://www.musinsa.com/products/4272251
2026-09-02,론론,4276731,RUFFLE POINTED MINI BACKPACK SILVER,0.0,0,44000,44000,44000,0,0,0.0,100.0,1,high,24.09,5,2,none,,59,https://www.musinsa.com/products/4276731
2026-09-02,아이돈워너셀,4277691,Novichi Hoodie Maroon,0.79,58717,74250,74250,74250,0,0,0.0,100.0,1,high,24.0,5,2,none,,59,https://www.musinsa.com/products/4277691
2026-09-02,엘무드,4278907,잔느 플레어 데님 블루블랙,1.61,209456,130500,130500,130500,0,0,0.0,100.0,1,high,24.0,5,2,none,,59,https://www.musinsa.com/products/4278907
2026-09-02,노매뉴얼,4279931,H.R CHECK SHIRTS - GREEN,0.0,0,83300,83300,83300,0,0,0.0,89.38,0,low,24.0,4,1,none,,59,https://www.musinsa.com/products/4279931
2026-09-02,엑스오엑스,4285051,2WAY 세미 오버핏 스웻 후드 집업 [IVORY],0.64,12173,18900,18900,18900,0,0,0.0,64.39,0,low,23.99,4,1,none,,59,https://www.musinsa.com/products/4285051
2026-09-02,슈퍼서브,4287739,럭비 클럽 카라 스웨트셔츠 - 네이비,0.0,0,39900,39900,39900,0,0,0.0,76.92,0,low,24.0,4,1,none,,59,https://www.musinsa.com/products/4287739
2026-09-02,일리고,4293563,애플 미니 카드 백 데님,0.0,0,23000,23000,23000,0,0,0.0,89.39,0,low,24.0,4,1,none,,59,https://www.musinsa.com/products/4293563
2026-09-02,후브스,4297019,페이드 코튼 원턱 팬츠 [블랙],0.0,0,42500,42500,42500,0,0,0.0,100.0,1,low,24.0,5,2,none,,59,https://www.musinsa.com/products/4297019
2026-09-02,디스이즈네버댓,4302971,Half Zip Sports Pullover Green,0.4,31448,79500,79500,79500,0,0,0.0,100.0,1,high,24.0,5,2,none,,59,https://www.musinsa.com/products/4302971
2026-09-02,와이케이,4303931,말티즈 크루 라인 그래픽 맨투맨 멜란지화이트,0.0,0,51750,51750,51750,0,0,0.0,100.0,1,high,24.01,6,2,none,,59,https://www.musinsa.com/products/4303931
2026-09-02,아캄,4304187,98 Patch Velour Zip-Up Hoodie (Black),0.0,0,108500,108500,108500,0,0,0.0,64.39,0,low,23.99,4,1,none,,59,https://www.musinsa.com/products/4304187
2026-09-02,드로우핏,4305659,스웨이드 패널 트러커 집업 자켓 [D.KHAKI],0.0,0,139200,139200,139200,0,0,0.0,76.92,0,low,24.0,4,1,none,,59,https://www.musinsa.com/products/4305659
2026-09-02,드로우핏,4306107,라운드 브러쉬 헤어리 풀오버 니트 [L.GREY],0.0,0,55800,55800,55800,0,0,0.0,76.92,0,low,24.0,4,1,none,,59,https://www.musinsa.com/products/4306107
2026-09-02,브론슨,4306299,Blue Chambray Work Shirt KR Ver. Light Indigo,12.05,802255,66600,66600,66600,0,0,0.0,100.0,1,high,3.76,31,16,none,,59,https://www.musinsa.com/products/4306299
2026-09-02,비터셀즈,4308603,픽션 라인 블라우스-블루,0.0,0,63200,63200,63200,0,0,0.0,89.4,0,low,24.0,4,1,none,,59,https://www.musinsa.com/products/4308603
2026-09-02,인사일런스,4310907,컷오프 네프 셔츠 DARK BROWN,0.0,0,95760,95760,95760,0,0,0.0,100.0,1,high,24.0,5,2,none,,59,https://www.musinsa.com/products/4310907
2026-09-02,마인드브릿지,4313147,와이드원턱로우데님팬츠 MYDP6154,0.0,0,29900,29900,29900,0,0,0.0,89.4,0,low,24.0,4,1,none,,59,https://www.musinsa.com/products/4313147
2026-09-02,파브레가,4313403,스퀘어 립스탑 셔츠 (라이트 베이지),0.0,0,69300,69300,69300,0,0,0.0,76.93,0,low,24.0,4,1,none,,59,https://www.musinsa.com/products/4313403
2026-09-02,아메스 월드와이드,4313467,BASIC DENIM PANTS BLUE(AM2EFUD110A),0.0,0,22080,22080,19320,1,2760,14.29,89.41,0,low,24.0,4,1,none,,59,https://www.musinsa.com/products/4313467
2026-09-02,세컨모놀로그,4316091,세미 와이드핏 투턱 턴업 슬랙스 [BLACK]_SEPT052BLACK,0.0,0,28800,28800,28800,0,0,0.0,100.0,1,high,24.0,5,2,none,,59,https://www.musinsa.com/products/4316091
2026-09-02,인사일런스 우먼,4316923,빈티지 레귤러 데님 DEEP BLUE,0.0,0,73000,73000,116800,1,-43800,-37.5,100.0,1,medium,24.09,5,2,none,,59,https://www.musinsa.com/products/4316923
2026-09-02,프렌다,4318523,PRDA BIG PATCH RAGLAN LONG SLEEVE GRAY,18.72,552263,29500,29500,29500,0,0,0.0,100.0,1,low,10.2,19,8,none,,59,https://www.musinsa.com/products/4318523
2026-09-02,알리스,4318843,내츄럴 트윈 워시드 맥시 데님 팬츠 [인디고 레드],0.0,0,68640,68640,68640,0,0,0.0,89.41,0,low,24.0,4,1,none,,59,https://www.musinsa.com/products/4318843
2026-09-02,모즈모즈,4319739,테리 기모 피그먼트 댄싱캣 오버핏 맨투맨 핑크,0.0,0,57600,57600,57600,0,0,0.0,64.4,0,low,23.99,4,1,none,,59,https://www.musinsa.com/products/4319739
2026-09-02,모즈모즈,4320187,메쉬안감 파라슈트 와이드 팬츠 다크그레이,0.0,0,34800,34800,34800,0,0,0.0,64.41,0,low,23.99,4,1,none,,59,https://www.musinsa.com/products/4320187
2026-09-02,모즈모즈,4320507,[SET] 나일론 메쉬 파라슈트 후드집업 셋업 다크그레이,0.0,0,94400,94400,94400,0,0,0.0,64.41,0,low,23.99,4,1,none,,59,https://www.musinsa.com/products/4320507
2026-09-02,커버낫,4322427,어센틱 C 로고 옥스포드 셔츠 블루,0.0,0,40050,40050,40050,0,0,0.0,100.0,1,high,24.0,5,2,none,,59,https://www.musinsa.com/products/4322427
2026-09-02,카네이테이,4323003,U.S ARMY M-65 MILITARY PANTS (OLIVE DRAB),0.0,0,45360,45360,45360,0,0,0.0,100.0,1,high,24.08,5,2,none,,59,https://www.musinsa.com/products/4323003
2026-09-02,후드후드,4325179,에일리언 그래픽 오버핏 후드 멜란지화이트,0.0,0,52070,52070,52070,0,0,0.0,76.93,0,low,24.0,4,1,none,,59,https://www.musinsa.com/products/4325179
2026-09-02,로제프란츠,4327547,Cross Lace Long Sleeve [Black],0.0,0,32240,32240,32240,0,0,0.0,76.94,0,low,24.0,4,1,none,,59,https://www.musinsa.com/products/4327547
2026-09-02,트릴리온,4328699,워셔블 버튼 업 크루넥 가디건 니트 (KHAKI),0.89,22267,24900,24900,24900,0,0,0.0,89.41,0,low,24.0,4,1,none,,59,https://www.musinsa.com/products/4328699
2026-09-02,모즈모즈,4335547,[SET]오버핏 맨투맨 후드 고스트 시리즈,0.0,0,67200,67200,67200,0,0,0.0,64.41,0,low,23.99,4,1,none,,59,https://www.musinsa.com/products/4335547
2026-09-02,디미트리블랙,4335931,VTG 웨스턴 블루종 자켓_브라운,0.0,0,59900,59900,59900,0,0,0.0,100.0,1,high,24.0,5,2,none,,59,https://www.musinsa.com/products/4335931
2026-09-02,아캄,4337083,98 Patch Velour Pants (Blue),0.0,0,81200,81200,81200,0,0,0.0,64.41,0,low,23.99,4,1,none,,59,https://www.musinsa.com/products/4337083
2026-09-02,썬러브투어,4337275,Polartec® Fleece Half ZIp Dress Navy,0.0,0,62000,62000,75600,1,-13600,-17.99,100.0,1,medium,24.09,5,2,none,,59,https://www.musinsa.com/products/4337275
2026-09-02,낫포너드,4343483,Cerberus Satin Blouson Jacket - Black,0.0,0,79290,79290,79290,0,0,0.0,76.95,0,low,24.0,4,1,none,,59,https://www.musinsa.com/products/4343483
2026-09-02,드헤베,4344955,Bustier Layered Blouse [Cream],0.0,0,83390,83390,83390,0,0,0.0,76.96,0,low,24.0,4,1,none,,59,https://www.musinsa.com/products/4344955
2026-09-02,넌블랭크,4345211,에센셜 드레스 셔츠_4 COL,0.0,0,78400,78400,78400,0,0,0.0,100.0,1,low,15.0,16,6,none,,59,https://www.musinsa.com/products/4345211
2026-09-02,도프제이슨,4346747,빈티지 개러지하우스 후드 BLACK,0.0,0,66000,66000,66000,0,0,0.0,100.0,1,high,24.01,6,2,none,,59,https://www.musinsa.com/products/4346747
2026-09-02,트래블,4347259,디테쳐블 피그먼트 파라슈트 팬츠 스모키 그레이,0.0,0,44500,44500,44500,0,0,0.0,100.0,1,high,24.09,5,2,none,,59,https://www.musinsa.com/products/4347259
2026-09-02,어나더 오피스,4349435,Bonjour Single Jacket (Almost Black),0.0,0,278000,278000,278000,0,0,0.0,100.0,1,high,24.09,5,2,none,,59,https://www.musinsa.com/products/4349435
2026-09-02,인템포무드,4353275,픽쳐 스매셔 롱 슬리브_화이트,0.0,0,47200,47200,47200,0,0,0.0,100.0,1,high,24.0,5,2,none,,59,https://www.musinsa.com/products/4353275
2026-09-02,스컬프터,4355579,Sequin Mop Scarf Natural,0.0,0,36960,36960,36960,0,0,0.0,100.0,1,high,24.08,5,2,none,,59,https://www.musinsa.com/products/4355579
2026-09-02,소버먼트,4365947,980G 피그먼트 스웨트 팬츠-오크 브라운-,0.0,0,64200,64200,64200,0,0,0.0,100.0,1,high,24.01,6,2,none,,59,https://www.musinsa.com/products/4365947
2026-09-02,프리즘웍스,4368891,CN FLIGHT PANTS _ KHAKI GRAY,0.0,0,69000,69000,69000,0,0,0.0,100.0,1,high,24.09,5,2,none,,59,https://www.musinsa.com/products/4368891
2026-09-02,아틀리에 나인,4369531,STRING SLEEVE OVERFIT SHIRT(BL-4258),0.0,0,88200,88200,88200,0,0,0.0,64.42,0,low,23.99,4,1,none,,59,https://www.musinsa.com/products/4369531
2026-09-02,브룩스 브라더스,4371323,슬림핏 15W 코듀로이 5포켓 팬츠 (카멜) (BBPCMF09235EW),0.0,0,91260,91260,81120,1,10140,12.5,100.0,1,medium,24.01,6,2,none,,59,https://www.musinsa.com/products/4371323
2026-09-02,배드블러드,4371387,빌리 2 Way 커브드 조거 트라우져 - 초콜릿,0.0,0,111200,111200,111200,0,0,0.0,100.0,1,high,24.09,5,2,none,,59,https://www.musinsa.com/products/4371387
2026-09-02,노티카,4375483,덱 카펜터 팬츠,0.0,0,64500,64500,64500,0,0,0.0,64.42,0,low,23.99,4,1,none,,59,https://www.musinsa.com/products/4375483
2026-09-02,브라운야드,4379067,"엑스트라 슈퍼 파인 크루넥 니트, 베이지",0.0,0,198000,198000,198000,0,0,0.0,100.0,1,high,24.01,6,2,none,,59,https://www.musinsa.com/products/4379067
2026-09-02,브라운야드,4382139,필드 치노 팬츠,0.0,0,158000,158000,158000,0,0,0.0,100.0,1,high,24.01,6,2,none,,59,https://www.musinsa.com/products/4382139
2026-09-02,로제프란츠,4385211,Embroidery Overfit Shirt [White],0.0,0,38720,38720,38720,0,0,0.0,76.96,0,low,24.0,4,1,none,,59,https://www.musinsa.com/products/4385211
2026-09-02,키르시,4391867,빈티지 카고 와이드핏 데님 팬츠 [블루],0.0,0,62500,62500,62500,0,0,0.0,100.0,1,high,24.0,5,2,none,,59,https://www.musinsa.com/products/4391867
2026-09-02,무센트,4393595,텐더 파라슈트 아웃 포켓 와이드 팬츠 (2컬러),0.0,0,35910,35910,27930,1,7980,28.57,39.63,0,low,24.0,4,1,none,,59,https://www.musinsa.com/products/4393595
2026-09-02,프리즘웍스,4396475,OG DOUBLE RIB L/S TEE _ GRAY,1.0,34168,34200,34200,34200,0,0,0.0,100.0,1,high,24.09,5,2,none,,59,https://www.musinsa.com/products/4396475
2026-09-02,노이어,4396987,파이핑 커브드 트랙 팬츠 (블랙),0.0,0,57500,57500,57500,0,0,0.0,100.0,1,low,37.87,5,1,none,,59,https://www.musinsa.com/products/4396987
2026-09-02,엑스트라오디너리,4398139,LONELY SERENE CREWNECK  CHARCOAL,0.0,0,65450,65450,65450,0,0,0.0,89.43,0,low,24.0,4,1,none,,59,https://www.musinsa.com/products/4398139
2026-09-02,엑스트라오디너리,4398523,NORTHERN LIGHT SWEATER  KHAKI,0.0,0,69500,69500,69500,0,0,0.0,89.43,0,low,24.0,4,1,none,,59,https://www.musinsa.com/products/4398523
2026-09-02,본투윈,4400187,ATHLETIC EMBLEM SLIM HOODIE [MELANGE GREY],0.0,0,55800,55800,55800,0,0,0.0,100.0,1,high,24.09,5,2,none,,59,https://www.musinsa.com/products/4400187
2026-09-02,유라고,4402747,Washable V-neck cardigan,0.0,0,52440,52440,52440,0,0,0.0,64.44,0,low,23.99,4,1,none,,59,https://www.musinsa.com/products/4402747
2026-09-02,디스이즈네버댓,4403515,Fortuna Logo Hoodie Fuchsia,0.0,0,54500,54500,54500,0,0,0.0,100.0,1,high,24.0,5,2,none,,59,https://www.musinsa.com/products/4403515
2026-09-02,브룩스 브라더스,4407419,메리노울 도그 인타샤 스웨터 (네이비) (BBWRWF4816QEF),0.0,0,139860,139860,124320,1,15540,12.5,100.0,1,medium,24.01,6,2,none,,59,https://www.musinsa.com/products/4407419
2026-09-02,니티드,4410043,(W) 베이직 에센셜 워셔블 라운드 가디건 BLACK,0.0,0,39840,39840,39840,0,0,0.0,76.97,0,low,24.0,4,1,none,,59,https://www.musinsa.com/products/4410043
2026-09-02,시눈,4410235,Round Coin Bag (Vintage Pink),0.0,0,59480,59480,66080,1,-6600,-9.99,64.44,0,low,23.99,4,1,none,,59,https://www.musinsa.com/products/4410235
2026-09-02,시눈,4410427,Lace Layered Skirt Pants (Beige),0.0,0,72080,72080,80080,1,-8000,-9.99,64.44,0,low,23.99,4,1,none,,59,https://www.musinsa.com/products/4410427
2026-09-02,더블유엠씨,4411579,멀티 다트 데님_BLUE,0.0,0,59600,59600,59600,0,0,0.0,100.0,1,high,24.01,6,2,none,,59,https://www.musinsa.com/products/4411579
2026-09-02,제멋,4412155,빌드 더블니 와이드 데님팬츠 블랙 SOLP2579,0.0,0,58900,58900,58900,0,0,0.0,100.0,1,high,24.09,5,2,none,,59,https://www.musinsa.com/products/4412155
2026-09-02,커버낫,4415355,어센틱 가죽 와펜 아크릴 비니 베이지,0.0,0,27300,27300,27300,0,0,0.0,100.0,1,high,24.0,5,2,none,,59,https://www.musinsa.com/products/4415355
2026-09-02,파르티멘토 우먼,4417467,보우 타이 발레리나 플랫_브라운,0.0,0,260100,260100,260100,0,0,0.0,89.44,0,low,24.0,4,1,none,,59,https://www.musinsa.com/products/4417467
2026-09-02,디앤에스알,4422843,트위스트 케이블 니트 아이보리,0.0,0,79200,79200,79200,0,0,0.0,64.44,0,low,23.99,4,1,none,,59,https://www.musinsa.com/products/4422843
2026-09-02,유니폼브릿지,4423163,wool duffle coat beige,0.0,0,199600,199600,199600,0,0,0.0,100.0,1,high,24.08,5,2,none,,59,https://www.musinsa.com/products/4423163
2026-09-02,아웃스탠딩,4423419,AUTHENTIC COMFORT HOOD ZIP SWEAT_3%MELANGE GRAY,0.0,0,84600,84600,84600,0,0,0.0,100.0,1,high,24.08,5,2,none,,59,https://www.musinsa.com/products/4423419
2026-09-02,필루미네이트,4429755,헤어리 로고 비니-핑크,0.0,0,20900,20900,20900,0,0,0.0,100.0,1,high,24.01,6,2,none,,59,https://www.musinsa.com/products/4429755
2026-09-02,메인부스,4437051,Vintage Denim Puffer Jacket(BLUE),0.0,0,242100,242100,242100,0,0,0.0,76.98,0,low,24.0,4,1,none,,59,https://www.musinsa.com/products/4437051
2026-09-02,파르티멘토 우먼,4437499,리버시블 후디드 윈드브레이커_차콜,0.0,0,114660,114660,114660,0,0,0.0,89.44,0,low,24.0,4,1,none,,59,https://www.musinsa.com/products/4437499
2026-09-02,제너럴아이디어,4437947,레더 벌룬 미니스커트 [BLACK] / WBD4L13512,0.0,0,46110,46110,46110,0,0,0.0,100.0,1,high,24.08,5,2,none,,59,https://www.musinsa.com/products/4437947
2026-09-02,마인드브릿지,4438267,[웜]코튼 더블니 풀밴딩 팬츠 - 2color,0.0,0,37910,37910,37910,0,0,0.0,89.45,0,low,24.0,4,1,none,,59,https://www.musinsa.com/products/4438267
2026-09-02,마인드브릿지,4438331,울라이크셔켓 - 2color MYWS7152,0.0,0,66410,66410,66410,0,0,0.0,89.45,0,low,24.0,4,1,none,,59,https://www.musinsa.com/products/4438331
2026-09-02,밀로 아카이브,4441595,드래프트 헨리넥 니트 [그레이],0.0,0,51680,51680,54530,1,-2850,-5.23,100.0,1,medium,24.01,6,2,none,,59,https://www.musinsa.com/products/4441595
2026-09-02,나이스고스트클럽,4447867,FFATS POSITION KNIT_RED(NG2EFUK611A),0.0,0,48060,48060,48060,0,0,0.0,100.0,1,high,24.01,6,2,none,,59,https://www.musinsa.com/products/4447867
2026-09-02,나이스고스트클럽,4447931,FFATS FRILL LAYERED SKIRT PANTS_BLACK(NG2EFUPA15A),0.0,0,85860,85860,85860,0,0,0.0,100.0,1,high,24.01,6,2,none,,59,https://www.musinsa.com/products/4447931
2026-09-02,세터,4452539,베로나 니트 머플러 라이트 그레이,0.0,0,79000,79000,79000,0,0,0.0,64.45,0,low,23.99,4,1,none,,59,https://www.musinsa.com/products/4452539
2026-09-02,세터,4453243,에센 투 톤 모헤어 블렌드 니트 멜란지 그레이,0.0,0,179000,179000,179000,0,0,0.0,64.45,0,low,23.99,4,1,none,,59,https://www.musinsa.com/products/4453243
2026-09-02,밀로 아카이브,4456507,아카이브 에센스 가디건 [멜란지 브라운],0.0,0,84000,84000,84000,0,0,0.0,100.0,1,high,24.01,6,2,none,,59,https://www.musinsa.com/products/4456507
2026-09-02,락피쉬웨더웨어,4457147,ORIGINAL WINTER BOOTS SHORT(6inch) - 8 colors,0.0,0,110000,110000,110000,0,0,0.0,76.99,0,low,24.0,4,1,none,,59,https://www.musinsa.com/products/4457147
2026-09-02,일리고,4459771,와이드 포켓 카고 팬츠 블루,0.0,0,62000,62000,62000,0,0,0.0,89.46,0,low,24.0,4,1,none,,59,https://www.musinsa.com/products/4459771
2026-09-02,디스이즈네버댓,4460667,Panda Hoodie Oatmeal,0.0,0,54500,54500,54500,0,0,0.0,100.0,1,high,24.0,5,2,none,,59,https://www.musinsa.com/products/4460667
2026-09-02,배드블러드,4465851,비욘드 소프트 헨리넥 롱슬리브 - 챠콜,0.0,0,50400,50400,50400,0,0,0.0,100.0,1,high,24.09,5,2,none,,59,https://www.musinsa.com/products/4465851
2026-09-02,러브이즈트루,4468539,FS LETTER HOOD ZIPUP(BLACK),0.48,53545,111860,111860,111860,0,0,0.0,100.0,1,high,24.01,6,2,none,,59,https://www.musinsa.com/products/4468539
2026-09-02,파르티멘토 우먼,4469115,93 스터디드 프린티드 롱 슬리브 티_브라운,0.0,0,39690,39690,39690,0,0,0.0,89.46,0,low,24.0,4,1,none,,59,https://www.musinsa.com/products/4469115
2026-09-02,커버낫,4469243,C 로고 플리스 오버핏 후디 네이비,0.4,21174,53400,56070,53400,1,2670,5.0,100.0,1,medium,24.0,5,2,none,,59,https://www.musinsa.com/products/4469243
2026-09-02,에이치덱스,4480827,나일론 믹스 페이디드 워싱 후디 (Charcoal),0.0,0,96750,96750,87800,1,8950,10.19,76.99,0,low,24.0,4,1,none,,59,https://www.musinsa.com/products/4480827
2026-09-02,브라운야드,4485307,"다운 베스트, 올리브 그레이",0.0,0,208600,208600,208600,0,0,0.0,100.0,1,high,24.01,6,2,none,,59,https://www.musinsa.com/products/4485307
2026-09-02,유니폼브릿지,4488699,anchor glove charcoal,0.0,0,41300,41300,41300,0,0,0.0,100.0,1,high,24.08,5,2,none,,59,https://www.musinsa.com/products/4488699
2026-09-02,무센트,4491963,피카 뒷밴딩 플레어 스커트 (2컬러),0.0,0,44910,44910,34930,1,9980,28.57,100.0,1,medium,24.0,5,2,none,,59,https://www.musinsa.com/products/4491963
2026-09-02,1993스튜디오,4492155,덕다운 트랙 숏 푸퍼 자켓_에크루,0.0,0,99000,99000,99000,0,0,0.0,100.0,1,high,24.0,5,2,none,,59,https://www.musinsa.com/products/4492155
2026-09-02,언더오프,4493371,래글런 트랙 후드 집업 버건디,0.0,0,34320,34320,34320,0,0,0.0,100.0,1,high,24.0,5,2,none,,59,https://www.musinsa.com/products/4493371
2026-09-02,미나브,4497723,리필드 라인 데님팬츠 [블랙],0.0,0,44100,44100,44100,0,0,0.0,100.0,1,high,24.09,5,2,none,,59,https://www.musinsa.com/products/4497723
2026-09-02,레더리,4498811,무스탕 후디 더플 자켓 [BEIGE],0.89,123136,137600,137600,137600,0,0,0.0,89.48,0,low,24.0,4,1,none,,59,https://www.musinsa.com/products/4498811
2026-09-02,트리밍버드,4500091,One Button Denim Set-up Skirt [ Black ],0.0,0,159000,159000,159000,0,0,0.0,100.0,1,high,24.09,5,2,none,,59,https://www.musinsa.com/products/4500091
2026-09-02,인템포무드,4507579,쿼드 라인 데님 팬츠_블랙,0.0,0,67200,67200,67200,0,0,0.0,100.0,1,high,24.0,5,2,none,,59,https://www.musinsa.com/products/4507579
2026-09-02,아틀리에 나인,4507771,LO WOOL HANDMADE SET-UP SKIRT(SK-4946),0.0,0,143100,143100,143100,0,0,0.0,64.47,0,low,23.99,4,1,none,,59,https://www.musinsa.com/products/4507771
2026-09-02,프렌다,4509179,RAGLAN PUFFER JACKET LEMON,0.0,0,114500,114500,114500,0,0,0.0,100.0,1,high,24.09,5,2,none,,59,https://www.musinsa.com/products/4509179
2026-09-02,파르티멘토 우먼,4509755,사이드 집업 리브드 레깅스 팬츠_블랙,0.0,0,47790,47790,47790,0,0,0.0,89.48,0,low,24.0,4,1,none,,59,https://www.musinsa.com/products/4509755
2026-09-02,로제프란츠,4517243,Mix Fur Leather Mustang [Beige],0.0,0,139440,139440,139440,0,0,0.0,77.01,0,low,24.0,4,1,none,,59,https://www.musinsa.com/products/4517243
2026-09-02,비바라비다,4517947,[기모선택]Element 헤비테리 맨투맨,0.0,0,52900,52900,52900,0,0,0.0,100.0,1,high,24.08,5,2,none,,59,https://www.musinsa.com/products/4517947
2026-09-02,무센트,4518011,노르망 뽀글 양털 후리스 플리스 집업 남녀공용 (2컬러),1.19,50916,42770,54990,42770,1,12220,28.57,100.0,1,medium,24.0,9,4,none,,59,https://www.musinsa.com/products/4518011
2026-09-02,더블유엠씨,4520955,메인로고 스웨트팬츠_GREY,0.0,0,48300,48300,48300,0,0,0.0,100.0,1,high,24.01,6,2,none,,59,https://www.musinsa.com/products/4520955
2026-09-02,더블유엠씨,4521019,[WMC x HINA] 메탈캣 후드_NAVY,0.0,0,40050,40050,40050,0,0,0.0,100.0,1,high,24.01,6,2,none,,59,https://www.musinsa.com/products/4521019
2026-09-02,솔트앤초콜릿,4521787,화이트 스티치 앵클 부츠 412446001 (4cm/1color),0.0,0,71400,71400,71400,0,0,0.0,100.0,1,high,24.08,5,2,none,,59,https://www.musinsa.com/products/4521787
2026-09-02,루에브르,4524091,Quilted Lined Alpaca Jacket SW4WJ926-9C,0.0,0,329000,329000,329000,0,0,0.0,100.0,1,high,24.09,5,2,none,,59,https://www.musinsa.com/products/4524091
2026-09-02,본투윈,4525115,CAMO BRNTW SWEATSHIRTS [BLACK],0.0,0,68600,68600,68600,0,0,0.0,100.0,1,high,24.08,5,2,none,,59,https://www.musinsa.com/products/4525115
2026-09-02,언더오프,4528315,어센틱 릴렉스드 맨투맨 스몰로고 스웨트 오트밀,0.0,0,27920,27920,34900,1,-6980,-20.0,100.0,1,medium,24.0,5,2,none,,59,https://www.musinsa.com/products/4528315
2026-09-02,솔트앤초콜릿,4530555,벨티드 울 핸드메이드 코트 그레이 4W244I001,0.0,0,138880,138880,138880,0,0,0.0,100.0,1,high,24.08,5,2,none,,59,https://www.musinsa.com/products/4530555
2026-09-02,드헤베,4535483,Hourglass Long Coat [Black],0.0,0,198140,198140,198140,0,0,0.0,77.01,0,low,24.0,4,1,none,,59,https://www.musinsa.com/products/4535483
2026-09-02,웬즈데이오아시스,4537019,플란넬 플리스 코듀로이 팬츠_BLACK,0.0,0,52500,52500,52500,0,0,0.0,100.0,1,high,24.09,5,2,none,,59,https://www.musinsa.com/products/4537019
2026-09-02,드로우핏,4538555,[오정규X드로우핏] 컨사이즈 울 원더 발마칸 코트 [MELANGE GREY],0.0,0,238400,238400,238400,0,0,0.0,77.02,0,low,24.0,4,1,none,,59,https://www.musinsa.com/products/4538555
2026-09-02,언탭트 스튜디오,4541307,[2PACK]원턱 와이드 코듀로이 밴딩 팬츠 3Color,0.0,0,49900,49900,49900,0,0,0.0,100.0,1,high,24.01,6,2,none,,59,https://www.musinsa.com/products/4541307
2026-09-02,에이치덱스,4546811,더매스 212 피그먼트 조거 스웨트 팬츠 (Pigment Charcoal),0.0,0,75600,75600,75600,0,0,0.0,77.02,0,low,24.0,4,1,none,,59,https://www.musinsa.com/products/4546811
2026-09-02,시눈,4553467,Rose Artwork Shirt (Pink),0.0,0,69560,69560,77280,1,-7720,-9.99,64.47,0,low,23.99,4,1,none,,59,https://www.musinsa.com/products/4553467
2026-09-02,시눈,4553787,Rose Frill Sweatshirt (Navy),0.0,0,44360,44360,44360,0,0,0.0,64.48,0,low,23.99,4,1,none,,59,https://www.musinsa.com/products/4553787
2026-09-02,무센트,4554619,메인 심볼 시그니처 맨투맨 (남녀공용),0.0,0,43420,43420,34930,1,8490,24.31,100.0,1,medium,24.0,5,2,none,,59,https://www.musinsa.com/products/4554619
2026-09-02,시그니처,4556475,레글런 컬러 후드[더스트그레이],0.0,0,53000,53000,53000,0,0,0.0,77.02,0,low,24.0,4,1,none,,59,https://www.musinsa.com/products/4556475
2026-09-02,와이케이,4575803,샤이 베이비 말티즈 키링,0.0,0,33750,33750,33750,0,0,0.0,100.0,1,high,24.01,6,2,none,,59,https://www.musinsa.com/products/4575803
2026-09-02,아틀리에 나인,4585403,WOOL HAIRY RIBBON CARDIGAN(CD-2162),0.0,0,88200,88200,88200,0,0,0.0,64.48,0,low,23.99,4,1,none,,59,https://www.musinsa.com/products/4585403
2026-09-02,썸웨어버터,4606843,Moody Wool Cardigan - Light Blue,0.0,0,101320,101320,101320,0,0,0.0,100.0,1,high,24.01,6,2,none,,59,https://www.musinsa.com/products/4606843
2026-09-02,썸웨어버터,4607163,Cashmere Basic Balaclava - 3Color,0.0,0,59000,59000,59000,0,0,0.0,100.0,1,high,24.01,6,2,none,,59,https://www.musinsa.com/products/4607163
2026-09-02,마인드브릿지 우먼,4611451,[ON][W]와이드 밴딩 데님 팬츠 - 5color,0.0,0,9900,9900,9900,0,0,0.0,64.49,0,low,23.99,4,1,none,,59,https://www.musinsa.com/products/4611451
2026-09-02,마인드브릿지 우먼,4613243,[W]두굿_숏다운점퍼 - 4color MYDJ82A1,0.0,0,151050,151050,151050,0,0,0.0,64.5,0,low,23.99,4,1,none,,59,https://www.musinsa.com/products/4613243
2026-09-02,마인드브릿지 우먼,4619643,[ON][W]여20MM소 가죽 캐주얼 벨트 - 5color,17.89,356043,19900,19900,19900,0,0,0.0,100.0,1,high,9.5,29,12,none,,59,https://www.musinsa.com/products/4619643
2026-09-02,아틀리에 나인,4620539,NORDICK HALF SLEEVE KNIT(T-6953),0.0,0,80100,80100,80100,0,0,0.0,64.5,0,low,23.99,4,1,none,,59,https://www.musinsa.com/products/4620539
2026-09-02,링서울,4623675,v-neck sleeveless dress-black,0.0,0,112680,112680,112680,0,0,0.0,100.0,1,high,24.01,6,2,none,,59,https://www.musinsa.com/products/4623675
2026-09-02,카키포인트,4630011,Ribbed Mini Shorts (gray),0.0,0,28080,28080,28080,0,0,0.0,100.0,1,high,24.09,5,2,none,,59,https://www.musinsa.com/products/4630011
2026-09-02,디앤에스알,4637435,베이직 라운드 가디건 레드,0.0,0,99200,99200,99200,0,0,0.0,64.5,0,low,23.99,4,1,none,,59,https://www.musinsa.com/products/4637435
2026-09-02,1993스튜디오,4637947,[CHODAN] 피그먼트 트랙 롱슬리브_라이트그레이,0.0,0,58500,58500,58500,0,0,0.0,100.0,1,high,24.0,5,2,none,,59,https://www.musinsa.com/products/4637947
2026-09-02,니티드,4645627,렛츠 러브 도넛 라운드 니트 BLACK,0.0,0,41580,41580,41580,0,0,0.0,77.03,0,low,24.0,4,1,none,,59,https://www.musinsa.com/products/4645627
2026-09-02,니티드,4645883,피그먼트 렛츠 러브 맨투맨 WASHING CHARCOAL,0.0,0,41580,41580,41580,0,0,0.0,77.03,0,low,24.0,4,1,none,,59,https://www.musinsa.com/products/4645883
2026-09-02,슬로우애시드,4648315,립밤 키링 [실버],0.77,12480,16200,16200,16200,0,0,0.0,77.03,0,low,24.0,4,1,none,,59,https://www.musinsa.com/products/4648315
2026-09-02,론론,4649019,HEART ARGYLE HEAVY CROP KNIT NAVY,0.0,0,134460,134460,134460,0,0,0.0,100.0,1,high,24.09,5,2,none,,59,https://www.musinsa.com/products/4649019
2026-09-02,카네이테이,4681723,MINIMAL MIL MESSENGER BAG M (BLACK) / UPCYCLED,0.0,0,62580,62580,62580,0,0,0.0,100.0,1,high,24.08,5,2,none,,59,https://www.musinsa.com/products/4681723
2026-09-02,트래블,4694267,프론트 백 워싱 데님 팬츠 블랙,0.0,0,47500,47500,47500,0,0,0.0,100.0,1,high,24.09,5,2,none,,59,https://www.musinsa.com/products/4694267
2026-09-02,나이스고스트클럽,4694587,PRETTY BOY HOODIE_BLUE(NG2FSUM405A),0.0,0,53400,53400,53400,0,0,0.0,100.0,1,high,24.01,6,2,none,,59,https://www.musinsa.com/products/4694587
2026-09-02,아워데이즈,4695291,프레디 투턱 와이드 생지 데님 [RAW BLACK],0.77,38214,49600,49600,49600,0,0,0.0,77.04,0,low,24.0,4,1,none,,59,https://www.musinsa.com/products/4695291
2026-09-02,에이치덱스,4695547,우먼스 래글런 크롭 숏 슬리브 (Charcoal),0.0,0,31200,31200,31200,0,0,0.0,77.04,0,low,24.0,4,1,none,,59,https://www.musinsa.com/products/4695547
2026-09-02,아틀리에 나인,4697275,ESSENTIAL WOOL WARM CARDIGAN(CD-2171),0.0,0,71100,71100,71100,0,0,0.0,64.51,0,low,23.99,4,1,none,,59,https://www.musinsa.com/products/4697275
2026-09-02,파브레가,4699515,퍼니셔 체크 셔츠 (아이보리),1.54,106794,69300,69300,69300,0,0,0.0,77.04,0,low,24.0,4,1,none,,59,https://www.musinsa.com/products/4699515
2026-09-02,꼼파뇨,4703803,[2-WAY] 바시티 스냅 가디건 네이비,0.0,0,59800,59800,59800,0,0,0.0,89.52,0,low,24.0,4,1,none,,59,https://www.musinsa.com/products/4703803
2026-09-02,엘무드,4705467,트위즐러 오간자 블루종 자켓 블랙,0.0,0,109000,109000,109000,0,0,0.0,100.0,1,high,24.0,5,2,none,,59,https://www.musinsa.com/products/4705467
2026-09-02,마인드브릿지,4705787,테이퍼드 밴딩 데님 팬츠,0.0,0,53900,53900,53900,0,0,0.0,89.52,0,low,24.0,4,1,none,,59,https://www.musinsa.com/products/4705787
2026-09-02,키르시,4716923,키르시 플레인 스트라이프 루즈핏 셔츠 [스카이],0.0,0,53400,53400,53400,0,0,0.0,100.0,1,high,24.0,5,2,none,,59,https://www.musinsa.com/products/4716923
2026-09-02,세터,4718587,클래식 로고 볼캡 스카이 블루,0.0,0,69000,69000,69000,0,0,0.0,64.52,0,low,23.99,4,1,none,,59,https://www.musinsa.com/products/4718587
2026-09-02,트래블,4721211,체크 칼라드 파이핑 자켓 그린,0.0,0,59500,59500,59500,0,0,0.0,100.0,1,high,24.09,5,2,none,,59,https://www.musinsa.com/products/4721211
2026-09-02,낫포너드,4725499,Forbidden Embers Pullover Hood - Navy,0.0,0,37000,37000,37000,0,0,0.0,77.05,0,low,24.0,4,1,none,,59,https://www.musinsa.com/products/4725499
2026-09-02,레더리,4726459,빈티지 벨티드 숄더백 [WASHED IV],0.0,0,44800,44800,44800,0,0,0.0,89.53,0,low,24.0,4,1,none,,59,https://www.musinsa.com/products/4726459
2026-09-02,카네이테이,4728827,NO BOUNDARIES HOOD ZIP-UP (OLIVE),0.0,0,59000,59000,41300,1,17700,42.86,100.0,1,medium,24.08,5,2,none,,59,https://www.musinsa.com/products/4728827
2026-09-02,알리스,4729467,시그니처 로고 세미 슬림 타이 [솔리드블랙],0.0,0,22610,22610,22610,0,0,0.0,89.53,0,low,24.0,4,1,none,,59,https://www.musinsa.com/products/4729467
2026-09-02,제너럴아이디어,4731323,UNISEX 롱슬리브 보더 티셔츠 [DUST BLUE] / SBE1U01003,0.0,0,31320,31320,31320,0,0,0.0,100.0,1,high,24.08,5,2,none,,59,https://www.musinsa.com/products/4731323
2026-09-02,아틀리에 나인,4732795,ESSENTIAL WOOL FIA KNIT(T-7035),0.0,0,56880,56880,56880,0,0,0.0,64.52,0,low,23.99,4,1,none,,59,https://www.musinsa.com/products/4732795
2026-09-02,유니온블루,4733307,HARD TWIST COTTON RIBBED KNIT [MAUVE BROWN],0.0,0,79380,79380,79380,0,0,0.0,100.0,1,high,24.08,5,2,none,,59,https://www.musinsa.com/products/4733307
2026-09-02,노매뉴얼,4734267,B.C.L DENIM PANTS - WASHED BLACK,0.0,0,94500,94500,94500,0,0,0.0,89.54,0,low,24.0,4,1,none,,59,https://www.musinsa.com/products/4734267
2026-09-02,오헤시오,4737659,"SHIRT HOODED ZIP-UP, PURPLE CHECK",0.0,0,188100,188100,188100,0,0,0.0,100.0,1,high,24.09,5,2,none,,59,https://www.musinsa.com/products/4737659
2026-09-02,1993스튜디오,4741243,어센틱 아치 로고 스웨트셔츠_블랙,0.0,0,55000,55000,55000,0,0,0.0,100.0,1,high,24.0,5,2,none,,59,https://www.musinsa.com/products/4741243
2026-09-02,러프사이드,4741755,Shirring Shirt Dark Navy,0.0,0,128000,128000,128000,0,0,0.0,64.52,0,low,23.99,4,1,none,,59,https://www.musinsa.com/products/4741755
2026-09-02,글로니,4749691,WILLY POP PANTS (WHITE STRIPE),0.0,0,98000,98000,98000,0,0,0.0,100.0,1,high,24.09,5,2,none,,59,https://www.musinsa.com/products/4749691
2026-09-02,론론,4749883,KNOT V NECK SHORT SLEEVE KNIT IVORY,0.0,0,62370,62370,62370,0,0,0.0,100.0,1,high,24.09,5,2,none,,59,https://www.musinsa.com/products/4749883
2026-09-02,락케이크,4753979,Basic Slit Logo Crop Top - Black,0.0,0,16900,16900,16900,0,0,0.0,100.0,1,high,24.09,5,2,none,,59,https://www.musinsa.com/products/4753979
2026-09-02,커버낫,4756475,슬럽 아치 로고 롱슬리브 Black,0.0,0,31500,31500,31500,0,0,0.0,100.0,1,high,24.0,5,2,none,,59,https://www.musinsa.com/products/4756475
2026-09-02,커버낫,4756603,C 로고 데님 셔츠 Indigo,0.0,0,71280,71280,71280,0,0,0.0,100.0,1,high,24.0,5,2,none,,59,https://www.musinsa.com/products/4756603
2026-09-02,스컬프터,4756987,Two Way Cable Cardigan Red,0.0,0,92160,92160,92160,0,0,0.0,100.0,1,high,24.08,5,2,none,,59,https://www.musinsa.com/products/4756987
2026-09-02,더니트컴퍼니,4758203,(W) 파인 울 카라 니트 3color,0.0,0,219000,219000,219000,0,0,0.0,77.06,0,low,24.0,4,1,none,,59,https://www.musinsa.com/products/4758203
2026-09-02,파르티멘토 우먼,4760059,PWC 버튼업 와이드립 가디건_아이보리,0.0,0,46980,46980,46980,0,0,0.0,89.57,0,low,24.0,4,1,none,,59,https://www.musinsa.com/products/4760059
2026-09-02,미세키서울,4761211,Ribbed layered cardigan knit CHARCOAL,0.0,0,120870,120870,120870,0,0,0.0,89.58,0,low,24.0,4,1,none,,59,https://www.musinsa.com/products/4761211
2026-09-02,플리즈노팔로우,4763195,Bunny Snap Button Top ( Ver.1 ) (Pink),3.43,221951,64800,64800,64800,0,0,0.0,100.0,1,high,24.08,8,2,none,,59,https://www.musinsa.com/products/4763195
2026-09-02,에이치덱스,4763643,우먼스 어시스트 밴딩 브라탑 (Black),0.0,0,39200,39200,39200,0,0,0.0,77.07,0,low,24.0,4,1,none,,59,https://www.musinsa.com/products/4763643
2026-09-02,에이치덱스,4763771,우먼스 스포티 링거 브이넥 숏 슬리브 (Black),0.0,0,33600,33600,33600,0,0,0.0,77.07,0,low,24.0,4,1,none,,59,https://www.musinsa.com/products/4763771
2026-09-02,스키즘 인듀싱,4765819,DENIM BIG CARGO PANTS BLUE,0.0,0,142800,142800,142800,0,0,0.0,100.0,1,high,24.09,5,2,none,,59,https://www.musinsa.com/products/4765819
2026-09-02,스키즘 인듀싱,4766075,METAL SLEEVELESS BLACK,0.0,0,55250,55250,55250,0,0,0.0,100.0,1,high,24.09,5,2,none,,59,https://www.musinsa.com/products/4766075
2026-09-02,디스이즈네버댓,4767483,UL Mini Bag Olive,0.0,0,31500,31500,31500,0,0,0.0,100.0,1,low,24.0,5,2,none,,59,https://www.musinsa.com/products/4767483
2026-09-02,디스이즈네버댓,4767547,Overdyed Corduroy Short Slate,0.0,0,54500,54500,54500,0,0,0.0,100.0,1,high,24.0,5,2,none,,59,https://www.musinsa.com/products/4767547
2026-09-02,디스이즈네버댓,4767611,Regular Jeans Grey,0.0,0,139000,139000,139000,0,0,0.0,100.0,1,high,24.0,5,2,none,,59,https://www.musinsa.com/products/4767611
2026-09-02,인사일런스 우먼,4767931,쉬어 나일론 트렌치 DARK GREY,0.0,0,188800,188800,212400,1,-23600,-11.11,100.0,1,medium,24.09,5,2,none,,59,https://www.musinsa.com/products/4767931
2026-09-02,세터,4768891,로턴 올 데이 트랙 팬츠 크림 블랙,0.0,0,139000,139000,139000,0,0,0.0,64.54,0,low,23.99,4,1,none,,59,https://www.musinsa.com/products/4768891
2026-09-02,유니폼브릿지,4772987,anchor sweatshirt navy,0.0,0,31600,31600,31600,0,0,0.0,100.0,1,high,24.08,5,2,none,,59,https://www.musinsa.com/products/4772987
2026-09-02,유니폼브릿지,4773051,leather car coat black washed,0.0,0,139500,139500,139500,0,0,0.0,100.0,1,high,24.08,5,2,none,,59,https://www.musinsa.com/products/4773051
2026-09-02,프리즘웍스,4773243,CP WIDE DENIM PANTS _ BLACK,0.0,0,53400,53400,53400,0,0,0.0,100.0,1,high,24.09,5,2,none,,59,https://www.musinsa.com/products/4773243
2026-09-02,아메스 월드와이드,4773435,VINTAGE STAR TEE CREAM,0.57,15485,27300,21840,19110,1,2730,14.29,89.59,0,low,37.91,5,1,none,,59,https://www.musinsa.com/products/4773435
2026-09-02,아메스 월드와이드,4773563,CHECK SHORTSLEEVE SHIRTS PINK,0.0,0,38640,38640,33810,1,4830,14.29,89.59,0,low,24.0,4,1,none,,59,https://www.musinsa.com/products/4773563
2026-09-02,9999아카이브,4774203,Grunge Bone Logo T,0.0,0,44100,44100,44100,0,0,0.0,100.0,1,high,24.01,6,2,none,,59,https://www.musinsa.com/products/4774203
2026-09-02,모즈모즈,4779771,어깨 절개 무지 오버핏 피그먼트 반팔티셔츠 베이지,0.0,0,22500,22500,22500,0,0,0.0,64.55,0,low,23.99,4,1,none,,59,https://www.musinsa.com/products/4779771
2026-09-02,틸아이다이,4780603,Mix stripe heart logo t-shirt_Blue,0.0,0,46030,46030,46030,0,0,0.0,100.0,1,high,24.08,5,2,none,,59,https://www.musinsa.com/products/4780603
2026-09-02,모즈모즈,4782139,락멍이 오버핏 반팔티셔츠 화이트,0.0,0,30400,30400,30400,0,0,0.0,64.56,0,low,23.99,4,1,none,,59,https://www.musinsa.com/products/4782139
2026-09-02,데케트,4783803,Chambray Over Shirt DCSH008LightBlue,0.0,0,45500,45500,45500,0,0,0.0,89.6,0,low,24.0,4,1,none,,59,https://www.musinsa.com/products/4783803
2026-09-02,웬즈데이오아시스,4783931,빈티지 크랙 오아시스 스웨트셔츠_3Color(W25-TP03),0.0,0,46200,46200,46200,0,0,0.0,100.0,1,high,24.09,5,2,none,,59,https://www.musinsa.com/products/4783931
2026-09-02,나이스고스트클럽,4785147,FFATS ROUND COLLAR SHIRT_YELLOW(NG2FSUW300A),0.0,0,58860,58860,58860,0,0,0.0,100.0,1,high,24.01,6,2,none,,59,https://www.musinsa.com/products/4785147
2026-09-02,파르티멘토 우먼,4790139,레이스 펀칭 90s 숏슬리브 티_화이트,0.0,0,31590,31590,31590,0,0,0.0,89.6,0,low,24.0,4,1,none,,59,https://www.musinsa.com/products/4790139
2026-09-02,슈퍼서브,4795643,SWAVER 로고 데끼 스웨트셔츠 - 피그먼트 차콜,0.0,0,49900,49900,49900,0,0,0.0,77.08,0,low,24.0,4,1,none,,59,https://www.musinsa.com/products/4795643
2026-09-02,디미트리블랙,4796667,에센셜 피그먼트 와플 후드 티셔츠_네이비,0.0,0,39900,39900,39900,0,0,0.0,100.0,1,high,24.0,5,2,none,,59,https://www.musinsa.com/products/4796667
2026-09-02,커버낫,4797051,[스탠다드 핏] 아치 로고 빈티지 아트웍 볼캡 Blue,0.0,0,26330,26330,26330,0,0,0.0,100.0,1,high,24.0,5,2,none,,59,https://www.musinsa.com/products/4797051
2026-09-02,커버낫,4797819,헨리넥 롱슬리브 Ivory,0.0,0,35100,35100,35100,0,0,0.0,100.0,1,high,24.0,5,2,none,,59,https://www.musinsa.com/products/4797819
2026-09-02,커버낫,4797883,어센틱 로고 후드집업 Melange Gray,0.0,0,78480,78480,78480,0,0,0.0,100.0,1,high,24.0,5,2,none,,59,https://www.musinsa.com/products/4797883
2026-09-02,아캄,4798651,Contrast Logo Button Hoodie (Brown),0.0,0,110700,110700,110700,0,0,0.0,64.58,0,low,23.99,4,1,none,,59,https://www.musinsa.com/products/4798651
2026-09-02,본투윈,4799355,WASHED DENIM OVER FIT SHIRTS [MID DENIM],0.0,0,149000,149000,149000,0,0,0.0,100.0,1,low,24.09,5,2,none,,59,https://www.musinsa.com/products/4799355
2026-09-02,브렌슨,4806459,( Waffle ) 스트링 와이드 와플 팬츠 ( 4Color ),0.8,23815,29900,29900,29900,0,0,0.0,100.0,1,high,24.0,5,2,none,,59,https://www.musinsa.com/products/4806459
2026-09-02,언더오프,4813435,오버핏 스웨트 후디 캐피탈 런던 화이트멜란지,0.0,0,35920,35920,42900,1,-6980,-16.27,100.0,1,medium,24.0,5,2,none,,59,https://www.musinsa.com/products/4813435
2026-09-02,트리밍버드,4814075,Distressed Leather Set-up Shorts [ Black ],0.0,0,189000,189000,189000,0,0,0.0,100.0,1,high,24.09,5,2,none,,59,https://www.musinsa.com/products/4814075
2026-09-02,낫포너드,4814203,Curved Semi Wide Denim Pants - Deep Indigo,0.77,40933,53100,53100,53100,0,0,0.0,77.08,0,low,24.0,4,1,none,,59,https://www.musinsa.com/products/4814203
2026-09-02,해칭룸,4814907,VTG Double knee Pants Khaki,0.0,0,182400,182400,182400,0,0,0.0,89.6,0,low,24.0,4,1,none,,59,https://www.musinsa.com/products/4814907
2026-09-02,브룩스 브라더스,4817659,코튼 피케 솔리드 숏슬리브 폴로  (옐로우) (BBNTMF9576GFM),0.0,0,71400,71400,,0,,,47.72,0,low,23.99,2,1,none,,59,https://www.musinsa.com/products/4817659
2026-09-02,러브이즈트루,4823227,[MARIE] LAYERED SHORT SKIRT(WHITE),0.0,0,34810,34810,34810,0,0,0.0,100.0,1,high,24.01,6,2,none,,59,https://www.musinsa.com/products/4823227
2026-09-02,칙스,4827323,버뮤다 와이드 코튼 팬츠 아이보리,0.0,0,39900,39900,39900,0,0,0.0,100.0,1,high,24.09,5,2,none,,59,https://www.musinsa.com/products/4827323
2026-09-02,꼼파뇨,4828987,DTP 러브 펜스 반팔티 화이트,0.0,0,33800,33800,33800,0,0,0.0,89.61,0,low,24.0,4,1,none,,59,https://www.musinsa.com/products/4828987
2026-09-02,플리즈노팔로우,4841211,Megan Patch Long Sleeve Top (Charcoal),0.0,0,71200,71200,71200,0,0,0.0,100.0,1,high,24.08,5,2,none,,59,https://www.musinsa.com/products/4841211
2026-09-02,무센트,4853883,시그니처 로고 리유저블 보틀,0.0,0,14310,14310,11130,1,3180,28.57,100.0,1,medium,24.0,5,2,none,,59,https://www.musinsa.com/products/4853883
2026-09-02,디스이즈네버댓,4854779,Overdyed NEVER Cap Beige,0.4,10960,27500,27500,27500,0,0,0.0,100.0,1,high,24.0,5,2,none,,59,https://www.musinsa.com/products/4854779
2026-09-02,로제프란츠,4860539,Puff Hairy Half Cardigan [Cream],0.0,0,30360,30360,30360,0,0,0.0,77.1,0,low,24.0,4,1,none,,59,https://www.musinsa.com/products/4860539
2026-09-02,1993스튜디오,4862395,빈티지 카모 스트링 짐색_카모,0.0,0,79000,79000,79000,0,0,0.0,100.0,1,high,24.0,5,2,none,,59,https://www.musinsa.com/products/4862395
2026-09-02,로제프란츠,4863739,Leopard Big Bag [Black],0.0,0,37400,37400,37400,0,0,0.0,77.1,0,low,24.0,4,1,none,,59,https://www.musinsa.com/products/4863739
2026-09-02,론론,4865659,DOT PATTERN BANDING KNIT MINI SKIRT CHARCOAL PINK DOT,0.0,0,62370,62370,62370,0,0,0.0,100.0,1,high,24.09,5,2,none,,59,https://www.musinsa.com/products/4865659
2026-09-02,틸아이다이,4865787,Danna coloring collar gold button jumper_Sand Beige,0.0,0,180080,180080,180080,0,0,0.0,100.0,1,high,24.09,5,2,none,,59,https://www.musinsa.com/products/4865787
2026-09-02,인사일런스 우먼,4876411,슬릭 스트랩 팬츠 ASH BEIGE,0.0,0,134400,134400,151200,1,-16800,-11.11,100.0,1,medium,24.09,5,2,none,,59,https://www.musinsa.com/products/4876411
2026-09-02,드릭스,4888315,맥시 와이드 스웨트 버뮤다 쇼츠_멜란지 화이트,1.96,57832,29580,29580,29580,0,0,0.0,100.0,1,high,24.09,5,2,none,,59,https://www.musinsa.com/products/4888315
2026-09-02,2000아카이브스,4889275,ARC RACING JACKET (BEIGE),0.0,0,172660,172660,151080,1,21580,14.28,100.0,1,medium,24.08,5,2,none,,59,https://www.musinsa.com/products/4889275
2026-09-02,에이치덱스,4893115,우먼스 레이어 피그먼트 크롭 숏 슬리브 (Pigment charcoal),0.0,0,36000,36000,36000,0,0,0.0,77.11,0,low,24.0,4,1,none,,59,https://www.musinsa.com/products/4893115
2026-09-02,플랙,4893819,미니 로고 스웨트셔츠_4colors,0.0,0,45000,45000,45000,0,0,0.0,100.0,1,high,24.01,5,2,none,,59,https://www.musinsa.com/products/4893819
2026-09-02,더바넷,4893947,Cloudy Wind Set-Up Pants_White,0.0,0,103680,103680,103680,0,0,0.0,77.11,0,low,24.0,4,1,none,,59,https://www.musinsa.com/products/4893947
2026-09-02,슬로우애시드,4898171,아웃 포켓 버뮤다 카고 코튼 쇼츠 [카키],0.0,0,27600,27600,27600,0,0,0.0,77.11,0,low,24.0,4,1,none,,59,https://www.musinsa.com/products/4898171
2026-09-02,마인드브릿지,4898363,릴랙스핏 풀 밴딩 하프 팬츠 - 2color,0.9,22316,24900,24900,24900,0,0,0.0,89.62,0,low,24.0,4,1,none,,59,https://www.musinsa.com/products/4898363
2026-09-02,론론,4900667,FRILL SHIRRING SLEEVE T SHIRT (2color),0.0,0,53460,53460,53460,0,0,0.0,100.0,1,high,24.09,5,2,none,,59,https://www.musinsa.com/products/4900667
2026-09-02,어반드레스,4902395,Thin Bootscut Pants DEEP BLUE,0.0,0,56100,56100,56100,0,0,0.0,100.0,1,low,48.09,4,2,none,,59,https://www.musinsa.com/products/4902395
2026-09-02,넌블랭크,4905851,[여름]울 텐셀 언컨 셋업_BLACK,0.0,0,190400,190400,190400,0,0,0.0,100.0,1,high,24.01,6,2,none,,59,https://www.musinsa.com/products/4905851
2026-09-02,디스이즈네버댓,4905915,Washed Denim S/S Shirt Grey,0.0,0,87200,87200,87200,0,0,0.0,100.0,1,high,24.01,5,2,none,,59,https://www.musinsa.com/products/4905915
2026-09-02,넌블랭크,4906107,[여름]하이쿨 세미 오버 핏 셋업_BLACK,0.0,0,190400,190400,190400,0,0,0.0,100.0,1,high,24.01,6,2,none,,59,https://www.musinsa.com/products/4906107
2026-09-02,파르티멘토 우먼,4907963,트랜스폼 더블니 패치 진_미드 블루,0.0,0,104490,104490,104490,0,0,0.0,89.63,0,low,24.0,4,1,none,,59,https://www.musinsa.com/products/4907963
2026-09-02,커버낫,4913979,센터 어센틱 티셔츠 Lime,0.0,0,24960,24960,24960,0,0,0.0,100.0,1,high,24.01,5,2,none,,59,https://www.musinsa.com/products/4913979
2026-09-02,커버낫,4914427,C 로고 피그먼트 옥스포드 하프 셔츠 Blue,0.0,0,49770,49770,49770,0,0,0.0,100.0,1,high,24.01,5,2,none,,59,https://www.musinsa.com/products/4914427
2026-09-02,코드그라피,4922235,(우먼) 스몰 스퀘어 로고 링거 반소매 티셔츠_화이트,0.0,0,30800,30800,30800,0,0,0.0,77.12,0,low,24.0,4,1,none,,59,https://www.musinsa.com/products/4922235
2026-09-02,바우로 프로덕트,4924475,소프트 반폴라 반팔 니트 [아이보리],0.0,0,39900,39900,39900,0,0,0.0,77.12,0,low,24.0,4,1,none,,59,https://www.musinsa.com/products/4924475
2026-09-02,밀로 아카이브,4924667,볼드 키 티셔츠 [버건디],0.95,32050,33600,33600,33600,0,0,0.0,100.0,1,high,24.01,6,2,none,,59,https://www.musinsa.com/products/4924667
2026-09-02,밀로 아카이브,4924923,버티컬 웨이브 셔츠 [네이비],0.0,0,75600,75600,75600,0,0,0.0,100.0,1,low,24.01,6,2,none,,59,https://www.musinsa.com/products/4924923
2026-09-02,일꼬르소,4936187,벤투라 버뮤다 팬츠 크림 베이지 IEPA5E403I1,0.0,0,59400,59400,59400,0,0,0.0,100.0,1,high,24.01,5,2,none,,59,https://www.musinsa.com/products/4936187
2026-09-02,필루미네이트,4942011,버뮤다 빅 데님 쇼츠-인디고,0.0,0,39000,39000,39000,0,0,0.0,100.0,1,high,24.01,6,2,none,,59,https://www.musinsa.com/products/4942011
2026-09-02,아웃스탠딩,4947323,HS STRIPE CREW NECK KNIT_IVORY,0.0,0,29000,29000,29000,0,0,0.0,100.0,1,high,24.08,5,2,none,,59,https://www.musinsa.com/products/4947323
2026-09-02,아웃스탠딩,4947387,VINTAGE LINEN COTTON OPEN COLLAR SHIRT_L.BLUE,0.0,0,86400,86400,86400,0,0,0.0,14.48,0,low,24.08,4,1,none,,59,https://www.musinsa.com/products/4947387
2026-09-02,데케트,4948091,[린넨라이크]Linen Like Mid Rise Wide Jeans DCPT039RustBrown,0.0,0,37000,37000,37000,0,0,0.0,89.64,0,low,24.0,4,1,none,,59,https://www.musinsa.com/products/4948091
2026-09-02,데케트,4948219,Chambray Over Hood Short Shirt DCSH013LightBlue,0.0,0,31000,31000,31000,0,0,0.0,89.64,0,low,24.0,4,1,none,,59,https://www.musinsa.com/products/4948219
2026-09-02,어반드레스,4949243,Paren Nylon Pants - 4COL,0.0,0,63750,63750,63750,0,0,0.0,100.0,1,high,24.09,5,2,none,,59,https://www.musinsa.com/products/4949243
2026-09-02,필루미네이트,4949819,모션 고스트 티셔츠-블랙,0.0,0,24000,24000,24000,0,0,0.0,100.0,1,high,24.01,6,2,none,,59,https://www.musinsa.com/products/4949819
2026-09-02,코드그라피,4954043,(우먼) 라인 크롭 반팔 티셔츠_오프화이트,0.0,0,22000,22000,22000,0,0,0.0,77.13,0,low,24.0,4,1,none,,59,https://www.musinsa.com/products/4954043
2026-09-02,에이치덱스,4958331,베이직 투톤 코튼 볼캡 (Green),0.0,0,39000,39000,39000,0,0,0.0,77.14,0,low,24.0,4,1,none,,59,https://www.musinsa.com/products/4958331
2026-09-02,해비즘,4960827,LAYERED SWEAT SKIRT PANTS(GREY),0.0,0,36000,36000,36000,0,0,0.0,100.0,1,high,24.01,6,2,none,,59,https://www.musinsa.com/products/4960827
2026-09-02,디앤에스알,4964987,스트라이프 롱슬리브 블랙,0.0,0,64800,64800,64800,0,0,0.0,64.63,0,low,23.99,4,1,none,,59,https://www.musinsa.com/products/4964987
2026-09-02,벨리에,4967547,브러쉬드 탐 가디건 - 네이비 스트라이프,0.0,0,169100,169100,169100,0,0,0.0,64.63,0,low,23.99,4,1,none,,59,https://www.musinsa.com/products/4967547
2026-09-02,디스이즈네버댓,4968507,Hamburger W Tee Oatmeal,0.0,0,20800,20800,20800,0,0,0.0,100.0,1,high,24.0,5,2,none,,59,https://www.musinsa.com/products/4968507
2026-09-02,언더오프,4973947,오버핏 래글런 반팔 티셔츠 브라운,0.0,0,19900,19900,19900,0,0,0.0,100.0,1,high,24.01,5,2,none,,59,https://www.musinsa.com/products/4973947
2026-09-02,커버낫,4974331,워싱 데님 하프 셔츠 Blue,0.0,0,62100,62100,62100,0,0,0.0,100.0,1,high,24.0,5,2,none,,59,https://www.musinsa.com/products/4974331
2026-09-02,바우프,4992379,B 사이드 로고 볼캡 [도트 그레이],0.0,0,46750,46750,46750,0,0,0.0,77.14,0,low,24.0,4,1,none,,59,https://www.musinsa.com/products/4992379
2026-09-02,굿라이프웍스,4999867,빈티지 워시드 케이블 하프 니트 차콜,0.0,0,34300,34300,34300,0,0,0.0,64.64,0,low,23.99,4,1,none,,59,https://www.musinsa.com/products/4999867
2026-09-02,굿라이프웍스,4999995,G 아치 로고 캡 크림,0.0,0,25900,25900,25900,0,0,0.0,64.64,0,low,23.99,4,1,none,,59,https://www.musinsa.com/products/4999995
2026-09-02,1993스튜디오,5008379,[LG트윈스x1993스튜디오] 핀 스트라이프 후드 윈드브레이커_블랙,0.0,0,132000,132000,132000,0,0,0.0,100.0,1,high,24.01,5,2,none,,59,https://www.musinsa.com/products/5008379
2026-09-02,트래블,5012731,져지 하프넥 아노락 블랙,0.73,20483,28000,28000,28000,0,0,0.0,100.0,1,high,24.09,5,2,none,,59,https://www.musinsa.com/products/5012731
2026-09-02,와르,5015355,M1058 버뮤다 스웻 팬츠 (4COLORS),0.0,0,18000,18000,18000,0,0,0.0,100.0,1,high,24.08,5,2,none,,59,https://www.musinsa.com/products/5015355
2026-09-02,아캄,5017659,OTAKU Boucle Ringer Top (White),0.0,0,48300,48300,48300,0,0,0.0,64.64,0,low,23.99,4,1,none,,59,https://www.musinsa.com/products/5017659
2026-09-02,미세키서울,5024891,Misekiseoul classic socks BLACK,0.0,0,15300,15300,15300,0,0,0.0,89.67,0,low,24.0,4,1,none,,59,https://www.musinsa.com/products/5024891
2026-09-02,카키포인트,5027643,Antique Tweed Shorts (ivory),0.0,0,92570,92570,92570,0,0,0.0,100.0,1,high,24.09,5,2,none,,59,https://www.musinsa.com/products/5027643
2026-09-02,루에브르,5028155,Hale Mules HA5SC011-9P,0.0,0,229000,229000,229000,0,0,0.0,100.0,1,high,24.09,5,2,none,,59,https://www.musinsa.com/products/5028155
2026-09-02,넌블랭크,5028987,DANDELION HS 티셔츠_BROWN,0.0,0,53520,53520,53520,0,0,0.0,100.0,1,high,24.01,6,2,none,,59,https://www.musinsa.com/products/5028987
2026-09-02,세터,5029499,스트라이프 칼라 반팔 티셔츠 아이보리 블루,0.0,0,129000,129000,129000,0,0,0.0,64.66,0,low,23.99,4,1,none,,59,https://www.musinsa.com/products/5029499
2026-09-02,세터,5029691,(W) 로턴 트랙 원피스 크림,0.0,0,149000,149000,149000,0,0,0.0,64.66,0,low,23.99,4,1,none,,59,https://www.musinsa.com/products/5029691
2026-09-02,웬즈데이오아시스,5030459,시그니처 커브 로고 반팔 티셔츠_NAVY(W25-TP21),0.0,0,27300,27300,27300,0,0,0.0,100.0,1,high,24.09,5,2,none,,59,https://www.musinsa.com/products/5030459
2026-09-02,웬즈데이오아시스,5030715,원마일 트랙 숏 팬츠_RED(W25-PT15),0.0,0,25200,25200,25200,0,0,0.0,100.0,1,high,24.09,5,2,none,,59,https://www.musinsa.com/products/5030715
2026-09-02,커버낫,5035131,시티 티셔츠 Navy,0.0,0,35100,35100,35100,0,0,0.0,100.0,1,high,24.01,5,2,none,,59,https://www.musinsa.com/products/5035131
2026-09-02,썸웨어버터,5035451,Lovey Button Cardigan - Grey,0.0,0,63000,63000,63000,0,0,0.0,100.0,1,high,24.01,6,2,none,,59,https://www.musinsa.com/products/5035451
2026-09-02,썸웨어버터,5035835,Champ Stripe Knit - Pink,0.0,0,89000,89000,89000,0,0,0.0,100.0,1,high,24.01,6,2,none,,59,https://www.musinsa.com/products/5035835
2026-09-02,유니온블루,5036539,HARD TWIST HENLEY-NECK HALF KNIT [GRAPHITE],0.0,0,60440,60440,60440,0,0,0.0,100.0,1,high,24.08,5,2,none,,59,https://www.musinsa.com/products/5036539
2026-09-02,로제프란츠,5037819,Rose Balloon Mini Dress [Charcoal],0.0,0,82080,82080,82080,0,0,0.0,77.16,0,low,24.0,4,1,none,,59,https://www.musinsa.com/products/5037819
2026-09-02,유니폼브릿지,5038459,naval stripe pocket s/s tee yellow,0.0,0,47400,47400,47400,0,0,0.0,100.0,1,high,24.08,5,2,none,,59,https://www.musinsa.com/products/5038459
2026-09-02,유니폼브릿지,5038715,bowling s/s shirt indi pink,0.0,0,59600,59600,59600,0,0,0.0,100.0,1,high,24.09,5,2,none,,59,https://www.musinsa.com/products/5038715
2026-09-02,해비즘,5039547,DOUBLE LACE S/S TEE(RED),0.0,0,26000,26000,26000,0,0,0.0,100.0,1,high,24.01,6,2,none,,59,https://www.musinsa.com/products/5039547
2026-09-02,인사일런스,5041403,다잉 카고 치노 쇼츠 BEIGE,0.0,0,111600,111600,111600,0,0,0.0,100.0,1,high,24.01,5,2,none,,59,https://www.musinsa.com/products/5041403
2026-09-02,무센트,5041723,펜타 사이드 핀턱 데님 팬츠 남녀공용 (2컬러),1.2,41889,34930,44910,34930,1,9980,28.57,100.0,1,medium,24.01,9,4,none,,59,https://www.musinsa.com/products/5041723
2026-09-02,러브이즈트루,5042875,SM RABBIT BALL CAP(WHITE),0.0,0,43200,43200,43200,0,0,0.0,100.0,1,high,24.01,3,2,none,,59,https://www.musinsa.com/products/5042875
2026-09-02,러브이즈트루,5043067,SM LAYERED LACE SLEEVELESS(RED),0.0,0,29990,29990,29990,0,0,0.0,100.0,1,high,24.01,6,2,none,,59,https://www.musinsa.com/products/5043067
2026-09-02,드헤베,5051963,Shirring Lace Sleeveless [Gray],0.0,0,45600,45600,45600,0,0,0.0,77.18,0,low,24.0,4,1,none,,59,https://www.musinsa.com/products/5051963
2026-09-02,스컬프터,5052923,Chateau Shithole Tie Tee White,0.0,0,48000,48000,48000,0,0,0.0,100.0,1,high,24.08,5,2,none,,59,https://www.musinsa.com/products/5052923
2026-09-02,유니온블루,5056699,VTG NEWYORK LOGO PRINTED T-SHIRT [CHARCOAL],0.0,0,44370,44370,44370,0,0,0.0,100.0,1,high,24.08,5,2,none,,59,https://www.musinsa.com/products/5056699
2026-09-02,트리밍버드,5059067,Two-Layer Overlap Dress [ White ],0.0,0,198000,198000,198000,0,0,0.0,100.0,1,high,24.09,5,2,none,,59,https://www.musinsa.com/products/5059067
2026-09-02,론론,5063867,FRILL SHIRRING SLEEVELESS BLACK DOT,0.0,0,44550,44550,44550,0,0,0.0,100.0,1,high,24.09,5,2,none,,59,https://www.musinsa.com/products/5063867
2026-09-02,필루미네이트,5065211,모노라인 스트라이프 티셔츠-블랙,0.0,0,29000,29000,29000,0,0,0.0,100.0,1,high,24.01,6,2,none,,59,https://www.musinsa.com/products/5065211
2026-09-02,로템버,5065531,[데일리룸 X 로템버] 오디너리 크롭 스트라이프 하프 셔츠 [WHITE] 단품/SET,2.33,101327,43520,43520,43520,0,0,0.0,100.0,1,low,48.09,6,2,none,,59,https://www.musinsa.com/products/5065531
2026-09-02,리메인세컨드,5066939,버뮤다 와이드 원턱 데님 밴딩 쇼츠 [샌드블루],0.0,0,18900,18900,18900,0,0,0.0,64.67,0,low,23.99,4,1,none,,59,https://www.musinsa.com/products/5066939
2026-09-02,드로우핏,5068731,[DRAW FIT X MANJAE] 리브드 헨리넥 하프 티셔츠 [IVORY],0.0,0,36000,36000,36000,0,0,0.0,77.18,0,low,9.03,9,6,none,,59,https://www.musinsa.com/products/5068731
2026-09-02,후드후드,5070779,[최겨울pick] H 로고 반팔티셔츠 카모,0.0,0,26330,26330,26330,0,0,0.0,77.18,0,low,24.0,4,1,none,,59,https://www.musinsa.com/products/5070779
2026-09-02,아틀리에 나인,5071355,MOIRE RIBBON STRING SKIRT(SK-5018),0.0,0,111200,111200,111200,0,0,0.0,64.67,0,low,23.99,4,1,none,,59,https://www.musinsa.com/products/5071355
2026-09-02,르바,5072443,Pocket Shirring Anorak Dress - White,0.0,0,152100,152100,152100,0,0,0.0,77.18,0,low,24.0,4,1,none,,59,https://www.musinsa.com/products/5072443
2026-09-02,테이크이지,5072827,자이언트핏 핀스트라이프 하프셔츠 (블랙),0.0,0,28500,28500,28500,0,0,0.0,39.99,0,low,24.0,4,1,none,,59,https://www.musinsa.com/products/5072827
2026-09-02,브룩스 브라더스,5076219,논아이론 에인즐리 반팔 드레스셔츠 (화이트) (BBTDMF0253A),0.0,0,149000,149000,149000,0,0,0.0,100.0,1,high,24.01,6,2,none,,59,https://www.musinsa.com/products/5076219
2026-09-02,헬레네파리스,5076731,크리즈 시스루 썸머 셔츠 [블랙],0.0,0,65800,65800,65800,0,0,0.0,100.0,1,high,24.09,5,2,none,,59,https://www.musinsa.com/products/5076731
2026-09-02,스컬프터,5079035,Crinkle Volumer Skort Dusty Beige,0.0,0,50560,50560,50560,0,0,0.0,100.0,1,high,24.08,5,2,none,,59,https://www.musinsa.com/products/5079035
2026-09-02,시눈,5079291,Shirring Bikini Brief (Pink),0.0,0,34980,34980,38860,1,-3880,-9.98,64.67,0,low,23.99,4,1,none,,59,https://www.musinsa.com/products/5079291
2026-09-02,기철,5081467,Hem button wide denim pants (raw indigo),0.0,0,55800,55800,55800,0,0,0.0,64.68,0,low,23.99,4,1,none,,59,https://www.musinsa.com/products/5081467
2026-09-02,바우로 프로덕트,5082619,패널 헨리넥 티셔츠 [그레이],0.0,0,39920,39920,39920,0,0,0.0,77.19,0,low,24.0,4,1,none,,59,https://www.musinsa.com/products/5082619
2026-09-02,썬러브투어,5090619,[STITCH] W Wappen Ringer Tee Heather Charcoal,0.0,0,28290,28290,27600,1,690,2.5,100.0,1,medium,24.09,5,2,none,,59,https://www.musinsa.com/products/5090619
2026-09-02,시그니처,5090683,썸머 옥스포드 크롭 하프 셔츠[화이트],1.54,46161,29900,29900,29900,0,0,0.0,77.19,0,low,24.0,8,1,none,,59,https://www.musinsa.com/products/5090683
2026-09-02,파르티멘토 우먼,5091963,스트라이프 숏슬리브 폴로 티_파스텔 블루,0.0,0,38880,38880,38880,0,0,0.0,89.68,0,low,24.0,4,1,none,,59,https://www.musinsa.com/products/5091963
2026-09-02,브라운브레스,5099323,BELIEVE OVERFIT TEE - LIGHT GREY,0.0,0,53100,53100,53100,0,0,0.0,100.0,1,high,24.09,5,2,none,,59,https://www.musinsa.com/products/5099323
2026-09-02,꼼파뇨,5104955,[CPGN X 카카오프렌즈] 서퍼 춘식 피그먼트 반팔티 스모크블랙,0.0,0,33800,33800,33800,0,0,0.0,89.69,0,low,24.0,4,1,none,,59,https://www.musinsa.com/products/5104955
2026-09-02,소버먼트,5105019,460G 피그먼트 링거 티셔츠-차콜-,3.13,109403,35000,35000,35000,0,0,0.0,100.0,1,low,24.01,10,4,none,,59,https://www.musinsa.com/products/5105019
2026-09-02,니티드,5109627,(UNISEX) 피그먼트 팜트리 그래픽 티셔츠 CHARCOAL,9.94,266516,26820,26820,26820,0,0,0.0,100.0,1,high,9.04,21,7,none,,59,https://www.musinsa.com/products/5109627
2026-09-02,론론,5109883,ALL OVER PRINT MINI SHORTS BLACK,0.0,0,44550,44550,44550,0,0,0.0,100.0,1,high,24.09,5,2,none,,59,https://www.musinsa.com/products/5109883
2026-09-02,드로우핏 우먼,5110843,페어 스트랩 슬리브리스 블라우스 [L.BEIGE],0.0,0,47520,47520,59400,1,-11880,-20.0,100.0,1,medium,24.09,5,2,none,,59,https://www.musinsa.com/products/5110843
2026-09-02,제멋,5115003,에어리 플레어 스웨트팬츠 그레이 JULP2626,0.0,0,29800,29800,29800,0,0,0.0,100.0,1,high,24.09,5,2,none,,59,https://www.musinsa.com/products/5115003
2026-09-02,썸웨어버터,5115195,Juicy Knit Bucket Hat - 3Color,0.0,0,73000,73000,73000,0,0,0.0,100.0,1,high,24.01,6,2,none,,59,https://www.musinsa.com/products/5115195
2026-09-02,2000아카이브스,5116859,BLESSED T (WHITE),0.0,0,53860,53860,47130,1,6730,14.28,100.0,1,medium,24.08,5,2,none,,59,https://www.musinsa.com/products/5116859
2026-09-02,더블유엠씨,5117691,마우스 프렌즈 티셔츠_WHITE,0.0,0,21500,21500,21500,0,0,0.0,100.0,1,high,24.01,6,2,none,,59,https://www.musinsa.com/products/5117691
2026-09-02,아캄,5118139,Cinch Back Cotton Pants (Ivory),0.0,0,122500,122500,122500,0,0,0.0,64.69,0,low,23.99,4,1,none,,59,https://www.musinsa.com/products/5118139
2026-09-02,트립르센스,5120763,로고 플레이트 모달코튼 슬리브리스_화이트,0.52,15512,29600,29600,29600,0,0,0.0,100.0,1,high,24.01,6,2,none,,59,https://www.musinsa.com/products/5120763
2026-09-02,스컬프터,5136251,Boho Hawaiian Shirt Misty Stripe,0.0,0,62720,62720,62720,0,0,0.0,100.0,1,high,24.08,5,2,none,,59,https://www.musinsa.com/products/5136251
2026-09-02,론론,5139771,DAILY CONTRAST CANVAS TOTE BAG CREAM NAVY,0.0,0,98820,98820,98820,0,0,0.0,100.0,1,high,24.09,5,2,none,,59,https://www.musinsa.com/products/5139771
2026-09-02,론론,5139835,STAR POCKET DENIM SHORTS PANTS MEDIUM BLUE,0.0,0,71280,71280,71280,0,0,0.0,100.0,1,high,24.09,5,2,none,,59,https://www.musinsa.com/products/5139835
2026-09-02,론론,5139963,RIBBON TIE PLEATED PEPLUM BLOUSE WHITE,0.0,0,98820,98820,98820,0,0,0.0,100.0,1,high,24.09,5,2,none,,59,https://www.musinsa.com/products/5139963
2026-09-02,9999아카이브,5144827,Check Nylon Mesh Windbreaker,0.0,0,113400,113400,113400,0,0,0.0,100.0,1,high,24.01,6,2,none,,59,https://www.musinsa.com/products/5144827
2026-09-02,해칭룸,5152315,Hatching Dragon Tee M.Grey,0.0,0,83000,83000,83000,0,0,0.0,89.7,0,low,24.0,4,1,none,,59,https://www.musinsa.com/products/5152315
2026-09-02,브룩스 브라더스,5154683,헤리티지 치노팬츠 (네이비) (BBPCMM5584QFS),0.0,0,259000,259000,207200,1,51800,25.0,100.0,1,medium,24.01,6,2,none,,59,https://www.musinsa.com/products/5154683
2026-09-02,론론,5155131,HEART STUD DAMAGE BOOTSCUT DENIM PANTS MEDIUM BLUE,0.0,0,89100,89100,89100,0,0,0.0,100.0,1,high,24.09,5,2,none,,59,https://www.musinsa.com/products/5155131
2026-09-02,니티드,5157115,버뮤다 트레이닝 하프 팬츠 MELANGE WHITE,0.35,12100,34580,31100,31100,0,0,0.0,77.2,0,low,52.95,5,1,none,,59,https://www.musinsa.com/products/5157115
2026-09-02,2000아카이브스,5169467,ITALIA POLO (GREEN+BLACK),0.0,0,109300,109300,95640,1,13660,14.28,100.0,1,medium,24.09,5,2,none,,59,https://www.musinsa.com/products/5169467
2026-09-02,파르티멘토 우먼,5170107,PWC 라운드넥 포켓 숏슬리브 티_더스티 베이지,0.0,0,25920,25920,25920,0,0,0.0,89.7,0,low,24.0,4,1,none,,59,https://www.musinsa.com/products/5170107
2026-09-02,바우로 프로덕트,5174843,써머 TR 슬랙스 [블랙],0.0,0,99000,99000,99000,0,0,0.0,77.21,0,low,24.0,4,1,none,,59,https://www.musinsa.com/products/5174843
2026-09-02,배드블러드,5176955,미스틱 나일론 리플렉티브 버뮤다 카고 팬츠 - 블랙카모,0.0,0,118150,118150,118150,0,0,0.0,100.0,1,high,24.09,5,2,none,,59,https://www.musinsa.com/products/5176955
2026-09-02,유니폼브릿지,5192123,stripe resort pants black,0.0,0,63600,63600,63600,0,0,0.0,100.0,1,high,24.08,5,2,none,,59,https://www.musinsa.com/products/5192123
2026-09-02,스컬프터,5193851,Zip 66666 Underboob Tank Raw,0.0,0,42880,42880,42880,0,0,0.0,100.0,1,high,24.09,5,2,none,,59,https://www.musinsa.com/products/5193851
2026-09-02,르아브,5195387,프레임 나그랑 크롭티셔츠 네이비,0.0,0,33000,33000,33000,0,0,0.0,100.0,1,high,24.01,6,2,none,,59,https://www.musinsa.com/products/5195387
2026-09-02,브라운브레스,5199995,BXM W DREAM TEE - WHITE,0.0,0,39200,39200,39200,0,0,0.0,100.0,1,high,24.09,5,2,none,,59,https://www.musinsa.com/products/5199995
2026-09-02,커버낫,5209851,[수올리 콜라보] 올덕 키링 White,0.0,0,15630,15630,15630,0,0,0.0,100.0,1,high,24.01,5,2,none,,59,https://www.musinsa.com/products/5209851
2026-09-02,배드블러드,5217659,컨벡스 데님 롱 버뮤다 팬츠 - 미드블루,0.0,0,135200,135200,135200,0,0,0.0,100.0,1,high,24.09,5,2,none,,59,https://www.musinsa.com/products/5217659
2026-09-02,오퍼스 0012,5219707,Op. 07 3-STAR T-SHIRTS BLACK,0.0,0,38350,38350,38350,0,0,0.0,100.0,1,high,24.08,5,2,none,,59,https://www.musinsa.com/products/5219707
2026-09-02,파르티멘토 우먼,5229819,버클 스트랩 웨지 플립플랍_라이트 그레이,0.0,0,251100,251100,251100,0,0,0.0,89.72,0,low,24.0,4,1,none,,59,https://www.musinsa.com/products/5229819
2026-09-02,커버낫,5230075,루베라 크로스백 Black,0.0,0,62300,62300,62300,0,0,0.0,100.0,1,high,24.01,5,2,none,,59,https://www.musinsa.com/products/5230075
2026-09-02,수아레,5234043,[수아레X로맨틱무브] 레더 레이스업 플랫슈즈,0.0,0,145000,145000,145000,0,0,0.0,89.73,0,low,24.0,4,1,none,,59,https://www.musinsa.com/products/5234043
2026-09-02,노매뉴얼,5242491,NEST HAIRY BEANIE - MIXED BLUE,0.0,0,59850,59850,59850,0,0,0.0,89.73,0,low,24.0,4,1,none,,59,https://www.musinsa.com/products/5242491
2026-09-02,노매뉴얼,5242683,LOOSE FIT TWO-TUCK PANTS - BLACK,0.0,0,81900,81900,81900,0,0,0.0,89.73,0,low,24.0,4,1,none,,59,https://www.musinsa.com/products/5242683
2026-09-02,노매뉴얼,5243259,STAMPED LOGO HOODIE - BLACK,0.0,0,70500,70500,70500,0,0,0.0,89.74,0,low,8.99,9,6,none,,59,https://www.musinsa.com/products/5243259
2026-09-02,노매뉴얼,5243323,ANOMALY KNIT ZIP-UP - CHARCOAL,0.0,0,132300,132300,132300,0,0,0.0,89.75,0,low,24.0,4,1,none,,59,https://www.musinsa.com/products/5243323
2026-09-02,커버낫,5243707,데일리 태블릿 크로스백 Black,0.0,0,29500,29500,29500,0,0,0.0,100.0,1,high,24.01,5,2,none,,59,https://www.musinsa.com/products/5243707
2026-09-02,썬러브투어,5243899,[The Fantastic Four] Comic Tee Oatmeal,0.0,0,34500,34500,34500,0,0,0.0,100.0,1,high,24.09,5,2,none,,59,https://www.musinsa.com/products/5243899
2026-09-02,오도어,5244091,Edit-sh bolero shirts,0.0,0,76300,76300,76300,0,0,0.0,100.0,1,high,24.09,5,2,none,,59,https://www.musinsa.com/products/5244091
2026-09-02,필루미네이트,5248443,시그니처 어센틱 로고 스웨트셔츠-네이비,0.0,0,36000,36000,36000,0,0,0.0,100.0,1,high,24.01,6,2,none,,59,https://www.musinsa.com/products/5248443
2026-09-02,굿라이프웍스,5250171,오버핏 브러쉬 체크 셔츠 카키,0.0,0,19600,19600,19600,0,0,0.0,64.74,0,low,23.99,4,1,none,,59,https://www.musinsa.com/products/5250171
2026-09-02,굿라이프웍스,5250427,레글런 케이블 니트 브라운,0.0,0,34300,34300,34300,0,0,0.0,64.74,0,low,23.99,4,1,none,,59,https://www.musinsa.com/products/5250427
2026-09-02,유니폼브릿지,5260923,ubc basic l/s t-shirt charcoal,0.0,0,23600,23600,23600,0,0,0.0,100.0,1,high,24.08,5,2,none,,59,https://www.musinsa.com/products/5260923
2026-09-02,언더오프,5272443,맨즈 코튼 반팔 크롭티 퍼포머 블랙,0.0,0,23900,23900,23900,0,0,0.0,100.0,1,high,24.01,5,2,none,,59,https://www.musinsa.com/products/5272443
2026-09-02,오퍼스 0012,5273659,Op. 08 CROSS CURVED SWEAT PANTS KHAKI,0.0,0,70850,70850,70850,0,0,0.0,100.0,1,high,24.09,5,2,none,,59,https://www.musinsa.com/products/5273659
2026-09-02,트릴리온,5276027,2WAY 엘보우 패치 가죽 후드 자켓_블랙,0.0,0,47100,47100,47100,0,0,0.0,89.77,0,low,24.0,4,1,none,,59,https://www.musinsa.com/products/5276027
2026-09-02,러브이즈트루,5282107,GT R HOOD ZIP UP(BLACK),0.0,0,75900,75900,75900,0,0,0.0,100.0,1,high,24.01,6,2,none,,59,https://www.musinsa.com/products/5282107
2026-09-02,러브이즈트루,5284219,GT STAR PANTS(NAVY),0.0,0,80730,80730,80730,0,0,0.0,100.0,1,high,24.01,6,2,none,,59,https://www.musinsa.com/products/5284219
2026-09-02,러브이즈트루,5284283,GT STAR TRAINING ZIP UP(NAVY),0.0,0,74520,74520,74520,0,0,0.0,100.0,1,high,24.01,6,2,none,,59,https://www.musinsa.com/products/5284283
2026-09-02,마인드브릿지,5289659,스웨이드셔켓 - 3color,0.0,0,59900,59900,59900,0,0,0.0,89.78,0,low,24.0,4,1,none,,59,https://www.musinsa.com/products/5289659
2026-09-02,디미트리블랙,5294651,ASI 포시즌 에센셜 후드 집업_더스티 핑크,1.2,47866,39900,39900,39900,0,0,0.0,100.0,1,high,24.01,5,2,none,,59,https://www.musinsa.com/products/5294651
2026-09-02,트래블,5296507,아르떼 피그먼트 후드 집업 블랙 차콜,0.0,0,59000,59000,41300,1,17700,42.86,100.0,1,medium,24.09,5,2,none,,59,https://www.musinsa.com/products/5296507
2026-09-02,아웃스탠딩,5296571,HENLEY NECK LONG SLEEVE TEE_BLACK,0.15,6043,41600,41600,41600,0,0,0.0,100.0,1,high,24.08,5,2,none,,59,https://www.musinsa.com/products/5296571
2026-09-02,던스트,5300411,UNISEX LEATHER LOGO COLLARED T-SHIRT_UDTS6C110_BROWN,0.0,0,75050,75050,75050,0,0,0.0,100.0,1,high,24.01,6,2,none,,59,https://www.musinsa.com/products/5300411
2026-09-02,디스이즈네버댓,5304251,Times Cap Light Green,0.0,0,36000,36000,36000,0,0,0.0,100.0,1,high,24.01,5,2,none,,59,https://www.musinsa.com/products/5304251
2026-09-02,르아르,5304891,투포켓 옴브레 체크 셔츠 [핑크],0.0,0,29900,29900,29900,0,0,0.0,64.77,0,low,23.99,4,1,none,,59,https://www.musinsa.com/products/5304891
2026-09-02,아메스 월드와이드,5305979,TWO TONE LETTERING BALL CAP BLACK,0.0,0,27440,27440,24010,1,3430,14.29,89.79,0,low,24.0,4,1,none,,59,https://www.musinsa.com/products/5305979
2026-09-02,아메스 월드와이드,5306299,COTTON CASUAL BACKPACK PINK,0.0,0,37600,37600,28200,1,9400,33.33,89.79,0,low,24.0,4,1,none,,59,https://www.musinsa.com/products/5306299
2026-09-02,트리밍버드,5306875,Traum Short Zip-up [ Black ],0.0,0,341100,341100,341100,0,0,0.0,100.0,1,high,24.09,5,2,none,,59,https://www.musinsa.com/products/5306875
2026-09-02,카키포인트,5307131,Vintage Washing Denim,0.0,0,126230,126230,126230,0,0,0.0,100.0,1,high,24.09,5,2,none,,59,https://www.musinsa.com/products/5307131
2026-09-02,칙스,5308923,스트라이프 폴로 카라 티셔츠 그린,0.0,0,52900,52900,52900,0,0,0.0,100.0,1,high,24.09,5,2,none,,59,https://www.musinsa.com/products/5308923
2026-09-02,언더오프,5309627,소프트 워싱 코튼 워크 자켓 더스트핑크,0.0,0,44500,44500,44500,0,0,0.0,100.0,1,high,24.01,5,2,none,,59,https://www.musinsa.com/products/5309627
2026-09-02,바우프,5309947,3 logo 엔젤 맨투맨 [스트라이프 블랙],0.0,0,75650,75650,75650,0,0,0.0,77.25,0,low,24.0,4,1,none,,59,https://www.musinsa.com/products/5309947
2026-09-02,바우프,5310331,엔젤 윙 비니 [블랙],0.0,0,41650,41650,41650,0,0,0.0,77.26,0,low,24.0,4,1,none,,59,https://www.musinsa.com/products/5310331
2026-09-02,유니폼브릿지,5310779,washed short hunting jacket charcoal,0.0,0,119500,119500,119500,0,0,0.0,100.0,1,high,24.08,5,2,none,,59,https://www.musinsa.com/products/5310779
2026-09-02,디미트리블랙,5310971,VLAD VTG 테이핑 타입 아트웍 후드 티셔츠_멜란지,0.0,0,39900,39900,39900,0,0,0.0,100.0,1,high,24.01,5,2,none,,59,https://www.musinsa.com/products/5310971
2026-09-02,일리고,5311099,블룸 보우 오프숄더 니트 블랙,0.0,0,96000,96000,96000,0,0,0.0,89.8,0,low,24.0,4,1,none,,59,https://www.musinsa.com/products/5311099
2026-09-02,일리고,5311227,리프 아일렛 숄더 백 블랙,0.9,68254,76000,76000,76000,0,0,0.0,89.81,0,low,24.0,4,1,none,,59,https://www.musinsa.com/products/5311227
2026-09-02,아웃스탠딩,5312507,MIL SERIES LONG SLEEVE(MID WAY)_BLACK,2.71,158479,58500,58500,58500,0,0,0.0,100.0,1,high,24.09,5,2,none,,59,https://www.musinsa.com/products/5312507
2026-09-02,헬레네파리스,5313083,테일러드 오버핏 레더 블레이저 [블랙],0.0,0,158400,158400,158400,0,0,0.0,100.0,1,high,24.09,5,2,none,,59,https://www.musinsa.com/products/5313083
2026-09-02,엘무드,5316667,그루브 큐프라 벨티드 슬랙스 블랙,0.0,0,96200,96200,96200,0,0,0.0,59.92,0,low,23.99,5,1,none,,59,https://www.musinsa.com/products/5316667
2026-09-02,엘무드,5316795,나르시 헤링본 울 트러커 자켓 블랙,0.0,0,268200,268200,268200,0,0,0.0,100.0,1,high,24.01,5,2,none,,59,https://www.musinsa.com/products/5316795
2026-09-02,에이지오디,5319931,리무브 테리 스웨트 후드 티셔츠 [헤더그레이],0.0,0,34200,34200,34200,0,0,0.0,100.0,1,high,24.09,5,2,none,,59,https://www.musinsa.com/products/5319931
2026-09-02,커버낫,5320763,[최윤지 착용] C 로고 맨투맨 Light Yellow,0.0,0,53330,53330,53330,0,0,0.0,100.0,1,high,24.01,5,2,none,,59,https://www.musinsa.com/products/5320763
2026-09-02,커버낫,5322043,[수빈 착용] 데님 워크팬츠 Light Blue,0.0,0,69620,69620,69620,0,0,0.0,100.0,1,high,24.01,5,2,none,,59,https://www.musinsa.com/products/5322043
2026-09-02,스컬프터,5322683,Capri Faux Leather Pants Brown,0.0,0,133760,133760,133760,0,0,0.0,100.0,1,high,24.09,5,2,none,,59,https://www.musinsa.com/products/5322683
2026-09-02,드헤베,5327227,Two-way Hood Zip-up Knit [Gray],0.0,0,87210,87210,82080,1,5130,6.25,77.26,0,low,24.0,4,1,none,,59,https://www.musinsa.com/products/5327227
2026-09-02,드헤베,5327355,V-neck Flare Shirring Knit [Pink],0.0,0,67320,67320,63360,1,3960,6.25,77.27,0,low,24.0,4,1,none,,59,https://www.musinsa.com/products/5327355
2026-09-02,러프사이드,5327739,Oversized Sweat Shirt M.Charcoal,0.0,0,98000,98000,98000,0,0,0.0,64.78,0,low,23.99,4,1,none,,59,https://www.musinsa.com/products/5327739
2026-09-02,아틀리에 나인,5330811,ESSENTIAL WASHING CHECK RELAXED SHIRT(BL-4368),0.0,0,105730,105730,84590,1,21140,24.99,64.79,0,low,23.99,4,1,none,,59,https://www.musinsa.com/products/5330811
2026-09-02,코드그라피,5332667,(우먼) 스퀘어 로고 보아 후드 집업_크림,0.0,0,90300,90300,90300,0,0,0.0,77.27,0,low,24.0,4,1,none,,59,https://www.musinsa.com/products/5332667
2026-09-02,아이돈워너셀,5333947,Echo Mute Hoodie Navy,0.0,0,74250,74250,74250,0,0,0.0,100.0,1,high,24.01,5,2,none,,59,https://www.musinsa.com/products/5333947
2026-09-02,제너럴아이디어,5336059,하프 집업 체크 아노락 [DEEP NAVY] / WBE3L07508,0.0,0,92000,92000,92000,0,0,0.0,100.0,1,high,24.09,5,2,none,,59,https://www.musinsa.com/products/5336059
2026-09-02,룩캐스트,5336827,켈리 버클 롱 부츠_블랙 / KELLY BUCKLE LONG BOOTS_BLACK,0.0,0,85560,85560,85560,0,0,0.0,89.82,0,low,24.0,4,1,none,,59,https://www.musinsa.com/products/5336827
2026-09-02,무센트,5337211,세리엔 부츠컷 치마 레깅스 (2컬러),0.6,21514,35910,35910,27930,1,7980,28.57,100.0,1,medium,24.01,5,2,none,,59,https://www.musinsa.com/products/5337211
2026-09-02,러브이즈트루,5340091,GT R LOGO CAP(NAVY),0.0,0,37260,37260,37260,0,0,0.0,100.0,1,high,24.01,6,2,none,,59,https://www.musinsa.com/products/5340091
2026-09-02,필루미네이트,5340219,[스토커즈 pick] 레귤러 테이퍼드 데님 팬츠-블랙,0.0,0,36000,36000,36000,0,0,0.0,47.5,0,low,23.99,6,1,none,,59,https://www.musinsa.com/products/5340219
2026-09-02,러브이즈트루,5340283,SHUGO CHARA! HUMPTY DUMPTY NECKLACE(SILVER),0.52,20462,39000,39000,39000,0,0,0.0,100.0,1,high,24.01,6,2,none,,59,https://www.musinsa.com/products/5340283
2026-09-02,와르,5341051,M1061 스트라이프 카라티_레드,0.0,0,75000,75000,75000,0,0,0.0,100.0,1,high,24.09,5,2,none,,59,https://www.musinsa.com/products/5341051
2026-09-02,디미트리블랙,5341435,VLAD 스몰 로고 페이드 워싱 후드 티셔츠_피그먼트 차콜,0.0,0,33900,33900,33900,0,0,0.0,100.0,1,high,24.01,5,2,none,,59,https://www.musinsa.com/products/5341435
2026-09-02,밀로 아카이브,5341563,헤리티지 닉슨 스트라이프 니트 [스트라이프 네이비],0.0,0,94400,94400,94400,0,0,0.0,100.0,1,high,24.01,6,2,none,,59,https://www.musinsa.com/products/5341563
2026-09-02,밀로 아카이브,5341691,크럼프 빈티지 워시드 백팩 [블랙],0.0,0,62980,62980,76800,1,-13820,-17.99,100.0,1,medium,24.01,6,2,none,,59,https://www.musinsa.com/products/5341691
2026-09-02,시야쥬,5344635,SIOT4147 사이드 버튼 오버 핏 블레이저_Charcoal,0.0,0,173850,173850,173850,0,0,0.0,100.0,1,high,24.01,5,2,none,,59,https://www.musinsa.com/products/5344635
2026-09-02,제이엘브,5347579,원모어 로고 비니,0.0,0,34200,34200,34200,0,0,0.0,100.0,1,high,24.01,6,2,none,,59,https://www.musinsa.com/products/5347579
2026-09-02,모즈모즈,5348091,쇼타임 그래픽 오버핏 맨투맨 블랙,0.0,0,25000,25000,25000,0,0,0.0,64.8,0,low,23.99,4,1,none,,59,https://www.musinsa.com/products/5348091
2026-09-02,디스이즈네버댓,5349627,Onyx Cap Black,0.0,0,31500,31500,31500,0,0,0.0,100.0,1,high,24.01,5,2,none,,59,https://www.musinsa.com/products/5349627
2026-09-02,디스이즈네버댓,5350011,T-Logo L/S Tee Mud,0.0,0,52000,52000,52000,0,0,0.0,100.0,1,high,24.01,5,2,none,,59,https://www.musinsa.com/products/5350011
2026-09-02,넌블랭크,5353787,루즈 핏 셋업_CHARCOAL GREY,0.0,0,231120,231120,231120,0,0,0.0,100.0,1,high,24.01,6,2,none,,59,https://www.musinsa.com/products/5353787
2026-09-02,노매뉴얼,5356027,NM BORDER LONG SLEEVE TEE - BLACK,0.0,0,58400,58400,58400,0,0,0.0,89.83,0,low,24.0,4,1,none,,59,https://www.musinsa.com/products/5356027
2026-09-02,아모우,5356283,Mohair Washable Kara knit BLACK,0.0,0,79980,79980,79980,0,0,0.0,100.0,1,high,24.09,5,2,none,,59,https://www.musinsa.com/products/5356283
2026-09-02,노티카,5356731,83플래그 폴라 카라 스웨트셔츠 NFL2095,0.65,35859,55300,55300,55300,0,0,0.0,64.81,0,low,23.99,4,1,none,,59,https://www.musinsa.com/products/5356731
2026-09-02,브랜디드,5358523,CLOUD HOODIE ZIP-UP [MELANGE GRAY],0.0,0,102400,102400,102400,0,0,0.0,77.29,0,low,24.0,4,1,none,,59,https://www.musinsa.com/products/5358523
2026-09-02,드로우핏,5358779,아크 세미 벌룬 치노 팬츠 [BROWN],0.0,0,59400,59400,59400,0,0,0.0,77.29,0,low,24.0,4,1,none,,59,https://www.musinsa.com/products/5358779
2026-09-02,더바넷,5359099,Oversized Cashmere Wimblyn Knit Polo Shirt_Blue Grey,0.0,0,151200,151200,151200,0,0,0.0,77.29,0,low,24.0,4,1,none,,59,https://www.musinsa.com/products/5359099
2026-09-02,에이치덱스,5364603,파이핑 포인트 볼캡 (Gray),0.0,0,31200,31200,31200,0,0,0.0,77.3,0,low,24.0,4,1,none,,59,https://www.musinsa.com/products/5364603
2026-09-02,썸웨어버터,5365819,Small Wave Logo Stripe Sweatshirt - Navy,0.0,0,74480,74480,74480,0,0,0.0,100.0,1,high,24.01,6,2,none,,59,https://www.musinsa.com/products/5365819
2026-09-02,파르티멘토 우먼,5366843,PWC 언발란스드 저지 셔링 티어드 드레스_블랙,0.0,0,58500,58500,58500,0,0,0.0,89.84,0,low,24.0,4,1,none,,59,https://www.musinsa.com/products/5366843
2026-09-02,카네이테이,5371323,MILKYWAY WIDE DENIM PANTS (BLACK),0.0,0,79000,79000,55300,1,23700,42.86,100.0,1,medium,24.09,5,2,none,,59,https://www.musinsa.com/products/5371323
2026-09-02,르바,5376379,L.V.R Overlay Sweatshirt - Sage Grey,0.0,0,84600,84600,84600,0,0,0.0,77.31,0,low,24.0,4,1,none,,59,https://www.musinsa.com/products/5376379
2026-09-02,인사일런스,5376571,레귤러핏 체크 셔츠 NAVY,0.0,0,98100,98100,98100,0,0,0.0,100.0,1,high,24.01,5,2,none,,59,https://www.musinsa.com/products/5376571
2026-09-02,링서울,5380731,cashmere round knit cardigan-beige,0.0,0,85860,85860,85860,0,0,0.0,100.0,1,high,24.01,6,2,none,,59,https://www.musinsa.com/products/5380731
2026-09-02,프리즘웍스,5381307,M65 FIELD SWEAT PANTS _ BLACK BROWN,0.0,0,58800,58800,52920,1,5880,11.11,100.0,1,medium,24.09,5,2,none,,59,https://www.musinsa.com/products/5381307
2026-09-02,드로우핏 우먼,5382459,노티드 레이어드 뷔스티에 니트 [M.GREY],0.0,0,69300,69300,69300,0,0,0.0,100.0,1,high,24.09,5,2,none,,59,https://www.musinsa.com/products/5382459
2026-09-02,제로,5384827,링거 스트라이프 롱 슬리브 [네이비/카키],0.0,0,39000,39000,39000,0,0,0.0,64.83,0,low,23.99,4,1,none,,59,https://www.musinsa.com/products/5384827
2026-09-02,제로,5384955,코어 크롭 핑거 홀 후드 [멜란지 그레이],0.65,29188,45000,45000,45000,0,0,0.0,64.83,0,low,23.99,7,1,none,,59,https://www.musinsa.com/products/5384955
2026-09-02,에스피오나지,5385723,Bear Family Heavyweight Hoodie Grey,0.0,0,62720,62720,62720,0,0,0.0,100.0,1,high,24.09,5,2,none,,59,https://www.musinsa.com/products/5385723
2026-09-02,웬즈데이오아시스,5388411,애쉬 피그먼트 후드 스웨트셔츠_NAVY(W25-TP34),0.0,0,61600,61600,61600,0,0,0.0,100.0,1,high,24.09,5,2,none,,59,https://www.musinsa.com/products/5388411
2026-09-02,아틀리에 나인,5391995,OVERFIT SUEDE SNAP BUTTON BLOUSON(JP-587),0.0,0,260930,260930,208750,1,52180,25.0,64.84,0,low,23.99,4,1,none,,59,https://www.musinsa.com/products/5391995
2026-09-02,트릴리온,5393339,빈티지 페어 아일 자카드 크루넥 니트_베이지,0.0,0,37900,37900,37900,0,0,0.0,89.86,0,low,24.0,4,1,none,,59,https://www.musinsa.com/products/5393339
2026-09-02,더뮤지엄비지터,5394363,COLOR STITCH SPORTS CAP (BROWN),0.0,0,40950,40950,40950,0,0,0.0,100.0,1,high,24.09,5,2,none,,59,https://www.musinsa.com/products/5394363
2026-09-02,세터,5396731,스몰 리벳 아플리케 포켓 로고 후드 블랙,0.0,0,149000,149000,149000,0,0,0.0,64.84,0,low,23.99,4,1,none,,59,https://www.musinsa.com/products/5396731
2026-09-02,락케이크,5398075,Check Layered 96 Wide 2way Jogger - Gray,0.54,40302,74970,85680,74970,1,10710,14.29,26.98,0,low,24.09,4,1,none,,59,https://www.musinsa.com/products/5398075
2026-09-02,코드그라피,5398843,(우먼) 베이직 롱슬리브_화이트,0.0,0,34300,34300,34300,0,0,0.0,77.33,0,low,24.0,4,1,none,,59,https://www.musinsa.com/products/5398843
2026-09-02,제멋,5404027,데이컷 크롭 오버핏 후드집업 네이비 KJHD2650,0.98,38817,39800,39800,39800,0,0,0.0,100.0,1,high,24.09,5,2,none,,59,https://www.musinsa.com/products/5404027
2026-09-02,제멋,5404155,노어 오버핏 후드 블랙 KJHD2661,0.0,0,39800,39800,39800,0,0,0.0,100.0,1,high,24.09,5,2,none,,59,https://www.musinsa.com/products/5404155
2026-09-02,로제프란츠,5405435,Heart Pocket Hood Zip-up [Black],38.67,2518011,65120,65120,65120,0,0,0.0,100.0,1,high,24.0,14,4,none,,59,https://www.musinsa.com/products/5405435
2026-09-02,후드후드,5407099,에일리언 후드 집업 블랙,2.0,98100,49050,49050,49050,0,0,0.0,77.34,0,low,10.04,12,4,none,,59,https://www.musinsa.com/products/5407099
2026-09-02,나인제트,5407291,[SET] 스포티 파이핑 트랙 자켓 셋업 (2color) ANZJK01 ANZLPT01,0.0,0,128000,128000,128000,0,0,0.0,89.86,0,low,24.0,4,1,none,,59,https://www.musinsa.com/products/5407291
2026-09-02,스키즘 인듀싱,5410427,[X IHCNIK] HARNESS RIDING LONG BOOT,0.0,0,169200,169200,169200,0,0,0.0,100.0,1,low,72.11,3,1,none,,59,https://www.musinsa.com/products/5410427
2026-09-02,토마스모어,5410491,아노락 팬츠 - 블랙,1.0,69691,69700,69700,69700,0,0,0.0,100.0,1,high,24.01,6,2,none,,59,https://www.musinsa.com/products/5410491
2026-09-02,탄산마그네슘,5413115,아일렛 후드티 (블랙),0.0,0,90440,90440,90440,0,0,0.0,64.85,0,low,23.99,4,1,none,,59,https://www.musinsa.com/products/5413115
2026-09-02,에스피오나지,5415611,PCU Level 4 Pullover Jacket Ink Black,0.0,0,94800,94800,94800,0,0,0.0,100.0,1,high,24.09,5,2,none,,59,https://www.musinsa.com/products/5415611
2026-09-02,제멋,5424571,모던 메모리 후드 그레이 KJHD2668,0.0,0,39800,39800,39800,0,0,0.0,100.0,1,high,24.09,5,2,none,,59,https://www.musinsa.com/products/5424571
2026-09-02,슬로우애시드,5424891,벨루어 솔리드 PK니트 [그린],0.0,0,60800,60800,60800,0,0,0.0,77.34,0,low,24.0,4,1,none,,59,https://www.musinsa.com/products/5424891
2026-09-02,배드블러드,5425659,PEACE NOT WAR 조거 - 더스티블랙,0.05,7240,152100,152100,152100,0,0,0.0,100.0,1,high,24.09,5,2,none,,59,https://www.musinsa.com/products/5425659
2026-09-02,칙스,5432123,니팅 라이크 트랙 팬츠 멜란지,0.0,0,69900,69900,69900,0,0,0.0,100.0,1,high,24.09,5,2,none,,59,https://www.musinsa.com/products/5432123
2026-09-02,노이어,5432379,캐시미어 코튼 터틀넥 (브라운),0.0,0,65600,65600,65600,0,0,0.0,100.0,1,high,24.09,5,2,none,,59,https://www.musinsa.com/products/5432379
2026-09-02,썬러브투어,5432635,Flannel Club Cap Red,0.0,0,28290,28290,33120,1,-4830,-14.58,100.0,1,medium,24.09,5,2,none,,59,https://www.musinsa.com/products/5432635
2026-09-02,썬러브투어,5432763,Knit Bucket Hat Charcoal,0.0,0,32390,32390,37920,1,-5530,-14.58,100.0,1,medium,24.09,5,2,none,,59,https://www.musinsa.com/products/5432763
2026-09-02,메종미네드,5434555,MAISON ECO BAG BLACK,1.8,52840,29400,29400,29400,0,0,0.0,89.86,0,low,24.0,4,1,none,,59,https://www.musinsa.com/products/5434555
2026-09-02,디스이즈네버댓,5438075,CIRCA 2010 L/S Tee Red Wood,0.0,0,48300,48300,48300,0,0,0.0,100.0,1,high,24.01,5,2,none,,59,https://www.musinsa.com/products/5438075
2026-09-02,아캄,5439547,Biker Denim Pants (Blue),0.0,0,132300,132300,132300,0,0,0.0,64.86,0,low,23.99,4,1,none,,59,https://www.musinsa.com/products/5439547
2026-09-02,미세키서울,5439803,Shifted snap pants CHARCOAL,0.0,0,136170,136170,136170,0,0,0.0,89.87,0,low,24.0,4,1,none,,59,https://www.musinsa.com/products/5439803
2026-09-02,어반드레스,5442107,Stretch Round Top_5Colors,0.0,0,33750,33750,33750,0,0,0.0,100.0,1,high,24.09,5,2,none,,59,https://www.musinsa.com/products/5442107
2026-09-02,시눈,5443771,Sinoon Pleated Maxi Skirt (Check),0.0,0,132660,132660,132660,0,0,0.0,64.87,0,low,23.99,4,1,none,,59,https://www.musinsa.com/products/5443771
2026-09-02,꼼파뇨,5444539,모나크 자수 스웨트셔츠 버건디,0.0,0,41250,41250,41250,0,0,0.0,89.87,0,low,24.0,4,1,none,,59,https://www.musinsa.com/products/5444539
2026-09-02,제너럴아이디어,5449339,핏티드 골지 셔링 원피스 [CHARCOAL] / WBE3L15506,0.0,0,52250,52250,46900,1,5350,11.41,100.0,1,medium,24.09,5,2,none,,59,https://www.musinsa.com/products/5449339
2026-09-02,스컬프터,5451899,Sequin Nordic Earflap Beanie Milk Tea,0.0,0,50560,50560,50560,0,0,0.0,100.0,1,high,24.09,5,2,none,,59,https://www.musinsa.com/products/5451899
2026-09-02,수아레,5453563,디트로이드 코튼 브이넥 니트 블랙,0.0,0,49900,49900,49900,0,0,0.0,89.88,0,low,24.0,4,1,none,,59,https://www.musinsa.com/products/5453563
2026-09-02,해비즘,5457339,DOT ROSE RAGLAN L/S TEE(RED),0.0,0,15900,15900,15900,0,0,0.0,100.0,1,high,24.02,6,2,none,,59,https://www.musinsa.com/products/5457339
2026-09-02,카네이테이,5460923,WASHABLE BASE CROP CARDIGAN (NAVY),0.0,0,68000,68000,76500,1,-8500,-11.11,100.0,1,medium,24.09,5,2,none,,59,https://www.musinsa.com/products/5460923
2026-09-02,밀로 아카이브,5466811,룬 사이드 트랙 팬츠 [딥 네이비],0.0,0,70800,70800,70800,0,0,0.0,100.0,1,high,24.02,6,2,none,,59,https://www.musinsa.com/products/5466811
2026-09-02,디스이즈네버댓,5468731,T-Logo Knit Sweater Black,0.6,53999,90300,90300,90300,0,0,0.0,100.0,1,high,24.01,5,2,none,,59,https://www.musinsa.com/products/5468731
2026-09-02,무센트,5469563,필로 리벳 포인트 사이드 레더 패치 톨 레인 스노우 부츠,0.0,0,119700,119700,93100,1,26600,28.57,100.0,1,medium,24.01,5,2,none,,59,https://www.musinsa.com/products/5469563
2026-09-02,트래블,5475899,데님 라이트 퀼팅 자켓 블랙,0.0,0,85000,85000,85000,0,0,0.0,100.0,1,high,24.09,5,2,none,,59,https://www.musinsa.com/products/5475899
2026-09-02,나이스고스트클럽,5479611,FFATS CHECK FUR CARDIGAN_BROWN(NG2FFUK684A),0.0,0,95400,95400,95400,0,0,0.0,100.0,1,high,24.02,6,2,none,,59,https://www.musinsa.com/products/5479611
2026-09-02,커버낫,5480507,웜온 플리스 맨투맨 Teal Blue,0.0,0,48060,48060,48060,0,0,0.0,100.0,1,high,24.01,5,2,none,,59,https://www.musinsa.com/products/5480507
2026-09-02,루에브르,5481339,Suede Belted Shirt Jacket SL5AJ313-9E,0.0,0,259000,259000,259000,0,0,0.0,100.0,1,high,24.09,5,2,none,,59,https://www.musinsa.com/products/5481339
2026-09-02,본투윈,5482555,BRN COOL MESH EXTRA FIT T-SHIRTS [CHARCOAL],0.0,0,59000,59000,59000,0,0,0.0,100.0,1,low,48.07,4,1,none,,59,https://www.musinsa.com/products/5482555
2026-09-02,글로니,5487803,DEMI CUTOUT LONG SLEEVE (BROWN),0.0,0,87480,87480,87480,0,0,0.0,100.0,1,high,24.09,5,2,none,,59,https://www.musinsa.com/products/5487803
2026-09-02,제로,5487867,티넥 크롭 롱 슬리브 [블랙],0.0,0,29000,29000,29000,0,0,0.0,64.88,0,low,23.99,4,1,none,,59,https://www.musinsa.com/products/5487867
2026-09-02,세터,5490107,(W) 플리스 크루 넥 가디건 크림,0.0,0,179000,179000,179000,0,0,0.0,64.89,0,low,23.99,4,1,none,,59,https://www.musinsa.com/products/5490107
2026-09-02,트립르센스,5494523,커스텀 핀턱 커브드 와이드 슬랙스_스트라이프 블랙,0.0,0,99000,99000,99000,0,0,0.0,100.0,1,high,24.02,6,2,none,,59,https://www.musinsa.com/products/5494523
2026-09-02,론론,5506683,SMOCKED HEM FRILL ROUND COLLAR SHIRT WHITE,0.0,0,80190,80190,80190,0,0,0.0,100.0,1,high,24.09,5,2,none,,59,https://www.musinsa.com/products/5506683
2026-09-02,후브스,5507067,하이드 버튼 카라 니트 [4COL],3.44,206570,60000,60000,60000,0,0,0.0,100.0,1,high,23.98,15,5,none,,59,https://www.musinsa.com/products/5507067
2026-09-02,아메스 월드와이드,5507131,BASIC SMALL LOGO KNIT CHARCOAL,0.0,0,44800,44800,44800,0,0,0.0,89.89,0,low,24.0,4,1,none,,59,https://www.musinsa.com/products/5507131
2026-09-02,제너럴아이디어,5510907,레터링 브이넥 맨투맨 [NAVY] / WBE3L02513,0.0,0,51200,51200,51200,0,0,0.0,100.0,1,high,24.09,5,2,none,,59,https://www.musinsa.com/products/5510907
2026-09-02,언더오프,5515259,빈티지 레더 패디드 블루종 브라운,0.0,0,64500,64500,64500,0,0,0.0,100.0,1,high,24.01,5,2,none,,59,https://www.musinsa.com/products/5515259
2026-09-02,굿라이프웍스,5515771,헤비 웨이트 라운드 블루종 블랙,0.0,0,97300,97300,97300,0,0,0.0,64.91,0,low,23.99,4,1,none,,59,https://www.musinsa.com/products/5515771
2026-09-02,마인드브릿지 우먼,5526331,[W]울 혼방 벨티드 H라인 원피스,0.0,0,79500,79500,79500,0,0,0.0,64.91,0,low,23.99,4,1,none,,59,https://www.musinsa.com/products/5526331
2026-09-02,수아레,5532219,핀 스트라이프 원 턱 슬랙스,0.0,0,59900,59900,59900,0,0,0.0,89.9,0,low,24.0,4,1,none,,59,https://www.musinsa.com/products/5532219
2026-09-02,제멋,5535035,레스트 앤 후드 카키 ISHD2660,0.0,0,43900,43900,43900,0,0,0.0,100.0,1,high,24.09,5,2,none,,59,https://www.musinsa.com/products/5535035
2026-09-02,제너럴아이디어,5537531,데일리 리브드 터틀넥 풀오버 [BLACK] / WBE4L05525,0.0,0,37000,37000,37000,0,0,0.0,100.0,1,high,24.09,5,2,none,,59,https://www.musinsa.com/products/5537531
2026-09-02,더바이닐하우스,5539579,MOTOR JACKET IVORY,0.0,0,161840,161840,141610,1,20230,14.29,100.0,1,medium,24.01,5,2,none,,59,https://www.musinsa.com/products/5539579
2026-09-02,키르시,5546619,리본 체리 루즈핏 헤어리 가디건 [브라운],0.0,0,95200,95200,95200,0,0,0.0,100.0,1,high,24.01,5,2,none,,59,https://www.musinsa.com/products/5546619
2026-09-02,디스이즈네버댓,5549563,PERTEX T Down Trooper Hat Dark Sage,0.0,0,79200,79200,79200,0,0,0.0,100.0,1,high,24.01,5,2,none,,59,https://www.musinsa.com/products/5549563
2026-09-02,디스이즈네버댓,5549627,T.N.T. Classic HDP Hoodie Heather Grey,0.0,0,84000,84000,84000,0,0,0.0,100.0,1,high,24.01,5,2,none,,59,https://www.musinsa.com/products/5549627
2026-09-02,세터,5551547,헤링본 울 블렌드 싱글 블레이저 브라운,0.0,0,299000,299000,299000,0,0,0.0,64.92,0,low,23.99,4,1,none,,59,https://www.musinsa.com/products/5551547
2026-09-02,트릴리온,5552955,워셔블 멀티 컬러 그라데이션 크루넥 니트_퍼플,0.0,0,34900,34900,34900,0,0,0.0,89.91,0,low,24.0,4,1,none,,59,https://www.musinsa.com/products/5552955
2026-09-02,드로우핏 우먼,5559867,래빗 앙고라 울 핸드메이드 싱글 롱 코트 [BLACK],0.0,0,274500,274500,274500,0,0,0.0,100.0,1,high,24.09,5,2,none,,59,https://www.musinsa.com/products/5559867
2026-09-02,드로우핏 우먼,5560315,헤어리 울 브이넥 풀오버 니트 [M.PINK],0.0,0,69300,69300,69300,0,0,0.0,100.0,1,high,24.09,5,2,none,,59,https://www.musinsa.com/products/5560315
2026-09-02,키르시,5566395,빈티지그래픽 오프숄더 스웻셔츠 [아이보리],0.0,0,47400,47400,47400,0,0,0.0,100.0,1,high,24.01,5,2,none,,59,https://www.musinsa.com/products/5566395
2026-09-02,세터,5570747,베로나 니트 머플러 차콜,0.0,0,79000,79000,79000,0,0,0.0,64.93,0,low,23.99,4,1,none,,59,https://www.musinsa.com/products/5570747
2026-09-02,세터,5570939,마론 트러커 자켓 블랙,0.0,0,339000,339000,339000,0,0,0.0,64.94,0,low,23.99,4,1,none,,59,https://www.musinsa.com/products/5570939
2026-09-02,커버낫,5571771,C로고 펠트 아플리케 트루퍼 햇 Black,0.0,0,47790,47790,47790,0,0,0.0,100.0,1,high,24.01,5,2,none,,59,https://www.musinsa.com/products/5571771
2026-09-02,디스이즈네버댓,5573819,GD Puffer Down Trooper Hat Off Black,0.0,0,76300,76300,76300,0,0,0.0,100.0,1,high,24.01,5,2,none,,59,https://www.musinsa.com/products/5573819
2026-09-02,후드후드,5583355,HD 퍼 트루퍼 햇 카모,0.0,0,52070,52070,52070,0,0,0.0,77.38,0,low,24.0,4,1,none,,59,https://www.musinsa.com/products/5583355
2026-09-02,브라운브레스,5587131,TAG APPLIQUE HOODIE - OATMEAL,0.0,0,99000,99000,99000,0,0,0.0,100.0,1,high,24.09,5,2,none,,59,https://www.musinsa.com/products/5587131
2026-09-02,1993스튜디오,5588475,W 스트라이프 헨리넥 슬림 후드_차콜,0.0,0,49000,49000,49000,0,0,0.0,100.0,1,high,24.01,5,2,none,,59,https://www.musinsa.com/products/5588475
2026-09-02,에스피오나지,5589435,M65 Down Blouson Parka Dark Brown,0.0,0,266400,266400,266400,0,0,0.0,100.0,1,high,24.09,5,2,none,,59,https://www.musinsa.com/products/5589435
2026-09-02,웬즈데이오아시스,5593531,브리티시 케이블 오픈 카라 니트_BEIGE(WC25-KN74),0.0,0,62300,62300,62300,0,0,0.0,100.0,1,high,24.09,5,2,none,,59,https://www.musinsa.com/products/5593531
2026-09-02,레더리,5593595,소프트 울 머플러 [BEIGE],0.0,0,30540,30540,30540,0,0,0.0,89.93,0,low,24.0,4,1,none,,59,https://www.musinsa.com/products/5593595
2026-09-02,노이어,5598523,코튼 휩코드 워시드 크롭 셔츠 (그레이),0.0,0,101200,101200,101200,0,0,0.0,100.0,1,high,24.09,5,2,none,,59,https://www.musinsa.com/products/5598523
2026-09-02,노이어,5599227,키드 모헤어 크롭 폴로 니트 (더스티핑크),0.0,0,88000,88000,88000,0,0,0.0,100.0,1,high,24.09,5,2,none,,59,https://www.musinsa.com/products/5599227
2026-09-02,후러브스아트,5601531,세미 크롭 니트 라운드 가디건 차콜그레이,0.0,0,35100,35100,35100,0,0,0.0,100.0,1,high,24.02,6,2,none,,59,https://www.musinsa.com/products/5601531
2026-09-02,틸아이다이,5608187,Dot point dumble anorak [TIWT02JP07]_2color,0.0,0,149150,149150,149150,0,0,0.0,100.0,1,high,24.09,5,2,none,,59,https://www.musinsa.com/products/5608187
2026-09-02,디스이즈네버댓,5611643,Multi-Ripstop Down Puffer Jacket Blue,0.0,0,209300,209300,209300,0,0,0.0,100.0,1,high,24.01,5,2,none,,59,https://www.musinsa.com/products/5611643
2026-09-02,꼼파뇨,5613179,[2-WAY] KOKO 아플리케 피그먼트 후드 집업 더스티핑크,0.0,0,50610,50610,50610,0,0,0.0,89.94,0,low,24.0,4,1,none,,59,https://www.musinsa.com/products/5613179
2026-09-02,제너럴아이디어,5616763,비니 니트 백 [CREAM] / WBE4L92513,0.0,0,30800,30800,31200,1,-400,-1.28,100.0,1,medium,24.09,5,2,none,,59,https://www.musinsa.com/products/5616763
2026-09-02,시눈,5617851,SN Flower Half Pants (Sand),0.0,0,99160,99160,99160,0,0,0.0,64.95,0,low,23.99,4,1,none,,59,https://www.musinsa.com/products/5617851
2026-09-02,로제프란츠,5618427,Twist Off Shoulder Long Sleeve [Gray],0.0,0,33440,33440,33440,0,0,0.0,77.4,0,low,24.0,4,1,none,,59,https://www.musinsa.com/products/5618427
2026-09-02,로제프란츠,5618555,Soft Halter Sleeveless [Ivory],0.0,0,23040,23040,23040,0,0,0.0,77.4,0,low,24.0,4,1,none,,59,https://www.musinsa.com/products/5618555
2026-09-02,코드그라피,5621627,(우먼) RDS 에센셜 숏다운 점퍼_아이보리,0.0,0,153300,153300,153300,0,0,0.0,77.41,0,low,24.0,4,1,none,,59,https://www.musinsa.com/products/5621627
2026-09-02,유니폼브릿지,5622843,pocket long skirt(womens) olive,0.0,0,59000,59000,59000,0,0,0.0,100.0,1,high,24.09,5,2,none,,59,https://www.musinsa.com/products/5622843
2026-09-02,헬레네파리스,5623035,리브드 레그 워머 [그레이],0.0,0,13790,13790,13790,0,0,0.0,100.0,1,high,24.09,5,2,none,,59,https://www.musinsa.com/products/5623035
2026-09-02,코드그라피,5623099,(우먼) 스웨이드 후드 점퍼 무스탕_다크브라운,0.0,0,111300,111300,111300,0,0,0.0,77.41,0,low,24.0,4,1,none,,59,https://www.musinsa.com/products/5623099
2026-09-02,헬레네파리스,5623163,케이콘 스트라이프 니트 집업 [네이비-차콜],0.0,0,28120,28120,28120,0,0,0.0,100.0,1,high,24.09,5,2,none,,59,https://www.musinsa.com/products/5623163
2026-09-02,트리밍버드,5623227,Distressed Knit Beanie [ Ivory ],0.0,0,69000,69000,69000,0,0,0.0,100.0,1,high,24.09,5,2,none,,59,https://www.musinsa.com/products/5623227
2026-09-02,탄산마그네슘,5628091,자카드 스파이더 비니 (차콜),0.0,0,37240,37240,37240,0,0,0.0,64.95,0,low,23.99,4,1,none,,59,https://www.musinsa.com/products/5628091
2026-09-02,본투윈,5631227,W CHROME B TRACK LINE SHORTS [MELANGE GREY],0.15,11010,75000,75000,75000,0,0,0.0,100.0,1,high,24.09,5,2,none,,59,https://www.musinsa.com/products/5631227
2026-09-02,아틀리에 나인,5635451,(T-7139)FURRY LOOF OVERFIT KNIT,0.0,0,105730,105730,84590,1,21140,24.99,64.96,0,low,23.99,4,1,none,,59,https://www.musinsa.com/products/5635451
2026-09-02,아메스 월드와이드,5636347,CORDUROY EASY PANTS PINK,0.0,0,54500,54500,54500,0,0,0.0,89.94,0,low,24.0,4,1,none,,59,https://www.musinsa.com/products/5636347
2026-09-02,아메스 월드와이드,5636475,COLLAR FLEECE JACKET BROWN,0.0,0,86800,86800,86800,0,0,0.0,89.94,0,low,24.0,4,1,none,,59,https://www.musinsa.com/products/5636475
2026-09-02,세터,5642235,니트 바시티 자켓 차콜,0.0,0,239000,239000,239000,0,0,0.0,64.96,0,low,23.99,4,1,none,,59,https://www.musinsa.com/products/5642235
2026-09-02,론론,5649083,PATTERN SHIRRING POCKET PUFFER JUMPER DOT BLACK,0.0,0,161190,161190,161190,0,0,0.0,100.0,1,high,24.09,5,2,none,,59,https://www.musinsa.com/products/5649083
2026-09-02,러브이즈트루,5653563,LUVISTRUE X MEANINGLESS TRAINING PANTS(GRAY),0.0,0,73600,73600,73600,0,0,0.0,100.0,1,high,24.02,6,2,none,,59,https://www.musinsa.com/products/5653563
2026-09-02,다이브인,5655547,UNIFORM TURTLE NECK V2 (KHAKI),0.0,0,31200,31200,31200,0,0,0.0,100.0,1,high,24.01,5,2,none,,59,https://www.musinsa.com/products/5655547
2026-09-02,루에브르,5659579,Hoodie Knit Cardigan SK5WD472-9E,0.0,0,239000,239000,239000,0,0,0.0,100.0,1,high,24.09,5,2,none,,59,https://www.musinsa.com/products/5659579
2026-09-02,루에브르,5659643,[정려원 PICK] Asymmetric Panel Half-neck Knit Pullover SK5WP475_3color,0.0,0,139000,139000,139000,0,0,0.0,100.0,1,high,24.09,5,2,none,,59,https://www.musinsa.com/products/5659643
2026-09-02,브룩스 브라더스,5659963,슬림핏 라이트웨이트 어드밴티지 치노 (카키) (BBPCMMZ501),0.0,0,179100,179100,179100,0,0,0.0,100.0,1,high,24.02,6,2,none,,59,https://www.musinsa.com/products/5659963
2026-09-02,배드블러드,5662203,다크 클래식 MYM 모헤어 스웨터 - 블랙,0.0,0,111200,111200,111200,0,0,0.0,100.0,1,high,24.09,5,2,none,,59,https://www.musinsa.com/products/5662203
2026-09-02,배드블러드,5662267,PEACE NOT WAR 슬림 컷아웃 후드 - 챠콜,0.02,3102,125100,125100,125100,0,0,0.0,100.0,1,high,24.09,5,2,none,,59,https://www.musinsa.com/products/5662267
2026-09-02,키르시,5668283,컬러블록 레이어드 슬림핏 롱 슬리브 [레드],0.0,0,79200,79200,79200,0,0,0.0,100.0,1,high,24.01,5,2,none,,59,https://www.musinsa.com/products/5668283
2026-09-02,제너럴아이디어,5678779,스캘럽 케이블 브이넥 풀오버 [IVORY] / WBE4L05556,0.0,0,62900,62900,59200,1,3700,6.25,100.0,1,medium,24.09,5,2,none,,59,https://www.musinsa.com/products/5678779
2026-09-02,트리밍버드,5685883,Gradient Hoodie Knit Pullover [ Smoke Blue ],0.0,0,242100,242100,242100,0,0,0.0,100.0,1,high,24.09,5,2,none,,59,https://www.musinsa.com/products/5685883
2026-09-02,칙스,5687483,(기모 ver)하트심볼 자수 맨투맨(3color),0.0,0,35910,35910,39900,1,-3990,-10.0,100.0,1,medium,24.09,5,2,none,,59,https://www.musinsa.com/products/5687483
2026-09-02,더뮤지엄비지터,5688763,FLEECE RAGLAN FULL ZIP-UP (GREY),0.0,0,107400,107400,107400,0,0,0.0,100.0,1,high,24.09,5,2,none,,59,https://www.musinsa.com/products/5688763
2026-09-02,로우클래식,5691835,Lc WOOL JERSEY T-SHIRT_IVORY_LC254TS08IV,0.0,0,52250,52250,52250,0,0,0.0,100.0,1,high,24.09,5,2,none,,59,https://www.musinsa.com/products/5691835
2026-09-02,가까이 유니언즈,5717691,비네스 절개 피그먼트 후드 집업 브라운,0.0,0,57400,57400,57400,0,0,0.0,64.97,0,low,23.99,4,1,none,,59,https://www.musinsa.com/products/5717691
2026-09-02,무센트,5729403,로크 셋업 메탈 로고 컷오프 피그먼트 스웻 팬츠 남녀공용,0.0,0,118800,118800,92400,1,26400,28.57,100.0,1,medium,24.01,5,2,none,,59,https://www.musinsa.com/products/5729403
2026-09-02,바이모노,5730363,[빅사이즈 XL-6XL] 모노 탄탄 아이비리그 오버핏 맨투맨,0.0,0,29900,29900,29900,0,0,0.0,100.0,1,high,24.01,5,2,none,,59,https://www.musinsa.com/products/5730363
2026-09-02,락케이크,5743675,Washed Cross Lettering 2way Jogger - Black,0.0,0,92880,92880,81270,1,11610,14.29,100.0,1,medium,24.09,5,2,none,,59,https://www.musinsa.com/products/5743675
2026-09-02,브랜디드,5745851,[SUPERIOR] CLOUD SUPERFINE V-NECK KNIT [CHARCOAL],0.0,0,125800,125800,125800,0,0,0.0,77.43,0,low,24.0,4,1,none,,59,https://www.musinsa.com/products/5745851
2026-09-02,무센트,5752699,넬로 스냅 버튼 긴팔 티 (6컬러),0.6,26790,44910,44910,34930,1,9980,28.57,100.0,1,medium,24.01,5,2,none,,59,https://www.musinsa.com/products/5752699
2026-09-02,무드인사이드,5759931,피그먼트 베니스 스웨트 후드집업_Charcoal,0.0,0,49900,49900,49900,0,0,0.0,100.0,1,high,24.09,5,2,none,,59,https://www.musinsa.com/products/5759931
2026-09-02,썸웨어버터,5761979,Hairy Wool Half Coat - Charcoal,0.0,0,329000,329000,329000,0,0,0.0,100.0,1,high,24.02,6,2,none,,59,https://www.musinsa.com/products/5761979
2026-09-02,썸웨어버터,5762043,Symbol Logo Handmade Sweater - Ivory,0.0,0,189000,189000,189000,0,0,0.0,100.0,1,high,24.02,6,2,none,,59,https://www.musinsa.com/products/5762043
2026-09-02,어널러코드,5773115,브루니 커브드 코튼 팬츠 (3color),52.18,1991036,38160,38160,38160,0,0,0.0,100.0,1,low,3.97,43,14,none,,59,https://www.musinsa.com/products/5773115
2026-09-02,무드인사이드,5776571,울 해링턴 자켓_Black,0.0,0,99900,99900,99900,0,0,0.0,100.0,1,high,24.09,5,2,none,,59,https://www.musinsa.com/products/5776571
2026-09-02,무센트,5779259,리브르 오프 숄더 언발란스 굴림 긴팔 티 (4컬러),4.22,133911,31709,35910,27930,1,7980,28.57,100.0,1,medium,9.95,14,7,none,,59,https://www.musinsa.com/products/5779259
2026-09-02,브룩스 브라더스,5779387,[여성] 벨티드 다운코트 (베이지) (BBOPWBF404),0.0,0,575280,575280,539200,1,36080,6.69,100.0,1,medium,24.02,6,2,none,,59,https://www.musinsa.com/products/5779387
2026-09-02,데꼬로소,5792827,남녀공용 핑거 홀 울 니트 장갑 [브라운],0.0,0,19800,19800,19800,0,0,0.0,100.0,1,high,24.02,6,2,none,,59,https://www.musinsa.com/products/5792827
2026-09-02,바우로 프로덕트,5796667,헤어리 머슬 라운드 긴팔 니트티 [차콜],0.0,0,39900,39900,39900,0,0,0.0,77.44,0,low,24.0,4,1,none,,59,https://www.musinsa.com/products/5796667
2026-09-02,바이모노,5801979,[빅사이즈 M-8XL] 꼭꼭숨티 클래식 피케이 카라티,0.0,0,39900,39900,39900,0,0,0.0,100.0,1,high,24.01,5,2,none,,59,https://www.musinsa.com/products/5801979
2026-09-02,커버낫,5833851,뉴 어센틱 샌드 31L 백팩 베이지,0.0,0,139000,139000,139000,0,0,0.0,100.0,1,high,24.01,5,2,none,,59,https://www.musinsa.com/products/5833851
2026-09-02,브론슨,5838651,Vintage Long Sleeve Henley Shirt Dark Grey (Korea Edition),0.0,0,55800,55800,55800,0,0,0.0,89.97,0,low,8.99,13,6,none,,59,https://www.musinsa.com/products/5838651
2026-09-02,나이스고스트클럽,5839099,3STAR HOODIE_BLACK(NG2GSUM400A),0.0,0,56070,56070,56070,0,0,0.0,100.0,1,high,24.02,6,2,none,,59,https://www.musinsa.com/products/5839099
2026-09-02,나이스고스트클럽,5839163,DRAWING 3STAR LS TEE_CHARCOAL(NG2GSUT560A),0.0,0,41300,41300,41300,0,0,0.0,100.0,1,high,24.02,6,2,none,,59,https://www.musinsa.com/products/5839163
2026-09-02,노매뉴얼,5849275,NEO LEATHER JACKET - BLACK,0.0,0,417600,417600,417600,0,0,0.0,89.99,0,low,24.0,4,1,none,,59,https://www.musinsa.com/products/5849275
2026-09-02,노매뉴얼,5849403,NM GENESIS T-SHIRT - BLACK,0.0,0,34300,34300,34300,0,0,0.0,89.99,0,low,24.0,4,1,none,,59,https://www.musinsa.com/products/5849403
2026-09-02,노매뉴얼,5849467,FINE STRIPE T-SHIRT - BURGUNDY,0.0,0,34300,34300,34300,0,0,0.0,89.99,0,low,24.0,4,1,none,,59,https://www.musinsa.com/products/5849467
2026-09-02,노매뉴얼,5849531,LAYERED ARCH GRAPHIC T-SHIRT (WOMAN) - WASHED CHARCOAL,0.0,0,38500,38500,38500,0,0,0.0,90.0,0,low,24.0,4,1,none,,59,https://www.musinsa.com/products/5849531
2026-09-02,글로니,5859195,3/4 G WAFFLE BUTTON FLY TEE (BLACK),2.94,185435,63180,63180,63180,0,0,0.0,100.0,1,high,24.09,19,14,none,,59,https://www.musinsa.com/products/5859195
2026-09-02,플레어업,5860539,[유인 PICK] Asymmetrical Draped Long Skirt (FL-263_Dark Gray),12.43,1071523,86186,70560,88200,1,-17640,-20.0,100.0,1,medium,9.0,29,7,none,,59,https://www.musinsa.com/products/5860539
2026-09-02,키르시,5869307,키르시 포켓 에코백 [레드],0.0,0,39200,39200,39200,0,0,0.0,100.0,1,high,24.01,5,2,none,,59,https://www.musinsa.com/products/5869307
2026-09-02,키르시,5869371,스몰 체리 슬림핏 립 롱 슬리브 [라이트 핑크],0.0,0,29400,29400,29400,0,0,0.0,100.0,1,high,24.01,5,2,none,,59,https://www.musinsa.com/products/5869371
2026-09-02,키르시,5869435,라인 디테일 트랙 집업 [브라운],0.0,0,79200,79200,79200,0,0,0.0,100.0,1,high,24.01,5,2,none,,59,https://www.musinsa.com/products/5869435
2026-09-02,론론,5870843,SOFT DAYS KNIT CARDIGAN GREY,0.0,0,55440,55440,43120,1,12320,28.57,100.0,1,medium,24.09,5,2,none,,59,https://www.musinsa.com/products/5870843
2026-09-02,마인드브릿지,5872059,[COUTURE]트윌 조직 트러커 - 2color,0.0,0,139000,139000,139000,0,0,0.0,90.02,0,low,24.0,4,1,none,,59,https://www.musinsa.com/products/5872059
2026-09-02,그루브라임,5877947,OIL COATING JOGGER PANTS (LRQFCPA716M),0.73,18097,24800,24800,24800,0,0,0.0,100.0,1,high,24.09,5,2,none,,59,https://www.musinsa.com/products/5877947
2026-09-02,제너럴아이디어,5880891,릴렉스드 카라 레이어드 풀오버 [BUTTER] / GF7LKP502,0.0,0,46400,46400,46400,0,0,0.0,100.0,1,high,24.09,5,2,none,,59,https://www.musinsa.com/products/5880891
2026-09-02,드로우핏 우먼,5885435,포엠 레이어드 카라 셔츠 탑 [BLUE STRIPE],36.48,1943742,53280,53280,66600,1,-13320,-20.0,100.0,1,medium,24.09,7,2,none,,59,https://www.musinsa.com/products/5885435
2026-09-02,아웃스탠딩,5886587,MIL SERIES SWEAT(FIRST MATE)_NAVY,0.0,0,66600,66600,66600,0,0,0.0,14.8,0,low,24.09,4,1,none,,59,https://www.musinsa.com/products/5886587
2026-09-02,드로우핏 우먼,5886715,시그넷 키홀 스웨이드 호보 백 [BLACK],0.0,0,59040,59040,73800,1,-14760,-20.0,100.0,1,medium,24.09,5,2,none,,59,https://www.musinsa.com/products/5886715
2026-09-02,던스트,5890107,UNISEX OVERSIZED VINTAGE LEATHER BLOUSON_UDJU6A103_BLACK,0.0,0,719100,719100,575280,1,143820,25.0,100.0,1,medium,24.02,6,2,none,,59,https://www.musinsa.com/products/5890107
2026-09-02,드릭스,5891195,빈티지 와플 오버핏 롱 슬리브_샌드,0.0,0,29670,29670,29670,0,0,0.0,100.0,1,high,24.09,5,2,none,,59,https://www.musinsa.com/products/5891195
2026-09-02,아웃스탠딩,5892091,[LOONEY TUNES] SWEAT(HECTOR THE BULLDOG)_1%OATMEAL,0.15,9157,62100,62100,62100,0,0,0.0,14.8,0,low,24.09,4,1,none,,59,https://www.musinsa.com/products/5892091
2026-09-02,바우프,5894651,B 스타 슬림핏 티셔츠 [화이트],0.0,0,45900,45900,45900,0,0,0.0,77.47,0,low,24.0,4,1,none,,59,https://www.musinsa.com/products/5894651
2026-09-02,칙스,5895099,마이크로 체크 오버핏 셔츠 카멜,0.0,0,33210,33210,36900,1,-3690,-10.0,100.0,1,medium,24.09,5,2,none,,59,https://www.musinsa.com/products/5895099
2026-09-02,고스트리퍼블릭,5896699,CP 이중지 에센셜 오버핏 크롭 반팔티 4Color GT-379,1.0,17800,17800,17800,17800,0,0,0.0,77.47,0,low,9.03,16,6,none,,59,https://www.musinsa.com/products/5896699
2026-09-02,플랙,5899003,에센셜 와이드 데님팬츠 M14 빈티지 그레이,0.0,0,81270,81270,81270,0,0,0.0,100.0,1,high,24.01,5,2,none,,59,https://www.musinsa.com/products/5899003
2026-09-02,드로우핏,5899195,이글 해링턴 워싱 자켓 [LIGHT GREY],1.55,175253,113100,113100,113100,0,0,0.0,77.48,0,low,24.0,4,1,none,,59,https://www.musinsa.com/products/5899195
2026-09-02,일리고,5901307,레이스 크로스 레그워머 화이트,0.0,0,30000,30000,30000,0,0,0.0,90.04,0,low,24.0,4,1,none,,59,https://www.musinsa.com/products/5901307
2026-09-02,일리고,5901435,오픈 카라 롱슬리브 버건디,0.0,0,76000,76000,76000,0,0,0.0,90.05,0,low,38.02,8,1,none,,59,https://www.musinsa.com/products/5901435
2026-09-02,더블유엠씨,5901499,콘트라스트 헌팅 자켓_BEIGE,0.0,0,89100,89100,89100,0,0,0.0,100.0,1,high,24.02,6,2,none,,59,https://www.musinsa.com/products/5901499
2026-09-02,데케트,5908731,Officer Straight Jeans DCPT068Black,0.0,0,51800,51800,51800,0,0,0.0,90.06,0,low,24.0,4,1,none,,59,https://www.musinsa.com/products/5908731
2026-09-02,던스트,5911227,PLEATED CHINO SLACKS_UDPA6A203_CLASSIC BEIGE,0.0,0,95200,95200,76160,1,19040,25.0,100.0,1,medium,24.02,6,2,none,,59,https://www.musinsa.com/products/5911227
2026-09-02,에이지오디,5911291,스트랩 밴딩 와이드 슬랙스 [블랙 스트라이프],1.0,28779,28800,28800,28800,0,0,0.0,100.0,1,high,24.09,5,2,none,,59,https://www.musinsa.com/products/5911291
2026-09-02,언타이틀 서울,5911611,크로스 스켈레톤 후드집업 그레이,0.0,0,48000,48000,48000,0,0,0.0,65.02,0,low,23.99,4,1,none,,59,https://www.musinsa.com/products/5911611
2026-09-02,가까이 유니언즈,5911867,럭키 피그먼트 맨투맨 스톤그레이,0.0,0,43400,43400,43400,0,0,0.0,65.02,0,low,23.99,4,1,none,,59,https://www.musinsa.com/products/5911867
2026-09-02,키르시,5912955,슬림핏 레이어드 립 롱 슬리브 [화이트],0.0,0,55200,55200,55200,0,0,0.0,100.0,1,high,24.01,5,2,none,,59,https://www.musinsa.com/products/5912955
2026-09-02,키르시,5913019,버클 디테일 카펜터 와이드핏 데님 팬츠 [블루],0.0,0,86380,86380,87720,1,-1340,-1.53,100.0,1,medium,24.01,5,2,none,,59,https://www.musinsa.com/products/5913019
2026-09-02,키르시,5913083,포켓 리본 디테일 와이드핏 데님 팬츠 [블루],0.0,0,111200,111200,111200,0,0,0.0,100.0,1,high,24.01,5,2,none,,59,https://www.musinsa.com/products/5913083
2026-09-02,엑스컨테이너,5915451,유틸리티 다트 코튼 팬츠 (BLACK),0.0,0,47580,47580,47580,0,0,0.0,90.06,0,low,24.0,4,1,none,,59,https://www.musinsa.com/products/5915451
2026-09-02,해칭룸,5916219,Over Duck Pants Washed Beige,0.0,0,170400,170400,170400,0,0,0.0,90.06,0,low,24.0,4,1,none,,59,https://www.musinsa.com/products/5916219
2026-09-02,룩캐스트,5919739,세렌 H라인 미디 스커트_블랙 / SEREN H LINE MIDI SKIRT_BLACK,0.0,0,58530,58530,58530,0,0,0.0,90.06,0,low,24.0,4,1,none,,59,https://www.musinsa.com/products/5919739
2026-09-02,스키즘 인듀싱,5920443,LOOSE FIT LONG SLEEVE AND HALTER SET WHITE,0.0,0,83300,83300,83300,0,0,0.0,100.0,1,high,24.09,5,2,none,,59,https://www.musinsa.com/products/5920443
2026-09-02,배드블러드,5923067,스터디드 레더 키링 - 블랙,0.0,0,47200,47200,47200,0,0,0.0,100.0,1,high,24.09,5,2,none,,59,https://www.musinsa.com/products/5923067
2026-09-02,배드블러드,5923195,0509 신치백 세미 커브드 팬츠 - 블랙체크,0.0,0,140000,140000,140000,0,0,0.0,100.0,1,high,24.09,5,2,none,,59,https://www.musinsa.com/products/5923195
2026-09-02,유니폼브릿지,5923771,ubc multi stripe l/s t-shirt blue,0.0,0,39500,39500,39500,0,0,0.0,100.0,1,high,24.09,5,2,none,,59,https://www.musinsa.com/products/5923771
2026-09-02,그루브라임,5923835,3단쭈리 G아플리케 자수 코튼 팬츠 (LRRSCPA107M),0.0,0,18800,18800,18800,0,0,0.0,100.0,1,high,24.09,5,2,none,,59,https://www.musinsa.com/products/5923835
2026-09-02,와이케이,5925051,카고 아플리케 스웨트팬츠 멜란지화이트,0.0,0,81750,81750,81750,0,0,0.0,100.0,1,high,24.02,6,2,none,,59,https://www.musinsa.com/products/5925051
2026-09-02,헬레네파리스,5925435,레더 메탈 로고 체인 월렛 [버건디],0.0,0,34720,34720,34720,0,0,0.0,100.0,1,high,24.09,5,2,none,,59,https://www.musinsa.com/products/5925435
2026-09-02,에이치덱스,5926139,코어 리버스 자이언트핏 후디 집업 (Melange Gray),0.0,0,88200,88200,88200,0,0,0.0,77.49,0,low,24.0,4,1,none,,59,https://www.musinsa.com/products/5926139
2026-09-02,와이케이,5927675,말티즈 아카이브 래글런 반팔티셔츠 멜란지화이트,0.0,0,36400,36400,36400,0,0,0.0,100.0,1,high,24.02,6,2,none,,59,https://www.musinsa.com/products/5927675
2026-09-02,아모우,5928635,Heart skull long sleeve Gray,0.0,0,47400,47400,47400,0,0,0.0,100.0,1,high,24.09,5,2,none,,59,https://www.musinsa.com/products/5928635
2026-09-02,로제프란츠,5929979,Fabric Button Collar Cardigan [Sky Blue],0.0,0,49200,49200,49200,0,0,0.0,77.5,0,low,24.0,4,1,none,,59,https://www.musinsa.com/products/5929979
2026-09-02,브라운브레스,5930107,W CRUSH TAG KITTY HOODIE - BLACK,0.0,0,99000,99000,99000,0,0,0.0,100.0,1,high,24.09,5,2,none,,59,https://www.musinsa.com/products/5930107
2026-09-02,후드후드,5930171,에일리언 핸즈 레이어드 피그먼트 롱슬리브 티셔츠 차콜,0.0,0,46220,46220,46220,0,0,0.0,77.5,0,low,24.0,4,1,none,,59,https://www.musinsa.com/products/5930171
2026-09-02,워크온바디오프,5930747,벤테르 세미 와이드 배럴 진 [블루],0.0,0,50310,50310,50310,0,0,0.0,100.0,1,high,24.01,5,2,none,,59,https://www.musinsa.com/products/5930747
2026-09-02,러프사이드,5931579,Double Loop Cardigan Jade,0.0,0,148000,148000,148000,0,0,0.0,65.03,0,low,23.99,4,1,none,,59,https://www.musinsa.com/products/5931579
2026-09-02,러프사이드,5932219,Plain Collar Knit Deep Purple,0.0,0,128000,128000,128000,0,0,0.0,65.04,0,low,23.99,4,1,none,,59,https://www.musinsa.com/products/5932219
2026-09-02,유니온블루,5935803,HARU CASHMERE WOOL CROP CARDIGAN [MELANGE TAUPE],0.0,0,113220,113220,113220,0,0,0.0,100.0,1,high,24.09,5,2,none,,59,https://www.musinsa.com/products/5935803
2026-09-02,웬즈데이오아시스,5936763,브리즈 헨리넥 롱 슬리브 티셔츠_BLACK(W26TP02),0.0,0,41300,41300,41300,0,0,0.0,100.0,1,high,24.09,5,2,none,,59,https://www.musinsa.com/products/5936763
2026-09-02,파르티멘토 우먼,5936827,PWC 콤비 스트라이프 스웻팬츠_모카,0.0,0,45360,45360,45360,0,0,0.0,90.08,0,low,24.0,4,1,none,,59,https://www.musinsa.com/products/5936827
2026-09-02,아캄,5937403,Rhinestone Damaged Long Beanie (Black),0.65,17573,27000,27000,27000,0,0,0.0,65.05,0,low,23.99,7,1,none,,59,https://www.musinsa.com/products/5937403
2026-09-02,굿라이프웍스,5938555,미니멀 브이넥 크롭 니트 올리브,0.0,0,34860,34860,34860,0,0,0.0,65.06,0,low,23.99,4,1,none,,59,https://www.musinsa.com/products/5938555
2026-09-02,굿라이프웍스,5938683,슬랜트 포켓 와이드 데님 팬츠 블랙,0.0,0,43400,43400,43400,0,0,0.0,65.06,0,low,23.99,4,1,none,,59,https://www.musinsa.com/products/5938683
2026-09-02,락케이크,5939003,Offset Cutout Zip Up Hoodie - Gray,0.0,0,98040,98040,85790,1,12250,14.28,100.0,1,medium,24.09,5,2,none,,59,https://www.musinsa.com/products/5939003
2026-09-02,세터,5939067,[라이즈PICK] 크레스트 로고 오픈 칼라 니트 크림,0.0,0,149000,149000,149000,0,0,0.0,65.07,0,low,23.99,4,1,none,,59,https://www.musinsa.com/products/5939067
2026-09-02,디미트리블랙,5945211,2WAY 에센셜 크롭 해링턴 자켓_4 COLOR,2.38,118893,49900,49900,49900,0,0,0.0,100.0,1,low,24.01,8,2,none,,59,https://www.musinsa.com/products/5945211
2026-09-02,아캄,5947963,Pistol Sleeveless (Black),0.0,0,48800,48800,48800,0,0,0.0,65.09,0,low,23.99,4,1,none,,59,https://www.musinsa.com/products/5947963
2026-09-02,아캄,5948091,Annie Half Top (Gray),0.0,0,48300,48300,48300,0,0,0.0,65.09,0,low,23.99,4,1,none,,59,https://www.musinsa.com/products/5948091
2026-09-02,오도어,5949435,Horseshoe wide jean,0.0,0,228000,228000,228000,0,0,0.0,100.0,1,high,24.09,5,2,none,,59,https://www.musinsa.com/products/5949435
2026-09-02,더바넷,5950395,Plery Lace Knit Sleeveless Top_Ivory,0.0,0,79200,79200,79200,0,0,0.0,77.53,0,low,24.0,4,1,none,,59,https://www.musinsa.com/products/5950395
2026-09-02,카키포인트,5951035,Bold Structured Belt (brown),0.0,0,91040,91040,91040,0,0,0.0,100.0,1,high,24.09,5,2,none,,59,https://www.musinsa.com/products/5951035
2026-09-02,카키포인트,5951355,Steel Button Top (sage),0.54,32666,60440,60440,60440,0,0,0.0,100.0,1,high,24.09,5,2,none,,59,https://www.musinsa.com/products/5951355
2026-09-02,몽돌,5952059,[SET] 보트넥 레이어드 골지 티셔츠 화이트 MDTS087WHITE,0.0,0,25200,25200,25200,0,0,0.0,100.0,1,high,24.09,5,2,none,,59,https://www.musinsa.com/products/5952059
2026-09-02,벨리에,5952443,(W) 시어링 링클 셔츠 - 블랙,0.0,0,169100,169100,169100,0,0,0.0,65.09,0,low,23.99,4,1,none,,59,https://www.musinsa.com/products/5952443
2026-09-02,무센트,5960763,테오 크로스 레더 패치 슬리브리스 나시 (4컬러),0.0,0,26910,26910,20930,1,5980,28.57,100.0,1,medium,24.01,5,2,none,,59,https://www.musinsa.com/products/5960763
2026-09-02,그루브라임,5961851,루즈 테이퍼드 코튼 팬츠 (FRNSCPC142M),0.0,0,20800,20800,20800,0,0,0.0,100.0,1,high,24.09,5,2,none,,59,https://www.musinsa.com/products/5961851
2026-09-02,그루브라임,5962043,COLOR STRAP CAP (GC019F13),0.0,0,12400,12400,12400,0,0,0.0,100.0,1,high,24.09,5,2,none,,59,https://www.musinsa.com/products/5962043
2026-09-02,후러브스아트,5963515,트위스트 볼륨 커브드 코튼 팬츠 베이지,1.0,39894,39900,39900,39900,0,0,0.0,100.0,1,high,24.02,6,2,none,,59,https://www.musinsa.com/products/5963515
2026-09-02,2000아카이브스,5964347,ROUX BALLOON PANTS (BLACK),0.0,0,157610,157610,137910,1,19700,14.28,100.0,1,medium,24.09,5,2,none,,59,https://www.musinsa.com/products/5964347
2026-09-02,2000아카이브스,5964411,EVA CORSET TOP (BLACK),0.0,0,109300,109300,95640,1,13660,14.28,100.0,1,medium,24.09,5,2,none,,59,https://www.musinsa.com/products/5964411
2026-09-02,파르티멘토,5967419,헤비 와플 후드 집업 카키,0.0,0,63800,63800,63800,0,0,0.0,100.0,1,high,24.01,5,2,none,,59,https://www.musinsa.com/products/5967419
2026-09-02,999휴머니티,5968891,어드밴처 체크 스카프 (다크 네이비),0.0,0,118000,118000,118000,0,0,0.0,65.1,0,low,23.99,4,1,none,,59,https://www.musinsa.com/products/5968891
2026-09-02,비바라비다,5969339,Horse 헤비테리 후드,0.0,0,57900,57900,57900,0,0,0.0,100.0,1,high,24.09,5,2,none,,59,https://www.musinsa.com/products/5969339
2026-09-02,밀로 아카이브,5970875,시커 체크 셔츠 자켓 [그레이],0.0,0,96600,96600,96600,0,0,0.0,100.0,1,high,24.02,6,2,none,,59,https://www.musinsa.com/products/5970875
2026-09-02,필루미네이트,5972795,(W) 데미지드 벨벳 크롭 니트-그레이,0.0,0,46000,46000,46000,0,0,0.0,100.0,1,high,24.02,6,2,none,,59,https://www.musinsa.com/products/5972795
2026-09-02,론론,5972859,ELBOW PATCH STRIPE SWEATSHIRT NAVY,1.0,70787,70871,71280,55440,1,15840,28.57,100.0,1,medium,24.09,12,2,none,,59,https://www.musinsa.com/products/5972859
2026-09-02,론론,5973051,LAYERED HENRYNECK LONG SLEEVE GREY,0.0,0,55440,55440,43120,1,12320,28.57,100.0,1,medium,24.09,5,2,none,,59,https://www.musinsa.com/products/5973051
2026-09-02,더뮤지엄비지터,5973115,WASHED BUTTON FLY WORK PANTS (BEIGE),0.0,0,95400,95400,95400,0,0,0.0,100.0,1,high,24.09,5,2,none,,59,https://www.musinsa.com/products/5973115
2026-09-02,론론,5973179,SKIRT LAYERED SWEAT PANTS GREY,0.0,0,98820,98820,98820,0,0,0.0,100.0,1,high,24.09,5,2,none,,59,https://www.musinsa.com/products/5973179
2026-09-02,아웃스탠딩,5975163,MIGHTY TIGER WOOL CREW NECK KNIT_IVORY,0.0,0,71100,71100,71100,0,0,0.0,100.0,1,high,24.09,5,2,none,,59,https://www.musinsa.com/products/5975163
2026-09-02,꼼파뇨,5976827,리버티로즈 레이어드 피그먼트 롱슬리브 스모크블랙,0.9,29244,32460,32460,32460,0,0,0.0,90.1,0,low,24.0,4,1,none,,59,https://www.musinsa.com/products/5976827
2026-09-02,디앤에스알,5976955,세스테소 썸머 부클 니트 그레이,0.0,0,88000,88000,88000,0,0,0.0,65.11,0,low,23.99,4,1,none,,59,https://www.musinsa.com/products/5976955
2026-09-02,로제프란츠,5977787,Folding Waist Maxi Long Skirt [Gray],0.0,0,47040,47040,47040,0,0,0.0,77.55,0,low,24.0,4,1,none,,59,https://www.musinsa.com/products/5977787
2026-09-02,몽돌,5982907,사이드 셔링 카프리 팬츠 블랙 MDPT081BLACK,0.0,0,40320,40320,50400,1,-10080,-20.0,100.0,1,medium,24.09,5,2,none,,59,https://www.musinsa.com/products/5982907
2026-09-02,와이케이,5983099,커브드 절개 코튼 팬츠 베이지,0.0,0,89250,89250,89250,0,0,0.0,100.0,1,high,24.02,6,2,none,,59,https://www.musinsa.com/products/5983099
2026-09-02,이지노이지,5983419,커브드 레오파드 팬츠 - 카키,0.0,0,69900,69900,69900,0,0,0.0,65.11,0,low,23.99,4,1,none,,59,https://www.musinsa.com/products/5983419
2026-09-02,틸아이다이,5983995,Stripe half zip up knit [TISP05SW04]_Ivory,0.0,0,63370,63370,84790,1,-21420,-25.26,100.0,1,medium,24.09,5,2,none,,59,https://www.musinsa.com/products/5983995
2026-09-02,인사일런스,5984699,HBT 베이커 팬츠 OLIVE DRAB,0.0,0,107100,107100,107100,0,0,0.0,100.0,1,high,24.01,5,2,none,,59,https://www.musinsa.com/products/5984699
2026-09-02,던스트,5987579,UNISEX STRIPED T-SHIRT_UDTS6A106_GREY STRIPE,0.0,0,55300,55300,44240,1,11060,25.0,100.0,1,medium,24.02,6,2,none,,59,https://www.musinsa.com/products/5987579
2026-09-02,디스이즈네버댓,5992251,T-Logo Cap White/Blue,0.0,0,36000,36000,36000,0,0,0.0,100.0,1,high,24.01,5,2,none,,59,https://www.musinsa.com/products/5992251
2026-09-02,디스이즈네버댓,5992315,Layered L/S Tee Off Black,1.0,60017,60000,60000,60000,0,0,0.0,100.0,1,high,24.01,5,2,none,,59,https://www.musinsa.com/products/5992315
2026-09-02,디스이즈네버댓,5992379,Overdyed Embroidery Hoodie Faded Purple,0.0,0,83300,83300,83300,0,0,0.0,100.0,1,high,24.01,5,2,none,,59,https://www.musinsa.com/products/5992379
2026-09-02,디스이즈네버댓,5992443,Nep Check Zip Shirt Black,0.0,0,104300,104300,104300,0,0,0.0,100.0,1,high,24.01,5,2,none,,59,https://www.musinsa.com/products/5992443
2026-09-02,인사일런스,5993147,램스킨 칼라 데님 자켓 BLACK,0.0,0,229000,229000,229000,0,0,0.0,100.0,1,high,24.01,5,2,none,,59,https://www.musinsa.com/products/5993147
2026-09-02,인사일런스,5993211,울 블렌드 라운드 넥 카디건 MELANGE GREY,0.0,0,116100,116100,116100,0,0,0.0,100.0,1,high,24.01,5,2,none,,59,https://www.musinsa.com/products/5993211
2026-09-02,바우프,5995067,3 logo 도트 슬림핏 티셔츠 [민트 블루],0.78,32305,41650,41650,41650,0,0,0.0,77.57,0,low,24.0,4,1,none,,59,https://www.musinsa.com/products/5995067
2026-09-02,프렌다,5997819,DOT SHIRRING LAYERED TEE SET IVORY,0.0,0,21840,21840,21840,0,0,0.0,100.0,1,high,24.09,5,2,none,,59,https://www.musinsa.com/products/5997819
2026-09-02,길라아카이브,6000059,OBLIQUE ZIPPER OFF SHOULDER LONG SLEEVE_BLACK,0.0,0,43470,43470,43470,0,0,0.0,100.0,1,high,24.02,3,2,none,,59,https://www.musinsa.com/products/6000059
2026-09-02,데꼬로소,6000443,소프트 코튼 브이넥 니트 [네이비],5.06,209918,41500,41500,41500,0,0,0.0,100.0,1,low,15.0,21,6,none,,59,https://www.musinsa.com/products/6000443
2026-09-02,배드블러드,6002235,Mystic Formal Curved Chino Pants - Cream,0.0,0,127200,127200,127200,0,0,0.0,100.0,1,high,24.09,5,2,none,,59,https://www.musinsa.com/products/6002235
2026-09-02,일꼬르소,6004219,US 코튼 숏 슬리브 티셔츠  베이지,0.0,0,20480,20480,20480,0,0,0.0,100.0,1,high,24.01,5,2,none,,59,https://www.musinsa.com/products/6004219
2026-09-02,브룩스 브라더스,6005179,[키즈] 코튼 플란넬 원피스 (핑크) (BBDZKG9944CEF),0.0,0,79500,79500,79500,0,0,0.0,100.0,1,high,24.02,6,2,none,,59,https://www.musinsa.com/products/6005179
2026-09-02,넌블랭크,6006587,와이드 커브드 데님 팬츠_INDIGO,0.0,0,96720,96720,96720,0,0,0.0,100.0,1,high,24.02,6,2,none,,59,https://www.musinsa.com/products/6006587
2026-09-02,로우클래식,6008123,LOW WASHED ZIP-UP HOODIE_CHARCOAL [LC267TS13CC],0.0,0,118850,118850,118850,0,0,0.0,100.0,1,high,24.09,5,2,none,,59,https://www.musinsa.com/products/6008123
2026-09-02,솔트앤초콜릿,6010427,루나 스퀘어 펌프스 412611002(6cm),0.0,0,53400,53400,53400,0,0,0.0,100.0,1,high,24.09,5,2,none,,59,https://www.musinsa.com/products/6010427
2026-09-02,오퍼스 0012,6010939,Op. 10 OPUS DISTRESSED TOTE BAG BURGUNDY,0.0,0,55500,55500,55500,0,0,0.0,100.0,1,high,24.09,5,2,none,,59,https://www.musinsa.com/products/6010939
2026-09-02,탄산마그네슘,6014459,포니 아플리케 티셔츠 (화이트),0.0,0,52440,52440,52440,0,0,0.0,65.13,0,low,48.09,3,1,none,,59,https://www.musinsa.com/products/6014459
2026-09-02,세컨모놀로그,6015675,(TIE SET)Semi Cropped Dart Cotton Shirt [6 color]_SESH025,0.0,0,45500,45500,45500,0,0,0.0,100.0,1,high,24.01,8,2,none,,59,https://www.musinsa.com/products/6015675
2026-09-02,브랜디드,6015931,1768 GRAY WAVE JEANS [EXTRA WIDE STRAIGHT],0.0,0,91800,91800,91800,0,0,0.0,77.57,0,low,24.0,4,1,none,,59,https://www.musinsa.com/products/6015931
2026-09-02,일꼬르소,6015995,테크니컬 쉘 필드 자켓 블랙,0.0,0,109920,109920,109920,0,0,0.0,100.0,1,high,24.01,5,2,none,,59,https://www.musinsa.com/products/6015995
2026-09-02,디스이즈네버댓,6019707,T-Logo Lunchbox Aluminium,0.0,0,39200,39200,39200,0,0,0.0,100.0,1,high,24.01,5,2,none,,59,https://www.musinsa.com/products/6019707
2026-09-02,디스이즈네버댓,6019899,Crochet Knit Zip Hoodie Washed Black,0.0,0,118300,118300,118300,0,0,0.0,100.0,1,high,24.01,5,2,none,,59,https://www.musinsa.com/products/6019899
2026-09-02,아메스 월드와이드,6021243,CUPID RABBIT STRIPE RAGLAN LS TEE BLUE,0.0,0,31360,31360,27440,1,3920,14.29,90.11,0,low,24.0,4,1,none,,59,https://www.musinsa.com/products/6021243
2026-09-02,오헤시오,6021435,"VINTAGE COTTON LOGO MAIL BAG, NAVY",0.0,0,102600,102600,102600,0,0,0.0,100.0,1,high,24.09,3,2,none,,59,https://www.musinsa.com/products/6021435
2026-09-02,오헤시오,6021499,"STITCH BUTTON SLEEVELESS, NAVY",0.0,0,46550,46550,46550,0,0,0.0,100.0,1,high,24.09,5,2,none,,59,https://www.musinsa.com/products/6021499
2026-09-02,탄산마그네슘,6026107,혼 팬던트 (터번 쉘 블루),0.0,0,41800,41800,41800,0,0,0.0,65.14,0,low,23.98,4,1,none,,59,https://www.musinsa.com/products/6026107
2026-09-02,파르티멘토,6030075,VTG 워시드 스테인 볼 캡 네이비,0.0,0,28000,28000,28000,0,0,0.0,100.0,1,high,24.01,5,2,none,,59,https://www.musinsa.com/products/6030075
2026-09-02,파르티멘토 우먼,6033979,DBR 프린트 릴렉스드 티_블랙,0.0,0,31590,31590,31590,0,0,0.0,90.12,0,low,24.0,4,1,none,,59,https://www.musinsa.com/products/6033979
2026-09-02,브룩스 브라더스,6039867,논아이론 옥스포드 셔츠 (라이트블루) (BBTHMNZ501),0.0,0,169000,169000,152100,1,16900,11.11,100.0,1,medium,24.02,6,2,none,,59,https://www.musinsa.com/products/6039867
2026-09-02,브룩스 브라더스,6039931,논아이론 옥스포드 반팔 셔츠 (화이트) (BBTPMNZ503),0.0,0,149000,149000,134100,1,14900,11.11,100.0,1,medium,24.02,6,2,none,,59,https://www.musinsa.com/products/6039931
2026-09-02,브룩스 브라더스,6040443,코튼 골든플리스 로고 반팔 티셔츠 (화이트) (BBNPMNZ501),0.0,0,79000,79000,44240,1,34760,78.57,100.0,1,medium,24.02,6,2,none,,59,https://www.musinsa.com/products/6040443
2026-09-02,브룩스 브라더스,6040699,플레인 코튼 스트레치 어드밴티지 쇼츠 (스톤) (BBPSMFZ501),0.0,0,149000,149000,83440,1,65560,78.57,100.0,1,medium,24.02,6,2,none,,59,https://www.musinsa.com/products/6040699
2026-09-02,본투윈,6042683,BRNTW PIGMENT EXTRA FIT T-SHIRTS [CHARCOAL],0.0,0,56000,56000,56000,0,0,0.0,100.0,1,high,24.09,5,2,none,,59,https://www.musinsa.com/products/6042683
2026-09-02,노이어,6045691,오르빗 슬림 레더 벨트 (골드 홀스 헤어리),0.0,0,46800,46800,46800,0,0,0.0,100.0,1,high,24.09,5,2,none,,59,https://www.musinsa.com/products/6045691
2026-09-02,에이치덱스,6049339,클리어 916 와이드 와플 쇼츠 W (Black),0.0,0,37800,37800,37800,0,0,0.0,77.59,0,low,24.0,4,1,none,,59,https://www.musinsa.com/products/6049339
2026-09-02,에이치덱스,6049595,오리진 숏 슬리브 (White),0.0,0,42750,42750,42750,0,0,0.0,77.59,0,low,24.0,4,1,none,,59,https://www.musinsa.com/products/6049595
2026-09-02,르아브,6050619,스플릿 아크 커브드 카고 팬츠 애쉬그레이,3.11,445265,143100,143100,143100,0,0,0.0,100.0,1,high,24.02,16,4,none,,59,https://www.musinsa.com/products/6050619
2026-09-02,르아브,6050683,데이비드 브이넥 스냅 헨리넥 롱슬리브 화이트,0.0,0,48300,48300,48300,0,0,0.0,100.0,1,high,24.02,6,2,none,,59,https://www.musinsa.com/products/6050683
2026-09-02,로우클래식,6051131,LOW-RISE JEANS_MID BLUE [LC267PT25MB],0.0,0,101320,101320,101320,0,0,0.0,100.0,1,high,24.09,5,2,none,,59,https://www.musinsa.com/products/6051131
2026-09-02,썸웨어버터,6053051,Homie Hoodie Windbreaker - Grey,0.0,0,128880,128880,128880,0,0,0.0,100.0,1,high,24.02,6,2,none,,59,https://www.musinsa.com/products/6053051
2026-09-02,더뮤지엄비지터,6053947,ART PIGMENT HOODIE (CHARCOAL),0.0,0,59400,59400,59400,0,0,0.0,100.0,1,high,24.09,5,2,none,,59,https://www.musinsa.com/products/6053947
2026-09-02,썸웨어버터,6054267,Wappen Stripe Long Top - Grey,0.0,0,60040,60040,60040,0,0,0.0,100.0,1,high,24.02,6,2,none,,59,https://www.musinsa.com/products/6054267
2026-09-02,커버낫,6054459,시어서커 셔츠 차콜,0.0,0,80190,80190,80190,0,0,0.0,100.0,1,high,24.01,5,2,none,,59,https://www.musinsa.com/products/6054459
2026-09-02,카네이테이,6056891,BASIC HENLYNECK SHORT SLEEVES (WHITE),0.0,0,44000,44000,44000,0,0,0.0,100.0,1,high,24.09,5,2,none,,59,https://www.musinsa.com/products/6056891
2026-09-02,칙스,6057659,오버핏 시스루 긴팔 셔츠 소라,0.0,0,26320,26320,26320,0,0,0.0,100.0,1,high,24.09,5,2,none,,59,https://www.musinsa.com/products/6057659
2026-09-02,파르티멘토,6058299,VTG 워시드 크롭 롱 슬리브 블랙,0.0,0,46800,46800,46800,0,0,0.0,100.0,1,high,24.01,5,2,none,,59,https://www.musinsa.com/products/6058299
2026-09-02,브라운브레스,6058427,CHECK TAG HOOD ZIP UP SHIRTS - BLUE,0.0,0,129000,129000,129000,0,0,0.0,100.0,1,high,24.09,5,2,none,,59,https://www.musinsa.com/products/6058427
2026-09-02,브룩스 브라더스,6058875,[여성] 코튼 케이블 가디건 (베이지) (BBWCWBG101),0.0,0,167300,167300,152960,1,14340,9.38,100.0,1,medium,24.02,6,2,none,,59,https://www.musinsa.com/products/6058875
2026-09-02,제로,6059067,칼라 투웨이 스웨트 셔츠 [블랙],0.0,0,59000,59000,59000,0,0,0.0,65.17,0,low,23.98,4,1,none,,59,https://www.musinsa.com/products/6059067
2026-09-02,언탭트 스튜디오,6060219,유니버스 와일드 레터링 스웨트 오버핏 맨투맨,2.94,58806,19980,19980,19980,0,0,0.0,100.0,1,high,24.02,6,2,none,,59,https://www.musinsa.com/products/6060219
2026-09-02,언더오프,6065339,핑거홀 크롭 후드 롱슬리브 블랙,1.98,52118,26320,26320,26320,0,0,0.0,100.0,1,high,9.88,17,7,none,,59,https://www.musinsa.com/products/6065339
2026-09-02,플리즈노팔로우,6067835,Selena Button Wrap long sleeve Top (Black),0.0,0,73100,73100,73100,0,0,0.0,100.0,1,high,24.09,5,2,none,,59,https://www.musinsa.com/products/6067835
2026-09-02,미세키서울 맨,6068475,[리제임스×미세키서울 맨] Two-tone blouson jacket GREY,0.0,0,141000,141000,141000,0,0,0.0,65.18,0,low,23.98,4,1,none,,59,https://www.musinsa.com/products/6068475
2026-09-02,999휴머니티,6068731,어드벤처 플리츠 다이드 데님 팬츠 (퍼플 차콜),0.0,0,163000,163000,163000,0,0,0.0,65.18,0,low,23.98,4,1,none,,59,https://www.musinsa.com/products/6068731
2026-09-02,낫포너드,6069691,Distressed Oil Washed Wide Denim Pants - Deep Blue,0.0,0,65700,65700,65700,0,0,0.0,77.6,0,low,24.0,4,1,none,,59,https://www.musinsa.com/products/6069691
2026-09-02,에스피오나지,6070651,Athletic Track Jacket Black,0.0,0,110600,110600,110600,0,0,0.0,100.0,1,high,24.09,5,2,none,,59,https://www.musinsa.com/products/6070651
2026-09-02,제멋,6071163,커브 워시드 팬츠 블랙 MMLP2693,0.0,0,43900,43900,43900,0,0,0.0,100.0,1,high,24.09,5,2,none,,59,https://www.musinsa.com/products/6071163
2026-09-02,더바이닐하우스,6075323,BANDANA HAIR SCARF RED,0.0,0,24960,24960,24960,0,0,0.0,100.0,1,high,24.01,5,2,none,,59,https://www.musinsa.com/products/6075323
2026-09-02,프리즘웍스,6075579,TWEED WOOL ZIP UP CARDIGAN _ MINT,0.0,0,106560,106560,106560,0,0,0.0,100.0,1,high,24.09,5,2,none,,59,https://www.musinsa.com/products/6075579
2026-09-02,파르티멘토 우먼,6077755,링클드 레더 페코스 부츠_다크 브라운,0.0,0,493200,493200,493200,0,0,0.0,90.14,0,low,24.0,4,1,none,,59,https://www.musinsa.com/products/6077755
2026-09-02,일꼬르소,6079995,헤링본 투 턱 와이드 치노 팬츠 다크 베이지,0.0,0,56960,56960,56960,0,0,0.0,100.0,1,high,24.01,5,2,none,,59,https://www.musinsa.com/products/6079995
2026-09-02,유니폼브릿지,6081531,sleeveless t-shirt black,0.0,0,31200,31200,31200,0,0,0.0,100.0,1,high,24.09,5,2,none,,59,https://www.musinsa.com/products/6081531
2026-09-02,트래블,6083643,실버 스퍼 클럽 피그먼트 반팔티 크림,0.0,0,23200,23200,20300,1,2900,14.29,100.0,1,medium,24.09,5,2,none,,59,https://www.musinsa.com/products/6083643
2026-09-02,엑스컨테이너,6086331,카고 버뮤다 스웻 팬츠 (MELANGE GREY),0.0,0,42090,42090,42090,0,0,0.0,90.14,0,low,24.0,4,1,none,,59,https://www.musinsa.com/products/6086331
2026-09-02,엑스컨테이너,6086459,로우 페이드 버뮤다 데님 팬츠 (WASHED BLACK),0.0,0,33320,33320,33320,0,0,0.0,90.14,0,low,24.0,4,1,none,,59,https://www.musinsa.com/products/6086459
2026-09-02,디스이즈네버댓,6087227,T.N.T. Classic HDP Sweatshort Navy,0.0,0,63200,63200,63200,0,0,0.0,100.0,1,high,24.01,5,2,none,,59,https://www.musinsa.com/products/6087227
2026-09-02,디스이즈네버댓,6087291,BE Striped Tee Brown,0.0,0,47200,47200,47200,0,0,0.0,100.0,1,high,24.01,5,2,none,,59,https://www.musinsa.com/products/6087291
2026-09-02,나이스고스트클럽,6090491,FFATS FLOWER FRILL TEE_PINK(NG2GSUT589A),0.0,0,43470,43470,43470,0,0,0.0,100.0,1,high,24.02,6,2,none,,59,https://www.musinsa.com/products/6090491
2026-09-02,무센트,6090939,모션 스트라이프 버튼 배색 가디건,0.0,0,64710,64710,50330,1,14380,28.57,100.0,1,medium,24.01,5,2,none,,59,https://www.musinsa.com/products/6090939
2026-09-02,마인드브릿지,6091259,[쿨]테이퍼드 쿨 치노 밴딩 팬츠 - 3color,0.9,43175,47900,47900,47900,0,0,0.0,90.14,0,low,24.0,4,1,none,,59,https://www.musinsa.com/products/6091259
2026-09-02,코드그라피,6092027,데님 쇼츠-워싱 블랙,0.0,0,55300,55300,55300,0,0,0.0,77.61,0,low,24.0,4,1,none,,59,https://www.musinsa.com/products/6092027
2026-09-02,배드블러드,6092091,Viper Logo Mock-Neck Cap Sleeve - Black,0.97,69130,71100,71100,71100,0,0,0.0,100.0,1,high,24.03,8,2,none,,59,https://www.musinsa.com/products/6092091
2026-09-02,고스트리퍼블릭,6092155,심볼 크랙 아트워크 피그먼트 반팔티 2Color GT-384,0.0,0,19900,19900,19900,0,0,0.0,77.61,0,low,9.03,9,6,none,,59,https://www.musinsa.com/products/6092155
2026-09-02,배드블러드,6092859,Viper Slim Fit Short Sleeve T-Shirt - Black,0.0,0,47200,47200,47200,0,0,0.0,100.0,1,high,24.09,5,2,none,,59,https://www.musinsa.com/products/6092859
2026-09-02,트리밍버드,6093051,One-Sleeve Overlay Oversized T-Shirt [ White ],0.0,0,98000,98000,98000,0,0,0.0,100.0,1,high,24.09,5,2,none,,59,https://www.musinsa.com/products/6093051
2026-09-02,르바,6095419,All-day Cotton Rib T-shirt - Melange Grey,0.0,0,37800,37800,37800,0,0,0.0,77.61,0,low,24.0,4,1,none,,59,https://www.musinsa.com/products/6095419
2026-09-02,메인부스,6099771,Button Turban Beanie(BLACK),0.0,0,35700,35700,35700,0,0,0.0,77.62,0,low,24.0,8,1,none,,59,https://www.musinsa.com/products/6099771
2026-09-02,수아레,6102395,에어리 크롭 워셔블 하프 니트,382.13,5114839,13385,19900,12550,1,7350,58.57,100.0,1,low,3.57,51,16,none,,59,https://www.musinsa.com/products/6102395
2026-09-02,마인드브릿지,6103291,[COUTURE]립 조직 슬리브리스 - 2color,0.0,0,23900,23900,23900,0,0,0.0,90.16,0,low,24.0,4,1,none,,59,https://www.musinsa.com/products/6103291
2026-09-02,마인드브릿지,6103355,[오정규 PICK] [2PACK]린넨 라이크 데님 오버핏 데일리 반팔 셔츠 - 3color,0.0,0,99000,99000,99000,0,0,0.0,90.16,0,low,24.0,4,1,none,,59,https://www.musinsa.com/products/6103355
2026-09-02,아메스 월드와이드,6106491,52 APPLIQUE TEE GREY,0.9,18933,21000,21000,21000,0,0,0.0,90.17,0,low,24.0,4,1,none,,59,https://www.musinsa.com/products/6106491
2026-09-02,아메스 월드와이드,6106619,LETTERING CASUAL HOBO BAG YELLOW,0.0,0,37760,37760,33040,1,4720,14.29,90.17,0,low,24.0,4,1,none,,59,https://www.musinsa.com/products/6106619
2026-09-02,키르시,6108091,키르시 멜로우 소프트 터치 가디건 [라이트 핑크],0.0,0,79200,79200,79200,0,0,0.0,100.0,1,high,24.01,5,2,none,,59,https://www.musinsa.com/products/6108091
2026-09-02,메종미네드,6110331,[현영현영/성민 PICK] MP3 GRAPHIC LAYERED HALF T MELANGE GRAY,0.0,0,33390,33390,33390,0,0,0.0,90.17,0,low,24.0,4,1,none,,59,https://www.musinsa.com/products/6110331
2026-09-02,디미트리블랙,6110843,VLAD 커브드 밴딩 카고 팬츠_카키,5.47,174428,31900,31900,31900,0,0,0.0,100.0,1,high,24.01,14,4,none,,59,https://www.musinsa.com/products/6110843
2026-09-02,마인드브릿지 우먼,6112507,[W]원턱 로우 인디고 데님 반바지,0.0,0,55900,55900,55900,0,0,0.0,65.2,0,low,23.98,4,1,none,,59,https://www.musinsa.com/products/6112507
2026-09-02,벨리에,6114939,B D 1 슬림 타이 - 차콜 스트라이프,0.0,0,69350,69350,69350,0,0,0.0,65.21,0,low,23.98,4,1,none,,59,https://www.musinsa.com/products/6114939
2026-09-02,오퍼스 0012,6122107,Op. 07 OP-USA CROP LONG SLEEVE WHITE,0.0,0,35400,35400,35400,0,0,0.0,100.0,1,high,24.09,5,2,none,,59,https://www.musinsa.com/products/6122107
2026-09-02,오퍼스 0012,6122619,Op. 08 FLD LIQUID COTTON PANTS BURGUNDY,0.0,0,99160,99160,99160,0,0,0.0,100.0,1,high,24.09,5,2,none,,59,https://www.musinsa.com/products/6122619
2026-09-02,허그본,6123323,드라이 컷오프 오버핏 롱슬리브 [블랙],0.0,0,27550,27550,27550,0,0,0.0,77.62,0,low,24.0,4,1,none,,59,https://www.musinsa.com/products/6123323
2026-09-02,허그본,6123707,프라임 와플 롱슬리브 2컬러,0.0,0,44650,44650,44650,0,0,0.0,77.62,0,low,24.0,4,1,none,,59,https://www.musinsa.com/products/6123707
2026-09-02,커버낫,6125563,캑터스 밸리 그래픽 티셔츠 멜란지 그레이,0.0,0,47790,47790,47790,0,0,0.0,100.0,1,high,24.01,5,2,none,,59,https://www.musinsa.com/products/6125563
2026-09-02,커버낫,6125627,스키퍼 카라 하프 니트 그린,0.0,0,62370,62370,62370,0,0,0.0,100.0,1,high,24.01,5,2,none,,59,https://www.musinsa.com/products/6125627
2026-09-02,오퍼스 0012,6128251,Op. 07 MICHAEL HOODIE WASHED BLACK,0.0,0,93000,93000,93000,0,0,0.0,100.0,1,high,24.09,5,2,none,,59,https://www.musinsa.com/products/6128251
2026-09-02,세터,6133115,시어서커 포켓 셔츠 핑크,0.0,0,119000,119000,119000,0,0,0.0,65.21,0,low,23.98,4,1,none,,59,https://www.musinsa.com/products/6133115
2026-09-02,필루미네이트,6140859,어센틱 민트 초코 티셔츠-화이트,0.0,0,29000,29000,29000,0,0,0.0,100.0,1,high,24.02,6,2,none,,59,https://www.musinsa.com/products/6140859
2026-09-02,브라운야드,6143419,"W 엑스트라 슈퍼 파인 브이넥 니트, 블루",0.0,0,198000,198000,198000,0,0,0.0,100.0,1,high,24.02,6,2,none,,59,https://www.musinsa.com/products/6143419
2026-09-02,비터셀즈,6146555,로즈 페탈 티-화이트,1.93,79303,41020,41020,41020,0,0,0.0,100.0,1,low,44.78,7,2,none,,59,https://www.musinsa.com/products/6146555
2026-09-02,일리고,6149051,플레어 셔링 탑 멜란지,0.0,0,62000,62000,62000,0,0,0.0,90.19,0,low,24.0,4,1,none,,59,https://www.musinsa.com/products/6149051
2026-09-02,일리고,6149115,보우 플레어 미니 원피스 차콜,0.0,0,70000,70000,70000,0,0,0.0,90.19,0,low,72.1,2,1,none,,59,https://www.musinsa.com/products/6149115
2026-09-02,브룩스 브라더스,6151483,린넨 솔리드 셔츠 (화이트) (BBTHMFG201),0.0,0,161100,161100,,0,,,47.11,0,low,23.99,2,1,none,,59,https://www.musinsa.com/products/6151483
2026-09-02,파르티멘토 우먼,6151867,2 IN 1 컨버터블 테리 집업_차콜,0.0,0,95580,95580,95580,0,0,0.0,90.2,0,low,24.0,4,1,none,,59,https://www.musinsa.com/products/6151867
2026-09-02,브룩스 브라더스,6152443,코튼 케이블 베스트 (아이보리) (BBWVMBG105),0.0,0,125300,125300,114560,1,10740,9.38,100.0,1,medium,24.02,6,2,none,,59,https://www.musinsa.com/products/6152443
2026-09-02,디미트리블랙,6154427,VLAD 빈티지 블랙 세미 크롭 티셔츠_피그먼트 차콜,0.59,17748,29900,29900,29900,0,0,0.0,100.0,1,high,23.98,10,5,none,,59,https://www.musinsa.com/products/6154427
2026-09-02,르아르,6156283,90s 빈티지핏 워시드 티셔츠 [라임],1.54,39834,25900,25900,25900,0,0,0.0,100.0,1,low,48.09,8,2,none,,59,https://www.musinsa.com/products/6156283
2026-09-02,드릭스,6157179,우먼스 액티브 레깅스 그래픽 바이커 쇼츠 3.5_4color,0.05,1274,23720,23720,23720,0,0,0.0,100.0,1,high,24.09,5,2,none,,59,https://www.musinsa.com/products/6157179
2026-09-02,아메스 월드와이드,6162683,CLASSIC ROUND HEM RINGER TEE BLACK,0.0,0,16240,16240,14210,1,2030,14.29,90.2,0,low,24.0,4,1,none,,59,https://www.musinsa.com/products/6162683
2026-09-02,아메스 월드와이드,6162747,STRING CASUAL BACK PACK BLUE,0.0,0,49840,49840,43610,1,6230,14.29,90.2,0,low,24.0,4,1,none,,59,https://www.musinsa.com/products/6162747
2026-09-02,아메스 월드와이드,6162875,HEART SPRAY TEE WHITE,0.0,0,19500,19500,19500,0,0,0.0,90.21,0,low,24.0,4,1,none,,59,https://www.musinsa.com/products/6162875
2026-09-02,아모우,6164283,Lettering Circle Half T-Shirts Gray,0.03,774,28800,28800,28800,0,0,0.0,100.0,1,high,24.09,5,2,none,,59,https://www.musinsa.com/products/6164283
2026-09-02,엘무드,6174267,레인저 텐셀 코튼 하프 셔츠 다크 네이비,0.0,0,92000,92000,92000,0,0,0.0,100.0,1,high,24.01,5,2,none,,59,https://www.musinsa.com/products/6174267
2026-09-02,더블유엠씨,6174331,헨리넥 와플 롱슬리브_GREYISH BLUE,0.0,0,35600,35600,35600,0,0,0.0,100.0,1,high,24.02,6,2,none,,59,https://www.musinsa.com/products/6174331
2026-09-02,제멋,6175803,실키바이오 카라 반팔티셔츠 그레이 HSST2695,0.0,0,37900,37900,37900,0,0,0.0,100.0,1,high,24.09,5,2,none,,59,https://www.musinsa.com/products/6175803
2026-09-02,아웃스탠딩,6175867,MOT SERIES TEE(RIDE THE COAST)_KHAKI GRAY,0.0,0,44100,44100,44100,0,0,0.0,14.96,0,low,2.61,10,3,none,,59,https://www.musinsa.com/products/6175867
2026-09-02,론론,6185531,ROUND COLLAR BLAZER JACKET GREY,0.0,0,152280,152280,152280,0,0,0.0,100.0,1,high,24.09,5,2,none,,59,https://www.musinsa.com/products/6185531
2026-09-02,비터셀즈,6188411,에센셜 츄이 에스티 스웻 팬츠-네이비,0.0,0,55200,55200,55200,0,0,0.0,90.22,0,low,24.0,4,1,none,,59,https://www.musinsa.com/products/6188411
2026-09-02,본투윈,6188603,[나띠 PICK] W DOUBLE LINE BAND LONG SLEEVE [BLACK],0.0,0,65500,65500,65500,0,0,0.0,100.0,1,high,24.09,5,2,none,,59,https://www.musinsa.com/products/6188603
2026-09-02,비터셀즈,6189691,에센셜 와플 슬리브리스-아이보리,0.0,0,29700,29700,29700,0,0,0.0,90.22,0,low,24.0,4,1,none,,59,https://www.musinsa.com/products/6189691
2026-09-02,낫포너드,6191291,W Silent Wake Sleeveless - White,0.0,0,30690,30690,30690,0,0,0.0,77.64,0,low,24.0,4,1,none,,59,https://www.musinsa.com/products/6191291
2026-09-02,낫포너드,6191611,Triple Sanctuary Bleach Washed Loose Cropped T-Shirts - Beige,0.0,0,41310,41310,41310,0,0,0.0,77.64,0,low,24.0,4,1,none,,59,https://www.musinsa.com/products/6191611
2026-09-02,아웃스탠딩,6202235,[LOONEY TUNES] HALF SLEEVE TEE(BUGS BUNNY)_1%OATMEAL,0.3,12893,43200,43200,43200,0,0,0.0,14.98,0,low,24.09,4,1,none,,59,https://www.musinsa.com/products/6202235
2026-09-02,세터,6203003,(W) 코티드 코튼 카고 팬츠 카키,0.0,0,139000,139000,139000,0,0,0.0,65.25,0,low,23.98,4,1,none,,59,https://www.musinsa.com/products/6203003
2026-09-02,스컬프터,6204347,Button Stripe Tee Melange Gray,0.0,0,44160,44160,44160,0,0,0.0,100.0,1,high,24.09,5,2,none,,59,https://www.musinsa.com/products/6204347
2026-09-02,세터,6204475,세터데이 무드 스몰 그래픽 반팔 티셔츠 크림,0.0,0,69000,69000,69000,0,0,0.0,65.25,0,low,23.98,4,1,none,,59,https://www.musinsa.com/products/6204475
2026-09-02,트래블,6205179,포티스 크롭 반팔티 블랙,0.0,0,21600,21600,18900,1,2700,14.29,100.0,1,medium,24.09,5,2,none,,59,https://www.musinsa.com/products/6205179
2026-09-02,언더오프,6207291,에센셜 스탠다드 반팔 티셔츠 화이트,0.0,0,19900,19900,19900,0,0,0.0,100.0,1,high,24.01,5,2,none,,59,https://www.musinsa.com/products/6207291
2026-09-02,코드그라피,6207547,스퀘어 컬러 로고 반소매 티셔츠-차콜,0.0,0,29400,29400,29400,0,0,0.0,77.64,0,low,24.0,4,1,none,,59,https://www.musinsa.com/products/6207547
2026-09-02,세터,6208443,베이직 하프 스웨트셔츠 네이비,0.0,0,79000,79000,79000,0,0,0.0,65.26,0,low,23.98,4,1,none,,59,https://www.musinsa.com/products/6208443
2026-09-02,스컬프터,6209211,Metallic High-Neck Halter Top Gun Metal,0.0,0,55680,55680,55680,0,0,0.0,100.0,1,high,24.09,5,2,none,,59,https://www.musinsa.com/products/6209211
2026-09-02,세터,6209339,(W) 클래식 칼라 하프 니트 핑크,0.0,0,109000,109000,109000,0,0,0.0,65.26,0,low,23.98,4,1,none,,59,https://www.musinsa.com/products/6209339
2026-09-02,에이치덱스,6212731,어시스트 경량 패커블 자켓 W (Black),0.0,0,109650,109650,109650,0,0,0.0,77.65,0,low,24.0,4,1,none,,59,https://www.musinsa.com/products/6212731
2026-09-02,브룩스 브라더스,6217339,시어서커 스트라이프 셔츠 (라이트블루) (BBTHMNG203),0.0,0,199000,199000,159200,1,39800,25.0,100.0,1,medium,24.02,6,2,none,,59,https://www.musinsa.com/products/6217339
2026-09-02,론론,6218363,BIG RIBBON APPLIQUE BASIC FIT T SHIRT WHITE,0.0,0,53460,53460,53460,0,0,0.0,100.0,1,high,24.09,5,2,none,,59,https://www.musinsa.com/products/6218363
2026-09-02,파브레가,6218491,오르빈 레더 백팩 (블랙),0.0,0,129600,129600,129600,0,0,0.0,77.66,0,low,24.0,4,1,none,,59,https://www.musinsa.com/products/6218491
2026-09-02,론론,6218811,POINTELLE KNIT LONG SKIRT IVORY,0.0,0,62370,62370,62370,0,0,0.0,100.0,1,high,24.09,5,2,none,,59,https://www.musinsa.com/products/6218811
2026-09-02,디스이즈네버댓,6219387,Printed Striped Tee Green,0.0,0,47200,47200,47200,0,0,0.0,100.0,1,high,24.01,5,2,none,,59,https://www.musinsa.com/products/6219387
2026-09-02,파브레가,6221243,브리드 멀티 스트라이프 티셔츠 (멜란지),0.0,0,46800,46800,46800,0,0,0.0,77.66,0,low,24.0,4,1,none,,59,https://www.musinsa.com/products/6221243
2026-09-02,락케이크,6221819,Off Shoulder Shirring Top - Black,0.0,0,44640,44640,44640,0,0,0.0,100.0,1,high,24.09,5,2,none,,59,https://www.musinsa.com/products/6221819
2026-09-02,락케이크,6221883,Essential Henly Neck Top - Ivory,0.0,0,28560,28560,28560,0,0,0.0,100.0,1,high,24.09,5,2,none,,59,https://www.musinsa.com/products/6221883
2026-09-02,고스트리퍼블릭,6224315,커브드 사이드 핀턱 벌룬 버뮤다 스웻 반바지 4Color GP-512,17.4,276619,15900,15900,15900,0,0,0.0,100.0,1,high,6.34,30,14,none,,59,https://www.musinsa.com/products/6224315
2026-09-02,트리밍버드,6226875,Metallic Hot-Fix Logo Slim T-Shirt [ Charcoal ],0.0,0,59000,59000,59000,0,0,0.0,100.0,1,high,24.09,5,2,none,,59,https://www.musinsa.com/products/6226875
2026-09-02,비바라비다,6227643,Serif 에코백,0.0,0,39130,39130,39130,0,0,0.0,100.0,1,high,24.09,5,2,none,,59,https://www.musinsa.com/products/6227643
2026-09-02,9999아카이브,6228091,Fluid Tech Track Jacket,24.02,2923216,121680,121680,121680,0,0,0.0,100.0,1,high,24.02,6,2,none,,59,https://www.musinsa.com/products/6228091
2026-09-02,브라운야드,6228155,"W 스트레이트 데님, 라이트 브라운",0.0,0,218000,218000,218000,0,0,0.0,100.0,1,high,24.02,6,2,none,,59,https://www.musinsa.com/products/6228155
2026-09-02,스켈리웩,6229307,백 카모 스타 버뮤다 스웨트 쇼츠[그레이],0.27,9476,34900,34900,34900,0,0,0.0,100.0,1,high,24.09,5,2,none,,59,https://www.musinsa.com/products/6229307
2026-09-02,허그본,6235771,Zeroweight 쇼츠 2컬러,0.0,0,36100,36100,36100,0,0,0.0,77.66,0,low,24.0,4,1,none,,59,https://www.musinsa.com/products/6235771
2026-09-02,드로우핏,6236219,[서강준 PICK] 코튼 헨리넥 하프 티셔츠 [3color],21.18,686334,32400,32400,32400,0,0,0.0,100.0,1,low,11.56,20,7,none,,59,https://www.musinsa.com/products/6236219
2026-09-02,드로우핏,6237883,프라그먼티드 스캔트 하프 티셔츠 [WHITE],0.0,0,33300,33300,33300,0,0,0.0,77.67,0,low,24.0,4,1,none,,59,https://www.musinsa.com/products/6237883
2026-09-02,러브이즈트루,6238203,GT OVER FIT UNBALANCE HOOD ZIP UP(CAMO),0.0,0,119890,119890,119890,0,0,0.0,100.0,1,high,24.02,6,2,none,,59,https://www.musinsa.com/products/6238203
2026-09-02,커버낫,6245435,[커버낫 X 미즈노] 나일론 슬링백 브라운,0.0,0,55200,55200,55200,0,0,0.0,100.0,1,high,24.01,5,2,none,,59,https://www.musinsa.com/products/6245435
2026-09-02,세컨모놀로그,6247099,Layered Henley Roll-Up Tee [BLACK]_SETS057BLACK,0.0,0,33000,33000,33000,0,0,0.0,59.28,0,low,23.98,5,1,none,,59,https://www.musinsa.com/products/6247099
2026-09-02,브룩스 브라더스,6252859,코튼 폴로 반팔 스웨터 (다크그린) (BBWTMOG202),0.0,0,125300,125300,100240,1,25060,25.0,100.0,1,medium,24.02,6,2,none,,59,https://www.musinsa.com/products/6252859
2026-09-02,브룩스 브라더스,6253051,코튼 쇼츠 (블루) (BBPSMOG203),0.0,0,97300,97300,77840,1,19460,25.0,100.0,1,medium,24.02,6,2,none,,59,https://www.musinsa.com/products/6253051
2026-09-02,썬러브투어,6255611,SUN CAMP Stripe Tee Brown,0.0,0,48300,48300,48300,0,0,0.0,100.0,1,high,24.09,5,2,none,,59,https://www.musinsa.com/products/6255611
2026-09-02,웬즈데이오아시스,6258939,플로우 린넨 가디건_IVORY(WC26KN53),0.0,0,61600,61600,61600,0,0,0.0,100.0,1,high,24.09,5,2,none,,59,https://www.musinsa.com/products/6258939
2026-09-02,웬즈데이오아시스,6259707,코브 헨리넥 하프 셔츠_BROWN(WB6SH06),0.0,0,40600,40600,40600,0,0,0.0,100.0,1,high,24.09,5,2,none,,59,https://www.musinsa.com/products/6259707
2026-09-02,헬레네파리스,6262075,스파크 포인트 큐빅 벤트넥 하프 티셔츠 [카모플라쥬],0.0,0,37600,37600,37600,0,0,0.0,100.0,1,high,24.09,5,2,none,,59,https://www.musinsa.com/products/6262075
2026-09-02,디스이즈네버댓,6262651,Football Jersey Black,0.0,0,76300,76300,76300,0,0,0.0,100.0,1,high,24.01,5,2,none,,59,https://www.musinsa.com/products/6262651
2026-09-02,썬러브투어,6263099,Reversible Bucket Hat Navy,0.0,0,55300,55300,55300,0,0,0.0,100.0,1,high,24.09,5,2,none,,59,https://www.musinsa.com/products/6263099
2026-09-02,브라운브레스,6266043,STAMP TAG PIGMENT TEE - GREY,0.0,0,49000,49000,49000,0,0,0.0,100.0,1,high,24.09,5,2,none,,59,https://www.musinsa.com/products/6266043
2026-09-02,아틀리에 나인,6269819,BELTED TWO TUCK WIDE SUMMER PANTS S (PT-5776),0.0,0,119200,119200,119200,0,0,0.0,65.29,0,low,23.98,4,1,none,,59,https://www.musinsa.com/products/6269819
2026-09-02,후드후드,6271803,에일리언 피스 반팔티셔츠 화이트,0.0,0,34300,34300,34300,0,0,0.0,77.67,0,low,24.0,4,1,none,,59,https://www.musinsa.com/products/6271803
2026-09-02,넌블랭크,6272059,메리노 울 세미 오버핏 자켓_BLACK,0.0,0,177520,177520,177520,0,0,0.0,100.0,1,high,24.02,6,2,none,,59,https://www.musinsa.com/products/6272059
2026-09-02,아틀리에 나인,6274363,CHECK MERMAID MAXI SKIRT (SK-5099),0.0,0,103200,103200,103200,0,0,0.0,65.29,0,low,23.98,4,1,none,,59,https://www.musinsa.com/products/6274363
2026-09-02,유니폼브릿지,6274747,waffle henley neck s/s t-shirt(womens) white,0.0,0,41300,41300,41300,0,0,0.0,100.0,1,high,24.09,5,2,none,,59,https://www.musinsa.com/products/6274747
2026-09-02,유니폼브릿지,6274811,hickory denim shorts blue,0.0,0,71400,71400,71400,0,0,0.0,100.0,1,high,24.09,5,2,none,,59,https://www.musinsa.com/products/6274811
2026-09-02,던스트,6275771,UNISEX CHECKED PAJAMA SHIRT_UDSH6B133_NAVY CHECK,0.0,0,87200,87200,61040,1,26160,42.86,100.0,1,medium,24.02,6,2,none,,59,https://www.musinsa.com/products/6275771
2026-09-02,던스트,6275835,CROCHET BUSTIER KNIT TOP_UDSW6B232_IVORY,0.0,0,55300,55300,44240,1,11060,25.0,100.0,1,medium,24.02,6,2,none,,59,https://www.musinsa.com/products/6275835
2026-09-02,세터,6285755,(W) 벌룬 슬리브리스 원피스 블랙,0.0,0,129000,129000,129000,0,0,0.0,65.29,0,low,23.98,4,1,none,,59,https://www.musinsa.com/products/6285755
2026-09-02,세터,6290043,[라이즈 PICK] 로턴 링거 반팔 티셔츠 오트밀,1.31,90174,69000,69000,69000,0,0,0.0,65.3,0,low,23.98,4,1,none,,59,https://www.musinsa.com/products/6290043
2026-09-02,디앤에스알,6293755,(W) 레터링 오프숄더 하프 슬리브 차콜,0.0,0,49500,49500,49500,0,0,0.0,65.3,0,low,23.98,4,1,none,,59,https://www.musinsa.com/products/6293755
2026-09-02,해비즘,6295931,LINE BALLOON S/S TEE(GREY),0.0,0,37500,37500,37500,0,0,0.0,100.0,1,high,24.02,6,2,none,,59,https://www.musinsa.com/products/6295931
2026-09-02,썸웨어버터,6299387,Stripe Side Button Sleeveless - Navy,0.0,0,45000,45000,45000,0,0,0.0,100.0,1,high,24.02,6,2,none,,59,https://www.musinsa.com/products/6299387
2026-09-02,썸웨어버터,6299963,Stripe Molty Wappen Henly Knit - Melon,0.0,0,64080,64080,64080,0,0,0.0,100.0,1,high,24.02,6,2,none,,59,https://www.musinsa.com/products/6299963
2026-09-02,유니폼브릿지,6313339,flower pattern s/s shirt(womens) pink,0.0,0,65400,65400,65400,0,0,0.0,100.0,1,high,24.09,5,2,none,,59,https://www.musinsa.com/products/6313339
2026-09-02,드로우핏 우먼,6313659,수피마 실켓 돌먼 보트넥 반팔 티셔츠 [BLACK],0.0,0,25920,25920,32400,1,-6480,-20.0,100.0,1,medium,24.09,5,2,none,,59,https://www.musinsa.com/products/6313659
2026-09-02,솔트앤초콜릿,6313979,리벳 플랫폼 샌들 412624001 (5.5cm),0.0,0,65400,65400,61040,1,4360,7.14,100.0,1,medium,24.09,5,2,none,,59,https://www.musinsa.com/products/6313979
2026-09-02,밀로 아카이브,6315195,모즈 스트라이프 티셔츠 [블루 블랙],0.0,0,44000,44000,44000,0,0,0.0,100.0,1,high,24.02,6,2,none,,59,https://www.musinsa.com/products/6315195
2026-09-02,워크온바디오프,6317371,이지온 세미 오버핏 스트라이프 라운드넥 반팔 니트 [아이보리],0.0,0,26910,26910,26910,0,0,0.0,100.0,1,high,24.01,5,2,none,,59,https://www.musinsa.com/products/6317371
2026-09-02,디미트리블랙,6317947,VLAD 빈티지 OBLIVION 세미 크롭 티셔츠_피그먼트 차콜,0.0,0,29900,29900,29900,0,0,0.0,100.0,1,low,24.01,5,2,none,,59,https://www.musinsa.com/products/6317947
2026-09-02,인사일런스,6318139,디스트레스드 데님 쇼츠 BLUE,0.0,0,107100,107100,107100,0,0,0.0,100.0,1,high,24.01,5,2,none,,59,https://www.musinsa.com/products/6318139
2026-09-02,르바,6318203,All-day Cotton V-neck T-shirt - Classic Navy,1.55,58726,37800,37800,37800,0,0,0.0,77.69,0,low,24.0,4,1,none,,59,https://www.musinsa.com/products/6318203
2026-09-02,드헤베,6319611,Unbalanced Twist Blouse [Peach Pink],0.0,0,93100,93100,93100,0,0,0.0,77.69,0,low,24.0,4,1,none,,59,https://www.musinsa.com/products/6319611
2026-09-02,드헤베,6319995,Summer Henley Neck Knit [Ivory],0.0,0,70300,70300,70300,0,0,0.0,77.7,0,low,24.0,4,1,none,,59,https://www.musinsa.com/products/6319995
2026-09-02,에스피오나지,6328699,Seersucker Flap Pocket S/S Shirt Olive,0.0,0,74200,74200,74200,0,0,0.0,100.0,1,high,24.09,5,2,none,,59,https://www.musinsa.com/products/6328699
2026-09-02,스키즘 인듀싱,6333755,ACADEMY WRAP BUTTON SKIRT CHARCOAL,0.0,0,91800,91800,91800,0,0,0.0,100.0,1,high,24.09,5,2,none,,59,https://www.musinsa.com/products/6333755
2026-09-02,제멋,6338107,에어플로우 린넨 라이크 팬츠 블랙 HSLP2697,0.97,28938,29800,29800,29800,0,0,0.0,100.0,1,high,24.09,5,2,none,,59,https://www.musinsa.com/products/6338107
2026-09-02,트리밍버드,6341819,Square-Toe Belted Slingbacks [ Ivory ],0.0,0,249000,249000,249000,0,0,0.0,100.0,1,high,24.09,5,2,none,,59,https://www.musinsa.com/products/6341819
2026-09-02,제너럴아이디어,6346107,드레이프 셔링 져지 블라우스 [LIGHT KHAKI] / GF2LTS527,0.85,29906,35200,35200,35200,0,0,0.0,100.0,1,high,24.09,5,2,none,,59,https://www.musinsa.com/products/6346107
2026-09-02,에이치덱스,6350075,소프트 스킨 셔링 브라탑 (Black),0.0,0,35100,35100,35100,0,0,0.0,77.71,0,low,24.0,4,1,none,,59,https://www.musinsa.com/products/6350075
2026-09-02,썬러브투어,6350139,Block Waist Bag Green,0.0,0,38500,38500,38500,0,0,0.0,100.0,1,high,24.09,5,2,none,,59,https://www.musinsa.com/products/6350139
2026-09-02,인사일런스 우먼,6355195,빈티지 그래픽 숄더백 ASH BEIGE,0.0,0,67760,67760,83600,1,-15840,-18.95,100.0,1,medium,24.09,5,2,none,,59,https://www.musinsa.com/products/6355195
2026-09-02,프리즘웍스,6362299,CANVAS ESSENTIAL CARGO SHORTS _ TEAL,0.0,0,76500,76500,76500,0,0,0.0,100.0,1,high,24.09,5,2,none,,59,https://www.musinsa.com/products/6362299
2026-09-02,벨리에,6362363,(W) 어반 레이어 시티 스커트 - 민트,0.0,0,119700,119700,119700,0,0,0.0,65.32,0,low,23.98,4,1,none,,59,https://www.musinsa.com/products/6362363
2026-09-02,벨리에,6362427,(W) 어반 쉐이드 다잉 티셔츠 - 그레이,0.0,0,59850,59850,59850,0,0,0.0,65.32,0,low,23.98,4,1,none,,59,https://www.musinsa.com/products/6362427
2026-09-02,커버낫,6365051,체커보드 그래픽 슬리브리스 네이비,0.0,0,30870,30870,30870,0,0,0.0,100.0,1,high,24.01,5,2,none,,59,https://www.musinsa.com/products/6365051
2026-09-02,시야쥬,6366843,SIAC3124 Loop Leather Mini Pouch_Camel,0.0,0,41900,41900,41900,0,0,0.0,100.0,1,high,24.01,5,2,none,,59,https://www.musinsa.com/products/6366843
2026-09-02,메인부스,6372603,[KISS] 폰 케이스(EGO),0.0,0,19800,19800,19800,0,0,0.0,77.71,0,low,24.0,4,1,none,,59,https://www.musinsa.com/products/6372603
2026-09-02,메인부스,6372667,[KISS] USA 로고 티셔츠(그레이),0.0,0,41400,41400,41400,0,0,0.0,77.72,0,low,24.0,4,1,none,,59,https://www.musinsa.com/products/6372667
2026-09-02,더블유엠씨,6374715,빈티지워싱 코튼 쇼츠_BLACK,0.0,0,43450,43450,43450,0,0,0.0,100.0,1,high,24.02,6,2,none,,59,https://www.musinsa.com/products/6374715
2026-09-02,락케이크,6376059,Poeme Hotfix Printed Top - Black,1.73,76313,44200,44200,44200,0,0,0.0,100.0,1,high,24.09,5,2,none,,59,https://www.musinsa.com/products/6376059
2026-09-02,락케이크,6376187,Contour Button Sleeveless - White,0.0,0,32400,32400,32400,0,0,0.0,100.0,1,high,24.09,5,2,none,,59,https://www.musinsa.com/products/6376187
2026-09-02,데꼬로소,6385787,텍스처 리브드 슬리브리스 [블랙],0.0,0,26400,26400,26400,0,0,0.0,100.0,1,high,24.02,6,2,none,,59,https://www.musinsa.com/products/6385787
2026-09-02,데꼬로소,6385915,패널 립 반팔 썸머 라운드 가디건 [화이트],1.0,29596,29600,29600,29600,0,0,0.0,100.0,1,high,24.02,6,2,none,,59,https://www.musinsa.com/products/6385915
2026-09-02,데꼬로소,6386043,자가드 텍스처 스트라이프 린넨 셔츠 [아이보리],2.47,143374,58050,58050,58050,0,0,0.0,100.0,1,high,24.02,9,2,none,,59,https://www.musinsa.com/products/6386043
2026-09-02,밀로 아카이브,6386491,챕터 데님 팬츠 [데님 블루],0.0,0,75600,75600,75600,0,0,0.0,100.0,1,high,24.02,6,2,none,,59,https://www.musinsa.com/products/6386491
2026-09-02,후드후드,6390139,NEVER SAY NEVER 더티 워싱 데미지 반팔티셔츠 옐로우,0.0,0,66400,66400,66400,0,0,0.0,77.72,0,low,24.0,4,1,none,,59,https://www.musinsa.com/products/6390139
2026-09-02,파르티멘토 우먼,6394171,PWC (세트) 포인원 멀티 오버레이 탑_라이트 카키,0.0,0,53460,53460,53460,0,0,0.0,90.3,0,low,24.01,4,1,none,,59,https://www.musinsa.com/products/6394171
2026-09-02,시눈,6397819,Check Printed Shirring One-Piece (Orange),0.0,0,142580,142580,158420,1,-15840,-10.0,65.34,0,low,23.98,4,1,none,,59,https://www.musinsa.com/products/6397819
2026-09-02,인사일런스 우먼,6398139,[2 PACK] W 수피마 코튼 롱슬리브 티셔츠_3 Color,0.0,0,79000,79000,71100,1,7900,11.11,100.0,1,medium,24.09,5,2,none,,59,https://www.musinsa.com/products/6398139
2026-09-02,피인오,6398587,시어 텍스처 하프 셔츠 - 블루,0.0,0,53000,53000,53000,0,0,0.0,100.0,1,high,24.02,6,2,none,,59,https://www.musinsa.com/products/6398587
2026-09-02,에스피오나지,6399675,Black Cats Heavyweight Pocket Tee Vintage Black,0.0,0,32900,32900,32900,0,0,0.0,100.0,1,high,24.09,5,2,none,,59,https://www.musinsa.com/products/6399675
2026-09-02,슈퍼서브,6400571,드롭 패치 와이드 버뮤다 쇼츠-그레이,0.0,0,19900,19900,19900,0,0,0.0,77.73,0,low,24.0,4,1,none,,59,https://www.musinsa.com/products/6400571
2026-09-02,아워데이즈,6401659,썸머 라이트 체크 셔츠 [2COLORS],0.0,0,36600,36600,36600,0,0,0.0,77.73,0,low,24.0,4,1,none,,59,https://www.musinsa.com/products/6401659
2026-09-02,알리스,6401723,웨스턴 리니어 솔리드 크롭 하프 셔츠 [블랙],0.0,0,55250,55250,55250,0,0,0.0,90.31,0,low,38.08,5,1,none,,59,https://www.musinsa.com/products/6401723
2026-09-02,브라운야드,6402939,"워시드 쇼츠, 카키",0.0,0,148000,148000,148000,0,0,0.0,100.0,1,high,24.02,6,2,none,,59,https://www.musinsa.com/products/6402939
2026-09-02,유니온블루,6406075,RUSTIC STRIPE HENLEY HALF KNIT [GRANITE NAVY],1.7,102682,60440,60440,60440,0,0,0.0,100.0,1,high,24.09,8,2,none,,59,https://www.musinsa.com/products/6406075
2026-09-02,인템포무드,6408763,아크 포켓 셔츠_베이지,0.0,0,49800,49800,49800,0,0,0.0,100.0,1,high,24.01,5,2,none,,59,https://www.musinsa.com/products/6408763
2026-09-02,세터,6409403,시트론 백 로고 반팔 티셔츠 올리브 그린,0.0,0,69000,69000,69000,0,0,0.0,65.35,0,low,23.98,4,1,none,,59,https://www.musinsa.com/products/6409403
2026-09-02,제로,6409595,사이드 헨리 넥 크롭 티셔츠 [딥 차콜],0.0,0,25000,25000,25000,0,0,0.0,65.35,0,low,23.98,4,1,none,,59,https://www.musinsa.com/products/6409595
2026-09-02,제로,6409915,슬랍 핑거 홀 크롭 후드 집업 [차콜],8.1,284180,35100,35100,35100,0,0,0.0,100.0,1,high,9.55,24,8,none,,59,https://www.musinsa.com/products/6409915
2026-09-02,썬러브투어,6411771,W Polartec® Delta™ FlexAir Tank Top Purple,0.0,0,62300,62300,62300,0,0,0.0,100.0,1,high,24.09,5,2,none,,59,https://www.musinsa.com/products/6411771
2026-09-02,썬러브투어,6411835,Polartec® Delta™ FlexAir Arm Sleeves Stone,0.0,0,36400,36400,36400,0,0,0.0,100.0,1,high,24.09,5,2,none,,59,https://www.musinsa.com/products/6411835
2026-09-02,브라운브레스,6415355,MOTOR GRAPHIC TEE - CHARCOAL,0.0,0,59000,59000,59000,0,0,0.0,100.0,1,high,24.09,5,2,none,,59,https://www.musinsa.com/products/6415355
2026-09-02,론론,6416827,LACE TRIM WRAP SKIRT PINK,0.0,0,39600,39600,30800,1,8800,28.57,100.0,1,medium,24.09,5,2,none,,59,https://www.musinsa.com/products/6416827
2026-09-02,제너럴아이디어,6417467,시어서커 카라 하프 셔츠 [WHITE] / GF2LSH518,0.0,0,33600,33600,33600,0,0,0.0,100.0,1,high,24.09,5,2,none,,59,https://www.musinsa.com/products/6417467
2026-09-02,프리즘웍스,6419067,SOFT TWO TUCK SWEAT PANTS _ GRAY,0.0,0,56070,56070,56070,0,0,0.0,100.0,1,high,24.09,5,2,none,,59,https://www.musinsa.com/products/6419067
2026-09-02,썸웨어버터,6426939,Basic Wappen Sleeveless - Ivory,0.0,0,39000,39000,39000,0,0,0.0,100.0,1,high,24.02,6,2,none,,59,https://www.musinsa.com/products/6426939
2026-09-02,썸웨어버터,6427003,Sella Halter Blouse - Ivory,0.0,0,109000,109000,109000,0,0,0.0,100.0,1,high,24.02,6,2,none,,59,https://www.musinsa.com/products/6427003
2026-09-02,일리고,6427451,129 도트 핏티드 티셔츠 핑크 도트,0.0,0,36000,36000,36000,0,0,0.0,90.32,0,low,24.01,4,1,none,,59,https://www.musinsa.com/products/6427451
2026-09-02,유니온블루,6431035,RUGBY COLLAR HALF KNIT [BURGUNDY],0.0,0,60440,60440,60440,0,0,0.0,100.0,1,high,24.09,5,2,none,,59,https://www.musinsa.com/products/6431035
2026-09-02,제너럴아이디어,6432379,플리츠 니트 랩 스커트 [BLACK] / GF2LET529,0.0,0,29600,29600,29600,0,0,0.0,100.0,1,high,24.09,5,2,none,,59,https://www.musinsa.com/products/6432379
2026-09-02,도프제이슨,6437179,숄더 버튼 체크 레이어드 티셔츠 MELANGE GREY,1.0,40844,40850,40850,40850,0,0,0.0,100.0,1,high,24.02,6,2,none,,59,https://www.musinsa.com/products/6437179
2026-09-02,일리고,6437627,새소 디어 보우 오프숄더 티 민트,0.0,0,52000,52000,52000,0,0,0.0,90.33,0,low,24.01,4,1,none,,59,https://www.musinsa.com/products/6437627
2026-09-02,론론,6443835,BETTY BOOP ALL OVER CARTOON RAGLAN T SHIRT GREY,0.0,0,44550,44550,44550,0,0,0.0,100.0,1,high,24.09,5,2,none,,59,https://www.musinsa.com/products/6443835
2026-09-02,9999아카이브,6445243,Raw Structural Mesh Pants,1.68,216151,128880,128880,128880,0,0,0.0,100.0,1,low,47.53,5,2,none,,59,https://www.musinsa.com/products/6445243
2026-09-02,카네이테이,6452283,SLIM HENLEY HOODIE SHORT SLEEVE (CHARCOAL),0.0,0,55200,55200,38640,1,16560,42.86,100.0,1,medium,24.09,5,2,none,,59,https://www.musinsa.com/products/6452283
2026-09-02,일리고,6455163,레이스 트리밍 티셔츠 핑크,0.0,0,46000,46000,46000,0,0,0.0,90.34,0,low,24.01,4,1,none,,59,https://www.musinsa.com/products/6455163
2026-09-02,글로니,6457595,G FINE STRAP CAMISOLE (WHITE),0.0,0,38880,38880,38880,0,0,0.0,100.0,1,high,24.09,5,2,none,,59,https://www.musinsa.com/products/6457595
2026-09-02,트리밍버드,6457979,Leather Label Big Coated Backpack [ Black ],0.0,0,219000,219000,219000,0,0,0.0,100.0,1,high,24.09,5,2,none,,59,https://www.musinsa.com/products/6457979
2026-09-02,트리밍버드,6458171,Maxi Frayed Scrunchie [ Melange Gray ],0.0,0,29000,29000,29000,0,0,0.0,100.0,1,high,24.09,5,2,none,,59,https://www.musinsa.com/products/6458171
2026-09-02,헬레네파리스,6458299,심포지엄 아트워크 하프 슬리브 [화이트],0.0,0,28800,28800,28800,0,0,0.0,100.0,1,high,24.09,5,2,none,,59,https://www.musinsa.com/products/6458299
2026-09-02,헬레네파리스,6458363,[핫썸머] 린넨 헨리넥 시스루 풀오버 니트 [화이트],0.0,0,49840,49840,49840,0,0,0.0,100.0,1,high,24.09,5,2,none,,59,https://www.musinsa.com/products/6458363
2026-09-02,제너럴아이디어,6458491,온도컷 쿨 세미 와이드 니트 팬츠 [IVORY] / GF2LPT520,0.0,0,60000,60000,60000,0,0,0.0,100.0,1,high,24.09,5,2,none,,59,https://www.musinsa.com/products/6458491
2026-09-02,제너럴아이디어,6458683,맥시 밴딩 니트 스커트 [BLACK] / GF2LSK518,0.0,0,56800,56800,56800,0,0,0.0,100.0,1,high,24.09,5,2,none,,59,https://www.musinsa.com/products/6458683
2026-09-02,로제프란츠,6459003,Cancan Frill Mini Skirt [White],0.0,0,44160,44160,44160,0,0,0.0,77.76,0,low,24.0,4,1,none,,59,https://www.musinsa.com/products/6459003
2026-09-02,로제프란츠,6459835,Ribbon Flare Cargo Pants [Ivory],0.0,0,55200,55200,55200,0,0,0.0,77.76,0,low,24.0,4,1,none,,59,https://www.musinsa.com/products/6459835
2026-09-02,세터,6460091,스카시 칼라 하프 니트 가디건 라이트 그린,0.0,0,139000,139000,139000,0,0,0.0,65.38,0,low,23.98,4,1,none,,59,https://www.musinsa.com/products/6460091
2026-09-02,노이어,6462523,리브드 헨리넥 레이어드 티셔츠 (멜란지그레이),0.0,0,37700,37700,37700,0,0,0.0,100.0,1,high,24.09,5,2,none,,59,https://www.musinsa.com/products/6462523
2026-09-02,노이어,6462715,울 텐셀 레이어드 브이넥 티셔츠 (그레이라벤더),0.0,0,44800,44800,44800,0,0,0.0,100.0,1,high,24.09,5,2,none,,59,https://www.musinsa.com/products/6462715
2026-09-02,노이어,6462779,빈티지 아카이브 루즈핏 데님 팬츠 (블루),0.0,0,111000,111000,111000,0,0,0.0,100.0,1,high,24.09,5,2,none,,59,https://www.musinsa.com/products/6462779
2026-09-02,브렌슨,6463419,린넨 라이크 체크 반팔 셔츠 ( 네이비 ),2.18,71874,32900,32900,32900,0,0,0.0,100.0,1,high,24.01,5,2,none,,59,https://www.musinsa.com/products/6463419
2026-09-02,밀로 아카이브,6463611,에센셜 피그먼트 다잉 티셔츠 [인디고 블루],0.53,13572,25600,25600,25600,0,0,0.0,100.0,1,high,24.02,6,2,none,,59,https://www.musinsa.com/products/6463611
2026-09-02,꼼파뇨,6471163,스트로베리 밴드 반팔티 레몬,0.0,0,28610,28610,28610,0,0,0.0,90.35,0,low,24.01,4,1,none,,59,https://www.musinsa.com/products/6471163
2026-09-02,파르티멘토 우먼,6471739,라이트웨이트 드레이프 비니_그레이,0.0,0,22050,22050,22050,0,0,0.0,90.35,0,low,24.01,4,1,none,,59,https://www.musinsa.com/products/6471739
2026-09-02,파르티멘토 우먼,6471803,워시드 드로스트링 치노 팬츠_차콜,0.0,0,79380,79380,79380,0,0,0.0,90.35,0,low,24.01,4,1,none,,59,https://www.musinsa.com/products/6471803
2026-09-02,시야쥬,6472315,SIPT7208 플리츠 카프리 팬츠_Brown,0.0,0,62100,62100,62100,0,0,0.0,100.0,1,high,24.01,5,2,none,,59,https://www.musinsa.com/products/6472315
2026-09-02,시야쥬,6472443,SITP5290 실키 ST 스트링 셔츠_White,0.0,0,94500,94500,94500,0,0,0.0,100.0,1,high,24.01,5,2,none,,59,https://www.musinsa.com/products/6472443
2026-09-02,파르티멘토,6476155,샴브레이 데님 풀오버 셔츠 라이트 블루,0.0,0,59900,59900,59900,0,0,0.0,100.0,1,high,24.01,5,2,none,,59,https://www.musinsa.com/products/6476155
2026-09-02,파르티멘토,6476283,로우 엣지 포켓 티 멜란지 그레이,3.03,120711,39900,39900,39900,0,0,0.0,100.0,1,high,24.01,9,4,none,,59,https://www.musinsa.com/products/6476283
2026-09-02,유라고,6478971,Stripe frill blouse,0.0,0,57000,57000,57000,0,0,0.0,65.38,0,low,23.98,7,1,none,,59,https://www.musinsa.com/products/6478971
2026-09-02,비바라비다,6479483,Double 볼캡,0.0,0,32780,32780,32780,0,0,0.0,100.0,1,high,24.09,5,2,none,,59,https://www.musinsa.com/products/6479483
2026-09-02,이지노이지,6481979,홀스 유니언 잭 버뮤다 스웻 팬츠 - 네이비,0.0,0,39900,39900,39900,0,0,0.0,65.39,0,low,23.98,4,1,none,,59,https://www.musinsa.com/products/6481979
2026-09-02,배드블러드,6482875,[AQUA]  다크 클래식2 1/2 후드 집업 - 핑크 스트라이프,0.0,0,75650,75650,75650,0,0,0.0,100.0,1,high,24.09,5,2,none,,59,https://www.musinsa.com/products/6482875
2026-09-02,더바넷,6491579,Daddy Loose-Fit Denim Pants_White,0.0,0,125100,125100,125100,0,0,0.0,77.77,0,low,24.0,4,1,none,,59,https://www.musinsa.com/products/6491579
2026-09-02,더바넷,6491643,Denny Cotton Shorts_Navy,0.0,0,115200,115200,115200,0,0,0.0,77.77,0,low,24.0,4,1,none,,59,https://www.musinsa.com/products/6491643
2026-09-02,러프사이드,6497275,Scoop Neck T-Shirt Ash Black,0.0,0,39000,39000,39000,0,0,0.0,65.39,0,low,23.98,4,1,none,,59,https://www.musinsa.com/products/6497275
2026-09-02,썸웨어버터,6500091,Pochacco Over-Fit Top - Charcoal,0.0,0,37240,37240,37240,0,0,0.0,100.0,1,high,24.02,6,2,none,,59,https://www.musinsa.com/products/6500091
2026-09-02,르아르,6507899,링거 포인트 그래픽 티셔츠 [블랙],0.0,0,24900,24900,24900,0,0,0.0,65.39,0,low,23.98,4,1,none,,59,https://www.musinsa.com/products/6507899
2026-09-02,데꼬로소,6516283,남녀공용 미니멀 자개 비즈 팔찌 [라이트 그레이],0.0,0,26400,26400,26400,0,0,0.0,100.0,1,high,24.02,6,2,none,,59,https://www.musinsa.com/products/6516283
2026-09-02,꼼파뇨,6518267,다이노스티치 자수 피그먼트 반팔티 스모크블랙,0.9,25842,28610,28610,28610,0,0,0.0,90.36,0,low,24.01,4,1,none,,59,https://www.musinsa.com/products/6518267
2026-09-02,드로우핏,6526139,레이어드 롤업 헨리넥 티셔츠 [BLACK],3.8,150371,39600,39600,39600,0,0,0.0,100.0,1,high,9.03,15,7,none,,59,https://www.musinsa.com/products/6526139
2026-09-02,칙스,6533435,스터드 라인업 그래픽 원숄더 반팔 화이트,0.0,0,39510,39510,43900,1,-4390,-10.0,100.0,1,medium,24.09,5,2,none,,59,https://www.musinsa.com/products/6533435
2026-09-02,플레어업,6535163,3-Layered Henley T-shirt (FL-151_Black),0.0,0,23230,23230,33180,1,-9950,-29.99,90.37,0,low,24.01,4,1,none,,59,https://www.musinsa.com/products/6535163
2026-09-02,더블유엠씨,6539131,나일론 카고 파라슈트 팬츠(3color),15.56,740730,47600,47600,47600,0,0,0.0,100.0,1,low,9.88,20,7,none,,59,https://www.musinsa.com/products/6539131
2026-09-02,무드인사이드 우먼,6548027,(woman) 모어댄 하프 쇼츠_2Color,0.0,0,49900,49900,49900,0,0,0.0,100.0,1,high,24.01,5,2,none,,59,https://www.musinsa.com/products/6548027
2026-09-02,파르티멘토,6551163,패치워크 롤업 오픈 카라 셔츠 블루,0.0,0,59900,59900,59900,0,0,0.0,100.0,1,high,24.01,5,2,none,,59,https://www.musinsa.com/products/6551163
2026-09-02,러브이즈트루,6551419,SY TOO PRETTY TEE(BEIGE),0.0,0,31680,31680,31680,0,0,0.0,100.0,1,high,24.02,6,2,none,,59,https://www.musinsa.com/products/6551419
2026-09-02,미세키서울,6551547,Double strap sneakers CHARCOAL,0.0,0,142200,142200,142200,0,0,0.0,90.37,0,low,24.01,4,1,none,,59,https://www.musinsa.com/products/6551547
2026-09-02,아캄,6554491,Gunslinger Sleeveless (Black),0.0,0,39200,39200,39200,0,0,0.0,65.4,0,low,23.98,4,1,none,,59,https://www.musinsa.com/products/6554491
2026-09-02,효지,6559163,26 SS 세미 크롭 와플 링거 반팔 티셔츠 (2컬러),0.65,13025,19900,19900,19900,0,0,0.0,65.41,0,low,23.98,4,1,none,,59,https://www.musinsa.com/products/6559163
2026-09-02,낫포너드,6573819,Fuzz Dream Mesh Running Cap - Blue,0.0,0,35100,35100,35100,0,0,0.0,77.78,0,low,24.0,4,1,none,,59,https://www.musinsa.com/products/6573819
2026-09-02,후드후드,6575995,모노 에일리언 그래픽 반팔티셔츠 블랙,0.78,26248,33750,33750,33750,0,0,0.0,77.78,0,low,24.0,4,1,none,,59,https://www.musinsa.com/products/6575995
2026-09-02,탄산마그네슘,6582523,안녕자두야X탄산 패턴 슬리브리스 (스카이블루),0.0,0,40280,40280,40280,0,0,0.0,65.41,0,low,23.98,4,1,none,,59,https://www.musinsa.com/products/6582523
2026-09-02,마인드브릿지,6590779,[ON]워셔블 헨리넥 세미 오버핏 반팔 니트 - 4color,3.68,146975,39900,39900,39900,0,0,0.0,100.0,1,high,8.99,19,7,none,,59,https://www.musinsa.com/products/6590779
2026-09-02,마인드브릿지 우먼,6591035,[W]화이트 밑단 레이어드 슬리브리스,0.0,0,63900,63900,63900,0,0,0.0,65.42,0,low,23.98,4,1,none,,59,https://www.musinsa.com/products/6591035
2026-09-02,제너럴아이디어,6591355,레이스 핀턱 퍼프 블라우스 [WHITE] / GF2LSH523,0.0,0,48800,48800,48800,0,0,0.0,100.0,1,high,24.09,5,2,none,,59,https://www.musinsa.com/products/6591355
2026-09-02,론론,6592251,FLORAL MINI LABEL CROP SHORT SLEEVE SOFT BLUE,0.0,0,35640,35640,35640,0,0,0.0,100.0,1,high,24.09,5,2,none,,59,https://www.musinsa.com/products/6592251
2026-09-02,썸웨어버터,6593659,Stripe 21 Square Logo Over-Fit Top - Light Blue,0.0,0,63000,63000,63000,0,0,0.0,100.0,1,high,24.02,6,2,none,,59,https://www.musinsa.com/products/6593659
2026-09-02,일꼬르소,6594555,WILD WATCHER 아트웍 하프 스웻셔츠 그레이,0.0,0,44160,44160,44160,0,0,0.0,100.0,1,high,24.01,5,2,none,,59,https://www.musinsa.com/products/6594555
2026-09-02,비바라비다,6594683,Coast 링거 반팔 티셔츠,0.0,0,29900,29900,29900,0,0,0.0,100.0,1,high,24.09,5,2,none,,59,https://www.musinsa.com/products/6594683
2026-09-02,썸웨어버터,6595771,Archive Bag - Ivory,0.0,0,85680,85680,85680,0,0,0.0,100.0,1,high,24.02,6,2,none,,59,https://www.musinsa.com/products/6595771
2026-09-02,파르티멘토 우먼,6609531,리워크드 폴로 미니 스커트_블랙,0.0,0,45360,45360,45360,0,0,0.0,90.38,0,low,24.01,4,1,none,,59,https://www.musinsa.com/products/6609531
2026-09-02,파르티멘토 우먼,6609723,러치드 슬리브리스_멜란지,0.0,0,30600,30600,30600,0,0,0.0,90.38,0,low,24.01,4,1,none,,59,https://www.musinsa.com/products/6609723
2026-09-02,더바넷,6617851,Lois Ribbed Logo Tank Top_White,0.0,0,58500,58500,58500,0,0,0.0,77.79,0,low,24.0,4,1,none,,59,https://www.musinsa.com/products/6617851
2026-09-02,더바넷,6619067,Essential T-Shirt_4Color,0.0,0,37800,37800,37800,0,0,0.0,77.79,0,low,24.0,4,1,none,,59,https://www.musinsa.com/products/6619067
2026-09-02,탄산마그네슘,6623803,혼 페이즐리 반다나 (네이비),0.0,0,26600,26600,26600,0,0,0.0,65.42,0,low,23.98,4,1,none,,59,https://www.musinsa.com/products/6623803
2026-09-02,더뮤지엄비지터,6635259,CLEAR MUSE CARD WALLET (BLUE),0.0,0,40950,40950,40950,0,0,0.0,100.0,1,high,24.09,5,2,none,,59,https://www.musinsa.com/products/6635259
2026-09-02,더뮤지엄비지터,6635515,W PAINTED MULTI DOT T-SHIRT (GREEN),0.0,0,55300,55300,55300,0,0,0.0,100.0,1,high,24.09,5,2,none,,59,https://www.musinsa.com/products/6635515
2026-09-02,더뮤지엄비지터,6635579,GALLERY ARTWORK T-SHIRT (PURPLE),0.0,0,44800,44800,44800,0,0,0.0,100.0,1,high,24.09,5,2,none,,59,https://www.musinsa.com/products/6635579
2026-09-02,플리즈노팔로우,6645947,Ethan Pocket Cargo Pants (White),0.0,0,159800,159800,159800,0,0,0.0,100.0,1,high,24.09,5,2,none,,59,https://www.musinsa.com/products/6645947
2026-09-02,플리즈노팔로우,6646011,Mandy Lace Layered Short Sleeve Top (Lemon),0.85,56994,67150,67150,67150,0,0,0.0,100.0,1,high,24.09,5,2,none,,59,https://www.musinsa.com/products/6646011
2026-09-02,플리즈노팔로우,6646075,Arin Lace Bodysuit (Black),0.0,0,67150,67150,67150,0,0,0.0,100.0,1,high,24.09,5,2,none,,59,https://www.musinsa.com/products/6646075
2026-09-02,탄산마그네슘,6651003,반다나 아플리케 티셔츠 (화이트),0.0,0,60040,60040,60040,0,0,0.0,65.43,0,low,23.98,4,1,none,,59,https://www.musinsa.com/products/6651003
2026-09-02,배드블러드,6663483,미스틱 레이스 트랙 집업 - 블랙,0.0,0,122400,122400,122400,0,0,0.0,100.0,1,high,24.09,5,2,none,,59,https://www.musinsa.com/products/6663483
2026-09-02,배드블러드,6664443,코튼립 레이스 캐미 탱크 - 라이트블루,0.0,0,64600,64600,64600,0,0,0.0,100.0,1,high,24.09,5,2,none,,59,https://www.musinsa.com/products/6664443
2026-09-02,꼼파뇨,6668091,트로피칼 썬 피그먼트 반팔티 스모크블랙,0.0,0,28610,28610,28610,0,0,0.0,90.39,0,low,24.01,4,1,none,,59,https://www.musinsa.com/products/6668091
2026-09-02,르아르,6677115,소프트 헨리넥 반팔 티셔츠 [브라운],5.94,159973,26910,26910,26910,0,0,0.0,100.0,1,high,23.98,18,2,none,,59,https://www.musinsa.com/products/6677115
2026-09-02,어반드레스,6684219,French Linen Like Slim Shirt Dress BLACK,0.0,0,23140,23140,23140,0,0,0.0,100.0,1,high,24.09,5,2,none,,59,https://www.musinsa.com/products/6684219
2026-09-02,어반드레스,6684795,Linen Like jacket dress BLACK,1.97,45783,23260,23260,23260,0,0,0.0,100.0,1,high,24.09,5,2,none,,59,https://www.musinsa.com/products/6684795
2026-09-02,틸아이다이,6689467,TFL 07 STRIPE SLEEVELESS [TISU08TS39]_Ivory&Gray,0.0,0,24570,24570,27460,1,-2890,-10.52,100.0,1,medium,24.09,5,2,none,,59,https://www.musinsa.com/products/6689467
2026-09-02,에이이에이이,6696443,AEAE UV PROTECTION UMBRELLA [WHITE],0.0,0,28220,28220,28220,0,0,0.0,90.39,0,low,24.01,4,1,none,,59,https://www.musinsa.com/products/6696443
2026-09-02,글로니,6715195,GLOWNY X MY MELODY MINI BOW BIKINI SET (NAVY),0.0,0,119880,119880,119880,0,0,0.0,100.0,1,high,24.09,5,2,none,,59,https://www.musinsa.com/products/6715195
2026-09-02,엑스컨테이너,6752315,카모 파라슈트 버뮤다 팬츠 (KHAKI CAMO),0.0,0,38190,38190,38190,0,0,0.0,90.4,0,low,24.01,4,1,none,,59,https://www.musinsa.com/products/6752315
2026-09-02,더뮤지엄비지터,6787451,PATCHWORK STRING MESH MINI BACKPACK (SKY BLUE),0.0,0,76300,76300,76300,0,0,0.0,100.0,1,high,24.09,5,2,none,,59,https://www.musinsa.com/products/6787451
2026-09-02,비바라비다,6805563,Ascii 반팔 티셔츠,1.91,49380,25900,25900,25900,0,0,0.0,94.5,0,low,24.09,10,5,none,,59,https://www.musinsa.com/products/6805563
2026-09-02,바이모노,6812475,[빅사이즈 XL-6XL] 모노 워터풀 파도 빅사이즈 래쉬가드 풀 집업,0.0,0,39900,39900,38610,1,1290,3.34,100.0,1,medium,24.01,5,2,none,,59,https://www.musinsa.com/products/6812475
2026-09-02,해칭룸,6819131,Double Waist Pants Charcoal,0.0,0,223000,223000,223000,0,0,0.0,90.41,0,low,24.01,4,1,none,,59,https://www.musinsa.com/products/6819131
2026-09-02,썸웨어버터,6839419,21 Square Logo Over-Fit Top - Yellow,0.0,0,49000,49000,49000,0,0,0.0,100.0,1,high,24.02,6,2,none,,59,https://www.musinsa.com/products/6839419
2026-09-02,언타이틀 서울,6851003,언타이틀 레이스 레이어드 폴로 롱슬리브 블루,0.0,0,48800,48800,48800,0,0,0.0,65.44,0,low,23.98,4,1,none,,59,https://www.musinsa.com/products/6851003
2026-09-02,아모우,6878779,AMOU Horse Sweat pants GRAY,0.0,0,51620,51620,51620,0,0,0.0,100.0,1,high,24.09,5,2,none,,59,https://www.musinsa.com/products/6878779
2026-09-02,아캄,6879483,Slant Cut Hooded Long Sleeve (Black),0.0,0,98100,98100,98100,0,0,0.0,65.45,0,low,23.98,4,1,none,,59,https://www.musinsa.com/products/6879483
2026-09-02,드헤베,6884539,Check Trim Cardigan [Ivory],0.0,0,94770,94770,89780,1,4990,5.56,77.81,0,low,24.0,4,1,none,,59,https://www.musinsa.com/products/6884539
2026-09-02,드헤베,6884603,Basic Crop Cardigan [Pink],0.0,0,92060,92060,87210,1,4850,5.56,77.82,0,low,24.0,4,1,none,,59,https://www.musinsa.com/products/6884603
2026-09-02,코드그라피,6884731,플리스 커브드 팬츠-퍼플,0.0,0,53100,53100,53100,0,0,0.0,77.82,0,low,24.0,4,1,none,,59,https://www.musinsa.com/products/6884731
2026-09-02,코드그라피,6884859,(우먼) 스트라이프 헨리넥 후디-블루,0.0,0,62100,62100,62100,0,0,0.0,77.82,0,low,24.0,4,1,none,,59,https://www.musinsa.com/products/6884859
2026-09-02,후러브스아트,6889723,[준혁 x 후러브스아트] 배색 롤업 반팔 티셔츠 블랙/민트,0.0,0,29900,29900,29900,0,0,0.0,100.0,1,high,24.02,6,2,none,,59,https://www.musinsa.com/products/6889723
2026-09-02,세터,6894971,스몰 리벳 아플리케 포켓 로고 후드 네이비,0.0,0,149000,149000,149000,0,0,0.0,65.46,0,low,23.98,4,1,none,,59,https://www.musinsa.com/products/6894971
2026-09-02,바이모노,6896827,쏙쏙숨티 COOL 시어서커 오픈카라 자동넣입 반팔티,0.0,0,29900,29900,29900,0,0,0.0,100.0,1,high,24.01,5,2,none,,59,https://www.musinsa.com/products/6896827
2026-09-02,벨리에,6897083,트루 와이드 데님 팬츠 - 스트림 인디고,0.0,0,148200,148200,148200,0,0,0.0,65.46,0,low,23.98,4,1,none,,59,https://www.musinsa.com/products/6897083
2026-09-02,몰든,6909883,하이 스트레치 우먼 러닝 쇼츠,0.0,0,52400,52400,55200,1,-2800,-5.07,100.0,1,medium,24.09,5,2,none,,59,https://www.musinsa.com/products/6909883
2026-09-02,디스이즈네버댓,6910075,Circle SP-Logo Cap Black,0.0,0,52000,52000,52000,0,0,0.0,100.0,1,high,24.01,5,2,none,,59,https://www.musinsa.com/products/6910075
2026-09-02,디스이즈네버댓,6910139,Resonance Tee Moss Green,0.0,0,65000,65000,65000,0,0,0.0,100.0,1,high,24.01,5,2,none,,59,https://www.musinsa.com/products/6910139
2026-09-02,9999아카이브,6937339,Technical Curved Sweat Pants,0.0,0,116100,116100,,0,,,46.88,0,low,23.99,2,1,none,,59,https://www.musinsa.com/products/6937339
2026-09-02,유니폼브릿지,6939643,slub ringer s/s t-shirt brown,0.0,0,39200,39200,39200,0,0,0.0,100.0,1,high,24.09,5,2,none,,59,https://www.musinsa.com/products/6939643
2026-09-02,바이모노,6947259,[빅사이즈 S-8XL] 모노 네코냥 프린팅 오버핏 반팔티,0.0,0,29900,29900,29900,0,0,0.0,100.0,1,high,24.01,5,2,none,,59,https://www.musinsa.com/products/6947259
2026-09-02,로제프란츠,6948347,Wrap V-neck Long Sleeve [Ivory],0.0,0,40960,40960,40960,0,0,0.0,77.83,0,low,24.0,4,1,none,,59,https://www.musinsa.com/products/6948347
2026-09-02,로제프란츠,6948667,Double Pocket Cardigan [Sky Blue],0.0,0,62720,62720,62720,0,0,0.0,77.84,0,low,24.0,4,1,none,,59,https://www.musinsa.com/products/6948667
2026-09-02,디미트리블랙,6951163,에센셜 RIBBED 롱슬리브 티셔츠_헨리넥 3 COLOR,88.42,2466847,27900,27900,27900,0,0,0.0,100.0,1,low,3.78,48,16,none,,59,https://www.musinsa.com/products/6951163
2026-09-02,오헤시오,6953019,"STRING BOAT NECK JERSEY BLOUSE, WHITE",40.69,2497045,61370,61370,61370,0,0,0.0,100.0,1,high,24.09,7,2,none,,59,https://www.musinsa.com/products/6953019
2026-09-02,오헤시오,6953211,"APPLE RAGLAN OVER FIT LONG SLEEVE, GRAY",0.0,0,61370,61370,61370,0,0,0.0,100.0,1,high,24.09,5,2,none,,59,https://www.musinsa.com/products/6953211
2026-09-02,언탭트 스튜디오,6959803,[2PACK]오버핏 에센셜 헨리넥 라운드 니트 4Color,0.0,0,59800,59800,59800,0,0,0.0,100.0,1,high,24.02,6,2,none,,59,https://www.musinsa.com/products/6959803
2026-09-02,언탭트 스튜디오,6961019,[2PACK]워셔블 터틀넥 슬리브 코튼 니트 티셔츠 3Color,0.0,0,34860,34860,34860,0,0,0.0,100.0,1,high,24.02,6,2,none,,59,https://www.musinsa.com/products/6961019
2026-09-02,유라고,6966779,Pocket leather overfit blouson_Black,0.0,0,145040,145040,145040,0,0,0.0,65.47,0,low,23.98,4,1,none,,59,https://www.musinsa.com/products/6966779
2026-09-02,미세키서울,6968187,Diagonal belted midi skirt BLACK,0.0,0,126000,126000,126000,0,0,0.0,90.42,0,low,24.01,4,1,none,,59,https://www.musinsa.com/products/6968187
2026-09-02,와르,6969083,M2604 브러쉬드 브이넥 니트_브라운,0.0,0,90720,90720,90720,0,0,0.0,100.0,1,high,24.09,5,2,none,,59,https://www.musinsa.com/products/6969083
2026-09-02,와르,6969339,M296 엔지니어 데님 팬츠_블랙,0.0,0,105630,105630,105630,0,0,0.0,100.0,1,high,24.09,5,2,none,,59,https://www.musinsa.com/products/6969339
2026-09-02,러브이즈트루,6970619,RL HORSE 910 KNIT ZIP UP(IVORY),0.0,0,146610,146610,146610,0,0,0.0,100.0,1,high,24.02,6,2,none,,59,https://www.musinsa.com/products/6970619
2026-09-02,마인드브릿지,6978427,[SET]릴랙스핏 스웨이드 변형 조직 셋업 블랙,0.0,0,239000,239000,239000,0,0,0.0,90.43,0,low,24.01,4,1,none,,59,https://www.musinsa.com/products/6978427
2026-09-02,키뮤어,6980027,[크롭] 와플 헨리넥 니트_차콜,0.0,0,62100,62100,62100,0,0,0.0,100.0,1,high,24.09,5,2,none,,59,https://www.musinsa.com/products/6980027
2026-09-02,드로우핏,6981563,레이어드 헨리넥 롱슬리브 티셔츠 [NAVY],6.26,276154,44100,44100,44100,0,0,0.0,100.0,1,high,9.03,21,7,none,,59,https://www.musinsa.com/products/6981563
2026-09-02,벨리에,6996731,(W) 모듈러 체크 스커트 - 그레이 체크,0.0,0,199500,199500,199500,0,0,0.0,65.48,0,low,23.98,4,1,none,,59,https://www.musinsa.com/products/6996731
2026-09-02,벨리에,6997051,(W) 워시드 스트럭처 카고 팬츠 - 차콜 그레이,0.0,0,189050,189050,189050,0,0,0.0,65.48,0,low,23.98,4,1,none,,59,https://www.musinsa.com/products/6997051
2026-09-02,일꼬르소,6997691,마이크로 크리즈 레이온 딥 원턱 팬츠 블랙,0.0,0,63360,63360,63360,0,0,0.0,100.0,1,high,24.01,5,2,none,,59,https://www.musinsa.com/products/6997691
2026-09-02,테이크이지,6997947,[DMD] TRACE ST SLACKS - Black,0.0,0,74900,74900,,0,,,59.07,0,low,23.98,2,1,none,,59,https://www.musinsa.com/products/6997947
2026-09-02,커버낫,6999035,C로고 코지 핏 워싱 볼캡 그레이,0.0,0,35200,35200,35200,0,0,0.0,100.0,1,high,24.01,5,2,none,,59,https://www.musinsa.com/products/6999035
2026-09-02,커버낫,6999099,멀티 스트라이프 롱슬리브 브라운,0.0,0,69000,69000,69000,0,0,0.0,100.0,1,high,24.01,5,2,none,,59,https://www.musinsa.com/products/6999099
2026-09-02,제로,7000635,코어 핑거 홀 롱 슬리브 [블랙],0.0,0,22500,22500,22500,0,0,0.0,65.49,0,low,23.98,4,1,none,,59,https://www.musinsa.com/products/7000635
2026-09-02,더니트컴퍼니,7002299,(우먼) 파인 캐시미어 100 터틀넥 8color,0.0,0,89100,89100,89100,0,0,0.0,77.85,0,low,24.0,4,1,none,,59,https://www.musinsa.com/products/7002299
2026-09-02,낫포너드,7002683,Dirty Washed Dart Zip Denim Pants - Black,0.0,0,111600,111600,111600,0,0,0.0,77.85,0,low,24.0,4,1,none,,59,https://www.musinsa.com/products/7002683
2026-09-02,마인드브릿지 우먼,7008251,[W]데님 믹스 니트 집업 가디건 - 2color,0.0,0,103200,103200,103200,0,0,0.0,65.49,0,low,23.98,4,1,none,,59,https://www.musinsa.com/products/7008251
2026-09-02,후브스,7009019,레글런 헨리넥 롱슬리브[블루차콜],36.06,1262006,35000,35000,35000,0,0,0.0,100.0,1,high,24.01,5,2,none,,59,https://www.musinsa.com/products/7009019
2026-09-02,러프사이드,7009851,Primary Shirt Brown Plaid,0.0,0,178600,178600,178600,0,0,0.0,65.49,0,low,23.98,4,1,none,,59,https://www.musinsa.com/products/7009851
2026-09-02,레더리,7012027,코지 브이넥 니트 풀오버 [GREY],0.0,0,44640,44640,44640,0,0,0.0,90.45,0,low,24.01,4,1,none,,59,https://www.musinsa.com/products/7012027
2026-09-02,에이이에이이,7012923,LAYERED ONE PIECE [GREY],0.0,0,144500,144500,144500,0,0,0.0,90.45,0,low,24.01,4,1,none,,59,https://www.musinsa.com/products/7012923
2026-09-02,시야쥬,7012987,SIAC3142 Velu Bag_Black,0.0,0,221450,221450,221450,0,0,0.0,100.0,1,high,24.01,5,2,none,,59,https://www.musinsa.com/products/7012987
2026-09-02,무드인사이드 우먼,7014395,(woman) 워시드 다잉 코튼 팬츠_5Color,0.0,0,54900,54900,54900,0,0,0.0,100.0,1,high,24.01,5,2,none,,59,https://www.musinsa.com/products/7014395
2026-09-02,넌블랭크,7020539,소프트 라운드 LS 티셔츠_BLACK,0.0,0,42210,42210,42210,0,0,0.0,100.0,1,high,24.02,6,2,none,,59,https://www.musinsa.com/products/7020539
2026-09-02,유니폼브릿지,7020987,nylon field jacket smoke pink,0.0,0,215100,215100,215100,0,0,0.0,100.0,1,high,24.09,5,2,none,,59,https://www.musinsa.com/products/7020987
2026-09-02,베르만 어패럴,7021307,[2PACK] 에센셜 머슬핏 반팔 티셔츠 3colors,0.0,0,57000,57000,57000,0,0,0.0,100.0,1,high,24.09,5,2,none,,59,https://www.musinsa.com/products/7021307
2026-09-02,제로,7032699,스트라이프 와이드 커브드 데님 팬츠 [블랙],0.0,0,49500,49500,49500,0,0,0.0,65.5,0,low,23.98,4,1,none,,59,https://www.musinsa.com/products/7032699
2026-09-02,쿠어,7033595,다이드 몰스킨 초어 자켓 (그레이시블루),0.0,0,315000,315000,315000,0,0,0.0,65.5,0,low,23.98,4,1,none,,59,https://www.musinsa.com/products/7033595
2026-09-02,엘무드,7033979,카셀 벨벳 레이서 자켓 버건디 브라운,0.0,0,277200,277200,277200,0,0,0.0,100.0,1,high,24.01,5,2,none,,59,https://www.musinsa.com/products/7033979
2026-09-02,드로우핏 우먼,7035003,누벅 레더 하이넥 봄버 자켓 [BLACK],0.0,0,135360,135360,169200,1,-33840,-20.0,100.0,1,medium,24.09,5,2,none,,59,https://www.musinsa.com/products/7035003
2026-09-02,드로우핏 우먼,7035195,에센셜 소프트 브이넥 니트 [RED],0.0,0,51840,51840,64800,1,-12960,-20.0,100.0,1,medium,24.09,5,2,none,,59,https://www.musinsa.com/products/7035195
2026-09-02,비헤비어,7046587,C/L ROVER SHIRTS red,0.0,0,160550,160550,160550,0,0,0.0,90.46,0,low,24.01,4,1,none,,59,https://www.musinsa.com/products/7046587
2026-09-02,비헤비어,7047483,DYED C/L ROVER COAT khaki,0.0,0,378100,378100,378100,0,0,0.0,90.46,0,low,24.01,4,1,none,,59,https://www.musinsa.com/products/7047483
2026-09-02,드로우핏 우먼,7047803,버티컬 라인 롱슬리브 티셔츠 [CHARCOAL],0.0,0,31680,31680,39600,1,-7920,-20.0,100.0,1,medium,24.09,5,2,none,,59,https://www.musinsa.com/products/7047803
2026-09-02,엑스컨테이너,7048379,브러쉬드 코튼 커브드 치노 팬츠 (BEIGE),0.0,0,41300,41300,41300,0,0,0.0,90.46,0,low,24.01,4,1,none,,59,https://www.musinsa.com/products/7048379
2026-09-02,디미트리블랙,7051963,[10주년기획] © 모두의 에센셜 데님 팬츠_(세미 플레어 핏) 4 COLOR,10.6,370015,34900,34900,34900,0,0,0.0,100.0,1,low,9.79,21,7,none,,59,https://www.musinsa.com/products/7051963
2026-09-02,프리즘웍스,7054587,FIELD ADJUSTER DENIM PANTS _ INDIGO,0.0,0,88200,88200,88200,0,0,0.0,100.0,1,high,24.09,5,2,none,,59,https://www.musinsa.com/products/7054587
2026-09-02,데이,7055867,레더 바이커 자켓_BLACK,0.0,0,57500,57500,57500,0,0,0.0,77.86,0,low,24.0,3,1,none,,59,https://www.musinsa.com/products/7055867
2026-09-02,아웃스탠딩,7063227,VINTAGE CHECK BD SHIRT_BROWN CHECK,0.0,0,97200,97200,97200,0,0,0.0,100.0,1,high,24.09,5,2,none,,59,https://www.musinsa.com/products/7063227
2026-09-02,던스트,7068603,HALF SLEEVE KNIT TOP_UDSW6C201_IVORY,0.0,0,84550,84550,84550,0,0,0.0,100.0,1,high,24.02,6,2,none,,59,https://www.musinsa.com/products/7068603
2026-09-02,레더리,7074299,캐리 스퀘어 숄더백 [BLACK],0.0,0,52560,52560,52560,0,0,0.0,90.47,0,low,24.01,4,1,none,,59,https://www.musinsa.com/products/7074299
2026-09-02,틸아이다이,7078395,CASHMERE BLENDED ROUND WOOL KNIT [TIFA04SW04]_Gray,0.0,0,88020,88020,88020,0,0,0.0,100.0,1,high,24.09,5,2,none,,59,https://www.musinsa.com/products/7078395
2026-09-02,틸아이다이,7079099,HENRY LAYERED MODAL TEE [TIFA04LT12]_Charcoal,0.0,0,55720,55720,55720,0,0,0.0,100.0,1,high,24.09,5,2,none,,59,https://www.musinsa.com/products/7079099
2026-09-02,틸아이다이,7080059,Embroidered check blouse [TIFA05BL08]_Beige,0.0,0,96100,96100,96100,0,0,0.0,100.0,1,high,24.09,5,2,none,,59,https://www.musinsa.com/products/7080059
2026-09-02,틸아이다이,7080251,Wool cashmere V neck knit set [TIFA05SW08]_Charcoal,0.0,0,110630,110630,110630,0,0,0.0,100.0,1,high,24.09,5,2,none,,59,https://www.musinsa.com/products/7080251
2026-09-02,바우프,7080379,B 빅로고 볼캡 [네이비],0.0,0,49500,49500,49500,0,0,0.0,77.88,0,low,24.0,4,1,none,,59,https://www.musinsa.com/products/7080379
2026-09-02,인사일런스,7084219,포우 스웨이드 트러커 자켓 BLACK,0.0,0,219000,219000,219000,0,0,0.0,100.0,1,high,24.01,5,2,none,,59,https://www.musinsa.com/products/7084219
2026-09-02,썬러브투어,7084795,Daybreak Brushed Hoodie Camo,0.0,0,139000,139000,139000,0,0,0.0,100.0,1,high,24.09,5,2,none,,59,https://www.musinsa.com/products/7084795
2026-09-02,몽돌,7088571,레이스 텍스쳐 시스루 티셔츠 아이보리 MDTS115IVORY,0.0,0,29600,29600,33300,1,-3700,-11.11,100.0,1,medium,24.09,5,2,none,,59,https://www.musinsa.com/products/7088571
2026-09-02,썸웨어버터,7090555,Roy Deep V-Neck Knit - Navy,0.0,0,79380,79380,79380,0,0,0.0,100.0,1,high,24.02,6,2,none,,59,https://www.musinsa.com/products/7090555
2026-09-02,인사일런스 우먼,7095611,니트라이크 후드 집업 MELANGE BROWN,0.0,0,126350,126350,133000,1,-6650,-5.0,100.0,1,medium,24.09,5,2,none,,59,https://www.musinsa.com/products/7095611
2026-09-02,파르티멘토 우먼,7096187,PWC 클래식 버튼업 체크 셔츠_카멜,0.0,0,46670,46670,46670,0,0,0.0,90.48,0,low,24.01,3,1,none,,59,https://www.musinsa.com/products/7096187
2026-09-02,파르티멘토 우먼,7096507,PWC 베이비 롱슬리브 티_10컬러,0.0,0,26010,26010,26010,0,0,0.0,90.49,0,low,24.01,3,1,none,,59,https://www.musinsa.com/products/7096507
2026-09-02,해칭룸,7097339,Hooded Shirt Charcoal,0.0,0,168000,168000,168000,0,0,0.0,90.49,0,low,24.01,4,1,none,,59,https://www.musinsa.com/products/7097339
2026-09-02,해칭룸,7097403,Volume Tee Graphite,0.0,0,108000,108000,108000,0,0,0.0,90.5,0,low,24.01,4,1,none,,59,https://www.musinsa.com/products/7097403
2026-09-02,에이치덱스,7100859,히로익 숄더 콤비 스웨트 셔츠 (Black),0.0,0,67500,67500,67500,0,0,0.0,77.89,0,low,24.0,4,1,none,,59,https://www.musinsa.com/products/7100859
2026-09-02,제로,7103419,빈티지 슬립 크롭 후드 [네이비],0.0,0,62100,62100,62100,0,0,0.0,65.53,0,low,23.98,4,1,none,,59,https://www.musinsa.com/products/7103419
2026-09-02,비바라비다,7103611,Daybreak 레글런 롱 슬리브 티셔츠,0.0,0,34900,34900,34900,0,0,0.0,100.0,1,high,24.09,5,2,none,,59,https://www.musinsa.com/products/7103611
2026-09-02,디스이즈네버댓,7104699,T-Logo L/S Tee Royal Blue,0.0,0,65000,65000,65000,0,0,0.0,100.0,1,high,24.01,5,2,none,,59,https://www.musinsa.com/products/7104699
2026-09-02,디앤에스알,7105787,레이어드 브이넥 롱슬리브 블랙/차콜,0.0,0,79200,79200,79200,0,0,0.0,65.54,0,low,23.98,4,1,none,,59,https://www.musinsa.com/products/7105787
2026-09-02,가까이 유니언즈,7117371,커브 절개 피그먼트 스웨트 팬츠 스톤그레이,0.0,0,43400,43400,43400,0,0,0.0,65.55,0,low,23.98,2,1,none,,59,https://www.musinsa.com/products/7117371
2026-09-02,칙스,7120315,스트라이프 티어드 셔링 롱 스커트 화이트,0.0,0,45810,45810,50900,1,-5090,-10.0,100.0,1,medium,24.09,5,2,none,,59,https://www.musinsa.com/products/7120315
2026-09-02,다이브인,7120827,CUT OFF SLUB LONG SLEEVE (MELANGE GRAY),0.0,0,38250,38250,38250,0,0,0.0,100.0,1,high,24.01,5,2,none,,59,https://www.musinsa.com/products/7120827
2026-09-02,칙스,7120891,셔링 카라 헨리넥 긴팔 티셔츠 네이비,0.0,0,52900,52900,52900,0,0,0.0,100.0,1,high,24.09,5,2,none,,59,https://www.musinsa.com/products/7120891
2026-09-02,브룩스 브라더스,7126395,슬림핏 라이트웨이트 어드밴티지 치노 (올리브) (BBPCMMZ501),0.0,0,199000,199000,199000,0,0,0.0,100.0,1,high,24.02,6,2,none,,59,https://www.musinsa.com/products/7126395
2026-09-02,브룩스 브라더스,7126523,솔리드 랩타이 (네이비) (BBATMNZ503),0.0,0,159000,159000,159000,0,0,0.0,100.0,1,high,24.02,6,2,none,,59,https://www.musinsa.com/products/7126523
2026-09-02,후드후드,7126971,에일리언 래글런 카모 롱슬리브 티셔츠 아이보리,0.0,0,56880,56880,56880,0,0,0.0,77.89,0,low,24.0,4,1,none,,59,https://www.musinsa.com/products/7126971
2026-09-02,아웃스탠딩,7127803,V.S.C HOOD SWEAT(HOWDY)_NAVY,0.0,0,80100,80100,80100,0,0,0.0,100.0,1,high,24.09,3,2,none,,59,https://www.musinsa.com/products/7127803
2026-09-02,아메스 월드와이드,7129403,NEW RIBBON WALLET POUCH BLACK,0.0,0,35280,35280,35280,0,0,0.0,90.5,0,low,24.01,4,1,none,,59,https://www.musinsa.com/products/7129403
2026-09-02,데꼬로소,7130555,이지 레이어드 헨리넥 긴팔 티셔츠 [네이비],0.0,0,49320,49320,49320,0,0,0.0,100.0,1,high,24.02,6,2,none,,59,https://www.musinsa.com/products/7130555
2026-09-02,룩캐스트,7131643,울 랩 스커트 팬츠_네이비 / WOOL WRAP SKIRT PANTS_NAVY,0.0,0,94400,94400,94400,0,0,0.0,90.5,0,low,24.01,4,1,none,,59,https://www.musinsa.com/products/7131643
2026-09-02,룩캐스트,7132027,핀 스트라이프 셔츠_크림 / PIN STRIPE SHIRT_CREAM,0.0,0,102400,102400,102400,0,0,0.0,90.5,0,low,24.01,4,1,none,,59,https://www.musinsa.com/products/7132027
2026-09-02,더바이닐하우스,7134203,CUT-OFF LAYERED LS TEE BLACK,0.0,0,65550,65550,65550,0,0,0.0,100.0,1,high,24.01,5,2,none,,59,https://www.musinsa.com/products/7134203
2026-09-02,더바이닐하우스,7134267,LUCKY HOUSE HOODIE ZIP-UP BLACK,0.0,0,122550,122550,122550,0,0,0.0,100.0,1,high,24.01,5,2,none,,59,https://www.musinsa.com/products/7134267
2026-09-02,꼼파뇨,7147515,라인 워크 자수 후드집업 크림,0.0,0,40500,40500,40500,0,0,0.0,90.51,0,low,24.01,4,1,none,,59,https://www.musinsa.com/products/7147515
2026-09-02,제너럴아이디어,7147963,루즈핏 투포켓 셔츠 [OLIVE] / GF3LSH503,0.0,0,52000,52000,52000,0,0,0.0,100.0,1,high,24.09,5,2,none,,59,https://www.musinsa.com/products/7147963
2026-09-02,커버낫,7148091,[수빈 착용] 빈티지 타이포 그래픽 후드집업 퍼플,0.0,0,116430,116430,116430,0,0,0.0,100.0,1,high,24.01,3,2,none,,59,https://www.musinsa.com/products/7148091
2026-09-02,커버낫,7148155,뉴 아치로고 코지 핏 볼캡 레드,0.0,0,45000,45000,45000,0,0,0.0,100.0,1,high,24.01,3,2,none,,59,https://www.musinsa.com/products/7148155
2026-09-02,브룩스 브라더스,7158715,[여성] 울 케이블 가디건 (라이트베이지) (BBWCWBZ402),0.0,0,299000,299000,299000,0,0,0.0,100.0,1,high,24.02,6,2,none,,59,https://www.musinsa.com/products/7158715
2026-09-02,브룩스 브라더스,7159611,스트라이프 렙 타이 (레드) (BBATMMZ501),0.0,0,159000,159000,159000,0,0,0.0,100.0,1,high,24.02,6,2,none,,59,https://www.musinsa.com/products/7159611
2026-09-02,플리즈노팔로우,7160699,Rhea Drape Long Sleeve Hoodie (Mocha Grey),0.0,0,127800,127800,127800,0,0,0.0,100.0,1,high,24.09,3,2,none,,59,https://www.musinsa.com/products/7160699
2026-09-02,탄산마그네슘,7160955,혼 롱슬리브 (스카이블루/블랙),0.0,0,56240,56240,56240,0,0,0.0,65.56,0,low,23.98,4,1,none,,59,https://www.musinsa.com/products/7160955
2026-09-02,더블유엠씨,7161083,워시드 와이드 데님팬츠_BLUE,0.0,0,59500,59500,59500,0,0,0.0,100.0,1,high,24.02,5,2,none,,59,https://www.musinsa.com/products/7161083
2026-09-02,더블유엠씨,7161403,[3M 신슐레이트] 후디드 경량 패딩 _CHARCOAL GREY,0.0,0,99000,99000,99000,0,0,0.0,100.0,1,high,24.02,5,2,none,,59,https://www.musinsa.com/products/7161403
2026-09-02,노매뉴얼,7180155,D.P HOODED ZIP-UP - WASHED PURPLE,0.0,0,129200,129200,129200,0,0,0.0,90.51,0,low,24.01,3,1,none,,59,https://www.musinsa.com/products/7180155
2026-09-02,노매뉴얼,7180347,STAR LOGO VINTAGE LONG SLEEVE TEE - WASHED BLACK,0.0,0,79800,79800,79800,0,0,0.0,90.52,0,low,24.01,3,1,none,,59,https://www.musinsa.com/products/7180347
2026-09-02,더블유엠씨,7188603,워시드 필드 자켓_KHAKI,0.0,0,111200,111200,111200,0,0,0.0,100.0,1,high,24.02,5,2,none,,59,https://www.musinsa.com/products/7188603
2026-09-02,본투윈,7189051,SYMBOL B QUICK DRY T-SHIRTS [MELANGE GREY],0.0,0,59000,59000,56050,1,2950,5.26,100.0,1,medium,24.09,5,2,none,,59,https://www.musinsa.com/products/7189051
