date,brand_name,goods_no,product_name,estimated_sales,estimated_gmv,estimated_avg_price,display_price,previous_display_price,price_change_detected,price_change_amount,price_change_pct,coverage_pct,calendar_complete,confidence,max_interval_hours,observation_count,contributing_intervals,history_bucket,product_url
2026-09-01,드로우핏,434861,터틀 하이 벤트 레이어드 티셔츠 [BLACK],0.0,0,29250,29250,29250,0,0,0.0,100.0,1,high,24.09,5,2,45,https://www.musinsa.com/products/434861
2026-09-01,드로우핏,550829,에센셜 베이직 티셔츠 [DEEP GREY],0.0,0,29700,29700,29700,0,0,0.0,100.0,1,high,24.09,5,2,45,https://www.musinsa.com/products/550829
2026-09-01,프리즘웍스,971501,OG SLIM CROP DENIM PANTS _ BLACK,0.0,0,62100,62100,69000,1,-6900,-10.0,100.0,1,medium,24.09,6,2,45,https://www.musinsa.com/products/971501
2026-09-01,유니폼브릿지,1025517,og logo army belt black,1.13,13493,11894,12500,10000,1,2500,25.0,100.0,1,medium,24.08,6,2,45,https://www.musinsa.com/products/1025517
2026-09-01,드로우핏,1145197,[서강준 PICK] 유주얼 뉴 스트레이트 데님 팬츠 [WHITE],1.53,90700,59400,59400,59400,0,0,0.0,76.63,0,low,24.09,4,1,45,https://www.musinsa.com/products/1145197
2026-09-01,트립르센스,1223341,베이직 터틀넥 폴라 니트_블루,0.0,0,25200,25200,25200,0,0,0.0,100.0,1,high,24.01,6,2,45,https://www.musinsa.com/products/1223341
2026-09-01,트립르센스,1342957,컬러 와이드 슬렉스 _카키그레이,0.0,0,35500,35500,35500,0,0,0.0,100.0,1,high,24.01,6,2,45,https://www.musinsa.com/products/1342957
2026-09-01,트립르센스,1475245,UNISEX Normality Graphic T-shirts_White,0.0,0,24500,24500,24500,0,0,0.0,100.0,1,high,24.01,6,2,45,https://www.musinsa.com/products/1475245
2026-09-01,루에브르,1530605,Basic symbol T-shirt SW1ME020_2color,0.0,0,49000,49000,49000,0,0,0.0,100.0,1,high,24.09,6,2,45,https://www.musinsa.com/products/1530605
2026-09-01,와이케이,1663853,돌핀 자수 장갑 스카이블루,0.0,0,16800,16800,16800,0,0,0.0,100.0,1,high,24.01,6,2,45,https://www.musinsa.com/products/1663853
2026-09-01,꼼파뇨,1726317,헤리티지 코메 비니 블랙,0.0,0,10400,10400,10400,0,0,0.0,100.0,1,high,24.09,5,2,45,https://www.musinsa.com/products/1726317
2026-09-01,아웃스탠딩,1730669,REVERSE HEAVY SWEAT PANTS_1%MELANGE GRAY,0.0,0,83000,83000,83000,0,0,0.0,100.0,1,high,24.08,6,2,45,https://www.musinsa.com/products/1730669
2026-09-01,쿠어,1795629,오버핏 울 가디건 (블랙),0.0,0,100000,100000,100000,0,0,0.0,100.0,1,high,24.09,5,2,45,https://www.musinsa.com/products/1795629
2026-09-01,인사일런스,1821293,수피마 코튼 프리미엄 티셔츠 DARK BLUE,0.39,11590,29700,29700,29700,0,0,0.0,100.0,1,high,24.08,5,2,45,https://www.musinsa.com/products/1821293
2026-09-01,시야쥬,1825069,SIPT7023 Long Wide Slacks_Black,0.0,0,80100,80100,62300,1,17800,28.57,100.0,1,medium,24.08,5,2,45,https://www.musinsa.com/products/1825069
2026-09-01,메인부스,1927341,[MNBTH x Where is Wally] Wally Airpods Case,0.0,0,19800,19800,19800,0,0,0.0,100.0,1,high,24.09,5,2,45,https://www.musinsa.com/products/1927341
2026-09-01,굿라이프웍스,2060717,와이드 빅포켓 밴딩 카고 팬츠 진베이지,1.28,55904,43750,43750,43750,0,0,0.0,100.0,1,high,24.09,5,2,45,https://www.musinsa.com/products/2060717
2026-09-01,수아레,2074861,울 밸런스 세미 오버 블레이저 애쉬그레이,0.0,0,99900,99900,99900,0,0,0.0,100.0,1,high,24.09,5,2,45,https://www.musinsa.com/products/2074861
2026-09-01,트래블,2088813,[2-PACK]베이직 루즈핏 저지 팬츠,0.0,0,49000,49000,49000,0,0,0.0,100.0,1,high,24.09,6,2,45,https://www.musinsa.com/products/2088813
2026-09-01,코드그라피,2137197,헤비보아 플리스 무톤자켓_카키,0.0,0,90300,90300,90300,0,0,0.0,100.0,1,high,24.09,5,2,45,https://www.musinsa.com/products/2137197
2026-09-01,키뮤어,2156653,쉘블록 2-WAY 플랩 숏패딩_라이트베이지,0.0,0,76300,76300,76300,0,0,0.0,100.0,1,high,24.09,6,2,45,https://www.musinsa.com/products/2156653
2026-09-01,와이케이,2172845,체커보드 터틀넥 티셔츠 브라운,0.0,0,23600,23600,23600,0,0,0.0,100.0,1,high,24.01,6,2,45,https://www.musinsa.com/products/2172845
2026-09-01,꼼파뇨,2227245,[기모] 세렌디피티 자수 후드 스카이그레이,0.22,8605,39600,39600,39600,0,0,0.0,100.0,1,high,24.09,5,2,45,https://www.musinsa.com/products/2227245
2026-09-01,시그니처,2242605,[세트구성]울 니트 글러브[9color],0.0,0,29900,29900,29900,0,0,0.0,100.0,1,high,24.09,5,2,45,https://www.musinsa.com/products/2242605
2026-09-01,어반드레스,2346285,VIVID Collar Twoway Knit Zip-Up - 6COL,0.0,0,21600,21600,21600,0,0,0.0,100.0,1,high,24.09,6,2,45,https://www.musinsa.com/products/2346285
2026-09-01,쿠어,2351661,플라콘 스탠카라 코트 (베이지),0.0,0,156000,156000,156000,0,0,0.0,100.0,1,high,24.09,5,2,45,https://www.musinsa.com/products/2351661
2026-09-01,메인부스,2381485,Love JF Denim Jacket(WHITE),0.0,0,38700,38700,38700,0,0,0.0,100.0,1,high,24.09,5,2,45,https://www.musinsa.com/products/2381485
2026-09-01,꼼파뇨,2441261,San Diego 자수 벌룬 조거팬츠,0.0,0,29250,29250,29250,0,0,0.0,100.0,1,high,24.09,5,2,45,https://www.musinsa.com/products/2441261
2026-09-01,드로우핏,2480237,밴딩 와이드 슬랙스 [L.BEIGE],0.0,0,49800,49800,49800,0,0,0.0,100.0,1,high,24.09,5,2,45,https://www.musinsa.com/products/2480237
2026-09-01,쿠어,2482861,콘 데님 플리츠 쇼츠 (블루),0.0,0,108000,108000,108000,0,0,0.0,100.0,1,high,24.09,5,2,45,https://www.musinsa.com/products/2482861
2026-09-01,어반드레스,2521389,alice onepiece SKYBLUE,0.0,0,28800,28800,28800,0,0,0.0,100.0,1,high,24.09,6,2,45,https://www.musinsa.com/products/2521389
2026-09-01,메인부스,2583405,Original Mini Logo Ball Cap(CREAM),0.0,0,22300,22300,22300,0,0,0.0,100.0,1,high,24.09,5,2,45,https://www.musinsa.com/products/2583405
2026-09-01,카네이테이,2584173,POM QUILTED FLAT POUCH (IVORY) / RECYCLED,0.0,0,18900,18900,18900,0,0,0.0,100.0,1,high,24.08,6,2,45,https://www.musinsa.com/products/2584173
2026-09-01,러브이즈트루,2587373,SU CARGO PANTS(GRAY),0.0,0,43800,43800,36070,1,7730,21.43,100.0,1,medium,24.01,6,2,45,https://www.musinsa.com/products/2587373
2026-09-01,솔트앤초콜릿,2611501,와이드 스퀘어 토 앵클 스트랩 샌들 412224014 (8.5cm/2colors),2.58,110131,42720,42720,53400,1,-10680,-20.0,100.0,1,medium,24.08,11,2,45,https://www.musinsa.com/products/2611501
2026-09-01,나인제트,2628717,시그니처 헤비메쉬 머슬핏 티셔츠,2.21,68531,31000,31000,31000,0,0,0.0,100.0,1,high,24.09,13,2,45,https://www.musinsa.com/products/2628717
2026-09-01,유니폼브릿지,2664749,1960 s/s tee yellow orange,1.72,33513,19500,19500,15600,1,3900,25.0,100.0,1,medium,24.08,6,2,45,https://www.musinsa.com/products/2664749
2026-09-01,넌블랭크,2698285,세미 벌룬 슬랙스_BLACK,0.0,0,47200,47200,47200,0,0,0.0,100.0,1,high,24.01,6,2,45,https://www.musinsa.com/products/2698285
2026-09-01,트래블,2703789,3 레이어 써밋 후드 윈드 브레이커 블랙,1.99,128652,64500,64500,64500,0,0,0.0,100.0,1,high,24.09,6,2,45,https://www.musinsa.com/products/2703789
2026-09-01,하 아카이브,2704557,트레블러 아이패드백 (블랙),0.0,0,59000,59000,52440,1,6560,12.51,100.0,1,medium,24.09,5,2,45,https://www.musinsa.com/products/2704557
2026-09-01,더바이닐하우스,2707693,PANELED BLOUSON BLACK (VH2CWUB933A),0.0,0,53700,53700,71600,1,-17900,-25.0,100.0,1,medium,24.08,5,2,45,https://www.musinsa.com/products/2707693
2026-09-01,제멋,2741293,파일 오버핏 투웨이 후드집업 6종 그레이 KJHD2407,0.0,0,43900,43900,43900,0,0,0.0,100.0,1,high,24.09,6,2,45,https://www.musinsa.com/products/2741293
2026-09-01,드로우핏,2774701,셋업 스트링 트랙 팬츠 [MATT BLACK],0.0,0,37950,37950,37950,0,0,0.0,100.0,1,high,24.09,5,2,45,https://www.musinsa.com/products/2774701
2026-09-01,로우클래식,2788589,SCHOOL CARDIGAN SET - BROWN,0.0,0,225600,225600,225600,0,0,0.0,100.0,1,high,24.09,6,2,45,https://www.musinsa.com/products/2788589
2026-09-01,슈퍼서브,2853101,클럽 레플리카 스웻셔츠 [오프 화이트],0.0,0,43900,43900,43900,0,0,0.0,100.0,1,high,24.09,5,2,45,https://www.musinsa.com/products/2853101
2026-09-01,제멋,2906349,프라임 오버핏 스타디움 자켓 2종 블랙 OYOT2455,0.0,0,73900,73900,73900,0,0,0.0,100.0,1,high,24.09,6,2,45,https://www.musinsa.com/products/2906349
2026-09-01,솔트앤초콜릿,2930029,SAC 로고 크롭 스웨트셔츠 오트밀 4W2233301,0.0,0,39760,39760,49700,1,-9940,-20.0,100.0,1,medium,24.08,6,2,45,https://www.musinsa.com/products/2930029
2026-09-01,솔트앤초콜릿,2930157,(셋업) 울 와이드 핀턱 슬랙스 블랙 4W223V301,0.0,0,59920,59920,74900,1,-14980,-20.0,100.0,1,medium,24.08,6,2,45,https://www.musinsa.com/products/2930157
2026-09-01,러브이즈트루,2935341,VL L LOGO KNIT(IVORY),0.0,0,51800,51800,51800,0,0,0.0,100.0,1,high,24.01,6,2,45,https://www.musinsa.com/products/2935341
2026-09-01,슬로우애시드,2970541,피치스킨 러스티 로고 스웨트셔츠 [블랙],0.0,0,59800,59800,59800,0,0,0.0,100.0,1,high,24.09,5,2,45,https://www.musinsa.com/products/2970541
2026-09-01,나이스고스트클럽,3010605,GUMMY BEAR & LOGO SWEATSHIRTS_GREEN(NG2DSUM440A),0.0,0,27600,27600,27600,0,0,0.0,100.0,1,high,24.01,6,2,45,https://www.musinsa.com/products/3010605
2026-09-01,굿라이프웍스,3011437,오버핏 케이블 스웨터 니트 그레이,0.0,0,29050,29050,29050,0,0,0.0,100.0,1,high,24.09,5,2,45,https://www.musinsa.com/products/3011437
2026-09-01,더블유엠씨,3011757,언발란스포켓 데님셔츠_INDIGO,0.0,0,47600,47600,47600,0,0,0.0,100.0,1,high,24.01,6,2,45,https://www.musinsa.com/products/3011757
2026-09-01,꼼파뇨,3032493,Enjoy CAT 자수 후드 집업 블랙,0.0,0,44000,44000,44000,0,0,0.0,100.0,1,high,24.09,5,2,45,https://www.musinsa.com/products/3032493
2026-09-01,드로우핏,3037101,오버사이즈 울 라운드 가디건 [BRICK],0.0,0,76500,76500,76500,0,0,0.0,100.0,1,high,24.09,5,2,45,https://www.musinsa.com/products/3037101
2026-09-01,와이케이,3041133,젤리 폰케이스 말티즈 거울 셀피,0.0,0,16800,16800,16800,0,0,0.0,100.0,1,high,24.01,6,2,45,https://www.musinsa.com/products/3041133
2026-09-01,도프제이슨,3041965,프리미엄 램스킨 베지터블 레이서 자켓 BLACK,0.0,0,369550,369550,369550,0,0,0.0,100.0,1,high,24.01,6,2,45,https://www.musinsa.com/products/3041965
2026-09-01,인템포무드,3054701,레이지보이 벌룬 핏 데님_딥블루,3.17,215402,67900,67900,67900,0,0,0.0,100.0,1,high,24.08,13,4,45,https://www.musinsa.com/products/3054701
2026-09-01,러브이즈트루,3066989,DN STAR CARPENTER PANTS(BLACK),0.0,0,92950,92950,92950,0,0,0.0,100.0,1,high,24.01,6,2,45,https://www.musinsa.com/products/3066989
2026-09-01,프리즘웍스,3081517,OG PIGMENT DYEING SWEATSHIRT 003 _ PINK,0.0,0,62100,62100,69000,1,-6900,-10.0,100.0,1,medium,24.09,6,2,45,https://www.musinsa.com/products/3081517
2026-09-01,모즈모즈,3085421,나일론 5부 버뮤다 팬츠 블랙,0.0,0,35900,35900,35900,0,0,0.0,100.0,1,high,24.09,5,2,45,https://www.musinsa.com/products/3085421
2026-09-01,모즈모즈,3085485,아치로고 오버핏 반팔티셔츠 그레이,0.0,0,29800,29800,29800,0,0,0.0,100.0,1,high,24.09,5,2,45,https://www.musinsa.com/products/3085485
2026-09-01,모즈모즈,3086445,이지나일론 트레이닝 반바지 다크그레이,0.0,0,24800,24800,24800,0,0,0.0,100.0,1,high,24.09,5,2,45,https://www.musinsa.com/products/3086445
2026-09-01,솔트앤초콜릿,3088557,SAC 로고 크롭 티셔츠 퍼플 4W2311001,0.0,0,22960,22960,28700,1,-5740,-20.0,100.0,1,medium,24.08,6,2,45,https://www.musinsa.com/products/3088557
2026-09-01,키르시,3093741,컬렉션 와이드 스트라이프 데님 [블랙],0.0,0,64500,64500,64500,0,0,0.0,100.0,1,high,24.08,5,2,45,https://www.musinsa.com/products/3093741
2026-09-01,아틀리에 나인,3100909,레트로 클래식 케이블 브이넥 니트(T-6616),0.0,0,37500,37500,37500,0,0,0.0,100.0,1,high,24.09,5,2,45,https://www.musinsa.com/products/3100909
2026-09-01,트립르센스,3102445,워셔블 오버사이즈 셔츠_BLACK,0.0,0,37000,37000,37000,0,0,0.0,100.0,1,high,24.01,6,2,45,https://www.musinsa.com/products/3102445
2026-09-01,세터,3105517,썬 레트로 그래픽 반팔 티셔츠 레트로 아이보리,0.0,0,79000,79000,79000,0,0,0.0,100.0,1,high,24.09,5,2,45,https://www.musinsa.com/products/3105517
2026-09-01,어반드레스,3109741,BUCKLE WIDE DENIM PANTS WASHING GREY,0.01,549,41000,41000,41000,0,0,0.0,100.0,1,high,24.09,6,2,45,https://www.musinsa.com/products/3109741
2026-09-01,에이치덱스,3158061,[2pack] 메인 스몰 로고 에어 머슬핏 숏 슬리브,14.93,860168,57600,57600,57600,0,0,0.0,100.0,1,low,9.04,22,6,45,https://www.musinsa.com/products/3158061
2026-09-01,아틀리에 나인,3165357,퓨어 트위드 슬리브리스 원피스(OP-6041),0.0,0,99000,99000,99000,0,0,0.0,100.0,1,high,24.09,5,2,45,https://www.musinsa.com/products/3165357
2026-09-01,파르티멘토 우먼,3170349,레이어드 숏 슬리브 티_블루,0.0,0,31590,31590,24570,1,7020,28.57,100.0,1,medium,24.09,5,2,45,https://www.musinsa.com/products/3170349
2026-09-01,키뮤어,3180141,원턱 테이퍼드 스웨트 버뮤다 팬츠_그레이,0.0,0,13200,13200,13200,0,0,0.0,100.0,1,high,24.09,6,2,45,https://www.musinsa.com/products/3180141
2026-09-01,커버낫,3195309,크로셰 폴로 하프 니트 네이비,0.0,0,40050,40050,40050,0,0,0.0,100.0,1,high,24.08,5,2,45,https://www.musinsa.com/products/3195309
2026-09-01,키르시,3213293,키르시 포켓 투웨이 미니 백 [아이보리],0.0,0,39500,39500,39500,0,0,0.0,100.0,1,high,24.08,5,2,45,https://www.musinsa.com/products/3213293
2026-09-01,커버낫,3235309,커버 슬라이드 인디 핑크,0.0,0,29500,29500,29500,0,0,0.0,100.0,1,high,24.08,5,2,45,https://www.musinsa.com/products/3235309
2026-09-01,무센트,3238829,"SIGNATURE HALF ZIP-UP NECK MTM - MAN (Deep navy, Olive green)",0.0,0,43000,43000,43000,0,0,0.0,100.0,1,high,24.08,5,2,45,https://www.musinsa.com/products/3238829
2026-09-01,파르티멘토,3251053,메쉬 네트 니트 베스트 베이지,0.0,0,22400,22400,22400,0,0,0.0,100.0,1,high,24.08,5,2,45,https://www.musinsa.com/products/3251053
2026-09-01,니티드,3259565,썸머 스트라이프 반팔 니트 셔츠 BLACK,0.0,0,49800,49800,49800,0,0,0.0,100.0,1,high,24.09,5,2,45,https://www.musinsa.com/products/3259565
2026-09-01,루에브르,3261613,Open Collar Stripe Knit SK3MP226-03,0.0,0,103200,103200,103200,0,0,0.0,100.0,1,high,24.09,6,2,45,https://www.musinsa.com/products/3261613
2026-09-01,시눈,3263981,FLOWER LACE DRESS (BLACK),0.0,0,48840,48840,48840,0,0,0.0,100.0,1,high,24.09,5,2,45,https://www.musinsa.com/products/3263981
2026-09-01,키르시,3267245,체리 자카드 패턴 숏 슬리브 가디건 [멜란지 그레이],0.0,0,26700,26700,26700,0,0,0.0,100.0,1,high,24.08,5,2,45,https://www.musinsa.com/products/3267245
2026-09-01,후러브스아트,3267757,유니섹스 세미 와이드 밴딩 슬랙스 스모크 블루,0.0,0,24300,24300,24300,0,0,0.0,100.0,1,high,24.01,6,2,45,https://www.musinsa.com/products/3267757
2026-09-01,브론슨,3269421,10.6 oz Cotton Short Sleeve Henley Tee Grey,1.0,42266,42400,42400,42400,0,0,0.0,100.0,1,high,24.09,11,2,45,https://www.musinsa.com/products/3269421
2026-09-01,어반드레스,3271533,프렌치 린넨 라이크 싱글 블레이져 - 3COL,0.0,0,29900,29900,29900,0,0,0.0,100.0,1,high,24.09,6,2,45,https://www.musinsa.com/products/3271533
2026-09-01,와이케이,3273645,YK 바시티 반팔 셔츠 그린,0.0,0,29600,29600,29600,0,0,0.0,100.0,1,high,24.01,6,2,45,https://www.musinsa.com/products/3273645
2026-09-01,인템포무드,3274669,아치 로고 워싱 숏 슬리브_화이트,0.0,0,27000,27000,27000,0,0,0.0,100.0,1,high,24.08,5,2,45,https://www.musinsa.com/products/3274669
2026-09-01,프리즘웍스,3283501,CHINO WIDE FATIGUE SHORTS _ BLACK,0.01,530,39000,39000,39000,0,0,0.0,100.0,1,high,24.09,6,2,45,https://www.musinsa.com/products/3283501
2026-09-01,노이어,3288877,스퀘어 넥 니트 슬리브리스 (화이트),1.98,57791,29200,29200,29200,0,0,0.0,100.0,1,high,24.09,6,2,45,https://www.musinsa.com/products/3288877
2026-09-01,러브이즈트루,3306029,PY GRAPHIC RAGLAN TEE(BLACK),0.0,0,23400,23400,23400,0,0,0.0,100.0,1,high,24.01,6,2,45,https://www.musinsa.com/products/3306029
2026-09-01,링서울,3311469,open collar cotton knit-oatmeal,0.53,30457,57650,74120,57650,1,16470,28.57,100.0,1,medium,24.01,6,2,45,https://www.musinsa.com/products/3311469
2026-09-01,모즈모즈,3347757,[2PACK] 와이드 원턱 스웨트 쇼츠 세트,1.0,37514,37600,37600,37600,0,0,0.0,100.0,1,high,24.09,8,2,45,https://www.musinsa.com/products/3347757
2026-09-01,솔트앤초콜릿,3353261,SAC 로고 오버핏 링클프리 하프 셔츠 스카이블루 4W2327001,0.0,0,30800,30800,38500,1,-7700,-20.0,100.0,1,medium,24.08,6,2,45,https://www.musinsa.com/products/3353261
2026-09-01,아틀리에 나인,3399021,울 어스 크롭 라글란 자켓(JK-2766),0.0,0,178200,178200,178200,0,0,0.0,100.0,1,high,24.09,5,2,45,https://www.musinsa.com/products/3399021
2026-09-01,메종미네드,3426541,LEATHER SADDLEBAG BLACK,0.0,0,77400,77400,77400,0,0,0.0,100.0,1,high,24.09,5,2,45,https://www.musinsa.com/products/3426541
2026-09-01,넌블랭크,3433517,카고 슬랙스_CHARCOAL GREY,0.0,0,90320,90320,90320,0,0,0.0,100.0,1,high,24.01,6,2,45,https://www.musinsa.com/products/3433517
2026-09-01,코드그라피,3439021,스포티 배색 조거팬츠_인디핑크,0.0,0,48300,48300,39900,1,8400,21.05,100.0,1,medium,24.09,5,2,45,https://www.musinsa.com/products/3439021
2026-09-01,하 아카이브,3442797,3웨이 2포켓 드로우 스트링 백 (실버),0.0,0,90400,90400,80360,1,10040,12.49,100.0,1,medium,24.09,5,2,45,https://www.musinsa.com/products/3442797
2026-09-01,노매뉴얼,3451053,N.S.C PARACHUTE PANTS - BLACK,0.0,0,70950,70950,70950,0,0,0.0,100.0,1,high,24.09,5,2,45,https://www.musinsa.com/products/3451053
2026-09-01,링서울,3458029,[선물옵션] 20mm braided leather belt- [brown/black],0.0,0,34020,34020,26460,1,7560,28.57,100.0,1,medium,24.01,6,2,45,https://www.musinsa.com/products/3458029
2026-09-01,로우로우,3463917,R TRUNK TT핸들 레더,0.0,0,7900,7900,7900,0,0,0.0,100.0,1,high,24.01,6,2,45,https://www.musinsa.com/products/3463917
2026-09-01,키뮤어,3466541,빈티지 워싱 데님 바이커 자켓_4 color,0.0,0,76300,76300,76300,0,0,0.0,100.0,1,high,24.09,6,2,45,https://www.musinsa.com/products/3466541
2026-09-01,아워데이즈,3467117,오정규x아워데이즈 생지 데님 [SET UP],0.0,0,121600,121600,121600,0,0,0.0,100.0,1,high,24.09,5,2,45,https://www.musinsa.com/products/3467117
2026-09-01,커버낫,3469421,치노 슬림 스트레이트 팬츠 베이지,0.0,0,49500,49500,49500,0,0,0.0,100.0,1,high,24.08,5,2,45,https://www.musinsa.com/products/3469421
2026-09-01,러브이즈트루,3469485,CH LOGO COLLAR KNIT(NAVY),0.0,0,66300,66300,66300,0,0,0.0,100.0,1,high,24.01,6,2,45,https://www.musinsa.com/products/3469485
2026-09-01,프리즘웍스,3479213,OG HAWORTH ONE TUCK PANTS _ CREAM,0.0,0,52200,52200,58000,1,-5800,-10.0,100.0,1,medium,24.09,6,2,45,https://www.musinsa.com/products/3479213
2026-09-01,쿠어,3480493,하이넥 루프 니트 집업 (월넛브라운),0.0,0,196000,196000,196000,0,0,0.0,100.0,1,high,24.09,5,2,45,https://www.musinsa.com/products/3480493
2026-09-01,아틀리에 나인,3481069,로에 체크 셋업 크롭 테일러드 자켓(JK-2873),0.0,0,143100,143100,143100,0,0,0.0,100.0,1,high,24.09,5,2,45,https://www.musinsa.com/products/3481069
2026-09-01,에스피오나지,3484973,Denim Over Shirt Dark Indigo,0.98,83322,84800,84800,84800,0,0,0.0,100.0,1,high,24.09,6,2,45,https://www.musinsa.com/products/3484973
2026-09-01,인사일런스,3487341,백로고 스쿠바 후드 집업 MELANGE GREY,0.0,0,83790,83790,83790,0,0,0.0,100.0,1,high,24.08,5,2,45,https://www.musinsa.com/products/3487341
2026-09-01,알리스,3509997,나일론 블렌디드 스트링 후드 티셔츠 [블랙],0.0,0,56400,56400,56400,0,0,0.0,100.0,1,high,24.09,5,2,45,https://www.musinsa.com/products/3509997
2026-09-01,커버낫,3511021,[COVERNAT X WRANGLER] 소매 절개 콜라보 아트웍 경량 패커블 덕 다운 네이비,0.0,0,77400,77400,77400,0,0,0.0,100.0,1,high,24.08,5,2,45,https://www.musinsa.com/products/3511021
2026-09-01,솔트앤초콜릿,3513069,청키 솔 첼시부츠 412346009 (4cm/2colors),0.0,0,65400,65400,81750,1,-16350,-20.0,100.0,1,medium,24.08,6,2,45,https://www.musinsa.com/products/3513069
2026-09-01,마인드브릿지,3513965,두굿_후드롱다운점퍼 - 2color MYDJ8103,0.0,0,169150,169150,169150,0,0,0.0,100.0,1,high,24.09,5,2,45,https://www.musinsa.com/products/3513965
2026-09-01,카네이테이,3519533,M65 QUILTING PANTS (GRAY),0.0,0,72240,72240,122550,1,-50310,-41.05,100.0,1,medium,24.08,6,2,45,https://www.musinsa.com/products/3519533
2026-09-01,해칭룸,3522221,Out Button Shirt Rose Brown,0.0,0,126400,126400,126400,0,0,0.0,100.0,1,high,24.09,5,2,45,https://www.musinsa.com/products/3522221
2026-09-01,에이이에이이,3523309,Flashed Cats Angora Knit -[WHITE],0.0,0,78480,78480,61040,1,17440,28.57,100.0,1,medium,24.09,5,2,45,https://www.musinsa.com/products/3523309
2026-09-01,낫포너드,3528685,Nylon Cargo Wide Pants - Pink,0.76,20583,26910,26910,26910,0,0,0.0,100.0,1,high,24.09,5,2,45,https://www.musinsa.com/products/3528685
2026-09-01,노이어,3536685,플러피 오버핏 스웨터 (블랙),0.0,0,71200,71200,71200,0,0,0.0,100.0,1,high,24.09,6,2,45,https://www.musinsa.com/products/3536685
2026-09-01,시야쥬,3536813,SIPT7057 carpenter pants_Khaki brown,0.0,0,82620,82620,108000,1,-25380,-23.5,100.0,1,medium,24.08,5,2,45,https://www.musinsa.com/products/3536813
2026-09-01,스컬프터,3537133,Classic Corduroy Parka Olive,0.0,0,122640,122640,153300,1,-30660,-20.0,100.0,1,medium,24.08,6,2,45,https://www.musinsa.com/products/3537133
2026-09-01,엑스트라오디너리,3560237,CORSET LONGSLEEVE OFF WHITE,0.0,0,37950,37950,37950,0,0,0.0,100.0,1,high,24.09,5,2,45,https://www.musinsa.com/products/3560237
2026-09-01,고스트리퍼블릭,3567469,G7R CIRCLE 와이드 스웨트 팬츠 GLP-642,0.0,0,15900,15900,15900,0,0,0.0,100.0,1,high,24.09,5,2,45,https://www.musinsa.com/products/3567469
2026-09-01,아메스 월드와이드,3570669,TWOTONE MUFFLER IVORY (AM2DFUAB70A),0.0,0,26000,26000,26000,0,0,0.0,100.0,1,high,24.09,5,2,45,https://www.musinsa.com/products/3570669
2026-09-01,커버낫,3571693,트러커 후디 숏 푸퍼 아이보리,0.0,0,197400,197400,197400,0,0,0.0,100.0,1,high,24.08,5,2,45,https://www.musinsa.com/products/3571693
2026-09-01,코드그라피,3575341,(우먼) WAVE 로고 심볼 크롭 후디_4color,0.0,0,48300,48300,48300,0,0,0.0,100.0,1,high,24.09,5,2,45,https://www.musinsa.com/products/3575341
2026-09-01,세터,3579885,로턴 올 데이 트랙 팬츠 클래식 네이비,0.0,0,139000,139000,139000,0,0,0.0,100.0,1,high,24.09,5,2,45,https://www.musinsa.com/products/3579885
2026-09-01,키르시,3580461,보헤미안 그래픽 스웻셔츠 [머스타드],0.0,0,31600,31600,31600,0,0,0.0,100.0,1,high,24.08,5,2,45,https://www.musinsa.com/products/3580461
2026-09-01,제멋,3593965,블렌드 커브 오버핏 헤비 후드집업 5종 그레이 SOHD2478,0.0,0,69800,69800,69800,0,0,0.0,100.0,1,high,24.09,6,2,45,https://www.musinsa.com/products/3593965
2026-09-01,세컨모놀로그,3598509,코듀로이 와이드 팬츠 블루_SEPT030BLUE,0.0,0,31600,31600,31600,0,0,0.0,100.0,1,high,24.08,5,2,45,https://www.musinsa.com/products/3598509
2026-09-01,어반드레스,3599533,Smart Tuck Slacks BLACK,0.0,0,32900,32900,32900,0,0,0.0,100.0,1,high,24.09,6,2,45,https://www.musinsa.com/products/3599533
2026-09-01,브라운야드,3613549,"MA-1, 스톤",0.0,0,189000,189000,189000,0,0,0.0,100.0,1,high,24.01,6,2,45,https://www.musinsa.com/products/3613549
2026-09-01,후드후드,3613933,HD 레오파드 헤어리 니트 블랙,0.0,0,39600,39600,39600,0,0,0.0,100.0,1,high,24.09,5,2,45,https://www.musinsa.com/products/3613933
2026-09-01,론론,3620013,STRIPE V NECK LOOSE FIT KNIT BLACK STRIPE,0.0,0,53460,53460,36960,1,16500,44.64,100.0,1,medium,24.09,6,2,45,https://www.musinsa.com/products/3620013
2026-09-01,모즈모즈,3622893,리얼인비저블 퍼피 오버핏 기모 맨투맨 그레이,0.0,0,37600,37600,37600,0,0,0.0,100.0,1,high,24.09,5,2,45,https://www.musinsa.com/products/3622893
2026-09-01,배드블러드,3624301,디스트로이드 후디드 스웨터 - 블랙,0.0,0,119200,119200,119200,0,0,0.0,100.0,1,high,24.09,6,2,45,https://www.musinsa.com/products/3624301
2026-09-01,러브이즈트루,3624621,AM STRIPE ZIP UP(BROWN),0.0,0,84150,84150,84150,0,0,0.0,100.0,1,high,24.01,6,2,45,https://www.musinsa.com/products/3624621
2026-09-01,아틀리에 나인,3666989,시그니처 웜터치 터틀넥 티(T-6709),0.0,0,62100,62100,62100,0,0,0.0,100.0,1,high,24.09,5,2,45,https://www.musinsa.com/products/3666989
2026-09-01,슈퍼서브,3692781,THUNDER 브러쉬드 니트 - 브라운,0.0,0,49900,49900,49900,0,0,0.0,100.0,1,high,24.09,5,2,45,https://www.musinsa.com/products/3692781
2026-09-01,시야쥬,3694957,SIAC3035 부클 장갑_Cream,0.0,0,49000,49000,49000,0,0,0.0,100.0,1,high,24.08,5,2,45,https://www.musinsa.com/products/3694957
2026-09-01,썸웨어버터,3710189,Kid mohair half zip-up - vintage blue,0.0,0,196000,196000,196000,0,0,0.0,100.0,1,high,24.01,6,2,45,https://www.musinsa.com/products/3710189
2026-09-01,커버낫,3735469,뉴 어센틱 31L 백팩 블랙,9.73,1017093,104490,104490,104490,0,0,0.0,100.0,1,high,24.08,13,4,45,https://www.musinsa.com/products/3735469
2026-09-01,로우로우,3735597,스트링 크로스백 750 ep.2 Gray,0.0,0,50150,50150,50150,0,0,0.0,100.0,1,high,24.01,6,2,45,https://www.musinsa.com/products/3735597
2026-09-01,플랙,3736365,CASPER X PLAC 스푸키 캐스퍼 스웨트 셔츠 네이비,0.0,0,37000,37000,37000,0,0,0.0,100.0,1,high,24.08,5,2,45,https://www.musinsa.com/products/3736365
2026-09-01,브라운야드,3756845,"스테디 셔츠, 다크 네이비",0.0,0,298000,298000,298000,0,0,0.0,100.0,1,high,24.01,6,2,45,https://www.musinsa.com/products/3756845
2026-09-01,드로우핏 우먼,3783597,실켓 코튼 타이 셔츠 [WHITE],0.0,0,56700,56700,56700,0,0,0.0,100.0,1,high,24.09,6,2,45,https://www.musinsa.com/products/3783597
2026-09-01,드로우핏,3784045,소프트 PBT 투웨이 풀집업 니트 [SAND BEIGE],0.0,0,76500,76500,76500,0,0,0.0,100.0,1,high,24.09,5,2,45,https://www.musinsa.com/products/3784045
2026-09-01,트리밍버드,3784493,Halter Neck Pajama Set-up [ Black ],0.0,0,69500,69500,69500,0,0,0.0,100.0,1,high,24.09,6,2,45,https://www.musinsa.com/products/3784493
2026-09-01,어반드레스,3785645,Aachen Windbreaker Jumper BLACK,0.0,0,72800,72800,72800,0,0,0.0,100.0,1,high,24.09,6,2,45,https://www.musinsa.com/products/3785645
2026-09-01,아메스 월드와이드,3788781,AMESSAGE HALF ZIP SWEATER GREY (AM2ESFK680A),0.0,0,35000,35000,62500,1,-27500,-44.0,100.0,1,medium,24.09,5,2,45,https://www.musinsa.com/products/3788781
2026-09-01,로템버,3790829,리오셀 오피서 치노 팬츠 [BEIGE],0.0,0,75240,75240,75240,0,0,0.0,100.0,1,high,24.09,6,2,45,https://www.musinsa.com/products/3790829
2026-09-01,인템포무드,3794157,데이 웨어 스웨트 팬츠 : 3컬러,0.0,0,59000,59000,59000,0,0,0.0,100.0,1,high,24.08,5,2,45,https://www.musinsa.com/products/3794157
2026-09-01,인템포무드,3794221,피그먼트 컬러풀 스웨트셔츠 : 4컬러,0.0,0,40500,40500,40500,0,0,0.0,100.0,1,high,24.08,5,2,45,https://www.musinsa.com/products/3794221
2026-09-01,어반드레스,3794797,Bonnie Off-shoulder Scarf T-shirt - 5COL,0.0,0,34800,34800,34800,0,0,0.0,100.0,1,high,24.09,6,2,45,https://www.musinsa.com/products/3794797
2026-09-01,가까이 유니언즈,3796525,로맨틱90 피그먼트 버뮤다 카고팬츠 애쉬 퍼플,0.0,0,42400,42400,42400,0,0,0.0,100.0,1,high,24.09,5,2,45,https://www.musinsa.com/products/3796525
2026-09-01,나이스고스트클럽,3800813,TATTOO HARRINGTON DYED JACKET_BLACK(NG2ESUJ201A),0.0,0,59600,59600,59600,0,0,0.0,100.0,1,high,24.01,6,2,45,https://www.musinsa.com/products/3800813
2026-09-01,스컬프터,3801069,Glossy Parachute Pants Ivory,0.0,0,61040,61040,76300,1,-15260,-20.0,100.0,1,medium,24.08,6,2,45,https://www.musinsa.com/products/3801069
2026-09-01,코드그라피,3803181,(우먼) WAVE 로고 스포티 카라 맨투맨_라이트그레이,0.0,0,48300,48300,48300,0,0,0.0,100.0,1,high,24.09,5,2,45,https://www.musinsa.com/products/3803181
2026-09-01,러프사이드,3806445,Cargo Shorts Dark Navy,0.0,0,168000,168000,168000,0,0,0.0,100.0,1,high,24.09,5,2,45,https://www.musinsa.com/products/3806445
2026-09-01,커버낫,3808429,시티플로우 백팩 베이지,0.0,0,59400,59400,59400,0,0,0.0,100.0,1,high,24.08,5,2,45,https://www.musinsa.com/products/3808429
2026-09-01,러브이즈트루,3812269,NM STAR HOTFIX HOODIE(NAVY),0.0,0,59400,59400,59400,0,0,0.0,100.0,1,high,24.01,6,2,45,https://www.musinsa.com/products/3812269
2026-09-01,넌블랭크,3812653,윈드 브레이크 셔츠_DARK NAVY,1.44,150062,103920,103920,103920,0,0,0.0,100.0,1,high,24.01,9,2,45,https://www.musinsa.com/products/3812653
2026-09-01,트릴리온,3813613,페이드 워싱 바이커 데님 자켓 (LIGHT GRAY),0.0,0,54900,54900,54900,0,0,0.0,100.0,1,high,24.09,5,2,45,https://www.musinsa.com/products/3813613
2026-09-01,커버낫,3815021,와이드 패러슈트 카고 팬츠 블랙,0.0,0,62550,62550,62550,0,0,0.0,100.0,1,high,24.08,5,2,45,https://www.musinsa.com/products/3815021
2026-09-01,노매뉴얼,3816365,T.C.U PANTS - BLACK,0.0,0,65450,65450,65450,0,0,0.0,100.0,1,high,24.09,5,2,45,https://www.musinsa.com/products/3816365
2026-09-01,노매뉴얼,3816557,[S/S 프레젠테이션] AETHER NYLON JACKET - SAND YELLOW,0.0,0,96750,96750,96750,0,0,0.0,100.0,1,high,24.09,5,2,45,https://www.musinsa.com/products/3816557
2026-09-01,러브이즈트루,3820973,NM SPARKLE VARSITY JACKET(BLUE),0.0,0,144000,144000,144000,0,0,0.0,100.0,1,high,24.01,6,2,45,https://www.musinsa.com/products/3820973
2026-09-01,노티카,3821421,[JP Line]리버시블 세일링 블루종,0.0,0,223300,223300,223300,0,0,0.0,100.0,1,high,24.09,5,2,45,https://www.musinsa.com/products/3821421
2026-09-01,유니폼브릿지,3822445,technical backpack grey,0.0,0,50710,50710,50710,0,0,0.0,100.0,1,high,24.08,6,2,45,https://www.musinsa.com/products/3822445
2026-09-01,트래블,3826221,워크샵 라인 래글런 나일론 믹스 칼라드 스웨트셔츠 화이트,0.0,0,39500,39500,39500,0,0,0.0,100.0,1,high,24.09,6,2,45,https://www.musinsa.com/products/3826221
2026-09-01,로제프란츠,3826413,Strap Off shoulder Sweatshirt [Gray],0.0,0,27280,27280,23870,1,3410,14.29,100.0,1,medium,24.09,5,2,45,https://www.musinsa.com/products/3826413
2026-09-01,미나브,3830317,라피네 소프트 셔츠 니트 [모카],0.0,0,39600,39600,61620,1,-22020,-35.74,100.0,1,medium,24.09,6,2,45,https://www.musinsa.com/products/3830317
2026-09-01,1993스튜디오,3833133,윈드 카고 롱 스커트_그린,0.0,0,39000,39000,39000,0,0,0.0,100.0,1,high,24.08,5,2,45,https://www.musinsa.com/products/3833133
2026-09-01,카네이테이,3833197,BOHEMIAN BACKPACK L (BLACK) / RECYCLED,0.0,0,111300,111300,139120,1,-27820,-20.0,100.0,1,medium,24.08,6,2,45,https://www.musinsa.com/products/3833197
2026-09-01,키르시,3833837,라인 포인트 니트 롱 스커트 [네이비],0.0,0,49500,49500,49500,0,0,0.0,100.0,1,high,24.08,5,2,45,https://www.musinsa.com/products/3833837
2026-09-01,오헤시오,3835565,flower Standard t-shirt (red),0.73,33485,45600,45600,34560,1,11040,31.94,100.0,1,medium,24.09,6,2,45,https://www.musinsa.com/products/3835565
2026-09-01,인사일런스 우먼,3839469,테슬 디바이드 데님 BLACK,0.0,0,119200,119200,119200,0,0,0.0,100.0,1,high,24.09,6,2,45,https://www.musinsa.com/products/3839469
2026-09-01,언더오프,3842029,레이어드 크루넥 롱슬리브 무지 티셔츠 화이트,0.0,0,14320,14320,14320,0,0,0.0,100.0,1,high,24.08,5,2,45,https://www.musinsa.com/products/3842029
2026-09-01,와이케이,3846509,나일론 카고 스트링 팬츠 더스트핑크,0.0,0,49600,49600,49600,0,0,0.0,100.0,1,high,24.01,6,2,45,https://www.musinsa.com/products/3846509
2026-09-01,모즈모즈,3847213,나일론 밴딩 베이직 쇼츠 베이지,0.0,0,25800,25800,25800,0,0,0.0,100.0,1,high,24.09,5,2,45,https://www.musinsa.com/products/3847213
2026-09-01,썬러브투어,3847789,Solotex® Right Chino Pants Light Olive,0.0,0,95600,95600,64530,1,31070,48.15,100.0,1,medium,24.09,6,2,45,https://www.musinsa.com/products/3847789
2026-09-01,아이돈워너셀,3847853,Swift Symbol Dying Long Sleeve Black,0.0,0,51800,51800,51800,0,0,0.0,100.0,1,high,24.08,5,2,45,https://www.musinsa.com/products/3847853
2026-09-01,제멋,3852205,오닉스 커브 와이드 팬츠 차콜 SOLP2558,0.0,0,54900,54900,54900,0,0,0.0,100.0,1,high,24.09,6,2,45,https://www.musinsa.com/products/3852205
2026-09-01,드로우핏 우먼,3857773,더블 스트라이프 셔츠 [PALE GREEN],0.0,0,55800,55800,55800,0,0,0.0,100.0,1,high,24.09,6,2,45,https://www.musinsa.com/products/3857773
2026-09-01,틸아이다이,3858157,Modal basic slim t-shirt_Beige,0.0,0,39900,39900,39900,0,0,0.0,100.0,1,high,24.08,6,2,45,https://www.musinsa.com/products/3858157
2026-09-01,후드후드,3861613,[미누 PICK] HOOD 로고 아플리케 후드 네이비,0.0,0,48060,48060,48060,0,0,0.0,100.0,1,high,24.09,5,2,45,https://www.musinsa.com/products/3861613
2026-09-01,프리즘웍스,3870189,OPEN COLLAR SOLID SEERSUCKER SHIRT _ LIGHT KHAKI,0.0,0,39500,39500,39500,0,0,0.0,100.0,1,high,24.09,6,2,45,https://www.musinsa.com/products/3870189
2026-09-01,아이돈워너셀,3873517,Swift Symbol Dying T-Shirt Gray,2.95,123800,42011,47200,34220,1,12980,37.93,100.0,1,medium,24.08,10,4,45,https://www.musinsa.com/products/3873517
2026-09-01,링서울,3873645,stripe poplin shirt-cream,0.0,0,72740,72740,56580,1,16160,28.56,100.0,1,medium,24.01,6,2,45,https://www.musinsa.com/products/3873645
2026-09-01,세터,3874733,로턴 칼라 트랙 집업 자켓 리조트 크림,0.0,0,159000,159000,159000,0,0,0.0,100.0,1,high,24.09,5,2,45,https://www.musinsa.com/products/3874733
2026-09-01,키르시,3874925,유스호스텔 피그먼트 포인트 하프 팬츠 [아이보리],0.0,0,44500,44500,44500,0,0,0.0,100.0,1,high,24.08,5,2,45,https://www.musinsa.com/products/3874925
2026-09-01,밀로 아카이브,3881645,커브드 조거 팬츠 [브라운],0.0,0,39200,39200,31360,1,7840,25.0,100.0,1,medium,24.01,6,2,45,https://www.musinsa.com/products/3881645
2026-09-01,꼼파뇨,3883821,[2-WAY] 스컬 본 니트 집업 블랙,0.0,0,55900,55900,34400,1,21500,62.5,100.0,1,medium,24.09,5,2,45,https://www.musinsa.com/products/3883821
2026-09-01,커버낫,3887853,보더콜리 실사 롱슬리브 화이트,0.0,0,23900,23900,23900,0,0,0.0,100.0,1,high,24.08,5,2,45,https://www.musinsa.com/products/3887853
2026-09-01,썬러브투어,3888045,W Toray® Aero Zip Shirt Charcoal,0.0,0,63600,63600,42930,1,20670,48.15,100.0,1,medium,24.09,6,2,45,https://www.musinsa.com/products/3888045
2026-09-01,쿠어,3889965,가먼트 다잉 폴로 셔츠 (워시드그레이),0.0,0,94500,94500,94500,0,0,0.0,100.0,1,high,24.09,5,2,45,https://www.musinsa.com/products/3889965
2026-09-01,플랙,3891245,스탠다드 테이퍼드 데님팬츠 P58 아이보리,0.0,0,69000,69000,69000,0,0,0.0,100.0,1,high,24.08,5,2,45,https://www.musinsa.com/products/3891245
2026-09-01,어반드레스,3900205,Sopy Collar Long-sleeve Dress - 4COL,0.0,0,36000,36000,36000,0,0,0.0,100.0,1,high,24.09,6,2,45,https://www.musinsa.com/products/3900205
2026-09-01,커버낫,3904941,어센틱 쇼츠 멜란지 그레이,0.0,0,26550,26550,26550,0,0,0.0,100.0,1,high,24.08,5,2,45,https://www.musinsa.com/products/3904941
2026-09-01,몰든,3912173,에어리즈 머슬핏 숏슬리브,0.73,18970,25840,25840,32300,1,-6460,-20.0,100.0,1,medium,24.09,9,4,45,https://www.musinsa.com/products/3912173
2026-09-01,시야쥬,3919021,SIPT7093 원턱 와이드 치노 팬츠_Cream,0.0,0,98100,98100,76300,1,21800,28.57,100.0,1,medium,24.08,5,2,45,https://www.musinsa.com/products/3919021
2026-09-01,론론,3919405,HEART RIBBON JACQUARD KNIT CARDIGAN IVORY RED,0.0,0,71280,71280,63360,1,7920,12.5,100.0,1,medium,24.09,6,2,45,https://www.musinsa.com/products/3919405
2026-09-01,링서울,3921517,non fade denim pants,0.0,0,78250,78250,60860,1,17390,28.57,100.0,1,medium,24.01,6,2,45,https://www.musinsa.com/products/3921517
2026-09-01,브라운야드,3921773,"W 마운틴 파카, 올리브",0.0,0,199000,199000,199000,0,0,0.0,100.0,1,high,24.01,6,2,45,https://www.musinsa.com/products/3921773
2026-09-01,제너럴아이디어,3925549,MAN 뉴욕 코지 맨투맨 [BLACK] / SBD1U02005,0.0,0,40000,40000,40000,0,0,0.0,100.0,1,high,24.08,6,2,45,https://www.musinsa.com/products/3925549
2026-09-01,키르시,3925805,컬러 스티치 포인트 니트 드레스 [아이보리],0.0,0,64500,64500,64500,0,0,0.0,100.0,1,high,24.08,5,2,45,https://www.musinsa.com/products/3925805
2026-09-01,후드후드,3927405,HD 아플리케 시리즈 스티치 후드 블랙,0.0,0,48060,48060,48060,0,0,0.0,100.0,1,high,24.09,5,2,45,https://www.musinsa.com/products/3927405
2026-09-01,에이이에이이,3928109,WEB LOGO T-SHIRTS [PIGMENT BLACK],1.1,46490,42120,42120,42120,0,0,0.0,100.0,1,high,24.09,8,2,45,https://www.musinsa.com/products/3928109
2026-09-01,파르티멘토 우먼,3937581,쉬어 레이스 타이넥 맥시 드레스_블랙,0.0,0,89100,89100,69300,1,19800,28.57,100.0,1,medium,24.09,5,2,45,https://www.musinsa.com/products/3937581
2026-09-01,에이치덱스,3940205,메인로고 타슬란 쇼츠 (Red),0.0,0,31500,31500,31500,0,0,0.0,100.0,1,high,24.09,5,2,45,https://www.musinsa.com/products/3940205
2026-09-01,꼼파뇨,3943021,DTP 해피 데이 반팔티 블랙,1.1,31576,28610,28610,28610,0,0,0.0,100.0,1,high,24.09,5,2,45,https://www.musinsa.com/products/3943021
2026-09-01,나이스고스트클럽,3943661,GUMMY BEAR&LOGO TEE_WHITE(NG2EMUT501A),0.0,0,24570,24570,19110,1,5460,28.57,100.0,1,medium,24.01,6,2,45,https://www.musinsa.com/products/3943661
2026-09-01,더니트컴퍼니,3950061,쿨맥스 테이퍼드 팬츠 [다크네이비],0.0,0,31960,31960,31960,0,0,0.0,100.0,1,high,24.09,5,2,45,https://www.musinsa.com/products/3950061
2026-09-01,바이젝,3953901,[SET] 더블코튼 무지 머슬핏 반팔 티셔츠_7Color,0.61,40327,66600,66600,44500,1,22100,49.66,100.0,1,medium,24.08,5,2,45,https://www.musinsa.com/products/3953901
2026-09-01,인사일런스,3959149,스트라이프 크루넥 니트 YELLOW GREEN,0.0,0,83790,83790,83790,0,0,0.0,100.0,1,high,24.08,5,2,45,https://www.musinsa.com/products/3959149
2026-09-01,브룩스 브라더스,3963821,저지 빈티지 포켓 폴로 셔츠 (네이비) (BBNTMM7419QEM),0.0,0,56000,56000,56000,0,0,0.0,100.0,1,high,24.01,6,2,45,https://www.musinsa.com/products/3963821
2026-09-01,언더오프,3965037,웨스턴 비건 스웨이드 자켓 베이지,0.0,0,29300,29300,19200,1,10100,52.6,100.0,1,medium,24.08,5,2,45,https://www.musinsa.com/products/3965037
2026-09-01,슈퍼서브,3966381,[송필드 PICK] 디스트로이드 워싱 데님 팬츠 - 라이트 블루,9.74,193753,19900,19900,19900,0,0,0.0,100.0,1,high,9.04,31,6,45,https://www.musinsa.com/products/3966381
2026-09-01,토마스모어,3982573,위빙벨트 - 블랙,0.53,15635,29500,29500,29500,0,0,0.0,100.0,1,high,24.01,6,2,45,https://www.musinsa.com/products/3982573
2026-09-01,더뮤지엄비지터,3985581,LINE DAMAGED DENIM SHORTS (IVORY),0.0,0,99500,99500,119400,1,-19900,-16.67,100.0,1,medium,24.08,6,2,45,https://www.musinsa.com/products/3985581
2026-09-01,아틀리에 나인,3986349,ESSENTIAL PHILO COTTON DENIM PANTS(PT-5559),0.0,0,71200,71200,80100,1,-8900,-11.11,100.0,1,medium,24.09,5,2,45,https://www.musinsa.com/products/3986349
2026-09-01,마인드브릿지,3989421,크링클오픈카라세미오버핏반팔셔츠 MYWS3114,0.0,0,39900,39900,39900,0,0,0.0,100.0,1,high,24.09,5,2,45,https://www.musinsa.com/products/3989421
2026-09-01,키르시,3997869,리버서블 그래픽 버킷햇 [블랙],0.0,0,24500,24500,24500,0,0,0.0,100.0,1,high,24.08,5,2,45,https://www.musinsa.com/products/3997869
2026-09-01,니티드,4004141,쿨 썸머 에센셜 라운드 반팔 니트티 INDI PINK,2.3,34238,14900,24500,14900,1,9600,64.43,100.0,1,medium,24.09,10,2,45,https://www.musinsa.com/products/4004141
2026-09-01,던스트,4011565,UNISEX SUMMER HOLIDAY CAR T-SHIRT_UDTS6B143_LIGHT MELANGE GREY,0.0,0,27440,27440,27440,0,0,0.0,100.0,1,high,24.01,6,2,45,https://www.musinsa.com/products/4011565
2026-09-01,커버낫,4024557,[3PACK] 에센셜 쿨맥스 드로우즈 Multi,0.61,8777,14500,14500,14500,0,0,0.0,100.0,1,high,24.0,8,4,45,https://www.musinsa.com/products/4024557
2026-09-01,유니폼브릿지,4033197,crochet s/s knit cardigan blue,0.0,0,53710,53710,53710,0,0,0.0,100.0,1,high,24.08,6,2,45,https://www.musinsa.com/products/4033197
2026-09-01,스컬프터,4037485,Sheer Pleated Hem Blouse Black,26.34,1696422,64400,64400,64400,0,0,0.0,100.0,1,low,40.81,7,4,45,https://www.musinsa.com/products/4037485
2026-09-01,드로우핏,4041069,[유튜버 PICK] 산세리프 엠브로더리 티셔츠 [IVORY],0.77,22753,29700,29700,29700,0,0,0.0,100.0,1,high,24.09,5,2,45,https://www.musinsa.com/products/4041069
2026-09-01,데꼬로소,4041325,남녀공용 미니멀 슬림 써지컬 체인 목걸이,13.81,407324,29500,29500,29500,0,0,0.0,100.0,1,high,10.17,26,6,45,https://www.musinsa.com/products/4041325
2026-09-01,어반드레스,4045165,Carpenter Denim Shorts - 3COL,0.0,0,24900,24900,24900,0,0,0.0,100.0,1,high,24.09,6,2,45,https://www.musinsa.com/products/4045165
2026-09-01,브라운야드,4045677,"W 셔링 스커트, 올리브",0.0,0,94000,94000,94000,0,0,0.0,100.0,1,high,24.01,6,2,45,https://www.musinsa.com/products/4045677
2026-09-01,브라운야드,4045997,"수피마 코튼 하프 니트, 다크 네이비",0.0,0,79000,79000,79000,0,0,0.0,100.0,1,high,24.01,6,2,45,https://www.musinsa.com/products/4045997
2026-09-01,유니폼브릿지,4046253,AE sacoche bag charcoal,0.0,0,44500,44500,35600,1,8900,25.0,100.0,1,medium,24.08,6,2,45,https://www.musinsa.com/products/4046253
2026-09-01,후브스,4053101,가먼트 다잉 숏 슬리브 [시멘트],0.0,0,20500,20500,19200,1,1300,6.77,100.0,1,medium,24.08,5,2,45,https://www.musinsa.com/products/4053101
2026-09-01,와이케이,4053421,말티즈 토이 래글런 7부 티셔츠 그레이,0.0,0,23400,23400,23400,0,0,0.0,100.0,1,high,24.01,6,2,45,https://www.musinsa.com/products/4053421
2026-09-01,아캄,4053613,Stitched Denim Wide Cargo Pants (Blue),0.0,0,95500,95500,95500,0,0,0.0,100.0,1,high,24.09,5,2,45,https://www.musinsa.com/products/4053613
2026-09-01,아캄,4053997,Western Cotton Shirts (Ivory),0.0,0,73000,73000,73000,0,0,0.0,100.0,1,high,24.09,5,2,45,https://www.musinsa.com/products/4053997
2026-09-01,트릴리온,4055981,워셔블 부클 카라 반팔 니트 (MELANGE GRAY),1.0,19927,19990,19990,19990,0,0,0.0,100.0,1,high,24.09,5,2,45,https://www.musinsa.com/products/4055981
2026-09-01,트릴리온,4060525,오버핏 크로셰 네트 카라 반팔 니트 (KHAKI),0.11,4242,39800,39800,39800,0,0,0.0,100.0,1,high,24.09,8,2,45,https://www.musinsa.com/products/4060525
2026-09-01,러브이즈트루,4061485,CURVED L BALLCAP(NAVY),0.0,0,43200,43200,43200,0,0,0.0,100.0,1,high,24.01,6,2,45,https://www.musinsa.com/products/4061485
2026-09-01,러브이즈트루,4062829,BASIC HEART SET UP_TOP(GRAY),0.0,0,24310,24310,20020,1,4290,21.43,100.0,1,medium,24.01,6,2,45,https://www.musinsa.com/products/4062829
2026-09-01,커버낫,4063341,아치 로고 후디 오트밀,0.0,0,53400,53400,53400,0,0,0.0,100.0,1,high,24.08,5,2,45,https://www.musinsa.com/products/4063341
2026-09-01,시눈,4065069,Daily Farm T-Shirt (White),0.0,0,29680,29680,29680,0,0,0.0,100.0,1,high,24.09,5,2,45,https://www.musinsa.com/products/4065069
2026-09-01,브라운브레스,4065453,STM CURVE TEE - GREY,0.0,0,48300,48300,48300,0,0,0.0,100.0,1,high,24.09,6,2,45,https://www.musinsa.com/products/4065453
2026-09-01,필루미네이트,4066797,야세 X 필루미네이트 디핑 레인부츠-아이보리,0.0,0,73000,73000,73000,0,0,0.0,100.0,1,high,24.01,6,2,45,https://www.musinsa.com/products/4066797
2026-09-01,로제프란츠,4070957,RFZ Silver Logo Necklace,0.0,0,12320,12320,10780,1,1540,14.29,100.0,1,medium,24.09,5,2,45,https://www.musinsa.com/products/4070957
2026-09-01,파브레가,4074733,루드 니트 롱 슬리브 (피치),0.0,0,65700,65700,65700,0,0,0.0,100.0,1,high,24.09,5,2,45,https://www.musinsa.com/products/4074733
2026-09-01,와이케이,4077293,돌핀 시스루 크루넥 니트 블루,0.0,0,44850,44850,44850,0,0,0.0,100.0,1,high,24.01,6,2,45,https://www.musinsa.com/products/4077293
2026-09-01,와이케이,4077421,그라데이션 말티즈 반팔 셔츠 네이비,0.0,0,39600,39600,39600,0,0,0.0,100.0,1,high,24.01,6,2,45,https://www.musinsa.com/products/4077421
2026-09-01,유니온블루,4078445,HARD TWIST COMFORT POLO KNIT [INK NAVY],6.14,372803,60681,60440,71100,1,-10660,-14.99,100.0,1,low,24.08,10,2,45,https://www.musinsa.com/products/4078445
2026-09-01,제멋,4080173,[2PACK] 에픽 라이크 린넨 반팔 카라 니트 SOKN2562,0.0,0,65900,65900,65900,0,0,0.0,100.0,1,high,24.09,6,2,45,https://www.musinsa.com/products/4080173
2026-09-01,코드그라피,4083373,SUNSHINE PARADISE 메쉬 쇼츠_블랙,0.0,0,19210,19210,19210,0,0,0.0,100.0,1,high,24.09,5,2,45,https://www.musinsa.com/products/4083373
2026-09-01,브라운야드,4083565,"W 슈렁크 티셔츠, 블랙",0.0,0,31500,31500,31500,0,0,0.0,100.0,1,high,24.01,6,2,45,https://www.musinsa.com/products/4083565
2026-09-01,후드후드,4092781,스페이스 크래프트 반팔티셔츠 퍼플,0.0,0,29400,29400,29400,0,0,0.0,100.0,1,high,24.08,5,2,45,https://www.musinsa.com/products/4092781
2026-09-01,프리즘웍스,4095917,TYPEWRITER HALF SHIRT _ LAVENDER,0.0,0,42500,42500,42500,0,0,0.0,100.0,1,high,24.09,6,2,45,https://www.musinsa.com/products/4095917
2026-09-01,키르시,4098349,스트라이프 빅 숄더백 [핑크],0.0,0,34500,34500,34500,0,0,0.0,100.0,1,high,24.08,5,2,45,https://www.musinsa.com/products/4098349
2026-09-01,트래블,4107629,사이드 플랩 데님 팬츠 블랙,0.0,0,49500,49500,49500,0,0,0.0,100.0,1,high,24.09,6,2,45,https://www.musinsa.com/products/4107629
2026-09-01,디앤에스알,4112429,썰파 다잉 쏜즈 티셔츠 네이비,0.0,0,78400,78400,78400,0,0,0.0,100.0,1,high,24.09,5,2,45,https://www.musinsa.com/products/4112429
2026-09-01,미나브,4118509,컴포트 린넨 버뮤다 팬츠 [4COLOR],0.0,0,39000,39000,52000,1,-13000,-25.0,100.0,1,medium,24.09,6,2,45,https://www.musinsa.com/products/4118509
2026-09-01,테이크이지,4125741,와이드 버뮤다 팬츠 (카키그레이),0.0,0,29500,29500,19900,1,9600,48.24,100.0,1,medium,24.08,5,2,45,https://www.musinsa.com/products/4125741
2026-09-01,인사일런스 우먼,4130925,언밸런스 코튼 원피스 WHITE,0.0,0,67200,67200,67200,0,0,0.0,100.0,1,high,24.09,6,2,45,https://www.musinsa.com/products/4130925
2026-09-01,솔트앤초콜릿,4138413,알파인 로프 샌들 412424014 (1cm/3colors),0.0,0,23600,23600,29500,1,-5900,-20.0,100.0,1,medium,24.08,6,2,45,https://www.musinsa.com/products/4138413
2026-09-01,틸아이다이,4147373,Multi stripe cotton t-shirt_Gray,1.72,67880,39570,39570,39570,0,0,0.0,100.0,1,high,24.08,6,2,45,https://www.musinsa.com/products/4147373
2026-09-01,스키즘 인듀싱,4149421,OJOSAMA TOP_WHITE,0.0,0,64000,64000,64000,0,0,0.0,100.0,1,high,24.09,6,2,45,https://www.musinsa.com/products/4149421
2026-09-01,기철,4156077,MELLOW WIDE PANTS (BLUE),0.0,0,18500,18500,18500,0,0,0.0,100.0,1,high,24.09,5,2,45,https://www.musinsa.com/products/4156077
2026-09-01,브랜디드,4159533,CARPENTER DENIM SHORTS [WASHED BLACK],0.0,0,53950,53950,53950,0,0,0.0,100.0,1,high,24.09,5,2,45,https://www.musinsa.com/products/4159533
2026-09-01,러브이즈트루,4162029,BE BALL CROSS BAG(SKY BLUE),0.0,0,82800,82800,82800,0,0,0.0,100.0,1,high,24.01,6,2,45,https://www.musinsa.com/products/4162029
2026-09-01,러브이즈트루,4162157,BASIC RASH GUARD ZIP UP(NAVY),0.0,0,48300,48300,48300,0,0,0.0,100.0,1,high,24.01,6,2,45,https://www.musinsa.com/products/4162157
2026-09-01,러브이즈트루,4162221,BE HALTERNECK BIKINI SET_BOTTOM(BLACK),0.0,0,25200,25200,25200,0,0,0.0,100.0,1,high,24.01,6,2,45,https://www.musinsa.com/products/4162221
2026-09-01,언더오프,4170413,오버핏 크루넥 슬리브리스 썸머비치 민소매 티셔츠 화이트블랙,0.0,0,15750,15750,15750,0,0,0.0,100.0,1,high,24.08,5,2,45,https://www.musinsa.com/products/4170413
2026-09-01,꼼파뇨,4182637,인피니티 자수 반팔티 블랙,1.78,50953,28610,28610,28610,0,0,0.0,100.0,1,high,24.09,5,2,45,https://www.musinsa.com/products/4182637
2026-09-01,트립르센스,4191725,웰트포켓 코튼 하프 셔츠_그린,0.0,0,77600,77600,77600,0,0,0.0,100.0,1,high,24.01,6,2,45,https://www.musinsa.com/products/4191725
2026-09-01,무센트,4198509,돈다 시그니처 로고 자수 미니 백팩 (유니섹스),3.93,110382,28085,27930,31920,1,-3990,-12.5,100.0,1,low,10.14,19,6,45,https://www.musinsa.com/products/4198509
2026-09-01,2000아카이브스,4198701,METAL ICONIC VINTAGE WASHED DENIM (DENIM),0.0,0,249480,249480,226800,1,22680,10.0,100.0,1,medium,24.08,6,2,45,https://www.musinsa.com/products/4198701
2026-09-01,2000아카이브스,4198957,RUCHED MAXI SKIRT (CAMO),0.0,0,176720,176720,160650,1,16070,10.0,100.0,1,medium,24.08,6,2,45,https://www.musinsa.com/products/4198957
2026-09-01,넌블랭크,4207021,래글런 하프 슬리브 칼라 크롭 니트_MELANGE BLUE,0.0,0,105520,105520,105520,0,0,0.0,100.0,1,high,24.01,6,2,45,https://www.musinsa.com/products/4207021
2026-09-01,글로니,4221805,GG LACE CARGO VEST (IVORY),0.0,0,208600,208600,298000,1,-89400,-30.0,100.0,1,medium,24.09,6,2,45,https://www.musinsa.com/products/4221805
2026-09-01,무센트,4240493,웨이브 레터링 반팔 티,0.0,0,29900,29900,29900,0,0,0.0,100.0,1,high,24.08,5,2,45,https://www.musinsa.com/products/4240493
2026-09-01,마인드브릿지,4241325,[오정규 PICK] [버클모양선택]29MM소가죽캐주얼벨트 MABT00A1,25.88,515110,19900,19900,19900,0,0,0.0,100.0,1,high,9.05,36,6,45,https://www.musinsa.com/products/4241325
2026-09-01,무드인사이드,4242349,빈티지 링클 체크셔츠_Brown,0.0,0,25900,25900,25900,0,0,0.0,100.0,1,high,24.09,6,2,45,https://www.musinsa.com/products/4242349
2026-09-01,무센트,4242541,링거 반팔 티 (5컬러),0.0,0,20930,20930,27810,1,-6880,-24.74,60.49,0,low,24.0,5,1,45,https://www.musinsa.com/products/4242541
2026-09-01,레더리,4249709,스플릿 나일론 크로스백 [KHAKI BEIGE],0.0,0,35040,35040,30660,1,4380,14.29,100.0,1,medium,24.09,5,2,45,https://www.musinsa.com/products/4249709
2026-09-01,1993스튜디오,4258797,심볼 로고 나일론 트랙 백팩_라이트그레이,0.0,0,42500,42500,42500,0,0,0.0,100.0,1,high,24.08,5,2,45,https://www.musinsa.com/products/4258797
2026-09-01,1993스튜디오,4258925,피그먼트 워싱 데님 절개 팬츠_그레이,0.0,0,64400,64400,64400,0,0,0.0,100.0,1,high,24.08,5,2,45,https://www.musinsa.com/products/4258925
2026-09-01,러프사이드,4259501,Insulation Pants Black,0.0,0,278000,278000,278000,0,0,0.0,100.0,1,high,24.09,5,2,45,https://www.musinsa.com/products/4259501
2026-09-01,언더오프,4261869,어센틱 릴렉스드 유니버시티 후디 그린,0.0,0,42900,42900,36900,1,6000,16.26,100.0,1,medium,24.08,5,2,45,https://www.musinsa.com/products/4261869
2026-09-01,언더오프,4262061,어센틱 릴렉스드 베이직 맨투맨 스웨트 그레이,0.0,0,29900,29900,25900,1,4000,15.44,100.0,1,medium,24.08,5,2,45,https://www.musinsa.com/products/4262061
2026-09-01,필루미네이트,4266733,오디너리 커버 스티치 후디-3Color,0.0,0,36000,36000,36000,0,0,0.0,100.0,1,high,24.01,6,2,45,https://www.musinsa.com/products/4266733
2026-09-01,리메인세컨드,4274093,원턱 와이드 코듀로이 밴딩 팬츠 [브라운],0.0,0,34800,34800,34800,0,0,0.0,100.0,1,high,24.09,5,2,45,https://www.musinsa.com/products/4274093
2026-09-01,드로우핏 우먼,4274285,코튼 하프 워크 자켓 [KHAKI],0.0,0,149600,149600,149600,0,0,0.0,100.0,1,high,24.09,6,2,45,https://www.musinsa.com/products/4274285
2026-09-01,트래블,4275053,클럽 로고 믹스 후드티 블랙,0.0,0,47400,47400,47400,0,0,0.0,100.0,1,high,24.09,6,2,45,https://www.musinsa.com/products/4275053
2026-09-01,파르티멘토 우먼,4275309,PWC 버튼 포인티드 이지 팬츠_5컬러,0.0,0,34020,34020,26460,1,7560,28.57,100.0,1,medium,24.09,5,2,45,https://www.musinsa.com/products/4275309
2026-09-01,엘무드,4278829,앤트워프 스트라이프 LD 집업 풀오버 니트 네이비,0.0,0,53100,53100,53100,0,0,0.0,100.0,1,high,24.08,5,2,45,https://www.musinsa.com/products/4278829
2026-09-01,필루미네이트,4279725,코튼 워크 자켓-블랙,0.0,0,52000,52000,52000,0,0,0.0,100.0,1,high,24.01,6,2,45,https://www.musinsa.com/products/4279725
2026-09-01,노매뉴얼,4279853,D.S.B PANTS - BLACK,0.0,0,64500,64500,64500,0,0,0.0,100.0,1,high,24.09,5,2,45,https://www.musinsa.com/products/4279853
2026-09-01,트래블,4280429,스프레이 워싱 칼라드 롱 슬리브 피치 퍼즈,0.0,0,27000,27000,27000,0,0,0.0,100.0,1,high,24.09,6,2,45,https://www.musinsa.com/products/4280429
2026-09-01,플레어업,4284909,Sheer Jovian Wrap Skirt (FL-240_Black),0.0,0,41900,41900,30870,1,11030,35.73,100.0,1,medium,24.09,5,2,45,https://www.musinsa.com/products/4284909
2026-09-01,디미트리블랙,4288941,ASI 레이어링 솔리드 롱슬리브 링거 티셔츠_아이보리,0.39,10993,27900,27900,27900,0,0,0.0,100.0,1,high,24.08,5,2,45,https://www.musinsa.com/products/4288941
2026-09-01,유니폼브릿지,4290221,alaska bears sweatshirt jungle green,0.0,0,31600,31600,31600,0,0,0.0,100.0,1,high,24.08,6,2,45,https://www.musinsa.com/products/4290221
2026-09-01,아틀리에 나인,4297133,[여울 PICK] ESSENTIAL ROUND HEM SHIRT(BL-4263),0.0,0,52440,52440,60240,1,-7800,-12.95,100.0,1,medium,24.09,5,2,45,https://www.musinsa.com/products/4297133
2026-09-01,에이지오디,4299821,리파인드 투웨이 니트 집업 [차콜],0.73,25529,34800,34800,34790,1,10,0.03,100.0,1,medium,24.09,6,2,45,https://www.musinsa.com/products/4299821
2026-09-01,데케트,4300525,Dawn Semi Flared Jeans DCPT044CPBlack2,0.11,4599,43400,43400,43400,0,0,0.0,100.0,1,high,24.09,5,2,45,https://www.musinsa.com/products/4300525
2026-09-01,트래블,4300589,스프레이 스타 콤비네이션 래글런 스웨트셔츠 그레이시 블루,0.0,0,32500,32500,32500,0,0,0.0,100.0,1,high,24.09,6,2,45,https://www.musinsa.com/products/4300589
2026-09-01,키뮤어,4302061,피그먼트 ACTUS 후디_카키,0.0,0,55300,55300,55300,0,0,0.0,100.0,1,high,24.09,6,2,45,https://www.musinsa.com/products/4302061
2026-09-01,무센트,4303853,에센셜 로고 나그랑 배색 긴팔 티 (2컬러),0.0,0,25130,25130,35900,1,-10770,-30.0,100.0,1,medium,24.08,5,2,45,https://www.musinsa.com/products/4303853
2026-09-01,와이케이,4303917,말티즈 크루 라인 그래픽 맨투맨 블랙,0.0,0,51750,51750,51750,0,0,0.0,100.0,1,high,24.01,6,2,45,https://www.musinsa.com/products/4303917
2026-09-01,커버낫,4304685,코튼 트윌 원턱 세미와이드핏 치노 팬츠 아이보리,0.0,0,71400,71400,71400,0,0,0.0,100.0,1,high,24.08,5,2,45,https://www.musinsa.com/products/4304685
2026-09-01,드로우핏,4305965,코지드 브이넥 풀오버 니트 [L.GREY],0.0,0,52200,52200,52200,0,0,0.0,100.0,1,high,24.09,5,2,45,https://www.musinsa.com/products/4305965
2026-09-01,드로우핏,4306093,콘스탄트 벌키 라운드 집업 니트 [CHARCOAL],0.0,0,69300,69300,69300,0,0,0.0,100.0,1,high,24.08,5,2,45,https://www.musinsa.com/products/4306093
2026-09-01,디미트리블랙,4308205,VLAD 라운드 슬래쉬 데님 팬츠_그레이,0.0,0,33900,33900,33900,0,0,0.0,100.0,1,high,24.08,5,2,45,https://www.musinsa.com/products/4308205
2026-09-01,스키즘 인듀싱,4311725,HYBRID BLOUSON BROWN,0.0,0,142800,142800,166600,1,-23800,-14.29,100.0,1,medium,24.09,6,2,45,https://www.musinsa.com/products/4311725
2026-09-01,마인드브릿지,4312749,[COUTURE]코튼라이크릴랙스핏원턱풀밴딩팬츠 - 2color MYPT6170,0.0,0,29900,29900,29900,0,0,0.0,10.58,0,low,24.0,5,1,45,https://www.musinsa.com/products/4312749
2026-09-01,세컨모놀로그,4316141,버튼 헤어리 니트 집업 가디건 [KHAKI]_SEKT026KHAKI,0.0,0,34400,34400,34400,0,0,0.0,100.0,1,high,24.08,5,2,45,https://www.musinsa.com/products/4316141
2026-09-01,모즈모즈,4319469,헤비 웨이트 피그먼트 나그랑 뒷절개 오버핏 맨투맨 블루,0.0,0,56350,56350,56350,0,0,0.0,100.0,1,high,24.09,5,2,45,https://www.musinsa.com/products/4319469
2026-09-01,모즈모즈,4319661,테리 기모 피그먼트 와이드 원턱 스트링 트레이닝팬츠 핑크,0.0,0,57600,57600,57600,0,0,0.0,100.0,1,high,24.09,5,2,45,https://www.musinsa.com/products/4319661
2026-09-01,모즈모즈,4319725,테리 기모 피그먼트 아치로고 패치 오버핏 맨투맨 챠콜,0.0,0,57600,57600,57600,0,0,0.0,100.0,1,high,24.09,5,2,45,https://www.musinsa.com/products/4319725
2026-09-01,모즈모즈,4319981,소프트 쭈리 네오트라이벌 오버핏 맨투맨 블랙,0.0,0,25740,25740,28600,1,-2860,-10.0,100.0,1,medium,24.09,5,2,45,https://www.musinsa.com/products/4319981
2026-09-01,모즈모즈,4320173,컬러풀 코듀로이 스트링 와이드 팬츠 버건디,0.64,22018,34300,34300,34300,0,0,0.0,100.0,1,high,24.09,5,2,45,https://www.musinsa.com/products/4320173
2026-09-01,커버낫,4322605,피치드 TR 투턱 세미와이드핏 팬츠 블랙,0.0,0,49000,49000,49000,0,0,0.0,100.0,1,high,24.08,5,2,45,https://www.musinsa.com/products/4322605
2026-09-01,틸아이다이,4324397,Color mixed wool polo knit_Light gray,0.0,0,98800,98800,98800,0,0,0.0,100.0,1,high,24.08,6,2,45,https://www.musinsa.com/products/4324397
2026-09-01,나이스고스트클럽,4324653,MOVING SYMBOL HOODIE_BLACK(NG2EFUM416A),0.0,0,49770,49770,38710,1,11060,28.57,100.0,1,medium,24.01,6,2,45,https://www.musinsa.com/products/4324653
2026-09-01,로제프란츠,4327533,Tiffany Off shoulder Long Sleeve [Black],0.0,0,42160,42160,36890,1,5270,14.29,100.0,1,medium,24.08,5,2,45,https://www.musinsa.com/products/4327533
2026-09-01,코드그라피,4330157,25 절개 트랙 후드티_버건디,0.0,0,58800,58800,58800,0,0,0.0,100.0,1,high,24.08,5,2,45,https://www.musinsa.com/products/4330157
2026-09-01,키르시,4330221,치크체크 레이어드 부츠컷 스판 팬츠 [베이지],0.0,0,39900,39900,43600,1,-3700,-8.49,100.0,1,medium,24.08,5,2,45,https://www.musinsa.com/products/4330221
2026-09-01,키르시,4330285,치크체크 슬림핏 체크 셔츠 [화이트],0.0,0,44500,44500,49500,1,-5000,-10.1,100.0,1,medium,24.08,5,2,45,https://www.musinsa.com/products/4330285
2026-09-01,후드후드,4338989,HD 체인 스티치 데님 팬츠 딥블루,0.0,0,66960,66960,66960,0,0,0.0,100.0,1,high,24.08,5,2,45,https://www.musinsa.com/products/4338989
2026-09-01,고스트리퍼블릭,4342829,카펜터 와이드 스웻팬츠 3Color GLP-647,0.77,25233,32900,32900,32900,0,0,0.0,100.0,1,high,24.08,8,2,45,https://www.musinsa.com/products/4342829
2026-09-01,드헤베,4344813,Raglan Volume Wool Cardigan [Brown],0.0,0,55080,55080,55080,0,0,0.0,100.0,1,high,24.08,5,2,45,https://www.musinsa.com/products/4344813
2026-09-01,넌블랭크,4345197,데님 스웨트 팬츠_BLUE,0.0,0,76000,76000,76000,0,0,0.0,100.0,1,high,24.01,6,2,45,https://www.musinsa.com/products/4345197
2026-09-01,세컨모놀로그,4350253,더블 어드저스트 버튼 숏 패딩 점퍼 [NAVY]_SEJP005NAVY,0.0,0,55600,55600,55600,0,0,0.0,100.0,1,high,24.08,5,2,45,https://www.musinsa.com/products/4350253
2026-09-01,스키즘 인듀싱,4351213,PAIN RHINESTONE TOP IVORY,0.0,0,40800,40800,47600,1,-6800,-14.29,100.0,1,medium,24.09,6,2,45,https://www.musinsa.com/products/4351213
2026-09-01,스키즘 인듀싱,4353005,CAMOUFLAGE CARGO PANTS GREEN,0.0,0,158400,158400,158400,0,0,0.0,100.0,1,high,24.09,6,2,45,https://www.musinsa.com/products/4353005
2026-09-01,노이어,4353581,레더 패디드 셔츠 자켓 (블랙),0.0,0,94500,94500,85000,1,9500,11.18,100.0,1,medium,24.09,6,2,45,https://www.musinsa.com/products/4353581
2026-09-01,브룩스 브라더스,4361005,레귤러핏 논아이론 트윌 타탄 체크 셔츠 (베이지) (BBTHMF5504ZEF),0.0,0,76320,76320,101760,1,-25440,-25.0,100.0,1,medium,24.01,6,2,45,https://www.musinsa.com/products/4361005
2026-09-01,틸아이다이,4361069,Ballon sleeve comfy sweatshirt_Black,0.0,0,64600,64600,64600,0,0,0.0,100.0,1,high,24.08,6,2,45,https://www.musinsa.com/products/4361069
2026-09-01,드로우핏,4363629,블랑코 블랙,0.0,0,29700,29700,29700,0,0,0.0,100.0,1,low,72.09,3,1,45,https://www.musinsa.com/products/4363629
2026-09-01,나이스고스트클럽,4368877,MANIAC RABBITS HOODIE_PINK(NG2EFUM410A),0.0,0,42660,42660,33180,1,9480,28.57,100.0,1,medium,24.01,6,2,45,https://www.musinsa.com/products/4368877
2026-09-01,아틀리에 나인,4369517,NOAH LEATHER BERMUDA PANTS(PT-5573),0.0,0,88200,88200,88200,0,0,0.0,100.0,1,high,24.09,5,2,45,https://www.musinsa.com/products/4369517
2026-09-01,더바이닐하우스,4371117,PAINTING STRIPE LS TEE GREEN,0.0,0,21900,21900,31100,1,-9200,-29.58,100.0,1,medium,24.08,5,2,45,https://www.musinsa.com/products/4371117
2026-09-01,더바이닐하우스,4371693,WESTERN DENIM SHIRTS BLUE,0.0,0,31800,31800,31800,0,0,0.0,100.0,1,high,24.08,5,2,45,https://www.musinsa.com/products/4371693
2026-09-01,언더오프,4375789,어센틱 릴렉스드 플레이볼 후디 그린,0.0,0,42900,42900,39900,1,3000,7.52,100.0,1,medium,24.08,5,2,45,https://www.musinsa.com/products/4375789
2026-09-01,제너럴아이디어,4381165,라운드 컷 니트 맨투맨 세트 [IVORY] / WBD3L53591SET,0.0,0,74820,74820,74820,0,0,0.0,100.0,1,high,24.08,6,2,45,https://www.musinsa.com/products/4381165
2026-09-01,론론,4382317,SHIRRING WIND JUMPER CREAM,0.0,0,98820,98820,109800,1,-10980,-10.0,100.0,1,medium,24.09,6,2,45,https://www.musinsa.com/products/4382317
2026-09-01,아메스 월드와이드,4385261,BASIC LOGO SWEATSHIRT NAVY,6.02,208241,34613,33040,34810,1,-1770,-5.08,100.0,1,medium,24.09,11,2,45,https://www.musinsa.com/products/4385261
2026-09-01,아틀리에 나인,4387629,HUG OVERFIT SWEATSHIRT(T-6891),0.0,0,98100,98100,98100,0,0,0.0,100.0,1,high,24.09,5,2,45,https://www.musinsa.com/products/4387629
2026-09-01,키르시,4391917,컬렉션 스웨이드 셔링 자켓 [차콜],0.0,0,119400,119400,119400,0,0,0.0,100.0,1,high,24.08,5,2,45,https://www.musinsa.com/products/4391917
2026-09-01,나이스고스트클럽,4393581,DENIM PANEL SKIRT_BLUE(NG2EFFD115A),0.0,0,69660,69660,54180,1,15480,28.57,100.0,1,medium,24.01,6,2,45,https://www.musinsa.com/products/4393581
2026-09-01,디앤에스알,4394221,오버사이즈 체크 셔츠 레드 블루,0.0,0,79200,79200,79200,0,0,0.0,100.0,1,high,24.09,5,2,45,https://www.musinsa.com/products/4394221
2026-09-01,오퍼스 0012,4394989,Op. 09 CLAWED MELTED DENIM PANTS BLACK,0.0,0,77400,77400,77400,0,0,0.0,100.0,1,low,24.08,5,2,45,https://www.musinsa.com/products/4394989
2026-09-01,본투윈,4400237,REVERSE MIX HALF PANTS SHORT VER [BLACK],0.0,0,62300,62300,62300,0,0,0.0,100.0,1,high,24.08,6,2,45,https://www.musinsa.com/products/4400237
2026-09-01,디스이즈네버댓,4403437,ESP-Logo Beanie Off White,0.0,0,17500,17500,17500,0,0,0.0,100.0,1,high,24.08,5,2,45,https://www.musinsa.com/products/4403437
2026-09-01,스컬프터,4406509,Layered Lace Up Blouse Black,0.0,0,73920,73920,92400,1,-18480,-20.0,100.0,1,medium,24.08,6,2,45,https://www.musinsa.com/products/4406509
2026-09-01,디미트리블랙,4408941,ASI OG 에센셜 트러커 자켓_스웨이드 올리브,0.0,0,59900,59900,59900,0,0,0.0,100.0,1,high,24.08,5,2,45,https://www.musinsa.com/products/4408941
2026-09-01,브랜디드,4409069,EXTRA WIDE DENIM PANTS [SAND BLUE],0.23,16921,73500,73500,73500,0,0,0.0,100.0,1,high,24.08,5,2,45,https://www.musinsa.com/products/4409069
2026-09-01,니티드,4409197,(W) 투톤 골지 자수 로고 니트 BLACK,0.0,0,64000,64000,64000,0,0,0.0,100.0,1,high,24.08,5,2,45,https://www.musinsa.com/products/4409197
2026-09-01,꼼파뇨,4410733,해피스트 자수 후드티 네이비,0.0,0,48750,48750,33750,1,15000,44.44,100.0,1,medium,24.09,5,2,45,https://www.musinsa.com/products/4410733
2026-09-01,시눈,4411949,Basic Over Fit Shirt (Light Beige),0.0,0,71680,71680,71680,0,0,0.0,100.0,1,high,24.09,5,2,45,https://www.musinsa.com/products/4411949
2026-09-01,무센트,4416173,에센셜 레터링 루즈핏 롱슬리브 맨투맨 남녀공용,0.0,0,23730,23730,33900,1,-10170,-30.0,100.0,1,medium,24.08,5,2,45,https://www.musinsa.com/products/4416173
2026-09-01,에이이에이이,4416877,WEB LOGO LOOSED HOODIE [CAMO],0.89,78698,88290,88290,88290,0,0,0.0,100.0,1,high,24.09,5,2,45,https://www.musinsa.com/products/4416877
2026-09-01,수아레,4417517,네오프렌 하프 집업 네이비,0.0,0,31000,31000,31000,0,0,0.0,100.0,1,high,24.08,5,2,45,https://www.musinsa.com/products/4417517
2026-09-01,브룩스 브라더스,4421805,케이블 니트 햇 (베이지) (BBACKB7019ZEF),0.0,0,28320,28320,33040,1,-4720,-14.29,100.0,1,medium,24.01,6,2,45,https://www.musinsa.com/products/4421805
2026-09-01,프리즘웍스,4422957,FLEECE DRIZZLER JACKET _ DARK GREEN,0.0,0,76800,76800,76800,0,0,0.0,100.0,1,high,24.09,6,2,45,https://www.musinsa.com/products/4422957
2026-09-01,유니폼브릿지,4423149,AE button snap sweatshirt olive,1.0,29619,29710,29710,29710,0,0,0.0,100.0,1,low,24.08,5,2,45,https://www.musinsa.com/products/4423149
2026-09-01,에이치덱스,4423533,우먼스 챔프스 크롭 후디 (Oatmeal),0.0,0,58800,58800,58800,0,0,0.0,100.0,1,high,24.08,5,2,45,https://www.musinsa.com/products/4423533
2026-09-01,에이치덱스,4423661,우먼스 와이드 리브드 스웨트 셔츠 (Off-White),0.0,0,45000,45000,45000,0,0,0.0,100.0,1,high,24.08,5,2,45,https://www.musinsa.com/products/4423661
2026-09-01,아틀리에 나인,4424941,UNBAL SLIM KNIT CARDIGAN(CD-2130),0.0,0,62100,62100,62100,0,0,0.0,100.0,1,high,24.09,5,2,45,https://www.musinsa.com/products/4424941
2026-09-01,브룩스 브라더스,4433069,부클 2포켓 스커트 (네이비) (BBKZWF4151QEF),0.0,0,95520,95520,127360,1,-31840,-25.0,100.0,1,medium,24.01,6,2,45,https://www.musinsa.com/products/4433069
2026-09-01,마인드브릿지,4438317,두굿_데님믹스숏다운점퍼 MYDJ8156,0.0,0,151050,151050,151050,0,0,0.0,100.0,1,high,24.09,5,2,45,https://www.musinsa.com/products/4438317
2026-09-01,썬러브투어,4444013,Pile Fleece Pants Light Teal,0.0,0,79600,79600,51940,1,27660,53.25,100.0,1,medium,24.09,6,2,45,https://www.musinsa.com/products/4444013
2026-09-01,나이스고스트클럽,4447853,FFATS SAILOR PK KNIT_IVORY(NG2EFUK640A),0.0,0,53460,53460,41580,1,11880,28.57,100.0,1,medium,24.01,6,2,45,https://www.musinsa.com/products/4447853
2026-09-01,낫포너드,4458477,Cut Off Incision Semi Flare Fit Denim Pants - Black,0.0,0,43000,43000,43000,0,0,0.0,100.0,1,high,24.08,5,2,45,https://www.musinsa.com/products/4458477
2026-09-01,디스이즈네버댓,4460525,Padded Trooper Hat Teal,0.0,0,79200,79200,79200,0,0,0.0,100.0,1,high,24.08,5,2,45,https://www.musinsa.com/products/4460525
2026-09-01,브렌슨,4467373,스트링 와이드 벌룬 핏 스웨트 팬츠 ( 4Color ) ( 기모선택 ),2.21,72562,32900,32900,32900,0,0,0.0,100.0,1,high,24.08,8,2,45,https://www.musinsa.com/products/4467373
2026-09-01,커버낫,4469229,C 로고 케이블 스톤워싱 크루넥 니트 블랙,0.0,0,59000,59000,53550,1,5450,10.18,100.0,1,medium,24.08,5,2,45,https://www.musinsa.com/products/4469229
2026-09-01,파르티멘토 우먼,4469357,포켓 포인티드 와이드 레그 팬츠_더스티 블루,0.0,0,72090,72090,56070,1,16020,28.57,100.0,1,medium,24.08,5,2,45,https://www.musinsa.com/products/4469357
2026-09-01,에이이에이이,4470765,WESTERN DENIM SHIRTS [LIGHT BLUE],0.0,0,67050,67050,52150,1,14900,28.57,100.0,1,medium,24.09,5,2,45,https://www.musinsa.com/products/4470765
2026-09-01,데케트,4471597,3D 453520 Hoodies DCHD003WLGray,0.0,0,27600,27600,27600,0,0,0.0,100.0,1,high,24.09,5,2,45,https://www.musinsa.com/products/4471597
2026-09-01,프리즘웍스,4478765,SMOCK PUFFER DOWN PARKA _ BLACK,0.0,0,173400,173400,173400,0,0,0.0,100.0,1,high,24.09,6,2,45,https://www.musinsa.com/products/4478765
2026-09-01,에스피오나지,4480365,Beethoven Knit Sweater Olive,0.0,0,54500,54500,43600,1,10900,25.0,100.0,1,medium,24.09,6,2,45,https://www.musinsa.com/products/4480365
2026-09-01,스컬프터,4481069,2way Shawl Maxi Dress Deep Wine,0.0,0,98560,98560,123200,1,-24640,-20.0,100.0,1,medium,24.08,6,2,45,https://www.musinsa.com/products/4481069
2026-09-01,니티드,4481389,벌키 울 스타디움 집업 KHAKI-BLACK,0.0,0,95840,95840,95840,0,0,0.0,100.0,1,high,24.08,5,2,45,https://www.musinsa.com/products/4481389
2026-09-01,드로우핏 우먼,4481453,우드 버튼 오버핏 시어링 자켓 [BLACK],0.0,0,179200,179200,179200,0,0,0.0,100.0,1,high,24.09,6,2,45,https://www.musinsa.com/products/4481453
2026-09-01,인템포무드,4481901,패치 포켓 울 블루종_그레이,0.0,0,124500,124500,124500,0,0,0.0,100.0,1,high,24.08,5,2,45,https://www.musinsa.com/products/4481901
2026-09-01,커버낫,4483821,24FW 컬리지 C 울 바시티 블랙,0.0,0,171000,171000,113090,1,57910,51.21,100.0,1,medium,24.08,5,2,45,https://www.musinsa.com/products/4483821
2026-09-01,브룩스 브라더스,4485101,램스울 로고 스웨터 (네이비) (BBWRMF9628QEW),0.0,0,95520,95520,127360,1,-31840,-25.0,100.0,1,medium,24.01,6,2,45,https://www.musinsa.com/products/4485101
2026-09-01,나이스고스트클럽,4487533,HOODED MIDI PUFFER_BLACK(NG2EWUB902A),0.0,0,118260,118260,91980,1,26280,28.57,100.0,1,medium,24.01,6,2,45,https://www.musinsa.com/products/4487533
2026-09-01,유니폼브릿지,4488749,cable round neck knit cardigan beige,0.0,0,89500,89500,78760,1,10740,13.64,100.0,1,medium,24.08,6,2,45,https://www.musinsa.com/products/4488749
2026-09-01,바우로 프로덕트,4491309,울 TR 와이드 슬랙스[카키],0.0,0,89000,89000,89000,0,0,0.0,100.0,1,high,24.08,5,2,45,https://www.musinsa.com/products/4491309
2026-09-01,트래블,4491949,엣지 워시드 후드 집업 블랙,0.0,0,41930,41930,53400,1,-11470,-21.48,100.0,1,medium,24.09,6,2,45,https://www.musinsa.com/products/4491949
2026-09-01,후브스,4495917,코듀로이 원턱 카고 팬츠 [애쉬카키],0.0,0,43500,43500,19200,1,24300,126.56,100.0,1,medium,24.08,5,2,45,https://www.musinsa.com/products/4495917
2026-09-01,러브이즈트루,4496941,FS LOGO CUBIC HAIR PIN(WHITE),0.0,0,17850,17850,17850,0,0,0.0,100.0,1,high,24.01,6,2,45,https://www.musinsa.com/products/4496941
2026-09-01,레더리,4498733,소프트 리브드 레그 워머 [3COLOR],0.0,0,20700,20700,20700,0,0,0.0,100.0,1,high,24.08,5,2,45,https://www.musinsa.com/products/4498733
2026-09-01,칙스,4499373,카르멘 후드 니트 집업 Beige,0.0,0,36900,36900,29520,1,7380,25.0,100.0,1,medium,24.09,6,2,45,https://www.musinsa.com/products/4499373
2026-09-01,플랙,4500461,커브드 지퍼 숏 푸퍼 블랙,0.0,0,139300,139300,139300,0,0,0.0,100.0,1,high,24.08,5,2,45,https://www.musinsa.com/products/4500461
2026-09-01,시그니처,4501805,투웨이 크롭 패딩[블랙],0.0,0,49900,49900,49900,0,0,0.0,100.0,1,high,24.08,5,2,45,https://www.musinsa.com/products/4501805
2026-09-01,본투윈,4501933,SYMBOL B MUSCLE FIT HALF ZIP-UP LONGSLEEVE [WHITE],2.71,205260,75723,75000,89000,1,-14000,-15.73,100.0,1,medium,24.08,11,2,45,https://www.musinsa.com/products/4501933
2026-09-01,아틀리에 나인,4507757,(T-6931)ESSENTIAL WARM ROUND TEE,0.0,0,28080,28080,31590,1,-3510,-11.11,100.0,1,medium,24.09,5,2,45,https://www.musinsa.com/products/4507757
2026-09-01,파르티멘토 우먼,4509869,레더 폴딩 슬라우치 톨 부츠_그레이,0.0,0,448200,448200,348600,1,99600,28.57,100.0,1,medium,24.08,5,2,45,https://www.musinsa.com/products/4509869
2026-09-01,유니온블루,4512109,AURORA ALPACA CROP CARDIGAN [BLACK],0.0,0,119880,119880,140600,1,-20720,-14.74,100.0,1,low,48.07,5,2,45,https://www.musinsa.com/products/4512109
2026-09-01,글로니,4516461,G CONTRAST POLO LONG SLEEVE (NAVY),0.0,0,99540,99540,158000,1,-58460,-37.0,100.0,1,medium,24.09,6,2,45,https://www.musinsa.com/products/4516461
2026-09-01,로제프란츠,4516909,Basic Label Sleeveless [Gray],0.0,0,19600,19600,17150,1,2450,14.29,100.0,1,medium,24.08,5,2,45,https://www.musinsa.com/products/4516909
2026-09-01,더블유엠씨,4520813,블랙홀 비니_CHARCOAL GREY,0.0,0,34300,34300,34300,0,0,0.0,100.0,1,high,24.01,6,2,45,https://www.musinsa.com/products/4520813
2026-09-01,더블유엠씨,4520941,디아블로 후드_CHARCOAL GREY,0.0,0,40050,40050,40050,0,0,0.0,100.0,1,high,24.01,6,2,45,https://www.musinsa.com/products/4520941
2026-09-01,레더리,4543917,플러피 니트 비니 [LIGHT GREY],0.0,0,29700,29700,29700,0,0,0.0,100.0,1,high,24.08,5,2,45,https://www.musinsa.com/products/4543917
2026-09-01,헬레네파리스,4545069,벨벳티 크롭 웰론 푸퍼 [블랙],0.0,0,111090,111090,131250,1,-20160,-15.36,100.0,1,medium,24.09,6,2,45,https://www.musinsa.com/products/4545069
2026-09-01,제너럴아이디어,4567725,리브드 터틀넥 풀오버 [BLACK] / WBD4L05547,0.0,0,26600,26600,26600,0,0,0.0,100.0,1,high,24.08,6,2,45,https://www.musinsa.com/products/4567725
2026-09-01,파르티멘토 우먼,4576301,올인원 레이어드 헨리 롱 슬리브 티_멜란지,0.0,0,39690,39690,30870,1,8820,28.57,100.0,1,medium,24.08,5,2,45,https://www.musinsa.com/products/4576301
2026-09-01,시눈,4584557,Middle Turtleneck Knit (Greyish Green),0.0,0,71680,71680,71680,0,0,0.0,100.0,1,high,24.09,5,2,45,https://www.musinsa.com/products/4584557
2026-09-01,아틀리에 나인,4585389,ESSENTIAL YANA HIGH NECK KNIT(T-6969),0.0,0,71100,71100,71100,0,0,0.0,100.0,1,high,24.09,5,2,45,https://www.musinsa.com/products/4585389
2026-09-01,가까이 유니언즈,4585901,아웃 절개 래글런 피그먼트 후드 티 브라운,0.0,0,50400,50400,50400,0,0,0.0,100.0,1,high,24.09,5,2,45,https://www.musinsa.com/products/4585901
2026-09-01,시야쥬,4586733,SIPT7140 소프트 골지 부츠컷 밴딩 팬츠_Black,0.0,0,69000,69000,69000,0,0,0.0,100.0,1,high,24.08,5,2,45,https://www.musinsa.com/products/4586733
2026-09-01,아이돈워너셀,4588909,Echidna Knuckle Key Ring,0.0,0,53400,53400,53400,0,0,0.0,100.0,1,high,24.08,5,2,45,https://www.musinsa.com/products/4588909
2026-09-01,커버낫,4592941,C로고 코지 핏 워싱 볼캡 Beige,0.0,0,35200,35200,33350,1,1850,5.55,100.0,1,medium,24.08,5,2,45,https://www.musinsa.com/products/4592941
2026-09-01,무센트,4594093,얼죽아 후드 티 (남녀공용),0.0,0,41930,41930,55710,1,-13780,-24.74,100.0,1,medium,24.08,5,2,45,https://www.musinsa.com/products/4594093
2026-09-01,아틀리에 나인,4595117,HAIRY WOOL BELTED HALF COAT S(CT-1450),0.0,0,258480,258480,274630,1,-16150,-5.88,100.0,1,medium,24.09,5,2,45,https://www.musinsa.com/products/4595117
2026-09-01,본투윈,4595885,SYMBOL B PUFFER DOWN VEST [GREY],0.0,0,181300,181300,259000,1,-77700,-30.0,100.0,1,medium,24.08,6,2,45,https://www.musinsa.com/products/4595885
2026-09-01,바우로 프로덕트,4597357,소프트 이중직 반폴라 니트 [네이비],0.0,0,49900,49900,49900,0,0,0.0,100.0,1,high,24.08,5,2,45,https://www.musinsa.com/products/4597357
2026-09-01,썸웨어버터,4606893,Some Cable Long Sleeve Knit - Ivory,0.0,0,83790,83790,83790,0,0,0.0,100.0,1,high,24.01,6,2,45,https://www.musinsa.com/products/4606893
2026-09-01,무센트,4610029,메탈 로고 시그니처 맨투맨 (남녀공용),0.0,0,34930,34930,46410,1,-11480,-24.74,100.0,1,medium,24.08,5,2,45,https://www.musinsa.com/products/4610029
2026-09-01,마인드브릿지 우먼,4613229,[W]두굿_후드패딩점퍼 - 3color MYJP8201,0.0,0,129000,129000,129000,0,0,0.0,100.0,1,high,24.09,5,2,45,https://www.musinsa.com/products/4613229
2026-09-01,제너럴아이디어,4621101,UNISEX 워시드 워크 셔츠 [WHITE] / SBD4U03010,0.0,0,49000,49000,41760,1,7240,17.34,100.0,1,medium,24.09,6,2,45,https://www.musinsa.com/products/4621101
2026-09-01,링서울,4623917,angora turtleneck top-melange,0.0,0,39130,39130,30430,1,8700,28.59,100.0,1,medium,24.01,6,2,45,https://www.musinsa.com/products/4623917
2026-09-01,링서울,4623981,fleece jogger pants-brown,0.0,0,68210,68210,53050,1,15160,28.58,100.0,1,medium,24.01,6,2,45,https://www.musinsa.com/products/4623981
2026-09-01,무센트,4629805,퍼즐 후드 티 남녀공용 (2컬러),0.0,0,47090,47090,49900,1,-2810,-5.63,100.0,1,medium,24.08,5,2,45,https://www.musinsa.com/products/4629805
2026-09-01,언더오프,4635821,피치스킨 에센셜 러브이즈올 기모 맨투맨 4colors,0.0,0,21900,21900,21900,0,0,0.0,100.0,1,high,24.08,5,2,45,https://www.musinsa.com/products/4635821
2026-09-01,1993스튜디오,4637549,[CHODAN] 아플리케 그래픽 후드 집업_블랙,0.0,0,98100,98100,98100,0,0,0.0,100.0,1,high,24.08,5,2,45,https://www.musinsa.com/products/4637549
2026-09-01,아웃스탠딩,4641453,OSTD STITCH CRAFTED BELT_BLACK,3.57,186179,52200,52200,52200,0,0,0.0,100.0,1,high,24.08,11,2,45,https://www.musinsa.com/products/4641453
2026-09-01,슬로우애시드,4648045,피그먼트 PAP 후디 [차콜],0.0,0,47500,47500,47500,0,0,0.0,100.0,1,high,24.08,5,2,45,https://www.musinsa.com/products/4648045
2026-09-01,나이스고스트클럽,4694637,DENIM WORK CAR COAT_BLUE(NG2FSUC800A),0.0,0,91260,91260,70980,1,20280,28.57,100.0,1,medium,24.01,6,2,45,https://www.musinsa.com/products/4694637
2026-09-01,제너럴아이디어,4695597,에센셜 크루넥 가디건 [WHITE] / GF7LKC501,0.0,0,42400,42400,41760,1,640,1.53,100.0,1,medium,24.08,6,2,45,https://www.musinsa.com/products/4695597
2026-09-01,디스이즈네버댓,4696237,TNT GRAMICCI WASHED CORDUROY PANT Ecru,0.0,0,104300,104300,104300,0,0,0.0,100.0,1,high,24.08,5,2,45,https://www.musinsa.com/products/4696237
2026-09-01,로제프란츠,4697197,Four Button Overfit Jacket [Gray],0.0,0,74360,74360,65070,1,9290,14.28,100.0,1,medium,24.08,5,2,45,https://www.musinsa.com/products/4697197
2026-09-01,로제프란츠,4697709,Two Belt Wide Slacks [Black],0.0,0,56760,56760,49670,1,7090,14.27,100.0,1,medium,24.08,5,2,45,https://www.musinsa.com/products/4697709
2026-09-01,드로우핏,4702317,리파인드 라인 레더 자켓 [BLACK],0.0,0,139200,139200,139200,0,0,0.0,100.0,1,high,24.08,5,2,45,https://www.musinsa.com/products/4702317
2026-09-01,엘무드,4705389,헌팅턴 텐셀데님 밀리터리 셔츠 샴브레이 블루,0.0,0,79000,79000,79000,0,0,0.0,100.0,1,high,24.08,5,2,45,https://www.musinsa.com/products/4705389
2026-09-01,엘무드,4705517,플루이드 트위드 블루종 자켓 M블랙,0.0,0,124000,124000,111600,1,12400,11.11,100.0,1,medium,24.08,5,2,45,https://www.musinsa.com/products/4705517
2026-09-01,아모우,4705837,Anchor Ringer T-shirts white,0.0,0,34300,34300,34300,0,0,0.0,100.0,1,high,24.09,6,2,45,https://www.musinsa.com/products/4705837
2026-09-01,제너럴아이디어,4716397,하찌 랩 가디건 [IVORY] / WBE1L04502,0.0,0,46110,46110,46110,0,0,0.0,100.0,1,high,24.08,6,2,45,https://www.musinsa.com/products/4716397
2026-09-01,키르시,4716973,키르시 플레인 체리 아치 로고 크롭 후드 [멜란지 그레이],0.0,0,47400,47400,47400,0,0,0.0,100.0,1,high,24.08,5,2,45,https://www.musinsa.com/products/4716973
2026-09-01,비바라비다,4720429,[기모선택] Stamp 헤비테리 후드,1.71,99174,57900,57900,59900,1,-2000,-3.34,100.0,1,medium,24.08,6,2,45,https://www.musinsa.com/products/4720429
2026-09-01,9999아카이브,4724717,Oblique Pocket Wide Cargo Pants,0.0,0,112770,112770,112770,0,0,0.0,100.0,1,high,24.01,6,2,45,https://www.musinsa.com/products/4724717
2026-09-01,필루미네이트,4726189,스프린트 스웨트 팬츠-5Color,0.0,0,30000,30000,30000,0,0,0.0,100.0,1,high,24.01,6,2,45,https://www.musinsa.com/products/4726189
2026-09-01,필루미네이트,4728685,스포츠 블럭 후디-네이비,0.0,0,36000,36000,36000,0,0,0.0,100.0,1,high,24.01,6,2,45,https://www.musinsa.com/products/4728685
2026-09-01,알리스,4729453,레이어드 다이스 체인 키링 [실버],0.0,0,22610,22610,23680,1,-1070,-4.52,100.0,1,medium,24.08,5,2,45,https://www.musinsa.com/products/4729453
2026-09-01,트릴리온,4729517,오버핏 디스트로이드 피그먼트 후드 집업 [라이트 카키],0.0,0,42900,42900,42900,0,0,0.0,100.0,1,high,24.08,5,2,45,https://www.musinsa.com/products/4729517
2026-09-01,미세키서울,4732845,Side bow pleats midi skirt CHECK,0.0,0,120870,120870,120870,0,0,0.0,100.0,1,high,24.08,5,2,45,https://www.musinsa.com/products/4732845
2026-09-01,9999아카이브,4733165,Bubble Logo T,0.0,0,27000,27000,27000,0,0,0.0,100.0,1,high,24.01,6,2,45,https://www.musinsa.com/products/4733165
2026-09-01,노매뉴얼,4734253,CURVED HALF PANTS - WASHED NAVY,0.0,0,92400,92400,92400,0,0,0.0,100.0,1,high,24.08,5,2,45,https://www.musinsa.com/products/4734253
2026-09-01,노매뉴얼,4734381,LIZARD T-SHIRT - WHITE,0.0,0,29400,29400,29400,0,0,0.0,100.0,1,high,24.08,5,2,45,https://www.musinsa.com/products/4734381
2026-09-01,아이돈워너셀,4734957,Solar Damage Maxi Denim Pants Black,0.0,0,77400,77400,70950,1,6450,9.09,100.0,1,medium,24.08,5,2,45,https://www.musinsa.com/products/4734957
2026-09-01,디스이즈네버댓,4735341,Contrast Stitch Pant Black,0.0,0,74500,74500,74500,0,0,0.0,100.0,1,high,24.08,5,2,45,https://www.musinsa.com/products/4735341
2026-09-01,나이스고스트클럽,4737901,LAYERED WASHED JEANS_LIGHT BLUE(NG2FSUD100A),0.0,0,69660,69660,54180,1,15480,28.57,100.0,1,medium,24.01,6,2,45,https://www.musinsa.com/products/4737901
2026-09-01,플랙,4740397,레더 블루종 점퍼 블랙,0.0,0,189000,189000,189000,0,0,0.0,100.0,1,high,24.08,5,2,45,https://www.musinsa.com/products/4740397
2026-09-01,1993스튜디오,4741037,네트 풀오버 니트_블랙,0.0,0,49950,49950,49950,0,0,0.0,100.0,1,high,24.08,5,2,45,https://www.musinsa.com/products/4741037
2026-09-01,러프사이드,4742061,Pointer Jacket Dark Olive,0.0,0,318000,318000,318000,0,0,0.0,100.0,1,high,24.09,5,2,45,https://www.musinsa.com/products/4742061
2026-09-01,러프사이드,4742125,Belted Bermuda Shorts Humus,0.0,0,158000,158000,158000,0,0,0.0,100.0,1,high,24.09,5,2,45,https://www.musinsa.com/products/4742125
2026-09-01,필루미네이트,4743597,스몰 로고 후드 집 업-스카이블루,0.53,26642,50000,50000,50000,0,0,0.0,100.0,1,high,24.01,6,2,45,https://www.musinsa.com/products/4743597
2026-09-01,유라고,4745005,River hooded half jumper,0.0,0,163400,163400,163400,0,0,0.0,100.0,1,high,24.09,5,2,45,https://www.musinsa.com/products/4745005
2026-09-01,메인부스,4745133,[아톰] 갤럭시 폰 케이스,0.0,0,19800,19800,19800,0,0,0.0,100.0,1,high,24.08,5,2,45,https://www.musinsa.com/products/4745133
2026-09-01,해비즘,4746925,ROSE LACE SWEATPANTS(BROWN),0.0,0,59400,59400,59400,0,0,0.0,100.0,1,high,24.01,6,2,45,https://www.musinsa.com/products/4746925
2026-09-01,글로니,4747181,WILLY CROP SHIRT (BABYBLUE STRIPE),0.0,0,108000,108000,108000,0,0,0.0,100.0,1,high,24.09,6,2,45,https://www.musinsa.com/products/4747181
2026-09-01,시야쥬,4747949,SITP5178 레귤러 핏 프레쉬 반팔 티셔츠_Melange gray,0.0,0,29700,29700,23100,1,6600,28.57,100.0,1,medium,24.08,5,2,45,https://www.musinsa.com/products/4747949
2026-09-01,키르시,4749293,빈티지 워싱 아티피셜 레더 봄버 자켓 [블랙],0.0,0,139300,139300,139300,0,0,0.0,100.0,1,high,24.08,5,2,45,https://www.musinsa.com/products/4749293
2026-09-01,키르시,4749357,멜팅 체리 프린트 크롭 스웨트셔츠 [네이비],0.0,0,41400,41400,41400,0,0,0.0,100.0,1,high,24.08,5,2,45,https://www.musinsa.com/products/4749357
2026-09-01,워크온바디오프,4749421,이지온 세미 오버핏 스트라이프 카라 반팔 니트 [아이보리],0.0,0,29900,29900,29900,0,0,0.0,60.25,0,low,24.0,7,1,45,https://www.musinsa.com/products/4749421
2026-09-01,론론,4749869,TRIPLE STRIPE HARMONY KNIT CARDIGAN BLACK GREY,0.0,0,71280,71280,49280,1,22000,44.64,100.0,1,medium,24.09,6,2,45,https://www.musinsa.com/products/4749869
2026-09-01,워크온바디오프,4750061,[여름/사계절] 에즈 릴렉스 세미 와이드 데님 팬츠 [빈티지블루],0.0,0,39900,39900,39900,0,0,0.0,60.25,0,low,24.0,5,1,45,https://www.musinsa.com/products/4750061
2026-09-01,와이케이,4752301,로고 자수 스웨트팬츠 그레이,0.0,0,54000,54000,37800,1,16200,42.86,100.0,1,medium,24.01,6,2,45,https://www.musinsa.com/products/4752301
2026-09-01,인사일런스,4754029,패널드 워크 팬츠 WHITE,0.0,0,103680,103680,115200,1,-11520,-10.0,100.0,1,medium,24.08,5,2,45,https://www.musinsa.com/products/4754029
2026-09-01,인사일런스,4754541,크롭 코드 데님 자켓 BLACK,0.0,0,135360,135360,135360,0,0,0.0,100.0,1,high,24.08,5,2,45,https://www.musinsa.com/products/4754541
2026-09-01,제너럴아이디어,4755245,링클프리 리벳 셔츠 [WHITE] / WBE1L03507,5.14,133070,25900,25900,29600,1,-3700,-12.5,100.0,1,low,24.08,13,3,45,https://www.musinsa.com/products/4755245
2026-09-01,일꼬르소,4756589,액션 플레어 코튼 팬츠 블랙 IEPA5E103BK,0.0,0,59500,59500,59500,0,0,0.0,100.0,1,high,24.08,5,2,45,https://www.musinsa.com/products/4756589
2026-09-01,커버낫,4756653,코튼 데님 바시티 Blue,0.0,0,136080,136080,113400,1,22680,20.0,100.0,1,medium,24.08,5,2,45,https://www.musinsa.com/products/4756653
2026-09-01,더니트컴퍼니,4758189,(W) 파인 울 트랙 팬츠 2color,0.0,0,153300,153300,153300,0,0,0.0,100.0,1,high,24.08,5,2,45,https://www.musinsa.com/products/4758189
2026-09-01,파르티멘토,4759213,VTG 워시드 레더 카 코트 브라운,0.0,0,93600,93600,84240,1,9360,11.11,100.0,1,medium,24.08,5,2,45,https://www.musinsa.com/products/4759213
2026-09-01,파르티멘토 우먼,4760173,PWC 라운드넥 쓰리쿼터 슬리브 티_화이트,6.91,167625,24242,29160,22680,1,6480,28.57,100.0,1,medium,9.05,19,6,45,https://www.musinsa.com/products/4760173
2026-09-01,노이어,4761005,신서틱 플라이트 블루종 (블랙),0.0,0,208200,208200,208200,0,0,0.0,1.72,0,low,24.0,6,1,45,https://www.musinsa.com/products/4761005
2026-09-01,노이어,4761133,시어 번아웃 셔츠 (블랙),0.02,1407,81700,81700,81700,0,0,0.0,100.0,1,high,24.09,6,2,45,https://www.musinsa.com/products/4761133
2026-09-01,후드후드,4763885,H 로고 에일리언 스웨트팬츠 차콜,0.0,0,42660,42660,42660,0,0,0.0,100.0,1,high,24.08,5,2,45,https://www.musinsa.com/products/4763885
2026-09-01,후드후드,4764205,H 로고 에일리언 오버핏 후드 카모,0.0,0,44280,44280,44280,0,0,0.0,100.0,1,high,24.08,5,2,45,https://www.musinsa.com/products/4764205
2026-09-01,후드후드,4764589,클론 에일리언 오버핏 맨투맨 멜란지화이트,0.0,0,38880,38880,38880,0,0,0.0,100.0,1,high,24.08,5,2,45,https://www.musinsa.com/products/4764589
2026-09-01,밀로 아카이브,4765997,인플레이트 봄버 자켓 [콤바인드 블랙],0.0,0,95040,95040,95040,0,0,0.0,100.0,1,high,24.01,6,2,45,https://www.musinsa.com/products/4765997
2026-09-01,스키즘 인듀싱,4766829,FR METAL DRESS BLACK,0.0,0,117300,117300,124200,1,-6900,-5.56,100.0,1,medium,24.09,6,2,45,https://www.musinsa.com/products/4766829
2026-09-01,가까이 유니언즈,4766893,폴라 프렌즈 반팔 티셔츠 화이트,0.0,0,29400,29400,29400,0,0,0.0,100.0,1,low,24.09,5,2,45,https://www.musinsa.com/products/4766893
2026-09-01,디스이즈네버댓,4767533,Small RS-Logo Cap Beige,0.0,0,22500,22500,22500,0,0,0.0,100.0,1,high,24.08,5,2,45,https://www.musinsa.com/products/4767533
2026-09-01,메종미네드,4771885,TWO POCKET SQUARE CROSS BAG,0.6,41627,69300,69300,69300,0,0,0.0,100.0,1,high,24.0,13,6,45,https://www.musinsa.com/products/4771885
2026-09-01,유니폼브릿지,4772973,carpenter long skirt(womens) olive,0.0,0,63600,63600,63600,0,0,0.0,100.0,1,high,24.08,6,2,45,https://www.musinsa.com/products/4772973
2026-09-01,유니폼브릿지,4773037,western denim shirt 6oz indigo one washed,0.0,0,55600,55600,55600,0,0,0.0,100.0,1,high,24.08,6,2,45,https://www.musinsa.com/products/4773037
2026-09-01,아메스 월드와이드,4773613,A NUMBERING LINETAPE TEE GREY,0.0,0,17550,17550,19500,1,-1950,-10.0,100.0,1,medium,24.08,5,2,45,https://www.musinsa.com/products/4773613
2026-09-01,밀로 아카이브,4774189,레이어 스트라이프 롱 슬리브 [블루],0.0,0,54400,54400,54400,0,0,0.0,100.0,1,high,24.01,6,2,45,https://www.musinsa.com/products/4774189
2026-09-01,더뮤지엄비지터,4781549,RABBIT EMBROIDERY ZIPUP HOODIE (WHITE),0.0,0,102700,102700,102700,0,0,0.0,100.0,1,high,24.08,6,2,45,https://www.musinsa.com/products/4781549
2026-09-01,모즈모즈,4782125,코믹걸 오버핏 반팔티셔츠 블랙,0.0,0,23800,23800,23800,0,0,0.0,100.0,1,high,24.09,5,2,45,https://www.musinsa.com/products/4782125
2026-09-01,아이돈워너셀,4783405,Novichi T-Shirt Ivory,0.0,0,43200,43200,31320,1,11880,37.93,100.0,1,medium,24.08,5,2,45,https://www.musinsa.com/products/4783405
2026-09-01,데케트,4783725,Balloon Wide Jeans DCPT055LightBlueB,0.1,4513,43400,43400,43400,0,0,0.0,100.0,1,high,24.08,5,2,45,https://www.musinsa.com/products/4783725
2026-09-01,에이이에이이,4786989,WEB LOGO LOOSED HOODIE [MELANGE GREY/CAMO],0.0,0,98100,98100,98100,0,0,0.0,100.0,1,high,24.08,5,2,45,https://www.musinsa.com/products/4786989
2026-09-01,테이크이지,4788205,자이언트핏 몬스터 체크셔츠 (빈티지네이비),8.94,300596,33611,34900,31410,1,3490,11.11,100.0,1,medium,10.08,24,6,45,https://www.musinsa.com/products/4788205
2026-09-01,쿠어,4790445,멀티컬러 스트라이프 폴로 셔츠 (그린),0.0,0,76500,76500,76500,0,0,0.0,100.0,1,high,24.09,5,2,45,https://www.musinsa.com/products/4790445
2026-09-01,허그본,4790701,스크럼 저지 롱슬리브 4컬러,0.0,0,65550,65550,65550,0,0,0.0,100.0,1,high,24.08,5,2,45,https://www.musinsa.com/products/4790701
2026-09-01,아틀리에 나인,4793005,WOOL SHEER SET-UP KNIT(T-7017),0.0,0,64080,64080,77700,1,-13620,-17.53,100.0,1,medium,24.09,5,2,45,https://www.musinsa.com/products/4793005
2026-09-01,아틀리에 나인,4793773,ARLO SHIRRING RIBBON BLOUSE(BL-4299),0.0,0,70560,70560,85560,1,-15000,-17.53,100.0,1,medium,24.09,5,2,45,https://www.musinsa.com/products/4793773
2026-09-01,링서울,4794477,suede collar trench  half coat-navy,0.0,0,206310,206310,160470,1,45840,28.57,100.0,1,medium,24.01,6,2,45,https://www.musinsa.com/products/4794477
2026-09-01,커버낫,4797805,블록코어 져지 롱슬리브 Navy,0.0,0,58860,58860,49050,1,9810,20.0,100.0,1,medium,24.09,5,2,45,https://www.musinsa.com/products/4797805
2026-09-01,커버낫,4797869,스몰 어센틱 다잉 맨투맨 Sky Blue,0.0,0,64080,64080,57850,1,6230,10.77,100.0,1,medium,24.08,5,2,45,https://www.musinsa.com/products/4797869
2026-09-01,아캄,4798189,Knee Pin-tuck Leopard Cotton Pants (Brown),0.0,0,115500,115500,115500,0,0,0.0,100.0,1,high,24.09,5,2,45,https://www.musinsa.com/products/4798189
2026-09-01,본투윈,4799277,MONOGRAM SOCCER JERSEY [BLACK],1.0,72532,72754,68600,98000,1,-29400,-30.0,100.0,1,medium,24.08,6,2,45,https://www.musinsa.com/products/4799277
2026-09-01,루에브르,4799917,Back Slit Tailored Jacket SW5SJ101-CW,0.0,0,279000,279000,279000,0,0,0.0,100.0,1,high,24.09,6,2,45,https://www.musinsa.com/products/4799917
2026-09-01,드헤베,4800429,Flat Classic Jacket [Brown],0.0,0,129290,129290,129290,0,0,0.0,100.0,1,high,24.08,5,2,45,https://www.musinsa.com/products/4800429
2026-09-01,더뮤지엄비지터,4804973,CHECK MIXED ZIPUP HOODIE (MELANGE GREY),0.0,0,85800,85800,85800,0,0,0.0,100.0,1,high,24.08,6,2,45,https://www.musinsa.com/products/4804973
2026-09-01,필루미네이트,4808749,A to Z 볼 캡-블랙,0.0,0,25000,25000,25000,0,0,0.0,100.0,1,high,24.01,6,2,45,https://www.musinsa.com/products/4808749
2026-09-01,필루미네이트,4808877,옵티컬 그래픽 후디-크림,0.0,0,39000,39000,39000,0,0,0.0,100.0,1,high,24.01,6,2,45,https://www.musinsa.com/products/4808877
2026-09-01,브랜디드,4811245,OVERSIZED DENIM TRUCKER JACKET [WASHED BLACK],0.0,0,91800,91800,91800,0,0,0.0,100.0,1,high,24.08,5,2,45,https://www.musinsa.com/products/4811245
2026-09-01,론론,4812525,LACE HOODIE SLIM LONG SLEEVE CHARCOAL STAR,0.0,0,53460,53460,36960,1,16500,44.64,100.0,1,medium,24.09,6,2,45,https://www.musinsa.com/products/4812525
2026-09-01,제너럴아이디어,4812717,와이드 버뮤다 데님 팬츠 [BLUE] / WBE1L12504,0.86,30133,35200,35200,35200,0,0,0.0,100.0,1,high,24.08,6,2,45,https://www.musinsa.com/products/4812717
2026-09-01,배드블러드,4812845,러스티 데님 후드 집업 슬림핏 - 블루,0.0,0,106400,106400,119700,1,-13300,-11.11,100.0,1,medium,24.09,6,2,45,https://www.musinsa.com/products/4812845
2026-09-01,언더오프,4813357,오버핏 맨투맨 스웨트 캐피탈 패리스 블랙,0.0,0,34900,34900,23120,1,11780,50.95,100.0,1,medium,24.08,5,2,45,https://www.musinsa.com/products/4813357
2026-09-01,디스이즈네버댓,4813613,Monogram L/S Tee White,0.0,0,34500,34500,34500,0,0,0.0,100.0,1,high,24.08,5,2,45,https://www.musinsa.com/products/4813613
2026-09-01,유니폼브릿지,4817773,ubc basic s/s tee blue velvet,0.14,3297,23400,27300,23400,1,3900,16.67,100.0,1,medium,24.08,6,2,45,https://www.musinsa.com/products/4817773
2026-09-01,러브이즈트루,4823405,[MARIE] SWEATSHIRT(BLACK),0.0,0,39780,39780,39780,0,0,0.0,100.0,1,high,24.01,6,2,45,https://www.musinsa.com/products/4823405
2026-09-01,슬로우애시드,4827757,러스틱 빈티지 체크 셔츠 [스카이블루],0.0,0,40300,40300,40300,0,0,0.0,100.0,1,high,24.08,5,2,45,https://www.musinsa.com/products/4827757
2026-09-01,르바,4831597,Stripe Cotton Relaxed Shirt - White/Grey,0.0,0,98100,98100,98100,0,0,0.0,100.0,1,high,24.08,5,2,45,https://www.musinsa.com/products/4831597
2026-09-01,르바,4831789,Levar Comfy Cross Bag - Off White,0.0,0,89100,89100,69300,1,19800,28.57,100.0,1,medium,24.08,5,2,45,https://www.musinsa.com/products/4831789
2026-09-01,인사일런스,4832429,리브 헨리넥 롱슬리브 WHITE,0.0,0,53000,53000,53000,0,0,0.0,100.0,1,high,24.08,5,2,45,https://www.musinsa.com/products/4832429
2026-09-01,제너럴아이디어,4837613,볼륨 카고 미니스커트 [BLACK] / WBE1L13511,0.0,0,31200,31200,28900,1,2300,7.96,100.0,1,medium,24.08,6,2,45,https://www.musinsa.com/products/4837613
2026-09-01,프리즘웍스,4849133,JOLLY ROGER MOBYDICK SWEATSHIRT _ OATMEAL,0.0,0,43400,43400,43400,0,0,0.0,100.0,1,high,24.09,6,2,45,https://www.musinsa.com/products/4849133
2026-09-01,키르시,4850221,키르시 플레인 슬림핏 피케 티셔츠 [화이트],0.0,0,35400,35400,35400,0,0,0.0,100.0,1,high,24.08,5,2,45,https://www.musinsa.com/products/4850221
2026-09-01,제이엘브,4851629,메인로고 미드 삭스 3팩 [화이트/블랙],0.0,0,15000,15000,15000,0,0,0.0,100.0,1,high,24.01,6,2,45,https://www.musinsa.com/products/4851629
2026-09-01,파르티멘토,4853293,니트 집업 베스트 아이보리,0.0,0,50600,50600,45540,1,5060,11.11,100.0,1,medium,24.08,5,2,45,https://www.musinsa.com/products/4853293
2026-09-01,비터셀즈,4854253,체리 베리 티-화이트,0.0,0,31590,31590,31590,0,0,0.0,100.0,1,high,24.0,9,6,45,https://www.musinsa.com/products/4854253
2026-09-01,디스이즈네버댓,4854765,Crest Cap Black,0.0,0,27500,27500,27500,0,0,0.0,100.0,1,high,24.08,5,2,45,https://www.musinsa.com/products/4854765
2026-09-01,디스이즈네버댓,4854829,Field Pant Navy,0.0,0,79500,79500,79500,0,0,0.0,100.0,1,high,24.08,5,2,45,https://www.musinsa.com/products/4854829
2026-09-01,디스이즈네버댓,4854893,T.N.T. Classic HDP V Neck Vest Heather Grey,0.0,0,63200,63200,63200,0,0,0.0,100.0,1,high,24.08,5,2,45,https://www.musinsa.com/products/4854893
2026-09-01,트릴리온,4856365,레더 패치 워시드 코튼 볼 캡_5color,0.0,0,19900,19900,19900,0,0,0.0,100.0,1,high,24.08,5,2,45,https://www.musinsa.com/products/4856365
2026-09-01,글로니,4861165,G OFF SHOULDER LONG SLEEVE (3 colors),0.0,0,46980,46980,58000,1,-11020,-19.0,100.0,1,medium,24.09,6,2,45,https://www.musinsa.com/products/4861165
2026-09-01,1993스튜디오,4862509,스피드레이서 레글런 티셔츠_화이트,0.0,0,46550,46550,46550,0,0,0.0,100.0,1,high,24.08,5,2,45,https://www.musinsa.com/products/4862509
2026-09-01,1993스튜디오,4862637,뉴 93로고 크롭 티셔츠_네이비,0.0,0,39000,39000,39000,0,0,0.0,100.0,1,high,24.08,5,2,45,https://www.musinsa.com/products/4862637
2026-09-01,1993스튜디오,4863853,본투비 우먼 레귤러핏 티셔츠_화이트,0.0,0,29000,29000,29000,0,0,0.0,100.0,1,high,24.08,5,2,45,https://www.musinsa.com/products/4863853
2026-09-01,론론,4865453,DIAMOND PATTERN LONG SLEEVE KNIT BROWN,0.0,0,89100,89100,61600,1,27500,44.64,100.0,1,medium,24.09,6,2,45,https://www.musinsa.com/products/4865453
2026-09-01,론론,4865517,HEART ARGYLE 2 BUTTON KNIT CARDIGAN BROWN,0.0,0,68320,68320,87840,1,-19520,-22.22,100.0,1,medium,24.09,6,2,45,https://www.musinsa.com/products/4865517
2026-09-01,슬로우애시드,4880045,[2PACK] 워시드 린넨 밴딩 와이드 팬츠  [4COLOR],0.0,0,59900,59900,59900,0,0,0.0,100.0,1,high,24.08,5,2,45,https://www.musinsa.com/products/4880045
2026-09-01,키뮤어,4885997,써머 세미와이드 슬랙스_베이지,0.0,0,24500,24500,24500,0,0,0.0,100.0,1,high,24.09,6,2,45,https://www.musinsa.com/products/4885997
2026-09-01,제멋,4892397,올데이 CP 스탠다드 긴팔티셔츠 4종 네이비 SOLT2607,0.0,0,24900,24900,24900,0,0,0.0,100.0,1,high,24.09,6,2,45,https://www.musinsa.com/products/4892397
2026-09-01,어나더 오피스,4894765,Sailor Silk Open-collar Knit (Ecru-Black),0.0,0,96600,96600,138000,1,-41400,-30.0,100.0,1,medium,24.09,6,2,45,https://www.musinsa.com/products/4894765
2026-09-01,에이지오디,4895661,레이싱 반소매 티셔츠 [다크 그린],0.26,4782,18060,9900,18060,1,-8160,-45.18,100.0,1,medium,24.09,9,2,45,https://www.musinsa.com/products/4895661
2026-09-01,칙스,4898221,타이거 반팔 티셔츠 백멜란지,0.0,0,25900,25900,20720,1,5180,25.0,100.0,1,medium,24.09,6,2,45,https://www.musinsa.com/products/4898221
2026-09-01,마인드브릿지,4898349,유틸리티 세미 와이드 풀 밴딩 하프 팬츠 - 2color,0.0,0,29900,29900,29900,0,0,0.0,100.0,1,high,24.08,5,2,45,https://www.musinsa.com/products/4898349
2026-09-01,999휴머니티,4898989,EVD 이지 로고 하프 티셔츠 (페이디드 퍼플),0.0,0,63000,63000,63000,0,0,0.0,100.0,1,high,24.09,5,2,45,https://www.musinsa.com/products/4898989
2026-09-01,마인드브릿지 우먼,4899117,[W][콜린스]수피마_백 포인트 오버핏 티셔츠 - 2color,0.0,0,29900,29900,29900,0,0,0.0,100.0,1,high,24.09,5,2,45,https://www.musinsa.com/products/4899117
2026-09-01,디스이즈네버댓,4905581,Onyx Embossed Denim Cap Black,0.0,0,27500,27500,27500,0,0,0.0,100.0,1,high,24.08,5,2,45,https://www.musinsa.com/products/4905581
2026-09-01,디스이즈네버댓,4905773,Hamburger Tee White,0.0,0,23600,23600,23600,0,0,0.0,100.0,1,high,24.09,5,2,45,https://www.musinsa.com/products/4905773
2026-09-01,디스이즈네버댓,4905901,Football Jersey Green,0.0,0,54500,54500,54500,0,0,0.0,100.0,1,high,24.08,5,2,45,https://www.musinsa.com/products/4905901
2026-09-01,어반드레스,4908909,Basic Brush Daily Wide Pants WASHING BLACK,0.98,31311,32000,32000,32000,0,0,0.0,100.0,1,high,24.09,6,2,45,https://www.musinsa.com/products/4908909
2026-09-01,틸아이다이,4909805,Sweet ribbon round cotton blouse_Ivory,0.0,0,85600,85600,85600,0,0,0.0,100.0,1,high,24.08,6,2,45,https://www.musinsa.com/products/4909805
2026-09-01,커버낫,4913965,타이포 그래픽 링거 티셔츠 Dark Navy,0.0,0,53100,53100,53100,0,0,0.0,100.0,1,high,24.08,5,2,45,https://www.musinsa.com/products/4913965
2026-09-01,트리밍버드,4916717,Distressed Square Denim Set-up Jacket [ Blue ],0.0,0,279000,279000,279000,0,0,0.0,100.0,1,high,24.09,6,2,45,https://www.musinsa.com/products/4916717
2026-09-01,밀로 아카이브,4924653,크레이프 크레센도 티셔츠 [화이트],0.53,17292,32400,31500,32400,1,-900,-2.78,52.27,0,low,23.5,5,1,45,https://www.musinsa.com/products/4924653
2026-09-01,드로우핏,4934317,코튼 하프 샴브레이 셔츠 [BLUE],0.0,0,45000,45000,45000,0,0,0.0,100.0,1,high,24.08,5,2,45,https://www.musinsa.com/products/4934317
2026-09-01,드로우핏,4934381,콘트라스트 라운드 하프 니트 [BLACK],0.23,11321,49500,49500,49500,0,0,0.0,100.0,1,high,24.08,5,2,45,https://www.musinsa.com/products/4934381
2026-09-01,던스트,4941677,UNISEX DRAWING BLOOM T-SHIRT _UDTS5B126_FRENCH NAVY,0.0,0,30800,30800,30800,0,0,0.0,100.0,1,high,24.01,6,2,45,https://www.musinsa.com/products/4941677
2026-09-01,어반드레스,4948973,Dyed Bermuda Denim Pants BLACK,0.98,16612,16980,16980,16980,0,0,0.0,100.0,1,high,24.09,6,2,45,https://www.musinsa.com/products/4948973
2026-09-01,언탭트 스튜디오,4949101,세미와이드핏 조거 트레이닝 스웨트 팬츠,0.0,0,21910,21910,21910,0,0,0.0,100.0,1,high,24.01,6,2,45,https://www.musinsa.com/products/4949101
2026-09-01,브라운야드,4954605,"에센셜 롱 슬리브, 블랙",0.0,0,58000,58000,58000,0,0,0.0,100.0,1,high,24.01,6,2,45,https://www.musinsa.com/products/4954605
2026-09-01,코드그라피,4956333,엑스트라 와이드 트레이닝 팬츠_블랙,0.0,0,55200,55200,55200,0,0,0.0,100.0,1,high,24.08,5,2,45,https://www.musinsa.com/products/4956333
2026-09-01,락케이크,4958957,Script Pigment Ball Cap - Beige,0.0,0,40500,40500,32400,1,8100,25.0,100.0,1,medium,24.09,6,2,45,https://www.musinsa.com/products/4958957
2026-09-01,리메인세컨드,4964269,1992 아치 로고 오버핏 반팔 티_5COLOR,4.14,61726,14900,14900,14900,0,0,0.0,100.0,1,high,9.74,14,5,45,https://www.musinsa.com/products/4964269
2026-09-01,아틀리에 나인,4964909,ESSENTIAL TUCK PANTS(PT-5633),0.0,0,63200,63200,71100,1,-7900,-11.11,100.0,1,medium,24.09,5,2,45,https://www.musinsa.com/products/4964909
2026-09-01,벨리에,4966381,트루 와이드 데님 팬츠 - 더티 워싱 인디고,0.0,0,148200,148200,148200,0,0,0.0,100.0,1,high,24.09,5,2,45,https://www.musinsa.com/products/4966381
2026-09-01,아캄,4969773,AKM CROS2 Sleeveless (Black),0.0,0,42700,42700,48800,1,-6100,-12.5,100.0,1,medium,24.09,5,2,45,https://www.musinsa.com/products/4969773
2026-09-01,론론,4973549,POLKA PEPLUM BLOUSE DOT NAVY,0.0,0,71280,71280,49280,1,22000,44.64,100.0,1,medium,24.09,6,2,45,https://www.musinsa.com/products/4973549
2026-09-01,커버낫,4974125,레귤러 어센틱 스웻 카고 쇼츠 Ivory,0.0,0,44100,44100,40370,1,3730,9.24,100.0,1,medium,24.08,5,2,45,https://www.musinsa.com/products/4974125
2026-09-01,커버낫,4974189,밴드 플레이 그래픽 티셔츠 White,1.19,29234,24500,26100,24500,1,1600,6.53,100.0,1,medium,24.09,10,4,45,https://www.musinsa.com/products/4974189
2026-09-01,커버낫,4974317,베이직 포켓 티셔츠 White,0.0,0,26100,26100,26330,1,-230,-0.87,100.0,1,medium,24.08,5,2,45,https://www.musinsa.com/products/4974317
2026-09-01,어반드레스,4978541,Sunground T-shirt - 3COL,0.02,545,29900,29900,29900,0,0,0.0,100.0,1,high,24.09,6,2,45,https://www.musinsa.com/products/4978541
2026-09-01,언탭트 스튜디오,4982957,[2PACK]오버핏 라이크린넨 오픈카라 반팔 셔츠 5Color,0.0,0,49840,49840,49840,0,0,0.0,100.0,1,high,24.01,6,2,45,https://www.musinsa.com/products/4982957
2026-09-01,유니폼브릿지,4985901,fifty third school s/s tee charcoal,0.0,0,35400,35400,29500,1,5900,20.0,100.0,1,medium,24.08,6,2,45,https://www.musinsa.com/products/4985901
2026-09-01,유니폼브릿지,4986733,M65 shorts black,0.0,0,83300,83300,83300,0,0,0.0,100.0,1,high,24.08,6,2,45,https://www.musinsa.com/products/4986733
2026-09-01,무드인사이드,4987373,스트라이프 럭비 카라 스웨트 맨투맨_Navy,0.0,0,35900,35900,34900,1,1000,2.87,100.0,1,medium,24.09,6,2,45,https://www.musinsa.com/products/4987373
2026-09-01,커버낫,4988909,다잉 폴로 티셔츠 Blue,0.0,0,43470,43470,20700,1,22770,110.0,100.0,1,medium,24.09,5,2,45,https://www.musinsa.com/products/4988909
2026-09-01,르아르,4989741,투포켓 링클 체크 반팔 셔츠 [브라운],4.05,119955,29610,29610,29610,0,0,0.0,100.0,1,high,9.74,17,5,45,https://www.musinsa.com/products/4989741
2026-09-01,프렌다,4992941,97PDC LOGO LACE NECK TEE OATMEAL,0.0,0,20580,20580,29400,1,-8820,-30.0,100.0,1,medium,24.09,6,2,45,https://www.musinsa.com/products/4992941
2026-09-01,러브이즈트루,4993197,SM HOW DEEP HEART TANG TEE(WHITE),0.0,0,23210,23210,19110,1,4100,21.45,100.0,1,medium,24.01,6,2,45,https://www.musinsa.com/products/4993197
2026-09-01,시그니처,4993517,투턱 레귤러 버뮤다 트레이닝 팬츠[블랙],2.31,57437,24900,24900,24900,0,0,0.0,100.0,1,high,24.08,10,2,45,https://www.musinsa.com/products/4993517
2026-09-01,알리스,4995437,시어서커 멀티 스트라이프 하프 셔츠 [블랙],0.89,51685,57850,55250,57850,1,-2600,-4.49,100.0,1,medium,24.08,5,2,45,https://www.musinsa.com/products/4995437
2026-09-01,테이크이지,5005357,드라이독 심볼 볼캡 (레드),0.0,0,19500,19500,16900,1,2600,15.38,100.0,1,medium,24.08,5,2,45,https://www.musinsa.com/products/5005357
2026-09-01,드로우핏 우먼,5007789,데님 투 턱 숏 팬츠 [BLUE],0.0,0,49500,49500,49500,0,0,0.0,100.0,1,high,24.09,6,2,45,https://www.musinsa.com/products/5007789
2026-09-01,엑스트라오디너리,5012077,COMMON TEE NAVY,0.0,0,34650,34650,34650,0,0,0.0,100.0,1,high,24.08,5,2,45,https://www.musinsa.com/products/5012077
2026-09-01,아웃스탠딩,5014829,REVERSIBLE MESH SHORTS_NAVY/PURPLE,0.0,0,27000,27000,27000,0,0,0.0,100.0,1,high,24.08,6,2,45,https://www.musinsa.com/products/5014829
2026-09-01,제너럴아이디어,5015341,아세테이트 크루넥 슬리브리스 [SKY BLUE] / WBE2L01533,0.0,0,27200,27200,24650,1,2550,10.34,100.0,1,medium,24.08,6,2,45,https://www.musinsa.com/products/5015341
2026-09-01,브라운야드,5016557,"와이드 데님, 빈티지 화이트",0.0,0,198000,198000,198000,0,0,0.0,100.0,1,high,24.01,6,2,45,https://www.musinsa.com/products/5016557
2026-09-01,아캄,5017773,Dirty Washed Double Knee Cotton Pants (Beige),0.0,0,145600,145600,145600,0,0,0.0,100.0,1,high,24.09,5,2,45,https://www.musinsa.com/products/5017773
2026-09-01,후브스,5018413,와플 라운딩 포켓 반팔 티셔츠 [네이비],0.0,0,32000,32000,19200,1,12800,66.67,100.0,1,medium,24.08,5,2,45,https://www.musinsa.com/products/5018413
2026-09-01,쿠어,5022125,링클 컷오프 데님 쇼츠 (워시드블랙),0.71,76299,108000,108000,108000,0,0,0.0,100.0,1,high,24.09,5,2,45,https://www.musinsa.com/products/5022125
2026-09-01,스컬프터,5025453,Pumpkin Half Sweatpants Melange Gray,0.0,0,69760,69760,87200,1,-17440,-20.0,100.0,1,medium,24.08,6,2,45,https://www.musinsa.com/products/5025453
2026-09-01,넌블랭크,5028973,PAUSE BIRD HS 티셔츠_BEIGE,0.0,0,53520,53520,53520,0,0,0.0,100.0,1,high,24.01,6,2,45,https://www.musinsa.com/products/5028973
2026-09-01,웬즈데이오아시스,5030125,쿨 워셔블 카라 하프 심볼 니트_KHAKI(WC25-KN21),0.0,0,45500,45500,45500,0,0,0.0,100.0,1,high,24.09,6,2,45,https://www.musinsa.com/products/5030125
2026-09-01,엑스오엑스,5030893,베이직 쿨 라운드 크롭 반팔 니트 [BLUE],0.0,0,27500,27500,27500,0,0,0.0,100.0,1,high,24.09,5,2,45,https://www.musinsa.com/products/5030893
2026-09-01,시야쥬,5031597,SITP5202 레트로 브이넥 슬림 반팔티_Ivory,0.0,0,33300,33300,25900,1,7400,28.57,100.0,1,medium,24.09,5,2,45,https://www.musinsa.com/products/5031597
2026-09-01,파브레가,5034989,퍼티그 카치온 커브드 팬츠 (월넛 브라운),1.54,149494,97200,97200,97200,0,0,0.0,100.0,1,high,24.08,5,2,45,https://www.musinsa.com/products/5034989
2026-09-01,커버낫,5035117,버뮤다 메쉬 쇼츠 White,0.0,0,35100,35100,39500,1,-4400,-11.14,100.0,1,medium,24.08,5,2,45,https://www.musinsa.com/products/5035117
2026-09-01,로제프란츠,5037485,Lace Ribbon T-shirt [Black],0.0,0,23520,23520,20580,1,2940,14.29,100.0,1,medium,24.08,5,2,45,https://www.musinsa.com/products/5037485
2026-09-01,파브레가,5037933,소나 스트라이프 하프 셔츠 (뮤트 베이지),0.23,15204,66600,66600,66600,0,0,0.0,100.0,1,high,24.08,5,2,45,https://www.musinsa.com/products/5037933
2026-09-01,인사일런스,5041261,링거 로고 티셔츠 WHITE,0.0,0,42480,42480,42480,0,0,0.0,100.0,1,high,24.09,5,2,45,https://www.musinsa.com/products/5041261
2026-09-01,드릭스,5045549,럭비 오버핏 메시 저지 하프 슬리브_네이비,1.98,59305,29912,29670,34900,1,-5230,-14.99,100.0,1,medium,24.0,11,5,45,https://www.musinsa.com/products/5045549
2026-09-01,언더오프,5045741,와이드 핀턱 더블 라인 트랙 팬츠 블랙,7.4,258235,34900,34900,34900,0,0,0.0,100.0,1,high,24.08,8,2,45,https://www.musinsa.com/products/5045741
2026-09-01,링서울,5052205,summer crease banding pants-charcoal,0.0,0,86760,86760,67480,1,19280,28.57,100.0,1,medium,24.01,6,2,45,https://www.musinsa.com/products/5052205
2026-09-01,필루미네이트,5059757,88 스프레이 저지 티셔츠-화이트,0.53,18168,34000,34000,34000,0,0,0.0,100.0,1,high,24.01,6,2,45,https://www.musinsa.com/products/5059757
2026-09-01,론론,5063597,PETIT ROMANCE BASIC FIT T SHIRT WHITE,0.0,0,53460,53460,36960,1,16500,44.64,100.0,1,medium,24.09,6,2,45,https://www.musinsa.com/products/5063597
2026-09-01,르바,5063917,Pebble Grain Knit Vest - Mint Pebble,0.0,0,98100,98100,76300,1,21800,28.57,100.0,1,medium,24.08,5,2,45,https://www.musinsa.com/products/5063917
2026-09-01,론론,5064109,STAR BLACK MINI DENIM SKIRT MEDIUM BLUE,0.0,0,71280,71280,49280,1,22000,44.64,100.0,1,medium,24.09,6,2,45,https://www.musinsa.com/products/5064109
2026-09-01,후드후드,5070765,스타 아플리케 체크 반팔 셔츠 그린,0.0,0,64350,64350,64350,0,0,0.0,100.0,1,high,24.08,5,2,45,https://www.musinsa.com/products/5070765
2026-09-01,아틀리에 나인,5071341,VINTAGE TIME BOXY TEE(T-7044),0.0,0,47200,47200,53100,1,-5900,-11.11,100.0,1,medium,24.09,5,2,45,https://www.musinsa.com/products/5071341
2026-09-01,시야쥬,5076269,SIOT4107 나일론 셔츠 자켓_Off-white,0.0,0,77040,77040,74900,1,2140,2.86,100.0,1,medium,24.08,5,2,45,https://www.musinsa.com/products/5076269
2026-09-01,브룩스 브라더스,5077933,수피마 피케 폴로 셔츠 (다크그린) (BBNTMM4370J),0.0,0,98000,98000,70000,1,28000,40.0,100.0,1,medium,24.01,6,2,45,https://www.musinsa.com/products/5077933
2026-09-01,헬레네파리스,5078637,멀티 참 미니 체인 네크리스,0.0,0,29800,29800,25930,1,3870,14.92,100.0,1,medium,24.09,6,2,45,https://www.musinsa.com/products/5078637
2026-09-01,스컬프터,5079021,Shaggy Fringe Market Bag Raw,0.0,0,76160,76160,95200,1,-19040,-20.0,100.0,1,medium,24.08,6,2,45,https://www.musinsa.com/products/5079021
2026-09-01,시눈,5079213,Beaded Heart Brooch (Silver),0.0,0,25930,25930,25930,0,0,0.0,100.0,1,high,24.09,5,2,45,https://www.musinsa.com/products/5079213
2026-09-01,시눈,5079341,Gingham Capri Pants (Blue),0.0,0,72360,72360,72360,0,0,0.0,100.0,1,high,24.09,5,2,45,https://www.musinsa.com/products/5079341
2026-09-01,시눈,5081261,Bold Stripe Half Sleeve PK Shirt (Orange),0.0,0,58960,58960,58960,0,0,0.0,100.0,1,high,24.09,5,2,45,https://www.musinsa.com/products/5081261
2026-09-01,프리즘웍스,5082669,TURTLE ISLAND TEE _ RUSTY RED,0.0,0,28800,28800,28800,0,0,0.0,100.0,1,high,24.09,6,2,45,https://www.musinsa.com/products/5082669
2026-09-01,더뮤지엄비지터,5089197,9 HEART DRAWING T-SHIRTS (OFF WHITE),0.0,0,35400,35400,35400,0,0,0.0,100.0,1,high,24.09,6,2,45,https://www.musinsa.com/products/5089197
2026-09-01,더뮤지엄비지터,5089389,HEART STAR CRACK BOSTON BAG 2.0 (LEMON),0.0,0,83200,83200,89600,1,-6400,-7.14,100.0,1,medium,24.09,6,2,45,https://www.musinsa.com/products/5089389
2026-09-01,브랜디드,5089645,HARD TWIST RIBBED HENLEY NECK HALF KNIT [GRAPHITE],0.0,0,71200,71200,71200,0,0,0.0,100.0,1,high,24.08,5,2,45,https://www.musinsa.com/products/5089645
2026-09-01,썬러브투어,5090669,[STITCH] Wappen Cap Beige,0.0,0,29200,29200,29200,0,0,0.0,100.0,1,high,24.09,6,2,45,https://www.musinsa.com/products/5090669
2026-09-01,꼼파뇨,5092397,세렌플라워 반팔티 화이트,0.0,0,33800,33800,26000,1,7800,30.0,100.0,1,medium,24.08,5,2,45,https://www.musinsa.com/products/5092397
2026-09-01,바우로 프로덕트,5094765,텍스처드 슬리브리스 [그레이],0.0,0,26800,26800,26800,0,0,0.0,100.0,1,high,24.08,5,2,45,https://www.musinsa.com/products/5094765
2026-09-01,디앤에스알,5095277,벨티드 드레이프 슬랙스 인디고,0.0,0,99200,99200,99200,0,0,0.0,100.0,1,high,24.09,5,2,45,https://www.musinsa.com/products/5095277
2026-09-01,디앤에스알,5095341,시그니처 버뮤다 논페이드 데님 팬츠 블루,0.0,0,69600,69600,69600,0,0,0.0,100.0,1,high,24.09,5,2,45,https://www.musinsa.com/products/5095341
2026-09-01,워크온바디오프,5096045,[워셔블] 마르셀 코튼 베이직 반팔 니트 [아이보리],0.4,12947,32500,32500,32500,0,0,0.0,100.0,1,high,24.09,5,2,45,https://www.musinsa.com/products/5096045
2026-09-01,어널러코드,5100397,스트라이프 컷오프 데님팬츠 (블랙),0.0,0,24500,24500,19200,1,5300,27.6,100.0,1,medium,24.09,6,2,45,https://www.musinsa.com/products/5100397
2026-09-01,꼼파뇨,5104941,[CPGN X 카카오프렌즈] 스위트 춘식 자수 반팔티 블루그레이,0.0,0,33800,33800,26000,1,7800,30.0,100.0,1,medium,24.08,5,2,45,https://www.musinsa.com/products/5104941
2026-09-01,넌블랭크,5107693,플리츠 팬츠_DARK GREY,0.0,0,95920,95920,95920,0,0,0.0,100.0,1,high,24.01,6,2,45,https://www.musinsa.com/products/5107693
2026-09-01,론론,5109869,R LOGO SWEAT SHORT PANTS BLACK,0.0,0,44550,44550,30800,1,13750,44.64,100.0,1,medium,24.09,6,2,45,https://www.musinsa.com/products/5109869
2026-09-01,유니온블루,5110125,[UNIONBLUE X ENTRANCE] DIFFUSER AMBIENCE 150ml [HINOKI],0.0,0,36290,36290,42560,1,-6270,-14.73,100.0,1,medium,24.08,6,2,45,https://www.musinsa.com/products/5110125
2026-09-01,스컬프터,5111085,Shirring Tennis Dress Washed Black,0.0,0,54400,54400,68000,1,-13600,-20.0,100.0,1,medium,24.08,6,2,45,https://www.musinsa.com/products/5111085
2026-09-01,썸웨어버터,5114989,Handmade Mesh Knit Bikini - Olive,0.0,0,149000,149000,104300,1,44700,42.86,100.0,1,medium,24.01,6,2,45,https://www.musinsa.com/products/5114989
2026-09-01,아캄,5118189,Eyelet Contrast Camo Sleeveless (Black),0.0,0,42700,42700,48800,1,-6100,-12.5,100.0,1,medium,24.09,5,2,45,https://www.musinsa.com/products/5118189
2026-09-01,1993스튜디오,5119021,[CHODAN] 빈티지 워싱 그래픽 티셔츠_더스티핑크,0.0,0,49900,49900,49900,0,0,0.0,100.0,1,high,24.09,5,2,45,https://www.musinsa.com/products/5119021
2026-09-01,솔트앤초콜릿,5129581,멜로우 스트랩 샌들 412524005 (5cm),0.0,0,52320,52320,65400,1,-13080,-20.0,100.0,1,medium,24.09,6,2,45,https://www.musinsa.com/products/5129581
2026-09-01,솔트앤초콜릿,5131053,코튼 와이드 팬츠 아이보리 4W251W002,0.0,0,58800,58800,73500,1,-14700,-20.0,100.0,1,medium,24.09,6,2,45,https://www.musinsa.com/products/5131053
2026-09-01,미나브,5135789,코튼 리브드 헨리넥 티셔츠 [차콜],0.0,0,35500,35500,35500,0,0,0.0,100.0,1,high,24.09,6,2,45,https://www.musinsa.com/products/5135789
2026-09-01,유니온블루,5137261,CRAFT HENLEY T-SHIRT [MELANGE GRAY],0.86,34017,39780,39780,46800,1,-7020,-15.0,100.0,1,medium,24.08,6,2,45,https://www.musinsa.com/products/5137261
2026-09-01,론론,5139757,3 STAR PATCH BACKPACK BLACK,0.0,0,89100,89100,70400,1,18700,26.56,98.11,0,low,24.09,6,1,45,https://www.musinsa.com/products/5139757
2026-09-01,론론,5139885,HOODED HALF SLEEVE WINDBREAKER BLACK WHITE DOT,0.0,0,80190,80190,55440,1,24750,44.64,100.0,1,medium,24.09,6,2,45,https://www.musinsa.com/products/5139885
2026-09-01,론론,5139949,DOT STRIPE MIX HALF KNIT CHARCOAL PINK,0.0,0,62370,62370,43120,1,19250,44.64,100.0,1,medium,24.09,6,2,45,https://www.musinsa.com/products/5139949
2026-09-01,트립르센스,5140013,SS 에어 플로우 사이드 투턱 팬츠_차콜,0.0,0,68800,68800,68800,0,0,0.0,100.0,1,high,24.01,6,2,45,https://www.musinsa.com/products/5140013
2026-09-01,마인드브릿지,5141485,[수피마]넥 변형 티셔츠 - 3color,0.0,0,24900,24900,24900,0,0,0.0,100.0,1,high,24.08,5,2,45,https://www.musinsa.com/products/5141485
2026-09-01,슬로우애시드,5143021,깅엄 체크 반팔 셔츠 [카키],0.0,0,28000,28000,28000,0,0,0.0,100.0,1,high,24.08,5,2,45,https://www.musinsa.com/products/5143021
2026-09-01,토피,5146029,워시드 버뮤다 데님 팬츠 (LIGHT BLUE),0.28,8355,29450,31900,29450,1,2450,8.32,100.0,1,medium,24.09,6,2,45,https://www.musinsa.com/products/5146029
2026-09-01,무센트,5153709,로나르 백 버튼 레더 포인트 버뮤다 데님 팬츠 남녀공용 (2컬러),0.0,0,39130,39130,55900,1,-16770,-30.0,100.0,1,medium,24.09,5,2,45,https://www.musinsa.com/products/5153709
2026-09-01,꼼파뇨,5153773,시르니타 반팔티 스타화이트,0.0,0,33800,33800,26000,1,7800,30.0,100.0,1,medium,24.08,5,2,45,https://www.musinsa.com/products/5153773
2026-09-01,론론,5155117,HEART POINT BERMUDA TRAINING HALF PANTS BLACK,0.0,0,71280,71280,49280,1,22000,44.64,100.0,1,medium,24.09,6,2,45,https://www.musinsa.com/products/5155117
2026-09-01,론론,5155181,MINI DOT RIBBON COTTON CARDIGAN WHITE,0.0,0,53460,53460,36960,1,16500,44.64,100.0,1,medium,24.09,6,2,45,https://www.musinsa.com/products/5155181
2026-09-01,와이케이,5156205,빈티지 달마시안_아카이브 반팔티셔츠 화이트,0.0,0,15600,15600,15600,0,0,0.0,100.0,1,high,24.01,4,2,45,https://www.musinsa.com/products/5156205
2026-09-01,탄산마그네슘,5158317,혼 아플리케 티셔츠 (라이트 핑크),2.0,101597,50920,50920,50920,0,0,0.0,100.0,1,high,24.09,8,2,45,https://www.musinsa.com/products/5158317
2026-09-01,칙스,5158829,언발스텔라 슬림핏 반팔 티셔츠 블랙,0.0,0,23900,23900,19120,1,4780,25.0,100.0,1,medium,24.09,6,2,45,https://www.musinsa.com/products/5158829
2026-09-01,브라운브레스,5166445,BXP BETTER THINKS TEE - GREEN,0.73,28688,39200,39200,39200,0,0,0.0,100.0,1,high,24.09,6,2,45,https://www.musinsa.com/products/5166445
2026-09-01,노이어,5167533,플루이드 하프 집업 폴로 셔츠 (페일그린),0.0,0,68600,68600,68600,0,0,0.0,100.0,1,high,24.09,6,2,45,https://www.musinsa.com/products/5167533
2026-09-01,토피,5168877,워시드 크롭 티 (CHARCOAL),0.0,0,18900,18900,18900,0,0,0.0,100.0,1,high,24.09,6,2,45,https://www.musinsa.com/products/5168877
2026-09-01,2000아카이브스,5168941,VALE LAYERED TANK (BLACK),0.0,0,49900,49900,45360,1,4540,10.01,100.0,1,medium,24.08,6,2,45,https://www.musinsa.com/products/5168941
2026-09-01,2000아카이브스,5169645,EMBOSSED DENIM SKIRT (ICE BLUE),0.0,0,130980,130980,119070,1,11910,10.0,100.0,1,medium,24.08,6,2,45,https://www.musinsa.com/products/5169645
2026-09-01,본투윈,5169709,SILVER B MODAL CROP T-SHIRTS [4COL],6.5,221164,34001,33100,39000,1,-5900,-15.13,100.0,1,medium,24.01,17,6,45,https://www.musinsa.com/products/5169709
2026-09-01,탄산마그네슘,5170733,니 포켓 버뮤다 팬츠 (블루),0.0,0,112480,112480,112480,0,0,0.0,100.0,1,high,24.09,5,2,45,https://www.musinsa.com/products/5170733
2026-09-01,배드블러드,5176877,다크 클래식 숏슬리브 셔츠 - 블랙/스트라이프,0.0,0,76800,76800,73440,1,3360,4.58,100.0,1,medium,24.09,6,2,45,https://www.musinsa.com/products/5176877
2026-09-01,무센트,5189741,[여름용] 쿨니 시스루 스트라이프 레이스 비니 남녀공용,0.0,0,20930,20930,29900,1,-8970,-30.0,100.0,1,medium,24.08,5,2,45,https://www.musinsa.com/products/5189741
2026-09-01,론론,5205933,RIBBON LACE LAYERED LONG SLEEVE IVORY,0.0,0,44550,44550,30800,1,13750,44.64,100.0,1,medium,24.09,6,2,45,https://www.musinsa.com/products/5205933
2026-09-01,스컬프터,5207533,[Sculptor X Fantasia] Western Shorts Charcoal,0.0,0,60160,60160,75200,1,-15040,-20.0,100.0,1,medium,24.09,6,2,45,https://www.musinsa.com/products/5207533
2026-09-01,러프사이드,5209261,Mock Turtleneck Knit Maple,0.0,0,188000,188000,188000,0,0,0.0,100.0,1,high,24.09,5,2,45,https://www.musinsa.com/products/5209261
2026-09-01,러프사이드,5211757,Rover Coat Ash Black,0.0,0,498000,498000,498000,0,0,0.0,100.0,1,high,24.1,5,2,45,https://www.musinsa.com/products/5211757
2026-09-01,파르티멘토 우먼,5213613,타이업 후디 숏슬리브 티_민트,0.0,0,35640,35640,27720,1,7920,28.57,100.0,1,medium,24.08,5,2,45,https://www.musinsa.com/products/5213613
2026-09-01,배드블러드,5216429,[AQUA] 빈티지 클럽 보이 숏츠 - 체크레드,0.0,0,52000,52000,55250,1,-3250,-5.88,100.0,1,medium,24.09,6,2,45,https://www.musinsa.com/products/5216429
2026-09-01,해칭룸,5219181,Shirket Over Dyed Check Charcoal,0.0,0,208000,208000,208000,0,0,0.0,100.0,1,high,24.08,5,2,45,https://www.musinsa.com/products/5219181
2026-09-01,노매뉴얼,5242477,STEM CORDUROY BALL CAP - IVORY,0.0,0,29400,29400,29400,0,0,0.0,100.0,1,high,24.08,5,2,45,https://www.musinsa.com/products/5242477
2026-09-01,노매뉴얼,5242605,DOUBLE LAYERED CARGO PANTS - WASHED BEIGE,0.0,0,131400,131400,131400,0,0,0.0,100.0,1,high,24.08,5,2,45,https://www.musinsa.com/products/5242605
2026-09-01,노매뉴얼,5242669,SLASH CARGO PANTS - CHARCOAL,0.0,0,103350,103350,103350,0,0,0.0,100.0,1,high,24.08,5,2,45,https://www.musinsa.com/products/5242669
2026-09-01,무센트,5245357,다리아 스트라이프 카라 반팔 티,0.0,0,34930,34930,46410,1,-11480,-24.74,100.0,1,medium,24.09,5,2,45,https://www.musinsa.com/products/5245357
2026-09-01,바이젝,5246701,베이직 특양면 쇼츠_5Color,0.0,0,45000,45000,45000,0,0,0.0,100.0,1,high,24.09,5,2,45,https://www.musinsa.com/products/5246701
2026-09-01,굿라이프웍스,5250157,옥스포드 투 포켓 셔츠 민트,0.0,0,19600,19600,19600,0,0,0.0,100.0,1,high,24.09,5,2,45,https://www.musinsa.com/products/5250157
2026-09-01,코드그라피,5254189,코튼 트윌 카고 쇼츠_블랙,0.0,0,44800,44800,44800,0,0,0.0,100.0,1,high,24.08,5,2,45,https://www.musinsa.com/products/5254189
2026-09-01,탄산마그네슘,5254957,코튼 와이드 팬츠 (스트라이프),0.0,0,142120,142120,142120,0,0,0.0,100.0,1,high,24.09,5,2,45,https://www.musinsa.com/products/5254957
2026-09-01,언타이틀 서울,5264749,언타이틀 노 아이디어 피그먼트 워시 반팔 워시드 블랙,0.0,0,18800,18800,18800,0,0,0.0,100.0,1,high,24.09,5,2,45,https://www.musinsa.com/products/5264749
2026-09-01,레더리,5267821,스웨이드 쇼퍼 드롭 숄더백 [BLACK],0.0,0,52030,52030,47840,1,4190,8.76,100.0,1,medium,24.08,5,2,45,https://www.musinsa.com/products/5267821
2026-09-01,낫포너드,5272301,Stud Incision Curved Denim Pants - Deep Blue,0.0,0,57800,57800,52020,1,5780,11.11,100.0,1,medium,24.08,5,2,45,https://www.musinsa.com/products/5272301
2026-09-01,기철,5272557,Noster work jacket (Charcoal),0.0,0,108000,108000,108000,0,0,0.0,100.0,1,high,24.09,5,2,45,https://www.musinsa.com/products/5272557
2026-09-01,트릴리온,5275885,링클 시어 오버핏 롤 업 긴팔 셔츠_카키,0.0,0,35900,35900,35900,0,0,0.0,100.0,1,high,24.08,5,2,45,https://www.musinsa.com/products/5275885
2026-09-01,트릴리온,5276013,레더 패치 데님 카라 럭비 맨투맨_네이비,5.87,192692,32800,32800,32800,0,0,0.0,100.0,1,high,9.05,25,6,45,https://www.musinsa.com/products/5276013
2026-09-01,미세키서울,5277997,belted folding wide pants BLACK,0.0,0,143820,143820,143820,0,0,0.0,100.0,1,high,24.08,5,2,45,https://www.musinsa.com/products/5277997
2026-09-01,테이크이지,5279853,울 블렌드 페어아일 스웨터 (크림),0.0,0,34500,34500,34500,0,0,0.0,100.0,1,high,24.09,5,2,45,https://www.musinsa.com/products/5279853
2026-09-01,에스피오나지,5281069,Multi Plaid 2Pocket Shirt Navy,0.0,0,53000,53000,53000,0,0,0.0,100.0,1,high,24.09,6,2,45,https://www.musinsa.com/products/5281069
2026-09-01,러브이즈트루,5282093,GT 007 HOODED T-SHIRT(BLACK),0.0,0,44850,44850,31400,1,13450,42.83,100.0,1,medium,24.01,6,2,45,https://www.musinsa.com/products/5282093
2026-09-01,아웃스탠딩,5283245,SELVEDGE DENIM 1ST JACKET_L.BLUE,0.85,137702,161100,161100,161100,0,0,0.0,100.0,1,high,24.08,6,2,45,https://www.musinsa.com/products/5283245
2026-09-01,파브레가,5287405,스티치 스웨트 롱 슬리브 (화이트 메란지),0.0,0,59400,59400,59400,0,0,0.0,100.0,1,high,24.08,5,2,45,https://www.musinsa.com/products/5287405
2026-09-01,코드그라피,5289709,스트라이프 럭비 맨투맨_차콜,0.77,47957,62300,62300,62300,0,0,0.0,100.0,1,high,24.08,5,2,45,https://www.musinsa.com/products/5289709
2026-09-01,디미트리블랙,5294637,ASI 링클 체크 웨스턴 셔츠_그린,0.6,20925,34900,34900,34900,0,0,0.0,100.0,1,high,24.09,5,2,45,https://www.musinsa.com/products/5294637
2026-09-01,굿라이프웍스,5295405,와이드 투턱 스웨트 팬츠 그레이,0.65,22142,34300,34300,34300,0,0,0.0,100.0,1,high,24.09,5,2,45,https://www.musinsa.com/products/5295405
2026-09-01,제너럴아이디어,5295661,레이스 트리밍 스웨트 팬츠 [OATMEAL] / WBE2L11505,0.0,0,55200,55200,55200,0,0,0.0,100.0,1,high,24.08,6,2,45,https://www.musinsa.com/products/5295661
2026-09-01,리메인세컨드,5296173,프리미엄 오버핏 플란넬 포켓 체크 셔츠_3COLOR,3.67,95017,25900,25900,25900,0,0,0.0,100.0,1,high,24.1,14,2,45,https://www.musinsa.com/products/5296173
2026-09-01,로제프란츠,5298605,Eyelet Strap Open Sweatshirt [Ivory],0.0,0,54880,54880,48020,1,6860,14.29,100.0,1,medium,24.08,5,2,45,https://www.musinsa.com/products/5298605
2026-09-01,디앤에스알,5300013,리브드 헨리넥 롱슬리브 화이트,0.0,0,37000,37000,37000,0,0,0.0,100.0,1,high,24.1,5,2,45,https://www.musinsa.com/products/5300013
2026-09-01,몽돌,5303405,스카프 타이 블라우스 도트페일핑크 MDBL004DOTPALEPINK,0.0,0,38000,38000,47500,1,-9500,-20.0,100.0,1,medium,24.08,6,2,45,https://www.musinsa.com/products/5303405
2026-09-01,도프제이슨,5304045,카우하이드 레더 키링 벨트 BLACK,0.0,0,37050,37050,37050,0,0,0.0,100.0,1,high,24.01,6,2,45,https://www.musinsa.com/products/5304045
2026-09-01,1993스튜디오,5304109,93 와이드 벌룬 후드_그레이,0.0,0,59500,59500,59500,0,0,0.0,100.0,1,high,24.09,5,2,45,https://www.musinsa.com/products/5304109
2026-09-01,1993스튜디오,5304173,빈티지 래글런 배색 후드_크림,0.0,0,89000,89000,89000,0,0,0.0,100.0,1,high,24.09,5,2,45,https://www.musinsa.com/products/5304173
2026-09-01,디스이즈네버댓,5304301,Relaxed Jeans One Wash,0.0,0,111200,111200,111200,0,0,0.0,100.0,1,high,24.09,5,2,45,https://www.musinsa.com/products/5304301
2026-09-01,디스이즈네버댓,5304365,Washed Denim Shirt Navy,0.0,0,103200,103200,103200,0,0,0.0,100.0,1,high,24.09,5,2,45,https://www.musinsa.com/products/5304365
2026-09-01,썬러브투어,5305261,Capital Brushed Zip Up Hoodie Heather Grey,0.0,0,149000,149000,149000,0,0,0.0,100.0,1,high,24.09,6,2,45,https://www.musinsa.com/products/5305261
2026-09-01,트리밍버드,5306861,Layered Wrap Sweat Pants [ Charcoal ],0.0,0,178200,178200,198000,1,-19800,-10.0,100.0,1,medium,24.09,6,2,45,https://www.musinsa.com/products/5306861
2026-09-01,9999아카이브,5309101,Grunge Bone Logo Hoodie,0.0,0,65400,65400,65400,0,0,0.0,100.0,1,high,24.01,6,2,45,https://www.musinsa.com/products/5309101
2026-09-01,썸웨어버터,5310829,V-Neck Ribbon Top - Grey,0.0,0,40280,40280,40280,0,0,0.0,100.0,1,high,24.01,6,2,45,https://www.musinsa.com/products/5310829
2026-09-01,썸웨어버터,5310893,Soy Shirring Mini Skirt - Ivory,0.0,0,103200,103200,90300,1,12900,14.29,100.0,1,medium,24.01,6,2,45,https://www.musinsa.com/products/5310893
2026-09-01,꼼파뇨,5311149,벨벳 레이스 스웨트셔츠 버건디,0.0,0,41250,41250,41250,0,0,0.0,100.0,1,high,24.08,5,2,45,https://www.musinsa.com/products/5311149
2026-09-01,꼼파뇨,5311213,버니플라워 자수 후드티 멜란지화이트,0.0,0,44000,44000,44000,0,0,0.0,100.0,1,high,24.08,5,2,45,https://www.musinsa.com/products/5311213
2026-09-01,언탭트 스튜디오,5311341,[2PACK]오버핏 2WAY 아란 케이블 니트 후드집업 5Color,0.0,0,79800,79800,79800,0,0,0.0,100.0,1,high,24.01,6,2,45,https://www.musinsa.com/products/5311341
2026-09-01,웬즈데이오아시스,5311981,뉴트로 라인 트랙 팬츠_BLACK(W25-PT25),0.0,0,62300,62300,62300,0,0,0.0,100.0,1,high,24.09,6,2,45,https://www.musinsa.com/products/5311981
2026-09-01,아웃스탠딩,5312365,BACK SATIN FATIGUE PANTS (STRAIGHT FIT)_OLIVE GREEN,2.0,194029,97200,97200,97200,0,0,0.0,100.0,1,low,48.09,11,1,45,https://www.musinsa.com/products/5312365
2026-09-01,브라운브레스,5312749,ROAD TAG HOODIE - BLUE,0.0,0,89100,89100,89100,0,0,0.0,100.0,1,high,24.09,6,2,45,https://www.musinsa.com/products/5312749
2026-09-01,헬레네파리스,5313005,로고 니들 파라슈트 팬츠 [블랙],2.93,169513,57850,57850,58470,1,-620,-1.06,100.0,1,medium,24.09,10,2,45,https://www.musinsa.com/products/5313005
2026-09-01,미세키서울,5313581,Pleats wrap mini skirt BLACK,0.9,108835,121600,121600,121600,0,0,0.0,100.0,1,high,24.08,5,2,45,https://www.musinsa.com/products/5313581
2026-09-01,일꼬르소,5313901,릿지 스트라이프 셔츠 그레이시 블루 IESH5F001B5,0.0,0,62300,62300,62300,0,0,0.0,100.0,1,high,24.09,5,2,45,https://www.musinsa.com/products/5313901
2026-09-01,나이스고스트클럽,5314669,DARK ANGELS HOODIE_NAVY(NG2FFUM406A),0.0,0,53400,53400,37380,1,16020,42.86,100.0,1,medium,24.01,6,2,45,https://www.musinsa.com/products/5314669
2026-09-01,아캄,5315757,Side Rhinestone Denim Pants (Black),0.0,0,114100,114100,114100,0,0,0.0,100.0,1,high,24.1,5,2,45,https://www.musinsa.com/products/5315757
2026-09-01,아캄,5316205,Waffle Henry Neck Long Sleeve (Ivory),0.35,31361,89100,89100,89100,0,0,0.0,100.0,1,high,24.1,5,2,45,https://www.musinsa.com/products/5316205
2026-09-01,수아레,5316397,데일리 페이퍼 코튼 셔츠 - 8 COLOR,0.1,4065,39900,39900,39900,0,0,0.0,100.0,1,high,24.08,5,2,45,https://www.musinsa.com/products/5316397
2026-09-01,엘무드,5316781,빈티지 스파클링 울 트위드 가디건 블랙,0.4,53175,133200,133200,133200,0,0,0.0,40.06,0,low,24.09,4,1,45,https://www.musinsa.com/products/5316781
2026-09-01,오헤시오,5316909,"LAYERED SLIT LONG SKIRT, NAVY",0.0,0,169100,169100,128160,1,40940,31.94,100.0,1,medium,24.09,6,2,45,https://www.musinsa.com/products/5316909
2026-09-01,제너럴아이디어,5318189,맥시 플리츠 스커트 [BROWN] / WBE3L13502,0.0,0,110000,110000,88000,1,22000,25.0,100.0,1,medium,24.09,6,2,45,https://www.musinsa.com/products/5318189
2026-09-01,프리즘웍스,5321837,FIRE DEPT L/S TEE _ BURGUNDY,1.0,36489,36620,36540,40600,1,-4060,-10.0,100.0,1,medium,24.09,6,2,45,https://www.musinsa.com/products/5321837
2026-09-01,프리즘웍스,5321901,BLEACH DENIM UTILITY SHIRT _ WASHED INDIGO,0.0,0,85680,85680,95200,1,-9520,-10.0,100.0,1,medium,24.09,6,2,45,https://www.musinsa.com/products/5321901
2026-09-01,커버낫,5321965,아치로고 피그먼트 그래픽 후디 Dark Gray,0.0,0,53100,53100,44550,1,8550,19.19,100.0,1,medium,24.09,5,2,45,https://www.musinsa.com/products/5321965
2026-09-01,커버낫,5322029,[추영우 착용] [코지 핏] C로고 아플리케 코듀로이 볼캡 Navy,0.0,0,36450,36450,35000,1,1450,4.14,100.0,1,medium,24.08,5,2,45,https://www.musinsa.com/products/5322029
2026-09-01,스컬프터,5322669,Button Back Leg Warmers Black,0.0,0,24320,24320,30400,1,-6080,-20.0,100.0,1,medium,24.09,6,2,45,https://www.musinsa.com/products/5322669
2026-09-01,키르시,5325357,키르시 멜로우 미니 에코백 [화이트],0.0,0,27300,27300,27300,0,0,0.0,100.0,1,high,24.09,5,2,45,https://www.musinsa.com/products/5325357
2026-09-01,세터,5327149,(W) 모헤어 크롭 니트 베스트 블랙,0.0,0,99000,99000,99000,0,0,0.0,100.0,1,high,24.1,5,2,45,https://www.musinsa.com/products/5327149
2026-09-01,가까이 유니언즈,5327917,코튼 벌룬 치노 팬츠 베이지,0.0,0,48900,48900,48900,0,0,0.0,100.0,1,high,24.1,5,2,45,https://www.musinsa.com/products/5327917
2026-09-01,엑스컨테이너,5329645,헨리넥 와플 롱 슬리브 (GREY),24.99,619199,24780,24780,24780,0,0,0.0,100.0,1,high,3.66,48,13,45,https://www.musinsa.com/products/5329645
2026-09-01,아이돈워너셀,5333997,Bolly Roll Up Raw Denim Pants Black,0.0,0,89250,89250,89250,0,0,0.0,100.0,1,high,24.09,5,2,45,https://www.musinsa.com/products/5333997
2026-09-01,토피,5335917,빈티지 워싱 와이드 데님 팬츠 (GREY),0.0,0,40500,40500,36200,1,4300,11.88,100.0,1,medium,24.08,6,2,45,https://www.musinsa.com/products/5335917
2026-09-01,룩캐스트,5336941,베일리 울 타이 레이어드 니트_블랙 / BAILEY WOOL TIE LAYERED KNIT_BLACK,0.0,0,84680,84680,84680,0,0,0.0,100.0,1,high,24.08,5,2,45,https://www.musinsa.com/products/5336941
2026-09-01,와이케이,5337709,말티즈 아카이브 라인 그래픽 투톤 후드티셔츠 아이보리,0.0,0,54000,54000,37800,1,16200,42.86,100.0,1,medium,24.01,6,2,45,https://www.musinsa.com/products/5337709
2026-09-01,디미트리블랙,5341421,VLAD 헤리티지 리버스위브 맨투맨 티셔츠_블랙,0.0,0,39900,39900,36900,1,3000,8.13,100.0,1,medium,24.09,5,2,45,https://www.musinsa.com/products/5341421
2026-09-01,밀로 아카이브,5341485,데나이티 워시드 미들 자켓 [빈티지 네이비],0.0,0,95760,95760,134400,1,-38640,-28.75,100.0,1,medium,24.01,6,2,45,https://www.musinsa.com/products/5341485
2026-09-01,시야쥬,5341741,SIAC3092 솔리드 숄 니트 스카프_Charcoal,0.0,0,44100,44100,49000,1,-4900,-10.0,100.0,1,medium,24.08,5,2,45,https://www.musinsa.com/products/5341741
2026-09-01,몽돌,5344493,[벨트 SET] 스트라이프 원 턱 와이드 슬랙스 차콜 MDPT025STCHARCOAL,0.0,0,84100,84100,65350,1,18750,28.69,100.0,1,medium,24.09,6,2,45,https://www.musinsa.com/products/5344493
2026-09-01,필루미네이트,5345837,스플릿 스탠넥 윈드브레이커-브라운,0.0,0,55900,55900,55900,0,0,0.0,100.0,1,high,24.01,6,2,45,https://www.musinsa.com/products/5345837
2026-09-01,나이스고스트클럽,5346413,HEART UNICON  PILLOW KEY CHAIN_MIX(NG2FFUAB65A),0.0,0,10260,10260,7980,1,2280,28.57,100.0,1,medium,24.01,6,2,45,https://www.musinsa.com/products/5346413
2026-09-01,모즈모즈,5348077,고스트 클라우드 그래픽 오버핏 맨투맨 블랙,0.0,0,25000,25000,25000,0,0,0.0,100.0,1,high,24.1,5,2,45,https://www.musinsa.com/products/5348077
2026-09-01,디스이즈네버댓,5349613,Small RS-Logo Cap Burgundy/Beige,0.0,0,31500,31500,31500,0,0,0.0,100.0,1,high,24.09,5,2,45,https://www.musinsa.com/products/5349613
2026-09-01,디스이즈네버댓,5349997,Key Bundle Tee White,0.0,0,41300,41300,41300,0,0,0.0,100.0,1,high,24.08,5,2,45,https://www.musinsa.com/products/5349997
2026-09-01,수아레,5350573,(리뉴얼) 크롭 샌느 자켓 프렌치 차콜,0.0,0,89900,89900,89900,0,0,0.0,100.0,1,high,24.08,5,2,45,https://www.musinsa.com/products/5350573
2026-09-01,유라고,5351341,Knit bermuda pants,0.0,0,65360,65360,65360,0,0,0.0,100.0,1,high,24.1,5,2,45,https://www.musinsa.com/products/5351341
2026-09-01,후러브스아트,5354477,커브드 와이드 코튼 데님 팬츠 차콜그레이,0.95,28227,29700,29700,29700,0,0,0.0,100.0,1,high,24.01,6,2,45,https://www.musinsa.com/products/5354477
2026-09-01,에이이에이이,5355309,DOT SMALL LETTER L/S [DARK BROWN],0.0,0,56050,56050,50450,1,5600,11.1,100.0,1,medium,24.08,5,2,45,https://www.musinsa.com/products/5355309
2026-09-01,썬러브투어,5358253,Embro Capital Cap Purple,0.27,18341,69000,69000,69000,0,0,0.0,100.0,1,high,24.09,6,2,45,https://www.musinsa.com/products/5358253
2026-09-01,키르시,5360493,피그먼트 다잉 아치 체리 롱 슬리브 탑 [차콜],0.0,0,37900,37900,41400,1,-3500,-8.45,100.0,1,medium,24.08,5,2,45,https://www.musinsa.com/products/5360493
2026-09-01,키르시,5360621,러플 랩 니트 스커트 [아이보리],0.0,0,47400,47400,47400,0,0,0.0,100.0,1,high,24.08,5,2,45,https://www.musinsa.com/products/5360621
2026-09-01,브룩스 브라더스,5363693,BIRD 아트웍 스웨트 셔츠 (네이비) (BBNPMBF302),0.0,0,111440,111440,127360,1,-15920,-12.5,100.0,1,medium,24.01,6,2,45,https://www.musinsa.com/products/5363693
2026-09-01,낫포너드,5365677,Damage Washed Patch Pullover Hood - Grey,0.0,0,74700,74700,67230,1,7470,11.11,100.0,1,medium,24.08,5,2,45,https://www.musinsa.com/products/5365677
2026-09-01,파르티멘토 우먼,5366893,PWC 포켓 후디 롱슬리브 티_8컬러,1.79,43998,24570,31590,24570,1,7020,28.57,89.84,0,low,24.08,7,1,45,https://www.musinsa.com/products/5366893
2026-09-01,디미트리블랙,5367981,2WAY FAUX 스웨이드 후드 집업_브라운,0.0,0,53900,53900,49900,1,4000,8.02,100.0,1,medium,24.08,5,2,45,https://www.musinsa.com/products/5367981
2026-09-01,마인드브릿지,5369005,체크 오버핏 다크 그레이 셔츠,1.55,50747,32797,29900,29900,0,0,0.0,100.0,1,low,48.1,10,2,45,https://www.musinsa.com/products/5369005
2026-09-01,제이엘브,5369261,우먼스 아웃리치 캣 크롭 스웨트셔츠,0.0,0,48600,48600,48600,0,0,0.0,100.0,1,high,24.02,6,2,45,https://www.musinsa.com/products/5369261
2026-09-01,나이스고스트클럽,5369453,SHERPA BIG POCKET JEANS_BLACK(NG2FFUD111A),0.0,0,83400,83400,58380,1,25020,42.86,100.0,1,medium,24.01,6,2,45,https://www.musinsa.com/products/5369453
2026-09-01,아웃스탠딩,5370413,THERMAL LONG SLEEVE TEE_OFF WHITE,0.14,9506,66600,66600,66600,0,0,0.0,100.0,1,high,24.08,6,2,45,https://www.musinsa.com/products/5370413
2026-09-01,필루미네이트,5374701,워시드 하찌 라운드 니트-베이지,0.0,0,49000,49000,49000,0,0,0.0,100.0,1,high,24.01,6,2,45,https://www.musinsa.com/products/5374701
2026-09-01,드로우핏 우먼,5382381,울 코튼 더블 웰트 싱글 블레이저 [BLACK],0.0,0,168300,168300,168300,0,0,0.0,100.0,1,high,24.09,6,2,45,https://www.musinsa.com/products/5382381
2026-09-01,제로,5384685,크롭 링거 스웨트 셔츠 [멜란지 오트밀],0.0,0,39000,39000,39000,0,0,0.0,100.0,1,high,24.1,5,2,45,https://www.musinsa.com/products/5384685
2026-09-01,비터셀즈,5384749,컬리 카라 퍼 자켓-차콜,0.0,0,141460,141460,141460,0,0,0.0,100.0,1,high,24.08,5,2,45,https://www.musinsa.com/products/5384749
2026-09-01,드로우핏,5384941,스트라이프 헤어리 크롭 라운드 가디건 [IVORY],0.0,0,66600,66600,66600,0,0,0.0,100.0,1,high,24.08,5,2,45,https://www.musinsa.com/products/5384941
2026-09-01,플랙,5386157,ESSENTIAL M55 STRAIGHT BLACK ONE WASHED,2.79,170701,61112,62100,55200,1,6900,12.5,100.0,1,medium,24.09,8,2,45,https://www.musinsa.com/products/5386157
2026-09-01,에스피오나지,5387181,[JPN Fabric] Kaihara Denim Ray Parka Mid Indigo,0.02,1974,99000,99000,99000,0,0,0.0,100.0,1,high,24.09,6,2,45,https://www.musinsa.com/products/5387181
2026-09-01,슬로우애시드,5389229,커브드 와플 헨리넥 [차콜],0.45,23902,52700,52700,52700,0,0,0.0,100.0,1,high,24.08,5,2,45,https://www.musinsa.com/products/5389229
2026-09-01,브라운브레스,5390701,LINE DOWN HOODIE PUFFER - BLACK,0.0,0,319000,319000,319000,0,0,0.0,100.0,1,high,24.09,6,2,45,https://www.musinsa.com/products/5390701
2026-09-01,아틀리에 나인,5391917,NOVA SEMI CROP SUEDE SHIRT(BL-4351),0.0,0,76050,76050,85560,1,-9510,-11.12,100.0,1,medium,24.1,5,2,45,https://www.musinsa.com/products/5391917
2026-09-01,일꼬르소,5393261,워시드 폴로 셔츠 다크 그레이 IETS5F002CG,0.0,0,45000,45000,45000,0,0,0.0,100.0,1,high,24.09,5,2,45,https://www.musinsa.com/products/5393261
2026-09-01,일꼬르소,5393325,워시드 엘런 데님 트러커 자켓 블루 IEJU5F211B2,0.0,0,104300,104300,104300,0,0,0.0,100.0,1,high,24.09,5,2,45,https://www.musinsa.com/products/5393325
2026-09-01,유니폼브릿지,5393517,denim pants regular fit 13oz(womens) indigo one washed,0.0,0,69500,69500,69500,0,0,0.0,100.0,1,high,24.09,6,2,45,https://www.musinsa.com/products/5393517
2026-09-01,트리밍버드,5393645,Belted Tailored Set-up Jacket [ Black ],0.0,0,289000,289000,289000,0,0,0.0,100.0,1,high,24.09,6,2,45,https://www.musinsa.com/products/5393645
2026-09-01,틸아이다이,5395949,Collar point logo MTM TIFA03LT01_Oatmeal,0.0,0,99750,99750,84790,1,14960,17.64,100.0,1,medium,24.09,6,2,45,https://www.musinsa.com/products/5395949
2026-09-01,낫포너드,5396333,Relaxed Stripe Open Collar Shirt - Blue,0.0,0,51500,51500,46350,1,5150,11.11,100.0,1,medium,24.08,5,2,45,https://www.musinsa.com/products/5396333
2026-09-01,파르티멘토,5396973,11 후디 에크루,0.0,0,56800,56800,51120,1,5680,11.11,100.0,1,medium,24.09,5,2,45,https://www.musinsa.com/products/5396973
2026-09-01,로템버,5397421,[데릭 X 로템버] 벨티드 투 턱 와이드 치노 팬츠 [ 4 COLOR ],1.0,62146,62320,62320,62320,0,0,0.0,100.0,1,high,24.09,6,2,45,https://www.musinsa.com/products/5397421
2026-09-01,락케이크,5397933,Heritage Stripe Polo Top - Black,0.0,0,71200,71200,71200,0,0,0.0,100.0,1,high,24.09,6,2,45,https://www.musinsa.com/products/5397933
2026-09-01,코드그라피,5398829,스퀘어 로고 웜 토트백_다크그레이,0.0,0,34300,34300,34300,0,0,0.0,100.0,1,high,24.08,5,2,45,https://www.musinsa.com/products/5398829
2026-09-01,제멋,5404077,데이컷 크롭 오버핏 후드 크림 KJHD2649,0.0,0,36900,36900,36900,0,0,0.0,100.0,1,high,24.09,6,2,45,https://www.musinsa.com/products/5404077
2026-09-01,로제프란츠,5405293,Rebel Layer Frill Mini Skirt [Beige],0.0,0,65120,65120,56980,1,8140,14.29,100.0,1,medium,24.08,5,2,45,https://www.musinsa.com/products/5405293
2026-09-01,탄산마그네슘,5413165,나일론 와이드 스터드 카고 팬츠 (카모카키),0.0,0,166440,166440,166440,0,0,0.0,100.0,1,high,24.1,5,2,45,https://www.musinsa.com/products/5413165
2026-09-01,밀로 아카이브,5425197,데님 로우 셔링백 [페이드 브라운],0.95,97225,102400,102400,115200,1,-12800,-11.11,100.0,1,medium,24.01,6,2,45,https://www.musinsa.com/products/5425197
2026-09-01,니티드,5429165,(W) 베이직 에센셜 워셔블 라운드 니트 GREY,0.0,0,31840,31840,31840,0,0,0.0,100.0,1,high,24.08,5,2,45,https://www.musinsa.com/products/5429165
2026-09-01,론론,5429229,PEPLUM RUFFLE PANTSKIRT MELANGE GREY,0.0,0,62370,62370,55440,1,6930,12.5,100.0,1,medium,24.09,6,2,45,https://www.musinsa.com/products/5429229
2026-09-01,탄산마그네슘,5429421,드라이어 프리 롱슬리브 (4 Color),11.99,545021,45450,45450,45450,0,0,0.0,100.0,1,low,28.95,20,4,45,https://www.musinsa.com/products/5429421
2026-09-01,썬러브투어,5432173,Capital Crewneck Knit Brown,0.0,0,76320,76320,76320,0,0,0.0,100.0,1,high,24.09,6,2,45,https://www.musinsa.com/products/5432173
2026-09-01,썬러브투어,5432429,Velour Twinkle Track Jacket Khaki,0.0,0,90720,90720,90720,0,0,0.0,100.0,1,high,24.09,6,2,45,https://www.musinsa.com/products/5432429
2026-09-01,브룩스 브라더스,5435629,홀리데이 체크 박서 (블루) (BBAUMNF502),0.0,0,47200,47200,47200,0,0,0.0,100.0,1,high,24.01,6,2,45,https://www.musinsa.com/products/5435629
2026-09-01,디스이즈네버댓,5438125,T-Logo Hoodie Navy,3.15,343601,109000,109000,109000,0,0,0.0,100.0,1,high,24.01,17,4,45,https://www.musinsa.com/products/5438125
2026-09-01,플리즈노팔로우,5438573,Romy Logo Long Sleeve Top (Black),0.0,0,58650,58650,58650,0,0,0.0,100.0,1,high,24.09,6,2,45,https://www.musinsa.com/products/5438573
2026-09-01,칙스,5440877,언발 스텔라 오버핏 맨투맨 블랙,0.0,0,46900,46900,37520,1,9380,25.0,100.0,1,medium,24.09,6,2,45,https://www.musinsa.com/products/5440877
2026-09-01,인사일런스,5453293,투톤 리브드 케이블 브이넥 니트 OATMEAL,0.0,0,116100,116100,103680,1,12420,11.98,100.0,1,medium,24.09,5,2,45,https://www.musinsa.com/products/5453293
2026-09-01,카네이테이,5460909,SOFT EDGE STRIPE HOOD ZIP-UP (CREAM),0.0,0,57900,57900,72370,1,-14470,-19.99,100.0,1,medium,24.09,6,2,45,https://www.musinsa.com/products/5460909
2026-09-01,인템포무드,5461677,모스 크롭 리브드 카디건_브라운,0.0,0,63200,63200,63200,0,0,0.0,100.0,1,high,24.09,5,2,45,https://www.musinsa.com/products/5461677
2026-09-01,밀로 아카이브,5466733,네오 서브타이틀 후디 집업 [멜란지 그레이],0.0,0,72960,72960,102400,1,-29440,-28.75,100.0,1,medium,24.02,6,2,45,https://www.musinsa.com/products/5466733
2026-09-01,밀로 아카이브,5466797,인클라인 라이트 플리스 하프 집업 [웜 그레이],0.0,0,68000,68000,68000,0,0,0.0,100.0,1,high,24.02,6,2,45,https://www.musinsa.com/products/5466797
2026-09-01,제너럴아이디어,5467821,루즈핏 소프트 코튼 셔츠 [OLIVE] / WBE3L03510,0.0,0,49000,49000,39200,1,9800,25.0,100.0,1,medium,24.09,6,2,45,https://www.musinsa.com/products/5467821
2026-09-01,디스이즈네버댓,5468717,Wool Crochet Knit L/S Crew Blue,0.0,0,167300,167300,167300,0,0,0.0,100.0,1,high,24.09,5,2,45,https://www.musinsa.com/products/5468717
2026-09-01,디스이즈네버댓,5468781,Authentic Tradition Crewneck Dark Mocha,0.6,45606,76300,76300,76300,0,0,0.0,100.0,1,high,24.09,5,2,45,https://www.musinsa.com/products/5468781
2026-09-01,미세키서울 맨,5477421,Two tuck wide pants BLACK,0.0,0,111780,111780,111780,0,0,0.0,100.0,1,high,24.1,5,2,45,https://www.musinsa.com/products/5477421
2026-09-01,나이스고스트클럽,5479597,FFATS ROUND COLLAR HOODIE_RED(NG2FFUM410A),0.0,0,59400,59400,41580,1,17820,42.86,100.0,1,medium,24.02,6,2,45,https://www.musinsa.com/products/5479597
2026-09-01,나이스고스트클럽,5479661,STITCH PUFFER ANGELS CROSSBAG_BLACK(NG2FFUAB41A),0.0,0,53400,53400,37380,1,16020,42.86,100.0,1,medium,24.02,6,2,45,https://www.musinsa.com/products/5479661
2026-09-01,더뮤지엄비지터,5480045,HORSE PRINTED LONG SLEEVE (BLACK),0.0,0,48750,48750,41440,1,7310,17.64,100.0,1,medium,24.09,6,2,45,https://www.musinsa.com/products/5480045
2026-09-01,더뮤지엄비지터,5480685,FRILL CHECK BUTTON JACKET (KHAKI),0.0,0,109800,109800,109800,0,0,0.0,100.0,1,high,24.09,6,2,45,https://www.musinsa.com/products/5480685
2026-09-01,코드그라피,5481453,헤어리 스트라이프 머플러_블랙,0.0,0,41300,41300,41300,0,0,0.0,100.0,1,high,24.08,5,2,45,https://www.musinsa.com/products/5481453
2026-09-01,마인드브릿지 우먼,5489645,[W]골지 터틀넥 티셔츠 - 2color,0.0,0,21900,21900,21900,0,0,0.0,100.0,1,high,24.1,5,2,45,https://www.musinsa.com/products/5489645
2026-09-01,마인드브릿지,5489901,두굿_후드 숏 다운 점퍼 - 2color,0.0,0,160300,160300,152290,1,8010,5.26,100.0,1,medium,24.08,5,2,45,https://www.musinsa.com/products/5489901
2026-09-01,벨리에,5503661,데이 토 더비 타입-2 - 누벅 베이지,0.0,0,349600,349600,349600,0,0,0.0,100.0,1,high,24.1,5,2,45,https://www.musinsa.com/products/5503661
2026-09-01,아워데이즈,5505965,프레스티지 울 100% 머플러 [4COLORS],0.0,0,45600,45600,45600,0,0,0.0,100.0,1,high,24.08,5,2,45,https://www.musinsa.com/products/5505965
2026-09-01,브라운브레스,5506221,BB VARSITY JACKET - BLACK,0.0,0,230300,230300,230300,0,0,0.0,100.0,1,high,24.09,6,2,45,https://www.musinsa.com/products/5506221
2026-09-01,아메스 월드와이드,5507181,BASIC PULLOVER KNIT BROWN,0.0,0,44800,44800,44800,0,0,0.0,100.0,1,high,24.08,5,2,45,https://www.musinsa.com/products/5507181
2026-09-01,아메스 월드와이드,5507309,BASIC APPLIQUE HOODIE GREY,0.9,49540,55300,63200,55300,1,7900,14.29,100.0,1,medium,24.08,5,2,45,https://www.musinsa.com/products/5507309
2026-09-01,다이브인,5514221,VINTAGE COTTON STRIPE SHIRTS (BLACK),0.0,0,71200,71200,89000,1,-17800,-20.0,100.0,1,medium,24.09,5,2,45,https://www.musinsa.com/products/5514221
2026-09-01,디앤에스알,5516205,레오파드 레이어드 키링 그레이,0.0,0,39600,39600,39600,0,0,0.0,100.0,1,high,24.1,5,2,45,https://www.musinsa.com/products/5516205
2026-09-01,썬러브투어,5518445,Aero Waffle Hoodie Black,0.0,0,77400,77400,77400,0,0,0.0,100.0,1,high,24.09,6,2,45,https://www.musinsa.com/products/5518445
2026-09-01,마인드브릿지 우먼,5526381,[W]두굿_코듀로이 패딩 점퍼 - 2color,0.0,0,98500,98500,98500,0,0,0.0,100.0,1,high,24.1,5,2,45,https://www.musinsa.com/products/5526381
2026-09-01,러브이즈트루,5529901,[KUROMI] HOODED ZIPUP(BLACK),0.0,0,60780,60780,60780,0,0,0.0,100.0,1,high,24.02,6,2,45,https://www.musinsa.com/products/5529901
2026-09-01,배드블러드,5535469,2025 월드투어 레이어드 롱슬리브 - 버건디/스트라이프,0.0,0,87200,87200,83390,1,3810,4.57,100.0,1,medium,24.09,6,2,45,https://www.musinsa.com/products/5535469
2026-09-01,무센트,5536173,모아 도트 하트 로고 라운드넥 긴팔 티 (2컬러),0.0,0,27930,27930,37110,1,-9180,-24.74,100.0,1,medium,24.09,5,2,45,https://www.musinsa.com/products/5536173
2026-09-01,일리고,5543469,프레이드 스트링 후드 집업 차콜,0.0,0,86000,86000,86000,0,0,0.0,100.0,1,high,24.08,5,2,45,https://www.musinsa.com/products/5543469
2026-09-01,세터,5546861,아페로 카드 지갑 블랙,0.0,0,69000,69000,69000,0,0,0.0,100.0,1,high,24.1,5,2,45,https://www.musinsa.com/products/5546861
2026-09-01,낫포너드,5548973,Ashes Glory Knit Drizzler Jacket - Black,0.0,0,98700,98700,88830,1,9870,11.11,100.0,1,medium,24.08,5,2,45,https://www.musinsa.com/products/5548973
2026-09-01,디스이즈네버댓,5549549,Fleece Mini Bag Stone,0.0,0,55300,55300,55300,0,0,0.0,100.0,1,high,24.09,5,2,45,https://www.musinsa.com/products/5549549
2026-09-01,디스이즈네버댓,5549613,Crochet Knit Zip Up Hoodie Grey,0.0,0,139300,139300,139300,0,0,0.0,100.0,1,high,24.09,5,2,45,https://www.musinsa.com/products/5549613
2026-09-01,파르티멘토,5551725,[기모] 크롭 니트 후드 집업 그레이지,0.0,0,76900,76900,69210,1,7690,11.11,100.0,1,medium,24.09,5,2,45,https://www.musinsa.com/products/5551725
2026-09-01,해칭룸,5555501,Regular Shirt Ombre Check Blue/Grey,0.0,0,188000,188000,188000,0,0,0.0,100.0,1,high,24.08,5,2,45,https://www.musinsa.com/products/5555501
2026-09-01,무드인사이드,5566893,레더 스티치 보머 자켓_Brown,0.0,0,79900,79900,49900,1,30000,60.12,100.0,1,medium,24.09,6,2,45,https://www.musinsa.com/products/5566893
2026-09-01,세터,5570733,클래식 니트 글러브 블랙,0.0,0,69000,69000,69000,0,0,0.0,100.0,1,high,24.1,5,2,45,https://www.musinsa.com/products/5570733
2026-09-01,세터,5570861,루고 헤더 테리 후드 티셔츠 세이지 그린,0.0,0,159000,159000,159000,0,0,0.0,100.0,1,high,24.1,5,2,45,https://www.musinsa.com/products/5570861
2026-09-01,세터,5570925,(W) 신세틱 시어링 루즈 핏 자켓 다크 브라운,0.0,0,379000,379000,379000,0,0,0.0,100.0,1,high,24.1,5,2,45,https://www.musinsa.com/products/5570925
2026-09-01,무드인사이드,5572141,라이트쉘 후드 경량패딩_6Color,0.73,43120,59000,59000,59900,1,-900,-1.5,100.0,1,medium,24.09,6,2,45,https://www.musinsa.com/products/5572141
2026-09-01,카키포인트,5572461,Unbalanced Midi Skirt (brown),0.0,0,82800,82800,73600,1,9200,12.5,100.0,1,medium,24.09,6,2,45,https://www.musinsa.com/products/5572461
2026-09-01,카키포인트,5572589,Lettering Fur Hood Zip-up (black),0.0,0,130820,130820,116280,1,14540,12.5,100.0,1,medium,24.09,6,2,45,https://www.musinsa.com/products/5572589
2026-09-01,더바넷,5573101,Brine Vintage Leather Jacket_Brown,0.0,0,238400,238400,238400,0,0,0.0,100.0,1,high,24.08,5,2,45,https://www.musinsa.com/products/5573101
2026-09-01,디스이즈네버댓,5573869,GD Light Down Jacket Black,0.0,0,181300,181300,181300,0,0,0.0,40.29,0,low,24.09,4,1,45,https://www.musinsa.com/products/5573869
2026-09-01,유니온블루,5580269,KITTY HAWK LOGO PRINTED SWEATSHIRT [MELANGE GRAY],0.0,0,63990,63990,75050,1,-11060,-14.74,100.0,1,medium,24.09,6,2,45,https://www.musinsa.com/products/5580269
2026-09-01,유니폼브릿지,5581101,M47 corduroy pants wide fit olive,0.0,0,69000,69000,59000,1,10000,16.95,100.0,1,medium,24.09,6,2,45,https://www.musinsa.com/products/5581101
2026-09-01,유니폼브릿지,5581293,corduroy shirt ecru,0.0,0,79000,79000,59000,1,20000,33.9,100.0,1,medium,24.09,6,2,45,https://www.musinsa.com/products/5581293
2026-09-01,2000아카이브스,5585197,ARCHIVES DAISY FUR EARFLAP CAP (IVORY),0.0,0,71280,71280,45360,1,25920,57.14,100.0,1,medium,24.09,6,2,45,https://www.musinsa.com/products/5585197
2026-09-01,제너럴아이디어,5585389,GNRL 로고 울 베레모 [BLACK] / WBE3L91511,0.0,0,27300,27300,31200,1,-3900,-12.5,100.0,1,medium,24.09,6,2,45,https://www.musinsa.com/products/5585389
2026-09-01,에이치덱스,5588525,오리진 자이언트핏 후디 집업 (Navy),0.0,0,109000,109000,109000,0,0,0.0,100.0,1,high,24.08,5,2,45,https://www.musinsa.com/products/5588525
2026-09-01,론론,5594477,MULTI BUTTON SHOULDER BAG RED,0.0,0,89100,89100,61600,1,27500,44.64,100.0,1,medium,24.09,6,2,45,https://www.musinsa.com/products/5594477
2026-09-01,아틀리에 나인,5596205,DRAPE SCARF WOOL HANDMADE COAT (CT-1459),0.0,0,379470,379470,426900,1,-47430,-11.11,100.0,1,medium,24.1,5,2,45,https://www.musinsa.com/products/5596205
2026-09-01,코드그라피,5597805,(우먼) 헨리넥 레글런 배색 니트_민트,0.0,0,48300,48300,48300,0,0,0.0,100.0,1,high,24.08,5,2,45,https://www.musinsa.com/products/5597805
2026-09-01,코드그라피,5597869,(우먼) 폴라플리스 하프 집업_멜란지그레이,0.23,14083,62300,62300,62300,0,0,0.0,100.0,1,high,24.08,5,2,45,https://www.musinsa.com/products/5597869
2026-09-01,아틀리에 나인,5599917,니트 세트 발마칸 핸드메이드 하프코트(CT-1453),0.0,0,216510,216510,243570,1,-27060,-11.11,100.0,1,medium,24.1,5,2,45,https://www.musinsa.com/products/5599917
2026-09-01,탄산마그네슘,5604525,코튼 와이드 스타 스터드 팬츠 (네이비),0.0,0,142120,142120,142120,0,0,0.0,100.0,1,high,24.1,5,2,45,https://www.musinsa.com/products/5604525
2026-09-01,디스이즈네버댓,5611501,Pom Earflap Beanie Grey,0.0,0,38500,38500,38500,0,0,0.0,100.0,1,high,24.09,5,2,45,https://www.musinsa.com/products/5611501
2026-09-01,꼼파뇨,5613165,엠버 패치 후드티 블랙,0.0,0,45660,45660,45660,0,0,0.0,100.0,1,high,24.08,5,2,45,https://www.musinsa.com/products/5613165
2026-09-01,바우로 프로덕트,5619629,투턱 코튼 와이드 팬츠 [베이지],0.0,0,79200,79200,79200,0,0,0.0,100.0,1,high,24.08,5,2,45,https://www.musinsa.com/products/5619629
2026-09-01,드헤베,5625389,Wool Wide Slacks [Black],0.0,0,100980,100980,100980,0,0,0.0,100.0,1,high,24.08,5,2,45,https://www.musinsa.com/products/5625389
2026-09-01,제너럴아이디어,5629997,UNISEX 울 스노우 노르딕 풀오버 [PISTACHIO] / SBD4U05022,0.0,0,48300,48300,55200,1,-6900,-12.5,100.0,1,low,24.08,5,2,45,https://www.musinsa.com/products/5629997
2026-09-01,본투윈,5631213,W SEMI WIDE SWEAT JOGGER PANTS [BLACK],0.0,0,75600,75600,80100,1,-4500,-5.62,100.0,1,medium,24.09,6,2,45,https://www.musinsa.com/products/5631213
2026-09-01,프렌다,5633453,PRDA SPRAY BIG PATCH CHECK STAR HOOD ZIP-UP BLACK,0.0,0,65400,65400,65400,0,0,0.0,100.0,1,high,24.09,6,2,45,https://www.musinsa.com/products/5633453
2026-09-01,해칭룸,5641133,Blank Pants Corduroy Tobacco,0.0,0,178000,178000,178000,0,0,0.0,100.0,1,high,24.08,5,2,45,https://www.musinsa.com/products/5641133
2026-09-01,코드그라피,5648685,모헤어 패턴 머플러_스카이블루,0.0,0,48300,48300,48300,0,0,0.0,100.0,1,high,24.08,5,2,45,https://www.musinsa.com/products/5648685
2026-09-01,코드그라피,5653869,기모 CGP 아치 로고 맨투맨_프로스트 그린,0.0,0,75050,75050,75050,0,0,0.0,100.0,1,high,24.08,5,2,45,https://www.musinsa.com/products/5653869
2026-09-01,브룩스 브라더스,5659885,슬림핏 코튼 스트레치 어드밴티지 치노 (카키) (BBPCMFZ501),0.0,0,152100,152100,169000,1,-16900,-10.0,100.0,1,medium,24.02,6,2,45,https://www.musinsa.com/products/5659885
2026-09-01,배드블러드,5662125,바이퍼 모헤어 가디건 - 블랙레오파드,0.0,0,161100,161100,136940,1,24160,17.64,100.0,1,medium,24.09,6,2,45,https://www.musinsa.com/products/5662125
2026-09-01,러브이즈트루,5666413,EV FAIRY FUR HOOD ZIP UP(BEIGE),0.0,0,91080,91080,63760,1,27320,42.85,100.0,1,medium,24.02,6,2,45,https://www.musinsa.com/products/5666413
2026-09-01,러브이즈트루,5666477,EV STAR GRAPHIC HOODIE(WHITE),0.0,0,67890,67890,47530,1,20360,42.84,100.0,1,medium,24.02,6,2,45,https://www.musinsa.com/products/5666477
2026-09-01,더바이닐하우스,5672237,HOODED DUCK DOWN JACKET BLACK,0.0,0,220200,220200,245720,1,-25520,-10.39,100.0,1,medium,24.09,5,2,45,https://www.musinsa.com/products/5672237
2026-09-01,유라고,5680173,Wool high neck belted coat_Dark navy,0.0,0,302480,302480,302480,0,0,0.0,100.0,1,high,24.1,5,2,45,https://www.musinsa.com/products/5680173
2026-09-01,오도어,5682477,Lark leather cap,0.0,0,56800,56800,66030,1,-9230,-13.98,100.0,1,medium,24.09,6,2,45,https://www.musinsa.com/products/5682477
2026-09-01,론론,5684269,SIDE CHECK RIBBON POCKET MAXI SKIRT BLACK,0.0,0,61600,61600,79200,1,-17600,-22.22,100.0,1,medium,24.09,6,2,45,https://www.musinsa.com/products/5684269
2026-09-01,링서울,5684333,alpaca high-neck half coat-black,0.0,0,294520,294520,229070,1,65450,28.57,100.0,1,medium,24.02,6,2,45,https://www.musinsa.com/products/5684333
2026-09-01,제로,5687981,벌룬 크롭 후드 [블랙],0.0,0,45000,45000,45000,0,0,0.0,100.0,1,high,24.1,5,2,45,https://www.musinsa.com/products/5687981
2026-09-01,썸웨어버터,5693997,Boucle Wool Half Coat - Ivory,0.0,0,329000,329000,329000,0,0,0.0,100.0,1,high,24.02,6,2,45,https://www.musinsa.com/products/5693997
2026-09-01,본투윈,5696365,W CHROME B FUR TRIMMING HOODIE ZIP-UP [BLACK],0.0,0,127200,127200,143100,1,-15900,-11.11,100.0,1,medium,24.09,6,2,45,https://www.musinsa.com/products/5696365
2026-09-01,테이크이지,5698733,코듀로이 커브드 제이 팬츠 (브라운),0.0,0,29500,29500,29500,0,0,0.0,100.0,1,high,24.09,5,2,45,https://www.musinsa.com/products/5698733
2026-09-01,로우로우,5707373,시티워커 크로스백 SQUARE 014 [3color],3.68,211767,57470,57470,57470,0,0,0.0,100.0,1,high,23.5,14,4,45,https://www.musinsa.com/products/5707373
2026-09-01,가까이 유니언즈,5717869,리브 헨리넥 와플 롱슬리브 블랙,0.65,23576,36400,36400,36400,0,0,0.0,100.0,1,high,24.1,5,2,45,https://www.musinsa.com/products/5717869
2026-09-01,브룩스 브라더스,5722285,프라이데이 옥스포드 캔디 스트라이프 셔츠 (블루) (BBTHMMF304),0.0,0,128880,128880,143200,1,-14320,-10.0,100.0,1,medium,24.02,6,2,45,https://www.musinsa.com/products/5722285
2026-09-01,바이모노,5730605,[빅사이즈 32-46] 모노 따스한 기모 와이드 팬츠,0.0,0,39900,39900,39900,0,0,0.0,100.0,1,high,24.09,5,2,45,https://www.musinsa.com/products/5730605
2026-09-01,무드인사이드,5730669,피그먼트 레이즈 스웨트 후디_Pink,0.0,0,41900,41900,39900,1,2000,5.01,100.0,1,medium,24.09,6,2,45,https://www.musinsa.com/products/5730669
2026-09-01,무드인사이드 우먼,5734125,(woman) 헤비 그라운드 모헤어 니트_Ivory,0.0,0,29900,29900,49900,1,-20000,-40.08,100.0,1,medium,24.09,5,2,45,https://www.musinsa.com/products/5734125
2026-09-01,트립르센스,5743597,[F/W]투 플랩 포켓 3B 블레이저_네프 트위드 차콜,0.0,0,221400,221400,221400,0,0,0.0,100.0,1,high,24.02,6,2,45,https://www.musinsa.com/products/5743597
2026-09-01,해칭룸,5747565,Fuzzy Mesh Tee Black,0.0,0,93000,93000,93000,0,0,0.0,100.0,1,high,24.08,5,2,45,https://www.musinsa.com/products/5747565
2026-09-01,제너럴아이디어,5771373,핸드메이드 숄카라 롱코트 [CHARCOAL] / WBE4L10539,0.0,0,193000,193000,194400,1,-1400,-0.72,100.0,1,medium,24.09,6,2,45,https://www.musinsa.com/products/5771373
2026-09-01,2000아카이브스,5773549,LUA BAG (BLACK),0.0,0,335610,335610,305100,1,30510,10.0,100.0,1,medium,24.09,6,2,45,https://www.musinsa.com/products/5773549
2026-09-01,아캄,5792557,Double Knee Lettering Denim Pants (Blue),0.0,0,118300,118300,118300,0,0,0.0,100.0,1,high,24.1,5,2,45,https://www.musinsa.com/products/5792557
2026-09-01,아캄,5793773,Knee Pin-Tuck Camo Zippered Cargo Pants (Black),0.7,75121,107400,107400,107400,0,0,0.0,100.0,1,high,24.1,5,2,45,https://www.musinsa.com/products/5793773
2026-09-01,썸웨어버터,5801965,Winter Butteree Sweater - Grey,0.0,0,129000,129000,129000,0,0,0.0,100.0,1,high,24.02,6,2,45,https://www.musinsa.com/products/5801965
2026-09-01,더뮤지엄비지터,5803821,PONY EMBROIDERY CAP (PINK),0.0,0,40170,40170,40170,0,0,0.0,100.0,1,low,24.09,6,2,45,https://www.musinsa.com/products/5803821
2026-09-01,일리고,5806189,129 스트라이프 맨투맨 블랙 차콜,0.0,0,72000,72000,72000,0,0,0.0,100.0,1,high,24.08,5,2,45,https://www.musinsa.com/products/5806189
2026-09-01,무센트,5808557,플레아 스트라이프 후드 집업 남녀공용,0.0,0,60130,60130,79760,1,-19630,-24.61,100.0,1,medium,24.09,5,2,45,https://www.musinsa.com/products/5808557
2026-09-01,프리즘웍스,5812653,WAIKIKI CHRISTMAS BALL CAP _ GREEN,0.0,0,28350,28350,31500,1,-3150,-10.0,100.0,1,medium,24.09,6,2,45,https://www.musinsa.com/products/5812653
2026-09-01,9999아카이브,5819117,Back Slit Low Double Knee Pants,0.0,0,106470,106470,106470,0,0,0.0,100.0,1,high,24.02,6,2,45,https://www.musinsa.com/products/5819117
2026-09-01,9999아카이브,5819181,Curved Bomber Jacket,0.47,56381,119070,119070,119070,0,0,0.0,100.0,1,high,24.02,6,2,45,https://www.musinsa.com/products/5819181
2026-09-01,디스이즈네버댓,5821933,TNT TEMBEA Muffler Grey,0.0,0,55300,55300,55300,0,0,0.0,100.0,1,high,24.09,5,2,45,https://www.musinsa.com/products/5821933
2026-09-01,꼼파뇨,5822189,[2-WAY] 플러시 니트 집업 블랙,0.0,0,58860,58860,58860,0,0,0.0,100.0,1,high,24.08,5,2,45,https://www.musinsa.com/products/5822189
2026-09-01,언더오프,5834797,빈티지 워싱 패디드 M65 필드 자켓 라이트카키,0.0,0,50320,50320,50320,0,0,0.0,100.0,1,high,24.09,5,2,45,https://www.musinsa.com/products/5834797
2026-09-01,후러브스아트,5842221,유니섹스 세미 와이드 밴딩 슬랙스 더스티 베이지,5.61,136370,24300,24300,24300,0,0,0.0,100.0,1,high,23.5,14,4,45,https://www.musinsa.com/products/5842221
2026-09-01,노매뉴얼,5849261,E.S WASHED WORK JACKET - WASHED BLACK,0.0,0,157500,157500,157500,0,0,0.0,100.0,1,high,24.08,5,2,45,https://www.musinsa.com/products/5849261
2026-09-01,노매뉴얼,5849325,EMBLEM DAMAGED KNIT LONG SLEEVE TEE - WHITE,0.0,0,56050,56050,56050,0,0,0.0,100.0,1,high,24.08,5,2,45,https://www.musinsa.com/products/5849325
2026-09-01,노매뉴얼,5849453,ROUGH TEXTURE PRINT T-SHIRT - DARK NAVY,0.9,28250,31500,31500,31500,0,0,0.0,100.0,1,high,24.08,5,2,45,https://www.musinsa.com/products/5849453
2026-09-01,노매뉴얼,5849517,W.B T-SHIRT (WOMAN) - BLACK,0.0,0,39000,39000,39000,0,0,0.0,100.0,1,high,24.08,5,2,45,https://www.musinsa.com/products/5849517
2026-09-01,언더오프,5849901,마운틴 플리스 집업 자켓 아이보리,0.0,0,49900,49900,49900,0,0,0.0,100.0,1,high,24.09,5,2,45,https://www.musinsa.com/products/5849901
2026-09-01,코드그라피,5853613,배색 파이핑 후드 바람막이-크림,0.0,0,104300,104300,104300,0,0,0.0,100.0,1,high,24.08,5,2,45,https://www.musinsa.com/products/5853613
2026-09-01,에이치덱스,5855341,라이트 서포트 데일리 레깅스 팬츠 (Mist Gray),0.0,0,42000,42000,42000,0,0,0.0,100.0,1,high,24.08,5,2,45,https://www.musinsa.com/products/5855341
2026-09-01,글로니,5859053,G CAP (NAVY),1.95,75812,38880,38880,38880,0,0,0.0,100.0,1,high,24.09,10,2,45,https://www.musinsa.com/products/5859053
2026-09-01,키르시,5869421,스몰 체리 스탠다드핏 가디건 [다크 네이비],0.0,0,71200,71200,71200,0,0,0.0,100.0,1,high,24.09,5,2,45,https://www.musinsa.com/products/5869421
2026-09-01,론론,5870829,HEART PASTRY OVER FIT LONG SLEEVE GREY,0.0,0,41580,41580,36960,1,4620,12.5,100.0,1,medium,24.09,6,2,45,https://www.musinsa.com/products/5870829
2026-09-01,마인드브릿지,5871981,와이드 골 조직 그레이 데님 팬츠,0.0,0,69900,69900,69900,0,0,0.0,100.0,1,high,24.08,5,2,45,https://www.musinsa.com/products/5871981
2026-09-01,레더리,5872045,코지 울 니트 후드 집업 [BLACK],0.0,0,55080,55080,48200,1,6880,14.27,100.0,1,medium,24.08,5,2,45,https://www.musinsa.com/products/5872045
2026-09-01,마인드브릿지,5872109,[COUTURE]트윌 조직 포켓 블루종,0.0,0,79900,79900,79900,0,0,0.0,100.0,1,high,24.08,5,2,45,https://www.musinsa.com/products/5872109
2026-09-01,마인드브릿지,5872173,라이트 경량 패딩 점퍼 - 3color,2.09,146351,69900,69900,69900,0,0,0.0,100.0,1,high,24.08,9,2,45,https://www.musinsa.com/products/5872173
2026-09-01,파브레가,5873645,코이 레더 숄더백 (블랙),0.0,0,106200,106200,106200,0,0,0.0,100.0,1,high,24.08,5,2,45,https://www.musinsa.com/products/5873645
2026-09-01,토피,5876525,컷오프 라운드넥 가디건 (GREY),0.0,0,39900,39900,39900,0,0,0.0,100.0,1,high,24.09,6,2,45,https://www.musinsa.com/products/5876525
2026-09-01,브라운브레스,5878509,WASHED TAG HOODIE - BEIGE,0.0,0,129000,129000,129000,0,0,0.0,100.0,1,high,24.09,6,2,45,https://www.musinsa.com/products/5878509
2026-09-01,세터,5879149,(W) 로렌 스몰 로고 베이직 크롭 스웨트셔츠 스카이 블루,0.0,0,109000,109000,109000,0,0,0.0,100.0,1,high,24.1,5,2,45,https://www.musinsa.com/products/5879149
2026-09-01,9999아카이브,5880109,Technical Curved Bermuda Pants,0.0,0,78480,78480,78480,0,0,0.0,100.0,1,high,24.02,6,2,45,https://www.musinsa.com/products/5880109
2026-09-01,마인드브릿지,5880941,[오정규 PICK] [SET]블랙 로우 데님 원턱 셋업,0.1,15875,159000,159000,159000,0,0,0.0,100.0,1,high,24.08,5,2,45,https://www.musinsa.com/products/5880941
2026-09-01,드로우핏 우먼,5886701,헤이지 핀 스트라이프 타이 [CHARCOAL],0.0,0,21600,21600,21600,0,0,0.0,100.0,1,high,24.09,6,2,45,https://www.musinsa.com/products/5886701
2026-09-01,미세키서울,5888813,Side fly wide pants BLACK,0.0,0,151200,151200,151200,0,0,0.0,100.0,1,high,24.08,5,2,45,https://www.musinsa.com/products/5888813
2026-09-01,던스트,5890093,UNISEX COTTON CHORE JACKET_UDJA6A101_INDIGO NAVY,0.0,0,186480,186480,186480,0,0,0.0,100.0,1,high,24.02,6,2,45,https://www.musinsa.com/products/5890093
2026-09-01,아웃스탠딩,5890477,V.S.C SWEAT(COLUMBIA)_MELANGE GRAY,0.0,0,71100,71100,63200,1,7900,12.5,100.0,1,medium,24.09,6,2,45,https://www.musinsa.com/products/5890477
2026-09-01,트리밍버드,5891565,TMB Chain Volume Sweat Hoodie [ Gray ],0.0,0,179000,179000,179000,0,0,0.0,100.0,1,high,24.09,6,2,45,https://www.musinsa.com/products/5891565
2026-09-01,아웃스탠딩,5892077,[LOONEY TUNES] SWEAT(DYNAMITE PRICES)_1%OATMEAL,1.0,60913,61101,62100,55200,1,6900,12.5,100.0,1,low,24.09,5,2,45,https://www.musinsa.com/products/5892077
2026-09-01,마인드브릿지 우먼,5894637,[W]와이드 그레이 밴딩 데님 팬츠,0.0,0,80900,80900,80900,0,0,0.0,100.0,1,high,24.1,5,2,45,https://www.musinsa.com/products/5894637
2026-09-01,그루브라임,5894829,여성 에코레더 배색절개 점퍼 (LRTSCUV594M),0.0,0,55900,55900,69900,1,-14000,-20.03,100.0,1,medium,24.09,6,2,45,https://www.musinsa.com/products/5894829
2026-09-01,칙스,5895149,와이드 카고 데님 팬츠 연청,0.0,0,41900,41900,33520,1,8380,25.0,100.0,1,medium,24.09,6,2,45,https://www.musinsa.com/products/5895149
2026-09-01,미세키서울,5895277,Layered button wrap skirt pants set GREY,0.0,0,151200,151200,151200,0,0,0.0,100.0,1,high,24.08,5,2,45,https://www.musinsa.com/products/5895277
2026-09-01,그루브라임,5897325,면 트윌 풀밴딩 5부 쇼츠 (5COLOR) (LRAMCNH751P),6.47,89317,13800,13800,13800,0,0,0.0,100.0,1,low,10.22,25,6,45,https://www.musinsa.com/products/5897325
2026-09-01,토피,5898093,VTG 슬랍 라운드 넥 롱 슬리브 (CHARCOAL),8.52,174758,20500,20500,20500,0,0,0.0,100.0,1,high,24.09,21,3,45,https://www.musinsa.com/products/5898093
2026-09-01,플랙,5898925,레더 카라 봄버 자켓 브라운,0.0,0,143100,143100,127200,1,15900,12.5,100.0,1,medium,24.09,5,2,45,https://www.musinsa.com/products/5898925
2026-09-01,드로우핏,5899117,도브 울 테일러드 더블 블레이저 [BLACK],0.0,0,139200,139200,139200,0,0,0.0,100.0,1,high,24.08,5,2,45,https://www.musinsa.com/products/5899117
2026-09-01,필루미네이트,5900205,[스토커즈 pick] 데님 트러커 자켓-인디고,0.0,0,44900,44900,44900,0,0,0.0,100.0,1,high,24.02,6,2,45,https://www.musinsa.com/products/5900205
2026-09-01,일리고,5901421,도트 핀턱 카라 티 핑크,0.9,36432,40600,58000,40600,1,17400,42.86,100.0,1,medium,24.08,5,2,45,https://www.musinsa.com/products/5901421
2026-09-01,무센트,5903597,프리그 메탈 로고 헤비 크롭 패딩,0.0,0,97300,97300,139000,1,-41700,-30.0,100.0,1,medium,24.09,5,2,45,https://www.musinsa.com/products/5903597
2026-09-01,비터셀즈,5904109,롤링 니트 빅 백-브라운,0.0,0,57290,57290,57290,0,0,0.0,100.0,1,high,24.08,5,2,45,https://www.musinsa.com/products/5904109
2026-09-01,언더오프,5904621,크롭 니트 집업 가디건 다크레드,0.0,0,37520,37520,37520,0,0,0.0,100.0,1,high,24.09,5,2,45,https://www.musinsa.com/products/5904621
2026-09-01,데케트,5908781,Barrel Wide Leg Pants DCPT071Black,0.1,5153,51800,51800,51800,0,0,0.0,100.0,1,high,24.08,5,2,45,https://www.musinsa.com/products/5908781
2026-09-01,스컬프터,5909869,Glow In The Dark Zip-Up Hoodie Black,0.0,0,95360,95360,119200,1,-23840,-20.0,100.0,1,medium,24.09,6,2,45,https://www.musinsa.com/products/5909869
2026-09-01,스컬프터,5909997,Urban Muse Tee Pale Gray,5.93,356458,60119,59040,73800,1,-14760,-20.0,100.0,1,medium,24.0,20,6,45,https://www.musinsa.com/products/5909997
2026-09-01,던스트,5911085,UNISEX COLLARED BLOUSON JACKET_UDJU6A109_NAVY,0.0,0,150480,150480,150480,0,0,0.0,100.0,1,high,24.02,6,2,45,https://www.musinsa.com/products/5911085
2026-09-01,던스트,5911213,STRAIGHT SLACKS_UDPA6A202_CHARCOAL GREY,0.0,0,76160,76160,76160,0,0,0.0,100.0,1,high,24.02,6,2,45,https://www.musinsa.com/products/5911213
2026-09-01,던스트,5911277,D-BUCKLE CLASSIC BELT_UDBE6E204_ESPRESSO,0.0,0,42480,42480,42480,0,0,0.0,100.0,1,high,24.02,6,2,45,https://www.musinsa.com/products/5911277
2026-09-01,언타이틀 서울,5911661,유니콘 헨리넥 롱슬리브 아이보리,5.88,206944,35200,35200,35200,0,0,0.0,100.0,1,low,17.23,26,4,45,https://www.musinsa.com/products/5911661
2026-09-01,필루미네이트,5911789,데미지 워시드 데님 팬츠-3Color,2.84,110725,39000,39000,39000,0,0,0.0,100.0,1,low,29.06,10,2,45,https://www.musinsa.com/products/5911789
2026-09-01,가까이 유니언즈,5912557,버튼 인사이드 아웃 벌룬 데님 팬츠 인디고,0.0,0,55990,55990,55990,0,0,0.0,100.0,1,high,24.1,5,2,45,https://www.musinsa.com/products/5912557
2026-09-01,키르시,5913069,체리 그래픽 오프숄더 크롭 스웻셔츠 [화이트],0.0,0,56950,56950,63200,1,-6250,-9.89,100.0,1,medium,24.09,5,2,45,https://www.musinsa.com/products/5913069
2026-09-01,어반디타입,5916013,트윈 스트라이프 라이트 후드_퍼플,0.0,0,49000,49000,49000,0,0,0.0,100.0,1,low,47.52,14,1,45,https://www.musinsa.com/products/5916013
2026-09-01,룩캐스트,5919853,릴리 퍼프 슬리브 블라우스_스카이 블루 / LILY PUFF SLEEVE BLOUSE_SKY BLUE,0.0,0,53570,53570,53570,0,0,0.0,100.0,1,high,24.08,5,2,45,https://www.musinsa.com/products/5919853
2026-09-01,스키즘 인듀싱,5920429,BUTTON SLIT HENLEY KNIT BLACK,5.27,464674,88200,88200,88200,0,0,0.0,100.0,1,low,10.1,23,5,45,https://www.musinsa.com/products/5920429
2026-09-01,칙스,5923693,소프트 브이넥 소매 버튼 롱슬리브 네이비,0.02,734,33520,41900,33520,1,8380,25.0,100.0,1,medium,24.09,6,2,45,https://www.musinsa.com/products/5923693
2026-09-01,코드그라피,5924269,(우먼) 스퀘어 로고 니트-네이비,0.0,0,69300,69300,69300,0,0,0.0,100.0,1,high,24.08,5,2,45,https://www.musinsa.com/products/5924269
2026-09-01,와이케이,5925357,리버시블 체크 윈드브레이커 Ver.2 베이지,1.08,107804,100240,143200,100240,1,42960,42.86,100.0,1,medium,24.02,6,2,45,https://www.musinsa.com/products/5925357
2026-09-01,헬레네파리스,5925869,뷰티플 컬러레이션 레글런 롱 슬리브 [그레이-블랙],0.0,0,41600,41600,41600,0,0,0.0,100.0,1,high,24.09,6,2,45,https://www.musinsa.com/products/5925869
2026-09-01,헬레네파리스,5925933,울 블렌드 타이 백 포인트 브이넥 니트 [블랙],0.0,0,34720,34720,34720,0,0,0.0,100.0,1,high,24.09,6,2,45,https://www.musinsa.com/products/5925933
2026-09-01,1993스튜디오,5926125,[4SET] W 베이직 발열 크루 삭스 (2colors),0.0,0,29900,29900,29900,0,0,0.0,100.0,1,high,24.09,5,2,45,https://www.musinsa.com/products/5926125
2026-09-01,러브이즈트루,5927981,EL CROSS HALTER NECK TOP(WHITE),0.0,0,34160,34160,28130,1,6030,21.44,100.0,1,medium,24.02,6,2,45,https://www.musinsa.com/products/5927981
2026-09-01,제이엘브,5928493,(DC COMICS COLLECTION) 배트맨 그래픽 오버핏 숏슬리브,0.47,21756,46000,46000,46000,0,0,0.0,100.0,1,high,24.02,6,2,45,https://www.musinsa.com/products/5928493
2026-09-01,트릴리온,5928557,그래픽 와플 헨리넥 롱 슬리브_차콜,0.0,0,29100,29100,29100,0,0,0.0,100.0,1,high,24.08,5,2,45,https://www.musinsa.com/products/5928557
2026-09-01,로제프란츠,5929965,Fabric Button Collar Cardigan [Ivory],0.0,0,49200,49200,43050,1,6150,14.29,100.0,1,medium,24.08,5,2,45,https://www.musinsa.com/products/5929965
2026-09-01,브라운브레스,5930669,20TH ANNIV TAG HOODIE - OLIVE,0.0,0,109000,109000,109000,0,0,0.0,100.0,1,high,24.09,6,2,45,https://www.musinsa.com/products/5930669
2026-09-01,스켈리웩,5935533,롤업 생지 데님 팬츠[카모],0.0,0,72000,72000,72000,0,0,0.0,100.0,1,high,24.09,6,2,45,https://www.musinsa.com/products/5935533
2026-09-01,웬즈데이오아시스,5936493,워셔블 미니멀 브이넥 니트_BLACK(WC26-KN20),0.0,0,38500,38500,38500,0,0,0.0,100.0,1,high,24.09,6,2,45,https://www.musinsa.com/products/5936493
2026-09-01,드헤베,5936813,Half Sleeve Cable Knit [Ivory],0.0,0,63900,63900,63900,0,0,0.0,100.0,1,high,24.08,5,2,45,https://www.musinsa.com/products/5936813
2026-09-01,드헤베,5937069,Round Neck Frill Blouse [Butter],0.0,0,103500,103500,103500,0,0,0.0,100.0,1,high,24.08,5,2,45,https://www.musinsa.com/products/5937069
2026-09-01,쿠어,5937517,버튼다운 워시드 옥스포드 셔츠 (네이비),0.0,0,135000,135000,135000,0,0,0.0,100.0,1,high,24.1,5,2,45,https://www.musinsa.com/products/5937517
2026-09-01,아캄,5937581,Walt Panel Cotton Pants (Navy),0.0,0,132300,132300,132300,0,0,0.0,100.0,1,high,24.1,5,2,45,https://www.musinsa.com/products/5937581
2026-09-01,락케이크,5937773,Slogan Mesh Top - White,1.46,76555,52440,52440,45460,1,6980,15.35,100.0,1,medium,24.09,6,2,45,https://www.musinsa.com/products/5937773
2026-09-01,굿라이프웍스,5938797,논페이드 커브드 와이드 데님 팬츠 블랙,0.65,22608,34860,34860,34860,0,0,0.0,100.0,1,high,24.1,5,2,45,https://www.musinsa.com/products/5938797
2026-09-01,세터,5940845,아치 아페로 로고 스웨트셔츠 블랙,0.0,0,119000,119000,119000,0,0,0.0,100.0,1,high,24.1,5,2,45,https://www.musinsa.com/products/5940845
2026-09-01,르아르,5944301,리브드 후디드 롱슬리브 티셔츠 [차콜],6.93,349305,50400,50400,50400,0,0,0.0,100.0,1,high,24.1,14,2,45,https://www.musinsa.com/products/5944301
2026-09-01,커버낫,5944749,가먼트 워시드 커버올 자켓 로얄 블루,0.0,0,119070,119070,132300,1,-13230,-10.0,100.0,1,medium,24.09,5,2,45,https://www.musinsa.com/products/5944749
2026-09-01,커버낫,5944813,스몰 C 로고 맨투맨 다크 블루,0.0,0,63990,63990,71100,1,-7110,-10.0,100.0,1,medium,24.09,5,2,45,https://www.musinsa.com/products/5944813
2026-09-01,미세키서울 맨,5948525,Placket detail hoodie top CHARCOAL,2.04,153769,75240,75240,75240,0,0,0.0,100.0,1,high,24.1,11,2,45,https://www.musinsa.com/products/5948525
2026-09-01,주앙옴므,5950445,리파인드 커브드 트라우저 (블랙),0.9,97682,108800,108800,108800,0,0,0.0,100.0,1,high,24.08,5,2,45,https://www.musinsa.com/products/5950445
2026-09-01,그루브라임,5950509,라인 테이핑 후드 티셔츠 (LRSFCTH727M),0.0,0,22800,22800,14900,1,7900,53.02,100.0,1,medium,24.09,6,2,45,https://www.musinsa.com/products/5950509
2026-09-01,카키포인트,5951085,Record Straight Denim (gray),0.0,0,90000,90000,80000,1,10000,12.5,100.0,1,medium,24.09,6,2,45,https://www.musinsa.com/products/5951085
2026-09-01,브랜디드,5952365,CALF HAIR DOUBLE EYELET LONG BELT [BLACK],0.0,0,100300,100300,100300,0,0,0.0,100.0,1,high,24.08,5,2,45,https://www.musinsa.com/products/5952365
2026-09-01,코드그라피,5956525,체크 후드 점퍼-스카이 블루,0.0,0,76300,76300,76300,0,0,0.0,100.0,1,high,24.08,5,2,45,https://www.musinsa.com/products/5956525
2026-09-01,무드인사이드,5957357,워시드 해링턴 자켓_Black,0.73,33495,45900,45900,44900,1,1000,2.23,100.0,1,medium,24.09,6,2,45,https://www.musinsa.com/products/5957357
2026-09-01,프리즘웍스,5958445,ULTRA HEAVYWEIGHT COLLAR CARDIGAN _ FOREST GREEN,0.0,0,105840,105840,117600,1,-11760,-10.0,100.0,1,medium,24.09,6,2,45,https://www.musinsa.com/products/5958445
2026-09-01,일꼬르소,5959981,시에로 라이트 푸퍼 다운 자켓 카키,0.0,0,129060,129060,129060,0,0,0.0,100.0,1,high,24.09,5,2,45,https://www.musinsa.com/products/5959981
2026-09-01,그루브라임,5963309,DYEING WASHING DENIM JUMPER (LRRSCUD111M),0.0,0,34900,34900,19000,1,15900,83.68,100.0,1,medium,24.09,6,2,45,https://www.musinsa.com/products/5963309
2026-09-01,2000아카이브스,5964333,AS WASHED DENIM CAP (DARK BLUE),0.0,0,47130,47130,42840,1,4290,10.01,100.0,1,medium,24.09,6,2,45,https://www.musinsa.com/products/5964333
2026-09-01,무드인사이드,5964909,에센셜 무드 라운드 가디건_7Color,0.1,3036,29900,34900,29900,1,5000,16.72,100.0,1,medium,10.22,23,6,45,https://www.musinsa.com/products/5964909
2026-09-01,제너럴아이디어,5966957,UNISEX 와플 부클 카라 가디건 [IVORY] / GF1UKC001,0.0,0,52500,52500,57600,1,-5100,-8.85,100.0,1,medium,24.09,6,2,45,https://www.musinsa.com/products/5966957
2026-09-01,파르티멘토,5967405,백 사틴 후디드 필드 파카 베이지,0.0,0,147900,147900,133110,1,14790,11.11,100.0,1,medium,24.09,5,2,45,https://www.musinsa.com/products/5967405
2026-09-01,르바,5968621,Tiered Volume Dress - Off White,0.0,0,152100,152100,118300,1,33800,28.57,100.0,1,medium,24.08,5,2,45,https://www.musinsa.com/products/5968621
2026-09-01,제로,5969261,베이직 하드 레더 벨트 [블랙],0.35,12201,35000,35000,35000,0,0,0.0,100.0,1,high,24.1,5,2,45,https://www.musinsa.com/products/5969261
2026-09-01,999휴머니티,5970029,어드벤처 플리츠 데님 팬츠 (빈티지 블루),0.0,0,163000,163000,163000,0,0,0.0,100.0,1,high,24.1,5,2,45,https://www.musinsa.com/products/5970029
2026-09-01,필루미네이트,5970733,(W) 셔링 디테일 셔츠-화이트,0.0,0,35000,35000,35000,0,0,0.0,100.0,1,high,24.02,6,2,45,https://www.musinsa.com/products/5970733
2026-09-01,필루미네이트,5972909,(W) 슬럽 턴업 세미 와이드 데님 팬츠-블루,0.0,0,39000,39000,39000,0,0,0.0,100.0,1,high,24.02,6,2,45,https://www.musinsa.com/products/5972909
2026-09-01,론론,5973037,DOT HEART POCKET OVER FIT LONG SLEEVE NAVY,0.07,3168,47520,41580,47520,1,-5940,-12.5,100.0,1,medium,24.0,9,5,45,https://www.musinsa.com/products/5973037
2026-09-01,더뮤지엄비지터,5973101,PATCH ARTWORK TOGGLE MINI CROSS BAG (BLACK),0.0,0,77400,77400,83850,1,-6450,-7.69,100.0,1,medium,24.09,6,2,45,https://www.musinsa.com/products/5973101
2026-09-01,엘무드,5973805,세빌 울 스트라이프 더블 블레이저 블랙,0.0,0,252000,252000,252000,0,0,0.0,100.0,1,high,24.09,5,2,45,https://www.musinsa.com/products/5973805
2026-09-01,에이치덱스,5975405,컬러 서밋 박스 웜업 저지 롱 슬리브 (White),1.77,149671,84550,84550,84550,0,0,0.0,100.0,1,high,24.08,5,2,45,https://www.musinsa.com/products/5975405
2026-09-01,에이치덱스,5975469,넘버8 컷오프 데미지 슬리브리스 (Black),0.0,0,53100,53100,53100,0,0,0.0,100.0,1,high,24.08,5,2,45,https://www.musinsa.com/products/5975469
2026-09-01,아틀리에 나인,5975597,STRIPE RIBBON BUSTIER BLOUSE (BL-4388),0.0,0,119570,119570,138810,1,-19240,-13.86,100.0,1,medium,24.1,5,2,45,https://www.musinsa.com/products/5975597
2026-09-01,메종미네드,5975981,NYLON TRUCKER CAP BROWN,0.0,0,29400,29400,29400,0,0,0.0,100.0,1,high,24.08,5,2,45,https://www.musinsa.com/products/5975981
2026-09-01,꼼파뇨,5976813,쁘띠릴리 레글런 피그먼트 맨투맨 스모크블랙,0.0,0,41800,41800,41800,0,0,0.0,100.0,1,high,24.08,5,2,45,https://www.musinsa.com/products/5976813
2026-09-01,플리즈노팔로우,5976941,Suzan Heart-Neck Long Sleeve Top (Melange Charcoal),0.0,0,75650,75650,75650,0,0,0.0,100.0,1,low,24.09,5,2,45,https://www.musinsa.com/products/5976941
2026-09-01,로제프란츠,5977773,See-through Pleat Short Sleeved Blouse [Sky Blue],0.0,0,53760,53760,47040,1,6720,14.29,100.0,1,medium,24.08,5,2,45,https://www.musinsa.com/products/5977773
2026-09-01,토피,5980077,포켓 코튼 하프 셔츠 (SAGE GREEN),0.0,0,28900,28900,28900,0,0,0.0,100.0,1,high,24.09,6,2,45,https://www.musinsa.com/products/5980077
2026-09-01,몽돌,5982829,사이드 턱 새틴 미디 스커트 라이트블루 MDSK033LBLUE,0.0,0,43200,43200,43200,0,0,0.0,100.0,1,high,24.09,6,2,45,https://www.musinsa.com/products/5982829
2026-09-01,와이케이,5983213,MELLOW DREAM 스트라이프 레이어드 티셔츠 차콜,0.0,0,59250,59250,41480,1,17770,42.84,100.0,1,medium,24.02,6,2,45,https://www.musinsa.com/products/5983213
2026-09-01,이지노이지,5983405,워시드 레더 크롭 자켓 - 블랙,0.0,0,129900,129900,129900,0,0,0.0,100.0,1,high,24.1,5,2,45,https://www.musinsa.com/products/5983405
2026-09-01,아틀리에 나인,5983597,CORA LEATHER COTTON JACKET (CT-1481),0.0,0,179730,179730,208650,1,-28920,-13.86,100.0,1,medium,24.1,5,2,45,https://www.musinsa.com/products/5983597
2026-09-01,아틀리에 나인,5983725,LOWRISE LINE VOLUME DENIM PANTS (PT-5738),0.0,0,81970,81970,95160,1,-13190,-13.86,100.0,1,medium,24.1,5,2,45,https://www.musinsa.com/products/5983725
2026-09-01,틸아이다이,5984109,Tweed blouson jacket [TISP05JK07]_Ivory,0.0,0,176850,176850,176850,0,0,0.0,100.0,1,high,24.09,6,2,45,https://www.musinsa.com/products/5984109
2026-09-01,던스트,5987501,2-WAY SHIRRING KNIT TOP_UDSW6A204_SOFT BLUE,0.0,0,64080,64080,64080,0,0,0.0,100.0,1,high,24.02,6,2,45,https://www.musinsa.com/products/5987501
2026-09-01,던스트,5987565,UNISEX LOOSE T-SHIRT_UDTS6A112_WHITE,0.0,0,35280,35280,35280,0,0,0.0,100.0,1,high,24.02,6,2,45,https://www.musinsa.com/products/5987565
2026-09-01,르바,5992237,Wool Knit Half-zip Pullover - Caramel Beige,0.0,0,169200,169200,169200,0,0,0.0,100.0,1,high,24.08,5,2,45,https://www.musinsa.com/products/5992237
2026-09-01,디스이즈네버댓,5992429,INTL. Logo Zip Up Hoodie Ink,1.0,87059,87200,87200,87200,0,0,0.0,100.0,1,high,24.09,5,2,45,https://www.musinsa.com/products/5992429
2026-09-01,인사일런스,5993261,워시드 코튼 CPO 셔츠 WASHED OLIVE,0.0,0,116100,116100,116100,0,0,0.0,100.0,1,high,24.09,5,2,45,https://www.musinsa.com/products/5993261
2026-09-01,제너럴아이디어,5996269,슬릿 넥 케이프 블라우스 [BLACK] / GF1LBL509,0.0,0,45600,45600,44000,1,1600,3.64,100.0,1,medium,24.09,6,2,45,https://www.musinsa.com/products/5996269
2026-09-01,몰든,5999597,하이 스트레치 러닝 팬츠,0.0,0,67600,67600,84500,1,-16900,-20.0,100.0,1,medium,24.09,6,2,45,https://www.musinsa.com/products/5999597
2026-09-01,길라아카이브,5999917,CUT OUT DOUBLE WAIST BUTTON SKIRTS_BEIGE,0.0,0,75470,75470,75470,0,0,0.0,100.0,1,high,24.02,6,2,45,https://www.musinsa.com/products/5999917
2026-09-01,데꼬로소,6000429,패널 립 라운드 가디건 [그레이],2.97,176213,59400,59400,59400,0,0,0.0,100.0,1,high,24.02,9,2,45,https://www.musinsa.com/products/6000429
2026-09-01,배드블러드,6002221,Mystic Formal Curved Chino Pants - Brown,0.0,0,127200,127200,121640,1,5560,4.57,100.0,1,medium,24.09,6,2,45,https://www.musinsa.com/products/6002221
2026-09-01,밀로 아카이브,6005485,튠 시그널 트러커 캡 [네이비],0.0,0,41600,41600,46800,1,-5200,-11.11,100.0,1,medium,24.02,6,2,45,https://www.musinsa.com/products/6005485
2026-09-01,파르티멘토,6005741,빈티지 치노 팬츠 브라운,0.0,0,61100,61100,54990,1,6110,11.11,100.0,1,medium,24.09,5,2,45,https://www.musinsa.com/products/6005741
2026-09-01,더바이닐하우스,6007021,BASIC WIDE DENIM PANTS BLUE,0.0,0,72240,72240,92880,1,-20640,-22.22,100.0,1,medium,24.09,5,2,45,https://www.musinsa.com/products/6007021
2026-09-01,탄산마그네슘,6014701,홀스 래빗 롱슬리브 (스카이블루),6.75,353802,52440,52440,52440,0,0,0.0,100.0,1,high,9.61,20,5,45,https://www.musinsa.com/products/6014701
2026-09-01,세컨모놀로그,6015661,Cropped Pigment Wash Sweat [CHARCOAL]_SETS054CHARCOAL,0.0,0,66500,66500,61750,1,4750,7.69,100.0,1,medium,24.09,5,2,45,https://www.musinsa.com/products/6015661
2026-09-01,바이모노,6016493,[빅사이즈 M-6XL] 모노 U.S 오버핏 개파카 야상(ver.숏),0.0,0,89900,89900,89900,0,0,0.0,100.0,1,high,24.09,5,2,45,https://www.musinsa.com/products/6016493
2026-09-01,제멋,6017005,보이 크롭 피그먼트 긴팔티셔츠 애쉬그레이 KJLT2683,0.0,0,28900,28900,28900,0,0,0.0,100.0,1,high,24.09,6,2,45,https://www.musinsa.com/products/6017005
2026-09-01,에이치덱스,6017645,엑스퍼트 스티치 라인 브라탑 (Fog Gray),0.0,0,46550,46550,46550,0,0,0.0,100.0,1,high,24.08,5,2,45,https://www.musinsa.com/products/6017645
2026-09-01,그루브라임,6020973,빈티지 워싱 더블니 벌룬 와이드 데님 팬츠,0.0,0,37800,37800,29900,1,7900,26.42,100.0,1,medium,24.09,6,2,45,https://www.musinsa.com/products/6020973
2026-09-01,아메스 월드와이드,6021293,OVER FIT STRIPE SHIRTS PINK,0.0,0,44160,44160,55200,1,-11040,-20.0,100.0,1,medium,24.08,5,2,45,https://www.musinsa.com/products/6021293
2026-09-01,세터,6023725,블러쉬 메리 스니커즈 올리브 그린,0.0,0,129000,129000,129000,0,0,0.0,100.0,1,high,24.1,5,2,45,https://www.musinsa.com/products/6023725
2026-09-01,어반드레스,6026157,레나 레이어드 니트 티_6Colors,0.0,0,40800,40800,40800,0,0,0.0,100.0,1,high,24.09,6,2,45,https://www.musinsa.com/products/6026157
2026-09-01,파르티멘토,6030125,와플 헨리 롱 슬리브 블랙,0.0,0,60900,60900,54810,1,6090,11.11,100.0,1,medium,24.09,5,2,45,https://www.musinsa.com/products/6030125
2026-09-01,에스피오나지,6031597,Multi Check Flap Pocket Shirt Brown,0.0,0,75600,75600,77760,1,-2160,-2.78,100.0,1,medium,24.09,6,2,45,https://www.musinsa.com/products/6031597
2026-09-01,루에브르,6035117,Wrap Tuck Detail T-shirt SW6SE644_2color,0.0,0,69000,69000,69000,0,0,0.0,100.0,1,high,24.09,6,2,45,https://www.musinsa.com/products/6035117
2026-09-01,루에브르,6035245,Dual Line Tailored Jacket SW6SJ623-9E,0.0,0,239000,239000,239000,0,0,0.0,100.0,1,high,24.09,6,2,45,https://www.musinsa.com/products/6035245
2026-09-01,다이브인,6035757,WASHED DOUBLE WAIST PANTS (BLACK),0.0,0,95200,95200,119000,1,-23800,-20.0,100.0,1,medium,24.09,5,2,45,https://www.musinsa.com/products/6035757
2026-09-01,슬로우애시드,6040173,텍스쳐드 블록 가디건 [레드],0.0,0,57400,57400,57400,0,0,0.0,100.0,1,high,24.08,5,2,45,https://www.musinsa.com/products/6040173
2026-09-01,슬로우애시드,6040301,플란넬 커프 체크 셔츠 [그레이],0.0,0,60200,60200,60200,0,0,0.0,100.0,1,high,24.08,5,2,45,https://www.musinsa.com/products/6040301
2026-09-01,브룩스 브라더스,6040493,코튼 피케 폴로 셔츠 (차콜) (BBNTMNZ502),0.0,0,77840,77840,77840,0,0,0.0,100.0,1,high,24.02,6,2,45,https://www.musinsa.com/products/6040493
2026-09-01,유라고,6041197,Stripe logo hoodie anorak,2.0,122814,61560,61560,61560,0,0,0.0,100.0,1,high,24.1,5,2,45,https://www.musinsa.com/products/6041197
2026-09-01,본투윈,6042669,NUMBER RINGER REGULAR FIT T-SHIRTS [NAVY],0.15,7124,49000,36700,49000,1,-12300,-25.1,100.0,1,medium,24.09,6,2,45,https://www.musinsa.com/products/6042669
2026-09-01,제너럴아이디어,6043885,데일리 숏슬리브 티셔츠 [BROWN] / GF1LTS511,0.0,0,23100,23100,23200,1,-100,-0.43,100.0,1,medium,24.09,6,2,45,https://www.musinsa.com/products/6043885
2026-09-01,제너럴아이디어,6043949,루즈핏 헨리넥 티셔츠 [WHITE] / GF1LTS516,0.0,0,36800,36800,32000,1,4800,15.0,100.0,1,medium,24.09,6,2,45,https://www.musinsa.com/products/6043949
2026-09-01,썸웨어버터,6044653,Slub Henley Long Top - Grey,0.0,0,45360,45360,45360,0,0,0.0,100.0,1,high,24.02,6,2,45,https://www.musinsa.com/products/6044653
2026-09-01,썬러브투어,6047277,Grand Prix Cap Navy,0.0,0,48300,48300,48300,0,0,0.0,100.0,1,high,24.09,6,2,45,https://www.musinsa.com/products/6047277
2026-09-01,르아브,6050221,마커스 하이넥 블루종 블랙,0.0,0,188300,188300,188300,0,0,0.0,100.0,1,high,24.02,6,2,45,https://www.musinsa.com/products/6050221
2026-09-01,플랙,6050733,페퍼유 X 플랙 블레이저 블랙,0.0,0,168080,168080,149400,1,18680,12.5,100.0,1,medium,24.09,5,2,45,https://www.musinsa.com/products/6050733
2026-09-01,썸웨어버터,6050989,Pocket Toast Shoulder Bag - Black,1.01,86602,85680,85680,85680,0,0,0.0,100.0,1,high,24.02,6,2,45,https://www.musinsa.com/products/6050989
2026-09-01,로우클래식,6051053,STRIPED V-NECK SWEATER_BLUE [LC261KN01BL],0.0,0,71030,71030,81180,1,-10150,-12.5,100.0,1,medium,24.09,6,2,45,https://www.musinsa.com/products/6051053
2026-09-01,로우클래식,6051117,REGULAR-FIT Lc CHECKED SHIRT_PINK [LC267SH02PK],0.0,0,118850,118850,125100,1,-6250,-5.0,100.0,1,medium,24.09,6,2,45,https://www.musinsa.com/products/6051117
2026-09-01,썸웨어버터,6053869,Lay Button Raglan Top - Light Blue,0.0,0,39200,39200,39200,0,0,0.0,100.0,1,high,24.02,6,2,45,https://www.musinsa.com/products/6053869
2026-09-01,커버낫,6054381,시그니처 심볼 포켓 폴로 티셔츠 블랙,0.0,0,43470,43470,41400,1,2070,5.0,100.0,1,medium,24.09,5,2,45,https://www.musinsa.com/products/6054381
2026-09-01,시눈,6055661,Flower Veil Blouse (White),0.0,0,131720,131720,131720,0,0,0.0,100.0,1,high,24.1,5,2,45,https://www.musinsa.com/products/6055661
2026-09-01,칙스,6057645,투턱 와이드 버뮤다 팬츠 블랙,0.0,0,31920,31920,31920,0,0,0.0,100.0,1,high,24.09,6,2,45,https://www.musinsa.com/products/6057645
2026-09-01,언타이틀 서울,6058285,언타이틀 체크 숏 슬리브 셔츠 브라운,0.0,0,30800,30800,30800,0,0,0.0,100.0,1,high,24.1,5,2,45,https://www.musinsa.com/products/6058285
2026-09-01,브룩스 브라더스,6058861,[여성] 케이블 브이넥 반팔 (베이지) (BBWNWBG206),0.0,0,127200,127200,127200,0,0,0.0,100.0,1,high,24.02,6,2,45,https://www.musinsa.com/products/6058861
2026-09-01,제로,6059117,사이드 헨리 넥 롱 슬리브 [차콜],0.0,0,29000,29000,29000,0,0,0.0,100.0,1,high,24.1,5,2,45,https://www.musinsa.com/products/6059117
2026-09-01,언더오프,6065325,크롭 프렌치 워크 자켓 블랙,0.0,0,39920,39920,39920,0,0,0.0,100.0,1,high,24.09,5,2,45,https://www.musinsa.com/products/6065325
2026-09-01,나이스고스트클럽,6065389,3STAR BASIC TEE_CHARCOAL(NG2GMUT534A),0.0,0,24570,24570,24570,0,0,0.0,100.0,1,high,24.02,6,2,45,https://www.musinsa.com/products/6065389
2026-09-01,세터,6065773,[라이즈PICK] 레터링 스트라이프 셔츠 베이지,0.0,0,139000,139000,139000,0,0,0.0,100.0,1,high,24.1,5,2,45,https://www.musinsa.com/products/6065773
2026-09-01,일리고,6067437,돌리 플리츠 미니 스커트 블랙,0.0,0,72000,72000,72000,0,0,0.0,100.0,1,low,24.08,5,2,45,https://www.musinsa.com/products/6067437
2026-09-01,플리즈노팔로우,6067885,Ollie Hooked Cardigan (Oatmeal),0.0,0,78400,78400,83300,1,-4900,-5.88,100.0,1,medium,24.09,6,2,45,https://www.musinsa.com/products/6067885
2026-09-01,999휴머니티,6068781,저지 숏 비니 (블랙),0.0,0,58000,58000,58000,0,0,0.0,100.0,1,high,24.1,5,2,45,https://www.musinsa.com/products/6068781
2026-09-01,더바이닐하우스,6075501,RAW CUT OVER LS TEE (W) BLUE,0.0,0,37170,37170,44920,1,-7750,-17.25,100.0,1,medium,24.09,5,2,45,https://www.musinsa.com/products/6075501
2026-09-01,프리즘웍스,6075565,OG STONE WASHED POCKET TEE _ BLACK,1.0,43156,43310,43200,48000,1,-4800,-10.0,100.0,1,medium,24.09,6,2,45,https://www.musinsa.com/products/6075565
2026-09-01,바우로 프로덕트,6079021,울 플루이드 니트티 [버건디],0.0,0,49900,49900,49900,0,0,0.0,100.0,1,high,24.08,5,2,45,https://www.musinsa.com/products/6079021
2026-09-01,밀로 아카이브,6080749,러슬링 하프 셔츠 [워시드 블랙],0.0,0,78400,78400,88200,1,-9800,-11.11,100.0,1,medium,24.02,6,2,45,https://www.musinsa.com/products/6080749
2026-09-01,유니폼브릿지,6081517,UBC anchor bandana ecru,0.0,0,35100,35100,35100,0,0,0.0,100.0,1,high,24.09,6,2,45,https://www.musinsa.com/products/6081517
2026-09-01,유니폼브릿지,6081645,type-3 trucker jacket blue,0.0,0,89500,89500,89500,0,0,0.0,100.0,1,high,24.09,6,2,45,https://www.musinsa.com/products/6081645
2026-09-01,해칭룸,6081901,Rana Shirt Over Dyed Brown,0.0,0,188000,188000,188000,0,0,0.0,100.0,1,high,24.08,5,2,45,https://www.musinsa.com/products/6081901
2026-09-01,디스이즈네버댓,6087277,International Tee Navy,0.0,0,47200,47200,47200,0,0,0.0,100.0,1,high,24.09,5,2,45,https://www.musinsa.com/products/6087277
2026-09-01,무센트,6089581,엑시엄 사선 헨리넥 배색 긴팔 티,0.0,0,27930,27930,39900,1,-11970,-30.0,100.0,1,medium,24.09,5,2,45,https://www.musinsa.com/products/6089581
2026-09-01,나이스고스트클럽,6089965,BIG EYES DOLL TEE_CHARCOAL(NG2GMFT505A),0.47,11593,24570,24570,24570,0,0,0.0,100.0,1,high,24.02,6,2,45,https://www.musinsa.com/products/6089965
2026-09-01,나이스고스트클럽,6090029,BIG EYES DOLL KEY CHAIN_MIX(NG2GSUAB63A),0.0,0,11970,11970,11970,0,0,0.0,100.0,1,high,24.02,6,2,45,https://www.musinsa.com/products/6090029
2026-09-01,나이스고스트클럽,6090989,DEVIL BEAR DOLL PIGMENT DYED TEE_CHARCOAL(NG2GMUT509A),0.0,0,32760,32760,32760,0,0,0.0,100.0,1,high,24.02,6,2,45,https://www.musinsa.com/products/6090989
2026-09-01,코드그라피,6091949,(우먼) 레이어드 프릴 반소매 티셔츠-오프 화이트,0.0,0,48300,48300,48300,0,0,0.0,100.0,1,high,24.08,5,2,45,https://www.musinsa.com/products/6091949
2026-09-01,코드그라피,6092013,포켓 반소매 셔츠-스카이 블루,0.0,0,71100,71100,71100,0,0,0.0,100.0,1,high,24.08,5,2,45,https://www.musinsa.com/products/6092013
2026-09-01,트리밍버드,6092973,Slash-Pleated Nylon Track Pants [ Black ],0.0,0,179000,179000,179000,0,0,0.0,100.0,1,high,24.09,6,2,45,https://www.musinsa.com/products/6092973
2026-09-01,몽돌,6093037,골지 캡소매 홀터 스트랩 니트 MDKT125_5 Colors,0.15,3673,25200,25200,25200,0,0,0.0,100.0,1,high,24.09,6,2,45,https://www.musinsa.com/products/6093037
2026-09-01,르바,6095469,All-day Cotton Rib T-shirt - Cream Butter,0.0,0,37800,37800,29400,1,8400,28.57,100.0,1,medium,24.08,5,2,45,https://www.musinsa.com/products/6095469
2026-09-01,브룩스 브라더스,6099181,Yacht 그래픽 반팔 티셔츠 (네이비) (BBNPMBG202),0.0,0,76160,76160,76160,0,0,0.0,100.0,1,high,24.02,6,2,45,https://www.musinsa.com/products/6099181
2026-09-01,메인부스,6099565,Cookie Stripe Hood T-shirt(YELLOW),0.0,0,84100,84100,84100,0,0,0.0,100.0,1,high,24.08,5,2,45,https://www.musinsa.com/products/6099565
2026-09-01,시야쥬,6102509,SITP5270 컴포트 U넥 나시탑_Red,0.0,0,35100,35100,27300,1,7800,28.57,100.0,1,medium,24.09,5,2,45,https://www.musinsa.com/products/6102509
2026-09-01,마인드브릿지,6103277,두굿_그래픽 빈티지 오버핏 반팔 티셔츠,0.35,7045,19900,19900,19900,0,0,0.0,100.0,1,high,24.0,9,6,45,https://www.musinsa.com/products/6103277
2026-09-01,썬러브투어,6103533,W Love Your Sunshine Tee White/Lavender,0.0,0,48300,48300,48300,0,0,0.0,100.0,1,high,24.09,6,2,45,https://www.musinsa.com/products/6103533
2026-09-01,필루미네이트,6108845,세미 크롭 체크 하프 셔츠-스카이블루,0.0,0,32000,32000,32000,0,0,0.0,100.0,1,high,24.02,6,2,45,https://www.musinsa.com/products/6108845
2026-09-01,미세키서울 맨,6110957,MSKM short sleeve WHITE,0.0,0,57800,57800,57800,0,0,0.0,100.0,1,high,24.1,5,2,45,https://www.musinsa.com/products/6110957
2026-09-01,마인드브릿지 우먼,6112493,[W]브이넥 타이 반팔 화이트 블라우스,0.0,0,71900,71900,71900,0,0,0.0,100.0,1,high,24.1,5,2,45,https://www.musinsa.com/products/6112493
2026-09-01,론론,6114413,MULTI STRIPE LETTERING T SHIRT NAVY,0.0,0,44550,44550,30800,1,13750,44.64,100.0,1,medium,24.09,6,2,45,https://www.musinsa.com/products/6114413
2026-09-01,론론,6115437,DUFFLE PLACKET HOODIE ZIP UP IVORY,0.0,0,107730,107730,95760,1,11970,12.5,100.0,1,medium,24.09,6,2,45,https://www.musinsa.com/products/6115437
2026-09-01,러브이즈트루,6117293,SHUGO CHARA! RIMA RINGER TEE(GRAY),0.0,0,54000,54000,54000,0,0,0.0,100.0,1,high,24.02,6,2,45,https://www.musinsa.com/products/6117293
2026-09-01,코드그라피,6118893,(우먼) 레글런 배색 롱슬리브_화이트,0.0,0,34300,34300,34300,0,0,0.0,100.0,1,high,24.08,5,2,45,https://www.musinsa.com/products/6118893
2026-09-01,플랙,6121645,캔버스 메일 백 2colors,0.0,0,53460,53460,47520,1,5940,12.5,100.0,1,medium,24.09,5,2,45,https://www.musinsa.com/products/6121645
2026-09-01,허그본,6123693,코어 테리 롱슬리브 [블랙],0.0,0,32300,32300,32300,0,0,0.0,100.0,1,high,24.08,5,2,45,https://www.musinsa.com/products/6123693
2026-09-01,오퍼스 0012,6126317,Op. 07 BAROQUE T-SHIRT BLACK,0.0,0,44250,44250,44250,0,0,0.0,100.0,1,high,24.09,6,2,45,https://www.musinsa.com/products/6126317
2026-09-01,비바라비다,6126637,Alive 시어 윈드 브레이커 자켓,0.0,0,54900,54900,54900,0,0,0.0,100.0,1,high,24.09,6,2,45,https://www.musinsa.com/products/6126637
2026-09-01,인사일런스,6129709,와플 크루넥 롱슬리브 BLACK,0.0,0,44100,44100,44000,1,100,0.23,100.0,1,medium,24.09,5,2,45,https://www.musinsa.com/products/6129709
2026-09-01,브룩스 브라더스,6134765,[여성] 코튼 쇼츠 (네이비) (BBPSWFG201),0.0,0,127200,127200,127200,0,0,0.0,100.0,1,high,24.02,6,2,45,https://www.musinsa.com/products/6134765
2026-09-01,필루미네이트,6135405,(W) 에센셜 나일론 쇼츠-그레이,0.0,0,32000,32000,32000,0,0,0.0,100.0,1,high,24.02,6,2,45,https://www.musinsa.com/products/6135405
2026-09-01,필루미네이트,6140909,볼링 하프 셔츠-네이비,0.0,0,32000,32000,32000,0,0,0.0,100.0,1,high,24.02,6,2,45,https://www.musinsa.com/products/6140909
2026-09-01,일리고,6149101,세라 퍼프 블라우스 그레이,1.9,84101,44364,62000,43400,1,18600,42.86,100.0,1,medium,24.08,5,2,45,https://www.musinsa.com/products/6149101
2026-09-01,파르티멘토 우먼,6151341,셔링 레이스업 발레 플랫_브라운,0.0,0,277200,277200,215600,1,61600,28.57,100.0,1,medium,24.08,5,2,45,https://www.musinsa.com/products/6151341
2026-09-01,브룩스 브라더스,6151917,스트라이프 풀오버 스웨터 (화이트) (BBWRMBG205),0.0,0,191200,191200,191200,0,0,0.0,100.0,1,high,24.02,6,2,45,https://www.musinsa.com/products/6151917
2026-09-01,브룩스 브라더스,6152173,[여성] 코튼 케이블 폴로 반팔 스웨터 (블루) (BBWTWBG202),0.0,0,128880,128880,128880,0,0,0.0,100.0,1,high,24.02,6,2,45,https://www.musinsa.com/products/6152173
2026-09-01,브룩스 브라더스,6152429,코튼 케이블 크루넥 반팔 스웨터 (블루) (BBWRMOG203),0.0,0,100240,100240,100240,0,0,0.0,100.0,1,high,24.02,6,2,45,https://www.musinsa.com/products/6152429
2026-09-01,키르시,6153645,스몰 체리 슬림핏 스트라이프 티셔츠 [화이트],0.0,0,33350,33350,33350,0,0,0.0,100.0,1,high,24.09,5,2,45,https://www.musinsa.com/products/6153645
2026-09-01,키르시,6153709,키르시 베이직 데님 쇼츠 [차콜],0.0,0,64080,64080,64080,0,0,0.0,100.0,1,high,24.09,5,2,45,https://www.musinsa.com/products/6153709
2026-09-01,노티카,6155885,세일링 레가타 티셔츠(4colors) NTS5676,0.0,0,29400,29400,29400,0,0,0.0,100.0,1,high,24.1,5,2,45,https://www.musinsa.com/products/6155885
2026-09-01,수아레,6156717,[수아레 x 핏더사이즈] 코튼 울 텍스처 크롭 반팔 니트 (2종),7.75,154176,19900,19900,19900,0,0,0.0,100.0,1,low,15.83,22,5,45,https://www.musinsa.com/products/6156717
2026-09-01,칙스,6159469,헤어리 모헤어 후드 가디건 차콜,0.0,0,67900,67900,54320,1,13580,25.0,100.0,1,medium,24.09,6,2,45,https://www.musinsa.com/products/6159469
2026-09-01,아메스 월드와이드,6162349,CLASSIC STRIPE EASY SHORTS IVORY,0.0,0,28910,28910,41300,1,-12390,-30.0,100.0,1,medium,24.08,5,2,45,https://www.musinsa.com/products/6162349
2026-09-01,아메스 월드와이드,6162925,AMES CIRCLE LOGO SYMBOL TEE CHARCOAL,0.1,1666,17000,17000,23800,1,-6800,-28.57,100.0,1,medium,24.08,5,2,45,https://www.musinsa.com/products/6162925
2026-09-01,언타이틀 서울,6166189,유니콘 스티치 스트라이프 크롭 반팔 블랙,0.0,0,23800,23800,23800,0,0,0.0,100.0,1,high,24.1,5,2,45,https://www.musinsa.com/products/6166189
2026-09-01,인사일런스 우먼,6170925,와플 베이비핏 캡슬리브 IVORY,0.0,0,53100,53100,53100,0,0,0.0,100.0,1,high,24.09,6,2,45,https://www.musinsa.com/products/6170925
2026-09-01,999휴머니티,6172909,선페이드 하프 티셔츠 (오렌지),0.0,0,88000,88000,88000,0,0,0.0,100.0,1,high,24.1,5,2,45,https://www.musinsa.com/products/6172909
2026-09-01,아틀리에 나인,6173805,SHEER STRIPE OVERSIZED SHIRT (BL-4412),1.65,159305,96675,85680,99610,1,-13930,-13.98,100.0,1,medium,24.1,5,2,45,https://www.musinsa.com/products/6173805
2026-09-01,엘무드,6174253,디온 비스코스 슬리브리스 니트 (2 COLOR),0.0,0,57600,57600,57600,0,0,0.0,100.0,1,high,24.09,5,2,45,https://www.musinsa.com/products/6174253
2026-09-01,더바넷,6174509,Terry Logo Half-Zip Pullover_Grey,0.0,0,106200,106200,118000,1,-11800,-10.0,100.0,1,medium,24.08,5,2,45,https://www.musinsa.com/products/6174509
2026-09-01,더블유엠씨,6174701,와이드 트리밍팬츠_BLACK,0.0,0,51600,51600,51600,0,0,0.0,100.0,1,high,24.02,6,2,45,https://www.musinsa.com/products/6174701
2026-09-01,알리스,6175981,썸머 소프트 슬럽 U넥 크롭 하프 티셔츠 [3COLOR],9.66,299837,31055,29750,31150,1,-1400,-4.49,100.0,1,low,9.05,21,6,45,https://www.musinsa.com/products/6175981
2026-09-01,꼼파뇨,6176109,루나 스타 버뮤다 팬츠 그레이,0.0,0,37950,37950,37950,0,0,0.0,100.0,1,high,24.08,5,2,45,https://www.musinsa.com/products/6176109
2026-09-01,9999아카이브,6176365,Urban Core Hybrid Zip-Up,0.37,40071,107280,107280,107280,0,0,0.0,52.83,0,low,6.75,14,3,45,https://www.musinsa.com/products/6176365
2026-09-01,그루브라임,6177133,밴딩 원턱 데님 반바지 (2COLOR) (LRRMDDH315M),0.0,0,12900,12900,16800,1,-3900,-23.21,100.0,1,medium,24.09,6,2,45,https://www.musinsa.com/products/6177133
2026-09-01,무센트,6177197,히카로 레터링 반팔 티 (2컬러),0.0,0,20930,20930,27810,1,-6880,-24.74,100.0,1,medium,24.09,5,2,45,https://www.musinsa.com/products/6177197
2026-09-01,모즈모즈,6177837,[SET]스포티 에어 메쉬 반팔 트레이닝세트 블랙,0.0,0,48400,48400,48400,0,0,0.0,100.0,1,high,24.1,5,2,45,https://www.musinsa.com/products/6177837
2026-09-01,론론,6184941,FRILL RIBBON HOODIE BLACK DOT,0.0,0,71280,71280,49280,1,22000,44.64,100.0,1,medium,24.09,6,2,45,https://www.musinsa.com/products/6184941
2026-09-01,론론,6185709,RELAXED BANDING HALF PANTS GREY,0.0,0,89100,89100,61600,1,27500,44.64,100.0,1,medium,24.09,6,2,45,https://www.musinsa.com/products/6185709
2026-09-01,카네이테이,6186413,BERMUDA DENIM SHORTS (SAND BLUE),0.0,0,55200,55200,65550,1,-10350,-15.79,100.0,1,medium,24.09,6,2,45,https://www.musinsa.com/products/6186413
2026-09-01,카네이테이,6187245,DENIM HALF SHIRT (BLACK),0.0,0,37340,37340,71250,1,-33910,-47.59,100.0,1,medium,24.09,6,2,45,https://www.musinsa.com/products/6187245
2026-09-01,비터셀즈,6188397,에센셜 츄이 에스티 슬리브리스-크림,0.0,0,26730,26730,26730,0,0,0.0,100.0,1,high,24.08,5,2,45,https://www.musinsa.com/products/6188397
2026-09-01,본투윈,6188525,W DOUBLE LINE BAND 3.5 BIKER SHORTS [BLACK],0.15,8619,59000,59000,59000,0,0,0.0,100.0,1,high,24.09,6,2,45,https://www.musinsa.com/products/6188525
2026-09-01,낫포너드,6191597,Fragmented Self Loose Cropped T-Shirts - Black,1.0,30611,30690,30690,30690,0,0,0.0,100.0,1,high,24.08,5,2,45,https://www.musinsa.com/products/6191597
2026-09-01,어나더 오피스,6192365,Atelier Wide Denim Pants (Faded Blue),0.0,0,198000,198000,198000,0,0,0.0,100.0,1,high,24.09,6,2,45,https://www.musinsa.com/products/6192365
2026-09-01,무드인사이드,6193709,[3STYLE] 레더 카 코트,0.0,0,89900,89900,89900,0,0,0.0,100.0,1,high,24.09,6,2,45,https://www.musinsa.com/products/6193709
2026-09-01,스컬프터,6196397,Healing Off-Shoulder Tee White,0.15,7599,52000,41600,52000,1,-10400,-20.0,100.0,1,medium,24.09,6,2,45,https://www.musinsa.com/products/6196397
2026-09-01,비터셀즈,6199853,홀 오프 숄더 슬리브리스-아이보리,0.0,0,28350,28350,28350,0,0,0.0,100.0,1,high,24.08,5,2,45,https://www.musinsa.com/products/6199853
2026-09-01,루에브르,6201901,Plage Slide HA6SE021_2color,0.0,0,199000,199000,199000,0,0,0.0,100.0,1,high,24.09,6,2,45,https://www.musinsa.com/products/6201901
2026-09-01,세터,6202157,(W) 링클 컬러 블록 스크런치 블랙,0.0,0,19000,19000,19000,0,0,0.0,100.0,1,high,24.1,5,2,45,https://www.musinsa.com/products/6202157
2026-09-01,아웃스탠딩,6202221,[LOONEY TUNES] HALF SLEEVE TEE(SYLVESTER)_1%OATMEAL,0.0,0,48600,48600,43200,1,5400,12.5,100.0,1,low,24.09,5,2,45,https://www.musinsa.com/products/6202221
2026-09-01,아웃스탠딩,6202285,[LOONEY TUNES] HALF SLEEVE TEE(RUNNING)_NAVY,0.85,32925,38700,38700,34400,1,4300,12.5,100.0,1,low,24.09,8,3,45,https://www.musinsa.com/products/6202285
2026-09-01,아웃스탠딩,6202413,[LOONEY TUNES] GRAPHIC OPEN COLLAR HALF SHIRT_IVORY,0.0,0,97200,97200,86400,1,10800,12.5,100.0,1,low,24.09,5,2,45,https://www.musinsa.com/products/6202413
2026-09-01,유니온블루,6203181,[V2] M65 WIDE CARGO PANTS [KHAKI],3.4,352815,103680,103680,121600,1,-17920,-14.74,100.0,1,medium,24.09,11,2,45,https://www.musinsa.com/products/6203181
2026-09-01,스컬프터,6204333,My Go To Sleeveless Top Melange Gray,0.15,2763,18900,18900,18900,0,0,0.0,100.0,1,high,24.09,6,2,45,https://www.musinsa.com/products/6204333
2026-09-01,언탭트 스튜디오,6204461,쿨 라이크 린넨 크로쉐 라운드 반팔 니트 5COLOR,15.74,377950,24005,26910,18900,1,8010,42.38,100.0,1,medium,9.95,26,6,45,https://www.musinsa.com/products/6204461
2026-09-01,세터,6204525,[신예은PICK] 뉴 썬 레트로 그래픽 반팔 티셔츠 차콜,1.3,89766,69000,69000,69000,0,0,0.0,100.0,1,high,24.1,5,2,45,https://www.musinsa.com/products/6204525
2026-09-01,배드블러드,6205293,B.A.D. Short Sleeve T-Shirt - Black,0.0,0,55200,55200,55890,1,-690,-1.23,100.0,1,medium,24.09,6,2,45,https://www.musinsa.com/products/6205293
2026-09-01,미세키서울 맨,6206125,MSKM denim ball cap LIGHT BLUE,0.0,0,46980,46980,46980,0,0,0.0,100.0,1,high,24.1,5,2,45,https://www.musinsa.com/products/6206125
2026-09-01,미세키서울 맨,6206189,Dyed stripe shirt CHARCOAL,0.0,0,134300,134300,134300,0,0,0.0,100.0,1,high,24.1,5,2,45,https://www.musinsa.com/products/6206189
2026-09-01,코드그라피,6207533,커브드 트레이닝 팬츠-블랙,0.0,0,80100,80100,80100,0,0,0.0,100.0,1,high,24.08,5,2,45,https://www.musinsa.com/products/6207533
2026-09-01,코드그라피,6207597,(우먼) 스퀘어 로고 반소매 티셔츠-민트,0.0,0,37800,37800,37800,0,0,0.0,100.0,1,high,24.08,5,2,45,https://www.musinsa.com/products/6207597
2026-09-01,코드그라피,6207853,(우먼) 체크 롱 스커트-스카이 블루,0.0,0,80100,80100,80100,0,0,0.0,100.0,1,high,24.08,5,2,45,https://www.musinsa.com/products/6207853
2026-09-01,스컬프터,6210349,Certified Girl Tee Black,0.0,0,39680,39680,49600,1,-9920,-20.0,100.0,1,medium,24.09,6,2,45,https://www.musinsa.com/products/6210349
2026-09-01,에이치덱스,6212461,우먼스 서포트 3.5 바이커 쇼츠 (Fog Gray),0.0,0,27300,27300,27300,0,0,0.0,100.0,1,high,24.08,5,2,45,https://www.musinsa.com/products/6212461
2026-09-01,틸아이다이,6213101,Layered ruffle rib t-shirt [TISU05TS02]_Butter,0.0,0,52490,52490,52490,0,0,0.0,100.0,1,high,24.09,6,2,45,https://www.musinsa.com/products/6213101
2026-09-01,틸아이다이,6213229,Shirring blouse [TISU05BL02]_Pink,0.0,0,61180,61180,74290,1,-13110,-17.65,100.0,1,medium,24.09,6,2,45,https://www.musinsa.com/products/6213229
2026-09-01,언탭트 스튜디오,6214061,[SET UP]라이크 린넨 오버핏 블레이져 자켓+투턱 와이드 슬랙스 2COLOR,8.32,641354,77124,54600,98000,1,-43400,-44.29,100.0,1,medium,23.51,14,4,45,https://www.musinsa.com/products/6214061
2026-09-01,디스이즈네버댓,6219245,Broken Logo Cap Green,0.0,0,38500,38500,38500,0,0,0.0,100.0,1,high,24.09,5,2,45,https://www.musinsa.com/products/6219245
2026-09-01,파브레가,6221357,아즈카 체크 하프 셔츠 (차콜),0.0,0,66600,66600,66600,0,0,0.0,100.0,1,high,24.08,5,2,45,https://www.musinsa.com/products/6221357
2026-09-01,에이이에이이,6221997,FLOWER DOME MINI BAG [WHITE],0.0,0,43470,43470,33810,1,9660,28.57,100.0,1,medium,24.08,5,2,45,https://www.musinsa.com/products/6221997
2026-09-01,아이돈워너셀,6225645,Novichi T-Shirt Gray,0.0,0,43200,43200,31320,1,11880,37.93,100.0,1,medium,24.09,5,2,45,https://www.musinsa.com/products/6225645
2026-09-01,트리밍버드,6226605,Triple-Strap Minimal Flats [ Black ],0.0,0,249000,249000,249000,0,0,0.0,100.0,1,high,24.09,6,2,45,https://www.musinsa.com/products/6226605
2026-09-01,트리밍버드,6226861,Hook and Eye Boxy T-Shirts [ White ],0.0,0,98000,98000,98000,0,0,0.0,100.0,1,high,24.09,6,2,45,https://www.musinsa.com/products/6226861
2026-09-01,비긴202,6233645,엣지 워크 라보 팬츠 [카키 올리브],11.08,1366871,123317,126650,126650,0,0,0.0,100.0,1,low,48.1,10,2,45,https://www.musinsa.com/products/6233645
2026-09-01,와르,6234797,M1087 컷 오프 라운드 반팔 티셔츠_블랙,0.0,0,39990,39990,34990,1,5000,14.29,100.0,1,medium,24.09,6,2,45,https://www.musinsa.com/products/6234797
2026-09-01,드로우핏,6234989,러스터 싱글 라인 트랙 팬츠 [BLACK],0.0,0,49500,49500,49500,0,0,0.0,100.0,1,high,24.08,5,2,45,https://www.musinsa.com/products/6234989
2026-09-01,브라운브레스,6235565,TAG RIPSTOP WORK SHIRTS - BLUE,0.0,0,99000,99000,99000,0,0,0.0,100.0,1,high,24.09,6,2,45,https://www.musinsa.com/products/6235565
2026-09-01,더블유엠씨,6239341,[UV 프로텍션] 2WAY 시어드 스탠넥 자켓_GREY,0.0,0,59500,59500,59500,0,0,0.0,100.0,1,high,24.02,6,2,45,https://www.musinsa.com/products/6239341
2026-09-01,엑스트라오디너리,6242157,[엑스트라오디너리 X 심시티] ODDS RACE SEOUL LIGHT BEIGE,0.0,0,32450,32450,32450,0,0,0.0,100.0,1,high,24.08,5,2,45,https://www.musinsa.com/products/6242157
2026-09-01,프렌다,6243821,NUMBER SEVEN OFF-SHOULDER SHORT SLEEVE BROWN,0.0,0,20580,20580,29400,1,-8820,-30.0,100.0,1,medium,24.09,6,2,45,https://www.musinsa.com/products/6243821
2026-09-01,커버낫,6245421,[커버낫 X 미즈노] 패커블 백팩 윈드브레이커 베이지,0.0,0,199200,199200,199200,0,0,0.0,100.0,1,high,24.09,5,2,45,https://www.musinsa.com/products/6245421
2026-09-01,세컨모놀로그,6247085,Relaxed Roll Sleeve Shirt [BEIGE]_SESH029BEIGE,0.0,0,49200,49200,49200,0,0,0.0,100.0,1,high,24.09,5,2,45,https://www.musinsa.com/products/6247085
2026-09-01,브룩스 브라더스,6253293,코튼린넨 스트링팬츠 (다크네이비) (BBPCMBG203),0.0,0,172080,172080,172080,0,0,0.0,100.0,1,high,24.02,6,2,45,https://www.musinsa.com/products/6253293
2026-09-01,아웃스탠딩,6253421,IPFU UTILIITY RUNNING SHORTS_OLIVE,0.85,37503,44100,44100,39200,1,4900,12.5,100.0,1,low,24.09,5,2,45,https://www.musinsa.com/products/6253421
2026-09-01,제너럴아이디어,6253613,보트넥 맨투맨 원피스 [MELANGE GREY] / GF2LOP509,0.0,0,60000,60000,60000,0,0,0.0,100.0,1,high,24.09,6,2,45,https://www.musinsa.com/products/6253613
2026-09-01,미세키서울,6254189,Midnight stars fitted short sleeve CHARCOAL,0.0,0,52200,52200,52200,0,0,0.0,100.0,1,high,24.08,5,2,45,https://www.musinsa.com/products/6254189
2026-09-01,웬즈데이오아시스,6259693,롤업 스트라이프 셔츠_IVORY(WB6SH09),0.0,0,53900,53900,53900,0,0,0.0,100.0,1,high,24.09,6,2,45,https://www.musinsa.com/products/6259693
2026-09-01,웬즈데이오아시스,6259885,빈티지 헨리넥 반팔 티셔츠_KHAKI(WB6TP27),0.0,0,38500,38500,38500,0,0,0.0,100.0,1,high,24.09,6,2,45,https://www.musinsa.com/products/6259885
2026-09-01,비헤비어,6262317,EUROPEAN FLAX™ LINEN ROLL NECK 1/2 KNIT greige/forest,0.0,0,160550,160550,160550,0,0,0.0,100.0,1,high,24.08,5,2,45,https://www.musinsa.com/products/6262317
2026-09-01,디스이즈네버댓,6262637,Spiral Note W Tee White,0.0,0,41600,41600,41600,0,0,0.0,100.0,1,high,24.09,5,2,45,https://www.musinsa.com/products/6262637
2026-09-01,길라아카이브,6262893,LEOPARD PEARL CHAIN MESH CAP_GREY,0.0,0,37170,37170,37170,0,0,0.0,100.0,1,high,24.02,6,2,45,https://www.musinsa.com/products/6262893
2026-09-01,길라아카이브,6263277,DOUBLE LAYERED CAMISOLE_KHAKI,0.0,0,32760,32760,32760,0,0,0.0,100.0,1,high,24.02,6,2,45,https://www.musinsa.com/products/6263277
2026-09-01,길라아카이브,6263725,DANGER GIRL CROP T-SHIRTS_NAVY,0.0,0,26460,26460,26460,0,0,0.0,100.0,1,high,24.02,6,2,45,https://www.musinsa.com/products/6263725
2026-09-01,넌블랭크,6272493,W29 워셔블 세미 오버핏 셋업_BLACK,0.0,0,303840,303840,303840,0,0,0.0,100.0,1,high,24.02,6,2,45,https://www.musinsa.com/products/6272493
2026-09-01,넌블랭크,6272557,[여름]시어서커 엠보싱 루즈핏 셋업_DARK NAVY,0.0,0,231040,231040,231040,0,0,0.0,100.0,1,high,24.02,6,2,45,https://www.musinsa.com/products/6272557
2026-09-01,유니폼브릿지,6274733,motorcycle s/s t-shirt(womens) blue,0.0,0,47200,47200,47200,0,0,0.0,100.0,1,high,24.09,6,2,45,https://www.musinsa.com/products/6274733
2026-09-01,드로우핏 우먼,6275821,코튼 스트라이프 반팔 카라 니트 [BEIGE],0.0,0,59400,59400,59400,0,0,0.0,100.0,1,high,24.09,6,2,45,https://www.musinsa.com/products/6275821
2026-09-01,드로우핏 우먼,6275885,스트라이프 스탠다드 오픈 카라 반팔 셔츠 [WHITE],0.0,0,55800,55800,55800,0,0,0.0,100.0,1,high,24.09,6,2,45,https://www.musinsa.com/products/6275885
2026-09-01,트리밍버드,6276205,TMB Active Socks [ Black ],0.0,0,29000,29000,29000,0,0,0.0,100.0,1,high,24.09,6,2,45,https://www.musinsa.com/products/6276205
2026-09-01,트리밍버드,6276269,TMB Active Layered Training Shorts [ Black ],0.0,0,129000,129000,129000,0,0,0.0,100.0,1,high,24.09,6,2,45,https://www.musinsa.com/products/6276269
2026-09-01,미세키서울,6277229,[미세키서울X여밈] Messy bag BLACK,0.9,71229,79200,79200,79200,0,0,0.0,100.0,1,high,24.08,5,2,45,https://www.musinsa.com/products/6277229
2026-09-01,아웃스탠딩,6291885,EMBROIDERY OPEN COLLAR HALF SHIRT_IVORY,0.0,0,71100,71100,63200,1,7900,12.5,14.68,0,low,24.0,5,1,45,https://www.musinsa.com/products/6291885
2026-09-01,세터,6292269,썬 레트로 그래픽 반팔 티셔츠 차콜 핑크,0.0,0,79000,79000,79000,0,0,0.0,100.0,1,high,24.1,5,2,45,https://www.musinsa.com/products/6292269
2026-09-01,무드인사이드,6299245,헤링본 데님 트러커 자켓,0.0,0,54900,54900,52900,1,2000,3.78,100.0,1,medium,24.09,6,2,45,https://www.musinsa.com/products/6299245
2026-09-01,미세키서울,6299565,[레이 PICK] Shirring pocket bootscut pants BLACK,0.0,0,164700,164700,164700,0,0,0.0,100.0,1,high,24.08,5,2,45,https://www.musinsa.com/products/6299565
2026-09-01,썸웨어버터,6299693,Fuzzy Heart Logo Over-Fit Top - Light Pink,0.0,0,49000,49000,49000,0,0,0.0,100.0,1,high,24.02,6,2,45,https://www.musinsa.com/products/6299693
2026-09-01,썸웨어버터,6300205,Toast Bag - Light Blue,0.0,0,69120,69120,69120,0,0,0.0,100.0,1,high,24.02,6,2,45,https://www.musinsa.com/products/6300205
2026-09-01,노매뉴얼,6306349,개나리 VS 결호 - 흑색,0.0,0,42000,42000,42000,0,0,0.0,100.0,1,high,24.08,5,2,45,https://www.musinsa.com/products/6306349
2026-09-01,어나더 오피스,6307309,[SET] Flow CPO Set-Up (Graphite),0.0,0,275400,275400,275400,0,0,0.0,100.0,1,high,24.09,6,2,45,https://www.musinsa.com/products/6307309
2026-09-01,해칭룸,6307373,Incision Tee Dark Red,0.0,0,83000,83000,83000,0,0,0.0,100.0,1,high,24.08,5,2,45,https://www.musinsa.com/products/6307373
2026-09-01,아틀리에 나인,6308205,COLOR POINT SLEEVELESS KNIT TOP (T-7261),0.0,0,47200,47200,53100,1,-5900,-11.11,100.0,1,medium,24.1,5,2,45,https://www.musinsa.com/products/6308205
2026-09-01,넌블랭크,6308909,기자 코튼 크롭 HS 티셔츠_BLACK,0.0,0,39920,39920,39920,0,0,0.0,100.0,1,high,24.02,6,2,45,https://www.musinsa.com/products/6308909
2026-09-01,넌블랭크,6309101,기자 코튼 HS 티셔츠_BLACK,0.0,0,39920,39920,39920,0,0,0.0,100.0,1,high,24.02,6,2,45,https://www.musinsa.com/products/6309101
2026-09-01,러브이즈트루,6310637,SY COLOR SCHEME PANTS(KHAKI),0.0,0,113400,113400,,0,,,47.1,0,low,24.02,2,1,45,https://www.musinsa.com/products/6310637
2026-09-01,더뮤지엄비지터,6312301,PACKABLE LOGO BACKPACK (BURGUNDY),0.0,0,41300,41300,37620,1,3680,9.78,100.0,1,medium,24.09,6,2,45,https://www.musinsa.com/products/6312301
2026-09-01,더뮤지엄비지터,6312365,ART STRAP BIG TOTE BAG (IVORY),0.0,0,43350,43350,43350,0,0,0.0,100.0,1,high,24.09,6,2,45,https://www.musinsa.com/products/6312365
2026-09-01,르바,6318253,Fresh Cotton V-Neck Knit - BubbleGum Pink,0.0,0,64800,64800,50400,1,14400,28.57,100.0,1,medium,24.08,5,2,45,https://www.musinsa.com/products/6318253
2026-09-01,플리즈노팔로우,6331565,Niv Panel Zip-Up Sleeveless Top (Indigo),0.0,0,105600,105600,105600,0,0,0.0,100.0,1,high,24.09,6,2,45,https://www.musinsa.com/products/6331565
2026-09-01,글로니,6331821,G DOUBLE SLEEVE LETTER TEE (IVORY),0.0,0,101250,101250,87500,1,13750,15.71,100.0,1,medium,24.09,6,2,45,https://www.musinsa.com/products/6331821
2026-09-01,글로니,6331949,G CONTRAST SWEATPANTS 2.0 (BROWN),0.0,0,119880,119880,119880,0,0,0.0,100.0,1,high,24.09,6,2,45,https://www.musinsa.com/products/6331949
2026-09-01,론론,6333613,DESSERT RR OVER FIT T SHIRT CHARCOAL,0.0,0,53460,53460,42240,1,11220,26.56,100.0,1,medium,24.09,6,2,45,https://www.musinsa.com/products/6333613
2026-09-01,론론,6333869,FLARED LAYERED BELT SKIRT BLACK,0.0,0,62370,62370,55440,1,6930,12.5,100.0,1,medium,24.09,6,2,45,https://www.musinsa.com/products/6333869
2026-09-01,인사일런스 우먼,6333997,프리덤 그래픽 티셔츠 NAVY,0.0,0,49400,49400,49400,0,0,0.0,100.0,1,high,24.09,6,2,45,https://www.musinsa.com/products/6333997
2026-09-01,룩캐스트,6337645,밀렌 소프트 썸머 플리츠 스커트_차콜 / MYLENE SOFT SUMMER PLEATED SKIRT_CHARCOAL,0.0,0,63490,63490,63490,0,0,0.0,100.0,1,high,24.08,5,2,45,https://www.musinsa.com/products/6337645
2026-09-01,배드블러드,6341293,Peace Not War 프린트 루즈핏 롱슬리브 - 블랙,0.0,0,63200,63200,63990,1,-790,-1.23,100.0,1,medium,24.09,6,2,45,https://www.musinsa.com/products/6341293
2026-09-01,트리밍버드,6341933,Essential U-Neck Ribbed T-Shirt [ Black ],0.0,0,59000,59000,59000,0,0,0.0,100.0,1,high,24.09,6,2,45,https://www.musinsa.com/products/6341933
2026-09-01,드릭스,6352237,워셔블 린넨 머슬핏 배색 카라 반팔 니트_3color,8.8,275479,31310,31280,36800,1,-5520,-15.0,100.0,1,medium,24.09,10,2,45,https://www.musinsa.com/products/6352237
2026-09-01,브룩스 브라더스,6361581,[BB x KT WIZ] 스웨트셔츠 (네이비) (BBNPMOG191),0.0,0,99000,99000,99000,0,0,0.0,100.0,1,high,24.02,6,2,45,https://www.musinsa.com/products/6361581
2026-09-01,프리즘웍스,6362413,PUFF FICTION HALF TEE _ BLACK,1.21,35665,29400,26460,29400,1,-2940,-10.0,100.0,1,medium,24.0,17,13,45,https://www.musinsa.com/products/6362413
2026-09-01,글로니,6364077,G CLASSIC SCOOP NECK SLEEVELESS (OATMEAL),1.04,36938,35640,35640,35640,0,0,0.0,100.0,1,low,48.01,10,5,45,https://www.musinsa.com/products/6364077
2026-09-01,더블유엠씨,6375853,TRACKLIST 티셔츠_BLACK,0.0,0,29500,29500,29500,0,0,0.0,100.0,1,high,24.02,6,2,45,https://www.musinsa.com/products/6375853
2026-09-01,락케이크,6376109,Raglan Henly Neck Top - White,0.0,0,39600,39600,39600,0,0,0.0,100.0,1,high,24.09,6,2,45,https://www.musinsa.com/products/6376109
2026-09-01,데이,6382829,[썸머] 소프트쿨 원턱 풀밴딩 팬츠_6 COLOR,4.13,135810,32900,32900,32900,0,0,0.0,100.0,1,low,20.71,21,3,45,https://www.musinsa.com/products/6382829
2026-09-01,유라고,6383213,Stripe scrunchie,0.0,0,12160,12160,12160,0,0,0.0,100.0,1,high,24.1,5,2,45,https://www.musinsa.com/products/6383213
2026-09-01,디스이즈네버댓,6387821,SUPPLEX® Long Bill Cap Charcoal,0.59,26058,44000,44000,44000,0,0,0.0,100.0,1,high,24.09,5,2,45,https://www.musinsa.com/products/6387821
2026-09-01,일꼬르소,6388333,시스루 라운드넥 숏 슬리브 니트 아이보리,0.0,0,44160,44160,49680,1,-5520,-11.11,100.0,1,medium,24.09,5,2,45,https://www.musinsa.com/products/6388333
2026-09-01,제너럴아이디어,6388973,숄더 패디드 트위스트 티셔츠 [WHITE] / GF2LTS523,0.0,0,28800,28800,28800,0,0,0.0,100.0,1,low,48.09,5,1,45,https://www.musinsa.com/products/6388973
2026-09-01,후드후드,6389933,88 스탬프 카모 슬리브리스 카키,0.0,0,29400,29400,29400,0,0,0.0,100.0,1,high,24.08,5,2,45,https://www.musinsa.com/products/6389933
2026-09-01,후드후드,6390061,NEVER SAY NEVER 롱슬리브 티셔츠 그레이,0.0,0,28350,28350,28350,0,0,0.0,100.0,1,high,24.08,5,2,45,https://www.musinsa.com/products/6390061
2026-09-01,피인오,6391725,썸머 스트레이트 플레어 데님 팬츠 - 연청,0.0,0,72000,72000,72000,0,0,0.0,52.94,0,low,23.51,5,1,45,https://www.musinsa.com/products/6391725
2026-09-01,슬로우애시드,6391917,레이어드 페인팅 반팔 티셔츠 [멜란지 그레이],0.0,0,25920,25920,25920,0,0,0.0,100.0,1,high,24.08,5,2,45,https://www.musinsa.com/products/6391917
2026-09-01,피인오,6398829,웨스턴 오픈 카라 하프 셔츠 - 그레이,0.0,0,54000,54000,54000,0,0,0.0,100.0,1,high,24.02,6,2,45,https://www.musinsa.com/products/6398829
2026-09-01,니티드,6399085,린넨 크롭 셔츠 NAVY,0.67,25178,37820,35200,37820,1,-2620,-6.93,100.0,1,low,72.1,7,1,45,https://www.musinsa.com/products/6399085
2026-09-01,슈퍼서브,6400557,슬랜트 카고 와이드 버뮤다 쇼츠-그레이,0.0,0,29900,29900,29900,0,0,0.0,100.0,1,high,24.08,5,2,45,https://www.musinsa.com/products/6400557
2026-09-01,슈퍼서브,6400813,리얼리즘 링거 반팔 티셔츠-크림,0.0,0,16900,16900,16900,0,0,0.0,100.0,1,high,24.08,5,2,45,https://www.musinsa.com/products/6400813
2026-09-01,와르,6401581,M1092 에어리 라운드 니트_아이보리,0.0,0,36120,36120,31610,1,4510,14.27,100.0,1,medium,24.09,6,2,45,https://www.musinsa.com/products/6401581
2026-09-01,스키즘 인듀싱,6402797,UNBALANCED BELTED TOP WHITE,0.0,0,52200,52200,52200,0,0,0.0,100.0,1,high,24.09,6,2,45,https://www.musinsa.com/products/6402797
2026-09-01,브라운야드,6402925,"W 페이퍼 코튼 니트 베스트, 아이보리",0.0,0,110600,110600,110600,0,0,0.0,100.0,1,high,24.02,6,2,45,https://www.musinsa.com/products/6402925
2026-09-01,드헤베,6407469,Flower Lace T-shirt [Ivory],0.0,0,54150,54150,54150,0,0,0.0,100.0,1,high,24.08,5,2,45,https://www.musinsa.com/products/6407469
2026-09-01,드헤베,6407533,Twist Flare Mini Dress [Black],0.0,0,118750,118750,118750,0,0,0.0,100.0,1,high,24.08,5,2,45,https://www.musinsa.com/products/6407533
2026-09-01,인템포무드,6408813,하프 슬릿 버튼 라운드 니트 : 5컬러,1.0,39834,39900,39900,39900,0,0,0.0,100.0,1,high,24.09,5,2,45,https://www.musinsa.com/products/6408813
2026-09-01,제로,6409709,타이다이 크롭 티셔츠 [라이트 그레이],0.0,0,29000,29000,29000,0,0,0.0,100.0,1,high,24.1,5,2,45,https://www.musinsa.com/products/6409709
2026-09-01,와이케이,6412397,벌룬 스타 하트 귀걸이,0.0,0,27300,27300,27300,0,0,0.0,100.0,1,high,24.02,6,2,45,https://www.musinsa.com/products/6412397
2026-09-01,론론,6414317,PONY CAT EMBROIDERY WIDE SWEAT PANTS GREY,0.0,0,89100,89100,79200,1,9900,12.5,100.0,1,medium,24.09,6,2,45,https://www.musinsa.com/products/6414317
2026-09-01,프리즘웍스,6418925,CORDUROY COMFORT SHORTS _ CHARCOAL,0.0,0,42840,42840,47600,1,-4760,-10.0,100.0,1,medium,24.09,6,2,45,https://www.musinsa.com/products/6418925
2026-09-01,아틀리에 나인,6424813,YU STRING BALLON MINI DRESS (OP-6339),0.0,0,119200,119200,134100,1,-14900,-11.11,100.0,1,medium,24.1,5,2,45,https://www.musinsa.com/products/6424813
2026-09-01,썸웨어버터,6426925,Pure Sheer Over-Fit Shirts - Ivory,0.0,0,119000,119000,119000,0,0,0.0,100.0,1,high,24.02,6,2,45,https://www.musinsa.com/products/6426925
2026-09-01,썸웨어버터,6426989,Sunkiss Stripe Long Top - Light Blue,2.0,89680,44840,44840,44840,0,0,0.0,100.0,1,low,9.95,19,6,45,https://www.musinsa.com/products/6426989
2026-09-01,탄산마그네슘,6427693,포니 아플리케 티셔츠 (스카이블루),0.0,0,52440,52440,52440,0,0,0.0,100.0,1,high,24.1,5,2,45,https://www.musinsa.com/products/6427693
2026-09-01,세터,6432813,SG 알테아 실버,0.0,0,196000,196000,196000,0,0,0.0,100.0,1,high,24.1,5,2,45,https://www.musinsa.com/products/6432813
2026-09-01,아캄,6435117,2-Piece Layered Sleeveless (White),0.0,0,55200,55200,55200,0,0,0.0,100.0,1,high,24.1,5,2,45,https://www.musinsa.com/products/6435117
2026-09-01,도프제이슨,6437037,시어서커 크롭 체크 셔츠 BROWN,0.0,0,52250,52250,52250,0,0,0.0,100.0,1,high,24.02,6,2,45,https://www.musinsa.com/products/6437037
2026-09-01,드로우핏 우먼,6437293,수피마 실켓 슬림 반팔 티셔츠 [BROWN],0.0,0,29700,29700,29700,0,0,0.0,100.0,1,high,24.09,6,2,45,https://www.musinsa.com/products/6437293
2026-09-01,밀로 아카이브,6438253,사일로 하프 헨리넥 니트 [차콜],0.0,0,75600,75600,97200,1,-21600,-22.22,100.0,1,medium,24.02,6,2,45,https://www.musinsa.com/products/6438253
2026-09-01,밀로 아카이브,6438317,트라우마 티셔츠 [다크 그레이],0.0,0,38500,38500,49500,1,-11000,-22.22,100.0,1,medium,24.02,6,2,45,https://www.musinsa.com/products/6438317
2026-09-01,에스피오나지,6441709,Double Grid 2 Pocket S/S Shirt Beige,0.0,0,75600,75600,75600,0,0,0.0,100.0,1,high,24.09,6,2,45,https://www.musinsa.com/products/6441709
2026-09-01,론론,6444397,BETTY BOOP PATTERN SWEAT JOGGER PANTS GREY,0.0,0,61600,61600,79200,1,-17600,-22.22,100.0,1,medium,24.09,6,2,45,https://www.musinsa.com/products/6444397
2026-09-01,더뮤지엄비지터,6444461,FASHION LOVERS EYELET SHOULDER BAG (BLUE),0.0,0,79950,79950,86100,1,-6150,-7.14,100.0,1,medium,24.09,6,2,45,https://www.musinsa.com/products/6444461
2026-09-01,더뮤지엄비지터,6444525,FLAG EYELET BALL CAP (YELLOW),0.0,0,43990,43990,43990,0,0,0.0,100.0,1,high,24.09,6,2,45,https://www.musinsa.com/products/6444525
2026-09-01,르아브,6448429,레이어 스트라이프 브이넥 티셔츠 아이보리,0.0,0,29500,29500,29500,0,0,0.0,100.0,1,high,24.02,6,2,45,https://www.musinsa.com/products/6448429
2026-09-01,엑스트라오디너리,6450733,NUMBER X CAP BLACK,0.0,0,26950,26950,26950,0,0,0.0,100.0,1,high,24.08,5,2,45,https://www.musinsa.com/products/6450733
2026-09-01,언타이틀 서울,6452141,언타이틀 아치 심볼 링거 크롭 반팔  레드,0.0,0,23800,23800,23800,0,0,0.0,100.0,1,high,24.1,5,2,45,https://www.musinsa.com/products/6452141
2026-09-01,카키포인트,6458221,Stud Boston Bag (silver),0.0,0,141530,141530,141530,0,0,0.0,100.0,1,high,24.09,6,2,45,https://www.musinsa.com/products/6458221
2026-09-01,헬레네파리스,6458285,타넨트 더블 레이어드 가드너 [와인-그레이],0.0,0,33840,33840,33840,0,0,0.0,100.0,1,high,24.09,6,2,45,https://www.musinsa.com/products/6458285
2026-09-01,언더오프,6458541,슬럽 헨리넥 크롭 티셔츠 블랙,0.81,20096,24720,24720,24720,0,0,0.0,100.0,1,high,24.09,5,2,45,https://www.musinsa.com/products/6458541
2026-09-01,카키포인트,6458605,KIE Shirring Top (white),0.0,0,55080,55080,55080,0,0,0.0,100.0,1,high,24.09,6,2,45,https://www.musinsa.com/products/6458605
2026-09-01,로제프란츠,6459885,Puff Sleeve Romantic Mini Dress [Navy],0.0,0,71040,71040,62160,1,8880,14.29,100.0,1,medium,24.08,5,2,45,https://www.musinsa.com/products/6459885
2026-09-01,미나브,6462061,텍스처 롤업 하프 셔츠 [화이트],0.27,14013,52000,52000,52000,0,0,0.0,100.0,1,high,24.09,6,2,45,https://www.musinsa.com/products/6462061
2026-09-01,밀로 아카이브,6463661,세그먼트 티셔츠 [멜란지 그레이],0.94,48863,52000,52000,58500,1,-6500,-11.11,100.0,1,medium,24.02,6,2,45,https://www.musinsa.com/products/6463661
2026-09-01,일리고,6470061,129 베이직 슬림 티셔츠 차콜,0.1,3489,36000,36000,25200,1,10800,42.86,100.0,1,medium,24.08,5,2,45,https://www.musinsa.com/products/6470061
2026-09-01,꼼파뇨,6471085,블루씨 롱슬리브 네이비,0.0,0,30810,30810,30810,0,0,0.0,100.0,1,high,24.08,5,2,45,https://www.musinsa.com/products/6471085
2026-09-01,시야쥬,6472365,SIPT7203 이지 밴딩 와샤 팬츠_Olive,0.0,0,100040,100040,117000,1,-16960,-14.5,100.0,1,medium,24.09,5,2,45,https://www.musinsa.com/products/6472365
2026-09-01,시야쥬,6472429,SITP5295 릴렉스 더블 라인 나시 탑_White,0.0,0,32400,32400,25200,1,7200,28.57,100.0,1,medium,24.09,5,2,45,https://www.musinsa.com/products/6472429
2026-09-01,배드블러드,6472685,Reversible Nylon Shopper Bag - Black/Blue,0.0,0,52000,52000,52650,1,-650,-1.23,100.0,1,medium,24.09,6,2,45,https://www.musinsa.com/products/6472685
2026-09-01,이지노이지,6481965,고딕 레터링 버뮤다 스웻 팬츠 - 그레이,0.0,0,29900,29900,29900,0,0,0.0,100.0,1,high,24.1,5,2,45,https://www.musinsa.com/products/6481965
2026-09-01,로우클래식,6495853,OVERSIZED Lc SHEER CHECKED SHIRT_BROWN [LC262SH02BR],0.05,6046,120840,159000,120840,1,38160,31.58,100.0,1,medium,24.09,6,2,45,https://www.musinsa.com/products/6495853
2026-09-01,해비즘,6495917,SLEEVELESS ONEPIECE(GREY),0.0,0,29500,29500,29500,0,0,0.0,100.0,1,high,24.02,6,2,45,https://www.musinsa.com/products/6495917
2026-09-01,솔트앤초콜릿,6497069,카이 스터드 슬리퍼 412623004 (6cm),0.0,0,83400,83400,104250,1,-20850,-20.0,100.0,1,medium,24.09,6,2,45,https://www.musinsa.com/products/6497069
2026-09-01,스컬프터,6499629,Coin Purse Chain Belt Gold,0.0,0,18560,18560,23200,1,-4640,-20.0,100.0,1,medium,24.09,6,2,45,https://www.musinsa.com/products/6499629
2026-09-01,제너럴아이디어,6506669,루즈핏 폴디드 슬리브 코튼 셔츠 [WHITE] / GF2LSH520,0.0,0,36800,36800,36800,0,0,0.0,100.0,1,high,24.09,6,2,45,https://www.musinsa.com/products/6506669
2026-09-01,루에브르,6518509,Dot See-Through Layered Midi Skirt SW6MS753-KO,0.0,0,119000,119000,119000,0,0,0.0,100.0,1,high,24.09,6,2,45,https://www.musinsa.com/products/6518509
2026-09-01,본투윈,6529709,SYMBOL B QUICK DRY T-SHIRTS [BLACK],0.44,26129,59000,59000,59000,0,0,0.0,100.0,1,high,24.0,12,6,45,https://www.musinsa.com/products/6529709
2026-09-01,후러브스아트,6532781,[후러브스아트 x 성진] 코튼 데님 절개 버뮤다 팬츠 3color,0.18,6457,36600,39650,39650,0,0,0.0,100.0,1,low,72.09,3,2,45,https://www.musinsa.com/products/6532781
2026-09-01,언타이틀 서울,6533101,유니콘 타이포 링거 크롭 반팔 핑크,0.0,0,23800,23800,23800,0,0,0.0,100.0,1,high,24.1,5,2,45,https://www.musinsa.com/products/6533101
2026-09-01,무드인사이드 우먼,6533997,(woman) 펀칭 니트 슬리브리스_4Color,0.0,0,49900,49900,35910,1,13990,38.96,100.0,1,medium,24.09,5,2,45,https://www.musinsa.com/products/6533997
2026-09-01,언더오프,6538733,에센셜 스탠다드 반팔 링거 티셔츠 애리조나 블랙,0.0,0,23120,23120,23120,0,0,0.0,100.0,1,high,24.09,5,2,45,https://www.musinsa.com/products/6538733
2026-09-01,더블유엠씨,6539117,[크롭] 가먼트 다잉 헨리넥 티셔츠_NAVY,1.01,26836,26550,26550,26550,0,0,0.0,100.0,1,high,24.02,6,2,45,https://www.musinsa.com/products/6539117
2026-09-01,효지,6541549,26 SS 워셔블 린넨 라운드 크롭 니트 (6컬러),3.72,126273,33900,33900,33900,0,0,0.0,100.0,1,low,14.21,22,5,45,https://www.musinsa.com/products/6541549
2026-09-01,레더리,6542765,스터드 코튼 카고 부츠컷 팬츠 [BLACK],0.0,0,46920,46920,41060,1,5860,14.27,100.0,1,medium,24.08,5,2,45,https://www.musinsa.com/products/6542765
2026-09-01,무센트,6544813,페링 미디 링거 배색 반팔 티 (7컬러),1.88,42216,22458,20930,29900,1,-8970,-30.0,100.0,1,medium,9.82,16,6,45,https://www.musinsa.com/products/6544813
2026-09-01,비바라비다,6545069,Riders 반팔 티셔츠,0.0,0,25900,25900,25900,0,0,0.0,100.0,1,high,24.09,6,2,45,https://www.musinsa.com/products/6545069
2026-09-01,와이케이,6575085,체크 아플리케 버튼 반팔 셔츠 네이비,0.0,0,83300,83300,83300,0,0,0.0,100.0,1,high,24.02,6,2,45,https://www.musinsa.com/products/6575085
2026-09-01,탄산마그네슘,6582509,안녕자두야X탄산 픽셀 나그랑 롱슬리브 (화이트),3.82,220411,57760,57760,57760,0,0,0.0,100.0,1,high,9.61,20,5,45,https://www.musinsa.com/products/6582509
2026-09-01,무드인사이드,6582637,컷라인 헨리넥 하프티_5Color,0.73,29029,39900,39900,34900,1,5000,14.33,100.0,1,medium,24.09,6,2,45,https://www.musinsa.com/products/6582637
2026-09-01,트리밍버드,6583981,Boat Neck Slim Baby T-Shirt [ White ],0.0,0,49000,49000,49000,0,0,0.0,100.0,1,high,24.09,6,2,45,https://www.musinsa.com/products/6583981
2026-09-01,스켈리웩,6586733,[류정란 PICK] 롱 버뮤다 라인 트레이닝 쇼츠[시멘트],0.73,25390,34900,34900,39900,1,-5000,-12.53,100.0,1,medium,24.09,6,2,45,https://www.musinsa.com/products/6586733
2026-09-01,론론,6592301,CHECK PUFF SLEEVE MINI DRESS BLOUSE BEIGE,0.0,0,80190,80190,71280,1,8910,12.5,100.0,1,medium,24.09,6,2,45,https://www.musinsa.com/products/6592301
2026-09-01,썸웨어버터,6593773,Loco Long Sleeve Knit - Ivory,0.0,0,87200,87200,87200,0,0,0.0,100.0,1,high,24.02,6,2,45,https://www.musinsa.com/products/6593773
2026-09-01,프렌다,6594989,STAR BUTTON COLLAR OBLIQUE SHORT SLEEVE LIGHT PINK,0.0,0,20580,20580,29400,1,-8820,-30.0,100.0,1,medium,24.09,6,2,45,https://www.musinsa.com/products/6594989
2026-09-01,프렌다,6595181,STATE SEMI CROP TEE NAVY,0.0,0,18900,18900,27000,1,-8100,-30.0,100.0,1,medium,24.09,6,2,45,https://www.musinsa.com/products/6595181
2026-09-01,아틀리에 나인,6606253,GLOSS WRINKLE BARREL SHOULDER&CROSS BAG (B-2485),0.0,0,121350,121350,121350,0,0,0.0,100.0,1,high,24.1,5,2,45,https://www.musinsa.com/products/6606253
2026-09-01,파르티멘토 우먼,6609197,더블 웨이스트 치노 팬츠_스톤,0.0,0,71280,71280,55440,1,15840,28.57,100.0,1,medium,24.08,5,2,45,https://www.musinsa.com/products/6609197
2026-09-01,나이스고스트클럽,6625965,GHOST ANGELS BIKINI SET_PINK(NG2GMFAB92C),0.0,0,72090,72090,72090,0,0,0.0,100.0,1,high,24.02,6,2,45,https://www.musinsa.com/products/6625965
2026-09-01,제너럴아이디어,6633773,레이스 플레어 슬리브리스 블라우스 [IVORY] / GF2LBL530,0.0,0,40800,40800,40800,0,0,0.0,100.0,1,high,24.09,6,2,45,https://www.musinsa.com/products/6633773
2026-09-01,제너럴아이디어,6633837,레이스 트리밍 스웨트 쇼츠 [AVOCADO] / GF2LHP526,0.0,0,36800,36800,36800,0,0,0.0,100.0,1,high,24.09,6,2,45,https://www.musinsa.com/products/6633837
2026-09-01,더뮤지엄비지터,6635629,CHECK PRINTED OVERSIZED T-SHIRT (WHITE),0.0,0,44850,44850,44850,0,0,0.0,100.0,1,high,24.09,6,2,45,https://www.musinsa.com/products/6635629
2026-09-01,더뮤지엄비지터,6635693,ART & DESIGN STUDIO T-SHIRT (WHITE),0.0,0,41600,41600,41600,0,0,0.0,100.0,1,high,24.09,6,2,45,https://www.musinsa.com/products/6635693
2026-09-01,플리즈노팔로우,6645997,Suri Lace Button Long Sleeve Top (Mint),0.15,10412,70400,74800,70400,1,4400,6.25,100.0,1,medium,24.09,6,2,45,https://www.musinsa.com/products/6645997
2026-09-01,플리즈노팔로우,6646445,Nua Sheer Multi Scarf (Mint),0.0,0,28800,28800,27200,1,1600,5.88,100.0,1,medium,24.09,6,2,45,https://www.musinsa.com/products/6646445
2026-09-01,데이,6651245,세미 크롭 라운드 와플 반팔 티셔츠_4 COLOR,2.89,53568,18564,25500,25500,0,0,0.0,100.0,1,low,29.1,18,2,45,https://www.musinsa.com/products/6651245
2026-09-01,르바,6651373,Moment Graphic T-shirt - Blush Pink,0.0,0,61200,61200,47600,1,13600,28.57,100.0,1,medium,24.08,5,2,45,https://www.musinsa.com/products/6651373
2026-09-01,비바라비다,6653485,Together 링거 반팔 티셔츠,4.36,131829,30212,29900,30900,1,-1000,-3.24,100.0,1,medium,10.07,20,7,45,https://www.musinsa.com/products/6653485
2026-09-01,밀로 아카이브,6656621,[Pokémon] 트레이너 클럽 티셔츠 [멜란지 그레이],0.0,0,52200,52200,52200,0,0,0.0,100.0,1,high,24.02,6,2,45,https://www.musinsa.com/products/6656621
2026-09-01,밀로 아카이브,6656813,[Pokémon] 콜라보레이션 시그니처 스티커 셋트 [믹스],1.01,10007,9900,9900,9900,0,0,0.0,100.0,1,high,24.02,6,2,45,https://www.musinsa.com/products/6656813
2026-09-01,배드블러드,6663853,앰버서더 26 오픈 카라 1/2 폴로 -네이비,0.0,0,71100,71100,63990,1,7110,11.11,100.0,1,medium,24.09,6,2,45,https://www.musinsa.com/products/6663853
2026-09-01,배드블러드,6663917,앰버서더 26 코튼립 1/2 티셔츠 - 블루,0.0,0,50150,50150,47790,1,2360,4.94,100.0,1,medium,24.09,6,2,45,https://www.musinsa.com/products/6663917
2026-09-01,꼼파뇨,6668077,사파리 클럽 반팔티 그레이,0.0,0,28610,28610,28610,0,0,0.0,100.0,1,high,24.08,5,2,45,https://www.musinsa.com/products/6668077
2026-09-01,커버낫,6679725,라이트 트레블 백팩 브라운,0.0,0,109000,109000,98100,1,10900,11.11,100.0,1,medium,24.09,5,2,45,https://www.musinsa.com/products/6679725
2026-09-01,와이케이,6680173,돌핀 스타 키링,0.0,0,25200,25200,25200,0,0,0.0,100.0,1,high,24.02,6,2,45,https://www.musinsa.com/products/6680173
2026-09-01,어반드레스,6684717,Linen Like jacket dress PALE PINK,0.0,0,23260,23260,23260,0,0,0.0,100.0,1,high,24.09,6,2,45,https://www.musinsa.com/products/6684717
2026-09-01,1993스튜디오,6696749,W 베이직 라글란 크롭 슬림 티셔츠 (3colors),0.0,0,22000,22000,24900,1,-2900,-11.65,100.0,1,medium,24.09,5,2,45,https://www.musinsa.com/products/6696749
2026-09-01,나이스고스트클럽,6731053,JOJOs STARDUST CRUSADERS TOTE BAG_BLACK(NG2GMUAB40E),0.0,0,49000,49000,49000,0,0,0.0,100.0,1,high,24.02,6,2,45,https://www.musinsa.com/products/6731053
2026-09-01,러브이즈트루,6739501,SY BASIC BERMUDA PANTS(BLACK),0.0,0,52740,52740,43430,1,9310,21.44,100.0,1,medium,24.02,6,2,45,https://www.musinsa.com/products/6739501
2026-09-01,아메스 월드와이드,6778669,PPG GLITTER SLEEVELESS GREY,0.0,0,23400,23400,31200,1,-7800,-25.0,100.0,1,medium,24.08,5,2,45,https://www.musinsa.com/products/6778669
2026-09-01,배드블러드,6791405,Everyday Classic Tank - Charcoal,0.0,0,39200,39200,37490,1,1710,4.56,100.0,1,medium,24.09,6,2,45,https://www.musinsa.com/products/6791405
2026-09-01,배드블러드,6791789,Everyday Zip Henley Long Sleeve T-Shirt - Navy,0.0,0,60000,60000,54000,1,6000,11.11,100.0,1,medium,24.09,6,2,45,https://www.musinsa.com/products/6791789
2026-09-01,밀로 아카이브,6795565,[MA X 이핏] 아이린 브레이슬릿 [버건디],0.0,0,46800,46800,46800,0,0,0.0,100.0,1,high,24.02,6,2,45,https://www.musinsa.com/products/6795565
2026-09-01,시야쥬,6798893,SITP5202 레트로 브이넥 슬림 반팔티_2PACK,0.0,0,74000,74000,74000,0,0,0.0,100.0,1,high,24.09,5,2,45,https://www.musinsa.com/products/6798893
2026-09-01,꼼파뇨,6805485,러블리 데이즈 반팔티 화이트,0.0,0,28610,28610,28610,0,0,0.0,100.0,1,high,24.08,5,2,45,https://www.musinsa.com/products/6805485
2026-09-01,그루브라임,6812781,피그먼트 그래픽 반팔 티셔츠 - 옐로우 (LRBMCTR700M),0.0,0,19900,19900,23800,1,-3900,-16.39,100.0,1,medium,24.09,6,2,45,https://www.musinsa.com/products/6812781
2026-09-01,디스이즈네버댓,6833517,TNT PEANUTS Faded Crewneck Blue Grey,0.0,0,83300,83300,83300,0,0,0.0,100.0,1,high,24.09,5,2,45,https://www.musinsa.com/products/6833517
2026-09-01,베르만 어패럴,6853485,골지 헨리넥 머슬핏 반팔티셔츠 3color(와이드숄더),2.1,89648,42600,42600,42600,0,0,0.0,100.0,1,high,10.02,13,5,45,https://www.musinsa.com/products/6853485
2026-09-01,999휴머니티,6869869,디비전 롱 슬리브 티 (브라운),0.0,0,75000,75000,75000,0,0,0.0,100.0,1,high,24.1,5,2,45,https://www.musinsa.com/products/6869869
2026-09-01,브라운브레스,6877293,BERMUDA CIRCLE SHORTS - ASH,0.0,0,69000,69000,69000,0,0,0.0,100.0,1,high,24.09,6,2,45,https://www.musinsa.com/products/6877293
2026-09-01,아캄,6878189,CROS2 Pillbox Cap (Navy),0.0,0,62100,62100,62100,0,0,0.0,100.0,1,high,24.1,5,2,45,https://www.musinsa.com/products/6878189
2026-09-01,아캄,6879533,Roll-Up Pocket Long Shirts (White),0.0,0,116100,116100,116100,0,0,0.0,100.0,1,high,24.1,5,2,45,https://www.musinsa.com/products/6879533
2026-09-01,아캄,6879597,Bleach Washed Hooded Long Sleeve (Navy),18.63,1827851,98100,98100,98100,0,0,0.0,100.0,1,high,24.1,12,2,45,https://www.musinsa.com/products/6879597
2026-09-01,드헤베,6883885,Tailored Wide Slacks [Black],0.0,0,132530,132530,132530,0,0,0.0,100.0,1,high,24.08,5,2,45,https://www.musinsa.com/products/6883885
2026-09-01,코드그라피,6884717,CGP 아치 로고 후디-다크 네이비,0.0,0,66600,66600,66600,0,0,0.0,100.0,1,high,24.08,5,2,45,https://www.musinsa.com/products/6884717
2026-09-01,토피,6884781,커브드 다트 코튼 팬츠 (KHAKI BROWN),0.0,0,41300,41300,41300,0,0,0.0,100.0,1,high,24.09,6,2,45,https://www.musinsa.com/products/6884781
2026-09-01,벨리에,6897133,시티 풀오버 스웨터 - 다크 네이비,0.0,0,139650,139650,139650,0,0,0.0,100.0,1,high,24.1,5,2,45,https://www.musinsa.com/products/6897133
2026-09-01,세터,6916013,로렌 베이직 크루넥 니트 네이비,0.0,0,129000,129000,129000,0,0,0.0,100.0,1,high,24.1,5,2,45,https://www.musinsa.com/products/6916013
2026-09-01,바이젝,6916077,[SET] 프로머슬 기능스판 컬래버로고 숏슬리브_2 Color + 우븐스판 메인로고 브레이커 쇼츠,0.0,0,117000,117000,91000,1,26000,28.57,100.0,1,medium,24.09,5,2,45,https://www.musinsa.com/products/6916077
2026-09-01,바이젝,6917165,[SET] 벌크 헤비메쉬 리프트 숏슬리브_3 Color + 벌크 헤비메쉬 트랙팬츠_3 Color,0.0,0,135000,135000,99000,1,36000,36.36,100.0,1,medium,24.09,5,2,45,https://www.musinsa.com/products/6917165
2026-09-01,더니트컴퍼니,6918957,(M) 강연 코튼 카라 니트 - 화이트,0.0,0,64500,64500,64500,0,0,0.0,100.0,1,high,24.08,5,2,45,https://www.musinsa.com/products/6918957
2026-09-01,아웃스탠딩,6936237,LEATHER GLASSES KEYRING CASE_BLACK,0.15,6402,43200,43200,43200,0,0,0.0,100.0,1,high,24.09,7,2,45,https://www.musinsa.com/products/6936237
2026-09-01,탄산마그네슘,6950765,88 아플리케 버뮤다 팬츠 (데님),0.0,0,128440,128440,128440,0,0,0.0,100.0,1,high,24.1,5,2,45,https://www.musinsa.com/products/6950765
2026-09-01,오헤시오,6952877,"TWO WAY ASYMMETRIC JERSEY SKIRT, GRAY",0.0,0,80330,80330,84550,1,-4220,-4.99,100.0,1,medium,24.09,6,2,45,https://www.musinsa.com/products/6952877
2026-09-01,글로니,6958189,G LEATHER SHOULDER BAG (RED),0.0,0,119880,119880,119880,0,0,0.0,100.0,1,high,24.09,6,2,45,https://www.musinsa.com/products/6958189
2026-09-01,러브이즈트루,6970541,RL FUR COLLAR SLEEVE(BLACK),0.0,0,95750,95750,95750,0,0,0.0,100.0,1,high,24.02,6,2,45,https://www.musinsa.com/products/6970541
2026-09-01,러브이즈트루,6970669,RL LAYERED ANGEL TRAINING ZIP UP(BLACK),0.0,0,133900,133900,133900,0,0,0.0,100.0,1,high,24.02,6,2,45,https://www.musinsa.com/products/6970669
2026-09-01,러브이즈트루,6970733,RL SHIRRING SLEEVE(CHARCOAL),0.0,0,40400,40400,40400,0,0,0.0,100.0,1,high,24.02,6,2,45,https://www.musinsa.com/products/6970733
2026-09-01,효지,6976301,26 FW 유넥 롱슬리브 크롭 티셔츠 (3컬러),0.0,0,23920,23920,23920,0,0,0.0,100.0,1,high,24.1,5,2,45,https://www.musinsa.com/products/6976301
2026-09-01,마인드브릿지,6978413,[COUTURE]세미와이드 트윌 라이트 그레이 팬츠,0.0,0,71900,71900,71900,0,0,0.0,100.0,1,high,24.08,5,2,45,https://www.musinsa.com/products/6978413
2026-09-01,2000아카이브스,6978477,LUA WALLET (SORA),0.0,0,61680,61680,72090,1,-10410,-14.44,100.0,1,medium,24.09,6,2,45,https://www.musinsa.com/products/6978477
2026-09-01,카키포인트,6980077,Drape Symbol Necklace,0.0,0,44550,44550,44550,0,0,0.0,100.0,1,high,24.09,6,2,45,https://www.musinsa.com/products/6980077
2026-09-01,카키포인트,6980269,Architect Utility Jacket (beige),36.36,7244826,199260,199260,199260,0,0,0.0,100.0,1,low,24.09,19,2,45,https://www.musinsa.com/products/6980269
2026-09-01,드로우핏,6980781,리안 카우 레더 드레이프 로퍼 [BLACK],0.0,0,133200,133200,133200,0,0,0.0,100.0,1,high,24.08,5,2,45,https://www.musinsa.com/products/6980781
2026-09-01,드로우핏,6980845,테오 그레인 레더 크로스 토트백 [BLACK],0.0,0,69300,69300,69300,0,0,0.0,100.0,1,high,24.08,5,2,45,https://www.musinsa.com/products/6980845
2026-09-01,슈퍼서브,6980973,[크롭]크로스 와플 헨리넥 긴팔 티셔츠-멜란지그레이,0.0,0,38900,38900,38900,0,0,0.0,100.0,1,high,24.08,5,2,45,https://www.musinsa.com/products/6980973
2026-09-01,드로우핏,6981677,스트라이프 티셔츠 [BROWN],0.0,0,33300,33300,33300,0,0,0.0,100.0,1,high,24.08,5,2,45,https://www.musinsa.com/products/6981677
2026-09-01,트리밍버드,6987309,Washed Smoke Eyelet Cap [ Charcoal ],0.0,0,79000,79000,79000,0,0,0.0,100.0,1,high,24.09,6,2,45,https://www.musinsa.com/products/6987309
2026-09-01,트리밍버드,6987629,Sleeve D-ring Diagonal Zip Cardigan [ Gray ],0.0,0,198000,198000,198000,0,0,0.0,100.0,1,high,24.09,6,2,45,https://www.musinsa.com/products/6987629
2026-09-01,스키즘 인듀싱,6989101,HOODED PUFFER JACKET,0.0,0,250200,250200,,0,,,97.39,0,medium,24.09,3,1,45,https://www.musinsa.com/products/6989101
2026-09-01,커버낫,6999149,스몰 C 로고 럭비 맨투맨 네이비,0.0,0,99000,99000,99000,0,0,0.0,100.0,1,high,24.09,5,2,45,https://www.musinsa.com/products/6999149
2026-09-01,론론,7002797,CHECK FLARE BANDING MIDI SKIRT BROWN,0.0,0,63360,63360,63360,0,0,0.0,100.0,1,high,24.09,6,2,45,https://www.musinsa.com/products/7002797
2026-09-01,론론,7003053,[SET] 베이직 울 니트 가디건 + 쁘띠 니트 머플러,0.0,0,71880,71880,71880,0,0,0.0,100.0,1,high,24.09,6,2,45,https://www.musinsa.com/products/7003053
2026-09-01,러프사이드,7008429,Unit Shirt Midnight,0.0,0,121600,121600,121600,0,0,0.0,100.0,1,high,24.1,5,2,45,https://www.musinsa.com/products/7008429
2026-09-01,워크온바디오프,7011117,[젠플록스 PICK] 레스티드 세미 오버핏 브이넥 니트 [화이트],0.0,0,21300,21300,24900,1,-3600,-14.46,100.0,1,medium,24.09,5,2,45,https://www.musinsa.com/products/7011117
2026-09-01,레더리,7011885,하이넥 레더 블루종 자켓 [BLACK],0.0,0,102240,102240,89460,1,12780,14.29,100.0,1,medium,24.08,5,2,45,https://www.musinsa.com/products/7011885
2026-09-01,유니폼브릿지,7020845,og fatigue pants (womens) smoke blue,0.0,0,107100,107100,119000,1,-11900,-10.0,100.0,1,medium,24.09,6,2,45,https://www.musinsa.com/products/7020845
2026-09-01,유니폼브릿지,7020973,M-51 field jacket charcoal,0.0,0,251100,251100,279000,1,-27900,-10.0,100.0,1,medium,24.09,6,2,45,https://www.musinsa.com/products/7020973
2026-09-01,유니폼브릿지,7021037,M-51 field pants charcoal,0.0,0,152100,152100,169000,1,-16900,-10.0,100.0,1,medium,24.09,6,2,45,https://www.musinsa.com/products/7021037
2026-09-01,인사일런스,7023661,코튼 캐시 리브드 브이넥 니트 GREY,0.0,0,149000,149000,149000,0,0,0.0,100.0,1,high,24.09,5,2,45,https://www.musinsa.com/products/7023661
2026-09-01,헬레네파리스,7024749,크로셰 오버핏 라운드 니트 [크림],0.0,0,39840,39840,39840,0,0,0.0,100.0,1,high,24.09,6,2,45,https://www.musinsa.com/products/7024749
2026-09-01,제이엘브,7032429,원모어 파이핑 라인 윈드브레이커,0.0,0,128000,128000,128000,0,0,0.0,100.0,1,high,24.02,6,2,45,https://www.musinsa.com/products/7032429
2026-09-01,제이엘브,7032557,원모어 소프트 테리 버뮤다 팬츠,0.0,0,58000,58000,58000,0,0,0.0,100.0,1,high,24.02,6,2,45,https://www.musinsa.com/products/7032557
2026-09-01,쿠어,7033325,페인티드 롱 슬리브 티셔츠 (워시드그레이),0.0,0,85500,85500,85500,0,0,0.0,100.0,1,high,24.1,5,2,45,https://www.musinsa.com/products/7033325
2026-09-01,쿠어,7033453,플래드 시어서커 체크 셔츠 (그린),0.0,0,162000,162000,162000,0,0,0.0,100.0,1,high,24.1,5,2,45,https://www.musinsa.com/products/7033453
2026-09-01,엘무드,7033965,마시 울 가디건 차콜,0.0,0,178000,178000,178000,0,0,0.0,100.0,1,high,24.09,5,2,45,https://www.musinsa.com/products/7033965
2026-09-01,드로우핏 우먼,7035245,에일 스트링 니트 가디건 [M.GREY],0.0,0,66600,66600,66600,0,0,0.0,100.0,1,high,24.09,6,2,45,https://www.musinsa.com/products/7035245
2026-09-01,시눈,7040749,Mesh Skirt Layered Pants (Black),0.0,0,126560,126560,126560,0,0,0.0,100.0,1,high,24.1,5,2,45,https://www.musinsa.com/products/7040749
2026-09-01,시눈,7041005,Balloon Puff Layered Sleeve (Melange Grey),0.0,0,70490,70490,70490,0,0,0.0,100.0,1,high,24.1,5,2,45,https://www.musinsa.com/products/7041005
2026-09-01,시눈,7041069,Sheer Wrap Sleeveless (Ivory),0.0,0,70490,70490,70490,0,0,0.0,100.0,1,high,24.1,5,2,45,https://www.musinsa.com/products/7041069
2026-09-01,비헤비어,7045805,DYED C/L EASY TROUSERS khaki,0.0,0,208050,208050,208050,0,0,0.0,100.0,1,high,24.08,5,2,45,https://www.musinsa.com/products/7045805
2026-09-01,러프사이드,7046509,Grainy Pullover M.Grey,0.0,0,71250,71250,71250,0,0,0.0,100.0,1,high,24.1,5,2,45,https://www.musinsa.com/products/7046509
2026-09-01,2000아카이브스,7047597,SLEEK STRAIGHT JEAN (BLUE),0.0,0,156000,156000,175500,1,-19500,-11.11,100.0,1,medium,24.09,6,2,45,https://www.musinsa.com/products/7047597
2026-09-01,드로우핏 우먼,7048621,코듀로이 루즈 핏 부츠컷 팬츠 [BROWN],0.0,0,69300,69300,69300,0,0,0.0,100.0,1,high,24.09,6,2,45,https://www.musinsa.com/products/7048621
2026-09-01,드로우핏 우먼,7048685,러플 쉬폰 롱 스커트 [IVORY],0.0,0,69300,69300,69300,0,0,0.0,100.0,1,high,24.09,6,2,45,https://www.musinsa.com/products/7048685
2026-09-01,웬즈데이오아시스,7050605,워싱 트윌 아웃포켓 자켓_GRAY(WCB6OT04),0.0,0,138600,138600,178200,1,-39600,-22.22,100.0,1,medium,24.09,6,2,45,https://www.musinsa.com/products/7050605
2026-09-01,웬즈데이오아시스,7050797,워셔블 라운드 집업 니트 가디건_BLACK(WC26KN19),0.0,0,46200,46200,59400,1,-13200,-22.22,100.0,1,medium,24.09,6,2,45,https://www.musinsa.com/products/7050797
2026-09-01,유니온블루,7055149,BATTLE DRESS 2PK SHIRT [MISTY GRAY],0.0,0,100300,100300,100300,0,0,0.0,100.0,1,high,24.09,6,2,45,https://www.musinsa.com/products/7055149
2026-09-01,슈퍼서브,7059437,[태양 pick] 스트라이프 배색 레이어드 긴팔 티셔츠 3컬러,0.0,0,20610,20610,20610,0,0,0.0,100.0,1,high,24.08,3,2,45,https://www.musinsa.com/products/7059437
2026-09-01,비긴202,7063021,커브라이트 다운 점퍼 v2 [포그 카키],0.0,0,237150,237150,237150,0,0,0.0,100.0,1,high,24.08,5,2,45,https://www.musinsa.com/products/7063021
2026-09-01,레더리,7074285,빈티지 워싱 레더 숄더백 [BROWN],0.0,0,57120,57120,57120,0,0,0.0,100.0,1,high,24.08,5,2,45,https://www.musinsa.com/products/7074285
2026-09-01,드릭스,7074797,[SET UP] 오버로크 스티치 후드집업 셋업_3color,0.0,0,64990,64990,69990,1,-5000,-7.14,100.0,1,medium,24.09,6,2,45,https://www.musinsa.com/products/7074797
2026-09-01,999휴머니티,7078893,애시메트릭 블리치드 후디드 집업 (블루),0.0,0,168000,168000,168000,0,0,0.0,100.0,1,high,24.1,5,2,45,https://www.musinsa.com/products/7078893
2026-09-01,제이엘브,7079917,우먼스 뎁트 아플리케 후디 집업,0.0,0,72000,72000,72000,0,0,0.0,100.0,1,high,24.02,6,2,45,https://www.musinsa.com/products/7079917
2026-09-01,틸아이다이,7080429,Merino whole garment cardigan [TIFA05CD01]_Beige,0.0,0,117090,117090,117090,0,0,0.0,100.0,1,high,24.09,6,2,45,https://www.musinsa.com/products/7080429
2026-09-01,틸아이다이,7080493,Pleats mock neck top [TIFA05LT12]_Cream,0.0,0,39570,39570,39570,0,0,0.0,100.0,1,high,24.09,6,2,45,https://www.musinsa.com/products/7080493
2026-09-01,제이엘브,7080877,우먼스 베이직 니트,0.0,0,38000,38000,38000,0,0,0.0,100.0,1,high,24.02,6,2,45,https://www.musinsa.com/products/7080877
2026-09-01,인사일런스,7084141,하이트위스트 코튼 롱슬리브 NAVY,0.0,0,89000,89000,99000,1,-10000,-10.1,100.0,1,medium,24.09,5,2,45,https://www.musinsa.com/products/7084141
2026-09-01,와이케이,7085933,말티즈 어드벤처 래글런 롱슬리브 티셔츠 차콜,0.0,0,49600,49600,49600,0,0,0.0,100.0,1,high,24.02,6,2,45,https://www.musinsa.com/products/7085933
2026-09-01,몽돌,7088557,워싱 포켓 부츠컷 데님 진 미드블루 MDPT086MIDBLUE,0.0,0,79520,79520,79520,0,0,0.0,100.0,1,high,24.09,6,2,45,https://www.musinsa.com/products/7088557
2026-09-01,썸웨어버터,7090413,Leo Raglan Long Top - Grey(Black),0.0,0,55890,55890,55890,0,0,0.0,100.0,1,high,24.02,6,2,45,https://www.musinsa.com/products/7090413
2026-09-01,썸웨어버터,7090989,Black Glossy Hair Clip,0.0,0,31590,31590,31590,0,0,0.0,100.0,1,high,24.02,6,2,45,https://www.musinsa.com/products/7090989
2026-09-01,썬러브투어,7092909,Club Trucker Cap Black,0.0,0,69000,69000,69000,0,0,0.0,100.0,1,high,24.09,6,2,45,https://www.musinsa.com/products/7092909
2026-09-01,꼼파뇨,7095085,데빌 베어 레이어드 피그먼트 롱슬리브 스모크블랙,0.0,0,32460,32460,32460,0,0,0.0,100.0,1,high,24.08,5,2,45,https://www.musinsa.com/products/7095085
2026-09-01,브라운야드,7095853,"W 울 이지 팬츠, 블랙",0.0,0,198000,198000,198000,0,0,0.0,100.0,1,high,24.02,6,2,45,https://www.musinsa.com/products/7095853
2026-09-01,인사일런스 우먼,7096173,슬림 체인 벨트 BLACK,0.0,0,62000,62000,62000,0,0,0.0,100.0,1,high,24.09,6,2,45,https://www.musinsa.com/products/7096173
2026-09-01,파르티멘토 우먼,7096493,PWC 에브리데이 오버니삭스_8컬러,0.0,0,10800,10800,8400,1,2400,28.57,100.0,1,medium,24.08,3,2,45,https://www.musinsa.com/products/7096493
2026-09-01,해칭룸,7097389,Inner Tee M.Grey,0.0,0,93000,93000,93000,0,0,0.0,100.0,1,high,24.08,5,2,45,https://www.musinsa.com/products/7097389
2026-09-01,쿠어,7102701,몰스킨 하이 웨스트 커브 팬츠 (그레이시블루),0.0,0,162000,162000,162000,0,0,0.0,100.0,1,high,24.1,5,2,45,https://www.musinsa.com/products/7102701
2026-09-01,더니트컴퍼니,7102829,폭스 블렌디드 하프 버튼 스웨터 3color,0.0,0,111200,111200,111200,0,0,0.0,100.0,1,high,24.08,5,2,45,https://www.musinsa.com/products/7102829
2026-09-01,디스이즈네버댓,7104685,Basic Pocket L/S Tee Navy,0.0,0,69000,69000,69000,0,0,0.0,100.0,1,high,24.09,5,2,45,https://www.musinsa.com/products/7104685
2026-09-01,어나더 오피스,7107117,[AW] Santiago Slacks (Khaki Brown),0.0,0,174000,174000,174000,0,0,0.0,100.0,1,high,24.09,6,2,45,https://www.musinsa.com/products/7107117
2026-09-01,수아레,7109293,데일리 크롭 2-WAY 가디건 - 3 COLOR,0.0,0,46230,46230,46230,0,0,0.0,100.0,1,high,24.08,5,2,45,https://www.musinsa.com/products/7109293
2026-09-01,칙스,7116397,녕이X칙스 인스팅트 슬림 부츠컷 팬츠 블랙,0.0,0,41900,41900,33520,1,8380,25.0,100.0,1,medium,24.09,6,2,45,https://www.musinsa.com/products/7116397
2026-09-01,제이엘브,7116589,우먼스 시그니처 루즈핏 롱슬리브,0.0,0,48000,48000,48000,0,0,0.0,100.0,1,high,24.02,6,2,45,https://www.musinsa.com/products/7116589
2026-09-01,칙스,7120493,커브 절개 플랩 포켓 와이드 파라 팬츠 블랙,0.0,0,66900,66900,53520,1,13380,25.0,100.0,1,medium,24.09,6,2,45,https://www.musinsa.com/products/7120493
2026-09-01,다이브인,7120941,WASHED COTTON WORK JACKET (BLACK),0.0,0,160650,160650,189000,1,-28350,-15.0,100.0,1,medium,24.09,5,2,45,https://www.musinsa.com/products/7120941
2026-09-01,트래블,7121901,레이지 라이즈 페이디드 피그먼트 롱 슬리브 크림,0.0,0,27300,27300,39200,1,-11900,-30.36,100.0,1,medium,24.09,6,2,45,https://www.musinsa.com/products/7121901
2026-09-01,룩캐스트,7132141,코튼 하이넥 포켓 워크 자켓 / COTTON HIGH NECK POCKET WORK JACKET_2colors,0.0,0,202300,202300,202300,0,0,0.0,100.0,1,high,24.08,5,2,45,https://www.musinsa.com/products/7132141
2026-09-01,더바이닐하우스,7134253,RODEO WASHED SWEAT PANTS BEIGE,0.0,0,141550,141550,149000,1,-7450,-5.0,100.0,1,medium,24.09,5,2,45,https://www.musinsa.com/products/7134253
2026-09-01,커버낫,7148077,아치 로고 니트 딥 브라운,0.0,0,109000,109000,,0,,,59.03,0,low,24.01,2,1,45,https://www.musinsa.com/products/7148077
2026-09-01,프리즘웍스,7148269,ROLLNECK RINGER KNIT _ BLACK,0.0,0,109000,109000,,0,,,97.35,0,medium,24.09,3,1,45,https://www.musinsa.com/products/7148269
2026-09-01,파르티멘토,7155757,페이디드 펫 롱 슬리브 차콜,0.0,0,39900,39900,39900,0,0,0.0,100.0,1,high,24.09,5,2,45,https://www.musinsa.com/products/7155757
2026-09-01,브룩스 브라더스,7158637,[여성] 울 케이블 하프집업 (라이트블루) (BBWZWBG406),0.0,0,299000,299000,299000,0,0,0.0,100.0,1,high,24.02,6,2,45,https://www.musinsa.com/products/7158637
2026-09-01,플리즈노팔로우,7160493,Buddy Wide Shirring Balloon Pants (Melange Charcoal),0.0,0,160200,160200,,0,,,85.11,0,low,24.09,3,1,45,https://www.musinsa.com/products/7160493
2026-09-01,탄산마그네슘,7160877,체크 체인 네크리스 (옐로우),0.0,0,55480,55480,55480,0,0,0.0,100.0,1,high,24.1,5,2,45,https://www.musinsa.com/products/7160877
2026-09-01,탄산마그네슘,7160941,버섯 시계 아플리케 롱슬리브 (라이트 핑크),0.0,0,60040,60040,60040,0,0,0.0,100.0,1,high,24.1,5,2,45,https://www.musinsa.com/products/7160941
2026-09-01,키르시,7173101,체리 백포인트 골지 크루삭스 차콜 5팩,0.0,0,11900,11900,21900,1,-10000,-45.66,100.0,1,medium,24.09,5,2,45,https://www.musinsa.com/products/7173101
2026-09-01,노매뉴얼,7180205,VTG RELAXED BACKPACK - WASHED GRAY,0.0,0,129200,129200,129200,0,0,0.0,100.0,1,high,24.08,3,2,45,https://www.musinsa.com/products/7180205
2026-09-01,노매뉴얼,7180269,M-65 ARCTIC PARKA JACKET - WASHED KHAKI,0.0,0,239400,239400,239400,0,0,0.0,100.0,1,high,24.08,3,2,45,https://www.musinsa.com/products/7180269
2026-09-01,언더오프,7188845,포멀 크롭 반집업 울 니트 그레이,0.0,0,34990,34990,39900,1,-4910,-12.31,100.0,1,medium,24.09,5,2,45,https://www.musinsa.com/products/7188845
2026-09-01,엑스컨테이너,7191021,엠보 레귤러 데님 팬츠 (BLACK),0.0,0,52500,52500,,0,,,9.52,0,low,24.01,2,1,45,https://www.musinsa.com/products/7191021
2026-09-01,제멋,7192941,오운드 크롭 맨투맨 블루그레이 HSMT2717,0.0,0,34110,34110,34110,0,0,0.0,100.0,1,high,24.09,6,2,45,https://www.musinsa.com/products/7192941
2026-09-02,드로우핏,434861,터틀 하이 벤트 레이어드 티셔츠 [BLACK],0.0,0,29250,29250,29250,0,0,0.0,76.6,0,low,23.99,4,1,45,https://www.musinsa.com/products/434861
2026-09-02,드로우핏,550829,에센셜 베이직 티셔츠 [DEEP GREY],0.0,0,29700,29700,29700,0,0,0.0,76.6,0,low,23.99,4,1,45,https://www.musinsa.com/products/550829
2026-09-02,프리즘웍스,971501,OG SLIM CROP DENIM PANTS _ BLACK,0.0,0,62100,62100,62100,0,0,0.0,100.0,1,high,24.09,5,2,45,https://www.musinsa.com/products/971501
2026-09-02,유니폼브릿지,1025517,og logo army belt black,1.86,23248,12500,12500,12500,0,0,0.0,100.0,1,high,24.08,5,2,45,https://www.musinsa.com/products/1025517
2026-09-02,트립르센스,1223341,베이직 터틀넥 폴라 니트_블루,0.0,0,25200,25200,25200,0,0,0.0,51.64,0,low,24.01,5,1,45,https://www.musinsa.com/products/1223341
2026-09-02,트립르센스,1342957,컬러 와이드 슬렉스 _카키그레이,0.0,0,35500,35500,35500,0,0,0.0,51.64,0,low,24.01,5,1,45,https://www.musinsa.com/products/1342957
2026-09-02,트립르센스,1475245,UNISEX Normality Graphic T-shirts_White,0.0,0,24500,24500,24500,0,0,0.0,51.64,0,low,24.01,5,1,45,https://www.musinsa.com/products/1475245
2026-09-02,루에브르,1530605,Basic symbol T-shirt SW1ME020_2color,0.0,0,49000,49000,49000,0,0,0.0,26.59,0,low,24.09,4,1,45,https://www.musinsa.com/products/1530605
2026-09-02,와이케이,1663853,돌핀 자수 장갑 스카이블루,0.0,0,16800,16800,16800,0,0,0.0,51.64,0,low,24.01,5,1,45,https://www.musinsa.com/products/1663853
2026-09-02,꼼파뇨,1726317,헤리티지 코메 비니 블랙,0.0,0,10400,10400,10400,0,0,0.0,89.1,0,low,23.99,4,1,45,https://www.musinsa.com/products/1726317
2026-09-02,아웃스탠딩,1730669,REVERSE HEAVY SWEAT PANTS_1%MELANGE GRAY,0.0,0,83000,83000,83000,0,0,0.0,100.0,1,high,24.08,5,2,45,https://www.musinsa.com/products/1730669
2026-09-02,쿠어,1795629,오버핏 울 가디건 (블랙),0.0,0,100000,100000,100000,0,0,0.0,64.1,0,low,24.0,4,1,45,https://www.musinsa.com/products/1795629
2026-09-02,인사일런스,1821293,수피마 코튼 프리미엄 티셔츠 DARK BLUE,0.0,0,29700,29700,29700,0,0,0.0,39.16,0,low,24.0,4,1,45,https://www.musinsa.com/products/1821293
2026-09-02,시야쥬,1825069,SIPT7023 Long Wide Slacks_Black,0.0,0,80100,80100,80100,0,0,0.0,39.16,0,low,24.0,4,1,45,https://www.musinsa.com/products/1825069
2026-09-02,메인부스,1927341,[MNBTH x Where is Wally] Wally Airpods Case,0.0,0,19800,19800,19800,0,0,0.0,76.61,0,low,23.99,4,1,45,https://www.musinsa.com/products/1927341
2026-09-02,굿라이프웍스,2060717,와이드 빅포켓 밴딩 카고 팬츠 진베이지,0.0,0,43750,43750,43750,0,0,0.0,64.11,0,low,24.0,4,1,45,https://www.musinsa.com/products/2060717
2026-09-02,수아레,2074861,울 밸런스 세미 오버 블레이저 애쉬그레이,0.0,0,99900,99900,99900,0,0,0.0,89.11,0,low,23.99,4,1,45,https://www.musinsa.com/products/2074861
2026-09-02,트래블,2088813,[2-PACK]베이직 루즈핏 저지 팬츠,0.0,0,49000,49000,49000,0,0,0.0,26.59,0,low,24.09,4,1,45,https://www.musinsa.com/products/2088813
2026-09-02,코드그라피,2137197,헤비보아 플리스 무톤자켓_카키,0.0,0,90300,90300,90300,0,0,0.0,76.62,0,low,23.99,4,1,45,https://www.musinsa.com/products/2137197
2026-09-02,키뮤어,2156653,쉘블록 2-WAY 플랩 숏패딩_라이트베이지,0.0,0,76300,76300,76300,0,0,0.0,100.0,1,high,24.09,5,2,45,https://www.musinsa.com/products/2156653
2026-09-02,와이케이,2172845,체커보드 터틀넥 티셔츠 브라운,0.0,0,23600,23600,23600,0,0,0.0,51.66,0,low,24.01,5,1,45,https://www.musinsa.com/products/2172845
2026-09-02,꼼파뇨,2227245,[기모] 세렌디피티 자수 후드 스카이그레이,1.78,70595,39600,39600,39600,0,0,0.0,89.11,0,low,23.99,4,1,45,https://www.musinsa.com/products/2227245
2026-09-02,시그니처,2242605,[세트구성]울 니트 글러브[9color],0.0,0,29900,29900,29900,0,0,0.0,76.62,0,low,23.99,4,1,45,https://www.musinsa.com/products/2242605
2026-09-02,어반드레스,2346285,VIVID Collar Twoway Knit Zip-Up - 6COL,0.0,0,21600,21600,21600,0,0,0.0,100.0,1,high,24.09,5,2,45,https://www.musinsa.com/products/2346285
2026-09-02,쿠어,2351661,플라콘 스탠카라 코트 (베이지),0.0,0,156000,156000,156000,0,0,0.0,64.11,0,low,24.0,4,1,45,https://www.musinsa.com/products/2351661
2026-09-02,메인부스,2381485,Love JF Denim Jacket(WHITE),0.0,0,38700,38700,38700,0,0,0.0,76.63,0,low,23.99,4,1,45,https://www.musinsa.com/products/2381485
2026-09-02,꼼파뇨,2441261,San Diego 자수 벌룬 조거팬츠,0.0,0,29250,29250,29250,0,0,0.0,89.12,0,low,23.99,4,1,45,https://www.musinsa.com/products/2441261
2026-09-02,드로우핏,2480237,밴딩 와이드 슬랙스 [L.BEIGE],0.0,0,49800,49800,49800,0,0,0.0,76.63,0,low,23.99,4,1,45,https://www.musinsa.com/products/2480237
2026-09-02,쿠어,2482861,콘 데님 플리츠 쇼츠 (블루),0.0,0,108000,108000,108000,0,0,0.0,64.13,0,low,24.0,4,1,45,https://www.musinsa.com/products/2482861
2026-09-02,어반드레스,2521389,alice onepiece SKYBLUE,0.0,0,28800,28800,28800,0,0,0.0,100.0,1,high,24.09,5,2,45,https://www.musinsa.com/products/2521389
2026-09-02,메인부스,2583405,Original Mini Logo Ball Cap(CREAM),0.0,0,22300,22300,22300,0,0,0.0,76.64,0,low,23.99,4,1,45,https://www.musinsa.com/products/2583405
2026-09-02,카네이테이,2584173,POM QUILTED FLAT POUCH (IVORY) / RECYCLED,0.86,16245,18900,18900,18900,0,0,0.0,100.0,1,high,24.08,5,2,45,https://www.musinsa.com/products/2584173
2026-09-02,러브이즈트루,2587373,SU CARGO PANTS(GRAY),0.0,0,43800,43800,43800,0,0,0.0,51.69,0,low,24.01,5,1,45,https://www.musinsa.com/products/2587373
2026-09-02,솔트앤초콜릿,2611501,와이드 스퀘어 토 앵클 스트랩 샌들 412224014 (8.5cm/2colors),0.42,18029,42720,42720,42720,0,0,0.0,100.0,1,high,24.08,10,6,45,https://www.musinsa.com/products/2611501
2026-09-02,나인제트,2628717,시그니처 헤비메쉬 머슬핏 티셔츠,5.72,177346,31000,31000,31000,0,0,0.0,100.0,1,high,23.99,8,2,45,https://www.musinsa.com/products/2628717
2026-09-02,유니폼브릿지,2664749,1960 s/s tee yellow orange,0.28,5487,19500,19500,19500,0,0,0.0,100.0,1,high,24.08,5,2,45,https://www.musinsa.com/products/2664749
2026-09-02,넌블랭크,2698285,세미 벌룬 슬랙스_BLACK,0.0,0,47200,47200,47200,0,0,0.0,51.7,0,low,24.01,5,1,45,https://www.musinsa.com/products/2698285
2026-09-02,트래블,2703789,3 레이어 써밋 후드 윈드 브레이커 블랙,0.53,34190,64500,64500,64500,0,0,0.0,26.6,0,low,24.09,4,1,45,https://www.musinsa.com/products/2703789
2026-09-02,하 아카이브,2704557,트레블러 아이패드백 (블랙),0.0,0,59000,59000,59000,0,0,0.0,89.13,0,low,23.99,4,1,45,https://www.musinsa.com/products/2704557
2026-09-02,더바이닐하우스,2707693,PANELED BLOUSON BLACK (VH2CWUB933A),0.0,0,53700,53700,53700,0,0,0.0,39.19,0,low,24.0,4,1,45,https://www.musinsa.com/products/2707693
2026-09-02,제멋,2741293,파일 오버핏 투웨이 후드집업 6종 그레이 KJHD2407,0.0,0,43900,43900,43900,0,0,0.0,100.0,1,high,24.09,5,2,45,https://www.musinsa.com/products/2741293
2026-09-02,드로우핏,2774701,셋업 스트링 트랙 팬츠 [MATT BLACK],0.0,0,37950,37950,37950,0,0,0.0,76.65,0,low,23.99,4,1,45,https://www.musinsa.com/products/2774701
2026-09-02,로우클래식,2788589,SCHOOL CARDIGAN SET - BROWN,0.0,0,225600,225600,225600,0,0,0.0,100.0,1,high,24.09,5,2,45,https://www.musinsa.com/products/2788589
2026-09-02,슈퍼서브,2853101,클럽 레플리카 스웻셔츠 [오프 화이트],0.0,0,43900,43900,43900,0,0,0.0,76.66,0,low,23.99,4,1,45,https://www.musinsa.com/products/2853101
2026-09-02,제멋,2906349,프라임 오버핏 스타디움 자켓 2종 블랙 OYOT2455,0.0,0,73900,73900,73900,0,0,0.0,100.0,1,high,24.09,5,2,45,https://www.musinsa.com/products/2906349
2026-09-02,솔트앤초콜릿,2930029,SAC 로고 크롭 스웨트셔츠 오트밀 4W2233301,0.0,0,39760,39760,39760,0,0,0.0,100.0,1,high,24.08,5,2,45,https://www.musinsa.com/products/2930029
2026-09-02,솔트앤초콜릿,2930157,(셋업) 울 와이드 핀턱 슬랙스 블랙 4W223V301,0.0,0,59920,59920,59920,0,0,0.0,100.0,1,high,24.08,5,2,45,https://www.musinsa.com/products/2930157
2026-09-02,러브이즈트루,2935341,VL L LOGO KNIT(IVORY),0.0,0,51800,51800,51800,0,0,0.0,51.72,0,low,24.01,5,1,45,https://www.musinsa.com/products/2935341
2026-09-02,슬로우애시드,2970541,피치스킨 러스티 로고 스웨트셔츠 [블랙],0.0,0,59800,59800,59800,0,0,0.0,76.66,0,low,23.99,4,1,45,https://www.musinsa.com/products/2970541
2026-09-02,나이스고스트클럽,3010605,GUMMY BEAR & LOGO SWEATSHIRTS_GREEN(NG2DSUM440A),0.0,0,27600,27600,27600,0,0,0.0,51.72,0,low,24.01,5,1,45,https://www.musinsa.com/products/3010605
2026-09-02,굿라이프웍스,3011437,오버핏 케이블 스웨터 니트 그레이,0.0,0,29050,29050,29050,0,0,0.0,64.16,0,low,24.0,4,1,45,https://www.musinsa.com/products/3011437
2026-09-02,더블유엠씨,3011757,언발란스포켓 데님셔츠_INDIGO,0.0,0,47600,47600,47600,0,0,0.0,51.72,0,low,24.01,5,1,45,https://www.musinsa.com/products/3011757
2026-09-02,꼼파뇨,3032493,Enjoy CAT 자수 후드 집업 블랙,0.0,0,44000,44000,44000,0,0,0.0,89.15,0,low,23.99,4,1,45,https://www.musinsa.com/products/3032493
2026-09-02,드로우핏,3037101,오버사이즈 울 라운드 가디건 [BRICK],0.0,0,76500,76500,76500,0,0,0.0,76.67,0,low,23.99,4,1,45,https://www.musinsa.com/products/3037101
2026-09-02,와이케이,3041133,젤리 폰케이스 말티즈 거울 셀피,0.0,0,16800,16800,16800,0,0,0.0,51.72,0,low,24.01,5,1,45,https://www.musinsa.com/products/3041133
2026-09-02,도프제이슨,3041965,프리미엄 램스킨 베지터블 레이서 자켓 BLACK,0.0,0,369550,369550,369550,0,0,0.0,51.73,0,low,24.01,5,1,45,https://www.musinsa.com/products/3041965
2026-09-02,인템포무드,3054701,레이지보이 벌룬 핏 데님_딥블루,0.0,0,67900,67900,67900,0,0,0.0,39.22,0,low,5.61,11,4,45,https://www.musinsa.com/products/3054701
2026-09-02,러브이즈트루,3066989,DN STAR CARPENTER PANTS(BLACK),0.0,0,92950,92950,92950,0,0,0.0,51.73,0,low,24.01,5,1,45,https://www.musinsa.com/products/3066989
2026-09-02,프리즘웍스,3081517,OG PIGMENT DYEING SWEATSHIRT 003 _ PINK,0.0,0,62100,62100,62100,0,0,0.0,100.0,1,high,24.09,5,2,45,https://www.musinsa.com/products/3081517
2026-09-02,모즈모즈,3085421,나일론 5부 버뮤다 팬츠 블랙,0.0,0,35900,35900,35900,0,0,0.0,64.17,0,low,23.99,4,1,45,https://www.musinsa.com/products/3085421
2026-09-02,모즈모즈,3085485,아치로고 오버핏 반팔티셔츠 그레이,0.0,0,29800,29800,29800,0,0,0.0,64.18,0,low,24.0,4,1,45,https://www.musinsa.com/products/3085485
2026-09-02,모즈모즈,3086445,이지나일론 트레이닝 반바지 다크그레이,0.0,0,24800,24800,24800,0,0,0.0,64.18,0,low,24.0,4,1,45,https://www.musinsa.com/products/3086445
2026-09-02,솔트앤초콜릿,3088557,SAC 로고 크롭 티셔츠 퍼플 4W2311001,0.0,0,22960,22960,22960,0,0,0.0,100.0,1,high,24.08,5,2,45,https://www.musinsa.com/products/3088557
2026-09-02,키르시,3093741,컬렉션 와이드 스트라이프 데님 [블랙],0.0,0,64500,64500,64500,0,0,0.0,39.23,0,low,24.0,4,1,45,https://www.musinsa.com/products/3093741
2026-09-02,아틀리에 나인,3100909,레트로 클래식 케이블 브이넥 니트(T-6616),0.0,0,37500,37500,37500,0,0,0.0,64.18,0,low,24.0,4,1,45,https://www.musinsa.com/products/3100909
2026-09-02,트립르센스,3102445,워셔블 오버사이즈 셔츠_BLACK,0.0,0,37000,37000,37000,0,0,0.0,51.74,0,low,24.01,5,1,45,https://www.musinsa.com/products/3102445
2026-09-02,세터,3105517,썬 레트로 그래픽 반팔 티셔츠 레트로 아이보리,0.0,0,79000,79000,79000,0,0,0.0,64.19,0,low,24.0,4,1,45,https://www.musinsa.com/products/3105517
2026-09-02,어반드레스,3109741,BUCKLE WIDE DENIM PANTS WASHING GREY,0.0,0,41000,41000,41000,0,0,0.0,100.0,1,high,24.09,5,2,45,https://www.musinsa.com/products/3109741
2026-09-02,에이치덱스,3158061,[2pack] 메인 스몰 로고 에어 머슬핏 숏 슬리브,8.21,472827,57600,57600,57600,0,0,0.0,100.0,1,low,13.82,18,5,45,https://www.musinsa.com/products/3158061
2026-09-02,아틀리에 나인,3165357,퓨어 트위드 슬리브리스 원피스(OP-6041),0.0,0,99000,99000,99000,0,0,0.0,64.19,0,low,23.99,4,1,45,https://www.musinsa.com/products/3165357
2026-09-02,파르티멘토 우먼,3170349,레이어드 숏 슬리브 티_블루,0.0,0,31590,31590,31590,0,0,0.0,89.16,0,low,23.99,4,1,45,https://www.musinsa.com/products/3170349
2026-09-02,키뮤어,3180141,원턱 테이퍼드 스웨트 버뮤다 팬츠_그레이,0.0,0,13200,13200,13200,0,0,0.0,100.0,1,high,24.09,5,2,45,https://www.musinsa.com/products/3180141
2026-09-02,커버낫,3195309,크로셰 폴로 하프 니트 네이비,0.0,0,40050,40050,40050,0,0,0.0,39.25,0,low,24.0,4,1,45,https://www.musinsa.com/products/3195309
2026-09-02,키르시,3213293,키르시 포켓 투웨이 미니 백 [아이보리],0.0,0,39500,39500,39500,0,0,0.0,39.25,0,low,24.0,4,1,45,https://www.musinsa.com/products/3213293
2026-09-02,커버낫,3235309,커버 슬라이드 인디 핑크,0.0,0,29500,29500,29500,0,0,0.0,39.26,0,low,24.0,4,1,45,https://www.musinsa.com/products/3235309
2026-09-02,무센트,3238829,"SIGNATURE HALF ZIP-UP NECK MTM - MAN (Deep navy, Olive green)",0.0,0,43000,43000,43000,0,0,0.0,39.26,0,low,24.0,4,1,45,https://www.musinsa.com/products/3238829
2026-09-02,파르티멘토,3251053,메쉬 네트 니트 베스트 베이지,0.0,0,22400,22400,22400,0,0,0.0,39.26,0,low,24.0,4,1,45,https://www.musinsa.com/products/3251053
2026-09-02,니티드,3259565,썸머 스트라이프 반팔 니트 셔츠 BLACK,0.0,0,49800,49800,49800,0,0,0.0,76.71,0,low,23.99,4,1,45,https://www.musinsa.com/products/3259565
2026-09-02,루에브르,3261613,Open Collar Stripe Knit SK3MP226-03,0.0,0,103200,103200,103200,0,0,0.0,26.62,0,low,24.09,4,1,45,https://www.musinsa.com/products/3261613
2026-09-02,시눈,3263981,FLOWER LACE DRESS (BLACK),0.0,0,43960,43960,48840,1,-4880,-9.99,64.2,0,low,23.99,4,1,45,https://www.musinsa.com/products/3263981
2026-09-02,키르시,3267245,체리 자카드 패턴 숏 슬리브 가디건 [멜란지 그레이],0.0,0,26700,26700,26700,0,0,0.0,39.26,0,low,24.0,4,1,45,https://www.musinsa.com/products/3267245
2026-09-02,후러브스아트,3267757,유니섹스 세미 와이드 밴딩 슬랙스 스모크 블루,0.0,0,24300,24300,24300,0,0,0.0,51.76,0,low,24.01,5,1,45,https://www.musinsa.com/products/3267757
2026-09-02,브론슨,3269421,10.6 oz Cotton Short Sleeve Henley Tee Grey,0.89,37818,42400,42400,42400,0,0,0.0,89.17,0,low,23.99,10,1,45,https://www.musinsa.com/products/3269421
2026-09-02,어반드레스,3271533,프렌치 린넨 라이크 싱글 블레이져 - 3COL,0.0,0,29900,29900,29900,0,0,0.0,100.0,1,high,24.09,5,2,45,https://www.musinsa.com/products/3271533
2026-09-02,와이케이,3273645,YK 바시티 반팔 셔츠 그린,0.0,0,29600,29600,29600,0,0,0.0,51.76,0,low,24.01,5,1,45,https://www.musinsa.com/products/3273645
2026-09-02,인템포무드,3274669,아치 로고 워싱 숏 슬리브_화이트,0.0,0,27000,27000,27000,0,0,0.0,39.26,0,low,24.0,4,1,45,https://www.musinsa.com/products/3274669
2026-09-02,프리즘웍스,3283501,CHINO WIDE FATIGUE SHORTS _ BLACK,0.0,0,39000,39000,39000,0,0,0.0,100.0,1,high,24.09,5,2,45,https://www.musinsa.com/products/3283501
2026-09-02,노이어,3288877,스퀘어 넥 니트 슬리브리스 (화이트),0.03,1007,29200,29200,29200,0,0,0.0,100.0,1,high,24.09,5,2,45,https://www.musinsa.com/products/3288877
2026-09-02,러브이즈트루,3306029,PY GRAPHIC RAGLAN TEE(BLACK),0.0,0,23400,23400,23400,0,0,0.0,51.77,0,low,24.01,5,1,45,https://www.musinsa.com/products/3306029
2026-09-02,링서울,3311469,open collar cotton knit-oatmeal,0.0,0,74120,74120,74120,0,0,0.0,51.77,0,low,24.01,5,1,45,https://www.musinsa.com/products/3311469
2026-09-02,모즈모즈,3347757,[2PACK] 와이드 원턱 스웨트 쇼츠 세트,0.64,24148,37600,37600,37600,0,0,0.0,64.21,0,low,23.99,4,1,45,https://www.musinsa.com/products/3347757
2026-09-02,솔트앤초콜릿,3353261,SAC 로고 오버핏 링클프리 하프 셔츠 스카이블루 4W2327001,0.0,0,30800,30800,30800,0,0,0.0,100.0,1,high,24.08,5,2,45,https://www.musinsa.com/products/3353261
2026-09-02,아틀리에 나인,3399021,울 어스 크롭 라글란 자켓(JK-2766),0.0,0,178200,178200,178200,0,0,0.0,64.21,0,low,24.0,4,1,45,https://www.musinsa.com/products/3399021
2026-09-02,메종미네드,3426541,LEATHER SADDLEBAG BLACK,0.0,0,77400,77400,77400,0,0,0.0,89.19,0,low,23.99,4,1,45,https://www.musinsa.com/products/3426541
2026-09-02,넌블랭크,3433517,카고 슬랙스_CHARCOAL GREY,0.0,0,90320,90320,90320,0,0,0.0,51.78,0,low,24.01,5,1,45,https://www.musinsa.com/products/3433517
2026-09-02,코드그라피,3439021,스포티 배색 조거팬츠_인디핑크,0.0,0,48300,48300,48300,0,0,0.0,76.72,0,low,23.99,4,1,45,https://www.musinsa.com/products/3439021
2026-09-02,하 아카이브,3442797,3웨이 2포켓 드로우 스트링 백 (실버),0.0,0,90400,90400,90400,0,0,0.0,89.19,0,low,23.99,4,1,45,https://www.musinsa.com/products/3442797
2026-09-02,노매뉴얼,3451053,N.S.C PARACHUTE PANTS - BLACK,0.0,0,70950,70950,70950,0,0,0.0,89.19,0,low,23.99,4,1,45,https://www.musinsa.com/products/3451053
2026-09-02,링서울,3458029,[선물옵션] 20mm braided leather belt- [brown/black],0.0,0,34020,34020,34020,0,0,0.0,51.79,0,low,24.01,5,1,45,https://www.musinsa.com/products/3458029
2026-09-02,로우로우,3463917,R TRUNK TT핸들 레더,0.0,0,7900,7900,7900,0,0,0.0,51.79,0,low,24.01,5,1,45,https://www.musinsa.com/products/3463917
2026-09-02,키뮤어,3466541,빈티지 워싱 데님 바이커 자켓_4 color,0.0,0,76300,76300,76300,0,0,0.0,100.0,1,high,24.09,5,2,45,https://www.musinsa.com/products/3466541
2026-09-02,아워데이즈,3467117,오정규x아워데이즈 생지 데님 [SET UP],0.0,0,121600,121600,121600,0,0,0.0,76.73,0,low,23.99,4,1,45,https://www.musinsa.com/products/3467117
2026-09-02,커버낫,3469421,치노 슬림 스트레이트 팬츠 베이지,0.0,0,49500,49500,49500,0,0,0.0,39.28,0,low,24.0,4,1,45,https://www.musinsa.com/products/3469421
2026-09-02,러브이즈트루,3469485,CH LOGO COLLAR KNIT(NAVY),0.0,0,66300,66300,66300,0,0,0.0,51.79,0,low,24.01,5,1,45,https://www.musinsa.com/products/3469485
2026-09-02,프리즘웍스,3479213,OG HAWORTH ONE TUCK PANTS _ CREAM,0.0,0,52200,52200,52200,0,0,0.0,100.0,1,high,24.09,5,2,45,https://www.musinsa.com/products/3479213
2026-09-02,쿠어,3480493,하이넥 루프 니트 집업 (월넛브라운),0.0,0,196000,196000,196000,0,0,0.0,64.22,0,low,23.99,4,1,45,https://www.musinsa.com/products/3480493
2026-09-02,아틀리에 나인,3481069,로에 체크 셋업 크롭 테일러드 자켓(JK-2873),0.0,0,143100,143100,143100,0,0,0.0,64.22,0,low,23.99,4,1,45,https://www.musinsa.com/products/3481069
2026-09-02,에스피오나지,3484973,Denim Over Shirt Dark Indigo,0.02,1478,84800,84800,84800,0,0,0.0,100.0,1,high,24.09,5,2,45,https://www.musinsa.com/products/3484973
2026-09-02,인사일런스,3487341,백로고 스쿠바 후드 집업 MELANGE GREY,0.0,0,83790,83790,83790,0,0,0.0,39.29,0,low,24.0,4,1,45,https://www.musinsa.com/products/3487341
2026-09-02,알리스,3509997,나일론 블렌디드 스트링 후드 티셔츠 [블랙],0.0,0,56400,56400,56400,0,0,0.0,89.21,0,low,24.0,4,1,45,https://www.musinsa.com/products/3509997
2026-09-02,커버낫,3511021,[COVERNAT X WRANGLER] 소매 절개 콜라보 아트웍 경량 패커블 덕 다운 네이비,0.0,0,77400,77400,77400,0,0,0.0,39.3,0,low,24.0,4,1,45,https://www.musinsa.com/products/3511021
2026-09-02,솔트앤초콜릿,3513069,청키 솔 첼시부츠 412346009 (4cm/2colors),0.0,0,65400,65400,65400,0,0,0.0,100.0,1,high,24.08,5,2,45,https://www.musinsa.com/products/3513069
2026-09-02,마인드브릿지,3513965,두굿_후드롱다운점퍼 - 2color MYDJ8103,0.0,0,169150,169150,169150,0,0,0.0,89.21,0,low,23.99,4,1,45,https://www.musinsa.com/products/3513965
2026-09-02,카네이테이,3519533,M65 QUILTING PANTS (GRAY),0.0,0,103200,103200,72240,1,30960,42.86,100.0,1,medium,24.08,5,2,45,https://www.musinsa.com/products/3519533
2026-09-02,해칭룸,3522221,Out Button Shirt Rose Brown,0.0,0,126400,126400,126400,0,0,0.0,89.21,0,low,23.99,4,1,45,https://www.musinsa.com/products/3522221
2026-09-02,에이이에이이,3523309,Flashed Cats Angora Knit -[WHITE],0.0,0,78480,78480,78480,0,0,0.0,89.21,0,low,23.99,4,1,45,https://www.musinsa.com/products/3523309
2026-09-02,낫포너드,3528685,Nylon Cargo Wide Pants - Pink,0.0,0,26910,26910,26910,0,0,0.0,76.74,0,low,24.0,4,1,45,https://www.musinsa.com/products/3528685
2026-09-02,노이어,3536685,플러피 오버핏 스웨터 (블랙),0.0,0,71200,71200,71200,0,0,0.0,100.0,1,high,24.09,5,2,45,https://www.musinsa.com/products/3536685
2026-09-02,시야쥬,3536813,SIPT7057 carpenter pants_Khaki brown,0.0,0,82620,82620,82620,0,0,0.0,39.31,0,low,24.0,4,1,45,https://www.musinsa.com/products/3536813
2026-09-02,스컬프터,3537133,Classic Corduroy Parka Olive,0.0,0,122640,122640,122640,0,0,0.0,100.0,1,high,24.08,5,2,45,https://www.musinsa.com/products/3537133
2026-09-02,엑스트라오디너리,3560237,CORSET LONGSLEEVE OFF WHITE,0.0,0,37950,37950,37950,0,0,0.0,89.22,0,low,24.0,4,1,45,https://www.musinsa.com/products/3560237
2026-09-02,고스트리퍼블릭,3567469,G7R CIRCLE 와이드 스웨트 팬츠 GLP-642,0.0,0,15900,15900,15900,0,0,0.0,76.75,0,low,24.0,4,1,45,https://www.musinsa.com/products/3567469
2026-09-02,아메스 월드와이드,3570669,TWOTONE MUFFLER IVORY (AM2DFUAB70A),0.0,0,26000,26000,26000,0,0,0.0,89.22,0,low,23.99,4,1,45,https://www.musinsa.com/products/3570669
2026-09-02,커버낫,3571693,트러커 후디 숏 푸퍼 아이보리,0.0,0,197400,197400,197400,0,0,0.0,39.32,0,low,24.0,4,1,45,https://www.musinsa.com/products/3571693
2026-09-02,코드그라피,3575341,(우먼) WAVE 로고 심볼 크롭 후디_4color,0.0,0,48300,48300,48300,0,0,0.0,76.75,0,low,24.0,4,1,45,https://www.musinsa.com/products/3575341
2026-09-02,세터,3579885,로턴 올 데이 트랙 팬츠 클래식 네이비,0.0,0,139000,139000,139000,0,0,0.0,64.25,0,low,23.99,4,1,45,https://www.musinsa.com/products/3579885
2026-09-02,키르시,3580461,보헤미안 그래픽 스웻셔츠 [머스타드],0.0,0,31600,31600,31600,0,0,0.0,39.33,0,low,24.0,4,1,45,https://www.musinsa.com/products/3580461
2026-09-02,제멋,3593965,블렌드 커브 오버핏 헤비 후드집업 5종 그레이 SOHD2478,0.0,0,69800,69800,69800,0,0,0.0,100.0,1,high,24.09,5,2,45,https://www.musinsa.com/products/3593965
2026-09-02,세컨모놀로그,3598509,코듀로이 와이드 팬츠 블루_SEPT030BLUE,0.0,0,31600,31600,31600,0,0,0.0,39.33,0,low,24.0,4,1,45,https://www.musinsa.com/products/3598509
2026-09-02,어반드레스,3599533,Smart Tuck Slacks BLACK,0.0,0,32900,32900,32900,0,0,0.0,100.0,1,high,24.09,5,2,45,https://www.musinsa.com/products/3599533
2026-09-02,브라운야드,3613549,"MA-1, 스톤",0.0,0,189000,189000,189000,0,0,0.0,51.83,0,low,24.01,5,1,45,https://www.musinsa.com/products/3613549
2026-09-02,후드후드,3613933,HD 레오파드 헤어리 니트 블랙,0.0,0,39600,39600,39600,0,0,0.0,76.76,0,low,24.0,4,1,45,https://www.musinsa.com/products/3613933
2026-09-02,론론,3620013,STRIPE V NECK LOOSE FIT KNIT BLACK STRIPE,0.0,0,53460,53460,53460,0,0,0.0,100.0,1,high,24.09,5,2,45,https://www.musinsa.com/products/3620013
2026-09-02,모즈모즈,3622893,리얼인비저블 퍼피 오버핏 기모 맨투맨 그레이,0.0,0,37600,37600,37600,0,0,0.0,64.26,0,low,23.99,4,1,45,https://www.musinsa.com/products/3622893
2026-09-02,배드블러드,3624301,디스트로이드 후디드 스웨터 - 블랙,0.0,0,119200,119200,119200,0,0,0.0,100.0,1,high,24.09,5,2,45,https://www.musinsa.com/products/3624301
2026-09-02,러브이즈트루,3624621,AM STRIPE ZIP UP(BROWN),0.0,0,84150,84150,84150,0,0,0.0,51.83,0,low,24.01,5,1,45,https://www.musinsa.com/products/3624621
2026-09-02,아틀리에 나인,3666989,시그니처 웜터치 터틀넥 티(T-6709),0.0,0,62100,62100,62100,0,0,0.0,64.27,0,low,23.99,4,1,45,https://www.musinsa.com/products/3666989
2026-09-02,슈퍼서브,3692781,THUNDER 브러쉬드 니트 - 브라운,0.0,0,49900,49900,49900,0,0,0.0,76.77,0,low,24.0,4,1,45,https://www.musinsa.com/products/3692781
2026-09-02,시야쥬,3694957,SIAC3035 부클 장갑_Cream,0.0,0,49000,49000,49000,0,0,0.0,39.35,0,low,24.0,4,1,45,https://www.musinsa.com/products/3694957
2026-09-02,썸웨어버터,3710189,Kid mohair half zip-up - vintage blue,0.0,0,196000,196000,196000,0,0,0.0,51.85,0,low,24.01,5,1,45,https://www.musinsa.com/products/3710189
2026-09-02,커버낫,3735469,뉴 어센틱 31L 백팩 블랙,0.23,23649,104490,104490,104490,0,0,0.0,100.0,1,high,10.18,12,7,45,https://www.musinsa.com/products/3735469
2026-09-02,로우로우,3735597,스트링 크로스백 750 ep.2 Gray,0.0,0,50150,50150,50150,0,0,0.0,51.86,0,low,24.01,5,1,45,https://www.musinsa.com/products/3735597
2026-09-02,플랙,3736365,CASPER X PLAC 스푸키 캐스퍼 스웨트 셔츠 네이비,0.0,0,37000,37000,37000,0,0,0.0,39.35,0,low,24.0,4,1,45,https://www.musinsa.com/products/3736365
2026-09-02,브라운야드,3756845,"스테디 셔츠, 다크 네이비",0.0,0,298000,298000,298000,0,0,0.0,51.86,0,low,24.01,5,1,45,https://www.musinsa.com/products/3756845
2026-09-02,드로우핏 우먼,3783597,실켓 코튼 타이 셔츠 [WHITE],0.0,0,56700,56700,56700,0,0,0.0,26.65,0,low,24.09,4,1,45,https://www.musinsa.com/products/3783597
2026-09-02,드로우핏,3784045,소프트 PBT 투웨이 풀집업 니트 [SAND BEIGE],0.0,0,76500,76500,76500,0,0,0.0,76.78,0,low,24.0,4,1,45,https://www.musinsa.com/products/3784045
2026-09-02,트리밍버드,3784493,Halter Neck Pajama Set-up [ Black ],0.0,0,69500,69500,69500,0,0,0.0,100.0,1,high,24.09,5,2,45,https://www.musinsa.com/products/3784493
2026-09-02,어반드레스,3785645,Aachen Windbreaker Jumper BLACK,0.0,0,72800,72800,72800,0,0,0.0,100.0,1,high,24.09,5,2,45,https://www.musinsa.com/products/3785645
2026-09-02,아메스 월드와이드,3788781,AMESSAGE HALF ZIP SWEATER GREY (AM2ESFK680A),0.0,0,35000,35000,35000,0,0,0.0,89.24,0,low,23.99,4,1,45,https://www.musinsa.com/products/3788781
2026-09-02,로템버,3790829,리오셀 오피서 치노 팬츠 [BEIGE],0.0,0,75240,75240,75240,0,0,0.0,26.65,0,low,24.09,4,1,45,https://www.musinsa.com/products/3790829
2026-09-02,인템포무드,3794157,데이 웨어 스웨트 팬츠 : 3컬러,0.0,0,59000,59000,59000,0,0,0.0,39.37,0,low,24.0,4,1,45,https://www.musinsa.com/products/3794157
2026-09-02,인템포무드,3794221,피그먼트 컬러풀 스웨트셔츠 : 4컬러,0.0,0,40500,40500,40500,0,0,0.0,39.37,0,low,24.0,4,1,45,https://www.musinsa.com/products/3794221
2026-09-02,어반드레스,3794797,Bonnie Off-shoulder Scarf T-shirt - 5COL,0.0,0,34800,34800,34800,0,0,0.0,100.0,1,high,24.09,5,2,45,https://www.musinsa.com/products/3794797
2026-09-02,가까이 유니언즈,3796525,로맨틱90 피그먼트 버뮤다 카고팬츠 애쉬 퍼플,0.0,0,42400,42400,42400,0,0,0.0,64.27,0,low,23.99,4,1,45,https://www.musinsa.com/products/3796525
2026-09-02,나이스고스트클럽,3800813,TATTOO HARRINGTON DYED JACKET_BLACK(NG2ESUJ201A),0.0,0,59600,59600,59600,0,0,0.0,51.88,0,low,24.01,5,1,45,https://www.musinsa.com/products/3800813
2026-09-02,스컬프터,3801069,Glossy Parachute Pants Ivory,0.0,0,61040,61040,61040,0,0,0.0,100.0,1,high,24.08,5,2,45,https://www.musinsa.com/products/3801069
2026-09-02,코드그라피,3803181,(우먼) WAVE 로고 스포티 카라 맨투맨_라이트그레이,0.0,0,48300,48300,48300,0,0,0.0,76.79,0,low,24.0,4,1,45,https://www.musinsa.com/products/3803181
2026-09-02,러프사이드,3806445,Cargo Shorts Dark Navy,0.0,0,168000,168000,168000,0,0,0.0,64.28,0,low,23.99,4,1,45,https://www.musinsa.com/products/3806445
2026-09-02,커버낫,3808429,시티플로우 백팩 베이지,0.0,0,59400,59400,59400,0,0,0.0,39.38,0,low,24.0,4,1,45,https://www.musinsa.com/products/3808429
2026-09-02,러브이즈트루,3812269,NM STAR HOTFIX HOODIE(NAVY),0.0,0,59400,59400,59400,0,0,0.0,51.88,0,low,24.01,5,1,45,https://www.musinsa.com/products/3812269
2026-09-02,넌블랭크,3812653,윈드 브레이크 셔츠_DARK NAVY,1.56,161698,103920,103920,103920,0,0,0.0,100.0,1,high,24.01,8,4,45,https://www.musinsa.com/products/3812653
2026-09-02,트릴리온,3813613,페이드 워싱 바이커 데님 자켓 (LIGHT GRAY),0.0,0,54900,54900,54900,0,0,0.0,89.25,0,low,24.0,4,1,45,https://www.musinsa.com/products/3813613
2026-09-02,커버낫,3815021,와이드 패러슈트 카고 팬츠 블랙,0.0,0,62550,62550,62550,0,0,0.0,39.38,0,low,24.0,4,1,45,https://www.musinsa.com/products/3815021
2026-09-02,노매뉴얼,3816365,T.C.U PANTS - BLACK,0.0,0,65450,65450,65450,0,0,0.0,89.27,0,low,24.0,4,1,45,https://www.musinsa.com/products/3816365
2026-09-02,노매뉴얼,3816557,[S/S 프레젠테이션] AETHER NYLON JACKET - SAND YELLOW,0.0,0,96750,96750,96750,0,0,0.0,89.27,0,low,23.99,4,1,45,https://www.musinsa.com/products/3816557
2026-09-02,러브이즈트루,3820973,NM SPARKLE VARSITY JACKET(BLUE),0.0,0,144000,144000,144000,0,0,0.0,51.89,0,low,24.01,5,1,45,https://www.musinsa.com/products/3820973
2026-09-02,노티카,3821421,[JP Line]리버시블 세일링 블루종,0.0,0,223300,223300,223300,0,0,0.0,64.28,0,low,23.99,4,1,45,https://www.musinsa.com/products/3821421
2026-09-02,유니폼브릿지,3822445,technical backpack grey,0.0,0,50710,50710,50710,0,0,0.0,100.0,1,high,24.08,5,2,45,https://www.musinsa.com/products/3822445
2026-09-02,트래블,3826221,워크샵 라인 래글런 나일론 믹스 칼라드 스웨트셔츠 화이트,0.0,0,39500,39500,39500,0,0,0.0,26.66,0,low,24.09,4,1,45,https://www.musinsa.com/products/3826221
2026-09-02,로제프란츠,3826413,Strap Off shoulder Sweatshirt [Gray],0.0,0,27280,27280,27280,0,0,0.0,76.8,0,low,24.0,4,1,45,https://www.musinsa.com/products/3826413
2026-09-02,미나브,3830317,라피네 소프트 셔츠 니트 [모카],0.0,0,39600,39600,39600,0,0,0.0,26.66,0,low,24.09,4,1,45,https://www.musinsa.com/products/3830317
2026-09-02,1993스튜디오,3833133,윈드 카고 롱 스커트_그린,0.0,0,39000,39000,39000,0,0,0.0,39.4,0,low,24.0,4,1,45,https://www.musinsa.com/products/3833133
2026-09-02,카네이테이,3833197,BOHEMIAN BACKPACK L (BLACK) / RECYCLED,0.86,95542,111300,111300,111300,0,0,0.0,100.0,1,high,24.08,5,2,45,https://www.musinsa.com/products/3833197
2026-09-02,키르시,3833837,라인 포인트 니트 롱 스커트 [네이비],0.0,0,49500,49500,49500,0,0,0.0,39.4,0,low,24.0,4,1,45,https://www.musinsa.com/products/3833837
2026-09-02,오헤시오,3835565,flower Standard t-shirt (red),0.27,12115,45600,45600,45600,0,0,0.0,26.66,0,low,24.09,4,1,45,https://www.musinsa.com/products/3835565
2026-09-02,인사일런스 우먼,3839469,테슬 디바이드 데님 BLACK,0.0,0,104300,104300,119200,1,-14900,-12.5,100.0,1,medium,24.09,5,2,45,https://www.musinsa.com/products/3839469
2026-09-02,언더오프,3842029,레이어드 크루넥 롱슬리브 무지 티셔츠 화이트,0.0,0,14320,14320,14320,0,0,0.0,39.41,0,low,24.0,4,1,45,https://www.musinsa.com/products/3842029
2026-09-02,와이케이,3846509,나일론 카고 스트링 팬츠 더스트핑크,0.0,0,49600,49600,49600,0,0,0.0,51.9,0,low,24.01,5,1,45,https://www.musinsa.com/products/3846509
2026-09-02,모즈모즈,3847213,나일론 밴딩 베이직 쇼츠 베이지,0.0,0,25800,25800,25800,0,0,0.0,64.3,0,low,23.99,4,1,45,https://www.musinsa.com/products/3847213
2026-09-02,썬러브투어,3847789,Solotex® Right Chino Pants Light Olive,0.0,0,78400,78400,95600,1,-17200,-17.99,26.67,0,low,24.09,4,1,45,https://www.musinsa.com/products/3847789
2026-09-02,아이돈워너셀,3847853,Swift Symbol Dying Long Sleeve Black,0.0,0,51800,51800,51800,0,0,0.0,39.41,0,low,24.0,4,1,45,https://www.musinsa.com/products/3847853
2026-09-02,제멋,3852205,오닉스 커브 와이드 팬츠 차콜 SOLP2558,0.0,0,54900,54900,54900,0,0,0.0,100.0,1,high,24.09,5,2,45,https://www.musinsa.com/products/3852205
2026-09-02,드로우핏 우먼,3857773,더블 스트라이프 셔츠 [PALE GREEN],0.0,0,55800,55800,55800,0,0,0.0,26.67,0,low,24.09,4,1,45,https://www.musinsa.com/products/3857773
2026-09-02,틸아이다이,3858157,Modal basic slim t-shirt_Beige,0.0,0,39900,39900,39900,0,0,0.0,100.0,1,high,24.08,5,2,45,https://www.musinsa.com/products/3858157
2026-09-02,후드후드,3861613,[미누 PICK] HOOD 로고 아플리케 후드 네이비,0.0,0,48060,48060,48060,0,0,0.0,76.82,0,low,24.0,4,1,45,https://www.musinsa.com/products/3861613
2026-09-02,프리즘웍스,3870189,OPEN COLLAR SOLID SEERSUCKER SHIRT _ LIGHT KHAKI,0.0,0,39500,39500,39500,0,0,0.0,100.0,1,high,24.09,5,2,45,https://www.musinsa.com/products/3870189
2026-09-02,아이돈워너셀,3873517,Swift Symbol Dying T-Shirt Gray,0.23,10917,47200,47200,47200,0,0,0.0,39.42,0,low,5.61,9,4,45,https://www.musinsa.com/products/3873517
2026-09-02,링서울,3873645,stripe poplin shirt-cream,0.0,0,72740,72740,72740,0,0,0.0,51.91,0,low,24.01,5,1,45,https://www.musinsa.com/products/3873645
2026-09-02,세터,3874733,로턴 칼라 트랙 집업 자켓 리조트 크림,0.0,0,159000,159000,159000,0,0,0.0,64.31,0,low,23.99,4,1,45,https://www.musinsa.com/products/3874733
2026-09-02,키르시,3874925,유스호스텔 피그먼트 포인트 하프 팬츠 [아이보리],0.0,0,44500,44500,44500,0,0,0.0,39.42,0,low,24.0,4,1,45,https://www.musinsa.com/products/3874925
2026-09-02,밀로 아카이브,3881645,커브드 조거 팬츠 [브라운],0.0,0,39200,39200,39200,0,0,0.0,51.91,0,low,24.01,5,1,45,https://www.musinsa.com/products/3881645
2026-09-02,꼼파뇨,3883821,[2-WAY] 스컬 본 니트 집업 블랙,0.0,0,55900,55900,55900,0,0,0.0,89.28,0,low,24.0,4,1,45,https://www.musinsa.com/products/3883821
2026-09-02,커버낫,3887853,보더콜리 실사 롱슬리브 화이트,0.0,0,23900,23900,23900,0,0,0.0,39.43,0,low,24.0,4,1,45,https://www.musinsa.com/products/3887853
2026-09-02,썬러브투어,3888045,W Toray® Aero Zip Shirt Charcoal,0.0,0,52160,52160,63600,1,-11440,-17.99,26.68,0,low,24.09,4,1,45,https://www.musinsa.com/products/3888045
2026-09-02,쿠어,3889965,가먼트 다잉 폴로 셔츠 (워시드그레이),0.0,0,94500,94500,94500,0,0,0.0,64.31,0,low,23.99,4,1,45,https://www.musinsa.com/products/3889965
2026-09-02,플랙,3891245,스탠다드 테이퍼드 데님팬츠 P58 아이보리,0.0,0,69000,69000,69000,0,0,0.0,39.43,0,low,24.0,4,1,45,https://www.musinsa.com/products/3891245
2026-09-02,어반드레스,3900205,Sopy Collar Long-sleeve Dress - 4COL,0.0,0,36000,36000,36000,0,0,0.0,100.0,1,high,24.09,5,2,45,https://www.musinsa.com/products/3900205
2026-09-02,커버낫,3904941,어센틱 쇼츠 멜란지 그레이,0.0,0,26550,26550,26550,0,0,0.0,39.43,0,low,24.0,4,1,45,https://www.musinsa.com/products/3904941
2026-09-02,몰든,3912173,에어리즈 머슬핏 숏슬리브,0.27,6870,25840,25840,25840,0,0,0.0,26.68,0,low,24.09,7,1,45,https://www.musinsa.com/products/3912173
2026-09-02,시야쥬,3919021,SIPT7093 원턱 와이드 치노 팬츠_Cream,0.0,0,98100,98100,98100,0,0,0.0,39.44,0,low,24.0,4,1,45,https://www.musinsa.com/products/3919021
2026-09-02,론론,3919405,HEART RIBBON JACQUARD KNIT CARDIGAN IVORY RED,0.0,0,71280,71280,71280,0,0,0.0,100.0,1,high,24.09,5,2,45,https://www.musinsa.com/products/3919405
2026-09-02,링서울,3921517,non fade denim pants,0.0,0,78250,78250,78250,0,0,0.0,51.93,0,low,24.01,5,1,45,https://www.musinsa.com/products/3921517
2026-09-02,브라운야드,3921773,"W 마운틴 파카, 올리브",0.0,0,199000,199000,199000,0,0,0.0,51.93,0,low,24.01,5,1,45,https://www.musinsa.com/products/3921773
2026-09-02,제너럴아이디어,3925549,MAN 뉴욕 코지 맨투맨 [BLACK] / SBD1U02005,0.0,0,40000,40000,40000,0,0,0.0,100.0,1,high,24.08,5,2,45,https://www.musinsa.com/products/3925549
2026-09-02,키르시,3925805,컬러 스티치 포인트 니트 드레스 [아이보리],0.0,0,64500,64500,64500,0,0,0.0,39.44,0,low,24.0,4,1,45,https://www.musinsa.com/products/3925805
2026-09-02,후드후드,3927405,HD 아플리케 시리즈 스티치 후드 블랙,0.0,0,48060,48060,48060,0,0,0.0,76.83,0,low,24.0,4,1,45,https://www.musinsa.com/products/3927405
2026-09-02,에이이에이이,3928109,WEB LOGO T-SHIRTS [PIGMENT BLACK],1.79,75233,42120,42120,42120,0,0,0.0,89.29,0,low,24.0,7,1,45,https://www.musinsa.com/products/3928109
2026-09-02,파르티멘토 우먼,3937581,쉬어 레이스 타이넥 맥시 드레스_블랙,0.0,0,89100,89100,89100,0,0,0.0,89.3,0,low,24.0,4,1,45,https://www.musinsa.com/products/3937581
2026-09-02,에이치덱스,3940205,메인로고 타슬란 쇼츠 (Red),0.0,0,31500,31500,31500,0,0,0.0,76.84,0,low,24.0,4,1,45,https://www.musinsa.com/products/3940205
2026-09-02,꼼파뇨,3943021,DTP 해피 데이 반팔티 블랙,1.79,51106,28610,28610,28610,0,0,0.0,89.3,0,low,24.0,4,1,45,https://www.musinsa.com/products/3943021
2026-09-02,나이스고스트클럽,3943661,GUMMY BEAR&LOGO TEE_WHITE(NG2EMUT501A),0.0,0,24570,24570,24570,0,0,0.0,51.94,0,low,24.01,5,1,45,https://www.musinsa.com/products/3943661
2026-09-02,더니트컴퍼니,3950061,쿨맥스 테이퍼드 팬츠 [다크네이비],0.0,0,31960,31960,31960,0,0,0.0,76.84,0,low,24.0,4,1,45,https://www.musinsa.com/products/3950061
2026-09-02,바이젝,3953901,[SET] 더블코튼 무지 머슬핏 반팔 티셔츠_7Color,0.39,26273,66600,66600,66600,0,0,0.0,39.45,0,low,24.0,4,1,45,https://www.musinsa.com/products/3953901
2026-09-02,인사일런스,3959149,스트라이프 크루넥 니트 YELLOW GREEN,0.0,0,83790,83790,83790,0,0,0.0,39.45,0,low,24.0,4,1,45,https://www.musinsa.com/products/3959149
2026-09-02,브룩스 브라더스,3963821,저지 빈티지 포켓 폴로 셔츠 (네이비) (BBNTMM7419QEM),0.0,0,70000,70000,56000,1,14000,25.0,51.94,0,low,24.01,5,1,45,https://www.musinsa.com/products/3963821
2026-09-02,언더오프,3965037,웨스턴 비건 스웨이드 자켓 베이지,0.0,0,29300,29300,29300,0,0,0.0,39.46,0,low,24.0,4,1,45,https://www.musinsa.com/products/3965037
2026-09-02,슈퍼서브,3966381,[송필드 PICK] 디스트로이드 워싱 데님 팬츠 - 라이트 블루,1.36,27092,19900,19900,19900,0,0,0.0,100.0,1,high,9.04,29,7,45,https://www.musinsa.com/products/3966381
2026-09-02,토마스모어,3982573,위빙벨트 - 블랙,0.0,0,29500,29500,29500,0,0,0.0,51.94,0,low,24.01,5,1,45,https://www.musinsa.com/products/3982573
2026-09-02,더뮤지엄비지터,3985581,LINE DAMAGED DENIM SHORTS (IVORY),0.0,0,99500,99500,99500,0,0,0.0,100.0,1,high,24.08,5,2,45,https://www.musinsa.com/products/3985581
2026-09-02,아틀리에 나인,3986349,ESSENTIAL PHILO COTTON DENIM PANTS(PT-5559),0.0,0,71200,71200,71200,0,0,0.0,64.33,0,low,23.99,4,1,45,https://www.musinsa.com/products/3986349
2026-09-02,마인드브릿지,3989421,크링클오픈카라세미오버핏반팔셔츠 MYWS3114,0.0,0,39900,39900,39900,0,0,0.0,89.31,0,low,23.99,4,1,45,https://www.musinsa.com/products/3989421
2026-09-02,키르시,3997869,리버서블 그래픽 버킷햇 [블랙],0.0,0,24500,24500,24500,0,0,0.0,39.46,0,low,24.0,4,1,45,https://www.musinsa.com/products/3997869
2026-09-02,니티드,4004141,쿨 썸머 에센셜 라운드 반팔 니트티 INDI PINK,0.0,0,24500,24500,24500,0,0,0.0,76.85,0,low,9.03,9,6,45,https://www.musinsa.com/products/4004141
2026-09-02,던스트,4011565,UNISEX SUMMER HOLIDAY CAR T-SHIRT_UDTS6B143_LIGHT MELANGE GREY,0.0,0,34300,34300,27440,1,6860,25.0,51.95,0,low,24.01,5,1,45,https://www.musinsa.com/products/4011565
2026-09-02,커버낫,4024557,[3PACK] 에센셜 쿨맥스 드로우즈 Multi,0.39,5723,14500,14500,14500,0,0,0.0,39.47,0,low,24.0,7,1,45,https://www.musinsa.com/products/4024557
2026-09-02,유니폼브릿지,4033197,crochet s/s knit cardigan blue,0.0,0,53710,53710,53710,0,0,0.0,100.0,1,high,24.08,5,2,45,https://www.musinsa.com/products/4033197
2026-09-02,스컬프터,4037485,Sheer Pleated Hem Blouse Black,0.59,37876,64400,64400,64400,0,0,0.0,100.0,1,low,40.81,6,1,45,https://www.musinsa.com/products/4037485
2026-09-02,드로우핏,4041069,[유튜버 PICK] 산세리프 엠브로더리 티셔츠 [IVORY],0.0,0,29700,29700,29700,0,0,0.0,76.86,0,low,24.0,4,1,45,https://www.musinsa.com/products/4041069
2026-09-02,데꼬로소,4041325,남녀공용 미니멀 슬림 써지컬 체인 목걸이,18.06,532849,29500,29500,29500,0,0,0.0,100.0,1,high,10.14,21,7,45,https://www.musinsa.com/products/4041325
2026-09-02,어반드레스,4045165,Carpenter Denim Shorts - 3COL,1.96,48818,24900,24900,24900,0,0,0.0,100.0,1,high,24.09,5,2,45,https://www.musinsa.com/products/4045165
2026-09-02,브라운야드,4045677,"W 셔링 스커트, 올리브",0.0,0,94000,94000,94000,0,0,0.0,51.97,0,low,24.01,5,1,45,https://www.musinsa.com/products/4045677
2026-09-02,브라운야드,4045997,"수피마 코튼 하프 니트, 다크 네이비",0.0,0,79000,79000,79000,0,0,0.0,51.97,0,low,24.01,5,1,45,https://www.musinsa.com/products/4045997
2026-09-02,유니폼브릿지,4046253,AE sacoche bag charcoal,0.0,0,44500,44500,44500,0,0,0.0,100.0,1,high,24.08,5,2,45,https://www.musinsa.com/products/4046253
2026-09-02,후브스,4053101,가먼트 다잉 숏 슬리브 [시멘트],0.0,0,20500,20500,20500,0,0,0.0,39.48,0,low,24.0,4,1,45,https://www.musinsa.com/products/4053101
2026-09-02,와이케이,4053421,말티즈 토이 래글런 7부 티셔츠 그레이,0.0,0,23400,23400,23400,0,0,0.0,51.97,0,low,24.01,5,1,45,https://www.musinsa.com/products/4053421
2026-09-02,아캄,4053613,Stitched Denim Wide Cargo Pants (Blue),0.0,0,95500,95500,95500,0,0,0.0,64.34,0,low,23.99,4,1,45,https://www.musinsa.com/products/4053613
2026-09-02,아캄,4053997,Western Cotton Shirts (Ivory),0.0,0,73000,73000,73000,0,0,0.0,64.34,0,low,23.99,4,1,45,https://www.musinsa.com/products/4053997
2026-09-02,트릴리온,4055981,워셔블 부클 카라 반팔 니트 (MELANGE GRAY),0.89,17859,19990,19990,19990,0,0,0.0,89.32,0,low,24.0,4,1,45,https://www.musinsa.com/products/4055981
2026-09-02,트릴리온,4060525,오버핏 크로셰 네트 카라 반팔 니트 (KHAKI),0.89,35558,39800,39800,39800,0,0,0.0,89.33,0,low,24.0,7,1,45,https://www.musinsa.com/products/4060525
2026-09-02,러브이즈트루,4061485,CURVED L BALLCAP(NAVY),0.0,0,43200,43200,43200,0,0,0.0,51.97,0,low,24.01,5,1,45,https://www.musinsa.com/products/4061485
2026-09-02,러브이즈트루,4062829,BASIC HEART SET UP_TOP(GRAY),0.0,0,24310,24310,24310,0,0,0.0,51.98,0,low,24.01,5,1,45,https://www.musinsa.com/products/4062829
2026-09-02,커버낫,4063341,아치 로고 후디 오트밀,0.0,0,53400,53400,53400,0,0,0.0,39.49,0,low,24.0,4,1,45,https://www.musinsa.com/products/4063341
2026-09-02,시눈,4065069,Daily Farm T-Shirt (White),0.0,0,26720,26720,29680,1,-2960,-9.97,64.35,0,low,23.99,4,1,45,https://www.musinsa.com/products/4065069
2026-09-02,브라운브레스,4065453,STM CURVE TEE - GREY,0.0,0,48300,48300,48300,0,0,0.0,26.7,0,low,24.09,4,1,45,https://www.musinsa.com/products/4065453
2026-09-02,필루미네이트,4066797,야세 X 필루미네이트 디핑 레인부츠-아이보리,0.0,0,73000,73000,73000,0,0,0.0,51.98,0,low,24.01,5,1,45,https://www.musinsa.com/products/4066797
2026-09-02,로제프란츠,4070957,RFZ Silver Logo Necklace,0.0,0,12320,12320,12320,0,0,0.0,76.88,0,low,24.0,4,1,45,https://www.musinsa.com/products/4070957
2026-09-02,파브레가,4074733,루드 니트 롱 슬리브 (피치),0.0,0,65700,65700,65700,0,0,0.0,76.88,0,low,24.0,4,1,45,https://www.musinsa.com/products/4074733
2026-09-02,와이케이,4077293,돌핀 시스루 크루넥 니트 블루,0.0,0,44850,44850,44850,0,0,0.0,51.98,0,low,24.01,5,1,45,https://www.musinsa.com/products/4077293
2026-09-02,와이케이,4077421,그라데이션 말티즈 반팔 셔츠 네이비,0.0,0,39600,39600,39600,0,0,0.0,51.98,0,low,24.01,5,1,45,https://www.musinsa.com/products/4077421
2026-09-02,유니온블루,4078445,HARD TWIST COMFORT POLO KNIT [INK NAVY],3.0,181051,60440,60440,60440,0,0,0.0,100.0,1,low,24.08,8,4,45,https://www.musinsa.com/products/4078445
2026-09-02,제멋,4080173,[2PACK] 에픽 라이크 린넨 반팔 카라 니트 SOKN2562,0.0,0,65900,65900,65900,0,0,0.0,100.0,1,high,24.09,5,2,45,https://www.musinsa.com/products/4080173
2026-09-02,코드그라피,4083373,SUNSHINE PARADISE 메쉬 쇼츠_블랙,0.0,0,19210,19210,19210,0,0,0.0,76.89,0,low,24.0,4,1,45,https://www.musinsa.com/products/4083373
2026-09-02,브라운야드,4083565,"W 슈렁크 티셔츠, 블랙",0.0,0,31500,31500,31500,0,0,0.0,51.98,0,low,24.01,5,1,45,https://www.musinsa.com/products/4083565
2026-09-02,후드후드,4092781,스페이스 크래프트 반팔티셔츠 퍼플,0.0,0,29400,29400,29400,0,0,0.0,76.89,0,low,24.0,4,1,45,https://www.musinsa.com/products/4092781
2026-09-02,프리즘웍스,4095917,TYPEWRITER HALF SHIRT _ LAVENDER,0.0,0,42500,42500,42500,0,0,0.0,100.0,1,high,24.09,5,2,45,https://www.musinsa.com/products/4095917
2026-09-02,키르시,4098349,스트라이프 빅 숄더백 [핑크],0.0,0,34500,34500,34500,0,0,0.0,39.49,0,low,24.0,4,1,45,https://www.musinsa.com/products/4098349
2026-09-02,트래블,4107629,사이드 플랩 데님 팬츠 블랙,0.0,0,49500,49500,49500,0,0,0.0,26.72,0,low,24.09,4,1,45,https://www.musinsa.com/products/4107629
2026-09-02,디앤에스알,4112429,썰파 다잉 쏜즈 티셔츠 네이비,0.0,0,78400,78400,78400,0,0,0.0,64.36,0,low,23.99,4,1,45,https://www.musinsa.com/products/4112429
2026-09-02,미나브,4118509,컴포트 린넨 버뮤다 팬츠 [4COLOR],0.0,0,39000,39000,39000,0,0,0.0,26.72,0,low,24.09,4,1,45,https://www.musinsa.com/products/4118509
2026-09-02,테이크이지,4125741,와이드 버뮤다 팬츠 (카키그레이),0.0,0,29500,29500,29500,0,0,0.0,39.5,0,low,24.0,4,1,45,https://www.musinsa.com/products/4125741
2026-09-02,인사일런스 우먼,4130925,언밸런스 코튼 원피스 WHITE,0.0,0,35280,35280,67200,1,-31920,-47.5,100.0,1,medium,24.09,5,2,45,https://www.musinsa.com/products/4130925
2026-09-02,솔트앤초콜릿,4138413,알파인 로프 샌들 412424014 (1cm/3colors),1.72,40488,23600,23600,23600,0,0,0.0,100.0,1,high,24.08,5,2,45,https://www.musinsa.com/products/4138413
2026-09-02,틸아이다이,4147373,Multi stripe cotton t-shirt_Gray,1.14,36633,32069,29580,39570,1,-9990,-25.25,100.0,1,medium,24.08,5,2,45,https://www.musinsa.com/products/4147373
2026-09-02,스키즘 인듀싱,4149421,OJOSAMA TOP_WHITE,0.0,0,64000,64000,64000,0,0,0.0,100.0,1,high,24.09,5,2,45,https://www.musinsa.com/products/4149421
2026-09-02,기철,4156077,MELLOW WIDE PANTS (BLUE),0.0,0,18500,18500,18500,0,0,0.0,64.37,0,low,23.99,4,1,45,https://www.musinsa.com/products/4156077
2026-09-02,브랜디드,4159533,CARPENTER DENIM SHORTS [WASHED BLACK],0.0,0,53950,53950,53950,0,0,0.0,76.91,0,low,24.0,4,1,45,https://www.musinsa.com/products/4159533
2026-09-02,러브이즈트루,4162029,BE BALL CROSS BAG(SKY BLUE),0.0,0,82800,82800,82800,0,0,0.0,52.01,0,low,24.01,5,1,45,https://www.musinsa.com/products/4162029
2026-09-02,러브이즈트루,4162157,BASIC RASH GUARD ZIP UP(NAVY),0.0,0,48300,48300,48300,0,0,0.0,52.01,0,low,24.01,5,1,45,https://www.musinsa.com/products/4162157
2026-09-02,러브이즈트루,4162221,BE HALTERNECK BIKINI SET_BOTTOM(BLACK),0.0,0,25200,25200,25200,0,0,0.0,52.01,0,low,24.01,5,1,45,https://www.musinsa.com/products/4162221
2026-09-02,언더오프,4170413,오버핏 크루넥 슬리브리스 썸머비치 민소매 티셔츠 화이트블랙,0.0,0,15750,15750,15750,0,0,0.0,39.52,0,low,24.0,4,1,45,https://www.musinsa.com/products/4170413
2026-09-02,꼼파뇨,4182637,인피니티 자수 반팔티 블랙,0.0,0,28610,28610,28610,0,0,0.0,89.35,0,low,24.0,4,1,45,https://www.musinsa.com/products/4182637
2026-09-02,트립르센스,4191725,웰트포켓 코튼 하프 셔츠_그린,0.0,0,77600,77600,77600,0,0,0.0,52.02,0,low,24.01,5,1,45,https://www.musinsa.com/products/4191725
2026-09-02,무센트,4198509,돈다 시그니처 로고 자수 미니 백팩 (유니섹스),2.16,67703,31388,35910,27930,1,7980,28.57,100.0,1,low,15.53,16,5,45,https://www.musinsa.com/products/4198509
2026-09-02,2000아카이브스,4198701,METAL ICONIC VINTAGE WASHED DENIM (DENIM),0.0,0,285120,285120,249480,1,35640,14.29,100.0,1,medium,24.08,5,2,45,https://www.musinsa.com/products/4198701
2026-09-02,2000아카이브스,4198957,RUCHED MAXI SKIRT (CAMO),0.0,0,201960,201960,176720,1,25240,14.28,100.0,1,medium,24.08,5,2,45,https://www.musinsa.com/products/4198957
2026-09-02,넌블랭크,4207021,래글런 하프 슬리브 칼라 크롭 니트_MELANGE BLUE,0.0,0,105520,105520,105520,0,0,0.0,52.03,0,low,24.01,5,1,45,https://www.musinsa.com/products/4207021
2026-09-02,글로니,4221805,GG LACE CARGO VEST (IVORY),0.0,0,208600,208600,208600,0,0,0.0,100.0,1,high,24.09,5,2,45,https://www.musinsa.com/products/4221805
2026-09-02,무센트,4240493,웨이브 레터링 반팔 티,0.0,0,29900,29900,29900,0,0,0.0,39.52,0,low,24.0,4,1,45,https://www.musinsa.com/products/4240493
2026-09-02,마인드브릿지,4241325,[오정규 PICK] [버클모양선택]29MM소가죽캐주얼벨트 MABT00A1,24.44,486308,19900,19900,19900,0,0,0.0,100.0,1,high,3.77,31,16,45,https://www.musinsa.com/products/4241325
2026-09-02,무드인사이드,4242349,빈티지 링클 체크셔츠_Brown,0.0,0,25900,25900,25900,0,0,0.0,26.72,0,low,24.09,4,1,45,https://www.musinsa.com/products/4242349
2026-09-02,무센트,4242541,링거 반팔 티 (5컬러),0.0,0,26910,26910,20930,1,5980,28.57,39.52,0,low,24.0,4,1,45,https://www.musinsa.com/products/4242541
2026-09-02,레더리,4249709,스플릿 나일론 크로스백 [KHAKI BEIGE],0.0,0,35040,35040,35040,0,0,0.0,89.37,0,low,24.0,4,1,45,https://www.musinsa.com/products/4249709
2026-09-02,1993스튜디오,4258797,심볼 로고 나일론 트랙 백팩_라이트그레이,0.0,0,42500,42500,42500,0,0,0.0,39.53,0,low,24.0,4,1,45,https://www.musinsa.com/products/4258797
2026-09-02,1993스튜디오,4258925,피그먼트 워싱 데님 절개 팬츠_그레이,0.0,0,64400,64400,64400,0,0,0.0,39.53,0,low,24.0,4,1,45,https://www.musinsa.com/products/4258925
2026-09-02,러프사이드,4259501,Insulation Pants Black,0.0,0,278000,278000,278000,0,0,0.0,64.38,0,low,23.99,4,1,45,https://www.musinsa.com/products/4259501
2026-09-02,언더오프,4261869,어센틱 릴렉스드 유니버시티 후디 그린,0.0,0,42900,42900,42900,0,0,0.0,39.54,0,low,24.0,4,1,45,https://www.musinsa.com/products/4261869
2026-09-02,언더오프,4262061,어센틱 릴렉스드 베이직 맨투맨 스웨트 그레이,0.0,0,29900,29900,29900,0,0,0.0,39.54,0,low,24.0,4,1,45,https://www.musinsa.com/products/4262061
2026-09-02,필루미네이트,4266733,오디너리 커버 스티치 후디-3Color,0.0,0,36000,36000,36000,0,0,0.0,52.04,0,low,24.01,5,1,45,https://www.musinsa.com/products/4266733
2026-09-02,리메인세컨드,4274093,원턱 와이드 코듀로이 밴딩 팬츠 [브라운],0.0,0,34800,34800,34800,0,0,0.0,64.39,0,low,23.99,4,1,45,https://www.musinsa.com/products/4274093
2026-09-02,드로우핏 우먼,4274285,코튼 하프 워크 자켓 [KHAKI],0.0,0,117810,117810,149600,1,-31790,-21.25,26.73,0,low,24.09,4,1,45,https://www.musinsa.com/products/4274285
2026-09-02,트래블,4275053,클럽 로고 믹스 후드티 블랙,0.0,0,47400,47400,47400,0,0,0.0,26.73,0,low,24.09,4,1,45,https://www.musinsa.com/products/4275053
2026-09-02,파르티멘토 우먼,4275309,PWC 버튼 포인티드 이지 팬츠_5컬러,0.0,0,34020,34020,34020,0,0,0.0,89.37,0,low,24.0,4,1,45,https://www.musinsa.com/products/4275309
2026-09-02,엘무드,4278829,앤트워프 스트라이프 LD 집업 풀오버 니트 네이비,0.0,0,53100,53100,53100,0,0,0.0,39.55,0,low,24.0,4,1,45,https://www.musinsa.com/products/4278829
2026-09-02,필루미네이트,4279725,코튼 워크 자켓-블랙,0.0,0,52000,52000,52000,0,0,0.0,52.04,0,low,24.01,5,1,45,https://www.musinsa.com/products/4279725
2026-09-02,노매뉴얼,4279853,D.S.B PANTS - BLACK,0.0,0,64500,64500,64500,0,0,0.0,89.37,0,low,24.0,4,1,45,https://www.musinsa.com/products/4279853
2026-09-02,트래블,4280429,스프레이 워싱 칼라드 롱 슬리브 피치 퍼즈,0.0,0,27000,27000,27000,0,0,0.0,26.73,0,low,24.09,4,1,45,https://www.musinsa.com/products/4280429
2026-09-02,플레어업,4284909,Sheer Jovian Wrap Skirt (FL-240_Black),0.0,0,35280,35280,41900,1,-6620,-15.8,89.38,0,low,24.0,4,1,45,https://www.musinsa.com/products/4284909
2026-09-02,디미트리블랙,4288941,ASI 레이어링 솔리드 롱슬리브 링거 티셔츠_아이보리,0.0,0,27900,27900,27900,0,0,0.0,39.55,0,low,24.0,4,1,45,https://www.musinsa.com/products/4288941
2026-09-02,유니폼브릿지,4290221,alaska bears sweatshirt jungle green,0.0,0,31600,31600,31600,0,0,0.0,100.0,1,high,24.08,5,2,45,https://www.musinsa.com/products/4290221
2026-09-02,아틀리에 나인,4297133,[여울 PICK] ESSENTIAL ROUND HEM SHIRT(BL-4263),0.0,0,52440,52440,52440,0,0,0.0,64.39,0,low,23.99,4,1,45,https://www.musinsa.com/products/4297133
2026-09-02,에이지오디,4299821,리파인드 투웨이 니트 집업 [차콜],0.27,9271,34800,34800,34800,0,0,0.0,26.74,0,low,24.09,4,1,45,https://www.musinsa.com/products/4299821
2026-09-02,데케트,4300525,Dawn Semi Flared Jeans DCPT044CPBlack2,0.89,38801,43400,43400,43400,0,0,0.0,89.39,0,low,24.0,4,1,45,https://www.musinsa.com/products/4300525
2026-09-02,트래블,4300589,스프레이 스타 콤비네이션 래글런 스웨트셔츠 그레이시 블루,0.0,0,32500,32500,32500,0,0,0.0,26.74,0,low,24.09,4,1,45,https://www.musinsa.com/products/4300589
2026-09-02,키뮤어,4302061,피그먼트 ACTUS 후디_카키,0.0,0,55300,55300,55300,0,0,0.0,100.0,1,high,24.09,5,2,45,https://www.musinsa.com/products/4302061
2026-09-02,무센트,4303853,에센셜 로고 나그랑 배색 긴팔 티 (2컬러),0.0,0,32310,32310,25130,1,7180,28.57,39.56,0,low,24.0,4,1,45,https://www.musinsa.com/products/4303853
2026-09-02,와이케이,4303917,말티즈 크루 라인 그래픽 맨투맨 블랙,0.0,0,51750,51750,51750,0,0,0.0,52.05,0,low,24.01,5,1,45,https://www.musinsa.com/products/4303917
2026-09-02,커버낫,4304685,코튼 트윌 원턱 세미와이드핏 치노 팬츠 아이보리,0.0,0,71400,71400,71400,0,0,0.0,39.56,0,low,24.0,4,1,45,https://www.musinsa.com/products/4304685
2026-09-02,드로우핏,4305965,코지드 브이넥 풀오버 니트 [L.GREY],0.0,0,52200,52200,52200,0,0,0.0,76.92,0,low,24.0,4,1,45,https://www.musinsa.com/products/4305965
2026-09-02,드로우핏,4306093,콘스탄트 벌키 라운드 집업 니트 [CHARCOAL],0.0,0,69300,69300,69300,0,0,0.0,76.92,0,low,24.0,4,1,45,https://www.musinsa.com/products/4306093
2026-09-02,디미트리블랙,4308205,VLAD 라운드 슬래쉬 데님 팬츠_그레이,0.0,0,33900,33900,33900,0,0,0.0,39.57,0,low,24.0,4,1,45,https://www.musinsa.com/products/4308205
2026-09-02,스키즘 인듀싱,4311725,HYBRID BLOUSON BROWN,0.0,0,142800,142800,142800,0,0,0.0,100.0,1,high,24.09,5,2,45,https://www.musinsa.com/products/4311725
2026-09-02,마인드브릿지,4312749,[COUTURE]코튼라이크릴랙스핏원턱풀밴딩팬츠 - 2color MYPT6170,0.0,0,29900,29900,29900,0,0,0.0,89.4,0,low,24.0,4,1,45,https://www.musinsa.com/products/4312749
2026-09-02,세컨모놀로그,4316141,버튼 헤어리 니트 집업 가디건 [KHAKI]_SEKT026KHAKI,0.0,0,34400,34400,34400,0,0,0.0,39.58,0,low,24.0,4,1,45,https://www.musinsa.com/products/4316141
2026-09-02,모즈모즈,4319469,헤비 웨이트 피그먼트 나그랑 뒷절개 오버핏 맨투맨 블루,0.0,0,56350,56350,56350,0,0,0.0,64.4,0,low,23.99,4,1,45,https://www.musinsa.com/products/4319469
2026-09-02,모즈모즈,4319661,테리 기모 피그먼트 와이드 원턱 스트링 트레이닝팬츠 핑크,0.0,0,57600,57600,57600,0,0,0.0,64.4,0,low,23.99,4,1,45,https://www.musinsa.com/products/4319661
2026-09-02,모즈모즈,4319725,테리 기모 피그먼트 아치로고 패치 오버핏 맨투맨 챠콜,0.0,0,57600,57600,57600,0,0,0.0,64.4,0,low,23.99,4,1,45,https://www.musinsa.com/products/4319725
2026-09-02,모즈모즈,4319981,소프트 쭈리 네오트라이벌 오버핏 맨투맨 블랙,0.0,0,25740,25740,25740,0,0,0.0,64.41,0,low,23.99,4,1,45,https://www.musinsa.com/products/4319981
2026-09-02,모즈모즈,4320173,컬러풀 코듀로이 스트링 와이드 팬츠 버건디,0.0,0,34300,34300,34300,0,0,0.0,64.41,0,low,23.99,4,1,45,https://www.musinsa.com/products/4320173
2026-09-02,커버낫,4322605,피치드 TR 투턱 세미와이드핏 팬츠 블랙,0.0,0,49000,49000,49000,0,0,0.0,39.58,0,low,24.0,4,1,45,https://www.musinsa.com/products/4322605
2026-09-02,틸아이다이,4324397,Color mixed wool polo knit_Light gray,0.0,0,98800,98800,98800,0,0,0.0,100.0,1,high,24.08,5,2,45,https://www.musinsa.com/products/4324397
2026-09-02,나이스고스트클럽,4324653,MOVING SYMBOL HOODIE_BLACK(NG2EFUM416A),0.0,0,49770,49770,49770,0,0,0.0,52.05,0,low,24.01,5,1,45,https://www.musinsa.com/products/4324653
2026-09-02,로제프란츠,4327533,Tiffany Off shoulder Long Sleeve [Black],0.0,0,42160,42160,42160,0,0,0.0,76.94,0,low,24.0,4,1,45,https://www.musinsa.com/products/4327533
2026-09-02,코드그라피,4330157,25 절개 트랙 후드티_버건디,0.0,0,58800,58800,58800,0,0,0.0,76.95,0,low,24.0,4,1,45,https://www.musinsa.com/products/4330157
2026-09-02,키르시,4330221,치크체크 레이어드 부츠컷 스판 팬츠 [베이지],0.0,0,39900,39900,39900,0,0,0.0,39.59,0,low,24.0,4,1,45,https://www.musinsa.com/products/4330221
2026-09-02,키르시,4330285,치크체크 슬림핏 체크 셔츠 [화이트],0.0,0,44500,44500,44500,0,0,0.0,39.59,0,low,24.0,4,1,45,https://www.musinsa.com/products/4330285
2026-09-02,후드후드,4338989,HD 체인 스티치 데님 팬츠 딥블루,0.0,0,66960,66960,66960,0,0,0.0,76.95,0,low,24.0,4,1,45,https://www.musinsa.com/products/4338989
2026-09-02,고스트리퍼블릭,4342829,카펜터 와이드 스웻팬츠 3Color GLP-647,0.0,0,32900,32900,32900,0,0,0.0,76.95,0,low,24.0,7,1,45,https://www.musinsa.com/products/4342829
2026-09-02,드헤베,4344813,Raglan Volume Wool Cardigan [Brown],0.0,0,55080,55080,55080,0,0,0.0,76.95,0,low,24.0,4,1,45,https://www.musinsa.com/products/4344813
2026-09-02,넌블랭크,4345197,데님 스웨트 팬츠_BLUE,0.0,0,76000,76000,76000,0,0,0.0,52.06,0,low,24.01,5,1,45,https://www.musinsa.com/products/4345197
2026-09-02,세컨모놀로그,4350253,더블 어드저스트 버튼 숏 패딩 점퍼 [NAVY]_SEJP005NAVY,0.0,0,55600,55600,55600,0,0,0.0,39.6,0,low,24.0,4,1,45,https://www.musinsa.com/products/4350253
2026-09-02,스키즘 인듀싱,4351213,PAIN RHINESTONE TOP IVORY,0.0,0,40800,40800,40800,0,0,0.0,100.0,1,high,24.09,5,2,45,https://www.musinsa.com/products/4351213
2026-09-02,스키즘 인듀싱,4353005,CAMOUFLAGE CARGO PANTS GREEN,0.0,0,158400,158400,158400,0,0,0.0,100.0,1,high,24.09,5,2,45,https://www.musinsa.com/products/4353005
2026-09-02,노이어,4353581,레더 패디드 셔츠 자켓 (블랙),0.0,0,94500,94500,94500,0,0,0.0,100.0,1,high,24.09,5,2,45,https://www.musinsa.com/products/4353581
2026-09-02,브룩스 브라더스,4361005,레귤러핏 논아이론 트윌 타탄 체크 셔츠 (베이지) (BBTHMF5504ZEF),0.0,0,85860,85860,76320,1,9540,12.5,52.07,0,low,24.01,5,1,45,https://www.musinsa.com/products/4361005
2026-09-02,틸아이다이,4361069,Ballon sleeve comfy sweatshirt_Black,0.0,0,64600,64600,64600,0,0,0.0,100.0,1,high,24.08,5,2,45,https://www.musinsa.com/products/4361069
2026-09-02,드로우핏,4363629,블랑코 블랙,0.0,0,29700,29700,29700,0,0,0.0,76.96,0,low,72.09,2,1,45,https://www.musinsa.com/products/4363629
2026-09-02,나이스고스트클럽,4368877,MANIAC RABBITS HOODIE_PINK(NG2EFUM410A),0.0,0,42660,42660,42660,0,0,0.0,52.08,0,low,24.01,5,1,45,https://www.musinsa.com/products/4368877
2026-09-02,아틀리에 나인,4369517,NOAH LEATHER BERMUDA PANTS(PT-5573),0.0,0,88200,88200,88200,0,0,0.0,64.42,0,low,23.99,4,1,45,https://www.musinsa.com/products/4369517
2026-09-02,더바이닐하우스,4371117,PAINTING STRIPE LS TEE GREEN,0.0,0,21900,21900,21900,0,0,0.0,39.61,0,low,24.0,4,1,45,https://www.musinsa.com/products/4371117
2026-09-02,더바이닐하우스,4371693,WESTERN DENIM SHIRTS BLUE,0.0,0,31800,31800,31800,0,0,0.0,39.61,0,low,24.0,4,1,45,https://www.musinsa.com/products/4371693
2026-09-02,언더오프,4375789,어센틱 릴렉스드 플레이볼 후디 그린,0.0,0,42900,42900,42900,0,0,0.0,39.61,0,low,24.0,4,1,45,https://www.musinsa.com/products/4375789
2026-09-02,제너럴아이디어,4381165,라운드 컷 니트 맨투맨 세트 [IVORY] / WBD3L53591SET,0.0,0,74820,74820,74820,0,0,0.0,100.0,1,high,24.08,5,2,45,https://www.musinsa.com/products/4381165
2026-09-02,론론,4382317,SHIRRING WIND JUMPER CREAM,0.0,0,98820,98820,98820,0,0,0.0,100.0,1,high,24.09,5,2,45,https://www.musinsa.com/products/4382317
2026-09-02,아메스 월드와이드,4385261,BASIC LOGO SWEATSHIRT NAVY,2.33,77029,33040,37760,33040,1,4720,14.29,100.0,1,medium,8.99,10,7,45,https://www.musinsa.com/products/4385261
2026-09-02,아틀리에 나인,4387629,HUG OVERFIT SWEATSHIRT(T-6891),0.0,0,98100,98100,98100,0,0,0.0,64.43,0,low,23.99,4,1,45,https://www.musinsa.com/products/4387629
2026-09-02,키르시,4391917,컬렉션 스웨이드 셔링 자켓 [차콜],0.0,0,119400,119400,119400,0,0,0.0,39.62,0,low,24.0,4,1,45,https://www.musinsa.com/products/4391917
2026-09-02,나이스고스트클럽,4393581,DENIM PANEL SKIRT_BLUE(NG2EFFD115A),0.0,0,69660,69660,69660,0,0,0.0,52.1,0,low,24.01,5,1,45,https://www.musinsa.com/products/4393581
2026-09-02,디앤에스알,4394221,오버사이즈 체크 셔츠 레드 블루,0.0,0,79200,79200,79200,0,0,0.0,64.43,0,low,23.99,4,1,45,https://www.musinsa.com/products/4394221
2026-09-02,오퍼스 0012,4394989,Op. 09 CLAWED MELTED DENIM PANTS BLACK,0.0,0,77400,77400,77400,0,0,0.0,14.33,0,low,24.08,4,1,45,https://www.musinsa.com/products/4394989
2026-09-02,본투윈,4400237,REVERSE MIX HALF PANTS SHORT VER [BLACK],0.0,0,62300,62300,62300,0,0,0.0,100.0,1,high,24.08,5,2,45,https://www.musinsa.com/products/4400237
2026-09-02,디스이즈네버댓,4403437,ESP-Logo Beanie Off White,0.0,0,17500,17500,17500,0,0,0.0,39.63,0,low,24.0,4,1,45,https://www.musinsa.com/products/4403437
2026-09-02,스컬프터,4406509,Layered Lace Up Blouse Black,0.0,0,73920,73920,73920,0,0,0.0,100.0,1,high,24.08,5,2,45,https://www.musinsa.com/products/4406509
2026-09-02,디미트리블랙,4408941,ASI OG 에센셜 트러커 자켓_스웨이드 올리브,0.0,0,59900,59900,59900,0,0,0.0,39.63,0,low,24.0,4,1,45,https://www.musinsa.com/products/4408941
2026-09-02,브랜디드,4409069,EXTRA WIDE DENIM PANTS [SAND BLUE],0.77,56579,73500,73500,73500,0,0,0.0,76.97,0,low,24.0,4,1,45,https://www.musinsa.com/products/4409069
2026-09-02,니티드,4409197,(W) 투톤 골지 자수 로고 니트 BLACK,0.0,0,25900,25900,64000,1,-38100,-59.53,76.97,0,low,24.0,4,1,45,https://www.musinsa.com/products/4409197
2026-09-02,꼼파뇨,4410733,해피스트 자수 후드티 네이비,0.0,0,48750,48750,48750,0,0,0.0,89.44,0,low,24.0,4,1,45,https://www.musinsa.com/products/4410733
2026-09-02,시눈,4411949,Basic Over Fit Shirt (Light Beige),0.0,0,64520,64520,71680,1,-7160,-9.99,64.44,0,low,23.99,4,1,45,https://www.musinsa.com/products/4411949
2026-09-02,무센트,4416173,에센셜 레터링 루즈핏 롱슬리브 맨투맨 남녀공용,0.0,0,30510,30510,23730,1,6780,28.57,39.64,0,low,24.0,4,1,45,https://www.musinsa.com/products/4416173
2026-09-02,에이이에이이,4416877,WEB LOGO LOOSED HOODIE [CAMO],0.0,0,88290,88290,88290,0,0,0.0,89.44,0,low,24.0,4,1,45,https://www.musinsa.com/products/4416877
2026-09-02,수아레,4417517,네오프렌 하프 집업 네이비,0.0,0,31000,31000,31000,0,0,0.0,89.44,0,low,24.0,4,1,45,https://www.musinsa.com/products/4417517
2026-09-02,브룩스 브라더스,4421805,케이블 니트 햇 (베이지) (BBACKB7019ZEF),0.0,0,31860,31860,28320,1,3540,12.5,52.11,0,low,24.01,5,1,45,https://www.musinsa.com/products/4421805
2026-09-02,프리즘웍스,4422957,FLEECE DRIZZLER JACKET _ DARK GREEN,0.0,0,76800,76800,76800,0,0,0.0,100.0,1,high,24.09,5,2,45,https://www.musinsa.com/products/4422957
2026-09-02,유니폼브릿지,4423149,AE button snap sweatshirt olive,0.14,4246,29710,29710,29710,0,0,0.0,14.34,0,low,24.08,4,1,45,https://www.musinsa.com/products/4423149
2026-09-02,에이치덱스,4423533,우먼스 챔프스 크롭 후디 (Oatmeal),0.0,0,58800,58800,58800,0,0,0.0,76.98,0,low,24.0,4,1,45,https://www.musinsa.com/products/4423533
2026-09-02,에이치덱스,4423661,우먼스 와이드 리브드 스웨트 셔츠 (Off-White),0.0,0,45000,45000,45000,0,0,0.0,76.98,0,low,24.0,4,1,45,https://www.musinsa.com/products/4423661
2026-09-02,아틀리에 나인,4424941,UNBAL SLIM KNIT CARDIGAN(CD-2130),0.0,0,62100,62100,62100,0,0,0.0,64.45,0,low,23.99,4,1,45,https://www.musinsa.com/products/4424941
2026-09-02,브룩스 브라더스,4433069,부클 2포켓 스커트 (네이비) (BBKZWF4151QEF),0.0,0,107460,107460,95520,1,11940,12.5,52.12,0,low,24.01,5,1,45,https://www.musinsa.com/products/4433069
2026-09-02,마인드브릿지,4438317,두굿_데님믹스숏다운점퍼 MYDJ8156,0.0,0,151050,151050,151050,0,0,0.0,89.45,0,low,24.0,4,1,45,https://www.musinsa.com/products/4438317
2026-09-02,썬러브투어,4444013,Pile Fleece Pants Light Teal,0.0,0,69260,69260,79600,1,-10340,-12.99,26.76,0,low,24.09,4,1,45,https://www.musinsa.com/products/4444013
2026-09-02,나이스고스트클럽,4447853,FFATS SAILOR PK KNIT_IVORY(NG2EFUK640A),0.0,0,53460,53460,53460,0,0,0.0,52.13,0,low,24.01,5,1,45,https://www.musinsa.com/products/4447853
2026-09-02,낫포너드,4458477,Cut Off Incision Semi Flare Fit Denim Pants - Black,0.0,0,43000,43000,43000,0,0,0.0,76.99,0,low,24.0,4,1,45,https://www.musinsa.com/products/4458477
2026-09-02,디스이즈네버댓,4460525,Padded Trooper Hat Teal,0.0,0,79200,79200,79200,0,0,0.0,39.65,0,low,24.0,4,1,45,https://www.musinsa.com/products/4460525
2026-09-02,브렌슨,4467373,스트링 와이드 벌룬 핏 스웨트 팬츠 ( 4Color ) ( 기모선택 ),1.19,39134,32900,32900,32900,0,0,0.0,100.0,1,high,24.0,7,4,45,https://www.musinsa.com/products/4467373
2026-09-02,커버낫,4469229,C 로고 케이블 스톤워싱 크루넥 니트 블랙,0.0,0,59000,59000,59000,0,0,0.0,39.66,0,low,24.0,4,1,45,https://www.musinsa.com/products/4469229
2026-09-02,파르티멘토 우먼,4469357,포켓 포인티드 와이드 레그 팬츠_더스티 블루,0.0,0,72090,72090,72090,0,0,0.0,89.46,0,low,24.0,4,1,45,https://www.musinsa.com/products/4469357
2026-09-02,에이이에이이,4470765,WESTERN DENIM SHIRTS [LIGHT BLUE],0.0,0,67050,67050,67050,0,0,0.0,89.47,0,low,24.0,4,1,45,https://www.musinsa.com/products/4470765
2026-09-02,데케트,4471597,3D 453520 Hoodies DCHD003WLGray,0.0,0,27600,27600,27600,0,0,0.0,89.47,0,low,24.0,4,1,45,https://www.musinsa.com/products/4471597
2026-09-02,프리즘웍스,4478765,SMOCK PUFFER DOWN PARKA _ BLACK,0.0,0,173400,173400,173400,0,0,0.0,100.0,1,high,24.09,5,2,45,https://www.musinsa.com/products/4478765
2026-09-02,에스피오나지,4480365,Beethoven Knit Sweater Olive,0.0,0,54500,54500,54500,0,0,0.0,100.0,1,high,24.09,5,2,45,https://www.musinsa.com/products/4480365
2026-09-02,스컬프터,4481069,2way Shawl Maxi Dress Deep Wine,0.0,0,98560,98560,98560,0,0,0.0,100.0,1,high,24.08,5,2,45,https://www.musinsa.com/products/4481069
2026-09-02,니티드,4481389,벌키 울 스타디움 집업 KHAKI-BLACK,0.0,0,95840,95840,95840,0,0,0.0,76.99,0,low,24.0,4,1,45,https://www.musinsa.com/products/4481389
2026-09-02,드로우핏 우먼,4481453,우드 버튼 오버핏 시어링 자켓 [BLACK],0.0,0,143360,143360,179200,1,-35840,-20.0,26.77,0,low,24.09,4,1,45,https://www.musinsa.com/products/4481453
2026-09-02,인템포무드,4481901,패치 포켓 울 블루종_그레이,0.0,0,124500,124500,124500,0,0,0.0,39.67,0,low,24.0,4,1,45,https://www.musinsa.com/products/4481901
2026-09-02,커버낫,4483821,24FW 컬리지 C 울 바시티 블랙,0.0,0,171000,171000,171000,0,0,0.0,39.67,0,low,24.0,4,1,45,https://www.musinsa.com/products/4483821
2026-09-02,브룩스 브라더스,4485101,램스울 로고 스웨터 (네이비) (BBWRMF9628QEW),0.0,0,107460,107460,95520,1,11940,12.5,52.15,0,low,24.01,5,1,45,https://www.musinsa.com/products/4485101
2026-09-02,나이스고스트클럽,4487533,HOODED MIDI PUFFER_BLACK(NG2EWUB902A),0.0,0,118260,118260,118260,0,0,0.0,52.16,0,low,24.01,5,1,45,https://www.musinsa.com/products/4487533
2026-09-02,유니폼브릿지,4488749,cable round neck knit cardigan beige,0.0,0,89500,89500,89500,0,0,0.0,100.0,1,high,24.08,5,2,45,https://www.musinsa.com/products/4488749
2026-09-02,바우로 프로덕트,4491309,울 TR 와이드 슬랙스[카키],0.0,0,89000,89000,89000,0,0,0.0,77.0,0,low,24.0,4,1,45,https://www.musinsa.com/products/4491309
2026-09-02,트래블,4491949,엣지 워시드 후드 집업 블랙,0.0,0,47920,47920,41930,1,5990,14.29,26.77,0,low,24.09,4,1,45,https://www.musinsa.com/products/4491949
2026-09-02,후브스,4495917,코듀로이 원턱 카고 팬츠 [애쉬카키],0.0,0,43500,43500,43500,0,0,0.0,39.68,0,low,24.0,4,1,45,https://www.musinsa.com/products/4495917
2026-09-02,러브이즈트루,4496941,FS LOGO CUBIC HAIR PIN(WHITE),0.0,0,17850,17850,17850,0,0,0.0,52.16,0,low,24.01,5,1,45,https://www.musinsa.com/products/4496941
2026-09-02,레더리,4498733,소프트 리브드 레그 워머 [3COLOR],0.0,0,20700,20700,20700,0,0,0.0,89.48,0,low,24.0,4,1,45,https://www.musinsa.com/products/4498733
2026-09-02,칙스,4499373,카르멘 후드 니트 집업 Beige,0.0,0,33210,33210,36900,1,-3690,-10.0,100.0,1,medium,24.09,5,2,45,https://www.musinsa.com/products/4499373
2026-09-02,플랙,4500461,커브드 지퍼 숏 푸퍼 블랙,0.0,0,139300,139300,139300,0,0,0.0,39.68,0,low,24.0,4,1,45,https://www.musinsa.com/products/4500461
2026-09-02,시그니처,4501805,투웨이 크롭 패딩[블랙],0.0,0,49900,49900,49900,0,0,0.0,77.0,0,low,24.0,4,1,45,https://www.musinsa.com/products/4501805
2026-09-02,본투윈,4501933,SYMBOL B MUSCLE FIT HALF ZIP-UP LONGSLEEVE [WHITE],0.43,32207,75000,75000,75000,0,0,0.0,100.0,1,high,24.08,10,6,45,https://www.musinsa.com/products/4501933
2026-09-02,아틀리에 나인,4507757,(T-6931)ESSENTIAL WARM ROUND TEE,0.0,0,28080,28080,28080,0,0,0.0,64.47,0,low,23.99,4,1,45,https://www.musinsa.com/products/4507757
2026-09-02,파르티멘토 우먼,4509869,레더 폴딩 슬라우치 톨 부츠_그레이,0.0,0,448200,448200,448200,0,0,0.0,89.48,0,low,24.0,4,1,45,https://www.musinsa.com/products/4509869
2026-09-02,유니온블루,4512109,AURORA ALPACA CROP CARDIGAN [BLACK],0.0,0,119880,119880,119880,0,0,0.0,100.0,1,low,48.07,4,1,45,https://www.musinsa.com/products/4512109
2026-09-02,글로니,4516461,G CONTRAST POLO LONG SLEEVE (NAVY),0.0,0,99540,99540,99540,0,0,0.0,100.0,1,high,24.09,5,2,45,https://www.musinsa.com/products/4516461
2026-09-02,로제프란츠,4516909,Basic Label Sleeveless [Gray],0.0,0,19600,19600,19600,0,0,0.0,77.01,0,low,24.0,4,1,45,https://www.musinsa.com/products/4516909
2026-09-02,더블유엠씨,4520813,블랙홀 비니_CHARCOAL GREY,0.0,0,34300,34300,34300,0,0,0.0,52.16,0,low,24.01,5,1,45,https://www.musinsa.com/products/4520813
2026-09-02,더블유엠씨,4520941,디아블로 후드_CHARCOAL GREY,0.0,0,40050,40050,40050,0,0,0.0,52.17,0,low,24.01,5,1,45,https://www.musinsa.com/products/4520941
2026-09-02,레더리,4543917,플러피 니트 비니 [LIGHT GREY],0.0,0,29700,29700,29700,0,0,0.0,89.49,0,low,24.0,4,1,45,https://www.musinsa.com/products/4543917
2026-09-02,헬레네파리스,4545069,벨벳티 크롭 웰론 푸퍼 [블랙],0.0,0,111090,111090,111090,0,0,0.0,100.0,1,high,24.09,5,2,45,https://www.musinsa.com/products/4545069
2026-09-02,제너럴아이디어,4567725,리브드 터틀넥 풀오버 [BLACK] / WBD4L05547,0.0,0,26600,26600,26600,0,0,0.0,100.0,1,high,24.08,5,2,45,https://www.musinsa.com/products/4567725
2026-09-02,파르티멘토 우먼,4576301,올인원 레이어드 헨리 롱 슬리브 티_멜란지,0.0,0,39690,39690,39690,0,0,0.0,89.49,0,low,24.0,4,1,45,https://www.musinsa.com/products/4576301
2026-09-02,시눈,4584557,Middle Turtleneck Knit (Greyish Green),0.0,0,64520,64520,71680,1,-7160,-9.99,64.48,0,low,23.99,4,1,45,https://www.musinsa.com/products/4584557
2026-09-02,아틀리에 나인,4585389,ESSENTIAL YANA HIGH NECK KNIT(T-6969),0.0,0,71100,71100,71100,0,0,0.0,64.48,0,low,23.99,4,1,45,https://www.musinsa.com/products/4585389
2026-09-02,가까이 유니언즈,4585901,아웃 절개 래글런 피그먼트 후드 티 브라운,0.0,0,50400,50400,50400,0,0,0.0,64.48,0,low,23.99,4,1,45,https://www.musinsa.com/products/4585901
2026-09-02,시야쥬,4586733,SIPT7140 소프트 골지 부츠컷 밴딩 팬츠_Black,0.0,0,69000,69000,69000,0,0,0.0,39.7,0,low,24.0,4,1,45,https://www.musinsa.com/products/4586733
2026-09-02,아이돈워너셀,4588909,Echidna Knuckle Key Ring,0.0,0,53400,53400,53400,0,0,0.0,39.7,0,low,24.0,4,1,45,https://www.musinsa.com/products/4588909
2026-09-02,커버낫,4592941,C로고 코지 핏 워싱 볼캡 Beige,0.0,0,35200,35200,35200,0,0,0.0,39.7,0,low,24.0,4,1,45,https://www.musinsa.com/products/4592941
2026-09-02,무센트,4594093,얼죽아 후드 티 (남녀공용),0.0,0,52120,52120,41930,1,10190,24.3,39.71,0,low,24.0,4,1,45,https://www.musinsa.com/products/4594093
2026-09-02,아틀리에 나인,4595117,HAIRY WOOL BELTED HALF COAT S(CT-1450),0.0,0,258480,258480,258480,0,0,0.0,64.49,0,low,23.99,4,1,45,https://www.musinsa.com/products/4595117
2026-09-02,본투윈,4595885,SYMBOL B PUFFER DOWN VEST [GREY],0.0,0,181300,181300,181300,0,0,0.0,100.0,1,high,24.08,5,2,45,https://www.musinsa.com/products/4595885
2026-09-02,바우로 프로덕트,4597357,소프트 이중직 반폴라 니트 [네이비],0.0,0,49900,49900,49900,0,0,0.0,77.02,0,low,24.0,4,1,45,https://www.musinsa.com/products/4597357
2026-09-02,썸웨어버터,4606893,Some Cable Long Sleeve Knit - Ivory,0.0,0,83790,83790,83790,0,0,0.0,52.19,0,low,24.01,5,1,45,https://www.musinsa.com/products/4606893
2026-09-02,무센트,4610029,메탈 로고 시그니처 맨투맨 (남녀공용),0.0,0,43420,43420,34930,1,8490,24.31,39.71,0,low,24.0,4,1,45,https://www.musinsa.com/products/4610029
2026-09-02,마인드브릿지 우먼,4613229,[W]두굿_후드패딩점퍼 - 3color MYJP8201,0.0,0,129000,129000,129000,0,0,0.0,64.5,0,low,23.99,4,1,45,https://www.musinsa.com/products/4613229
2026-09-02,제너럴아이디어,4621101,UNISEX 워시드 워크 셔츠 [WHITE] / SBD4U03010,0.0,0,41760,41760,49000,1,-7240,-14.78,100.0,1,medium,24.09,5,2,45,https://www.musinsa.com/products/4621101
2026-09-02,링서울,4623917,angora turtleneck top-melange,0.0,0,39130,39130,39130,0,0,0.0,52.19,0,low,24.01,5,1,45,https://www.musinsa.com/products/4623917
2026-09-02,링서울,4623981,fleece jogger pants-brown,0.0,0,68210,68210,68210,0,0,0.0,52.19,0,low,24.01,5,1,45,https://www.musinsa.com/products/4623981
2026-09-02,무센트,4629805,퍼즐 후드 티 남녀공용 (2컬러),0.0,0,51650,51650,47090,1,4560,9.68,39.71,0,low,24.0,4,1,45,https://www.musinsa.com/products/4629805
2026-09-02,언더오프,4635821,피치스킨 에센셜 러브이즈올 기모 맨투맨 4colors,0.0,0,21900,21900,21900,0,0,0.0,39.71,0,low,24.0,4,1,45,https://www.musinsa.com/products/4635821
2026-09-02,1993스튜디오,4637549,[CHODAN] 아플리케 그래픽 후드 집업_블랙,0.0,0,98100,98100,98100,0,0,0.0,39.71,0,low,24.0,4,1,45,https://www.musinsa.com/products/4637549
2026-09-02,아웃스탠딩,4641453,OSTD STITCH CRAFTED BELT_BLACK,2.57,134348,52200,52200,52200,0,0,0.0,100.0,1,high,24.08,10,6,45,https://www.musinsa.com/products/4641453
2026-09-02,슬로우애시드,4648045,피그먼트 PAP 후디 [차콜],0.0,0,47500,47500,47500,0,0,0.0,77.03,0,low,24.0,4,1,45,https://www.musinsa.com/products/4648045
2026-09-02,나이스고스트클럽,4694637,DENIM WORK CAR COAT_BLUE(NG2FSUC800A),0.0,0,91260,91260,91260,0,0,0.0,52.2,0,low,24.01,5,1,45,https://www.musinsa.com/products/4694637
2026-09-02,제너럴아이디어,4695597,에센셜 크루넥 가디건 [WHITE] / GF7LKC501,0.0,0,41760,41760,42400,1,-640,-1.51,100.0,1,medium,24.08,5,2,45,https://www.musinsa.com/products/4695597
2026-09-02,디스이즈네버댓,4696237,TNT GRAMICCI WASHED CORDUROY PANT Ecru,0.0,0,104300,104300,104300,0,0,0.0,39.72,0,low,24.0,4,1,45,https://www.musinsa.com/products/4696237
2026-09-02,로제프란츠,4697197,Four Button Overfit Jacket [Gray],0.0,0,74360,74360,74360,0,0,0.0,77.04,0,low,24.0,4,1,45,https://www.musinsa.com/products/4697197
2026-09-02,로제프란츠,4697709,Two Belt Wide Slacks [Black],0.0,0,56760,56760,56760,0,0,0.0,77.04,0,low,24.0,4,1,45,https://www.musinsa.com/products/4697709
2026-09-02,드로우핏,4702317,리파인드 라인 레더 자켓 [BLACK],0.0,0,139200,139200,139200,0,0,0.0,77.05,0,low,24.0,4,1,45,https://www.musinsa.com/products/4702317
2026-09-02,엘무드,4705389,헌팅턴 텐셀데님 밀리터리 셔츠 샴브레이 블루,0.0,0,79000,79000,79000,0,0,0.0,39.72,0,low,24.0,4,1,45,https://www.musinsa.com/products/4705389
2026-09-02,엘무드,4705517,플루이드 트위드 블루종 자켓 M블랙,0.0,0,124000,124000,124000,0,0,0.0,39.73,0,low,24.0,4,1,45,https://www.musinsa.com/products/4705517
2026-09-02,아모우,4705837,Anchor Ringer T-shirts white,0.0,0,34300,34300,34300,0,0,0.0,100.0,1,high,24.09,5,2,45,https://www.musinsa.com/products/4705837
2026-09-02,제너럴아이디어,4716397,하찌 랩 가디건 [IVORY] / WBE1L04502,0.0,0,46110,46110,46110,0,0,0.0,100.0,1,high,24.08,5,2,45,https://www.musinsa.com/products/4716397
2026-09-02,키르시,4716973,키르시 플레인 체리 아치 로고 크롭 후드 [멜란지 그레이],0.0,0,47400,47400,47400,0,0,0.0,39.73,0,low,24.0,4,1,45,https://www.musinsa.com/products/4716973
2026-09-02,비바라비다,4720429,[기모선택] Stamp 헤비테리 후드,0.29,16626,57900,57900,57900,0,0,0.0,100.0,1,high,24.08,5,2,45,https://www.musinsa.com/products/4720429
2026-09-02,9999아카이브,4724717,Oblique Pocket Wide Cargo Pants,0.0,0,112770,112770,112770,0,0,0.0,52.21,0,low,24.01,5,1,45,https://www.musinsa.com/products/4724717
2026-09-02,필루미네이트,4726189,스프린트 스웨트 팬츠-5Color,0.0,0,30000,30000,30000,0,0,0.0,52.21,0,low,24.01,5,1,45,https://www.musinsa.com/products/4726189
2026-09-02,필루미네이트,4728685,스포츠 블럭 후디-네이비,0.0,0,36000,36000,36000,0,0,0.0,52.22,0,low,24.01,5,1,45,https://www.musinsa.com/products/4728685
2026-09-02,알리스,4729453,레이어드 다이스 체인 키링 [실버],0.0,0,22610,22610,22610,0,0,0.0,89.53,0,low,24.0,4,1,45,https://www.musinsa.com/products/4729453
2026-09-02,트릴리온,4729517,오버핏 디스트로이드 피그먼트 후드 집업 [라이트 카키],0.0,0,42900,42900,42900,0,0,0.0,89.53,0,low,24.0,4,1,45,https://www.musinsa.com/products/4729517
2026-09-02,미세키서울,4732845,Side bow pleats midi skirt CHECK,0.0,0,120870,120870,120870,0,0,0.0,89.54,0,low,24.0,4,1,45,https://www.musinsa.com/products/4732845
2026-09-02,9999아카이브,4733165,Bubble Logo T,0.0,0,27000,27000,27000,0,0,0.0,52.22,0,low,24.01,5,1,45,https://www.musinsa.com/products/4733165
2026-09-02,노매뉴얼,4734253,CURVED HALF PANTS - WASHED NAVY,0.0,0,92400,92400,92400,0,0,0.0,89.54,0,low,24.0,4,1,45,https://www.musinsa.com/products/4734253
2026-09-02,노매뉴얼,4734381,LIZARD T-SHIRT - WHITE,0.0,0,29400,29400,29400,0,0,0.0,89.55,0,low,24.0,4,1,45,https://www.musinsa.com/products/4734381
2026-09-02,아이돈워너셀,4734957,Solar Damage Maxi Denim Pants Black,0.0,0,77400,77400,77400,0,0,0.0,39.74,0,low,24.0,4,1,45,https://www.musinsa.com/products/4734957
2026-09-02,디스이즈네버댓,4735341,Contrast Stitch Pant Black,0.0,0,74500,74500,74500,0,0,0.0,39.75,0,low,24.0,4,1,45,https://www.musinsa.com/products/4735341
2026-09-02,나이스고스트클럽,4737901,LAYERED WASHED JEANS_LIGHT BLUE(NG2FSUD100A),0.0,0,69660,69660,69660,0,0,0.0,52.22,0,low,24.01,5,1,45,https://www.musinsa.com/products/4737901
2026-09-02,플랙,4740397,레더 블루종 점퍼 블랙,0.0,0,189000,189000,189000,0,0,0.0,39.76,0,low,24.0,4,1,45,https://www.musinsa.com/products/4740397
2026-09-02,1993스튜디오,4741037,네트 풀오버 니트_블랙,0.0,0,49950,49950,49950,0,0,0.0,39.76,0,low,24.0,4,1,45,https://www.musinsa.com/products/4741037
2026-09-02,러프사이드,4742061,Pointer Jacket Dark Olive,0.0,0,318000,318000,318000,0,0,0.0,64.53,0,low,23.99,4,1,45,https://www.musinsa.com/products/4742061
2026-09-02,러프사이드,4742125,Belted Bermuda Shorts Humus,0.0,0,158000,158000,158000,0,0,0.0,64.53,0,low,23.99,4,1,45,https://www.musinsa.com/products/4742125
2026-09-02,필루미네이트,4743597,스몰 로고 후드 집 업-스카이블루,0.0,0,50000,50000,50000,0,0,0.0,52.23,0,low,24.01,5,1,45,https://www.musinsa.com/products/4743597
2026-09-02,유라고,4745005,River hooded half jumper,0.0,0,163400,163400,163400,0,0,0.0,64.53,0,low,23.99,4,1,45,https://www.musinsa.com/products/4745005
2026-09-02,메인부스,4745133,[아톰] 갤럭시 폰 케이스,0.0,0,19800,19800,19800,0,0,0.0,77.06,0,low,24.0,4,1,45,https://www.musinsa.com/products/4745133
2026-09-02,해비즘,4746925,ROSE LACE SWEATPANTS(BROWN),0.0,0,59400,59400,59400,0,0,0.0,52.23,0,low,24.01,5,1,45,https://www.musinsa.com/products/4746925
2026-09-02,글로니,4747181,WILLY CROP SHIRT (BABYBLUE STRIPE),0.0,0,108000,108000,108000,0,0,0.0,100.0,1,high,24.09,5,2,45,https://www.musinsa.com/products/4747181
2026-09-02,시야쥬,4747949,SITP5178 레귤러 핏 프레쉬 반팔 티셔츠_Melange gray,0.0,0,29700,29700,29700,0,0,0.0,39.76,0,low,24.0,4,1,45,https://www.musinsa.com/products/4747949
2026-09-02,키르시,4749293,빈티지 워싱 아티피셜 레더 봄버 자켓 [블랙],0.0,0,139300,139300,139300,0,0,0.0,39.76,0,low,24.0,4,1,45,https://www.musinsa.com/products/4749293
2026-09-02,키르시,4749357,멜팅 체리 프린트 크롭 스웨트셔츠 [네이비],0.0,0,41400,41400,41400,0,0,0.0,39.77,0,low,24.0,4,1,45,https://www.musinsa.com/products/4749357
2026-09-02,워크온바디오프,4749421,이지온 세미 오버핏 스트라이프 카라 반팔 니트 [아이보리],0.0,0,29900,29900,29900,0,0,0.0,39.77,0,low,24.0,4,1,45,https://www.musinsa.com/products/4749421
2026-09-02,론론,4749869,TRIPLE STRIPE HARMONY KNIT CARDIGAN BLACK GREY,0.0,0,71280,71280,71280,0,0,0.0,100.0,1,high,24.09,5,2,45,https://www.musinsa.com/products/4749869
2026-09-02,워크온바디오프,4750061,[여름/사계절] 에즈 릴렉스 세미 와이드 데님 팬츠 [빈티지블루],0.0,0,39900,39900,39900,0,0,0.0,39.77,0,low,24.0,4,1,45,https://www.musinsa.com/products/4750061
2026-09-02,와이케이,4752301,로고 자수 스웨트팬츠 그레이,0.0,0,54000,54000,54000,0,0,0.0,52.23,0,low,24.01,5,1,45,https://www.musinsa.com/products/4752301
2026-09-02,인사일런스,4754029,패널드 워크 팬츠 WHITE,0.0,0,103680,103680,103680,0,0,0.0,39.77,0,low,24.0,4,1,45,https://www.musinsa.com/products/4754029
2026-09-02,인사일런스,4754541,크롭 코드 데님 자켓 BLACK,0.0,0,135360,135360,135360,0,0,0.0,39.78,0,low,24.0,4,1,45,https://www.musinsa.com/products/4754541
2026-09-02,제너럴아이디어,4755245,링클프리 리벳 셔츠 [WHITE] / WBE1L03507,4.86,132330,27216,27500,25900,1,1600,6.18,100.0,1,low,24.08,12,6,45,https://www.musinsa.com/products/4755245
2026-09-02,일꼬르소,4756589,액션 플레어 코튼 팬츠 블랙 IEPA5E103BK,0.0,0,59500,59500,59500,0,0,0.0,39.78,0,low,24.0,4,1,45,https://www.musinsa.com/products/4756589
2026-09-02,커버낫,4756653,코튼 데님 바시티 Blue,0.0,0,136080,136080,136080,0,0,0.0,39.79,0,low,24.0,4,1,45,https://www.musinsa.com/products/4756653
2026-09-02,더니트컴퍼니,4758189,(W) 파인 울 트랙 팬츠 2color,0.0,0,153300,153300,153300,0,0,0.0,77.06,0,low,24.0,4,1,45,https://www.musinsa.com/products/4758189
2026-09-02,파르티멘토,4759213,VTG 워시드 레더 카 코트 브라운,0.0,0,93600,93600,93600,0,0,0.0,39.79,0,low,24.0,4,1,45,https://www.musinsa.com/products/4759213
2026-09-02,파르티멘토 우먼,4760173,PWC 라운드넥 쓰리쿼터 슬리브 티_화이트,3.33,97201,29160,29160,29160,0,0,0.0,100.0,1,high,9.0,14,7,45,https://www.musinsa.com/products/4760173
2026-09-02,노이어,4761005,신서틱 플라이트 블루종 (블랙),0.0,0,208200,208200,208200,0,0,0.0,97.91,0,low,24.02,5,1,45,https://www.musinsa.com/products/4761005
2026-09-02,노이어,4761133,시어 번아웃 셔츠 (블랙),0.0,0,81700,81700,81700,0,0,0.0,100.0,1,high,24.09,5,2,45,https://www.musinsa.com/products/4761133
2026-09-02,후드후드,4763885,H 로고 에일리언 스웨트팬츠 차콜,0.0,0,42660,42660,42660,0,0,0.0,77.07,0,low,24.0,4,1,45,https://www.musinsa.com/products/4763885
2026-09-02,후드후드,4764205,H 로고 에일리언 오버핏 후드 카모,0.0,0,44280,44280,44280,0,0,0.0,77.07,0,low,24.0,4,1,45,https://www.musinsa.com/products/4764205
2026-09-02,후드후드,4764589,클론 에일리언 오버핏 맨투맨 멜란지화이트,0.0,0,38880,38880,38880,0,0,0.0,77.07,0,low,24.0,4,1,45,https://www.musinsa.com/products/4764589
2026-09-02,밀로 아카이브,4765997,인플레이트 봄버 자켓 [콤바인드 블랙],0.0,0,97420,97420,95040,1,2380,2.5,52.25,0,low,24.01,5,1,45,https://www.musinsa.com/products/4765997
2026-09-02,스키즘 인듀싱,4766829,FR METAL DRESS BLACK,0.0,0,117300,117300,117300,0,0,0.0,100.0,1,high,24.09,5,2,45,https://www.musinsa.com/products/4766829
2026-09-02,가까이 유니언즈,4766893,폴라 프렌즈 반팔 티셔츠 화이트,0.0,0,29400,29400,29400,0,0,0.0,64.54,0,low,23.99,4,1,45,https://www.musinsa.com/products/4766893
2026-09-02,디스이즈네버댓,4767533,Small RS-Logo Cap Beige,0.0,0,22500,22500,22500,0,0,0.0,39.8,0,low,24.0,4,1,45,https://www.musinsa.com/products/4767533
2026-09-02,메종미네드,4771885,TWO POCKET SQUARE CROSS BAG,0.9,62090,69300,69300,69300,0,0,0.0,89.59,0,low,24.0,8,1,45,https://www.musinsa.com/products/4771885
2026-09-02,유니폼브릿지,4772973,carpenter long skirt(womens) olive,0.0,0,63600,63600,63600,0,0,0.0,100.0,1,high,24.08,5,2,45,https://www.musinsa.com/products/4772973
2026-09-02,유니폼브릿지,4773037,western denim shirt 6oz indigo one washed,0.0,0,55600,55600,55600,0,0,0.0,100.0,1,high,24.08,5,2,45,https://www.musinsa.com/products/4773037
2026-09-02,아메스 월드와이드,4773613,A NUMBERING LINETAPE TEE GREY,0.0,0,23400,23400,17550,1,5850,33.33,89.59,0,low,24.0,4,1,45,https://www.musinsa.com/products/4773613
2026-09-02,밀로 아카이브,4774189,레이어 스트라이프 롱 슬리브 [블루],0.0,0,54400,54400,54400,0,0,0.0,52.25,0,low,24.01,5,1,45,https://www.musinsa.com/products/4774189
2026-09-02,더뮤지엄비지터,4781549,RABBIT EMBROIDERY ZIPUP HOODIE (WHITE),0.0,0,102700,102700,102700,0,0,0.0,100.0,1,high,24.08,5,2,45,https://www.musinsa.com/products/4781549
2026-09-02,모즈모즈,4782125,코믹걸 오버핏 반팔티셔츠 블랙,0.0,0,23800,23800,23800,0,0,0.0,64.56,0,low,23.99,4,1,45,https://www.musinsa.com/products/4782125
2026-09-02,아이돈워너셀,4783405,Novichi T-Shirt Ivory,0.0,0,43200,43200,43200,0,0,0.0,39.81,0,low,24.0,4,1,45,https://www.musinsa.com/products/4783405
2026-09-02,데케트,4783725,Balloon Wide Jeans DCPT055LightBlueB,0.9,38887,43400,43400,43400,0,0,0.0,89.59,0,low,24.0,4,1,45,https://www.musinsa.com/products/4783725
2026-09-02,에이이에이이,4786989,WEB LOGO LOOSED HOODIE [MELANGE GREY/CAMO],0.0,0,98100,98100,98100,0,0,0.0,89.6,0,low,24.0,4,1,45,https://www.musinsa.com/products/4786989
2026-09-02,테이크이지,4788205,자이언트핏 몬스터 체크셔츠 (빈티지네이비),14.24,497054,34900,34900,34900,0,0,0.0,100.0,1,high,10.07,20,7,45,https://www.musinsa.com/products/4788205
2026-09-02,쿠어,4790445,멀티컬러 스트라이프 폴로 셔츠 (그린),0.0,0,76500,76500,76500,0,0,0.0,64.57,0,low,23.99,4,1,45,https://www.musinsa.com/products/4790445
2026-09-02,허그본,4790701,스크럼 저지 롱슬리브 4컬러,0.0,0,65550,65550,65550,0,0,0.0,77.07,0,low,24.0,4,1,45,https://www.musinsa.com/products/4790701
2026-09-02,아틀리에 나인,4793005,WOOL SHEER SET-UP KNIT(T-7017),0.0,0,64080,64080,64080,0,0,0.0,64.57,0,low,23.99,4,1,45,https://www.musinsa.com/products/4793005
2026-09-02,아틀리에 나인,4793773,ARLO SHIRRING RIBBON BLOUSE(BL-4299),0.0,0,70560,70560,70560,0,0,0.0,64.58,0,low,23.99,4,1,45,https://www.musinsa.com/products/4793773
2026-09-02,링서울,4794477,suede collar trench  half coat-navy,0.0,0,206310,206310,206310,0,0,0.0,52.25,0,low,24.01,5,1,45,https://www.musinsa.com/products/4794477
2026-09-02,커버낫,4797805,블록코어 져지 롱슬리브 Navy,0.0,0,58860,58860,58860,0,0,0.0,39.82,0,low,24.0,4,1,45,https://www.musinsa.com/products/4797805
2026-09-02,커버낫,4797869,스몰 어센틱 다잉 맨투맨 Sky Blue,0.0,0,64080,64080,64080,0,0,0.0,39.82,0,low,24.0,4,1,45,https://www.musinsa.com/products/4797869
2026-09-02,아캄,4798189,Knee Pin-tuck Leopard Cotton Pants (Brown),0.0,0,115500,115500,115500,0,0,0.0,64.58,0,low,23.99,4,1,45,https://www.musinsa.com/products/4798189
2026-09-02,본투윈,4799277,MONOGRAM SOCCER JERSEY [BLACK],0.14,9873,68600,68600,68600,0,0,0.0,100.0,1,high,24.08,5,2,45,https://www.musinsa.com/products/4799277
2026-09-02,루에브르,4799917,Back Slit Tailored Jacket SW5SJ101-CW,0.0,0,279000,279000,279000,0,0,0.0,26.83,0,low,24.09,4,1,45,https://www.musinsa.com/products/4799917
2026-09-02,드헤베,4800429,Flat Classic Jacket [Brown],0.0,0,129290,129290,129290,0,0,0.0,77.08,0,low,24.0,4,1,45,https://www.musinsa.com/products/4800429
2026-09-02,더뮤지엄비지터,4804973,CHECK MIXED ZIPUP HOODIE (MELANGE GREY),0.0,0,85800,85800,85800,0,0,0.0,100.0,1,high,24.08,5,2,45,https://www.musinsa.com/products/4804973
2026-09-02,필루미네이트,4808749,A to Z 볼 캡-블랙,0.0,0,25000,25000,25000,0,0,0.0,52.27,0,low,24.01,5,1,45,https://www.musinsa.com/products/4808749
2026-09-02,필루미네이트,4808877,옵티컬 그래픽 후디-크림,0.0,0,39000,39000,39000,0,0,0.0,52.27,0,low,24.01,5,1,45,https://www.musinsa.com/products/4808877
2026-09-02,브랜디드,4811245,OVERSIZED DENIM TRUCKER JACKET [WASHED BLACK],0.0,0,91800,91800,91800,0,0,0.0,77.08,0,low,24.0,4,1,45,https://www.musinsa.com/products/4811245
2026-09-02,론론,4812525,LACE HOODIE SLIM LONG SLEEVE CHARCOAL STAR,0.0,0,53460,53460,53460,0,0,0.0,100.0,1,high,24.09,5,2,45,https://www.musinsa.com/products/4812525
2026-09-02,제너럴아이디어,4812717,와이드 버뮤다 데님 팬츠 [BLUE] / WBE1L12504,0.14,5067,35200,35200,35200,0,0,0.0,100.0,1,high,24.08,5,2,45,https://www.musinsa.com/products/4812717
2026-09-02,배드블러드,4812845,러스티 데님 후드 집업 슬림핏 - 블루,0.0,0,106400,106400,106400,0,0,0.0,100.0,1,high,24.09,5,2,45,https://www.musinsa.com/products/4812845
2026-09-02,언더오프,4813357,오버핏 맨투맨 스웨트 캐피탈 패리스 블랙,0.0,0,29520,29520,34900,1,-5380,-15.42,39.83,0,low,24.0,4,1,45,https://www.musinsa.com/products/4813357
2026-09-02,디스이즈네버댓,4813613,Monogram L/S Tee White,0.0,0,34500,34500,34500,0,0,0.0,39.84,0,low,24.0,4,1,45,https://www.musinsa.com/products/4813613
2026-09-02,유니폼브릿지,4817773,ubc basic s/s tee blue velvet,0.0,0,27300,27300,27300,0,0,0.0,100.0,1,high,24.08,5,2,45,https://www.musinsa.com/products/4817773
2026-09-02,러브이즈트루,4823405,[MARIE] SWEATSHIRT(BLACK),0.0,0,39780,39780,39780,0,0,0.0,52.28,0,low,24.01,5,1,45,https://www.musinsa.com/products/4823405
2026-09-02,슬로우애시드,4827757,러스틱 빈티지 체크 셔츠 [스카이블루],0.0,0,40300,40300,40300,0,0,0.0,77.09,0,low,24.0,4,1,45,https://www.musinsa.com/products/4827757
2026-09-02,르바,4831597,Stripe Cotton Relaxed Shirt - White/Grey,0.0,0,98100,98100,98100,0,0,0.0,77.09,0,low,24.0,4,1,45,https://www.musinsa.com/products/4831597
2026-09-02,르바,4831789,Levar Comfy Cross Bag - Off White,0.0,0,89100,89100,89100,0,0,0.0,77.09,0,low,24.0,4,1,45,https://www.musinsa.com/products/4831789
2026-09-02,인사일런스,4832429,리브 헨리넥 롱슬리브 WHITE,0.0,0,53000,53000,53000,0,0,0.0,39.85,0,low,24.0,4,1,45,https://www.musinsa.com/products/4832429
2026-09-02,제너럴아이디어,4837613,볼륨 카고 미니스커트 [BLACK] / WBE1L13511,0.0,0,27550,27550,31200,1,-3650,-11.7,100.0,1,medium,24.08,5,2,45,https://www.musinsa.com/products/4837613
2026-09-02,프리즘웍스,4849133,JOLLY ROGER MOBYDICK SWEATSHIRT _ OATMEAL,0.0,0,43400,43400,43400,0,0,0.0,100.0,1,high,24.09,5,2,45,https://www.musinsa.com/products/4849133
2026-09-02,키르시,4850221,키르시 플레인 슬림핏 피케 티셔츠 [화이트],0.0,0,35400,35400,35400,0,0,0.0,39.86,0,low,24.0,4,1,45,https://www.musinsa.com/products/4850221
2026-09-02,제이엘브,4851629,메인로고 미드 삭스 3팩 [화이트/블랙],0.0,0,15000,15000,15000,0,0,0.0,52.29,0,low,24.01,5,1,45,https://www.musinsa.com/products/4851629
2026-09-02,파르티멘토,4853293,니트 집업 베스트 아이보리,0.0,0,50600,50600,50600,0,0,0.0,39.86,0,low,24.0,4,1,45,https://www.musinsa.com/products/4853293
2026-09-02,비터셀즈,4854253,체리 베리 티-화이트,0.0,0,31590,31590,31590,0,0,0.0,89.61,0,low,24.0,8,1,45,https://www.musinsa.com/products/4854253
2026-09-02,디스이즈네버댓,4854765,Crest Cap Black,0.0,0,27500,27500,27500,0,0,0.0,39.86,0,low,24.0,4,1,45,https://www.musinsa.com/products/4854765
2026-09-02,디스이즈네버댓,4854829,Field Pant Navy,0.0,0,79500,79500,79500,0,0,0.0,39.86,0,low,24.0,4,1,45,https://www.musinsa.com/products/4854829
2026-09-02,디스이즈네버댓,4854893,T.N.T. Classic HDP V Neck Vest Heather Grey,0.0,0,63200,63200,63200,0,0,0.0,39.87,0,low,24.0,4,1,45,https://www.musinsa.com/products/4854893
2026-09-02,트릴리온,4856365,레더 패치 워시드 코튼 볼 캡_5color,0.0,0,19900,19900,19900,0,0,0.0,89.61,0,low,24.0,4,1,45,https://www.musinsa.com/products/4856365
2026-09-02,글로니,4861165,G OFF SHOULDER LONG SLEEVE (3 colors),0.0,0,46980,46980,46980,0,0,0.0,100.0,1,high,24.09,5,2,45,https://www.musinsa.com/products/4861165
2026-09-02,1993스튜디오,4862509,스피드레이서 레글런 티셔츠_화이트,0.0,0,46550,46550,46550,0,0,0.0,39.88,0,low,24.0,4,1,45,https://www.musinsa.com/products/4862509
2026-09-02,1993스튜디오,4862637,뉴 93로고 크롭 티셔츠_네이비,0.0,0,39000,39000,39000,0,0,0.0,39.88,0,low,24.0,4,1,45,https://www.musinsa.com/products/4862637
2026-09-02,1993스튜디오,4863853,본투비 우먼 레귤러핏 티셔츠_화이트,0.0,0,29000,29000,29000,0,0,0.0,39.88,0,low,24.0,4,1,45,https://www.musinsa.com/products/4863853
2026-09-02,론론,4865453,DIAMOND PATTERN LONG SLEEVE KNIT BROWN,0.0,0,89100,89100,89100,0,0,0.0,100.0,1,high,24.09,5,2,45,https://www.musinsa.com/products/4865453
2026-09-02,론론,4865517,HEART ARGYLE 2 BUTTON KNIT CARDIGAN BROWN,0.0,0,87840,87840,68320,1,19520,28.57,100.0,1,medium,24.09,5,2,45,https://www.musinsa.com/products/4865517
2026-09-02,슬로우애시드,4880045,[2PACK] 워시드 린넨 밴딩 와이드 팬츠  [4COLOR],0.0,0,59900,59900,59900,0,0,0.0,77.1,0,low,24.0,4,1,45,https://www.musinsa.com/products/4880045
2026-09-02,키뮤어,4885997,써머 세미와이드 슬랙스_베이지,0.0,0,24500,24500,24500,0,0,0.0,100.0,1,high,24.09,5,2,45,https://www.musinsa.com/products/4885997
2026-09-02,제멋,4892397,올데이 CP 스탠다드 긴팔티셔츠 4종 네이비 SOLT2607,0.0,0,24900,24900,24900,0,0,0.0,100.0,1,high,24.09,5,2,45,https://www.musinsa.com/products/4892397
2026-09-02,어나더 오피스,4894765,Sailor Silk Open-collar Knit (Ecru-Black),0.0,0,96600,96600,96600,0,0,0.0,100.0,1,high,24.09,5,2,45,https://www.musinsa.com/products/4894765
2026-09-02,에이지오디,4895661,레이싱 반소매 티셔츠 [다크 그린],0.0,0,18100,18100,9900,1,8200,82.83,26.85,0,low,24.09,6,1,45,https://www.musinsa.com/products/4895661
2026-09-02,칙스,4898221,타이거 반팔 티셔츠 백멜란지,0.0,0,23310,23310,25900,1,-2590,-10.0,100.0,1,medium,24.09,5,2,45,https://www.musinsa.com/products/4898221
2026-09-02,마인드브릿지,4898349,유틸리티 세미 와이드 풀 밴딩 하프 팬츠 - 2color,0.0,0,29900,29900,29900,0,0,0.0,89.61,0,low,24.0,4,1,45,https://www.musinsa.com/products/4898349
2026-09-02,999휴머니티,4898989,EVD 이지 로고 하프 티셔츠 (페이디드 퍼플),0.0,0,63000,63000,63000,0,0,0.0,64.61,0,low,23.99,4,1,45,https://www.musinsa.com/products/4898989
2026-09-02,마인드브릿지 우먼,4899117,[W][콜린스]수피마_백 포인트 오버핏 티셔츠 - 2color,0.0,0,29900,29900,29900,0,0,0.0,64.61,0,low,23.99,4,1,45,https://www.musinsa.com/products/4899117
2026-09-02,디스이즈네버댓,4905581,Onyx Embossed Denim Cap Black,0.0,0,27500,27500,27500,0,0,0.0,39.9,0,low,24.01,4,1,45,https://www.musinsa.com/products/4905581
2026-09-02,디스이즈네버댓,4905773,Hamburger Tee White,0.0,0,23600,23600,23600,0,0,0.0,39.9,0,low,24.01,4,1,45,https://www.musinsa.com/products/4905773
2026-09-02,디스이즈네버댓,4905901,Football Jersey Green,0.0,0,54500,54500,54500,0,0,0.0,39.9,0,low,24.01,4,1,45,https://www.musinsa.com/products/4905901
2026-09-02,어반드레스,4908909,Basic Brush Daily Wide Pants WASHING BLACK,0.02,689,32000,32000,32000,0,0,0.0,100.0,1,high,24.09,5,2,45,https://www.musinsa.com/products/4908909
2026-09-02,틸아이다이,4909805,Sweet ribbon round cotton blouse_Ivory,0.0,0,85600,85600,85600,0,0,0.0,100.0,1,high,24.08,5,2,45,https://www.musinsa.com/products/4909805
2026-09-02,커버낫,4913965,타이포 그래픽 링거 티셔츠 Dark Navy,0.0,0,53100,53100,53100,0,0,0.0,39.91,0,low,24.01,4,1,45,https://www.musinsa.com/products/4913965
2026-09-02,트리밍버드,4916717,Distressed Square Denim Set-up Jacket [ Blue ],0.0,0,279000,279000,279000,0,0,0.0,100.0,1,high,24.09,5,2,45,https://www.musinsa.com/products/4916717
2026-09-02,드로우핏,4934317,코튼 하프 샴브레이 셔츠 [BLUE],0.0,0,45000,45000,45000,0,0,0.0,77.12,0,low,24.0,4,1,45,https://www.musinsa.com/products/4934317
2026-09-02,드로우핏,4934381,콘트라스트 라운드 하프 니트 [BLACK],0.77,38179,49500,49500,49500,0,0,0.0,77.12,0,low,24.0,4,1,45,https://www.musinsa.com/products/4934381
2026-09-02,던스트,4941677,UNISEX DRAWING BLOOM T-SHIRT _UDTS5B126_FRENCH NAVY,0.0,0,44000,44000,30800,1,13200,42.86,52.33,0,low,24.01,5,1,45,https://www.musinsa.com/products/4941677
2026-09-02,어반드레스,4948973,Dyed Bermuda Denim Pants BLACK,1.0,16963,16980,16980,16980,0,0,0.0,100.0,1,high,24.09,5,2,45,https://www.musinsa.com/products/4948973
2026-09-02,언탭트 스튜디오,4949101,세미와이드핏 조거 트레이닝 스웨트 팬츠,0.0,0,21910,21910,21910,0,0,0.0,52.33,0,low,24.01,5,1,45,https://www.musinsa.com/products/4949101
2026-09-02,브라운야드,4954605,"에센셜 롱 슬리브, 블랙",0.0,0,58000,58000,58000,0,0,0.0,52.34,0,low,24.01,5,1,45,https://www.musinsa.com/products/4954605
2026-09-02,코드그라피,4956333,엑스트라 와이드 트레이닝 팬츠_블랙,0.0,0,55200,55200,55200,0,0,0.0,77.13,0,low,24.0,4,1,45,https://www.musinsa.com/products/4956333
2026-09-02,락케이크,4958957,Script Pigment Ball Cap - Beige,0.0,0,40500,40500,40500,0,0,0.0,26.86,0,low,24.09,4,1,45,https://www.musinsa.com/products/4958957
2026-09-02,리메인세컨드,4964269,1992 아치 로고 오버핏 반팔 티_5COLOR,1.13,16823,14900,14900,14900,0,0,0.0,64.63,0,low,9.74,13,7,45,https://www.musinsa.com/products/4964269
2026-09-02,아틀리에 나인,4964909,ESSENTIAL TUCK PANTS(PT-5633),0.0,0,63200,63200,63200,0,0,0.0,64.63,0,low,23.99,4,1,45,https://www.musinsa.com/products/4964909
2026-09-02,벨리에,4966381,트루 와이드 데님 팬츠 - 더티 워싱 인디고,0.0,0,148200,148200,148200,0,0,0.0,64.63,0,low,23.99,4,1,45,https://www.musinsa.com/products/4966381
2026-09-02,아캄,4969773,AKM CROS2 Sleeveless (Black),0.0,0,42700,42700,42700,0,0,0.0,64.63,0,low,23.99,4,1,45,https://www.musinsa.com/products/4969773
2026-09-02,론론,4973549,POLKA PEPLUM BLOUSE DOT NAVY,0.0,0,71280,71280,71280,0,0,0.0,100.0,1,high,24.09,5,2,45,https://www.musinsa.com/products/4973549
2026-09-02,커버낫,4974125,레귤러 어센틱 스웻 카고 쇼츠 Ivory,0.0,0,44100,44100,44100,0,0,0.0,39.93,0,low,24.01,4,1,45,https://www.musinsa.com/products/4974125
2026-09-02,커버낫,4974189,밴드 플레이 그래픽 티셔츠 White,0.0,0,26100,26100,26100,0,0,0.0,39.94,0,low,5.61,9,4,45,https://www.musinsa.com/products/4974189
2026-09-02,커버낫,4974317,베이직 포켓 티셔츠 White,0.0,0,26100,26100,26100,0,0,0.0,39.94,0,low,24.0,4,1,45,https://www.musinsa.com/products/4974317
2026-09-02,어반드레스,4978541,Sunground T-shirt - 3COL,0.0,0,29900,29900,29900,0,0,0.0,100.0,1,high,24.09,5,2,45,https://www.musinsa.com/products/4978541
2026-09-02,언탭트 스튜디오,4982957,[2PACK]오버핏 라이크린넨 오픈카라 반팔 셔츠 5Color,0.0,0,49840,49840,49840,0,0,0.0,52.34,0,low,24.01,5,1,45,https://www.musinsa.com/products/4982957
2026-09-02,유니폼브릿지,4985901,fifty third school s/s tee charcoal,0.0,0,35400,35400,35400,0,0,0.0,100.0,1,high,24.08,5,2,45,https://www.musinsa.com/products/4985901
2026-09-02,유니폼브릿지,4986733,M65 shorts black,0.0,0,83300,83300,83300,0,0,0.0,100.0,1,high,24.08,5,2,45,https://www.musinsa.com/products/4986733
2026-09-02,무드인사이드,4987373,스트라이프 럭비 카라 스웨트 맨투맨_Navy,0.0,0,35900,35900,35900,0,0,0.0,26.86,0,low,24.09,4,1,45,https://www.musinsa.com/products/4987373
2026-09-02,커버낫,4988909,다잉 폴로 티셔츠 Blue,0.0,0,43470,43470,43470,0,0,0.0,39.95,0,low,24.0,4,1,45,https://www.musinsa.com/products/4988909
2026-09-02,르아르,4989741,투포켓 링클 체크 반팔 셔츠 [브라운],0.13,3851,29610,29610,29610,0,0,0.0,64.64,0,low,9.74,16,7,45,https://www.musinsa.com/products/4989741
2026-09-02,프렌다,4992941,97PDC LOGO LACE NECK TEE OATMEAL,0.0,0,20580,20580,20580,0,0,0.0,26.86,0,low,24.09,4,1,45,https://www.musinsa.com/products/4992941
2026-09-02,러브이즈트루,4993197,SM HOW DEEP HEART TANG TEE(WHITE),0.0,0,23210,23210,23210,0,0,0.0,52.35,0,low,24.01,5,1,45,https://www.musinsa.com/products/4993197
2026-09-02,시그니처,4993517,투턱 레귤러 버뮤다 트레이닝 팬츠[블랙],0.0,0,24900,24900,24900,0,0,0.0,77.15,0,low,9.03,9,6,45,https://www.musinsa.com/products/4993517
2026-09-02,알리스,4995437,시어서커 멀티 스트라이프 하프 셔츠 [블랙],0.0,0,55250,55250,55250,0,0,0.0,89.65,0,low,24.0,4,1,45,https://www.musinsa.com/products/4995437
2026-09-02,테이크이지,5005357,드라이독 심볼 볼캡 (레드),0.0,0,14900,14900,19500,1,-4600,-23.59,39.95,0,low,24.01,4,1,45,https://www.musinsa.com/products/5005357
2026-09-02,드로우핏 우먼,5007789,데님 투 턱 숏 팬츠 [BLUE],0.0,0,38500,38500,49500,1,-11000,-22.22,26.87,0,low,24.09,4,1,45,https://www.musinsa.com/products/5007789
2026-09-02,엑스트라오디너리,5012077,COMMON TEE NAVY,0.0,0,34650,34650,34650,0,0,0.0,89.66,0,low,24.0,4,1,45,https://www.musinsa.com/products/5012077
2026-09-02,아웃스탠딩,5014829,REVERSIBLE MESH SHORTS_NAVY/PURPLE,0.0,0,27000,27000,27000,0,0,0.0,100.0,1,high,24.08,5,2,45,https://www.musinsa.com/products/5014829
2026-09-02,제너럴아이디어,5015341,아세테이트 크루넥 슬리브리스 [SKY BLUE] / WBE2L01533,0.0,0,25520,25520,27200,1,-1680,-6.18,100.0,1,medium,24.08,5,2,45,https://www.musinsa.com/products/5015341
2026-09-02,브라운야드,5016557,"와이드 데님, 빈티지 화이트",0.0,0,198000,198000,198000,0,0,0.0,52.36,0,low,24.01,5,1,45,https://www.musinsa.com/products/5016557
2026-09-02,아캄,5017773,Dirty Washed Double Knee Cotton Pants (Beige),0.0,0,145600,145600,145600,0,0,0.0,64.65,0,low,23.99,4,1,45,https://www.musinsa.com/products/5017773
2026-09-02,후브스,5018413,와플 라운딩 포켓 반팔 티셔츠 [네이비],0.0,0,32000,32000,32000,0,0,0.0,39.96,0,low,24.01,4,1,45,https://www.musinsa.com/products/5018413
2026-09-02,쿠어,5022125,링클 컷오프 데님 쇼츠 (워시드블랙),1.29,139701,108000,108000,108000,0,0,0.0,64.65,0,low,23.99,4,1,45,https://www.musinsa.com/products/5022125
2026-09-02,스컬프터,5025453,Pumpkin Half Sweatpants Melange Gray,0.0,0,69760,69760,69760,0,0,0.0,100.0,1,high,24.08,5,2,45,https://www.musinsa.com/products/5025453
2026-09-02,넌블랭크,5028973,PAUSE BIRD HS 티셔츠_BEIGE,0.0,0,53520,53520,53520,0,0,0.0,52.36,0,low,24.01,5,1,45,https://www.musinsa.com/products/5028973
2026-09-02,웬즈데이오아시스,5030125,쿨 워셔블 카라 하프 심볼 니트_KHAKI(WC25-KN21),0.0,0,45500,45500,45500,0,0,0.0,26.88,0,low,24.09,4,1,45,https://www.musinsa.com/products/5030125
2026-09-02,엑스오엑스,5030893,베이직 쿨 라운드 크롭 반팔 니트 [BLUE],0.0,0,27500,27500,27500,0,0,0.0,64.66,0,low,23.99,4,1,45,https://www.musinsa.com/products/5030893
2026-09-02,시야쥬,5031597,SITP5202 레트로 브이넥 슬림 반팔티_Ivory,0.0,0,33300,33300,33300,0,0,0.0,39.97,0,low,24.0,4,1,45,https://www.musinsa.com/products/5031597
2026-09-02,파브레가,5034989,퍼티그 카치온 커브드 팬츠 (월넛 브라운),0.0,0,97200,97200,97200,0,0,0.0,77.16,0,low,24.0,4,1,45,https://www.musinsa.com/products/5034989
2026-09-02,커버낫,5035117,버뮤다 메쉬 쇼츠 White,0.0,0,35100,35100,35100,0,0,0.0,39.98,0,low,24.01,4,1,45,https://www.musinsa.com/products/5035117
2026-09-02,로제프란츠,5037485,Lace Ribbon T-shirt [Black],0.0,0,23520,23520,23520,0,0,0.0,77.16,0,low,24.0,4,1,45,https://www.musinsa.com/products/5037485
2026-09-02,파브레가,5037933,소나 스트라이프 하프 셔츠 (뮤트 베이지),0.77,51396,66600,66600,66600,0,0,0.0,77.17,0,low,24.0,4,1,45,https://www.musinsa.com/products/5037933
2026-09-02,인사일런스,5041261,링거 로고 티셔츠 WHITE,0.0,0,42480,42480,42480,0,0,0.0,39.98,0,low,24.0,4,1,45,https://www.musinsa.com/products/5041261
2026-09-02,드릭스,5045549,럭비 오버핏 메시 저지 하프 슬리브_네이비,0.11,3242,29670,29670,29670,0,0,0.0,100.0,1,high,24.02,10,2,45,https://www.musinsa.com/products/5045549
2026-09-02,언더오프,5045741,와이드 핀턱 더블 라인 트랙 팬츠 블랙,5.21,179442,34435,31920,34900,1,-2980,-8.54,100.0,1,medium,24.01,7,4,45,https://www.musinsa.com/products/5045741
2026-09-02,링서울,5052205,summer crease banding pants-charcoal,0.0,0,86760,86760,86760,0,0,0.0,52.38,0,low,24.01,5,1,45,https://www.musinsa.com/products/5052205
2026-09-02,필루미네이트,5059757,88 스프레이 저지 티셔츠-화이트,0.0,0,34000,34000,34000,0,0,0.0,52.39,0,low,24.01,5,1,45,https://www.musinsa.com/products/5059757
2026-09-02,론론,5063597,PETIT ROMANCE BASIC FIT T SHIRT WHITE,0.0,0,53460,53460,53460,0,0,0.0,100.0,1,high,24.09,5,2,45,https://www.musinsa.com/products/5063597
2026-09-02,르바,5063917,Pebble Grain Knit Vest - Mint Pebble,0.0,0,98100,98100,98100,0,0,0.0,77.18,0,low,24.0,4,1,45,https://www.musinsa.com/products/5063917
2026-09-02,론론,5064109,STAR BLACK MINI DENIM SKIRT MEDIUM BLUE,0.0,0,71280,71280,71280,0,0,0.0,100.0,1,high,24.09,5,2,45,https://www.musinsa.com/products/5064109
2026-09-02,후드후드,5070765,스타 아플리케 체크 반팔 셔츠 그린,0.0,0,64350,64350,64350,0,0,0.0,77.18,0,low,24.0,4,1,45,https://www.musinsa.com/products/5070765
2026-09-02,아틀리에 나인,5071341,VINTAGE TIME BOXY TEE(T-7044),0.0,0,47200,47200,47200,0,0,0.0,64.67,0,low,23.99,4,1,45,https://www.musinsa.com/products/5071341
2026-09-02,시야쥬,5076269,SIOT4107 나일론 셔츠 자켓_Off-white,0.0,0,77040,77040,77040,0,0,0.0,40.0,0,low,24.01,4,1,45,https://www.musinsa.com/products/5076269
2026-09-02,브룩스 브라더스,5077933,수피마 피케 폴로 셔츠 (다크그린) (BBNTMM4370J),0.0,0,98000,98000,98000,0,0,0.0,52.4,0,low,24.01,5,1,45,https://www.musinsa.com/products/5077933
2026-09-02,헬레네파리스,5078637,멀티 참 미니 체인 네크리스,0.0,0,29800,29800,29800,0,0,0.0,100.0,1,high,24.09,5,2,45,https://www.musinsa.com/products/5078637
2026-09-02,스컬프터,5079021,Shaggy Fringe Market Bag Raw,0.0,0,76160,76160,76160,0,0,0.0,100.0,1,high,24.08,5,2,45,https://www.musinsa.com/products/5079021
2026-09-02,시눈,5079213,Beaded Heart Brooch (Silver),0.0,0,25930,25930,25930,0,0,0.0,64.67,0,low,23.99,4,1,45,https://www.musinsa.com/products/5079213
2026-09-02,시눈,5079341,Gingham Capri Pants (Blue),0.0,0,65130,65130,72360,1,-7230,-9.99,64.67,0,low,23.99,4,1,45,https://www.musinsa.com/products/5079341
2026-09-02,시눈,5081261,Bold Stripe Half Sleeve PK Shirt (Orange),0.0,0,53070,53070,58960,1,-5890,-9.99,64.67,0,low,23.99,4,1,45,https://www.musinsa.com/products/5081261
2026-09-02,프리즘웍스,5082669,TURTLE ISLAND TEE _ RUSTY RED,0.0,0,28800,28800,28800,0,0,0.0,100.0,1,high,24.09,5,2,45,https://www.musinsa.com/products/5082669
2026-09-02,더뮤지엄비지터,5089197,9 HEART DRAWING T-SHIRTS (OFF WHITE),0.0,0,35400,35400,35400,0,0,0.0,100.0,1,high,24.09,5,2,45,https://www.musinsa.com/products/5089197
2026-09-02,더뮤지엄비지터,5089389,HEART STAR CRACK BOSTON BAG 2.0 (LEMON),0.0,0,83200,83200,83200,0,0,0.0,100.0,1,high,24.09,5,2,45,https://www.musinsa.com/products/5089389
2026-09-02,브랜디드,5089645,HARD TWIST RIBBED HENLEY NECK HALF KNIT [GRAPHITE],0.0,0,71200,71200,71200,0,0,0.0,77.19,0,low,24.0,4,1,45,https://www.musinsa.com/products/5089645
2026-09-02,썬러브투어,5090669,[STITCH] Wappen Cap Beige,0.0,0,29930,29930,29200,1,730,2.5,26.9,0,low,24.09,4,1,45,https://www.musinsa.com/products/5090669
2026-09-02,꼼파뇨,5092397,세렌플라워 반팔티 화이트,0.0,0,33800,33800,33800,0,0,0.0,89.69,0,low,24.0,4,1,45,https://www.musinsa.com/products/5092397
2026-09-02,바우로 프로덕트,5094765,텍스처드 슬리브리스 [그레이],0.0,0,26800,26800,26800,0,0,0.0,77.19,0,low,24.0,4,1,45,https://www.musinsa.com/products/5094765
2026-09-02,디앤에스알,5095277,벨티드 드레이프 슬랙스 인디고,0.0,0,99200,99200,99200,0,0,0.0,64.68,0,low,23.99,4,1,45,https://www.musinsa.com/products/5095277
2026-09-02,디앤에스알,5095341,시그니처 버뮤다 논페이드 데님 팬츠 블루,0.0,0,69600,69600,69600,0,0,0.0,64.68,0,low,23.99,4,1,45,https://www.musinsa.com/products/5095341
2026-09-02,워크온바디오프,5096045,[워셔블] 마르셀 코튼 베이직 반팔 니트 [아이보리],0.0,0,32500,32500,32500,0,0,0.0,40.0,0,low,24.01,4,1,45,https://www.musinsa.com/products/5096045
2026-09-02,어널러코드,5100397,스트라이프 컷오프 데님팬츠 (블랙),0.0,0,24500,24500,24500,0,0,0.0,100.0,1,high,24.09,5,2,45,https://www.musinsa.com/products/5100397
2026-09-02,꼼파뇨,5104941,[CPGN X 카카오프렌즈] 스위트 춘식 자수 반팔티 블루그레이,0.0,0,33800,33800,33800,0,0,0.0,89.69,0,low,24.0,4,1,45,https://www.musinsa.com/products/5104941
2026-09-02,넌블랭크,5107693,플리츠 팬츠_DARK GREY,0.0,0,95920,95920,95920,0,0,0.0,52.42,0,low,24.01,5,1,45,https://www.musinsa.com/products/5107693
2026-09-02,론론,5109869,R LOGO SWEAT SHORT PANTS BLACK,0.0,0,44550,44550,44550,0,0,0.0,100.0,1,high,24.09,5,2,45,https://www.musinsa.com/products/5109869
2026-09-02,유니온블루,5110125,[UNIONBLUE X ENTRANCE] DIFFUSER AMBIENCE 150ml [HINOKI],0.0,0,36290,36290,36290,0,0,0.0,100.0,1,high,24.08,5,2,45,https://www.musinsa.com/products/5110125
2026-09-02,스컬프터,5111085,Shirring Tennis Dress Washed Black,0.0,0,54400,54400,54400,0,0,0.0,100.0,1,high,24.08,5,2,45,https://www.musinsa.com/products/5111085
2026-09-02,썸웨어버터,5114989,Handmade Mesh Knit Bikini - Olive,0.0,0,149000,149000,149000,0,0,0.0,52.43,0,low,24.01,5,1,45,https://www.musinsa.com/products/5114989
2026-09-02,아캄,5118189,Eyelet Contrast Camo Sleeveless (Black),0.0,0,42700,42700,42700,0,0,0.0,64.69,0,low,23.99,4,1,45,https://www.musinsa.com/products/5118189
2026-09-02,1993스튜디오,5119021,[CHODAN] 빈티지 워싱 그래픽 티셔츠_더스티핑크,0.0,0,49900,49900,49900,0,0,0.0,40.01,0,low,24.0,4,1,45,https://www.musinsa.com/products/5119021
2026-09-02,솔트앤초콜릿,5129581,멜로우 스트랩 샌들 412524005 (5cm),0.0,0,52320,52320,52320,0,0,0.0,100.0,1,high,24.09,5,2,45,https://www.musinsa.com/products/5129581
2026-09-02,솔트앤초콜릿,5131053,코튼 와이드 팬츠 아이보리 4W251W002,0.0,0,55130,55130,58800,1,-3670,-6.24,100.0,1,medium,24.09,5,2,45,https://www.musinsa.com/products/5131053
2026-09-02,미나브,5135789,코튼 리브드 헨리넥 티셔츠 [차콜],0.0,0,35500,35500,35500,0,0,0.0,26.91,0,low,24.09,4,1,45,https://www.musinsa.com/products/5135789
2026-09-02,유니온블루,5137261,CRAFT HENLEY T-SHIRT [MELANGE GRAY],0.14,5763,39780,39780,39780,0,0,0.0,100.0,1,high,24.08,5,2,45,https://www.musinsa.com/products/5137261
2026-09-02,론론,5139757,3 STAR PATCH BACKPACK BLACK,0.0,0,89100,89100,89100,0,0,0.0,100.0,1,low,24.09,5,2,45,https://www.musinsa.com/products/5139757
2026-09-02,론론,5139885,HOODED HALF SLEEVE WINDBREAKER BLACK WHITE DOT,0.0,0,80190,80190,80190,0,0,0.0,100.0,1,high,24.09,5,2,45,https://www.musinsa.com/products/5139885
2026-09-02,론론,5139949,DOT STRIPE MIX HALF KNIT CHARCOAL PINK,0.0,0,62370,62370,62370,0,0,0.0,100.0,1,high,24.09,5,2,45,https://www.musinsa.com/products/5139949
2026-09-02,트립르센스,5140013,SS 에어 플로우 사이드 투턱 팬츠_차콜,0.0,0,68800,68800,68800,0,0,0.0,52.44,0,low,24.01,5,1,45,https://www.musinsa.com/products/5140013
2026-09-02,마인드브릿지,5141485,[수피마]넥 변형 티셔츠 - 3color,0.0,0,24900,24900,24900,0,0,0.0,89.7,0,low,24.0,4,1,45,https://www.musinsa.com/products/5141485
2026-09-02,슬로우애시드,5143021,깅엄 체크 반팔 셔츠 [카키],0.0,0,28000,28000,28000,0,0,0.0,77.2,0,low,24.0,4,1,45,https://www.musinsa.com/products/5143021
2026-09-02,토피,5146029,워시드 버뮤다 데님 팬츠 (LIGHT BLUE),0.0,0,31900,31900,31900,0,0,0.0,100.0,1,high,24.09,5,2,45,https://www.musinsa.com/products/5146029
2026-09-02,무센트,5153709,로나르 백 버튼 레더 포인트 버뮤다 데님 팬츠 남녀공용 (2컬러),0.0,0,50310,50310,39130,1,11180,28.57,40.02,0,low,24.0,4,1,45,https://www.musinsa.com/products/5153709
2026-09-02,꼼파뇨,5153773,시르니타 반팔티 스타화이트,0.0,0,33800,33800,33800,0,0,0.0,89.7,0,low,24.0,4,1,45,https://www.musinsa.com/products/5153773
2026-09-02,론론,5155117,HEART POINT BERMUDA TRAINING HALF PANTS BLACK,0.0,0,71280,71280,71280,0,0,0.0,100.0,1,high,24.09,5,2,45,https://www.musinsa.com/products/5155117
2026-09-02,론론,5155181,MINI DOT RIBBON COTTON CARDIGAN WHITE,0.0,0,53460,53460,53460,0,0,0.0,100.0,1,high,24.09,5,2,45,https://www.musinsa.com/products/5155181
2026-09-02,와이케이,5156205,빈티지 달마시안_아카이브 반팔티셔츠 화이트,0.0,0,15600,15600,15600,0,0,0.0,52.44,0,low,24.01,4,1,45,https://www.musinsa.com/products/5156205
2026-09-02,탄산마그네슘,5158317,혼 아플리케 티셔츠 (라이트 핑크),1.29,65927,50920,50920,50920,0,0,0.0,64.71,0,low,23.99,7,1,45,https://www.musinsa.com/products/5158317
2026-09-02,칙스,5158829,언발스텔라 슬림핏 반팔 티셔츠 블랙,0.0,0,21510,21510,23900,1,-2390,-10.0,100.0,1,medium,24.09,5,2,45,https://www.musinsa.com/products/5158829
2026-09-02,브라운브레스,5166445,BXP BETTER THINKS TEE - GREEN,0.27,10512,39200,39200,39200,0,0,0.0,26.92,0,low,24.09,4,1,45,https://www.musinsa.com/products/5166445
2026-09-02,노이어,5167533,플루이드 하프 집업 폴로 셔츠 (페일그린),0.0,0,68600,68600,68600,0,0,0.0,100.0,1,high,24.09,5,2,45,https://www.musinsa.com/products/5167533
2026-09-02,토피,5168877,워시드 크롭 티 (CHARCOAL),0.0,0,18900,18900,18900,0,0,0.0,100.0,1,high,24.09,5,2,45,https://www.musinsa.com/products/5168877
2026-09-02,2000아카이브스,5168941,VALE LAYERED TANK (BLACK),0.0,0,57030,57030,49900,1,7130,14.29,100.0,1,medium,24.08,5,2,45,https://www.musinsa.com/products/5168941
2026-09-02,2000아카이브스,5169645,EMBOSSED DENIM SKIRT (ICE BLUE),0.0,0,149690,149690,130980,1,18710,14.28,100.0,1,medium,24.08,5,2,45,https://www.musinsa.com/products/5169645
2026-09-02,본투윈,5169709,SILVER B MODAL CROP T-SHIRTS [4COL],4.49,148585,33100,33100,33100,0,0,0.0,100.0,1,high,10.13,16,8,45,https://www.musinsa.com/products/5169709
2026-09-02,탄산마그네슘,5170733,니 포켓 버뮤다 팬츠 (블루),0.0,0,112480,112480,112480,0,0,0.0,64.72,0,low,23.99,4,1,45,https://www.musinsa.com/products/5170733
2026-09-02,배드블러드,5176877,다크 클래식 숏슬리브 셔츠 - 블랙/스트라이프,0.0,0,76800,76800,76800,0,0,0.0,100.0,1,high,24.09,5,2,45,https://www.musinsa.com/products/5176877
2026-09-02,무센트,5189741,[여름용] 쿨니 시스루 스트라이프 레이스 비니 남녀공용,0.0,0,26910,26910,20930,1,5980,28.57,40.02,0,low,24.01,4,1,45,https://www.musinsa.com/products/5189741
2026-09-02,론론,5205933,RIBBON LACE LAYERED LONG SLEEVE IVORY,0.0,0,44550,44550,44550,0,0,0.0,100.0,1,high,24.09,5,2,45,https://www.musinsa.com/products/5205933
2026-09-02,스컬프터,5207533,[Sculptor X Fantasia] Western Shorts Charcoal,0.0,0,60160,60160,60160,0,0,0.0,100.0,1,high,24.09,5,2,45,https://www.musinsa.com/products/5207533
2026-09-02,러프사이드,5209261,Mock Turtleneck Knit Maple,0.0,0,188000,188000,188000,0,0,0.0,64.72,0,low,23.99,4,1,45,https://www.musinsa.com/products/5209261
2026-09-02,러프사이드,5211757,Rover Coat Ash Black,0.0,0,498000,498000,498000,0,0,0.0,64.73,0,low,23.99,4,1,45,https://www.musinsa.com/products/5211757
2026-09-02,파르티멘토 우먼,5213613,타이업 후디 숏슬리브 티_민트,0.0,0,35640,35640,35640,0,0,0.0,89.72,0,low,24.0,4,1,45,https://www.musinsa.com/products/5213613
2026-09-02,배드블러드,5216429,[AQUA] 빈티지 클럽 보이 숏츠 - 체크레드,0.0,0,52000,52000,52000,0,0,0.0,100.0,1,high,24.09,5,2,45,https://www.musinsa.com/products/5216429
2026-09-02,해칭룸,5219181,Shirket Over Dyed Check Charcoal,0.0,0,208000,208000,208000,0,0,0.0,89.72,0,low,24.0,4,1,45,https://www.musinsa.com/products/5219181
2026-09-02,노매뉴얼,5242477,STEM CORDUROY BALL CAP - IVORY,0.0,0,29400,29400,29400,0,0,0.0,89.73,0,low,24.0,4,1,45,https://www.musinsa.com/products/5242477
2026-09-02,노매뉴얼,5242605,DOUBLE LAYERED CARGO PANTS - WASHED BEIGE,0.0,0,131400,131400,131400,0,0,0.0,89.73,0,low,24.0,4,1,45,https://www.musinsa.com/products/5242605
2026-09-02,노매뉴얼,5242669,SLASH CARGO PANTS - CHARCOAL,0.0,0,103350,103350,103350,0,0,0.0,89.73,0,low,24.0,4,1,45,https://www.musinsa.com/products/5242669
2026-09-02,무센트,5245357,다리아 스트라이프 카라 반팔 티,0.0,0,44910,44910,34930,1,9980,28.57,40.03,0,low,24.0,4,1,45,https://www.musinsa.com/products/5245357
2026-09-02,바이젝,5246701,베이직 특양면 쇼츠_5Color,0.0,0,45000,45000,45000,0,0,0.0,40.03,0,low,24.0,4,1,45,https://www.musinsa.com/products/5246701
2026-09-02,굿라이프웍스,5250157,옥스포드 투 포켓 셔츠 민트,0.0,0,19600,19600,19600,0,0,0.0,64.74,0,low,23.99,4,1,45,https://www.musinsa.com/products/5250157
2026-09-02,코드그라피,5254189,코튼 트윌 카고 쇼츠_블랙,0.0,0,44800,44800,44800,0,0,0.0,77.23,0,low,24.0,4,1,45,https://www.musinsa.com/products/5254189
2026-09-02,탄산마그네슘,5254957,코튼 와이드 팬츠 (스트라이프),0.0,0,142120,142120,142120,0,0,0.0,64.75,0,low,23.99,4,1,45,https://www.musinsa.com/products/5254957
2026-09-02,언타이틀 서울,5264749,언타이틀 노 아이디어 피그먼트 워시 반팔 워시드 블랙,0.0,0,18800,18800,18800,0,0,0.0,64.75,0,low,23.99,4,1,45,https://www.musinsa.com/products/5264749
2026-09-02,레더리,5267821,스웨이드 쇼퍼 드롭 숄더백 [BLACK],0.0,0,52030,52030,52030,0,0,0.0,89.77,0,low,24.0,4,1,45,https://www.musinsa.com/products/5267821
2026-09-02,낫포너드,5272301,Stud Incision Curved Denim Pants - Deep Blue,0.0,0,57800,57800,57800,0,0,0.0,77.23,0,low,24.0,4,1,45,https://www.musinsa.com/products/5272301
2026-09-02,기철,5272557,Noster work jacket (Charcoal),0.0,0,108000,108000,108000,0,0,0.0,64.75,0,low,23.99,4,1,45,https://www.musinsa.com/products/5272557
2026-09-02,트릴리온,5275885,링클 시어 오버핏 롤 업 긴팔 셔츠_카키,0.0,0,35900,35900,35900,0,0,0.0,89.77,0,low,24.0,4,1,45,https://www.musinsa.com/products/5275885
2026-09-02,트릴리온,5276013,레더 패치 데님 카라 럭비 맨투맨_네이비,10.51,344832,32800,32800,32800,0,0,0.0,100.0,1,high,8.99,20,7,45,https://www.musinsa.com/products/5276013
2026-09-02,미세키서울,5277997,belted folding wide pants BLACK,0.0,0,143820,143820,143820,0,0,0.0,89.78,0,low,24.0,4,1,45,https://www.musinsa.com/products/5277997
2026-09-02,테이크이지,5279853,울 블렌드 페어아일 스웨터 (크림),0.0,0,34900,34900,34500,1,400,1.16,40.04,0,low,24.01,4,1,45,https://www.musinsa.com/products/5279853
2026-09-02,에스피오나지,5281069,Multi Plaid 2Pocket Shirt Navy,1.95,103434,53000,53000,53000,0,0,0.0,100.0,1,high,24.09,5,2,45,https://www.musinsa.com/products/5281069
2026-09-02,러브이즈트루,5282093,GT 007 HOODED T-SHIRT(BLACK),0.0,0,44850,44850,44850,0,0,0.0,52.47,0,low,24.01,5,1,45,https://www.musinsa.com/products/5282093
2026-09-02,아웃스탠딩,5283245,SELVEDGE DENIM 1ST JACKET_L.BLUE,0.15,23398,161100,161100,161100,0,0,0.0,100.0,1,high,24.08,5,2,45,https://www.musinsa.com/products/5283245
2026-09-02,파브레가,5287405,스티치 스웨트 롱 슬리브 (화이트 메란지),0.0,0,59400,59400,59400,0,0,0.0,77.23,0,low,24.0,4,1,45,https://www.musinsa.com/products/5287405
2026-09-02,코드그라피,5289709,스트라이프 럭비 맨투맨_차콜,0.0,0,62300,62300,62300,0,0,0.0,77.24,0,low,24.0,4,1,45,https://www.musinsa.com/products/5289709
2026-09-02,디미트리블랙,5294637,ASI 링클 체크 웨스턴 셔츠_그린,0.4,13975,34900,34900,34900,0,0,0.0,40.05,0,low,24.0,4,1,45,https://www.musinsa.com/products/5294637
2026-09-02,굿라이프웍스,5295405,와이드 투턱 스웨트 팬츠 그레이,0.0,0,34300,34300,34300,0,0,0.0,64.76,0,low,23.99,4,1,45,https://www.musinsa.com/products/5295405
2026-09-02,제너럴아이디어,5295661,레이스 트리밍 스웨트 팬츠 [OATMEAL] / WBE2L11505,0.0,0,55200,55200,55200,0,0,0.0,100.0,1,high,24.08,5,2,45,https://www.musinsa.com/products/5295661
2026-09-02,리메인세컨드,5296173,프리미엄 오버핏 플란넬 포켓 체크 셔츠_3COLOR,3.16,81826,25900,25900,25900,0,0,0.0,100.0,1,high,9.75,13,8,45,https://www.musinsa.com/products/5296173
2026-09-02,로제프란츠,5298605,Eyelet Strap Open Sweatshirt [Ivory],0.0,0,54880,54880,54880,0,0,0.0,77.25,0,low,24.0,4,1,45,https://www.musinsa.com/products/5298605
2026-09-02,디앤에스알,5300013,리브드 헨리넥 롱슬리브 화이트,0.0,0,37000,37000,37000,0,0,0.0,64.77,0,low,23.99,4,1,45,https://www.musinsa.com/products/5300013
2026-09-02,몽돌,5303405,스카프 타이 블라우스 도트페일핑크 MDBL004DOTPALEPINK,0.0,0,38000,38000,38000,0,0,0.0,100.0,1,high,24.08,5,2,45,https://www.musinsa.com/products/5303405
2026-09-02,도프제이슨,5304045,카우하이드 레더 키링 벨트 BLACK,0.0,0,37050,37050,37050,0,0,0.0,52.47,0,low,24.01,5,1,45,https://www.musinsa.com/products/5304045
2026-09-02,1993스튜디오,5304109,93 와이드 벌룬 후드_그레이,0.0,0,59500,59500,59500,0,0,0.0,40.06,0,low,24.01,4,1,45,https://www.musinsa.com/products/5304109
2026-09-02,1993스튜디오,5304173,빈티지 래글런 배색 후드_크림,0.0,0,89000,89000,89000,0,0,0.0,40.06,0,low,24.01,4,1,45,https://www.musinsa.com/products/5304173
2026-09-02,디스이즈네버댓,5304301,Relaxed Jeans One Wash,0.0,0,111200,111200,111200,0,0,0.0,40.06,0,low,24.0,4,1,45,https://www.musinsa.com/products/5304301
2026-09-02,디스이즈네버댓,5304365,Washed Denim Shirt Navy,0.0,0,103200,103200,103200,0,0,0.0,40.06,0,low,24.0,4,1,45,https://www.musinsa.com/products/5304365
2026-09-02,썬러브투어,5305261,Capital Brushed Zip Up Hoodie Heather Grey,0.0,0,149000,149000,149000,0,0,0.0,26.93,0,low,24.09,4,1,45,https://www.musinsa.com/products/5305261
2026-09-02,트리밍버드,5306861,Layered Wrap Sweat Pants [ Charcoal ],0.0,0,178200,178200,178200,0,0,0.0,100.0,1,high,24.09,5,2,45,https://www.musinsa.com/products/5306861
2026-09-02,9999아카이브,5309101,Grunge Bone Logo Hoodie,0.0,0,65400,65400,65400,0,0,0.0,52.47,0,low,24.01,5,1,45,https://www.musinsa.com/products/5309101
2026-09-02,썸웨어버터,5310829,V-Neck Ribbon Top - Grey,0.0,0,40280,40280,40280,0,0,0.0,52.48,0,low,24.01,5,1,45,https://www.musinsa.com/products/5310829
2026-09-02,썸웨어버터,5310893,Soy Shirring Mini Skirt - Ivory,0.0,0,103200,103200,103200,0,0,0.0,52.48,0,low,24.01,5,1,45,https://www.musinsa.com/products/5310893
2026-09-02,꼼파뇨,5311149,벨벳 레이스 스웨트셔츠 버건디,0.0,0,41250,41250,41250,0,0,0.0,89.8,0,low,24.0,4,1,45,https://www.musinsa.com/products/5311149
2026-09-02,꼼파뇨,5311213,버니플라워 자수 후드티 멜란지화이트,0.0,0,44000,44000,44000,0,0,0.0,89.81,0,low,24.0,4,1,45,https://www.musinsa.com/products/5311213
2026-09-02,언탭트 스튜디오,5311341,[2PACK]오버핏 2WAY 아란 케이블 니트 후드집업 5Color,0.0,0,79800,79800,79800,0,0,0.0,52.48,0,low,24.01,5,1,45,https://www.musinsa.com/products/5311341
2026-09-02,웬즈데이오아시스,5311981,뉴트로 라인 트랙 팬츠_BLACK(W25-PT25),0.0,0,62300,62300,62300,0,0,0.0,26.94,0,low,24.09,4,1,45,https://www.musinsa.com/products/5311981
2026-09-02,아웃스탠딩,5312365,BACK SATIN FATIGUE PANTS (STRAIGHT FIT)_OLIVE GREEN,1.29,125507,97200,97200,97200,0,0,0.0,62.75,0,low,48.09,9,5,45,https://www.musinsa.com/products/5312365
2026-09-02,브라운브레스,5312749,ROAD TAG HOODIE - BLUE,0.0,0,89100,89100,89100,0,0,0.0,26.94,0,low,24.09,4,1,45,https://www.musinsa.com/products/5312749
2026-09-02,헬레네파리스,5313005,로고 니들 파라슈트 팬츠 [블랙],0.07,4037,57850,60560,57850,1,2710,4.68,100.0,1,medium,24.09,9,6,45,https://www.musinsa.com/products/5313005
2026-09-02,미세키서울,5313581,Pleats wrap mini skirt BLACK,0.0,0,109440,109440,121600,1,-12160,-10.0,89.81,0,low,24.0,4,1,45,https://www.musinsa.com/products/5313581
2026-09-02,일꼬르소,5313901,릿지 스트라이프 셔츠 그레이시 블루 IESH5F001B5,0.0,0,62300,62300,62300,0,0,0.0,40.08,0,low,24.01,4,1,45,https://www.musinsa.com/products/5313901
2026-09-02,나이스고스트클럽,5314669,DARK ANGELS HOODIE_NAVY(NG2FFUM406A),0.0,0,53400,53400,53400,0,0,0.0,52.48,0,low,24.01,5,1,45,https://www.musinsa.com/products/5314669
2026-09-02,아캄,5315757,Side Rhinestone Denim Pants (Black),0.0,0,114100,114100,114100,0,0,0.0,64.77,0,low,23.99,4,1,45,https://www.musinsa.com/products/5315757
2026-09-02,아캄,5316205,Waffle Henry Neck Long Sleeve (Ivory),0.65,57739,89100,89100,89100,0,0,0.0,64.77,0,low,23.99,4,1,45,https://www.musinsa.com/products/5316205
2026-09-02,수아레,5316397,데일리 페이퍼 코튼 셔츠 - 8 COLOR,0.9,35835,39900,39900,39900,0,0,0.0,89.81,0,low,24.0,4,1,45,https://www.musinsa.com/products/5316397
2026-09-02,오헤시오,5316909,"LAYERED SLIT LONG SKIRT, NAVY",0.0,0,169100,169100,169100,0,0,0.0,26.95,0,low,24.09,4,1,45,https://www.musinsa.com/products/5316909
2026-09-02,제너럴아이디어,5318189,맥시 플리츠 스커트 [BROWN] / WBE3L13502,0.0,0,110000,110000,110000,0,0,0.0,100.0,1,high,24.09,5,2,45,https://www.musinsa.com/products/5318189
2026-09-02,프리즘웍스,5321837,FIRE DEPT L/S TEE _ BURGUNDY,1.0,40462,40505,40600,36540,1,4060,11.11,100.0,1,medium,24.09,5,2,45,https://www.musinsa.com/products/5321837
2026-09-02,프리즘웍스,5321901,BLEACH DENIM UTILITY SHIRT _ WASHED INDIGO,0.0,0,95200,95200,85680,1,9520,11.11,100.0,1,medium,24.09,5,2,45,https://www.musinsa.com/products/5321901
2026-09-02,커버낫,5321965,아치로고 피그먼트 그래픽 후디 Dark Gray,0.0,0,53100,53100,53100,0,0,0.0,40.11,0,low,24.01,4,1,45,https://www.musinsa.com/products/5321965
2026-09-02,커버낫,5322029,[추영우 착용] [코지 핏] C로고 아플리케 코듀로이 볼캡 Navy,0.0,0,36450,36450,36450,0,0,0.0,40.11,0,low,24.01,4,1,45,https://www.musinsa.com/products/5322029
2026-09-02,스컬프터,5322669,Button Back Leg Warmers Black,0.0,0,24320,24320,24320,0,0,0.0,100.0,1,high,24.09,5,2,45,https://www.musinsa.com/products/5322669
2026-09-02,키르시,5325357,키르시 멜로우 미니 에코백 [화이트],0.0,0,27300,27300,27300,0,0,0.0,40.12,0,low,24.01,4,1,45,https://www.musinsa.com/products/5325357
2026-09-02,세터,5327149,(W) 모헤어 크롭 니트 베스트 블랙,0.0,0,99000,99000,99000,0,0,0.0,64.78,0,low,23.99,4,1,45,https://www.musinsa.com/products/5327149
2026-09-02,가까이 유니언즈,5327917,코튼 벌룬 치노 팬츠 베이지,0.0,0,48900,48900,48900,0,0,0.0,64.79,0,low,23.99,4,1,45,https://www.musinsa.com/products/5327917
2026-09-02,엑스컨테이너,5329645,헨리넥 와플 롱 슬리브 (GREY),22.81,565236,24780,24780,24780,0,0,0.0,100.0,1,high,3.66,43,16,45,https://www.musinsa.com/products/5329645
2026-09-02,아이돈워너셀,5333997,Bolly Roll Up Raw Denim Pants Black,0.0,0,89250,89250,89250,0,0,0.0,40.12,0,low,24.01,4,1,45,https://www.musinsa.com/products/5333997
2026-09-02,토피,5335917,빈티지 워싱 와이드 데님 팬츠 (GREY),0.85,34604,40500,40500,40500,0,0,0.0,100.0,1,high,24.08,5,2,45,https://www.musinsa.com/products/5335917
2026-09-02,룩캐스트,5336941,베일리 울 타이 레이어드 니트_블랙 / BAILEY WOOL TIE LAYERED KNIT_BLACK,0.0,0,84680,84680,84680,0,0,0.0,89.83,0,low,24.0,4,1,45,https://www.musinsa.com/products/5336941
2026-09-02,와이케이,5337709,말티즈 아카이브 라인 그래픽 투톤 후드티셔츠 아이보리,0.0,0,54000,54000,54000,0,0,0.0,52.5,0,low,24.01,5,1,45,https://www.musinsa.com/products/5337709
2026-09-02,디미트리블랙,5341421,VLAD 헤리티지 리버스위브 맨투맨 티셔츠_블랙,0.0,0,39900,39900,39900,0,0,0.0,40.13,0,low,24.01,4,1,45,https://www.musinsa.com/products/5341421
2026-09-02,밀로 아카이브,5341485,데나이티 워시드 미들 자켓 [빈티지 네이비],0.0,0,100800,100800,95760,1,5040,5.26,52.5,0,low,24.01,5,1,45,https://www.musinsa.com/products/5341485
2026-09-02,시야쥬,5341741,SIAC3092 솔리드 숄 니트 스카프_Charcoal,0.0,0,44100,44100,44100,0,0,0.0,40.13,0,low,24.01,4,1,45,https://www.musinsa.com/products/5341741
2026-09-02,몽돌,5344493,[벨트 SET] 스트라이프 원 턱 와이드 슬랙스 차콜 MDPT025STCHARCOAL,0.0,0,84100,84100,84100,0,0,0.0,100.0,1,high,24.09,5,2,45,https://www.musinsa.com/products/5344493
2026-09-02,필루미네이트,5345837,스플릿 스탠넥 윈드브레이커-브라운,0.0,0,55900,55900,55900,0,0,0.0,52.5,0,low,24.01,5,1,45,https://www.musinsa.com/products/5345837
2026-09-02,나이스고스트클럽,5346413,HEART UNICON  PILLOW KEY CHAIN_MIX(NG2FFUAB65A),0.0,0,10260,10260,10260,0,0,0.0,52.51,0,low,24.01,5,1,45,https://www.musinsa.com/products/5346413
2026-09-02,모즈모즈,5348077,고스트 클라우드 그래픽 오버핏 맨투맨 블랙,0.0,0,25000,25000,25000,0,0,0.0,64.8,0,low,23.99,4,1,45,https://www.musinsa.com/products/5348077
2026-09-02,디스이즈네버댓,5349613,Small RS-Logo Cap Burgundy/Beige,0.0,0,31500,31500,31500,0,0,0.0,40.14,0,low,24.01,4,1,45,https://www.musinsa.com/products/5349613
2026-09-02,디스이즈네버댓,5349997,Key Bundle Tee White,0.0,0,41300,41300,41300,0,0,0.0,40.14,0,low,24.01,4,1,45,https://www.musinsa.com/products/5349997
2026-09-02,수아레,5350573,(리뉴얼) 크롭 샌느 자켓 프렌치 차콜,0.0,0,89900,89900,89900,0,0,0.0,89.83,0,low,24.0,4,1,45,https://www.musinsa.com/products/5350573
2026-09-02,유라고,5351341,Knit bermuda pants,0.0,0,65360,65360,65360,0,0,0.0,64.81,0,low,23.99,4,1,45,https://www.musinsa.com/products/5351341
2026-09-02,후러브스아트,5354477,커브드 와이드 코튼 데님 팬츠 차콜그레이,1.05,31173,29700,29700,29700,0,0,0.0,52.51,0,low,24.01,5,1,45,https://www.musinsa.com/products/5354477
2026-09-02,에이이에이이,5355309,DOT SMALL LETTER L/S [DARK BROWN],0.0,0,56050,56050,56050,0,0,0.0,89.84,0,low,24.0,4,1,45,https://www.musinsa.com/products/5355309
2026-09-02,썬러브투어,5358253,Embro Capital Cap Purple,0.0,0,69000,69000,69000,0,0,0.0,26.96,0,low,24.09,4,1,45,https://www.musinsa.com/products/5358253
2026-09-02,키르시,5360493,피그먼트 다잉 아치 체리 롱 슬리브 탑 [차콜],0.0,0,37900,37900,37900,0,0,0.0,40.15,0,low,24.01,4,1,45,https://www.musinsa.com/products/5360493
2026-09-02,키르시,5360621,러플 랩 니트 스커트 [아이보리],0.0,0,47400,47400,47400,0,0,0.0,40.16,0,low,24.01,4,1,45,https://www.musinsa.com/products/5360621
2026-09-02,브룩스 브라더스,5363693,BIRD 아트웍 스웨트 셔츠 (네이비) (BBNPMBF302),0.0,0,125370,125370,111440,1,13930,12.5,52.52,0,low,24.01,5,1,45,https://www.musinsa.com/products/5363693
2026-09-02,낫포너드,5365677,Damage Washed Patch Pullover Hood - Grey,0.0,0,74700,74700,74700,0,0,0.0,77.3,0,low,24.0,4,1,45,https://www.musinsa.com/products/5365677
2026-09-02,디미트리블랙,5367981,2WAY FAUX 스웨이드 후드 집업_브라운,0.0,0,53900,53900,53900,0,0,0.0,40.17,0,low,24.01,4,1,45,https://www.musinsa.com/products/5367981
2026-09-02,마인드브릿지,5369005,체크 오버핏 다크 그레이 셔츠,2.35,70246,29900,29900,29900,0,0,0.0,100.0,1,low,8.99,9,7,45,https://www.musinsa.com/products/5369005
2026-09-02,제이엘브,5369261,우먼스 아웃리치 캣 크롭 스웨트셔츠,0.0,0,48600,48600,48600,0,0,0.0,52.53,0,low,24.02,5,1,45,https://www.musinsa.com/products/5369261
2026-09-02,나이스고스트클럽,5369453,SHERPA BIG POCKET JEANS_BLACK(NG2FFUD111A),0.0,0,83400,83400,83400,0,0,0.0,52.53,0,low,24.01,5,1,45,https://www.musinsa.com/products/5369453
2026-09-02,아웃스탠딩,5370413,THERMAL LONG SLEEVE TEE_OFF WHITE,1.71,113771,66600,66600,66600,0,0,0.0,100.0,1,high,24.08,5,2,45,https://www.musinsa.com/products/5370413
2026-09-02,필루미네이트,5374701,워시드 하찌 라운드 니트-베이지,0.0,0,49000,49000,49000,0,0,0.0,52.54,0,low,24.01,5,1,45,https://www.musinsa.com/products/5374701
2026-09-02,드로우핏 우먼,5382381,울 코튼 더블 웰트 싱글 블레이저 [BLACK],0.0,0,168300,168300,168300,0,0,0.0,26.96,0,low,24.09,4,1,45,https://www.musinsa.com/products/5382381
2026-09-02,제로,5384685,크롭 링거 스웨트 셔츠 [멜란지 오트밀],0.0,0,39000,39000,39000,0,0,0.0,64.83,0,low,23.99,4,1,45,https://www.musinsa.com/products/5384685
2026-09-02,비터셀즈,5384749,컬리 카라 퍼 자켓-차콜,0.0,0,141460,141460,141460,0,0,0.0,89.85,0,low,24.0,4,1,45,https://www.musinsa.com/products/5384749
2026-09-02,드로우핏,5384941,스트라이프 헤어리 크롭 라운드 가디건 [IVORY],0.0,0,66600,66600,66600,0,0,0.0,77.32,0,low,24.0,4,1,45,https://www.musinsa.com/products/5384941
2026-09-02,플랙,5386157,ESSENTIAL M55 STRAIGHT BLACK ONE WASHED,1.61,99787,62100,62100,62100,0,0,0.0,100.0,1,high,24.01,7,4,45,https://www.musinsa.com/products/5386157
2026-09-02,에스피오나지,5387181,[JPN Fabric] Kaihara Denim Ray Parka Mid Indigo,0.0,0,99000,99000,99000,0,0,0.0,100.0,1,high,24.09,5,2,45,https://www.musinsa.com/products/5387181
2026-09-02,슬로우애시드,5389229,커브드 와플 헨리넥 [차콜],1.55,81498,52700,52700,52700,0,0,0.0,77.32,0,low,24.0,4,1,45,https://www.musinsa.com/products/5389229
2026-09-02,브라운브레스,5390701,LINE DOWN HOODIE PUFFER - BLACK,0.0,0,319000,319000,319000,0,0,0.0,26.97,0,low,24.09,4,1,45,https://www.musinsa.com/products/5390701
2026-09-02,아틀리에 나인,5391917,NOVA SEMI CROP SUEDE SHIRT(BL-4351),0.0,0,95060,95060,76050,1,19010,25.0,64.84,0,low,23.99,4,1,45,https://www.musinsa.com/products/5391917
2026-09-02,일꼬르소,5393261,워시드 폴로 셔츠 다크 그레이 IETS5F002CG,0.0,0,45000,45000,45000,0,0,0.0,40.19,0,low,24.01,4,1,45,https://www.musinsa.com/products/5393261
2026-09-02,일꼬르소,5393325,워시드 엘런 데님 트러커 자켓 블루 IEJU5F211B2,0.0,0,104300,104300,104300,0,0,0.0,40.19,0,low,24.01,4,1,45,https://www.musinsa.com/products/5393325
2026-09-02,유니폼브릿지,5393517,denim pants regular fit 13oz(womens) indigo one washed,0.0,0,69500,69500,69500,0,0,0.0,100.0,1,high,24.09,5,2,45,https://www.musinsa.com/products/5393517
2026-09-02,트리밍버드,5393645,Belted Tailored Set-up Jacket [ Black ],0.0,0,289000,289000,289000,0,0,0.0,100.0,1,high,24.09,5,2,45,https://www.musinsa.com/products/5393645
2026-09-02,틸아이다이,5395949,Collar point logo MTM TIFA03LT01_Oatmeal,0.0,0,99750,99750,99750,0,0,0.0,100.0,1,high,24.09,5,2,45,https://www.musinsa.com/products/5395949
2026-09-02,낫포너드,5396333,Relaxed Stripe Open Collar Shirt - Blue,0.0,0,51500,51500,51500,0,0,0.0,77.33,0,low,24.0,4,1,45,https://www.musinsa.com/products/5396333
2026-09-02,파르티멘토,5396973,11 후디 에크루,0.0,0,56800,56800,56800,0,0,0.0,40.19,0,low,24.01,4,1,45,https://www.musinsa.com/products/5396973
2026-09-02,로템버,5397421,[데릭 X 로템버] 벨티드 투 턱 와이드 치노 팬츠 [ 4 COLOR ],0.27,16750,62320,62320,62320,0,0,0.0,26.98,0,low,24.09,4,1,45,https://www.musinsa.com/products/5397421
2026-09-02,락케이크,5397933,Heritage Stripe Polo Top - Black,0.0,0,71200,71200,71200,0,0,0.0,26.98,0,low,24.09,4,1,45,https://www.musinsa.com/products/5397933
2026-09-02,코드그라피,5398829,스퀘어 로고 웜 토트백_다크그레이,0.0,0,34300,34300,34300,0,0,0.0,77.33,0,low,24.0,4,1,45,https://www.musinsa.com/products/5398829
2026-09-02,제멋,5404077,데이컷 크롭 오버핏 후드 크림 KJHD2649,0.0,0,36900,36900,36900,0,0,0.0,100.0,1,high,24.09,5,2,45,https://www.musinsa.com/products/5404077
2026-09-02,로제프란츠,5405293,Rebel Layer Frill Mini Skirt [Beige],0.0,0,65120,65120,65120,0,0,0.0,77.33,0,low,24.0,4,1,45,https://www.musinsa.com/products/5405293
2026-09-02,탄산마그네슘,5413165,나일론 와이드 스터드 카고 팬츠 (카모카키),0.0,0,166440,166440,166440,0,0,0.0,64.85,0,low,23.99,4,1,45,https://www.musinsa.com/products/5413165
2026-09-02,밀로 아카이브,5425197,데님 로우 셔링백 [페이드 브라운],1.05,107575,102400,87310,102400,1,-15090,-14.74,52.56,0,low,24.01,5,1,45,https://www.musinsa.com/products/5425197
2026-09-02,니티드,5429165,(W) 베이직 에센셜 워셔블 라운드 니트 GREY,0.0,0,31840,31840,31840,0,0,0.0,77.35,0,low,24.0,4,1,45,https://www.musinsa.com/products/5429165
2026-09-02,론론,5429229,PEPLUM RUFFLE PANTSKIRT MELANGE GREY,0.0,0,62370,62370,62370,0,0,0.0,100.0,1,high,24.09,5,2,45,https://www.musinsa.com/products/5429229
2026-09-02,탄산마그네슘,5429421,드라이어 프리 롱슬리브 (4 Color),33.97,1621776,47746,49250,45450,1,3800,8.36,100.0,1,low,28.95,19,6,45,https://www.musinsa.com/products/5429421
2026-09-02,썬러브투어,5432173,Capital Crewneck Knit Brown,0.0,0,65190,65190,76320,1,-11130,-14.58,26.98,0,low,24.09,4,1,45,https://www.musinsa.com/products/5432173
2026-09-02,썬러브투어,5432429,Velour Twinkle Track Jacket Khaki,0.0,0,77490,77490,90720,1,-13230,-14.58,26.98,0,low,24.09,4,1,45,https://www.musinsa.com/products/5432429
2026-09-02,브룩스 브라더스,5435629,홀리데이 체크 박서 (블루) (BBAUMNF502),0.0,0,47200,47200,47200,0,0,0.0,52.56,0,low,24.01,5,1,45,https://www.musinsa.com/products/5435629
2026-09-02,디스이즈네버댓,5438125,T-Logo Hoodie Navy,7.86,857040,109000,109000,109000,0,0,0.0,100.0,1,high,24.01,15,4,45,https://www.musinsa.com/products/5438125
2026-09-02,플리즈노팔로우,5438573,Romy Logo Long Sleeve Top (Black),0.85,50080,58650,58650,58650,0,0,0.0,100.0,1,high,24.09,5,2,45,https://www.musinsa.com/products/5438573
2026-09-02,칙스,5440877,언발 스텔라 오버핏 맨투맨 블랙,0.0,0,42210,42210,46900,1,-4690,-10.0,100.0,1,medium,24.09,5,2,45,https://www.musinsa.com/products/5440877
2026-09-02,인사일런스,5453293,투톤 리브드 케이블 브이넥 니트 OATMEAL,0.0,0,116100,116100,116100,0,0,0.0,40.23,0,low,24.01,4,1,45,https://www.musinsa.com/products/5453293
2026-09-02,카네이테이,5460909,SOFT EDGE STRIPE HOOD ZIP-UP (CREAM),0.0,0,57900,57900,57900,0,0,0.0,100.0,1,high,24.09,5,2,45,https://www.musinsa.com/products/5460909
2026-09-02,인템포무드,5461677,모스 크롭 리브드 카디건_브라운,0.0,0,63200,63200,63200,0,0,0.0,40.23,0,low,24.01,4,1,45,https://www.musinsa.com/products/5461677
2026-09-02,밀로 아카이브,5466733,네오 서브타이틀 후디 집업 [멜란지 그레이],0.0,0,69160,69160,72960,1,-3800,-5.21,52.58,0,low,24.02,5,1,45,https://www.musinsa.com/products/5466733
2026-09-02,밀로 아카이브,5466797,인클라인 라이트 플리스 하프 집업 [웜 그레이],0.0,0,68000,68000,68000,0,0,0.0,52.58,0,low,24.02,5,1,45,https://www.musinsa.com/products/5466797
2026-09-02,제너럴아이디어,5467821,루즈핏 소프트 코튼 셔츠 [OLIVE] / WBE3L03510,0.0,0,49000,49000,49000,0,0,0.0,100.0,1,high,24.09,5,2,45,https://www.musinsa.com/products/5467821
2026-09-02,디스이즈네버댓,5468717,Wool Crochet Knit L/S Crew Blue,0.0,0,167300,167300,167300,0,0,0.0,40.24,0,low,24.01,4,1,45,https://www.musinsa.com/products/5468717
2026-09-02,디스이즈네버댓,5468781,Authentic Tradition Crewneck Dark Mocha,0.4,30694,76300,76300,76300,0,0,0.0,40.24,0,low,24.01,4,1,45,https://www.musinsa.com/products/5468781
2026-09-02,미세키서울 맨,5477421,Two tuck wide pants BLACK,0.0,0,111780,111780,111780,0,0,0.0,64.88,0,low,23.99,4,1,45,https://www.musinsa.com/products/5477421
2026-09-02,나이스고스트클럽,5479597,FFATS ROUND COLLAR HOODIE_RED(NG2FFUM410A),0.0,0,59400,59400,59400,0,0,0.0,52.59,0,low,24.02,5,1,45,https://www.musinsa.com/products/5479597
2026-09-02,나이스고스트클럽,5479661,STITCH PUFFER ANGELS CROSSBAG_BLACK(NG2FFUAB41A),0.0,0,53400,53400,53400,0,0,0.0,52.59,0,low,24.02,5,1,45,https://www.musinsa.com/products/5479661
2026-09-02,더뮤지엄비지터,5480045,HORSE PRINTED LONG SLEEVE (BLACK),0.0,0,48750,48750,48750,0,0,0.0,100.0,1,high,24.09,5,2,45,https://www.musinsa.com/products/5480045
2026-09-02,더뮤지엄비지터,5480685,FRILL CHECK BUTTON JACKET (KHAKI),0.0,0,109800,109800,109800,0,0,0.0,100.0,1,high,24.09,5,2,45,https://www.musinsa.com/products/5480685
2026-09-02,코드그라피,5481453,헤어리 스트라이프 머플러_블랙,0.0,0,41300,41300,41300,0,0,0.0,77.35,0,low,24.0,4,1,45,https://www.musinsa.com/products/5481453
2026-09-02,마인드브릿지 우먼,5489645,[W]골지 터틀넥 티셔츠 - 2color,0.0,0,21900,21900,21900,0,0,0.0,64.89,0,low,23.99,4,1,45,https://www.musinsa.com/products/5489645
2026-09-02,마인드브릿지,5489901,두굿_후드 숏 다운 점퍼 - 2color,0.0,0,152290,152290,160300,1,-8010,-5.0,89.89,0,low,24.0,4,1,45,https://www.musinsa.com/products/5489901
2026-09-02,벨리에,5503661,데이 토 더비 타입-2 - 누벅 베이지,0.0,0,349600,349600,349600,0,0,0.0,64.9,0,low,23.99,4,1,45,https://www.musinsa.com/products/5503661
2026-09-02,아워데이즈,5505965,프레스티지 울 100% 머플러 [4COLORS],0.0,0,45600,45600,45600,0,0,0.0,77.36,0,low,24.0,4,1,45,https://www.musinsa.com/products/5505965
2026-09-02,브라운브레스,5506221,BB VARSITY JACKET - BLACK,0.0,0,230300,230300,230300,0,0,0.0,27.0,0,low,24.09,4,1,45,https://www.musinsa.com/products/5506221
2026-09-02,아메스 월드와이드,5507181,BASIC PULLOVER KNIT BROWN,0.0,0,44800,44800,44800,0,0,0.0,89.89,0,low,24.0,4,1,45,https://www.musinsa.com/products/5507181
2026-09-02,아메스 월드와이드,5507309,BASIC APPLIQUE HOODIE GREY,0.0,0,63200,63200,63200,0,0,0.0,89.89,0,low,24.0,4,1,45,https://www.musinsa.com/products/5507309
2026-09-02,다이브인,5514221,VINTAGE COTTON STRIPE SHIRTS (BLACK),0.0,0,71200,71200,71200,0,0,0.0,40.27,0,low,24.01,4,1,45,https://www.musinsa.com/products/5514221
2026-09-02,디앤에스알,5516205,레오파드 레이어드 키링 그레이,0.0,0,39600,39600,39600,0,0,0.0,64.91,0,low,23.99,4,1,45,https://www.musinsa.com/products/5516205
2026-09-02,썬러브투어,5518445,Aero Waffle Hoodie Black,0.0,0,129000,129000,77400,1,51600,66.67,27.0,0,low,24.09,4,1,45,https://www.musinsa.com/products/5518445
2026-09-02,마인드브릿지 우먼,5526381,[W]두굿_코듀로이 패딩 점퍼 - 2color,0.0,0,98500,98500,98500,0,0,0.0,64.91,0,low,23.99,4,1,45,https://www.musinsa.com/products/5526381
2026-09-02,러브이즈트루,5529901,[KUROMI] HOODED ZIPUP(BLACK),0.0,0,60780,60780,60780,0,0,0.0,52.61,0,low,24.02,5,1,45,https://www.musinsa.com/products/5529901
2026-09-02,배드블러드,5535469,2025 월드투어 레이어드 롱슬리브 - 버건디/스트라이프,0.0,0,87200,87200,87200,0,0,0.0,100.0,1,high,24.09,5,2,45,https://www.musinsa.com/products/5535469
2026-09-02,무센트,5536173,모아 도트 하트 로고 라운드넥 긴팔 티 (2컬러),0.0,0,35910,35910,27930,1,7980,28.57,40.27,0,low,24.01,4,1,45,https://www.musinsa.com/products/5536173
2026-09-02,일리고,5543469,프레이드 스트링 후드 집업 차콜,0.0,0,86000,86000,86000,0,0,0.0,89.91,0,low,24.0,4,1,45,https://www.musinsa.com/products/5543469
2026-09-02,세터,5546861,아페로 카드 지갑 블랙,0.0,0,69000,69000,69000,0,0,0.0,64.92,0,low,23.99,4,1,45,https://www.musinsa.com/products/5546861
2026-09-02,낫포너드,5548973,Ashes Glory Knit Drizzler Jacket - Black,0.0,0,98700,98700,98700,0,0,0.0,77.37,0,low,24.0,4,1,45,https://www.musinsa.com/products/5548973
2026-09-02,디스이즈네버댓,5549549,Fleece Mini Bag Stone,0.0,0,55300,55300,55300,0,0,0.0,40.29,0,low,24.01,4,1,45,https://www.musinsa.com/products/5549549
2026-09-02,디스이즈네버댓,5549613,Crochet Knit Zip Up Hoodie Grey,0.0,0,139300,139300,139300,0,0,0.0,40.3,0,low,24.01,4,1,45,https://www.musinsa.com/products/5549613
2026-09-02,파르티멘토,5551725,[기모] 크롭 니트 후드 집업 그레이지,0.0,0,76900,76900,76900,0,0,0.0,40.3,0,low,24.01,4,1,45,https://www.musinsa.com/products/5551725
2026-09-02,해칭룸,5555501,Regular Shirt Ombre Check Blue/Grey,0.0,0,188000,188000,188000,0,0,0.0,89.92,0,low,24.0,4,1,45,https://www.musinsa.com/products/5555501
2026-09-02,무드인사이드,5566893,레더 스티치 보머 자켓_Brown,0.0,0,79900,79900,79900,0,0,0.0,27.02,0,low,24.09,4,1,45,https://www.musinsa.com/products/5566893
2026-09-02,세터,5570733,클래식 니트 글러브 블랙,0.0,0,69000,69000,69000,0,0,0.0,64.93,0,low,23.99,4,1,45,https://www.musinsa.com/products/5570733
2026-09-02,세터,5570861,루고 헤더 테리 후드 티셔츠 세이지 그린,0.0,0,159000,159000,159000,0,0,0.0,64.94,0,low,23.99,4,1,45,https://www.musinsa.com/products/5570861
2026-09-02,세터,5570925,(W) 신세틱 시어링 루즈 핏 자켓 다크 브라운,0.0,0,379000,379000,379000,0,0,0.0,64.94,0,low,23.99,4,1,45,https://www.musinsa.com/products/5570925
2026-09-02,무드인사이드,5572141,라이트쉘 후드 경량패딩_6Color,0.27,15880,59000,59000,59000,0,0,0.0,27.02,0,low,24.09,4,1,45,https://www.musinsa.com/products/5572141
2026-09-02,카키포인트,5572461,Unbalanced Midi Skirt (brown),0.0,0,82800,82800,82800,0,0,0.0,27.02,0,low,24.09,4,1,45,https://www.musinsa.com/products/5572461
2026-09-02,카키포인트,5572589,Lettering Fur Hood Zip-up (black),0.0,0,130820,130820,130820,0,0,0.0,27.02,0,low,24.09,4,1,45,https://www.musinsa.com/products/5572589
2026-09-02,더바넷,5573101,Brine Vintage Leather Jacket_Brown,0.0,0,238400,238400,238400,0,0,0.0,77.37,0,low,24.0,4,1,45,https://www.musinsa.com/products/5573101
2026-09-02,유니온블루,5580269,KITTY HAWK LOGO PRINTED SWEATSHIRT [MELANGE GRAY],0.0,0,63990,63990,63990,0,0,0.0,100.0,1,high,24.09,5,2,45,https://www.musinsa.com/products/5580269
2026-09-02,유니폼브릿지,5581101,M47 corduroy pants wide fit olive,0.0,0,69000,69000,69000,0,0,0.0,100.0,1,high,24.09,5,2,45,https://www.musinsa.com/products/5581101
2026-09-02,유니폼브릿지,5581293,corduroy shirt ecru,0.0,0,79000,79000,79000,0,0,0.0,100.0,1,high,24.09,5,2,45,https://www.musinsa.com/products/5581293
2026-09-02,2000아카이브스,5585197,ARCHIVES DAISY FUR EARFLAP CAP (IVORY),0.0,0,71280,71280,71280,0,0,0.0,100.0,1,high,24.09,5,2,45,https://www.musinsa.com/products/5585197
2026-09-02,제너럴아이디어,5585389,GNRL 로고 울 베레모 [BLACK] / WBE3L91511,0.0,0,31200,31200,27300,1,3900,14.29,100.0,1,medium,24.09,5,2,45,https://www.musinsa.com/products/5585389
2026-09-02,에이치덱스,5588525,오리진 자이언트핏 후디 집업 (Navy),0.0,0,109000,109000,109000,0,0,0.0,77.39,0,low,24.0,4,1,45,https://www.musinsa.com/products/5588525
2026-09-02,론론,5594477,MULTI BUTTON SHOULDER BAG RED,0.0,0,89100,89100,89100,0,0,0.0,100.0,1,high,24.09,5,2,45,https://www.musinsa.com/products/5594477
2026-09-02,아틀리에 나인,5596205,DRAPE SCARF WOOL HANDMADE COAT (CT-1459),0.0,0,474330,474330,379470,1,94860,25.0,64.94,0,low,23.99,4,1,45,https://www.musinsa.com/products/5596205
2026-09-02,코드그라피,5597805,(우먼) 헨리넥 레글런 배색 니트_민트,0.0,0,48300,48300,48300,0,0,0.0,77.39,0,low,24.0,4,1,45,https://www.musinsa.com/products/5597805
2026-09-02,코드그라피,5597869,(우먼) 폴라플리스 하프 집업_멜란지그레이,0.77,48217,62300,62300,62300,0,0,0.0,77.39,0,low,24.0,4,1,45,https://www.musinsa.com/products/5597869
2026-09-02,아틀리에 나인,5599917,니트 세트 발마칸 핸드메이드 하프코트(CT-1453),0.0,0,270630,270630,216510,1,54120,25.0,64.94,0,low,23.99,4,1,45,https://www.musinsa.com/products/5599917
2026-09-02,탄산마그네슘,5604525,코튼 와이드 스타 스터드 팬츠 (네이비),0.0,0,142120,142120,142120,0,0,0.0,64.94,0,low,23.99,4,1,45,https://www.musinsa.com/products/5604525
2026-09-02,디스이즈네버댓,5611501,Pom Earflap Beanie Grey,0.0,0,38500,38500,38500,0,0,0.0,40.33,0,low,24.01,4,1,45,https://www.musinsa.com/products/5611501
2026-09-02,꼼파뇨,5613165,엠버 패치 후드티 블랙,0.0,0,45660,45660,45660,0,0,0.0,89.93,0,low,24.0,4,1,45,https://www.musinsa.com/products/5613165
2026-09-02,바우로 프로덕트,5619629,투턱 코튼 와이드 팬츠 [베이지],0.0,0,79200,79200,79200,0,0,0.0,77.4,0,low,24.0,4,1,45,https://www.musinsa.com/products/5619629
2026-09-02,드헤베,5625389,Wool Wide Slacks [Black],0.0,0,100980,100980,100980,0,0,0.0,77.41,0,low,24.0,4,1,45,https://www.musinsa.com/products/5625389
2026-09-02,제너럴아이디어,5629997,UNISEX 울 스노우 노르딕 풀오버 [PISTACHIO] / SBD4U05022,0.0,0,55200,55200,48300,1,6900,14.29,14.73,0,low,24.08,4,1,45,https://www.musinsa.com/products/5629997
2026-09-02,본투윈,5631213,W SEMI WIDE SWEAT JOGGER PANTS [BLACK],0.0,0,75600,75600,75600,0,0,0.0,100.0,1,high,24.09,5,2,45,https://www.musinsa.com/products/5631213
2026-09-02,프렌다,5633453,PRDA SPRAY BIG PATCH CHECK STAR HOOD ZIP-UP BLACK,0.0,0,65400,65400,65400,0,0,0.0,27.03,0,low,24.09,4,1,45,https://www.musinsa.com/products/5633453
2026-09-02,해칭룸,5641133,Blank Pants Corduroy Tobacco,0.0,0,178000,178000,178000,0,0,0.0,89.94,0,low,24.0,4,1,45,https://www.musinsa.com/products/5641133
2026-09-02,코드그라피,5648685,모헤어 패턴 머플러_스카이블루,0.0,0,48300,48300,48300,0,0,0.0,77.42,0,low,24.0,4,1,45,https://www.musinsa.com/products/5648685
2026-09-02,코드그라피,5653869,기모 CGP 아치 로고 맨투맨_프로스트 그린,0.0,0,75050,75050,75050,0,0,0.0,77.42,0,low,24.0,4,1,45,https://www.musinsa.com/products/5653869
2026-09-02,브룩스 브라더스,5659885,슬림핏 코튼 스트레치 어드밴티지 치노 (카키) (BBPCMFZ501),0.0,0,152100,152100,152100,0,0,0.0,52.64,0,low,24.02,5,1,45,https://www.musinsa.com/products/5659885
2026-09-02,배드블러드,5662125,바이퍼 모헤어 가디건 - 블랙레오파드,0.0,0,161100,161100,161100,0,0,0.0,100.0,1,high,24.09,5,2,45,https://www.musinsa.com/products/5662125
2026-09-02,러브이즈트루,5666413,EV FAIRY FUR HOOD ZIP UP(BEIGE),0.0,0,91080,91080,91080,0,0,0.0,52.65,0,low,24.02,5,1,45,https://www.musinsa.com/products/5666413
2026-09-02,러브이즈트루,5666477,EV STAR GRAPHIC HOODIE(WHITE),0.0,0,67890,67890,67890,0,0,0.0,52.64,0,low,24.02,5,1,45,https://www.musinsa.com/products/5666477
2026-09-02,더바이닐하우스,5672237,HOODED DUCK DOWN JACKET BLACK,0.0,0,220200,220200,220200,0,0,0.0,40.36,0,low,24.01,4,1,45,https://www.musinsa.com/products/5672237
2026-09-02,유라고,5680173,Wool high neck belted coat_Dark navy,0.0,0,302480,302480,302480,0,0,0.0,64.97,0,low,23.99,4,1,45,https://www.musinsa.com/products/5680173
2026-09-02,오도어,5682477,Lark leather cap,0.0,0,56800,56800,56800,0,0,0.0,27.04,0,low,24.09,4,1,45,https://www.musinsa.com/products/5682477
2026-09-02,론론,5684269,SIDE CHECK RIBBON POCKET MAXI SKIRT BLACK,0.0,0,79200,79200,61600,1,17600,28.57,100.0,1,medium,24.09,5,2,45,https://www.musinsa.com/products/5684269
2026-09-02,링서울,5684333,alpaca high-neck half coat-black,0.0,0,294520,294520,294520,0,0,0.0,52.65,0,low,24.02,5,1,45,https://www.musinsa.com/products/5684333
2026-09-02,제로,5687981,벌룬 크롭 후드 [블랙],0.0,0,45000,45000,45000,0,0,0.0,64.97,0,low,23.99,4,1,45,https://www.musinsa.com/products/5687981
2026-09-02,썸웨어버터,5693997,Boucle Wool Half Coat - Ivory,0.0,0,329000,329000,329000,0,0,0.0,52.65,0,low,24.02,5,1,45,https://www.musinsa.com/products/5693997
2026-09-02,본투윈,5696365,W CHROME B FUR TRIMMING HOODIE ZIP-UP [BLACK],0.0,0,127200,127200,127200,0,0,0.0,100.0,1,high,24.09,5,2,45,https://www.musinsa.com/products/5696365
2026-09-02,테이크이지,5698733,코듀로이 커브드 제이 팬츠 (브라운),0.0,0,27800,27800,29500,1,-1700,-5.76,40.37,0,low,24.01,4,1,45,https://www.musinsa.com/products/5698733
2026-09-02,로우로우,5707373,시티워커 크로스백 SQUARE 014 [3color],1.0,57470,57470,57470,57470,0,0,0.0,52.66,0,low,6.16,13,4,45,https://www.musinsa.com/products/5707373
2026-09-02,가까이 유니언즈,5717869,리브 헨리넥 와플 롱슬리브 블랙,0.0,0,36400,36400,36400,0,0,0.0,64.98,0,low,23.99,4,1,45,https://www.musinsa.com/products/5717869
2026-09-02,브룩스 브라더스,5722285,프라이데이 옥스포드 캔디 스트라이프 셔츠 (블루) (BBTHMMF304),0.0,0,161100,161100,128880,1,32220,25.0,52.66,0,low,24.02,5,1,45,https://www.musinsa.com/products/5722285
2026-09-02,바이모노,5730605,[빅사이즈 32-46] 모노 따스한 기모 와이드 팬츠,0.0,0,39900,39900,39900,0,0,0.0,40.38,0,low,24.01,4,1,45,https://www.musinsa.com/products/5730605
2026-09-02,무드인사이드,5730669,피그먼트 레이즈 스웨트 후디_Pink,0.0,0,41900,41900,41900,0,0,0.0,27.04,0,low,24.09,4,1,45,https://www.musinsa.com/products/5730669
2026-09-02,무드인사이드 우먼,5734125,(woman) 헤비 그라운드 모헤어 니트_Ivory,0.0,0,29900,29900,29900,0,0,0.0,40.38,0,low,24.01,4,1,45,https://www.musinsa.com/products/5734125
2026-09-02,트립르센스,5743597,[F/W]투 플랩 포켓 3B 블레이저_네프 트위드 차콜,0.0,0,221400,221400,221400,0,0,0.0,52.67,0,low,24.02,5,1,45,https://www.musinsa.com/products/5743597
2026-09-02,해칭룸,5747565,Fuzzy Mesh Tee Black,0.0,0,93000,93000,93000,0,0,0.0,89.96,0,low,24.0,4,1,45,https://www.musinsa.com/products/5747565
2026-09-02,제너럴아이디어,5771373,핸드메이드 숄카라 롱코트 [CHARCOAL] / WBE4L10539,0.0,0,206550,206550,193000,1,13550,7.02,100.0,1,medium,24.09,5,2,45,https://www.musinsa.com/products/5771373
2026-09-02,2000아카이브스,5773549,LUA BAG (BLACK),0.0,0,335610,335610,335610,0,0,0.0,100.0,1,high,24.09,5,2,45,https://www.musinsa.com/products/5773549
2026-09-02,아캄,5792557,Double Knee Lettering Denim Pants (Blue),0.0,0,118300,118300,118300,0,0,0.0,64.99,0,low,23.99,4,1,45,https://www.musinsa.com/products/5792557
2026-09-02,아캄,5793773,Knee Pin-Tuck Camo Zippered Cargo Pants (Black),1.3,139679,107400,107400,107400,0,0,0.0,64.99,0,low,23.99,4,1,45,https://www.musinsa.com/products/5793773
2026-09-02,썸웨어버터,5801965,Winter Butteree Sweater - Grey,0.0,0,129000,129000,129000,0,0,0.0,52.68,0,low,24.02,5,1,45,https://www.musinsa.com/products/5801965
2026-09-02,더뮤지엄비지터,5803821,PONY EMBROIDERY CAP (PINK),0.0,0,40170,40170,40170,0,0,0.0,100.0,1,high,24.09,5,2,45,https://www.musinsa.com/products/5803821
2026-09-02,일리고,5806189,129 스트라이프 맨투맨 블랙 차콜,0.0,0,72000,72000,72000,0,0,0.0,89.96,0,low,24.0,4,1,45,https://www.musinsa.com/products/5806189
2026-09-02,무센트,5808557,플레아 스트라이프 후드 집업 남녀공용,0.0,0,77310,77310,60130,1,17180,28.57,40.4,0,low,24.01,4,1,45,https://www.musinsa.com/products/5808557
2026-09-02,프리즘웍스,5812653,WAIKIKI CHRISTMAS BALL CAP _ GREEN,0.0,0,31500,31500,28350,1,3150,11.11,100.0,1,medium,24.09,5,2,45,https://www.musinsa.com/products/5812653
2026-09-02,9999아카이브,5819117,Back Slit Low Double Knee Pants,0.0,0,106470,106470,106470,0,0,0.0,52.69,0,low,24.02,5,1,45,https://www.musinsa.com/products/5819117
2026-09-02,9999아카이브,5819181,Curved Bomber Jacket,0.53,62689,119070,119070,119070,0,0,0.0,52.68,0,low,24.02,5,1,45,https://www.musinsa.com/products/5819181
2026-09-02,디스이즈네버댓,5821933,TNT TEMBEA Muffler Grey,0.0,0,55300,55300,55300,0,0,0.0,40.4,0,low,24.01,4,1,45,https://www.musinsa.com/products/5821933
2026-09-02,꼼파뇨,5822189,[2-WAY] 플러시 니트 집업 블랙,0.0,0,58860,58860,58860,0,0,0.0,89.96,0,low,24.0,4,1,45,https://www.musinsa.com/products/5822189
2026-09-02,언더오프,5834797,빈티지 워싱 패디드 M65 필드 자켓 라이트카키,0.0,0,50320,50320,50320,0,0,0.0,40.41,0,low,24.01,4,1,45,https://www.musinsa.com/products/5834797
2026-09-02,후러브스아트,5842221,유니섹스 세미 와이드 밴딩 슬랙스 더스티 베이지,0.0,0,24300,24300,24300,0,0,0.0,100.0,1,high,9.99,13,7,45,https://www.musinsa.com/products/5842221
2026-09-02,노매뉴얼,5849261,E.S WASHED WORK JACKET - WASHED BLACK,0.0,0,157500,157500,157500,0,0,0.0,89.98,0,low,24.0,4,1,45,https://www.musinsa.com/products/5849261
2026-09-02,노매뉴얼,5849325,EMBLEM DAMAGED KNIT LONG SLEEVE TEE - WHITE,0.0,0,56050,56050,56050,0,0,0.0,89.99,0,low,24.0,4,1,45,https://www.musinsa.com/products/5849325
2026-09-02,노매뉴얼,5849453,ROUGH TEXTURE PRINT T-SHIRT - DARK NAVY,0.0,0,31500,31500,31500,0,0,0.0,89.99,0,low,24.0,4,1,45,https://www.musinsa.com/products/5849453
2026-09-02,노매뉴얼,5849517,W.B T-SHIRT (WOMAN) - BLACK,0.0,0,39000,39000,39000,0,0,0.0,90.0,0,low,24.0,4,1,45,https://www.musinsa.com/products/5849517
2026-09-02,언더오프,5849901,마운틴 플리스 집업 자켓 아이보리,0.0,0,49900,49900,49900,0,0,0.0,40.41,0,low,24.01,4,1,45,https://www.musinsa.com/products/5849901
2026-09-02,코드그라피,5853613,배색 파이핑 후드 바람막이-크림,0.0,0,104300,104300,104300,0,0,0.0,77.45,0,low,24.0,4,1,45,https://www.musinsa.com/products/5853613
2026-09-02,에이치덱스,5855341,라이트 서포트 데일리 레깅스 팬츠 (Mist Gray),0.0,0,42000,42000,42000,0,0,0.0,77.45,0,low,24.0,4,1,45,https://www.musinsa.com/products/5855341
2026-09-02,글로니,5859053,G CAP (NAVY),0.05,1948,38880,38880,38880,0,0,0.0,100.0,1,high,24.09,9,2,45,https://www.musinsa.com/products/5859053
2026-09-02,키르시,5869421,스몰 체리 스탠다드핏 가디건 [다크 네이비],0.0,0,71200,71200,71200,0,0,0.0,40.42,0,low,24.01,4,1,45,https://www.musinsa.com/products/5869421
2026-09-02,론론,5870829,HEART PASTRY OVER FIT LONG SLEEVE GREY,0.0,0,53460,53460,41580,1,11880,28.57,100.0,1,medium,24.09,5,2,45,https://www.musinsa.com/products/5870829
2026-09-02,마인드브릿지,5871981,와이드 골 조직 그레이 데님 팬츠,0.0,0,69900,69900,69900,0,0,0.0,90.01,0,low,24.0,4,1,45,https://www.musinsa.com/products/5871981
2026-09-02,레더리,5872045,코지 울 니트 후드 집업 [BLACK],0.0,0,55080,55080,55080,0,0,0.0,90.02,0,low,24.0,4,1,45,https://www.musinsa.com/products/5872045
2026-09-02,마인드브릿지,5872109,[COUTURE]트윌 조직 포켓 블루종,0.0,0,79900,79900,79900,0,0,0.0,90.02,0,low,24.0,4,1,45,https://www.musinsa.com/products/5872109
2026-09-02,마인드브릿지,5872173,라이트 경량 패딩 점퍼 - 3color,2.7,188760,69900,69900,69900,0,0,0.0,100.0,1,high,24.0,8,2,45,https://www.musinsa.com/products/5872173
2026-09-02,파브레가,5873645,코이 레더 숄더백 (블랙),0.0,0,106200,106200,106200,0,0,0.0,77.45,0,low,24.0,4,1,45,https://www.musinsa.com/products/5873645
2026-09-02,토피,5876525,컷오프 라운드넥 가디건 (GREY),0.0,0,39900,39900,39900,0,0,0.0,100.0,1,high,24.09,5,2,45,https://www.musinsa.com/products/5876525
2026-09-02,브라운브레스,5878509,WASHED TAG HOODIE - BEIGE,0.0,0,129000,129000,129000,0,0,0.0,27.06,0,low,24.09,4,1,45,https://www.musinsa.com/products/5878509
2026-09-02,세터,5879149,(W) 로렌 스몰 로고 베이직 크롭 스웨트셔츠 스카이 블루,0.0,0,109000,109000,109000,0,0,0.0,65.01,0,low,23.99,4,1,45,https://www.musinsa.com/products/5879149
2026-09-02,9999아카이브,5880109,Technical Curved Bermuda Pants,0.0,0,78480,78480,78480,0,0,0.0,52.7,0,low,24.02,5,1,45,https://www.musinsa.com/products/5880109
2026-09-02,마인드브릿지,5880941,[오정규 PICK] [SET]블랙 로우 데님 원턱 셋업,0.9,143125,159000,159000,159000,0,0,0.0,90.02,0,low,24.0,4,1,45,https://www.musinsa.com/products/5880941
2026-09-02,드로우핏 우먼,5886701,헤이지 핀 스트라이프 타이 [CHARCOAL],0.0,0,17280,17280,21600,1,-4320,-20.0,27.08,0,low,24.09,4,1,45,https://www.musinsa.com/products/5886701
2026-09-02,미세키서울,5888813,Side fly wide pants BLACK,0.0,0,151200,151200,151200,0,0,0.0,90.02,0,low,24.0,4,1,45,https://www.musinsa.com/products/5888813
2026-09-02,던스트,5890093,UNISEX COTTON CHORE JACKET_UDJA6A101_INDIGO NAVY,0.0,0,186480,186480,186480,0,0,0.0,52.7,0,low,24.02,5,1,45,https://www.musinsa.com/products/5890093
2026-09-02,아웃스탠딩,5890477,V.S.C SWEAT(COLUMBIA)_MELANGE GRAY,0.0,0,71100,71100,71100,0,0,0.0,100.0,1,high,24.09,5,2,45,https://www.musinsa.com/products/5890477
2026-09-02,트리밍버드,5891565,TMB Chain Volume Sweat Hoodie [ Gray ],0.0,0,179000,179000,179000,0,0,0.0,100.0,1,high,24.09,5,2,45,https://www.musinsa.com/products/5891565
2026-09-02,아웃스탠딩,5892077,[LOONEY TUNES] SWEAT(DYNAMITE PRICES)_1%OATMEAL,0.15,9157,62100,62100,62100,0,0,0.0,14.8,0,low,24.09,4,1,45,https://www.musinsa.com/products/5892077
2026-09-02,마인드브릿지 우먼,5894637,[W]와이드 그레이 밴딩 데님 팬츠,0.0,0,80900,80900,80900,0,0,0.0,65.02,0,low,23.99,4,1,45,https://www.musinsa.com/products/5894637
2026-09-02,그루브라임,5894829,여성 에코레더 배색절개 점퍼 (LRTSCUV594M),0.0,0,55900,55900,55900,0,0,0.0,27.08,0,low,24.09,4,1,45,https://www.musinsa.com/products/5894829
2026-09-02,칙스,5895149,와이드 카고 데님 팬츠 연청,0.0,0,37710,37710,41900,1,-4190,-10.0,100.0,1,medium,24.09,5,2,45,https://www.musinsa.com/products/5895149
2026-09-02,미세키서울,5895277,Layered button wrap skirt pants set GREY,0.0,0,151200,151200,151200,0,0,0.0,90.03,0,low,24.0,4,1,45,https://www.musinsa.com/products/5895277
2026-09-02,그루브라임,5897325,면 트윌 풀밴딩 5부 쇼츠 (5COLOR) (LRAMCNH751P),1.02,14111,13800,13800,13800,0,0,0.0,69.45,0,low,10.12,20,7,45,https://www.musinsa.com/products/5897325
2026-09-02,토피,5898093,VTG 슬랍 라운드 넥 롱 슬리브 (CHARCOAL),3.62,74239,20500,20500,20500,0,0,0.0,100.0,1,high,24.09,17,6,45,https://www.musinsa.com/products/5898093
2026-09-02,플랙,5898925,레더 카라 봄버 자켓 브라운,0.0,0,143100,143100,143100,0,0,0.0,40.43,0,low,24.01,4,1,45,https://www.musinsa.com/products/5898925
2026-09-02,드로우핏,5899117,도브 울 테일러드 더블 블레이저 [BLACK],0.0,0,139200,139200,139200,0,0,0.0,77.48,0,low,24.0,4,1,45,https://www.musinsa.com/products/5899117
2026-09-02,필루미네이트,5900205,[스토커즈 pick] 데님 트러커 자켓-인디고,0.0,0,44900,44900,44900,0,0,0.0,52.7,0,low,24.02,5,1,45,https://www.musinsa.com/products/5900205
2026-09-02,일리고,5901421,도트 핀턱 카라 티 핑크,0.0,0,58000,58000,58000,0,0,0.0,90.05,0,low,24.0,4,1,45,https://www.musinsa.com/products/5901421
2026-09-02,무센트,5903597,프리그 메탈 로고 헤비 크롭 패딩,0.0,0,125100,125100,97300,1,27800,28.57,40.44,0,low,24.01,4,1,45,https://www.musinsa.com/products/5903597
2026-09-02,비터셀즈,5904109,롤링 니트 빅 백-브라운,0.0,0,57290,57290,57290,0,0,0.0,90.05,0,low,24.0,4,1,45,https://www.musinsa.com/products/5904109
2026-09-02,언더오프,5904621,크롭 니트 집업 가디건 다크레드,0.0,0,37520,37520,37520,0,0,0.0,40.44,0,low,24.01,4,1,45,https://www.musinsa.com/products/5904621
2026-09-02,데케트,5908781,Barrel Wide Leg Pants DCPT071Black,0.9,46647,51800,51800,51800,0,0,0.0,90.06,0,low,24.0,4,1,45,https://www.musinsa.com/products/5908781
2026-09-02,스컬프터,5909869,Glow In The Dark Zip-Up Hoodie Black,0.0,0,95360,95360,95360,0,0,0.0,100.0,1,high,24.09,5,2,45,https://www.musinsa.com/products/5909869
2026-09-02,스컬프터,5909997,Urban Muse Tee Pale Gray,0.5,29778,59040,59040,59040,0,0,0.0,100.0,1,high,10.07,19,8,45,https://www.musinsa.com/products/5909997
2026-09-02,던스트,5911085,UNISEX COLLARED BLOUSON JACKET_UDJU6A109_NAVY,0.0,0,188100,188100,150480,1,37620,25.0,52.71,0,low,24.02,5,1,45,https://www.musinsa.com/products/5911085
2026-09-02,던스트,5911213,STRAIGHT SLACKS_UDPA6A202_CHARCOAL GREY,0.0,0,95200,95200,76160,1,19040,25.0,52.71,0,low,24.02,5,1,45,https://www.musinsa.com/products/5911213
2026-09-02,던스트,5911277,D-BUCKLE CLASSIC BELT_UDBE6E204_ESPRESSO,0.0,0,53100,53100,42480,1,10620,25.0,52.72,0,low,24.02,5,1,45,https://www.musinsa.com/products/5911277
2026-09-02,언타이틀 서울,5911661,유니콘 헨리넥 롱슬리브 아이보리,6.83,240545,35200,35200,35200,0,0,0.0,100.0,1,low,14.65,22,7,45,https://www.musinsa.com/products/5911661
2026-09-02,필루미네이트,5911789,데미지 워시드 데님 팬츠-3Color,6.86,267654,39000,39000,39000,0,0,0.0,100.0,1,low,24.02,9,4,45,https://www.musinsa.com/products/5911789
2026-09-02,가까이 유니언즈,5912557,버튼 인사이드 아웃 벌룬 데님 팬츠 인디고,0.0,0,55990,55990,55990,0,0,0.0,65.02,0,low,23.99,4,1,45,https://www.musinsa.com/products/5912557
2026-09-02,키르시,5913069,체리 그래픽 오프숄더 크롭 스웻셔츠 [화이트],0.0,0,56950,56950,56950,0,0,0.0,40.44,0,low,24.01,4,1,45,https://www.musinsa.com/products/5913069
2026-09-02,어반디타입,5916013,트윈 스트라이프 라이트 후드_퍼플,0.0,0,49000,49000,49000,0,0,0.0,100.0,1,low,47.52,13,8,45,https://www.musinsa.com/products/5916013
2026-09-02,룩캐스트,5919853,릴리 퍼프 슬리브 블라우스_스카이 블루 / LILY PUFF SLEEVE BLOUSE_SKY BLUE,0.0,0,53570,53570,53570,0,0,0.0,90.07,0,low,24.0,4,1,45,https://www.musinsa.com/products/5919853
2026-09-02,스키즘 인듀싱,5920429,BUTTON SLIT HENLEY KNIT BLACK,9.0,793800,88200,88200,88200,0,0,0.0,100.0,1,low,10.02,20,6,45,https://www.musinsa.com/products/5920429
2026-09-02,칙스,5923693,소프트 브이넥 소매 버튼 롱슬리브 네이비,0.0,0,37710,37710,41900,1,-4190,-10.0,100.0,1,medium,24.09,5,2,45,https://www.musinsa.com/products/5923693
2026-09-02,코드그라피,5924269,(우먼) 스퀘어 로고 니트-네이비,0.0,0,69300,69300,69300,0,0,0.0,77.49,0,low,24.0,4,1,45,https://www.musinsa.com/products/5924269
2026-09-02,와이케이,5925357,리버시블 체크 윈드브레이커 Ver.2 베이지,0.0,0,143200,143200,143200,0,0,0.0,52.73,0,low,24.02,5,1,45,https://www.musinsa.com/products/5925357
2026-09-02,헬레네파리스,5925869,뷰티플 컬러레이션 레글런 롱 슬리브 [그레이-블랙],1.95,80976,41600,41600,41600,0,0,0.0,100.0,1,high,24.09,5,2,45,https://www.musinsa.com/products/5925869
2026-09-02,헬레네파리스,5925933,울 블렌드 타이 백 포인트 브이넥 니트 [블랙],0.0,0,34720,34720,34720,0,0,0.0,100.0,1,high,24.09,5,2,45,https://www.musinsa.com/products/5925933
2026-09-02,1993스튜디오,5926125,[4SET] W 베이직 발열 크루 삭스 (2colors),0.0,0,29900,29900,29900,0,0,0.0,40.45,0,low,24.01,4,1,45,https://www.musinsa.com/products/5926125
2026-09-02,러브이즈트루,5927981,EL CROSS HALTER NECK TOP(WHITE),0.0,0,34160,34160,34160,0,0,0.0,52.74,0,low,24.02,5,1,45,https://www.musinsa.com/products/5927981
2026-09-02,제이엘브,5928493,(DC COMICS COLLECTION) 배트맨 그래픽 오버핏 숏슬리브,0.53,24244,46000,46000,46000,0,0,0.0,52.74,0,low,24.02,5,1,45,https://www.musinsa.com/products/5928493
2026-09-02,트릴리온,5928557,그래픽 와플 헨리넥 롱 슬리브_차콜,0.0,0,29100,29100,29100,0,0,0.0,90.08,0,low,24.0,4,1,45,https://www.musinsa.com/products/5928557
2026-09-02,로제프란츠,5929965,Fabric Button Collar Cardigan [Ivory],0.0,0,49200,49200,49200,0,0,0.0,77.5,0,low,24.0,4,1,45,https://www.musinsa.com/products/5929965
2026-09-02,브라운브레스,5930669,20TH ANNIV TAG HOODIE - OLIVE,0.0,0,109000,109000,109000,0,0,0.0,27.09,0,low,24.09,4,1,45,https://www.musinsa.com/products/5930669
2026-09-02,스켈리웩,5935533,롤업 생지 데님 팬츠[카모],0.0,0,72000,72000,72000,0,0,0.0,27.1,0,low,24.09,4,1,45,https://www.musinsa.com/products/5935533
2026-09-02,웬즈데이오아시스,5936493,워셔블 미니멀 브이넥 니트_BLACK(WC26-KN20),0.0,0,38500,38500,38500,0,0,0.0,27.1,0,low,24.09,4,1,45,https://www.musinsa.com/products/5936493
2026-09-02,드헤베,5936813,Half Sleeve Cable Knit [Ivory],0.0,0,63900,63900,63900,0,0,0.0,77.52,0,low,24.0,4,1,45,https://www.musinsa.com/products/5936813
2026-09-02,드헤베,5937069,Round Neck Frill Blouse [Butter],0.0,0,103500,103500,103500,0,0,0.0,77.52,0,low,24.0,4,1,45,https://www.musinsa.com/products/5937069
2026-09-02,쿠어,5937517,버튼다운 워시드 옥스포드 셔츠 (네이비),0.0,0,135000,135000,135000,0,0,0.0,65.05,0,low,23.99,4,1,45,https://www.musinsa.com/products/5937517
2026-09-02,아캄,5937581,Walt Panel Cotton Pants (Navy),0.0,0,132300,132300,132300,0,0,0.0,65.05,0,low,23.99,4,1,45,https://www.musinsa.com/products/5937581
2026-09-02,락케이크,5937773,Slogan Mesh Top - White,0.54,28325,52440,52440,52440,0,0,0.0,27.11,0,low,24.09,4,1,45,https://www.musinsa.com/products/5937773
2026-09-02,굿라이프웍스,5938797,논페이드 커브드 와이드 데님 팬츠 블랙,0.0,0,34860,34860,34860,0,0,0.0,65.06,0,low,23.99,4,1,45,https://www.musinsa.com/products/5938797
2026-09-02,세터,5940845,아치 아페로 로고 스웨트셔츠 블랙,0.0,0,119000,119000,119000,0,0,0.0,65.07,0,low,23.98,4,1,45,https://www.musinsa.com/products/5940845
2026-09-02,르아르,5944301,리브드 후디드 롱슬리브 티셔츠 [차콜],3.92,197686,50400,50400,50400,0,0,0.0,100.0,1,high,9.61,13,8,45,https://www.musinsa.com/products/5944301
2026-09-02,커버낫,5944749,가먼트 워시드 커버올 자켓 로얄 블루,0.0,0,119070,119070,119070,0,0,0.0,40.46,0,low,24.01,4,1,45,https://www.musinsa.com/products/5944749
2026-09-02,커버낫,5944813,스몰 C 로고 맨투맨 다크 블루,0.0,0,63990,63990,63990,0,0,0.0,40.47,0,low,24.01,4,1,45,https://www.musinsa.com/products/5944813
2026-09-02,미세키서울 맨,5948525,Placket detail hoodie top CHARCOAL,6.17,431009,69904,66000,75240,1,-9240,-12.28,100.0,1,medium,23.99,7,2,45,https://www.musinsa.com/products/5948525
2026-09-02,주앙옴므,5950445,리파인드 커브드 트라우저 (블랙),0.0,0,108800,108800,108800,0,0,0.0,90.09,0,low,24.0,4,1,45,https://www.musinsa.com/products/5950445
2026-09-02,그루브라임,5950509,라인 테이핑 후드 티셔츠 (LRSFCTH727M),0.0,0,22800,22800,22800,0,0,0.0,27.12,0,low,24.09,4,1,45,https://www.musinsa.com/products/5950509
2026-09-02,카키포인트,5951085,Record Straight Denim (gray),0.0,0,90000,90000,90000,0,0,0.0,27.12,0,low,24.09,4,1,45,https://www.musinsa.com/products/5951085
2026-09-02,브랜디드,5952365,CALF HAIR DOUBLE EYELET LONG BELT [BLACK],0.0,0,100300,100300,100300,0,0,0.0,77.53,0,low,24.0,4,1,45,https://www.musinsa.com/products/5952365
2026-09-02,코드그라피,5956525,체크 후드 점퍼-스카이 블루,0.0,0,76300,76300,76300,0,0,0.0,77.53,0,low,24.0,4,1,45,https://www.musinsa.com/products/5956525
2026-09-02,무드인사이드,5957357,워시드 해링턴 자켓_Black,0.27,12405,45900,45900,45900,0,0,0.0,27.13,0,low,24.09,4,1,45,https://www.musinsa.com/products/5957357
2026-09-02,프리즘웍스,5958445,ULTRA HEAVYWEIGHT COLLAR CARDIGAN _ FOREST GREEN,0.0,0,105840,105840,105840,0,0,0.0,100.0,1,high,24.09,5,2,45,https://www.musinsa.com/products/5958445
2026-09-02,일꼬르소,5959981,시에로 라이트 푸퍼 다운 자켓 카키,0.0,0,129060,129060,129060,0,0,0.0,40.48,0,low,24.01,4,1,45,https://www.musinsa.com/products/5959981
2026-09-02,그루브라임,5963309,DYEING WASHING DENIM JUMPER (LRRSCUD111M),0.0,0,34900,34900,34900,0,0,0.0,27.14,0,low,24.09,4,1,45,https://www.musinsa.com/products/5963309
2026-09-02,2000아카이브스,5964333,AS WASHED DENIM CAP (DARK BLUE),0.0,0,53860,53860,47130,1,6730,14.28,100.0,1,medium,24.09,5,2,45,https://www.musinsa.com/products/5964333
2026-09-02,무드인사이드,5964909,에센셜 무드 라운드 가디건_7Color,0.0,0,34900,34900,34900,0,0,0.0,27.15,0,low,8.62,18,5,45,https://www.musinsa.com/products/5964909
2026-09-02,제너럴아이디어,5966957,UNISEX 와플 부클 카라 가디건 [IVORY] / GF1UKC001,0.0,0,59200,59200,52500,1,6700,12.76,100.0,1,medium,24.09,5,2,45,https://www.musinsa.com/products/5966957
2026-09-02,파르티멘토,5967405,백 사틴 후디드 필드 파카 베이지,0.0,0,147900,147900,147900,0,0,0.0,40.49,0,low,24.01,4,1,45,https://www.musinsa.com/products/5967405
2026-09-02,르바,5968621,Tiered Volume Dress - Off White,0.0,0,152100,152100,152100,0,0,0.0,77.54,0,low,24.0,4,1,45,https://www.musinsa.com/products/5968621
2026-09-02,제로,5969261,베이직 하드 레더 벨트 [블랙],0.65,22799,35000,35000,35000,0,0,0.0,65.1,0,low,23.99,4,1,45,https://www.musinsa.com/products/5969261
2026-09-02,999휴머니티,5970029,어드벤처 플리츠 데님 팬츠 (빈티지 블루),0.0,0,163000,163000,163000,0,0,0.0,65.1,0,low,23.99,4,1,45,https://www.musinsa.com/products/5970029
2026-09-02,필루미네이트,5970733,(W) 셔링 디테일 셔츠-화이트,0.0,0,35000,35000,35000,0,0,0.0,52.76,0,low,24.02,5,1,45,https://www.musinsa.com/products/5970733
2026-09-02,필루미네이트,5972909,(W) 슬럽 턴업 세미 와이드 데님 팬츠-블루,0.0,0,39000,39000,39000,0,0,0.0,52.76,0,low,24.02,5,1,45,https://www.musinsa.com/products/5972909
2026-09-02,론론,5973037,DOT HEART POCKET OVER FIT LONG SLEEVE NAVY,0.97,52017,53460,53460,41580,1,11880,28.57,100.0,1,medium,24.03,8,2,45,https://www.musinsa.com/products/5973037
2026-09-02,더뮤지엄비지터,5973101,PATCH ARTWORK TOGGLE MINI CROSS BAG (BLACK),0.0,0,77400,77400,77400,0,0,0.0,100.0,1,high,24.09,5,2,45,https://www.musinsa.com/products/5973101
2026-09-02,엘무드,5973805,세빌 울 스트라이프 더블 블레이저 블랙,0.0,0,252000,252000,252000,0,0,0.0,40.5,0,low,24.01,4,1,45,https://www.musinsa.com/products/5973805
2026-09-02,에이치덱스,5975405,컬러 서밋 박스 웜업 저지 롱 슬리브 (White),0.78,65561,84550,84550,84550,0,0,0.0,77.54,0,low,24.0,4,1,45,https://www.musinsa.com/products/5975405
2026-09-02,에이치덱스,5975469,넘버8 컷오프 데미지 슬리브리스 (Black),0.0,0,53100,53100,53100,0,0,0.0,77.55,0,low,24.0,4,1,45,https://www.musinsa.com/products/5975469
2026-09-02,아틀리에 나인,5975597,STRIPE RIBBON BUSTIER BLOUSE (BL-4388),0.0,0,119570,119570,119570,0,0,0.0,65.1,0,low,23.99,4,1,45,https://www.musinsa.com/products/5975597
2026-09-02,메종미네드,5975981,NYLON TRUCKER CAP BROWN,0.0,0,29400,29400,29400,0,0,0.0,90.09,0,low,24.0,4,1,45,https://www.musinsa.com/products/5975981
2026-09-02,꼼파뇨,5976813,쁘띠릴리 레글런 피그먼트 맨투맨 스모크블랙,0.0,0,41800,41800,41800,0,0,0.0,90.1,0,low,24.0,4,1,45,https://www.musinsa.com/products/5976813
2026-09-02,플리즈노팔로우,5976941,Suzan Heart-Neck Long Sleeve Top (Melange Charcoal),0.0,0,75650,75650,75650,0,0,0.0,14.87,0,low,24.09,4,1,45,https://www.musinsa.com/products/5976941
2026-09-02,로제프란츠,5977773,See-through Pleat Short Sleeved Blouse [Sky Blue],0.0,0,53760,53760,53760,0,0,0.0,77.55,0,low,24.0,4,1,45,https://www.musinsa.com/products/5977773
2026-09-02,토피,5980077,포켓 코튼 하프 셔츠 (SAGE GREEN),0.0,0,28900,28900,28900,0,0,0.0,100.0,1,high,24.09,5,2,45,https://www.musinsa.com/products/5980077
2026-09-02,몽돌,5982829,사이드 턱 새틴 미디 스커트 라이트블루 MDSK033LBLUE,0.0,0,43200,43200,43200,0,0,0.0,100.0,1,high,24.09,5,2,45,https://www.musinsa.com/products/5982829
2026-09-02,와이케이,5983213,MELLOW DREAM 스트라이프 레이어드 티셔츠 차콜,0.0,0,59250,59250,59250,0,0,0.0,52.77,0,low,24.02,5,1,45,https://www.musinsa.com/products/5983213
2026-09-02,이지노이지,5983405,워시드 레더 크롭 자켓 - 블랙,0.0,0,129900,129900,129900,0,0,0.0,65.11,0,low,23.99,4,1,45,https://www.musinsa.com/products/5983405
2026-09-02,아틀리에 나인,5983597,CORA LEATHER COTTON JACKET (CT-1481),0.0,0,179730,179730,179730,0,0,0.0,65.11,0,low,23.99,4,1,45,https://www.musinsa.com/products/5983597
2026-09-02,아틀리에 나인,5983725,LOWRISE LINE VOLUME DENIM PANTS (PT-5738),0.0,0,81970,81970,81970,0,0,0.0,65.11,0,low,23.99,4,1,45,https://www.musinsa.com/products/5983725
2026-09-02,틸아이다이,5984109,Tweed blouson jacket [TISP05JK07]_Ivory,0.0,0,158230,158230,176850,1,-18620,-10.53,100.0,1,medium,24.09,5,2,45,https://www.musinsa.com/products/5984109
2026-09-02,던스트,5987501,2-WAY SHIRRING KNIT TOP_UDSW6A204_SOFT BLUE,0.0,0,80100,80100,64080,1,16020,25.0,52.77,0,low,24.02,5,1,45,https://www.musinsa.com/products/5987501
2026-09-02,던스트,5987565,UNISEX LOOSE T-SHIRT_UDTS6A112_WHITE,0.0,0,44100,44100,35280,1,8820,25.0,52.77,0,low,24.02,5,1,45,https://www.musinsa.com/products/5987565
2026-09-02,르바,5992237,Wool Knit Half-zip Pullover - Caramel Beige,0.0,0,169200,169200,169200,0,0,0.0,77.56,0,low,24.0,4,1,45,https://www.musinsa.com/products/5992237
2026-09-02,디스이즈네버댓,5992429,INTL. Logo Zip Up Hoodie Ink,0.41,35333,87200,87200,87200,0,0,0.0,40.53,0,low,24.01,4,1,45,https://www.musinsa.com/products/5992429
2026-09-02,인사일런스,5993261,워시드 코튼 CPO 셔츠 WASHED OLIVE,0.0,0,116100,116100,116100,0,0,0.0,40.54,0,low,24.01,4,1,45,https://www.musinsa.com/products/5993261
2026-09-02,제너럴아이디어,5996269,슬릿 넥 케이프 블라우스 [BLACK] / GF1LBL509,0.0,0,45600,45600,45600,0,0,0.0,100.0,1,high,24.09,5,2,45,https://www.musinsa.com/products/5996269
2026-09-02,몰든,5999597,하이 스트레치 러닝 팬츠,0.0,0,67600,67600,67600,0,0,0.0,27.16,0,low,24.09,4,1,45,https://www.musinsa.com/products/5999597
2026-09-02,길라아카이브,5999917,CUT OUT DOUBLE WAIST BUTTON SKIRTS_BEIGE,0.0,0,75470,75470,75470,0,0,0.0,52.78,0,low,24.02,5,1,45,https://www.musinsa.com/products/5999917
2026-09-02,데꼬로소,6000429,패널 립 라운드 가디건 [그레이],3.67,217971,59400,59400,59400,0,0,0.0,100.0,1,high,24.02,8,4,45,https://www.musinsa.com/products/6000429
2026-09-02,배드블러드,6002221,Mystic Formal Curved Chino Pants - Brown,0.0,0,127200,127200,127200,0,0,0.0,100.0,1,high,24.09,5,2,45,https://www.musinsa.com/products/6002221
2026-09-02,밀로 아카이브,6005485,튠 시그널 트러커 캡 [네이비],0.0,0,41600,41600,41600,0,0,0.0,52.8,0,low,24.02,5,1,45,https://www.musinsa.com/products/6005485
2026-09-02,파르티멘토,6005741,빈티지 치노 팬츠 브라운,0.0,0,61100,61100,61100,0,0,0.0,40.55,0,low,24.01,4,1,45,https://www.musinsa.com/products/6005741
2026-09-02,더바이닐하우스,6007021,BASIC WIDE DENIM PANTS BLUE,0.0,0,76800,76800,72240,1,4560,6.31,40.56,0,low,24.01,4,1,45,https://www.musinsa.com/products/6007021
2026-09-02,탄산마그네슘,6014701,홀스 래빗 롱슬리브 (스카이블루),6.42,339956,52969,56240,52440,1,3800,7.25,100.0,1,medium,9.61,19,8,45,https://www.musinsa.com/products/6014701
2026-09-02,세컨모놀로그,6015661,Cropped Pigment Wash Sweat [CHARCOAL]_SETS054CHARCOAL,0.0,0,66500,66500,66500,0,0,0.0,40.56,0,low,24.01,4,1,45,https://www.musinsa.com/products/6015661
2026-09-02,바이모노,6016493,[빅사이즈 M-6XL] 모노 U.S 오버핏 개파카 야상(ver.숏),0.0,0,89900,89900,89900,0,0,0.0,40.57,0,low,24.01,4,1,45,https://www.musinsa.com/products/6016493
2026-09-02,제멋,6017005,보이 크롭 피그먼트 긴팔티셔츠 애쉬그레이 KJLT2683,0.0,0,28900,28900,28900,0,0,0.0,100.0,1,high,24.09,5,2,45,https://www.musinsa.com/products/6017005
2026-09-02,에이치덱스,6017645,엑스퍼트 스티치 라인 브라탑 (Fog Gray),0.0,0,46550,46550,46550,0,0,0.0,77.58,0,low,24.0,4,1,45,https://www.musinsa.com/products/6017645
2026-09-02,그루브라임,6020973,빈티지 워싱 더블니 벌룬 와이드 데님 팬츠,0.0,0,37800,37800,37800,0,0,0.0,27.16,0,low,24.09,4,1,45,https://www.musinsa.com/products/6020973
2026-09-02,아메스 월드와이드,6021293,OVER FIT STRIPE SHIRTS PINK,0.0,0,44160,44160,44160,0,0,0.0,90.11,0,low,24.0,4,1,45,https://www.musinsa.com/products/6021293
2026-09-02,세터,6023725,블러쉬 메리 스니커즈 올리브 그린,0.0,0,129000,129000,129000,0,0,0.0,65.14,0,low,23.98,4,1,45,https://www.musinsa.com/products/6023725
2026-09-02,어반드레스,6026157,레나 레이어드 니트 티_6Colors,2.92,119055,40800,40800,40800,0,0,0.0,100.0,1,high,24.09,5,2,45,https://www.musinsa.com/products/6026157
2026-09-02,파르티멘토,6030125,와플 헨리 롱 슬리브 블랙,0.0,0,60900,60900,60900,0,0,0.0,40.58,0,low,24.01,4,1,45,https://www.musinsa.com/products/6030125
2026-09-02,에스피오나지,6031597,Multi Check Flap Pocket Shirt Brown,0.0,0,75600,75600,75600,0,0,0.0,100.0,1,high,24.09,5,2,45,https://www.musinsa.com/products/6031597
2026-09-02,루에브르,6035117,Wrap Tuck Detail T-shirt SW6SE644_2color,0.0,0,69000,69000,69000,0,0,0.0,27.17,0,low,24.09,4,1,45,https://www.musinsa.com/products/6035117
2026-09-02,루에브르,6035245,Dual Line Tailored Jacket SW6SJ623-9E,0.0,0,239000,239000,239000,0,0,0.0,27.17,0,low,24.09,4,1,45,https://www.musinsa.com/products/6035245
2026-09-02,다이브인,6035757,WASHED DOUBLE WAIST PANTS (BLACK),0.0,0,95200,95200,95200,0,0,0.0,40.59,0,low,24.01,4,1,45,https://www.musinsa.com/products/6035757
2026-09-02,슬로우애시드,6040173,텍스쳐드 블록 가디건 [레드],0.0,0,57400,57400,57400,0,0,0.0,77.58,0,low,24.0,4,1,45,https://www.musinsa.com/products/6040173
2026-09-02,슬로우애시드,6040301,플란넬 커프 체크 셔츠 [그레이],0.0,0,60200,60200,60200,0,0,0.0,77.58,0,low,24.0,4,1,45,https://www.musinsa.com/products/6040301
2026-09-02,브룩스 브라더스,6040493,코튼 피케 폴로 셔츠 (차콜) (BBNTMNZ502),0.0,0,139000,139000,77840,1,61160,78.57,52.81,0,low,24.02,5,1,45,https://www.musinsa.com/products/6040493
2026-09-02,유라고,6041197,Stripe logo hoodie anorak,1.3,80271,61560,61560,61560,0,0,0.0,65.16,0,low,23.98,4,1,45,https://www.musinsa.com/products/6041197
2026-09-02,본투윈,6042669,NUMBER RINGER REGULAR FIT T-SHIRTS [NAVY],0.0,0,36700,36700,36700,0,0,0.0,100.0,1,high,24.09,5,2,45,https://www.musinsa.com/products/6042669
2026-09-02,제너럴아이디어,6043885,데일리 숏슬리브 티셔츠 [BROWN] / GF1LTS511,0.0,0,23200,23200,23100,1,100,0.43,100.0,1,medium,24.09,5,2,45,https://www.musinsa.com/products/6043885
2026-09-02,제너럴아이디어,6043949,루즈핏 헨리넥 티셔츠 [WHITE] / GF1LTS516,0.0,0,36800,36800,36800,0,0,0.0,100.0,1,high,24.09,5,2,45,https://www.musinsa.com/products/6043949
2026-09-02,썸웨어버터,6044653,Slub Henley Long Top - Grey,0.0,0,45360,45360,45360,0,0,0.0,52.82,0,low,24.02,5,1,45,https://www.musinsa.com/products/6044653
2026-09-02,썬러브투어,6047277,Grand Prix Cap Navy,0.0,0,48300,48300,48300,0,0,0.0,27.17,0,low,24.09,4,1,45,https://www.musinsa.com/products/6047277
2026-09-02,르아브,6050221,마커스 하이넥 블루종 블랙,0.0,0,188300,188300,188300,0,0,0.0,52.82,0,low,24.02,5,1,45,https://www.musinsa.com/products/6050221
2026-09-02,플랙,6050733,페퍼유 X 플랙 블레이저 블랙,0.0,0,168080,168080,168080,0,0,0.0,40.61,0,low,24.01,4,1,45,https://www.musinsa.com/products/6050733
2026-09-02,썸웨어버터,6050989,Pocket Toast Shoulder Bag - Black,0.53,45233,85680,85680,85680,0,0,0.0,52.83,0,low,24.02,5,1,45,https://www.musinsa.com/products/6050989
2026-09-02,로우클래식,6051053,STRIPED V-NECK SWEATER_BLUE [LC261KN01BL],0.0,0,81180,81180,71030,1,10150,14.29,100.0,1,medium,24.09,5,2,45,https://www.musinsa.com/products/6051053
2026-09-02,로우클래식,6051117,REGULAR-FIT Lc CHECKED SHIRT_PINK [LC267SH02PK],0.0,0,118850,118850,118850,0,0,0.0,100.0,1,high,24.09,5,2,45,https://www.musinsa.com/products/6051117
2026-09-02,썸웨어버터,6053869,Lay Button Raglan Top - Light Blue,0.0,0,39200,39200,39200,0,0,0.0,52.83,0,low,24.02,5,1,45,https://www.musinsa.com/products/6053869
2026-09-02,커버낫,6054381,시그니처 심볼 포켓 폴로 티셔츠 블랙,0.0,0,43470,43470,43470,0,0,0.0,40.61,0,low,24.01,4,1,45,https://www.musinsa.com/products/6054381
2026-09-02,시눈,6055661,Flower Veil Blouse (White),0.0,0,118550,118550,131720,1,-13170,-10.0,65.17,0,low,23.98,4,1,45,https://www.musinsa.com/products/6055661
2026-09-02,칙스,6057645,투턱 와이드 버뮤다 팬츠 블랙,0.0,0,31920,31920,31920,0,0,0.0,100.0,1,high,24.09,5,2,45,https://www.musinsa.com/products/6057645
2026-09-02,언타이틀 서울,6058285,언타이틀 체크 숏 슬리브 셔츠 브라운,0.0,0,30800,30800,30800,0,0,0.0,65.17,0,low,23.98,4,1,45,https://www.musinsa.com/products/6058285
2026-09-02,브룩스 브라더스,6058861,[여성] 케이블 브이넥 반팔 (베이지) (BBWNWBG206),0.0,0,143100,143100,127200,1,15900,12.5,52.84,0,low,24.02,5,1,45,https://www.musinsa.com/products/6058861
2026-09-02,제로,6059117,사이드 헨리 넥 롱 슬리브 [차콜],0.0,0,29000,29000,29000,0,0,0.0,65.17,0,low,23.99,4,1,45,https://www.musinsa.com/products/6059117
2026-09-02,언더오프,6065325,크롭 프렌치 워크 자켓 블랙,0.0,0,39920,39920,39920,0,0,0.0,40.62,0,low,24.01,4,1,45,https://www.musinsa.com/products/6065325
2026-09-02,나이스고스트클럽,6065389,3STAR BASIC TEE_CHARCOAL(NG2GMUT534A),0.0,0,24570,24570,24570,0,0,0.0,52.85,0,low,24.02,5,1,45,https://www.musinsa.com/products/6065389
2026-09-02,세터,6065773,[라이즈PICK] 레터링 스트라이프 셔츠 베이지,0.0,0,139000,139000,139000,0,0,0.0,65.18,0,low,23.99,4,1,45,https://www.musinsa.com/products/6065773
2026-09-02,일리고,6067437,돌리 플리츠 미니 스커트 블랙,0.0,0,72000,72000,72000,0,0,0.0,90.13,0,low,24.0,4,1,45,https://www.musinsa.com/products/6067437
2026-09-02,플리즈노팔로우,6067885,Ollie Hooked Cardigan (Oatmeal),0.0,0,78400,78400,78400,0,0,0.0,100.0,1,high,24.09,5,2,45,https://www.musinsa.com/products/6067885
2026-09-02,999휴머니티,6068781,저지 숏 비니 (블랙),0.0,0,58000,58000,58000,0,0,0.0,65.19,0,low,23.98,4,1,45,https://www.musinsa.com/products/6068781
2026-09-02,더바이닐하우스,6075501,RAW CUT OVER LS TEE (W) BLUE,0.0,0,40200,40200,37170,1,3030,8.15,40.63,0,low,24.01,4,1,45,https://www.musinsa.com/products/6075501
2026-09-02,프리즘웍스,6075565,OG STONE WASHED POCKET TEE _ BLACK,0.03,1142,43200,43200,43200,0,0,0.0,100.0,1,high,24.09,5,2,45,https://www.musinsa.com/products/6075565
2026-09-02,바우로 프로덕트,6079021,울 플루이드 니트티 [버건디],0.0,0,49900,49900,49900,0,0,0.0,77.6,0,low,24.0,4,1,45,https://www.musinsa.com/products/6079021
2026-09-02,밀로 아카이브,6080749,러슬링 하프 셔츠 [워시드 블랙],0.0,0,78400,78400,78400,0,0,0.0,52.85,0,low,24.02,5,1,45,https://www.musinsa.com/products/6080749
2026-09-02,유니폼브릿지,6081517,UBC anchor bandana ecru,0.0,0,35100,35100,35100,0,0,0.0,100.0,1,high,24.09,5,2,45,https://www.musinsa.com/products/6081517
2026-09-02,유니폼브릿지,6081645,type-3 trucker jacket blue,0.0,0,89500,89500,89500,0,0,0.0,100.0,1,high,24.09,5,2,45,https://www.musinsa.com/products/6081645
2026-09-02,해칭룸,6081901,Rana Shirt Over Dyed Brown,0.0,0,188000,188000,188000,0,0,0.0,90.14,0,low,24.0,4,1,45,https://www.musinsa.com/products/6081901
2026-09-02,디스이즈네버댓,6087277,International Tee Navy,0.0,0,47200,47200,47200,0,0,0.0,40.64,0,low,24.01,4,1,45,https://www.musinsa.com/products/6087277
2026-09-02,무센트,6089581,엑시엄 사선 헨리넥 배색 긴팔 티,0.0,0,35910,35910,27930,1,7980,28.57,40.65,0,low,24.01,4,1,45,https://www.musinsa.com/products/6089581
2026-09-02,나이스고스트클럽,6089965,BIG EYES DOLL TEE_CHARCOAL(NG2GMFT505A),0.53,12977,24570,24570,24570,0,0,0.0,52.86,0,low,24.02,5,1,45,https://www.musinsa.com/products/6089965
2026-09-02,나이스고스트클럽,6090029,BIG EYES DOLL KEY CHAIN_MIX(NG2GSUAB63A),0.0,0,11970,11970,11970,0,0,0.0,52.86,0,low,24.02,5,1,45,https://www.musinsa.com/products/6090029
2026-09-02,나이스고스트클럽,6090989,DEVIL BEAR DOLL PIGMENT DYED TEE_CHARCOAL(NG2GMUT509A),0.0,0,32760,32760,32760,0,0,0.0,52.86,0,low,24.02,5,1,45,https://www.musinsa.com/products/6090989
2026-09-02,코드그라피,6091949,(우먼) 레이어드 프릴 반소매 티셔츠-오프 화이트,0.0,0,48300,48300,48300,0,0,0.0,77.6,0,low,24.0,4,1,45,https://www.musinsa.com/products/6091949
2026-09-02,코드그라피,6092013,포켓 반소매 셔츠-스카이 블루,0.0,0,71100,71100,71100,0,0,0.0,77.61,0,low,24.0,4,1,45,https://www.musinsa.com/products/6092013
2026-09-02,트리밍버드,6092973,Slash-Pleated Nylon Track Pants [ Black ],0.0,0,179000,179000,179000,0,0,0.0,100.0,1,high,24.09,5,2,45,https://www.musinsa.com/products/6092973
2026-09-02,몽돌,6093037,골지 캡소매 홀터 스트랩 니트 MDKT125_5 Colors,0.0,0,25200,25200,25200,0,0,0.0,100.0,1,high,24.09,5,2,45,https://www.musinsa.com/products/6093037
2026-09-02,르바,6095469,All-day Cotton Rib T-shirt - Cream Butter,0.0,0,37800,37800,37800,0,0,0.0,77.61,0,low,24.0,4,1,45,https://www.musinsa.com/products/6095469
2026-09-02,브룩스 브라더스,6099181,Yacht 그래픽 반팔 티셔츠 (네이비) (BBNPMBG202),0.0,0,83300,83300,76160,1,7140,9.38,52.86,0,low,24.02,5,1,45,https://www.musinsa.com/products/6099181
2026-09-02,메인부스,6099565,Cookie Stripe Hood T-shirt(YELLOW),0.0,0,84100,84100,84100,0,0,0.0,77.62,0,low,24.0,4,1,45,https://www.musinsa.com/products/6099565
2026-09-02,시야쥬,6102509,SITP5270 컴포트 U넥 나시탑_Red,0.0,0,35100,35100,35100,0,0,0.0,40.66,0,low,24.01,4,1,45,https://www.musinsa.com/products/6102509
2026-09-02,마인드브릿지,6103277,두굿_그래픽 빈티지 오버핏 반팔 티셔츠,0.9,17939,19900,19900,19900,0,0,0.0,90.15,0,low,24.0,8,1,45,https://www.musinsa.com/products/6103277
2026-09-02,썬러브투어,6103533,W Love Your Sunshine Tee White/Lavender,0.0,0,48300,48300,48300,0,0,0.0,27.2,0,low,24.09,4,1,45,https://www.musinsa.com/products/6103533
2026-09-02,필루미네이트,6108845,세미 크롭 체크 하프 셔츠-스카이블루,0.0,0,32000,32000,32000,0,0,0.0,52.87,0,low,24.02,5,1,45,https://www.musinsa.com/products/6108845
2026-09-02,미세키서울 맨,6110957,MSKM short sleeve WHITE,0.0,0,57800,57800,57800,0,0,0.0,65.2,0,low,23.98,4,1,45,https://www.musinsa.com/products/6110957
2026-09-02,마인드브릿지 우먼,6112493,[W]브이넥 타이 반팔 화이트 블라우스,0.0,0,71900,71900,71900,0,0,0.0,65.21,0,low,23.98,4,1,45,https://www.musinsa.com/products/6112493
2026-09-02,론론,6114413,MULTI STRIPE LETTERING T SHIRT NAVY,0.0,0,44550,44550,44550,0,0,0.0,100.0,1,high,24.09,5,2,45,https://www.musinsa.com/products/6114413
2026-09-02,론론,6115437,DUFFLE PLACKET HOODIE ZIP UP IVORY,0.0,0,107730,107730,107730,0,0,0.0,100.0,1,high,24.09,5,2,45,https://www.musinsa.com/products/6115437
2026-09-02,러브이즈트루,6117293,SHUGO CHARA! RIMA RINGER TEE(GRAY),0.0,0,54000,54000,54000,0,0,0.0,52.88,0,low,24.02,5,1,45,https://www.musinsa.com/products/6117293
2026-09-02,코드그라피,6118893,(우먼) 레글런 배색 롱슬리브_화이트,0.0,0,34300,34300,34300,0,0,0.0,77.62,0,low,24.0,4,1,45,https://www.musinsa.com/products/6118893
2026-09-02,플랙,6121645,캔버스 메일 백 2colors,0.0,0,53460,53460,53460,0,0,0.0,40.67,0,low,24.01,4,1,45,https://www.musinsa.com/products/6121645
2026-09-02,허그본,6123693,코어 테리 롱슬리브 [블랙],0.0,0,32300,32300,32300,0,0,0.0,77.62,0,low,24.0,4,1,45,https://www.musinsa.com/products/6123693
2026-09-02,오퍼스 0012,6126317,Op. 07 BAROQUE T-SHIRT BLACK,0.85,37648,44250,44250,44250,0,0,0.0,100.0,1,high,24.09,5,2,45,https://www.musinsa.com/products/6126317
2026-09-02,비바라비다,6126637,Alive 시어 윈드 브레이커 자켓,0.0,0,54900,54900,54900,0,0,0.0,100.0,1,high,24.09,5,2,45,https://www.musinsa.com/products/6126637
2026-09-02,인사일런스,6129709,와플 크루넥 롱슬리브 BLACK,0.0,0,44100,44100,44100,0,0,0.0,40.67,0,low,24.01,4,1,45,https://www.musinsa.com/products/6129709
2026-09-02,브룩스 브라더스,6134765,[여성] 코튼 쇼츠 (네이비) (BBPSWFG201),0.0,0,143100,143100,127200,1,15900,12.5,52.88,0,low,24.02,5,1,45,https://www.musinsa.com/products/6134765
2026-09-02,필루미네이트,6135405,(W) 에센셜 나일론 쇼츠-그레이,0.0,0,32000,32000,32000,0,0,0.0,52.88,0,low,24.02,5,1,45,https://www.musinsa.com/products/6135405
2026-09-02,필루미네이트,6140909,볼링 하프 셔츠-네이비,0.0,0,32000,32000,32000,0,0,0.0,52.89,0,low,24.02,5,1,45,https://www.musinsa.com/products/6140909
2026-09-02,일리고,6149101,세라 퍼프 블라우스 그레이,0.9,55910,62000,62000,62000,0,0,0.0,90.19,0,low,24.0,4,1,45,https://www.musinsa.com/products/6149101
2026-09-02,파르티멘토 우먼,6151341,셔링 레이스업 발레 플랫_브라운,0.0,0,277200,277200,277200,0,0,0.0,90.19,0,low,24.0,4,1,45,https://www.musinsa.com/products/6151341
2026-09-02,브룩스 브라더스,6151917,스트라이프 풀오버 스웨터 (화이트) (BBWRMBG205),0.0,0,215100,215100,191200,1,23900,12.5,52.89,0,low,24.02,5,1,45,https://www.musinsa.com/products/6151917
2026-09-02,브룩스 브라더스,6152173,[여성] 코튼 케이블 폴로 반팔 스웨터 (블루) (BBWTWBG202),0.0,0,143200,143200,128880,1,14320,11.11,52.89,0,low,24.02,5,1,45,https://www.musinsa.com/products/6152173
2026-09-02,브룩스 브라더스,6152429,코튼 케이블 크루넥 반팔 스웨터 (블루) (BBWRMOG203),0.0,0,125300,125300,100240,1,25060,25.0,52.9,0,low,24.02,5,1,45,https://www.musinsa.com/products/6152429
2026-09-02,키르시,6153645,스몰 체리 슬림핏 스트라이프 티셔츠 [화이트],0.0,0,37050,37050,33350,1,3700,11.09,40.68,0,low,24.01,4,1,45,https://www.musinsa.com/products/6153645
2026-09-02,키르시,6153709,키르시 베이직 데님 쇼츠 [차콜],0.0,0,59600,59600,64080,1,-4480,-6.99,40.68,0,low,24.01,4,1,45,https://www.musinsa.com/products/6153709
2026-09-02,노티카,6155885,세일링 레가타 티셔츠(4colors) NTS5676,0.0,0,29400,29400,29400,0,0,0.0,65.22,0,low,23.98,4,1,45,https://www.musinsa.com/products/6155885
2026-09-02,수아레,6156717,[수아레 x 핏더사이즈] 코튼 울 텍스처 크롭 반팔 니트 (2종),9.56,190212,19900,19900,19900,0,0,0.0,100.0,1,low,15.16,17,6,45,https://www.musinsa.com/products/6156717
2026-09-02,칙스,6159469,헤어리 모헤어 후드 가디건 차콜,0.0,0,61110,61110,67900,1,-6790,-10.0,100.0,1,medium,24.09,5,2,45,https://www.musinsa.com/products/6159469
2026-09-02,아메스 월드와이드,6162349,CLASSIC STRIPE EASY SHORTS IVORY,0.0,0,33040,33040,28910,1,4130,14.29,90.2,0,low,24.0,4,1,45,https://www.musinsa.com/products/6162349
2026-09-02,아메스 월드와이드,6162925,AMES CIRCLE LOGO SYMBOL TEE CHARCOAL,0.9,15334,17000,17000,17000,0,0,0.0,90.21,0,low,24.0,4,1,45,https://www.musinsa.com/products/6162925
2026-09-02,언타이틀 서울,6166189,유니콘 스티치 스트라이프 크롭 반팔 블랙,0.0,0,23800,23800,23800,0,0,0.0,65.23,0,low,23.98,4,1,45,https://www.musinsa.com/products/6166189
2026-09-02,인사일런스 우먼,6170925,와플 베이비핏 캡슬리브 IVORY,0.0,0,53100,53100,53100,0,0,0.0,100.0,1,high,24.09,5,2,45,https://www.musinsa.com/products/6170925
2026-09-02,999휴머니티,6172909,선페이드 하프 티셔츠 (오렌지),0.0,0,88000,88000,88000,0,0,0.0,65.23,0,low,23.98,4,1,45,https://www.musinsa.com/products/6172909
2026-09-02,아틀리에 나인,6173805,SHEER STRIPE OVERSIZED SHIRT (BL-4412),0.65,55934,85680,85680,85680,0,0,0.0,65.24,0,low,23.98,4,1,45,https://www.musinsa.com/products/6173805
2026-09-02,엘무드,6174253,디온 비스코스 슬리브리스 니트 (2 COLOR),0.0,0,57600,57600,57600,0,0,0.0,40.69,0,low,24.01,4,1,45,https://www.musinsa.com/products/6174253
2026-09-02,더바넷,6174509,Terry Logo Half-Zip Pullover_Grey,0.0,0,106200,106200,106200,0,0,0.0,77.63,0,low,24.0,4,1,45,https://www.musinsa.com/products/6174509
2026-09-02,더블유엠씨,6174701,와이드 트리밍팬츠_BLACK,0.0,0,51600,51600,51600,0,0,0.0,52.9,0,low,24.02,5,1,45,https://www.musinsa.com/products/6174701
2026-09-02,알리스,6175981,썸머 소프트 슬럽 U넥 크롭 하프 티셔츠 [3COLOR],8.75,260284,29750,29750,29750,0,0,0.0,100.0,1,low,9.0,16,7,45,https://www.musinsa.com/products/6175981
2026-09-02,꼼파뇨,6176109,루나 스타 버뮤다 팬츠 그레이,0.0,0,37950,37950,37950,0,0,0.0,90.22,0,low,24.0,4,1,45,https://www.musinsa.com/products/6176109
2026-09-02,그루브라임,6177133,밴딩 원턱 데님 반바지 (2COLOR) (LRRMDDH315M),0.0,0,12900,12900,12900,0,0,0.0,27.23,0,low,24.09,4,1,45,https://www.musinsa.com/products/6177133
2026-09-02,무센트,6177197,히카로 레터링 반팔 티 (2컬러),0.0,0,26910,26910,20930,1,5980,28.57,40.69,0,low,24.01,4,1,45,https://www.musinsa.com/products/6177197
2026-09-02,모즈모즈,6177837,[SET]스포티 에어 메쉬 반팔 트레이닝세트 블랙,0.0,0,48400,48400,48400,0,0,0.0,65.25,0,low,23.98,4,1,45,https://www.musinsa.com/products/6177837
2026-09-02,론론,6184941,FRILL RIBBON HOODIE BLACK DOT,0.0,0,71280,71280,71280,0,0,0.0,100.0,1,high,24.09,5,2,45,https://www.musinsa.com/products/6184941
2026-09-02,론론,6185709,RELAXED BANDING HALF PANTS GREY,0.0,0,89100,89100,89100,0,0,0.0,100.0,1,high,24.09,5,2,45,https://www.musinsa.com/products/6185709
2026-09-02,카네이테이,6186413,BERMUDA DENIM SHORTS (SAND BLUE),0.0,0,55200,55200,55200,0,0,0.0,100.0,1,high,24.09,5,2,45,https://www.musinsa.com/products/6186413
2026-09-02,카네이테이,6187245,DENIM HALF SHIRT (BLACK),0.0,0,37340,37340,37340,0,0,0.0,100.0,1,high,24.09,5,2,45,https://www.musinsa.com/products/6187245
2026-09-02,비터셀즈,6188397,에센셜 츄이 에스티 슬리브리스-크림,0.0,0,26730,26730,26730,0,0,0.0,90.22,0,low,24.0,4,1,45,https://www.musinsa.com/products/6188397
2026-09-02,본투윈,6188525,W DOUBLE LINE BAND 3.5 BIKER SHORTS [BLACK],0.0,0,59000,59000,59000,0,0,0.0,100.0,1,high,24.09,5,2,45,https://www.musinsa.com/products/6188525
2026-09-02,낫포너드,6191597,Fragmented Self Loose Cropped T-Shirts - Black,0.78,23826,30690,30690,30690,0,0,0.0,77.64,0,low,24.0,4,1,45,https://www.musinsa.com/products/6191597
2026-09-02,어나더 오피스,6192365,Atelier Wide Denim Pants (Faded Blue),0.0,0,198000,198000,198000,0,0,0.0,100.0,1,high,24.09,5,2,45,https://www.musinsa.com/products/6192365
2026-09-02,무드인사이드,6193709,[3STYLE] 레더 카 코트,0.0,0,89900,89900,89900,0,0,0.0,27.24,0,low,24.09,4,1,45,https://www.musinsa.com/products/6193709
2026-09-02,스컬프터,6196397,Healing Off-Shoulder Tee White,0.0,0,41600,41600,41600,0,0,0.0,100.0,1,high,24.09,5,2,45,https://www.musinsa.com/products/6196397
2026-09-02,비터셀즈,6199853,홀 오프 숄더 슬리브리스-아이보리,0.0,0,28350,28350,28350,0,0,0.0,90.22,0,low,24.0,4,1,45,https://www.musinsa.com/products/6199853
2026-09-02,루에브르,6201901,Plage Slide HA6SE021_2color,0.0,0,199000,199000,199000,0,0,0.0,27.24,0,low,24.09,4,1,45,https://www.musinsa.com/products/6201901
2026-09-02,세터,6202157,(W) 링클 컬러 블록 스크런치 블랙,0.0,0,19000,19000,19000,0,0,0.0,65.25,0,low,23.98,4,1,45,https://www.musinsa.com/products/6202157
2026-09-02,아웃스탠딩,6202221,[LOONEY TUNES] HALF SLEEVE TEE(SYLVESTER)_1%OATMEAL,0.0,0,48600,48600,48600,0,0,0.0,14.98,0,low,24.09,4,1,45,https://www.musinsa.com/products/6202221
2026-09-02,아웃스탠딩,6202285,[LOONEY TUNES] HALF SLEEVE TEE(RUNNING)_NAVY,0.15,5775,38700,38700,38700,0,0,0.0,14.98,0,low,24.09,7,1,45,https://www.musinsa.com/products/6202285
2026-09-02,아웃스탠딩,6202413,[LOONEY TUNES] GRAPHIC OPEN COLLAR HALF SHIRT_IVORY,0.0,0,97200,97200,97200,0,0,0.0,14.98,0,low,24.09,4,1,45,https://www.musinsa.com/products/6202413
2026-09-02,유니온블루,6203181,[V2] M65 WIDE CARGO PANTS [KHAKI],5.16,534579,103680,103680,103680,0,0,0.0,100.0,1,high,24.09,10,6,45,https://www.musinsa.com/products/6203181
2026-09-02,스컬프터,6204333,My Go To Sleeveless Top Melange Gray,0.0,0,18900,18900,18900,0,0,0.0,100.0,1,high,24.09,5,2,45,https://www.musinsa.com/products/6204333
2026-09-02,언탭트 스튜디오,6204461,쿨 라이크 린넨 크로쉐 라운드 반팔 니트 5COLOR,11.97,322002,26910,26910,26910,0,0,0.0,100.0,1,high,9.92,21,7,45,https://www.musinsa.com/products/6204461
2026-09-02,세터,6204525,[신예은PICK] 뉴 썬 레트로 그래픽 반팔 티셔츠 차콜,0.0,0,69000,69000,69000,0,0,0.0,65.25,0,low,23.98,4,1,45,https://www.musinsa.com/products/6204525
2026-09-02,배드블러드,6205293,B.A.D. Short Sleeve T-Shirt - Black,0.0,0,55200,55200,55200,0,0,0.0,100.0,1,high,24.09,5,2,45,https://www.musinsa.com/products/6205293
2026-09-02,미세키서울 맨,6206125,MSKM denim ball cap LIGHT BLUE,0.0,0,46980,46980,46980,0,0,0.0,65.26,0,low,23.98,4,1,45,https://www.musinsa.com/products/6206125
2026-09-02,미세키서울 맨,6206189,Dyed stripe shirt CHARCOAL,0.0,0,134300,134300,134300,0,0,0.0,65.26,0,low,23.98,4,1,45,https://www.musinsa.com/products/6206189
2026-09-02,코드그라피,6207533,커브드 트레이닝 팬츠-블랙,0.0,0,80100,80100,80100,0,0,0.0,77.64,0,low,24.0,4,1,45,https://www.musinsa.com/products/6207533
2026-09-02,코드그라피,6207597,(우먼) 스퀘어 로고 반소매 티셔츠-민트,0.0,0,37800,37800,37800,0,0,0.0,77.64,0,low,24.0,4,1,45,https://www.musinsa.com/products/6207597
2026-09-02,코드그라피,6207853,(우먼) 체크 롱 스커트-스카이 블루,0.0,0,80100,80100,80100,0,0,0.0,77.65,0,low,24.0,4,1,45,https://www.musinsa.com/products/6207853
2026-09-02,스컬프터,6210349,Certified Girl Tee Black,0.0,0,39680,39680,39680,0,0,0.0,100.0,1,high,24.09,5,2,45,https://www.musinsa.com/products/6210349
2026-09-02,에이치덱스,6212461,우먼스 서포트 3.5 바이커 쇼츠 (Fog Gray),0.0,0,27300,27300,27300,0,0,0.0,77.65,0,low,24.0,4,1,45,https://www.musinsa.com/products/6212461
2026-09-02,틸아이다이,6213101,Layered ruffle rib t-shirt [TISU05TS02]_Butter,0.0,0,52490,52490,52490,0,0,0.0,100.0,1,high,24.09,5,2,45,https://www.musinsa.com/products/6213101
2026-09-02,틸아이다이,6213229,Shirring blouse [TISU05BL02]_Pink,0.0,0,55530,55530,61180,1,-5650,-9.24,100.0,1,medium,24.09,5,2,45,https://www.musinsa.com/products/6213229
2026-09-02,언탭트 스튜디오,6214061,[SET UP]라이크 린넨 오버핏 블레이져 자켓+투턱 와이드 슬랙스 2COLOR,10.57,577284,54600,54600,54600,0,0,0.0,100.0,1,high,9.92,13,7,45,https://www.musinsa.com/products/6214061
2026-09-02,디스이즈네버댓,6219245,Broken Logo Cap Green,0.0,0,38500,38500,38500,0,0,0.0,40.7,0,low,24.01,4,1,45,https://www.musinsa.com/products/6219245
2026-09-02,파브레가,6221357,아즈카 체크 하프 셔츠 (차콜),0.0,0,66600,66600,66600,0,0,0.0,77.66,0,low,24.0,4,1,45,https://www.musinsa.com/products/6221357
2026-09-02,에이이에이이,6221997,FLOWER DOME MINI BAG [WHITE],0.0,0,43470,43470,43470,0,0,0.0,90.24,0,low,24.0,4,1,45,https://www.musinsa.com/products/6221997
2026-09-02,아이돈워너셀,6225645,Novichi T-Shirt Gray,0.0,0,43200,43200,43200,0,0,0.0,40.71,0,low,24.01,4,1,45,https://www.musinsa.com/products/6225645
2026-09-02,트리밍버드,6226605,Triple-Strap Minimal Flats [ Black ],0.0,0,249000,249000,249000,0,0,0.0,100.0,1,high,24.09,5,2,45,https://www.musinsa.com/products/6226605
2026-09-02,트리밍버드,6226861,Hook and Eye Boxy T-Shirts [ White ],0.0,0,98000,98000,98000,0,0,0.0,100.0,1,high,24.09,5,2,45,https://www.musinsa.com/products/6226861
2026-09-02,비긴202,6233645,엣지 워크 라보 팬츠 [카키 올리브],11.65,1475638,126650,126650,126650,0,0,0.0,100.0,1,low,9.04,9,7,45,https://www.musinsa.com/products/6233645
2026-09-02,와르,6234797,M1087 컷 오프 라운드 반팔 티셔츠_블랙,0.0,0,39990,39990,39990,0,0,0.0,100.0,1,high,24.09,5,2,45,https://www.musinsa.com/products/6234797
2026-09-02,드로우핏,6234989,러스터 싱글 라인 트랙 팬츠 [BLACK],0.0,0,49500,49500,49500,0,0,0.0,77.66,0,low,24.0,4,1,45,https://www.musinsa.com/products/6234989
2026-09-02,브라운브레스,6235565,TAG RIPSTOP WORK SHIRTS - BLUE,0.0,0,99000,99000,99000,0,0,0.0,27.26,0,low,24.09,4,1,45,https://www.musinsa.com/products/6235565
2026-09-02,더블유엠씨,6239341,[UV 프로텍션] 2WAY 시어드 스탠넥 자켓_GREY,0.0,0,59500,59500,59500,0,0,0.0,52.92,0,low,24.02,5,1,45,https://www.musinsa.com/products/6239341
2026-09-02,엑스트라오디너리,6242157,[엑스트라오디너리 X 심시티] ODDS RACE SEOUL LIGHT BEIGE,0.0,0,32450,32450,32450,0,0,0.0,90.24,0,low,24.01,4,1,45,https://www.musinsa.com/products/6242157
2026-09-02,프렌다,6243821,NUMBER SEVEN OFF-SHOULDER SHORT SLEEVE BROWN,0.0,0,20580,20580,20580,0,0,0.0,27.26,0,low,24.09,4,1,45,https://www.musinsa.com/products/6243821
2026-09-02,커버낫,6245421,[커버낫 X 미즈노] 패커블 백팩 윈드브레이커 베이지,0.0,0,199200,199200,199200,0,0,0.0,40.72,0,low,24.01,4,1,45,https://www.musinsa.com/products/6245421
2026-09-02,세컨모놀로그,6247085,Relaxed Roll Sleeve Shirt [BEIGE]_SESH029BEIGE,0.0,0,49200,49200,49200,0,0,0.0,40.72,0,low,24.01,4,1,45,https://www.musinsa.com/products/6247085
2026-09-02,브룩스 브라더스,6253293,코튼린넨 스트링팬츠 (다크네이비) (BBPCMBG203),0.0,0,191200,191200,172080,1,19120,11.11,52.93,0,low,24.02,5,1,45,https://www.musinsa.com/products/6253293
2026-09-02,아웃스탠딩,6253421,IPFU UTILIITY RUNNING SHORTS_OLIVE,0.15,6597,44100,44100,44100,0,0,0.0,15.01,0,low,24.09,4,1,45,https://www.musinsa.com/products/6253421
2026-09-02,제너럴아이디어,6253613,보트넥 맨투맨 원피스 [MELANGE GREY] / GF2LOP509,0.0,0,60000,60000,60000,0,0,0.0,100.0,1,high,24.09,5,2,45,https://www.musinsa.com/products/6253613
2026-09-02,미세키서울,6254189,Midnight stars fitted short sleeve CHARCOAL,0.0,0,52200,52200,52200,0,0,0.0,90.25,0,low,24.01,4,1,45,https://www.musinsa.com/products/6254189
2026-09-02,웬즈데이오아시스,6259693,롤업 스트라이프 셔츠_IVORY(WB6SH09),0.0,0,53900,53900,53900,0,0,0.0,27.27,0,low,24.09,4,1,45,https://www.musinsa.com/products/6259693
2026-09-02,웬즈데이오아시스,6259885,빈티지 헨리넥 반팔 티셔츠_KHAKI(WB6TP27),0.0,0,38500,38500,38500,0,0,0.0,27.28,0,low,24.09,4,1,45,https://www.musinsa.com/products/6259885
2026-09-02,비헤비어,6262317,EUROPEAN FLAX™ LINEN ROLL NECK 1/2 KNIT greige/forest,0.0,0,160550,160550,160550,0,0,0.0,90.27,0,low,24.01,4,1,45,https://www.musinsa.com/products/6262317
2026-09-02,디스이즈네버댓,6262637,Spiral Note W Tee White,0.0,0,41600,41600,41600,0,0,0.0,40.74,0,low,24.01,4,1,45,https://www.musinsa.com/products/6262637
2026-09-02,길라아카이브,6262893,LEOPARD PEARL CHAIN MESH CAP_GREY,0.0,0,37170,37170,37170,0,0,0.0,52.93,0,low,24.02,5,1,45,https://www.musinsa.com/products/6262893
2026-09-02,길라아카이브,6263277,DOUBLE LAYERED CAMISOLE_KHAKI,0.0,0,32760,32760,32760,0,0,0.0,52.93,0,low,24.02,5,1,45,https://www.musinsa.com/products/6263277
2026-09-02,길라아카이브,6263725,DANGER GIRL CROP T-SHIRTS_NAVY,0.0,0,26460,26460,26460,0,0,0.0,52.94,0,low,24.02,5,1,45,https://www.musinsa.com/products/6263725
2026-09-02,넌블랭크,6272493,W29 워셔블 세미 오버핏 셋업_BLACK,0.0,0,303840,303840,303840,0,0,0.0,52.95,0,low,24.02,5,1,45,https://www.musinsa.com/products/6272493
2026-09-02,넌블랭크,6272557,[여름]시어서커 엠보싱 루즈핏 셋업_DARK NAVY,0.0,0,231040,231040,231040,0,0,0.0,52.95,0,low,24.02,5,1,45,https://www.musinsa.com/products/6272557
2026-09-02,유니폼브릿지,6274733,motorcycle s/s t-shirt(womens) blue,0.0,0,47200,47200,47200,0,0,0.0,100.0,1,high,24.09,5,2,45,https://www.musinsa.com/products/6274733
2026-09-02,드로우핏 우먼,6275821,코튼 스트라이프 반팔 카라 니트 [BEIGE],0.0,0,47520,47520,59400,1,-11880,-20.0,27.29,0,low,24.09,4,1,45,https://www.musinsa.com/products/6275821
2026-09-02,드로우핏 우먼,6275885,스트라이프 스탠다드 오픈 카라 반팔 셔츠 [WHITE],0.0,0,44640,44640,55800,1,-11160,-20.0,27.29,0,low,24.09,4,1,45,https://www.musinsa.com/products/6275885
2026-09-02,트리밍버드,6276205,TMB Active Socks [ Black ],0.0,0,29000,29000,29000,0,0,0.0,100.0,1,high,24.09,5,2,45,https://www.musinsa.com/products/6276205
2026-09-02,트리밍버드,6276269,TMB Active Layered Training Shorts [ Black ],0.0,0,129000,129000,129000,0,0,0.0,100.0,1,high,24.09,5,2,45,https://www.musinsa.com/products/6276269
2026-09-02,미세키서울,6277229,[미세키서울X여밈] Messy bag BLACK,0.0,0,79200,79200,79200,0,0,0.0,90.28,0,low,24.01,4,1,45,https://www.musinsa.com/products/6277229
2026-09-02,세터,6292269,썬 레트로 그래픽 반팔 티셔츠 차콜 핑크,0.0,0,79000,79000,79000,0,0,0.0,65.3,0,low,23.98,4,1,45,https://www.musinsa.com/products/6292269
2026-09-02,무드인사이드,6299245,헤링본 데님 트러커 자켓,0.0,0,54900,54900,54900,0,0,0.0,27.29,0,low,24.09,4,1,45,https://www.musinsa.com/products/6299245
2026-09-02,미세키서울,6299565,[레이 PICK] Shirring pocket bootscut pants BLACK,0.0,0,164700,164700,164700,0,0,0.0,90.28,0,low,24.01,4,1,45,https://www.musinsa.com/products/6299565
2026-09-02,썸웨어버터,6299693,Fuzzy Heart Logo Over-Fit Top - Light Pink,0.0,0,49000,49000,49000,0,0,0.0,52.97,0,low,24.02,5,1,45,https://www.musinsa.com/products/6299693
2026-09-02,썸웨어버터,6300205,Toast Bag - Light Blue,0.0,0,69120,69120,69120,0,0,0.0,52.97,0,low,24.02,5,1,45,https://www.musinsa.com/products/6300205
2026-09-02,노매뉴얼,6306349,개나리 VS 결호 - 흑색,0.0,0,42000,42000,42000,0,0,0.0,90.29,0,low,24.01,4,1,45,https://www.musinsa.com/products/6306349
2026-09-02,어나더 오피스,6307309,[SET] Flow CPO Set-Up (Graphite),0.0,0,275400,275400,275400,0,0,0.0,100.0,1,high,24.09,5,2,45,https://www.musinsa.com/products/6307309
2026-09-02,해칭룸,6307373,Incision Tee Dark Red,0.0,0,83000,83000,83000,0,0,0.0,90.29,0,low,24.01,4,1,45,https://www.musinsa.com/products/6307373
2026-09-02,아틀리에 나인,6308205,COLOR POINT SLEEVELESS KNIT TOP (T-7261),0.0,0,47200,47200,47200,0,0,0.0,65.31,0,low,23.98,4,1,45,https://www.musinsa.com/products/6308205
2026-09-02,넌블랭크,6308909,기자 코튼 크롭 HS 티셔츠_BLACK,0.0,0,39920,39920,39920,0,0,0.0,52.97,0,low,24.02,5,1,45,https://www.musinsa.com/products/6308909
2026-09-02,넌블랭크,6309101,기자 코튼 HS 티셔츠_BLACK,0.0,0,39920,39920,39920,0,0,0.0,52.97,0,low,24.02,5,1,45,https://www.musinsa.com/products/6309101
2026-09-02,러브이즈트루,6310637,SY COLOR SCHEME PANTS(KHAKI),0.0,0,113400,113400,113400,0,0,0.0,52.98,0,low,24.02,2,1,45,https://www.musinsa.com/products/6310637
2026-09-02,더뮤지엄비지터,6312301,PACKABLE LOGO BACKPACK (BURGUNDY),0.0,0,41300,41300,41300,0,0,0.0,100.0,1,high,24.09,5,2,45,https://www.musinsa.com/products/6312301
2026-09-02,더뮤지엄비지터,6312365,ART STRAP BIG TOTE BAG (IVORY),0.0,0,43350,43350,43350,0,0,0.0,100.0,1,high,24.09,5,2,45,https://www.musinsa.com/products/6312365
2026-09-02,르바,6318253,Fresh Cotton V-Neck Knit - BubbleGum Pink,0.0,0,64800,64800,64800,0,0,0.0,77.69,0,low,24.0,4,1,45,https://www.musinsa.com/products/6318253
2026-09-02,플리즈노팔로우,6331565,Niv Panel Zip-Up Sleeveless Top (Indigo),0.0,0,105600,105600,105600,0,0,0.0,100.0,1,high,24.09,5,2,45,https://www.musinsa.com/products/6331565
2026-09-02,글로니,6331821,G DOUBLE SLEEVE LETTER TEE (IVORY),0.0,0,101250,101250,101250,0,0,0.0,100.0,1,high,24.09,5,2,45,https://www.musinsa.com/products/6331821
2026-09-02,글로니,6331949,G CONTRAST SWEATPANTS 2.0 (BROWN),0.0,0,119880,119880,119880,0,0,0.0,100.0,1,high,24.09,5,2,45,https://www.musinsa.com/products/6331949
2026-09-02,론론,6333613,DESSERT RR OVER FIT T SHIRT CHARCOAL,0.0,0,53460,53460,53460,0,0,0.0,100.0,1,high,24.09,5,2,45,https://www.musinsa.com/products/6333613
2026-09-02,론론,6333869,FLARED LAYERED BELT SKIRT BLACK,0.0,0,62370,62370,62370,0,0,0.0,100.0,1,high,24.09,5,2,45,https://www.musinsa.com/products/6333869
2026-09-02,인사일런스 우먼,6333997,프리덤 그래픽 티셔츠 NAVY,0.0,0,46800,46800,49400,1,-2600,-5.26,100.0,1,medium,24.09,5,2,45,https://www.musinsa.com/products/6333997
2026-09-02,룩캐스트,6337645,밀렌 소프트 썸머 플리츠 스커트_차콜 / MYLENE SOFT SUMMER PLEATED SKIRT_CHARCOAL,0.0,0,63490,63490,63490,0,0,0.0,90.29,0,low,24.01,4,1,45,https://www.musinsa.com/products/6337645
2026-09-02,배드블러드,6341293,Peace Not War 프린트 루즈핏 롱슬리브 - 블랙,0.0,0,63200,63200,63200,0,0,0.0,100.0,1,high,24.09,5,2,45,https://www.musinsa.com/products/6341293
2026-09-02,트리밍버드,6341933,Essential U-Neck Ribbed T-Shirt [ Black ],0.0,0,59000,59000,59000,0,0,0.0,100.0,1,high,24.09,5,2,45,https://www.musinsa.com/products/6341933
2026-09-02,드릭스,6352237,워셔블 린넨 머슬핏 배색 카라 반팔 니트_3color,3.25,101664,31280,31280,31280,0,0,0.0,100.0,1,high,24.09,9,6,45,https://www.musinsa.com/products/6352237
2026-09-02,브룩스 브라더스,6361581,[BB x KT WIZ] 스웨트셔츠 (네이비) (BBNPMOG191),0.0,0,99000,99000,99000,0,0,0.0,53.0,0,low,24.02,5,1,45,https://www.musinsa.com/products/6361581
2026-09-02,프리즘웍스,6362413,PUFF FICTION HALF TEE _ BLACK,0.0,0,26460,26460,26460,0,0,0.0,100.0,1,high,24.03,16,2,45,https://www.musinsa.com/products/6362413
2026-09-02,글로니,6364077,G CLASSIC SCOOP NECK SLEEVELESS (OATMEAL),1.94,69204,35640,35640,35640,0,0,0.0,100.0,1,low,24.03,7,2,45,https://www.musinsa.com/products/6364077
2026-09-02,더블유엠씨,6375853,TRACKLIST 티셔츠_BLACK,0.0,0,29500,29500,29500,0,0,0.0,53.01,0,low,24.02,5,1,45,https://www.musinsa.com/products/6375853
2026-09-02,락케이크,6376109,Raglan Henly Neck Top - White,0.0,0,39600,39600,39600,0,0,0.0,27.31,0,low,24.09,4,1,45,https://www.musinsa.com/products/6376109
2026-09-02,데이,6382829,[썸머] 소프트쿨 원턱 풀밴딩 팬츠_6 COLOR,2.0,65800,32900,32900,32900,0,0,0.0,100.0,1,low,20.71,17,7,45,https://www.musinsa.com/products/6382829
2026-09-02,유라고,6383213,Stripe scrunchie,0.0,0,12160,12160,12160,0,0,0.0,65.33,0,low,23.98,4,1,45,https://www.musinsa.com/products/6383213
2026-09-02,디스이즈네버댓,6387821,SUPPLEX® Long Bill Cap Charcoal,0.41,17942,44000,44000,44000,0,0,0.0,40.79,0,low,24.01,4,1,45,https://www.musinsa.com/products/6387821
2026-09-02,일꼬르소,6388333,시스루 라운드넥 숏 슬리브 니트 아이보리,0.0,0,44160,44160,44160,0,0,0.0,40.8,0,low,24.01,4,1,45,https://www.musinsa.com/products/6388333
2026-09-02,제너럴아이디어,6388973,숄더 패디드 트위스트 티셔츠 [WHITE] / GF2LTS523,0.0,0,28800,28800,28800,0,0,0.0,100.0,1,low,48.09,4,2,45,https://www.musinsa.com/products/6388973
2026-09-02,후드후드,6389933,88 스탬프 카모 슬리브리스 카키,0.0,0,29400,29400,29400,0,0,0.0,77.72,0,low,24.0,4,1,45,https://www.musinsa.com/products/6389933
2026-09-02,후드후드,6390061,NEVER SAY NEVER 롱슬리브 티셔츠 그레이,0.0,0,28350,28350,28350,0,0,0.0,77.72,0,low,24.0,4,1,45,https://www.musinsa.com/products/6390061
2026-09-02,슬로우애시드,6391917,레이어드 페인팅 반팔 티셔츠 [멜란지 그레이],0.0,0,25920,25920,25920,0,0,0.0,77.72,0,low,24.0,4,1,45,https://www.musinsa.com/products/6391917
2026-09-02,피인오,6398829,웨스턴 오픈 카라 하프 셔츠 - 그레이,0.0,0,54000,54000,54000,0,0,0.0,53.02,0,low,24.02,5,1,45,https://www.musinsa.com/products/6398829
2026-09-02,니티드,6399085,린넨 크롭 셔츠 NAVY,0.52,19571,37820,39040,35200,1,3840,10.91,100.0,1,low,72.1,6,2,45,https://www.musinsa.com/products/6399085
2026-09-02,슈퍼서브,6400557,슬랜트 카고 와이드 버뮤다 쇼츠-그레이,0.0,0,29900,29900,29900,0,0,0.0,77.73,0,low,24.0,4,1,45,https://www.musinsa.com/products/6400557
2026-09-02,슈퍼서브,6400813,리얼리즘 링거 반팔 티셔츠-크림,0.0,0,16900,16900,16900,0,0,0.0,77.73,0,low,24.0,4,1,45,https://www.musinsa.com/products/6400813
2026-09-02,와르,6401581,M1092 에어리 라운드 니트_아이보리,0.0,0,36120,36120,36120,0,0,0.0,100.0,1,high,24.09,5,2,45,https://www.musinsa.com/products/6401581
2026-09-02,스키즘 인듀싱,6402797,UNBALANCED BELTED TOP WHITE,0.0,0,52200,52200,52200,0,0,0.0,100.0,1,high,24.09,5,2,45,https://www.musinsa.com/products/6402797
2026-09-02,브라운야드,6402925,"W 페이퍼 코튼 니트 베스트, 아이보리",0.0,0,110600,110600,110600,0,0,0.0,53.03,0,low,24.02,5,1,45,https://www.musinsa.com/products/6402925
2026-09-02,드헤베,6407469,Flower Lace T-shirt [Ivory],0.0,0,54150,54150,54150,0,0,0.0,77.74,0,low,24.0,4,1,45,https://www.musinsa.com/products/6407469
2026-09-02,드헤베,6407533,Twist Flare Mini Dress [Black],0.0,0,118750,118750,118750,0,0,0.0,77.74,0,low,24.0,4,1,45,https://www.musinsa.com/products/6407533
2026-09-02,인템포무드,6408813,하프 슬릿 버튼 라운드 니트 : 5컬러,0.41,16278,39900,39900,39900,0,0,0.0,40.81,0,low,24.01,4,1,45,https://www.musinsa.com/products/6408813
2026-09-02,제로,6409709,타이다이 크롭 티셔츠 [라이트 그레이],0.0,0,29000,29000,29000,0,0,0.0,65.36,0,low,23.98,4,1,45,https://www.musinsa.com/products/6409709
2026-09-02,와이케이,6412397,벌룬 스타 하트 귀걸이,0.0,0,27300,27300,27300,0,0,0.0,53.03,0,low,24.02,5,1,45,https://www.musinsa.com/products/6412397
2026-09-02,론론,6414317,PONY CAT EMBROIDERY WIDE SWEAT PANTS GREY,0.0,0,89100,89100,89100,0,0,0.0,100.0,1,high,24.09,5,2,45,https://www.musinsa.com/products/6414317
2026-09-02,프리즘웍스,6418925,CORDUROY COMFORT SHORTS _ CHARCOAL,0.0,0,42840,42840,42840,0,0,0.0,100.0,1,high,24.09,5,2,45,https://www.musinsa.com/products/6418925
2026-09-02,아틀리에 나인,6424813,YU STRING BALLON MINI DRESS (OP-6339),0.0,0,119200,119200,119200,0,0,0.0,65.36,0,low,23.98,4,1,45,https://www.musinsa.com/products/6424813
2026-09-02,썸웨어버터,6426925,Pure Sheer Over-Fit Shirts - Ivory,0.0,0,119000,119000,119000,0,0,0.0,53.03,0,low,24.02,5,1,45,https://www.musinsa.com/products/6426925
2026-09-02,썸웨어버터,6426989,Sunkiss Stripe Long Top - Light Blue,1.0,44840,44840,44840,44840,0,0,0.0,53.04,0,low,6.12,17,4,45,https://www.musinsa.com/products/6426989
2026-09-02,탄산마그네슘,6427693,포니 아플리케 티셔츠 (스카이블루),0.0,0,52440,52440,52440,0,0,0.0,65.36,0,low,23.98,4,1,45,https://www.musinsa.com/products/6427693
2026-09-02,세터,6432813,SG 알테아 실버,0.0,0,196000,196000,196000,0,0,0.0,65.37,0,low,23.98,4,1,45,https://www.musinsa.com/products/6432813
2026-09-02,아캄,6435117,2-Piece Layered Sleeveless (White),0.0,0,55200,55200,55200,0,0,0.0,65.37,0,low,23.98,4,1,45,https://www.musinsa.com/products/6435117
2026-09-02,도프제이슨,6437037,시어서커 크롭 체크 셔츠 BROWN,0.0,0,52250,52250,52250,0,0,0.0,53.05,0,low,24.02,5,1,45,https://www.musinsa.com/products/6437037
2026-09-02,드로우핏 우먼,6437293,수피마 실켓 슬림 반팔 티셔츠 [BROWN],0.0,0,23760,23760,29700,1,-5940,-20.0,27.32,0,low,24.09,4,1,45,https://www.musinsa.com/products/6437293
2026-09-02,밀로 아카이브,6438253,사일로 하프 헨리넥 니트 [차콜],0.0,0,75600,75600,75600,0,0,0.0,53.05,0,low,24.02,5,1,45,https://www.musinsa.com/products/6438253
2026-09-02,밀로 아카이브,6438317,트라우마 티셔츠 [다크 그레이],0.0,0,38500,38500,38500,0,0,0.0,53.05,0,low,24.02,5,1,45,https://www.musinsa.com/products/6438317
2026-09-02,에스피오나지,6441709,Double Grid 2 Pocket S/S Shirt Beige,0.0,0,75600,75600,75600,0,0,0.0,100.0,1,high,24.09,5,2,45,https://www.musinsa.com/products/6441709
2026-09-02,론론,6444397,BETTY BOOP PATTERN SWEAT JOGGER PANTS GREY,0.0,0,79200,79200,61600,1,17600,28.57,100.0,1,medium,24.09,5,2,45,https://www.musinsa.com/products/6444397
2026-09-02,더뮤지엄비지터,6444461,FASHION LOVERS EYELET SHOULDER BAG (BLUE),0.0,0,79950,79950,79950,0,0,0.0,100.0,1,high,24.09,5,2,45,https://www.musinsa.com/products/6444461
2026-09-02,더뮤지엄비지터,6444525,FLAG EYELET BALL CAP (YELLOW),0.0,0,43990,43990,43990,0,0,0.0,100.0,1,high,24.09,5,2,45,https://www.musinsa.com/products/6444525
2026-09-02,르아브,6448429,레이어 스트라이프 브이넥 티셔츠 아이보리,0.0,0,29500,29500,29500,0,0,0.0,53.06,0,low,24.02,5,1,45,https://www.musinsa.com/products/6448429
2026-09-02,엑스트라오디너리,6450733,NUMBER X CAP BLACK,0.0,0,26950,26950,26950,0,0,0.0,90.33,0,low,24.01,4,1,45,https://www.musinsa.com/products/6450733
2026-09-02,언타이틀 서울,6452141,언타이틀 아치 심볼 링거 크롭 반팔  레드,0.0,0,23800,23800,23800,0,0,0.0,65.38,0,low,23.98,4,1,45,https://www.musinsa.com/products/6452141
2026-09-02,카키포인트,6458221,Stud Boston Bag (silver),0.0,0,141530,141530,141530,0,0,0.0,27.33,0,low,24.09,4,1,45,https://www.musinsa.com/products/6458221
2026-09-02,헬레네파리스,6458285,타넨트 더블 레이어드 가드너 [와인-그레이],0.0,0,33840,33840,33840,0,0,0.0,100.0,1,high,24.09,5,2,45,https://www.musinsa.com/products/6458285
2026-09-02,언더오프,6458541,슬럽 헨리넥 크롭 티셔츠 블랙,0.0,0,24720,24720,24720,0,0,0.0,40.83,0,low,24.01,4,1,45,https://www.musinsa.com/products/6458541
2026-09-02,카키포인트,6458605,KIE Shirring Top (white),0.0,0,55080,55080,55080,0,0,0.0,27.33,0,low,24.09,4,1,45,https://www.musinsa.com/products/6458605
2026-09-02,로제프란츠,6459885,Puff Sleeve Romantic Mini Dress [Navy],0.0,0,71040,71040,71040,0,0,0.0,77.76,0,low,24.0,4,1,45,https://www.musinsa.com/products/6459885
2026-09-02,미나브,6462061,텍스처 롤업 하프 셔츠 [화이트],0.0,0,52000,52000,52000,0,0,0.0,27.33,0,low,24.09,4,1,45,https://www.musinsa.com/products/6462061
2026-09-02,밀로 아카이브,6463661,세그먼트 티셔츠 [멜란지 그레이],1.06,55137,52000,52000,52000,0,0,0.0,53.06,0,low,24.02,5,1,45,https://www.musinsa.com/products/6463661
2026-09-02,일리고,6470061,129 베이직 슬림 티셔츠 차콜,0.9,32511,36000,36000,36000,0,0,0.0,90.34,0,low,24.01,4,1,45,https://www.musinsa.com/products/6470061
2026-09-02,꼼파뇨,6471085,블루씨 롱슬리브 네이비,0.0,0,30810,30810,30810,0,0,0.0,90.34,0,low,24.01,4,1,45,https://www.musinsa.com/products/6471085
2026-09-02,시야쥬,6472365,SIPT7203 이지 밴딩 와샤 팬츠_Olive,0.0,0,100040,100040,100040,0,0,0.0,40.83,0,low,24.01,4,1,45,https://www.musinsa.com/products/6472365
2026-09-02,시야쥬,6472429,SITP5295 릴렉스 더블 라인 나시 탑_White,0.0,0,32400,32400,32400,0,0,0.0,40.84,0,low,24.01,4,1,45,https://www.musinsa.com/products/6472429
2026-09-02,배드블러드,6472685,Reversible Nylon Shopper Bag - Black/Blue,0.0,0,52000,52000,52000,0,0,0.0,100.0,1,high,24.09,5,2,45,https://www.musinsa.com/products/6472685
2026-09-02,이지노이지,6481965,고딕 레터링 버뮤다 스웻 팬츠 - 그레이,0.0,0,29900,29900,29900,0,0,0.0,65.38,0,low,23.98,4,1,45,https://www.musinsa.com/products/6481965
2026-09-02,로우클래식,6495853,OVERSIZED Lc SHEER CHECKED SHIRT_BROWN [LC262SH02BR],0.0,0,159000,159000,159000,0,0,0.0,100.0,1,high,24.09,5,2,45,https://www.musinsa.com/products/6495853
2026-09-02,해비즘,6495917,SLEEVELESS ONEPIECE(GREY),0.0,0,29500,29500,29500,0,0,0.0,53.06,0,low,24.02,5,1,45,https://www.musinsa.com/products/6495917
2026-09-02,솔트앤초콜릿,6497069,카이 스터드 슬리퍼 412623004 (6cm),0.0,0,83400,83400,83400,0,0,0.0,100.0,1,high,24.09,5,2,45,https://www.musinsa.com/products/6497069
2026-09-02,스컬프터,6499629,Coin Purse Chain Belt Gold,0.0,0,18560,18560,18560,0,0,0.0,100.0,1,high,24.09,5,2,45,https://www.musinsa.com/products/6499629
2026-09-02,제너럴아이디어,6506669,루즈핏 폴디드 슬리브 코튼 셔츠 [WHITE] / GF2LSH520,0.0,0,36800,36800,36800,0,0,0.0,100.0,1,high,24.09,5,2,45,https://www.musinsa.com/products/6506669
2026-09-02,루에브르,6518509,Dot See-Through Layered Midi Skirt SW6MS753-KO,0.0,0,119000,119000,119000,0,0,0.0,27.34,0,low,24.09,4,1,45,https://www.musinsa.com/products/6518509
2026-09-02,본투윈,6529709,SYMBOL B QUICK DRY T-SHIRTS [BLACK],0.0,0,59000,59000,59000,0,0,0.0,100.0,1,high,23.99,11,4,45,https://www.musinsa.com/products/6529709
2026-09-02,후러브스아트,6532781,[후러브스아트 x 성진] 코튼 데님 절개 버뮤다 팬츠 3color,0.0,0,39650,39650,39650,0,0,0.0,53.07,0,low,24.02,5,1,45,https://www.musinsa.com/products/6532781
2026-09-02,언타이틀 서울,6533101,유니콘 타이포 링거 크롭 반팔 핑크,0.0,0,23800,23800,23800,0,0,0.0,65.4,0,low,23.98,4,1,45,https://www.musinsa.com/products/6533101
2026-09-02,무드인사이드 우먼,6533997,(woman) 펀칭 니트 슬리브리스_4Color,0.0,0,49900,49900,49900,0,0,0.0,40.86,0,low,24.01,4,1,45,https://www.musinsa.com/products/6533997
2026-09-02,언더오프,6538733,에센셜 스탠다드 반팔 링거 티셔츠 애리조나 블랙,0.0,0,23120,23120,23120,0,0,0.0,40.85,0,low,24.01,4,1,45,https://www.musinsa.com/products/6538733
2026-09-02,더블유엠씨,6539117,[크롭] 가먼트 다잉 헨리넥 티셔츠_NAVY,0.53,14080,26550,26550,26550,0,0,0.0,53.07,0,low,24.02,5,1,45,https://www.musinsa.com/products/6539117
2026-09-02,효지,6541549,26 SS 워셔블 린넨 라운드 크롭 니트 (6컬러),4.28,144927,33900,33900,33900,0,0,0.0,65.4,0,low,9.61,18,7,45,https://www.musinsa.com/products/6541549
2026-09-02,레더리,6542765,스터드 코튼 카고 부츠컷 팬츠 [BLACK],0.0,0,46920,46920,46920,0,0,0.0,90.37,0,low,24.01,4,1,45,https://www.musinsa.com/products/6542765
2026-09-02,무센트,6544813,페링 미디 링거 배색 반팔 티 (7컬러),0.44,9219,20930,26910,20930,1,5980,28.57,40.86,0,low,5.55,15,4,45,https://www.musinsa.com/products/6544813
2026-09-02,비바라비다,6545069,Riders 반팔 티셔츠,0.0,0,25900,25900,25900,0,0,0.0,100.0,1,high,24.09,5,2,45,https://www.musinsa.com/products/6545069
2026-09-02,와이케이,6575085,체크 아플리케 버튼 반팔 셔츠 네이비,0.0,0,83300,83300,83300,0,0,0.0,53.08,0,low,24.02,5,1,45,https://www.musinsa.com/products/6575085
2026-09-02,탄산마그네슘,6582509,안녕자두야X탄산 픽셀 나그랑 롱슬리브 (화이트),0.28,15900,57760,61560,57760,1,3800,6.58,65.41,0,low,9.61,16,7,45,https://www.musinsa.com/products/6582509
2026-09-02,무드인사이드,6582637,컷라인 헨리넥 하프티_5Color,0.27,10871,39900,39900,39900,0,0,0.0,27.35,0,low,24.09,4,1,45,https://www.musinsa.com/products/6582637
2026-09-02,트리밍버드,6583981,Boat Neck Slim Baby T-Shirt [ White ],0.0,0,49000,49000,49000,0,0,0.0,100.0,1,high,24.09,5,2,45,https://www.musinsa.com/products/6583981
2026-09-02,스켈리웩,6586733,[류정란 PICK] 롱 버뮤다 라인 트레이닝 쇼츠[시멘트],0.27,9510,34900,34900,34900,0,0,0.0,27.35,0,low,24.09,4,1,45,https://www.musinsa.com/products/6586733
2026-09-02,론론,6592301,CHECK PUFF SLEEVE MINI DRESS BLOUSE BEIGE,0.0,0,80190,80190,80190,0,0,0.0,100.0,1,high,24.09,5,2,45,https://www.musinsa.com/products/6592301
2026-09-02,썸웨어버터,6593773,Loco Long Sleeve Knit - Ivory,0.0,0,87200,87200,87200,0,0,0.0,53.09,0,low,24.02,5,1,45,https://www.musinsa.com/products/6593773
2026-09-02,프렌다,6594989,STAR BUTTON COLLAR OBLIQUE SHORT SLEEVE LIGHT PINK,0.0,0,20580,20580,20580,0,0,0.0,27.36,0,low,24.09,4,1,45,https://www.musinsa.com/products/6594989
2026-09-02,프렌다,6595181,STATE SEMI CROP TEE NAVY,0.0,0,18900,18900,18900,0,0,0.0,27.36,0,low,24.09,4,1,45,https://www.musinsa.com/products/6595181
2026-09-02,아틀리에 나인,6606253,GLOSS WRINKLE BARREL SHOULDER&CROSS BAG (B-2485),0.0,0,121350,121350,121350,0,0,0.0,65.42,0,low,23.98,4,1,45,https://www.musinsa.com/products/6606253
2026-09-02,파르티멘토 우먼,6609197,더블 웨이스트 치노 팬츠_스톤,0.0,0,71280,71280,71280,0,0,0.0,90.38,0,low,24.01,4,1,45,https://www.musinsa.com/products/6609197
2026-09-02,나이스고스트클럽,6625965,GHOST ANGELS BIKINI SET_PINK(NG2GMFAB92C),0.0,0,72090,72090,72090,0,0,0.0,53.1,0,low,24.02,5,1,45,https://www.musinsa.com/products/6625965
2026-09-02,제너럴아이디어,6633773,레이스 플레어 슬리브리스 블라우스 [IVORY] / GF2LBL530,0.0,0,40800,40800,40800,0,0,0.0,100.0,1,high,24.09,5,2,45,https://www.musinsa.com/products/6633773
2026-09-02,제너럴아이디어,6633837,레이스 트리밍 스웨트 쇼츠 [AVOCADO] / GF2LHP526,0.0,0,36800,36800,36800,0,0,0.0,100.0,1,high,24.09,5,2,45,https://www.musinsa.com/products/6633837
2026-09-02,더뮤지엄비지터,6635629,CHECK PRINTED OVERSIZED T-SHIRT (WHITE),0.0,0,44850,44850,44850,0,0,0.0,100.0,1,high,24.09,5,2,45,https://www.musinsa.com/products/6635629
2026-09-02,더뮤지엄비지터,6635693,ART & DESIGN STUDIO T-SHIRT (WHITE),0.0,0,41600,41600,41600,0,0,0.0,100.0,1,high,24.09,5,2,45,https://www.musinsa.com/products/6635693
2026-09-02,플리즈노팔로우,6645997,Suri Lace Button Long Sleeve Top (Mint),0.0,0,74800,74800,74800,0,0,0.0,100.0,1,high,24.09,5,2,45,https://www.musinsa.com/products/6645997
2026-09-02,플리즈노팔로우,6646445,Nua Sheer Multi Scarf (Mint),0.0,0,28800,28800,28800,0,0,0.0,100.0,1,high,24.09,5,2,45,https://www.musinsa.com/products/6646445
2026-09-02,데이,6651245,세미 크롭 라운드 와플 반팔 티셔츠_4 COLOR,0.4,10134,25500,25500,25500,0,0,0.0,77.79,0,low,9.03,14,6,45,https://www.musinsa.com/products/6651245
2026-09-02,르바,6651373,Moment Graphic T-shirt - Blush Pink,0.0,0,61200,61200,61200,0,0,0.0,77.79,0,low,24.0,4,1,45,https://www.musinsa.com/products/6651373
2026-09-02,비바라비다,6653485,Together 링거 반팔 티셔츠,2.56,76496,29900,29900,29900,0,0,0.0,100.0,1,high,10.0,19,8,45,https://www.musinsa.com/products/6653485
2026-09-02,밀로 아카이브,6656621,[Pokémon] 트레이너 클럽 티셔츠 [멜란지 그레이],0.0,0,52200,52200,52200,0,0,0.0,53.1,0,low,24.02,5,1,45,https://www.musinsa.com/products/6656621
2026-09-02,밀로 아카이브,6656813,[Pokémon] 콜라보레이션 시그니처 스티커 셋트 [믹스],0.53,5253,9900,9900,9900,0,0,0.0,53.1,0,low,24.02,5,1,45,https://www.musinsa.com/products/6656813
2026-09-02,배드블러드,6663853,앰버서더 26 오픈 카라 1/2 폴로 -네이비,0.0,0,71100,71100,71100,0,0,0.0,100.0,1,high,24.09,5,2,45,https://www.musinsa.com/products/6663853
2026-09-02,배드블러드,6663917,앰버서더 26 코튼립 1/2 티셔츠 - 블루,0.0,0,50150,50150,50150,0,0,0.0,100.0,1,high,24.09,5,2,45,https://www.musinsa.com/products/6663917
2026-09-02,꼼파뇨,6668077,사파리 클럽 반팔티 그레이,0.0,0,28610,28610,28610,0,0,0.0,90.39,0,low,24.01,4,1,45,https://www.musinsa.com/products/6668077
2026-09-02,커버낫,6679725,라이트 트레블 백팩 브라운,0.0,0,109000,109000,109000,0,0,0.0,40.88,0,low,24.01,4,1,45,https://www.musinsa.com/products/6679725
2026-09-02,와이케이,6680173,돌핀 스타 키링,0.0,0,25200,25200,25200,0,0,0.0,53.11,0,low,24.02,5,1,45,https://www.musinsa.com/products/6680173
2026-09-02,어반드레스,6684717,Linen Like jacket dress PALE PINK,0.0,0,23260,23260,23260,0,0,0.0,100.0,1,high,24.09,5,2,45,https://www.musinsa.com/products/6684717
2026-09-02,1993스튜디오,6696749,W 베이직 라글란 크롭 슬림 티셔츠 (3colors),0.0,0,22000,22000,22000,0,0,0.0,40.89,0,low,24.01,4,1,45,https://www.musinsa.com/products/6696749
2026-09-02,나이스고스트클럽,6731053,JOJOs STARDUST CRUSADERS TOTE BAG_BLACK(NG2GMUAB40E),0.0,0,49000,49000,49000,0,0,0.0,53.11,0,low,24.02,5,1,45,https://www.musinsa.com/products/6731053
2026-09-02,러브이즈트루,6739501,SY BASIC BERMUDA PANTS(BLACK),0.0,0,52740,52740,52740,0,0,0.0,53.11,0,low,24.02,5,1,45,https://www.musinsa.com/products/6739501
2026-09-02,아메스 월드와이드,6778669,PPG GLITTER SLEEVELESS GREY,0.0,0,27300,27300,23400,1,3900,16.67,90.41,0,low,24.01,4,1,45,https://www.musinsa.com/products/6778669
2026-09-02,배드블러드,6791405,Everyday Classic Tank - Charcoal,0.0,0,39200,39200,39200,0,0,0.0,100.0,1,high,24.09,5,2,45,https://www.musinsa.com/products/6791405
2026-09-02,배드블러드,6791789,Everyday Zip Henley Long Sleeve T-Shirt - Navy,0.0,0,60000,60000,60000,0,0,0.0,100.0,1,high,24.09,5,2,45,https://www.musinsa.com/products/6791789
2026-09-02,밀로 아카이브,6795565,[MA X 이핏] 아이린 브레이슬릿 [버건디],0.0,0,46800,46800,46800,0,0,0.0,53.12,0,low,24.02,5,1,45,https://www.musinsa.com/products/6795565
2026-09-02,시야쥬,6798893,SITP5202 레트로 브이넥 슬림 반팔티_2PACK,0.0,0,74000,74000,74000,0,0,0.0,40.89,0,low,24.01,4,1,45,https://www.musinsa.com/products/6798893
2026-09-02,꼼파뇨,6805485,러블리 데이즈 반팔티 화이트,0.0,0,28610,28610,28610,0,0,0.0,90.41,0,low,24.01,4,1,45,https://www.musinsa.com/products/6805485
2026-09-02,그루브라임,6812781,피그먼트 그래픽 반팔 티셔츠 - 옐로우 (LRBMCTR700M),0.0,0,19900,19900,19900,0,0,0.0,27.37,0,low,24.09,4,1,45,https://www.musinsa.com/products/6812781
2026-09-02,디스이즈네버댓,6833517,TNT PEANUTS Faded Crewneck Blue Grey,0.0,0,83300,83300,83300,0,0,0.0,40.9,0,low,24.01,4,1,45,https://www.musinsa.com/products/6833517
2026-09-02,베르만 어패럴,6853485,골지 헨리넥 머슬핏 반팔티셔츠 3color(와이드숄더),0.14,5997,42600,42600,42600,0,0,0.0,100.0,1,high,24.03,12,2,45,https://www.musinsa.com/products/6853485
2026-09-02,999휴머니티,6869869,디비전 롱 슬리브 티 (브라운),0.0,0,75000,75000,75000,0,0,0.0,65.44,0,low,23.98,4,1,45,https://www.musinsa.com/products/6869869
2026-09-02,브라운브레스,6877293,BERMUDA CIRCLE SHORTS - ASH,0.0,0,69000,69000,69000,0,0,0.0,27.37,0,low,24.09,4,1,45,https://www.musinsa.com/products/6877293
2026-09-02,아캄,6878189,CROS2 Pillbox Cap (Navy),0.0,0,62100,62100,62100,0,0,0.0,65.45,0,low,23.98,4,1,45,https://www.musinsa.com/products/6878189
2026-09-02,아캄,6879533,Roll-Up Pocket Long Shirts (White),0.0,0,116100,116100,116100,0,0,0.0,65.45,0,low,23.98,4,1,45,https://www.musinsa.com/products/6879533
2026-09-02,아캄,6879597,Bleach Washed Hooded Long Sleeve (Navy),36.37,3567649,98100,98100,98100,0,0,0.0,100.0,1,high,23.98,11,6,45,https://www.musinsa.com/products/6879597
2026-09-02,드헤베,6883885,Tailored Wide Slacks [Black],0.0,0,139890,139890,132530,1,7360,5.55,77.81,0,low,24.0,4,1,45,https://www.musinsa.com/products/6883885
2026-09-02,코드그라피,6884717,CGP 아치 로고 후디-다크 네이비,0.0,0,66600,66600,66600,0,0,0.0,77.82,0,low,24.0,4,1,45,https://www.musinsa.com/products/6884717
2026-09-02,토피,6884781,커브드 다트 코튼 팬츠 (KHAKI BROWN),0.0,0,41300,41300,41300,0,0,0.0,100.0,1,high,24.09,5,2,45,https://www.musinsa.com/products/6884781
2026-09-02,벨리에,6897133,시티 풀오버 스웨터 - 다크 네이비,0.0,0,139650,139650,139650,0,0,0.0,65.46,0,low,23.98,4,1,45,https://www.musinsa.com/products/6897133
2026-09-02,세터,6916013,로렌 베이직 크루넥 니트 네이비,0.0,0,129000,129000,129000,0,0,0.0,65.47,0,low,23.98,4,1,45,https://www.musinsa.com/products/6916013
2026-09-02,바이젝,6916077,[SET] 프로머슬 기능스판 컬래버로고 숏슬리브_2 Color + 우븐스판 메인로고 브레이커 쇼츠,0.0,0,117000,117000,117000,0,0,0.0,40.92,0,low,24.01,4,1,45,https://www.musinsa.com/products/6916077
2026-09-02,바이젝,6917165,[SET] 벌크 헤비메쉬 리프트 숏슬리브_3 Color + 벌크 헤비메쉬 트랙팬츠_3 Color,0.0,0,135000,135000,135000,0,0,0.0,40.92,0,low,24.01,4,1,45,https://www.musinsa.com/products/6917165
2026-09-02,더니트컴퍼니,6918957,(M) 강연 코튼 카라 니트 - 화이트,0.0,0,64500,64500,64500,0,0,0.0,77.83,0,low,24.0,4,1,45,https://www.musinsa.com/products/6918957
2026-09-02,아웃스탠딩,6936237,LEATHER GLASSES KEYRING CASE_BLACK,0.85,36650,43200,43200,43200,0,0,0.0,100.0,1,high,24.09,5,2,45,https://www.musinsa.com/products/6936237
2026-09-02,탄산마그네슘,6950765,88 아플리케 버뮤다 팬츠 (데님),0.0,0,128440,128440,128440,0,0,0.0,65.47,0,low,23.98,4,1,45,https://www.musinsa.com/products/6950765
2026-09-02,오헤시오,6952877,"TWO WAY ASYMMETRIC JERSEY SKIRT, GRAY",0.0,0,80330,80330,80330,0,0,0.0,27.37,0,low,24.09,4,1,45,https://www.musinsa.com/products/6952877
2026-09-02,글로니,6958189,G LEATHER SHOULDER BAG (RED),0.0,0,119880,119880,119880,0,0,0.0,100.0,1,high,24.09,5,2,45,https://www.musinsa.com/products/6958189
2026-09-02,러브이즈트루,6970541,RL FUR COLLAR SLEEVE(BLACK),0.0,0,95750,95750,95750,0,0,0.0,53.13,0,low,24.02,5,1,45,https://www.musinsa.com/products/6970541
2026-09-02,러브이즈트루,6970669,RL LAYERED ANGEL TRAINING ZIP UP(BLACK),0.0,0,133900,133900,133900,0,0,0.0,53.13,0,low,24.02,5,1,45,https://www.musinsa.com/products/6970669
2026-09-02,러브이즈트루,6970733,RL SHIRRING SLEEVE(CHARCOAL),0.0,0,40400,40400,40400,0,0,0.0,53.14,0,low,24.02,5,1,45,https://www.musinsa.com/products/6970733
2026-09-02,효지,6976301,26 FW 유넥 롱슬리브 크롭 티셔츠 (3컬러),0.0,0,23920,23920,23920,0,0,0.0,65.47,0,low,23.98,4,1,45,https://www.musinsa.com/products/6976301
2026-09-02,마인드브릿지,6978413,[COUTURE]세미와이드 트윌 라이트 그레이 팬츠,0.0,0,71900,71900,71900,0,0,0.0,90.43,0,low,24.01,4,1,45,https://www.musinsa.com/products/6978413
2026-09-02,2000아카이브스,6978477,LUA WALLET (SORA),0.0,0,70490,70490,61680,1,8810,14.28,100.0,1,medium,24.09,5,2,45,https://www.musinsa.com/products/6978477
2026-09-02,카키포인트,6980077,Drape Symbol Necklace,0.0,0,44550,44550,44550,0,0,0.0,27.39,0,low,24.09,4,1,45,https://www.musinsa.com/products/6980077
2026-09-02,카키포인트,6980269,Architect Utility Jacket (beige),13.64,2718174,199260,199260,199260,0,0,0.0,87.78,0,low,24.09,17,11,45,https://www.musinsa.com/products/6980269
2026-09-02,드로우핏,6980781,리안 카우 레더 드레이프 로퍼 [BLACK],0.0,0,133200,133200,133200,0,0,0.0,77.84,0,low,24.0,4,1,45,https://www.musinsa.com/products/6980781
2026-09-02,드로우핏,6980845,테오 그레인 레더 크로스 토트백 [BLACK],0.0,0,69300,69300,69300,0,0,0.0,77.85,0,low,24.0,4,1,45,https://www.musinsa.com/products/6980845
2026-09-02,슈퍼서브,6980973,[크롭]크로스 와플 헨리넥 긴팔 티셔츠-멜란지그레이,0.0,0,38900,38900,38900,0,0,0.0,77.84,0,low,24.0,4,1,45,https://www.musinsa.com/products/6980973
2026-09-02,드로우핏,6981677,스트라이프 티셔츠 [BROWN],0.0,0,33300,33300,33300,0,0,0.0,77.85,0,low,24.0,4,1,45,https://www.musinsa.com/products/6981677
2026-09-02,트리밍버드,6987309,Washed Smoke Eyelet Cap [ Charcoal ],0.0,0,79000,79000,79000,0,0,0.0,100.0,1,high,24.09,5,2,45,https://www.musinsa.com/products/6987309
2026-09-02,트리밍버드,6987629,Sleeve D-ring Diagonal Zip Cardigan [ Gray ],0.0,0,198000,198000,198000,0,0,0.0,100.0,1,high,24.09,5,2,45,https://www.musinsa.com/products/6987629
2026-09-02,스키즘 인듀싱,6989101,HOODED PUFFER JACKET,0.0,0,250200,250200,250200,0,0,0.0,100.0,1,high,24.09,3,2,45,https://www.musinsa.com/products/6989101
2026-09-02,커버낫,6999149,스몰 C 로고 럭비 맨투맨 네이비,0.0,0,99000,99000,99000,0,0,0.0,40.94,0,low,24.01,4,1,45,https://www.musinsa.com/products/6999149
2026-09-02,론론,7002797,CHECK FLARE BANDING MIDI SKIRT BROWN,0.0,0,63360,63360,63360,0,0,0.0,100.0,1,high,24.09,5,2,45,https://www.musinsa.com/products/7002797
2026-09-02,론론,7003053,[SET] 베이직 울 니트 가디건 + 쁘띠 니트 머플러,0.0,0,79860,79860,71880,1,7980,11.1,100.0,1,medium,24.09,5,2,45,https://www.musinsa.com/products/7003053
2026-09-02,러프사이드,7008429,Unit Shirt Midnight,0.0,0,121600,121600,121600,0,0,0.0,65.49,0,low,23.98,4,1,45,https://www.musinsa.com/products/7008429
2026-09-02,워크온바디오프,7011117,[젠플록스 PICK] 레스티드 세미 오버핏 브이넥 니트 [화이트],0.0,0,21300,21300,21300,0,0,0.0,40.95,0,low,24.01,4,1,45,https://www.musinsa.com/products/7011117
2026-09-02,레더리,7011885,하이넥 레더 블루종 자켓 [BLACK],0.0,0,102240,102240,102240,0,0,0.0,90.45,0,low,24.01,4,1,45,https://www.musinsa.com/products/7011885
2026-09-02,유니폼브릿지,7020845,og fatigue pants (womens) smoke blue,0.0,0,107100,107100,107100,0,0,0.0,100.0,1,high,24.09,5,2,45,https://www.musinsa.com/products/7020845
2026-09-02,유니폼브릿지,7020973,M-51 field jacket charcoal,0.0,0,251100,251100,251100,0,0,0.0,100.0,1,high,24.09,5,2,45,https://www.musinsa.com/products/7020973
2026-09-02,유니폼브릿지,7021037,M-51 field pants charcoal,0.0,0,152100,152100,152100,0,0,0.0,100.0,1,high,24.09,5,2,45,https://www.musinsa.com/products/7021037
2026-09-02,인사일런스,7023661,코튼 캐시 리브드 브이넥 니트 GREY,0.0,0,149000,149000,149000,0,0,0.0,40.95,0,low,24.01,4,1,45,https://www.musinsa.com/products/7023661
2026-09-02,헬레네파리스,7024749,크로셰 오버핏 라운드 니트 [크림],0.0,0,39840,39840,39840,0,0,0.0,100.0,1,high,24.09,5,2,45,https://www.musinsa.com/products/7024749
2026-09-02,제이엘브,7032429,원모어 파이핑 라인 윈드브레이커,0.0,0,128000,128000,128000,0,0,0.0,53.15,0,low,24.02,5,1,45,https://www.musinsa.com/products/7032429
2026-09-02,제이엘브,7032557,원모어 소프트 테리 버뮤다 팬츠,0.0,0,58000,58000,58000,0,0,0.0,53.15,0,low,24.02,5,1,45,https://www.musinsa.com/products/7032557
2026-09-02,쿠어,7033325,페인티드 롱 슬리브 티셔츠 (워시드그레이),0.0,0,85500,85500,85500,0,0,0.0,65.5,0,low,23.98,4,1,45,https://www.musinsa.com/products/7033325
2026-09-02,쿠어,7033453,플래드 시어서커 체크 셔츠 (그린),0.0,0,162000,162000,162000,0,0,0.0,65.5,0,low,23.98,4,1,45,https://www.musinsa.com/products/7033453
2026-09-02,엘무드,7033965,마시 울 가디건 차콜,0.0,0,160200,160200,178000,1,-17800,-10.0,40.96,0,low,24.01,4,1,45,https://www.musinsa.com/products/7033965
2026-09-02,드로우핏 우먼,7035245,에일 스트링 니트 가디건 [M.GREY],0.0,0,53280,53280,66600,1,-13320,-20.0,27.4,0,low,24.09,4,1,45,https://www.musinsa.com/products/7035245
2026-09-02,시눈,7040749,Mesh Skirt Layered Pants (Black),0.0,0,126560,126560,126560,0,0,0.0,65.51,0,low,23.98,4,1,45,https://www.musinsa.com/products/7040749
2026-09-02,시눈,7041005,Balloon Puff Layered Sleeve (Melange Grey),0.0,0,70490,70490,70490,0,0,0.0,65.52,0,low,23.98,4,1,45,https://www.musinsa.com/products/7041005
2026-09-02,시눈,7041069,Sheer Wrap Sleeveless (Ivory),0.0,0,70490,70490,70490,0,0,0.0,65.52,0,low,23.98,4,1,45,https://www.musinsa.com/products/7041069
2026-09-02,비헤비어,7045805,DYED C/L EASY TROUSERS khaki,0.0,0,208050,208050,208050,0,0,0.0,90.46,0,low,24.01,4,1,45,https://www.musinsa.com/products/7045805
2026-09-02,러프사이드,7046509,Grainy Pullover M.Grey,0.0,0,71250,71250,71250,0,0,0.0,65.52,0,low,23.98,4,1,45,https://www.musinsa.com/products/7046509
2026-09-02,2000아카이브스,7047597,SLEEK STRAIGHT JEAN (BLUE),0.0,0,156000,156000,156000,0,0,0.0,100.0,1,high,24.09,5,2,45,https://www.musinsa.com/products/7047597
2026-09-02,드로우핏 우먼,7048621,코듀로이 루즈 핏 부츠컷 팬츠 [BROWN],0.0,0,55440,55440,69300,1,-13860,-20.0,27.41,0,low,24.09,4,1,45,https://www.musinsa.com/products/7048621
2026-09-02,드로우핏 우먼,7048685,러플 쉬폰 롱 스커트 [IVORY],0.0,0,55440,55440,69300,1,-13860,-20.0,27.41,0,low,24.09,4,1,45,https://www.musinsa.com/products/7048685
2026-09-02,웬즈데이오아시스,7050605,워싱 트윌 아웃포켓 자켓_GRAY(WCB6OT04),0.0,0,138600,138600,138600,0,0,0.0,27.41,0,low,24.09,4,1,45,https://www.musinsa.com/products/7050605
2026-09-02,웬즈데이오아시스,7050797,워셔블 라운드 집업 니트 가디건_BLACK(WC26KN19),0.0,0,46200,46200,46200,0,0,0.0,27.41,0,low,24.09,4,1,45,https://www.musinsa.com/products/7050797
2026-09-02,유니온블루,7055149,BATTLE DRESS 2PK SHIRT [MISTY GRAY],0.0,0,100300,100300,100300,0,0,0.0,100.0,1,high,24.09,5,2,45,https://www.musinsa.com/products/7055149
2026-09-02,슈퍼서브,7059437,[태양 pick] 스트라이프 배색 레이어드 긴팔 티셔츠 3컬러,0.0,0,20610,20610,20610,0,0,0.0,77.86,0,low,24.0,3,1,45,https://www.musinsa.com/products/7059437
2026-09-02,비긴202,7063021,커브라이트 다운 점퍼 v2 [포그 카키],0.0,0,237150,237150,237150,0,0,0.0,77.87,0,low,24.0,4,1,45,https://www.musinsa.com/products/7063021
2026-09-02,레더리,7074285,빈티지 워싱 레더 숄더백 [BROWN],0.0,0,57120,57120,57120,0,0,0.0,90.47,0,low,24.01,4,1,45,https://www.musinsa.com/products/7074285
2026-09-02,드릭스,7074797,[SET UP] 오버로크 스티치 후드집업 셋업_3color,0.0,0,64990,64990,64990,0,0,0.0,100.0,1,high,24.09,5,2,45,https://www.musinsa.com/products/7074797
2026-09-02,999휴머니티,7078893,애시메트릭 블리치드 후디드 집업 (블루),0.0,0,168000,168000,168000,0,0,0.0,65.52,0,low,23.98,4,1,45,https://www.musinsa.com/products/7078893
2026-09-02,제이엘브,7079917,우먼스 뎁트 아플리케 후디 집업,0.0,0,72000,72000,72000,0,0,0.0,53.16,0,low,24.02,5,1,45,https://www.musinsa.com/products/7079917
2026-09-02,틸아이다이,7080429,Merino whole garment cardigan [TIFA05CD01]_Beige,0.0,0,117090,117090,117090,0,0,0.0,100.0,1,high,24.09,5,2,45,https://www.musinsa.com/products/7080429
2026-09-02,틸아이다이,7080493,Pleats mock neck top [TIFA05LT12]_Cream,0.0,0,39570,39570,39570,0,0,0.0,100.0,1,high,24.09,5,2,45,https://www.musinsa.com/products/7080493
2026-09-02,제이엘브,7080877,우먼스 베이직 니트,0.0,0,38000,38000,38000,0,0,0.0,53.16,0,low,24.02,5,1,45,https://www.musinsa.com/products/7080877
2026-09-02,인사일런스,7084141,하이트위스트 코튼 롱슬리브 NAVY,0.0,0,89000,89000,89000,0,0,0.0,40.98,0,low,24.01,4,1,45,https://www.musinsa.com/products/7084141
2026-09-02,와이케이,7085933,말티즈 어드벤처 래글런 롱슬리브 티셔츠 차콜,0.0,0,49600,49600,49600,0,0,0.0,53.16,0,low,24.02,5,1,45,https://www.musinsa.com/products/7085933
2026-09-02,몽돌,7088557,워싱 포켓 부츠컷 데님 진 미드블루 MDPT086MIDBLUE,0.0,0,70680,70680,79520,1,-8840,-11.12,100.0,1,medium,24.09,5,2,45,https://www.musinsa.com/products/7088557
2026-09-02,썸웨어버터,7090413,Leo Raglan Long Top - Grey(Black),0.0,0,55890,55890,55890,0,0,0.0,53.17,0,low,24.02,5,1,45,https://www.musinsa.com/products/7090413
2026-09-02,썸웨어버터,7090989,Black Glossy Hair Clip,0.0,0,31590,31590,31590,0,0,0.0,53.17,0,low,24.02,5,1,45,https://www.musinsa.com/products/7090989
2026-09-02,썬러브투어,7092909,Club Trucker Cap Black,0.0,0,69000,69000,69000,0,0,0.0,27.42,0,low,24.09,4,1,45,https://www.musinsa.com/products/7092909
2026-09-02,꼼파뇨,7095085,데빌 베어 레이어드 피그먼트 롱슬리브 스모크블랙,0.0,0,32460,32460,32460,0,0,0.0,90.47,0,low,24.01,4,1,45,https://www.musinsa.com/products/7095085
2026-09-02,브라운야드,7095853,"W 울 이지 팬츠, 블랙",0.0,0,198000,198000,198000,0,0,0.0,53.18,0,low,24.02,5,1,45,https://www.musinsa.com/products/7095853
2026-09-02,인사일런스 우먼,7096173,슬림 체인 벨트 BLACK,0.0,0,58900,58900,62000,1,-3100,-5.0,100.0,1,medium,24.09,5,2,45,https://www.musinsa.com/products/7096173
2026-09-02,파르티멘토 우먼,7096493,PWC 에브리데이 오버니삭스_8컬러,0.0,0,10800,10800,10800,0,0,0.0,90.49,0,low,24.01,3,1,45,https://www.musinsa.com/products/7096493
2026-09-02,해칭룸,7097389,Inner Tee M.Grey,0.0,0,93000,93000,93000,0,0,0.0,90.49,0,low,24.01,4,1,45,https://www.musinsa.com/products/7097389
2026-09-02,쿠어,7102701,몰스킨 하이 웨스트 커브 팬츠 (그레이시블루),0.0,0,162000,162000,162000,0,0,0.0,65.53,0,low,23.98,4,1,45,https://www.musinsa.com/products/7102701
2026-09-02,더니트컴퍼니,7102829,폭스 블렌디드 하프 버튼 스웨터 3color,0.0,0,111200,111200,111200,0,0,0.0,77.89,0,low,24.0,4,1,45,https://www.musinsa.com/products/7102829
2026-09-02,디스이즈네버댓,7104685,Basic Pocket L/S Tee Navy,0.0,0,69000,69000,69000,0,0,0.0,40.98,0,low,24.01,4,1,45,https://www.musinsa.com/products/7104685
2026-09-02,어나더 오피스,7107117,[AW] Santiago Slacks (Khaki Brown),0.0,0,174000,174000,174000,0,0,0.0,100.0,1,high,24.09,5,2,45,https://www.musinsa.com/products/7107117
2026-09-02,수아레,7109293,데일리 크롭 2-WAY 가디건 - 3 COLOR,0.0,0,46230,46230,46230,0,0,0.0,90.5,0,low,24.01,4,1,45,https://www.musinsa.com/products/7109293
2026-09-02,칙스,7116397,녕이X칙스 인스팅트 슬림 부츠컷 팬츠 블랙,0.0,0,37710,37710,41900,1,-4190,-10.0,100.0,1,medium,24.09,5,2,45,https://www.musinsa.com/products/7116397
2026-09-02,제이엘브,7116589,우먼스 시그니처 루즈핏 롱슬리브,0.0,0,48000,48000,48000,0,0,0.0,53.18,0,low,24.02,5,1,45,https://www.musinsa.com/products/7116589
2026-09-02,칙스,7120493,커브 절개 플랩 포켓 와이드 파라 팬츠 블랙,0.0,0,60210,60210,66900,1,-6690,-10.0,100.0,1,medium,24.09,5,2,45,https://www.musinsa.com/products/7120493
2026-09-02,다이브인,7120941,WASHED COTTON WORK JACKET (BLACK),0.0,0,160650,160650,160650,0,0,0.0,41.0,0,low,24.01,4,1,45,https://www.musinsa.com/products/7120941
2026-09-02,트래블,7121901,레이지 라이즈 페이디드 피그먼트 롱 슬리브 크림,0.0,0,19000,19000,27300,1,-8300,-30.4,27.42,0,low,24.09,4,1,45,https://www.musinsa.com/products/7121901
2026-09-02,룩캐스트,7132141,코튼 하이넥 포켓 워크 자켓 / COTTON HIGH NECK POCKET WORK JACKET_2colors,0.0,0,202300,202300,202300,0,0,0.0,90.5,0,low,24.01,4,1,45,https://www.musinsa.com/products/7132141
2026-09-02,더바이닐하우스,7134253,RODEO WASHED SWEAT PANTS BEIGE,0.0,0,141550,141550,141550,0,0,0.0,41.01,0,low,24.01,4,1,45,https://www.musinsa.com/products/7134253
2026-09-02,커버낫,7148077,아치 로고 니트 딥 브라운,0.0,0,109000,109000,109000,0,0,0.0,41.02,0,low,24.01,2,1,45,https://www.musinsa.com/products/7148077
2026-09-02,프리즘웍스,7148269,ROLLNECK RINGER KNIT _ BLACK,0.0,0,109000,109000,109000,0,0,0.0,100.0,1,high,24.09,3,2,45,https://www.musinsa.com/products/7148269
2026-09-02,파르티멘토,7155757,페이디드 펫 롱 슬리브 차콜,0.0,0,39900,39900,39900,0,0,0.0,41.03,0,low,24.01,4,1,45,https://www.musinsa.com/products/7155757
2026-09-02,브룩스 브라더스,7158637,[여성] 울 케이블 하프집업 (라이트블루) (BBWZWBG406),0.0,0,299000,299000,299000,0,0,0.0,53.2,0,low,24.02,5,1,45,https://www.musinsa.com/products/7158637
2026-09-02,플리즈노팔로우,7160493,Buddy Wide Shirring Balloon Pants (Melange Charcoal),0.0,0,160200,160200,160200,0,0,0.0,100.0,1,high,24.09,3,2,45,https://www.musinsa.com/products/7160493
2026-09-02,탄산마그네슘,7160877,체크 체인 네크리스 (옐로우),0.0,0,55480,55480,55480,0,0,0.0,65.55,0,low,23.98,4,1,45,https://www.musinsa.com/products/7160877
2026-09-02,탄산마그네슘,7160941,버섯 시계 아플리케 롱슬리브 (라이트 핑크),0.0,0,60040,60040,60040,0,0,0.0,65.56,0,low,23.98,4,1,45,https://www.musinsa.com/products/7160941
2026-09-02,키르시,7173101,체리 백포인트 골지 크루삭스 차콜 5팩,0.0,0,21900,21900,11900,1,10000,84.03,41.03,0,low,24.01,4,1,45,https://www.musinsa.com/products/7173101
2026-09-02,노매뉴얼,7180205,VTG RELAXED BACKPACK - WASHED GRAY,0.0,0,129200,129200,129200,0,0,0.0,90.51,0,low,24.01,3,1,45,https://www.musinsa.com/products/7180205
2026-09-02,노매뉴얼,7180269,M-65 ARCTIC PARKA JACKET - WASHED KHAKI,0.0,0,239400,239400,239400,0,0,0.0,90.52,0,low,24.01,3,1,45,https://www.musinsa.com/products/7180269
2026-09-02,언더오프,7188845,포멀 크롭 반집업 울 니트 그레이,0.0,0,34990,34990,34990,0,0,0.0,41.04,0,low,24.01,4,1,45,https://www.musinsa.com/products/7188845
2026-09-02,엑스컨테이너,7191021,엠보 레귤러 데님 팬츠 (BLACK),0.0,0,52500,52500,52500,0,0,0.0,90.53,0,low,24.01,2,1,45,https://www.musinsa.com/products/7191021
2026-09-02,제멋,7192941,오운드 크롭 맨투맨 블루그레이 HSMT2717,0.0,0,34110,34110,34110,0,0,0.0,100.0,1,high,24.09,5,2,45,https://www.musinsa.com/products/7192941
