date,brand_name,goods_no,product_name,estimated_sales,estimated_gmv,estimated_avg_price,display_price,previous_display_price,price_change_detected,price_change_amount,price_change_pct,coverage_pct,calendar_complete,confidence,max_interval_hours,observation_count,contributing_intervals,initial_delta_status,initial_delta_value,history_bucket,product_url
2026-09-01,꼼파뇨,247936,sonar disenar cumplir LONG BELT,0.0,0,9900,9900,9900,0,0,0.0,100.0,1,high,24.09,6,2,none,,0,https://www.musinsa.com/products/247936
2026-09-01,트립르센스,682240,Thinsulate 3 Button Wool Coat BEIGE,0.0,0,74500,74500,74500,0,0,0.0,100.0,1,high,24.01,8,2,none,,0,https://www.musinsa.com/products/682240
2026-09-01,제멋,745344,루즈핏 카라티셔츠  딥그린 JKST2066,0.0,0,22300,22300,22300,0,0,0.0,100.0,1,high,24.09,7,2,none,,0,https://www.musinsa.com/products/745344
2026-09-01,러브이즈트루,844608,(UNISEX)DS LOGO OVER JACKET(BEIGE),0.0,0,47000,47000,47000,0,0,0.0,100.0,1,high,24.01,8,2,none,,0,https://www.musinsa.com/products/844608
2026-09-01,카네이테이,1061888,BRICK ZIP WALLET M (OLIVE DRAB) / UPCYCLED,0.0,0,61600,61600,77000,1,-15400,-20.0,100.0,1,medium,24.08,7,2,none,,0,https://www.musinsa.com/products/1061888
2026-09-01,르아르,1151744,미니멀 울 반목폴라 니트 [아이보리],0.0,0,35900,35900,35900,0,0,0.0,100.0,1,high,24.09,6,2,none,,0,https://www.musinsa.com/products/1151744
2026-09-01,쿠어,1548480,탑필 캐시미어 라운드 니트 (블루그레이),0.0,0,87200,87200,87200,0,0,0.0,100.0,1,high,24.09,6,2,none,,0,https://www.musinsa.com/products/1548480
2026-09-01,인사일런스,1562880,[BLACK LABEL] 버진 울 플란넬 자켓 BLACK,0.0,0,99500,99500,89550,1,9950,11.11,100.0,1,medium,24.08,6,2,none,,0,https://www.musinsa.com/products/1562880
2026-09-01,시그니처,1584704,퍼티그 와이드 데님 [오프화이트],1.13,39404,34900,34900,34900,0,0,0.0,100.0,1,high,23.99,13,6,none,,0,https://www.musinsa.com/products/1584704
2026-09-01,노이어,1638592,울 원 턱 릴렉스 슬랙스 (블랙),0.0,0,71000,71000,63900,1,7100,11.11,100.0,1,medium,24.09,7,2,none,,0,https://www.musinsa.com/products/1638592
2026-09-01,미나브,1826304,터키쉬 코튼 텐셀 셔츠 [시타델블루],0.0,0,17100,17100,45500,1,-28400,-62.42,73.77,0,low,24.09,8,1,none,,0,https://www.musinsa.com/products/1826304
2026-09-01,낫포너드,1841216,Wide String Cargo Slacks Pants - Navy,0.23,6289,26910,26910,26910,0,0,0.0,100.0,1,high,24.09,6,2,none,,0,https://www.musinsa.com/products/1841216
2026-09-01,제멋,1884480,[2PACK] 코스모 밴딩 숏팬츠 2PACK JMSP2332,0.0,0,37900,37900,37900,0,0,0.0,100.0,1,high,24.09,7,2,none,,0,https://www.musinsa.com/products/1884480
2026-09-01,프리즘웍스,1964608,OG DOUBLE RIB OVERSIZED TEE _ MELANGE GRAY,0.0,0,28800,28800,32000,1,-3200,-10.0,100.0,1,medium,24.09,7,2,none,,0,https://www.musinsa.com/products/1964608
2026-09-01,슈퍼서브,2080448,시그니처 로고 클래식 긴팔티-블랙,0.0,0,24500,24500,24500,0,0,0.0,100.0,1,high,24.09,6,2,none,,0,https://www.musinsa.com/products/2080448
2026-09-01,넌블랭크,2102464,세미 와이드 핏 슬랙스_CHARCOAL GREY,0.0,0,47200,47200,47200,0,0,0.0,100.0,1,low,72.1,5,1,none,,0,https://www.musinsa.com/products/2102464
2026-09-01,제멋,2129792,디어 소프트 워싱 밴딩팬츠 더스티카키 KJLP2392,0.0,0,38900,38900,38900,0,0,0.0,100.0,1,high,24.09,7,2,none,,0,https://www.musinsa.com/products/2129792
2026-09-01,트립르센스,2154432,베이직 터틀넥 폴라 니트_토피 브라운,0.0,0,25200,25200,25200,0,0,0.0,100.0,1,high,24.01,8,2,none,,0,https://www.musinsa.com/products/2154432
2026-09-01,코드그라피,2154880,[PRIMALOFT] 몬스터 숏패딩_차콜,0.0,0,97300,97300,97300,0,0,0.0,100.0,1,high,24.09,6,2,none,,0,https://www.musinsa.com/products/2154880
2026-09-01,프리즘웍스,2164224,SPLASH PAINTING SWEATSHIRT _ BLUE,0.01,454,35550,35550,35550,0,0,0.0,100.0,1,high,24.09,7,2,none,,0,https://www.musinsa.com/products/2164224
2026-09-01,로제프란츠,2247232,World Flower Hoodie [Charcoal],0.0,0,39160,39160,34270,1,4890,14.27,100.0,1,medium,24.09,6,2,none,,0,https://www.musinsa.com/products/2247232
2026-09-01,에스피오나지,2288704,Miller Heavyweight Cardigan Burnt Orange,0.0,0,138700,138700,146000,1,-7300,-5.0,100.0,1,medium,24.09,7,2,none,,0,https://www.musinsa.com/products/2288704
2026-09-01,도프제이슨,2307200,오버핏 믹스레더 레이싱 자켓,0.0,0,403750,403750,403750,0,0,0.0,100.0,1,high,24.01,8,2,none,,0,https://www.musinsa.com/products/2307200
2026-09-01,인템포무드,2319936,하찌 엘보 볼륨 풀오버_그린어스,0.0,0,50400,50400,50400,0,0,0.0,100.0,1,high,24.08,6,2,none,,0,https://www.musinsa.com/products/2319936
2026-09-01,꼼파뇨,2339904,UmBRELLA Hoooly 자수 후드 블랙,0.0,0,39600,39600,39600,0,0,0.0,100.0,1,high,24.09,6,2,none,,0,https://www.musinsa.com/products/2339904
2026-09-01,트래블,2340480,메탈 프론트 다트 팬츠 블랙_조거팬츠가능,0.26,7737,29500,29500,29500,0,0,0.0,100.0,1,high,24.09,8,2,none,,0,https://www.musinsa.com/products/2340480
2026-09-01,에이치덱스,2361600,스탠다드 머슬핏 반팔티,0.76,19246,25200,25200,25200,0,0,0.0,100.0,1,high,24.09,6,2,none,,0,https://www.musinsa.com/products/2361600
2026-09-01,커버낫,2384128,프레쉬 세리프 로고 캔버스백 핑크,0.0,0,20300,20300,20300,0,0,0.0,100.0,1,high,24.08,6,2,none,,0,https://www.musinsa.com/products/2384128
2026-09-01,브렌슨,2385280,Essential 오버핏 2Way 후드집업,0.61,18187,29900,29900,29900,0,0,0.0,100.0,1,high,24.0,9,4,none,,0,https://www.musinsa.com/products/2385280
2026-09-01,링서울,2433024,pocket bio poplin shirt-stripe,0.0,0,76060,76060,59160,1,16900,28.57,100.0,1,medium,24.01,8,2,none,,0,https://www.musinsa.com/products/2433024
2026-09-01,제로,2443072,Clean Denim Deep Two Tuck Vertical Pants [Brown],0.64,30541,47790,47790,47790,0,0,0.0,100.0,1,high,24.09,6,2,none,,0,https://www.musinsa.com/products/2443072
2026-09-01,데케트,2450048,[여름원단]Cropped Tapered Jeans DCPT004Ivory,0.0,0,23600,23600,23600,0,0,0.0,100.0,1,high,24.09,6,2,none,,0,https://www.musinsa.com/products/2450048
2026-09-01,데케트,2450112,[썸머 린넨라이크]투턱 숏 데님 팬츠 DCPT006OLBLACK,0.0,0,23600,23600,23600,0,0,0.0,100.0,1,high,24.09,6,2,none,,0,https://www.musinsa.com/products/2450112
2026-09-01,엘무드,2452864,홀리데이 PK 하프 니트 반팔 셔츠 애쉬 블루,0.0,0,30800,30800,27720,1,3080,11.11,100.0,1,medium,24.08,6,2,none,,0,https://www.musinsa.com/products/2452864
2026-09-01,제멋,2476160,루이스 박스 반팔티셔츠 로얄네이비 KJST2411,0.0,0,24600,24600,24600,0,0,0.0,100.0,1,high,24.09,7,2,none,,0,https://www.musinsa.com/products/2476160
2026-09-01,제멋,2487104,포지 오버핏 반팔셔츠 6종 아이보리 SOSS2414,0.0,0,36800,36800,36800,0,0,0.0,100.0,1,high,24.09,7,2,none,,0,https://www.musinsa.com/products/2487104
2026-09-01,가까이 유니언즈,2499776,원턱 스웨트 숏 팬츠 블랙,2.56,75161,29400,29400,29400,0,0,0.0,100.0,1,high,24.09,12,2,none,,0,https://www.musinsa.com/products/2499776
2026-09-01,낫포너드,2501312,Carbon Baggy Pants - Black,0.0,0,39000,39000,39000,0,0,0.0,100.0,1,high,24.09,6,2,none,,0,https://www.musinsa.com/products/2501312
2026-09-01,시야쥬,2558656,SITP5063 U-neck T-shirt_Cream,0.0,0,30780,30780,36000,1,-5220,-14.5,100.0,1,medium,24.08,6,2,none,,0,https://www.musinsa.com/products/2558656
2026-09-01,엑스트라오디너리,2596544,B.S.C TEE CROP WHITE,0.0,0,21500,21500,21500,0,0,0.0,100.0,1,high,24.09,6,2,none,,0,https://www.musinsa.com/products/2596544
2026-09-01,나인제트,2643072,브이넥 폴리 머슬핏 티셔츠 22TS10,0.0,0,19900,19900,19900,0,0,0.0,100.0,1,high,24.09,6,2,none,,0,https://www.musinsa.com/products/2643072
2026-09-01,코드그라피,2744512,(우먼) 코듀로이 플리스 양털 패딩_아이보리,0.0,0,97300,97300,97300,0,0,0.0,100.0,1,high,24.09,6,2,none,,0,https://www.musinsa.com/products/2744512
2026-09-01,키르시,2744640,스몰 체리 드레스 [멜란지 그레이],0.0,0,22200,22200,26700,1,-4500,-16.85,100.0,1,medium,24.08,6,2,none,,0,https://www.musinsa.com/products/2744640
2026-09-01,넌블랭크,2757824,루즈 핏 카라 가디건_IVORY,0.0,0,95200,95200,95200,0,0,0.0,100.0,1,high,24.01,8,2,none,,0,https://www.musinsa.com/products/2757824
2026-09-01,시그니처,2760384,케이블 카라 니트[그린],0.0,0,39900,39900,39900,0,0,0.0,100.0,1,high,24.09,6,2,none,,0,https://www.musinsa.com/products/2760384
2026-09-01,시야쥬,2772096,SIPT7052 muse two tuck wide slacks_Beige,0.0,0,74390,74390,87000,1,-12610,-14.49,100.0,1,medium,24.08,6,2,none,,0,https://www.musinsa.com/products/2772096
2026-09-01,유라고,2774464,Harry stripe wool knit,0.0,0,57760,57760,57760,0,0,0.0,100.0,1,high,24.09,6,2,none,,0,https://www.musinsa.com/products/2774464
2026-09-01,링서울,2790784,gold button tweed jacket-black,0.0,0,159490,159490,124050,1,35440,28.57,100.0,1,medium,24.01,8,2,none,,0,https://www.musinsa.com/products/2790784
2026-09-01,스컬프터,2796480,Glossy Satin Shirt Pale Beige,0.0,0,75600,75600,75600,0,0,0.0,100.0,1,high,24.08,7,2,none,,0,https://www.musinsa.com/products/2796480
2026-09-01,와이케이,2843776,코팅 절개 팬츠 크림,0.0,0,43600,43600,43600,0,0,0.0,100.0,1,high,24.01,8,2,none,,0,https://www.musinsa.com/products/2843776
2026-09-01,어반드레스,2850816,AV LOGO BEANIE BLACK,0.0,0,19500,19500,19500,0,0,0.0,100.0,1,high,24.09,7,2,none,,0,https://www.musinsa.com/products/2850816
2026-09-01,어반드레스,2850880,Two-tuck Stitch Denim Pants INDIGO,0.0,0,27200,27200,27200,0,0,0.0,100.0,1,high,24.09,7,2,none,,0,https://www.musinsa.com/products/2850880
2026-09-01,노이어,2870400,부클 후디 오버핏 스웨터 (블랙),0.0,0,112000,112000,112000,0,0,0.0,100.0,1,high,24.09,7,2,none,,0,https://www.musinsa.com/products/2870400
2026-09-01,솔트앤초콜릿,2881984,라운드 토 스티치 청키 로퍼 412239004/412315007 (3cm/2type),0.0,0,59400,59400,74250,1,-14850,-20.0,100.0,1,medium,24.08,7,2,none,,0,https://www.musinsa.com/products/2881984
2026-09-01,시눈,2932992,2WAY TUBE TOP MINI DRESS (LIGHT KHAKI),0.0,0,55440,55440,55440,0,0,0.0,100.0,1,high,24.09,6,2,none,,0,https://www.musinsa.com/products/2932992
2026-09-01,에이치덱스,2987968,우먼스 메인 빅 로고 조거팬츠 2 color,0.0,0,59500,59500,59500,0,0,0.0,100.0,1,high,24.09,6,2,none,,0,https://www.musinsa.com/products/2987968
2026-09-01,더블유엠씨,3011712,핀턱 조거 팬츠_BLACK,0.0,0,29600,29600,29600,0,0,0.0,100.0,1,high,24.01,8,2,none,,0,https://www.musinsa.com/products/3011712
2026-09-01,트래블,3012032,미시간 울버린 피그먼트 후드티 써머 베케이션,0.0,0,39500,39500,39500,0,0,0.0,100.0,1,high,24.09,8,2,none,,0,https://www.musinsa.com/products/3012032
2026-09-01,필루미네이트,3044032,1988 로고 볼 캡-그린,0.53,13198,25000,25000,25000,0,0,0.0,100.0,1,high,24.01,8,2,none,,0,https://www.musinsa.com/products/3044032
2026-09-01,나인제트,3046464,기백이 넘치다 스웻셔츠 (블랙),0.0,0,27600,27600,27600,0,0,0.0,100.0,1,high,24.09,6,2,none,,0,https://www.musinsa.com/products/3046464
2026-09-01,드로우핏,3052416,호보 레더 메신저백 [BLACK],0.5,34591,69300,69300,69300,0,0,0.0,100.0,1,low,48.08,11,1,none,,0,https://www.musinsa.com/products/3052416
2026-09-01,쿠어,3058304,후디드 크링클 아노락 셔츠 (블랙),0.0,0,144000,144000,144000,0,0,0.0,100.0,1,high,24.09,6,2,none,,0,https://www.musinsa.com/products/3058304
2026-09-01,디미트리블랙,3059712,사이드픽스 슈팅 블레이저 자켓_블랙,0.0,0,99900,99900,99900,0,0,0.0,100.0,1,high,24.08,6,2,none,,0,https://www.musinsa.com/products/3059712
2026-09-01,세컨모놀로그,3065152,유틸리티 파카링 카고 팬츠 라이트베이지 SEPT003L.BEIGE,0.0,0,35600,35600,35600,0,0,0.0,100.0,1,high,24.08,6,2,none,,0,https://www.musinsa.com/products/3065152
2026-09-01,프리즘웍스,3067712,HEAVY WOOL ROUND CARDIGAN _ INDIGO,0.0,0,115200,115200,128000,1,-12800,-10.0,100.0,1,medium,24.09,7,2,none,,0,https://www.musinsa.com/products/3067712
2026-09-01,시눈,3083200,FISHER SLIT CABLE KNIT VEST (WHITE),0.0,0,32340,32340,32340,0,0,0.0,100.0,1,high,24.09,6,2,none,,0,https://www.musinsa.com/products/3083200
2026-09-01,시눈,3083328,CLASSIC LOGO CAP (NAVY),0.64,27502,43000,43000,43000,0,0,0.0,100.0,1,high,24.09,6,2,none,,0,https://www.musinsa.com/products/3083328
2026-09-01,시야쥬,3084736,SIPT7074 Labelle Slit Slacks_Beige,0.0,0,66560,66560,87000,1,-20440,-23.49,100.0,1,medium,24.08,6,2,none,,0,https://www.musinsa.com/products/3084736
2026-09-01,커버낫,3086656,오버핏 플랩 포켓 셔츠 자켓 베이지,0.0,0,49500,49500,49500,0,0,0.0,100.0,1,high,24.08,6,2,none,,0,https://www.musinsa.com/products/3086656
2026-09-01,쿠어,3094592,더블 네티드 후드 집업 (블랙),0.0,0,159200,159200,159200,0,0,0.0,100.0,1,high,24.09,6,2,none,,0,https://www.musinsa.com/products/3094592
2026-09-01,프리즘웍스,3096448,BUDDY HARRINGTON JACKET _ NAVY,0.0,0,124200,124200,138000,1,-13800,-10.0,100.0,1,medium,24.09,7,2,none,,0,https://www.musinsa.com/products/3096448
2026-09-01,트립르센스,3098752,시그니처 프렌치 카라 스웻셔츠_LIGHT GREY,0.0,0,40000,40000,40000,0,0,0.0,100.0,1,high,24.01,8,2,none,,0,https://www.musinsa.com/products/3098752
2026-09-01,르바,3116288,Essential Cotton Half Pants - Beige,0.0,0,89100,89100,69300,1,19800,28.57,100.0,1,medium,24.09,6,2,none,,0,https://www.musinsa.com/products/3116288
2026-09-01,세컨모놀로그,3132544,키홀 펀칭 후드 집업 니트 네이비 SEJK007NAVY,0.0,0,55600,55600,55600,0,0,0.0,100.0,1,high,24.08,6,2,none,,0,https://www.musinsa.com/products/3132544
2026-09-01,엘무드,3136960,다이브 하프 셔츠 스쿠버 블루,0.0,0,39200,39200,39200,0,0,0.0,100.0,1,high,24.08,6,2,none,,0,https://www.musinsa.com/products/3136960
2026-09-01,드로우핏,3154688,원턱 밴딩 테이퍼드 슬랙스 [BLACK],1.53,76083,49770,49770,49770,0,0,0.0,100.0,1,high,24.09,6,2,none,,0,https://www.musinsa.com/products/3154688
2026-09-01,스컬프터,3171328,Cartolina Cargo Jogger Pants Lime,0.0,0,49840,49840,62300,1,-12460,-20.0,100.0,1,medium,24.08,7,2,none,,0,https://www.musinsa.com/products/3171328
2026-09-01,나이스고스트클럽,3176384,TORNADO LOGO TEE_BLACK(NG2EMUT503A),0.53,12680,24010,30870,24010,1,6860,28.57,100.0,1,medium,24.01,8,2,none,,0,https://www.musinsa.com/products/3176384
2026-09-01,커버낫,3195328,브이넥 니트 베스트 베이지,0.0,0,31600,31600,31600,0,0,0.0,100.0,1,high,24.08,6,2,none,,0,https://www.musinsa.com/products/3195328
2026-09-01,더블유엠씨,3212672,스카시 망사 라운드 니트_BLACK,0.0,0,37600,37600,37600,0,0,0.0,100.0,1,high,24.01,8,2,none,,0,https://www.musinsa.com/products/3212672
2026-09-01,미나브,3214272,강연코튼 케이블 펀칭 카라 니트 [아이보리],0.0,0,35100,35100,65600,1,-30500,-46.49,100.0,1,medium,24.09,8,2,none,,0,https://www.musinsa.com/products/3214272
2026-09-01,제멋,3226688,보이클럽 오버핏 반팔티셔츠 4종 네이비 SOST2481,0.0,0,27900,27900,27900,0,0,0.0,100.0,1,high,24.09,7,2,none,,0,https://www.musinsa.com/products/3226688
2026-09-01,세컨모놀로그,3247680,키홀 카라 숏 슬리브 썸머 니트 블랙 SEKT005BLACK,0.0,0,17150,17150,17150,0,0,0.0,100.0,1,high,24.08,6,2,none,,0,https://www.musinsa.com/products/3247680
2026-09-01,주앙옴므,3249024,브러쉬 페이딩 하프 슬리브 티셔츠 (다크 네이비),0.0,0,50400,50400,50400,0,0,0.0,100.0,1,high,24.09,6,2,none,,0,https://www.musinsa.com/products/3249024
2026-09-01,러프사이드,3251264,Primary Half Sleeve Off White,0.36,17537,49000,49000,49000,0,0,0.0,100.0,1,high,24.09,6,2,none,,0,https://www.musinsa.com/products/3251264
2026-09-01,드로우핏,3255744,프린지 카라 반팔 니트 [OLIVE GREEN],0.0,0,39600,39600,39600,0,0,0.0,100.0,1,high,24.09,6,2,none,,0,https://www.musinsa.com/products/3255744
2026-09-01,제멋,3257728,링크 투턱 카고 숏팬츠 5종 베이지 KJSP2484,0.98,28403,28900,28900,28900,0,0,0.0,100.0,1,high,24.09,7,2,none,,0,https://www.musinsa.com/products/3257728
2026-09-01,아워데이즈,3260096,쿨 린넨 라이크 와이드핏 데님 [BLUE],0.0,0,49600,49600,49600,0,0,0.0,100.0,1,high,24.09,6,2,none,,0,https://www.musinsa.com/products/3260096
2026-09-01,세컨모놀로그,3277312,키홀 시그니쳐 로고 버킷햇 블랙 SEAC002BLACK,0.0,0,23600,23600,23600,0,0,0.0,100.0,1,high,24.08,6,2,none,,0,https://www.musinsa.com/products/3277312
2026-09-01,론론,3289344,DOUBLE RIBBON OVER FIT T SHIRT WHITE,0.0,0,53460,53460,36960,1,16500,44.64,100.0,1,medium,24.09,7,2,none,,0,https://www.musinsa.com/products/3289344
2026-09-01,파르티멘토 우먼,3292672,컷 오프 버뮤다 진_블랙,0.0,0,107100,107100,107100,0,0,0.0,100.0,1,high,24.09,6,2,none,,0,https://www.musinsa.com/products/3292672
2026-09-01,러브이즈트루,3306048,PY LVTR TEE(BLUE),0.0,0,46550,46550,,0,,,48.26,0,low,24.01,4,1,none,,0,https://www.musinsa.com/products/3306048
2026-09-01,솔트앤초콜릿,3306688,SAC 남성 첼시부츠 422316001 (4cm),0.0,0,101400,101400,126750,1,-25350,-20.0,100.0,1,medium,24.08,7,2,none,,0,https://www.musinsa.com/products/3306688
2026-09-01,링서울,3312448,relax banded pants-black,0.0,0,65530,65530,50970,1,14560,28.57,100.0,1,medium,24.01,8,2,none,,0,https://www.musinsa.com/products/3312448
2026-09-01,스키즘 인듀싱,3330560,"NYLON CARGO PANTS, BLACK",0.0,0,79500,79500,111300,1,-31800,-28.57,100.0,1,medium,24.09,7,2,none,,0,https://www.musinsa.com/products/3330560
2026-09-01,제멋,3348288,샌디 와이드 워크팬츠 6종 카키 SOLP2517,0.0,0,41900,41900,41900,0,0,0.0,100.0,1,high,24.09,7,2,none,,0,https://www.musinsa.com/products/3348288
2026-09-01,트립르센스,3357504,스테디 썸머 플리츠 오버 셔츠_핑크,0.0,0,59200,59200,59200,0,0,0.0,100.0,1,high,24.01,8,2,none,,0,https://www.musinsa.com/products/3357504
2026-09-01,꼼파뇨,3364992,와이드 오버 카고 팬츠 블랙,1.89,93360,49510,49510,49510,0,0,0.0,100.0,1,high,24.09,6,2,none,,0,https://www.musinsa.com/products/3364992
2026-09-01,러브이즈트루,3374528,BE BEACH SHORTS(IVORY),0.0,0,30800,30800,30800,0,0,0.0,100.0,1,high,24.01,8,2,none,,0,https://www.musinsa.com/products/3374528
2026-09-01,러프사이드,3431552,25FW Primary Long Sleeve Off White,0.64,44156,69000,69000,69000,0,0,0.0,100.0,1,high,24.09,6,2,none,,0,https://www.musinsa.com/products/3431552
2026-09-01,코드그라피,3439168,와이드 멀티 포켓 나일론 카고 파라슈트 팬츠_3color,0.0,0,62300,62300,62300,0,0,0.0,100.0,1,high,24.09,6,2,none,,0,https://www.musinsa.com/products/3439168
2026-09-01,커버낫,3439808,모크넥 세미 오버 레글런 맨투맨 오트밀,0.0,0,45000,45000,45000,0,0,0.0,100.0,1,high,24.08,6,2,none,,0,https://www.musinsa.com/products/3439808
2026-09-01,스컬프터,3460544,Shirring Zip-Up Jersey Ballerina Pink,0.0,0,76160,76160,95200,1,-19040,-20.0,100.0,1,medium,24.08,7,2,none,,0,https://www.musinsa.com/products/3460544
2026-09-01,더뮤지엄비지터,3461632,FOREVER ART PRINTED CURVED ZIPPER WINDBREAKER (BLACK),0.0,0,138400,138400,138400,0,0,0.0,100.0,1,high,24.08,7,2,none,,0,https://www.musinsa.com/products/3461632
2026-09-01,커버낫,3469440,헤비웨이트 오버핏 맨투맨 베이지,0.0,0,53400,53400,53400,0,0,0.0,100.0,1,high,24.08,6,2,none,,0,https://www.musinsa.com/products/3469440
2026-09-01,가까이 유니언즈,3479936,루바토 브이넥 맨투맨 화이트 멜란지,0.0,0,42400,42400,42400,0,0,0.0,100.0,1,high,24.09,6,2,none,,0,https://www.musinsa.com/products/3479936
2026-09-01,드로우핏 우먼,3485568,핀턱 터틀넥 롱 슬리브 탑 [BLACK],0.0,0,29700,29700,29700,0,0,0.0,100.0,1,high,24.09,8,2,none,,0,https://www.musinsa.com/products/3485568
2026-09-01,드로우핏 우먼,3485760,내추럴 스티치 스퀘어 백 [BLACK],0.0,0,78400,78400,78400,0,0,0.0,100.0,1,high,24.09,8,2,none,,0,https://www.musinsa.com/products/3485760
2026-09-01,노이어,3505408,[2PACK] 실키 블렌디드 U넥 티셔츠,0.01,962,69600,69600,69600,0,0,0.0,100.0,1,high,24.09,7,2,none,,0,https://www.musinsa.com/products/3505408
2026-09-01,모즈모즈,3508736,안감선택 아치로고 오버핏 맨투맨 백메란지,0.0,0,32800,32800,32800,0,0,0.0,100.0,1,high,24.09,6,2,none,,0,https://www.musinsa.com/products/3508736
2026-09-01,알리스,3510016,더블 라인 플랩 카고 스웻 팬츠 [블랙],0.0,0,65300,65300,65300,0,0,0.0,100.0,1,high,24.09,6,2,none,,0,https://www.musinsa.com/products/3510016
2026-09-01,어반드레스,3510720,Kamen Collar Knit MELANGE,0.0,0,30000,30000,30000,0,0,0.0,100.0,1,high,24.09,7,2,none,,0,https://www.musinsa.com/products/3510720
2026-09-01,르바,3512768,Suede Button-Up Crop Jacket - Black,0.0,0,260100,260100,260100,0,0,0.0,100.0,1,high,24.09,6,2,none,,0,https://www.musinsa.com/products/3512768
2026-09-01,르바,3514752,Washed Cargo String Long Skirt - Beige,0.0,0,116100,116100,116100,0,0,0.0,100.0,1,high,24.09,6,2,none,,0,https://www.musinsa.com/products/3514752
2026-09-01,아이돈워너셀,3528448,Side Flash Denim Parasuit Pants Black,0.0,0,55600,55600,55600,0,0,0.0,100.0,1,high,24.08,6,2,none,,0,https://www.musinsa.com/products/3528448
2026-09-01,프리즘웍스,3531136,JUNGLE CLOTH FATIGUE PANTS _ BLACK,0.0,0,80100,80100,89000,1,-8900,-10.0,100.0,1,medium,24.09,7,2,none,,0,https://www.musinsa.com/products/3531136
2026-09-01,락피쉬웨더웨어,3536576,CLOUDY PLATFORM FUR SLINGBACKS - 6 colors,0.0,0,94000,94000,94000,0,0,0.0,100.0,1,high,24.09,6,2,none,,0,https://www.musinsa.com/products/3536576
2026-09-01,디미트리블랙,3539904,에센셜 헤어리 라운드 니트_라이트 그레이,0.39,15626,39900,33900,39900,1,-6000,-15.04,100.0,1,medium,24.08,6,2,none,,0,https://www.musinsa.com/products/3539904
2026-09-01,링서울,3548288,[선물옵션] 20mm leather crack belt - [silver/gold],0.0,0,23490,23490,18270,1,5220,28.57,100.0,1,medium,24.01,8,2,none,,0,https://www.musinsa.com/products/3548288
2026-09-01,드로우핏 우먼,3552512,소프트 캐시미어 레글런 숏 코트 [BLACK],0.0,0,198400,198400,198400,0,0,0.0,100.0,1,high,24.09,8,2,none,,0,https://www.musinsa.com/products/3552512
2026-09-01,엑스트라오디너리,3560384,ACID WASHED PANTS BEIGE,0.0,0,79500,79500,79500,0,0,0.0,100.0,1,high,24.09,6,2,none,,0,https://www.musinsa.com/products/3560384
2026-09-01,브라운야드,3565248,"퍼티그 스웻 팬츠, 라이트 옐로우",0.0,0,84000,84000,84000,0,0,0.0,100.0,1,high,24.01,8,2,none,,0,https://www.musinsa.com/products/3565248
2026-09-01,커버낫,3571712,RDS 유틸리티 다운 베스트 네이비,0.0,0,83400,83400,83400,0,0,0.0,100.0,1,high,24.08,6,2,none,,0,https://www.musinsa.com/products/3571712
2026-09-01,아틀리에 나인,3571968,키아나 셋업 포켓 솔리드 자켓(JK-2860),0.0,0,152100,152100,152100,0,0,0.0,100.0,1,high,24.09,6,2,none,,0,https://www.musinsa.com/products/3571968
2026-09-01,어반드레스,3575424,Onesnap Taslan Pants GREY,0.0,0,44200,44200,44200,0,0,0.0,100.0,1,high,24.09,7,2,none,,0,https://www.musinsa.com/products/3575424
2026-09-01,인사일런스,3579008,웨이브라인 다운 자켓 CHARCOAL,0.0,0,163170,163170,181300,1,-18130,-10.0,100.0,1,medium,24.08,6,2,none,,0,https://www.musinsa.com/products/3579008
2026-09-01,룩캐스트,3582144,헤리 와이드 레더 벨트 / HERY WIDE LEATHER BELT_2colors,0.0,0,46130,46130,46130,0,0,0.0,100.0,1,high,24.09,6,2,none,,0,https://www.musinsa.com/products/3582144
2026-09-01,키뮤어,3585216,(덕 다운) 벌룬 플라켓 다운 점퍼_3COLOR,0.0,0,132300,132300,132300,0,0,0.0,100.0,1,high,24.09,7,2,none,,0,https://www.musinsa.com/products/3585216
2026-09-01,알리스,3591552,브리즈 데님 미니 크로스백 [워시드블랙],0.0,0,57460,57460,57460,0,0,0.0,100.0,1,high,24.09,6,2,none,,0,https://www.musinsa.com/products/3591552
2026-09-01,어반드레스,3599488,Karin Crop Jacket BLACK,0.0,0,58500,58500,58500,0,0,0.0,100.0,1,high,24.09,7,2,none,,0,https://www.musinsa.com/products/3599488
2026-09-01,어반드레스,3599552,커브드 투버튼 블레이저 차콜,0.0,0,99000,99000,99000,0,0,0.0,100.0,1,high,24.09,7,2,none,,0,https://www.musinsa.com/products/3599552
2026-09-01,시눈,3603456,SMORE PADDING BAG KEYRING (YELLOW),0.0,0,12540,12540,12540,0,0,0.0,100.0,1,high,24.09,6,2,none,,0,https://www.musinsa.com/products/3603456
2026-09-01,레더리,3609280,인사이드 더 클로젯 니트 [IVORY],0.0,0,59400,59400,59400,0,0,0.0,100.0,1,high,24.09,6,2,none,,0,https://www.musinsa.com/products/3609280
2026-09-01,에이치덱스,3609792,워크아웃 짐 코어 벨트,0.0,0,55000,55000,55000,0,0,0.0,100.0,1,high,24.09,6,2,none,,0,https://www.musinsa.com/products/3609792
2026-09-01,후드후드,3614336,3레이어 리플렉티브 윈드브레이커 자켓 더스트블루,0.0,0,66960,66960,66960,0,0,0.0,100.0,1,high,24.09,6,2,none,,0,https://www.musinsa.com/products/3614336
2026-09-01,모즈모즈,3622400,엑스퍼트 아플리케 기모 투웨이 후드집업 그레이,0.0,0,54400,54400,54400,0,0,0.0,100.0,1,high,24.09,6,2,none,,0,https://www.musinsa.com/products/3622400
2026-09-01,바이젝,3629632,코튼 시그니처로고 세미오버핏 반팔 티셔츠_4Color,0.0,0,36000,36000,36000,0,0,0.0,100.0,1,high,24.08,6,2,none,,0,https://www.musinsa.com/products/3629632
2026-09-01,트립르센스,3639296,베이직 모크넥 오버 니트(MAN)_카키,0.0,0,55200,55200,55200,0,0,0.0,100.0,1,high,24.01,8,2,none,,0,https://www.musinsa.com/products/3639296
2026-09-01,트리밍버드,3639424,V-neck Flare Long One-piece [ Blue Gray ],0.0,0,124500,124500,124500,0,0,0.0,100.0,1,high,24.09,7,2,none,,0,https://www.musinsa.com/products/3639424
2026-09-01,드로우핏 우먼,3650240,울 니트 버튼 바라클라바 [GREY],0.0,0,32400,32400,32400,0,0,0.0,100.0,1,high,24.09,8,2,none,,0,https://www.musinsa.com/products/3650240
2026-09-01,바이젝,3681728,우븐 라인 머슬 브레이커 자켓,0.0,0,85500,85500,85500,0,0,0.0,100.0,1,high,24.08,6,2,none,,0,https://www.musinsa.com/products/3681728
2026-09-01,러브이즈트루,3706816,XM TREE CHRISTMAS STOCKING(NAVY),0.0,0,11560,11560,11560,0,0,0.0,100.0,1,high,24.01,8,2,none,,0,https://www.musinsa.com/products/3706816
2026-09-01,트리밍버드,3709760,Half-And-Half Collar Shirt One-Piece [ Black ],0.0,0,139500,139500,139500,0,0,0.0,100.0,1,high,24.09,7,2,none,,0,https://www.musinsa.com/products/3709760
2026-09-01,슈퍼서브,3727680,[SET] THUNDER 브러쉬드 니트 2PACK,0.0,0,89900,89900,89900,0,0,0.0,100.0,1,high,24.09,6,2,none,,0,https://www.musinsa.com/products/3727680
2026-09-01,어나더오피스,3728000,Kurt Mohair Cardigan (Charcoal),0.0,0,161200,161200,,0,,,98.56,0,medium,24.09,5,1,none,,0,https://www.musinsa.com/products/3728000
2026-09-01,트립르센스,3732672,투톤 믹스 케이블 니트_차콜,0.0,0,91200,91200,91200,0,0,0.0,100.0,1,high,24.01,8,2,none,,0,https://www.musinsa.com/products/3732672
2026-09-01,와르,3767424,M160 스트레이트 데님 팬츠 [숏기장 추가],0.86,43087,50190,50190,49140,1,1050,2.14,100.0,1,medium,24.08,7,2,none,,0,https://www.musinsa.com/products/3767424
2026-09-01,비터셀즈,3767488,릴리 오버핏 셔츠-핑크,0.0,0,43200,43200,37800,1,5400,14.29,100.0,1,medium,24.09,6,2,none,,0,https://www.musinsa.com/products/3767488
2026-09-01,커버낫,3773888,레트로 레터링 맨투맨 네이비,0.0,0,44550,44550,44550,0,0,0.0,100.0,1,high,24.08,6,2,none,,0,https://www.musinsa.com/products/3773888
2026-09-01,나이스고스트클럽,3776768,EVEN THE DEVIL KNIT HOODIE_BEIGE(NG2ESUK610A),0.0,0,59400,59400,59400,0,0,0.0,100.0,1,high,24.01,8,2,none,,0,https://www.musinsa.com/products/3776768
2026-09-01,무드인사이드 우먼,3783104,(woman) 푸퍼 크롭 숏패딩_Gray,0.0,0,49900,49900,49900,0,0,0.0,100.0,1,high,24.08,6,2,none,,0,https://www.musinsa.com/products/3783104
2026-09-01,더뮤지엄비지터,3786304,HEART METAL NYLON PANTS (BLACK),0.0,0,124200,124200,124200,0,0,0.0,100.0,1,high,24.08,7,2,none,,0,https://www.musinsa.com/products/3786304
2026-09-01,엘무드,3788288,코코보이 울 테일러드 자켓 블랙,0.61,81380,134200,134200,134200,0,0,0.0,100.0,1,high,24.08,6,2,none,,0,https://www.musinsa.com/products/3788288
2026-09-01,아메스 월드와이드,3788800,07 MESSAGE SWEATSHIRT OATMEAL,0.0,0,22800,22800,22800,0,0,0.0,100.0,1,high,24.09,6,2,none,,0,https://www.musinsa.com/products/3788800
2026-09-01,가까이 유니언즈,3794432,원턱 와이드 스웨트 카고팬츠 그레이,0.0,0,39900,39900,39900,0,0,0.0,100.0,1,high,24.09,6,2,none,,0,https://www.musinsa.com/products/3794432
2026-09-01,어반드레스,3794880,Atlantis Chic Crop Varsity Jacket BLACK,0.0,0,74000,74000,74000,0,0,0.0,100.0,1,high,24.09,7,2,none,,0,https://www.musinsa.com/products/3794880
2026-09-01,가까이 유니언즈,3796288,원턱 스냅 벌룬 팬츠 차콜,0.0,0,39200,39200,39200,0,0,0.0,100.0,1,high,24.09,6,2,none,,0,https://www.musinsa.com/products/3796288
2026-09-01,와이케이,3800832,말티즈 아카이브 래글런 롱슬리브 티셔츠 민트,0.0,0,44250,44250,44250,0,0,0.0,100.0,1,high,24.01,8,2,none,,0,https://www.musinsa.com/products/3800832
2026-09-01,커버낫,3801152,워싱 데님 레귤러 팬츠 블루,0.0,0,44500,44500,44500,0,0,0.0,100.0,1,high,24.08,6,2,none,,0,https://www.musinsa.com/products/3801152
2026-09-01,커버낫,3801216,보더콜리 엠블럼 후디 헤더 그레이,0.61,30011,49500,49500,49500,0,0,0.0,100.0,1,high,24.08,6,2,none,,0,https://www.musinsa.com/products/3801216
2026-09-01,알리스,3801664,수피마 엠브로이더리 베이직 로고 긴팔 티셔츠 [블랙],0.0,0,35530,35530,37210,1,-1680,-4.51,100.0,1,medium,24.09,6,2,none,,0,https://www.musinsa.com/products/3801664
2026-09-01,파브레가,3801792,바레나 포켓 치노 자켓 (다크 세이지),0.0,0,167400,167400,167400,0,0,0.0,100.0,1,high,24.09,6,2,none,,0,https://www.musinsa.com/products/3801792
2026-09-01,러프사이드,3805056,Oversized Sweat Shirt Graphite,0.71,69988,98000,98000,98000,0,0,0.0,100.0,1,high,24.09,6,2,none,,0,https://www.musinsa.com/products/3805056
2026-09-01,세컨모놀로그,3812096,(TIE SET)Side Slit Oversized Cotton Shirt [8 color]_SESH008,1.0,39000,39000,45500,39000,1,6500,16.67,100.0,1,medium,24.0,14,4,none,,0,https://www.musinsa.com/products/3812096
2026-09-01,디스이즈네버댓,3812544,T-Logo Short Beanie Purple,0.0,0,14000,14000,14000,0,0,0.0,100.0,1,high,24.08,6,2,none,,0,https://www.musinsa.com/products/3812544
2026-09-01,디스이즈네버댓,3812608,THAT Hands W Tee Off Black,0.0,0,18000,18000,18000,0,0,0.0,100.0,1,high,24.08,6,2,none,,0,https://www.musinsa.com/products/3812608
2026-09-01,디스이즈네버댓,3812672,Satin Jacket Navy,0.0,0,84500,84500,84500,0,0,0.0,100.0,1,high,24.08,6,2,none,,0,https://www.musinsa.com/products/3812672
2026-09-01,데케트,3814976,Dawn Cropped Tapered Jeans DCPT001Blue,0.0,0,24800,24800,24800,0,0,0.0,100.0,1,high,24.09,6,2,none,,0,https://www.musinsa.com/products/3814976
2026-09-01,세터,3816192,빈티지 캐쥬얼 아플리케 볼캡 베이지,0.0,0,69000,69000,69000,0,0,0.0,100.0,1,high,24.09,6,2,none,,0,https://www.musinsa.com/products/3816192
2026-09-01,유니폼브릿지,3822592,argyle collar knit cardigan brick,0.0,0,39800,39800,39800,0,0,0.0,100.0,1,high,24.08,7,2,none,,0,https://www.musinsa.com/products/3822592
2026-09-01,아이돈워너셀,3823104,Balloon Wide Denim Pants Brown,0.0,0,59500,59500,59500,0,0,0.0,100.0,1,high,24.08,6,2,none,,0,https://www.musinsa.com/products/3823104
2026-09-01,플랙,3825344,릴렉스 스트레이트 데님팬츠 M16 그라데이션 블루,0.0,0,89000,89000,89000,0,0,0.0,100.0,1,high,24.08,6,2,none,,0,https://www.musinsa.com/products/3825344
2026-09-01,유라고,3825920,Kid-mohair knit muffler set,0.0,0,87400,87400,87400,0,0,0.0,100.0,1,high,24.09,6,2,none,,0,https://www.musinsa.com/products/3825920
2026-09-01,유라고,3825984,Sheer layered wrap skirt,0.0,0,40280,40280,40280,0,0,0.0,100.0,1,high,24.09,6,2,none,,0,https://www.musinsa.com/products/3825984
2026-09-01,드로우핏,3830016,워시드 오피서 치노 팬츠 [BLACK],0.0,0,59400,59400,59400,0,0,0.0,100.0,1,high,24.09,6,2,none,,0,https://www.musinsa.com/products/3830016
2026-09-01,쿠어,3833408,페이퍼 버튼다운 셔츠 (라이트블루그레이),0.0,0,94500,94500,94500,0,0,0.0,100.0,1,high,24.09,6,2,none,,0,https://www.musinsa.com/products/3833408
2026-09-01,키르시,3833856,유스호스텔 그래픽 모달 후드 [블랙],0.0,0,39500,39500,39500,0,0,0.0,100.0,1,high,24.08,6,2,none,,0,https://www.musinsa.com/products/3833856
2026-09-01,노이어,3839616,클래식 스트레이트 데님 팬츠 (그레이),0.0,0,81700,81700,81700,0,0,0.0,100.0,1,high,24.09,7,2,none,,0,https://www.musinsa.com/products/3839616
2026-09-01,노이어,3839680,마이크로 리브드 스퀘어넥 하프 니트 (블랙),0.0,0,59500,59500,59500,0,0,0.0,100.0,1,high,24.09,7,2,none,,0,https://www.musinsa.com/products/3839680
2026-09-01,노이어,3839872,테슬 위빙 레더 벨트 (브라운),0.01,687,46800,46800,46800,0,0,0.0,100.0,1,high,24.09,7,2,none,,0,https://www.musinsa.com/products/3839872
2026-09-01,유니폼브릿지,3840832,3pocket wind jacket navy,0.0,0,59710,59710,59710,0,0,0.0,100.0,1,high,24.08,7,2,none,,0,https://www.musinsa.com/products/3840832
2026-09-01,몽돌,3842816,사이드 셔링 메쉬 롱슬리브 아이보리 MDTS061IVORY,2.15,41343,19221,16840,21380,1,-4540,-21.23,100.0,1,medium,10.29,18,7,none,,0,https://www.musinsa.com/products/3842816
2026-09-01,엘무드,3842880,벌키 크루 라운드 니트 가디건,0.0,0,63900,63900,63900,0,0,0.0,100.0,1,high,24.08,6,2,none,,0,https://www.musinsa.com/products/3842880
2026-09-01,엘무드,3843072,ROCK A BILLY 슬러브 스쿱넥 하프 티셔츠,0.0,0,26100,26100,26100,0,0,0.0,100.0,1,high,24.08,6,2,none,,0,https://www.musinsa.com/products/3843072
2026-09-01,와이케이,3844224,컷아웃 오버핏 블레이저 그레이,0.0,0,71550,71550,71550,0,0,0.0,100.0,1,high,24.01,8,2,none,,0,https://www.musinsa.com/products/3844224
2026-09-01,와이케이,3844288,마린 아플리케 빈티지 맨투맨 네이비,0.0,0,51350,51350,51350,0,0,0.0,100.0,1,high,24.01,8,2,none,,0,https://www.musinsa.com/products/3844288
2026-09-01,에이치덱스,3852608,우먼스 짐홀릭 래글런 롱 슬리브 (Charcoal),0.0,0,40740,40740,40740,0,0,0.0,100.0,1,high,24.09,6,2,none,,0,https://www.musinsa.com/products/3852608
2026-09-01,더니트컴퍼니,3856256,마일드 코튼 카라 가디건 [그레이],0.0,0,58400,58400,58400,0,0,0.0,100.0,1,high,24.09,6,2,none,,0,https://www.musinsa.com/products/3856256
2026-09-01,나이스고스트클럽,3857600,FFATS DRESS CODE BIG BIG SHIRT_WHITE(NG2ESUW302A),0.0,0,51600,51600,51600,0,0,0.0,100.0,1,high,24.01,8,2,none,,0,https://www.musinsa.com/products/3857600
2026-09-01,카네이테이,3861056,AIRPODS CASE (GRAY) / UPCYCLED,0.0,0,29000,29000,29990,1,-990,-3.3,100.0,1,medium,24.08,7,2,none,,0,https://www.musinsa.com/products/3861056
2026-09-01,커버낫,3864384,서클 C 카라 티셔츠 화이트,0.0,0,35550,35550,35550,0,0,0.0,100.0,1,high,24.08,6,2,none,,0,https://www.musinsa.com/products/3864384
2026-09-01,프리즘웍스,3870080,DENIM ZIP UP WORK JACKET _ LIGHT BLUE,0.0,0,74000,74000,74000,0,0,0.0,100.0,1,high,24.09,7,2,none,,0,https://www.musinsa.com/products/3870080
2026-09-01,프리즘웍스,3870144,OG PIGMENT DYEING HOODY 002 _ BURGUNDY,0.0,0,80100,80100,89000,1,-8900,-10.0,100.0,1,medium,24.09,7,2,none,,0,https://www.musinsa.com/products/3870144
2026-09-01,르바,3870912,Tweed Jacquard Sleeveless Knit Top - Natural,0.0,0,116430,116430,116430,0,0,0.0,100.0,1,high,24.09,6,2,none,,0,https://www.musinsa.com/products/3870912
2026-09-01,르바,3871040,Layered Long Sleeve T-shirt - Light mint,0.0,0,46800,46800,36400,1,10400,28.57,100.0,1,medium,24.09,6,2,none,,0,https://www.musinsa.com/products/3871040
2026-09-01,쿠어,3871872,가먼트 워시드 몰스킨 원 턱 치노 팬츠 (그레이시그린),0.0,0,153000,153000,153000,0,0,0.0,100.0,1,high,24.09,6,2,none,,0,https://www.musinsa.com/products/3871872
2026-09-01,프렌다,3875904,PDC UNIFORM SEE THROUGH LAYERED SLEEVE CHARCOAL,0.0,0,19000,19000,19000,0,0,0.0,100.0,1,high,24.09,8,2,none,,0,https://www.musinsa.com/products/3875904
2026-09-01,토마스모어,3881152,프렌치 스트라이프 셔츠-네이비,3.75,224009,59700,59700,59700,0,0,0.0,100.0,1,high,10.2,29,6,none,,0,https://www.musinsa.com/products/3881152
2026-09-01,배드블러드,3888576,비욘드 소프트 컷아웃 후드 - 블랙,0.0,0,84800,84800,84800,0,0,0.0,100.0,1,high,24.09,10,2,none,,0,https://www.musinsa.com/products/3888576
2026-09-01,플랙,3891264,슈팅 슬림 스트레이트 데님팬츠 M30 라이트 블루,0.0,0,79000,79000,79000,0,0,0.0,100.0,1,high,24.08,6,2,none,,0,https://www.musinsa.com/products/3891264
2026-09-01,트립르센스,3892864,[세트]베이직 유넥 실켓 코튼 긴팔티,0.0,0,73800,73800,73800,0,0,0.0,100.0,1,high,24.01,8,2,none,,0,https://www.musinsa.com/products/3892864
2026-09-01,트립르센스,3892992,스티치 플레이드 체크 셔츠_브라운,0.0,0,41000,41000,41000,0,0,0.0,100.0,1,high,24.01,8,2,none,,0,https://www.musinsa.com/products/3892992
2026-09-01,에이치덱스,3894144,B.Y.E 프로틴 컨테이너 M,0.0,0,9500,9500,9500,0,0,0.0,100.0,1,high,24.09,6,2,none,,0,https://www.musinsa.com/products/3894144
2026-09-01,트립르센스,3895296,[유튜버 PICK] 커스텀 포멀 스트레이트 슬랙스_그레이,0.0,0,60300,60300,60300,0,0,0.0,100.0,1,high,24.01,8,2,none,,0,https://www.musinsa.com/products/3895296
2026-09-01,인사일런스 우먼,3902080,포우 레더 버뮤다 팬츠 WASHED BROWN,0.0,0,99200,99200,99200,0,0,0.0,100.0,1,high,24.09,7,2,none,,0,https://www.musinsa.com/products/3902080
2026-09-01,커버낫,3904960,드로잉 스트라이프 하프 셔츠 옐로우,0.0,0,39500,39500,39500,0,0,0.0,100.0,1,high,24.08,6,2,none,,0,https://www.musinsa.com/products/3904960
2026-09-01,커버낫,3905024,크로셰 카라 하프 니트 블랙,0.0,0,44550,44550,44550,0,0,0.0,100.0,1,high,24.08,6,2,none,,0,https://www.musinsa.com/products/3905024
2026-09-01,마인드브릿지,3905472,두굿_[쿨]오버핏쿨맥스자켓 - 2color MAJK3102,0.0,0,159000,159000,159000,0,0,0.0,100.0,1,high,24.09,6,2,none,,0,https://www.musinsa.com/products/3905472
2026-09-01,시야쥬,3918784,SITP5143 오버핏 노블 셔츠_Light pink,0.0,0,83390,83390,109000,1,-25610,-23.5,100.0,1,medium,24.08,6,2,none,,0,https://www.musinsa.com/products/3918784
2026-09-01,후드후드,3927424,[미누 PICK] 스페이스 크래프트 반팔티셔츠 블랙,0.0,0,29400,29400,29400,0,0,0.0,100.0,1,high,24.09,6,2,none,,0,https://www.musinsa.com/products/3927424
2026-09-01,파르티멘토 우먼,3937600,쉬어 레이스 저지 후디 드레스_스카이,0.0,0,88290,88290,68670,1,19620,28.57,100.0,1,medium,24.09,6,2,none,,0,https://www.musinsa.com/products/3937600
2026-09-01,키르시,3940544,스몰 체리 스탠다드 니트 가디건 [스카이],0.0,0,44500,44500,44500,0,0,0.0,100.0,1,high,24.08,6,2,none,,0,https://www.musinsa.com/products/3940544
2026-09-01,바우프,3941632,B STAR 카고 팬츠 [카모],0.0,0,81750,81750,81750,0,0,0.0,100.0,1,high,24.09,6,2,none,,0,https://www.musinsa.com/products/3941632
2026-09-01,더니트컴퍼니,3950080,텍스처드 리브드 니트 [블랙],0.0,0,33800,33800,33800,0,0,0.0,100.0,1,high,24.09,6,2,none,,0,https://www.musinsa.com/products/3950080
2026-09-01,토마스모어,3961536,피마 트윌 셔츠-라이첸블루,0.0,0,73500,73500,73500,0,0,0.0,100.0,1,high,24.01,8,2,none,,0,https://www.musinsa.com/products/3961536
2026-09-01,더블유엠씨,3962432,스트링 럭색_IVORY,0.0,0,24500,24500,24500,0,0,0.0,100.0,1,high,24.01,8,2,none,,0,https://www.musinsa.com/products/3962432
2026-09-01,마인드브릿지,3962944,수피마_레터링세미오버핏티셔츠 - 2color MYTS3101,0.0,0,24900,24900,24900,0,0,0.0,100.0,1,high,24.09,6,2,none,,0,https://www.musinsa.com/products/3962944
2026-09-01,나이스고스트클럽,3968704,DEVIL ANGEL SKELETON TEE_GREEN(NG2EMUT535A),0.0,0,17550,17550,17550,0,0,0.0,100.0,1,high,24.01,8,2,none,,0,https://www.musinsa.com/products/3968704
2026-09-01,커버낫,3972928,플라워 베이스 티셔츠 아이보리,0.0,0,20250,20250,20250,0,0,0.0,100.0,1,high,24.08,6,2,none,,0,https://www.musinsa.com/products/3972928
2026-09-01,언탭트 스튜디오,3973632,[6PACK]퓨어코튼 24수  롱기장 레이어드 반팔 티셔츠,0.96,38126,39650,39650,39650,0,0,0.0,100.0,1,high,24.01,8,2,none,,0,https://www.musinsa.com/products/3973632
2026-09-01,파르티멘토 우먼,3973696,와이드 버클 스트랩 키튼 힐_네이비,0.0,0,241200,241200,187600,1,53600,28.57,100.0,1,medium,24.09,6,2,none,,0,https://www.musinsa.com/products/3973696
2026-09-01,스키즘 인듀싱,3982208,"FAKE REWORKED TANK TOP, WHITE",0.0,0,40800,40800,47600,1,-6800,-14.29,100.0,1,medium,24.09,7,2,none,,0,https://www.musinsa.com/products/3982208
2026-09-01,드로우핏 우먼,3984000,수피마 실켓 크루넥 반팔 티셔츠 [BLACK],0.73,21801,29700,29700,29700,0,0,0.0,100.0,1,high,24.09,8,2,none,,0,https://www.musinsa.com/products/3984000
2026-09-01,브룩스 브라더스,3988416,린넨 벨티드 셔츠 원피스 (화이트) (BBDZWM7128AES),0.0,0,172320,172320,172320,0,0,0.0,100.0,1,high,24.01,8,2,none,,0,https://www.musinsa.com/products/3988416
2026-09-01,마인드브릿지,3989376,루즈핏풀밴딩하프팬츠 - 2color MYHP3110,0.0,0,29900,29900,29900,0,0,0.0,100.0,1,low,24.09,6,2,none,,0,https://www.musinsa.com/products/3989376
2026-09-01,어반드레스,3993408,Bang Bang Cap - 6COL,0.0,0,19900,19900,19900,0,0,0.0,100.0,1,high,24.09,7,2,none,,0,https://www.musinsa.com/products/3993408
2026-09-01,시눈,3997760,Eyelet Blouse (White),0.0,0,71680,71680,71680,0,0,0.0,100.0,1,high,24.09,6,2,none,,0,https://www.musinsa.com/products/3997760
2026-09-01,아웃스탠딩,4000064,SEERSUCKER GUAYABERA CUBA HALF SHIRT_BROWN,0.0,0,75600,75600,67200,1,8400,12.5,100.0,1,low,24.08,7,2,none,,0,https://www.musinsa.com/products/4000064
2026-09-01,썬러브투어,4001728,Breath Golf Cargo Pants Grey,0.0,0,107600,107600,72630,1,34970,48.15,100.0,1,medium,24.09,8,2,none,,0,https://www.musinsa.com/products/4001728
2026-09-01,넌블랭크,4003712,[여름]스트라이프 하프 티셔츠_MELANGE GREY,0.0,0,47840,47840,47840,0,0,0.0,100.0,1,high,24.01,8,2,none,,0,https://www.musinsa.com/products/4003712
2026-09-01,슬로우애시드,4004416,앙드레김 X 슬로우애시드 버튼 그래픽 후드티셔츠 [그레이],0.0,0,69500,69500,69500,0,0,0.0,100.0,1,high,24.09,6,2,none,,0,https://www.musinsa.com/products/4004416
2026-09-01,필루미네이트,4009024,나일론 심볼 로고 카고 팬츠-4Color,0.0,0,33000,33000,33000,0,0,0.0,100.0,1,high,24.01,8,2,none,,0,https://www.musinsa.com/products/4009024
2026-09-01,트리밍버드,4009280,Hidden Zipper Incision Jacket [ Black ],0.0,0,259000,259000,259000,0,0,0.0,100.0,1,high,24.09,7,2,none,,0,https://www.musinsa.com/products/4009280
2026-09-01,아틀리에 나인,4010048,IRENE OUT POCKET CROP SET-UP JACKET(JK-2944),0.0,0,83400,83400,83400,0,0,0.0,100.0,1,high,24.09,6,2,none,,0,https://www.musinsa.com/products/4010048
2026-09-01,드로우핏 우먼,4020992,케이블 라인 린넨 반팔 니트 [IVORY],0.0,0,52200,52200,52200,0,0,0.0,100.0,1,high,24.09,8,2,none,,0,https://www.musinsa.com/products/4020992
2026-09-01,드로우핏 우먼,4024384,원턱 나일론 슬랙스 [WHITE],0.0,0,55800,55800,55800,0,0,0.0,100.0,1,high,24.09,8,2,none,,0,https://www.musinsa.com/products/4024384
2026-09-01,코드그라피,4025024,(우먼) 집업 카라 반팔 티셔츠_네이비,0.0,0,16210,16210,16210,0,0,0.0,100.0,1,high,24.09,6,2,none,,0,https://www.musinsa.com/products/4025024
2026-09-01,웬즈데이오아시스,4030464,카펜더 데님 버뮤다 팬츠(3color),0.0,0,41300,41300,41300,0,0,0.0,100.0,1,low,24.09,8,2,none,,0,https://www.musinsa.com/products/4030464
2026-09-01,세컨모놀로그,4038656,키홀 포인트 자수 로고 피그먼트 팬츠 [BEIGE]_SEPT043BEIGE,0.0,0,31600,31600,31600,0,0,0.0,100.0,1,high,24.08,6,2,none,,0,https://www.musinsa.com/products/4038656
2026-09-01,제멋,4042944,포워드 오버핏 카라 반팔티셔츠 그린 OYST2559,0.0,0,28900,28900,28900,0,0,0.0,100.0,1,high,24.09,7,2,none,,0,https://www.musinsa.com/products/4042944
2026-09-01,커버낫,4044672,립스탑 카고 쇼츠 카키,0.0,0,35550,35550,35550,0,0,0.0,100.0,1,high,24.08,6,2,none,,0,https://www.musinsa.com/products/4044672
2026-09-01,더니트컴퍼니,4046080,코튼 린넨 릴렉스드 자켓 [블랙],0.0,0,71600,71600,71600,0,0,0.0,100.0,1,high,24.09,6,2,none,,0,https://www.musinsa.com/products/4046080
2026-09-01,1993스튜디오,4056128,리버스 스티치 크롭 티셔츠_화이트,0.0,0,40500,40500,40500,0,0,0.0,100.0,1,high,24.08,6,2,none,,0,https://www.musinsa.com/products/4056128
2026-09-01,글로니,4060352,FRILL HIGH CUT BIKINI BOTTOM (WHITE),0.0,0,58000,58000,40600,1,17400,42.86,100.0,1,medium,24.09,7,2,none,,0,https://www.musinsa.com/products/4060352
2026-09-01,더바이닐하우스,4061760,TORNADO TEE RED (VH2EMUT510A),0.0,0,22050,22050,34360,1,-12310,-35.83,100.0,1,medium,24.08,6,2,none,,0,https://www.musinsa.com/products/4061760
2026-09-01,시눈,4065024,Big Unicorn Puff T-Shirt (Orange),0.0,0,29680,29680,29680,0,0,0.0,100.0,1,high,24.09,6,2,none,,0,https://www.musinsa.com/products/4065024
2026-09-01,로우로우,4075648,R TRUNK ALUMINIUM 커버 [4size],0.0,0,35100,35100,35100,0,0,0.0,100.0,1,high,24.01,8,2,none,,0,https://www.musinsa.com/products/4075648
2026-09-01,와이케이,4077312,스트라이프 니트 베스트 핑크,0.0,0,27600,27600,27600,0,0,0.0,100.0,1,high,24.01,8,2,none,,0,https://www.musinsa.com/products/4077312
2026-09-01,브랜디드,4081216,2 PLEATS DENIM PANTS [MIDDLE BLUE],0.0,0,71100,71100,71100,0,0,0.0,100.0,1,high,24.09,6,2,none,,0,https://www.musinsa.com/products/4081216
2026-09-01,트래블,4087616,하트스페이스 색지 반팔티 블랙,0.0,0,19500,19500,19500,0,0,0.0,100.0,1,high,24.09,8,2,none,,0,https://www.musinsa.com/products/4087616
2026-09-01,드헤베,4092864,Classic Open Collar Blouse [Black],0.0,0,75740,75740,75740,0,0,0.0,100.0,1,low,73.25,4,1,none,,0,https://www.musinsa.com/products/4092864
2026-09-01,프리즘웍스,4095936,STRING DENIM SHORTS _ BLACK,0.02,521,34000,34000,34000,0,0,0.0,100.0,1,high,24.09,7,2,none,,0,https://www.musinsa.com/products/4095936
2026-09-01,밀로아카이브,4107712,투 포켓 데님 하프 셔츠 [블랙],0.96,67625,70400,70400,79200,1,-8800,-11.11,100.0,1,medium,24.01,9,2,none,,0,https://www.musinsa.com/products/4107712
2026-09-01,미나브,4109504,프레쉬 린넨 베이직 셔츠 [4COLOR],0.0,0,39000,39000,63200,1,-24200,-38.29,100.0,1,medium,24.09,8,2,none,,0,https://www.musinsa.com/products/4109504
2026-09-01,쿠어,4110784,오버핏 박시 티셔츠 (블랙),0.0,0,54000,54000,54000,0,0,0.0,100.0,1,high,24.09,6,2,none,,0,https://www.musinsa.com/products/4110784
2026-09-01,트릴리온,4111296,캣 브러쉬 워시드 버뮤다 데님 쇼츠 (NORMAL BLACK),0.0,0,29800,29800,29800,0,0,0.0,100.0,1,low,48.26,9,2,none,,0,https://www.musinsa.com/products/4111296
2026-09-01,와이케이,4117824,말티즈 크루 라인 그래픽 반팔티셔츠 멜란지화이트,0.0,0,29400,29400,29400,0,0,0.0,100.0,1,high,24.01,8,2,none,,0,https://www.musinsa.com/products/4117824
2026-09-01,꼼파뇨,4120960,DTP 웨이브 돌핀 반팔티 화이트,0.0,0,32500,32500,25000,1,7500,30.0,100.0,1,medium,24.09,6,2,none,,0,https://www.musinsa.com/products/4120960
2026-09-01,커버낫,4122560,C 로고 후디 브리티쉬 그린,0.0,0,47400,47400,47400,0,0,0.0,100.0,1,high,24.08,6,2,none,,0,https://www.musinsa.com/products/4122560
2026-09-01,인템포무드,4126016,쿨링 스트라이프 루즈 티셔츠 : 2컬러,0.0,0,27300,27300,27300,0,0,0.0,60.5,0,low,24.0,6,1,none,,0,https://www.musinsa.com/products/4126016
2026-09-01,썸웨어버터,4131072,Cotton Collar Pendant Knit - Pink,0.0,0,109000,109000,76300,1,32700,42.86,100.0,1,medium,24.01,8,2,none,,0,https://www.musinsa.com/products/4131072
2026-09-01,썸웨어버터,4133056,Wave logo safari hat - 4color,0.0,0,49000,49000,49000,0,0,0.0,100.0,1,high,24.01,8,2,none,,0,https://www.musinsa.com/products/4133056
2026-09-01,솔트앤초콜릿,4133696,SAC 로고 오버핏 스트라이프 셔츠 스카이블루 4W2417002,0.0,0,38620,38620,49700,1,-11080,-22.29,100.0,1,medium,24.08,7,2,none,,0,https://www.musinsa.com/products/4133696
2026-09-01,로우클래식,4135168,SHIRRING VOLUME TOP_OFF WHITE [LC262BL02OW],1.96,80558,41060,41060,46920,1,-5860,-12.49,100.0,1,medium,24.09,7,2,none,,0,https://www.musinsa.com/products/4135168
2026-09-01,노티카,4136000,세일링 클럽 레이서백 크롭 탱크탑 2PACK,0.0,0,29400,29400,29400,0,0,0.0,100.0,1,high,24.09,6,2,none,,0,https://www.musinsa.com/products/4136000
2026-09-01,파르티멘토 우먼,4137024,워시드 라운딩 진_블랙,0.0,0,98100,98100,98100,0,0,0.0,100.0,1,high,24.09,6,2,none,,0,https://www.musinsa.com/products/4137024
2026-09-01,노이어,4139008,라이트 울 플레어 슬랙스 (블랙),3.39,330934,97697,97580,98600,1,-1020,-1.03,100.0,1,low,10.25,16,5,none,,0,https://www.musinsa.com/products/4139008
2026-09-01,바우로 프로덕트,4139584,크롭 레더 자켓,0.0,0,179000,179000,179000,0,0,0.0,100.0,1,high,24.09,6,2,none,,0,https://www.musinsa.com/products/4139584
2026-09-01,트리밍버드,4144448,Soa Long One-piece [ White ],0.0,0,198000,198000,198000,0,0,0.0,100.0,1,high,24.09,7,2,none,,0,https://www.musinsa.com/products/4144448
2026-09-01,스키즘 인듀싱,4149056,MUSCLE TANK TOP WHITE,0.0,0,40800,40800,43200,1,-2400,-5.56,100.0,1,medium,24.09,7,2,none,,0,https://www.musinsa.com/products/4149056
2026-09-01,스키즘 인듀싱,4149696,TAU DUAL PISTOLS T SHIRT_WHITE,0.0,0,34000,34000,27200,1,6800,25.0,100.0,1,medium,24.09,7,2,none,,0,https://www.musinsa.com/products/4149696
2026-09-01,바우로 프로덕트,4151424,스트라이프 머슬 헨리넥 니트 [네이비],0.0,0,69900,69900,69900,0,0,0.0,100.0,1,high,24.08,6,2,none,,0,https://www.musinsa.com/products/4151424
2026-09-01,언더오프,4159104,오버핏 크루넥 슬리브리스 1992 민소매 티셔츠 블랙오렌지,0.0,0,17520,17520,17520,0,0,0.0,100.0,1,high,24.08,6,2,none,,0,https://www.musinsa.com/products/4159104
2026-09-01,러브이즈트루,4162240,BE HALTERNECK BIKINI SET_BOTTOM(WHITE),0.0,0,25200,25200,25200,0,0,0.0,100.0,1,high,24.01,8,2,none,,0,https://www.musinsa.com/products/4162240
2026-09-01,론론,4170368,LOGO LAYERED GOLGI LAP SKIRT GREY,0.0,0,13200,13200,30800,1,-17600,-57.14,100.0,1,medium,24.09,7,2,none,,0,https://www.musinsa.com/products/4170368
2026-09-01,바우프,4171712,B LOGO 메쉬 볼캡 [핑크],0.0,0,46750,46750,46750,0,0,0.0,100.0,1,high,24.09,6,2,none,,0,https://www.musinsa.com/products/4171712
2026-09-01,바우프,4171776,B LOGO 메쉬 볼캡 [브라운],1.0,46625,46750,46750,46750,0,0,0.0,100.0,1,high,24.09,6,2,none,,0,https://www.musinsa.com/products/4171776
2026-09-01,브룩스 브라더스,4198400,프라이데이 시어서커 쇼츠 (네이비) (BBPSMF8343QEM),0.0,0,83440,83440,83440,0,0,0.0,100.0,1,high,24.01,8,2,none,,0,https://www.musinsa.com/products/4198400
2026-09-01,파르티멘토 우먼,4204544,백오픈 스터디드 블라우스_브라운,0.0,0,58320,58320,45360,1,12960,28.57,100.0,1,medium,24.09,6,2,none,,0,https://www.musinsa.com/products/4204544
2026-09-01,카네이테이,4225536,LIGHTWEIGHT MOLLE BACKPACK (BEIGE) / RECYCLED,0.0,0,79000,79000,84550,1,-5550,-6.56,100.0,1,medium,24.08,7,2,none,,0,https://www.musinsa.com/products/4225536
2026-09-01,해칭룸,4233792,Crop Shirt 1/2 Green Charcoal,0.0,0,143000,143000,143000,0,0,0.0,100.0,1,high,24.09,6,2,none,,0,https://www.musinsa.com/products/4233792
2026-09-01,브룩스 브라더스,4247616,레귤러핏 코튼 시어서커 폴로버튼다운 셔츠 (화이트) (BBTPMF0695AES),0.0,0,143100,143100,143100,0,0,0.0,100.0,1,high,24.01,8,2,none,,0,https://www.musinsa.com/products/4247616
2026-09-01,1993스튜디오,4258816,피그먼트 트랙 스웨트 팬츠_더스티그레이,0.0,0,68000,68000,68000,0,0,0.0,100.0,1,high,24.08,6,2,none,,0,https://www.musinsa.com/products/4258816
2026-09-01,1993스튜디오,4258880,심볼 로고 커브 배색 나일론 팬츠_블랙,0.0,0,80100,80100,80100,0,0,0.0,100.0,1,high,24.08,6,2,none,,0,https://www.musinsa.com/products/4258880
2026-09-01,제너럴아이디어,4262528,에센셜 소프트 셔링 터틀 티셔츠 [IVORY] / WBD3L01504,0.0,0,35000,35000,29450,1,5550,18.85,100.0,1,medium,24.08,7,2,none,,0,https://www.musinsa.com/products/4262528
2026-09-01,유니폼브릿지,4271936,AE multi color stripe l/s tee brown,2.71,72436,26710,26710,26710,0,0,0.0,100.0,1,high,24.08,12,2,none,,0,https://www.musinsa.com/products/4271936
2026-09-01,리메인세컨드,4272768,오버핏 하프집업 카라넥 스웨트 셔츠 [네이비],2.35,59959,25500,25500,25500,0,0,0.0,100.0,1,high,24.09,11,2,none,,0,https://www.musinsa.com/products/4272768
2026-09-01,드로우핏 우먼,4273920,컴피 울 스트레이트 슬랙스 [BEIGE],0.0,0,73800,73800,73800,0,0,0.0,100.0,1,high,24.09,8,2,none,,0,https://www.musinsa.com/products/4273920
2026-09-01,리메인세컨드,4274112,오버핏 볼륨 워셔블 하프집업 하찌 니트 [아이보리],0.0,0,32800,32800,32800,0,0,0.0,100.0,1,high,24.09,6,2,none,,0,https://www.musinsa.com/products/4274112
2026-09-01,트래블,4275072,세인트 피그먼트 후드티 블루 섀도우,0.0,0,39500,39500,39500,0,0,0.0,100.0,1,high,24.09,8,2,none,,0,https://www.musinsa.com/products/4275072
2026-09-01,노매뉴얼,4280128,COWICHAN HOODED ZIP-UP - NAVY,0.0,0,149150,149150,149150,0,0,0.0,100.0,1,high,24.09,6,2,none,,0,https://www.musinsa.com/products/4280128
2026-09-01,트래블,4280576,워크 카펜터 캔버스 팬츠 베이지,0.0,0,59500,59500,59500,0,0,0.0,100.0,1,high,24.09,8,2,none,,0,https://www.musinsa.com/products/4280576
2026-09-01,제너럴아이디어,4283072,피그먼트 후드 티셔츠 [CHARCOAL] / SBD3U02002,0.0,0,58900,58900,58900,0,0,0.0,100.0,1,high,24.08,7,2,none,,0,https://www.musinsa.com/products/4283072
2026-09-01,언탭트 스튜디오,4285568,데일리 세미 오버핏 베이식 니트 가디건 4 COLOR,12.17,339386,27880,27880,27880,0,0,0.0,100.0,1,high,10.15,32,6,none,,0,https://www.musinsa.com/products/4285568
2026-09-01,커버낫,4292224,컬리지 스트라이프 롱슬리브 레드,0.0,0,41400,41400,41400,0,0,0.0,100.0,1,high,24.08,6,2,none,,0,https://www.musinsa.com/products/4292224
2026-09-01,데케트,4300480,Curved Wide Jeans DCPT033CPIndigo2,0.0,0,43400,43400,43400,0,0,0.0,100.0,1,high,24.09,6,2,none,,0,https://www.musinsa.com/products/4300480
2026-09-01,키뮤어,4301120,[유튜버 PICK] 가먼트워싱 카펜터 팬츠_차콜,0.0,0,41300,41300,41300,0,0,0.0,100.0,1,high,24.09,7,2,none,,0,https://www.musinsa.com/products/4301120
2026-09-01,아캄,4304128,Sun Jacquard Beanie (Khaki),0.0,0,31500,31500,31500,0,0,0.0,100.0,1,high,24.09,6,2,none,,0,https://www.musinsa.com/products/4304128
2026-09-01,언탭트 스튜디오,4308288,[2PACK]더블 투턱 와이드 슬랙스 3Color,0.0,0,59730,59730,59730,0,0,0.0,100.0,1,high,24.01,8,2,none,,0,https://www.musinsa.com/products/4308288
2026-09-01,코드그라피,4310208,가먼트워싱 테크 스트링 팬츠_카키,0.0,0,41300,41300,29900,1,11400,38.13,100.0,1,medium,24.08,6,2,none,,0,https://www.musinsa.com/products/4310208
2026-09-01,플랙,4311808,위빙 스트랩 패디드 백 블랙,0.0,0,64900,64900,64900,0,0,0.0,100.0,1,high,24.08,6,2,none,,0,https://www.musinsa.com/products/4311808
2026-09-01,아메스 월드와이드,4311936,RIBBON GRAPHIC LS TEE NAVY,0.0,0,18060,18060,25800,1,-7740,-30.0,100.0,1,medium,24.09,6,2,none,,0,https://www.musinsa.com/products/4311936
2026-09-01,마인드브릿지,4312768,[SET][COUTURE]코튼라이크오버핏자켓 셋업 블랙,0.89,61480,69000,69000,69000,0,0,0.0,100.0,1,high,24.09,6,2,none,,0,https://www.musinsa.com/products/4312768
2026-09-01,비긴202,4316928,원턱 와이드 슬랙스 데님 팬츠 [워시드 블랙],0.77,59309,77350,77350,77350,0,0,0.0,100.0,1,high,24.08,6,2,none,,0,https://www.musinsa.com/products/4316928
2026-09-01,프렌다,4320512,NYLON ZIPPER ECO BAG MINT,0.0,0,19500,19500,19500,0,0,0.0,100.0,1,high,24.09,8,2,none,,0,https://www.musinsa.com/products/4320512
2026-09-01,로템버,4321920,내추럴 워시드 60수 코튼 셔츠 [MIDNIGHT NAVY],0.0,0,43520,43520,58140,1,-14620,-25.15,100.0,1,medium,24.09,8,2,none,,0,https://www.musinsa.com/products/4321920
2026-09-01,커버낫,4322560,몰스킨 원턱 와이드핏 벨티드 팬츠 인디고,0.0,0,53550,53550,53550,0,0,0.0,100.0,1,high,24.08,6,2,none,,0,https://www.musinsa.com/products/4322560
2026-09-01,테이크이지,4323584,자이언트핏 솔리드 후드집업 (8% 멜란지그레이),0.0,0,39900,39900,39900,0,0,0.0,100.0,1,high,24.08,6,2,none,,0,https://www.musinsa.com/products/4323584
2026-09-01,디미트리블랙,4326528,에센셜 플레어핏 데님 팬츠_빈티지블랙,0.0,0,21900,21900,21900,0,0,0.0,100.0,1,high,24.08,6,2,none,,0,https://www.musinsa.com/products/4326528
2026-09-01,로제프란츠,4327616,Clear Hair Pin [Black],0.0,0,24320,24320,21280,1,3040,14.29,100.0,1,medium,24.08,6,2,none,,0,https://www.musinsa.com/products/4327616
2026-09-01,룩캐스트,4329216,레베카 미들부츠_블랙 / REBECCA MIDDLE BOOTS_BLACK,2.67,230558,86240,86240,86240,0,0,0.0,100.0,1,high,24.09,11,2,none,,0,https://www.musinsa.com/products/4329216
2026-09-01,코드그라피,4330240,카펜터 트레이닝 팬츠_카키,0.0,0,41300,41300,41300,0,0,0.0,100.0,1,high,24.08,6,2,none,,0,https://www.musinsa.com/products/4330240
2026-09-01,론론,4333312,SIDE LACE TRACK DENIM PANTS BLACK,0.0,0,80190,80190,63360,1,16830,26.56,98.42,0,low,24.09,7,1,none,,0,https://www.musinsa.com/products/4333312
2026-09-01,디미트리블랙,4335936,2WAY OG 페이드 워싱 디트로이트 퀼팅 데님 자켓_더스트 인디고,0.0,0,63900,63900,63900,0,0,0.0,100.0,1,high,24.08,6,2,none,,0,https://www.musinsa.com/products/4335936
2026-09-01,엑스컨테이너,4336576,더블니 카펜터 가먼트 다잉 팬츠 (GREIGE),1.78,57926,32500,32500,32500,0,0,0.0,100.0,1,high,24.09,6,2,none,,0,https://www.musinsa.com/products/4336576
2026-09-01,와이케이,4337408,MLTS 아카이브 맨투맨 아이보리,0.0,0,46800,46800,46800,0,0,0.0,100.0,1,high,24.01,8,2,none,,0,https://www.musinsa.com/products/4337408
2026-09-01,가까이 유니언즈,4343424,해피 캠펄 피그먼트 맨투맨 팬텀 핑크,0.0,0,39700,39700,39700,0,0,0.0,100.0,1,high,24.09,6,2,none,,0,https://www.musinsa.com/products/4343424
2026-09-01,드헤베,4344960,Bustier Layered Blouse [Black],0.0,0,83390,83390,83390,0,0,0.0,100.0,1,high,24.09,6,2,none,,0,https://www.musinsa.com/products/4344960
2026-09-01,디스이즈네버댓,4345024,Solar System Hoodie Heather Grey,1.0,54419,54500,54500,54500,0,0,0.0,100.0,1,high,24.08,6,2,none,,0,https://www.musinsa.com/products/4345024
2026-09-01,레더리,4346880,워시드 코듀로이 팬츠 [KHAKI],0.0,0,47520,47520,41580,1,5940,14.29,100.0,1,medium,24.09,6,2,none,,0,https://www.musinsa.com/products/4346880
2026-09-01,레더리,4347392,폴리쉬드 왈라비 슈즈 [BLACK],0.0,0,59840,59840,52360,1,7480,14.29,100.0,1,medium,24.08,6,2,none,,0,https://www.musinsa.com/products/4347392
2026-09-01,인사일런스,4352256,더블 클로스 트러커 자켓 BLACK,0.0,0,159840,159840,159840,0,0,0.0,100.0,1,high,24.08,6,2,none,,0,https://www.musinsa.com/products/4352256
2026-09-01,노이어,4353280,벨벳 텍스쳐 와이드 데님 팬츠 (블랙),0.0,0,93700,93700,93700,0,0,0.0,100.0,1,high,24.09,7,2,none,,0,https://www.musinsa.com/products/4353280
2026-09-01,노이어,4353472,코튼 리브드 헨리넥 니트 (블랙),0.02,1084,68000,68000,68000,0,0,0.0,100.0,1,low,24.09,7,2,none,,0,https://www.musinsa.com/products/4353472
2026-09-01,주앙옴므,4355520,헨리넥 롱 슬리브 티셔츠 (블랙),0.11,6196,58650,58650,58650,0,0,0.0,100.0,1,high,24.0,17,6,none,,0,https://www.musinsa.com/products/4355520
2026-09-01,무센트,4357760,"메인 심볼 시그니처 로고 롱 슬리브 (2컬러, 남녀공용)",0.0,0,25130,25130,35900,1,-10770,-30.0,100.0,1,medium,24.08,6,2,none,,0,https://www.musinsa.com/products/4357760
2026-09-01,소버먼트,4366848,890G 머드 다잉 후드-더스키 카멜-,0.0,0,64600,64600,64600,0,0,0.0,100.0,1,high,24.01,8,2,none,,0,https://www.musinsa.com/products/4366848
2026-09-01,나이스고스트클럽,4368896,GHOST TAIL COLLEGE HOODIE_NAVY(NG2EFUM420A),0.0,0,48060,48060,37380,1,10680,28.57,100.0,1,medium,24.01,8,2,none,,0,https://www.musinsa.com/products/4368896
2026-09-01,아틀리에 나인,4369536,LOE SET-UP OVERFIT JACKET(JK-2973),0.0,0,233100,233100,233100,0,0,0.0,100.0,1,high,24.09,6,2,none,,0,https://www.musinsa.com/products/4369536
2026-09-01,더바이닐하우스,4371072,OLD WEST TYPO SWEATSHIRT BLACK,0.0,0,51520,51520,73600,1,-22080,-30.0,100.0,1,medium,24.08,6,2,none,,0,https://www.musinsa.com/products/4371072
2026-09-01,메인부스,4373568,Spirit 97 Football Sweater(GRAY),0.0,0,89100,89100,89100,0,0,0.0,100.0,1,high,24.08,6,2,none,,0,https://www.musinsa.com/products/4373568
2026-09-01,키뮤어,4375168,(베이직 or 케이블 선택) 우먼 에센셜 가디건_10 COLOR,0.0,0,48300,48300,48300,0,0,0.0,100.0,1,high,24.09,7,2,none,,0,https://www.musinsa.com/products/4375168
2026-09-01,키뮤어,4375424,루즈핏 카라드 자켓_네이비,0.0,0,83300,83300,83300,0,0,0.0,100.0,1,high,24.09,7,2,none,,0,https://www.musinsa.com/products/4375424
2026-09-01,꼼파뇨,4375680,Le Petit Prince 자수 후드티 크림,0.89,36764,41250,41250,41250,0,0,0.0,100.0,1,high,24.08,6,2,none,,0,https://www.musinsa.com/products/4375680
2026-09-01,어반드레스,4376448,Wrap Layered Pants - 2COL,0.0,0,43500,43500,43500,0,0,0.0,100.0,1,high,24.09,7,2,none,,0,https://www.musinsa.com/products/4376448
2026-09-01,론론,4382464,ROSY APPLIQUE CROP SWEATSHIRTS IVORY,0.0,0,71280,71280,56320,1,14960,26.56,100.0,1,medium,24.09,7,2,none,,0,https://www.musinsa.com/products/4382464
2026-09-01,론론,4382528,SHEER HALF PLEATED LONG SLEEVE T SHIRT WHITE,0.0,0,62370,62370,49280,1,13090,26.56,100.0,1,medium,24.09,7,2,none,,0,https://www.musinsa.com/products/4382528
2026-09-01,인사일런스 우먼,4383296,컬러 블록 울 롱슬리브 BLACK,0.0,0,65600,65600,65600,0,0,0.0,100.0,1,high,24.09,7,2,none,,0,https://www.musinsa.com/products/4383296
2026-09-01,브룩스 브라더스,4384064,트레디셔널핏 8W 코듀로이 팬츠 (브라운) (BBPCMM69194EW),0.0,0,119400,119400,139300,1,-19900,-14.29,100.0,1,medium,24.01,8,2,none,,0,https://www.musinsa.com/products/4384064
2026-09-01,아메스 월드와이드,4385280,BASIC LOGO HOODIE KHAKI,0.0,0,44240,44240,63200,1,-18960,-30.0,100.0,1,medium,24.08,6,2,none,,0,https://www.musinsa.com/products/4385280
2026-09-01,토마스모어,4387136,사커스웨트-미구엘,1.44,79950,55600,55600,55600,0,0,0.0,100.0,1,high,24.01,13,2,none,,0,https://www.musinsa.com/products/4387136
2026-09-01,썸웨어버터,4388480,Evelyn Lace Long Dress - Pink,0.0,0,151470,151470,151470,0,0,0.0,100.0,1,high,24.01,8,2,none,,0,https://www.musinsa.com/products/4388480
2026-09-01,나이스고스트클럽,4393664,BIG EARCAP BEANIE_BLACK(NG2EFUAB24A),0.0,0,43470,43470,33810,1,9660,28.57,100.0,1,medium,24.01,8,2,none,,0,https://www.musinsa.com/products/4393664
2026-09-01,무드인사이드,4399104,피그먼트 원턱 스웨트 와이드팬츠_Charcoal,0.0,0,44900,44900,49900,1,-5000,-10.02,100.0,1,medium,24.09,8,2,none,,0,https://www.musinsa.com/products/4399104
2026-09-01,제너럴아이디어,4400384,뉴클래식 리브드 스퀘어넥 가디건 [BROWN] / WBD3L04519,0.0,0,53000,53000,53000,0,0,0.0,100.0,1,high,24.08,7,2,none,,0,https://www.musinsa.com/products/4400384
2026-09-01,디스이즈네버댓,4403456,Washed THISTHAT Cap Blue,0.0,0,22500,22500,22500,0,0,0.0,100.0,1,high,24.08,6,2,none,,0,https://www.musinsa.com/products/4403456
2026-09-01,디스이즈네버댓,4403520,Fortuna Logo Hoodie Navy,0.0,0,54500,54500,54500,0,0,0.0,100.0,1,high,24.08,6,2,none,,0,https://www.musinsa.com/products/4403520
2026-09-01,리메인세컨드,4404672,2WAY_아란 워셔블 오버핏 케이블 후드 집업 니트 [차콜],0.36,15925,44800,44800,44800,0,0,0.0,100.0,1,high,24.09,6,2,none,,0,https://www.musinsa.com/products/4404672
2026-09-01,스컬프터,4406464,90s Cotton Capri Pants Mauve,0.0,0,61040,61040,76300,1,-15260,-20.0,100.0,1,medium,24.08,7,2,none,,0,https://www.musinsa.com/products/4406464
2026-09-01,리메인세컨드,4407168,울 블렌드 오버핏 싱글 코트 [차콜],0.0,0,93600,93600,93600,0,0,0.0,100.0,1,high,24.09,6,2,none,,0,https://www.musinsa.com/products/4407168
2026-09-01,드헤베,4407616,Haus Round Sweatshirt [Black],0.0,0,45140,45140,45140,0,0,0.0,100.0,1,high,24.08,6,2,none,,0,https://www.musinsa.com/products/4407616
2026-09-01,로제프란츠,4411456,Eyelet Point Hood Zip-up [Charcoal],0.0,0,33800,33800,29580,1,4220,14.27,76.98,0,low,24.08,6,1,none,,0,https://www.musinsa.com/products/4411456
2026-09-01,시눈,4411968,Rose Frill Hoodie Zipup (Rose),0.0,0,113920,113920,113920,0,0,0.0,100.0,1,high,24.09,6,2,none,,0,https://www.musinsa.com/products/4411968
2026-09-01,제멋,4412160,크리스 워크 헌팅 자켓 베이지 KJJK2581,0.0,0,98900,98900,98900,0,0,0.0,100.0,1,high,24.09,7,2,none,,0,https://www.musinsa.com/products/4412160
2026-09-01,더니트컴퍼니,4412608,샌드 워시드 와이드 데님 2color,0.23,7181,31200,31200,31200,0,0,0.0,100.0,1,high,24.08,6,2,none,,0,https://www.musinsa.com/products/4412608
2026-09-01,커버낫,4415616,부클 저지 원턱 세미와이드핏 카고 팬츠 올리브,0.0,0,54500,54500,54500,0,0,0.0,100.0,1,high,24.08,6,2,none,,0,https://www.musinsa.com/products/4415616
2026-09-01,세터,4417280,코튼 카펜터 워크 팬츠 베이지,0.0,0,179000,179000,179000,0,0,0.0,100.0,1,high,24.09,6,2,none,,0,https://www.musinsa.com/products/4417280
2026-09-01,제로,4419712,Bermuda Shirts [4 Colors],0.0,0,10500,10500,10500,0,0,0.0,100.0,1,high,24.09,6,2,none,,0,https://www.musinsa.com/products/4419712
2026-09-01,밀로아카이브,4420096,리플렉트 커브드 팬츠 [그레이],0.0,0,65550,65550,62100,1,3450,5.56,100.0,1,medium,24.01,9,2,none,,0,https://www.musinsa.com/products/4420096
2026-09-01,제멋,4429312,클레버 오버핏 테리 후드 네이비 KJHD2592,0.0,0,35900,35900,35900,0,0,0.0,100.0,1,high,24.09,7,2,none,,0,https://www.musinsa.com/products/4429312
2026-09-01,더블유엠씨,4431232,레이어드 롱슬리브_KHAKI,0.0,0,37000,37000,37000,0,0,0.0,100.0,1,high,24.01,8,2,none,,0,https://www.musinsa.com/products/4431232
2026-09-01,낫포너드,4433856,N4ND Offshoot Flannel Shirt - Yellow,0.0,0,48000,48000,48000,0,0,0.0,100.0,1,high,24.08,6,2,none,,0,https://www.musinsa.com/products/4433856
2026-09-01,아틀리에 나인,4442688,SOFT WOOL STRIGHT BANDING PANTS(PT-5595),0.0,0,88200,88200,88200,0,0,0.0,100.0,1,high,24.09,6,2,none,,0,https://www.musinsa.com/products/4442688
2026-09-01,론론,4443584,STRIPE LACE PATCH ELBOW PATCH LONG SLEEVE GREEN,0.0,0,53460,53460,42240,1,11220,26.56,100.0,1,medium,24.09,7,2,none,,0,https://www.musinsa.com/products/4443584
2026-09-01,론론,4443648,SHEER LAYERED RUFFLE SKIRT WHITE,0.0,0,62370,62370,49280,1,13090,26.56,100.0,1,medium,24.09,7,2,none,,0,https://www.musinsa.com/products/4443648
2026-09-01,글로니,4445824,CIAO BUCKLE MINI SKIRT (GRAY),0.0,0,248000,248000,248000,0,0,0.0,100.0,1,high,24.09,7,2,none,,0,https://www.musinsa.com/products/4445824
2026-09-01,메종미네드,4446080,BLACK OVER MA-1,0.0,0,155400,155400,155400,0,0,0.0,100.0,1,high,24.09,6,2,none,,0,https://www.musinsa.com/products/4446080
2026-09-01,후러브스아트,4447808,원턱 와이드 시티 슬랙스 그레이,0.0,0,32000,32000,32000,0,0,0.0,100.0,1,high,24.01,8,2,none,,0,https://www.musinsa.com/products/4447808
2026-09-01,세터,4453248,에센 투 톤 모헤어 블렌드 니트 블랙,0.0,0,179000,179000,179000,0,0,0.0,100.0,1,high,24.09,6,2,none,,0,https://www.musinsa.com/products/4453248
2026-09-01,세터,4453504,(W) 시그니처 로고 니트 집업 딥 그레이,0.0,0,199000,199000,199000,0,0,0.0,100.0,1,high,24.09,6,2,none,,0,https://www.musinsa.com/products/4453504
2026-09-01,제멋,4455360,더스틴 헤비 솔트워싱 카라 맨투맨 브라운 SOMT2577,0.0,0,36900,36900,36900,0,0,0.0,100.0,1,high,24.09,7,2,none,,0,https://www.musinsa.com/products/4455360
2026-09-01,아캄,4461952,Studded Cross Hooded Long Sleeve (Dark Gray),0.36,26998,76000,76000,76000,0,0,0.0,100.0,1,high,24.09,6,2,none,,0,https://www.musinsa.com/products/4461952
2026-09-01,아캄,4471808,Sun Button Pattern Cardigan (Black),0.0,0,114800,114800,114800,0,0,0.0,100.0,1,high,24.09,6,2,none,,0,https://www.musinsa.com/products/4471808
2026-09-01,스컬프터,4481088,90s Faux Leather Coat Tan Red,0.0,0,184240,184240,230300,1,-46060,-20.0,100.0,1,medium,24.09,7,2,none,,0,https://www.musinsa.com/products/4481088
2026-09-01,론론,4481664,I RIBBON OVER FIT LONG SLEEVE T SHIRT CHARCOAL,0.0,0,36960,36960,42240,1,-5280,-12.5,100.0,1,medium,24.09,7,2,none,,0,https://www.musinsa.com/products/4481664
2026-09-01,기철,4483264,STURDY BALLOON PANTS (DARK KHAKI),0.0,0,49900,49900,49900,0,0,0.0,100.0,1,high,24.09,6,2,none,,0,https://www.musinsa.com/products/4483264
2026-09-01,브룩스 브라더스,4485056,클래식 카멜 코트 (카멜) (BBCSMF21985EW),0.0,0,714000,714000,952000,1,-238000,-25.0,100.0,1,medium,24.01,8,2,none,,0,https://www.musinsa.com/products/4485056
2026-09-01,브라운야드,4485312,"바시티 자켓, 블랙",0.0,0,376600,376600,376600,0,0,0.0,100.0,1,high,24.01,8,2,none,,0,https://www.musinsa.com/products/4485312
2026-09-01,코드그라피,4492352,더플 후드 패딩_스카이블루,0.0,0,104300,104300,104300,0,0,0.0,100.0,1,high,24.08,6,2,none,,0,https://www.musinsa.com/products/4492352
2026-09-01,수아레,4496832,니트 져지 셋업 팬츠 네이비,0.0,0,79900,79900,79900,0,0,0.0,100.0,1,high,24.08,6,2,none,,0,https://www.musinsa.com/products/4496832
2026-09-01,밀로아카이브,4498368,어반던트 머플러 [블랙],0.0,0,24000,24000,19200,1,4800,25.0,100.0,1,medium,24.01,9,2,none,,0,https://www.musinsa.com/products/4498368
2026-09-01,트리밍버드,4500096,One Button Denim Set-up Jacket [ Black ],0.0,0,269000,269000,269000,0,0,0.0,100.0,1,high,24.09,7,2,none,,0,https://www.musinsa.com/products/4500096
2026-09-01,본투윈,4501952,SILVER LINE JERSEY HALF PANTS SHORT VER [IVORY],0.0,0,55300,55300,55300,0,0,0.0,100.0,1,high,24.08,7,2,none,,0,https://www.musinsa.com/products/4501952
2026-09-01,커버낫,4503296,스케치 맨투맨 세이지 그린,0.0,0,49770,49770,42660,1,7110,16.67,100.0,1,medium,24.08,6,2,none,,0,https://www.musinsa.com/products/4503296
2026-09-01,코드그라피,4507712,(우먼) WAVE 로고 자가드 비니_2COLOR,0.0,0,19600,19600,19600,0,0,0.0,100.0,1,high,24.08,6,2,none,,0,https://www.musinsa.com/products/4507712
2026-09-01,수아레,4510208,올드 클로젯 체크 가디건 네이비,0.0,0,59900,59900,59900,0,0,0.0,100.0,1,high,24.08,6,2,none,,0,https://www.musinsa.com/products/4510208
2026-09-01,에이이에이이,4512768,WEB LOGO 5 PANNEL BALL CAP [CHARCOAL],10.0,419000,41900,41900,41900,0,0,0.0,100.0,1,high,9.05,15,6,none,,0,https://www.musinsa.com/products/4512768
2026-09-01,더블유엠씨,4513920,쉐르파 플리스 베스트_NAVY,0.0,0,69500,69500,69500,0,0,0.0,100.0,1,high,24.01,8,2,none,,0,https://www.musinsa.com/products/4513920
2026-09-01,바우로 프로덕트,4515584,패턴 레귤러 헨리넥 니트티 [차콜],0.0,0,39900,39900,39900,0,0,0.0,100.0,1,high,24.08,6,2,none,,0,https://www.musinsa.com/products/4515584
2026-09-01,로제프란츠,4516928,Wrap Off Shoulder Long Sleeve [Ivory],0.23,9019,39240,39240,39240,0,0,0.0,100.0,1,high,24.08,6,2,none,,0,https://www.musinsa.com/products/4516928
2026-09-01,글로니,4517568,G STRAIGHT WOOL PANTS (CHARCOAL),0.0,0,137340,137340,218000,1,-80660,-37.0,100.0,1,medium,24.09,7,2,none,,0,https://www.musinsa.com/products/4517568
2026-09-01,베르만 어패럴,4519488,SIMPLE LOGO 딥컷 나시 3color,0.0,0,31000,31000,31000,0,0,0.0,100.0,1,high,24.09,7,2,none,,0,https://www.musinsa.com/products/4519488
2026-09-01,더블유엠씨,4521024,[WMC x HINA] 러빙게이즈 맨투맨_NAVY,0.0,0,37800,37800,37800,0,0,0.0,100.0,1,high,24.01,8,2,none,,0,https://www.musinsa.com/products/4521024
2026-09-01,더니트컴퍼니,4531200,(W) 빈티지 워시드 스트레이트 데님 [브라운],0.0,0,31200,31200,31200,0,0,0.0,100.0,1,high,24.08,6,2,none,,0,https://www.musinsa.com/products/4531200
2026-09-01,러브이즈트루,4538816,SH SHOW US STAR HOODIE(IVORY),0.0,0,51650,51650,42540,1,9110,21.42,100.0,1,medium,24.01,8,2,none,,0,https://www.musinsa.com/products/4538816
2026-09-01,파르티멘토,4542720,100% 컬리 울 하프 코트 네이비,0.0,0,113400,113400,113400,0,0,0.0,100.0,1,high,24.08,6,2,none,,0,https://www.musinsa.com/products/4542720
2026-09-01,르아브,4543168,앨버트 스웨이드 럭색 블랙,0.0,0,157500,157500,157500,0,0,0.0,100.0,1,high,24.01,8,2,none,,0,https://www.musinsa.com/products/4543168
2026-09-01,무센트,4558208,네라 와이드 데님 팬츠 빈티지 워싱 청바지,0.0,0,41930,41930,59900,1,-17970,-30.0,100.0,1,medium,24.08,6,2,none,,0,https://www.musinsa.com/products/4558208
2026-09-01,론론,4567872,BUTTON POINTED BASIC KNIT CARDIGAN RED,0.0,0,80190,80190,89100,1,-8910,-10.0,100.0,1,medium,24.09,7,2,none,,0,https://www.musinsa.com/products/4567872
2026-09-01,무드인사이드 우먼,4568064,(woman) 프리미엄 울 블레이저 자켓_Brown,1.81,101189,55930,55930,69900,1,-13970,-19.99,100.0,1,medium,24.08,11,2,none,,0,https://www.musinsa.com/products/4568064
2026-09-01,후드후드,4569408,스페이스 빌런 레오파드 후드 그레이,0.0,0,55300,55300,,0,,,22.97,0,low,24.0,5,1,none,,0,https://www.musinsa.com/products/4569408
2026-09-01,해칭룸,4582912,Boxer Tee Black,0.0,0,78000,78000,78000,0,0,0.0,100.0,1,high,24.08,6,2,none,,0,https://www.musinsa.com/products/4582912
2026-09-01,시야쥬,4586688,SIPT7135 에센셜 기모 조거 스웨트 팬츠_Milk brown,0.0,0,77000,77000,77000,0,0,0.0,100.0,1,high,24.08,6,2,none,,0,https://www.musinsa.com/products/4586688
2026-09-01,링서울,4587840,kid mohair half neck knit-pink,0.0,0,91130,91130,70880,1,20250,28.57,100.0,1,medium,24.01,8,2,none,,0,https://www.musinsa.com/products/4587840
2026-09-01,아틀리에 나인,4588800,ESSENTIAL MOE PADDED SET-UP SKIRT(SK-4979),0.0,0,98100,98100,98100,0,0,0.0,100.0,1,high,24.09,6,2,none,,0,https://www.musinsa.com/products/4588800
2026-09-01,락케이크,4589632,Cargo Bootcut Jeans - Deep Blue,0.0,0,76440,76440,76440,0,0,0.0,100.0,1,high,24.09,8,2,none,,0,https://www.musinsa.com/products/4589632
2026-09-01,제너럴아이디어,4590656,스퀘어넥 벌룬 니트 원피스 [BLACK] / WBD4L15511,0.0,0,46110,46110,46110,0,0,0.0,100.0,1,high,24.08,7,2,none,,0,https://www.musinsa.com/products/4590656
2026-09-01,링서울,4593600,soft wool hand warmer (4Color),0.0,0,25520,25520,19850,1,5670,28.56,100.0,1,medium,24.01,8,2,none,,0,https://www.musinsa.com/products/4593600
2026-09-01,마인드브릿지 우먼,4613184,[W]스트라이프 카라 가디건 - 2color,0.0,0,39900,39900,39900,0,0,0.0,100.0,1,high,24.09,6,2,none,,0,https://www.musinsa.com/products/4613184
2026-09-01,어나더오피스,4614656,Cloud Mid Socks (Heather Gray),0.0,0,11520,11520,11520,0,0,0.0,100.0,1,high,24.09,8,2,none,,0,https://www.musinsa.com/products/4614656
2026-09-01,커버낫,4618688,[커버낫 X 2024 MAMA AWARDS] 그래픽 후디 블랙,0.0,0,62370,62370,54450,1,7920,14.55,100.0,1,medium,24.08,6,2,none,,0,https://www.musinsa.com/products/4618688
2026-09-01,로제프란츠,4619008,Two-way Twist Knit Zip-up [Brick Red],0.0,0,37400,37400,32730,1,4670,14.27,100.0,1,medium,24.08,6,2,none,,0,https://www.musinsa.com/products/4619008
2026-09-01,아틀리에 나인,4620544,CHERIE PADDED TWEED JACKET(JK-2989),0.0,0,268200,268200,268200,0,0,0.0,100.0,1,high,24.09,6,2,none,,0,https://www.musinsa.com/products/4620544
2026-09-01,루에브르,4621184,Pointe Bottes HA4AD006-97,0.0,0,389000,389000,389000,0,0,0.0,100.0,1,high,24.09,8,2,none,,0,https://www.musinsa.com/products/4621184
2026-09-01,유니온블루,4623168,FOX WAFFLE SWEATER [NATURAL BROWN],0.0,0,136080,136080,159600,1,-23520,-14.74,100.0,1,medium,24.08,7,2,none,,0,https://www.musinsa.com/products/4623168
2026-09-01,커버낫,4630976,코듀라 아치 로고 웨빙 미디움 크로스백 올리브,0.0,0,48060,48060,53400,1,-5340,-10.0,100.0,1,medium,24.08,6,2,none,,0,https://www.musinsa.com/products/4630976
2026-09-01,브룩스 브라더스,4637824,클래식핏 울 블랙와치 트라우저 (멀티) (BBPTMF47207EF),0.0,0,179400,179400,239200,1,-59800,-25.0,100.0,1,medium,24.01,8,2,none,,0,https://www.musinsa.com/products/4637824
2026-09-01,1993스튜디오,4637952,[CHODAN] 시그니처 포즈 자수 체크 셔츠_브라운,0.6,42868,71100,71100,71100,0,0,0.0,100.0,1,low,24.08,5,2,none,,0,https://www.musinsa.com/products/4637952
2026-09-01,유라고,4645760,Cable half zip-up knit,0.0,0,117800,117800,117800,0,0,0.0,100.0,1,high,24.09,6,2,none,,0,https://www.musinsa.com/products/4645760
2026-09-01,나이스고스트클럽,4647232,[X SOULPUSSSY CAT]GHOSTSOULGIRL ACRYLIC CAT KEY CHAIN_MIX(NG2EFUAB90D),0.0,0,15660,15660,12180,1,3480,28.57,100.0,1,medium,24.01,8,2,none,,0,https://www.musinsa.com/products/4647232
2026-09-01,론론,4649024,RIBBON HEART PATTERN HAIRY KNIT PULLOVER BROWN BLUE,0.0,0,107730,107730,119700,1,-11970,-10.0,100.0,1,medium,24.09,7,2,none,1,0,https://www.musinsa.com/products/4649024
2026-09-01,트리밍버드,4656192,Minimal Cowhide Leather Belt [ Black ],0.98,77381,79000,79000,79000,0,0,0.0,100.0,1,high,24.09,7,2,none,,0,https://www.musinsa.com/products/4656192
2026-09-01,바우로 프로덕트,4661248,울 포켓 셔츠 [차콜],0.0,0,99000,99000,99000,0,0,0.0,100.0,1,high,24.08,6,2,none,,0,https://www.musinsa.com/products/4661248
2026-09-01,에이치덱스,4674816,우먼스 빅후드 데미지 피그먼트 크롭 후디 (Pigment Pink),0.0,0,73500,73500,73500,0,0,0.0,100.0,1,high,24.08,6,2,none,,0,https://www.musinsa.com/products/4674816
2026-09-01,키뮤어,4679424,빈티지 패치 포켓 데님 워크 자켓_브라운,0.0,0,83300,83300,83300,0,0,0.0,100.0,1,high,24.09,7,2,none,,0,https://www.musinsa.com/products/4679424
2026-09-01,유니폼브릿지,4680896,UBC basic sweat hoodie 8% melange grey,0.0,0,49500,49500,39600,1,9900,25.0,100.0,1,medium,24.08,7,2,none,,0,https://www.musinsa.com/products/4680896
2026-09-01,바우로 프로덕트,4681280,헤비 울 크롭 라운드 가디건 [블랙],0.0,0,139000,139000,139000,0,0,0.0,100.0,1,high,24.08,6,2,none,,0,https://www.musinsa.com/products/4681280
2026-09-01,바우로 프로덕트,4681344,헤비 울 크롭 가디건 [브라운],0.0,0,119000,119000,119000,0,0,0.0,100.0,1,high,24.08,6,2,none,,0,https://www.musinsa.com/products/4681344
2026-09-01,유니폼브릿지,4687296,jungle air force sweatshirt pigment charcoal,0.0,0,43600,43600,43600,0,0,0.0,100.0,1,high,24.08,7,2,none,,0,https://www.musinsa.com/products/4687296
2026-09-01,트래블,4694272,롤업 절개 데님 팬츠 블루,0.0,0,41930,41930,47400,1,-5470,-11.54,100.0,1,medium,24.09,8,2,none,,0,https://www.musinsa.com/products/4694272
2026-09-01,제너럴아이디어,4695744,멀티 스트라이프 크루넥 가디건 [PINK] / WBE1L04504,0.0,0,64000,64000,64000,0,0,0.0,100.0,1,high,24.09,7,2,none,,0,https://www.musinsa.com/products/4695744
2026-09-01,로제프란츠,4697664,Check Shirring Tie Shirt [Brown],0.0,0,37400,37400,32730,1,4670,14.27,100.0,1,medium,24.08,6,2,none,,0,https://www.musinsa.com/products/4697664
2026-09-01,수아레,4703168,네오프렌 트러커 데님 자켓 블랙,0.0,0,54500,54500,54500,0,0,0.0,100.0,1,high,24.08,6,2,none,,0,https://www.musinsa.com/products/4703168
2026-09-01,나인제트,4703744,시그니처 윈드 브레이커 자켓 25JK01,1.1,92534,84000,84000,84000,0,0,0.0,100.0,1,high,24.08,6,2,none,,0,https://www.musinsa.com/products/4703744
2026-09-01,일꼬르소,4704960,NEW 컴포트 셔츠 버터옐로우  IESH5E101Y1,0.0,0,48960,48960,48960,0,0,0.0,100.0,1,high,24.08,6,2,none,,0,https://www.musinsa.com/products/4704960
2026-09-01,마인드브릿지 우먼,4705344,[W][COUTURE]스티치 셔츠,0.64,28870,44900,34900,44900,1,-10000,-22.27,100.0,1,medium,24.09,6,2,none,,0,https://www.musinsa.com/products/4705344
2026-09-01,엘무드,4705536,마르코스 울 트러커 자켓 블랙,0.6,156245,259200,259200,233280,1,25920,11.11,100.0,1,medium,24.08,9,2,none,,0,https://www.musinsa.com/products/4705536
2026-09-01,아메스 월드와이드,4709376,GRAPHIC RAGLAN SWEATSHIRT BLUE,0.0,0,24780,24780,35400,1,-10620,-30.0,100.0,1,medium,24.08,6,2,none,,0,https://www.musinsa.com/products/4709376
2026-09-01,키르시,4716928,키르시 플레인 슬림핏 셔츠 [아이보리],0.0,0,41400,41400,41400,0,0,0.0,100.0,1,high,24.08,6,2,none,,0,https://www.musinsa.com/products/4716928
2026-09-01,배드블러드,4720128,비욘드 소프트 후드 슬림핏 - 스트라이프 블랙,0.0,0,68800,68800,68800,0,0,0.0,100.0,1,high,24.09,7,2,none,,0,https://www.musinsa.com/products/4720128
2026-09-01,트래블,4720512,워싱 와플 믹스 후드 집업 블랙,0.73,35862,48930,48930,53400,1,-4470,-8.37,100.0,1,medium,24.09,8,2,none,,0,https://www.musinsa.com/products/4720512
2026-09-01,아웃스탠딩,4721664,[3PACK] MIGHTY TIGER LOGO SOCKS_WHITE,1.14,28664,25200,25200,25200,0,0,0.0,100.0,1,low,24.08,6,2,none,,0,https://www.musinsa.com/products/4721664
2026-09-01,일꼬르소,4722688,빅 사이즈 Washed PLO logo 5패널 볼캡 모자 블랙 IEHE5G002BK,0.0,0,21450,21450,21450,0,0,0.0,100.0,1,high,24.08,6,2,none,,0,https://www.musinsa.com/products/4722688
2026-09-01,로우로우,4725888,CABINET 캐빈 (35L/20인치) [5colors],0.0,0,335900,335900,335900,0,0,0.0,100.0,1,high,24.01,8,2,none,,0,https://www.musinsa.com/products/4725888
2026-09-01,굿라이프웍스,4728960,오버핏 빈티지 투 포켓 체크 하프 셔츠 차콜,0.0,0,34860,34860,34860,0,0,0.0,100.0,1,low,24.09,5,2,none,,0,https://www.musinsa.com/products/4728960
2026-09-01,알리스,4729472,유틸리티 멀티 크로스백 [매트블랙],0.0,0,61370,61370,64260,1,-2890,-4.5,100.0,1,medium,24.08,6,2,none,,0,https://www.musinsa.com/products/4729472
2026-09-01,노매뉴얼,4734272,RAW VISION DENIM PANTS - WASHED BLACK,1.89,173815,92000,92000,92000,0,0,0.0,100.0,1,high,24.08,6,2,none,,0,https://www.musinsa.com/products/4734272
2026-09-01,노매뉴얼,4734400,METAL CORAL REEF T-SHIRT - CHARCOAL,0.0,0,29400,29400,29400,0,0,0.0,100.0,1,high,24.08,6,2,none,,0,https://www.musinsa.com/products/4734400
2026-09-01,노매뉴얼,4734528,SEERSUCKER CHECK SHIRTS - IVORY,0.0,0,88200,88200,88200,0,0,0.0,100.0,1,high,24.08,6,2,none,,0,https://www.musinsa.com/products/4734528
2026-09-01,디스이즈네버댓,4735296,SP-Logo Socks 3Pack Black,0.0,0,29000,29000,29000,0,0,0.0,100.0,1,high,24.08,6,2,none,,0,https://www.musinsa.com/products/4735296
2026-09-01,디스이즈네버댓,4735360,Striped Knit L/S Top Olive,0.0,0,69500,69500,69500,0,0,0.0,100.0,1,high,24.08,6,2,none,,0,https://www.musinsa.com/products/4735360
2026-09-01,드로우핏,4739968,와이드 카펜터 워크 팬츠 [BLACK],0.0,0,59400,59400,59400,0,0,0.0,100.0,1,high,24.08,6,2,none,,0,https://www.musinsa.com/products/4739968
2026-09-01,1993스튜디오,4740864,93 브이넥 메쉬 저지 롱슬리브_블랙,0.0,0,31270,31270,31270,0,0,0.0,100.0,1,high,24.08,6,2,none,,0,https://www.musinsa.com/products/4740864
2026-09-01,러프사이드,4741888,Primary Shirt Mud Plaid,0.35,66651,188000,188000,188000,0,0,0.0,100.0,1,high,24.09,6,2,none,,0,https://www.musinsa.com/products/4741888
2026-09-01,메인부스,4747456,[아톰] 매트릭스 티셔츠(블랙),0.23,5618,24500,24500,24500,0,0,0.0,100.0,1,high,24.08,6,2,none,,0,https://www.musinsa.com/products/4747456
2026-09-01,언탭트 스튜디오,4752768,[2PACK]오버핏 헨리넥 카라 니트 티셔츠 2Color,0.0,0,59730,59730,59730,0,0,0.0,100.0,1,high,24.01,8,2,none,,0,https://www.musinsa.com/products/4752768
2026-09-01,아웃스탠딩,4755200,BASKETBALL WARMUP PULLOVER_BLACK,0.14,5484,39000,39000,39000,0,0,0.0,100.0,1,high,24.08,7,2,none,,0,https://www.musinsa.com/products/4755200
2026-09-01,파르티멘토 우먼,4760000,PWC 코튼 턴오버 웨이스트 스웻팬츠_에크루,0.0,0,43740,43740,34020,1,9720,28.57,100.0,1,medium,24.08,6,2,none,,0,https://www.musinsa.com/products/4760000
2026-09-01,루에브르,4760256,Carre Slingbacks HA5SC006-FH,0.0,0,179000,179000,179000,0,0,0.0,100.0,1,high,24.09,8,2,none,,0,https://www.musinsa.com/products/4760256
2026-09-01,노이어,4760960,울 원 턱 릴렉스 슬랙스 (카키),0.0,0,106500,106500,106500,0,0,0.0,100.0,1,high,24.09,7,2,none,,0,https://www.musinsa.com/products/4760960
2026-09-01,파르티멘토 우먼,4761216,컷오프 93 언발란스드 트랙 집업_오프 화이트,0.0,0,58320,58320,45360,1,12960,28.57,100.0,1,medium,24.08,6,2,none,,0,https://www.musinsa.com/products/4761216
2026-09-01,길라아카이브,4762880,STAR WING HOOD ZIP-UP_GY,0.0,0,78480,78480,78480,0,0,0.0,100.0,1,high,24.01,8,2,none,,0,https://www.musinsa.com/products/4762880
2026-09-01,후드후드,4763648,HD 로고 아플리케 백팩 레오파드,0.77,48981,63770,63770,63770,0,0,0.0,100.0,1,high,24.08,6,2,none,,0,https://www.musinsa.com/products/4763648
2026-09-01,가까이 유니언즈,4766848,더블 포스타 자수 버뮤다 쇼츠 카키,0.0,0,33600,33600,33600,0,0,0.0,100.0,1,high,24.09,6,2,none,,0,https://www.musinsa.com/products/4766848
2026-09-01,인사일런스 우먼,4768128,포우 레더 카코트 BLACK,0.0,0,219000,219000,219000,0,0,0.0,100.0,1,high,24.09,7,2,none,,0,https://www.musinsa.com/products/4768128
2026-09-01,세터,4772416,로렌 스몰 로고 리벳 후드 티셔츠 오트밀,0.0,0,119000,119000,119000,0,0,0.0,100.0,1,high,24.09,6,2,none,,0,https://www.musinsa.com/products/4772416
2026-09-01,아틀리에 나인,4772608,SOLID POCKET SLIM TEE(T-6993),0.0,0,29020,29020,33350,1,-4330,-12.98,100.0,1,medium,24.09,6,2,none,,0,https://www.musinsa.com/products/4772608
2026-09-01,프리즘웍스,4773312,WADING HOODED PARKA _ MUSTARD,0.0,0,90720,90720,100800,1,-10080,-10.0,100.0,1,medium,24.09,7,2,none,,0,https://www.musinsa.com/products/4773312
2026-09-01,아메스 월드와이드,4773440,52 LOGO RAGLAN TEE KHAKI,0.0,0,17550,17550,19500,1,-1950,-10.0,100.0,1,low,24.08,6,2,none,,0,https://www.musinsa.com/products/4773440
2026-09-01,무센트,4779712,시그니처 하트 레터링 백 로고 스웻 팬츠 남녀공용 (2컬러),0.0,0,41600,41600,39900,1,1700,4.26,100.0,1,medium,24.08,6,2,none,,0,https://www.musinsa.com/products/4779712
2026-09-01,아이돈워너셀,4783488,System Down T-Shirt Black,0.0,0,40500,40500,40500,0,0,0.0,100.0,1,high,24.09,6,2,none,,0,https://www.musinsa.com/products/4783488
2026-09-01,웬즈데이오아시스,4784000,90s 클래식 피쉬테일 롱 야상 자켓_Beige(WC25-OT02),0.0,0,101500,101500,101500,0,0,0.0,100.0,1,high,24.09,8,2,none,,0,https://www.musinsa.com/products/4784000
2026-09-01,기철,4786624,Yk 0605 boot cut slacks (grey),0.0,0,49800,49800,49800,0,0,0.0,100.0,1,high,24.09,6,2,none,,0,https://www.musinsa.com/products/4786624
2026-09-01,스컬프터,4787712,Union Jack Engineered Denim Indigo Gray,0.0,0,111600,111600,139500,1,-27900,-20.0,100.0,1,medium,24.08,7,2,none,,0,https://www.musinsa.com/products/4787712
2026-09-01,키르시,4791232,키르시 X 비바스튜디오 로고 스웨트셔츠 [멜란지 그레이],0.0,0,47400,47400,47400,0,0,0.0,100.0,1,high,24.08,6,2,none,,0,https://www.musinsa.com/products/4791232
2026-09-01,프리즘웍스,4791552,WASHED OFFICER CHINO PANTS _ OLIVE,0.0,0,48060,48060,53400,1,-5340,-10.0,1.74,0,low,24.0,6,1,none,,0,https://www.musinsa.com/products/4791552
2026-09-01,이지노이지,4793088,워시드 크롭 스카쟌 - 핑크,0.0,0,159900,159900,,0,,,35.39,0,low,23.99,5,1,none,,0,https://www.musinsa.com/products/4793088
2026-09-01,꼼파뇨,4794112,RAIN TEDDY 피그먼트 반팔티 스모크블랙,0.0,0,33800,33800,26000,1,7800,30.0,100.0,1,medium,24.08,6,2,none,,0,https://www.musinsa.com/products/4794112
2026-09-01,커버낫,4797056,세미와이드 스트링 카고 이지 팬츠 Dark Navy,0.0,0,62100,62100,58910,1,3190,5.42,100.0,1,medium,24.08,6,2,none,,0,https://www.musinsa.com/products/4797056
2026-09-01,커버낫,4797824,스몰 어센틱 롱슬리브 Lemon,0.0,0,31500,31500,26460,1,5040,19.05,100.0,1,medium,24.08,6,2,none,,0,https://www.musinsa.com/products/4797824
2026-09-01,커버낫,4797888,C로고 카라 바시티 자켓 Charcoal,0.0,0,89100,89100,101400,1,-12300,-12.13,100.0,1,medium,24.08,6,2,none,,0,https://www.musinsa.com/products/4797888
2026-09-01,인사일런스,4798592,밀리터리 코튼 팬츠 BLACK,0.0,0,103680,103680,103680,0,0,0.0,100.0,1,high,24.08,6,2,none,,0,https://www.musinsa.com/products/4798592
2026-09-01,본투윈,4799296,85 ATH REVERSE SWEATSHIRTS [BLACK],0.0,0,75600,75600,89000,1,-13400,-15.06,100.0,1,medium,24.09,7,2,none,,0,https://www.musinsa.com/products/4799296
2026-09-01,루에브르,4799488,Semi-wide Denim Pants SJ5SL143_2color,0.0,0,149000,149000,149000,0,0,0.0,100.0,1,high,24.09,8,2,none,,0,https://www.musinsa.com/products/4799488
2026-09-01,로제프란츠,4804288,Ribbon Mermaid Long Dress [Cream],0.0,0,150640,150640,131810,1,18830,14.29,100.0,1,medium,24.08,6,2,none,,0,https://www.musinsa.com/products/4804288
2026-09-01,몰든,4805504,크랙 오버핏 티셔츠,0.73,20923,28560,28560,35700,1,-7140,-20.0,100.0,1,medium,24.09,8,2,none,,0,https://www.musinsa.com/products/4805504
2026-09-01,르아브,4806016,쿠와무라 더블워셔 엣지 체크 셔츠,0.0,0,106400,106400,106400,0,0,0.0,100.0,1,high,24.01,8,2,none,,0,https://www.musinsa.com/products/4806016
2026-09-01,론론,4812416,COZY TOGGLE FISHERMAN KNIT CARDIGAN IVORY,0.0,0,116640,116640,80640,1,36000,44.64,100.0,1,medium,24.09,7,2,none,,0,https://www.musinsa.com/products/4812416
2026-09-01,론론,4812544,STRIPE HENRYNECK COLLAR SLIM LONG SLEEVE KNIT BLUE RED,0.0,0,71280,71280,49280,1,22000,44.64,100.0,1,medium,24.09,7,2,none,,0,https://www.musinsa.com/products/4812544
2026-09-01,배드블러드,4812864,러스티 데님 브이넥 롱슬리브 - 블랙,0.0,0,87200,87200,78480,1,8720,11.11,100.0,1,medium,24.09,7,2,none,,0,https://www.musinsa.com/products/4812864
2026-09-01,프리즘웍스,4814336,SEERSUCKER FEATHER CAP _ NAVY,0.0,0,25200,25200,25200,0,0,0.0,100.0,1,high,24.09,7,2,none,,0,https://www.musinsa.com/products/4814336
2026-09-01,와이케이,4815680,디테쳐블 비즈 스트링 메쉬 볼캡 스카이블루,0.0,0,46500,46500,32550,1,13950,42.86,100.0,1,medium,24.01,8,2,none,,0,https://www.musinsa.com/products/4815680
2026-09-01,후드후드,4822912,더블사이디드 호보백 레오파드,0.77,31013,40370,40370,40370,0,0,0.0,100.0,1,high,24.08,6,2,none,,0,https://www.musinsa.com/products/4822912
2026-09-01,넌블랭크,4825024,워싱 슬럽 데님 셔츠_BLUE,0.0,0,103920,103920,103920,0,0,0.0,100.0,1,high,24.01,8,2,none,,0,https://www.musinsa.com/products/4825024
2026-09-01,트립르센스,4826432,[유튜버 PICK] 커스텀 미드 플레어 슬랙스_블랙,0.53,47521,89100,89100,89100,0,0,0.0,100.0,1,high,24.01,8,2,none,,0,https://www.musinsa.com/products/4826432
2026-09-01,르바,4828608,Layered Long Sleeve T-shirt - Light Grey,0.0,0,46800,46800,36400,1,10400,28.57,100.0,1,medium,24.08,6,2,none,,0,https://www.musinsa.com/products/4828608
2026-09-01,꼼파뇨,4828928,DTP 메리 헤일 반팔티 화이트,0.0,0,33800,33800,26000,1,7800,30.0,100.0,1,medium,24.08,6,2,none,,0,https://www.musinsa.com/products/4828928
2026-09-01,르바,4831808,Becoming Leather Hobo Bag - Black,0.0,0,224100,224100,174300,1,49800,28.57,100.0,1,medium,24.08,6,2,none,,0,https://www.musinsa.com/products/4831808
2026-09-01,제이엘브,4836864,심볼자수 크롭 숏슬리브 [차콜],0.48,13749,28800,28800,28800,0,0,0.0,100.0,1,high,24.01,8,2,none,,0,https://www.musinsa.com/products/4836864
2026-09-01,에이치덱스,4837312,코어 스몰 로고 자이언트핏 숏 슬리브 (Black),24.95,1037728,41600,41600,41600,0,0,0.0,100.0,1,low,9.04,29,8,none,,0,https://www.musinsa.com/products/4837312
2026-09-01,르바,4843712,[5PACK] Fine Ribbed Cotton Socks - 9colors,0.0,0,33120,33120,25760,1,7360,28.57,100.0,1,medium,24.08,6,2,none,,0,https://www.musinsa.com/products/4843712
2026-09-01,무센트,4852288,시그니처 로고 포인트 선글라스 남녀공용,2.0,63065,31580,27930,37110,1,-9180,-24.74,100.0,1,medium,24.08,7,2,none,,0,https://www.musinsa.com/products/4852288
2026-09-01,디앤에스알,4853248,엠블럼 스웨트 셔츠 네이비,0.0,0,64800,64800,64800,0,0,0.0,100.0,1,high,24.09,6,2,none,,0,https://www.musinsa.com/products/4853248
2026-09-01,세터,4853824,빈티지 캐쥬얼 아플리케 볼캡 레드,0.0,0,69000,69000,69000,0,0,0.0,100.0,1,high,24.09,6,2,none,,0,https://www.musinsa.com/products/4853824
2026-09-01,세터,4854080,럭비 스트라이프 피케 롱 슬리브 네이비,0.0,0,139000,139000,139000,0,0,0.0,100.0,1,high,24.09,6,2,none,,0,https://www.musinsa.com/products/4854080
2026-09-01,비터셀즈,4854272,체리 베리 티-다크 그레이,1.31,41333,31590,31590,31590,0,0,0.0,100.0,1,high,24.08,10,2,none,,0,https://www.musinsa.com/products/4854272
2026-09-01,세터,4854336,패러세일 후드 집업 자켓 크림,0.0,0,249000,249000,249000,0,0,0.0,100.0,1,high,24.09,6,2,none,,0,https://www.musinsa.com/products/4854336
2026-09-01,디스이즈네버댓,4854848,(SS25) T.N.T. Classic HDP Tee Navy,0.0,0,41300,41300,47200,1,-5900,-12.5,100.0,1,medium,24.08,6,2,none,,0,https://www.musinsa.com/products/4854848
2026-09-01,비터셀즈,4855104,클라우디 러플 백-민트,0.0,0,47030,47030,47030,0,0,0.0,100.0,1,high,24.08,6,2,none,,0,https://www.musinsa.com/products/4855104
2026-09-01,1993스튜디오,4855360,복싱 클럽 빈티지 그래픽 티셔츠_크림,0.0,0,23950,23950,23950,0,0,0.0,100.0,1,high,24.08,6,2,none,,0,https://www.musinsa.com/products/4855360
2026-09-01,로제프란츠,4860544,Nickel Round Cardigan [Black],0.77,29722,38680,44200,38680,1,5520,14.27,100.0,1,medium,24.08,6,2,none,,0,https://www.musinsa.com/products/4860544
2026-09-01,글로니,4861312,G RACERBACK TANK (3 colors),0.98,38053,38880,38880,34560,1,4320,12.5,100.0,1,medium,24.09,7,2,none,,0,https://www.musinsa.com/products/4861312
2026-09-01,1993스튜디오,4862592,오리지널 라글란 배색 티셔츠_라이트그레이,0.0,0,30450,30450,30450,0,0,0.0,100.0,1,high,24.08,6,2,none,,0,https://www.musinsa.com/products/4862592
2026-09-01,카키포인트,4863168,Pigment Hood Zip-up (light gray),0.0,0,114480,114480,101760,1,12720,12.5,100.0,1,medium,24.09,8,2,none,,0,https://www.musinsa.com/products/4863168
2026-09-01,론론,4865344,PENDANT SAILOR FRILL EYELET CARDIGAN SOFT BLUE,0.0,0,53460,53460,36960,1,16500,44.64,100.0,1,medium,24.09,7,2,none,,0,https://www.musinsa.com/products/4865344
2026-09-01,론론,4865600,FRILLY RUFFLE RIBBON TIE VINTAGE BLOUSE WHITE,0.0,0,89100,89100,61600,1,27500,44.64,100.0,1,medium,24.09,7,2,none,,0,https://www.musinsa.com/products/4865600
2026-09-01,더블유엠씨,4866304,슬로건 자수 니트_NAVY,0.0,0,39600,39600,39600,0,0,0.0,100.0,1,high,24.01,8,2,none,,0,https://www.musinsa.com/products/4866304
2026-09-01,데꼬로소,4871104,베일 헨리넥 니트 [화이트],2.39,139830,58600,58600,58600,0,0,0.0,100.0,1,low,24.01,11,2,none,,0,https://www.musinsa.com/products/4871104
2026-09-01,에이이에이이,4876352,SCHOOL BOY DUFFLE BAG [WHITE],0.0,0,40050,40050,31150,1,8900,28.57,100.0,1,medium,24.08,6,2,none,,0,https://www.musinsa.com/products/4876352
2026-09-01,더바넷,4890240,Campie Sweat Drawstring Jogger Pants_Khaki,0.0,0,88200,88200,98000,1,-9800,-10.0,100.0,1,medium,24.08,6,2,none,,0,https://www.musinsa.com/products/4890240
2026-09-01,에이치덱스,4892800,워시드 스티치 데님 볼캡 (Black),0.0,0,36000,36000,36000,0,0,0.0,100.0,1,high,24.08,6,2,none,,0,https://www.musinsa.com/products/4892800
2026-09-01,제로,4894272,클린 데님 오버 쇼츠,0.09,1764,19500,19500,19500,0,0,0.0,100.0,1,high,23.99,9,5,none,,0,https://www.musinsa.com/products/4894272
2026-09-01,오퍼스 0012,4896640,Op. 08 BOO MICRO CARGO PANTS BEIGE,0.14,7787,55200,55200,55200,0,0,0.0,100.0,1,high,24.08,7,2,none,,0,https://www.musinsa.com/products/4896640
2026-09-01,마인드브릿지 우먼,4899392,[W]와이드 연청 데님 팬츠,0.0,0,59900,59900,49900,1,10000,20.04,100.0,1,medium,24.09,6,2,none,,0,https://www.musinsa.com/products/4899392
2026-09-01,마인드브릿지 우먼,4899456,[W]레터링 카라 니트 - 2color,0.0,0,39900,39900,39900,0,0,0.0,100.0,1,high,24.09,6,2,none,,0,https://www.musinsa.com/products/4899456
2026-09-01,디스이즈네버댓,4905856,Outer Space Tee Black,0.0,0,27500,27500,27500,0,0,0.0,100.0,1,high,24.08,6,2,none,,0,https://www.musinsa.com/products/4905856
2026-09-01,넌블랭크,4906176,[여름]하이쿨 세미 오버 핏 블레이저_MELANGE GREY,0.0,0,127200,127200,127200,0,0,0.0,100.0,1,high,24.01,8,2,none,,0,https://www.musinsa.com/products/4906176
2026-09-01,파르티멘토 우먼,4908160,투웨이 트랜스폼 리브드 니트 크루넥_블루,0.0,0,74520,74520,57960,1,16560,28.57,100.0,1,medium,24.08,6,2,none,,0,https://www.musinsa.com/products/4908160
2026-09-01,커버낫,4914496,스톤 워싱 니트 베스트 Blue,0.0,0,53100,53100,44550,1,8550,19.19,100.0,1,medium,24.08,6,2,none,,0,https://www.musinsa.com/products/4914496
2026-09-01,나이스고스트클럽,4917952,MOVING SYMBOL TEE_NAVY(NG2EMUT522A),0.48,11724,24570,24570,19110,1,5460,28.57,100.0,1,medium,24.01,8,2,none,,0,https://www.musinsa.com/products/4917952
2026-09-01,넌블랭크,4920768,워싱 린넨 HS 셔츠_KHAKI,0.0,0,75120,75120,75120,0,0,0.0,100.0,1,high,24.01,8,2,none,,0,https://www.musinsa.com/products/4920768
2026-09-01,허그본,4922048,이니셜 메쉬 머슬핏 숏슬리브 2컬러,0.0,0,37050,37050,37050,0,0,0.0,100.0,1,high,24.08,6,2,none,,0,https://www.musinsa.com/products/4922048
2026-09-01,밀로아카이브,4924672,크레센도 페이디드 티셔츠 [블랙],2.02,75861,37527,34200,40500,1,-6300,-15.56,100.0,1,medium,24.01,9,2,none,,0,https://www.musinsa.com/products/4924672
2026-09-01,더니트컴퍼니,4928064,소프트 실크 블렌드 폴로 니트 6color,0.0,0,94500,94500,94500,0,0,0.0,100.0,1,high,24.08,6,2,none,,0,https://www.musinsa.com/products/4928064
2026-09-01,일꼬르소,4936192,포켓 엑스 플랩 데님 반바지 블루 IEPA5E405B2,0.0,0,54460,54460,54460,0,0,0.0,100.0,1,high,24.09,6,2,none,,0,https://www.musinsa.com/products/4936192
2026-09-01,에이치덱스,4941824,우먼스 파이톤 스트랩 홀터넥 브라탑 (Charcoal),0.0,0,41600,41600,41600,0,0,0.0,100.0,1,high,24.08,6,2,none,,0,https://www.musinsa.com/products/4941824
2026-09-01,어반드레스,4948992,Dyed Bermuda Denim Pants BLUE,0.0,0,16980,16980,16980,0,0,0.0,100.0,1,high,24.09,7,2,none,,0,https://www.musinsa.com/products/4948992
2026-09-01,필루미네이트,4949120,워시드 버뮤다 데님 쇼츠-라이트블루,0.0,0,31000,31000,31000,0,0,0.0,100.0,1,high,24.01,8,2,none,,0,https://www.musinsa.com/products/4949120
2026-09-01,디미트리블랙,4950400,ASI 에센셜 와플 헨리넥 반팔 티셔츠_블랙,0.0,0,25900,25900,29900,1,-4000,-13.38,100.0,1,medium,24.08,6,2,none,,0,https://www.musinsa.com/products/4950400
2026-09-01,어나더오피스,4954688,Bold Damage Tee (Forest Green),0.0,0,53200,53200,76000,1,-22800,-30.0,100.0,1,medium,24.09,8,2,none,,0,https://www.musinsa.com/products/4954688
2026-09-01,코드그라피,4956352,와이드 카펜터 워싱 코튼팬츠_인디핑크,0.0,0,62300,62300,62300,0,0,0.0,100.0,1,high,24.08,6,2,none,,0,https://www.musinsa.com/products/4956352
2026-09-01,에스피오나지,4960256,CDC T-Rex Heavyweight Tee Off White,0.0,0,32900,32900,32900,0,0,0.0,100.0,1,high,24.09,7,2,none,,0,https://www.musinsa.com/products/4960256
2026-09-01,플레어업,4963264,Kaya Shirred T-Shirt (FL-158_Gray),0.0,0,44100,44100,30870,1,13230,42.86,100.0,1,medium,24.08,6,2,none,,0,https://www.musinsa.com/products/4963264
2026-09-01,디앤에스알,4964992,라이크 린넨 벨티드 데님 팬츠 블루,0.0,0,119200,119200,119200,0,0,0.0,100.0,1,high,24.09,6,2,none,,0,https://www.musinsa.com/products/4964992
2026-09-01,벨리에,4966336,트루 와이드 데님 팬츠 - 라이트 웨일 인디고,0.0,0,148200,148200,148200,0,0,0.0,100.0,1,high,24.09,6,2,none,,0,https://www.musinsa.com/products/4966336
2026-09-01,썬러브투어,4969856,Toray UL Sport Cap Black,0.0,0,22080,22080,22080,0,0,0.0,100.0,1,high,24.09,8,2,none,,0,https://www.musinsa.com/products/4969856
2026-09-01,칙스,4970624,멀티스터드 숏팬츠 블랙,1.49,60692,40800,40900,32720,1,8180,25.0,100.0,1,low,48.11,9,2,none,,0,https://www.musinsa.com/products/4970624
2026-09-01,벨리에,4972672,(W) 트루 플레어 데님 팬츠 - 빈티지 인디고,0.0,0,139650,139650,139650,0,0,0.0,100.0,1,high,24.09,6,2,none,,0,https://www.musinsa.com/products/4972672
2026-09-01,론론,4972800,KNOT BUSTIER 2 WAY SHORT SLEEVE T SHIRT BLUE GREY DOT,0.0,0,44550,44550,30800,1,13750,44.64,100.0,1,medium,24.09,7,2,none,,0,https://www.musinsa.com/products/4972800
2026-09-01,몽돌,4973440,썸머 골지 루즈 삭스 MDAC048_7 Colors,0.0,0,7350,7350,7350,0,0,0.0,100.0,1,high,24.08,11,2,none,,0,https://www.musinsa.com/products/4973440
2026-09-01,언더오프,4973952,오버핏 래글런 반팔 티셔츠 크림,0.0,0,19900,19900,19900,0,0,0.0,100.0,1,high,24.08,6,2,none,,0,https://www.musinsa.com/products/4973952
2026-09-01,밀로아카이브,4974720,더블 인덱스 버뮤다 팬츠 [차콜],0.0,0,58800,58800,68600,1,-9800,-14.29,100.0,1,medium,24.01,9,2,none,,0,https://www.musinsa.com/products/4974720
2026-09-01,틸아이다이,4990464,Shirring puff blouse TISU01BL10_Butter,1.85,111446,60157,59190,71870,1,-12680,-17.64,100.0,1,medium,24.08,7,2,none,,0,https://www.musinsa.com/products/4990464
2026-09-01,제너럴아이디어,4993408,에어리 브이넥 케이블 가디건 [BLACK] / WBD2L43545,2.85,78227,27453,26600,35200,1,-8600,-24.43,100.0,1,medium,24.08,12,2,none,,0,https://www.musinsa.com/products/4993408
2026-09-01,벨리에,5004864,(W) 모노 슬림 셔츠 - 링클 그레이,0.0,0,169100,169100,169100,0,0,0.0,100.0,1,high,24.09,6,2,none,,0,https://www.musinsa.com/products/5004864
2026-09-01,무센트,5006400,이케 셋업 사이드 벨티드 블레이저 자켓,0.0,0,104930,104930,139410,1,-34480,-24.73,100.0,1,medium,24.08,6,2,none,,0,https://www.musinsa.com/products/5006400
2026-09-01,비긴202,5006784,와이드 세미 플레어 데님 팬츠 [더스티 블루],0.46,14802,32400,32400,32400,0,0,0.0,100.0,1,high,24.08,6,2,none,,0,https://www.musinsa.com/products/5006784
2026-09-01,꼼파뇨,5008448,카롤라인 체인 자수 크롭 반팔티 블랙,0.0,0,28610,28610,28610,0,0,0.0,100.0,1,high,24.08,6,2,none,,0,https://www.musinsa.com/products/5008448
2026-09-01,칙스,5015424,미니 스타라이트 크롭 슬림핏 반팔 티셔츠 블랙,0.0,0,20900,20900,16720,1,4180,25.0,100.0,1,medium,24.09,7,2,none,,0,https://www.musinsa.com/products/5015424
2026-09-01,파르티멘토,5021376,브레튼 스트라이프 링거 티 베이지,0.0,0,28000,28000,25200,1,2800,11.11,100.0,1,medium,24.08,6,2,none,,0,https://www.musinsa.com/products/5021376
2026-09-01,커스텀어클락,5025536,린넨 릴렉스핏 롱 슬리브 셔츠 5 COLOR COOSSH193,1.2,35905,29900,29900,24900,1,5000,20.08,100.0,1,medium,24.01,12,4,none,,0,https://www.musinsa.com/products/5025536
2026-09-01,트릴리온,5026624,레더 패치 오버핏 워크 데님 반팔 셔츠 [샌드 블루],1.89,71462,37800,37800,37800,0,0,0.0,100.0,1,high,24.08,6,2,none,,0,https://www.musinsa.com/products/5026624
2026-09-01,카키포인트,5027648,Shirring Parachute Pants (black),0.0,0,125280,125280,111360,1,13920,12.5,100.0,1,medium,24.09,8,2,none,,0,https://www.musinsa.com/products/5027648
2026-09-01,룩캐스트,5029376,리나 셔링 윈드브레이커 점퍼_차콜 / LINA SHIRRING WINDBREAKER JUMPER_CHARCOAL,0.0,0,118440,118440,118440,0,0,0.0,100.0,1,high,24.08,6,2,none,,0,https://www.musinsa.com/products/5029376
2026-09-01,시야쥬,5031552,SITP5207 오픈 카라 포켓 셔츠_White,0.0,0,88070,88070,72100,1,15970,22.15,100.0,1,medium,24.08,6,2,none,,0,https://www.musinsa.com/products/5031552
2026-09-01,시야쥬,5031616,SITP5201 레트로 U넥 슬림 반팔티_Ivory,0.0,0,33300,33300,25900,1,7400,28.57,100.0,1,medium,24.08,6,2,none,,0,https://www.musinsa.com/products/5031616
2026-09-01,노이어,5033344,식스 포켓 와이드 슬랙스 (딥카키헤링본),0.0,0,141700,141700,141700,0,0,0.0,100.0,1,high,24.09,7,2,none,,0,https://www.musinsa.com/products/5033344
2026-09-01,스키즘 인듀싱,5033728,DESTROY GIRL T SHIRT WHITE,0.0,0,46800,46800,54600,1,-7800,-14.29,100.0,1,medium,24.09,7,2,none,,0,https://www.musinsa.com/products/5033728
2026-09-01,낫포너드,5036160,N4ND Drip Logo T-Shirts - Khaki,0.0,0,21000,21000,21000,0,0,0.0,100.0,1,high,24.08,6,2,none,,0,https://www.musinsa.com/products/5036160
2026-09-01,유니온블루,5036608,HARD TWIST SPREAD POLO HALF KNIT [BLACK],0.14,10058,71100,60440,71100,1,-10660,-14.99,100.0,1,medium,24.08,7,2,none,,0,https://www.musinsa.com/products/5036608
2026-09-01,파브레가,5037760,어클락 원턱 버뮤다 팬츠 (클래식 베이지),0.0,0,78300,78300,78300,0,0,0.0,100.0,1,high,24.08,6,2,none,,0,https://www.musinsa.com/products/5037760
2026-09-01,락피쉬웨더웨어,5038080,[X MINJUKIM] FLORAL PATCH RAIN BOOTS SHORT - 4 colors,0.0,0,109200,109200,109200,0,0,0.0,100.0,1,high,24.08,6,2,none,,0,https://www.musinsa.com/products/5038080
2026-09-01,유니폼브릿지,5038656,vintage check s/s shirt green,0.0,0,69500,69500,55600,1,13900,25.0,100.0,1,medium,24.08,7,2,none,,0,https://www.musinsa.com/products/5038656
2026-09-01,유니폼브릿지,5038720,ae 2 pocket s/s work shirt black,0.0,0,64500,64500,51600,1,12900,25.0,100.0,1,medium,24.08,7,2,none,,0,https://www.musinsa.com/products/5038720
2026-09-01,무센트,5042368,왁시 부츠컷 데님팬츠,0.0,0,34930,34930,46410,1,-11480,-24.74,100.0,1,medium,24.09,6,2,none,,0,https://www.musinsa.com/products/5042368
2026-09-01,밀로아카이브,5054272,링클 체크 롤업 하프 셔츠 [빈티지 퍼플],3.14,227783,72608,55520,79200,1,-23680,-29.9,100.0,1,medium,23.5,14,4,none,,0,https://www.musinsa.com/products/5054272
2026-09-01,유니온블루,5056704,SURF TEAM LOGO PRINTED T-SHIRT [WHITE],0.0,0,44370,44370,52200,1,-7830,-15.0,100.0,1,medium,24.08,7,2,none,,0,https://www.musinsa.com/products/5056704
2026-09-01,제멋,5060352,오픈 카라 린넨 라이크 반팔셔츠 블랙 KJSS2622,0.98,34131,34900,34900,34900,0,0,0.0,100.0,1,high,24.09,7,2,none,,0,https://www.musinsa.com/products/5060352
2026-09-01,언탭트 스튜디오,5061568,머슬핏 코튼 폴로 피케 카라 반팔 티셔츠 2Color,0.0,0,13560,13560,19900,1,-6340,-31.86,100.0,1,medium,24.01,8,2,none,,0,https://www.musinsa.com/products/5061568
2026-09-01,론론,5063616,RON PATCH MIXED APPLIQUE OVER FIT T SHIRT WHITE,0.0,0,62370,62370,43120,1,19250,44.64,100.0,1,medium,24.09,7,2,none,,0,https://www.musinsa.com/products/5063616
2026-09-01,론론,5063872,HEART BUTTON GOLGI SLEEVELESS EYELET WHITE,0.0,0,44550,44550,30800,1,13750,44.64,100.0,1,medium,24.09,7,2,none,,0,https://www.musinsa.com/products/5063872
2026-09-01,필루미네이트,5064384,스타 그래픽 하프 니트-아이보리,0.0,0,32000,32000,32000,0,0,0.0,100.0,1,high,24.01,8,2,none,,0,https://www.musinsa.com/products/5064384
2026-09-01,데꼬로소,5064832,쿨 린넨 라이크 투턱 링클프리 와이드 밴딩 팬츠 [베이지],1.07,42325,39600,39600,39600,0,0,0.0,100.0,1,high,24.01,8,2,none,,0,https://www.musinsa.com/products/5064832
2026-09-01,플랙,5075520,깡스타일리스트 X 플랙 와이드 배기 데님 팬츠 K92 라이트블루,0.0,0,31800,31800,31800,0,0,0.0,100.0,1,high,24.08,6,2,none,,0,https://www.musinsa.com/products/5075520
2026-09-01,에스피오나지,5075648,Mount Rushmore Heavyweight Tee Off White,0.0,0,23500,23500,23500,0,0,0.0,100.0,1,high,24.09,7,2,none,,0,https://www.musinsa.com/products/5075648
2026-09-01,니티드,5076224,시요밍 로고 티셔츠 BLACK,0.0,0,19800,19800,19800,0,0,0.0,100.0,1,high,24.08,6,2,none,,0,https://www.musinsa.com/products/5076224
2026-09-01,토마스모어,5077440,스포팅 링거티,0.0,0,32700,32700,32700,0,0,0.0,100.0,1,high,24.01,8,2,none,,0,https://www.musinsa.com/products/5077440
2026-09-01,로템버,5079616,커브드 와이드 코튼 팬츠 [베이지],0.0,0,68400,68400,54720,1,13680,25.0,100.0,1,medium,24.09,8,2,none,,0,https://www.musinsa.com/products/5079616
2026-09-01,시눈,5081344,Rose Punching T-Shirt (Green),0.0,0,58960,58960,58960,0,0,0.0,100.0,1,high,24.09,6,2,none,,0,https://www.musinsa.com/products/5081344
2026-09-01,파르티멘토 우먼,5091904,투웨이 프릴 턴오버 웨이스트 팬츠_화이트,0.0,0,68040,68040,52920,1,15120,28.57,100.0,1,medium,24.08,6,2,none,,0,https://www.musinsa.com/products/5091904
2026-09-01,해칭룸,5095872,Two Pleats Shorts Dark Khaki,0.0,0,153000,153000,153000,0,0,0.0,100.0,1,high,24.08,6,2,none,,0,https://www.musinsa.com/products/5095872
2026-09-01,프리즘웍스,5097920,THIN STRIPE HALF TEE _ MUSTARD,0.0,0,25200,25200,25200,0,0,0.0,100.0,1,high,24.09,7,2,none,,0,https://www.musinsa.com/products/5097920
2026-09-01,무센트,5098688,위어 사이드 버튼 스웻 버뮤다 하프 팬츠 남녀공용 (3컬러),2.39,88707,37110,27930,37110,1,-9180,-24.74,100.0,1,medium,24.08,11,4,none,,0,https://www.musinsa.com/products/5098688
2026-09-01,브라운브레스,5099328,MESS-AGE OVERFIT TEE - GREEN,0.0,0,47200,47200,47200,0,0,0.0,100.0,1,high,24.09,8,2,none,,0,https://www.musinsa.com/products/5099328
2026-09-01,넌블랭크,5108864,스웨이드 셔츠_BLACK,0.0,0,119200,119200,119200,0,0,0.0,100.0,1,high,24.01,8,2,none,,0,https://www.musinsa.com/products/5108864
2026-09-01,니티드,5109632,(UNISEX) 피그먼트 팜트리 그래픽 티셔츠 BLUE,0.0,0,26820,26820,26820,0,0,0.0,100.0,1,high,24.08,6,2,none,,0,https://www.musinsa.com/products/5109632
2026-09-01,드로우핏 우먼,5110848,페어 스트랩 슬리브리스 블라우스 [BLACK],0.0,0,59400,59400,59400,0,0,0.0,100.0,1,high,24.09,8,2,none,,0,https://www.musinsa.com/products/5110848
2026-09-01,파르티멘토,5110976,핀 스트라이프 롤업 하프 셔츠 핑크,0.4,15778,39600,44000,39600,1,4400,11.11,100.0,1,medium,24.09,6,2,none,,0,https://www.musinsa.com/products/5110976
2026-09-01,썸웨어버터,5114944,Boucle Shell Logo Top - Ivory,0.0,0,48000,48000,33600,1,14400,42.86,100.0,1,medium,24.01,8,2,none,,0,https://www.musinsa.com/products/5114944
2026-09-01,제멋,5115008,에어리 플레어 스웨트팬츠 크림그레이 JULP2626,0.0,0,29800,29800,29800,0,0,0.0,100.0,1,high,24.09,7,2,none,,0,https://www.musinsa.com/products/5115008
2026-09-01,아캄,5118144,Embossing Logo Denim Pants (Blue),0.0,0,123200,123200,123200,0,0,0.0,100.0,1,high,24.09,6,2,none,,0,https://www.musinsa.com/products/5118144
2026-09-01,카키포인트,5118720,Pleats Long Skirt (gray),0.0,0,87120,87120,77440,1,9680,12.5,100.0,1,medium,24.09,8,2,none,,0,https://www.musinsa.com/products/5118720
2026-09-01,글로니,5119680,CARIBOU SMOKE SHORTS (2 Colors),0.0,0,138000,138000,138000,0,0,0.0,100.0,1,high,24.09,7,2,none,,0,https://www.musinsa.com/products/5119680
2026-09-01,커버낫,5124160,[SET] C 로고 하프 집업 맨투맨 Oatmeal,0.0,0,103680,103680,100800,1,2880,2.86,100.0,1,medium,24.09,6,2,none,,0,https://www.musinsa.com/products/5124160
2026-09-01,아틀리에 나인,5128128,PIE STRIPE ROUND NECK KNIT(T-7068),0.0,0,60000,60000,67500,1,-7500,-11.11,100.0,1,medium,24.09,6,2,none,,0,https://www.musinsa.com/products/5128128
2026-09-01,솔트앤초콜릿,5129536,위켄디03 메리제인 스니커즈 412520001 (4.5cm),0.0,0,71400,71400,89250,1,-17850,-20.0,100.0,1,medium,24.08,7,2,none,,0,https://www.musinsa.com/products/5129536
2026-09-01,디앤에스알,5130240,멀티 플리츠 데님 팬츠 블루,0.0,0,89600,89600,89600,0,0,0.0,100.0,1,high,24.09,6,2,none,,0,https://www.musinsa.com/products/5130240
2026-09-01,세터,5138560,카고 버뮤다 데님 쇼츠 블루,0.0,0,159000,159000,159000,0,0,0.0,100.0,1,high,24.09,6,2,none,,0,https://www.musinsa.com/products/5138560
2026-09-01,세터,5138624,(W) 시어서커 홀 스커트 네이비,0.0,0,159000,159000,159000,0,0,0.0,100.0,1,high,24.09,6,2,none,,0,https://www.musinsa.com/products/5138624
2026-09-01,프렌다,5139008,PRENDA STRIPE SKIRT WIDE PANTS MINT,0.0,0,49500,49500,49500,0,0,0.0,100.0,1,high,24.09,8,2,none,,0,https://www.musinsa.com/products/5139008
2026-09-01,어반드레스,5139136,Dark Cloud Mini Dress BLACK,0.0,0,24900,24900,24900,0,0,0.0,100.0,1,high,24.09,7,2,none,,0,https://www.musinsa.com/products/5139136
2026-09-01,트립르센스,5139968,빈티지 썸머 플리츠 오버 셔츠_더스티 차콜,0.0,0,68800,68800,68800,0,0,0.0,100.0,1,high,24.01,8,2,none,,0,https://www.musinsa.com/products/5139968
2026-09-01,니티드,5146816,(W) 썸머 부클 볼레로 가디건 NAVY,0.0,0,34700,34700,34700,0,0,0.0,100.0,1,high,24.08,6,2,none,,0,https://www.musinsa.com/products/5146816
2026-09-01,어나더오피스,5147264,Flow Banding Easy Pants (Graphite),0.0,0,178000,178000,178000,0,0,0.0,100.0,1,high,24.09,8,2,none,,0,https://www.musinsa.com/products/5147264
2026-09-01,글로니,5148480,LAZY SUNDAY TERRY ZIP UP (4 Colors),0.0,0,138000,138000,138000,0,0,0.0,100.0,1,high,24.09,7,2,none,,0,https://www.musinsa.com/products/5148480
2026-09-01,글로니,5150720,WILD BUTTON SHORTS (4 Colors),0.0,0,52000,52000,52000,0,0,0.0,100.0,1,high,24.09,7,2,none,,0,https://www.musinsa.com/products/5150720
2026-09-01,키르시,5153472,키르시 워딩 아플리케 볼캡 [라이트 옐로우],0.0,0,23400,23400,23400,0,0,0.0,100.0,1,high,24.08,6,2,none,,0,https://www.musinsa.com/products/5153472
2026-09-01,밀로아카이브,5154368,이지 컴팩트 엄브렐라 [블랙],0.0,0,12000,12000,13500,1,-1500,-11.11,100.0,1,medium,24.01,9,2,none,,0,https://www.musinsa.com/products/5154368
2026-09-01,유라고,5157568,Mellow square sleeveless,0.0,0,39520,39520,39520,0,0,0.0,100.0,1,high,24.09,6,2,none,,0,https://www.musinsa.com/products/5157568
2026-09-01,디앤에스알,5162432,시그니처 로고 하프 슬리브 블랙,0.0,0,39200,39200,39200,0,0,0.0,100.0,1,high,24.09,6,2,none,,0,https://www.musinsa.com/products/5162432
2026-09-01,아캄,5167424,Rhinestone Washed Denim Pants (Black),0.0,0,116900,116900,116900,0,0,0.0,100.0,1,high,24.09,6,2,none,,0,https://www.musinsa.com/products/5167424
2026-09-01,스컬프터,5169280,Garter Reversible Top White,0.0,0,44160,44160,55200,1,-11040,-20.0,100.0,1,medium,24.08,7,2,none,,0,https://www.musinsa.com/products/5169280
2026-09-01,파르티멘토 우먼,5170112,PWC 컬러블럭 피티드 에브리데이 티_포레스트,0.0,0,25920,25920,20160,1,5760,28.57,100.0,1,medium,24.08,6,2,none,,0,https://www.musinsa.com/products/5170112
2026-09-01,로제프란츠,5176768,Eyelet Half Sleeve Cardigan [Blue],0.0,0,44080,44080,38570,1,5510,14.29,100.0,1,medium,24.08,6,2,none,,0,https://www.musinsa.com/products/5176768
2026-09-01,로제프란츠,5177280,Lace Frill Pumpkin Shorts [White],0.0,0,48880,48880,42770,1,6110,14.29,100.0,1,medium,24.08,6,2,none,,0,https://www.musinsa.com/products/5177280
2026-09-01,브룩스 브라더스,5180416,나일론 카 코트 (베이지) (BBCZMF9252ZFS),0.0,0,399200,399200,399200,0,0,0.0,100.0,1,high,24.01,8,2,none,,0,https://www.musinsa.com/products/5180416
2026-09-01,론론,5180928,SALTY KISSES OVER FIT T SHIRT WHITE,0.0,0,53460,53460,36960,1,16500,44.64,100.0,1,medium,24.09,7,2,none,,0,https://www.musinsa.com/products/5180928
2026-09-01,드헤베,5192832,Round Neck Tweed Jacket [Cream],0.0,0,127300,127300,127300,0,0,0.0,100.0,1,high,24.08,6,2,none,,0,https://www.musinsa.com/products/5192832
2026-09-01,바우로 프로덕트,5192896,파인 리브드 슬리브리스 [블랙],0.0,0,39900,39900,39900,0,0,0.0,100.0,1,high,24.08,6,2,none,,0,https://www.musinsa.com/products/5192896
2026-09-01,스컬프터,5193856,Acid Farm Mini Dress Red,0.28,13405,47200,47200,47200,0,0,0.0,100.0,1,high,24.08,7,2,none,,0,https://www.musinsa.com/products/5193856
2026-09-01,솔트앤초콜릿,5194816,플러피 스트링 샌들 412524012 (4.3cm),0.0,0,57120,57120,71400,1,-14280,-20.0,100.0,1,medium,24.09,7,2,none,,0,https://www.musinsa.com/products/5194816
2026-09-01,베르만 어패럴,5204864,크랙 로고 오버핏 반팔티 브라운,0.02,867,44800,44800,44800,0,0,0.0,100.0,1,high,24.09,7,2,none,,0,https://www.musinsa.com/products/5204864
2026-09-01,론론,5205952,DOT RUFFLE HALF SLEEVE T SHIRT GREY,0.0,0,53460,53460,59400,1,-5940,-10.0,100.0,1,medium,24.09,7,2,none,,0,https://www.musinsa.com/products/5205952
2026-09-01,더바넷,5206208,Flow Supple Shoulder Bag_White,0.0,0,76000,76000,76000,0,0,0.0,100.0,1,high,24.08,6,2,none,,0,https://www.musinsa.com/products/5206208
2026-09-01,무센트,5206720,스트리아 펀칭 아일렛 밴딩 미니 스커트 (2컬러),0.6,23891,39830,39830,52920,1,-13090,-24.74,100.0,1,medium,24.09,6,2,none,,0,https://www.musinsa.com/products/5206720
2026-09-01,러프사이드,5209792,Corduroy Shirt Ash Black,0.0,0,168000,168000,168000,0,0,0.0,100.0,1,high,24.09,6,2,none,,0,https://www.musinsa.com/products/5209792
2026-09-01,러프사이드,5211776,Box Pleat Pants Black,0.0,0,168000,168000,168000,0,0,0.0,100.0,1,high,24.09,6,2,none,,0,https://www.musinsa.com/products/5211776
2026-09-01,파르티멘토 우먼,5213632,93 넘버링 숏슬리브 티_스카이,0.0,0,31590,31590,24570,1,7020,28.57,100.0,1,medium,24.08,6,2,none,,0,https://www.musinsa.com/products/5213632
2026-09-01,유라고,5214016,Nylon belted banding skirt,0.0,0,79800,79800,79800,0,0,0.0,100.0,1,high,24.09,6,2,none,,0,https://www.musinsa.com/products/5214016
2026-09-01,디앤에스알,5216448,스트라이프 크롭 하프 슬리브 차콜,0.0,0,59200,59200,59200,0,0,0.0,100.0,1,high,24.09,6,2,none,,0,https://www.musinsa.com/products/5216448
2026-09-01,해칭룸,5219136,Snow Shorts Over Dyed Camo Khaki,0.0,0,178000,178000,178000,0,0,0.0,100.0,1,high,24.08,6,2,none,,0,https://www.musinsa.com/products/5219136
2026-09-01,주앙옴므,5224064,페이버릿 스타 스티치드 볼캡 (차콜),0.0,0,34400,34400,34400,0,0,0.0,100.0,1,high,24.08,6,2,none,,0,https://www.musinsa.com/products/5224064
2026-09-01,일꼬르소,5229824,크링클 볼륨 반팔 셔츠 그레이 IESH5E412G2,0.0,0,43450,43450,43450,0,0,0.0,100.0,1,high,24.09,6,2,none,,0,https://www.musinsa.com/products/5229824
2026-09-01,커버낫,5230080,루베라 샤코슈백 Black,0.0,0,24500,24500,17150,1,7350,42.86,100.0,1,medium,24.08,6,2,none,,0,https://www.musinsa.com/products/5230080
2026-09-01,노매뉴얼,5242496,NM EMBOSSED BEANIE - CHARCOAL,0.0,0,39900,39900,39900,0,0,0.0,100.0,1,high,24.08,6,2,none,,0,https://www.musinsa.com/products/5242496
2026-09-01,노매뉴얼,5242560,TWO-TUCK BELTED SWEATPANTS - WASHED GRAY,0.0,0,113400,113400,113400,0,0,0.0,100.0,1,high,24.08,6,2,none,,0,https://www.musinsa.com/products/5242560
2026-09-01,노매뉴얼,5243200,HEAVY WAFFLE LONG SLEEVE TEE - CHARCOAL,0.89,55496,62050,62050,62050,0,0,0.0,100.0,1,high,24.08,6,2,none,,0,https://www.musinsa.com/products/5243200
2026-09-01,노매뉴얼,5243264,LAYERED ARCH GRAPHIC HOODIE - WASHED NAVY,0.0,0,100800,100800,100800,0,0,0.0,100.0,1,high,24.08,6,2,none,,0,https://www.musinsa.com/products/5243264
2026-09-01,노매뉴얼,5243328,DOUBLE ECHO WOOL KNIT - BROWN,0.0,0,81900,81900,81900,0,0,0.0,100.0,1,high,24.08,6,2,none,,0,https://www.musinsa.com/products/5243328
2026-09-01,노매뉴얼,5243456,COZY DUCK DOWN - MATTE KHAKI,0.0,0,150150,150150,150150,0,0,0.0,100.0,1,high,24.08,6,2,none,,0,https://www.musinsa.com/products/5243456
2026-09-01,글로니,5247744,G CLASSIC FITTED TEE (CHOCO),0.04,1388,35640,35640,35640,0,0,0.0,100.0,1,high,24.09,7,2,none,,0,https://www.musinsa.com/products/5247744
2026-09-01,트립르센스,5249280,스테디 크롭 썸머 플리츠 셔츠_빈티지 인디고,0.0,0,45600,45600,45600,0,0,0.0,100.0,1,high,24.01,8,2,none,,0,https://www.musinsa.com/products/5249280
2026-09-01,고스트리퍼블릭,5251520,베이직 포인트 라벨 오버핏 셔츠 GLS-711,0.0,0,22400,22400,22400,0,0,0.0,100.0,1,high,24.08,6,2,none,,0,https://www.musinsa.com/products/5251520
2026-09-01,커버낫,5256768,웨빙 미디움 크로스백 Black,0.0,0,79200,79200,79200,0,0,0.0,100.0,1,high,24.09,6,2,none,,0,https://www.musinsa.com/products/5256768
2026-09-01,유니폼브릿지,5260928,seersucker fatigue pants black,0.0,0,55600,55600,55600,0,0,0.0,100.0,1,high,24.08,7,2,none,,0,https://www.musinsa.com/products/5260928
2026-09-01,비터셀즈,5264320,오드리 카라 티-다크 베이지,0.0,0,52000,52000,45500,1,6500,14.29,100.0,1,medium,24.08,6,2,none,,0,https://www.musinsa.com/products/5264320
2026-09-01,비터셀즈,5270208,데미 핀턱 와이드 팬츠-레오파드,0.0,0,71280,71280,71280,0,0,0.0,100.0,1,high,24.08,6,2,none,,0,https://www.musinsa.com/products/5270208
2026-09-01,커버낫,5270912,[코지 핏] 아트웍 레터링 로고 볼캡 Navy,0.0,0,34300,34300,34300,0,0,0.0,100.0,1,high,24.09,6,2,none,,0,https://www.musinsa.com/products/5270912
2026-09-01,테이크이지,5279744,다이애그널 와이드 데님팬츠 (샌드블루),0.0,0,44500,44500,39000,1,5500,14.1,100.0,1,medium,24.09,6,2,none,,0,https://www.musinsa.com/products/5279744
2026-09-01,마인드브릿지 우먼,5289472,[W]카라 배색 티셔츠,0.0,0,39900,39900,44900,1,-5000,-11.14,100.0,1,medium,24.09,6,2,none,,0,https://www.musinsa.com/products/5289472
2026-09-01,마인드브릿지,5289536,레지 멘탈 슬림 지퍼 넥타이_BR MATI0015,0.89,32121,35900,35900,35900,0,0,0.0,100.0,1,high,24.08,6,2,none,,0,https://www.musinsa.com/products/5289536
2026-09-01,비긴202,5290816,루보 트위스트 팬츠 [쉐이드 블랙],1.54,148958,96750,96750,96750,0,0,0.0,100.0,1,high,24.08,6,2,none,,0,https://www.musinsa.com/products/5290816
2026-09-01,굿라이프웍스,5294592,캔버스 워크 자켓 네이비,0.0,0,45500,45500,45500,0,0,0.0,100.0,1,high,24.1,6,2,none,,0,https://www.musinsa.com/products/5294592
2026-09-01,트래블,5296512,엠보 스타 후드 집업 다크 블루,0.0,0,45500,45500,65000,1,-19500,-30.0,100.0,1,medium,24.09,8,2,none,,0,https://www.musinsa.com/products/5296512
2026-09-01,로제프란츠,5298624,Essential Layered Long Sleeve [Red],0.0,0,29440,29440,25760,1,3680,14.29,100.0,1,medium,24.08,6,2,none,,0,https://www.musinsa.com/products/5298624
2026-09-01,무센트,5300736,메로니 레이스 포인트 하프 팬츠 (2컬러),0.0,0,29900,29900,29900,0,0,0.0,100.0,1,high,24.09,6,2,none,,0,https://www.musinsa.com/products/5300736
2026-09-01,에이지오디,5300800,커브드 워싱 절개 와이드 데님 팬츠 [샌드블루],0.27,10222,38500,38500,38500,0,0,0.0,100.0,1,high,24.09,8,2,none,,0,https://www.musinsa.com/products/5300800
2026-09-01,프렌다,5303616,LACE NECK BUTTON DOT LONG SLEEVE BLACK,0.0,0,20580,20580,29400,1,-8820,-30.0,100.0,1,medium,24.09,8,2,none,,0,https://www.musinsa.com/products/5303616
2026-09-01,디스이즈네버댓,5304320,Ambiguous Logo Tee Black,0.0,0,38500,38500,38500,0,0,0.0,100.0,1,high,24.09,6,2,none,,0,https://www.musinsa.com/products/5304320
2026-09-01,커버낫,5305344,[커버낫X하이다나] 럭키 씨리얼 링거 티셔츠 Off White,0.0,0,31860,31860,35400,1,-3540,-10.0,100.0,1,medium,24.08,6,2,none,,0,https://www.musinsa.com/products/5305344
2026-09-01,썬러브투어,5308288,Cali Shaggy Beanie Brown/Pink,0.0,0,49000,49000,49000,0,0,0.0,100.0,1,high,24.09,8,2,none,,0,https://www.musinsa.com/products/5308288
2026-09-01,플랙,5308352,포켓 디테일 셔츠 베이지,0.0,0,116100,116100,116100,0,0,0.0,100.0,1,high,24.09,6,2,none,,0,https://www.musinsa.com/products/5308352
2026-09-01,플랙,5308480,MINIMAL O63 CURVED ECRU WASHED,0.0,0,71100,71100,63200,1,7900,12.5,100.0,1,medium,24.09,6,2,none,,0,https://www.musinsa.com/products/5308480
2026-09-01,유니폼브릿지,5310784,washed short hunting jacket mocha,0.0,0,119500,119500,119500,0,0,0.0,100.0,1,high,24.09,7,2,none,,0,https://www.musinsa.com/products/5310784
2026-09-01,디미트리블랙,5310976,VLAD 핸드 브러쉬 아플리케 후드 티셔츠_피그먼트 차콜,0.0,0,42900,42900,42900,0,0,0.0,100.0,1,high,24.08,6,2,none,,0,https://www.musinsa.com/products/5310976
2026-09-01,일리고,5311232,리프 아일렛 빅 숄더 백 차콜,0.0,0,108000,108000,108000,0,0,0.0,100.0,1,high,24.08,6,2,none,,0,https://www.musinsa.com/products/5311232
2026-09-01,카키포인트,5311360,Atelier Tweed Jacket (ivory),0.73,136432,186480,186480,165760,1,20720,12.5,100.0,1,medium,24.09,8,2,none,,0,https://www.musinsa.com/products/5311360
2026-09-01,엑스컨테이너,5312000,클래식 원턱 핀 스트라이프 트라우저 (NAVY),0.0,0,79000,79000,79000,0,0,0.0,100.0,1,high,24.08,6,2,none,,0,https://www.musinsa.com/products/5312000
2026-09-01,헬레네파리스,5312448,브이넥 스터드 트리밍 니트 [모카],0.0,0,47200,47200,41070,1,6130,14.93,100.0,1,medium,24.09,7,2,none,,0,https://www.musinsa.com/products/5312448
2026-09-01,일꼬르소,5313920,릴렉스드 테일러드 자켓 브라운 IEJA5F003W2,0.0,0,146300,146300,146300,0,0,0.0,100.0,1,high,24.08,6,2,none,,0,https://www.musinsa.com/products/5313920
2026-09-01,후드후드,5314560,Three Star 레터링 오프숄더 맨투맨 블랙,0.23,6978,30690,30690,30690,0,0,0.0,100.0,1,high,24.0,10,6,none,,0,https://www.musinsa.com/products/5314560
2026-09-01,나이스고스트클럽,5314688,DOODLE GRAPHIC WIDE JEANS_BLUE(NG2FFUD110A),0.0,0,97300,97300,68110,1,29190,42.86,100.0,1,medium,24.01,8,2,none,,0,https://www.musinsa.com/products/5314688
2026-09-01,아캄,5315648,Symbol Logo Socks (White),0.0,0,14700,14700,14700,0,0,0.0,100.0,1,high,24.09,6,2,none,,0,https://www.musinsa.com/products/5315648
2026-09-01,아캄,5316416,Camo Contrast Hooded Long Sleeve (Khaki),0.35,21927,62300,62300,71200,1,-8900,-12.5,100.0,1,medium,24.1,6,2,none,,0,https://www.musinsa.com/products/5316416
2026-09-01,엘무드,5316672,레이 플레어 코튼 슬랙스 베이지,0.0,0,90000,90000,81000,1,9000,11.11,100.0,1,medium,24.01,9,4,none,,0,https://www.musinsa.com/products/5316672
2026-09-01,엘무드,5316800,안데르 카우 스웨이드 싱글 블레이저 브라운,0.0,0,454500,454500,409050,1,45450,11.11,100.0,1,medium,24.09,6,2,none,,0,https://www.musinsa.com/products/5316800
2026-09-01,키뮤어,5318976,스웨이드 바이커 자켓_브라운,1.02,172834,170100,170100,170100,0,0,0.0,100.0,1,high,24.09,8,2,none,,0,https://www.musinsa.com/products/5318976
2026-09-01,후브스,5319744,멀티 스트라이프 후드 롱슬리브 [크림그레이],2.0,124123,62159,58800,67200,1,-8400,-12.5,100.0,1,medium,24.09,7,2,none,,0,https://www.musinsa.com/products/5319744
2026-09-01,에이지오디,5319936,워시드 트윌 워크 자켓 [블랙],0.0,0,48700,48700,48650,1,50,0.1,100.0,1,medium,24.09,8,2,none,,0,https://www.musinsa.com/products/5319936
2026-09-01,커버낫,5320704,시그니처 심볼 롱슬리브 Black,0.0,0,39830,39830,44250,1,-4420,-9.99,100.0,1,medium,24.09,6,2,none,,0,https://www.musinsa.com/products/5320704
2026-09-01,프리즘웍스,5321856,TURTLE ISLAND SWEATSHIRT _ NAVY,0.0,0,34560,34560,38400,1,-3840,-10.0,100.0,1,medium,24.09,7,2,none,,0,https://www.musinsa.com/products/5321856
2026-09-01,커버낫,5322048,이지팬츠 트윌 1-TUCK 팬츠 Black,0.0,0,58910,58910,58910,0,0,0.0,100.0,1,high,24.09,6,2,none,,0,https://www.musinsa.com/products/5322048
2026-09-01,스컬프터,5322688,Washed Pocket Hoodie Gray,0.0,0,78080,78080,97600,1,-19520,-20.0,100.0,1,medium,24.09,7,2,none,,0,https://www.musinsa.com/products/5322688
2026-09-01,허그본,5323712,링거 트로피 와이드 헬스 슬리브리스 7컬러,0.0,0,21760,21760,21760,0,0,0.0,100.0,1,high,24.08,6,2,none,,0,https://www.musinsa.com/products/5323712
2026-09-01,9999아카이브,5325824,9 Star Jogger Sweat Pants,0.0,0,65400,65400,65400,0,0,0.0,100.0,1,high,24.01,8,2,none,,0,https://www.musinsa.com/products/5325824
2026-09-01,세터,5326656,(W) 인디고 논페이드 데님 스커트 인디고,0.0,0,119000,119000,119000,0,0,0.0,100.0,1,high,24.1,6,2,none,,0,https://www.musinsa.com/products/5326656
2026-09-01,드헤베,5327360,V-neck Flare Shirring Knit [Ivory],0.0,0,63360,63360,63360,0,0,0.0,100.0,1,high,24.08,6,2,none,,0,https://www.musinsa.com/products/5327360
2026-09-01,9999아카이브,5330560,Flow Corduroy Jeans,0.0,0,89400,89400,89400,0,0,0.0,100.0,1,high,24.01,8,2,none,,0,https://www.musinsa.com/products/5330560
2026-09-01,아틀리에 나인,5330752,에센셜 라운드 넥 슬림 티(T-7090),0.0,0,22040,22040,25320,1,-3280,-12.95,100.0,1,medium,24.1,6,2,none,,0,https://www.musinsa.com/products/5330752
2026-09-01,룩캐스트,5336960,앤써니 싱글 스웨이드 자켓_베이지 / ANTHONY SINGLE SUEDE JACKET_BEIGE,0.0,0,158400,158400,158400,0,0,0.0,100.0,1,high,24.08,6,2,none,,0,https://www.musinsa.com/products/5336960
2026-09-01,에이치덱스,5337152,우먼스 서포트 파이핑 3.5 바이커 쇼츠 (Navy),0.45,18623,40980,40980,44100,1,-3120,-7.07,100.0,1,medium,24.08,6,2,none,,0,https://www.musinsa.com/products/5337152
2026-09-01,슈퍼서브,5338816,이모셔널 TT 긴팔 티셔츠 - 차콜,0.0,0,29500,29500,29500,0,0,0.0,100.0,1,high,24.08,6,2,none,,0,https://www.musinsa.com/products/5338816
2026-09-01,러브이즈트루,5340096,GT FLEECE JACKET(CHARCOAL),0.0,0,116560,116560,99080,1,17480,17.64,100.0,1,medium,24.01,8,2,none,,0,https://www.musinsa.com/products/5340096
2026-09-01,와르,5341056,M273 라인 와이드 데님 팬츠_진청,0.0,0,32600,32600,32600,0,0,0.0,100.0,1,high,24.09,7,2,none,,0,https://www.musinsa.com/products/5341056
2026-09-01,모즈모즈,5345088,프리즈 그래픽 피그먼트 롱 슬리브 베이지,0.0,0,23500,23500,23500,0,0,0.0,100.0,1,high,24.1,6,2,none,,0,https://www.musinsa.com/products/5345088
2026-09-01,나이스고스트클럽,5346368,NGC GIRL CAP_BROWN(NG2FFUAB31A),0.0,0,34300,34300,24010,1,10290,42.86,100.0,1,medium,24.01,8,2,none,,0,https://www.musinsa.com/products/5346368
2026-09-01,제이엘브,5347584,원모어 로고 오버핏 후디,0.0,0,78000,78000,78000,0,0,0.0,100.0,1,high,24.01,8,2,none,,0,https://www.musinsa.com/products/5347584
2026-09-01,디스이즈네버댓,5349632,Onyx Cap White/Blue,0.0,0,31500,31500,31500,0,0,0.0,100.0,1,high,24.09,6,2,none,,0,https://www.musinsa.com/products/5349632
2026-09-01,디스이즈네버댓,5350016,Arch-Logo Crewneck Dark Chocolate,0.0,0,79200,79200,79200,0,0,0.0,100.0,1,high,24.09,6,2,none,,0,https://www.musinsa.com/products/5350016
2026-09-01,쿠어,5350720,링클 래글런 울 블루종 (블랙),0.0,0,315000,315000,315000,0,0,0.0,100.0,1,high,24.1,6,2,none,,0,https://www.musinsa.com/products/5350720
2026-09-01,커스텀어클락,5351616,루즈핏 플레어 데님 팬츠 블랙 COOSPT249BLACK,0.6,33043,55200,55200,51750,1,3450,6.67,100.0,1,medium,24.09,6,2,none,,0,https://www.musinsa.com/products/5351616
2026-09-01,비바라비다,5352832,[기모선택] My Youth 헤비테리 후드,12.73,706620,55498,55900,52900,1,3000,5.67,100.0,1,low,10.2,34,8,none,,0,https://www.musinsa.com/products/5352832
2026-09-01,비바라비다,5353408,[기모선택] Gleam 헤비테리 후드,4.27,204616,47900,47900,47900,0,0,0.0,100.0,1,low,24.09,17,3,none,,0,https://www.musinsa.com/products/5353408
2026-09-01,아웃스탠딩,5353664,RAGLAN CREW NECK KNIT_OLIVE,1.14,81021,71100,71100,71100,0,0,0.0,100.0,1,high,24.08,7,2,none,,0,https://www.musinsa.com/products/5353664
2026-09-01,에이이에이이,5354304,CHECK MIDI TIERED SKIRT [BROWN],0.0,0,124200,124200,111780,1,12420,11.11,100.0,1,medium,24.08,6,2,none,,0,https://www.musinsa.com/products/5354304
2026-09-01,노매뉴얼,5356032,EMBLEM LONG SLEEVE TEE - WASHED GRAY,0.0,0,75600,75600,75600,0,0,0.0,100.0,1,high,24.08,6,2,none,,0,https://www.musinsa.com/products/5356032
2026-09-01,유니폼브릿지,5356288,UBC SOCKS X VOTTA black,0.0,0,11130,11130,9540,1,1590,16.67,100.0,1,medium,24.09,7,2,none,,0,https://www.musinsa.com/products/5356288
2026-09-01,노티카,5356736,웨이브 폴라 하프 집업 풀오버 NFL2105,0.0,0,89000,89000,89000,0,0,0.0,100.0,1,high,24.1,6,2,none,,0,https://www.musinsa.com/products/5356736
2026-09-01,스키즘 인듀싱,5358528,DETACHABLE CAMO PANTS GREEN,0.0,0,176000,176000,198000,1,-22000,-11.11,100.0,1,medium,24.09,7,2,none,,0,https://www.musinsa.com/products/5358528
2026-09-01,제너럴아이디어,5358912,플라워 스캘럽 가디건 [PINK] / WBE3L04510,0.0,0,54400,54400,54400,0,0,0.0,100.0,1,high,24.09,7,2,none,,0,https://www.musinsa.com/products/5358912
2026-09-01,더바넷,5359424,Poise Ruffle Blouse,0.0,0,89680,89680,89680,0,0,0.0,100.0,1,high,24.08,6,2,none,,0,https://www.musinsa.com/products/5359424
2026-09-01,데꼬로소,5359872,리브 텍스처 데님 블루종 자켓 [블랙],0.0,0,69500,69500,69500,0,0,0.0,100.0,1,high,24.01,8,2,none,,0,https://www.musinsa.com/products/5359872
2026-09-01,아틀리에 나인,5361216,LEOPARD WIDE LEG PANTS(PT-5701),0.0,0,76050,76050,95060,1,-19010,-20.0,100.0,1,medium,24.1,6,2,none,,0,https://www.musinsa.com/products/5361216
2026-09-01,브룩스 브라더스,5364288,메리노울 로고 터틀넥 스웨터 (그레이) (BBWUMNF301),0.0,0,111440,111440,127360,1,-15920,-12.5,100.0,1,medium,24.01,8,2,none,,0,https://www.musinsa.com/products/5364288
2026-09-01,쿠어,5365568,알파카 블렌드 집업 스웨터 (카키브라운),0.0,0,175500,175500,175500,0,0,0.0,100.0,1,high,24.1,6,2,none,,0,https://www.musinsa.com/products/5365568
2026-09-01,썸웨어버터,5365760,Noelle Argyle Knit - Red,0.0,0,129000,129000,129000,0,0,0.0,100.0,1,high,24.01,8,2,none,,0,https://www.musinsa.com/products/5365760
2026-09-01,썸웨어버터,5365824,Bold Logo Sweatshirt - Navy,0.0,0,82080,82080,82080,0,0,0.0,100.0,1,high,24.01,8,2,none,,0,https://www.musinsa.com/products/5365824
2026-09-01,니티드,5366400,빈티지 팜트리 미니멀 라운드 니트 IVORY,0.0,0,40320,40320,68670,1,-28350,-41.28,100.0,1,medium,24.08,6,2,none,,0,https://www.musinsa.com/products/5366400
2026-09-01,파르티멘토 우먼,5366848,PWC 언발란스드 저지 셔링 티어드 드레스_멜란지,0.0,0,58500,58500,40950,1,17550,42.86,100.0,1,medium,24.08,6,2,none,,0,https://www.musinsa.com/products/5366848
2026-09-01,제너럴아이디어,5367360,UNISEX 클래식 볼드 스트라이프 럭비 티셔츠 [RED] / SBE3U01005,0.0,0,57600,57600,51850,1,5750,11.09,100.0,1,medium,24.09,7,2,none,,0,https://www.musinsa.com/products/5367360
2026-09-01,브룩스 브라더스,5370944,[여성] 퀼팅재킷 (멀티) (BBOPWBF401),0.0,0,257040,257040,293760,1,-36720,-12.5,100.0,1,medium,24.01,8,2,none,,0,https://www.musinsa.com/products/5370944
2026-09-01,모즈모즈,5371520,페이딩 그래픽 오버핏 후드 버건디,0.0,0,29900,29900,29900,0,0,0.0,100.0,1,high,24.1,6,2,none,,0,https://www.musinsa.com/products/5371520
2026-09-01,탄산마그네슘,5376128,마운틴 롱슬리브 (라이트핑크),2.58,135543,52440,52440,52440,0,0,0.0,100.0,1,low,24.1,12,2,none,,0,https://www.musinsa.com/products/5376128
2026-09-01,르바,5376384,Velvet Layered T-Shirt - Sand Grey,0.0,0,49500,49500,49500,0,0,0.0,100.0,1,high,24.08,6,2,none,,0,https://www.musinsa.com/products/5376384
2026-09-01,세컨모놀로그,5380288,[옷미새 미홀 콜라보]Curved Tapered Barrel-Fit Denim Pants [BLACK]_SEPT072BLACK,2.4,134426,56000,56000,56000,0,0,0.0,100.0,1,high,24.09,12,4,none,,0,https://www.musinsa.com/products/5380288
2026-09-01,제너럴아이디어,5380736,MAN 네프사 크루넥 풀오버 [NAVY] / SBE3M05001,0.0,0,43400,43400,49600,1,-6200,-12.5,100.0,1,medium,24.09,7,2,none,,0,https://www.musinsa.com/products/5380736
2026-09-01,프리즘웍스,5381312,OG VINTAGE DYEING L/S TEE _ BLACK BROWN,0.0,0,46800,46800,52000,1,-5200,-10.0,100.0,1,medium,24.09,7,2,none,,0,https://www.musinsa.com/products/5381312
2026-09-01,드로우핏 우먼,5382464,노티드 레이어드 뷔스티에 니트 [BLACK],0.0,0,69300,69300,69300,0,0,0.0,100.0,1,high,24.09,8,2,none,,0,https://www.musinsa.com/products/5382464
2026-09-01,브랜디드,5382528,1766 DARK SHADOW JEANS [EXTRA WIDE STRAIGHT],0.0,0,91800,91800,91800,0,0,0.0,100.0,1,low,24.08,6,2,none,,0,https://www.musinsa.com/products/5382528
2026-09-01,비터셀즈,5384768,컬리 카라 퍼 자켓-그레이,0.0,0,141460,141460,141460,0,0,0.0,100.0,1,high,24.08,6,2,none,,0,https://www.musinsa.com/products/5384768
2026-09-01,드로우핏,5385024,카우 스터드 스웨이드 레더 벨트 [BLACK],0.0,0,37800,37800,37800,0,0,0.0,100.0,1,high,24.08,12,2,none,,0,https://www.musinsa.com/products/5385024
2026-09-01,칙스,5386304,그루브 코듀로이 블루종 차콜,0.0,0,78900,78900,63120,1,15780,25.0,100.0,1,medium,24.09,7,2,none,,0,https://www.musinsa.com/products/5386304
2026-09-01,웬즈데이오아시스,5388416,트레이스 라인 스웨트셔츠_CHARCOAL(W25-TP32),0.0,0,61600,61600,61600,0,0,0.0,100.0,1,high,24.09,8,2,none,,0,https://www.musinsa.com/products/5388416
2026-09-01,디앤에스알,5391168,엠보 워시드 코듀로이 플레어 팬츠 브라운,0.0,0,79200,79200,79200,0,0,0.0,100.0,1,low,24.1,6,2,none,,0,https://www.musinsa.com/products/5391168
2026-09-01,아틀리에 나인,5391936,SOFT WOOL HOODIE KNIT(T-7106),0.0,0,76050,76050,85560,1,-9510,-11.12,100.0,1,medium,24.1,6,2,none,,0,https://www.musinsa.com/products/5391936
2026-09-01,넌블랭크,5392064,스트라이프 세미 오버 핏 셋업_DARK GREY,0.0,0,182400,182400,182400,0,0,0.0,100.0,1,high,24.01,8,2,none,,0,https://www.musinsa.com/products/5392064
2026-09-01,더뮤지엄비지터,5392384,EXHIBITION GRAPHIC RUNNING T-SHIRT (BLACK),0.0,0,40800,40800,35700,1,5100,14.29,100.0,1,medium,24.09,7,2,none,,0,https://www.musinsa.com/products/5392384
2026-09-01,일꼬르소,5393280,워시드 폴로 셔츠 브라운 IETS5F002W2,0.0,0,45000,45000,45000,0,0,0.0,100.0,1,high,24.09,6,2,none,,0,https://www.musinsa.com/products/5393280
2026-09-01,트릴리온,5393344,빈티지 페어 아일 자카드 크루넥 니트_블랙,0.0,0,37900,37900,37900,0,0,0.0,100.0,1,high,24.08,6,2,none,,0,https://www.musinsa.com/products/5393344
2026-09-01,유니폼브릿지,5393536,high gauge turtle neck knit(womens) ivory,0.0,0,69000,69000,59500,1,9500,15.97,100.0,1,medium,24.09,7,2,none,,0,https://www.musinsa.com/products/5393536
2026-09-01,트리밍버드,5393664,Glossy Satin Strap Jacket [ Khaki ],0.0,0,249000,249000,249000,0,0,0.0,100.0,1,high,24.09,7,2,none,,0,https://www.musinsa.com/products/5393664
2026-09-01,테이크이지,5394944,[2PACK] 울 크롭 니트 블랙 (+솔리드 크롭 티셔츠 증정),0.0,0,41900,41900,41900,0,0,0.0,100.0,1,high,24.09,6,2,none,,0,https://www.musinsa.com/products/5394944
2026-09-01,세터,5395776,(W) 아가일 삭스 브라운,0.0,0,11900,11900,11900,0,0,0.0,100.0,1,high,24.1,6,2,none,,0,https://www.musinsa.com/products/5395776
2026-09-01,코드그라피,5398848,(우먼) 코듀로이 하프 팬츠_초코 브라운,0.0,0,62300,62300,62300,0,0,0.0,100.0,1,high,24.08,6,2,none,,0,https://www.musinsa.com/products/5398848
2026-09-01,로제프란츠,5405056,Edge Cardigan Sleeveless Set [Beige],0.0,0,50160,50160,43890,1,6270,14.29,100.0,1,medium,24.08,6,2,none,,0,https://www.musinsa.com/products/5405056
2026-09-01,르아브,5405312,저드 턴업 울 세미플레어 슬랙스 블랙,0.0,0,94500,94500,94500,0,0,0.0,100.0,1,high,24.02,8,2,none,,0,https://www.musinsa.com/products/5405312
2026-09-01,로제프란츠,5405440,Heart Pocket Hood Zip-up [Gray],0.0,0,65120,65120,56980,1,8140,14.29,100.0,1,medium,24.08,6,2,none,,0,https://www.musinsa.com/products/5405440
2026-09-01,와이케이,5407232,말티즈 체크 아플리케 맨투맨 멜란지화이트,0.0,0,59250,59250,41480,1,17770,42.84,100.0,1,medium,24.01,8,2,none,,0,https://www.musinsa.com/products/5407232
2026-09-01,더바이닐하우스,5408832,SQUARE PATCH BALL CAP BLUE,0.0,0,28910,28910,41300,1,-12390,-30.0,100.0,1,medium,24.09,6,2,none,,0,https://www.musinsa.com/products/5408832
2026-09-01,더바이닐하우스,5409024,WESTERN WORK JACKET CHARCOAL,0.0,0,84700,84700,129520,1,-44820,-34.6,100.0,1,medium,24.09,6,2,none,,0,https://www.musinsa.com/products/5409024
2026-09-01,꼼파뇨,5414336,[CPGN X 보더랜드4] 밴딧 후드 집업 블랙,0.0,0,46210,46210,46210,0,0,0.0,100.0,1,high,24.08,6,2,none,,0,https://www.musinsa.com/products/5414336
2026-09-01,밀로아카이브,5424512,엘모 스트라이프 카라 티셔츠 [딥 그레이],0.0,0,70560,70560,78400,1,-7840,-10.0,100.0,1,medium,24.01,9,2,none,,0,https://www.musinsa.com/products/5424512
2026-09-01,제멋,5424576,모던 메모리 후드 블랙 KJHD2668,0.0,0,39800,39800,39800,0,0,0.0,100.0,1,high,24.09,7,2,none,,0,https://www.musinsa.com/products/5424576
2026-09-01,배드블러드,5424768,바이퍼31-1 라이트웨이트 후드 푸퍼 - 그레이레오파드,0.98,206615,211650,211650,179280,1,32370,18.06,100.0,1,medium,24.09,7,2,none,,0,https://www.musinsa.com/products/5424768
2026-09-01,배드블러드,5425984,PEACE NOT WAR 후드 집업 - 더스티블랙,0.02,2769,136940,143200,136940,1,6260,4.57,100.0,1,medium,24.09,7,2,none,,0,https://www.musinsa.com/products/5425984
2026-09-01,미세키서울,5439616,Button trooper hat GREY,0.0,0,74800,74800,74800,0,0,0.0,100.0,1,high,24.08,6,2,none,,0,https://www.musinsa.com/products/5439616
2026-09-01,시눈,5443712,Rose Beads Chain Belt (Silver Gold),0.0,0,66750,66750,66750,0,0,0.0,100.0,1,low,24.1,5,2,none,,0,https://www.musinsa.com/products/5443712
2026-09-01,길라아카이브,5444288,LETTERING ANGEL WING SHIRRING SKIRT_BLACK,0.0,0,43470,43470,43470,0,0,0.0,100.0,1,high,24.02,8,2,none,,0,https://www.musinsa.com/products/5444288
2026-09-01,더블유엠씨,5446528,반집업 후드티_MOSS PINK,0.0,0,79500,79500,79500,0,0,0.0,100.0,1,high,24.02,8,2,none,,0,https://www.musinsa.com/products/5446528
2026-09-01,스컬프터,5448512,Light Weight Striped Jersey Burgundy,1.85,101424,54798,53760,67200,1,-13440,-20.0,100.0,1,medium,24.09,7,2,none,,0,https://www.musinsa.com/products/5448512
2026-09-01,제너럴아이디어,5449088,언발란스 루즈핏 가디건 [MELANGE GREY] / WBE3L04521,0.0,0,51200,51200,51200,0,0,0.0,100.0,1,high,24.08,7,2,none,,0,https://www.musinsa.com/products/5449088
2026-09-01,제너럴아이디어,5449344,핏티드 골지 셔링 원피스 [BLACK] / WBE3L15506,0.0,0,46900,46900,53600,1,-6700,-12.5,100.0,1,medium,24.09,7,2,none,,0,https://www.musinsa.com/products/5449344
2026-09-01,마인드브릿지,5449984,두굿_울 혼방 라운드 세미 오버핏 가디건 - 3color,0.0,0,59400,59400,56430,1,2970,5.26,100.0,1,low,24.08,6,2,none,,0,https://www.musinsa.com/products/5449984
2026-09-01,벨리에,5451648,다이에그널 레더 블루종 - 블랙,0.0,0,599450,599450,599450,0,0,0.0,100.0,1,high,24.1,6,2,none,,0,https://www.musinsa.com/products/5451648
2026-09-01,벨리에,5451968,시티 브이넥 스웨터 - 블랙,0.65,90304,139650,139650,139650,0,0,0.0,100.0,1,high,24.1,6,2,none,,0,https://www.musinsa.com/products/5451968
2026-09-01,수아레,5453632,커브드 코스모 워싱 팬츠 애쉬 오트밀,0.0,0,39500,39500,39500,0,0,0.0,100.0,1,high,24.08,6,2,none,,0,https://www.musinsa.com/products/5453632
2026-09-01,해비즘,5457280,CHECK PATCH FLOWER ZIP UP HOOD(GREY),0.0,0,70850,70850,56680,1,14170,25.0,100.0,1,medium,24.02,8,2,none,,0,https://www.musinsa.com/products/5457280
2026-09-01,더니트컴퍼니,5461184,(M) 만다 코튼 스트라이프 셔츠 [아스트랄 블루],0.0,0,76300,76300,76300,0,0,0.0,100.0,1,high,24.08,6,2,none,,0,https://www.musinsa.com/products/5461184
2026-09-01,무드인사이드,5463872,라인 워시드 바이커 데님 자켓 Black,0.0,0,49900,49900,49900,0,0,0.0,100.0,1,high,24.09,8,2,none,,0,https://www.musinsa.com/products/5463872
2026-09-01,밀로아카이브,5466688,크롭 무브 셔츠 [빈티지 브라운],0.0,0,58800,58800,78400,1,-19600,-25.0,100.0,1,medium,24.02,9,2,none,,0,https://www.musinsa.com/products/5466688
2026-09-01,디스이즈네버댓,5468608,Authentic Tradition Cap Brown,0.0,0,38500,38500,38500,0,0,0.0,100.0,1,high,24.09,6,2,none,,0,https://www.musinsa.com/products/5468608
2026-09-01,디스이즈네버댓,5468928,Corduroy Varsity Jacket Black,0.0,0,174300,174300,174300,0,0,0.0,100.0,1,high,24.09,6,2,none,,0,https://www.musinsa.com/products/5468928
2026-09-01,2000아카이브스,5472192,DEEP SCOOP BACK CONTOUR T (WHITE),0.0,0,67320,67320,42840,1,24480,57.14,100.0,1,medium,24.09,7,2,none,,0,https://www.musinsa.com/products/5472192
2026-09-01,이지노이지,5478336,리브드 크롭 롱슬리브-블랙,0.0,0,9900,9900,9900,0,0,0.0,100.0,1,high,24.1,6,2,none,,0,https://www.musinsa.com/products/5478336
2026-09-01,나이스고스트클럽,5479616,FFATS CHECK FUR CARDIGAN_BLACK(NG2FFUK684A),0.0,0,95400,95400,66780,1,28620,42.86,100.0,1,medium,24.02,8,2,none,,0,https://www.musinsa.com/products/5479616
2026-09-01,커버낫,5480512,[수빈 착용] 웜온 CVNT 플리스 후드집업 Ivory,0.0,0,96390,96390,89000,1,7390,8.3,100.0,1,medium,24.09,6,2,none,,0,https://www.musinsa.com/products/5480512
2026-09-01,루에브르,5481280,Double-Breasted Tailored Jacket SW5AJ321-93,0.0,0,230300,230300,230300,0,0,0.0,100.0,1,high,24.09,8,2,none,,0,https://www.musinsa.com/products/5481280
2026-09-01,본투윈,5482560,STROKE B QUICK DRY T-SHIRTS [4 COLOR],5.49,313292,57068,56000,57680,1,-1680,-2.91,100.0,1,medium,10.18,30,7,none,,0,https://www.musinsa.com/products/5482560
2026-09-01,마인드브릿지,5489920,[COUTURE]헤링본 오버핏 발마칸 롱 코트,0.0,0,259000,259000,247820,1,11180,4.51,100.0,1,medium,24.08,6,2,none,,0,https://www.musinsa.com/products/5489920
2026-09-01,언탭트 스튜디오,5496320,유니버스 데님 텍스처 아트웍 오버핏 긴팔 티셔츠 8Color,0.0,0,19580,19580,24920,1,-5340,-21.43,100.0,1,medium,24.02,8,2,none,,0,https://www.musinsa.com/products/5496320
2026-09-01,유니폼브릿지,5497536,silk blended crew neck knit navy,0.0,0,44710,44710,44710,0,0,0.0,100.0,1,high,24.08,7,2,none,,0,https://www.musinsa.com/products/5497536
2026-09-01,언더오프,5506176,세미 크롭 맨투맨 스웨트 브루클린 블랙,0.0,0,27920,27920,27920,0,0,0.0,100.0,1,high,24.09,6,2,none,,0,https://www.musinsa.com/products/5506176
2026-09-01,론론,5506496,LAYERED SKIRT CORDUROY STRING PANTS WHITE GREY,0.0,0,107730,107730,74480,1,33250,44.64,100.0,1,medium,24.09,7,2,none,,0,https://www.musinsa.com/products/5506496
2026-09-01,아메스 월드와이드,5507456,BASIC SMALL LOGO HOODIE ZIP UP CREAM,0.0,0,67200,67200,58800,1,8400,14.29,100.0,1,medium,24.08,6,2,none,,0,https://www.musinsa.com/products/5507456
2026-09-01,에이치덱스,5512512,애슬레틱 85 후디 (Black),0.0,0,98000,98000,98000,0,0,0.0,100.0,1,high,24.08,6,2,none,,0,https://www.musinsa.com/products/5512512
2026-09-01,브라운야드,5514304,"워시드 코듀로이 트러커 자켓, 블랙",0.0,0,208600,208600,208600,0,0,0.0,100.0,1,high,24.02,8,2,none,,0,https://www.musinsa.com/products/5514304
2026-09-01,바우로 프로덕트,5514560,파인 리브드 머슬 긴팔 니트티 [네이비],0.0,0,49800,49800,49800,0,0,0.0,100.0,1,high,24.08,6,2,none,,0,https://www.musinsa.com/products/5514560
2026-09-01,다이브인,5514880,WASHED COTTON MAC COAT (BLACK),0.0,0,191200,191200,239000,1,-47800,-20.0,100.0,1,medium,24.09,6,2,none,,0,https://www.musinsa.com/products/5514880
2026-09-01,언더오프,5515264,워싱 코튼 패디드 집업 블루종 카멜,0.0,0,49500,49500,49500,0,0,0.0,100.0,1,high,24.09,6,2,none,,0,https://www.musinsa.com/products/5515264
2026-09-01,더니트컴퍼니,5517504,(M) 세르비노 울 테일러드 재킷 [델리시오소 브라운],0.0,0,272300,272300,272300,0,0,0.0,100.0,1,high,24.08,6,2,none,,0,https://www.musinsa.com/products/5517504
2026-09-01,에이이에이이,5519424,STRIPE MITTEN GLOVES [BURGUNDY],0.0,0,55200,55200,38640,1,16560,42.86,100.0,1,medium,24.08,6,2,none,,0,https://www.musinsa.com/products/5519424
2026-09-01,아메스 월드와이드,5529920,QWER NUMBERING HOODIE ZIP-UP BROWN,0.0,0,54880,54880,78400,1,-23520,-30.0,100.0,1,medium,24.08,6,2,none,,0,https://www.musinsa.com/products/5529920
2026-09-01,테이크이지,5529984,페어아일 빈티지 크롭니트 (크림),0.0,0,34500,34500,34500,0,0,0.0,100.0,1,high,24.09,6,2,none,,0,https://www.musinsa.com/products/5529984
2026-09-01,제멋,5535040,레스트 앤 후드 버건디 ISHD2660,0.0,0,43900,43900,43900,0,0,0.0,100.0,1,high,24.09,7,2,none,,0,https://www.musinsa.com/products/5535040
2026-09-01,배드블러드,5535680,Eat Me 루즈핏 티 - 토바코,0.98,53860,55200,55200,55890,1,-690,-1.23,100.0,1,medium,24.09,7,2,none,,0,https://www.musinsa.com/products/5535680
2026-09-01,더바이닐하우스,5539008,PATTERN BEANIE BLACK,0.0,0,33040,33040,47200,1,-14160,-30.0,100.0,1,medium,24.09,6,2,none,,0,https://www.musinsa.com/products/5539008
2026-09-01,무센트,5542720,시에라 호피 하트 원 숄더 긴팔 티 (2컬러),1.0,24495,24534,20930,29900,1,-8970,-30.0,100.0,1,medium,24.09,6,2,none,,0,https://www.musinsa.com/products/5542720
2026-09-01,제멋,5542848,어니언 칼리지 맨투맨 네이비블루 SJMT2658,0.0,0,33900,33900,33900,0,0,0.0,100.0,1,high,24.09,7,2,none,,0,https://www.musinsa.com/products/5542848
2026-09-01,플리즈노팔로우,5546304,Meli Lace Shirring Sleeveless Top (Mocha Brown),0.0,0,41650,41650,41650,0,0,0.0,100.0,1,high,24.09,7,2,none,,0,https://www.musinsa.com/products/5546304
2026-09-01,키르시,5546624,인조퍼 세미 크롭 다운 점퍼 [블랙],0.0,0,155400,155400,155400,0,0,0.0,100.0,1,high,24.09,6,2,none,,0,https://www.musinsa.com/products/5546624
2026-09-01,디스이즈네버댓,5549632,T.N.T. Classic HDP Zip Up Sweat Natural,0.0,0,100000,100000,100000,0,0,0.0,100.0,1,high,24.09,6,2,none,,0,https://www.musinsa.com/products/5549632
2026-09-01,밀로아카이브,5550528,스프레드 모티프 플리스 캡 [블랙],0.0,0,45500,45500,58500,1,-13000,-22.22,100.0,1,medium,24.02,9,2,none,,0,https://www.musinsa.com/products/5550528
2026-09-01,트릴리온,5552896,스트라이프 92 스타 그래픽 럭비 폴로 셔츠_스카이,0.0,0,29990,29990,29990,0,0,0.0,100.0,1,high,24.08,10,2,none,,0,https://www.musinsa.com/products/5552896
2026-09-01,데꼬로소,5553408,코듀로이 원턱 세미 와이드 팬츠 [블랙],0.0,0,59600,59600,59600,0,0,0.0,100.0,1,high,24.02,8,2,none,,0,https://www.musinsa.com/products/5553408
2026-09-01,파르티멘토 우먼,5554112,컷아웃 웨이스트 트라우저_차콜 멜란지,0.0,0,72090,72090,56070,1,16020,28.57,100.0,1,medium,24.08,6,2,none,,0,https://www.musinsa.com/products/5554112
2026-09-01,파르티멘토 우먼,5554176,팀 76 패치 스트라이프 폴로 티_차콜,0.0,0,43740,43740,34020,1,9720,28.57,100.0,1,medium,24.08,6,2,none,,0,https://www.musinsa.com/products/5554176
2026-09-01,더바넷,5554240,Oversized Forde Sweat Zip-Up Hoodie Jacket_Navy,0.0,0,142200,142200,158000,1,-15800,-10.0,100.0,1,medium,24.08,6,2,none,,0,https://www.musinsa.com/products/5554240
2026-09-01,더바넷,5555008,Revo Half Collar Knit,0.0,0,133200,133200,133200,0,0,0.0,100.0,1,high,24.08,6,2,none,,0,https://www.musinsa.com/products/5555008
2026-09-01,꼼파뇨,5555136,아모르네 레글런 스웨트셔츠 네이비,0.0,0,41250,41250,41250,0,0,0.0,100.0,1,high,24.08,6,2,none,,0,https://www.musinsa.com/products/5555136
2026-09-01,더바넷,5555520,Tonal Stripe Pique Shirt_Burgundy,0.0,0,106200,106200,118000,1,-11800,-10.0,100.0,1,medium,24.08,6,2,none,,0,https://www.musinsa.com/products/5555520
2026-09-01,무센트,5557120,티아제 셋업 아일렛 스웻 스커트 (2컬러),0.0,0,39130,39130,55900,1,-16770,-30.0,100.0,1,medium,24.09,6,2,none,,0,https://www.musinsa.com/products/5557120
2026-09-01,인사일런스 우먼,5561856,베이직 립스탑 구스 다운 ASH BEIGE,0.0,0,312550,312550,312550,0,0,0.0,100.0,1,high,24.09,7,2,none,,0,https://www.musinsa.com/products/5561856
2026-09-01,브라운야드,5566336,"소프트 스톨, 올리브 그레이",0.0,0,198000,198000,198000,0,0,0.0,100.0,1,high,24.02,8,2,none,,0,https://www.musinsa.com/products/5566336
2026-09-01,키르시,5566400,클래식 플리츠 미니 스커트 [블랙],0.0,0,79200,79200,79200,0,0,0.0,100.0,1,high,24.08,6,2,none,,0,https://www.musinsa.com/products/5566400
2026-09-01,언더오프,5572160,후디드 푸퍼 패딩 자켓 블랙,0.0,0,89900,89900,89900,0,0,0.0,100.0,1,high,24.09,6,2,none,,0,https://www.musinsa.com/products/5572160
2026-09-01,디스이즈네버댓,5573824,GD Dancing Bears Cap Off Black,0.0,0,45500,45500,45500,0,0,0.0,100.0,1,high,24.09,6,2,none,,0,https://www.musinsa.com/products/5573824
2026-09-01,무드인사이드,5576448,헤비 케이블 헨리넥 니트_Brown,0.0,0,49900,49900,49900,0,0,0.0,100.0,1,high,24.09,8,2,none,,0,https://www.musinsa.com/products/5576448
2026-09-01,유니폼브릿지,5581440,feather down shirt jacket charcoal,0.0,0,110000,110000,103600,1,6400,6.18,100.0,1,medium,24.09,7,2,none,,0,https://www.musinsa.com/products/5581440
2026-09-01,제너럴아이디어,5582464,울 노르딕 더플 가디건 [RED] / WBD4L04550,0.0,0,79000,79000,63200,1,15800,25.0,100.0,1,medium,24.09,7,2,none,,0,https://www.musinsa.com/products/5582464
2026-09-01,2000아카이브스,5585216,LUA LEGWARMER (GREY),0.0,0,116820,116820,74340,1,42480,57.14,100.0,1,medium,24.09,7,2,none,,0,https://www.musinsa.com/products/5585216
2026-09-01,플랙,5586048,퍼널 넥 니트 네이비,0.0,0,109000,109000,87200,1,21800,25.0,100.0,1,medium,24.09,6,2,none,,0,https://www.musinsa.com/products/5586048
2026-09-01,브라운브레스,5587136,FREEZE TAG HOODIE - BLACK,0.0,0,109000,109000,109000,0,0,0.0,100.0,1,high,24.09,8,2,none,,0,https://www.musinsa.com/products/5587136
2026-09-01,브룩스 브라더스,5588800,바시티점퍼 (카키) (BBOTMBF304),0.0,0,335440,335440,383360,1,-47920,-12.5,100.0,1,medium,24.02,8,2,none,,0,https://www.musinsa.com/products/5588800
2026-09-01,파브레가,5594816,커드 시어링 카 코트 (빈티지 브라운),0.0,0,223200,223200,223200,0,0,0.0,100.0,1,high,24.08,6,2,none,,0,https://www.musinsa.com/products/5594816
2026-09-01,파르티멘토,5597120,100% 울 세일러 토글 니트 자켓 네이비,0.0,0,110160,110160,110160,0,0,0.0,100.0,1,high,24.08,6,2,none,,0,https://www.musinsa.com/products/5597120
2026-09-01,노이어,5598528,루즈핏 코듀로이 워크셔츠 (브라운),0.0,0,86200,86200,86200,0,0,0.0,100.0,1,high,24.09,7,2,none,,0,https://www.musinsa.com/products/5598528
2026-09-01,엑스오엑스,5606080,리브드 헨리넥 긴팔 티셔츠[NAVY],0.0,0,49900,49900,49900,0,0,0.0,100.0,1,high,24.1,6,2,none,,0,https://www.musinsa.com/products/5606080
2026-09-01,알리스,5607104,퓨어 울 100% 에센셜 플러피 머플러 [4COLOR],0.0,0,36030,36030,36030,0,0,0.0,100.0,1,high,24.08,6,2,none,,0,https://www.musinsa.com/products/5607104
2026-09-01,노매뉴얼,5608064,R.V ARCH LOGO HOODED ZIP-UP - CHARCOAL,0.0,0,92000,92000,92000,0,0,0.0,100.0,1,high,24.08,6,2,none,,0,https://www.musinsa.com/products/5608064
2026-09-01,꼼파뇨,5613184,꽈배기 크롭 니트 가디건 그레이,0.0,0,41800,41800,41800,0,0,0.0,100.0,1,high,24.08,6,2,none,,0,https://www.musinsa.com/products/5613184
2026-09-01,아틀리에 나인,5614592,YAK BLENDED CUT OUT HIGH NECK KNIT (T-7143),0.0,0,115630,115630,130080,1,-14450,-11.11,100.0,1,medium,24.1,6,2,none,,0,https://www.musinsa.com/products/5614592
2026-09-01,칙스,5614720,스타피쉬 스터드 비니 브라운,0.0,0,29900,29900,23920,1,5980,25.0,100.0,1,medium,24.09,7,2,none,,0,https://www.musinsa.com/products/5614720
2026-09-01,어나더오피스,5615488,Cashmere Banding Easy Pants (Heather Charcoal),0.0,0,190400,190400,,0,,,97.9,0,medium,24.09,5,1,none,,0,https://www.musinsa.com/products/5615488
2026-09-01,로제프란츠,5618368,Fur V-neck Knit [Butter],0.0,0,45920,45920,40180,1,5740,14.29,100.0,1,medium,24.08,6,2,none,,0,https://www.musinsa.com/products/5618368
2026-09-01,브랜디드,5620480,[SUPERIOR] ESSENTIAL SUPERFINE ROUND KNIT [CHARCOAL],0.0,0,100300,100300,100300,0,0,0.0,100.0,1,high,24.08,6,2,none,,0,https://www.musinsa.com/products/5620480
2026-09-01,유니폼브릿지,5622848,corduroy pants wide fit(womens) black,0.0,0,79000,79000,69500,1,9500,13.67,100.0,1,medium,24.09,7,2,none,,0,https://www.musinsa.com/products/5622848
2026-09-01,유니폼브릿지,5622912,merino wool turtle neck knit black,0.0,0,89000,89000,79500,1,9500,11.95,100.0,1,medium,24.09,7,2,none,,0,https://www.musinsa.com/products/5622912
2026-09-01,코드그라피,5623104,(우먼) 스퀘어 로고 패딩 베스트_레드,0.0,0,104300,104300,104300,0,0,0.0,100.0,1,high,24.08,6,2,none,,0,https://www.musinsa.com/products/5623104
2026-09-01,헬레네파리스,5623168,심볼 로고 헤어리 풀오버 니트 집업 [브라운-블랙],0.0,0,74480,74480,76400,1,-1920,-2.51,100.0,1,medium,24.09,7,2,none,,0,https://www.musinsa.com/products/5623168
2026-09-01,헬레네파리스,5623296,카덴자 헤어리 퍼 코트 [도브 그레이],0.0,0,105800,105800,105800,0,0,0.0,100.0,1,high,24.09,7,2,none,,0,https://www.musinsa.com/products/5623296
2026-09-01,파르티멘토,5627776,유틸리티 후디드 푸퍼 패딩 블랙,0.0,0,130400,130400,117360,1,13040,11.11,100.0,1,medium,24.09,6,2,none,,0,https://www.musinsa.com/products/5627776
2026-09-01,본투윈,5631232,W CHROME B TRACK LINE CROP HOODIE ZIP-UP [BLACK],0.0,0,109000,109000,109000,0,0,0.0,100.0,1,high,24.09,7,2,none,,0,https://www.musinsa.com/products/5631232
2026-09-01,시야쥬,5632576,SITP5237 컴포트 플리스 풀오버 탑_Navy,0.0,0,98000,98000,98000,0,0,0.0,100.0,1,high,24.09,6,2,none,,0,https://www.musinsa.com/products/5632576
2026-09-01,프렌다,5633472,POT QUILTING FUR DOWN BLACK,0.0,0,143400,143400,143400,0,0,0.0,100.0,1,high,24.09,8,2,none,,0,https://www.musinsa.com/products/5633472
2026-09-01,시야쥬,5634240,SIOT4168 헤비 울 싱글 블레이저_Brown,0.0,0,259000,259000,259000,0,0,0.0,100.0,1,high,24.09,6,2,none,,0,https://www.musinsa.com/products/5634240
2026-09-01,시야쥬,5634432,SIOT4160 덕다운 패딩 롱 코트_Light beige,0.0,0,313000,313000,313000,0,0,0.0,100.0,1,high,24.09,6,2,none,,0,https://www.musinsa.com/products/5634432
2026-09-01,와이케이,5636288,백 그래픽 파라슈트 데님 팬츠 미디엄블루,0.0,0,67600,67600,47320,1,20280,42.86,100.0,1,medium,24.02,8,2,none,,0,https://www.musinsa.com/products/5636288
2026-09-01,일꼬르소,5636544,조르디 스탠다드 코듀로이 와이드 팬츠 다크 카키 IEPA5F001K3,0.0,0,69300,69300,69300,0,0,0.0,100.0,1,high,24.09,6,2,none,,0,https://www.musinsa.com/products/5636544
2026-09-01,론론,5648960,DOT NOTE APPLIQUE LONG SLEEVE NAVY,0.0,0,71280,71280,49280,1,22000,44.64,100.0,1,medium,24.09,7,2,none,,0,https://www.musinsa.com/products/5648960
2026-09-01,제너럴아이디어,5652736,MAN 울 블렌디드 더블 피코트 [CHARCOAL] / SBE4M10015,0.0,0,224000,224000,224000,0,0,0.0,100.0,1,high,24.09,7,2,none,,0,https://www.musinsa.com/products/5652736
2026-09-01,코드그라피,5653888,기모 CGP 아치 로고 후디_프로스트 그린,0.0,0,62300,62300,62300,0,0,0.0,100.0,1,high,24.08,6,2,none,,0,https://www.musinsa.com/products/5653888
2026-09-01,제너럴아이디어,5655616,시어링 카라 무스탕 코트 [BROWN] / WBE4L10525,0.0,0,169000,169000,158230,1,10770,6.81,100.0,1,medium,24.09,7,2,none,,0,https://www.musinsa.com/products/5655616
2026-09-01,무드인사이드,5658688,미니멀 경량 후디드 패딩 자켓 _Beige,0.0,0,44900,44900,49900,1,-5000,-10.02,100.0,1,medium,24.09,8,2,none,,0,https://www.musinsa.com/products/5658688
2026-09-01,브룩스 브라더스,5659968,슬림핏 라이트웨이트 어드밴티지 치노 (스톤) (BBPCMMZ501),0.0,0,179100,179100,199000,1,-19900,-10.0,100.0,1,medium,24.01,8,2,none,,0,https://www.musinsa.com/products/5659968
2026-09-01,배드블러드,5662336,바이퍼31-1 라이트웨이트 하이넥 푸퍼 - 블랙레더,0.0,0,245650,245650,208080,1,37570,18.06,100.0,1,medium,24.09,7,2,none,,0,https://www.musinsa.com/products/5662336
2026-09-01,본투윈,5662656,W SYMBOL B ECLIPSE SEAMLESS 3.5 BIKER SHORTS [CHARCOAL],0.0,0,65500,65500,65500,0,0,0.0,100.0,1,high,24.09,7,2,none,,0,https://www.musinsa.com/products/5662656
2026-09-01,키르시,5668288,니턱 와이드핏 카고 팬츠 [핑크],0.0,0,103200,103200,103200,0,0,0.0,100.0,1,high,24.09,6,2,none,,0,https://www.musinsa.com/products/5668288
2026-09-01,시그니처,5674176,와이드 커브드 다트 코듀로이 팬츠[블랙],0.0,0,39900,39900,39900,0,0,0.0,22.58,0,low,24.0,6,1,none,,0,https://www.musinsa.com/products/5674176
2026-09-01,더뮤지엄비지터,5676928,SHIRRING BOOT-CUT PANTS (OLIVE),0.0,0,96750,96750,82240,1,14510,17.64,100.0,1,medium,24.09,7,2,none,,0,https://www.musinsa.com/products/5676928
2026-09-01,제너럴아이디어,5682176,메탈 롱헤어 루즈핏 풀오버 [BEIGE] / WBE4L05548,0.0,0,51200,51200,51200,0,0,0.0,100.0,1,high,24.09,7,2,none,,0,https://www.musinsa.com/products/5682176
2026-09-01,어나더오피스,5684096,Legacy Goose Down Parka (Pewter),0.0,0,390400,390400,,0,,,97.88,0,medium,24.09,5,1,none,,0,https://www.musinsa.com/products/5684096
2026-09-01,링서울,5684352,handmade cashmere balmacan coat-charcoal,0.0,0,342720,342720,266560,1,76160,28.57,100.0,1,medium,24.02,8,2,none,,0,https://www.musinsa.com/products/5684352
2026-09-01,링서울,5684416,alpaca high-neck belted long coat-khaki brown,0.0,0,334290,334290,260010,1,74280,28.57,100.0,1,medium,24.02,8,2,none,,0,https://www.musinsa.com/products/5684416
2026-09-01,칙스,5687424,플란넬 체크 후드집업 블랙,0.0,0,81900,81900,65520,1,16380,25.0,100.0,1,medium,24.09,7,2,none,,0,https://www.musinsa.com/products/5687424
2026-09-01,언더오프,5689856,울100 소프트 니트 머플러 그레이,0.0,0,29900,29900,29900,0,0,0.0,100.0,1,high,24.09,6,2,none,,0,https://www.musinsa.com/products/5689856
2026-09-01,노티카,5719360,슈퍼와이드 덕 페인터 팬츠 JPL7855,0.0,0,127200,127200,127200,0,0,0.0,100.0,1,high,24.1,6,2,none,,0,https://www.musinsa.com/products/5719360
2026-09-01,제너럴아이디어,5722752,울 블랜드 니트 핸드 워머 [4COL] / WBE4L93528,0.0,0,23200,23200,23200,0,0,0.0,100.0,1,high,24.09,7,2,none,,0,https://www.musinsa.com/products/5722752
2026-09-01,더뮤지엄비지터,5723264,BUTTON NECK LAYERED LONG SLEEVE (GREEN),0.0,0,50400,50400,50400,0,0,0.0,100.0,1,high,24.09,7,2,none,,0,https://www.musinsa.com/products/5723264
2026-09-01,999휴머니티,5725056,HC 스컬 캡 (페이디드 브라운),0.0,0,68000,68000,68000,0,0,0.0,100.0,1,high,24.1,6,2,none,,0,https://www.musinsa.com/products/5725056
2026-09-01,키르시,5727232,베이직 체리 포인트 크루삭스 화이트 5팩,1.0,15901,15926,11900,21900,1,-10000,-45.66,100.0,1,medium,24.09,6,2,none,,0,https://www.musinsa.com/products/5727232
2026-09-01,무드인사이드,5729088,미니멀 경량 후디드 패딩 자켓 _Pink,0.73,32803,44900,44900,49900,1,-5000,-10.02,100.0,1,medium,24.09,8,2,none,,0,https://www.musinsa.com/products/5729088
2026-09-01,바이모노,5729152,[빅사이즈 32-46] 꼭꼭팬츠 꼭꼭 바디보정&교정 반바지,0.0,0,32900,32900,32900,0,0,0.0,100.0,1,high,24.09,6,2,none,,0,https://www.musinsa.com/products/5729152
2026-09-01,무센트,5746048,로번트 메탈 로고 볼레로 후드 집업 (2컬러),0.0,0,90930,90930,117760,1,-26830,-22.78,100.0,1,medium,24.09,6,2,none,,0,https://www.musinsa.com/products/5746048
2026-09-01,밀로아카이브,5748160,크롭 무브 가디건 [퍼플],0.0,0,86400,86400,86400,0,0,0.0,100.0,1,high,24.02,9,2,none,,0,https://www.musinsa.com/products/5748160
2026-09-01,트래블,5748736,스타 헬릭스 후드 집업 블루 섀도우,0.0,0,59000,59000,59000,0,0,0.0,100.0,1,high,24.09,8,2,none,,0,https://www.musinsa.com/products/5748736
2026-09-01,노이어,5753088,캐시미어 코튼 딥 브이넥 니트 (레드),0.0,0,88000,88000,88000,0,0,0.0,100.0,1,high,24.09,7,2,none,,0,https://www.musinsa.com/products/5753088
2026-09-01,플레어업,5760384,Hooded Asymmetrical Puffer Jacket (FL-053_Charcoal),0.0,0,177840,177840,131040,1,46800,35.71,100.0,1,medium,24.08,6,2,none,,0,https://www.musinsa.com/products/5760384
2026-09-01,썸웨어버터,5762560,Matis Wide Denim Pants - Middle Blue,0.0,0,77600,77600,77600,0,0,0.0,100.0,1,high,24.02,8,2,none,,0,https://www.musinsa.com/products/5762560
2026-09-01,해칭룸,5772288,Wide Curve Jeans Dark Blue,0.0,0,178000,178000,178000,0,0,0.0,100.0,1,high,24.08,6,2,none,,0,https://www.musinsa.com/products/5772288
2026-09-01,제너럴아이디어,5774336,MAN 레귤러핏 플란넬 체크 셔츠 [RED] / SBE4M03009,0.0,0,51200,51200,51200,0,0,0.0,100.0,1,high,24.09,7,2,none,,0,https://www.musinsa.com/products/5774336
2026-09-01,브룩스 브라더스,5779520,[여성] 코튼 트윌 스커트 (블랙) (BBKZWFF301),0.0,0,156240,156240,200880,1,-44640,-22.22,100.0,1,medium,24.02,8,2,none,,0,https://www.musinsa.com/products/5779520
2026-09-01,시야쥬,5782784,SITP5240 홀리데이 산타 나염 맨투맨_Cream,0.0,0,89000,89000,89000,0,0,0.0,100.0,1,high,24.09,6,2,none,,0,https://www.musinsa.com/products/5782784
2026-09-01,아캄,5793600,Hooded Fur Leather Jacket (Black),0.0,0,219600,219600,219600,0,0,0.0,100.0,1,high,24.1,6,2,none,,0,https://www.musinsa.com/products/5793600
2026-09-01,아틀리에 나인,5801600,애쉬 오블리크 라인 티(T-6949),0.0,0,42480,42480,47790,1,-5310,-11.11,100.0,1,medium,24.1,6,2,none,,0,https://www.musinsa.com/products/5801600
2026-09-01,바이모노,5804800,[빅사이즈 32-42] 모노 뜨거운 구김제로 밴딩팬츠(ver.발열기모),0.0,0,29900,29900,29900,0,0,0.0,100.0,1,high,24.09,6,2,none,,0,https://www.musinsa.com/products/5804800
2026-09-01,바이모노,5805056,[FREE(XL)] 모노 베이직 빅사이즈 볼캡 모자,0.4,7603,18900,18900,18900,0,0,0.0,100.0,1,high,24.09,6,2,none,,0,https://www.musinsa.com/products/5805056
2026-09-01,일리고,5836864,129 로고 패치 후드 집업 스트라이프 브라운,0.0,0,78000,78000,78000,0,0,0.0,100.0,1,high,24.08,6,2,none,,0,https://www.musinsa.com/products/5836864
2026-09-01,트릴리온,5837312,버튼 하프넥 플리스 풀오버_5color,0.0,0,49000,49000,49000,0,0,0.0,89.96,0,low,24.08,6,1,none,,0,https://www.musinsa.com/products/5837312
2026-09-01,나이스고스트클럽,5839104,3STAR CROP HOODIE ZIP UP_CHARCOAL(NG2GSUM492A),0.0,0,62370,62370,62370,0,0,0.0,100.0,1,high,24.02,8,2,none,,0,https://www.musinsa.com/products/5839104
2026-09-01,나이스고스트클럽,5839168,3STAR APPLIQUE 3/4 SLEEVE TEE_NAVY(NG2GSUT563A),0.0,0,34300,34300,30870,1,3430,11.11,100.0,1,medium,24.02,8,2,none,,0,https://www.musinsa.com/products/5839168
2026-09-01,노매뉴얼,5849024,LIGHT WAFFLE PANTS - GRAY,0.0,0,103500,103500,103500,0,0,0.0,100.0,1,high,24.08,6,2,none,,0,https://www.musinsa.com/products/5849024
2026-09-01,노매뉴얼,5849216,ROUGH SEERSUCKER CHECK SHIRTS - IVORY,0.0,0,100800,100800,100800,0,0,0.0,100.0,1,high,24.08,6,2,none,,0,https://www.musinsa.com/products/5849216
2026-09-01,노매뉴얼,5849408,RAW CHAIN STITCHED T-SHIRT - BLACK,0.0,0,34300,34300,34300,0,0,0.0,100.0,1,high,24.08,6,2,none,,0,https://www.musinsa.com/products/5849408
2026-09-01,노매뉴얼,5849472,DUAL SLASH EMBLEM T-SHIRT - WASHED BLACK,0.0,0,44100,44100,44100,0,0,0.0,100.0,1,high,24.08,6,2,none,,0,https://www.musinsa.com/products/5849472
2026-09-01,글로니,5859200,3/4 G WAFFLE BUTTON FLY TEE (WHITE),0.0,0,63180,63180,63180,0,0,0.0,100.0,1,high,24.09,7,2,none,,0,https://www.musinsa.com/products/5859200
2026-09-01,트릴리온,5861696,레더 패치 코듀로이  워크 셔츠_4color,1.0,37684,37800,37800,37800,0,0,0.0,100.0,1,high,24.08,6,2,none,,0,https://www.musinsa.com/products/5861696
2026-09-01,키르시,5869440,플레인 슬림핏 후드 집업 [블랙],0.0,0,71200,71200,71200,0,0,0.0,100.0,1,high,24.09,6,2,none,,0,https://www.musinsa.com/products/5869440
2026-09-01,론론,5870848,3 MULTI STRIPE HOODIE ZIP UP NAVY,0.0,0,69300,69300,79200,1,-9900,-12.5,100.0,1,medium,24.09,7,2,none,,0,https://www.musinsa.com/products/5870848
2026-09-01,마인드브릿지,5871872,스트라이프 오버핏 긴팔 티셔츠,0.0,0,19900,19900,19900,0,0,0.0,100.0,1,high,24.08,6,2,none,,0,https://www.musinsa.com/products/5871872
2026-09-01,파브레가,5873792,컨투어 커브드 데님 팬츠 (빈티지 블루),0.0,0,97200,97200,97200,0,0,0.0,100.0,1,high,24.08,6,2,none,,0,https://www.musinsa.com/products/5873792
2026-09-01,세터,5877888,[라이즈 PICK] 홈웨어 스트라이프 레이스업 밴딩 쇼츠 블루,0.0,0,79000,79000,79000,0,0,0.0,100.0,1,high,24.1,6,2,none,,0,https://www.musinsa.com/products/5877888
2026-09-01,엑스컨테이너,5878720,사이드 라인 와이드 팬츠 (SLATE BLACK),0.0,0,52920,52920,52920,0,0,0.0,100.0,1,high,24.08,6,2,none,,0,https://www.musinsa.com/products/5878720
2026-09-01,그루브라임,5879936,피그먼트 면쭈리 절개 와이드 카고팬츠 (LRSFCYW172M),0.0,0,23800,23800,14900,1,8900,59.73,100.0,1,medium,24.09,8,2,none,,0,https://www.musinsa.com/products/5879936
2026-09-01,그루브라임,5880064,스트레치 하이넥 집업 (LRSFCUZ708M),0.0,0,28900,28900,19000,1,9900,52.11,100.0,1,medium,24.09,8,2,none,,0,https://www.musinsa.com/products/5880064
2026-09-01,드로우핏 우먼,5885760,버튼 레이어드 스커트 팬츠 [D.GREY],0.0,0,79200,79200,79200,0,0,0.0,100.0,1,high,24.09,8,2,none,,0,https://www.musinsa.com/products/5885760
2026-09-01,드로우핏 우먼,5886208,제인 레이어드 뷔스티에 블라우스 [BLACK],0.0,0,69300,69300,69300,0,0,0.0,100.0,1,high,24.09,8,2,none,,0,https://www.musinsa.com/products/5886208
2026-09-01,미세키서울,5889088,[레이 PICK] Blur quote short sleeve WHITE,0.0,0,52200,52200,52200,0,0,0.0,100.0,1,high,24.08,6,2,none,,0,https://www.musinsa.com/products/5889088
2026-09-01,마인드브릿지 우먼,5894656,[W]와이드 밴딩 연청 데님 팬츠,0.0,0,80900,80900,80900,0,0,0.0,100.0,1,high,24.1,6,2,none,,0,https://www.musinsa.com/products/5894656
2026-09-01,마인드브릿지 우먼,5894784,[W]핀턱 타이 화이트 블라우스,0.65,42060,64900,59900,64900,1,-5000,-7.7,100.0,1,medium,24.1,6,2,none,,0,https://www.musinsa.com/products/5894784
2026-09-01,미세키서울,5894848,[레이 PICK] Open toe sheer knee socks GREY,0.0,0,32400,32400,32400,0,0,0.0,100.0,1,high,24.08,6,2,none,,0,https://www.musinsa.com/products/5894848
2026-09-01,바우프,5895040,레이어드 포켓 후드 티셔츠 [민트],2.32,175229,75650,75650,75650,0,0,0.0,100.0,1,high,24.08,11,2,none,,0,https://www.musinsa.com/products/5895040
2026-09-01,미세키서울,5895616,Pocket pointed sleeveless BLACK,0.0,0,52200,52200,52200,0,0,0.0,100.0,1,high,24.08,6,2,none,,0,https://www.musinsa.com/products/5895616
2026-09-01,기철,5899456,Asym Vintage Cargo Denim Pants (Stone Grey),0.0,0,85600,85600,85600,0,0,0.0,100.0,1,high,24.1,6,2,none,,0,https://www.musinsa.com/products/5899456
2026-09-01,일리고,5901312,프릴 트임 레그워머 블랙,0.0,0,44000,44000,44000,0,0,0.0,100.0,1,high,24.08,6,2,none,,0,https://www.musinsa.com/products/5901312
2026-09-01,일리고,5901376,플레르 러플 헌팅캡 그레이,0.0,0,48000,48000,48000,0,0,0.0,100.0,1,high,24.08,6,2,none,,0,https://www.musinsa.com/products/5901376
2026-09-01,일리고,5901440,퓨어 보우 오프숄더 맨투맨 핑크,0.2,17131,86000,86000,86000,0,0,0.0,100.0,1,high,24.08,6,2,none,,0,https://www.musinsa.com/products/5901440
2026-09-01,테이크이지,5901696,[크롭 티셔츠 추가] (우먼스) 아플리케 크롭 후드집업(네이비),0.0,0,45900,45900,45900,0,0,0.0,100.0,1,high,24.09,6,2,none,,0,https://www.musinsa.com/products/5901696
2026-09-01,밀로아카이브,5902592,헤이 브이넥 스트라이프 니트 [네이비],0.0,0,75600,75600,97200,1,-21600,-22.22,100.0,1,medium,24.02,9,2,none,,0,https://www.musinsa.com/products/5902592
2026-09-01,키뮤어,5903232,쿨터치 헨리넥 크롭 니트_블랙,0.0,0,37800,37800,37800,0,0,0.0,100.0,1,high,24.09,8,2,none,,0,https://www.musinsa.com/products/5903232
2026-09-01,해비즘,5905728,GOLJI BOAT NECK L/S TEE(9COLOR),0.0,0,23920,23920,20930,1,2990,14.29,100.0,1,medium,24.02,8,2,none,,0,https://www.musinsa.com/products/5905728
2026-09-01,스컬프터,5909824,Everyday Hobo Bag Black,1.0,85288,85551,82560,103200,1,-20640,-20.0,100.0,1,medium,24.09,7,2,none,,0,https://www.musinsa.com/products/5909824
2026-09-01,스컬프터,5909952,Napoleon Stud Sweatpants Acid Blue,0.0,0,92880,92880,116100,1,-23220,-20.0,100.0,1,medium,24.09,7,2,none,,0,https://www.musinsa.com/products/5909952
2026-09-01,필루미네이트,5911808,워시드 아치 로고 후디-카키,0.0,0,39900,39900,39900,0,0,0.0,100.0,1,high,24.02,8,2,none,,0,https://www.musinsa.com/products/5911808
2026-09-01,키르시,5912960,슬림핏 레이어드 립 롱 슬리브 [블랙],0.0,0,55200,55200,55200,0,0,0.0,100.0,1,high,24.09,6,2,none,,0,https://www.musinsa.com/products/5912960
2026-09-01,아웃스탠딩,5913088,[LOONEY TUNES] RACING JACKET_BLACK,0.0,0,115200,115200,102400,1,12800,12.5,100.0,1,low,24.09,7,2,none,,0,https://www.musinsa.com/products/5913088
2026-09-01,탄산마그네슘,5913472,설라노X탄산 나그랑 스타링 롱슬리브 (그레이),0.0,0,56240,56240,56240,0,0,0.0,100.0,1,low,48.08,19,1,none,,0,https://www.musinsa.com/products/5913472
2026-09-01,커버낫,5913856,C 로고 하프집업 맨투맨 라이트 그린,0.0,0,64080,64080,71200,1,-7120,-10.0,100.0,1,medium,24.09,6,2,none,,0,https://www.musinsa.com/products/5913856
2026-09-01,커버낫,5913920,와이드 코튼 파라슈트 팬츠 올리브,0.0,0,104490,104490,116100,1,-11610,-10.0,100.0,1,medium,24.09,6,2,none,,0,https://www.musinsa.com/products/5913920
2026-09-01,칙스,5915328,소프트 텐션 슬림 롱슬리브 블랙,0.0,0,20720,20720,20720,0,0,0.0,100.0,1,high,24.09,7,2,none,,0,https://www.musinsa.com/products/5915328
2026-09-01,어반디타입,5915456,보르네오 팬서 후드 집업_네이비,0.0,0,59000,59000,59000,0,0,0.0,100.0,1,high,24.02,8,2,none,,0,https://www.musinsa.com/products/5915456
2026-09-01,해칭룸,5916288,Wide Line Jeans Blue,0.0,0,158400,158400,158400,0,0,0.0,100.0,1,high,24.08,6,2,none,,0,https://www.musinsa.com/products/5916288
2026-09-01,바우프,5919744,3 logo 슬림핏 롱슬리브 [차콜],0.0,0,52700,52700,52700,0,0,0.0,100.0,1,high,24.08,6,2,none,,0,https://www.musinsa.com/products/5919744
2026-09-01,룩캐스트,5919872,엘리제 플리츠 브이넥 블라우스_아이보리 / ERISE PLEATS V NECK BLOUSE_IVORY,0.0,0,69620,69620,69620,0,0,0.0,100.0,1,high,24.08,6,2,none,,0,https://www.musinsa.com/products/5919872
2026-09-01,유니폼브릿지,5923776,vintage stripe l/s t-shirt navy,0.0,0,39500,39500,39500,0,0,0.0,100.0,1,high,24.09,7,2,none,,0,https://www.musinsa.com/products/5923776
2026-09-01,그루브라임,5923840,미니쮸리 기본핏 등판 프린트 쭉티 (FRNFCTR102M),0.0,0,14800,14800,17900,1,-3100,-17.32,100.0,1,medium,24.09,8,2,none,,0,https://www.musinsa.com/products/5923840
2026-09-01,와이케이,5924928,비즈 나일론 스트링 백팩 그레이,0.0,0,81750,81750,57230,1,24520,42.84,100.0,1,medium,24.02,8,2,none,,0,https://www.musinsa.com/products/5924928
2026-09-01,레더리,5925504,로우 라이즈 부츠컷 데님 팬츠 [D.BLUE],0.0,0,43410,43410,42840,1,570,1.33,100.0,1,medium,24.08,6,2,none,,0,https://www.musinsa.com/products/5925504
2026-09-01,본투윈,5925632,WEAVING OPENER KEYRING [BLACK],0.0,0,20300,20300,27480,1,-7180,-26.13,100.0,1,medium,24.09,7,2,none,,0,https://www.musinsa.com/products/5925632
2026-09-01,알리스,5927168,로어드 웨이스트 커브드 코튼 팬츠 [빈티지블랙],0.0,0,62180,62180,65110,1,-2930,-4.5,100.0,1,medium,24.08,6,2,none,,0,https://www.musinsa.com/products/5927168
2026-09-01,아모우,5928640,RAW long sleeve White,0.0,0,47400,47400,47400,0,0,0.0,100.0,1,high,24.09,7,2,none,,0,https://www.musinsa.com/products/5928640
2026-09-01,유라고,5930176,Play block hood zip-up,0.0,0,95760,95760,95760,0,0,0.0,100.0,1,high,24.1,6,2,none,,0,https://www.musinsa.com/products/5930176
2026-09-01,후드후드,5930368,클로버 로고 오프숄더 맨투맨 차콜,0.0,0,40370,40370,40370,0,0,0.0,100.0,1,high,24.08,6,2,none,,0,https://www.musinsa.com/products/5930368
2026-09-01,러프사이드,5932544,Pin Stripe Long Sleeve Space Grey,0.0,0,79000,79000,79000,0,0,0.0,100.0,1,high,24.1,6,2,none,,0,https://www.musinsa.com/products/5932544
2026-09-01,러프사이드,5933312,BDU Half Shirt Jacket Dark Brown,0.0,0,148000,148000,148000,0,0,0.0,100.0,1,high,24.1,6,2,none,,0,https://www.musinsa.com/products/5933312
2026-09-01,제너럴아이디어,5935488,실키 스카프 블라우스 [BLACK] / GF1LBL507,0.85,37502,44000,44000,42400,1,1600,3.77,100.0,1,medium,24.09,7,2,none,,0,https://www.musinsa.com/products/5935488
2026-09-01,웬즈데이오아시스,5936768,슬리브 레이어드 티셔츠_2COLOR(W26TP06),0.0,0,38500,38500,38500,0,0,0.0,100.0,1,high,24.09,8,2,none,,0,https://www.musinsa.com/products/5936768
2026-09-01,파르티멘토 우먼,5937152,PWC 레이스 트림 티어드 미디 스커트_브라운,0.0,0,46980,46980,36540,1,10440,28.57,100.0,1,medium,24.08,6,2,none,,0,https://www.musinsa.com/products/5937152
2026-09-01,아캄,5937344,Calf Hair Gem Belt (Black),0.0,0,90300,90300,90300,0,0,0.0,100.0,1,high,24.1,6,2,none,,0,https://www.musinsa.com/products/5937344
2026-09-01,아캄,5937536,Knee Panel Biker Denim Pants (Gray),0.0,0,159200,159200,159200,0,0,0.0,100.0,1,high,24.1,6,2,none,,0,https://www.musinsa.com/products/5937536
2026-09-01,락케이크,5937600,Syndicate Henly Neck Top - Black,0.0,0,47120,47120,47120,0,0,0.0,100.0,1,high,24.09,8,2,none,,0,https://www.musinsa.com/products/5937600
2026-09-01,굿라이프웍스,5938624,오버핏 스트라이프 카라 티셔츠 브라운,0.0,0,27300,27300,27300,0,0,0.0,100.0,1,high,24.1,6,2,none,,0,https://www.musinsa.com/products/5938624
2026-09-01,굿라이프웍스,5938688,와이드 투턱 논페이드 데님 팬츠 인디고,0.0,0,34300,34300,34300,0,0,0.0,100.0,1,high,24.1,6,2,none,,0,https://www.musinsa.com/products/5938688
2026-09-01,세터,5939072,90s 플레이백 롱 슬리브 차콜,0.0,0,89000,89000,89000,0,0,0.0,100.0,1,high,24.1,6,2,none,,0,https://www.musinsa.com/products/5939072
2026-09-01,쿠어,5940608,워시드 린넨 블렌드 버튼 포인트 치노 트라우저 (베이지),0.0,0,162000,162000,162000,0,0,0.0,100.0,1,high,24.1,6,2,none,,0,https://www.musinsa.com/products/5940608
2026-09-01,쿠어,5940736,링클 시어 체크 셔츠 (다크네이비),0.0,0,139500,139500,139500,0,0,0.0,100.0,1,high,24.1,6,2,none,,0,https://www.musinsa.com/products/5940736
2026-09-01,쿠어,5940928,더블 포켓 스테이션 블루종 자켓 (브라운),0.0,0,225000,225000,225000,0,0,0.0,100.0,1,high,24.1,6,2,none,,0,https://www.musinsa.com/products/5940928
2026-09-01,아캄,5942080,Technical Coated Jacket (Brown),0.0,0,159200,159200,159200,0,0,0.0,100.0,1,high,24.1,6,2,none,,0,https://www.musinsa.com/products/5942080
2026-09-01,비긴202,5943232,로우라인 크롭 체크셔츠 [모카블랙],3.12,184985,59250,59250,59250,0,0,0.0,100.0,1,high,24.08,11,2,none,,0,https://www.musinsa.com/products/5943232
2026-09-01,아캄,5944064,Line Studded Sweatpants (Black),0.0,0,101400,101400,101400,0,0,0.0,100.0,1,high,24.1,6,2,none,,0,https://www.musinsa.com/products/5944064
2026-09-01,트리밍버드,5944512,Double Waist Sagging Sweat Pants [ Black ],0.0,0,189000,189000,189000,0,0,0.0,100.0,1,high,24.09,7,2,none,,0,https://www.musinsa.com/products/5944512
2026-09-01,커버낫,5944768,아일랜드 그래픽 피그먼트 후디 라이트 블루,0.0,0,68670,68670,76300,1,-7630,-10.0,100.0,1,medium,24.09,6,2,none,,0,https://www.musinsa.com/products/5944768
2026-09-01,커버낫,5944832,스몰 C 로고 티셔츠 더스티 블루,0.0,0,32400,32400,32400,0,0,0.0,100.0,1,high,24.09,6,2,none,,0,https://www.musinsa.com/products/5944832
2026-09-01,커버낫,5944960,트래블 카드 파우치 실버,0.0,0,23490,23490,26100,1,-2610,-10.0,100.0,1,medium,24.09,6,2,none,,0,https://www.musinsa.com/products/5944960
2026-09-01,드로우핏,5947136,커브드 워싱 퍼티그 팬츠 [KHAKI BEIGE],0.9,53398,59400,59400,59400,0,0,0.0,100.0,1,high,24.08,10,2,none,,0,https://www.musinsa.com/products/5947136
2026-09-01,제너럴아이디어,5949824,스트랩 레이어드 가디건 [DEEP BLUE] / WBE1L04506,0.0,0,45500,45500,48000,1,-2500,-5.21,100.0,1,medium,24.09,7,2,none,,0,https://www.musinsa.com/products/5949824
2026-09-01,더바넷,5949888,Dune Cargo Pants_Light Grey,0.0,0,121500,121500,135000,1,-13500,-10.0,100.0,1,medium,24.08,6,2,none,,0,https://www.musinsa.com/products/5949888
2026-09-01,그루브라임,5951168,TASLAN CARGO DOUBLE POCKET PANTS (LRSFCPA725M),0.0,0,23800,23800,34900,1,-11100,-31.81,100.0,1,medium,24.09,8,2,none,,0,https://www.musinsa.com/products/5951168
2026-09-01,배드블러드,5951680,BS Soft Terry Baggy Joggers - Brown,0.0,0,76000,76000,72680,1,3320,4.57,100.0,1,medium,24.09,7,2,none,,0,https://www.musinsa.com/products/5951680
2026-09-01,몽돌,5952064,사이드 셔링 플라워 매쉬 롱 슬리브 블랙 MDTS061FLOWERBLACK,0.0,0,20450,20450,20450,0,0,0.0,100.0,1,high,24.09,7,2,none,,0,https://www.musinsa.com/products/5952064
2026-09-01,벨리에,5952704,크롭 후디 집업 - 다잉 차콜 그레이,0.0,0,139650,139650,139650,0,0,0.0,100.0,1,high,24.1,6,2,none,,0,https://www.musinsa.com/products/5952704
2026-09-01,9999아카이브,5956608,Technical Curved Denim Bermuda Pants,0.0,0,92880,92880,92880,0,0,0.0,100.0,1,high,24.02,8,2,none,,0,https://www.musinsa.com/products/5956608
2026-09-01,다이브인,5960192,SLUB CROP HOOD ZIP-UP (BLACK),2.78,205423,73777,71200,89000,1,-17800,-20.0,100.0,1,medium,24.09,10,2,none,,0,https://www.musinsa.com/products/5960192
2026-09-01,트래블,5960768,스트라이프 슬리브 후드티 그레이,0.0,0,49840,49840,53400,1,-3560,-6.67,100.0,1,medium,24.09,8,2,none,,0,https://www.musinsa.com/products/5960768
2026-09-01,비바라비다,5963456,Journey 레글런 롱 슬리브 티셔츠,0.0,0,31430,31430,31430,0,0,0.0,100.0,1,high,24.09,7,2,none,,0,https://www.musinsa.com/products/5963456
2026-09-01,아이돈워너셀,5964736,Glide Stripe Denim Pants Black,0.0,0,96750,96750,74820,1,21930,29.31,100.0,1,medium,24.09,6,2,none,,0,https://www.musinsa.com/products/5964736
2026-09-01,무드인사이드,5964864,쓰리버튼 레더 스티치 블레이저_Black,0.0,0,89900,89900,89900,0,0,0.0,100.0,1,high,24.09,8,2,none,,0,https://www.musinsa.com/products/5964864
2026-09-01,제너럴아이디어,5967040,워싱 커브드 데님 팬츠 [BLUE] / GF1LPT509,0.0,0,41300,41300,45600,1,-4300,-9.43,100.0,1,medium,24.09,7,2,none,,0,https://www.musinsa.com/products/5967040
2026-09-01,르바,5968512,Relaxed Cotton Chino Pants - Peanut Beige,0.0,0,139500,139500,108500,1,31000,28.57,100.0,1,medium,24.08,6,2,none,,0,https://www.musinsa.com/products/5968512
2026-09-01,999휴머니티,5969728,어드벤처 패널드 빅 토트백 (워시드 아이스 블루),0.0,0,138000,138000,138000,0,0,0.0,100.0,1,high,24.1,6,2,none,,0,https://www.musinsa.com/products/5969728
2026-09-01,드릭스,5970560,밴딩 레이어드 그래픽 스웨트 팬츠_그레이,0.0,0,38250,38250,45000,1,-6750,-15.0,100.0,1,medium,24.09,7,2,none,,0,https://www.musinsa.com/products/5970560
2026-09-01,999휴머니티,5970752,어드벤처 소프트 후디 (터콰이즈),0.0,0,128000,128000,128000,0,0,0.0,100.0,1,high,24.1,6,2,none,,0,https://www.musinsa.com/products/5970752
2026-09-01,밀로아카이브,5970880,코젤 워시드 체크 셔츠 [워시드 블랙],0.0,0,75600,75600,97200,1,-21600,-22.22,100.0,1,medium,24.02,9,2,none,,0,https://www.musinsa.com/products/5970880
2026-09-01,필루미네이트,5972864,(W) 레이어드 스커트 팬츠-라이트그레이,0.0,0,45000,45000,45000,0,0,0.0,100.0,1,high,24.02,8,2,none,,0,https://www.musinsa.com/products/5972864
2026-09-01,더뮤지엄비지터,5973120,PATCH ARTWORK SWEAT PANTS (MELANGE GREY),0.0,0,77400,77400,77400,0,0,0.0,100.0,1,high,24.09,7,2,none,,0,https://www.musinsa.com/products/5973120
2026-09-01,인사일런스 우먼,5974976,빈티지 포우 스웨이드 자켓 BROWN,0.0,0,208050,208050,208050,0,0,0.0,100.0,1,high,24.09,7,2,none,,0,https://www.musinsa.com/products/5974976
2026-09-01,시야쥬,5976000,SIAC3106 리얼 레더 넥 스트랩 키링_Camel,0.0,0,41900,41900,34300,1,7600,22.16,100.0,1,medium,24.09,6,2,none,,0,https://www.musinsa.com/products/5976000
2026-09-01,메종미네드,5976256,SQUARE FUSION NECKLACE,0.0,0,34300,34300,34300,0,0,0.0,100.0,1,high,24.08,6,2,none,,0,https://www.musinsa.com/products/5976256
2026-09-01,메종미네드,5976320,[성민 PICK] NYLON CROSS BAG CHARCOAL,1.0,77115,77350,77350,77350,0,0,0.0,100.0,1,high,24.08,6,2,none,,0,https://www.musinsa.com/products/5976320
2026-09-01,시야쥬,5976704,SIOT4184 벨티드 하프 트렌치 자켓_Cream,0.0,0,152100,152100,169000,1,-16900,-10.0,100.0,1,medium,24.09,6,2,none,,0,https://www.musinsa.com/products/5976704
2026-09-01,플리즈노팔로우,5976960,Kaya Button Shirring Long Sleeve Top (Ivory),0.0,0,81600,81600,81600,0,0,0.0,100.0,1,high,24.09,7,2,none,,0,https://www.musinsa.com/products/5976960
2026-09-01,엑스트라오디너리,5977216,STAR LOGO CAP BLACK,0.0,0,26950,26950,26950,0,0,0.0,100.0,1,high,24.08,6,2,none,,0,https://www.musinsa.com/products/5977216
2026-09-01,로제프란츠,5977792,Lace Lowrise Long Skirt [Cream],0.0,0,44160,44160,38640,1,5520,14.29,100.0,1,medium,24.08,6,2,none,,0,https://www.musinsa.com/products/5977792
2026-09-01,코드그라피,5978048,(우먼) 도트 미디 스커트-차콜,0.0,0,80100,80100,80100,0,0,0.0,100.0,1,high,24.08,6,2,none,,0,https://www.musinsa.com/products/5978048
2026-09-01,브라운야드,5979520,"소프트 라운드 가디건, 블랙",0.0,0,152600,152600,152600,0,0,0.0,100.0,1,high,24.02,8,2,none,,0,https://www.musinsa.com/products/5979520
2026-09-01,디미트리블랙,5982720,2WAY 에센셜 도트 후드 윈드브레이커_블랙,0.0,0,49900,49900,49900,0,0,0.0,100.0,1,high,24.09,6,2,none,,0,https://www.musinsa.com/products/5982720
2026-09-01,이지노이지,5983424,스타 레터링 패치 스웻 팬츠 - 블랙,6.06,360060,59400,59400,59400,0,0,0.0,100.0,1,high,9.61,20,5,none,,0,https://www.musinsa.com/products/5983424
2026-09-01,틸아이다이,5984064,Distressed suede single jacket [TISP05JK15]_Gray,0.0,0,230140,230140,230140,0,0,0.0,100.0,1,high,24.09,7,2,none,,0,https://www.musinsa.com/products/5984064
2026-09-01,어나더오피스,5985344,Tourist Knit Tie (Black),0.0,0,74000,74000,74000,0,0,0.0,100.0,1,high,24.09,8,2,none,,0,https://www.musinsa.com/products/5985344
2026-09-01,디스이즈네버댓,5992192,INTL-Logo Backpack 30 Black,0.59,70913,119200,119200,149000,1,-29800,-20.0,100.0,1,medium,24.09,7,2,none,,0,https://www.musinsa.com/products/5992192
2026-09-01,디스이즈네버댓,5992320,Striped L/S Tee Red,1.19,75189,63200,63200,63200,0,0,0.0,100.0,1,high,24.09,6,2,none,,0,https://www.musinsa.com/products/5992320
2026-09-01,썬러브투어,5992576,PERTEX® 3L Coach Jacket Brown,0.0,0,258300,258300,184500,1,73800,40.0,100.0,1,medium,24.09,8,2,none,,0,https://www.musinsa.com/products/5992576
2026-09-01,르바,5993664,All-day Cotton V-neck Knit - Darknight Navy,2.32,124999,53900,69300,53900,1,15400,28.57,77.56,0,low,24.08,11,1,none,,0,https://www.musinsa.com/products/5993664
2026-09-01,바우프,5995136,체크 헨리넥 롱슬리브 [차콜],0.0,0,65450,65450,65450,0,0,0.0,100.0,1,high,24.08,6,2,none,,0,https://www.musinsa.com/products/5995136
2026-09-01,제너럴아이디어,5996224,UNISEX 워시드 더블 포켓 셔츠 [WHITE] / GF1USH002,0.0,0,50400,50400,51200,1,-800,-1.56,100.0,1,medium,24.09,7,2,none,,0,https://www.musinsa.com/products/5996224
2026-09-01,프렌다,5997440,STRIPE STAR BUTTON HOOD ZIP-UP GRAY,0.54,23771,44400,31080,44400,1,-13320,-30.0,100.0,1,medium,24.09,9,2,none,,0,https://www.musinsa.com/products/5997440
2026-09-01,무드인사이드 우먼,6000320,(woman) 레이어드 롱 슬리브티_Cream,0.0,0,25900,25900,25900,0,0,0.0,100.0,1,high,24.09,6,2,none,,0,https://www.musinsa.com/products/6000320
2026-09-01,굿라이프웍스,6002112,데일리 시어서커 체크 크롭 셔츠 네이비,0.0,0,34860,34860,34860,0,0,0.0,100.0,1,high,24.1,6,2,none,,0,https://www.musinsa.com/products/6002112
2026-09-01,기철,6002368,Slub Jacquard Stripe Wide Pants (Black),0.0,0,59400,59400,59400,0,0,0.0,100.0,1,high,24.1,6,2,none,,0,https://www.musinsa.com/products/6002368
2026-09-01,길라아카이브,6002432,SCRIPT LETTERING ONE SHOULDER HOODED_BLACK,0.95,60557,64080,64080,64080,0,0,0.0,100.0,1,high,24.02,8,2,none,,0,https://www.musinsa.com/products/6002432
2026-09-01,넌블랭크,6006592,와이드 커브드 데님 팬츠_LIGHT BLUE,0.0,0,96720,96720,96720,0,0,0.0,100.0,1,high,24.02,8,2,none,,0,https://www.musinsa.com/products/6006592
2026-09-01,트릴리온,6006848,데님 스타 리벳 멀티 파우치 키링_2color,0.9,17061,19000,19000,19000,0,0,0.0,100.0,1,high,24.08,6,2,none,,0,https://www.musinsa.com/products/6006848
2026-09-01,더바이닐하우스,6007040,DAMAGED SWEAT PANTS GREY,0.0,0,77840,77840,105040,1,-27200,-25.89,100.0,1,medium,24.09,6,2,none,,0,https://www.musinsa.com/products/6007040
2026-09-01,더바이닐하우스,6007104,BLEED STRIPE LS TEE BLUE,0.0,0,40880,40880,52560,1,-11680,-22.22,100.0,1,medium,24.09,6,2,none,,0,https://www.musinsa.com/products/6007104
2026-09-01,999휴머니티,6008064,공존 하프 티 (다크 네이비),0.0,0,68000,68000,68000,0,0,0.0,100.0,1,high,24.1,6,2,none,,0,https://www.musinsa.com/products/6008064
2026-09-01,솔트앤초콜릿,6010432,버니 메리제인 스니커즈 412610003(6cm),0.0,0,77400,77400,77400,0,0,0.0,100.0,1,high,24.09,7,2,none,,0,https://www.musinsa.com/products/6010432
2026-09-01,디스이즈네버댓,6011712,GORE-TEX 2L Anorak Jacket Light Blue,0.0,0,329000,329000,329000,0,0,0.0,100.0,1,high,24.09,6,2,none,,0,https://www.musinsa.com/products/6011712
2026-09-01,칙스,6015296,커브드 절개 와이드팬츠 블랙,0.0,0,27920,27920,27920,0,0,0.0,100.0,1,high,24.09,7,2,none,,0,https://www.musinsa.com/products/6015296
2026-09-01,칙스,6015360,포켓 데님 슬림 셔츠 중청,0.0,0,48900,48900,39120,1,9780,25.0,100.0,1,medium,24.09,7,2,none,,0,https://www.musinsa.com/products/6015360
2026-09-01,트리밍버드,6018048,Eyelet Buckle Mules [ Black ],0.0,0,269000,269000,269000,0,0,0.0,100.0,1,high,24.09,7,2,none,,0,https://www.musinsa.com/products/6018048
2026-09-01,디스이즈네버댓,6019840,Brushed Paint Tee White,1.19,52309,44000,44000,44000,0,0,0.0,100.0,1,high,24.09,6,2,none,,0,https://www.musinsa.com/products/6019840
2026-09-01,아메스 월드와이드,6021248,RIBBON APPLIQUE FRILL HOODIE ZIP-UP BLUE,0.0,0,60800,60800,76000,1,-15200,-20.0,100.0,1,low,24.0,9,6,none,,0,https://www.musinsa.com/products/6021248
2026-09-01,낫포너드,6022208,Flap Pocket Curved Cotton Pants - Khaki,2.27,167447,73890,73890,73890,0,0,0.0,100.0,1,low,9.04,20,6,none,,0,https://www.musinsa.com/products/6022208
2026-09-01,세터,6026560,클래식 치노 팬츠 블랙,0.0,0,119000,119000,119000,0,0,0.0,100.0,1,high,24.1,6,2,none,,0,https://www.musinsa.com/products/6026560
2026-09-01,제로,6029440,오버 커브드 팬츠 [브라운],0.0,0,39000,39000,39000,0,0,0.0,100.0,1,high,24.1,6,2,none,,0,https://www.musinsa.com/products/6029440
2026-09-01,세터,6030528,(W) 로렌 옥스포드 셔츠 핑크,0.0,0,119000,119000,119000,0,0,0.0,100.0,1,high,24.1,6,2,none,,0,https://www.musinsa.com/products/6030528
2026-09-01,에스피오나지,6031360,Vintage Cotton Painter Pants Washed Navy,1.0,97750,98100,98100,98100,0,0,0.0,100.0,1,high,24.09,7,2,none,,0,https://www.musinsa.com/products/6031360
2026-09-01,벨리에,6031680,시티 보케 레더 쇼퍼백 - 베이지,0.0,0,259350,259350,259350,0,0,0.0,100.0,1,high,24.1,6,2,none,,0,https://www.musinsa.com/products/6031680
2026-09-01,파르티멘토 우먼,6033920,워시드 더블 레이어 팬츠_카모플라주,0.0,0,85860,85860,66780,1,19080,28.57,100.0,1,medium,24.08,6,2,none,,0,https://www.musinsa.com/products/6033920
2026-09-01,파르티멘토 우먼,6034048,컨트리 러플 핀턱 셔츠_블루 체크,0.0,0,68040,68040,52920,1,15120,28.57,100.0,1,medium,24.08,6,2,none,,0,https://www.musinsa.com/products/6034048
2026-09-01,다이브인,6035776,LOUNGE PIN STRIPE FLARE PANTS (CHARCOAL),0.59,47064,79200,79200,99000,1,-19800,-20.0,100.0,1,medium,24.08,6,2,none,,0,https://www.musinsa.com/products/6035776
2026-09-01,밀로아카이브,6036672,챕터 17 티셔츠 [화이트],0.0,0,38400,38400,43200,1,-4800,-11.11,100.0,1,medium,24.02,9,2,none,,0,https://www.musinsa.com/products/6036672
2026-09-01,슬로우애시드,6040512,워시드 스탬프 반팔 티셔츠 [네이비],0.22,6995,31200,31200,31200,0,0,0.0,100.0,1,high,24.08,6,2,none,,0,https://www.musinsa.com/products/6040512
2026-09-01,나이스고스트클럽,6041984,ANIME STAR TEE_RED(NG2EMFT580A),0.0,0,24570,24570,19110,1,5460,28.57,100.0,1,medium,24.02,8,2,none,,0,https://www.musinsa.com/products/6041984
2026-09-01,본투윈,6042944,NUMBER 5 RUGBY HOODIE ZIP-UP [BLACK],0.0,0,132000,132000,139000,1,-7000,-5.04,100.0,1,medium,24.09,7,2,none,,0,https://www.musinsa.com/products/6042944
2026-09-01,제너럴아이디어,6043584,MAN 스티치 반팔 티셔츠 [GREEN] / GF1MTS003,0.0,0,27300,27300,28000,1,-700,-2.5,100.0,1,medium,24.09,7,2,none,,0,https://www.musinsa.com/products/6043584
2026-09-01,제너럴아이디어,6043840,타이 언발란스 레이어드 풀오버 [BLACK] / GF1LKP521,0.85,35166,41300,41300,44000,1,-2700,-6.14,100.0,1,medium,24.09,7,2,none,,0,https://www.musinsa.com/products/6043840
2026-09-01,제너럴아이디어,6043904,데일리 숏슬리브 브이넥 티셔츠 [WHITE] / GF1LTS513,0.0,0,19600,19600,22400,1,-2800,-12.5,100.0,1,medium,24.09,7,2,none,,0,https://www.musinsa.com/products/6043904
2026-09-01,프리즘웍스,6044928,10S SOLID HENLEY NECK TEE _ OATMEAL,0.0,0,34200,34200,38000,1,-3800,-10.0,100.0,1,medium,24.09,7,2,none,,0,https://www.musinsa.com/products/6044928
2026-09-01,칙스,6045440,사이드 버클 스트랩 숄더백 블랙,1.33,63792,47920,59900,47920,1,11980,25.0,100.0,1,low,72.11,10,1,none,,0,https://www.musinsa.com/products/6045440
2026-09-01,시야쥬,6047296,SITP5264 그레이하운드 반팔 티셔츠_White,0.0,0,36770,36770,30100,1,6670,22.16,100.0,1,medium,24.09,6,2,none,,0,https://www.musinsa.com/products/6047296
2026-09-01,코드그라피,6048192,스퀘어 로고 볼캡-블랙,0.0,0,44100,44100,44100,0,0,0.0,100.0,1,high,24.08,6,2,none,,0,https://www.musinsa.com/products/6048192
2026-09-01,에이치덱스,6049600,스포티 컬러 블럭 하프 저지 숏 슬리브 (White),0.0,0,71100,71100,71100,0,0,0.0,100.0,1,high,24.08,6,2,none,,0,https://www.musinsa.com/products/6049600
2026-09-01,더뮤지엄비지터,6050112,CARABINER CARD WALLET (PURPLE),0.0,0,21500,21500,25800,1,-4300,-16.67,100.0,1,medium,24.09,7,2,none,,0,https://www.musinsa.com/products/6050112
2026-09-01,플랙,6050688,페퍼유 X 플랙 넥타이 그레이,0.0,0,37170,37170,33040,1,4130,12.5,100.0,1,medium,24.09,6,2,none,,0,https://www.musinsa.com/products/6050688
2026-09-01,로우클래식,6051008,BRAID LEATHER BELT_BLACK [LC267BE02BK],0.0,0,99000,99000,89100,1,9900,11.11,100.0,1,medium,24.09,7,2,none,,0,https://www.musinsa.com/products/6051008
2026-09-01,커버낫,6054400,타이포 그리드 그래픽 티셔츠 더스티 옐로우,0.0,0,30870,30870,34300,1,-3430,-10.0,100.0,1,medium,24.09,6,2,none,,0,https://www.musinsa.com/products/6054400
2026-09-01,커버낫,6054464,CVNT 후드집업 다크 네이비,0.0,0,88290,88290,98100,1,-9810,-10.0,100.0,1,medium,24.09,6,2,none,,0,https://www.musinsa.com/products/6054464
2026-09-01,브라운브레스,6058368,TAG TEE - BLACK,3.96,175718,44319,45000,38250,1,6750,17.65,100.0,1,medium,10.19,31,6,none,,0,https://www.musinsa.com/products/6058368
2026-09-01,미세키서울,6060992,[레이 PICK] String shirring short sleeve CHARCOAL,0.1,6935,70200,70200,,0,,,9.88,0,low,24.0,5,1,none,1,0,https://www.musinsa.com/products/6060992
2026-09-01,세터,6062272,[라이즈 PICK] 데미지 워시드 플레어 핏 데님 팬츠 블루,0.0,0,159000,159000,159000,0,0,0.0,100.0,1,high,24.1,6,2,none,,0,https://www.musinsa.com/products/6062272
2026-09-01,노이어,6065536,린넨 집업 크롭 블루종 (블랙),0.0,0,99000,99000,99000,0,0,0.0,100.0,1,high,24.09,7,2,none,,0,https://www.musinsa.com/products/6065536
2026-09-01,어나더오피스,6066560,[SS] Santiago Chino Pants Flexible (Pewter),0.02,3827,168000,168000,168000,0,0,0.0,100.0,1,high,24.09,8,2,none,,0,https://www.musinsa.com/products/6066560
2026-09-01,브랜디드,6069184,COTTON CREW NECK ZIP-UP CARDIGAN [GRAPHITE],0.0,0,86400,86400,86400,0,0,0.0,100.0,1,high,24.08,6,2,none,,0,https://www.musinsa.com/products/6069184
2026-09-01,일꼬르소,6071936,샴브레이 워크 셔츠 블랙,0.0,0,56960,56960,64080,1,-7120,-11.11,100.0,1,medium,24.09,6,2,none,,0,https://www.musinsa.com/products/6071936
2026-09-01,바우로 프로덕트,6075072,파인 와플 슬리브리스 [라이트 그레이],0.0,0,37900,37900,37900,0,0,0.0,100.0,1,high,24.08,6,2,none,,0,https://www.musinsa.com/products/6075072
2026-09-01,밀로아카이브,6080832,클라인 워시드 헨리넥 티셔츠 [워시드 블랙],0.0,0,52000,52000,58500,1,-6500,-11.11,100.0,1,medium,24.02,9,2,none,,0,https://www.musinsa.com/products/6080832
2026-09-01,마인드브릿지,6085376,[SET][쿨]투톤 조직 레귤러핏 자켓 셋업 네이비,0.0,0,212000,212000,212000,0,0,0.0,100.0,1,high,24.08,6,2,none,,0,https://www.musinsa.com/products/6085376
2026-09-01,디스이즈네버댓,6087232,Loose Denim Short Washed Blue,0.0,0,83300,83300,83300,0,0,0.0,100.0,1,high,24.09,6,2,none,,0,https://www.musinsa.com/products/6087232
2026-09-01,디스이즈네버댓,6087296,T.N.T. Classic HDP Tee Black,1.19,56042,47200,47200,47200,0,0,0.0,100.0,1,high,24.09,6,2,none,,0,https://www.musinsa.com/products/6087296
2026-09-01,커버낫,6089536,그래픽 매쉬 캡 블랙,0.0,0,28350,28350,31500,1,-3150,-10.0,100.0,1,medium,24.09,6,2,none,,0,https://www.musinsa.com/products/6089536
2026-09-01,나이스고스트클럽,6090496,FFATS PLEATED PUFF SATIN DRESS_BLACK(NG2GSUPA92A),0.0,0,87570,87570,87570,0,0,0.0,100.0,1,high,24.02,8,2,none,,0,https://www.musinsa.com/products/6090496
2026-09-01,마인드브릿지,6091264,[쿨]테이퍼드 투톤 밴딩 팬츠 - 2color,0.0,0,55900,55900,55900,0,0,0.0,100.0,1,high,24.08,6,2,none,,0,https://www.musinsa.com/products/6091264
2026-09-01,코드그라피,6091968,(우먼) 스퀘어 로고 반소매 니트-버건디,0.0,0,55300,55300,55300,0,0,0.0,100.0,1,high,24.08,6,2,none,,0,https://www.musinsa.com/products/6091968
2026-09-01,배드블러드,6092032,Mystic Capsule Slim Fit Short Sleeve T-Shirt - White,0.0,0,50150,50150,47790,1,2360,4.94,100.0,1,medium,24.09,7,2,none,,0,https://www.musinsa.com/products/6092032
2026-09-01,배드블러드,6092096,Viper Logo Mock-Neck Cap Sleeve - Black Camo,0.02,1467,63990,71100,63990,1,7110,11.11,100.0,1,medium,24.09,7,2,none,,0,https://www.musinsa.com/products/6092096
2026-09-01,몽돌,6092992,[소가죽] 클래식 리얼 레더 벨트 MDAC050_2 Colors,2.55,80896,31680,31680,29920,1,1760,5.88,100.0,1,medium,24.09,12,2,none,,0,https://www.musinsa.com/products/6092992
2026-09-01,틸아이다이,6098176,Cargo dyeing denim pants [TISP06DP01]_Beige,0.0,0,84790,84790,84790,0,0,0.0,100.0,1,high,24.09,7,2,none,,0,https://www.musinsa.com/products/6098176
2026-09-01,스컬프터,6102080,Everyday Stripe Leg Warmer Melange Gray,0.0,0,30400,30400,30400,0,0,0.0,100.0,1,high,24.09,7,2,none,,0,https://www.musinsa.com/products/6102080
2026-09-01,마인드브릿지,6102528,[COUTURE]와이드 원턱 풀 밴딩 팬츠 - 2color,0.9,62257,69300,69300,69300,0,0,0.0,100.0,1,high,24.08,6,2,none,,0,https://www.musinsa.com/products/6102528
2026-09-01,마인드브릿지,6102784,[에어쿨]마이크로 에어홀 레귤러 핏 반팔 티셔츠 - 2color,0.0,0,27900,27900,27900,0,0,0.0,100.0,1,high,24.08,6,2,none,,0,https://www.musinsa.com/products/6102784
2026-09-01,마인드브릿지,6103296,[ON][카라or라운드 선택]린넨 라이크 케이블 오버핏 반팔 니트 - 6color,0.0,0,39900,39900,39900,0,0,0.0,100.0,1,high,24.08,6,2,none,,0,https://www.musinsa.com/products/6103296
2026-09-01,마인드브릿지,6103360,[오정규 PICK] 다크 체크 오버핏 반팔 셔츠 - 2color,1.29,81291,62900,62900,62900,0,0,0.0,100.0,1,high,24.08,10,2,none,,0,https://www.musinsa.com/products/6103360
2026-09-01,썬러브투어,6103552,Daybreak Cap Blue,0.0,0,41300,41300,41300,0,0,0.0,100.0,1,high,24.09,8,2,none,,0,https://www.musinsa.com/products/6103552
2026-09-01,트립르센스,6106112,커스텀 세미 오버 블레이저_네이비,0.0,0,174600,174600,174600,0,0,0.0,100.0,1,high,24.02,8,2,none,,0,https://www.musinsa.com/products/6106112
2026-09-01,아메스 월드와이드,6106496,[2 PACK] AMES COOL ROUND HEM CROP TEE,0.0,0,24360,24360,23200,1,1160,5.0,100.0,1,medium,24.08,6,2,none,,0,https://www.musinsa.com/products/6106496
2026-09-01,제멋,6107584,온오프 트랙자켓 네이비 JJOT2694,0.0,0,72900,72900,72900,0,0,0.0,100.0,1,high,24.09,7,2,none,,0,https://www.musinsa.com/products/6107584
2026-09-01,노이어,6107904,크링클 레더 카코트 (블랙),0.0,0,490500,490500,490500,0,0,0.0,100.0,1,high,24.09,7,2,none,,0,https://www.musinsa.com/products/6107904
2026-09-01,마인드브릿지,6109248,[스토커즈 콜라보] [ON]워셔블 멀티 스트라이프 카라 반팔 니트 - 4color,5.0,199544,39900,39900,39900,0,0,0.0,100.0,1,low,9.05,24,5,none,,0,https://www.musinsa.com/products/6109248
2026-09-01,디미트리블랙,6110848,USA 아치 로고 세미 크롭 반팔 티셔츠_4 color,1.0,19868,19900,19900,19900,0,0,0.0,100.0,1,high,24.09,6,2,none,,0,https://www.musinsa.com/products/6110848
2026-09-01,프리즘웍스,6111040,VINTAGE FADED STRIPE HALF TEE _ DARK GREEN,0.0,0,52200,52200,58000,1,-5800,-10.0,100.0,1,medium,24.09,7,2,none,,0,https://www.musinsa.com/products/6111040
2026-09-01,마인드브릿지 우먼,6112384,[W]그레이 프릴 포인트 카라 가디건,0.0,0,80900,80900,80900,0,0,0.0,100.0,1,high,24.1,6,2,none,,0,https://www.musinsa.com/products/6112384
2026-09-01,마인드브릿지 우먼,6112512,[W]데님 연청 반바지,0.0,0,41900,41900,41900,0,0,0.0,100.0,1,high,24.1,6,2,none,,0,https://www.musinsa.com/products/6112512
2026-09-01,론론,6114560,STRIPE BLOCKING HOOD LONG SLEEVE BLUE GREY,0.0,0,55440,55440,63360,1,-7920,-12.5,100.0,1,medium,24.09,7,2,none,,0,https://www.musinsa.com/products/6114560
2026-09-01,론론,6114688,COLLARLESS RAGLAN ZIP UP WHITE MELNAGE,0.0,0,61600,61600,79200,1,-17600,-22.22,100.0,1,medium,24.09,7,2,none,,0,https://www.musinsa.com/products/6114688
2026-09-01,론론,6115200,BALLOON FIT FLORAL DENIM PANTS LIGHT BLUE,0.0,0,62370,62370,71280,1,-8910,-12.5,100.0,1,medium,24.09,7,2,none,,0,https://www.musinsa.com/products/6115200
2026-09-01,오퍼스 0012,6122752,Op. 07 VANGUARD SLIM TOP BLACK,0.0,0,40500,40500,40500,0,0,0.0,100.0,1,high,24.09,7,2,none,,0,https://www.musinsa.com/products/6122752
2026-09-01,커버낫,6125632,오픈 카라 하프 니트 네이비,0.0,0,71280,71280,79200,1,-7920,-10.0,100.0,1,medium,24.09,6,2,none,,0,https://www.musinsa.com/products/6125632
2026-09-01,그루브라임,6127104,분또 그래픽 반팔 티셔츠 (5COLOR) (FRBMCTR703M),0.0,0,14900,14900,20880,1,-5980,-28.64,100.0,1,medium,24.09,8,2,none,,0,https://www.musinsa.com/products/6127104
2026-09-01,코드그라피,6131584,2-WAY 테크 숏 자켓_그레이,0.0,0,55300,55300,39900,1,15400,38.6,100.0,1,medium,24.08,6,2,none,,0,https://www.musinsa.com/products/6131584
2026-09-01,낫포너드,6136192,W Orchestra One Shoulder Long Sleeve - White,0.0,0,41310,41310,41310,0,0,0.0,100.0,1,high,24.08,6,2,none,,0,https://www.musinsa.com/products/6136192
2026-09-01,바이모노,6137152,모노 감탄 구김zero 블레이져,0.0,0,79900,79900,79900,0,0,0.0,100.0,1,high,24.09,6,2,none,,0,https://www.musinsa.com/products/6137152
2026-09-01,브라운브레스,6137792,UTILITY MESH VEST - BLACK,0.0,0,99000,99000,99000,0,0,0.0,100.0,1,high,24.09,8,2,none,,0,https://www.musinsa.com/products/6137792
2026-09-01,노티카,6139648,아치 로고 피그먼트 티셔츠(3colors) NTS4836,0.44,16955,38500,38500,38500,0,0,0.0,100.0,1,high,23.98,9,5,none,,0,https://www.musinsa.com/products/6139648
2026-09-01,카네이테이,6139712,PIGMENT WASHED SHORT SLEEVES (BROWN),0.0,0,27300,27300,46550,1,-19250,-41.35,100.0,1,medium,24.09,7,2,none,,0,https://www.musinsa.com/products/6139712
2026-09-01,카네이테이,6139776,PIGMENT WASHED SHORT SLEEVES (BLUE),0.0,0,27300,27300,46550,1,-19250,-41.35,100.0,1,medium,24.09,7,2,none,,0,https://www.musinsa.com/products/6139776
2026-09-01,필루미네이트,6140736,(W) 코튼 스트링 쇼츠-베이지,0.0,0,33000,33000,33000,0,0,0.0,100.0,1,high,24.02,8,2,none,,0,https://www.musinsa.com/products/6140736
2026-09-01,론론,6140928,NECK SHIRRING TIE LONG SLEEVE GREY,0.0,0,53460,53460,36960,1,16500,44.64,100.0,1,medium,24.09,7,2,none,,0,https://www.musinsa.com/products/6140928
2026-09-01,플레어업,6141056,Lace Sleeve Top (FL-112_Gray),0.0,0,58140,58140,42840,1,15300,35.71,100.0,1,medium,24.08,6,2,none,,0,https://www.musinsa.com/products/6141056
2026-09-01,비터셀즈,6145472,키티 체리 티-아이보리,0.0,0,35640,35640,35640,0,0,0.0,100.0,1,high,24.0,10,6,none,,0,https://www.musinsa.com/products/6145472
2026-09-01,일리고,6149120,로즈 플리츠 미니 원피스 화이트,0.0,0,106000,106000,74200,1,31800,42.86,100.0,1,medium,24.08,6,2,none,,0,https://www.musinsa.com/products/6149120
2026-09-01,모즈모즈,6152448,린넨라이크 카고 버뮤다 와이드 팬츠 카키,0.0,0,31850,31850,31850,0,0,0.0,100.0,1,high,24.1,6,2,none,,0,https://www.musinsa.com/products/6152448
2026-09-01,키르시,6153664,체리 배색 포인트 티셔츠 [다크 네이비],0.0,0,30240,30240,30240,0,0,0.0,100.0,1,high,24.09,6,2,none,,0,https://www.musinsa.com/products/6153664
2026-09-01,키르시,6153728,키르시 스트링 포인트 데님 랩스커트 [라이트 블루],0.0,0,79200,79200,67320,1,11880,17.65,100.0,1,medium,24.09,6,2,none,,0,https://www.musinsa.com/products/6153728
2026-09-01,디미트리블랙,6154432,[10주년기획] 에센셜 머슬핏 반팔 티셔츠_6 COLOR,22.37,288613,12900,12900,12900,0,0,0.0,100.0,1,low,12.06,55,7,none,,0,https://www.musinsa.com/products/6154432
2026-09-01,키뮤어,6154688,[크롭] 구아야베라 오픈 카라 셔츠_화이트 [나시 선택],0.0,0,41300,41300,41300,0,0,0.0,100.0,1,high,24.09,7,2,none,,0,https://www.musinsa.com/products/6154688
2026-09-01,키뮤어,6154816,[크롭] 배색 롤업 크롭 반팔 티셔츠_버건디,27.02,1069946,39600,39600,39600,0,0,0.0,100.0,1,low,4.99,40,13,none,,0,https://www.musinsa.com/products/6154816
2026-09-01,다이브인,6155200,UNIFORM SEMI CROP T-SHIRTS (5COLORS),11.38,331466,29124,28800,32000,1,-3200,-10.0,100.0,1,low,9.87,26,6,none,,0,https://www.musinsa.com/products/6155200
2026-09-01,르아르,6156288,90s 빈티지핏 워시드 티셔츠 [레드],0.5,12927,25900,25900,25900,0,0,0.0,100.0,1,low,48.09,5,1,none,,0,https://www.musinsa.com/products/6156288
2026-09-01,기철,6157312,All Day Soft T-shirt (Black),1.65,37074,22500,22500,22500,0,0,0.0,100.0,1,high,24.1,6,2,none,,0,https://www.musinsa.com/products/6157312
2026-09-01,에이이에이이,6157568,STRIPE HALF SLEEVE HOODIE [PURPLE],0.0,0,52650,52650,40950,1,11700,28.57,100.0,1,medium,24.08,6,2,none,,0,https://www.musinsa.com/products/6157568
2026-09-01,칙스,6159424,빈티지 워싱 데님 맥시 스커트 흑청,0.0,0,34900,34900,27920,1,6980,25.0,100.0,1,medium,24.09,7,2,none,,0,https://www.musinsa.com/products/6159424
2026-09-01,아메스 월드와이드,6162432,CLASSIC BOOT CUT LEGGINGS PANTS GREY,0.0,0,33040,33040,47200,1,-14160,-30.0,100.0,1,medium,24.08,6,2,none,,0,https://www.musinsa.com/products/6162432
2026-09-01,아메스 월드와이드,6162880,52 HEART RINGER CROP TEE BLUE,0.0,0,19110,19110,27300,1,-8190,-30.0,100.0,1,medium,24.08,6,2,none,,0,https://www.musinsa.com/products/6162880
2026-09-01,아메스 월드와이드,6162944,HEART SHORT SLEEVE KNIT CREAM,0.0,0,29500,29500,41300,1,-11800,-28.57,100.0,1,medium,24.08,6,2,none,,0,https://www.musinsa.com/products/6162944
2026-09-01,아모우,6164288,AM Star Half T-Shirts Light Blue,0.0,0,28800,28800,33600,1,-4800,-14.29,2.33,0,low,24.0,7,1,none,,0,https://www.musinsa.com/products/6164288
2026-09-01,아모우,6164608,Horse One Tuck Bermuda Pants Blue,14.29,460467,32218,32460,20190,1,12270,60.77,100.0,1,low,4.01,51,13,none,,0,https://www.musinsa.com/products/6164608
2026-09-01,더바넷,6174336,Capital Logo Ball Cap_White,0.0,0,40500,40500,45000,1,-4500,-10.0,100.0,1,medium,24.08,6,2,none,,0,https://www.musinsa.com/products/6174336
2026-09-01,더바넷,6174464,Velin Tie Mohair Knit Cardigan_Light Grey,0.0,0,85500,85500,85500,0,0,0.0,100.0,1,high,24.08,6,2,none,,0,https://www.musinsa.com/products/6174464
2026-09-01,더바넷,6174528,Oversized Aero Hooded Jacket_6Color,0.0,0,115200,115200,115200,0,0,0.0,100.0,1,low,24.08,6,2,none,,0,https://www.musinsa.com/products/6174528
2026-09-01,더블유엠씨,6174720,워시드 반팔 티셔츠_NAVY,0.0,0,20650,20650,20650,0,0,0.0,100.0,1,high,24.02,8,2,none,,0,https://www.musinsa.com/products/6174720
2026-09-01,제멋,6175808,보이 크롭 U넥 반팔티셔츠 그레이 KJST2691,0.0,0,21900,21900,21900,0,0,0.0,100.0,1,high,24.09,7,2,none,,0,https://www.musinsa.com/products/6175808
2026-09-01,그루브라임,6176320,여성 라운드넥 반팔 티셔츠 (LRSMCTR518M),0.0,0,14800,14800,9900,1,4900,49.49,100.0,1,medium,24.09,8,2,none,,0,https://www.musinsa.com/products/6176320
2026-09-01,그루브라임,6176448,물방울 레터링 반팔 티셔츠(2COLOR) (LRRMCTA357M),0.0,0,13100,13100,13100,0,0,0.0,100.0,1,high,24.09,8,2,none,,0,https://www.musinsa.com/products/6176448
2026-09-01,그루브라임,6177216,저온스코튼스판 3/4밴딩 원턱 모듈형 카고 와이드 팬츠 (3COLOR) (LRTMCNW174M),0.0,0,29900,29900,19000,1,10900,57.37,100.0,1,medium,24.09,8,2,none,,0,https://www.musinsa.com/products/6177216
2026-09-01,더바이닐하우스,6178560,FADED TIME TEE GREY,0.0,0,33320,33320,47600,1,-14280,-30.0,100.0,1,medium,24.09,12,2,none,,0,https://www.musinsa.com/products/6178560
2026-09-01,썬러브투어,6179456,Crescent Track Pants Navy,0.0,0,139300,139300,119400,1,19900,16.67,100.0,1,medium,24.09,8,2,none,,0,https://www.musinsa.com/products/6179456
2026-09-01,플레어업,6182592,Draped Mesh Layered Long Skirt (FL-264_Gray),4.91,414738,84445,109440,80640,1,28800,35.71,100.0,1,low,9.05,14,6,none,,0,https://www.musinsa.com/products/6182592
2026-09-01,카네이테이,6187200,DENIM HALF SHIRT (BLUE),0.0,0,37340,37340,71250,1,-33910,-47.59,100.0,1,low,24.09,7,2,none,,0,https://www.musinsa.com/products/6187200
2026-09-01,썬러브투어,6187648,Plaid Tri Scarf Yellow,0.0,0,31500,31500,27000,1,4500,16.67,100.0,1,medium,24.09,8,2,none,,0,https://www.musinsa.com/products/6187648
2026-09-01,본투윈,6188736,SYMBOL B COOLEVER LONG SLEEVE [CHARCOAL],0.0,0,69000,69000,69000,0,0,0.0,100.0,1,high,24.09,7,2,none,,0,https://www.musinsa.com/products/6188736
2026-09-01,낫포너드,6191296,W Contrast Strap Sleeveless - Black,0.0,0,30690,30690,30690,0,0,0.0,100.0,1,high,24.08,6,2,none,,0,https://www.musinsa.com/products/6191296
2026-09-01,비터셀즈,6192640,에센셜 홀터넥 슬리브리스-아이보리,0.0,0,23490,23490,23490,0,0,0.0,100.0,1,high,24.08,6,2,none,,0,https://www.musinsa.com/products/6192640
2026-09-01,아웃스탠딩,6201600,[LOONEY TUNES] COTTON BALL CAP(ENJOY THE RIDE)_CHARCOAL,0.0,0,43200,43200,38400,1,4800,12.5,100.0,1,medium,24.09,7,2,none,,0,https://www.musinsa.com/products/6201600
2026-09-01,아웃스탠딩,6202240,[LOONEY TUNES] HALF SLEEVE TEE(BUGS BUNNY)_BLACK,0.0,0,43200,43200,38400,1,4800,12.5,100.0,1,low,48.09,6,1,none,,0,https://www.musinsa.com/products/6202240
2026-09-01,세터,6202688,(W) 워시드 데님 쇼츠 라이트 블루,0.0,0,119000,119000,119000,0,0,0.0,100.0,1,high,24.1,6,2,none,,0,https://www.musinsa.com/products/6202688
2026-09-01,배드블러드,6204672,Sleek Cotton Short Sleeve T-Shirt - White,0.0,0,47200,47200,45140,1,2060,4.56,100.0,1,medium,24.09,7,2,none,,0,https://www.musinsa.com/products/6204672
2026-09-01,언더오프,6207296,에센셜 스탠다드 반팔 링거 티셔츠  크림,0.59,15362,25900,25900,25900,0,0,0.0,100.0,1,high,24.09,6,2,none,,0,https://www.musinsa.com/products/6207296
2026-09-01,코드그라피,6207616,Wine O’Clock 반소매 티셔츠-화이트,0.0,0,44100,44100,44100,0,0,0.0,100.0,1,high,24.08,6,2,none,,0,https://www.musinsa.com/products/6207616
2026-09-01,스컬프터,6209216,Metallic High-Neck Halter Top Metallic Gold,0.0,0,55680,55680,69600,1,-13920,-20.0,100.0,1,medium,24.09,7,2,none,,0,https://www.musinsa.com/products/6209216
2026-09-01,디앤에스알,6211072,(W) 커브드 레이스 라인 스웨트 팬츠,0.0,0,99000,99000,99000,0,0,0.0,100.0,1,high,24.1,6,2,none,,0,https://www.musinsa.com/products/6211072
2026-09-01,스컬프터,6211136,Miss Grumpy Shorts Dirty White,1.0,47625,47772,46080,57600,1,-11520,-20.0,100.0,1,medium,24.09,7,2,none,,0,https://www.musinsa.com/products/6211136
2026-09-01,틸아이다이,6212992,Classic woven belt [TISU05BT02]_Black,0.0,0,55720,55720,55720,0,0,0.0,100.0,1,high,24.09,7,2,none,,0,https://www.musinsa.com/products/6212992
2026-09-01,틸아이다이,6213056,Classic tuck detail cotton denim pants [TISU05DP01]_White,0.0,0,78330,78330,78330,0,0,0.0,100.0,1,high,24.09,7,2,none,,0,https://www.musinsa.com/products/6213056
2026-09-01,파브레가,6218432,아비스 링크 브레이슬릿,0.0,0,49500,49500,49500,0,0,0.0,100.0,1,high,24.08,6,2,none,,0,https://www.musinsa.com/products/6218432
2026-09-01,디스이즈네버댓,6219264,Relaxed Painter Short Brown,0.0,0,90300,90300,90300,0,0,0.0,100.0,1,high,24.09,6,2,none,,0,https://www.musinsa.com/products/6219264
2026-09-01,파브레가,6221120,리브 스트럭처 슬리브리스 (3COLOR),3.93,144919,36900,36900,36900,0,0,0.0,100.0,1,high,24.08,11,2,none,,0,https://www.musinsa.com/products/6221120
2026-09-01,넌블랭크,6221376,일레귤러 윈도우 체크 크롭 HS 셔츠_DARK BROWN,0.47,44070,93520,93520,93520,0,0,0.0,100.0,1,high,24.02,8,2,none,,0,https://www.musinsa.com/products/6221376
2026-09-01,넌블랭크,6221504,네츄럴 링클 과야베라 HS 셔츠_BLACK,0.0,0,103920,103920,103920,0,0,0.0,100.0,1,high,24.02,8,2,none,,0,https://www.musinsa.com/products/6221504
2026-09-01,에스피오나지,6225216,Wide Henley Pocket Tee Slate,0.0,0,40600,40600,40600,0,0,0.0,100.0,1,high,24.09,7,2,none,,0,https://www.musinsa.com/products/6225216
2026-09-01,트리밍버드,6226880,Metallic Hot-Fix Logo Slim T-Shirt [ Black ],0.0,0,59000,59000,59000,0,0,0.0,100.0,1,high,24.09,7,2,none,,0,https://www.musinsa.com/products/6226880
2026-09-01,시야쥬,6230656,SITP5265 포메라니안 반팔 티셔츠_Melange gray,0.0,0,34830,34830,43000,1,-8170,-19.0,100.0,1,medium,24.09,6,2,none,,0,https://www.musinsa.com/products/6230656
2026-09-01,드로우핏,6237248,스모크 링거 하프 티셔츠 [M.GREY],0.77,25775,33300,33300,33300,0,0,0.0,100.0,1,high,24.08,9,2,none,,0,https://www.musinsa.com/products/6237248
2026-09-01,트립르센스,6245696,센트레 라인 썸머 브이넥 하프 니트_그레이,0.0,0,54400,54400,54400,0,0,0.0,100.0,1,high,24.02,8,2,none,,0,https://www.musinsa.com/products/6245696
2026-09-01,가까이 유니언즈,6247616,심볼 오버 크롭 피그먼트 자수 티셔츠 카키모카,1.65,48456,29400,29400,29400,0,0,0.0,100.0,1,high,24.1,6,2,none,,0,https://www.musinsa.com/products/6247616
2026-09-01,가까이 유니언즈,6248384,히든 캐치 피그먼트 반팔 티셔츠 브라운,0.35,11063,31900,31900,31900,0,0,0.0,100.0,1,high,24.1,6,2,none,,0,https://www.musinsa.com/products/6248384
2026-09-01,웬즈데이오아시스,6258944,리지 카라 니트 가디건_CREAM(WC26KN45),0.0,0,47600,47600,47600,0,0,0.0,100.0,1,high,24.09,8,2,none,,0,https://www.musinsa.com/products/6258944
2026-09-01,헬레네파리스,6262080,스파크 포인트 큐빅 벤트넥 하프 티셔츠 [핑크],0.0,0,37600,37600,37600,0,0,0.0,100.0,1,high,24.09,7,2,none,,0,https://www.musinsa.com/products/6262080
2026-09-01,디스이즈네버댓,6262656,Striped S/S Shirt Green,0.0,0,76300,76300,76300,0,0,0.0,100.0,1,high,24.09,6,2,none,,0,https://www.musinsa.com/products/6262656
2026-09-01,메인부스,6262848,Signal T-shirt(WHITE),0.0,0,38300,38300,32400,1,5900,18.21,100.0,1,medium,24.08,6,2,none,,0,https://www.musinsa.com/products/6262848
2026-09-01,꼼파뇨,6264064,헤븐 토이 롱슬리브 블랙,0.0,0,30810,30810,30810,0,0,0.0,100.0,1,high,24.08,6,2,none,,0,https://www.musinsa.com/products/6264064
2026-09-01,브라운브레스,6265984,STAMP TAG SHORTS - MELANGE GREY,0.54,22380,41600,52000,41600,1,10400,25.0,100.0,1,low,48.08,7,2,none,,0,https://www.musinsa.com/products/6265984
2026-09-01,아틀리에 나인,6269056,PINTUCK LACE COTTON BLOUSE (BL-4418),0.0,0,95200,95200,107100,1,-11900,-11.11,100.0,1,medium,24.1,6,2,none,,0,https://www.musinsa.com/products/6269056
2026-09-01,던스트,6271360,BUTTONED SLIM POLO KNIT_UDSW6B231_CREAM,0.0,0,49840,49840,49840,0,0,0.0,100.0,1,high,24.02,8,2,none,,0,https://www.musinsa.com/products/6271360
2026-09-01,던스트,6271424,LACED CHECKED SHIRT_UDSH6B231_BLUE CHECK,0.0,0,76160,76160,76160,0,0,0.0,100.0,1,high,24.02,8,2,none,,0,https://www.musinsa.com/products/6271424
2026-09-01,던스트,6271488,UNISEX VINTAGE ARCH LOGO T-SHIRT_UDTS6B145_OFF WHITE,0.0,0,27440,27440,27440,0,0,0.0,100.0,1,high,24.02,8,2,none,,0,https://www.musinsa.com/products/6271488
2026-09-01,후드후드,6271808,51AREA 에일리언 반팔티셔츠 화이트,0.0,0,36400,36400,36400,0,0,0.0,100.0,1,high,24.08,6,2,none,,0,https://www.musinsa.com/products/6271808
2026-09-01,유니폼브릿지,6274752,surfer boys ringer s/s t-shirt(womens) black,0.0,0,29500,29500,29500,0,0,0.0,100.0,1,high,24.09,7,2,none,,0,https://www.musinsa.com/products/6274752
2026-09-01,유니폼브릿지,6275136,motorcycle s/s t-shirt off white,0.0,0,35400,35400,35400,0,0,0.0,100.0,1,high,24.09,7,2,none,,0,https://www.musinsa.com/products/6275136
2026-09-01,유니폼브릿지,6275264,cuban s/s shirt black,0.0,0,74500,74500,74500,0,0,0.0,100.0,1,high,24.09,7,2,none,,0,https://www.musinsa.com/products/6275264
2026-09-01,던스트,6275840,ESSENTIAL SLEEVELESS TOP_UDTS6B228_CHARCOAL GREY,0.0,0,25200,25200,25200,0,0,0.0,100.0,1,high,24.02,8,2,none,,0,https://www.musinsa.com/products/6275840
2026-09-01,슈퍼서브,6278144,보이드 버스트 크롭 반팔 티셔츠 - 화이트,0.0,0,17900,17900,17900,0,0,0.0,100.0,1,high,24.08,6,2,none,,0,https://www.musinsa.com/products/6278144
2026-09-01,브렌슨,6281728,리브드 크롭 라운드넥 반팔티 ( 5Color ),0.0,0,23900,23900,23900,0,0,0.0,100.0,1,high,24.09,6,2,none,,0,https://www.musinsa.com/products/6281728
2026-09-01,해비즘,6295936,ROUND COLLAR SHIRRING S/S TEE(STRIPE GREY),0.54,17010,31500,36000,31500,1,4500,14.29,100.0,1,medium,24.02,8,2,none,,0,https://www.musinsa.com/products/6295936
2026-09-01,제이엘브,6296576,[2PACK]머슬핏 라이트 니트 숏슬리브,0.0,0,79200,79200,79200,0,0,0.0,100.0,1,high,24.02,8,2,none,,0,https://www.musinsa.com/products/6296576
2026-09-01,썸웨어버터,6300608,Iff Scarf - 2Color,0.0,0,32000,32000,22400,1,9600,42.86,100.0,1,medium,24.02,8,2,none,,0,https://www.musinsa.com/products/6300608
2026-09-01,꼼파뇨,6301248,DTP 리본 웨일 반팔티 블랙,0.0,0,28610,28610,28610,0,0,0.0,100.0,1,high,24.08,6,2,none,,0,https://www.musinsa.com/products/6301248
2026-09-01,제너럴아이디어,6305408,UNISEX 와이어 바이저 워싱 볼캡 [3COL] / GF1UCP001,0.0,0,21700,21700,24800,1,-3100,-12.5,100.0,1,medium,24.09,7,2,none,,0,https://www.musinsa.com/products/6305408
2026-09-01,드로우핏 우먼,6309824,튤립 레이어드 미디 원피스 [PINK BEIGE],0.0,0,84600,84600,84600,0,0,0.0,100.0,1,high,24.09,8,2,none,,0,https://www.musinsa.com/products/6309824
2026-09-01,드로우핏 우먼,6313664,수피마 실켓 돌먼 보트넥 반팔 티셔츠 [BROWN],0.0,0,32400,32400,32400,0,0,0.0,100.0,1,high,24.09,8,2,none,,0,https://www.musinsa.com/products/6313664
2026-09-01,브라운야드,6316224,"프렌치 워크 팬츠, 올리브 그레이",0.0,0,228000,228000,228000,0,0,0.0,100.0,1,high,24.02,8,2,none,,0,https://www.musinsa.com/products/6316224
2026-09-01,디미트리블랙,6317952,© 모두의 커브드 치노 팬츠_하프 4 COLOR,0.0,0,28900,28900,28900,0,0,0.0,100.0,1,high,24.09,6,2,none,,0,https://www.musinsa.com/products/6317952
2026-09-01,인사일런스,6318144,덕 코튼 스탠드업 쇼츠 FADED GREY,0.0,0,120600,120600,120600,0,0,0.0,100.0,1,high,24.09,6,2,none,,0,https://www.musinsa.com/products/6318144
2026-09-01,드헤베,6320000,Summer Henley Neck Knit [Navy],0.0,0,70300,70300,70300,0,0,0.0,100.0,1,high,24.08,6,2,none,,0,https://www.musinsa.com/products/6320000
2026-09-01,본투윈,6320704,SILVER B BASIC T-SHIRTS [WHITE],0.15,7200,49000,49000,49000,0,0,0.0,100.0,1,high,24.09,7,2,none,,0,https://www.musinsa.com/products/6320704
2026-09-01,필루미네이트,6323520,멀티 스트라이프 포켓 티셔츠-아이보리,0.0,0,32000,32000,32000,0,0,0.0,100.0,1,high,24.02,8,2,none,,0,https://www.musinsa.com/products/6323520
2026-09-01,르아르,6324672,에센셜 링거 배색 티셔츠 [블랙],0.0,0,29500,29500,23000,1,6500,28.26,100.0,1,medium,24.1,6,2,none,,0,https://www.musinsa.com/products/6324672
2026-09-01,코드그라피,6328128,핀스트라이프 드로우 스트링백-퍼플,0.0,0,62100,62100,62100,0,0,0.0,100.0,1,high,24.08,6,2,none,,0,https://www.musinsa.com/products/6328128
2026-09-01,테이크이지,6332224,서울 레귤러핏 티셔츠 - 2COLOR,0.0,0,19500,19500,19500,0,0,0.0,100.0,1,high,24.09,6,2,none,,0,https://www.musinsa.com/products/6332224
2026-09-01,론론,6333632,ROSE RRAC OVER FIT T SHIRT VINTAGE BLUE,0.0,0,53460,53460,42240,1,11220,26.56,100.0,1,medium,24.09,7,2,none,,0,https://www.musinsa.com/products/6333632
2026-09-01,론론,6333760,CANCAN TIERED MIDI SKIRT WHITE,0.0,0,43120,43120,55440,1,-12320,-22.22,100.0,1,medium,24.09,7,2,none,,0,https://www.musinsa.com/products/6333760
2026-09-01,틸아이다이,6337024,Dot slim t-shirt [TISP06TS01]_Ivory,0.0,0,33110,33110,33110,0,0,0.0,100.0,1,high,24.09,7,2,none,,0,https://www.musinsa.com/products/6337024
2026-09-01,솔트앤초콜릿,6339264,에토 하네스 샌들 412624005 (7cm),0.29,21837,74250,59400,74250,1,-14850,-20.0,100.0,1,medium,24.09,7,2,none,,0,https://www.musinsa.com/products/6339264
2026-09-01,배드블러드,6340992,에어로 스쿼드 프린트 1/2 티셔츠 - 블랙,0.0,0,55200,55200,52790,1,2410,4.57,100.0,1,medium,24.09,7,2,none,,0,https://www.musinsa.com/products/6340992
2026-09-01,필루미네이트,6352768,트윌 코튼 버뮤다 쇼츠-베이지,1.01,36387,36000,36000,36000,0,0,0.0,100.0,1,high,24.02,8,2,none,,0,https://www.musinsa.com/products/6352768
2026-09-01,브룩스 브라더스,6355712,레귤러핏 코튼 린넨 팬츠 (베이지) (BBPCMNG201),0.0,0,172080,172080,172080,0,0,0.0,100.0,1,high,24.02,8,2,none,,0,https://www.musinsa.com/products/6355712
2026-09-01,르아브,6362112,에어로 쿨 프레임 나그랑 크롭티셔츠 화이트,1.01,38914,38500,38500,38500,0,0,0.0,100.0,1,high,24.02,8,2,none,,0,https://www.musinsa.com/products/6362112
2026-09-01,벨리에,6362368,(W) 시어 체크 레이어드 스커트 - 그레이,0.0,0,119700,119700,119700,0,0,0.0,100.0,1,high,24.1,6,2,none,,0,https://www.musinsa.com/products/6362368
2026-09-01,커버낫,6365056,쿨 코튼 아치 로고 슬리브리스 네이비,0.0,0,32400,32400,32400,0,0,0.0,100.0,1,high,24.09,6,2,none,,0,https://www.musinsa.com/products/6365056
2026-09-01,커버낫,6365120,시어서커 하프 셔츠 카키,0.0,0,72090,72090,80100,1,-8010,-10.0,100.0,1,medium,24.09,6,2,none,,0,https://www.musinsa.com/products/6365120
2026-09-01,시야쥬,6366592,SIAC3128 Petit Noe Crack Bag_Silver,0.0,0,112590,112590,139000,1,-26410,-19.0,100.0,1,medium,24.09,6,2,none,,0,https://www.musinsa.com/products/6366592
2026-09-01,시야쥬,6367424,SIPT7198 리조트 시스루 밴딩 쇼츠_Black,0.0,0,79520,79520,93000,1,-13480,-14.49,100.0,1,medium,24.09,6,2,none,,0,https://www.musinsa.com/products/6367424
2026-09-01,시야쥬,6367616,SITP5287 유넥 릴렉스 반팔 티셔츠_Melange gray,0.0,0,38700,38700,43000,1,-4300,-10.0,100.0,1,medium,24.09,6,2,none,,0,https://www.musinsa.com/products/6367616
2026-09-01,시야쥬,6367744,SIKN2180 플루이드 튜브탑 니트_White,0.0,0,65700,65700,51100,1,14600,28.57,100.0,1,medium,24.09,6,2,none,,0,https://www.musinsa.com/products/6367744
2026-09-01,메인부스,6372800,[KISS] 반다나(레드),0.0,0,23400,23400,23400,0,0,0.0,100.0,1,high,24.08,6,2,none,,0,https://www.musinsa.com/products/6372800
2026-09-01,디앤에스알,6375936,린넨 스트라이프 크롭 셔츠 블루,0.0,0,89100,89100,89100,0,0,0.0,100.0,1,high,24.1,6,2,none,,0,https://www.musinsa.com/products/6375936
2026-09-01,락케이크,6376064,Legacy Crop Top - White,0.0,0,33120,33120,33120,0,0,0.0,100.0,1,high,24.09,8,2,none,,0,https://www.musinsa.com/products/6376064
2026-09-01,데꼬로소,6385536,[SET] 쿨 린넨 라이크 반팔 셋업 [블랙],1.62,124516,76800,76800,76800,0,0,0.0,100.0,1,high,23.51,13,4,none,,0,https://www.musinsa.com/products/6385536
2026-09-01,데꼬로소,6385792,텍스처 리브드 슬리브리스 [그레이],1.48,39100,26400,26400,26400,0,0,0.0,100.0,1,high,24.02,8,2,none,,0,https://www.musinsa.com/products/6385792
2026-09-01,디스이즈네버댓,6387840,Artifacts Tee White,0.0,0,47200,47200,47200,0,0,0.0,100.0,1,high,24.09,6,2,none,,0,https://www.musinsa.com/products/6387840
2026-09-01,슬로우애시드,6391744,더스트 체크 오픈 카라 반팔 셔츠 [빈티지 네이비],0.0,0,50400,50400,50400,0,0,0.0,100.0,1,high,24.08,6,2,none,,0,https://www.musinsa.com/products/6391744
2026-09-01,바우로 프로덕트,6393792,시어 크롭 로우엣지 니트 [라이트블루],0.0,0,59900,59900,59900,0,0,0.0,100.0,1,high,24.08,6,2,none,,0,https://www.musinsa.com/products/6393792
2026-09-01,필루미네이트,6394304,콘트라스트 그래픽 티셔츠-차콜,0.0,0,29000,29000,29000,0,0,0.0,100.0,1,high,24.02,8,2,none,,0,https://www.musinsa.com/products/6394304
2026-09-01,더바이닐하우스,6397760,ADULTS ONLY TEE GREY,0.0,0,28420,28420,40600,1,-12180,-30.0,100.0,1,medium,24.09,6,2,none,,0,https://www.musinsa.com/products/6397760
2026-09-01,세터,6398208,키링 안경 케이스 다크 네이비,0.0,0,79000,79000,79000,0,0,0.0,100.0,1,high,24.1,6,2,none,,0,https://www.musinsa.com/products/6398208
2026-09-01,피인오,6398784,크리즈 스트라이프 오픈 카라 셔츠 - 아이보리,0.0,0,53000,53000,53000,0,0,0.0,100.0,1,high,24.02,8,2,none,,0,https://www.musinsa.com/products/6398784
2026-09-01,슈퍼서브,6400832,돈룩백 레터링 크롭 반팔 반팔 티셔츠-화이트,0.0,0,16900,16900,16900,0,0,0.0,100.0,1,high,24.08,6,2,none,,0,https://www.musinsa.com/products/6400832
2026-09-01,바이모노,6401344,[빅사이즈 28-50] 꼭꼭팬츠 탄탄 솔리드 버뮤다 팬츠,0.0,0,34110,34110,34110,0,0,0.0,100.0,1,high,24.09,6,2,none,,0,https://www.musinsa.com/products/6401344
2026-09-01,알리스,6401920,피그먼트 스트라이프 라운드넥 크롭 하프 티셔츠 [차콜],0.1,4464,45900,45900,48060,1,-2160,-4.49,100.0,1,medium,24.08,6,2,none,,0,https://www.musinsa.com/products/6401920
2026-09-01,브라운야드,6402880,"W 브이넥 탑 슬리브리스, 블랙",0.0,0,49000,49000,49000,0,0,0.0,100.0,1,high,24.02,8,2,none,,0,https://www.musinsa.com/products/6402880
2026-09-01,굿라이프웍스,6407040,[w] 스웨트 롱 스커트 블랙,0.0,0,40640,40640,40640,0,0,0.0,100.0,1,high,24.1,6,2,none,,0,https://www.musinsa.com/products/6407040
2026-09-01,노매뉴얼,6407168,NM VENT BEANIE - BLACK,0.0,0,33600,33600,33600,0,0,0.0,100.0,1,high,24.08,6,2,none,,0,https://www.musinsa.com/products/6407168
2026-09-01,드헤베,6407680,Check Ruffle Blouse [Ivory],0.0,0,109250,109250,109250,0,0,0.0,100.0,1,high,24.08,6,2,none,,0,https://www.musinsa.com/products/6407680
2026-09-01,노매뉴얼,6408128,RAW SKETCHED LONG SLEEVE TEE - WHITE,4.5,210538,46800,46800,46800,0,0,0.0,100.0,1,high,24.08,18,2,none,,0,https://www.musinsa.com/products/6408128
2026-09-01,썬러브투어,6411008,W DryMix Polo Brown,0.0,0,69300,69300,59400,1,9900,16.67,100.0,1,medium,24.09,8,2,none,,0,https://www.musinsa.com/products/6411008
2026-09-01,워크온바디오프,6411200,(크롭) 에어빗 쿨링 솔리드 세미 오버핏 반팔 티셔츠 [화이트],0.0,0,16110,16110,17900,1,-1790,-10.0,100.0,1,medium,24.09,15,2,none,,0,https://www.musinsa.com/products/6411200
2026-09-01,썬러브투어,6411776,W Polartec® Delta™ FlexAir Tank Top Black,0.0,0,62300,62300,53400,1,8900,16.67,100.0,1,medium,24.09,8,2,none,,0,https://www.musinsa.com/products/6411776
2026-09-01,룩캐스트,6417472,아리안느 텍스처 레이스 트림 미니 스커트_블랙 / ARIANE TEXTURED LACE TRIM MINI SKIRT_BLACK,0.0,0,43650,43650,43650,0,0,0.0,100.0,1,high,24.08,6,2,none,,0,https://www.musinsa.com/products/6417472
2026-09-01,프리즘웍스,6418944,WASHED CARPENTER SWEAT SHORTS _ BLACK BROWN,0.0,0,49770,49770,55300,1,-5530,-10.0,100.0,1,medium,24.09,7,2,none,,0,https://www.musinsa.com/products/6418944
2026-09-01,프리즘웍스,6419008,CANVAS MULTI POCKET SHORTS _ BURGUNDY,0.0,0,53550,53550,59500,1,-5950,-10.0,100.0,1,medium,24.09,7,2,none,,0,https://www.musinsa.com/products/6419008
2026-09-01,트릴리온,6425408,니캡 다트 버뮤다 데님 쇼츠_3color,0.1,1505,15490,15490,15490,0,0,0.0,100.0,1,high,24.08,6,2,none,,0,https://www.musinsa.com/products/6425408
2026-09-01,러브이즈트루,6425664,SY BOARD KEYRING(BLACK),0.0,0,32850,32850,32850,0,0,0.0,100.0,1,high,24.02,8,2,none,,0,https://www.musinsa.com/products/6425664
2026-09-01,썸웨어버터,6426944,Basic Wappen Sleeveless - Melon,0.0,0,39000,39000,27300,1,11700,42.86,100.0,1,medium,24.02,8,2,none,,0,https://www.musinsa.com/products/6426944
2026-09-01,탄산마그네슘,6427712,홀스 래빗 티셔츠 (그레이/레드),0.35,17089,49400,49400,49400,0,0,0.0,100.0,1,high,24.1,6,2,none,,0,https://www.musinsa.com/products/6427712
2026-09-01,후브스,6428928,리버스 라인 크롭 반팔티 [시멘트],0.0,0,44800,44800,44800,0,0,0.0,100.0,1,high,24.09,6,2,none,,0,https://www.musinsa.com/products/6428928
2026-09-01,제너럴아이디어,6432256,셔링 티어드 롱 스커트 [WHITE] / GF2LSK511,0.85,46900,55200,55200,55200,0,0,0.0,100.0,1,high,24.09,7,2,none,,0,https://www.musinsa.com/products/6432256
2026-09-01,제너럴아이디어,6432384,플리츠 니트 랩 스커트 [CREAM] / GF2LET529,0.0,0,29600,29600,29600,0,0,0.0,100.0,1,high,24.09,7,2,none,,0,https://www.musinsa.com/products/6432384
2026-09-01,썸웨어버터,6434560,Pendant Card Wallet - Light Blue,0.0,0,39200,39200,39200,0,0,0.0,100.0,1,high,24.02,8,2,none,,0,https://www.musinsa.com/products/6434560
2026-09-01,세터,6434688,누벨 블랙,0.0,0,99000,99000,99000,0,0,0.0,100.0,1,high,24.1,6,2,none,,0,https://www.musinsa.com/products/6434688
2026-09-01,아캄,6435200,Ammonite Half Top (Black),0.0,0,55200,55200,55200,0,0,0.0,100.0,1,high,24.1,6,2,none,,0,https://www.musinsa.com/products/6435200
2026-09-01,토마스모어,6435456,엘리엇 투턱 하프 팬츠 - 차콜,0.0,0,65700,65700,65700,0,0,0.0,100.0,1,low,24.02,8,2,none,,0,https://www.musinsa.com/products/6435456
2026-09-01,도프제이슨,6437184,숄더 버튼 체크 레이어드 티셔츠 MELANGE WHITE,1.88,76791,40850,40850,40850,0,0,0.0,100.0,1,low,24.02,18,4,none,,0,https://www.musinsa.com/products/6437184
2026-09-01,아캄,6437312,Trinity Cross Half Top (Pink),0.0,0,55200,55200,55200,0,0,0.0,100.0,1,high,24.1,6,2,none,,0,https://www.musinsa.com/products/6437312
2026-09-01,9999아카이브,6443648,Cut-Out Vintage Bermuda Pants,0.0,0,100080,100080,100080,0,0,0.0,100.0,1,high,24.02,8,2,none,,0,https://www.musinsa.com/products/6443648
2026-09-01,론론,6443840,BETTY BOOP RIBBON APPLIQUE CROP T SHIRT NAVY,0.0,0,53460,53460,47520,1,5940,12.5,100.0,1,medium,24.09,7,2,none,,0,https://www.musinsa.com/products/6443840
2026-09-01,론론,6444224,BETTY BOOP PRINCESS UNICORN STRIPE DRESS GREEN,0.0,0,80190,80190,71280,1,8910,12.5,100.0,1,medium,24.09,7,2,none,,0,https://www.musinsa.com/products/6444224
2026-09-01,더뮤지엄비지터,6444544,COLOR TYPO 5 PANEL MESH CAP (NAVY),0.0,0,37620,37620,37620,0,0,0.0,100.0,1,high,24.09,7,2,none,,0,https://www.musinsa.com/products/6444544
2026-09-01,더뮤지엄비지터,6444992,NORTH CAROLINA OVERFIT T-SHIRT (MELANGE GREY),0.0,0,48300,48300,41400,1,6900,16.67,100.0,1,medium,24.09,7,2,none,,0,https://www.musinsa.com/products/6444992
2026-09-01,더뮤지엄비지터,6445056,CURVED ZIPPER SHORT SLEEVE HOODIE ZIP-UP (KHAKI),0.0,0,94990,94990,94990,0,0,0.0,100.0,1,high,24.09,7,2,none,,0,https://www.musinsa.com/products/6445056
2026-09-01,더뮤지엄비지터,6445120,W COLOR BUTTON CROP CARDIGAN (CHARCOAL),0.0,0,62300,62300,57850,1,4450,7.69,100.0,1,medium,24.09,7,2,none,,0,https://www.musinsa.com/products/6445120
2026-09-01,엑스트라오디너리,6450752,VINTAGE WASHED DOUBLE KNEE DENIM BLUE,1.0,109515,109850,109850,109850,0,0,0.0,100.0,1,high,24.08,6,2,none,,0,https://www.musinsa.com/products/6450752
2026-09-01,브라운브레스,6454272,WAFFLE PIGMENT SHORTS - BEIGE,0.0,0,79000,79000,79000,0,0,0.0,100.0,1,high,24.09,8,2,none,,0,https://www.musinsa.com/products/6454272
2026-09-01,더니트컴퍼니,6454784,피가디아 린넨 셔츠 - 루센트 화이트,0.0,0,74500,74500,74500,0,0,0.0,100.0,1,high,24.08,6,2,none,,0,https://www.musinsa.com/products/6454784
2026-09-01,일리고,6455168,레이스 트리밍 티셔츠 민트,0.0,0,46000,46000,32200,1,13800,42.86,100.0,1,medium,24.08,6,2,none,,0,https://www.musinsa.com/products/6455168
2026-09-01,글로니,6457600,G FINE RIB CAMISOLE (MELANGE GRAY),0.0,0,38880,38880,38880,0,0,0.0,100.0,1,high,24.09,7,2,none,,0,https://www.musinsa.com/products/6457600
2026-09-01,제너럴아이디어,6458176,컴피 밴딩 쇼츠 [PEACH] / GF2LHP515,0.0,0,38400,38400,38400,0,0,0.0,100.0,1,high,24.09,7,2,none,,0,https://www.musinsa.com/products/6458176
2026-09-01,로제프란츠,6459008,Stud unbalance Flare Skirt [Ivory],0.0,0,58560,58560,51240,1,7320,14.29,100.0,1,medium,24.08,6,2,none,,0,https://www.musinsa.com/products/6459008
2026-09-01,세터,6459392,마린 콜라주 그래픽 반팔 티셔츠 차콜,0.0,0,69000,69000,69000,0,0,0.0,100.0,1,high,24.1,6,2,none,,0,https://www.musinsa.com/products/6459392
2026-09-01,노이어,6462720,울 텐셀 레이어드 브이넥 티셔츠 (브라운버터),0.0,0,44800,44800,44800,0,0,0.0,100.0,1,high,24.09,7,2,none,,0,https://www.musinsa.com/products/6462720
2026-09-01,노이어,6462784,디스트로이드 스트레이트 데님 팬츠 (블랙),0.0,0,82500,82500,82500,0,0,0.0,100.0,1,high,24.09,7,2,none,,0,https://www.musinsa.com/products/6462784
2026-09-01,고스트리퍼블릭,6469952,카펜터 버뮤다 데님 팬츠 3Color GP-511,0.0,0,27900,27900,27900,0,0,0.0,100.0,1,high,24.08,6,2,none,,0,https://www.musinsa.com/products/6469952
2026-09-01,꼼파뇨,6471168,캣츠 뮤직 링거 반팔티 미스트블루,0.0,0,28610,28610,28610,0,0,0.0,100.0,1,high,24.08,6,2,none,,0,https://www.musinsa.com/products/6471168
2026-09-01,파르티멘토 우먼,6471808,벨티드 레이어드 파라슈트 팬츠_블랙,0.0,0,79380,79380,61740,1,17640,28.57,100.0,1,medium,24.08,6,2,none,,0,https://www.musinsa.com/products/6471808
2026-09-01,시야쥬,6472256,SIAC3134 Juno Mini Slouch Bag_Black,0.0,0,101750,101750,119000,1,-17250,-14.5,100.0,1,medium,24.09,6,2,none,,0,https://www.musinsa.com/products/6472256
2026-09-01,시야쥬,6472448,SIKN2195 루즈핏 펀칭 보트넥 니트_Black,0.0,0,87300,87300,67900,1,19400,28.57,100.0,1,medium,24.09,6,2,none,,0,https://www.musinsa.com/products/6472448
2026-09-01,파르티멘토 우먼,6473664,투웨이 컷아웃 디컨스트럭티드 탑_멜란지,0.0,0,36450,36450,28350,1,8100,28.57,100.0,1,medium,24.08,6,2,none,,0,https://www.musinsa.com/products/6473664
2026-09-01,이지노이지,6481984,시어서커 롤업 체크 크롭 반팔 셔츠 - 크림,0.0,0,39900,39900,39900,0,0,0.0,100.0,1,high,24.1,6,2,none,,0,https://www.musinsa.com/products/6481984
2026-09-01,고스트리퍼블릭,6487872,크롭 스트라이프 배색 롤업 반팔티 GT-392_버건디,13.57,202203,14900,14900,14900,0,0,0.0,100.0,1,high,9.04,30,6,none,,0,https://www.musinsa.com/products/6487872
2026-09-01,썬러브투어,6490048,Sunlove x Island Slipper Classic Suede Navy Gingham,0.0,0,279000,279000,279000,0,0,0.0,100.0,1,high,24.09,8,2,none,,0,https://www.musinsa.com/products/6490048
2026-09-01,프리즘웍스,6490560,ZANES BAIT & TACKLE LOGO BALL CAP _ BLACK,0.0,0,28350,28350,31500,1,-3150,-10.0,100.0,1,medium,24.09,7,2,none,,0,https://www.musinsa.com/products/6490560
2026-09-01,로우클래식,6495808,Lc STRIPED BASIC TEE_BLACK [LC262TS01BK],0.0,0,59000,59000,44840,1,14160,31.58,100.0,1,medium,24.09,7,2,none,,0,https://www.musinsa.com/products/6495808
2026-09-01,러프사이드,6497280,Scoop Neck T-Shirt Mist,0.0,0,39000,39000,39000,0,0,0.0,100.0,1,high,24.1,6,2,none,,0,https://www.musinsa.com/products/6497280
2026-09-01,어반드레스,6498304,발레리나 클럽 88 풋볼 져지 레이스 티셔츠_2Colors,0.97,58187,59900,59900,59900,0,0,0.0,100.0,1,high,24.09,7,2,none,,0,https://www.musinsa.com/products/6498304
2026-09-01,미세키서울,6498432,Hannah fairy twist short sleeve WHITE,0.0,0,61200,61200,61200,0,0,0.0,100.0,1,high,24.08,6,2,none,,0,https://www.musinsa.com/products/6498432
2026-09-01,르아르,6499200,에브리데이 버뮤다 데님 쇼츠 [차콜],0.65,21185,32500,32500,32500,0,0,0.0,100.0,1,high,24.1,6,2,none,,0,https://www.musinsa.com/products/6499200
2026-09-01,아틀리에 나인,6505344,RUCHED LACE HALTER PADDED SWIM TOP (SW-830),0.0,0,87200,87200,98100,1,-10900,-11.11,100.0,1,medium,24.1,6,2,none,,0,https://www.musinsa.com/products/6505344
2026-09-01,제너럴아이디어,6506816,미니멀 웨이스트 데님 하프 팬츠 [BLUE] / GF2LHP514,0.0,0,44800,44800,44800,0,0,0.0,100.0,1,high,24.09,7,2,none,,0,https://www.musinsa.com/products/6506816
2026-09-01,르아르,6507904,스트라이프 레이어드 롤업 티셔츠 [블랙],1.65,51954,31500,31500,31500,0,0,0.0,100.0,1,high,24.1,6,2,none,,0,https://www.musinsa.com/products/6507904
2026-09-01,후드후드,6509760,에일리언 키링 갸루,0.0,0,29610,29610,29610,0,0,0.0,100.0,1,high,24.08,6,2,none,,0,https://www.musinsa.com/products/6509760
2026-09-01,언더오프,6513984,맨즈 코튼 반팔 크롭티 마린오브제 버건디,0.0,0,23900,23900,23900,0,0,0.0,100.0,1,high,24.09,6,2,none,,0,https://www.musinsa.com/products/6513984
2026-09-01,꼼파뇨,6518272,스트로베리 밴드 반팔티 블랙,0.9,25755,28610,28610,28610,0,0,0.0,100.0,1,high,24.08,6,2,none,,0,https://www.musinsa.com/products/6518272
2026-09-01,본투윈,6520384,W SYMBOL B ESSENTIAL ACTIVE SHORTS [NAVY],0.0,0,49000,49000,49000,0,0,0.0,100.0,1,high,24.09,7,2,none,,0,https://www.musinsa.com/products/6520384
2026-09-01,본투윈,6520896,SYMBOL B NYLON BALL CAP [CHARCOAL],0.0,0,45000,45000,45000,0,0,0.0,100.0,1,high,24.09,10,2,none,,0,https://www.musinsa.com/products/6520896
2026-09-01,르아르,6524096,사이드 지퍼 카고 버뮤다 쇼츠 [블랙],0.0,0,39900,39900,39900,0,0,0.0,100.0,1,high,24.1,6,2,none,,0,https://www.musinsa.com/products/6524096
2026-09-01,드로우핏,6526272,레이어드 롤업 헨리넥 티셔츠 [NAVY],8.7,344486,39600,39600,39600,0,0,0.0,100.0,1,low,9.04,23,6,none,,0,https://www.musinsa.com/products/6526272
2026-09-01,꼼파뇨,6534464,고스티 캣츠 반팔티 차콜,0.0,0,28610,28610,28610,0,0,0.0,100.0,1,high,24.08,6,2,none,,0,https://www.musinsa.com/products/6534464
2026-09-01,더블유엠씨,6539136,[크롭] 멀티 스트라이프 티셔츠_GREY,1.01,32344,32000,32000,32000,0,0,0.0,100.0,1,high,24.02,8,2,none,,0,https://www.musinsa.com/products/6539136
2026-09-01,제너럴아이디어,6543104,셔링 슬리브리스 티셔츠 블라우스 [DARK NAVY] / GF2LTS537,0.0,0,28000,28000,28000,0,0,0.0,100.0,1,high,24.09,7,2,none,,0,https://www.musinsa.com/products/6543104
2026-09-01,파르티멘토,6551232,린넨 블렌드 스트라이프 티 오프 화이트,0.0,0,39900,39900,33660,1,6240,18.54,100.0,1,medium,24.09,6,2,none,,0,https://www.musinsa.com/products/6551232
2026-09-01,무드인사이드 우먼,6551296,(woman) 무브 스트라이프 쇼츠_2Color,0.0,0,25130,25130,25130,0,0,0.0,100.0,1,high,24.09,6,2,none,,0,https://www.musinsa.com/products/6551296
2026-09-01,아캄,6553728,Line Taped Track Pants (Black),6.34,806292,127200,127200,127200,0,0,0.0,100.0,1,low,9.53,20,5,none,,0,https://www.musinsa.com/products/6553728
2026-09-01,일리고,6556992,플라워 티어드 미디 스커트 그레이 체크,0.0,0,108000,108000,75600,1,32400,42.86,100.0,1,medium,24.08,6,2,none,,0,https://www.musinsa.com/products/6556992
2026-09-01,효지,6566720,26 SS 하프 밴딩 와이드 쇼츠 코튼 팬츠 (3컬러),1.0,19900,19900,19900,19900,0,0,0.0,100.0,1,high,23.98,9,5,none,,0,https://www.musinsa.com/products/6566720
2026-09-01,언더오프,6574976,스웨이드 로퍼 슬라이드 카멜,0.0,0,30900,30900,31120,1,-220,-0.71,100.0,1,medium,24.09,6,2,none,,0,https://www.musinsa.com/products/6574976
2026-09-01,시눈,6575616,Cubic Toe Ring (Blue),0.0,0,24920,24920,24920,0,0,0.0,100.0,1,low,48.09,19,1,none,,0,https://www.musinsa.com/products/6575616
2026-09-01,후드후드,6576000,플래닛 레터링 반팔티셔츠 네이비,0.0,0,31500,31500,31500,0,0,0.0,100.0,1,high,24.08,6,2,none,,0,https://www.musinsa.com/products/6576000
2026-09-01,탄산마그네슘,6582528,안녕자두야X탄산 꼬꼬 비니 (차콜),0.0,0,34200,34200,34200,0,0,0.0,100.0,1,low,48.09,5,1,none,,0,https://www.musinsa.com/products/6582528
2026-09-01,트리밍버드,6583936,Rivet Detail Pleated Shorts [ Black ],0.0,0,189000,189000,189000,0,0,0.0,100.0,1,high,24.09,7,2,none,,0,https://www.musinsa.com/products/6583936
2026-09-01,2000아카이브스,6591360,LACE LAYERED TOP (WHITE),0.0,0,82470,82470,96390,1,-13920,-14.44,100.0,1,medium,24.09,7,2,none,,0,https://www.musinsa.com/products/6591360
2026-09-01,론론,6592192,PLEATS SWEAT LONG SKIRT GREY,0.0,0,55440,55440,71280,1,-15840,-22.22,100.0,1,medium,24.09,7,2,none,,0,https://www.musinsa.com/products/6592192
2026-09-01,론론,6592256,FLORAL MINI LABEL CROP SHORT SLEEVE WHITE,1.94,69232,35640,35640,28160,1,7480,26.56,100.0,1,medium,24.09,7,2,none,1,0,https://www.musinsa.com/products/6592256
2026-09-01,썸웨어버터,6593664,Stitch Square Logo Top - Ivory,0.0,0,36770,36770,36770,0,0,0.0,100.0,1,high,24.02,8,2,none,,0,https://www.musinsa.com/products/6593664
2026-09-01,프렌다,6595200,LOADING SEMI CROP TEE LIME,0.0,0,18900,18900,27000,1,-8100,-30.0,100.0,1,medium,24.09,8,2,none,,0,https://www.musinsa.com/products/6595200
2026-09-01,파르티멘토 우먼,6609408,드로스트링 리워크드 플리츠 배기 진_다크 블루,0.0,0,77760,77760,60480,1,17280,28.57,100.0,1,medium,24.08,6,2,none,,0,https://www.musinsa.com/products/6609408
2026-09-01,파르티멘토 우먼,6609536,리워크드 폴로 미니 스커트_화이트,0.0,0,45360,45360,35280,1,10080,28.57,100.0,1,medium,24.08,6,2,none,,0,https://www.musinsa.com/products/6609536
2026-09-01,파르티멘토 우먼,6609856,플로럴 플리티드 쉬어 미디 드레스_화이트,0.0,0,51300,51300,39900,1,11400,28.57,100.0,1,medium,24.08,6,2,none,,0,https://www.musinsa.com/products/6609856
2026-09-01,무드인사이드,6615552,테일러드 플리츠 쇼츠_5Color,0.0,0,44900,44900,29900,1,15000,50.17,100.0,1,medium,24.09,8,2,none,,0,https://www.musinsa.com/products/6615552
2026-09-01,르바,6617024,All-day Sleeveless Top - Snow White,0.0,0,34200,34200,26600,1,7600,28.57,100.0,1,medium,24.08,6,2,none,,0,https://www.musinsa.com/products/6617024
2026-09-01,무센트,6623488,벨르 맥시 밴딩 롱 스커트 (3컬러),0.81,24334,29900,20930,29900,1,-8970,-30.0,100.0,1,medium,24.09,6,2,none,,0,https://www.musinsa.com/products/6623488
2026-09-01,미나브,6626816,[미나브X데일리룸] 쓰리웨이 보스턴 백 [블랙],6.85,472481,69000,69000,69000,0,0,0.0,100.0,1,low,10.16,29,6,none,,0,https://www.musinsa.com/products/6626816
2026-09-01,더뮤지엄비지터,6635520,W PAINTED MULTI DOT T-SHIRT (PINK),0.0,0,55300,55300,51350,1,3950,7.69,100.0,1,medium,24.09,7,2,none,,0,https://www.musinsa.com/products/6635520
2026-09-01,비바라비다,6637824,Coral 링거 반팔 티셔츠,0.0,0,29900,29900,30900,1,-1000,-3.24,100.0,1,medium,24.09,7,2,none,,0,https://www.musinsa.com/products/6637824
2026-09-01,플리즈노팔로우,6646080,Arin Lace Bodysuit (Ivory),0.0,0,67150,67150,67150,0,0,0.0,100.0,1,high,24.09,7,2,none,,0,https://www.musinsa.com/products/6646080
2026-09-01,탄산마그네슘,6651008,반다나 아플리케 티셔츠 (그레이),0.0,0,60040,60040,60040,0,0,0.0,100.0,1,high,24.1,6,2,none,,0,https://www.musinsa.com/products/6651008
2026-09-01,플레어업,6651264,Asymmetrical Folded Skirt (FL-272_Dark Gray),0.0,0,92340,92340,68040,1,24300,35.71,100.0,1,medium,24.08,6,2,none,,0,https://www.musinsa.com/products/6651264
2026-09-01,데이,6654336,"[라운드, 헨리넥] 세미 크롭 슬라브 반팔 티셔츠_2 STYLE",0.0,0,23500,23500,23500,0,0,0.0,100.0,1,high,24.08,6,2,none,,0,https://www.musinsa.com/products/6654336
2026-09-01,배드블러드,6663872,앰버서더 26 라인스톤 페이지 1/2 티셔츠 - 카키,0.0,0,73100,73100,69660,1,3440,4.94,100.0,1,medium,24.09,7,2,none,,0,https://www.musinsa.com/products/6663872
2026-09-01,배드블러드,6664448,코튼립 레이스 캐미 탱크 - 레몬,0.0,0,64600,64600,61560,1,3040,4.94,100.0,1,medium,24.09,7,2,none,,0,https://www.musinsa.com/products/6664448
2026-09-01,꼼파뇨,6668096,베리 칵테일 반팔티 크림,0.0,0,28610,28610,28610,0,0,0.0,100.0,1,high,24.08,6,2,none,,0,https://www.musinsa.com/products/6668096
2026-09-01,몰든,6676992,라이트 투인원 우먼 러닝 쇼츠,0.0,0,44840,44840,56050,1,-11210,-20.0,100.0,1,medium,24.09,8,2,none,,0,https://www.musinsa.com/products/6676992
2026-09-01,르아르,6677120,소프트 헨리넥 반팔 티셔츠 [차콜],0.65,17552,26910,26910,26910,0,0,0.0,100.0,1,high,24.1,9,2,none,,0,https://www.musinsa.com/products/6677120
2026-09-01,노이어,6679168,클래식 와이드 스트레이트 슬랙스 (스트라이프 그레이),0.0,0,66500,66500,99700,1,-33200,-33.3,100.0,1,medium,24.09,7,2,none,,0,https://www.musinsa.com/products/6679168
2026-09-01,칙스,6693184,올라이트 자수 원턱 와이드 스웻팬츠 블랙,0.0,0,31920,31920,31920,0,0,0.0,100.0,1,high,24.09,7,2,none,,0,https://www.musinsa.com/products/6693184
2026-09-01,칙스,6693248,아카이브 보스턴 미니백 블랙,0.0,0,36900,36900,29520,1,7380,25.0,100.0,1,medium,24.09,7,2,none,,0,https://www.musinsa.com/products/6693248
2026-09-01,루에브르,6702720,LOEUVRE VERNIS [SABLE],0.0,0,12000,12000,12000,0,0,0.0,100.0,1,high,24.09,8,2,none,,0,https://www.musinsa.com/products/6702720
2026-09-01,필루미네이트,6708096,데일리 롤업 레이어드 크롭 티셔츠-3Color,33.1,959845,29000,29000,29000,0,0,0.0,100.0,1,low,3.89,63,13,none,,0,https://www.musinsa.com/products/6708096
2026-09-01,해칭룸,6753216,Slash Shirt Wool Check Olive,0.0,0,178000,178000,178000,0,0,0.0,100.0,1,high,24.08,6,2,none,,0,https://www.musinsa.com/products/6753216
2026-09-01,르아브,6753408,오픈 메시 크로쉐 니트 셔츠(2col),0.0,0,66500,66500,66500,0,0,0.0,100.0,1,high,24.02,8,2,none,,0,https://www.musinsa.com/products/6753408
2026-09-01,9999아카이브,6760704,Slick Logo Pigment Beanie,0.0,0,30380,30380,30380,0,0,0.0,100.0,1,high,24.02,8,2,none,,0,https://www.musinsa.com/products/6760704
2026-09-01,아메스 월드와이드,6778752,PPG HEART CHERRY TEE PINK,1.0,36000,36000,27000,36000,1,-9000,-25.0,90.36,0,low,9.05,10,5,none,,0,https://www.musinsa.com/products/6778752
2026-09-01,러프사이드,6779328,[X BULLETTO] GRAIN-R1,0.0,0,298000,298000,298000,0,0,0.0,100.0,1,high,24.1,6,2,none,,0,https://www.musinsa.com/products/6779328
2026-09-01,언더오프,6788800,피티드 마이크로 스웻 스코츠 블랙,0.0,0,25900,25900,29900,1,-4000,-13.38,100.0,1,medium,24.09,6,2,none,,0,https://www.musinsa.com/products/6788800
2026-09-01,어나더오피스,6789184,Dyed Raw-edge Stripe Tee (Light Gray),0.0,0,78000,78000,78000,0,0,0.0,100.0,1,high,24.09,8,2,none,,0,https://www.musinsa.com/products/6789184
2026-09-01,어나더오피스,6789248,Pigment Dolman S/S Tee (Sepia Brown),0.0,0,84000,84000,84000,0,0,0.0,100.0,1,high,24.09,8,2,none,,0,https://www.musinsa.com/products/6789248
2026-09-01,배드블러드,6791872,Everyday Hoodie - Charcoal,0.0,0,63200,63200,56880,1,6320,11.11,100.0,1,medium,24.09,7,2,none,,0,https://www.musinsa.com/products/6791872
2026-09-01,키르시,6800960,하프 오프숄더 허리 스트링 티셔츠 [차콜],0.0,0,47200,47200,47200,0,0,0.0,100.0,1,high,24.09,6,2,none,,0,https://www.musinsa.com/products/6800960
2026-09-01,파브레가,6830784,로웰 샴브레이 셔츠 (인디고 블루),0.0,0,84600,84600,84600,0,0,0.0,100.0,1,high,24.08,6,2,none,,0,https://www.musinsa.com/products/6830784
2026-09-01,미세키서울 맨,6848384,Pleats multi cotton backpack CHARCOAL,0.0,0,188000,188000,188000,0,0,0.0,100.0,1,high,24.1,4,2,none,,0,https://www.musinsa.com/products/6848384
2026-09-01,언타이틀 서울,6850944,언타이틀 리벳 포켓 롱슬리브 차콜,0.0,0,42800,42800,42800,0,0,0.0,100.0,1,high,24.1,6,2,none,,0,https://www.musinsa.com/products/6850944
2026-09-01,언타이틀 서울,6851456,유니콘 타이포 벌룬 스웻 팬츠 블랙,4.13,201751,48800,48800,48800,0,0,0.0,100.0,1,low,9.54,27,5,none,,0,https://www.musinsa.com/products/6851456
2026-09-01,토피,6853056,슬림 크롭 롱 슬리브 (CHARCOAL),0.0,0,26600,26600,26600,0,0,0.0,100.0,1,high,24.09,7,2,none,,0,https://www.musinsa.com/products/6853056
2026-09-01,커버낫,6854016,디플로마 로고 엠블럼 티셔츠 화이트,0.0,0,44230,44230,49000,1,-4770,-9.73,100.0,1,medium,24.09,6,2,none,,0,https://www.musinsa.com/products/6854016
2026-09-01,아모우,6878464,USA Painted Hoodie BLACK,0.0,0,68600,68600,68600,0,0,0.0,100.0,1,high,24.09,7,2,none,,0,https://www.musinsa.com/products/6878464
2026-09-01,아모우,6878784,Human nature Sweat pants BLACK,0.0,0,62300,62300,62300,0,0,0.0,100.0,1,high,24.09,7,2,none,,0,https://www.musinsa.com/products/6878784
2026-09-01,아모우,6878848,Sun Hosre Henley neck GRAY,0.0,0,61600,61600,61600,0,0,0.0,100.0,1,high,24.09,7,2,none,,0,https://www.musinsa.com/products/6878848
2026-09-01,드헤베,6884608,Flare Frill Cardigan [Black],0.0,0,106020,106020,106020,0,0,0.0,100.0,1,high,24.08,6,2,none,,0,https://www.musinsa.com/products/6884608
2026-09-01,드헤베,6884672,Essential Logo Hood Zip-Up [Ivory],0.0,0,112860,112860,112860,0,0,0.0,100.0,1,high,24.08,6,2,none,,0,https://www.musinsa.com/products/6884672
2026-09-01,코드그라피,6884736,플리스 커브드 팬츠-블랙,0.0,0,53100,53100,53100,0,0,0.0,100.0,1,high,24.08,6,2,none,,0,https://www.musinsa.com/products/6884736
2026-09-01,코드그라피,6884864,리버시블 체크 배색 후드 집업-다크 네이비,0.0,0,89100,89100,89100,0,0,0.0,100.0,1,high,24.08,6,2,none,,0,https://www.musinsa.com/products/6884864
2026-09-01,세터,6894528,아페로 스트라이프 피케 롱 슬리브 브라운,0.0,0,139000,139000,139000,0,0,0.0,100.0,1,high,24.1,6,2,none,,0,https://www.musinsa.com/products/6894528
2026-09-01,언더오프,6897024,로우컷 아웃포켓 버뮤다 팬츠 유니언잭 블랙,0.0,0,29900,29900,35900,1,-6000,-16.71,100.0,1,medium,24.09,6,2,none,,0,https://www.musinsa.com/products/6897024
2026-09-01,벨리에,6897088,트루 와이드 데님 팬츠 - 빈티지 브라운,0.0,0,148200,148200,148200,0,0,0.0,100.0,1,high,24.1,6,2,none,,0,https://www.musinsa.com/products/6897088
2026-09-01,벨리에,6897152,러프 이클립스 브레이슬릿,0.0,0,69350,69350,69350,0,0,0.0,100.0,1,high,24.1,6,2,none,,0,https://www.musinsa.com/products/6897152
2026-09-01,디스이즈네버댓,6910144,T-Logo Tee Heather Sage,0.0,0,55000,55000,55000,0,0,0.0,100.0,1,high,24.09,6,2,none,,0,https://www.musinsa.com/products/6910144
2026-09-01,스컬프터,6931456,Classic Striped Jersey Pants Navy,0.0,0,71100,71100,71100,0,0,0.0,100.0,1,high,24.09,7,2,none,,0,https://www.musinsa.com/products/6931456
2026-09-01,로제프란츠,6948352,Wrap V-neck Long Sleeve [Black],0.0,0,40960,40960,35840,1,5120,14.29,100.0,1,medium,24.08,6,2,none,,0,https://www.musinsa.com/products/6948352
2026-09-01,로제프란츠,6948672,Double Pocket Cardigan [Purple],0.0,0,62720,62720,54880,1,7840,14.29,100.0,1,medium,24.08,6,2,none,,0,https://www.musinsa.com/products/6948672
2026-09-01,오헤시오,6952448,"REVERSIBLE LAYERED KNIT BEANIE, PINK",0.0,0,44230,44230,46550,1,-2320,-4.98,100.0,1,medium,24.09,8,2,none,,0,https://www.musinsa.com/products/6952448
2026-09-01,오헤시오,6953280,"NUBBY TEXTURED HALF KNIT, NAVY",0.0,0,124550,124550,131100,1,-6550,-5.0,100.0,1,medium,24.09,8,2,none,,0,https://www.musinsa.com/products/6953280
2026-09-01,에스피오나지,6956864,Cotton Notched Jacket Olive,0.0,0,149400,149400,149400,0,0,0.0,100.0,1,high,24.09,7,2,none,,0,https://www.musinsa.com/products/6956864
2026-09-01,글로니,6958208,G SOFT TOUCH CAMISOLE (NAVY),0.0,0,37260,37260,37260,0,0,0.0,100.0,1,high,24.09,7,2,none,,0,https://www.musinsa.com/products/6958208
2026-09-01,언탭트 스튜디오,6959424,오버핏 리브드 부클 라운드 니트 가디건 5Color,0.0,0,33550,33550,42700,1,-9150,-21.43,100.0,1,medium,24.02,8,2,none,,0,https://www.musinsa.com/products/6959424
2026-09-01,무센트,6965248,에센셜 레터링 롱 슬리브 티 (2컬러),0.0,0,20930,20930,29900,1,-8970,-30.0,100.0,1,medium,24.09,6,2,none,,0,https://www.musinsa.com/products/6965248
2026-09-01,로제프란츠,6966272,Suede Racer Jacket [Black],0.0,0,198720,198720,173880,1,24840,14.29,100.0,1,medium,24.08,6,2,none,,0,https://www.musinsa.com/products/6966272
2026-09-01,미세키서울,6966912,[레이 PICK] Round duffel bag and wallet GREY,0.0,0,135090,135090,135090,0,0,0.0,100.0,1,high,24.08,6,2,none,,0,https://www.musinsa.com/products/6966912
2026-09-01,와르,6969088,M294 원턱 슬럽 데님 팬츠_딥블루,0.0,0,110600,110600,138240,1,-27640,-19.99,100.0,1,medium,24.09,7,2,none,,0,https://www.musinsa.com/products/6969088
2026-09-01,카네이테이,6969600,WASHABLE BOHEMIAN STRIPE HENLEY NECK KNIT (CHARCOAL),0.0,0,71000,71000,71100,1,-100,-0.14,100.0,1,medium,24.09,7,2,none,,0,https://www.musinsa.com/products/6969600
2026-09-01,브라운브레스,6977472,BB 20TH VIBE GRAPHIC TEE - BLACK,0.0,0,55000,55000,55000,0,0,0.0,100.0,1,high,24.09,8,2,none,,0,https://www.musinsa.com/products/6977472
2026-09-01,마인드브릿지,6978432,와이드 골 조직 다크 인디고 데님 팬츠_DI,0.0,0,79200,79200,79200,0,0,0.0,100.0,1,high,24.08,6,2,none,,0,https://www.musinsa.com/products/6978432
2026-09-01,키뮤어,6979712,[크롭] 스트라이프 레이어드 헨리넥 롱슬리브_차콜,0.0,0,57600,57600,64000,1,-6400,-10.0,100.0,1,medium,24.09,7,2,none,,0,https://www.musinsa.com/products/6979712
2026-09-01,카키포인트,6980096,Plaid Tie Shirt (black),0.81,71508,88290,88290,88290,0,0,0.0,100.0,1,low,24.01,24,4,none,,0,https://www.musinsa.com/products/6980096
2026-09-01,필루미네이트,6982080,피그먼트 헨리넥 스웨트 셔츠-2Color,0.0,0,39900,39900,39900,0,0,0.0,100.0,1,high,24.02,6,2,none,,0,https://www.musinsa.com/products/6982080
2026-09-01,비터셀즈,6982592,에센셜 소프트 벨트 팬츠-블랙,0.0,0,52700,52700,60450,1,-7750,-12.82,100.0,1,medium,24.08,6,2,none,,0,https://www.musinsa.com/products/6982592
2026-09-01,비터셀즈,6982720,루즈핏 체크 니트지 하프 집업-라이트 그레이,0.0,0,78120,78120,78120,0,0,0.0,100.0,1,high,24.08,6,2,none,,0,https://www.musinsa.com/products/6982720
2026-09-01,비터셀즈,6983040,애플 브이넥 니트-베이지,0.0,0,63990,63990,64780,1,-790,-1.22,100.0,1,medium,24.08,6,2,none,,0,https://www.musinsa.com/products/6983040
2026-09-01,수아레,6987904,크로스 페이드 데님 팬츠 라이트 블루,0.0,0,56500,56500,56500,0,0,0.0,100.0,1,high,24.08,6,2,none,,0,https://www.musinsa.com/products/6987904
2026-09-01,스키즘 인듀싱,6988608,TWISTED DRAPED LACE-UP TOP BLACK,0.0,0,70200,70200,,0,,,97.4,0,medium,24.09,4,1,none,,0,https://www.musinsa.com/products/6988608
2026-09-01,스키즘 인듀싱,6988736,LACE TRIMMED LAYERED TOP KHAKI,0.0,0,61200,61200,,0,,,97.4,0,medium,24.09,4,1,none,,0,https://www.musinsa.com/products/6988736
2026-09-01,벨리에,6996288,시티 수피마 롱 슬리브 티셔츠 - 블랙,0.0,0,59850,59850,59850,0,0,0.0,100.0,1,high,24.1,6,2,none,,0,https://www.musinsa.com/products/6996288
2026-09-01,커버낫,6999168,센터 로고 맨투맨 라이트 아쿠아,0.0,0,79000,79000,79000,0,0,0.0,100.0,1,high,24.09,6,2,none,,0,https://www.musinsa.com/products/6999168
2026-09-01,길라아카이브,7000896,[X hieta] GINA BAG_PINK,0.0,0,136890,136890,136890,0,0,0.0,100.0,1,high,24.02,8,2,none,,0,https://www.musinsa.com/products/7000896
2026-09-01,낫포너드,7002688,Stud Panel Wide Denim Pants - Ivory,0.0,0,106200,106200,106200,0,0,0.0,100.0,1,high,24.08,6,2,none,,0,https://www.musinsa.com/products/7002688
2026-09-01,아워데이즈,7009728,[젠플록스X아워데이즈] 세미 커브드 원 턱 스웻 팬츠 [2COLORS],4.03,158807,39430,39430,39430,0,0,0.0,100.0,1,low,35.75,19,1,none,,0,https://www.musinsa.com/products/7009728
2026-09-01,에이이에이이,7012288,STRIPE BIG TOTE BAG [BROWN],0.0,0,93200,93200,93200,0,0,0.0,100.0,1,high,24.08,6,2,none,,0,https://www.musinsa.com/products/7012288
2026-09-01,시야쥬,7013248,SIAC3137 Puff Bag_Black,0.0,0,238550,238550,225990,1,12560,5.56,100.0,1,medium,24.09,6,2,none,,0,https://www.musinsa.com/products/7013248
2026-09-01,헬레네파리스,7024320,로우라이즈 논페이드 데님 부츠컷 팬츠 [딥 블루],0.0,0,55600,55600,55600,0,0,0.0,100.0,1,high,24.09,7,2,none,,0,https://www.musinsa.com/products/7024320
2026-09-01,커버낫,7024704,체크 아치 로고 후드집업 다크 그레이,0.0,0,119000,119000,107100,1,11900,11.11,100.0,1,medium,24.09,6,2,none,,0,https://www.musinsa.com/products/7024704
2026-09-01,아이돈워너셀,7031680,[김샤브칼 PICK] Layered Henley Neck Long Sleeve Charcoal,0.0,0,71400,71400,67200,1,4200,6.25,100.0,1,medium,24.09,6,2,none,,0,https://www.musinsa.com/products/7031680
2026-09-01,드로우핏 우먼,7035200,에센셜 소프트 브이넥 니트 [BLACK],0.0,0,64800,64800,64800,0,0,0.0,100.0,1,high,24.09,8,2,none,,0,https://www.musinsa.com/products/7035200
2026-09-01,시눈,7040768,Flower Shirring Skirt (Dark Navy),0.0,0,142580,142580,142580,0,0,0.0,100.0,1,high,24.1,6,2,none,,0,https://www.musinsa.com/products/7040768
2026-09-01,브랜디드,7048768,RAW SLUB LONG SLEEVE [DARK GRAY],9.6,522156,54400,54400,54400,0,0,0.0,100.0,1,low,48.1,16,2,none,,0,https://www.musinsa.com/products/7048768
2026-09-01,웬즈데이오아시스,7050176,[젠플록스x웬즈데이오아시스] (크롭) 퓨어 코튼 웨스턴 데님 셔츠_3COLOR,135.75,5874795,43275,41400,48300,1,-6900,-14.29,100.0,1,low,4.12,50,14,none,,0,https://www.musinsa.com/products/7050176
2026-09-01,디미트리블랙,7051968,모크넥 쿼터 집업 맨투맨 티셔츠_3 COLOR,0.0,0,38900,38900,38900,0,0,0.0,100.0,1,high,24.09,6,2,none,,0,https://www.musinsa.com/products/7051968
2026-09-01,유니온블루,7054720,SLUB CUT-OFF L/S T-SHIRT [BLACK],0.0,0,62400,62400,62400,0,0,0.0,100.0,1,low,24.09,17,2,none,,0,https://www.musinsa.com/products/7054720
2026-09-01,유니온블루,7055040,STRIPE WESTERN SHIRTS [BROWN],0.0,0,100300,100300,100300,0,0,0.0,100.0,1,high,24.09,7,2,none,,0,https://www.musinsa.com/products/7055040
2026-09-01,아메스 월드와이드,7058112,CLASSIC BOYFRIEND SHIRTS IVORY,0.0,0,56880,56880,63200,1,-6320,-10.0,100.0,1,medium,24.08,6,2,none,,0,https://www.musinsa.com/products/7058112
2026-09-01,파르티멘토,7058624,크롭 집업 후디 차콜,0.0,0,87900,87900,79110,1,8790,11.11,100.0,1,medium,24.09,6,2,none,,0,https://www.musinsa.com/products/7058624
2026-09-01,비긴202,7060032,리엔 트랙 팬츠 [차콜],0.0,0,118150,118150,118150,0,0,0.0,100.0,1,high,24.08,6,2,none,,0,https://www.musinsa.com/products/7060032
2026-09-01,넌블랭크,7072832,일레귤러 패널 체크 LS 셔츠_BLUISH GREY,0.0,0,116910,116910,116910,0,0,0.0,100.0,1,high,24.02,8,2,none,,0,https://www.musinsa.com/products/7072832
2026-09-01,바우프,7079552,버니 이어 레이어드 스커트 [퍼플],0.0,0,116100,116100,116100,0,0,0.0,100.0,1,high,24.08,6,2,none,,0,https://www.musinsa.com/products/7079552
2026-09-01,바우프,7079872,스타 멜로디 스웻팬츠 [퍼플],0.0,0,98100,98100,98100,0,0,0.0,100.0,1,high,24.08,6,2,none,,0,https://www.musinsa.com/products/7079872
2026-09-01,제이엘브,7081152,우먼스 플레어 데님 팬츠,0.0,0,65000,65000,65000,0,0,0.0,100.0,1,high,24.02,8,2,none,,0,https://www.musinsa.com/products/7081152
2026-09-01,제이엘브,7081280,우먼스 니트 쇼츠,0.0,0,38000,38000,38000,0,0,0.0,100.0,1,high,24.02,8,2,none,,0,https://www.musinsa.com/products/7081280
2026-09-01,해비즘,7086208,H STRIPE RAGLAN L/S TEE(SKY BLUE),0.0,0,44640,44640,34720,1,9920,28.57,100.0,1,medium,24.02,8,2,none,,0,https://www.musinsa.com/products/7086208
2026-09-01,파르티멘토 우먼,7096192,PWC 클래식 트윈 니트 베스트_차콜 멜란지,0.0,0,36720,36720,28560,1,8160,28.57,100.0,1,medium,24.08,4,2,none,,0,https://www.musinsa.com/products/7096192
2026-09-01,인사일런스 우먼,7096384,이스트 웨스트 숄더백 BROWN,0.0,0,219000,219000,219000,0,0,0.0,100.0,1,high,24.09,7,2,none,,0,https://www.musinsa.com/products/7096384
2026-09-01,파르티멘토 우먼,7096512,PWC 에브리데이 후디 집업_9컬러,0.0,0,52020,52020,40460,1,11560,28.57,100.0,1,medium,24.08,4,2,none,,0,https://www.musinsa.com/products/7096512
2026-09-01,알리스,7096704,클라우드 터치 헨리넥 크롭 니트 [블랙],0.0,0,46840,46840,49040,1,-2200,-4.49,100.0,1,medium,24.08,6,2,none,,0,https://www.musinsa.com/products/7096704
2026-09-01,해칭룸,7097472,Diamond Scarf Floral Paisley Khaki,0.0,0,48000,48000,48000,0,0,0.0,100.0,1,high,24.08,6,2,none,,0,https://www.musinsa.com/products/7097472
2026-09-01,쿠어,7102720,딥 커브드 점보 워시드 팬츠 (워시드블랙),0.0,0,207000,207000,207000,0,0,0.0,100.0,1,high,24.1,6,2,none,,0,https://www.musinsa.com/products/7102720
2026-09-01,비바라비다,7103424,Poken 롱 슬리브 티셔츠,0.0,0,34900,34900,34900,0,0,0.0,100.0,1,high,24.09,7,2,none,,0,https://www.musinsa.com/products/7103424
2026-09-01,디스이즈네버댓,7104640,Arch-Logo Cap Grey,0.0,0,55000,55000,55000,0,0,0.0,100.0,1,high,24.09,6,2,none,,0,https://www.musinsa.com/products/7104640
2026-09-01,디스이즈네버댓,7104704,T-Logo Crewneck Charcoal,0.0,0,99000,99000,99000,0,0,0.0,100.0,1,high,24.09,6,2,none,,0,https://www.musinsa.com/products/7104704
2026-09-01,다이브인,7105344,RAGLAN LONG SLEEVE (CHARCOAL),0.0,0,45000,45000,36000,1,9000,25.0,100.0,1,medium,24.09,6,2,none,,0,https://www.musinsa.com/products/7105344
2026-09-01,벨리에,7116160,어반 쉐이드 코듀로이 팬츠 - 블랙,0.0,0,179550,179550,179550,0,0,0.0,100.0,1,high,24.1,6,2,none,,0,https://www.musinsa.com/products/7116160
2026-09-01,벨리에,7116224,레더 트림 코듀로이 블루종 - 블랙,0.0,0,319200,319200,319200,0,0,0.0,100.0,1,high,24.1,6,2,none,,0,https://www.musinsa.com/products/7116224
2026-09-01,루에브르,7116416,Arche Shoulder Large FA6AB376-FH,0.0,0,349000,349000,349000,0,0,0.0,100.0,1,high,24.09,8,2,none,,0,https://www.musinsa.com/products/7116416
2026-09-01,칙스,7117312,CKS 스탠다드 슬림핏 셔츠 소라,0.0,0,44900,44900,35920,1,8980,25.0,100.0,1,medium,24.09,7,2,none,,0,https://www.musinsa.com/products/7117312
2026-09-01,다이브인,7120768,WASHED STANDARD COTTON SHIRTS (NAVY),0.0,0,58650,58650,69000,1,-10350,-15.0,100.0,1,medium,24.09,6,2,none,,0,https://www.musinsa.com/products/7120768
2026-09-01,브룩스 브라더스,7126208,울 맥코트 (블랙) (BBCSMBG401),0.0,0,899000,899000,899000,0,0,0.0,100.0,1,high,24.02,8,2,none,,0,https://www.musinsa.com/products/7126208
2026-09-01,후드후드,7126976,THE VISITOR 스트라이프 레이어드 롱슬리브 그린,0.0,0,56880,56880,56880,0,0,0.0,100.0,1,high,24.08,6,2,none,,0,https://www.musinsa.com/products/7126976
2026-09-01,일꼬르소,7129088,도레이 펑셔널 후드 자켓 차콜그레이,0.0,0,161600,161600,179550,1,-17950,-10.0,100.0,1,medium,24.09,6,2,none,,0,https://www.musinsa.com/products/7129088
2026-09-01,더바이닐하우스,7134208,BLOCK UNBALANCE LS TEE(W) CREAM,0.0,0,65550,65550,69000,1,-3450,-5.0,100.0,1,medium,24.09,6,2,none,,0,https://www.musinsa.com/products/7134208
2026-09-01,꼼파뇨,7147456,보네르 퍼피 피그먼트 레글런 맨투맨 고스트그레이,0.0,0,41800,41800,41800,0,0,0.0,100.0,1,high,24.08,6,2,none,,0,https://www.musinsa.com/products/7147456
2026-09-01,커버낫,7148096,스네일 그래픽 후디 멜란지 그레이,0.0,0,109000,109000,,0,,,59.03,0,low,24.01,3,1,none,,0,https://www.musinsa.com/products/7148096
2026-09-01,프리즘웍스,7148736,WAXED COWHIDE BUDDY HARRINGTON JACKET _ BROWN,0.0,0,498000,498000,,0,,,97.35,0,medium,24.09,4,1,none,,0,https://www.musinsa.com/products/7148736
2026-09-01,파르티멘토,7156736,멀티 스트라이프 럭비 롱 슬리브 버건디,0.0,0,43900,43900,43900,0,0,0.0,100.0,1,high,24.09,6,2,none,,0,https://www.musinsa.com/products/7156736
2026-09-01,탄산마그네슘,7160896,워싱 카고 포켓 팬츠 (베이지),0.0,0,158840,158840,158840,0,0,0.0,100.0,1,high,24.1,6,2,none,,0,https://www.musinsa.com/products/7160896
2026-09-01,탄산마그네슘,7160960,본 롱슬리브 (블랙/블루),0.0,0,60040,60040,60040,0,0,0.0,100.0,1,high,24.1,6,2,none,,0,https://www.musinsa.com/products/7160960
2026-09-01,비바라비다,7171328,스트라이프 후드 롱 슬리브 티셔츠,0.0,0,56900,56900,56900,0,0,0.0,100.0,1,high,24.09,7,2,none,,0,https://www.musinsa.com/products/7171328
2026-09-01,탄산마그네슘,7186240,핸드 프린트 롱슬리브 (블랙/레드),0.0,0,52440,52440,52440,0,0,0.0,100.0,1,high,24.1,6,2,none,,0,https://www.musinsa.com/products/7186240
2026-09-01,언더오프,7188928,크롭핏 스트라이프 하프넥 울 니트 아이보리,0.0,0,45900,45900,49900,1,-4000,-8.02,100.0,1,medium,24.09,6,2,none,,0,https://www.musinsa.com/products/7188928
2026-09-01,언더오프,7188992,헨리넥 배색 레이어드 크롭 니트 블랙,0.0,0,43900,43900,43900,0,0,0.0,100.0,1,high,24.09,6,2,none,,0,https://www.musinsa.com/products/7188992
2026-09-01,본투윈,7189056,SYMBOL B COMPRESSION SHORT SLEEVE [BLACK],0.0,0,59000,59000,59000,0,0,0.0,100.0,1,high,24.09,7,2,none,,0,https://www.musinsa.com/products/7189056
2026-09-01,시그니처,7206720,레이어드 스트라이프 헨리넥[그레이],0.0,0,39900,39900,39900,0,0,0.0,100.0,1,high,24.08,4,2,none,,0,https://www.musinsa.com/products/7206720
2026-09-02,꼼파뇨,247936,sonar disenar cumplir LONG BELT,0.0,0,9900,9900,9900,0,0,0.0,100.0,1,high,24.18,5,2,none,,0,https://www.musinsa.com/products/247936
2026-09-02,트립르센스,682240,Thinsulate 3 Button Wool Coat BEIGE,0.0,0,74500,74500,74500,0,0,0.0,100.0,1,high,24.01,7,2,none,,0,https://www.musinsa.com/products/682240
2026-09-02,제멋,745344,루즈핏 카라티셔츠  딥그린 JKST2066,0.0,0,22300,22300,22300,0,0,0.0,100.0,1,high,24.09,7,2,none,,0,https://www.musinsa.com/products/745344
2026-09-02,러브이즈트루,844608,(UNISEX)DS LOGO OVER JACKET(BEIGE),0.0,0,47000,47000,47000,0,0,0.0,100.0,1,high,24.01,7,2,none,,0,https://www.musinsa.com/products/844608
2026-09-02,카네이테이,1061888,BRICK ZIP WALLET M (OLIVE DRAB) / UPCYCLED,0.0,0,61600,61600,61600,0,0,0.0,100.0,1,high,24.08,7,2,none,,0,https://www.musinsa.com/products/1061888
2026-09-02,르아르,1151744,미니멀 울 반목폴라 니트 [아이보리],0.0,0,35900,35900,35900,0,0,0.0,100.0,1,high,24.0,5,2,none,,0,https://www.musinsa.com/products/1151744
2026-09-02,쿠어,1548480,탑필 캐시미어 라운드 니트 (블루그레이),0.0,0,87200,87200,87200,0,0,0.0,100.0,1,high,24.0,5,2,none,,0,https://www.musinsa.com/products/1548480
2026-09-02,인사일런스,1562880,[BLACK LABEL] 버진 울 플란넬 자켓 BLACK,0.0,0,99500,99500,99500,0,0,0.0,100.0,1,high,24.0,6,2,none,,0,https://www.musinsa.com/products/1562880
2026-09-02,시그니처,1584704,퍼티그 와이드 데님 [오프화이트],0.22,7802,34900,34900,34900,0,0,0.0,100.0,1,high,25.12,12,2,none,,0,https://www.musinsa.com/products/1584704
2026-09-02,노이어,1638592,울 원 턱 릴렉스 슬랙스 (블랙),0.0,0,71000,71000,71000,0,0,0.0,100.0,1,high,24.09,7,2,none,,0,https://www.musinsa.com/products/1638592
2026-09-02,미나브,1826304,터키쉬 코튼 텐셀 셔츠 [시타델블루],0.0,0,17100,17100,17100,0,0,0.0,100.0,1,low,24.09,8,2,none,,0,https://www.musinsa.com/products/1826304
2026-09-02,낫포너드,1841216,Wide String Cargo Slacks Pants - Navy,0.77,20621,26910,26910,26910,0,0,0.0,100.0,1,high,25.12,5,2,none,,0,https://www.musinsa.com/products/1841216
2026-09-02,제멋,1884480,[2PACK] 코스모 밴딩 숏팬츠 2PACK JMSP2332,1.97,74505,37900,37900,37900,0,0,0.0,100.0,1,high,24.09,7,2,none,,0,https://www.musinsa.com/products/1884480
2026-09-02,프리즘웍스,1964608,OG DOUBLE RIB OVERSIZED TEE _ MELANGE GRAY,0.98,28307,28800,28800,28800,0,0,0.0,100.0,1,high,24.09,7,2,none,,0,https://www.musinsa.com/products/1964608
2026-09-02,슈퍼서브,2080448,시그니처 로고 클래식 긴팔티-블랙,0.0,0,24500,24500,24500,0,0,0.0,100.0,1,high,25.12,5,2,none,,0,https://www.musinsa.com/products/2080448
2026-09-02,넌블랭크,2102464,세미 와이드 핏 슬랙스_CHARCOAL GREY,0.0,0,47200,47200,47200,0,0,0.0,100.0,1,low,72.1,4,2,none,,0,https://www.musinsa.com/products/2102464
2026-09-02,제멋,2129792,디어 소프트 워싱 밴딩팬츠 더스티카키 KJLP2392,0.0,0,38900,38900,38900,0,0,0.0,100.0,1,high,24.09,7,2,none,,0,https://www.musinsa.com/products/2129792
2026-09-02,트립르센스,2154432,베이직 터틀넥 폴라 니트_토피 브라운,0.0,0,25200,25200,25200,0,0,0.0,100.0,1,high,24.01,7,2,none,,0,https://www.musinsa.com/products/2154432
2026-09-02,코드그라피,2154880,[PRIMALOFT] 몬스터 숏패딩_차콜,0.0,0,97300,97300,97300,0,0,0.0,100.0,1,high,25.12,5,2,none,,0,https://www.musinsa.com/products/2154880
2026-09-02,프리즘웍스,2164224,SPLASH PAINTING SWEATSHIRT _ BLUE,0.0,0,35550,35550,35550,0,0,0.0,100.0,1,high,24.09,7,2,none,,0,https://www.musinsa.com/products/2164224
2026-09-02,로제프란츠,2247232,World Flower Hoodie [Charcoal],0.0,0,39160,39160,39160,0,0,0.0,100.0,1,high,25.12,5,2,none,,0,https://www.musinsa.com/products/2247232
2026-09-02,에스피오나지,2288704,Miller Heavyweight Cardigan Burnt Orange,0.0,0,138700,138700,138700,0,0,0.0,100.0,1,high,24.09,7,2,none,,0,https://www.musinsa.com/products/2288704
2026-09-02,도프제이슨,2307200,오버핏 믹스레더 레이싱 자켓,0.0,0,403750,403750,403750,0,0,0.0,100.0,1,high,24.01,7,2,none,,0,https://www.musinsa.com/products/2307200
2026-09-02,인템포무드,2319936,하찌 엘보 볼륨 풀오버_그린어스,0.0,0,50400,50400,50400,0,0,0.0,100.0,1,high,24.0,6,2,none,,0,https://www.musinsa.com/products/2319936
2026-09-02,꼼파뇨,2339904,UmBRELLA Hoooly 자수 후드 블랙,0.11,4275,39600,39600,39600,0,0,0.0,100.0,1,high,24.2,5,2,none,,0,https://www.musinsa.com/products/2339904
2026-09-02,트래블,2340480,메탈 프론트 다트 팬츠 블랙_조거팬츠가능,0.0,0,29500,29500,29500,0,0,0.0,100.0,1,high,24.09,8,2,none,,0,https://www.musinsa.com/products/2340480
2026-09-02,에이치덱스,2361600,스탠다드 머슬핏 반팔티,0.22,5628,25200,25200,25200,0,0,0.0,100.0,1,high,25.12,5,2,none,,0,https://www.musinsa.com/products/2361600
2026-09-02,커버낫,2384128,프레쉬 세리프 로고 캔버스백 핑크,0.0,0,20300,20300,20300,0,0,0.0,100.0,1,high,24.0,6,2,none,,0,https://www.musinsa.com/products/2384128
2026-09-02,브렌슨,2385280,Essential 오버핏 2Way 후드집업,1.0,29906,29900,29900,29900,0,0,0.0,100.0,1,high,24.0,9,2,none,,0,https://www.musinsa.com/products/2385280
2026-09-02,링서울,2433024,pocket bio poplin shirt-stripe,0.0,0,76060,76060,76060,0,0,0.0,100.0,1,high,24.01,7,2,none,,0,https://www.musinsa.com/products/2433024
2026-09-02,제로,2443072,Clean Denim Deep Two Tuck Vertical Pants [Brown],0.0,0,47790,47790,47790,0,0,0.0,100.0,1,high,24.0,5,2,none,,0,https://www.musinsa.com/products/2443072
2026-09-02,데케트,2450048,[여름원단]Cropped Tapered Jeans DCPT004Ivory,0.0,0,23600,23600,23600,0,0,0.0,100.0,1,high,24.2,5,2,none,,0,https://www.musinsa.com/products/2450048
2026-09-02,데케트,2450112,[썸머 린넨라이크]투턱 숏 데님 팬츠 DCPT006OLBLACK,0.0,0,23600,23600,23600,0,0,0.0,100.0,1,high,24.2,5,2,none,,0,https://www.musinsa.com/products/2450112
2026-09-02,엘무드,2452864,홀리데이 PK 하프 니트 반팔 셔츠 애쉬 블루,0.0,0,30800,30800,30800,0,0,0.0,100.0,1,high,24.0,6,2,none,,0,https://www.musinsa.com/products/2452864
2026-09-02,제멋,2476160,루이스 박스 반팔티셔츠 로얄네이비 KJST2411,0.0,0,24600,24600,24600,0,0,0.0,100.0,1,high,24.09,7,2,none,,0,https://www.musinsa.com/products/2476160
2026-09-02,제멋,2487104,포지 오버핏 반팔셔츠 6종 아이보리 SOSS2414,0.0,0,36800,36800,36800,0,0,0.0,100.0,1,high,24.09,7,2,none,,0,https://www.musinsa.com/products/2487104
2026-09-02,가까이유니언즈,2499776,원턱 스웨트 숏 팬츠 블랙,0.0,0,29400,29400,29400,0,0,0.0,100.0,1,high,24.0,12,8,none,,0,https://www.musinsa.com/products/2499776
2026-09-02,낫포너드,2501312,Carbon Baggy Pants - Black,0.0,0,39000,39000,39000,0,0,0.0,100.0,1,high,25.12,5,2,none,,0,https://www.musinsa.com/products/2501312
2026-09-02,시야쥬,2558656,SITP5063 U-neck T-shirt_Cream,0.0,0,30780,30780,30780,0,0,0.0,100.0,1,high,24.0,6,2,none,,0,https://www.musinsa.com/products/2558656
2026-09-02,엑스트라오디너리,2596544,B.S.C TEE CROP WHITE,0.0,0,21500,21500,21500,0,0,0.0,100.0,1,high,24.2,5,2,none,,0,https://www.musinsa.com/products/2596544
2026-09-02,나인제트,2643072,브이넥 폴리 머슬핏 티셔츠 22TS10,0.0,0,19900,19900,19900,0,0,0.0,100.0,1,high,24.2,5,2,none,,0,https://www.musinsa.com/products/2643072
2026-09-02,코드그라피,2744512,(우먼) 코듀로이 플리스 양털 패딩_아이보리,0.0,0,97300,97300,97300,0,0,0.0,100.0,1,high,25.12,5,2,none,,0,https://www.musinsa.com/products/2744512
2026-09-02,키르시,2744640,스몰 체리 드레스 [멜란지 그레이],0.0,0,22200,22200,22200,0,0,0.0,100.0,1,high,24.0,6,2,none,,0,https://www.musinsa.com/products/2744640
2026-09-02,넌블랭크,2757824,루즈 핏 카라 가디건_IVORY,0.0,0,95200,95200,95200,0,0,0.0,100.0,1,high,24.01,7,2,none,,0,https://www.musinsa.com/products/2757824
2026-09-02,시그니처,2760384,케이블 카라 니트[그린],0.0,0,39900,39900,39900,0,0,0.0,100.0,1,high,25.12,5,2,none,,0,https://www.musinsa.com/products/2760384
2026-09-02,시야쥬,2772096,SIPT7052 muse two tuck wide slacks_Beige,0.0,0,74390,74390,74390,0,0,0.0,100.0,1,high,24.0,6,2,none,,0,https://www.musinsa.com/products/2772096
2026-09-02,유라고,2774464,Harry stripe wool knit,0.0,0,57760,57760,57760,0,0,0.0,100.0,1,high,24.0,5,2,none,,0,https://www.musinsa.com/products/2774464
2026-09-02,링서울,2790784,gold button tweed jacket-black,0.0,0,159490,159490,159490,0,0,0.0,100.0,1,high,24.01,7,2,none,,0,https://www.musinsa.com/products/2790784
2026-09-02,스컬프터,2796480,Glossy Satin Shirt Pale Beige,0.0,0,75600,75600,75600,0,0,0.0,100.0,1,high,24.08,7,2,none,,0,https://www.musinsa.com/products/2796480
2026-09-02,와이케이,2843776,코팅 절개 팬츠 크림,0.0,0,43600,43600,43600,0,0,0.0,100.0,1,high,24.01,7,2,none,,0,https://www.musinsa.com/products/2843776
2026-09-02,어반드레스,2850816,AV LOGO BEANIE BLACK,0.0,0,19500,19500,19500,0,0,0.0,100.0,1,high,24.09,7,2,none,,0,https://www.musinsa.com/products/2850816
2026-09-02,어반드레스,2850880,Two-tuck Stitch Denim Pants INDIGO,0.0,0,27200,27200,27200,0,0,0.0,100.0,1,high,24.09,7,2,none,,0,https://www.musinsa.com/products/2850880
2026-09-02,노이어,2870400,부클 후디 오버핏 스웨터 (블랙),0.0,0,112000,112000,112000,0,0,0.0,100.0,1,high,24.09,7,2,none,,0,https://www.musinsa.com/products/2870400
2026-09-02,솔트앤초콜릿,2881984,라운드 토 스티치 청키 로퍼 412239004/412315007 (3cm/2type),0.0,0,59400,59400,59400,0,0,0.0,100.0,1,high,24.08,7,2,none,,0,https://www.musinsa.com/products/2881984
2026-09-02,시눈,2932992,2WAY TUBE TOP MINI DRESS (LIGHT KHAKI),0.0,0,49900,49900,55440,1,-5540,-9.99,100.0,1,medium,24.0,5,2,none,,0,https://www.musinsa.com/products/2932992
2026-09-02,에이치덱스,2987968,우먼스 메인 빅 로고 조거팬츠 2 color,0.22,13264,59500,59500,59500,0,0,0.0,100.0,1,high,25.13,5,2,none,,0,https://www.musinsa.com/products/2987968
2026-09-02,더블유엠씨,3011712,핀턱 조거 팬츠_BLACK,0.0,0,29600,29600,29600,0,0,0.0,100.0,1,high,24.01,7,2,none,,0,https://www.musinsa.com/products/3011712
2026-09-02,트래블,3012032,미시간 울버린 피그먼트 후드티 써머 베케이션,0.0,0,39500,39500,39500,0,0,0.0,100.0,1,high,24.09,8,2,none,,0,https://www.musinsa.com/products/3012032
2026-09-02,필루미네이트,3044032,1988 로고 볼 캡-그린,0.0,0,25000,25000,25000,0,0,0.0,100.0,1,high,24.01,7,2,none,,0,https://www.musinsa.com/products/3044032
2026-09-02,나인제트,3046464,기백이 넘치다 스웻셔츠 (블랙),0.0,0,27600,27600,27600,0,0,0.0,100.0,1,high,24.21,5,2,none,,0,https://www.musinsa.com/products/3046464
2026-09-02,드로우핏,3052416,호보 레더 메신저백 [BLACK],1.05,72837,69300,69300,69300,0,0,0.0,100.0,1,low,48.08,9,2,none,,0,https://www.musinsa.com/products/3052416
2026-09-02,쿠어,3058304,후디드 크링클 아노락 셔츠 (블랙),0.0,0,144000,144000,144000,0,0,0.0,100.0,1,high,24.0,5,2,none,,0,https://www.musinsa.com/products/3058304
2026-09-02,디미트리블랙,3059712,사이드픽스 슈팅 블레이저 자켓_블랙,0.0,0,99900,99900,99900,0,0,0.0,100.0,1,high,24.0,6,2,none,,0,https://www.musinsa.com/products/3059712
2026-09-02,세컨모놀로그,3065152,유틸리티 파카링 카고 팬츠 라이트베이지 SEPT003L.BEIGE,0.0,0,35600,35600,35600,0,0,0.0,100.0,1,high,24.0,6,2,none,,0,https://www.musinsa.com/products/3065152
2026-09-02,프리즘웍스,3067712,HEAVY WOOL ROUND CARDIGAN _ INDIGO,0.0,0,115200,115200,115200,0,0,0.0,100.0,1,high,24.09,7,2,none,,0,https://www.musinsa.com/products/3067712
2026-09-02,시눈,3083200,FISHER SLIT CABLE KNIT VEST (WHITE),0.0,0,29110,29110,32340,1,-3230,-9.99,100.0,1,medium,24.0,5,2,none,,0,https://www.musinsa.com/products/3083200
2026-09-02,시눈,3083328,CLASSIC LOGO CAP (NAVY),0.36,13867,38700,38700,43000,1,-4300,-10.0,100.0,1,medium,24.0,5,2,none,,0,https://www.musinsa.com/products/3083328
2026-09-02,시야쥬,3084736,SIPT7074 Labelle Slit Slacks_Beige,0.0,0,66560,66560,66560,0,0,0.0,100.0,1,high,24.0,6,2,none,,0,https://www.musinsa.com/products/3084736
2026-09-02,커버낫,3086656,오버핏 플랩 포켓 셔츠 자켓 베이지,0.0,0,49500,49500,49500,0,0,0.0,100.0,1,high,24.0,6,2,none,,0,https://www.musinsa.com/products/3086656
2026-09-02,쿠어,3094592,더블 네티드 후드 집업 (블랙),0.0,0,159200,159200,159200,0,0,0.0,100.0,1,high,24.0,5,2,none,,0,https://www.musinsa.com/products/3094592
2026-09-02,프리즘웍스,3096448,BUDDY HARRINGTON JACKET _ NAVY,0.0,0,124200,124200,124200,0,0,0.0,100.0,1,high,24.09,7,2,none,,0,https://www.musinsa.com/products/3096448
2026-09-02,트립르센스,3098752,시그니처 프렌치 카라 스웻셔츠_LIGHT GREY,0.0,0,40000,40000,40000,0,0,0.0,100.0,1,high,24.01,7,2,none,,0,https://www.musinsa.com/products/3098752
2026-09-02,르바,3116288,Essential Cotton Half Pants - Beige,0.0,0,89100,89100,89100,0,0,0.0,100.0,1,high,25.13,5,2,none,,0,https://www.musinsa.com/products/3116288
2026-09-02,세컨모놀로그,3132544,키홀 펀칭 후드 집업 니트 네이비 SEJK007NAVY,0.0,0,55600,55600,55600,0,0,0.0,100.0,1,high,24.0,6,2,none,,0,https://www.musinsa.com/products/3132544
2026-09-02,엘무드,3136960,다이브 하프 셔츠 스쿠버 블루,0.0,0,39200,39200,39200,0,0,0.0,100.0,1,high,24.0,6,2,none,,0,https://www.musinsa.com/products/3136960
2026-09-02,드로우핏,3154688,원턱 밴딩 테이퍼드 슬랙스 [BLACK],0.22,11079,49770,49770,49770,0,0,0.0,100.0,1,high,25.13,5,2,none,,0,https://www.musinsa.com/products/3154688
2026-09-02,스컬프터,3171328,Cartolina Cargo Jogger Pants Lime,0.0,0,49840,49840,49840,0,0,0.0,100.0,1,high,24.08,7,2,none,,0,https://www.musinsa.com/products/3171328
2026-09-02,나이스고스트클럽,3176384,TORNADO LOGO TEE_BLACK(NG2EMUT503A),0.0,0,30870,30870,30870,0,0,0.0,100.0,1,high,24.01,7,2,none,,0,https://www.musinsa.com/products/3176384
2026-09-02,커버낫,3195328,브이넥 니트 베스트 베이지,0.0,0,31600,31600,31600,0,0,0.0,100.0,1,high,24.0,6,2,none,,0,https://www.musinsa.com/products/3195328
2026-09-02,더블유엠씨,3212672,스카시 망사 라운드 니트_BLACK,0.0,0,37600,37600,37600,0,0,0.0,100.0,1,high,24.01,7,2,none,,0,https://www.musinsa.com/products/3212672
2026-09-02,미나브,3214272,강연코튼 케이블 펀칭 카라 니트 [아이보리],0.0,0,35100,35100,35100,0,0,0.0,100.0,1,high,24.09,8,2,none,,0,https://www.musinsa.com/products/3214272
2026-09-02,제멋,3226688,보이클럽 오버핏 반팔티셔츠 4종 네이비 SOST2481,0.0,0,27900,27900,27900,0,0,0.0,100.0,1,high,24.09,7,2,none,,0,https://www.musinsa.com/products/3226688
2026-09-02,세컨모놀로그,3247680,키홀 카라 숏 슬리브 썸머 니트 블랙 SEKT005BLACK,0.0,0,17150,17150,17150,0,0,0.0,100.0,1,high,24.0,6,2,none,,0,https://www.musinsa.com/products/3247680
2026-09-02,주앙옴므,3249024,브러쉬 페이딩 하프 슬리브 티셔츠 (다크 네이비),0.0,0,50400,50400,50400,0,0,0.0,100.0,1,high,24.22,5,2,none,,0,https://www.musinsa.com/products/3249024
2026-09-02,러프사이드,3251264,Primary Half Sleeve Off White,0.64,31463,49000,49000,49000,0,0,0.0,100.0,1,high,24.0,5,2,none,,0,https://www.musinsa.com/products/3251264
2026-09-02,드로우핏,3255744,프린지 카라 반팔 니트 [OLIVE GREEN],0.0,0,39600,39600,39600,0,0,0.0,100.0,1,high,25.13,5,2,none,,0,https://www.musinsa.com/products/3255744
2026-09-02,제멋,3257728,링크 투턱 카고 숏팬츠 5종 베이지 KJSP2484,0.02,497,28900,28900,28900,0,0,0.0,100.0,1,high,24.09,7,2,none,,0,https://www.musinsa.com/products/3257728
2026-09-02,아워데이즈,3260096,쿨 린넨 라이크 와이드핏 데님 [BLUE],0.0,0,49600,49600,49600,0,0,0.0,100.0,1,high,25.13,5,2,none,,0,https://www.musinsa.com/products/3260096
2026-09-02,세컨모놀로그,3277312,키홀 시그니쳐 로고 버킷햇 블랙 SEAC002BLACK,0.0,0,23600,23600,23600,0,0,0.0,100.0,1,high,24.0,6,2,none,,0,https://www.musinsa.com/products/3277312
2026-09-02,론론,3289344,DOUBLE RIBBON OVER FIT T SHIRT WHITE,0.0,0,53460,53460,53460,0,0,0.0,100.0,1,high,24.09,7,2,none,,0,https://www.musinsa.com/products/3289344
2026-09-02,파르티멘토 우먼,3292672,컷 오프 버뮤다 진_블랙,0.0,0,107100,107100,107100,0,0,0.0,100.0,1,high,24.22,5,2,none,,0,https://www.musinsa.com/products/3292672
2026-09-02,러브이즈트루,3306048,PY LVTR TEE(BLUE),0.0,0,46550,46550,46550,0,0,0.0,100.0,1,high,24.01,4,2,none,,0,https://www.musinsa.com/products/3306048
2026-09-02,솔트앤초콜릿,3306688,SAC 남성 첼시부츠 422316001 (4cm),0.0,0,101400,101400,101400,0,0,0.0,100.0,1,high,24.08,7,2,none,,0,https://www.musinsa.com/products/3306688
2026-09-02,링서울,3312448,relax banded pants-black,0.0,0,65530,65530,65530,0,0,0.0,100.0,1,high,24.01,7,2,none,,0,https://www.musinsa.com/products/3312448
2026-09-02,스키즘 인듀싱,3330560,"NYLON CARGO PANTS, BLACK",0.0,0,79500,79500,79500,0,0,0.0,100.0,1,high,24.09,7,2,none,,0,https://www.musinsa.com/products/3330560
2026-09-02,제멋,3348288,샌디 와이드 워크팬츠 6종 카키 SOLP2517,0.0,0,41900,41900,41900,0,0,0.0,100.0,1,high,24.09,7,2,none,,0,https://www.musinsa.com/products/3348288
2026-09-02,트립르센스,3357504,스테디 썸머 플리츠 오버 셔츠_핑크,0.0,0,59200,59200,59200,0,0,0.0,100.0,1,high,24.01,7,2,none,,0,https://www.musinsa.com/products/3357504
2026-09-02,꼼파뇨,3364992,와이드 오버 카고 팬츠 블랙,1.0,49470,49510,49510,49510,0,0,0.0,100.0,1,high,24.22,5,2,none,,0,https://www.musinsa.com/products/3364992
2026-09-02,러브이즈트루,3374528,BE BEACH SHORTS(IVORY),0.0,0,30800,30800,30800,0,0,0.0,100.0,1,high,24.01,7,2,none,,0,https://www.musinsa.com/products/3374528
2026-09-02,러프사이드,3431552,25FW Primary Long Sleeve Off White,0.0,0,69000,69000,69000,0,0,0.0,100.0,1,high,24.0,5,2,none,,0,https://www.musinsa.com/products/3431552
2026-09-02,코드그라피,3439168,와이드 멀티 포켓 나일론 카고 파라슈트 팬츠_3color,0.0,0,62300,62300,62300,0,0,0.0,100.0,1,high,25.14,5,2,none,,0,https://www.musinsa.com/products/3439168
2026-09-02,커버낫,3439808,모크넥 세미 오버 레글런 맨투맨 오트밀,0.0,0,45000,45000,45000,0,0,0.0,100.0,1,high,24.0,6,2,none,,0,https://www.musinsa.com/products/3439808
2026-09-02,스컬프터,3460544,Shirring Zip-Up Jersey Ballerina Pink,0.86,65417,76160,76160,76160,0,0,0.0,100.0,1,high,24.08,7,2,none,,0,https://www.musinsa.com/products/3460544
2026-09-02,더뮤지엄비지터,3461632,FOREVER ART PRINTED CURVED ZIPPER WINDBREAKER (BLACK),0.0,0,138400,138400,138400,0,0,0.0,100.0,1,high,24.08,7,2,none,,0,https://www.musinsa.com/products/3461632
2026-09-02,커버낫,3469440,헤비웨이트 오버핏 맨투맨 베이지,0.0,0,53400,53400,53400,0,0,0.0,100.0,1,high,24.0,6,2,none,,0,https://www.musinsa.com/products/3469440
2026-09-02,가까이유니언즈,3479936,루바토 브이넥 맨투맨 화이트 멜란지,0.0,0,42400,42400,42400,0,0,0.0,100.0,1,high,24.0,6,2,none,,0,https://www.musinsa.com/products/3479936
2026-09-02,드로우핏우먼,3485568,핀턱 터틀넥 롱 슬리브 탑 [BLACK],0.0,0,23760,23760,29700,1,-5940,-20.0,100.0,1,medium,24.09,8,2,none,,0,https://www.musinsa.com/products/3485568
2026-09-02,드로우핏우먼,3485760,내추럴 스티치 스퀘어 백 [BLACK],0.0,0,78400,78400,78400,0,0,0.0,100.0,1,high,24.09,8,2,none,,0,https://www.musinsa.com/products/3485760
2026-09-02,노이어,3505408,[2PACK] 실키 블렌디드 U넥 티셔츠,0.0,0,69600,69600,69600,0,0,0.0,100.0,1,high,24.09,7,2,none,,0,https://www.musinsa.com/products/3505408
2026-09-02,모즈모즈,3508736,안감선택 아치로고 오버핏 맨투맨 백메란지,0.0,0,32800,32800,32800,0,0,0.0,100.0,1,high,24.0,5,2,none,,0,https://www.musinsa.com/products/3508736
2026-09-02,알리스,3510016,더블 라인 플랩 카고 스웻 팬츠 [블랙],0.0,0,65300,65300,65300,0,0,0.0,100.0,1,high,24.23,5,2,none,,0,https://www.musinsa.com/products/3510016
2026-09-02,어반드레스,3510720,Kamen Collar Knit MELANGE,0.0,0,30000,30000,30000,0,0,0.0,100.0,1,high,24.09,7,2,none,,0,https://www.musinsa.com/products/3510720
2026-09-02,르바,3512768,Suede Button-Up Crop Jacket - Black,0.0,0,260100,260100,260100,0,0,0.0,100.0,1,high,25.14,5,2,none,,0,https://www.musinsa.com/products/3512768
2026-09-02,르바,3514752,Washed Cargo String Long Skirt - Beige,0.0,0,116100,116100,116100,0,0,0.0,100.0,1,high,25.14,5,2,none,,0,https://www.musinsa.com/products/3514752
2026-09-02,아이돈워너셀,3528448,Side Flash Denim Parasuit Pants Black,0.0,0,55600,55600,55600,0,0,0.0,100.0,1,high,24.0,6,2,none,,0,https://www.musinsa.com/products/3528448
2026-09-02,프리즘웍스,3531136,JUNGLE CLOTH FATIGUE PANTS _ BLACK,0.0,0,80100,80100,80100,0,0,0.0,100.0,1,high,24.09,7,2,none,,0,https://www.musinsa.com/products/3531136
2026-09-02,락피쉬웨더웨어,3536576,CLOUDY PLATFORM FUR SLINGBACKS - 6 colors,0.0,0,94000,94000,94000,0,0,0.0,100.0,1,high,25.14,5,2,none,,0,https://www.musinsa.com/products/3536576
2026-09-02,디미트리블랙,3539904,에센셜 헤어리 라운드 니트_라이트 그레이,0.0,0,33900,33900,33900,0,0,0.0,100.0,1,high,24.0,6,2,none,,0,https://www.musinsa.com/products/3539904
2026-09-02,링서울,3548288,[선물옵션] 20mm leather crack belt - [silver/gold],0.0,0,23490,23490,23490,0,0,0.0,100.0,1,high,24.01,7,2,none,,0,https://www.musinsa.com/products/3548288
2026-09-02,드로우핏우먼,3552512,소프트 캐시미어 레글런 숏 코트 [BLACK],0.0,0,198400,198400,198400,0,0,0.0,100.0,1,high,24.09,8,2,none,,0,https://www.musinsa.com/products/3552512
2026-09-02,엑스트라오디너리,3560384,ACID WASHED PANTS BEIGE,0.0,0,79500,79500,79500,0,0,0.0,100.0,1,high,24.23,5,2,none,,0,https://www.musinsa.com/products/3560384
2026-09-02,브라운야드,3565248,"퍼티그 스웻 팬츠, 라이트 옐로우",0.0,0,84000,84000,84000,0,0,0.0,100.0,1,high,24.01,7,2,none,,0,https://www.musinsa.com/products/3565248
2026-09-02,커버낫,3571712,RDS 유틸리티 다운 베스트 네이비,0.0,0,83400,83400,83400,0,0,0.0,100.0,1,high,24.0,6,2,none,,0,https://www.musinsa.com/products/3571712
2026-09-02,아틀리에나인,3571968,키아나 셋업 포켓 솔리드 자켓(JK-2860),0.0,0,152100,152100,152100,0,0,0.0,100.0,1,high,24.0,6,2,none,,0,https://www.musinsa.com/products/3571968
2026-09-02,어반드레스,3575424,Onesnap Taslan Pants GREY,1.96,86767,44200,44200,44200,0,0,0.0,100.0,1,high,24.09,7,2,none,,0,https://www.musinsa.com/products/3575424
2026-09-02,인사일런스,3579008,웨이브라인 다운 자켓 CHARCOAL,0.0,0,163170,163170,163170,0,0,0.0,100.0,1,high,24.0,6,2,none,,0,https://www.musinsa.com/products/3579008
2026-09-02,룩캐스트,3582144,헤리 와이드 레더 벨트 / HERY WIDE LEATHER BELT_2colors,0.0,0,46130,46130,46130,0,0,0.0,100.0,1,high,24.23,5,2,none,,0,https://www.musinsa.com/products/3582144
2026-09-02,키뮤어,3585216,(덕 다운) 벌룬 플라켓 다운 점퍼_3COLOR,0.0,0,132300,132300,132300,0,0,0.0,100.0,1,high,24.09,7,2,none,,0,https://www.musinsa.com/products/3585216
2026-09-02,알리스,3591552,브리즈 데님 미니 크로스백 [워시드블랙],0.0,0,57460,57460,57460,0,0,0.0,100.0,1,high,24.23,5,2,none,,0,https://www.musinsa.com/products/3591552
2026-09-02,어반드레스,3599488,Karin Crop Jacket BLACK,0.0,0,58500,58500,58500,0,0,0.0,100.0,1,high,24.09,7,2,none,,0,https://www.musinsa.com/products/3599488
2026-09-02,어반드레스,3599552,커브드 투버튼 블레이저 차콜,0.0,0,99000,99000,99000,0,0,0.0,100.0,1,high,24.09,7,2,none,,0,https://www.musinsa.com/products/3599552
2026-09-02,시눈,3603456,SMORE PADDING BAG KEYRING (YELLOW),0.72,8073,11290,11290,12540,1,-1250,-9.97,100.0,1,medium,24.0,5,2,none,,0,https://www.musinsa.com/products/3603456
2026-09-02,레더리,3609280,인사이드 더 클로젯 니트 [IVORY],0.0,0,59400,59400,59400,0,0,0.0,100.0,1,high,24.23,5,2,none,,0,https://www.musinsa.com/products/3609280
2026-09-02,에이치덱스,3609792,워크아웃 짐 코어 벨트,0.0,0,55000,55000,55000,0,0,0.0,100.0,1,high,25.14,5,2,none,,0,https://www.musinsa.com/products/3609792
2026-09-02,후드후드,3614336,3레이어 리플렉티브 윈드브레이커 자켓 더스트블루,0.22,14851,66960,66960,66960,0,0,0.0,100.0,1,high,25.14,5,2,none,,0,https://www.musinsa.com/products/3614336
2026-09-02,모즈모즈,3622400,엑스퍼트 아플리케 기모 투웨이 후드집업 그레이,0.0,0,54400,54400,54400,0,0,0.0,100.0,1,high,24.0,5,2,none,,0,https://www.musinsa.com/products/3622400
2026-09-02,바이젝,3629632,코튼 시그니처로고 세미오버핏 반팔 티셔츠_4Color,0.0,0,36000,36000,36000,0,0,0.0,100.0,1,high,24.0,6,2,none,,0,https://www.musinsa.com/products/3629632
2026-09-02,트립르센스,3639296,베이직 모크넥 오버 니트(MAN)_카키,0.0,0,55200,55200,55200,0,0,0.0,100.0,1,high,24.01,7,2,none,,0,https://www.musinsa.com/products/3639296
2026-09-02,트리밍버드,3639424,V-neck Flare Long One-piece [ Blue Gray ],0.0,0,124500,124500,124500,0,0,0.0,100.0,1,high,24.09,7,2,none,,0,https://www.musinsa.com/products/3639424
2026-09-02,드로우핏우먼,3650240,울 니트 버튼 바라클라바 [GREY],0.0,0,25920,25920,32400,1,-6480,-20.0,100.0,1,medium,24.09,8,2,none,,0,https://www.musinsa.com/products/3650240
2026-09-02,바이젝,3681728,우븐 라인 머슬 브레이커 자켓,0.61,51880,85500,85500,85500,0,0,0.0,100.0,1,high,24.0,6,2,none,,0,https://www.musinsa.com/products/3681728
2026-09-02,러브이즈트루,3706816,XM TREE CHRISTMAS STOCKING(NAVY),0.0,0,11560,11560,11560,0,0,0.0,100.0,1,high,24.01,7,2,none,,0,https://www.musinsa.com/products/3706816
2026-09-02,트리밍버드,3709760,Half-And-Half Collar Shirt One-Piece [ Black ],0.0,0,139500,139500,139500,0,0,0.0,100.0,1,high,24.09,7,2,none,,0,https://www.musinsa.com/products/3709760
2026-09-02,슈퍼서브,3727680,[SET] THUNDER 브러쉬드 니트 2PACK,0.0,0,89900,89900,89900,0,0,0.0,100.0,1,high,25.15,5,2,none,,0,https://www.musinsa.com/products/3727680
2026-09-02,어나더오피스,3728000,Kurt Mohair Cardigan (Charcoal),0.0,0,161200,161200,161200,0,0,0.0,100.0,1,high,24.09,5,2,none,,0,https://www.musinsa.com/products/3728000
2026-09-02,트립르센스,3732672,투톤 믹스 케이블 니트_차콜,0.0,0,91200,91200,91200,0,0,0.0,100.0,1,high,24.01,7,2,none,,0,https://www.musinsa.com/products/3732672
2026-09-02,와르,3767424,M160 스트레이트 데님 팬츠 [숏기장 추가],0.14,7103,50190,50190,50190,0,0,0.0,100.0,1,high,24.08,7,2,none,,0,https://www.musinsa.com/products/3767424
2026-09-02,비터셀즈,3767488,릴리 오버핏 셔츠-핑크,0.0,0,43200,43200,43200,0,0,0.0,100.0,1,high,24.24,5,2,none,,0,https://www.musinsa.com/products/3767488
2026-09-02,커버낫,3773888,레트로 레터링 맨투맨 네이비,0.0,0,44550,44550,44550,0,0,0.0,100.0,1,high,24.0,6,2,none,,0,https://www.musinsa.com/products/3773888
2026-09-02,나이스고스트클럽,3776768,EVEN THE DEVIL KNIT HOODIE_BEIGE(NG2ESUK610A),0.0,0,59400,59400,59400,0,0,0.0,100.0,1,high,24.01,7,2,none,,0,https://www.musinsa.com/products/3776768
2026-09-02,무드인사이드 우먼,3783104,(woman) 푸퍼 크롭 숏패딩_Gray,0.0,0,49900,49900,49900,0,0,0.0,100.0,1,high,24.0,6,2,none,,0,https://www.musinsa.com/products/3783104
2026-09-02,더뮤지엄비지터,3786304,HEART METAL NYLON PANTS (BLACK),0.0,0,124200,124200,124200,0,0,0.0,100.0,1,high,24.08,7,2,none,,0,https://www.musinsa.com/products/3786304
2026-09-02,엘무드,3788288,코코보이 울 테일러드 자켓 블랙,1.0,134229,134200,134200,134200,0,0,0.0,100.0,1,high,24.0,6,2,none,,0,https://www.musinsa.com/products/3788288
2026-09-02,아메스 월드와이드,3788800,07 MESSAGE SWEATSHIRT OATMEAL,0.0,0,22800,22800,22800,0,0,0.0,100.0,1,high,24.24,5,2,none,,0,https://www.musinsa.com/products/3788800
2026-09-02,가까이유니언즈,3794432,원턱 와이드 스웨트 카고팬츠 그레이,0.36,14257,39900,39900,39900,0,0,0.0,100.0,1,high,24.0,6,2,none,,0,https://www.musinsa.com/products/3794432
2026-09-02,어반드레스,3794880,Atlantis Chic Crop Varsity Jacket BLACK,0.0,0,74000,74000,74000,0,0,0.0,100.0,1,high,24.09,7,2,none,,0,https://www.musinsa.com/products/3794880
2026-09-02,가까이유니언즈,3796288,원턱 스냅 벌룬 팬츠 차콜,0.0,0,39200,39200,39200,0,0,0.0,100.0,1,high,24.0,6,2,none,,0,https://www.musinsa.com/products/3796288
2026-09-02,와이케이,3800832,말티즈 아카이브 래글런 롱슬리브 티셔츠 민트,0.0,0,44250,44250,44250,0,0,0.0,100.0,1,high,24.01,7,2,none,,0,https://www.musinsa.com/products/3800832
2026-09-02,커버낫,3801152,워싱 데님 레귤러 팬츠 블루,0.0,0,44500,44500,44500,0,0,0.0,100.0,1,high,24.0,6,2,none,,0,https://www.musinsa.com/products/3801152
2026-09-02,커버낫,3801216,보더콜리 엠블럼 후디 헤더 그레이,0.39,19489,49500,49500,49500,0,0,0.0,100.0,1,high,24.0,6,2,none,,0,https://www.musinsa.com/products/3801216
2026-09-02,알리스,3801664,수피마 엠브로이더리 베이직 로고 긴팔 티셔츠 [블랙],0.0,0,35530,35530,35530,0,0,0.0,100.0,1,high,24.24,5,2,none,,0,https://www.musinsa.com/products/3801664
2026-09-02,파브레가,3801792,바레나 포켓 치노 자켓 (다크 세이지),0.0,0,167400,167400,167400,0,0,0.0,100.0,1,high,25.15,5,2,none,,0,https://www.musinsa.com/products/3801792
2026-09-02,러프사이드,3805056,Oversized Sweat Shirt Graphite,1.29,126012,98000,98000,98000,0,0,0.0,100.0,1,high,24.0,5,2,none,,0,https://www.musinsa.com/products/3805056
2026-09-02,세컨모놀로그,3812096,(TIE SET)Side Slit Oversized Cotton Shirt [8 color]_SESH008,1.21,55190,45500,45500,45500,0,0,0.0,100.0,1,high,24.0,12,2,none,,0,https://www.musinsa.com/products/3812096
2026-09-02,디스이즈네버댓,3812544,T-Logo Short Beanie Purple,0.0,0,14000,14000,14000,0,0,0.0,100.0,1,high,24.0,6,2,none,,0,https://www.musinsa.com/products/3812544
2026-09-02,디스이즈네버댓,3812608,THAT Hands W Tee Off Black,0.0,0,18000,18000,18000,0,0,0.0,100.0,1,high,24.0,6,2,none,,0,https://www.musinsa.com/products/3812608
2026-09-02,디스이즈네버댓,3812672,Satin Jacket Navy,0.0,0,84500,84500,84500,0,0,0.0,100.0,1,high,24.0,6,2,none,,0,https://www.musinsa.com/products/3812672
2026-09-02,데케트,3814976,Dawn Cropped Tapered Jeans DCPT001Blue,0.0,0,24800,24800,24800,0,0,0.0,100.0,1,high,24.24,5,2,none,,0,https://www.musinsa.com/products/3814976
2026-09-02,세터,3816192,빈티지 캐쥬얼 아플리케 볼캡 베이지,0.0,0,69000,69000,69000,0,0,0.0,100.0,1,high,24.0,5,2,none,,0,https://www.musinsa.com/products/3816192
2026-09-02,유니폼브릿지,3822592,argyle collar knit cardigan brick,0.0,0,39800,39800,39800,0,0,0.0,100.0,1,high,24.08,7,2,none,,0,https://www.musinsa.com/products/3822592
2026-09-02,아이돈워너셀,3823104,Balloon Wide Denim Pants Brown,0.0,0,59500,59500,59500,0,0,0.0,100.0,1,high,24.0,6,2,none,,0,https://www.musinsa.com/products/3823104
2026-09-02,플랙,3825344,릴렉스 스트레이트 데님팬츠 M16 그라데이션 블루,0.0,0,89000,89000,89000,0,0,0.0,100.0,1,high,24.0,6,2,none,,0,https://www.musinsa.com/products/3825344
2026-09-02,유라고,3825920,Kid-mohair knit muffler set,0.0,0,87400,87400,87400,0,0,0.0,100.0,1,high,24.0,5,2,none,,0,https://www.musinsa.com/products/3825920
2026-09-02,유라고,3825984,Sheer layered wrap skirt,0.0,0,40280,40280,40280,0,0,0.0,100.0,1,high,24.0,5,2,none,,0,https://www.musinsa.com/products/3825984
2026-09-02,드로우핏,3830016,워시드 오피서 치노 팬츠 [BLACK],0.0,0,59400,59400,59400,0,0,0.0,100.0,1,high,25.15,5,2,none,,0,https://www.musinsa.com/products/3830016
2026-09-02,쿠어,3833408,페이퍼 버튼다운 셔츠 (라이트블루그레이),0.0,0,94500,94500,94500,0,0,0.0,100.0,1,high,24.0,5,2,none,,0,https://www.musinsa.com/products/3833408
2026-09-02,키르시,3833856,유스호스텔 그래픽 모달 후드 [블랙],0.0,0,39500,39500,39500,0,0,0.0,100.0,1,high,24.0,6,2,none,,0,https://www.musinsa.com/products/3833856
2026-09-02,노이어,3839616,클래식 스트레이트 데님 팬츠 (그레이),0.0,0,81700,81700,81700,0,0,0.0,100.0,1,high,24.09,7,2,none,,0,https://www.musinsa.com/products/3839616
2026-09-02,노이어,3839680,마이크로 리브드 스퀘어넥 하프 니트 (블랙),0.0,0,59500,59500,59500,0,0,0.0,100.0,1,high,24.09,7,2,none,,0,https://www.musinsa.com/products/3839680
2026-09-02,노이어,3839872,테슬 위빙 레더 벨트 (브라운),0.0,0,46800,46800,46800,0,0,0.0,100.0,1,high,24.09,7,2,none,,0,https://www.musinsa.com/products/3839872
2026-09-02,유니폼브릿지,3840832,3pocket wind jacket navy,0.0,0,59710,59710,59710,0,0,0.0,100.0,1,high,24.08,7,2,none,,0,https://www.musinsa.com/products/3840832
2026-09-02,몽돌,3842816,사이드 셔링 메쉬 롱슬리브 아이보리 MDTS061IVORY,2.69,45363,16840,16840,16840,0,0,0.0,100.0,1,high,23.98,19,4,none,,0,https://www.musinsa.com/products/3842816
2026-09-02,엘무드,3842880,벌키 크루 라운드 니트 가디건,0.0,0,63900,63900,63900,0,0,0.0,100.0,1,high,24.0,6,2,none,,0,https://www.musinsa.com/products/3842880
2026-09-02,엘무드,3843072,ROCK A BILLY 슬러브 스쿱넥 하프 티셔츠,0.0,0,26100,26100,26100,0,0,0.0,100.0,1,high,24.0,6,2,none,,0,https://www.musinsa.com/products/3843072
2026-09-02,와이케이,3844224,컷아웃 오버핏 블레이저 그레이,0.0,0,71550,71550,71550,0,0,0.0,100.0,1,high,24.01,7,2,none,,0,https://www.musinsa.com/products/3844224
2026-09-02,와이케이,3844288,마린 아플리케 빈티지 맨투맨 네이비,0.0,0,51350,51350,51350,0,0,0.0,100.0,1,high,24.01,7,2,none,,0,https://www.musinsa.com/products/3844288
2026-09-02,에이치덱스,3852608,우먼스 짐홀릭 래글런 롱 슬리브 (Charcoal),0.0,0,40740,40740,40740,0,0,0.0,100.0,1,high,25.15,5,2,none,,0,https://www.musinsa.com/products/3852608
2026-09-02,더니트컴퍼니,3856256,마일드 코튼 카라 가디건 [그레이],0.0,0,58400,58400,58400,0,0,0.0,100.0,1,high,25.15,5,2,none,,0,https://www.musinsa.com/products/3856256
2026-09-02,나이스고스트클럽,3857600,FFATS DRESS CODE BIG BIG SHIRT_WHITE(NG2ESUW302A),0.0,0,51600,51600,51600,0,0,0.0,100.0,1,high,24.01,7,2,none,,0,https://www.musinsa.com/products/3857600
2026-09-02,카네이테이,3861056,AIRPODS CASE (GRAY) / UPCYCLED,0.0,0,29000,29000,29000,0,0,0.0,100.0,1,high,24.08,7,2,none,,0,https://www.musinsa.com/products/3861056
2026-09-02,커버낫,3864384,서클 C 카라 티셔츠 화이트,0.0,0,35550,35550,35550,0,0,0.0,100.0,1,high,24.0,6,2,none,,0,https://www.musinsa.com/products/3864384
2026-09-02,프리즘웍스,3870080,DENIM ZIP UP WORK JACKET _ LIGHT BLUE,0.0,0,74000,74000,74000,0,0,0.0,100.0,1,high,24.09,7,2,none,,0,https://www.musinsa.com/products/3870080
2026-09-02,프리즘웍스,3870144,OG PIGMENT DYEING HOODY 002 _ BURGUNDY,0.0,0,80100,80100,80100,0,0,0.0,100.0,1,high,24.09,7,2,none,,0,https://www.musinsa.com/products/3870144
2026-09-02,르바,3870912,Tweed Jacquard Sleeveless Knit Top - Natural,0.0,0,116430,116430,116430,0,0,0.0,100.0,1,high,25.15,5,2,none,,0,https://www.musinsa.com/products/3870912
2026-09-02,르바,3871040,Layered Long Sleeve T-shirt - Light mint,0.0,0,46800,46800,46800,0,0,0.0,100.0,1,high,25.15,5,2,none,,0,https://www.musinsa.com/products/3871040
2026-09-02,쿠어,3871872,가먼트 워시드 몰스킨 원 턱 치노 팬츠 (그레이시그린),0.0,0,153000,153000,153000,0,0,0.0,100.0,1,high,24.0,5,2,none,,0,https://www.musinsa.com/products/3871872
2026-09-02,프렌다,3875904,PDC UNIFORM SEE THROUGH LAYERED SLEEVE CHARCOAL,0.0,0,19000,19000,19000,0,0,0.0,100.0,1,high,24.09,8,2,none,,0,https://www.musinsa.com/products/3875904
2026-09-02,토마스모어,3881152,프렌치 스트라이프 셔츠-네이비,5.0,298500,59700,59700,59700,0,0,0.0,100.0,1,high,10.16,27,7,none,,0,https://www.musinsa.com/products/3881152
2026-09-02,배드블러드,3888576,비욘드 소프트 컷아웃 후드 - 블랙,0.0,0,84800,84800,84800,0,0,0.0,100.0,1,high,24.09,12,2,none,,0,https://www.musinsa.com/products/3888576
2026-09-02,플랙,3891264,슈팅 슬림 스트레이트 데님팬츠 M30 라이트 블루,0.0,0,79000,79000,79000,0,0,0.0,100.0,1,high,24.0,6,2,none,,0,https://www.musinsa.com/products/3891264
2026-09-02,트립르센스,3892864,[세트]베이직 유넥 실켓 코튼 긴팔티,0.0,0,73800,73800,73800,0,0,0.0,100.0,1,high,24.01,7,2,none,,0,https://www.musinsa.com/products/3892864
2026-09-02,트립르센스,3892992,스티치 플레이드 체크 셔츠_브라운,0.0,0,41000,41000,41000,0,0,0.0,100.0,1,high,24.01,7,2,none,,0,https://www.musinsa.com/products/3892992
2026-09-02,에이치덱스,3894144,B.Y.E 프로틴 컨테이너 M,0.0,0,9500,9500,9500,0,0,0.0,100.0,1,high,25.15,5,2,none,,0,https://www.musinsa.com/products/3894144
2026-09-02,트립르센스,3895296,[유튜버 PICK] 커스텀 포멀 스트레이트 슬랙스_그레이,0.0,0,60300,60300,60300,0,0,0.0,100.0,1,high,24.01,7,2,none,,0,https://www.musinsa.com/products/3895296
2026-09-02,인사일런스우먼,3902080,포우 레더 버뮤다 팬츠 WASHED BROWN,0.0,0,86800,86800,99200,1,-12400,-12.5,100.0,1,medium,24.09,8,2,none,,0,https://www.musinsa.com/products/3902080
2026-09-02,커버낫,3904960,드로잉 스트라이프 하프 셔츠 옐로우,0.0,0,39500,39500,39500,0,0,0.0,100.0,1,high,24.0,6,2,none,,0,https://www.musinsa.com/products/3904960
2026-09-02,커버낫,3905024,크로셰 카라 하프 니트 블랙,0.0,0,44550,44550,44550,0,0,0.0,100.0,1,high,24.0,6,2,none,,0,https://www.musinsa.com/products/3905024
2026-09-02,마인드브릿지,3905472,두굿_[쿨]오버핏쿨맥스자켓 - 2color MAJK3102,0.0,0,159000,159000,159000,0,0,0.0,100.0,1,high,24.25,5,2,none,,0,https://www.musinsa.com/products/3905472
2026-09-02,시야쥬,3918784,SITP5143 오버핏 노블 셔츠_Light pink,0.0,0,83390,83390,83390,0,0,0.0,100.0,1,high,24.0,6,2,none,,0,https://www.musinsa.com/products/3918784
2026-09-02,후드후드,3927424,[미누 PICK] 스페이스 크래프트 반팔티셔츠 블랙,0.0,0,29400,29400,29400,0,0,0.0,100.0,1,high,25.16,5,2,none,,0,https://www.musinsa.com/products/3927424
2026-09-02,파르티멘토 우먼,3937600,쉬어 레이스 저지 후디 드레스_스카이,0.0,0,88290,88290,88290,0,0,0.0,100.0,1,high,24.25,5,2,none,,0,https://www.musinsa.com/products/3937600
2026-09-02,키르시,3940544,스몰 체리 스탠다드 니트 가디건 [스카이],0.0,0,44500,44500,44500,0,0,0.0,100.0,1,high,24.0,6,2,none,,0,https://www.musinsa.com/products/3940544
2026-09-02,바우프,3941632,B STAR 카고 팬츠 [카모],0.0,0,81750,81750,81750,0,0,0.0,100.0,1,high,25.16,5,2,none,,0,https://www.musinsa.com/products/3941632
2026-09-02,더니트컴퍼니,3950080,텍스처드 리브드 니트 [블랙],0.0,0,33800,33800,33800,0,0,0.0,100.0,1,high,25.16,5,2,none,,0,https://www.musinsa.com/products/3950080
2026-09-02,토마스모어,3961536,피마 트윌 셔츠-라이첸블루,0.0,0,73500,73500,73500,0,0,0.0,100.0,1,high,24.01,7,2,none,,0,https://www.musinsa.com/products/3961536
2026-09-02,더블유엠씨,3962432,스트링 럭색_IVORY,0.0,0,24500,24500,24500,0,0,0.0,100.0,1,high,24.01,7,2,none,,0,https://www.musinsa.com/products/3962432
2026-09-02,마인드브릿지,3962944,수피마_레터링세미오버핏티셔츠 - 2color MYTS3101,0.0,0,24900,24900,24900,0,0,0.0,100.0,1,high,24.25,5,2,none,,0,https://www.musinsa.com/products/3962944
2026-09-02,나이스고스트클럽,3968704,DEVIL ANGEL SKELETON TEE_GREEN(NG2EMUT535A),0.0,0,17550,17550,17550,0,0,0.0,100.0,1,high,24.01,7,2,none,,0,https://www.musinsa.com/products/3968704
2026-09-02,커버낫,3972928,플라워 베이스 티셔츠 아이보리,0.0,0,20250,20250,20250,0,0,0.0,100.0,1,high,24.0,6,2,none,,0,https://www.musinsa.com/products/3972928
2026-09-02,언탭트스튜디오,3973632,[6PACK]퓨어코튼 24수  롱기장 레이어드 반팔 티셔츠,1.04,41174,39650,39650,39650,0,0,0.0,100.0,1,high,24.01,8,2,none,,0,https://www.musinsa.com/products/3973632
2026-09-02,파르티멘토 우먼,3973696,와이드 버클 스트랩 키튼 힐_네이비,0.0,0,241200,241200,241200,0,0,0.0,100.0,1,high,24.25,5,2,none,,0,https://www.musinsa.com/products/3973696
2026-09-02,스키즘 인듀싱,3982208,"FAKE REWORKED TANK TOP, WHITE",0.0,0,40800,40800,40800,0,0,0.0,100.0,1,high,24.09,7,2,none,,0,https://www.musinsa.com/products/3982208
2026-09-02,드로우핏우먼,3984000,수피마 실켓 크루넥 반팔 티셔츠 [BLACK],1.0,25322,25341,23760,29700,1,-5940,-20.0,100.0,1,medium,24.09,8,2,none,,0,https://www.musinsa.com/products/3984000
2026-09-02,브룩스 브라더스,3988416,린넨 벨티드 셔츠 원피스 (화이트) (BBDZWM7128AES),0.0,0,179500,179500,172320,1,7180,4.17,100.0,1,medium,24.01,7,2,none,,0,https://www.musinsa.com/products/3988416
2026-09-02,마인드브릿지,3989376,루즈핏풀밴딩하프팬츠 - 2color MYHP3110,0.0,0,29900,29900,29900,0,0,0.0,100.0,1,low,24.25,5,2,none,,0,https://www.musinsa.com/products/3989376
2026-09-02,어반드레스,3993408,Bang Bang Cap - 6COL,0.0,0,19900,19900,19900,0,0,0.0,100.0,1,high,24.09,7,2,none,,0,https://www.musinsa.com/products/3993408
2026-09-02,시눈,3997760,Eyelet Blouse (White),0.0,0,64520,64520,71680,1,-7160,-9.99,100.0,1,medium,24.0,5,2,none,,0,https://www.musinsa.com/products/3997760
2026-09-02,아웃스탠딩,4000064,SEERSUCKER GUAYABERA CUBA HALF SHIRT_BROWN,0.0,0,75600,75600,75600,0,0,0.0,14.26,0,low,24.08,7,1,none,,0,https://www.musinsa.com/products/4000064
2026-09-02,썬러브투어,4001728,Breath Golf Cargo Pants Grey,0.0,0,88240,88240,107600,1,-19360,-17.99,100.0,1,medium,24.09,8,2,none,,0,https://www.musinsa.com/products/4001728
2026-09-02,넌블랭크,4003712,[여름]스트라이프 하프 티셔츠_MELANGE GREY,0.0,0,47840,47840,47840,0,0,0.0,100.0,1,high,24.01,7,2,none,,0,https://www.musinsa.com/products/4003712
2026-09-02,슬로우애시드,4004416,앙드레김 X 슬로우애시드 버튼 그래픽 후드티셔츠 [그레이],0.0,0,69500,69500,69500,0,0,0.0,100.0,1,high,25.16,5,2,none,,0,https://www.musinsa.com/products/4004416
2026-09-02,필루미네이트,4009024,나일론 심볼 로고 카고 팬츠-4Color,0.0,0,33000,33000,33000,0,0,0.0,100.0,1,high,24.01,7,2,none,,0,https://www.musinsa.com/products/4009024
2026-09-02,트리밍버드,4009280,Hidden Zipper Incision Jacket [ Black ],0.0,0,259000,259000,259000,0,0,0.0,100.0,1,high,24.09,7,2,none,,0,https://www.musinsa.com/products/4009280
2026-09-02,아틀리에나인,4010048,IRENE OUT POCKET CROP SET-UP JACKET(JK-2944),0.0,0,83400,83400,83400,0,0,0.0,100.0,1,high,24.0,6,2,none,,0,https://www.musinsa.com/products/4010048
2026-09-02,드로우핏우먼,4020992,케이블 라인 린넨 반팔 니트 [IVORY],0.0,0,40600,40600,52200,1,-11600,-22.22,100.0,1,medium,24.09,8,2,none,,0,https://www.musinsa.com/products/4020992
2026-09-02,드로우핏우먼,4024384,원턱 나일론 슬랙스 [WHITE],0.0,0,43400,43400,55800,1,-12400,-22.22,100.0,1,medium,24.09,8,2,none,,0,https://www.musinsa.com/products/4024384
2026-09-02,코드그라피,4025024,(우먼) 집업 카라 반팔 티셔츠_네이비,0.0,0,16210,16210,16210,0,0,0.0,100.0,1,high,25.16,5,2,none,,0,https://www.musinsa.com/products/4025024
2026-09-02,웬즈데이오아시스,4030464,카펜더 데님 버뮤다 팬츠(3color),0.0,0,41300,41300,41300,0,0,0.0,100.0,1,low,24.09,8,2,none,,0,https://www.musinsa.com/products/4030464
2026-09-02,세컨모놀로그,4038656,키홀 포인트 자수 로고 피그먼트 팬츠 [BEIGE]_SEPT043BEIGE,0.0,0,31600,31600,31600,0,0,0.0,100.0,1,high,24.0,6,2,none,,0,https://www.musinsa.com/products/4038656
2026-09-02,제멋,4042944,포워드 오버핏 카라 반팔티셔츠 그린 OYST2559,0.0,0,28900,28900,28900,0,0,0.0,100.0,1,high,24.09,7,2,none,,0,https://www.musinsa.com/products/4042944
2026-09-02,커버낫,4044672,립스탑 카고 쇼츠 카키,0.0,0,35550,35550,35550,0,0,0.0,100.0,1,high,24.0,6,2,none,,0,https://www.musinsa.com/products/4044672
2026-09-02,더니트컴퍼니,4046080,코튼 린넨 릴렉스드 자켓 [블랙],0.0,0,71600,71600,71600,0,0,0.0,100.0,1,high,25.16,5,2,none,,0,https://www.musinsa.com/products/4046080
2026-09-02,1993스튜디오,4056128,리버스 스티치 크롭 티셔츠_화이트,0.0,0,40500,40500,40500,0,0,0.0,100.0,1,high,24.0,6,2,none,,0,https://www.musinsa.com/products/4056128
2026-09-02,글로니,4060352,FRILL HIGH CUT BIKINI BOTTOM (WHITE),0.0,0,58000,58000,58000,0,0,0.0,100.0,1,high,24.09,7,2,none,,0,https://www.musinsa.com/products/4060352
2026-09-02,더바이닐하우스,4061760,TORNADO TEE RED (VH2EMUT510A),0.0,0,25200,25200,22050,1,3150,14.29,100.0,1,medium,24.0,6,2,none,,0,https://www.musinsa.com/products/4061760
2026-09-02,시눈,4065024,Big Unicorn Puff T-Shirt (Orange),0.0,0,26720,26720,29680,1,-2960,-9.97,100.0,1,medium,24.0,5,2,none,,0,https://www.musinsa.com/products/4065024
2026-09-02,로우로우,4075648,R TRUNK ALUMINIUM 커버 [4size],0.0,0,35100,35100,35100,0,0,0.0,100.0,1,high,24.01,7,2,none,,0,https://www.musinsa.com/products/4075648
2026-09-02,와이케이,4077312,스트라이프 니트 베스트 핑크,0.0,0,27600,27600,27600,0,0,0.0,100.0,1,high,24.01,7,2,none,,0,https://www.musinsa.com/products/4077312
2026-09-02,브랜디드,4081216,2 PLEATS DENIM PANTS [MIDDLE BLUE],0.0,0,71100,71100,71100,0,0,0.0,100.0,1,high,25.16,5,2,none,,0,https://www.musinsa.com/products/4081216
2026-09-02,트래블,4087616,하트스페이스 색지 반팔티 블랙,0.0,0,19500,19500,19500,0,0,0.0,100.0,1,high,24.09,8,2,none,,0,https://www.musinsa.com/products/4087616
2026-09-02,드헤베,4092864,Classic Open Collar Blouse [Black],0.0,0,75740,75740,75740,0,0,0.0,100.0,1,low,73.25,3,1,none,,0,https://www.musinsa.com/products/4092864
2026-09-02,프리즘웍스,4095936,STRING DENIM SHORTS _ BLACK,0.0,0,34000,34000,34000,0,0,0.0,100.0,1,high,24.09,7,2,none,,0,https://www.musinsa.com/products/4095936
2026-09-02,밀로아카이브,4107712,투 포켓 데님 하프 셔츠 [블랙],1.52,106981,70400,70400,70400,0,0,0.0,100.0,1,high,24.01,8,2,none,,0,https://www.musinsa.com/products/4107712
2026-09-02,미나브,4109504,프레쉬 린넨 베이직 셔츠 [4COLOR],0.0,0,39000,39000,39000,0,0,0.0,100.0,1,high,24.09,8,2,none,,0,https://www.musinsa.com/products/4109504
2026-09-02,쿠어,4110784,오버핏 박시 티셔츠 (블랙),0.0,0,54000,54000,54000,0,0,0.0,100.0,1,high,24.0,5,2,none,,0,https://www.musinsa.com/products/4110784
2026-09-02,트릴리온,4111296,캣 브러쉬 워시드 버뮤다 데님 쇼츠 (NORMAL BLACK),0.0,0,29800,29800,29800,0,0,0.0,100.0,1,low,48.26,4,1,none,,0,https://www.musinsa.com/products/4111296
2026-09-02,와이케이,4117824,말티즈 크루 라인 그래픽 반팔티셔츠 멜란지화이트,0.0,0,29400,29400,29400,0,0,0.0,100.0,1,high,24.01,7,2,none,,0,https://www.musinsa.com/products/4117824
2026-09-02,꼼파뇨,4120960,DTP 웨이브 돌핀 반팔티 화이트,0.0,0,32500,32500,32500,0,0,0.0,100.0,1,high,24.26,5,2,none,,0,https://www.musinsa.com/products/4120960
2026-09-02,커버낫,4122560,C 로고 후디 브리티쉬 그린,0.0,0,47400,47400,47400,0,0,0.0,100.0,1,high,24.0,6,2,none,,0,https://www.musinsa.com/products/4122560
2026-09-02,인템포무드,4126016,쿨링 스트라이프 루즈 티셔츠 : 2컬러,0.0,0,27300,27300,27300,0,0,0.0,100.0,1,low,24.0,6,2,none,,0,https://www.musinsa.com/products/4126016
2026-09-02,썸웨어버터,4131072,Cotton Collar Pendant Knit - Pink,0.0,0,109000,109000,109000,0,0,0.0,100.0,1,high,24.01,7,2,none,,0,https://www.musinsa.com/products/4131072
2026-09-02,썸웨어버터,4133056,Wave logo safari hat - 4color,0.0,0,49000,49000,49000,0,0,0.0,100.0,1,high,24.01,7,2,none,,0,https://www.musinsa.com/products/4133056
2026-09-02,솔트앤초콜릿,4133696,SAC 로고 오버핏 스트라이프 셔츠 스카이블루 4W2417002,0.0,0,38620,38620,38620,0,0,0.0,100.0,1,high,24.08,7,2,none,,0,https://www.musinsa.com/products/4133696
2026-09-02,로우클래식,4135168,SHIRRING VOLUME TOP_OFF WHITE [LC262BL02OW],0.04,1562,41060,46920,41060,1,5860,14.27,100.0,1,medium,24.09,7,2,none,,0,https://www.musinsa.com/products/4135168
2026-09-02,노티카,4136000,세일링 클럽 레이서백 크롭 탱크탑 2PACK,0.0,0,29400,29400,29400,0,0,0.0,100.0,1,high,24.0,5,2,none,,0,https://www.musinsa.com/products/4136000
2026-09-02,파르티멘토 우먼,4137024,워시드 라운딩 진_블랙,0.0,0,98100,98100,98100,0,0,0.0,100.0,1,high,24.27,5,2,none,,0,https://www.musinsa.com/products/4137024
2026-09-02,노이어,4139008,라이트 울 플레어 슬랙스 (블랙),0.0,0,97580,97580,97580,0,0,0.0,62.68,0,low,10.18,16,5,none,,0,https://www.musinsa.com/products/4139008
2026-09-02,바우로프로덕트,4139584,크롭 레더 자켓,0.22,39434,179000,179000,179000,0,0,0.0,100.0,1,high,25.17,7,2,none,,0,https://www.musinsa.com/products/4139584
2026-09-02,트리밍버드,4144448,Soa Long One-piece [ White ],0.0,0,198000,198000,198000,0,0,0.0,100.0,1,high,24.09,7,2,none,,0,https://www.musinsa.com/products/4144448
2026-09-02,스키즘 인듀싱,4149056,MUSCLE TANK TOP WHITE,0.0,0,40800,40800,40800,0,0,0.0,100.0,1,high,24.09,7,2,none,,0,https://www.musinsa.com/products/4149056
2026-09-02,스키즘 인듀싱,4149696,TAU DUAL PISTOLS T SHIRT_WHITE,0.0,0,34000,34000,34000,0,0,0.0,100.0,1,high,24.09,7,2,none,,0,https://www.musinsa.com/products/4149696
2026-09-02,바우로프로덕트,4151424,스트라이프 머슬 헨리넥 니트 [네이비],0.0,0,69900,69900,69900,0,0,0.0,100.0,1,high,25.17,7,2,none,,0,https://www.musinsa.com/products/4151424
2026-09-02,언더오프,4159104,오버핏 크루넥 슬리브리스 1992 민소매 티셔츠 블랙오렌지,0.0,0,17520,17520,17520,0,0,0.0,100.0,1,high,24.0,6,2,none,,0,https://www.musinsa.com/products/4159104
2026-09-02,러브이즈트루,4162240,BE HALTERNECK BIKINI SET_BOTTOM(WHITE),0.0,0,25200,25200,25200,0,0,0.0,100.0,1,high,24.01,7,2,none,,0,https://www.musinsa.com/products/4162240
2026-09-02,론론,4170368,LOGO LAYERED GOLGI LAP SKIRT GREY,0.0,0,13200,13200,13200,0,0,0.0,100.0,1,high,24.09,7,2,none,,0,https://www.musinsa.com/products/4170368
2026-09-02,바우프,4171712,B LOGO 메쉬 볼캡 [핑크],0.0,0,46750,46750,46750,0,0,0.0,100.0,1,high,25.17,5,2,none,,0,https://www.musinsa.com/products/4171712
2026-09-02,바우프,4171776,B LOGO 메쉬 볼캡 [브라운],0.77,35960,46750,46750,46750,0,0,0.0,100.0,1,high,25.17,5,2,none,,0,https://www.musinsa.com/products/4171776
2026-09-02,브룩스 브라더스,4198400,프라이데이 시어서커 쇼츠 (네이비) (BBPSMF8343QEM),0.0,0,74500,74500,83440,1,-8940,-10.71,100.0,1,medium,24.01,7,2,none,,0,https://www.musinsa.com/products/4198400
2026-09-02,파르티멘토 우먼,4204544,백오픈 스터디드 블라우스_브라운,0.0,0,58320,58320,58320,0,0,0.0,100.0,1,high,24.28,5,2,none,,0,https://www.musinsa.com/products/4204544
2026-09-02,카네이테이,4225536,LIGHTWEIGHT MOLLE BACKPACK (BEIGE) / RECYCLED,0.0,0,79000,79000,79000,0,0,0.0,100.0,1,high,24.08,7,2,none,,0,https://www.musinsa.com/products/4225536
2026-09-02,해칭룸,4233792,Crop Shirt 1/2 Green Charcoal,0.0,0,143000,143000,143000,0,0,0.0,100.0,1,high,24.28,5,2,none,,0,https://www.musinsa.com/products/4233792
2026-09-02,브룩스 브라더스,4247616,레귤러핏 코튼 시어서커 폴로버튼다운 셔츠 (화이트) (BBTPMF0695AES),0.0,0,159000,159000,143100,1,15900,11.11,100.0,1,medium,24.01,7,2,none,,0,https://www.musinsa.com/products/4247616
2026-09-02,1993스튜디오,4258816,피그먼트 트랙 스웨트 팬츠_더스티그레이,0.0,0,68000,68000,68000,0,0,0.0,100.0,1,high,24.0,6,2,none,,0,https://www.musinsa.com/products/4258816
2026-09-02,1993스튜디오,4258880,심볼 로고 커브 배색 나일론 팬츠_블랙,0.0,0,80100,80100,80100,0,0,0.0,100.0,1,high,24.0,6,2,none,,0,https://www.musinsa.com/products/4258880
2026-09-02,제너럴아이디어,4262528,에센셜 소프트 셔링 터틀 티셔츠 [IVORY] / WBD3L01504,0.0,0,29450,29450,35000,1,-5550,-15.86,100.0,1,medium,24.08,7,2,none,,0,https://www.musinsa.com/products/4262528
2026-09-02,유니폼브릿지,4271936,AE multi color stripe l/s tee brown,0.43,11417,26710,26710,26710,0,0,0.0,100.0,1,high,24.08,12,6,none,,0,https://www.musinsa.com/products/4271936
2026-09-02,리메인세컨드,4272768,오버핏 하프집업 카라넥 스웨트 셔츠 [네이비],1.93,49267,25500,25500,25500,0,0,0.0,100.0,1,high,23.99,10,2,none,,0,https://www.musinsa.com/products/4272768
2026-09-02,드로우핏우먼,4273920,컴피 울 스트레이트 슬랙스 [BEIGE],0.0,0,73800,73800,73800,0,0,0.0,100.0,1,high,24.09,8,2,none,,0,https://www.musinsa.com/products/4273920
2026-09-02,리메인세컨드,4274112,오버핏 볼륨 워셔블 하프집업 하찌 니트 [아이보리],0.0,0,32800,32800,32800,0,0,0.0,100.0,1,high,24.0,5,2,none,,0,https://www.musinsa.com/products/4274112
2026-09-02,트래블,4275072,세인트 피그먼트 후드티 블루 섀도우,0.0,0,39500,39500,39500,0,0,0.0,100.0,1,high,24.09,8,2,none,,0,https://www.musinsa.com/products/4275072
2026-09-02,노매뉴얼,4280128,COWICHAN HOODED ZIP-UP - NAVY,0.1,15657,149150,149150,149150,0,0,0.0,100.0,1,high,24.28,5,2,none,,0,https://www.musinsa.com/products/4280128
2026-09-02,트래블,4280576,워크 카펜터 캔버스 팬츠 베이지,0.0,0,59500,59500,59500,0,0,0.0,100.0,1,high,24.09,8,2,none,,0,https://www.musinsa.com/products/4280576
2026-09-02,제너럴아이디어,4283072,피그먼트 후드 티셔츠 [CHARCOAL] / SBD3U02002,0.0,0,58900,58900,58900,0,0,0.0,100.0,1,high,24.08,7,2,none,,0,https://www.musinsa.com/products/4283072
2026-09-02,언탭트스튜디오,4285568,데일리 세미 오버핏 베이식 니트 가디건 4 COLOR,5.51,153634,27880,27880,27880,0,0,0.0,100.0,1,high,10.13,30,7,none,,0,https://www.musinsa.com/products/4285568
2026-09-02,커버낫,4292224,컬리지 스트라이프 롱슬리브 레드,0.0,0,41400,41400,41400,0,0,0.0,100.0,1,high,24.0,6,2,none,,0,https://www.musinsa.com/products/4292224
2026-09-02,데케트,4300480,Curved Wide Jeans DCPT033CPIndigo2,0.42,18204,43400,43400,43400,0,0,0.0,100.0,1,high,24.29,7,2,none,,0,https://www.musinsa.com/products/4300480
2026-09-02,키뮤어,4301120,[유튜버 PICK] 가먼트워싱 카펜터 팬츠_차콜,0.0,0,41300,41300,41300,0,0,0.0,100.0,1,high,24.09,7,2,none,,0,https://www.musinsa.com/products/4301120
2026-09-02,아캄,4304128,Sun Jacquard Beanie (Khaki),0.0,0,31500,31500,31500,0,0,0.0,100.0,1,high,24.0,5,2,none,,0,https://www.musinsa.com/products/4304128
2026-09-02,언탭트스튜디오,4308288,[2PACK]더블 투턱 와이드 슬랙스 3Color,0.0,0,59730,59730,59730,0,0,0.0,100.0,1,high,24.01,8,2,none,,0,https://www.musinsa.com/products/4308288
2026-09-02,코드그라피,4310208,가먼트워싱 테크 스트링 팬츠_카키,0.0,0,41300,41300,41300,0,0,0.0,100.0,1,high,25.17,5,2,none,,0,https://www.musinsa.com/products/4310208
2026-09-02,플랙,4311808,위빙 스트랩 패디드 백 블랙,0.0,0,64900,64900,64900,0,0,0.0,100.0,1,high,24.0,6,2,none,,0,https://www.musinsa.com/products/4311808
2026-09-02,아메스월드와이드,4311936,RIBBON GRAPHIC LS TEE NAVY,0.0,0,20640,20640,18060,1,2580,14.29,100.0,1,medium,24.29,6,2,none,,0,https://www.musinsa.com/products/4311936
2026-09-02,마인드브릿지,4312768,[SET][COUTURE]코튼라이크오버핏자켓 셋업 블랙,0.0,0,69000,69000,69000,0,0,0.0,100.0,1,high,24.29,5,2,none,,0,https://www.musinsa.com/products/4312768
2026-09-02,비긴202,4316928,원턱 와이드 슬랙스 데님 팬츠 [워시드 블랙],0.0,0,77350,77350,77350,0,0,0.0,100.0,1,high,25.17,5,2,none,,0,https://www.musinsa.com/products/4316928
2026-09-02,프렌다,4320512,NYLON ZIPPER ECO BAG MINT,0.0,0,19500,19500,19500,0,0,0.0,100.0,1,high,24.09,8,2,none,,0,https://www.musinsa.com/products/4320512
2026-09-02,로템버,4321920,내추럴 워시드 60수 코튼 셔츠 [MIDNIGHT NAVY],0.0,0,43520,43520,43520,0,0,0.0,100.0,1,high,24.09,8,2,none,,0,https://www.musinsa.com/products/4321920
2026-09-02,커버낫,4322560,몰스킨 원턱 와이드핏 벨티드 팬츠 인디고,0.0,0,53550,53550,53550,0,0,0.0,100.0,1,high,24.0,6,2,none,,0,https://www.musinsa.com/products/4322560
2026-09-02,테이크이지,4323584,자이언트핏 솔리드 후드집업 (8% 멜란지그레이),0.0,0,39900,39900,39900,0,0,0.0,100.0,1,high,24.0,6,2,none,,0,https://www.musinsa.com/products/4323584
2026-09-02,디미트리블랙,4326528,에센셜 플레어핏 데님 팬츠_빈티지블랙,0.0,0,21900,21900,21900,0,0,0.0,100.0,1,high,24.0,6,2,none,,0,https://www.musinsa.com/products/4326528
2026-09-02,로제프란츠,4327616,Clear Hair Pin [Black],0.0,0,24320,24320,24320,0,0,0.0,100.0,1,high,25.17,5,2,none,,0,https://www.musinsa.com/products/4327616
2026-09-02,룩캐스트,4329216,레베카 미들부츠_블랙 / REBECCA MIDDLE BOOTS_BLACK,1.1,95258,86240,86240,86240,0,0,0.0,100.0,1,high,24.29,10,7,none,,0,https://www.musinsa.com/products/4329216
2026-09-02,코드그라피,4330240,카펜터 트레이닝 팬츠_카키,0.0,0,41300,41300,41300,0,0,0.0,100.0,1,high,25.17,5,2,none,,0,https://www.musinsa.com/products/4330240
2026-09-02,론론,4333312,SIDE LACE TRACK DENIM PANTS BLACK,0.0,0,80190,80190,80190,0,0,0.0,100.0,1,low,24.09,7,2,none,,0,https://www.musinsa.com/products/4333312
2026-09-02,디미트리블랙,4335936,2WAY OG 페이드 워싱 디트로이트 퀼팅 데님 자켓_더스트 인디고,0.0,0,63900,63900,63900,0,0,0.0,100.0,1,high,24.0,6,2,none,,0,https://www.musinsa.com/products/4335936
2026-09-02,엑스컨테이너,4336576,더블니 카펜터 가먼트 다잉 팬츠 (GREIGE),0.21,6796,32500,32500,32500,0,0,0.0,100.0,1,high,24.29,5,2,none,,0,https://www.musinsa.com/products/4336576
2026-09-02,와이케이,4337408,MLTS 아카이브 맨투맨 아이보리,0.0,0,46800,46800,46800,0,0,0.0,100.0,1,high,24.01,7,2,none,,0,https://www.musinsa.com/products/4337408
2026-09-02,가까이유니언즈,4343424,해피 캠펄 피그먼트 맨투맨 팬텀 핑크,0.0,0,39700,39700,39700,0,0,0.0,100.0,1,high,24.0,6,2,none,,0,https://www.musinsa.com/products/4343424
2026-09-02,드헤베,4344960,Bustier Layered Blouse [Black],0.0,0,83390,83390,83390,0,0,0.0,100.0,1,high,25.18,5,2,none,,0,https://www.musinsa.com/products/4344960
2026-09-02,디스이즈네버댓,4345024,Solar System Hoodie Heather Grey,0.4,21577,54500,54500,54500,0,0,0.0,100.0,1,high,24.0,6,2,none,,0,https://www.musinsa.com/products/4345024
2026-09-02,레더리,4346880,워시드 코듀로이 팬츠 [KHAKI],0.0,0,47520,47520,47520,0,0,0.0,100.0,1,high,24.3,5,2,none,,0,https://www.musinsa.com/products/4346880
2026-09-02,레더리,4347392,폴리쉬드 왈라비 슈즈 [BLACK],0.0,0,59840,59840,59840,0,0,0.0,100.0,1,high,24.3,5,2,none,,0,https://www.musinsa.com/products/4347392
2026-09-02,인사일런스,4352256,더블 클로스 트러커 자켓 BLACK,0.0,0,159840,159840,159840,0,0,0.0,100.0,1,high,24.0,6,2,none,,0,https://www.musinsa.com/products/4352256
2026-09-02,노이어,4353280,벨벳 텍스쳐 와이드 데님 팬츠 (블랙),0.0,0,93700,93700,93700,0,0,0.0,100.0,1,high,24.09,7,2,none,,0,https://www.musinsa.com/products/4353280
2026-09-02,노이어,4353472,코튼 리브드 헨리넥 니트 (블랙),0.0,0,68000,68000,68000,0,0,0.0,1.96,0,low,24.09,7,1,none,,0,https://www.musinsa.com/products/4353472
2026-09-02,주앙옴므,4355520,헨리넥 롱 슬리브 티셔츠 (블랙),1.21,70838,58650,58650,58650,0,0,0.0,100.0,1,high,24.3,14,2,none,,0,https://www.musinsa.com/products/4355520
2026-09-02,무센트,4357760,"메인 심볼 시그니처 로고 롱 슬리브 (2컬러, 남녀공용)",0.0,0,32310,32310,25130,1,7180,28.57,100.0,1,medium,24.0,6,2,none,,0,https://www.musinsa.com/products/4357760
2026-09-02,소버먼트,4366848,890G 머드 다잉 후드-더스키 카멜-,0.0,0,64600,64600,64600,0,0,0.0,100.0,1,high,24.01,7,2,none,,0,https://www.musinsa.com/products/4366848
2026-09-02,나이스고스트클럽,4368896,GHOST TAIL COLLEGE HOODIE_NAVY(NG2EFUM420A),0.0,0,48060,48060,48060,0,0,0.0,100.0,1,high,24.01,7,2,none,,0,https://www.musinsa.com/products/4368896
2026-09-02,아틀리에나인,4369536,LOE SET-UP OVERFIT JACKET(JK-2973),0.0,0,233100,233100,233100,0,0,0.0,100.0,1,high,24.0,6,2,none,,0,https://www.musinsa.com/products/4369536
2026-09-02,더바이닐하우스,4371072,OLD WEST TYPO SWEATSHIRT BLACK,0.0,0,58880,58880,51520,1,7360,14.29,100.0,1,medium,24.0,6,2,none,,0,https://www.musinsa.com/products/4371072
2026-09-02,메인부스,4373568,Spirit 97 Football Sweater(GRAY),0.0,0,89100,89100,89100,0,0,0.0,100.0,1,high,25.18,5,2,none,,0,https://www.musinsa.com/products/4373568
2026-09-02,키뮤어,4375168,(베이직 or 케이블 선택) 우먼 에센셜 가디건_10 COLOR,0.0,0,48300,48300,48300,0,0,0.0,100.0,1,high,24.09,7,2,none,,0,https://www.musinsa.com/products/4375168
2026-09-02,키뮤어,4375424,루즈핏 카라드 자켓_네이비,0.0,0,83300,83300,83300,0,0,0.0,100.0,1,high,24.09,7,2,none,,0,https://www.musinsa.com/products/4375424
2026-09-02,꼼파뇨,4375680,Le Petit Prince 자수 후드티 크림,0.0,0,41250,41250,41250,0,0,0.0,100.0,1,high,24.3,5,2,none,,0,https://www.musinsa.com/products/4375680
2026-09-02,어반드레스,4376448,Wrap Layered Pants - 2COL,0.98,42606,43500,43500,43500,0,0,0.0,100.0,1,high,24.09,7,2,none,,0,https://www.musinsa.com/products/4376448
2026-09-02,론론,4382464,ROSY APPLIQUE CROP SWEATSHIRTS IVORY,0.0,0,71280,71280,71280,0,0,0.0,100.0,1,high,24.09,7,2,none,,0,https://www.musinsa.com/products/4382464
2026-09-02,론론,4382528,SHEER HALF PLEATED LONG SLEEVE T SHIRT WHITE,0.0,0,62370,62370,62370,0,0,0.0,100.0,1,high,24.09,7,2,none,,0,https://www.musinsa.com/products/4382528
2026-09-02,인사일런스우먼,4383296,컬러 블록 울 롱슬리브 BLACK,0.0,0,65600,65600,65600,0,0,0.0,100.0,1,high,24.09,8,2,none,,0,https://www.musinsa.com/products/4383296
2026-09-02,브룩스 브라더스,4384064,트레디셔널핏 8W 코듀로이 팬츠 (브라운) (BBPCMM69194EW),0.0,0,119400,119400,119400,0,0,0.0,100.0,1,high,24.01,7,2,none,,0,https://www.musinsa.com/products/4384064
2026-09-02,아메스월드와이드,4385280,BASIC LOGO HOODIE KHAKI,0.0,0,50560,50560,44240,1,6320,14.29,100.0,1,medium,24.3,6,2,none,,0,https://www.musinsa.com/products/4385280
2026-09-02,토마스모어,4387136,사커스웨트-미구엘,1.56,86850,55600,55600,55600,0,0,0.0,100.0,1,high,24.01,12,4,none,,0,https://www.musinsa.com/products/4387136
2026-09-02,썸웨어버터,4388480,Evelyn Lace Long Dress - Pink,0.0,0,151470,151470,151470,0,0,0.0,100.0,1,high,24.01,7,2,none,,0,https://www.musinsa.com/products/4388480
2026-09-02,나이스고스트클럽,4393664,BIG EARCAP BEANIE_BLACK(NG2EFUAB24A),0.0,0,43470,43470,43470,0,0,0.0,100.0,1,high,24.01,7,2,none,,0,https://www.musinsa.com/products/4393664
2026-09-02,무드인사이드,4399104,피그먼트 원턱 스웨트 와이드팬츠_Charcoal,0.73,32897,44900,44900,44900,0,0,0.0,100.0,1,high,24.09,8,2,none,,0,https://www.musinsa.com/products/4399104
2026-09-02,제너럴아이디어,4400384,뉴클래식 리브드 스퀘어넥 가디건 [BROWN] / WBD3L04519,0.0,0,53000,53000,53000,0,0,0.0,100.0,1,high,24.08,7,2,none,,0,https://www.musinsa.com/products/4400384
2026-09-02,디스이즈네버댓,4403456,Washed THISTHAT Cap Blue,0.0,0,22500,22500,22500,0,0,0.0,100.0,1,high,24.0,6,2,none,,0,https://www.musinsa.com/products/4403456
2026-09-02,디스이즈네버댓,4403520,Fortuna Logo Hoodie Navy,0.0,0,54500,54500,54500,0,0,0.0,100.0,1,high,24.0,6,2,none,,0,https://www.musinsa.com/products/4403520
2026-09-02,리메인세컨드,4404672,2WAY_아란 워셔블 오버핏 케이블 후드 집업 니트 [차콜],1.0,44811,44800,44800,44800,0,0,0.0,100.0,1,high,24.0,5,2,none,,0,https://www.musinsa.com/products/4404672
2026-09-02,스컬프터,4406464,90s Cotton Capri Pants Mauve,0.0,0,61040,61040,61040,0,0,0.0,100.0,1,high,24.08,7,2,none,,0,https://www.musinsa.com/products/4406464
2026-09-02,리메인세컨드,4407168,울 블렌드 오버핏 싱글 코트 [차콜],0.0,0,93600,93600,93600,0,0,0.0,100.0,1,high,24.0,5,2,none,,0,https://www.musinsa.com/products/4407168
2026-09-02,드헤베,4407616,Haus Round Sweatshirt [Black],0.0,0,45140,45140,45140,0,0,0.0,100.0,1,high,25.18,5,2,none,,0,https://www.musinsa.com/products/4407616
2026-09-02,로제프란츠,4411456,Eyelet Point Hood Zip-up [Charcoal],0.0,0,33800,33800,33800,0,0,0.0,23.03,0,low,25.18,5,1,none,,0,https://www.musinsa.com/products/4411456
2026-09-02,시눈,4411968,Rose Frill Hoodie Zipup (Rose),0.0,0,102400,102400,113920,1,-11520,-10.11,100.0,1,medium,24.0,5,2,none,,0,https://www.musinsa.com/products/4411968
2026-09-02,제멋,4412160,크리스 워크 헌팅 자켓 베이지 KJJK2581,0.0,0,98900,98900,98900,0,0,0.0,100.0,1,high,24.09,7,2,none,,0,https://www.musinsa.com/products/4412160
2026-09-02,더니트컴퍼니,4412608,샌드 워시드 와이드 데님 2color,1.21,37714,31200,31200,31200,0,0,0.0,100.0,1,high,25.18,5,2,none,,0,https://www.musinsa.com/products/4412608
2026-09-02,커버낫,4415616,부클 저지 원턱 세미와이드핏 카고 팬츠 올리브,0.0,0,54500,54500,54500,0,0,0.0,100.0,1,high,24.0,6,2,none,,0,https://www.musinsa.com/products/4415616
2026-09-02,세터,4417280,코튼 카펜터 워크 팬츠 베이지,0.0,0,179000,179000,179000,0,0,0.0,100.0,1,high,24.0,5,2,none,,0,https://www.musinsa.com/products/4417280
2026-09-02,제로,4419712,Bermuda Shirts [4 Colors],0.0,0,10500,10500,10500,0,0,0.0,100.0,1,high,24.0,5,2,none,,0,https://www.musinsa.com/products/4419712
2026-09-02,밀로아카이브,4420096,리플렉트 커브드 팬츠 [그레이],0.0,0,65550,65550,65550,0,0,0.0,100.0,1,high,24.01,8,2,none,,0,https://www.musinsa.com/products/4420096
2026-09-02,제멋,4429312,클레버 오버핏 테리 후드 네이비 KJHD2592,0.0,0,35900,35900,35900,0,0,0.0,100.0,1,high,24.09,7,2,none,,0,https://www.musinsa.com/products/4429312
2026-09-02,더블유엠씨,4431232,레이어드 롱슬리브_KHAKI,0.0,0,37000,37000,37000,0,0,0.0,100.0,1,high,24.01,7,2,none,,0,https://www.musinsa.com/products/4431232
2026-09-02,낫포너드,4433856,N4ND Offshoot Flannel Shirt - Yellow,0.0,0,48000,48000,48000,0,0,0.0,100.0,1,high,25.18,5,2,none,,0,https://www.musinsa.com/products/4433856
2026-09-02,아틀리에나인,4442688,SOFT WOOL STRIGHT BANDING PANTS(PT-5595),0.0,0,88200,88200,88200,0,0,0.0,100.0,1,high,24.0,6,2,none,,0,https://www.musinsa.com/products/4442688
2026-09-02,론론,4443584,STRIPE LACE PATCH ELBOW PATCH LONG SLEEVE GREEN,0.0,0,53460,53460,53460,0,0,0.0,100.0,1,high,24.09,7,2,none,,0,https://www.musinsa.com/products/4443584
2026-09-02,론론,4443648,SHEER LAYERED RUFFLE SKIRT WHITE,0.0,0,62370,62370,62370,0,0,0.0,100.0,1,high,24.09,7,2,none,,0,https://www.musinsa.com/products/4443648
2026-09-02,글로니,4445824,CIAO BUCKLE MINI SKIRT (GRAY),0.0,0,248000,248000,248000,0,0,0.0,100.0,1,high,24.09,7,2,none,,0,https://www.musinsa.com/products/4445824
2026-09-02,메종미네드,4446080,BLACK OVER MA-1,0.0,0,155400,155400,155400,0,0,0.0,100.0,1,high,24.31,5,2,none,,0,https://www.musinsa.com/products/4446080
2026-09-02,후러브스아트,4447808,원턱 와이드 시티 슬랙스 그레이,0.0,0,32000,32000,32000,0,0,0.0,100.0,1,high,24.01,7,2,none,,0,https://www.musinsa.com/products/4447808
2026-09-02,세터,4453248,에센 투 톤 모헤어 블렌드 니트 블랙,0.0,0,179000,179000,179000,0,0,0.0,100.0,1,high,24.0,5,2,none,,0,https://www.musinsa.com/products/4453248
2026-09-02,세터,4453504,(W) 시그니처 로고 니트 집업 딥 그레이,0.0,0,199000,199000,199000,0,0,0.0,100.0,1,high,24.0,5,2,none,,0,https://www.musinsa.com/products/4453504
2026-09-02,제멋,4455360,더스틴 헤비 솔트워싱 카라 맨투맨 브라운 SOMT2577,0.0,0,36900,36900,36900,0,0,0.0,100.0,1,high,24.09,7,2,none,,0,https://www.musinsa.com/products/4455360
2026-09-02,아캄,4461952,Studded Cross Hooded Long Sleeve (Dark Gray),0.64,49002,76000,76000,76000,0,0,0.0,100.0,1,high,24.0,5,2,none,,0,https://www.musinsa.com/products/4461952
2026-09-02,아캄,4471808,Sun Button Pattern Cardigan (Black),0.0,0,114800,114800,114800,0,0,0.0,100.0,1,high,24.0,5,2,none,,0,https://www.musinsa.com/products/4471808
2026-09-02,스컬프터,4481088,90s Faux Leather Coat Tan Red,0.0,0,184240,184240,184240,0,0,0.0,100.0,1,high,24.09,7,2,none,,0,https://www.musinsa.com/products/4481088
2026-09-02,론론,4481664,I RIBBON OVER FIT LONG SLEEVE T SHIRT CHARCOAL,0.0,0,47520,47520,36960,1,10560,28.57,100.0,1,medium,24.09,7,2,none,,0,https://www.musinsa.com/products/4481664
2026-09-02,기철,4483264,STURDY BALLOON PANTS (DARK KHAKI),0.0,0,49900,49900,49900,0,0,0.0,100.0,1,high,24.0,5,2,none,,0,https://www.musinsa.com/products/4483264
2026-09-02,브룩스 브라더스,4485056,클래식 카멜 코트 (카멜) (BBCSMF21985EW),0.0,0,714000,714000,714000,0,0,0.0,100.0,1,high,24.01,7,2,none,,0,https://www.musinsa.com/products/4485056
2026-09-02,브라운야드,4485312,"바시티 자켓, 블랙",0.0,0,376600,376600,376600,0,0,0.0,100.0,1,high,24.01,7,2,none,,0,https://www.musinsa.com/products/4485312
2026-09-02,코드그라피,4492352,더플 후드 패딩_스카이블루,0.0,0,104300,104300,104300,0,0,0.0,100.0,1,high,25.19,5,2,none,,0,https://www.musinsa.com/products/4492352
2026-09-02,수아레,4496832,니트 져지 셋업 팬츠 네이비,0.0,0,79900,79900,79900,0,0,0.0,100.0,1,high,24.31,5,2,none,,0,https://www.musinsa.com/products/4496832
2026-09-02,밀로아카이브,4498368,어반던트 머플러 [블랙],0.0,0,24000,24000,24000,0,0,0.0,100.0,1,high,24.01,8,2,none,,0,https://www.musinsa.com/products/4498368
2026-09-02,트리밍버드,4500096,One Button Denim Set-up Jacket [ Black ],0.0,0,269000,269000,269000,0,0,0.0,100.0,1,high,24.09,7,2,none,,0,https://www.musinsa.com/products/4500096
2026-09-02,본투윈,4501952,SILVER LINE JERSEY HALF PANTS SHORT VER [IVORY],0.0,0,55300,55300,55300,0,0,0.0,100.0,1,high,24.08,7,2,none,,0,https://www.musinsa.com/products/4501952
2026-09-02,커버낫,4503296,스케치 맨투맨 세이지 그린,0.0,0,49770,49770,49770,0,0,0.0,100.0,1,high,24.0,6,2,none,,0,https://www.musinsa.com/products/4503296
2026-09-02,코드그라피,4507712,(우먼) WAVE 로고 자가드 비니_2COLOR,0.0,0,19600,19600,19600,0,0,0.0,100.0,1,high,25.19,5,2,none,,0,https://www.musinsa.com/products/4507712
2026-09-02,수아레,4510208,올드 클로젯 체크 가디건 네이비,0.0,0,59900,59900,59900,0,0,0.0,100.0,1,high,24.31,5,2,none,,0,https://www.musinsa.com/products/4510208
2026-09-02,에이이에이이,4512768,WEB LOGO 5 PANNEL BALL CAP [CHARCOAL],1.73,72348,41900,41900,41900,0,0,0.0,100.0,1,high,24.31,16,7,none,,0,https://www.musinsa.com/products/4512768
2026-09-02,더블유엠씨,4513920,쉐르파 플리스 베스트_NAVY,0.0,0,69500,69500,69500,0,0,0.0,100.0,1,high,24.01,7,2,none,,0,https://www.musinsa.com/products/4513920
2026-09-02,바우로프로덕트,4515584,패턴 레귤러 헨리넥 니트티 [차콜],0.0,0,39900,39900,39900,0,0,0.0,100.0,1,high,25.19,7,2,none,,0,https://www.musinsa.com/products/4515584
2026-09-02,로제프란츠,4516928,Wrap Off Shoulder Long Sleeve [Ivory],0.77,30221,39240,39240,39240,0,0,0.0,100.0,1,high,25.19,5,2,none,,0,https://www.musinsa.com/products/4516928
2026-09-02,글로니,4517568,G STRAIGHT WOOL PANTS (CHARCOAL),0.0,0,137340,137340,137340,0,0,0.0,100.0,1,high,24.09,7,2,none,,0,https://www.musinsa.com/products/4517568
2026-09-02,베르만어패럴,4519488,SIMPLE LOGO 딥컷 나시 3color,0.0,0,31000,31000,31000,0,0,0.0,100.0,1,high,24.09,8,2,none,,0,https://www.musinsa.com/products/4519488
2026-09-02,더블유엠씨,4521024,[WMC x HINA] 러빙게이즈 맨투맨_NAVY,0.0,0,37800,37800,37800,0,0,0.0,100.0,1,high,24.01,7,2,none,,0,https://www.musinsa.com/products/4521024
2026-09-02,더니트컴퍼니,4531200,(W) 빈티지 워시드 스트레이트 데님 [브라운],0.0,0,31200,31200,31200,0,0,0.0,100.0,1,high,25.19,5,2,none,,0,https://www.musinsa.com/products/4531200
2026-09-02,러브이즈트루,4538816,SH SHOW US STAR HOODIE(IVORY),0.0,0,51650,51650,51650,0,0,0.0,100.0,1,high,24.01,7,2,none,,0,https://www.musinsa.com/products/4538816
2026-09-02,파르티멘토,4542720,100% 컬리 울 하프 코트 네이비,0.0,0,113400,113400,113400,0,0,0.0,100.0,1,high,24.0,6,2,none,,0,https://www.musinsa.com/products/4542720
2026-09-02,르아브,4543168,앨버트 스웨이드 럭색 블랙,0.0,0,157500,157500,157500,0,0,0.0,100.0,1,high,24.01,7,2,none,,0,https://www.musinsa.com/products/4543168
2026-09-02,무센트,4558208,네라 와이드 데님 팬츠 빈티지 워싱 청바지,0.0,0,53910,53910,41930,1,11980,28.57,100.0,1,medium,24.0,6,2,none,,0,https://www.musinsa.com/products/4558208
2026-09-02,론론,4567872,BUTTON POINTED BASIC KNIT CARDIGAN RED,0.0,0,80190,80190,80190,0,0,0.0,100.0,1,high,24.09,7,2,none,,0,https://www.musinsa.com/products/4567872
2026-09-02,무드인사이드 우먼,4568064,(woman) 프리미엄 울 블레이저 자켓_Brown,3.8,206176,54282,53530,55930,1,-2400,-4.29,100.0,1,medium,24.0,13,4,none,,0,https://www.musinsa.com/products/4568064
2026-09-02,후드후드,4569408,스페이스 빌런 레오파드 후드 그레이,0.0,0,55300,55300,55300,0,0,0.0,100.0,1,high,24.0,5,2,none,,0,https://www.musinsa.com/products/4569408
2026-09-02,해칭룸,4582912,Boxer Tee Black,0.1,8084,78000,78000,78000,0,0,0.0,100.0,1,high,24.32,5,2,none,,0,https://www.musinsa.com/products/4582912
2026-09-02,시야쥬,4586688,SIPT7135 에센셜 기모 조거 스웨트 팬츠_Milk brown,0.0,0,77000,77000,77000,0,0,0.0,100.0,1,high,24.0,6,2,none,,0,https://www.musinsa.com/products/4586688
2026-09-02,링서울,4587840,kid mohair half neck knit-pink,0.0,0,91130,91130,91130,0,0,0.0,100.0,1,high,24.01,7,2,none,,0,https://www.musinsa.com/products/4587840
2026-09-02,아틀리에나인,4588800,ESSENTIAL MOE PADDED SET-UP SKIRT(SK-4979),0.0,0,98100,98100,98100,0,0,0.0,100.0,1,high,24.0,6,2,none,,0,https://www.musinsa.com/products/4588800
2026-09-02,락케이크,4589632,Cargo Bootcut Jeans - Deep Blue,0.0,0,76440,76440,76440,0,0,0.0,100.0,1,high,24.09,8,2,none,,0,https://www.musinsa.com/products/4589632
2026-09-02,제너럴아이디어,4590656,스퀘어넥 벌룬 니트 원피스 [BLACK] / WBD4L15511,0.0,0,46110,46110,46110,0,0,0.0,100.0,1,high,24.08,7,2,none,,0,https://www.musinsa.com/products/4590656
2026-09-02,링서울,4593600,soft wool hand warmer (4Color),0.0,0,25520,25520,25520,0,0,0.0,100.0,1,high,24.01,7,2,none,,0,https://www.musinsa.com/products/4593600
2026-09-02,마인드브릿지우먼,4613184,[W]스트라이프 카라 가디건 - 2color,0.0,0,39900,39900,39900,0,0,0.0,100.0,1,high,24.0,6,2,none,,0,https://www.musinsa.com/products/4613184
2026-09-02,어나더오피스,4614656,Cloud Mid Socks (Heather Gray),0.0,0,11520,11520,11520,0,0,0.0,100.0,1,high,24.09,7,2,none,,0,https://www.musinsa.com/products/4614656
2026-09-02,커버낫,4618688,[커버낫 X 2024 MAMA AWARDS] 그래픽 후디 블랙,0.0,0,62370,62370,62370,0,0,0.0,100.0,1,high,24.0,6,2,none,,0,https://www.musinsa.com/products/4618688
2026-09-02,로제프란츠,4619008,Two-way Twist Knit Zip-up [Brick Red],0.0,0,37400,37400,37400,0,0,0.0,100.0,1,high,25.19,5,2,none,,0,https://www.musinsa.com/products/4619008
2026-09-02,아틀리에나인,4620544,CHERIE PADDED TWEED JACKET(JK-2989),0.0,0,268200,268200,268200,0,0,0.0,100.0,1,high,24.0,6,2,none,,0,https://www.musinsa.com/products/4620544
2026-09-02,루에브르,4621184,Pointe Bottes HA4AD006-97,0.0,0,389000,389000,389000,0,0,0.0,100.0,1,high,24.09,8,2,none,,0,https://www.musinsa.com/products/4621184
2026-09-02,유니온블루,4623168,FOX WAFFLE SWEATER [NATURAL BROWN],0.0,0,136080,136080,136080,0,0,0.0,100.0,1,high,24.08,7,2,none,,0,https://www.musinsa.com/products/4623168
2026-09-02,커버낫,4630976,코듀라 아치 로고 웨빙 미디움 크로스백 올리브,0.0,0,48060,48060,48060,0,0,0.0,100.0,1,high,24.0,6,2,none,,0,https://www.musinsa.com/products/4630976
2026-09-02,브룩스 브라더스,4637824,클래식핏 울 블랙와치 트라우저 (멀티) (BBPTMF47207EF),0.0,0,179400,179400,179400,0,0,0.0,100.0,1,high,24.01,7,2,none,,0,https://www.musinsa.com/products/4637824
2026-09-02,1993스튜디오,4637952,[CHODAN] 시그니처 포즈 자수 체크 셔츠_브라운,0.4,28232,71100,71100,71100,0,0,0.0,39.71,0,low,24.0,6,1,none,,0,https://www.musinsa.com/products/4637952
2026-09-02,유라고,4645760,Cable half zip-up knit,0.0,0,117800,117800,117800,0,0,0.0,100.0,1,high,24.0,5,2,none,,0,https://www.musinsa.com/products/4645760
2026-09-02,나이스고스트클럽,4647232,[X SOULPUSSSY CAT]GHOSTSOULGIRL ACRYLIC CAT KEY CHAIN_MIX(NG2EFUAB90D),0.0,0,15660,15660,15660,0,0,0.0,100.0,1,high,24.01,7,2,none,,0,https://www.musinsa.com/products/4647232
2026-09-02,론론,4649024,RIBBON HEART PATTERN HAIRY KNIT PULLOVER BROWN BLUE,0.0,0,107730,107730,107730,0,0,0.0,100.0,1,high,24.09,7,2,none,,0,https://www.musinsa.com/products/4649024
2026-09-02,트리밍버드,4656192,Minimal Cowhide Leather Belt [ Black ],1.0,78925,79000,79000,79000,0,0,0.0,100.0,1,high,24.09,7,2,none,,0,https://www.musinsa.com/products/4656192
2026-09-02,바우로프로덕트,4661248,울 포켓 셔츠 [차콜],0.0,0,99000,99000,99000,0,0,0.0,100.0,1,high,25.19,7,2,none,,0,https://www.musinsa.com/products/4661248
2026-09-02,에이치덱스,4674816,우먼스 빅후드 데미지 피그먼트 크롭 후디 (Pigment Pink),0.0,0,73500,73500,73500,0,0,0.0,100.0,1,high,25.2,5,2,none,,0,https://www.musinsa.com/products/4674816
2026-09-02,키뮤어,4679424,빈티지 패치 포켓 데님 워크 자켓_브라운,0.0,0,83300,83300,83300,0,0,0.0,100.0,1,high,24.09,7,2,none,,0,https://www.musinsa.com/products/4679424
2026-09-02,유니폼브릿지,4680896,UBC basic sweat hoodie 8% melange grey,0.0,0,49500,49500,49500,0,0,0.0,100.0,1,high,24.08,7,2,none,,0,https://www.musinsa.com/products/4680896
2026-09-02,바우로프로덕트,4681280,헤비 울 크롭 라운드 가디건 [블랙],0.0,0,139000,139000,139000,0,0,0.0,100.0,1,high,25.2,7,2,none,,0,https://www.musinsa.com/products/4681280
2026-09-02,바우로프로덕트,4681344,헤비 울 크롭 가디건 [브라운],0.0,0,119000,119000,119000,0,0,0.0,100.0,1,high,25.2,7,2,none,,0,https://www.musinsa.com/products/4681344
2026-09-02,유니폼브릿지,4687296,jungle air force sweatshirt pigment charcoal,0.0,0,43600,43600,43600,0,0,0.0,100.0,1,high,24.08,7,2,none,,0,https://www.musinsa.com/products/4687296
2026-09-02,트래블,4694272,롤업 절개 데님 팬츠 블루,0.0,0,47920,47920,41930,1,5990,14.29,100.0,1,medium,24.09,8,2,none,,0,https://www.musinsa.com/products/4694272
2026-09-02,제너럴아이디어,4695744,멀티 스트라이프 크루넥 가디건 [PINK] / WBE1L04504,0.0,0,64000,64000,64000,0,0,0.0,100.0,1,high,24.09,7,2,none,,0,https://www.musinsa.com/products/4695744
2026-09-02,로제프란츠,4697664,Check Shirring Tie Shirt [Brown],0.0,0,37400,37400,37400,0,0,0.0,100.0,1,high,25.2,5,2,none,,0,https://www.musinsa.com/products/4697664
2026-09-02,수아레,4703168,네오프렌 트러커 데님 자켓 블랙,0.0,0,54500,54500,54500,0,0,0.0,100.0,1,high,24.33,5,2,none,,0,https://www.musinsa.com/products/4703168
2026-09-02,나인제트,4703744,시그니처 윈드 브레이커 자켓 25JK01,1.79,150404,84000,84000,84000,0,0,0.0,100.0,1,high,24.33,5,2,none,,0,https://www.musinsa.com/products/4703744
2026-09-02,일꼬르소,4704960,NEW 컴포트 셔츠 버터옐로우  IESH5E101Y1,0.0,0,48960,48960,48960,0,0,0.0,100.0,1,high,24.0,6,2,none,,0,https://www.musinsa.com/products/4704960
2026-09-02,마인드브릿지우먼,4705344,[W][COUTURE]스티치 셔츠,0.0,0,34900,34900,34900,0,0,0.0,100.0,1,high,24.0,6,2,none,,0,https://www.musinsa.com/products/4705344
2026-09-02,엘무드,4705536,마르코스 울 트러커 자켓 블랙,0.4,102955,259200,259200,259200,0,0,0.0,100.0,1,high,24.0,8,2,none,,0,https://www.musinsa.com/products/4705536
2026-09-02,아메스월드와이드,4709376,GRAPHIC RAGLAN SWEATSHIRT BLUE,0.0,0,28320,28320,24780,1,3540,14.29,100.0,1,medium,24.33,6,2,none,,0,https://www.musinsa.com/products/4709376
2026-09-02,키르시,4716928,키르시 플레인 슬림핏 셔츠 [아이보리],0.0,0,41400,41400,41400,0,0,0.0,100.0,1,high,24.0,6,2,none,,0,https://www.musinsa.com/products/4716928
2026-09-02,배드블러드,4720128,비욘드 소프트 후드 슬림핏 - 스트라이프 블랙,0.0,0,68800,68800,68800,0,0,0.0,100.0,1,high,24.09,7,2,none,,0,https://www.musinsa.com/products/4720128
2026-09-02,트래블,4720512,워싱 와플 믹스 후드 집업 블랙,0.27,13068,48930,55920,48930,1,6990,14.29,100.0,1,medium,24.09,8,2,none,,0,https://www.musinsa.com/products/4720512
2026-09-02,아웃스탠딩,4721664,[3PACK] MIGHTY TIGER LOGO SOCKS_WHITE,0.14,3618,25200,25200,25200,0,0,0.0,100.0,1,low,24.08,7,2,none,,0,https://www.musinsa.com/products/4721664
2026-09-02,일꼬르소,4722688,빅 사이즈 Washed PLO logo 5패널 볼캡 모자 블랙 IEHE5G002BK,0.0,0,21450,21450,21450,0,0,0.0,100.0,1,high,24.0,6,2,none,,0,https://www.musinsa.com/products/4722688
2026-09-02,로우로우,4725888,CABINET 캐빈 (35L/20인치) [5colors],0.0,0,335900,335900,335900,0,0,0.0,100.0,1,high,24.01,7,2,none,,0,https://www.musinsa.com/products/4725888
2026-09-02,굿라이프웍스,4728960,오버핏 빈티지 투 포켓 체크 하프 셔츠 차콜,0.0,0,34860,34860,34860,0,0,0.0,64.52,0,low,23.99,4,1,none,,0,https://www.musinsa.com/products/4728960
2026-09-02,알리스,4729472,유틸리티 멀티 크로스백 [매트블랙],0.1,6336,61370,61370,61370,0,0,0.0,100.0,1,high,24.33,5,2,none,,0,https://www.musinsa.com/products/4729472
2026-09-02,노매뉴얼,4734272,RAW VISION DENIM PANTS - WASHED BLACK,1.0,91876,92000,92000,92000,0,0,0.0,100.0,1,high,24.33,5,2,none,,0,https://www.musinsa.com/products/4734272
2026-09-02,노매뉴얼,4734400,METAL CORAL REEF T-SHIRT - CHARCOAL,0.0,0,29400,29400,29400,0,0,0.0,100.0,1,high,24.33,5,2,none,,0,https://www.musinsa.com/products/4734400
2026-09-02,노매뉴얼,4734528,SEERSUCKER CHECK SHIRTS - IVORY,0.0,0,88200,88200,88200,0,0,0.0,100.0,1,high,24.33,5,2,none,,0,https://www.musinsa.com/products/4734528
2026-09-02,디스이즈네버댓,4735296,SP-Logo Socks 3Pack Black,0.0,0,29000,29000,29000,0,0,0.0,100.0,1,high,24.0,6,2,none,,0,https://www.musinsa.com/products/4735296
2026-09-02,디스이즈네버댓,4735360,Striped Knit L/S Top Olive,0.0,0,69500,69500,69500,0,0,0.0,100.0,1,high,24.0,6,2,none,,0,https://www.musinsa.com/products/4735360
2026-09-02,드로우핏,4739968,와이드 카펜터 워크 팬츠 [BLACK],0.0,0,59400,59400,59400,0,0,0.0,100.0,1,high,25.2,5,2,none,,0,https://www.musinsa.com/products/4739968
2026-09-02,1993스튜디오,4740864,93 브이넥 메쉬 저지 롱슬리브_블랙,0.0,0,31270,31270,31270,0,0,0.0,100.0,1,high,24.0,6,2,none,,0,https://www.musinsa.com/products/4740864
2026-09-02,러프사이드,4741888,Primary Shirt Mud Plaid,0.65,121349,188000,188000,188000,0,0,0.0,100.0,1,high,24.0,5,2,none,,0,https://www.musinsa.com/products/4741888
2026-09-02,메인부스,4747456,[아톰] 매트릭스 티셔츠(블랙),0.77,18882,24500,24500,24500,0,0,0.0,100.0,1,high,25.2,5,2,none,,0,https://www.musinsa.com/products/4747456
2026-09-02,언탭트스튜디오,4752768,[2PACK]오버핏 헨리넥 카라 니트 티셔츠 2Color,0.0,0,59730,59730,59730,0,0,0.0,100.0,1,high,24.01,8,2,none,,0,https://www.musinsa.com/products/4752768
2026-09-02,아웃스탠딩,4755200,BASKETBALL WARMUP PULLOVER_BLACK,0.0,0,39000,39000,39000,0,0,0.0,100.0,1,high,24.08,7,2,none,,0,https://www.musinsa.com/products/4755200
2026-09-02,파르티멘토 우먼,4760000,PWC 코튼 턴오버 웨이스트 스웻팬츠_에크루,0.0,0,43740,43740,43740,0,0,0.0,100.0,1,high,24.34,5,2,none,,0,https://www.musinsa.com/products/4760000
2026-09-02,루에브르,4760256,Carre Slingbacks HA5SC006-FH,0.0,0,179000,179000,179000,0,0,0.0,100.0,1,high,24.09,8,2,none,,0,https://www.musinsa.com/products/4760256
2026-09-02,노이어,4760960,울 원 턱 릴렉스 슬랙스 (카키),0.0,0,106500,106500,106500,0,0,0.0,100.0,1,high,24.09,7,2,none,,0,https://www.musinsa.com/products/4760960
2026-09-02,파르티멘토 우먼,4761216,컷오프 93 언발란스드 트랙 집업_오프 화이트,0.0,0,58320,58320,58320,0,0,0.0,100.0,1,high,24.34,5,2,none,,0,https://www.musinsa.com/products/4761216
2026-09-02,길라아카이브,4762880,STAR WING HOOD ZIP-UP_GY,0.48,37490,78480,78480,78480,0,0,0.0,100.0,1,high,24.01,7,2,none,,0,https://www.musinsa.com/products/4762880
2026-09-02,후드후드,4763648,HD 로고 아플리케 백팩 레오파드,0.0,0,63770,63770,63770,0,0,0.0,100.0,1,high,25.2,5,2,none,,0,https://www.musinsa.com/products/4763648
2026-09-02,가까이유니언즈,4766848,더블 포스타 자수 버뮤다 쇼츠 카키,0.0,0,33600,33600,33600,0,0,0.0,100.0,1,high,24.0,6,2,none,,0,https://www.musinsa.com/products/4766848
2026-09-02,인사일런스 우먼,4768128,포우 레더 카코트 BLACK,0.0,0,208050,208050,219000,1,-10950,-5.0,100.0,1,medium,24.09,7,2,none,,0,https://www.musinsa.com/products/4768128
2026-09-02,세터,4772416,로렌 스몰 로고 리벳 후드 티셔츠 오트밀,0.0,0,119000,119000,119000,0,0,0.0,100.0,1,high,24.0,5,2,none,,0,https://www.musinsa.com/products/4772416
2026-09-02,아틀리에나인,4772608,SOLID POCKET SLIM TEE(T-6993),0.0,0,29020,29020,29020,0,0,0.0,100.0,1,high,24.0,6,2,none,,0,https://www.musinsa.com/products/4772608
2026-09-02,프리즘웍스,4773312,WADING HOODED PARKA _ MUSTARD,0.0,0,90720,90720,90720,0,0,0.0,100.0,1,high,24.09,7,2,none,,0,https://www.musinsa.com/products/4773312
2026-09-02,아메스월드와이드,4773440,52 LOGO RAGLAN TEE KHAKI,0.0,0,23400,23400,17550,1,5850,33.33,100.0,1,low,24.34,6,2,none,,0,https://www.musinsa.com/products/4773440
2026-09-02,무센트,4779712,시그니처 하트 레터링 백 로고 스웻 팬츠 남녀공용 (2컬러),0.0,0,41600,41600,41600,0,0,0.0,100.0,1,high,24.0,6,2,none,,0,https://www.musinsa.com/products/4779712
2026-09-02,아이돈워너셀,4783488,System Down T-Shirt Black,0.0,0,40500,40500,40500,0,0,0.0,100.0,1,high,24.0,6,2,none,,0,https://www.musinsa.com/products/4783488
2026-09-02,웬즈데이오아시스,4784000,90s 클래식 피쉬테일 롱 야상 자켓_Beige(WC25-OT02),0.0,0,101500,101500,101500,0,0,0.0,100.0,1,high,24.09,8,2,none,,0,https://www.musinsa.com/products/4784000
2026-09-02,기철,4786624,Yk 0605 boot cut slacks (grey),0.0,0,49800,49800,49800,0,0,0.0,100.0,1,high,24.0,5,2,none,,0,https://www.musinsa.com/products/4786624
2026-09-02,스컬프터,4787712,Union Jack Engineered Denim Indigo Gray,0.0,0,111600,111600,111600,0,0,0.0,100.0,1,high,24.08,7,2,none,,0,https://www.musinsa.com/products/4787712
2026-09-02,키르시,4791232,키르시 X 비바스튜디오 로고 스웨트셔츠 [멜란지 그레이],0.0,0,47400,47400,47400,0,0,0.0,100.0,1,high,24.0,6,2,none,,0,https://www.musinsa.com/products/4791232
2026-09-02,프리즘웍스,4791552,WASHED OFFICER CHINO PANTS _ OLIVE,0.0,0,48060,48060,48060,0,0,0.0,97.89,0,low,40.12,6,1,none,,0,https://www.musinsa.com/products/4791552
2026-09-02,이지노이지,4793088,워시드 크롭 스카쟌 - 핑크,0.38,61488,159900,159900,159900,0,0,0.0,100.0,1,high,23.99,5,2,none,,0,https://www.musinsa.com/products/4793088
2026-09-02,꼼파뇨,4794112,RAIN TEDDY 피그먼트 반팔티 스모크블랙,0.0,0,33800,33800,33800,0,0,0.0,100.0,1,high,24.35,5,2,none,,0,https://www.musinsa.com/products/4794112
2026-09-02,커버낫,4797056,세미와이드 스트링 카고 이지 팬츠 Dark Navy,0.0,0,62100,62100,62100,0,0,0.0,100.0,1,high,24.0,6,2,none,,0,https://www.musinsa.com/products/4797056
2026-09-02,커버낫,4797824,스몰 어센틱 롱슬리브 Lemon,0.0,0,31500,31500,31500,0,0,0.0,100.0,1,high,24.0,6,2,none,,0,https://www.musinsa.com/products/4797824
2026-09-02,커버낫,4797888,C로고 카라 바시티 자켓 Charcoal,0.0,0,89100,89100,89100,0,0,0.0,100.0,1,high,24.0,6,2,none,,0,https://www.musinsa.com/products/4797888
2026-09-02,인사일런스,4798592,밀리터리 코튼 팬츠 BLACK,0.0,0,103680,103680,103680,0,0,0.0,100.0,1,high,24.0,6,2,none,,0,https://www.musinsa.com/products/4798592
2026-09-02,본투윈,4799296,85 ATH REVERSE SWEATSHIRTS [BLACK],0.0,0,75600,75600,75600,0,0,0.0,100.0,1,high,24.09,7,2,none,,0,https://www.musinsa.com/products/4799296
2026-09-02,루에브르,4799488,Semi-wide Denim Pants SJ5SL143_2color,0.0,0,149000,149000,149000,0,0,0.0,100.0,1,high,24.09,8,2,none,,0,https://www.musinsa.com/products/4799488
2026-09-02,로제프란츠,4804288,Ribbon Mermaid Long Dress [Cream],0.0,0,150640,150640,150640,0,0,0.0,100.0,1,high,25.2,5,2,none,,0,https://www.musinsa.com/products/4804288
2026-09-02,몰든,4805504,크랙 오버핏 티셔츠,0.27,7637,28560,28560,28560,0,0,0.0,100.0,1,high,24.09,8,2,none,,0,https://www.musinsa.com/products/4805504
2026-09-02,르아브,4806016,쿠와무라 더블워셔 엣지 체크 셔츠,0.0,0,106400,106400,106400,0,0,0.0,100.0,1,high,24.01,7,2,none,,0,https://www.musinsa.com/products/4806016
2026-09-02,론론,4812416,COZY TOGGLE FISHERMAN KNIT CARDIGAN IVORY,0.0,0,116640,116640,116640,0,0,0.0,100.0,1,high,24.09,7,2,none,,0,https://www.musinsa.com/products/4812416
2026-09-02,론론,4812544,STRIPE HENRYNECK COLLAR SLIM LONG SLEEVE KNIT BLUE RED,0.0,0,71280,71280,71280,0,0,0.0,100.0,1,high,24.09,7,2,none,,0,https://www.musinsa.com/products/4812544
2026-09-02,배드블러드,4812864,러스티 데님 브이넥 롱슬리브 - 블랙,0.0,0,87200,87200,87200,0,0,0.0,100.0,1,high,24.09,7,2,none,,0,https://www.musinsa.com/products/4812864
2026-09-02,프리즘웍스,4814336,SEERSUCKER FEATHER CAP _ NAVY,0.0,0,25200,25200,25200,0,0,0.0,100.0,1,high,24.09,7,2,none,,0,https://www.musinsa.com/products/4814336
2026-09-02,와이케이,4815680,디테쳐블 비즈 스트링 메쉬 볼캡 스카이블루,0.0,0,46500,46500,46500,0,0,0.0,100.0,1,high,24.01,7,2,none,,0,https://www.musinsa.com/products/4815680
2026-09-02,후드후드,4822912,더블사이디드 호보백 레오파드,0.22,8810,40370,40370,40370,0,0,0.0,100.0,1,high,25.2,5,2,none,,0,https://www.musinsa.com/products/4822912
2026-09-02,넌블랭크,4825024,워싱 슬럽 데님 셔츠_BLUE,0.0,0,103920,103920,103920,0,0,0.0,100.0,1,high,24.01,7,2,none,,0,https://www.musinsa.com/products/4825024
2026-09-02,트립르센스,4826432,[유튜버 PICK] 커스텀 미드 플레어 슬랙스_블랙,0.48,42529,89100,89100,89100,0,0,0.0,100.0,1,high,24.01,7,2,none,,0,https://www.musinsa.com/products/4826432
2026-09-02,르바,4828608,Layered Long Sleeve T-shirt - Light Grey,0.0,0,46800,46800,46800,0,0,0.0,100.0,1,high,25.2,5,2,none,,0,https://www.musinsa.com/products/4828608
2026-09-02,꼼파뇨,4828928,DTP 메리 헤일 반팔티 화이트,0.0,0,33800,33800,33800,0,0,0.0,100.0,1,high,24.36,5,2,none,,0,https://www.musinsa.com/products/4828928
2026-09-02,르바,4831808,Becoming Leather Hobo Bag - Black,0.0,0,224100,224100,224100,0,0,0.0,100.0,1,high,25.2,5,2,none,,0,https://www.musinsa.com/products/4831808
2026-09-02,제이엘브,4836864,심볼자수 크롭 숏슬리브 [차콜],0.52,15051,28800,28800,28800,0,0,0.0,100.0,1,high,24.01,7,2,none,,0,https://www.musinsa.com/products/4836864
2026-09-02,에이치덱스,4837312,코어 스몰 로고 자이언트핏 숏 슬리브 (Black),7.58,315292,41600,41600,41600,0,0,0.0,100.0,1,low,17.38,27,6,none,,0,https://www.musinsa.com/products/4837312
2026-09-02,르바,4843712,[5PACK] Fine Ribbed Cotton Socks - 9colors,0.0,0,33120,33120,33120,0,0,0.0,100.0,1,high,25.21,5,2,none,,0,https://www.musinsa.com/products/4843712
2026-09-02,무센트,4852288,시그니처 로고 포인트 선글라스 남녀공용,2.6,87085,33466,35910,27930,1,7980,28.57,100.0,1,medium,24.0,9,2,none,,0,https://www.musinsa.com/products/4852288
2026-09-02,디앤에스알,4853248,엠블럼 스웨트 셔츠 네이비,0.0,0,64800,64800,64800,0,0,0.0,100.0,1,high,24.0,5,2,none,,0,https://www.musinsa.com/products/4853248
2026-09-02,세터,4853824,빈티지 캐쥬얼 아플리케 볼캡 레드,0.0,0,69000,69000,69000,0,0,0.0,100.0,1,high,24.0,5,2,none,,0,https://www.musinsa.com/products/4853824
2026-09-02,세터,4854080,럭비 스트라이프 피케 롱 슬리브 네이비,0.0,0,139000,139000,139000,0,0,0.0,100.0,1,high,24.0,5,2,none,,0,https://www.musinsa.com/products/4854080
2026-09-02,비터셀즈,4854272,체리 베리 티-다크 그레이,3.58,113239,31590,31590,31590,0,0,0.0,100.0,1,high,24.0,9,2,none,,0,https://www.musinsa.com/products/4854272
2026-09-02,세터,4854336,패러세일 후드 집업 자켓 크림,0.0,0,249000,249000,249000,0,0,0.0,100.0,1,high,24.0,5,2,none,,0,https://www.musinsa.com/products/4854336
2026-09-02,디스이즈네버댓,4854848,(SS25) T.N.T. Classic HDP Tee Navy,0.0,0,41300,41300,41300,0,0,0.0,100.0,1,high,24.0,6,2,none,,0,https://www.musinsa.com/products/4854848
2026-09-02,비터셀즈,4855104,클라우디 러플 백-민트,0.0,0,47030,47030,47030,0,0,0.0,100.0,1,high,24.36,5,2,none,,0,https://www.musinsa.com/products/4855104
2026-09-02,1993스튜디오,4855360,복싱 클럽 빈티지 그래픽 티셔츠_크림,0.0,0,23950,23950,23950,0,0,0.0,100.0,1,high,24.0,6,2,none,,0,https://www.musinsa.com/products/4855360
2026-09-02,브룩스 브라더스,4860480,린넨 블레이저 스웨터 (그레이) (BBWCMM8846WFS),0.0,0,299400,299400,,0,,,47.7,0,low,23.99,3,1,none,,0,https://www.musinsa.com/products/4860480
2026-09-02,로제프란츠,4860544,Nickel Round Cardigan [Black],0.0,0,44200,44200,44200,0,0,0.0,100.0,1,high,25.21,5,2,none,,0,https://www.musinsa.com/products/4860544
2026-09-02,글로니,4861312,G RACERBACK TANK (3 colors),0.02,827,38880,38880,38880,0,0,0.0,100.0,1,high,24.09,7,2,none,,0,https://www.musinsa.com/products/4861312
2026-09-02,1993스튜디오,4862592,오리지널 라글란 배색 티셔츠_라이트그레이,0.0,0,30450,30450,30450,0,0,0.0,100.0,1,high,24.0,6,2,none,,0,https://www.musinsa.com/products/4862592
2026-09-02,카키포인트,4863168,Pigment Hood Zip-up (light gray),0.0,0,114480,114480,114480,0,0,0.0,100.0,1,high,24.09,8,2,none,,0,https://www.musinsa.com/products/4863168
2026-09-02,론론,4865344,PENDANT SAILOR FRILL EYELET CARDIGAN SOFT BLUE,0.0,0,53460,53460,53460,0,0,0.0,100.0,1,high,24.09,7,2,none,,0,https://www.musinsa.com/products/4865344
2026-09-02,론론,4865600,FRILLY RUFFLE RIBBON TIE VINTAGE BLOUSE WHITE,0.0,0,89100,89100,89100,0,0,0.0,100.0,1,high,24.09,7,2,none,,0,https://www.musinsa.com/products/4865600
2026-09-02,더블유엠씨,4866304,슬로건 자수 니트_NAVY,0.0,0,39600,39600,39600,0,0,0.0,100.0,1,high,24.01,7,2,none,,0,https://www.musinsa.com/products/4866304
2026-09-02,데꼬로소,4871104,베일 헨리넥 니트 [화이트],2.61,153170,58600,58600,58600,0,0,0.0,100.0,1,low,24.01,10,2,none,,0,https://www.musinsa.com/products/4871104
2026-09-02,에이이에이이,4876352,SCHOOL BOY DUFFLE BAG [WHITE],0.0,0,40050,40050,40050,0,0,0.0,100.0,1,high,24.36,5,2,none,,0,https://www.musinsa.com/products/4876352
2026-09-02,더바넷,4890240,Campie Sweat Drawstring Jogger Pants_Khaki,0.0,0,88200,88200,88200,0,0,0.0,100.0,1,high,25.21,5,2,none,,0,https://www.musinsa.com/products/4890240
2026-09-02,에이치덱스,4892800,워시드 스티치 데님 볼캡 (Black),0.0,0,36000,36000,36000,0,0,0.0,100.0,1,high,25.21,5,2,none,,0,https://www.musinsa.com/products/4892800
2026-09-02,제로,4894272,클린 데님 오버 쇼츠,0.0,0,19500,19500,19500,0,0,0.0,100.0,1,high,24.0,8,2,none,,0,https://www.musinsa.com/products/4894272
2026-09-02,오퍼스 0012,4896640,Op. 08 BOO MICRO CARGO PANTS BEIGE,0.0,0,55200,55200,55200,0,0,0.0,100.0,1,high,24.08,7,2,none,,0,https://www.musinsa.com/products/4896640
2026-09-02,마인드브릿지우먼,4899392,[W]와이드 연청 데님 팬츠,0.0,0,59900,59900,59900,0,0,0.0,100.0,1,high,24.0,6,2,none,,0,https://www.musinsa.com/products/4899392
2026-09-02,마인드브릿지우먼,4899456,[W]레터링 카라 니트 - 2color,0.0,0,39900,39900,39900,0,0,0.0,100.0,1,high,24.0,6,2,none,,0,https://www.musinsa.com/products/4899456
2026-09-02,디스이즈네버댓,4905856,Outer Space Tee Black,0.6,16536,27500,27500,27500,0,0,0.0,100.0,1,high,24.01,6,2,none,,0,https://www.musinsa.com/products/4905856
2026-09-02,넌블랭크,4906176,[여름]하이쿨 세미 오버 핏 블레이저_MELANGE GREY,0.0,0,127200,127200,127200,0,0,0.0,100.0,1,high,24.01,7,2,none,,0,https://www.musinsa.com/products/4906176
2026-09-02,파르티멘토 우먼,4908160,투웨이 트랜스폼 리브드 니트 크루넥_블루,0.0,0,74520,74520,74520,0,0,0.0,100.0,1,high,24.36,5,2,none,,0,https://www.musinsa.com/products/4908160
2026-09-02,커버낫,4914496,스톤 워싱 니트 베스트 Blue,0.0,0,53100,53100,53100,0,0,0.0,100.0,1,high,24.0,6,2,none,,0,https://www.musinsa.com/products/4914496
2026-09-02,나이스고스트클럽,4917952,MOVING SYMBOL TEE_NAVY(NG2EMUT522A),0.52,12846,24570,24570,24570,0,0,0.0,100.0,1,high,24.01,7,2,none,,0,https://www.musinsa.com/products/4917952
2026-09-02,넌블랭크,4920768,워싱 린넨 HS 셔츠_KHAKI,0.0,0,75120,75120,75120,0,0,0.0,100.0,1,high,24.01,7,2,none,,0,https://www.musinsa.com/products/4920768
2026-09-02,허그본,4922048,이니셜 메쉬 머슬핏 숏슬리브 2컬러,0.0,0,37050,37050,37050,0,0,0.0,100.0,1,high,25.21,5,2,none,,0,https://www.musinsa.com/products/4922048
2026-09-02,밀로아카이브,4924672,크레센도 페이디드 티셔츠 [블랙],1.52,51223,33636,32400,34200,1,-1800,-5.26,100.0,1,medium,24.01,8,2,none,,0,https://www.musinsa.com/products/4924672
2026-09-02,더니트컴퍼니,4928064,소프트 실크 블렌드 폴로 니트 6color,0.0,0,94500,94500,94500,0,0,0.0,100.0,1,high,25.21,5,2,none,,0,https://www.musinsa.com/products/4928064
2026-09-02,일꼬르소,4936192,포켓 엑스 플랩 데님 반바지 블루 IEPA5E405B2,0.0,0,54460,54460,54460,0,0,0.0,100.0,1,high,24.0,6,2,none,,0,https://www.musinsa.com/products/4936192
2026-09-02,에이치덱스,4941824,우먼스 파이톤 스트랩 홀터넥 브라탑 (Charcoal),0.0,0,41600,41600,41600,0,0,0.0,100.0,1,high,25.21,5,2,none,,0,https://www.musinsa.com/products/4941824
2026-09-02,어반드레스,4948992,Dyed Bermuda Denim Pants BLUE,0.0,0,16980,16980,16980,0,0,0.0,100.0,1,high,24.09,7,2,none,,0,https://www.musinsa.com/products/4948992
2026-09-02,필루미네이트,4949120,워시드 버뮤다 데님 쇼츠-라이트블루,0.0,0,31000,31000,31000,0,0,0.0,100.0,1,high,24.01,7,2,none,,0,https://www.musinsa.com/products/4949120
2026-09-02,디미트리블랙,4950400,ASI 에센셜 와플 헨리넥 반팔 티셔츠_블랙,0.0,0,25900,25900,25900,0,0,0.0,100.0,1,high,24.01,6,2,none,,0,https://www.musinsa.com/products/4950400
2026-09-02,어나더오피스,4954688,Bold Damage Tee (Forest Green),0.0,0,53200,53200,53200,0,0,0.0,100.0,1,high,24.09,7,2,none,,0,https://www.musinsa.com/products/4954688
2026-09-02,코드그라피,4956352,와이드 카펜터 워싱 코튼팬츠_인디핑크,0.0,0,62300,62300,62300,0,0,0.0,100.0,1,high,25.21,5,2,none,,0,https://www.musinsa.com/products/4956352
2026-09-02,에스피오나지,4960256,CDC T-Rex Heavyweight Tee Off White,0.0,0,32900,32900,32900,0,0,0.0,100.0,1,high,24.09,7,2,none,,0,https://www.musinsa.com/products/4960256
2026-09-02,플레어업,4963264,Kaya Shirred T-Shirt (FL-158_Gray),0.0,0,44100,44100,44100,0,0,0.0,100.0,1,high,24.37,5,2,none,,0,https://www.musinsa.com/products/4963264
2026-09-02,디앤에스알,4964992,라이크 린넨 벨티드 데님 팬츠 블루,0.0,0,119200,119200,119200,0,0,0.0,100.0,1,high,24.0,5,2,none,,0,https://www.musinsa.com/products/4964992
2026-09-02,벨리에,4966336,트루 와이드 데님 팬츠 - 라이트 웨일 인디고,0.0,0,148200,148200,148200,0,0,0.0,100.0,1,high,24.0,5,2,none,,0,https://www.musinsa.com/products/4966336
2026-09-02,썬러브투어,4969856,Toray UL Sport Cap Black,0.0,0,22640,22640,22080,1,560,2.54,100.0,1,medium,24.09,8,2,none,,0,https://www.musinsa.com/products/4969856
2026-09-02,칙스,4970624,멀티스터드 숏팬츠 블랙,1.5,61208,40900,36810,40900,1,-4090,-10.0,100.0,1,low,48.11,9,1,none,,0,https://www.musinsa.com/products/4970624
2026-09-02,벨리에,4972672,(W) 트루 플레어 데님 팬츠 - 빈티지 인디고,0.0,0,139650,139650,139650,0,0,0.0,100.0,1,high,24.0,5,2,none,,0,https://www.musinsa.com/products/4972672
2026-09-02,론론,4972800,KNOT BUSTIER 2 WAY SHORT SLEEVE T SHIRT BLUE GREY DOT,0.0,0,44550,44550,44550,0,0,0.0,100.0,1,high,24.09,7,2,none,,0,https://www.musinsa.com/products/4972800
2026-09-02,몽돌,4973440,썸머 골지 루즈 삭스 MDAC048_7 Colors,2.57,18868,7350,7350,7350,0,0,0.0,100.0,1,high,24.08,12,2,none,,0,https://www.musinsa.com/products/4973440
2026-09-02,언더오프,4973952,오버핏 래글런 반팔 티셔츠 크림,0.0,0,19900,19900,19900,0,0,0.0,100.0,1,high,24.01,6,2,none,,0,https://www.musinsa.com/products/4973952
2026-09-02,밀로아카이브,4974720,더블 인덱스 버뮤다 팬츠 [차콜],0.0,0,58800,58800,58800,0,0,0.0,100.0,1,high,24.01,8,2,none,,0,https://www.musinsa.com/products/4974720
2026-09-02,틸아이다이,4990464,Shirring puff blouse TISU01BL10_Butter,0.29,17090,59190,64310,59190,1,5120,8.65,100.0,1,medium,24.08,7,2,none,,0,https://www.musinsa.com/products/4990464
2026-09-02,제너럴아이디어,4993408,에어리 브이넥 케이블 가디건 [BLACK] / WBD2L43545,0.43,11522,26600,35200,26600,1,8600,32.33,100.0,1,medium,24.08,12,6,none,,0,https://www.musinsa.com/products/4993408
2026-09-02,벨리에,5004864,(W) 모노 슬림 셔츠 - 링클 그레이,0.0,0,169100,169100,169100,0,0,0.0,100.0,1,high,24.0,5,2,none,,0,https://www.musinsa.com/products/5004864
2026-09-02,무센트,5006400,이케 셋업 사이드 벨티드 블레이저 자켓,0.0,0,134910,134910,104930,1,29980,28.57,100.0,1,medium,24.0,6,2,none,,0,https://www.musinsa.com/products/5006400
2026-09-02,비긴202,5006784,와이드 세미 플레어 데님 팬츠 [더스티 블루],1.76,57043,32400,32400,32400,0,0,0.0,100.0,1,high,25.22,5,2,none,,0,https://www.musinsa.com/products/5006784
2026-09-02,꼼파뇨,5008448,카롤라인 체인 자수 크롭 반팔티 블랙,0.0,0,28610,28610,28610,0,0,0.0,100.0,1,high,24.38,5,2,none,,0,https://www.musinsa.com/products/5008448
2026-09-02,칙스,5015424,미니 스타라이트 크롭 슬림핏 반팔 티셔츠 블랙,1.95,36757,18810,18810,20900,1,-2090,-10.0,100.0,1,medium,24.09,7,2,none,,0,https://www.musinsa.com/products/5015424
2026-09-02,파르티멘토,5021376,브레튼 스트라이프 링거 티 베이지,0.0,0,28000,28000,28000,0,0,0.0,100.0,1,high,24.01,6,2,none,,0,https://www.musinsa.com/products/5021376
2026-09-02,커스텀어클락,5025536,린넨 릴렉스핏 롱 슬리브 셔츠 5 COLOR COOSSH193,1.4,41855,29900,29900,29900,0,0,0.0,100.0,1,high,24.01,11,2,none,,0,https://www.musinsa.com/products/5025536
2026-09-02,트릴리온,5026624,레더 패치 오버핏 워크 데님 반팔 셔츠 [샌드 블루],1.0,37741,37800,37800,37800,0,0,0.0,100.0,1,high,24.38,5,2,none,,0,https://www.musinsa.com/products/5026624
2026-09-02,카키포인트,5027648,Shirring Parachute Pants (black),0.0,0,125280,125280,125280,0,0,0.0,100.0,1,high,24.09,8,2,none,,0,https://www.musinsa.com/products/5027648
2026-09-02,룩캐스트,5029376,리나 셔링 윈드브레이커 점퍼_차콜 / LINA SHIRRING WINDBREAKER JUMPER_CHARCOAL,0.0,0,118440,118440,118440,0,0,0.0,100.0,1,high,24.38,5,2,none,,0,https://www.musinsa.com/products/5029376
2026-09-02,시야쥬,5031552,SITP5207 오픈 카라 포켓 셔츠_White,0.0,0,88070,88070,88070,0,0,0.0,100.0,1,high,24.01,6,2,none,,0,https://www.musinsa.com/products/5031552
2026-09-02,시야쥬,5031616,SITP5201 레트로 U넥 슬림 반팔티_Ivory,0.0,0,33300,33300,33300,0,0,0.0,100.0,1,high,24.01,6,2,none,,0,https://www.musinsa.com/products/5031616
2026-09-02,노이어,5033344,식스 포켓 와이드 슬랙스 (딥카키헤링본),0.0,0,141700,141700,141700,0,0,0.0,100.0,1,high,24.09,7,2,none,,0,https://www.musinsa.com/products/5033344
2026-09-02,스키즘 인듀싱,5033728,DESTROY GIRL T SHIRT WHITE,0.0,0,46800,46800,46800,0,0,0.0,100.0,1,high,24.09,7,2,none,,0,https://www.musinsa.com/products/5033728
2026-09-02,낫포너드,5036160,N4ND Drip Logo T-Shirts - Khaki,0.0,0,21000,21000,21000,0,0,0.0,100.0,1,high,25.22,5,2,none,,0,https://www.musinsa.com/products/5036160
2026-09-02,유니온블루,5036608,HARD TWIST SPREAD POLO HALF KNIT [BLACK],0.0,0,60440,60440,60440,0,0,0.0,100.0,1,high,24.08,7,2,none,,0,https://www.musinsa.com/products/5036608
2026-09-02,파브레가,5037760,어클락 원턱 버뮤다 팬츠 (클래식 베이지),0.0,0,78300,78300,78300,0,0,0.0,100.0,1,high,25.22,5,2,none,,0,https://www.musinsa.com/products/5037760
2026-09-02,락피쉬웨더웨어,5038080,[X MINJUKIM] FLORAL PATCH RAIN BOOTS SHORT - 4 colors,0.0,0,109200,109200,109200,0,0,0.0,100.0,1,high,25.22,5,2,none,,0,https://www.musinsa.com/products/5038080
2026-09-02,유니폼브릿지,5038656,vintage check s/s shirt green,0.0,0,69500,69500,69500,0,0,0.0,100.0,1,high,24.08,7,2,none,,0,https://www.musinsa.com/products/5038656
2026-09-02,유니폼브릿지,5038720,ae 2 pocket s/s work shirt black,0.0,0,64500,64500,64500,0,0,0.0,100.0,1,high,24.08,7,2,none,,0,https://www.musinsa.com/products/5038720
2026-09-02,무센트,5042368,왁시 부츠컷 데님팬츠,0.0,0,44910,44910,34930,1,9980,28.57,100.0,1,medium,24.0,6,2,none,,0,https://www.musinsa.com/products/5042368
2026-09-02,밀로아카이브,5054272,링클 체크 롤업 하프 셔츠 [빈티지 퍼플],0.0,0,55520,55520,55520,0,0,0.0,100.0,1,high,23.99,13,5,none,,0,https://www.musinsa.com/products/5054272
2026-09-02,유니온블루,5056704,SURF TEAM LOGO PRINTED T-SHIRT [WHITE],0.0,0,44370,44370,44370,0,0,0.0,100.0,1,high,24.08,7,2,none,,0,https://www.musinsa.com/products/5056704
2026-09-02,제멋,5060352,오픈 카라 린넨 라이크 반팔셔츠 블랙 KJSS2622,0.02,769,34900,34900,34900,0,0,0.0,100.0,1,high,24.09,7,2,none,,0,https://www.musinsa.com/products/5060352
2026-09-02,언탭트스튜디오,5061568,머슬핏 코튼 폴로 피케 카라 반팔 티셔츠 2Color,0.95,12917,13560,13560,13560,0,0,0.0,100.0,1,high,24.01,8,2,none,,0,https://www.musinsa.com/products/5061568
2026-09-02,론론,5063616,RON PATCH MIXED APPLIQUE OVER FIT T SHIRT WHITE,0.0,0,62370,62370,62370,0,0,0.0,100.0,1,high,24.09,7,2,none,,0,https://www.musinsa.com/products/5063616
2026-09-02,론론,5063872,HEART BUTTON GOLGI SLEEVELESS EYELET WHITE,0.0,0,44550,44550,44550,0,0,0.0,100.0,1,high,24.09,7,2,none,,0,https://www.musinsa.com/products/5063872
2026-09-02,필루미네이트,5064384,스타 그래픽 하프 니트-아이보리,0.0,0,32000,32000,32000,0,0,0.0,100.0,1,high,24.01,7,2,none,,0,https://www.musinsa.com/products/5064384
2026-09-02,데꼬로소,5064832,쿨 린넨 라이크 투턱 링클프리 와이드 밴딩 팬츠 [베이지],0.0,0,39600,39600,39600,0,0,0.0,100.0,1,high,24.01,7,2,none,,0,https://www.musinsa.com/products/5064832
2026-09-02,플랙,5075520,깡스타일리스트 X 플랙 와이드 배기 데님 팬츠 K92 라이트블루,0.0,0,31800,31800,31800,0,0,0.0,100.0,1,high,24.0,6,2,none,,0,https://www.musinsa.com/products/5075520
2026-09-02,에스피오나지,5075648,Mount Rushmore Heavyweight Tee Off White,0.0,0,23500,23500,23500,0,0,0.0,100.0,1,high,24.09,7,2,none,,0,https://www.musinsa.com/products/5075648
2026-09-02,니티드,5076224,시요밍 로고 티셔츠 BLACK,0.0,0,19800,19800,19800,0,0,0.0,100.0,1,high,25.23,5,2,none,,0,https://www.musinsa.com/products/5076224
2026-09-02,토마스모어,5077440,스포팅 링거티,0.0,0,32700,32700,32700,0,0,0.0,100.0,1,high,24.01,7,2,none,,0,https://www.musinsa.com/products/5077440
2026-09-02,로템버,5079616,커브드 와이드 코튼 팬츠 [베이지],0.0,0,68400,68400,68400,0,0,0.0,100.0,1,high,24.09,8,2,none,,0,https://www.musinsa.com/products/5079616
2026-09-02,시눈,5081344,Rose Punching T-Shirt (Green),0.0,0,53070,53070,58960,1,-5890,-9.99,100.0,1,medium,24.0,5,2,none,,0,https://www.musinsa.com/products/5081344
2026-09-02,파르티멘토 우먼,5091904,투웨이 프릴 턴오버 웨이스트 팬츠_화이트,0.0,0,68040,68040,68040,0,0,0.0,100.0,1,high,24.39,5,2,none,,0,https://www.musinsa.com/products/5091904
2026-09-02,해칭룸,5095872,Two Pleats Shorts Dark Khaki,0.0,0,153000,153000,153000,0,0,0.0,100.0,1,high,24.39,5,2,none,,0,https://www.musinsa.com/products/5095872
2026-09-02,프리즘웍스,5097920,THIN STRIPE HALF TEE _ MUSTARD,0.0,0,25200,25200,25200,0,0,0.0,100.0,1,high,24.09,7,2,none,,0,https://www.musinsa.com/products/5097920
2026-09-02,무센트,5098688,위어 사이드 버튼 스웻 버뮤다 하프 팬츠 남녀공용 (3컬러),0.0,0,35910,35910,27930,1,7980,28.57,100.0,1,medium,23.99,11,5,none,,0,https://www.musinsa.com/products/5098688
2026-09-02,브라운브레스,5099328,MESS-AGE OVERFIT TEE - GREEN,0.0,0,47200,47200,47200,0,0,0.0,100.0,1,high,24.09,8,2,none,,0,https://www.musinsa.com/products/5099328
2026-09-02,넌블랭크,5108864,스웨이드 셔츠_BLACK,0.0,0,119200,119200,119200,0,0,0.0,100.0,1,high,24.01,7,2,none,,0,https://www.musinsa.com/products/5108864
2026-09-02,니티드,5109632,(UNISEX) 피그먼트 팜트리 그래픽 티셔츠 BLUE,0.0,0,26820,26820,26820,0,0,0.0,100.0,1,high,25.23,5,2,none,,0,https://www.musinsa.com/products/5109632
2026-09-02,드로우핏우먼,5110848,페어 스트랩 슬리브리스 블라우스 [BLACK],0.0,0,46200,46200,59400,1,-13200,-22.22,100.0,1,medium,24.09,8,2,none,,0,https://www.musinsa.com/products/5110848
2026-09-02,파르티멘토,5110976,핀 스트라이프 롤업 하프 셔츠 핑크,0.0,0,44000,44000,44000,0,0,0.0,100.0,1,high,24.01,6,2,none,,0,https://www.musinsa.com/products/5110976
2026-09-02,썸웨어버터,5114944,Boucle Shell Logo Top - Ivory,0.0,0,48000,48000,48000,0,0,0.0,100.0,1,high,24.01,7,2,none,,0,https://www.musinsa.com/products/5114944
2026-09-02,제멋,5115008,에어리 플레어 스웨트팬츠 크림그레이 JULP2626,0.0,0,29800,29800,29800,0,0,0.0,100.0,1,high,24.09,7,2,none,,0,https://www.musinsa.com/products/5115008
2026-09-02,아캄,5118144,Embossing Logo Denim Pants (Blue),0.0,0,123200,123200,123200,0,0,0.0,100.0,1,high,24.0,5,2,none,,0,https://www.musinsa.com/products/5118144
2026-09-02,카키포인트,5118720,Pleats Long Skirt (gray),0.0,0,87120,87120,87120,0,0,0.0,100.0,1,high,24.09,8,2,none,,0,https://www.musinsa.com/products/5118720
2026-09-02,글로니,5119680,CARIBOU SMOKE SHORTS (2 Colors),0.0,0,138000,138000,138000,0,0,0.0,100.0,1,high,24.09,7,2,none,,0,https://www.musinsa.com/products/5119680
2026-09-02,커버낫,5124160,[SET] C 로고 하프 집업 맨투맨 Oatmeal,0.0,0,103680,103680,103680,0,0,0.0,100.0,1,high,24.0,6,2,none,,0,https://www.musinsa.com/products/5124160
2026-09-02,아틀리에나인,5128128,PIE STRIPE ROUND NECK KNIT(T-7068),0.0,0,60000,60000,60000,0,0,0.0,100.0,1,high,24.0,6,2,none,,0,https://www.musinsa.com/products/5128128
2026-09-02,솔트앤초콜릿,5129536,위켄디03 메리제인 스니커즈 412520001 (4.5cm),0.0,0,71400,71400,71400,0,0,0.0,100.0,1,high,24.08,7,2,none,,0,https://www.musinsa.com/products/5129536
2026-09-02,디앤에스알,5130240,멀티 플리츠 데님 팬츠 블루,0.0,0,89600,89600,89600,0,0,0.0,100.0,1,high,24.0,5,2,none,,0,https://www.musinsa.com/products/5130240
2026-09-02,세터,5138560,카고 버뮤다 데님 쇼츠 블루,0.0,0,159000,159000,159000,0,0,0.0,100.0,1,high,24.0,5,2,none,,0,https://www.musinsa.com/products/5138560
2026-09-02,세터,5138624,(W) 시어서커 홀 스커트 네이비,0.0,0,159000,159000,159000,0,0,0.0,100.0,1,high,24.0,5,2,none,,0,https://www.musinsa.com/products/5138624
2026-09-02,프렌다,5139008,PRENDA STRIPE SKIRT WIDE PANTS MINT,0.0,0,49500,49500,49500,0,0,0.0,100.0,1,high,24.09,8,2,none,,0,https://www.musinsa.com/products/5139008
2026-09-02,어반드레스,5139136,Dark Cloud Mini Dress BLACK,0.98,24314,24900,24900,24900,0,0,0.0,100.0,1,high,24.09,7,2,none,,0,https://www.musinsa.com/products/5139136
2026-09-02,트립르센스,5139968,빈티지 썸머 플리츠 오버 셔츠_더스티 차콜,0.0,0,68800,68800,68800,0,0,0.0,100.0,1,high,24.01,7,2,none,,0,https://www.musinsa.com/products/5139968
2026-09-02,니티드,5146816,(W) 썸머 부클 볼레로 가디건 NAVY,0.0,0,34700,34700,34700,0,0,0.0,100.0,1,high,25.23,5,2,none,,0,https://www.musinsa.com/products/5146816
2026-09-02,어나더오피스,5147264,Flow Banding Easy Pants (Graphite),0.0,0,178000,178000,178000,0,0,0.0,100.0,1,high,24.09,7,2,none,,0,https://www.musinsa.com/products/5147264
2026-09-02,글로니,5148480,LAZY SUNDAY TERRY ZIP UP (4 Colors),0.0,0,138000,138000,138000,0,0,0.0,100.0,1,high,24.09,7,2,none,,0,https://www.musinsa.com/products/5148480
2026-09-02,글로니,5150720,WILD BUTTON SHORTS (4 Colors),0.0,0,52000,52000,52000,0,0,0.0,100.0,1,high,24.09,7,2,none,,0,https://www.musinsa.com/products/5150720
2026-09-02,키르시,5153472,키르시 워딩 아플리케 볼캡 [라이트 옐로우],0.0,0,23400,23400,23400,0,0,0.0,100.0,1,high,24.01,6,2,none,,0,https://www.musinsa.com/products/5153472
2026-09-02,밀로아카이브,5154368,이지 컴팩트 엄브렐라 [블랙],0.0,0,12000,12000,12000,0,0,0.0,100.0,1,high,24.01,8,2,none,,0,https://www.musinsa.com/products/5154368
2026-09-02,브룩스 브라더스,5154688,슬림핏 사커 스트라이프 숏슬리브 피케 폴로 (네이비) (BBNTMM7668QFM),0.0,0,95400,95400,,0,,,47.56,0,low,23.99,3,1,none,,0,https://www.musinsa.com/products/5154688
2026-09-02,유라고,5157568,Mellow square sleeveless,0.0,0,39520,39520,39520,0,0,0.0,100.0,1,high,24.0,5,2,none,,0,https://www.musinsa.com/products/5157568
2026-09-02,디앤에스알,5162432,시그니처 로고 하프 슬리브 블랙,0.0,0,39200,39200,39200,0,0,0.0,100.0,1,high,24.0,5,2,none,,0,https://www.musinsa.com/products/5162432
2026-09-02,아캄,5167424,Rhinestone Washed Denim Pants (Black),0.0,0,116900,116900,116900,0,0,0.0,100.0,1,high,24.0,5,2,none,,0,https://www.musinsa.com/products/5167424
2026-09-02,스컬프터,5169280,Garter Reversible Top White,0.0,0,44160,44160,44160,0,0,0.0,100.0,1,high,24.08,7,2,none,,0,https://www.musinsa.com/products/5169280
2026-09-02,파르티멘토 우먼,5170112,PWC 컬러블럭 피티드 에브리데이 티_포레스트,0.0,0,25920,25920,25920,0,0,0.0,100.0,1,high,24.41,5,2,none,,0,https://www.musinsa.com/products/5170112
2026-09-02,로제프란츠,5176768,Eyelet Half Sleeve Cardigan [Blue],0.0,0,44080,44080,44080,0,0,0.0,100.0,1,high,25.23,5,2,none,,0,https://www.musinsa.com/products/5176768
2026-09-02,로제프란츠,5177280,Lace Frill Pumpkin Shorts [White],0.0,0,48880,48880,48880,0,0,0.0,100.0,1,high,25.23,5,2,none,,0,https://www.musinsa.com/products/5177280
2026-09-02,브룩스 브라더스,5180416,나일론 카 코트 (베이지) (BBCZMF9252ZFS),0.0,0,499000,499000,399200,1,99800,25.0,100.0,1,medium,24.01,7,2,none,,0,https://www.musinsa.com/products/5180416
2026-09-02,론론,5180928,SALTY KISSES OVER FIT T SHIRT WHITE,0.0,0,53460,53460,53460,0,0,0.0,100.0,1,high,24.09,7,2,none,,0,https://www.musinsa.com/products/5180928
2026-09-02,드헤베,5192832,Round Neck Tweed Jacket [Cream],0.0,0,127300,127300,127300,0,0,0.0,100.0,1,high,25.23,5,2,none,,0,https://www.musinsa.com/products/5192832
2026-09-02,바우로프로덕트,5192896,파인 리브드 슬리브리스 [블랙],0.0,0,39900,39900,39900,0,0,0.0,100.0,1,high,25.23,7,2,none,,0,https://www.musinsa.com/products/5192896
2026-09-02,스컬프터,5193856,Acid Farm Mini Dress Red,0.0,0,47200,47200,47200,0,0,0.0,100.0,1,high,24.08,7,2,none,,0,https://www.musinsa.com/products/5193856
2026-09-02,솔트앤초콜릿,5194816,플러피 스트링 샌들 412524012 (4.3cm),0.0,0,57120,57120,57120,0,0,0.0,100.0,1,high,24.09,7,2,none,,0,https://www.musinsa.com/products/5194816
2026-09-02,베르만어패럴,5204864,크랙 로고 오버핏 반팔티 브라운,0.0,0,44800,44800,44800,0,0,0.0,100.0,1,high,24.09,8,2,none,,0,https://www.musinsa.com/products/5204864
2026-09-02,론론,5205952,DOT RUFFLE HALF SLEEVE T SHIRT GREY,0.0,0,53460,53460,53460,0,0,0.0,100.0,1,high,24.09,7,2,none,,0,https://www.musinsa.com/products/5205952
2026-09-02,더바넷,5206208,Flow Supple Shoulder Bag_White,0.0,0,76000,76000,76000,0,0,0.0,100.0,1,high,25.23,5,2,none,,0,https://www.musinsa.com/products/5206208
2026-09-02,무센트,5206720,스트리아 펀칭 아일렛 밴딩 미니 스커트 (2컬러),1.0,45457,45445,49190,39830,1,9360,23.5,100.0,1,medium,24.0,6,2,none,,0,https://www.musinsa.com/products/5206720
2026-09-02,러프사이드,5209792,Corduroy Shirt Ash Black,0.0,0,168000,168000,168000,0,0,0.0,100.0,1,high,24.0,5,2,none,,0,https://www.musinsa.com/products/5209792
2026-09-02,러프사이드,5211776,Box Pleat Pants Black,0.0,0,168000,168000,168000,0,0,0.0,100.0,1,high,24.0,5,2,none,,0,https://www.musinsa.com/products/5211776
2026-09-02,파르티멘토 우먼,5213632,93 넘버링 숏슬리브 티_스카이,0.0,0,31590,31590,31590,0,0,0.0,100.0,1,high,24.41,5,2,none,,0,https://www.musinsa.com/products/5213632
2026-09-02,유라고,5214016,Nylon belted banding skirt,0.0,0,79800,79800,79800,0,0,0.0,100.0,1,high,24.0,5,2,none,,0,https://www.musinsa.com/products/5214016
2026-09-02,디앤에스알,5216448,스트라이프 크롭 하프 슬리브 차콜,0.0,0,59200,59200,59200,0,0,0.0,100.0,1,high,24.0,5,2,none,,0,https://www.musinsa.com/products/5216448
2026-09-02,해칭룸,5219136,Snow Shorts Over Dyed Camo Khaki,0.0,0,178000,178000,178000,0,0,0.0,100.0,1,high,24.41,5,2,none,,0,https://www.musinsa.com/products/5219136
2026-09-02,주앙옴므,5224064,페이버릿 스타 스티치드 볼캡 (차콜),0.0,0,34400,34400,34400,0,0,0.0,100.0,1,high,24.41,5,2,none,,0,https://www.musinsa.com/products/5224064
2026-09-02,일꼬르소,5229824,크링클 볼륨 반팔 셔츠 그레이 IESH5E412G2,0.0,0,43450,43450,43450,0,0,0.0,100.0,1,high,24.0,6,2,none,,0,https://www.musinsa.com/products/5229824
2026-09-02,커버낫,5230080,루베라 샤코슈백 Black,0.0,0,24500,24500,24500,0,0,0.0,100.0,1,high,24.01,6,2,none,,0,https://www.musinsa.com/products/5230080
2026-09-02,노매뉴얼,5242496,NM EMBOSSED BEANIE - CHARCOAL,0.0,0,39900,39900,39900,0,0,0.0,100.0,1,high,24.41,5,2,none,,0,https://www.musinsa.com/products/5242496
2026-09-02,노매뉴얼,5242560,TWO-TUCK BELTED SWEATPANTS - WASHED GRAY,0.0,0,113400,113400,113400,0,0,0.0,100.0,1,high,24.41,5,2,none,,0,https://www.musinsa.com/products/5242560
2026-09-02,노매뉴얼,5243200,HEAVY WAFFLE LONG SLEEVE TEE - CHARCOAL,0.1,6258,62050,62050,62050,0,0,0.0,100.0,1,high,24.41,5,2,none,,0,https://www.musinsa.com/products/5243200
2026-09-02,노매뉴얼,5243264,LAYERED ARCH GRAPHIC HOODIE - WASHED NAVY,0.0,0,100800,100800,100800,0,0,0.0,100.0,1,high,24.41,5,2,none,,0,https://www.musinsa.com/products/5243264
2026-09-02,노매뉴얼,5243328,DOUBLE ECHO WOOL KNIT - BROWN,0.0,0,81900,81900,81900,0,0,0.0,100.0,1,high,24.41,5,2,none,,0,https://www.musinsa.com/products/5243328
2026-09-02,노매뉴얼,5243456,COZY DUCK DOWN - MATTE KHAKI,0.0,0,150150,150150,150150,0,0,0.0,100.0,1,high,24.41,5,2,none,,0,https://www.musinsa.com/products/5243456
2026-09-02,글로니,5247744,G CLASSIC FITTED TEE (CHOCO),0.98,34779,35640,35640,35640,0,0,0.0,100.0,1,high,24.09,7,2,none,,0,https://www.musinsa.com/products/5247744
2026-09-02,트립르센스,5249280,스테디 크롭 썸머 플리츠 셔츠_빈티지 인디고,0.0,0,45600,45600,45600,0,0,0.0,100.0,1,high,24.01,7,2,none,,0,https://www.musinsa.com/products/5249280
2026-09-02,고스트리퍼블릭,5251520,베이직 포인트 라벨 오버핏 셔츠 GLS-711,0.0,0,22400,22400,22400,0,0,0.0,100.0,1,high,25.23,5,2,none,,0,https://www.musinsa.com/products/5251520
2026-09-02,커버낫,5256768,웨빙 미디움 크로스백 Black,0.0,0,79200,79200,79200,0,0,0.0,100.0,1,high,24.01,6,2,none,,0,https://www.musinsa.com/products/5256768
2026-09-02,유니폼브릿지,5260928,seersucker fatigue pants black,0.0,0,55600,55600,55600,0,0,0.0,100.0,1,high,24.08,7,2,none,,0,https://www.musinsa.com/products/5260928
2026-09-02,비터셀즈,5264320,오드리 카라 티-다크 베이지,0.0,0,52000,52000,52000,0,0,0.0,100.0,1,high,24.41,5,2,none,,0,https://www.musinsa.com/products/5264320
2026-09-02,비터셀즈,5270208,데미 핀턱 와이드 팬츠-레오파드,0.0,0,71280,71280,71280,0,0,0.0,100.0,1,high,24.41,5,2,none,,0,https://www.musinsa.com/products/5270208
2026-09-02,커버낫,5270912,[코지 핏] 아트웍 레터링 로고 볼캡 Navy,0.0,0,34300,34300,34300,0,0,0.0,100.0,1,high,24.01,6,2,none,,0,https://www.musinsa.com/products/5270912
2026-09-02,테이크이지,5279744,다이애그널 와이드 데님팬츠 (샌드블루),0.0,0,29000,29000,44500,1,-15500,-34.83,100.0,1,medium,24.01,6,2,none,,0,https://www.musinsa.com/products/5279744
2026-09-02,마인드브릿지우먼,5289472,[W]카라 배색 티셔츠,0.0,0,39900,39900,39900,0,0,0.0,100.0,1,high,24.0,6,2,none,,0,https://www.musinsa.com/products/5289472
2026-09-02,마인드브릿지,5289536,레지 멘탈 슬림 지퍼 넥타이_BR MATI0015,0.2,7213,35900,35900,35900,0,0,0.0,100.0,1,high,24.42,5,2,none,,0,https://www.musinsa.com/products/5289536
2026-09-02,비긴202,5290816,루보 트위스트 팬츠 [쉐이드 블랙],0.0,0,96750,96750,96750,0,0,0.0,100.0,1,high,25.24,5,2,none,,0,https://www.musinsa.com/products/5290816
2026-09-02,굿라이프웍스,5294592,캔버스 워크 자켓 네이비,0.0,0,45500,45500,45500,0,0,0.0,100.0,1,high,24.0,5,2,none,,0,https://www.musinsa.com/products/5294592
2026-09-02,트래블,5296512,엠보 스타 후드 집업 다크 블루,0.0,0,65000,65000,45500,1,19500,42.86,100.0,1,medium,24.09,8,2,none,,0,https://www.musinsa.com/products/5296512
2026-09-02,로제프란츠,5298624,Essential Layered Long Sleeve [Red],0.0,0,29440,29440,29440,0,0,0.0,100.0,1,high,25.24,5,2,none,,0,https://www.musinsa.com/products/5298624
2026-09-02,무센트,5300736,메로니 레이스 포인트 하프 팬츠 (2컬러),0.0,0,29900,29900,29900,0,0,0.0,100.0,1,high,24.0,6,2,none,,0,https://www.musinsa.com/products/5300736
2026-09-02,에이지오디,5300800,커브드 워싱 절개 와이드 데님 팬츠 [샌드블루],0.0,0,38500,38500,38500,0,0,0.0,100.0,1,high,24.09,8,2,none,,0,https://www.musinsa.com/products/5300800
2026-09-02,프렌다,5303616,LACE NECK BUTTON DOT LONG SLEEVE BLACK,0.0,0,20580,20580,20580,0,0,0.0,100.0,1,high,24.09,8,2,none,,0,https://www.musinsa.com/products/5303616
2026-09-02,디스이즈네버댓,5304320,Ambiguous Logo Tee Black,0.6,23089,38500,38500,38500,0,0,0.0,100.0,1,high,24.01,6,2,none,,0,https://www.musinsa.com/products/5304320
2026-09-02,커버낫,5305344,[커버낫X하이다나] 럭키 씨리얼 링거 티셔츠 Off White,0.0,0,31860,31860,31860,0,0,0.0,100.0,1,high,24.01,6,2,none,,0,https://www.musinsa.com/products/5305344
2026-09-02,썬러브투어,5308288,Cali Shaggy Beanie Brown/Pink,0.0,0,49000,49000,49000,0,0,0.0,100.0,1,high,24.09,8,2,none,,0,https://www.musinsa.com/products/5308288
2026-09-02,플랙,5308352,포켓 디테일 셔츠 베이지,0.0,0,116100,116100,116100,0,0,0.0,100.0,1,high,24.01,6,2,none,,0,https://www.musinsa.com/products/5308352
2026-09-02,플랙,5308480,MINIMAL O63 CURVED ECRU WASHED,0.0,0,71100,71100,71100,0,0,0.0,100.0,1,high,24.0,6,2,none,,0,https://www.musinsa.com/products/5308480
2026-09-02,유니폼브릿지,5310784,washed short hunting jacket mocha,0.0,0,119500,119500,119500,0,0,0.0,100.0,1,high,24.09,7,2,none,,0,https://www.musinsa.com/products/5310784
2026-09-02,디미트리블랙,5310976,VLAD 핸드 브러쉬 아플리케 후드 티셔츠_피그먼트 차콜,0.0,0,42900,42900,42900,0,0,0.0,100.0,1,high,24.01,6,2,none,,0,https://www.musinsa.com/products/5310976
2026-09-02,일리고,5311232,리프 아일렛 빅 숄더 백 차콜,0.0,0,108000,108000,108000,0,0,0.0,100.0,1,high,24.43,5,2,none,,0,https://www.musinsa.com/products/5311232
2026-09-02,카키포인트,5311360,Atelier Tweed Jacket (ivory),0.27,50048,186480,186480,186480,0,0,0.0,100.0,1,high,24.09,8,2,none,,0,https://www.musinsa.com/products/5311360
2026-09-02,엑스컨테이너,5312000,클래식 원턱 핀 스트라이프 트라우저 (NAVY),0.0,0,79000,79000,79000,0,0,0.0,100.0,1,high,24.43,5,2,none,,0,https://www.musinsa.com/products/5312000
2026-09-02,헬레네파리스,5312448,브이넥 스터드 트리밍 니트 [모카],0.0,0,47200,47200,47200,0,0,0.0,100.0,1,high,24.09,7,2,none,,0,https://www.musinsa.com/products/5312448
2026-09-02,일꼬르소,5313920,릴렉스드 테일러드 자켓 브라운 IEJA5F003W2,0.0,0,146300,146300,146300,0,0,0.0,100.0,1,high,24.01,6,2,none,,0,https://www.musinsa.com/products/5313920
2026-09-02,후드후드,5314560,Three Star 레터링 오프숄더 맨투맨 블랙,0.99,30347,30690,30690,30690,0,0,0.0,100.0,1,high,25.24,9,2,none,,0,https://www.musinsa.com/products/5314560
2026-09-02,나이스고스트클럽,5314688,DOODLE GRAPHIC WIDE JEANS_BLUE(NG2FFUD110A),0.0,0,97300,97300,97300,0,0,0.0,100.0,1,high,24.01,7,2,none,,0,https://www.musinsa.com/products/5314688
2026-09-02,아캄,5315648,Symbol Logo Socks (White),0.0,0,14700,14700,14700,0,0,0.0,100.0,1,high,24.0,5,2,none,,0,https://www.musinsa.com/products/5315648
2026-09-02,아캄,5316416,Camo Contrast Hooded Long Sleeve (Khaki),0.65,40373,62300,62300,62300,0,0,0.0,100.0,1,high,24.0,5,2,none,,0,https://www.musinsa.com/products/5316416
2026-09-02,엘무드,5316672,레이 플레어 코튼 슬랙스 베이지,0.0,0,90000,90000,90000,0,0,0.0,100.0,1,high,24.01,9,2,none,,0,https://www.musinsa.com/products/5316672
2026-09-02,엘무드,5316800,안데르 카우 스웨이드 싱글 블레이저 브라운,0.0,0,454500,454500,454500,0,0,0.0,100.0,1,high,24.01,6,2,none,,0,https://www.musinsa.com/products/5316800
2026-09-02,키뮤어,5318976,스웨이드 바이커 자켓_브라운,1.97,335872,170100,170100,170100,0,0,0.0,100.0,1,high,24.09,8,2,none,,0,https://www.musinsa.com/products/5318976
2026-09-02,후브스,5319744,멀티 스트라이프 후드 롱슬리브 [크림그레이],3.8,223368,58800,58800,58800,0,0,0.0,100.0,1,high,24.01,9,2,none,,0,https://www.musinsa.com/products/5319744
2026-09-02,에이지오디,5319936,워시드 트윌 워크 자켓 [블랙],0.0,0,48700,48700,48700,0,0,0.0,100.0,1,high,24.09,8,2,none,,0,https://www.musinsa.com/products/5319936
2026-09-02,커버낫,5320704,시그니처 심볼 롱슬리브 Black,1.2,47745,39830,39830,39830,0,0,0.0,100.0,1,high,24.01,6,2,none,,0,https://www.musinsa.com/products/5320704
2026-09-02,프리즘웍스,5321856,TURTLE ISLAND SWEATSHIRT _ NAVY,0.0,0,38400,38400,34560,1,3840,11.11,100.0,1,medium,24.09,7,2,none,,0,https://www.musinsa.com/products/5321856
2026-09-02,커버낫,5322048,이지팬츠 트윌 1-TUCK 팬츠 Black,0.0,0,58910,58910,58910,0,0,0.0,100.0,1,high,24.01,6,2,none,,0,https://www.musinsa.com/products/5322048
2026-09-02,스컬프터,5322688,Washed Pocket Hoodie Gray,0.0,0,78080,78080,78080,0,0,0.0,100.0,1,high,24.09,7,2,none,,0,https://www.musinsa.com/products/5322688
2026-09-02,허그본,5323712,링거 트로피 와이드 헬스 슬리브리스 7컬러,0.22,4704,21760,21760,21760,0,0,0.0,100.0,1,high,25.24,5,2,none,,0,https://www.musinsa.com/products/5323712
2026-09-02,9999아카이브,5325824,9 Star Jogger Sweat Pants,0.0,0,65400,65400,65400,0,0,0.0,100.0,1,high,24.01,7,2,none,,0,https://www.musinsa.com/products/5325824
2026-09-02,세터,5326656,(W) 인디고 논페이드 데님 스커트 인디고,0.0,0,119000,119000,119000,0,0,0.0,100.0,1,high,24.0,5,2,none,,0,https://www.musinsa.com/products/5326656
2026-09-02,드헤베,5327360,V-neck Flare Shirring Knit [Ivory],0.0,0,67320,67320,63360,1,3960,6.25,100.0,1,medium,25.24,5,2,none,,0,https://www.musinsa.com/products/5327360
2026-09-02,9999아카이브,5330560,Flow Corduroy Jeans,0.0,0,89400,89400,89400,0,0,0.0,100.0,1,high,24.01,7,2,none,,0,https://www.musinsa.com/products/5330560
2026-09-02,아틀리에나인,5330752,에센셜 라운드 넥 슬림 티(T-7090),0.0,0,27550,27550,22040,1,5510,25.0,100.0,1,medium,24.0,6,2,none,,0,https://www.musinsa.com/products/5330752
2026-09-02,룩캐스트,5336960,앤써니 싱글 스웨이드 자켓_베이지 / ANTHONY SINGLE SUEDE JACKET_BEIGE,0.0,0,158400,158400,158400,0,0,0.0,100.0,1,high,24.43,5,2,none,,0,https://www.musinsa.com/products/5336960
2026-09-02,에이치덱스,5337152,우먼스 서포트 파이핑 3.5 바이커 쇼츠 (Navy),1.98,81042,40980,40980,40980,0,0,0.0,100.0,1,high,25.25,5,2,none,,0,https://www.musinsa.com/products/5337152
2026-09-02,슈퍼서브,5338816,이모셔널 TT 긴팔 티셔츠 - 차콜,0.0,0,29500,29500,29500,0,0,0.0,100.0,1,high,25.25,5,2,none,,0,https://www.musinsa.com/products/5338816
2026-09-02,러브이즈트루,5340096,GT FLEECE JACKET(CHARCOAL),0.0,0,116560,116560,116560,0,0,0.0,100.0,1,high,24.01,7,2,none,,0,https://www.musinsa.com/products/5340096
2026-09-02,와르,5341056,M273 라인 와이드 데님 팬츠_진청,0.0,0,37700,37700,32600,1,5100,15.64,100.0,1,medium,24.09,7,2,none,,0,https://www.musinsa.com/products/5341056
2026-09-02,모즈모즈,5345088,프리즈 그래픽 피그먼트 롱 슬리브 베이지,0.0,0,23500,23500,23500,0,0,0.0,100.0,1,high,24.0,5,2,none,,0,https://www.musinsa.com/products/5345088
2026-09-02,나이스고스트클럽,5346368,NGC GIRL CAP_BROWN(NG2FFUAB31A),0.0,0,34300,34300,34300,0,0,0.0,100.0,1,high,24.01,7,2,none,,0,https://www.musinsa.com/products/5346368
2026-09-02,제이엘브,5347584,원모어 로고 오버핏 후디,0.0,0,78000,78000,78000,0,0,0.0,100.0,1,high,24.01,7,2,none,,0,https://www.musinsa.com/products/5347584
2026-09-02,디스이즈네버댓,5349632,Onyx Cap White/Blue,0.0,0,31500,31500,31500,0,0,0.0,100.0,1,high,24.01,6,2,none,,0,https://www.musinsa.com/products/5349632
2026-09-02,디스이즈네버댓,5350016,Arch-Logo Crewneck Dark Chocolate,0.0,0,79200,79200,79200,0,0,0.0,100.0,1,high,24.01,6,2,none,,0,https://www.musinsa.com/products/5350016
2026-09-02,쿠어,5350720,링클 래글런 울 블루종 (블랙),0.0,0,315000,315000,315000,0,0,0.0,100.0,1,high,24.0,5,2,none,,0,https://www.musinsa.com/products/5350720
2026-09-02,커스텀어클락,5351616,루즈핏 플레어 데님 팬츠 블랙 COOSPT249BLACK,1.0,55215,55200,55200,55200,0,0,0.0,100.0,1,high,24.01,6,2,none,,0,https://www.musinsa.com/products/5351616
2026-09-02,비바라비다,5352832,[기모선택] My Youth 헤비테리 후드,15.12,845478,55900,55900,55900,0,0,0.0,100.0,1,low,10.11,32,8,none,,0,https://www.musinsa.com/products/5352832
2026-09-02,비바라비다,5353408,[기모선택] Gleam 헤비테리 후드,2.86,136861,47900,47900,47900,0,0,0.0,100.0,1,low,24.09,18,4,none,,0,https://www.musinsa.com/products/5353408
2026-09-02,아웃스탠딩,5353664,RAGLAN CREW NECK KNIT_OLIVE,0.15,10356,71100,71100,71100,0,0,0.0,100.0,1,high,24.08,7,2,none,,0,https://www.musinsa.com/products/5353664
2026-09-02,에이이에이이,5354304,CHECK MIDI TIERED SKIRT [BROWN],0.0,0,124200,124200,124200,0,0,0.0,100.0,1,high,24.44,5,2,none,,0,https://www.musinsa.com/products/5354304
2026-09-02,노매뉴얼,5356032,EMBLEM LONG SLEEVE TEE - WASHED GRAY,0.0,0,75600,75600,75600,0,0,0.0,100.0,1,high,24.44,5,2,none,,0,https://www.musinsa.com/products/5356032
2026-09-02,유니폼브릿지,5356288,UBC SOCKS X VOTTA black,0.0,0,11130,11130,11130,0,0,0.0,100.0,1,high,24.09,7,2,none,,0,https://www.musinsa.com/products/5356288
2026-09-02,노티카,5356736,웨이브 폴라 하프 집업 풀오버 NFL2105,0.0,0,89000,89000,89000,0,0,0.0,100.0,1,high,24.0,5,2,none,,0,https://www.musinsa.com/products/5356736
2026-09-02,스키즘 인듀싱,5358528,DETACHABLE CAMO PANTS GREEN,0.0,0,176000,176000,176000,0,0,0.0,100.0,1,high,24.09,7,2,none,,0,https://www.musinsa.com/products/5358528
2026-09-02,제너럴아이디어,5358912,플라워 스캘럽 가디건 [PINK] / WBE3L04510,0.0,0,54400,54400,54400,0,0,0.0,100.0,1,high,24.09,7,2,none,,0,https://www.musinsa.com/products/5358912
2026-09-02,더바넷,5359424,Poise Ruffle Blouse,0.0,0,89680,89680,89680,0,0,0.0,100.0,1,high,25.25,5,2,none,,0,https://www.musinsa.com/products/5359424
2026-09-02,데꼬로소,5359872,리브 텍스처 데님 블루종 자켓 [블랙],0.0,0,69500,69500,69500,0,0,0.0,100.0,1,high,24.01,7,2,none,,0,https://www.musinsa.com/products/5359872
2026-09-02,아틀리에나인,5361216,LEOPARD WIDE LEG PANTS(PT-5701),0.0,0,76050,76050,76050,0,0,0.0,100.0,1,high,24.0,6,2,none,,0,https://www.musinsa.com/products/5361216
2026-09-02,브룩스 브라더스,5364288,메리노울 로고 터틀넥 스웨터 (그레이) (BBWUMNF301),0.0,0,125370,125370,111440,1,13930,12.5,100.0,1,medium,24.01,7,2,none,,0,https://www.musinsa.com/products/5364288
2026-09-02,쿠어,5365568,알파카 블렌드 집업 스웨터 (카키브라운),0.0,0,175500,175500,175500,0,0,0.0,100.0,1,high,24.0,5,2,none,,0,https://www.musinsa.com/products/5365568
2026-09-02,썸웨어버터,5365760,Noelle Argyle Knit - Red,0.0,0,129000,129000,129000,0,0,0.0,100.0,1,high,24.01,7,2,none,,0,https://www.musinsa.com/products/5365760
2026-09-02,썸웨어버터,5365824,Bold Logo Sweatshirt - Navy,0.0,0,82080,82080,82080,0,0,0.0,100.0,1,high,24.01,7,2,none,,0,https://www.musinsa.com/products/5365824
2026-09-02,니티드,5366400,빈티지 팜트리 미니멀 라운드 니트 IVORY,0.0,0,68670,68670,40320,1,28350,70.31,100.0,1,medium,25.25,5,2,none,,0,https://www.musinsa.com/products/5366400
2026-09-02,파르티멘토 우먼,5366848,PWC 언발란스드 저지 셔링 티어드 드레스_멜란지,0.0,0,58500,58500,58500,0,0,0.0,100.0,1,high,24.44,5,2,none,,0,https://www.musinsa.com/products/5366848
2026-09-02,제너럴아이디어,5367360,UNISEX 클래식 볼드 스트라이프 럭비 티셔츠 [RED] / SBE3U01005,0.0,0,53680,53680,57600,1,-3920,-6.81,100.0,1,medium,24.09,7,2,none,,0,https://www.musinsa.com/products/5367360
2026-09-02,브룩스 브라더스,5370944,[여성] 퀼팅재킷 (멀티) (BBOPWBF401),0.0,0,289170,289170,257040,1,32130,12.5,100.0,1,medium,24.01,7,2,none,,0,https://www.musinsa.com/products/5370944
2026-09-02,모즈모즈,5371520,페이딩 그래픽 오버핏 후드 버건디,0.0,0,29900,29900,29900,0,0,0.0,100.0,1,high,24.0,5,2,none,,0,https://www.musinsa.com/products/5371520
2026-09-02,탄산마그네슘,5376128,마운틴 롱슬리브 (라이트핑크),1.0,52440,52440,56240,52440,1,3800,7.25,100.0,1,low,37.73,11,5,none,,0,https://www.musinsa.com/products/5376128
2026-09-02,르바,5376384,Velvet Layered T-Shirt - Sand Grey,0.0,0,49500,49500,49500,0,0,0.0,100.0,1,high,25.25,5,2,none,,0,https://www.musinsa.com/products/5376384
2026-09-02,세컨모놀로그,5380288,[옷미새 미홀 콜라보]Curved Tapered Barrel-Fit Denim Pants [BLACK]_SEPT072BLACK,1.8,100568,56000,56000,56000,0,0,0.0,100.0,1,high,23.98,14,5,none,,0,https://www.musinsa.com/products/5380288
2026-09-02,제너럴아이디어,5380736,MAN 네프사 크루넥 풀오버 [NAVY] / SBE3M05001,0.0,0,49600,49600,43400,1,6200,14.29,100.0,1,medium,24.09,7,2,none,,0,https://www.musinsa.com/products/5380736
2026-09-02,프리즘웍스,5381312,OG VINTAGE DYEING L/S TEE _ BLACK BROWN,0.0,0,46800,46800,46800,0,0,0.0,100.0,1,high,24.09,7,2,none,,0,https://www.musinsa.com/products/5381312
2026-09-02,드로우핏우먼,5382464,노티드 레이어드 뷔스티에 니트 [BLACK],0.0,0,69300,69300,69300,0,0,0.0,100.0,1,high,24.09,8,2,none,,0,https://www.musinsa.com/products/5382464
2026-09-02,브랜디드,5382528,1766 DARK SHADOW JEANS [EXTRA WIDE STRAIGHT],0.0,0,91800,91800,91800,0,0,0.0,100.0,1,low,25.25,5,2,none,,0,https://www.musinsa.com/products/5382528
2026-09-02,비터셀즈,5384768,컬리 카라 퍼 자켓-그레이,0.0,0,141460,141460,141460,0,0,0.0,100.0,1,high,24.44,5,2,none,,0,https://www.musinsa.com/products/5384768
2026-09-02,드로우핏,5385024,카우 스터드 스웨이드 레더 벨트 [BLACK],0.22,8149,37800,37800,37800,0,0,0.0,100.0,1,high,25.25,8,2,none,,0,https://www.musinsa.com/products/5385024
2026-09-02,칙스,5386304,그루브 코듀로이 블루종 차콜,0.0,0,71010,71010,78900,1,-7890,-10.0,100.0,1,medium,24.09,7,2,none,,0,https://www.musinsa.com/products/5386304
2026-09-02,웬즈데이오아시스,5388416,트레이스 라인 스웨트셔츠_CHARCOAL(W25-TP32),0.0,0,61600,61600,61600,0,0,0.0,100.0,1,high,24.09,8,2,none,,0,https://www.musinsa.com/products/5388416
2026-09-02,디앤에스알,5391168,엠보 워시드 코듀로이 플레어 팬츠 브라운,0.0,0,79200,79200,79200,0,0,0.0,100.0,1,low,24.0,5,2,none,,0,https://www.musinsa.com/products/5391168
2026-09-02,아틀리에나인,5391936,SOFT WOOL HOODIE KNIT(T-7106),0.0,0,95060,95060,76050,1,19010,25.0,100.0,1,medium,24.0,6,2,none,,0,https://www.musinsa.com/products/5391936
2026-09-02,넌블랭크,5392064,스트라이프 세미 오버 핏 셋업_DARK GREY,0.0,0,182400,182400,182400,0,0,0.0,100.0,1,high,24.01,7,2,none,,0,https://www.musinsa.com/products/5392064
2026-09-02,더뮤지엄비지터,5392384,EXHIBITION GRAPHIC RUNNING T-SHIRT (BLACK),0.0,0,40800,40800,40800,0,0,0.0,100.0,1,high,24.09,7,2,none,,0,https://www.musinsa.com/products/5392384
2026-09-02,일꼬르소,5393280,워시드 폴로 셔츠 브라운 IETS5F002W2,0.0,0,45000,45000,45000,0,0,0.0,100.0,1,high,24.01,6,2,none,,0,https://www.musinsa.com/products/5393280
2026-09-02,트릴리온,5393344,빈티지 페어 아일 자카드 크루넥 니트_블랙,0.0,0,37900,37900,37900,0,0,0.0,100.0,1,high,24.44,5,2,none,,0,https://www.musinsa.com/products/5393344
2026-09-02,유니폼브릿지,5393536,high gauge turtle neck knit(womens) ivory,0.0,0,69000,69000,69000,0,0,0.0,100.0,1,high,24.09,7,2,none,,0,https://www.musinsa.com/products/5393536
2026-09-02,트리밍버드,5393664,Glossy Satin Strap Jacket [ Khaki ],0.0,0,249000,249000,249000,0,0,0.0,100.0,1,high,24.09,7,2,none,,0,https://www.musinsa.com/products/5393664
2026-09-02,테이크이지,5394944,[2PACK] 울 크롭 니트 블랙 (+솔리드 크롭 티셔츠 증정),0.0,0,41900,41900,41900,0,0,0.0,100.0,1,high,24.01,6,2,none,,0,https://www.musinsa.com/products/5394944
2026-09-02,세터,5395776,(W) 아가일 삭스 브라운,0.0,0,11900,11900,11900,0,0,0.0,100.0,1,high,24.0,5,2,none,,0,https://www.musinsa.com/products/5395776
2026-09-02,코드그라피,5398848,(우먼) 코듀로이 하프 팬츠_초코 브라운,0.0,0,62300,62300,62300,0,0,0.0,100.0,1,high,25.25,5,2,none,,0,https://www.musinsa.com/products/5398848
2026-09-02,로제프란츠,5405056,Edge Cardigan Sleeveless Set [Beige],0.0,0,50160,50160,50160,0,0,0.0,100.0,1,high,25.25,5,2,none,,0,https://www.musinsa.com/products/5405056
2026-09-02,르아브,5405312,저드 턴업 울 세미플레어 슬랙스 블랙,0.0,0,94500,94500,94500,0,0,0.0,100.0,1,high,24.02,7,2,none,,0,https://www.musinsa.com/products/5405312
2026-09-02,로제프란츠,5405440,Heart Pocket Hood Zip-up [Gray],0.0,0,65120,65120,65120,0,0,0.0,100.0,1,high,25.25,5,2,none,,0,https://www.musinsa.com/products/5405440
2026-09-02,와이케이,5407232,말티즈 체크 아플리케 맨투맨 멜란지화이트,0.0,0,59250,59250,59250,0,0,0.0,100.0,1,high,24.01,7,2,none,,0,https://www.musinsa.com/products/5407232
2026-09-02,더바이닐하우스,5408832,SQUARE PATCH BALL CAP BLUE,0.0,0,33040,33040,28910,1,4130,14.29,100.0,1,medium,24.01,6,2,none,,0,https://www.musinsa.com/products/5408832
2026-09-02,더바이닐하우스,5409024,WESTERN WORK JACKET CHARCOAL,0.0,0,84700,84700,84700,0,0,0.0,100.0,1,high,24.01,6,2,none,,0,https://www.musinsa.com/products/5409024
2026-09-02,꼼파뇨,5414336,[CPGN X 보더랜드4] 밴딧 후드 집업 블랙,0.0,0,46210,46210,46210,0,0,0.0,100.0,1,high,24.45,5,2,none,,0,https://www.musinsa.com/products/5414336
2026-09-02,밀로아카이브,5424512,엘모 스트라이프 카라 티셔츠 [딥 그레이],0.0,0,78400,78400,70560,1,7840,11.11,100.0,1,medium,24.01,8,2,none,,0,https://www.musinsa.com/products/5424512
2026-09-02,제멋,5424576,모던 메모리 후드 블랙 KJHD2668,0.0,0,39800,39800,39800,0,0,0.0,100.0,1,high,24.09,7,2,none,,0,https://www.musinsa.com/products/5424576
2026-09-02,배드블러드,5424768,바이퍼31-1 라이트웨이트 후드 푸퍼 - 그레이레오파드,0.02,5035,211650,211650,211650,0,0,0.0,100.0,1,high,24.09,7,2,none,,0,https://www.musinsa.com/products/5424768
2026-09-02,배드블러드,5425984,PEACE NOT WAR 후드 집업 - 더스티블랙,0.0,0,143200,143200,143200,0,0,0.0,100.0,1,high,24.09,7,2,none,,0,https://www.musinsa.com/products/5425984
2026-09-02,미세키서울,5439616,Button trooper hat GREY,0.0,0,74800,74800,74800,0,0,0.0,100.0,1,high,24.45,5,2,none,,0,https://www.musinsa.com/products/5439616
2026-09-02,시눈,5443712,Rose Beads Chain Belt (Silver Gold),0.0,0,66750,66750,66750,0,0,0.0,64.87,0,low,23.99,4,1,none,,0,https://www.musinsa.com/products/5443712
2026-09-02,길라아카이브,5444288,LETTERING ANGEL WING SHIRRING SKIRT_BLACK,0.0,0,43470,43470,43470,0,0,0.0,100.0,1,high,24.02,7,2,none,,0,https://www.musinsa.com/products/5444288
2026-09-02,더블유엠씨,5446528,반집업 후드티_MOSS PINK,0.0,0,79500,79500,79500,0,0,0.0,100.0,1,high,24.02,7,2,none,,0,https://www.musinsa.com/products/5446528
2026-09-02,스컬프터,5448512,Light Weight Striped Jersey Burgundy,0.29,15705,53760,53760,53760,0,0,0.0,100.0,1,high,24.09,7,2,none,,0,https://www.musinsa.com/products/5448512
2026-09-02,제너럴아이디어,5449088,언발란스 루즈핏 가디건 [MELANGE GREY] / WBE3L04521,0.0,0,51200,51200,51200,0,0,0.0,100.0,1,high,24.08,7,2,none,,0,https://www.musinsa.com/products/5449088
2026-09-02,제너럴아이디어,5449344,핏티드 골지 셔링 원피스 [BLACK] / WBE3L15506,0.0,0,52250,52250,46900,1,5350,11.41,100.0,1,medium,24.09,7,2,none,,0,https://www.musinsa.com/products/5449344
2026-09-02,마인드브릿지,5449984,두굿_울 혼방 라운드 세미 오버핏 가디건 - 3color,0.0,0,56430,56430,59400,1,-2970,-5.0,100.0,1,low,24.45,5,2,none,,0,https://www.musinsa.com/products/5449984
2026-09-02,벨리에,5451648,다이에그널 레더 블루종 - 블랙,0.0,0,599450,599450,599450,0,0,0.0,100.0,1,high,24.0,5,2,none,,0,https://www.musinsa.com/products/5451648
2026-09-02,벨리에,5451968,시티 브이넥 스웨터 - 블랙,0.0,0,139650,139650,139650,0,0,0.0,100.0,1,high,24.0,5,2,none,,0,https://www.musinsa.com/products/5451968
2026-09-02,수아레,5453632,커브드 코스모 워싱 팬츠 애쉬 오트밀,0.0,0,39500,39500,39500,0,0,0.0,100.0,1,high,24.45,5,2,none,,0,https://www.musinsa.com/products/5453632
2026-09-02,해비즘,5457280,CHECK PATCH FLOWER ZIP UP HOOD(GREY),0.47,33617,70850,70850,70850,0,0,0.0,100.0,1,high,24.02,7,2,none,,0,https://www.musinsa.com/products/5457280
2026-09-02,더니트컴퍼니,5461184,(M) 만다 코튼 스트라이프 셔츠 [아스트랄 블루],0.0,0,76300,76300,76300,0,0,0.0,100.0,1,high,25.26,5,2,none,,0,https://www.musinsa.com/products/5461184
2026-09-02,무드인사이드,5463872,라인 워시드 바이커 데님 자켓 Black,0.0,0,49900,49900,49900,0,0,0.0,100.0,1,high,24.09,8,2,none,,0,https://www.musinsa.com/products/5463872
2026-09-02,밀로아카이브,5466688,크롭 무브 셔츠 [빈티지 브라운],0.0,0,58800,58800,58800,0,0,0.0,100.0,1,high,24.02,8,2,none,,0,https://www.musinsa.com/products/5466688
2026-09-02,디스이즈네버댓,5468608,Authentic Tradition Cap Brown,0.6,23024,38500,38500,38500,0,0,0.0,100.0,1,high,24.01,6,2,none,,0,https://www.musinsa.com/products/5468608
2026-09-02,디스이즈네버댓,5468928,Corduroy Varsity Jacket Black,0.0,0,174300,174300,174300,0,0,0.0,100.0,1,high,24.01,6,2,none,,0,https://www.musinsa.com/products/5468928
2026-09-02,2000아카이브스,5472192,DEEP SCOOP BACK CONTOUR T (WHITE),0.0,0,67320,67320,67320,0,0,0.0,100.0,1,high,24.09,7,2,none,,0,https://www.musinsa.com/products/5472192
2026-09-02,이지노이지,5478336,리브드 크롭 롱슬리브-블랙,0.0,0,9900,9900,9900,0,0,0.0,100.0,1,high,24.0,5,2,none,,0,https://www.musinsa.com/products/5478336
2026-09-02,나이스고스트클럽,5479616,FFATS CHECK FUR CARDIGAN_BLACK(NG2FFUK684A),0.0,0,95400,95400,95400,0,0,0.0,100.0,1,high,24.02,7,2,none,,0,https://www.musinsa.com/products/5479616
2026-09-02,커버낫,5480512,[수빈 착용] 웜온 CVNT 플리스 후드집업 Ivory,0.0,0,96390,96390,96390,0,0,0.0,100.0,1,high,24.01,6,2,none,,0,https://www.musinsa.com/products/5480512
2026-09-02,루에브르,5481280,Double-Breasted Tailored Jacket SW5AJ321-93,0.0,0,230300,230300,230300,0,0,0.0,100.0,1,high,24.09,8,2,none,,0,https://www.musinsa.com/products/5481280
2026-09-02,본투윈,5482560,STROKE B QUICK DRY T-SHIRTS [4 COLOR],2.0,112000,56000,56000,56000,0,0,0.0,100.0,1,high,10.12,24,8,none,,0,https://www.musinsa.com/products/5482560
2026-09-02,마인드브릿지,5489920,[COUTURE]헤링본 오버핏 발마칸 롱 코트,0.0,0,247820,247820,259000,1,-11180,-4.32,100.0,1,medium,24.46,5,2,none,,0,https://www.musinsa.com/products/5489920
2026-09-02,언탭트스튜디오,5496320,유니버스 데님 텍스처 아트웍 오버핏 긴팔 티셔츠 8Color,0.0,0,19580,19580,19580,0,0,0.0,100.0,1,high,24.02,8,2,none,,0,https://www.musinsa.com/products/5496320
2026-09-02,유니폼브릿지,5497536,silk blended crew neck knit navy,0.0,0,44710,44710,44710,0,0,0.0,100.0,1,high,24.08,7,2,none,,0,https://www.musinsa.com/products/5497536
2026-09-02,언더오프,5506176,세미 크롭 맨투맨 스웨트 브루클린 블랙,0.0,0,27920,27920,27920,0,0,0.0,100.0,1,high,24.01,6,2,none,,0,https://www.musinsa.com/products/5506176
2026-09-02,론론,5506496,LAYERED SKIRT CORDUROY STRING PANTS WHITE GREY,0.0,0,107730,107730,107730,0,0,0.0,100.0,1,high,24.09,7,2,none,,0,https://www.musinsa.com/products/5506496
2026-09-02,아메스월드와이드,5507456,BASIC SMALL LOGO HOODIE ZIP UP CREAM,0.0,0,67200,67200,67200,0,0,0.0,100.0,1,high,24.46,6,2,none,,0,https://www.musinsa.com/products/5507456
2026-09-02,에이치덱스,5512512,애슬레틱 85 후디 (Black),0.0,0,98000,98000,98000,0,0,0.0,100.0,1,high,25.26,5,2,none,,0,https://www.musinsa.com/products/5512512
2026-09-02,브라운야드,5514304,"워시드 코듀로이 트러커 자켓, 블랙",0.0,0,208600,208600,208600,0,0,0.0,100.0,1,high,24.02,7,2,none,,0,https://www.musinsa.com/products/5514304
2026-09-02,바우로프로덕트,5514560,파인 리브드 머슬 긴팔 니트티 [네이비],0.0,0,49800,49800,49800,0,0,0.0,100.0,1,high,25.26,7,2,none,,0,https://www.musinsa.com/products/5514560
2026-09-02,다이브인,5514880,WASHED COTTON MAC COAT (BLACK),0.0,0,191200,191200,191200,0,0,0.0,100.0,1,high,24.01,6,2,none,,0,https://www.musinsa.com/products/5514880
2026-09-02,언더오프,5515264,워싱 코튼 패디드 집업 블루종 카멜,0.0,0,49500,49500,49500,0,0,0.0,100.0,1,high,24.01,6,2,none,,0,https://www.musinsa.com/products/5515264
2026-09-02,더니트컴퍼니,5517504,(M) 세르비노 울 테일러드 재킷 [델리시오소 브라운],0.0,0,272300,272300,272300,0,0,0.0,100.0,1,high,25.26,5,2,none,,0,https://www.musinsa.com/products/5517504
2026-09-02,에이이에이이,5519424,STRIPE MITTEN GLOVES [BURGUNDY],0.0,0,55200,55200,55200,0,0,0.0,100.0,1,high,24.46,5,2,none,,0,https://www.musinsa.com/products/5519424
2026-09-02,아메스월드와이드,5529920,QWER NUMBERING HOODIE ZIP-UP BROWN,0.0,0,62720,62720,54880,1,7840,14.29,100.0,1,medium,24.47,6,2,none,,0,https://www.musinsa.com/products/5529920
2026-09-02,테이크이지,5529984,페어아일 빈티지 크롭니트 (크림),0.0,0,32900,32900,34500,1,-1600,-4.64,100.0,1,medium,24.01,6,2,none,,0,https://www.musinsa.com/products/5529984
2026-09-02,제멋,5535040,레스트 앤 후드 버건디 ISHD2660,0.0,0,43900,43900,43900,0,0,0.0,100.0,1,high,24.09,7,2,none,,0,https://www.musinsa.com/products/5535040
2026-09-02,배드블러드,5535680,Eat Me 루즈핏 티 - 토바코,1.0,55137,55200,55200,55200,0,0,0.0,100.0,1,high,24.09,7,2,none,,0,https://www.musinsa.com/products/5535680
2026-09-02,더바이닐하우스,5539008,PATTERN BEANIE BLACK,0.0,0,37760,37760,33040,1,4720,14.29,100.0,1,medium,24.01,6,2,none,,0,https://www.musinsa.com/products/5539008
2026-09-02,무센트,5542720,시에라 호피 하트 원 숄더 긴팔 티 (2컬러),0.4,8428,20930,26910,20930,1,5980,28.57,100.0,1,medium,24.01,6,2,none,,0,https://www.musinsa.com/products/5542720
2026-09-02,제멋,5542848,어니언 칼리지 맨투맨 네이비블루 SJMT2658,0.0,0,33900,33900,33900,0,0,0.0,100.0,1,high,24.09,7,2,none,,0,https://www.musinsa.com/products/5542848
2026-09-02,플리즈노팔로우,5546304,Meli Lace Shirring Sleeveless Top (Mocha Brown),0.0,0,41650,41650,41650,0,0,0.0,100.0,1,high,24.09,7,2,none,,0,https://www.musinsa.com/products/5546304
2026-09-02,키르시,5546624,인조퍼 세미 크롭 다운 점퍼 [블랙],0.0,0,155400,155400,155400,0,0,0.0,100.0,1,high,24.01,6,2,none,,0,https://www.musinsa.com/products/5546624
2026-09-02,디스이즈네버댓,5549632,T.N.T. Classic HDP Zip Up Sweat Natural,0.0,0,100000,100000,100000,0,0,0.0,100.0,1,high,24.01,6,2,none,,0,https://www.musinsa.com/products/5549632
2026-09-02,밀로아카이브,5550528,스프레드 모티프 플리스 캡 [블랙],0.0,0,45500,45500,45500,0,0,0.0,100.0,1,high,24.02,8,2,none,,0,https://www.musinsa.com/products/5550528
2026-09-02,트릴리온,5552896,스트라이프 92 스타 그래픽 럭비 폴로 셔츠_스카이,0.0,0,29990,29990,29990,0,0,0.0,100.0,1,high,24.47,5,2,none,,0,https://www.musinsa.com/products/5552896
2026-09-02,데꼬로소,5553408,코듀로이 원턱 세미 와이드 팬츠 [블랙],0.0,0,59600,59600,59600,0,0,0.0,100.0,1,high,24.02,7,2,none,,0,https://www.musinsa.com/products/5553408
2026-09-02,파르티멘토 우먼,5554112,컷아웃 웨이스트 트라우저_차콜 멜란지,0.0,0,72090,72090,72090,0,0,0.0,100.0,1,high,24.47,5,2,none,,0,https://www.musinsa.com/products/5554112
2026-09-02,파르티멘토 우먼,5554176,팀 76 패치 스트라이프 폴로 티_차콜,0.0,0,43740,43740,43740,0,0,0.0,100.0,1,high,24.47,5,2,none,,0,https://www.musinsa.com/products/5554176
2026-09-02,더바넷,5554240,Oversized Forde Sweat Zip-Up Hoodie Jacket_Navy,0.0,0,142200,142200,142200,0,0,0.0,100.0,1,high,25.26,5,2,none,,0,https://www.musinsa.com/products/5554240
2026-09-02,더바넷,5555008,Revo Half Collar Knit,0.0,0,133200,133200,133200,0,0,0.0,100.0,1,high,25.26,5,2,none,,0,https://www.musinsa.com/products/5555008
2026-09-02,꼼파뇨,5555136,아모르네 레글런 스웨트셔츠 네이비,0.0,0,41250,41250,41250,0,0,0.0,100.0,1,high,24.47,5,2,none,,0,https://www.musinsa.com/products/5555136
2026-09-02,더바넷,5555520,Tonal Stripe Pique Shirt_Burgundy,0.0,0,106200,106200,106200,0,0,0.0,100.0,1,high,25.26,5,2,none,,0,https://www.musinsa.com/products/5555520
2026-09-02,무센트,5557120,티아제 셋업 아일렛 스웻 스커트 (2컬러),0.0,0,50310,50310,39130,1,11180,28.57,100.0,1,medium,24.01,6,2,none,,0,https://www.musinsa.com/products/5557120
2026-09-02,인사일런스우먼,5561856,베이직 립스탑 구스 다운 ASH BEIGE,0.0,0,312550,312550,312550,0,0,0.0,100.0,1,high,24.09,8,2,none,,0,https://www.musinsa.com/products/5561856
2026-09-02,브라운야드,5566336,"소프트 스톨, 올리브 그레이",0.0,0,198000,198000,198000,0,0,0.0,100.0,1,high,24.02,7,2,none,,0,https://www.musinsa.com/products/5566336
2026-09-02,키르시,5566400,클래식 플리츠 미니 스커트 [블랙],0.0,0,79200,79200,79200,0,0,0.0,100.0,1,high,24.01,6,2,none,,0,https://www.musinsa.com/products/5566400
2026-09-02,언더오프,5572160,후디드 푸퍼 패딩 자켓 블랙,0.0,0,89900,89900,89900,0,0,0.0,100.0,1,high,24.01,6,2,none,,0,https://www.musinsa.com/products/5572160
2026-09-02,디스이즈네버댓,5573824,GD Dancing Bears Cap Off Black,0.0,0,45500,45500,45500,0,0,0.0,100.0,1,high,24.01,6,2,none,,0,https://www.musinsa.com/products/5573824
2026-09-02,무드인사이드,5576448,헤비 케이블 헨리넥 니트_Brown,0.0,0,49900,49900,49900,0,0,0.0,100.0,1,high,24.09,8,2,none,,0,https://www.musinsa.com/products/5576448
2026-09-02,유니폼브릿지,5581440,feather down shirt jacket charcoal,0.0,0,110000,110000,110000,0,0,0.0,100.0,1,high,24.09,7,2,none,,0,https://www.musinsa.com/products/5581440
2026-09-02,제너럴아이디어,5582464,울 노르딕 더플 가디건 [RED] / WBD4L04550,0.0,0,63200,63200,79000,1,-15800,-20.0,100.0,1,medium,24.09,7,2,none,,0,https://www.musinsa.com/products/5582464
2026-09-02,2000아카이브스,5585216,LUA LEGWARMER (GREY),0.0,0,116820,116820,116820,0,0,0.0,100.0,1,high,24.09,7,2,none,,0,https://www.musinsa.com/products/5585216
2026-09-02,플랙,5586048,퍼널 넥 니트 네이비,0.0,0,109000,109000,109000,0,0,0.0,100.0,1,high,24.01,6,2,none,,0,https://www.musinsa.com/products/5586048
2026-09-02,브라운브레스,5587136,FREEZE TAG HOODIE - BLACK,0.0,0,109000,109000,109000,0,0,0.0,100.0,1,high,24.09,8,2,none,,0,https://www.musinsa.com/products/5587136
2026-09-02,브룩스 브라더스,5588800,바시티점퍼 (카키) (BBOTMBF304),0.0,0,377370,377370,335440,1,41930,12.5,100.0,1,medium,24.02,7,2,none,,0,https://www.musinsa.com/products/5588800
2026-09-02,파브레가,5594816,커드 시어링 카 코트 (빈티지 브라운),0.0,0,223200,223200,223200,0,0,0.0,100.0,1,high,25.26,5,2,none,,0,https://www.musinsa.com/products/5594816
2026-09-02,파르티멘토,5597120,100% 울 세일러 토글 니트 자켓 네이비,0.0,0,110160,110160,110160,0,0,0.0,100.0,1,high,24.01,6,2,none,,0,https://www.musinsa.com/products/5597120
2026-09-02,노이어,5598528,루즈핏 코듀로이 워크셔츠 (브라운),0.0,0,86200,86200,86200,0,0,0.0,100.0,1,high,24.09,7,2,none,,0,https://www.musinsa.com/products/5598528
2026-09-02,엑스오엑스,5606080,리브드 헨리넥 긴팔 티셔츠[NAVY],0.0,0,49900,49900,49900,0,0,0.0,100.0,1,high,24.0,5,2,none,,0,https://www.musinsa.com/products/5606080
2026-09-02,알리스,5607104,퓨어 울 100% 에센셜 플러피 머플러 [4COLOR],0.0,0,36030,36030,36030,0,0,0.0,100.0,1,high,24.48,5,2,none,,0,https://www.musinsa.com/products/5607104
2026-09-02,노매뉴얼,5608064,R.V ARCH LOGO HOODED ZIP-UP - CHARCOAL,0.0,0,92000,92000,92000,0,0,0.0,100.0,1,high,24.48,5,2,none,,0,https://www.musinsa.com/products/5608064
2026-09-02,꼼파뇨,5613184,꽈배기 크롭 니트 가디건 그레이,0.0,0,41800,41800,41800,0,0,0.0,100.0,1,high,24.48,5,2,none,,0,https://www.musinsa.com/products/5613184
2026-09-02,아틀리에나인,5614592,YAK BLENDED CUT OUT HIGH NECK KNIT (T-7143),0.0,0,144530,144530,115630,1,28900,24.99,100.0,1,medium,24.0,6,2,none,,0,https://www.musinsa.com/products/5614592
2026-09-02,칙스,5614720,스타피쉬 스터드 비니 브라운,0.0,0,26910,26910,29900,1,-2990,-10.0,100.0,1,medium,24.09,7,2,none,,0,https://www.musinsa.com/products/5614720
2026-09-02,어나더오피스,5615488,Cashmere Banding Easy Pants (Heather Charcoal),0.0,0,190400,190400,190400,0,0,0.0,100.0,1,high,24.09,5,2,none,,0,https://www.musinsa.com/products/5615488
2026-09-02,로제프란츠,5618368,Fur V-neck Knit [Butter],0.0,0,45920,45920,45920,0,0,0.0,100.0,1,high,25.27,5,2,none,,0,https://www.musinsa.com/products/5618368
2026-09-02,브랜디드,5620480,[SUPERIOR] ESSENTIAL SUPERFINE ROUND KNIT [CHARCOAL],0.0,0,100300,100300,100300,0,0,0.0,100.0,1,high,25.27,5,2,none,,0,https://www.musinsa.com/products/5620480
2026-09-02,유니폼브릿지,5622848,corduroy pants wide fit(womens) black,0.0,0,79000,79000,79000,0,0,0.0,100.0,1,high,24.09,7,2,none,,0,https://www.musinsa.com/products/5622848
2026-09-02,유니폼브릿지,5622912,merino wool turtle neck knit black,0.0,0,89000,89000,89000,0,0,0.0,100.0,1,high,24.09,7,2,none,,0,https://www.musinsa.com/products/5622912
2026-09-02,코드그라피,5623104,(우먼) 스퀘어 로고 패딩 베스트_레드,0.0,0,104300,104300,104300,0,0,0.0,100.0,1,high,25.27,5,2,none,,0,https://www.musinsa.com/products/5623104
2026-09-02,헬레네파리스,5623168,심볼 로고 헤어리 풀오버 니트 집업 [브라운-블랙],0.0,0,76400,76400,74480,1,1920,2.58,100.0,1,medium,24.09,7,2,none,,0,https://www.musinsa.com/products/5623168
2026-09-02,헬레네파리스,5623296,카덴자 헤어리 퍼 코트 [도브 그레이],0.0,0,105800,105800,105800,0,0,0.0,100.0,1,high,24.09,7,2,none,,0,https://www.musinsa.com/products/5623296
2026-09-02,파르티멘토,5627776,유틸리티 후디드 푸퍼 패딩 블랙,0.0,0,130400,130400,130400,0,0,0.0,100.0,1,high,24.01,6,2,none,,0,https://www.musinsa.com/products/5627776
2026-09-02,본투윈,5631232,W CHROME B TRACK LINE CROP HOODIE ZIP-UP [BLACK],0.0,0,109000,109000,109000,0,0,0.0,100.0,1,high,24.09,7,2,none,,0,https://www.musinsa.com/products/5631232
2026-09-02,시야쥬,5632576,SITP5237 컴포트 플리스 풀오버 탑_Navy,0.0,0,98000,98000,98000,0,0,0.0,100.0,1,high,24.01,6,2,none,,0,https://www.musinsa.com/products/5632576
2026-09-02,프렌다,5633472,POT QUILTING FUR DOWN BLACK,0.0,0,143400,143400,143400,0,0,0.0,100.0,1,high,24.09,8,2,none,,0,https://www.musinsa.com/products/5633472
2026-09-02,시야쥬,5634240,SIOT4168 헤비 울 싱글 블레이저_Brown,0.0,0,259000,259000,259000,0,0,0.0,100.0,1,high,24.01,6,2,none,,0,https://www.musinsa.com/products/5634240
2026-09-02,시야쥬,5634432,SIOT4160 덕다운 패딩 롱 코트_Light beige,0.0,0,313000,313000,313000,0,0,0.0,100.0,1,high,24.01,6,2,none,,0,https://www.musinsa.com/products/5634432
2026-09-02,와이케이,5636288,백 그래픽 파라슈트 데님 팬츠 미디엄블루,0.0,0,67600,67600,67600,0,0,0.0,100.0,1,high,24.02,7,2,none,,0,https://www.musinsa.com/products/5636288
2026-09-02,일꼬르소,5636544,조르디 스탠다드 코듀로이 와이드 팬츠 다크 카키 IEPA5F001K3,0.0,0,69300,69300,69300,0,0,0.0,100.0,1,high,24.01,6,2,none,,0,https://www.musinsa.com/products/5636544
2026-09-02,론론,5648960,DOT NOTE APPLIQUE LONG SLEEVE NAVY,0.0,0,71280,71280,71280,0,0,0.0,100.0,1,high,24.09,7,2,none,,0,https://www.musinsa.com/products/5648960
2026-09-02,제너럴아이디어,5652736,MAN 울 블렌디드 더블 피코트 [CHARCOAL] / SBE4M10015,0.0,0,224000,224000,224000,0,0,0.0,100.0,1,high,24.09,7,2,none,,0,https://www.musinsa.com/products/5652736
2026-09-02,코드그라피,5653888,기모 CGP 아치 로고 후디_프로스트 그린,0.0,0,62300,62300,62300,0,0,0.0,100.0,1,high,25.27,5,2,none,,0,https://www.musinsa.com/products/5653888
2026-09-02,제너럴아이디어,5655616,시어링 카라 무스탕 코트 [BROWN] / WBE4L10525,0.0,0,175200,175200,169000,1,6200,3.67,100.0,1,medium,24.09,7,2,none,,0,https://www.musinsa.com/products/5655616
2026-09-02,무드인사이드,5658688,미니멀 경량 후디드 패딩 자켓 _Beige,0.0,0,44900,44900,44900,0,0,0.0,100.0,1,high,24.09,8,2,none,,0,https://www.musinsa.com/products/5658688
2026-09-02,브룩스 브라더스,5659968,슬림핏 라이트웨이트 어드밴티지 치노 (스톤) (BBPCMMZ501),0.0,0,179100,179100,179100,0,0,0.0,100.0,1,high,24.01,7,2,none,,0,https://www.musinsa.com/products/5659968
2026-09-02,배드블러드,5662336,바이퍼31-1 라이트웨이트 하이넥 푸퍼 - 블랙레더,0.0,0,245650,245650,245650,0,0,0.0,100.0,1,high,24.09,7,2,none,,0,https://www.musinsa.com/products/5662336
2026-09-02,본투윈,5662656,W SYMBOL B ECLIPSE SEAMLESS 3.5 BIKER SHORTS [CHARCOAL],0.0,0,65500,65500,65500,0,0,0.0,100.0,1,high,24.09,7,2,none,,0,https://www.musinsa.com/products/5662656
2026-09-02,키르시,5668288,니턱 와이드핏 카고 팬츠 [핑크],0.0,0,103200,103200,103200,0,0,0.0,100.0,1,high,24.01,6,2,none,,0,https://www.musinsa.com/products/5668288
2026-09-02,시그니처,5674176,와이드 커브드 다트 코듀로이 팬츠[블랙],0.0,0,39900,39900,39900,0,0,0.0,100.0,1,low,25.27,5,2,none,,0,https://www.musinsa.com/products/5674176
2026-09-02,더뮤지엄비지터,5676928,SHIRRING BOOT-CUT PANTS (OLIVE),0.0,0,96750,96750,96750,0,0,0.0,100.0,1,high,24.09,7,2,none,,0,https://www.musinsa.com/products/5676928
2026-09-02,제너럴아이디어,5682176,메탈 롱헤어 루즈핏 풀오버 [BEIGE] / WBE4L05548,0.0,0,51200,51200,51200,0,0,0.0,100.0,1,high,24.09,7,2,none,,0,https://www.musinsa.com/products/5682176
2026-09-02,어나더오피스,5684096,Legacy Goose Down Parka (Pewter),0.0,0,390400,390400,390400,0,0,0.0,100.0,1,high,24.09,5,2,none,,0,https://www.musinsa.com/products/5684096
2026-09-02,링서울,5684352,handmade cashmere balmacan coat-charcoal,0.0,0,342720,342720,342720,0,0,0.0,100.0,1,high,24.02,7,2,none,,0,https://www.musinsa.com/products/5684352
2026-09-02,링서울,5684416,alpaca high-neck belted long coat-khaki brown,0.0,0,334290,334290,334290,0,0,0.0,100.0,1,high,24.02,7,2,none,,0,https://www.musinsa.com/products/5684416
2026-09-02,칙스,5687424,플란넬 체크 후드집업 블랙,0.0,0,73710,73710,81900,1,-8190,-10.0,100.0,1,medium,24.09,7,2,none,,0,https://www.musinsa.com/products/5687424
2026-09-02,언더오프,5689856,울100 소프트 니트 머플러 그레이,0.0,0,29900,29900,29900,0,0,0.0,100.0,1,high,24.01,6,2,none,,0,https://www.musinsa.com/products/5689856
2026-09-02,노티카,5719360,슈퍼와이드 덕 페인터 팬츠 JPL7855,0.0,0,127200,127200,127200,0,0,0.0,100.0,1,high,24.0,5,2,none,,0,https://www.musinsa.com/products/5719360
2026-09-02,제너럴아이디어,5722752,울 블랜드 니트 핸드 워머 [4COL] / WBE4L93528,0.0,0,23200,23200,23200,0,0,0.0,100.0,1,high,24.09,7,2,none,,0,https://www.musinsa.com/products/5722752
2026-09-02,더뮤지엄비지터,5723264,BUTTON NECK LAYERED LONG SLEEVE (GREEN),0.0,0,50400,50400,50400,0,0,0.0,100.0,1,high,24.09,7,2,none,,0,https://www.musinsa.com/products/5723264
2026-09-02,999휴머니티,5725056,HC 스컬 캡 (페이디드 브라운),0.0,0,68000,68000,68000,0,0,0.0,100.0,1,high,24.0,5,2,none,,0,https://www.musinsa.com/products/5725056
2026-09-02,키르시,5727232,베이직 체리 포인트 크루삭스 화이트 5팩,0.4,4803,11900,21900,11900,1,10000,84.03,100.0,1,medium,24.01,6,2,none,,0,https://www.musinsa.com/products/5727232
2026-09-02,무드인사이드,5729088,미니멀 경량 후디드 패딩 자켓 _Pink,0.27,12097,44900,44900,44900,0,0,0.0,100.0,1,high,24.09,8,2,none,,0,https://www.musinsa.com/products/5729088
2026-09-02,바이모노,5729152,[빅사이즈 32-46] 꼭꼭팬츠 꼭꼭 바디보정&교정 반바지,0.0,0,32900,32900,32900,0,0,0.0,100.0,1,high,24.01,6,2,none,,0,https://www.musinsa.com/products/5729152
2026-09-02,무센트,5746048,로번트 메탈 로고 볼레로 후드 집업 (2컬러),0.0,0,116910,116910,90930,1,25980,28.57,100.0,1,medium,24.01,6,2,none,,0,https://www.musinsa.com/products/5746048
2026-09-02,밀로아카이브,5748160,크롭 무브 가디건 [퍼플],0.0,0,86400,86400,86400,0,0,0.0,100.0,1,high,24.02,8,2,none,,0,https://www.musinsa.com/products/5748160
2026-09-02,트래블,5748736,스타 헬릭스 후드 집업 블루 섀도우,0.0,0,59000,59000,59000,0,0,0.0,100.0,1,high,24.09,8,2,none,,0,https://www.musinsa.com/products/5748736
2026-09-02,노이어,5753088,캐시미어 코튼 딥 브이넥 니트 (레드),0.0,0,88000,88000,88000,0,0,0.0,100.0,1,high,24.09,7,2,none,,0,https://www.musinsa.com/products/5753088
2026-09-02,플레어업,5760384,Hooded Asymmetrical Puffer Jacket (FL-053_Charcoal),0.0,0,149760,149760,177840,1,-28080,-15.79,100.0,1,medium,24.49,5,2,none,,0,https://www.musinsa.com/products/5760384
2026-09-02,썸웨어버터,5762560,Matis Wide Denim Pants - Middle Blue,0.0,0,77600,77600,77600,0,0,0.0,100.0,1,high,24.02,7,2,none,,0,https://www.musinsa.com/products/5762560
2026-09-02,해칭룸,5772288,Wide Curve Jeans Dark Blue,0.0,0,178000,178000,178000,0,0,0.0,100.0,1,high,24.49,5,2,none,,0,https://www.musinsa.com/products/5772288
2026-09-02,제너럴아이디어,5774336,MAN 레귤러핏 플란넬 체크 셔츠 [RED] / SBE4M03009,0.0,0,51200,51200,51200,0,0,0.0,100.0,1,high,24.09,7,2,none,,0,https://www.musinsa.com/products/5774336
2026-09-02,브랜디드,5777024,[SUPERIOR] CLOUD SUPERFINE V-NECK KNIT [MELANGE GRAY],0.0,0,125800,125800,,0,,,22.57,0,low,19.03,4,1,none,,0,https://www.musinsa.com/products/5777024
2026-09-02,브룩스 브라더스,5779520,[여성] 코튼 트윌 스커트 (블랙) (BBKZWFF301),0.0,0,175770,175770,156240,1,19530,12.5,100.0,1,medium,24.02,7,2,none,,0,https://www.musinsa.com/products/5779520
2026-09-02,시야쥬,5782784,SITP5240 홀리데이 산타 나염 맨투맨_Cream,0.0,0,89000,89000,89000,0,0,0.0,100.0,1,high,24.01,6,2,none,,0,https://www.musinsa.com/products/5782784
2026-09-02,아캄,5793600,Hooded Fur Leather Jacket (Black),0.0,0,219600,219600,219600,0,0,0.0,100.0,1,high,24.0,5,2,none,,0,https://www.musinsa.com/products/5793600
2026-09-02,아틀리에나인,5801600,애쉬 오블리크 라인 티(T-6949),0.0,0,53100,53100,42480,1,10620,25.0,100.0,1,medium,24.0,6,2,none,,0,https://www.musinsa.com/products/5801600
2026-09-02,바이모노,5804800,[빅사이즈 32-42] 모노 뜨거운 구김제로 밴딩팬츠(ver.발열기모),0.0,0,29900,29900,29900,0,0,0.0,100.0,1,high,24.01,6,2,none,,0,https://www.musinsa.com/products/5804800
2026-09-02,바이모노,5805056,[FREE(XL)] 모노 베이직 빅사이즈 볼캡 모자,0.0,0,18900,18900,18900,0,0,0.0,100.0,1,high,24.01,6,2,none,,0,https://www.musinsa.com/products/5805056
2026-09-02,일리고,5836864,129 로고 패치 후드 집업 스트라이프 브라운,0.0,0,78000,78000,78000,0,0,0.0,100.0,1,high,24.5,5,2,none,,0,https://www.musinsa.com/products/5836864
2026-09-02,트릴리온,5837312,버튼 하프넥 플리스 풀오버_5color,0.0,0,49000,49000,49000,0,0,0.0,10.03,0,low,24.5,5,1,none,,0,https://www.musinsa.com/products/5837312
2026-09-02,나이스고스트클럽,5839104,3STAR CROP HOODIE ZIP UP_CHARCOAL(NG2GSUM492A),0.0,0,62370,62370,62370,0,0,0.0,100.0,1,high,24.02,7,2,none,,0,https://www.musinsa.com/products/5839104
2026-09-02,나이스고스트클럽,5839168,3STAR APPLIQUE 3/4 SLEEVE TEE_NAVY(NG2GSUT563A),0.0,0,34300,34300,34300,0,0,0.0,100.0,1,high,24.02,7,2,none,,0,https://www.musinsa.com/products/5839168
2026-09-02,노매뉴얼,5849024,LIGHT WAFFLE PANTS - GRAY,0.0,0,103500,103500,103500,0,0,0.0,100.0,1,high,24.5,5,2,none,,0,https://www.musinsa.com/products/5849024
2026-09-02,노매뉴얼,5849216,ROUGH SEERSUCKER CHECK SHIRTS - IVORY,0.0,0,100800,100800,100800,0,0,0.0,100.0,1,high,24.5,5,2,none,,0,https://www.musinsa.com/products/5849216
2026-09-02,노매뉴얼,5849408,RAW CHAIN STITCHED T-SHIRT - BLACK,0.0,0,34300,34300,34300,0,0,0.0,100.0,1,high,24.5,5,2,none,,0,https://www.musinsa.com/products/5849408
2026-09-02,노매뉴얼,5849472,DUAL SLASH EMBLEM T-SHIRT - WASHED BLACK,0.0,0,44100,44100,44100,0,0,0.0,100.0,1,high,24.5,5,2,none,,0,https://www.musinsa.com/products/5849472
2026-09-02,글로니,5859200,3/4 G WAFFLE BUTTON FLY TEE (WHITE),0.0,0,63180,63180,63180,0,0,0.0,100.0,1,high,24.09,7,2,none,,0,https://www.musinsa.com/products/5859200
2026-09-02,트릴리온,5861696,레더 패치 코듀로이  워크 셔츠_4color,0.9,34019,37800,37800,37800,0,0,0.0,100.0,1,high,24.5,5,2,none,,0,https://www.musinsa.com/products/5861696
2026-09-02,키르시,5869440,플레인 슬림핏 후드 집업 [블랙],0.0,0,71200,71200,71200,0,0,0.0,100.0,1,high,24.01,6,2,none,,0,https://www.musinsa.com/products/5869440
2026-09-02,론론,5870848,3 MULTI STRIPE HOODIE ZIP UP NAVY,0.0,0,89100,89100,69300,1,19800,28.57,100.0,1,medium,24.09,7,2,none,,0,https://www.musinsa.com/products/5870848
2026-09-02,마인드브릿지,5871872,스트라이프 오버핏 긴팔 티셔츠,0.0,0,19900,19900,19900,0,0,0.0,100.0,1,high,24.5,5,2,none,,0,https://www.musinsa.com/products/5871872
2026-09-02,파브레가,5873792,컨투어 커브드 데님 팬츠 (빈티지 블루),0.0,0,97200,97200,97200,0,0,0.0,100.0,1,high,25.27,5,2,none,,0,https://www.musinsa.com/products/5873792
2026-09-02,세터,5877888,[라이즈 PICK] 홈웨어 스트라이프 레이스업 밴딩 쇼츠 블루,0.0,0,79000,79000,79000,0,0,0.0,100.0,1,high,24.0,5,2,none,,0,https://www.musinsa.com/products/5877888
2026-09-02,엑스컨테이너,5878720,사이드 라인 와이드 팬츠 (SLATE BLACK),0.0,0,52920,52920,52920,0,0,0.0,100.0,1,high,24.5,5,2,none,,0,https://www.musinsa.com/products/5878720
2026-09-02,그루브라임,5879936,피그먼트 면쭈리 절개 와이드 카고팬츠 (LRSFCYW172M),0.0,0,23800,23800,23800,0,0,0.0,100.0,1,high,24.09,8,2,none,,0,https://www.musinsa.com/products/5879936
2026-09-02,그루브라임,5880064,스트레치 하이넥 집업 (LRSFCUZ708M),0.0,0,28900,28900,28900,0,0,0.0,100.0,1,high,24.09,8,2,none,,0,https://www.musinsa.com/products/5880064
2026-09-02,드로우핏우먼,5885760,버튼 레이어드 스커트 팬츠 [D.GREY],0.0,0,63360,63360,79200,1,-15840,-20.0,100.0,1,medium,24.09,8,2,none,,0,https://www.musinsa.com/products/5885760
2026-09-02,드로우핏우먼,5886208,제인 레이어드 뷔스티에 블라우스 [BLACK],0.0,0,55440,55440,69300,1,-13860,-20.0,100.0,1,medium,24.09,8,2,none,,0,https://www.musinsa.com/products/5886208
2026-09-02,미세키서울,5889088,[레이 PICK] Blur quote short sleeve WHITE,0.0,0,52200,52200,52200,0,0,0.0,100.0,1,high,24.5,5,2,none,,0,https://www.musinsa.com/products/5889088
2026-09-02,마인드브릿지우먼,5894656,[W]와이드 밴딩 연청 데님 팬츠,0.0,0,80900,80900,80900,0,0,0.0,100.0,1,high,24.0,6,2,none,,0,https://www.musinsa.com/products/5894656
2026-09-02,마인드브릿지우먼,5894784,[W]핀턱 타이 화이트 블라우스,0.35,20958,59900,59900,59900,0,0,0.0,100.0,1,high,24.0,6,2,none,,0,https://www.musinsa.com/products/5894784
2026-09-02,미세키서울,5894848,[레이 PICK] Open toe sheer knee socks GREY,0.0,0,32400,32400,32400,0,0,0.0,100.0,1,high,24.5,5,2,none,,0,https://www.musinsa.com/products/5894848
2026-09-02,바우프,5895040,레이어드 포켓 후드 티셔츠 [민트],0.0,0,75650,75650,75650,0,0,0.0,100.0,1,high,25.27,10,7,none,,0,https://www.musinsa.com/products/5895040
2026-09-02,미세키서울,5895616,Pocket pointed sleeveless BLACK,0.0,0,52200,52200,52200,0,0,0.0,100.0,1,high,24.5,5,2,none,,0,https://www.musinsa.com/products/5895616
2026-09-02,기철,5899456,Asym Vintage Cargo Denim Pants (Stone Grey),0.0,0,85600,85600,85600,0,0,0.0,100.0,1,high,24.0,5,2,none,,0,https://www.musinsa.com/products/5899456
2026-09-02,일리고,5901312,프릴 트임 레그워머 블랙,0.0,0,44000,44000,44000,0,0,0.0,100.0,1,high,24.5,5,2,none,,0,https://www.musinsa.com/products/5901312
2026-09-02,일리고,5901376,플레르 러플 헌팅캡 그레이,0.0,0,48000,48000,48000,0,0,0.0,100.0,1,high,24.5,5,2,none,,0,https://www.musinsa.com/products/5901376
2026-09-02,일리고,5901440,퓨어 보우 오프숄더 맨투맨 핑크,1.9,163253,86000,86000,86000,0,0,0.0,100.0,1,high,24.5,5,2,none,,0,https://www.musinsa.com/products/5901440
2026-09-02,테이크이지,5901696,[크롭 티셔츠 추가] (우먼스) 아플리케 크롭 후드집업(네이비),0.0,0,45900,45900,45900,0,0,0.0,100.0,1,high,24.01,6,2,none,,0,https://www.musinsa.com/products/5901696
2026-09-02,밀로아카이브,5902592,헤이 브이넥 스트라이프 니트 [네이비],0.0,0,75600,75600,75600,0,0,0.0,100.0,1,high,24.02,8,2,none,,0,https://www.musinsa.com/products/5902592
2026-09-02,키뮤어,5903232,쿨터치 헨리넥 크롭 니트_블랙,0.97,36799,37800,37800,37800,0,0,0.0,100.0,1,high,24.09,8,2,none,,0,https://www.musinsa.com/products/5903232
2026-09-02,해비즘,5905728,GOLJI BOAT NECK L/S TEE(9COLOR),0.0,0,23920,23920,23920,0,0,0.0,100.0,1,high,24.02,7,2,none,,0,https://www.musinsa.com/products/5905728
2026-09-02,스컬프터,5909824,Everyday Hobo Bag Black,0.15,12181,82560,82560,82560,0,0,0.0,100.0,1,high,24.09,7,2,none,,0,https://www.musinsa.com/products/5909824
2026-09-02,스컬프터,5909952,Napoleon Stud Sweatpants Acid Blue,0.0,0,92880,92880,92880,0,0,0.0,100.0,1,high,24.09,7,2,none,,0,https://www.musinsa.com/products/5909952
2026-09-02,필루미네이트,5911808,워시드 아치 로고 후디-카키,0.0,0,39900,39900,39900,0,0,0.0,100.0,1,high,24.02,7,2,none,,0,https://www.musinsa.com/products/5911808
2026-09-02,키르시,5912960,슬림핏 레이어드 립 롱 슬리브 [블랙],0.0,0,55200,55200,55200,0,0,0.0,100.0,1,high,24.01,6,2,none,,0,https://www.musinsa.com/products/5912960
2026-09-02,아웃스탠딩,5913088,[LOONEY TUNES] RACING JACKET_BLACK,0.0,0,115200,115200,115200,0,0,0.0,14.81,0,low,24.09,7,1,none,,0,https://www.musinsa.com/products/5913088
2026-09-02,탄산마그네슘,5913472,설라노X탄산 나그랑 스타링 롱슬리브 (그레이),0.0,0,60040,60040,56240,1,3800,6.76,100.0,1,low,48.08,18,6,none,,0,https://www.musinsa.com/products/5913472
2026-09-02,커버낫,5913856,C 로고 하프집업 맨투맨 라이트 그린,0.0,0,64080,64080,64080,0,0,0.0,100.0,1,high,24.01,6,2,none,,0,https://www.musinsa.com/products/5913856
2026-09-02,커버낫,5913920,와이드 코튼 파라슈트 팬츠 올리브,0.0,0,104490,104490,104490,0,0,0.0,100.0,1,high,24.01,6,2,none,,0,https://www.musinsa.com/products/5913920
2026-09-02,칙스,5915328,소프트 텐션 슬림 롱슬리브 블랙,0.0,0,20720,20720,20720,0,0,0.0,100.0,1,high,24.09,7,2,none,,0,https://www.musinsa.com/products/5915328
2026-09-02,어반디타입,5915456,보르네오 팬서 후드 집업_네이비,0.0,0,59000,59000,59000,0,0,0.0,100.0,1,high,24.02,7,2,none,,0,https://www.musinsa.com/products/5915456
2026-09-02,해칭룸,5916288,Wide Line Jeans Blue,0.0,0,158400,158400,158400,0,0,0.0,100.0,1,high,24.51,5,2,none,,0,https://www.musinsa.com/products/5916288
2026-09-02,바우프,5919744,3 logo 슬림핏 롱슬리브 [차콜],0.0,0,52700,52700,52700,0,0,0.0,100.0,1,high,25.28,5,2,none,,0,https://www.musinsa.com/products/5919744
2026-09-02,룩캐스트,5919872,엘리제 플리츠 브이넥 블라우스_아이보리 / ERISE PLEATS V NECK BLOUSE_IVORY,0.0,0,69620,69620,69620,0,0,0.0,100.0,1,high,24.51,5,2,none,,0,https://www.musinsa.com/products/5919872
2026-09-02,유니폼브릿지,5923776,vintage stripe l/s t-shirt navy,0.0,0,39500,39500,39500,0,0,0.0,100.0,1,high,24.09,7,2,none,,0,https://www.musinsa.com/products/5923776
2026-09-02,그루브라임,5923840,미니쮸리 기본핏 등판 프린트 쭉티 (FRNFCTR102M),0.0,0,14800,14800,14800,0,0,0.0,100.0,1,high,24.09,8,2,none,,0,https://www.musinsa.com/products/5923840
2026-09-02,와이케이,5924928,비즈 나일론 스트링 백팩 그레이,0.0,0,81750,81750,81750,0,0,0.0,100.0,1,high,24.02,7,2,none,,0,https://www.musinsa.com/products/5924928
2026-09-02,레더리,5925504,로우 라이즈 부츠컷 데님 팬츠 [D.BLUE],0.0,0,45850,45850,43410,1,2440,5.62,100.0,1,medium,24.51,5,2,none,,0,https://www.musinsa.com/products/5925504
2026-09-02,본투윈,5925632,WEAVING OPENER KEYRING [BLACK],0.0,0,20300,20300,20300,0,0,0.0,100.0,1,high,24.09,7,2,none,,0,https://www.musinsa.com/products/5925632
2026-09-02,알리스,5927168,로어드 웨이스트 커브드 코튼 팬츠 [빈티지블랙],0.0,0,62180,62180,62180,0,0,0.0,100.0,1,high,24.51,5,2,none,,0,https://www.musinsa.com/products/5927168
2026-09-02,아모우,5928640,RAW long sleeve White,0.0,0,47400,47400,47400,0,0,0.0,100.0,1,high,24.09,7,2,none,,0,https://www.musinsa.com/products/5928640
2026-09-02,유라고,5930176,Play block hood zip-up,0.0,0,95760,95760,95760,0,0,0.0,100.0,1,high,24.0,5,2,none,,0,https://www.musinsa.com/products/5930176
2026-09-02,후드후드,5930368,클로버 로고 오프숄더 맨투맨 차콜,0.0,0,40370,40370,40370,0,0,0.0,100.0,1,high,25.28,5,2,none,,0,https://www.musinsa.com/products/5930368
2026-09-02,러프사이드,5932544,Pin Stripe Long Sleeve Space Grey,0.0,0,79000,79000,79000,0,0,0.0,100.0,1,high,24.0,5,2,none,,0,https://www.musinsa.com/products/5932544
2026-09-02,러프사이드,5933312,BDU Half Shirt Jacket Dark Brown,0.0,0,148000,148000,148000,0,0,0.0,100.0,1,high,24.0,5,2,none,,0,https://www.musinsa.com/products/5933312
2026-09-02,제너럴아이디어,5935488,실키 스카프 블라우스 [BLACK] / GF1LBL507,1.0,43993,44000,44000,44000,0,0,0.0,100.0,1,high,24.09,7,2,none,,0,https://www.musinsa.com/products/5935488
2026-09-02,웬즈데이오아시스,5936768,슬리브 레이어드 티셔츠_2COLOR(W26TP06),0.0,0,38500,38500,38500,0,0,0.0,100.0,1,high,24.09,8,2,none,,0,https://www.musinsa.com/products/5936768
2026-09-02,파르티멘토 우먼,5937152,PWC 레이스 트림 티어드 미디 스커트_브라운,0.0,0,46980,46980,46980,0,0,0.0,100.0,1,high,24.51,5,2,none,,0,https://www.musinsa.com/products/5937152
2026-09-02,아캄,5937344,Calf Hair Gem Belt (Black),0.0,0,90300,90300,90300,0,0,0.0,100.0,1,high,24.0,5,2,none,,0,https://www.musinsa.com/products/5937344
2026-09-02,아캄,5937536,Knee Panel Biker Denim Pants (Gray),0.0,0,159200,159200,159200,0,0,0.0,100.0,1,high,24.0,5,2,none,,0,https://www.musinsa.com/products/5937536
2026-09-02,락케이크,5937600,Syndicate Henly Neck Top - Black,0.0,0,47120,47120,47120,0,0,0.0,100.0,1,high,24.09,8,2,none,,0,https://www.musinsa.com/products/5937600
2026-09-02,굿라이프웍스,5938624,오버핏 스트라이프 카라 티셔츠 브라운,0.0,0,27300,27300,27300,0,0,0.0,100.0,1,high,24.0,5,2,none,,0,https://www.musinsa.com/products/5938624
2026-09-02,굿라이프웍스,5938688,와이드 투턱 논페이드 데님 팬츠 인디고,0.0,0,34300,34300,34300,0,0,0.0,100.0,1,high,24.0,5,2,none,,0,https://www.musinsa.com/products/5938688
2026-09-02,세터,5939072,90s 플레이백 롱 슬리브 차콜,0.0,0,89000,89000,89000,0,0,0.0,100.0,1,high,24.0,5,2,none,,0,https://www.musinsa.com/products/5939072
2026-09-02,쿠어,5940608,워시드 린넨 블렌드 버튼 포인트 치노 트라우저 (베이지),0.0,0,162000,162000,162000,0,0,0.0,100.0,1,high,24.0,5,2,none,,0,https://www.musinsa.com/products/5940608
2026-09-02,쿠어,5940736,링클 시어 체크 셔츠 (다크네이비),0.0,0,139500,139500,139500,0,0,0.0,100.0,1,high,24.0,5,2,none,,0,https://www.musinsa.com/products/5940736
2026-09-02,쿠어,5940928,더블 포켓 스테이션 블루종 자켓 (브라운),0.0,0,225000,225000,225000,0,0,0.0,100.0,1,high,24.0,5,2,none,,0,https://www.musinsa.com/products/5940928
2026-09-02,아캄,5942080,Technical Coated Jacket (Brown),0.0,0,159200,159200,159200,0,0,0.0,100.0,1,high,24.0,5,2,none,,0,https://www.musinsa.com/products/5942080
2026-09-02,비긴202,5943232,로우라인 크롭 체크셔츠 [모카블랙],0.41,24242,59250,59250,59250,0,0,0.0,100.0,1,high,25.28,10,7,none,,0,https://www.musinsa.com/products/5943232
2026-09-02,아캄,5944064,Line Studded Sweatpants (Black),0.0,0,101400,101400,101400,0,0,0.0,100.0,1,high,24.0,5,2,none,,0,https://www.musinsa.com/products/5944064
2026-09-02,트리밍버드,5944512,Double Waist Sagging Sweat Pants [ Black ],0.97,183933,189000,189000,189000,0,0,0.0,100.0,1,high,24.09,7,2,none,,0,https://www.musinsa.com/products/5944512
2026-09-02,커버낫,5944768,아일랜드 그래픽 피그먼트 후디 라이트 블루,0.0,0,68670,68670,68670,0,0,0.0,100.0,1,high,24.01,6,2,none,,0,https://www.musinsa.com/products/5944768
2026-09-02,커버낫,5944832,스몰 C 로고 티셔츠 더스티 블루,0.0,0,30670,30670,32400,1,-1730,-5.34,100.0,1,medium,24.01,6,2,none,,0,https://www.musinsa.com/products/5944832
2026-09-02,커버낫,5944960,트래블 카드 파우치 실버,0.0,0,23490,23490,23490,0,0,0.0,100.0,1,high,24.01,6,2,none,,0,https://www.musinsa.com/products/5944960
2026-09-02,드로우핏,5947136,커브드 워싱 퍼티그 팬츠 [KHAKI BEIGE],3.1,184202,59400,59400,59400,0,0,0.0,100.0,1,high,24.0,9,2,none,,0,https://www.musinsa.com/products/5947136
2026-09-02,제너럴아이디어,5949824,스트랩 레이어드 가디건 [DEEP BLUE] / WBE1L04506,0.0,0,46970,46970,45500,1,1470,3.23,100.0,1,medium,24.09,7,2,none,,0,https://www.musinsa.com/products/5949824
2026-09-02,더바넷,5949888,Dune Cargo Pants_Light Grey,0.0,0,121500,121500,121500,0,0,0.0,100.0,1,high,25.28,5,2,none,,0,https://www.musinsa.com/products/5949888
2026-09-02,그루브라임,5951168,TASLAN CARGO DOUBLE POCKET PANTS (LRSFCPA725M),0.0,0,23800,23800,23800,0,0,0.0,100.0,1,high,24.09,8,2,none,,0,https://www.musinsa.com/products/5951168
2026-09-02,배드블러드,5951680,BS Soft Terry Baggy Joggers - Brown,0.0,0,76000,76000,76000,0,0,0.0,100.0,1,high,24.09,7,2,none,,0,https://www.musinsa.com/products/5951680
2026-09-02,몽돌,5952064,사이드 셔링 플라워 매쉬 롱 슬리브 블랙 MDTS061FLOWERBLACK,0.0,0,19240,19240,20450,1,-1210,-5.92,100.0,1,medium,24.09,7,2,none,,0,https://www.musinsa.com/products/5952064
2026-09-02,벨리에,5952704,크롭 후디 집업 - 다잉 차콜 그레이,0.0,0,139650,139650,139650,0,0,0.0,100.0,1,high,24.0,5,2,none,,0,https://www.musinsa.com/products/5952704
2026-09-02,9999아카이브,5956608,Technical Curved Denim Bermuda Pants,0.0,0,92880,92880,92880,0,0,0.0,100.0,1,high,24.02,7,2,none,,0,https://www.musinsa.com/products/5956608
2026-09-02,다이브인,5960192,SLUB CROP HOOD ZIP-UP (BLACK),1.62,115249,71200,71200,71200,0,0,0.0,100.0,1,high,24.01,10,4,none,,0,https://www.musinsa.com/products/5960192
2026-09-02,트래블,5960768,스트라이프 슬리브 후드티 그레이,0.0,0,56960,56960,49840,1,7120,14.29,100.0,1,medium,24.09,8,2,none,,0,https://www.musinsa.com/products/5960768
2026-09-02,비바라비다,5963456,Journey 레글런 롱 슬리브 티셔츠,0.0,0,31430,31430,31430,0,0,0.0,100.0,1,high,24.09,7,2,none,,0,https://www.musinsa.com/products/5963456
2026-09-02,아이돈워너셀,5964736,Glide Stripe Denim Pants Black,0.0,0,96750,96750,96750,0,0,0.0,100.0,1,high,24.01,6,2,none,,0,https://www.musinsa.com/products/5964736
2026-09-02,무드인사이드,5964864,쓰리버튼 레더 스티치 블레이저_Black,0.0,0,89900,89900,89900,0,0,0.0,100.0,1,high,24.09,8,2,none,,0,https://www.musinsa.com/products/5964864
2026-09-02,제너럴아이디어,5967040,워싱 커브드 데님 팬츠 [BLUE] / GF1LPT509,0.0,0,45600,45600,41300,1,4300,10.41,100.0,1,medium,24.09,7,2,none,,0,https://www.musinsa.com/products/5967040
2026-09-02,르바,5968512,Relaxed Cotton Chino Pants - Peanut Beige,0.0,0,139500,139500,139500,0,0,0.0,100.0,1,high,25.28,5,2,none,,0,https://www.musinsa.com/products/5968512
2026-09-02,999휴머니티,5969728,어드벤처 패널드 빅 토트백 (워시드 아이스 블루),0.0,0,138000,138000,138000,0,0,0.0,100.0,1,high,24.0,5,2,none,,0,https://www.musinsa.com/products/5969728
2026-09-02,드릭스,5970560,밴딩 레이어드 그래픽 스웨트 팬츠_그레이,0.0,0,38250,38250,38250,0,0,0.0,100.0,1,high,24.09,7,2,none,,0,https://www.musinsa.com/products/5970560
2026-09-02,999휴머니티,5970752,어드벤처 소프트 후디 (터콰이즈),0.0,0,128000,128000,128000,0,0,0.0,100.0,1,high,24.0,5,2,none,,0,https://www.musinsa.com/products/5970752
2026-09-02,밀로아카이브,5970880,코젤 워시드 체크 셔츠 [워시드 블랙],0.0,0,75600,75600,75600,0,0,0.0,100.0,1,high,24.02,8,2,none,,0,https://www.musinsa.com/products/5970880
2026-09-02,필루미네이트,5972864,(W) 레이어드 스커트 팬츠-라이트그레이,0.0,0,45000,45000,45000,0,0,0.0,100.0,1,high,24.02,7,2,none,,0,https://www.musinsa.com/products/5972864
2026-09-02,더뮤지엄비지터,5973120,PATCH ARTWORK SWEAT PANTS (MELANGE GREY),0.0,0,77400,77400,77400,0,0,0.0,100.0,1,high,24.09,7,2,none,,0,https://www.musinsa.com/products/5973120
2026-09-02,인사일런스우먼,5974976,빈티지 포우 스웨이드 자켓 BROWN,0.0,0,208050,208050,208050,0,0,0.0,100.0,1,high,24.09,8,2,none,,0,https://www.musinsa.com/products/5974976
2026-09-02,시야쥬,5976000,SIAC3106 리얼 레더 넥 스트랩 키링_Camel,0.0,0,41900,41900,41900,0,0,0.0,100.0,1,high,24.01,6,2,none,,0,https://www.musinsa.com/products/5976000
2026-09-02,메종미네드,5976256,SQUARE FUSION NECKLACE,0.0,0,34300,34300,34300,0,0,0.0,100.0,1,high,24.52,5,2,none,,0,https://www.musinsa.com/products/5976256
2026-09-02,메종미네드,5976320,[성민 PICK] NYLON CROSS BAG CHARCOAL,0.9,69683,77350,77350,77350,0,0,0.0,100.0,1,high,24.52,5,2,none,,0,https://www.musinsa.com/products/5976320
2026-09-02,시야쥬,5976704,SIOT4184 벨티드 하프 트렌치 자켓_Cream,0.0,0,152100,152100,152100,0,0,0.0,100.0,1,high,24.01,6,2,none,,0,https://www.musinsa.com/products/5976704
2026-09-02,플리즈노팔로우,5976960,Kaya Button Shirring Long Sleeve Top (Ivory),0.0,0,81600,81600,81600,0,0,0.0,100.0,1,high,24.09,7,2,none,,0,https://www.musinsa.com/products/5976960
2026-09-02,엑스트라오디너리,5977216,STAR LOGO CAP BLACK,0.0,0,26950,26950,26950,0,0,0.0,100.0,1,high,24.52,5,2,none,,0,https://www.musinsa.com/products/5977216
2026-09-02,로제프란츠,5977792,Lace Lowrise Long Skirt [Cream],0.0,0,44160,44160,44160,0,0,0.0,100.0,1,high,25.28,5,2,none,,0,https://www.musinsa.com/products/5977792
2026-09-02,코드그라피,5978048,(우먼) 도트 미디 스커트-차콜,0.0,0,80100,80100,80100,0,0,0.0,100.0,1,high,25.28,5,2,none,,0,https://www.musinsa.com/products/5978048
2026-09-02,브라운야드,5979520,"소프트 라운드 가디건, 블랙",0.0,0,152600,152600,152600,0,0,0.0,100.0,1,high,24.02,7,2,none,,0,https://www.musinsa.com/products/5979520
2026-09-02,디미트리블랙,5982720,2WAY 에센셜 도트 후드 윈드브레이커_블랙,0.6,29703,49900,49900,49900,0,0,0.0,100.0,1,high,24.01,6,2,none,,0,https://www.musinsa.com/products/5982720
2026-09-02,이지노이지,5983424,스타 레터링 패치 스웻 팬츠 - 블랙,5.06,300782,59400,59400,59400,0,0,0.0,100.0,1,high,9.61,21,8,none,,0,https://www.musinsa.com/products/5983424
2026-09-02,틸아이다이,5984064,Distressed suede single jacket [TISP05JK15]_Gray,0.0,0,172000,172000,230140,1,-58140,-25.26,100.0,1,medium,24.09,7,2,none,,0,https://www.musinsa.com/products/5984064
2026-09-02,어나더오피스,5985344,Tourist Knit Tie (Black),0.0,0,74000,74000,74000,0,0,0.0,100.0,1,high,24.09,7,2,none,,0,https://www.musinsa.com/products/5985344
2026-09-02,디스이즈네버댓,5992192,INTL-Logo Backpack 30 Black,2.19,261128,119200,119200,119200,0,0,0.0,100.0,1,high,24.01,9,2,none,,0,https://www.musinsa.com/products/5992192
2026-09-02,디스이즈네버댓,5992320,Striped L/S Tee Red,1.41,88823,63200,63200,63200,0,0,0.0,100.0,1,high,24.01,6,2,none,,0,https://www.musinsa.com/products/5992320
2026-09-02,썬러브투어,5992576,PERTEX® 3L Coach Jacket Brown,0.0,0,258300,258300,258300,0,0,0.0,100.0,1,high,24.09,8,2,none,,0,https://www.musinsa.com/products/5992576
2026-09-02,르바,5993664,All-day Cotton V-neck Knit - Darknight Navy,0.0,0,69300,69300,69300,0,0,0.0,94.53,0,low,25.28,10,6,none,,0,https://www.musinsa.com/products/5993664
2026-09-02,바우프,5995136,체크 헨리넥 롱슬리브 [차콜],0.0,0,65450,65450,65450,0,0,0.0,100.0,1,high,25.28,5,2,none,,0,https://www.musinsa.com/products/5995136
2026-09-02,제너럴아이디어,5996224,UNISEX 워시드 더블 포켓 셔츠 [WHITE] / GF1USH002,0.0,0,51200,51200,50400,1,800,1.59,100.0,1,medium,24.09,7,2,none,,0,https://www.musinsa.com/products/5996224
2026-09-02,프렌다,5997440,STRIPE STAR BUTTON HOOD ZIP-UP GRAY,2.19,67951,31080,31080,31080,0,0,0.0,100.0,1,high,24.09,11,2,none,,0,https://www.musinsa.com/products/5997440
2026-09-02,무드인사이드 우먼,6000320,(woman) 레이어드 롱 슬리브티_Cream,0.0,0,25900,25900,25900,0,0,0.0,100.0,1,high,24.01,6,2,none,,0,https://www.musinsa.com/products/6000320
2026-09-02,굿라이프웍스,6002112,데일리 시어서커 체크 크롭 셔츠 네이비,0.0,0,34860,34860,34860,0,0,0.0,100.0,1,high,24.0,5,2,none,,0,https://www.musinsa.com/products/6002112
2026-09-02,기철,6002368,Slub Jacquard Stripe Wide Pants (Black),0.0,0,59400,59400,59400,0,0,0.0,100.0,1,high,24.0,5,2,none,,0,https://www.musinsa.com/products/6002368
2026-09-02,길라아카이브,6002432,SCRIPT LETTERING ONE SHOULDER HOODED_BLACK,2.0,128142,64080,64080,64080,0,0,0.0,100.0,1,high,24.02,7,2,none,,0,https://www.musinsa.com/products/6002432
2026-09-02,넌블랭크,6006592,와이드 커브드 데님 팬츠_LIGHT BLUE,0.0,0,96720,96720,96720,0,0,0.0,100.0,1,high,24.02,7,2,none,,0,https://www.musinsa.com/products/6006592
2026-09-02,트릴리온,6006848,데님 스타 리벳 멀티 파우치 키링_2color,0.0,0,19000,19000,19000,0,0,0.0,100.0,1,high,24.53,5,2,none,,0,https://www.musinsa.com/products/6006848
2026-09-02,더바이닐하우스,6007040,DAMAGED SWEAT PANTS GREY,0.0,0,82800,82800,77840,1,4960,6.37,100.0,1,medium,24.01,6,2,none,,0,https://www.musinsa.com/products/6007040
2026-09-02,더바이닐하우스,6007104,BLEED STRIPE LS TEE BLUE,0.0,0,46720,46720,40880,1,5840,14.29,100.0,1,medium,24.01,6,2,none,,0,https://www.musinsa.com/products/6007104
2026-09-02,999휴머니티,6008064,공존 하프 티 (다크 네이비),0.0,0,68000,68000,68000,0,0,0.0,100.0,1,high,24.0,5,2,none,,0,https://www.musinsa.com/products/6008064
2026-09-02,솔트앤초콜릿,6010432,버니 메리제인 스니커즈 412610003(6cm),0.0,0,77400,77400,77400,0,0,0.0,100.0,1,high,24.09,7,2,none,,0,https://www.musinsa.com/products/6010432
2026-09-02,디스이즈네버댓,6011712,GORE-TEX 2L Anorak Jacket Light Blue,0.0,0,329000,329000,329000,0,0,0.0,100.0,1,high,24.01,6,2,none,,0,https://www.musinsa.com/products/6011712
2026-09-02,칙스,6015296,커브드 절개 와이드팬츠 블랙,0.0,0,27920,27920,27920,0,0,0.0,100.0,1,high,24.09,7,2,none,,0,https://www.musinsa.com/products/6015296
2026-09-02,칙스,6015360,포켓 데님 슬림 셔츠 중청,0.0,0,44010,44010,48900,1,-4890,-10.0,100.0,1,medium,24.09,7,2,none,,0,https://www.musinsa.com/products/6015360
2026-09-02,트리밍버드,6018048,Eyelet Buckle Mules [ Black ],0.0,0,269000,269000,269000,0,0,0.0,100.0,1,high,24.09,7,2,none,,0,https://www.musinsa.com/products/6018048
2026-09-02,디스이즈네버댓,6019840,Brushed Paint Tee White,0.81,35691,44000,44000,44000,0,0,0.0,100.0,1,low,24.01,5,2,none,,0,https://www.musinsa.com/products/6019840
2026-09-02,아메스월드와이드,6021248,RIBBON APPLIQUE FRILL HOODIE ZIP-UP BLUE,0.0,0,60800,60800,60800,0,0,0.0,90.11,0,low,24.0,10,1,none,,0,https://www.musinsa.com/products/6021248
2026-09-02,낫포너드,6022208,Flap Pocket Curved Cotton Pants - Khaki,4.67,345093,73890,73890,73890,0,0,0.0,100.0,1,low,9.03,21,7,none,,0,https://www.musinsa.com/products/6022208
2026-09-02,세터,6026560,클래식 치노 팬츠 블랙,0.0,0,119000,119000,119000,0,0,0.0,100.0,1,high,24.0,5,2,none,,0,https://www.musinsa.com/products/6026560
2026-09-02,제로,6029440,오버 커브드 팬츠 [브라운],0.0,0,39000,39000,39000,0,0,0.0,100.0,1,high,24.0,5,2,none,,0,https://www.musinsa.com/products/6029440
2026-09-02,세터,6030528,(W) 로렌 옥스포드 셔츠 핑크,0.0,0,119000,119000,119000,0,0,0.0,100.0,1,high,24.0,5,2,none,,0,https://www.musinsa.com/products/6030528
2026-09-02,에스피오나지,6031360,Vintage Cotton Painter Pants Washed Navy,1.0,97982,98100,98100,98100,0,0,0.0,100.0,1,high,24.09,7,2,none,,0,https://www.musinsa.com/products/6031360
2026-09-02,벨리에,6031680,시티 보케 레더 쇼퍼백 - 베이지,0.0,0,259350,259350,259350,0,0,0.0,100.0,1,high,24.0,5,2,none,,0,https://www.musinsa.com/products/6031680
2026-09-02,파르티멘토 우먼,6033920,워시드 더블 레이어 팬츠_카모플라주,0.0,0,85860,85860,85860,0,0,0.0,100.0,1,high,24.54,5,2,none,,0,https://www.musinsa.com/products/6033920
2026-09-02,파르티멘토 우먼,6034048,컨트리 러플 핀턱 셔츠_블루 체크,0.0,0,68040,68040,68040,0,0,0.0,100.0,1,high,24.54,5,2,none,,0,https://www.musinsa.com/products/6034048
2026-09-02,엘무드,6034176,페이즈 텐셀 트러커 자켓 카키,0.0,0,258000,258000,,0,,,59.41,0,low,48.58,2,1,none,,0,https://www.musinsa.com/products/6034176
2026-09-02,다이브인,6035776,LOUNGE PIN STRIPE FLARE PANTS (CHARCOAL),0.41,32136,79200,79200,79200,0,0,0.0,100.0,1,high,24.01,6,2,none,,0,https://www.musinsa.com/products/6035776
2026-09-02,밀로아카이브,6036672,챕터 17 티셔츠 [화이트],0.0,0,38400,38400,38400,0,0,0.0,100.0,1,high,24.02,8,2,none,,0,https://www.musinsa.com/products/6036672
2026-09-02,슬로우애시드,6040512,워시드 스탬프 반팔 티셔츠 [네이비],0.99,30842,31200,31200,31200,0,0,0.0,100.0,1,high,25.29,5,2,none,,0,https://www.musinsa.com/products/6040512
2026-09-02,나이스고스트클럽,6041984,ANIME STAR TEE_RED(NG2EMFT580A),0.0,0,24570,24570,24570,0,0,0.0,100.0,1,high,24.02,7,2,none,,0,https://www.musinsa.com/products/6041984
2026-09-02,본투윈,6042944,NUMBER 5 RUGBY HOODIE ZIP-UP [BLACK],0.0,0,132000,132000,132000,0,0,0.0,100.0,1,high,24.09,7,2,none,,0,https://www.musinsa.com/products/6042944
2026-09-02,제너럴아이디어,6043584,MAN 스티치 반팔 티셔츠 [GREEN] / GF1MTS003,0.0,0,28000,28000,27300,1,700,2.56,100.0,1,medium,24.09,7,2,none,,0,https://www.musinsa.com/products/6043584
2026-09-02,제너럴아이디어,6043840,타이 언발란스 레이어드 풀오버 [BLACK] / GF1LKP521,0.15,6134,41300,45600,41300,1,4300,10.41,100.0,1,medium,24.09,7,2,none,,0,https://www.musinsa.com/products/6043840
2026-09-02,제너럴아이디어,6043904,데일리 숏슬리브 브이넥 티셔츠 [WHITE] / GF1LTS513,1.7,38136,22400,22400,19600,1,2800,14.29,100.0,1,medium,24.09,7,2,none,,0,https://www.musinsa.com/products/6043904
2026-09-02,프리즘웍스,6044928,10S SOLID HENLEY NECK TEE _ OATMEAL,0.97,33264,34200,34200,34200,0,0,0.0,100.0,1,high,24.09,7,2,none,,0,https://www.musinsa.com/products/6044928
2026-09-02,칙스,6045440,사이드 버클 스트랩 숄더백 블랙,1.33,63792,47920,53910,59900,1,-5990,-10.0,100.0,1,low,72.11,8,1,none,,0,https://www.musinsa.com/products/6045440
2026-09-02,시야쥬,6047296,SITP5264 그레이하운드 반팔 티셔츠_White,0.0,0,36770,36770,36770,0,0,0.0,100.0,1,high,24.01,6,2,none,,0,https://www.musinsa.com/products/6047296
2026-09-02,코드그라피,6048192,스퀘어 로고 볼캡-블랙,0.0,0,44100,44100,44100,0,0,0.0,100.0,1,high,25.29,5,2,none,,0,https://www.musinsa.com/products/6048192
2026-09-02,에이치덱스,6049600,스포티 컬러 블럭 하프 저지 숏 슬리브 (White),0.0,0,71100,71100,71100,0,0,0.0,100.0,1,high,25.29,5,2,none,,0,https://www.musinsa.com/products/6049600
2026-09-02,더뮤지엄비지터,6050112,CARABINER CARD WALLET (PURPLE),0.0,0,21500,21500,21500,0,0,0.0,100.0,1,high,24.09,7,2,none,,0,https://www.musinsa.com/products/6050112
2026-09-02,플랙,6050688,페퍼유 X 플랙 넥타이 그레이,0.0,0,37170,37170,37170,0,0,0.0,100.0,1,high,24.01,6,2,none,,0,https://www.musinsa.com/products/6050688
2026-09-02,로우클래식,6051008,BRAID LEATHER BELT_BLACK [LC267BE02BK],0.0,0,99000,99000,99000,0,0,0.0,100.0,1,high,24.09,7,2,none,,0,https://www.musinsa.com/products/6051008
2026-09-02,커버낫,6054400,타이포 그리드 그래픽 티셔츠 더스티 옐로우,0.0,0,30870,30870,30870,0,0,0.0,100.0,1,high,24.01,6,2,none,,0,https://www.musinsa.com/products/6054400
2026-09-02,커버낫,6054464,CVNT 후드집업 다크 네이비,0.0,0,88290,88290,88290,0,0,0.0,100.0,1,high,24.01,6,2,none,,0,https://www.musinsa.com/products/6054464
2026-09-02,브라운브레스,6058368,TAG TEE - BLACK,3.94,177288,45000,45000,45000,0,0,0.0,100.0,1,high,10.1,30,8,none,,0,https://www.musinsa.com/products/6058368
2026-09-02,미세키서울,6060992,[레이 PICK] String shirring short sleeve CHARCOAL,0.9,63265,70200,70200,70200,0,0,0.0,100.0,1,high,24.0,5,2,none,1,0,https://www.musinsa.com/products/6060992
2026-09-02,세터,6062272,[라이즈 PICK] 데미지 워시드 플레어 핏 데님 팬츠 블루,0.0,0,159000,159000,159000,0,0,0.0,100.0,1,high,24.0,5,2,none,,0,https://www.musinsa.com/products/6062272
2026-09-02,노이어,6065536,린넨 집업 크롭 블루종 (블랙),0.0,0,99000,99000,99000,0,0,0.0,100.0,1,high,24.09,7,2,none,,0,https://www.musinsa.com/products/6065536
2026-09-02,어나더오피스,6066560,[SS] Santiago Chino Pants Flexible (Pewter),0.0,0,168000,168000,168000,0,0,0.0,100.0,1,high,24.09,7,2,none,,0,https://www.musinsa.com/products/6066560
2026-09-02,브랜디드,6069184,COTTON CREW NECK ZIP-UP CARDIGAN [GRAPHITE],0.0,0,86400,86400,86400,0,0,0.0,100.0,1,high,25.29,5,2,none,,0,https://www.musinsa.com/products/6069184
2026-09-02,일꼬르소,6071936,샴브레이 워크 셔츠 블랙,0.0,0,56960,56960,56960,0,0,0.0,100.0,1,high,24.01,6,2,none,,0,https://www.musinsa.com/products/6071936
2026-09-02,바우로프로덕트,6075072,파인 와플 슬리브리스 [라이트 그레이],0.0,0,37900,37900,37900,0,0,0.0,100.0,1,high,25.29,7,2,none,,0,https://www.musinsa.com/products/6075072
2026-09-02,밀로아카이브,6080832,클라인 워시드 헨리넥 티셔츠 [워시드 블랙],0.0,0,52000,52000,52000,0,0,0.0,100.0,1,high,24.02,8,2,none,,0,https://www.musinsa.com/products/6080832
2026-09-02,마인드브릿지,6085376,[SET][쿨]투톤 조직 레귤러핏 자켓 셋업 네이비,0.0,0,212000,212000,212000,0,0,0.0,100.0,1,high,24.55,5,2,none,,0,https://www.musinsa.com/products/6085376
2026-09-02,디스이즈네버댓,6087232,Loose Denim Short Washed Blue,0.0,0,83300,83300,83300,0,0,0.0,100.0,1,high,24.01,6,2,none,,0,https://www.musinsa.com/products/6087232
2026-09-02,디스이즈네버댓,6087296,T.N.T. Classic HDP Tee Black,0.81,38358,47200,47200,47200,0,0,0.0,100.0,1,high,24.01,6,2,none,,0,https://www.musinsa.com/products/6087296
2026-09-02,커버낫,6089536,그래픽 매쉬 캡 블랙,0.0,0,28350,28350,28350,0,0,0.0,100.0,1,high,24.01,6,2,none,,0,https://www.musinsa.com/products/6089536
2026-09-02,나이스고스트클럽,6090496,FFATS PLEATED PUFF SATIN DRESS_BLACK(NG2GSUPA92A),0.0,0,87570,87570,87570,0,0,0.0,100.0,1,high,24.02,7,2,none,,0,https://www.musinsa.com/products/6090496
2026-09-02,마인드브릿지,6091264,[쿨]테이퍼드 투톤 밴딩 팬츠 - 2color,0.0,0,55900,55900,55900,0,0,0.0,100.0,1,high,24.55,5,2,none,,0,https://www.musinsa.com/products/6091264
2026-09-02,코드그라피,6091968,(우먼) 스퀘어 로고 반소매 니트-버건디,0.0,0,55300,55300,55300,0,0,0.0,100.0,1,high,25.3,5,2,none,,0,https://www.musinsa.com/products/6091968
2026-09-02,배드블러드,6092032,Mystic Capsule Slim Fit Short Sleeve T-Shirt - White,0.0,0,50150,50150,50150,0,0,0.0,100.0,1,high,24.09,7,2,none,,0,https://www.musinsa.com/products/6092032
2026-09-02,배드블러드,6092096,Viper Logo Mock-Neck Cap Sleeve - Black Camo,0.0,0,71100,71100,71100,0,0,0.0,100.0,1,high,24.09,7,2,none,,0,https://www.musinsa.com/products/6092096
2026-09-02,몽돌,6092992,[소가죽] 클래식 리얼 레더 벨트 MDAC050_2 Colors,1.45,45824,31680,31680,31680,0,0,0.0,100.0,1,high,24.09,12,6,none,,0,https://www.musinsa.com/products/6092992
2026-09-02,틸아이다이,6098176,Cargo dyeing denim pants [TISP06DP01]_Beige,0.0,0,84790,84790,84790,0,0,0.0,100.0,1,high,24.09,7,2,none,,0,https://www.musinsa.com/products/6098176
2026-09-02,스컬프터,6102080,Everyday Stripe Leg Warmer Melange Gray,0.0,0,30400,30400,30400,0,0,0.0,100.0,1,high,24.09,7,2,none,,0,https://www.musinsa.com/products/6102080
2026-09-02,마인드브릿지,6102528,[COUTURE]와이드 원턱 풀 밴딩 팬츠 - 2color,0.0,0,69300,69300,69300,0,0,0.0,100.0,1,high,24.55,5,2,none,,0,https://www.musinsa.com/products/6102528
2026-09-02,마인드브릿지,6102784,[에어쿨]마이크로 에어홀 레귤러 핏 반팔 티셔츠 - 2color,0.0,0,27900,27900,27900,0,0,0.0,100.0,1,high,24.55,5,2,none,,0,https://www.musinsa.com/products/6102784
2026-09-02,마인드브릿지,6103296,[ON][카라or라운드 선택]린넨 라이크 케이블 오버핏 반팔 니트 - 6color,0.1,3840,39900,39900,39900,0,0,0.0,100.0,1,high,24.55,5,2,none,,0,https://www.musinsa.com/products/6103296
2026-09-02,마인드브릿지,6103360,[오정규 PICK] 다크 체크 오버핏 반팔 셔츠 - 2color,3.61,226824,62900,55900,62900,1,-7000,-11.13,100.0,1,medium,24.0,9,2,none,,0,https://www.musinsa.com/products/6103360
2026-09-02,썬러브투어,6103552,Daybreak Cap Blue,0.0,0,41300,41300,41300,0,0,0.0,100.0,1,high,24.09,8,2,none,,0,https://www.musinsa.com/products/6103552
2026-09-02,트립르센스,6106112,커스텀 세미 오버 블레이저_네이비,0.0,0,174600,174600,174600,0,0,0.0,100.0,1,high,24.02,7,2,none,,0,https://www.musinsa.com/products/6106112
2026-09-02,아메스월드와이드,6106496,[2 PACK] AMES COOL ROUND HEM CROP TEE,0.0,0,27840,27840,24360,1,3480,14.29,100.0,1,medium,24.55,6,2,none,,0,https://www.musinsa.com/products/6106496
2026-09-02,제멋,6107584,온오프 트랙자켓 네이비 JJOT2694,0.0,0,72900,72900,72900,0,0,0.0,100.0,1,high,24.09,7,2,none,,0,https://www.musinsa.com/products/6107584
2026-09-02,노이어,6107904,크링클 레더 카코트 (블랙),0.0,0,490500,490500,490500,0,0,0.0,100.0,1,high,24.09,7,2,none,,0,https://www.musinsa.com/products/6107904
2026-09-02,마인드브릿지,6109248,[스토커즈 콜라보] [ON]워셔블 멀티 스트라이프 카라 반팔 니트 - 4color,9.11,363560,39900,39900,39900,0,0,0.0,100.0,1,low,8.99,25,7,none,,0,https://www.musinsa.com/products/6109248
2026-09-02,디미트리블랙,6110848,USA 아치 로고 세미 크롭 반팔 티셔츠_4 color,0.41,8089,19900,19900,19900,0,0,0.0,100.0,1,high,24.01,6,2,none,,0,https://www.musinsa.com/products/6110848
2026-09-02,프리즘웍스,6111040,VINTAGE FADED STRIPE HALF TEE _ DARK GREEN,0.0,0,52200,52200,52200,0,0,0.0,100.0,1,high,24.09,7,2,none,,0,https://www.musinsa.com/products/6111040
2026-09-02,마인드브릿지우먼,6112384,[W]그레이 프릴 포인트 카라 가디건,0.0,0,80900,80900,80900,0,0,0.0,100.0,1,high,24.0,6,2,none,,0,https://www.musinsa.com/products/6112384
2026-09-02,마인드브릿지우먼,6112512,[W]데님 연청 반바지,0.0,0,41900,41900,41900,0,0,0.0,100.0,1,high,24.0,6,2,none,,0,https://www.musinsa.com/products/6112512
2026-09-02,론론,6114560,STRIPE BLOCKING HOOD LONG SLEEVE BLUE GREY,0.0,0,71280,71280,55440,1,15840,28.57,100.0,1,medium,24.09,7,2,none,,0,https://www.musinsa.com/products/6114560
2026-09-02,론론,6114688,COLLARLESS RAGLAN ZIP UP WHITE MELNAGE,0.0,0,79200,79200,61600,1,17600,28.57,100.0,1,medium,24.09,7,2,none,,0,https://www.musinsa.com/products/6114688
2026-09-02,론론,6115200,BALLOON FIT FLORAL DENIM PANTS LIGHT BLUE,0.0,0,80190,80190,62370,1,17820,28.57,100.0,1,medium,24.09,7,2,none,,0,https://www.musinsa.com/products/6115200
2026-09-02,오퍼스 0012,6122752,Op. 07 VANGUARD SLIM TOP BLACK,0.0,0,40500,40500,40500,0,0,0.0,100.0,1,high,24.09,7,2,none,,0,https://www.musinsa.com/products/6122752
2026-09-02,커버낫,6125632,오픈 카라 하프 니트 네이비,0.0,0,71280,71280,71280,0,0,0.0,100.0,1,high,24.01,6,2,none,,0,https://www.musinsa.com/products/6125632
2026-09-02,그루브라임,6127104,분또 그래픽 반팔 티셔츠 (5COLOR) (FRBMCTR703M),0.0,0,14900,14900,14900,0,0,0.0,100.0,1,high,24.09,8,2,none,,0,https://www.musinsa.com/products/6127104
2026-09-02,코드그라피,6131584,2-WAY 테크 숏 자켓_그레이,0.0,0,55300,55300,55300,0,0,0.0,100.0,1,high,25.3,5,2,none,,0,https://www.musinsa.com/products/6131584
2026-09-02,낫포너드,6136192,W Orchestra One Shoulder Long Sleeve - White,0.0,0,41310,41310,41310,0,0,0.0,100.0,1,high,25.3,5,2,none,,0,https://www.musinsa.com/products/6136192
2026-09-02,바이모노,6137152,모노 감탄 구김zero 블레이져,0.0,0,79900,79900,79900,0,0,0.0,100.0,1,high,24.01,6,2,none,,0,https://www.musinsa.com/products/6137152
2026-09-02,브라운브레스,6137792,UTILITY MESH VEST - BLACK,0.0,0,99000,99000,99000,0,0,0.0,100.0,1,high,24.09,8,2,none,,0,https://www.musinsa.com/products/6137792
2026-09-02,노티카,6139648,아치 로고 피그먼트 티셔츠(3colors) NTS4836,0.65,25123,38500,38500,38500,0,0,0.0,100.0,1,high,24.0,8,2,none,,0,https://www.musinsa.com/products/6139648
2026-09-02,카네이테이,6139712,PIGMENT WASHED SHORT SLEEVES (BROWN),0.0,0,39000,39000,27300,1,11700,42.86,100.0,1,medium,24.09,7,2,none,,0,https://www.musinsa.com/products/6139712
2026-09-02,카네이테이,6139776,PIGMENT WASHED SHORT SLEEVES (BLUE),0.0,0,39000,39000,27300,1,11700,42.86,100.0,1,medium,24.09,7,2,none,,0,https://www.musinsa.com/products/6139776
2026-09-02,필루미네이트,6140736,(W) 코튼 스트링 쇼츠-베이지,0.0,0,33000,33000,33000,0,0,0.0,100.0,1,high,24.02,7,2,none,,0,https://www.musinsa.com/products/6140736
2026-09-02,론론,6140928,NECK SHIRRING TIE LONG SLEEVE GREY,0.0,0,53460,53460,53460,0,0,0.0,100.0,1,high,24.09,7,2,none,,0,https://www.musinsa.com/products/6140928
2026-09-02,플레어업,6141056,Lace Sleeve Top (FL-112_Gray),0.0,0,48960,48960,58140,1,-9180,-15.79,100.0,1,medium,24.55,5,2,none,,0,https://www.musinsa.com/products/6141056
2026-09-02,비터셀즈,6145472,키티 체리 티-아이보리,0.0,0,35640,35640,35640,0,0,0.0,100.0,1,high,24.55,9,2,none,,0,https://www.musinsa.com/products/6145472
2026-09-02,일리고,6149120,로즈 플리츠 미니 원피스 화이트,0.0,0,106000,106000,106000,0,0,0.0,100.0,1,high,24.56,5,2,none,,0,https://www.musinsa.com/products/6149120
2026-09-02,모즈모즈,6152448,린넨라이크 카고 버뮤다 와이드 팬츠 카키,0.0,0,31850,31850,31850,0,0,0.0,100.0,1,high,24.0,5,2,none,,0,https://www.musinsa.com/products/6152448
2026-09-02,키르시,6153664,체리 배색 포인트 티셔츠 [다크 네이비],0.0,0,28130,28130,30240,1,-2110,-6.98,100.0,1,medium,24.01,6,2,none,,0,https://www.musinsa.com/products/6153664
2026-09-02,키르시,6153728,키르시 스트링 포인트 데님 랩스커트 [라이트 블루],0.0,0,63440,63440,79200,1,-15760,-19.9,100.0,1,medium,24.01,6,2,none,,0,https://www.musinsa.com/products/6153728
2026-09-02,디미트리블랙,6154432,[10주년기획] 에센셜 머슬핏 반팔 티셔츠_6 COLOR,35.97,464010,12900,12900,12900,0,0,0.0,100.0,1,low,5.56,49,13,none,,0,https://www.musinsa.com/products/6154432
2026-09-02,키뮤어,6154688,[크롭] 구아야베라 오픈 카라 셔츠_화이트 [나시 선택],0.0,0,41300,41300,41300,0,0,0.0,100.0,1,high,24.09,7,2,none,,0,https://www.musinsa.com/products/6154688
2026-09-02,키뮤어,6154816,[크롭] 배색 롤업 크롭 반팔 티셔츠_버건디,15.64,619517,39600,39600,39600,0,0,0.0,100.0,1,low,8.96,38,10,none,,0,https://www.musinsa.com/products/6154816
2026-09-02,다이브인,6155200,UNIFORM SEMI CROP T-SHIRTS (5COLORS),1.77,51008,28800,28800,28800,0,0,0.0,100.0,1,low,9.86,25,7,none,,0,https://www.musinsa.com/products/6155200
2026-09-02,르아르,6156288,90s 빈티지핏 워시드 티셔츠 [레드],1.72,44459,25900,25900,25900,0,0,0.0,100.0,1,low,48.09,6,2,none,,0,https://www.musinsa.com/products/6156288
2026-09-02,기철,6157312,All Day Soft T-shirt (Black),0.65,14686,22500,22500,22500,0,0,0.0,100.0,1,high,24.0,5,2,none,,0,https://www.musinsa.com/products/6157312
2026-09-02,에이이에이이,6157568,STRIPE HALF SLEEVE HOODIE [PURPLE],0.0,0,52650,52650,52650,0,0,0.0,100.0,1,high,24.56,5,2,none,,0,https://www.musinsa.com/products/6157568
2026-09-02,칙스,6159424,빈티지 워싱 데님 맥시 스커트 흑청,0.0,0,31410,31410,34900,1,-3490,-10.0,100.0,1,medium,24.09,7,2,none,,0,https://www.musinsa.com/products/6159424
2026-09-02,아메스월드와이드,6162432,CLASSIC BOOT CUT LEGGINGS PANTS GREY,0.0,0,37760,37760,33040,1,4720,14.29,100.0,1,medium,24.56,6,2,none,,0,https://www.musinsa.com/products/6162432
2026-09-02,아메스월드와이드,6162880,52 HEART RINGER CROP TEE BLUE,0.0,0,21840,21840,19110,1,2730,14.29,100.0,1,medium,24.56,6,2,none,,0,https://www.musinsa.com/products/6162880
2026-09-02,아메스월드와이드,6162944,HEART SHORT SLEEVE KNIT CREAM,0.0,0,29500,29500,29500,0,0,0.0,100.0,1,high,24.56,6,2,none,,0,https://www.musinsa.com/products/6162944
2026-09-02,아모우,6164288,AM Star Half T-Shirts Light Blue,0.0,0,28800,28800,28800,0,0,0.0,97.3,0,low,24.03,7,1,none,,0,https://www.musinsa.com/products/6164288
2026-09-02,아모우,6164608,Horse One Tuck Bermuda Pants Blue,7.72,250536,32460,32460,32460,0,0,0.0,100.0,1,low,9.97,41,6,none,,0,https://www.musinsa.com/products/6164608
2026-09-02,더바넷,6174336,Capital Logo Ball Cap_White,0.0,0,40500,40500,40500,0,0,0.0,100.0,1,high,25.31,5,2,none,,0,https://www.musinsa.com/products/6174336
2026-09-02,더바넷,6174464,Velin Tie Mohair Knit Cardigan_Light Grey,0.0,0,85500,85500,85500,0,0,0.0,100.0,1,high,25.31,5,2,none,,0,https://www.musinsa.com/products/6174464
2026-09-02,더바넷,6174528,Oversized Aero Hooded Jacket_6Color,0.0,0,115200,115200,115200,0,0,0.0,100.0,1,low,25.31,5,2,none,,0,https://www.musinsa.com/products/6174528
2026-09-02,더블유엠씨,6174720,워시드 반팔 티셔츠_NAVY,0.0,0,20650,20650,20650,0,0,0.0,100.0,1,high,24.02,7,2,none,,0,https://www.musinsa.com/products/6174720
2026-09-02,제멋,6175808,보이 크롭 U넥 반팔티셔츠 그레이 KJST2691,0.0,0,21900,21900,21900,0,0,0.0,100.0,1,high,24.09,7,2,none,,0,https://www.musinsa.com/products/6175808
2026-09-02,그루브라임,6176320,여성 라운드넥 반팔 티셔츠 (LRSMCTR518M),0.0,0,14800,14800,14800,0,0,0.0,100.0,1,high,24.09,8,2,none,,0,https://www.musinsa.com/products/6176320
2026-09-02,그루브라임,6176448,물방울 레터링 반팔 티셔츠(2COLOR) (LRRMCTA357M),0.0,0,13100,13100,13100,0,0,0.0,100.0,1,high,24.09,8,2,none,,0,https://www.musinsa.com/products/6176448
2026-09-02,그루브라임,6177216,저온스코튼스판 3/4밴딩 원턱 모듈형 카고 와이드 팬츠 (3COLOR) (LRTMCNW174M),1.46,43535,29900,29900,29900,0,0,0.0,100.0,1,high,24.09,8,2,none,,0,https://www.musinsa.com/products/6177216
2026-09-02,더바이닐하우스,6178560,FADED TIME TEE GREY,29.67,1129985,38080,38080,33320,1,4760,14.29,100.0,1,medium,24.01,16,2,none,,0,https://www.musinsa.com/products/6178560
2026-09-02,썬러브투어,6179456,Crescent Track Pants Navy,0.0,0,139300,139300,139300,0,0,0.0,100.0,1,high,24.09,8,2,none,,0,https://www.musinsa.com/products/6179456
2026-09-02,플레어업,6182592,Draped Mesh Layered Long Skirt (FL-264_Gray),2.6,284446,109440,92160,109440,1,-17280,-15.79,100.0,1,low,29.54,13,6,none,,0,https://www.musinsa.com/products/6182592
2026-09-02,카네이테이,6187200,DENIM HALF SHIRT (BLUE),0.0,0,37340,37340,37340,0,0,0.0,100.0,1,low,48.43,5,2,none,,0,https://www.musinsa.com/products/6187200
2026-09-02,썬러브투어,6187648,Plaid Tri Scarf Yellow,0.0,0,31500,31500,31500,0,0,0.0,100.0,1,high,24.09,8,2,none,,0,https://www.musinsa.com/products/6187648
2026-09-02,본투윈,6188736,SYMBOL B COOLEVER LONG SLEEVE [CHARCOAL],0.0,0,69000,69000,69000,0,0,0.0,100.0,1,high,24.09,7,2,none,,0,https://www.musinsa.com/products/6188736
2026-09-02,낫포너드,6191296,W Contrast Strap Sleeveless - Black,0.0,0,30690,30690,30690,0,0,0.0,100.0,1,high,25.31,5,2,none,,0,https://www.musinsa.com/products/6191296
2026-09-02,비터셀즈,6192640,에센셜 홀터넥 슬리브리스-아이보리,0.0,0,23490,23490,23490,0,0,0.0,100.0,1,high,24.56,5,2,none,,0,https://www.musinsa.com/products/6192640
2026-09-02,아웃스탠딩,6201600,[LOONEY TUNES] COTTON BALL CAP(ENJOY THE RIDE)_CHARCOAL,0.0,0,43200,43200,43200,0,0,0.0,100.0,1,high,24.09,7,2,none,,0,https://www.musinsa.com/products/6201600
2026-09-02,아웃스탠딩,6202240,[LOONEY TUNES] HALF SLEEVE TEE(BUGS BUNNY)_BLACK,0.0,0,43200,43200,43200,0,0,0.0,14.98,0,low,48.09,6,1,none,,0,https://www.musinsa.com/products/6202240
2026-09-02,세터,6202688,(W) 워시드 데님 쇼츠 라이트 블루,0.0,0,119000,119000,119000,0,0,0.0,100.0,1,high,24.0,5,2,none,,0,https://www.musinsa.com/products/6202688
2026-09-02,배드블러드,6204672,Sleek Cotton Short Sleeve T-Shirt - White,0.0,0,47200,47200,47200,0,0,0.0,100.0,1,high,24.09,7,2,none,,0,https://www.musinsa.com/products/6204672
2026-09-02,언더오프,6207296,에센셜 스탠다드 반팔 링거 티셔츠  크림,0.41,10538,25900,25900,25900,0,0,0.0,100.0,1,high,24.01,6,2,none,,0,https://www.musinsa.com/products/6207296
2026-09-02,코드그라피,6207616,Wine O’Clock 반소매 티셔츠-화이트,0.0,0,44100,44100,44100,0,0,0.0,100.0,1,high,25.31,5,2,none,,0,https://www.musinsa.com/products/6207616
2026-09-02,스컬프터,6209216,Metallic High-Neck Halter Top Metallic Gold,0.0,0,55680,55680,55680,0,0,0.0,100.0,1,high,24.09,7,2,none,,0,https://www.musinsa.com/products/6209216
2026-09-02,디앤에스알,6211072,(W) 커브드 레이스 라인 스웨트 팬츠,0.0,0,99000,99000,99000,0,0,0.0,100.0,1,high,24.0,5,2,none,,0,https://www.musinsa.com/products/6211072
2026-09-02,스컬프터,6211136,Miss Grumpy Shorts Dirty White,0.15,6887,46080,46080,46080,0,0,0.0,100.0,1,high,24.09,7,2,none,,0,https://www.musinsa.com/products/6211136
2026-09-02,틸아이다이,6212992,Classic woven belt [TISU05BT02]_Black,0.0,0,41650,41650,55720,1,-14070,-25.25,100.0,1,medium,24.09,7,2,none,,0,https://www.musinsa.com/products/6212992
2026-09-02,틸아이다이,6213056,Classic tuck detail cotton denim pants [TISU05DP01]_White,0.0,0,78330,78330,78330,0,0,0.0,100.0,1,high,24.09,7,2,none,,0,https://www.musinsa.com/products/6213056
2026-09-02,파브레가,6218432,아비스 링크 브레이슬릿,0.0,0,49500,49500,49500,0,0,0.0,100.0,1,high,25.31,5,2,none,,0,https://www.musinsa.com/products/6218432
2026-09-02,디스이즈네버댓,6219264,Relaxed Painter Short Brown,0.0,0,90300,90300,90300,0,0,0.0,100.0,1,high,24.01,6,2,none,,0,https://www.musinsa.com/products/6219264
2026-09-02,파브레가,6221120,리브 스트럭처 슬리브리스 (3COLOR),0.39,14554,36900,36900,36900,0,0,0.0,100.0,1,high,25.31,10,7,none,,0,https://www.musinsa.com/products/6221120
2026-09-02,넌블랭크,6221376,일레귤러 윈도우 체크 크롭 HS 셔츠_DARK BROWN,0.53,49450,93520,93520,93520,0,0,0.0,100.0,1,high,24.02,7,2,none,,0,https://www.musinsa.com/products/6221376
2026-09-02,넌블랭크,6221504,네츄럴 링클 과야베라 HS 셔츠_BLACK,0.0,0,103920,103920,103920,0,0,0.0,100.0,1,high,24.02,7,2,none,,0,https://www.musinsa.com/products/6221504
2026-09-02,에스피오나지,6225216,Wide Henley Pocket Tee Slate,0.0,0,40600,40600,40600,0,0,0.0,100.0,1,high,24.09,7,2,none,,0,https://www.musinsa.com/products/6225216
2026-09-02,트리밍버드,6226880,Metallic Hot-Fix Logo Slim T-Shirt [ Black ],0.0,0,59000,59000,59000,0,0,0.0,100.0,1,high,24.09,7,2,none,,0,https://www.musinsa.com/products/6226880
2026-09-02,시야쥬,6230656,SITP5265 포메라니안 반팔 티셔츠_Melange gray,0.0,0,34830,34830,34830,0,0,0.0,100.0,1,high,24.01,6,2,none,,0,https://www.musinsa.com/products/6230656
2026-09-02,드로우핏,6237248,스모크 링거 하프 티셔츠 [M.GREY],0.0,0,33300,33300,33300,0,0,0.0,100.0,1,high,25.31,5,2,none,,0,https://www.musinsa.com/products/6237248
2026-09-02,트립르센스,6245696,센트레 라인 썸머 브이넥 하프 니트_그레이,0.0,0,54400,54400,54400,0,0,0.0,100.0,1,high,24.02,7,2,none,,0,https://www.musinsa.com/products/6245696
2026-09-02,가까이유니언즈,6247616,심볼 오버 크롭 피그먼트 자수 티셔츠 카키모카,1.0,29414,29400,29400,29400,0,0,0.0,100.0,1,high,24.0,6,2,none,,0,https://www.musinsa.com/products/6247616
2026-09-02,가까이유니언즈,6248384,히든 캐치 피그먼트 반팔 티셔츠 브라운,0.65,20837,31900,31900,31900,0,0,0.0,100.0,1,high,24.0,6,2,none,,0,https://www.musinsa.com/products/6248384
2026-09-02,웬즈데이오아시스,6258944,리지 카라 니트 가디건_CREAM(WC26KN45),0.0,0,47600,47600,47600,0,0,0.0,100.0,1,high,24.09,8,2,none,,0,https://www.musinsa.com/products/6258944
2026-09-02,헬레네파리스,6262080,스파크 포인트 큐빅 벤트넥 하프 티셔츠 [핑크],0.0,0,37600,37600,37600,0,0,0.0,100.0,1,high,24.09,7,2,none,,0,https://www.musinsa.com/products/6262080
2026-09-02,디스이즈네버댓,6262656,Striped S/S Shirt Green,0.0,0,76300,76300,76300,0,0,0.0,100.0,1,high,24.01,6,2,none,,0,https://www.musinsa.com/products/6262656
2026-09-02,메인부스,6262848,Signal T-shirt(WHITE),0.0,0,38300,38300,38300,0,0,0.0,100.0,1,high,25.31,5,2,none,,0,https://www.musinsa.com/products/6262848
2026-09-02,꼼파뇨,6264064,헤븐 토이 롱슬리브 블랙,0.0,0,30810,30810,30810,0,0,0.0,100.0,1,high,24.56,5,2,none,,0,https://www.musinsa.com/products/6264064
2026-09-02,브라운브레스,6265984,STAMP TAG SHORTS - MELANGE GREY,0.0,0,52000,52000,52000,0,0,0.0,100.0,1,low,48.08,7,1,none,,0,https://www.musinsa.com/products/6265984
2026-09-02,아틀리에나인,6269056,PINTUCK LACE COTTON BLOUSE (BL-4418),0.0,0,95200,95200,95200,0,0,0.0,100.0,1,high,24.0,6,2,none,,0,https://www.musinsa.com/products/6269056
2026-09-02,던스트,6271360,BUTTONED SLIM POLO KNIT_UDSW6B231_CREAM,0.0,0,62300,62300,49840,1,12460,25.0,100.0,1,medium,24.02,7,2,none,,0,https://www.musinsa.com/products/6271360
2026-09-02,던스트,6271424,LACED CHECKED SHIRT_UDSH6B231_BLUE CHECK,0.0,0,95200,95200,76160,1,19040,25.0,100.0,1,medium,24.02,7,2,none,,0,https://www.musinsa.com/products/6271424
2026-09-02,던스트,6271488,UNISEX VINTAGE ARCH LOGO T-SHIRT_UDTS6B145_OFF WHITE,0.0,0,39200,39200,27440,1,11760,42.86,100.0,1,medium,24.02,7,2,none,,0,https://www.musinsa.com/products/6271488
2026-09-02,후드후드,6271808,51AREA 에일리언 반팔티셔츠 화이트,0.0,0,36400,36400,36400,0,0,0.0,100.0,1,high,25.31,5,2,none,,0,https://www.musinsa.com/products/6271808
2026-09-02,유니폼브릿지,6274752,surfer boys ringer s/s t-shirt(womens) black,0.0,0,29500,29500,29500,0,0,0.0,100.0,1,high,24.09,7,2,none,,0,https://www.musinsa.com/products/6274752
2026-09-02,유니폼브릿지,6275136,motorcycle s/s t-shirt off white,0.0,0,35400,35400,35400,0,0,0.0,100.0,1,high,24.09,7,2,none,,0,https://www.musinsa.com/products/6275136
2026-09-02,유니폼브릿지,6275264,cuban s/s shirt black,0.0,0,74500,74500,74500,0,0,0.0,100.0,1,high,24.09,7,2,none,,0,https://www.musinsa.com/products/6275264
2026-09-02,던스트,6275840,ESSENTIAL SLEEVELESS TOP_UDTS6B228_CHARCOAL GREY,0.0,0,31500,31500,25200,1,6300,25.0,100.0,1,medium,24.02,7,2,none,,0,https://www.musinsa.com/products/6275840
2026-09-02,슈퍼서브,6278144,보이드 버스트 크롭 반팔 티셔츠 - 화이트,0.0,0,17900,17900,17900,0,0,0.0,100.0,1,high,25.31,5,2,none,,0,https://www.musinsa.com/products/6278144
2026-09-02,브렌슨,6281728,리브드 크롭 라운드넥 반팔티 ( 5Color ),0.59,14172,23900,23900,23900,0,0,0.0,100.0,1,high,24.01,6,2,none,,0,https://www.musinsa.com/products/6281728
2026-09-02,해비즘,6295936,ROUND COLLAR SHIRRING S/S TEE(STRIPE GREY),0.0,0,36000,36000,36000,0,0,0.0,100.0,1,high,24.02,7,2,none,,0,https://www.musinsa.com/products/6295936
2026-09-02,제이엘브,6296576,[2PACK]머슬핏 라이트 니트 숏슬리브,0.0,0,79200,79200,79200,0,0,0.0,100.0,1,high,24.02,7,2,none,,0,https://www.musinsa.com/products/6296576
2026-09-02,썸웨어버터,6300608,Iff Scarf - 2Color,0.0,0,32000,32000,32000,0,0,0.0,100.0,1,high,24.02,7,2,none,,0,https://www.musinsa.com/products/6300608
2026-09-02,꼼파뇨,6301248,DTP 리본 웨일 반팔티 블랙,0.0,0,28610,28610,28610,0,0,0.0,100.0,1,high,24.57,5,2,none,,0,https://www.musinsa.com/products/6301248
2026-09-02,제너럴아이디어,6305408,UNISEX 와이어 바이저 워싱 볼캡 [3COL] / GF1UCP001,0.0,0,24800,24800,21700,1,3100,14.29,100.0,1,medium,24.09,7,2,none,,0,https://www.musinsa.com/products/6305408
2026-09-02,드로우핏우먼,6309824,튤립 레이어드 미디 원피스 [PINK BEIGE],0.0,0,67680,67680,84600,1,-16920,-20.0,100.0,1,medium,24.09,8,2,none,,0,https://www.musinsa.com/products/6309824
2026-09-02,드로우핏우먼,6313664,수피마 실켓 돌먼 보트넥 반팔 티셔츠 [BROWN],0.0,0,25920,25920,32400,1,-6480,-20.0,100.0,1,medium,24.09,8,2,none,,0,https://www.musinsa.com/products/6313664
2026-09-02,브라운야드,6316224,"프렌치 워크 팬츠, 올리브 그레이",0.0,0,228000,228000,228000,0,0,0.0,100.0,1,high,24.02,7,2,none,,0,https://www.musinsa.com/products/6316224
2026-09-02,디미트리블랙,6317952,© 모두의 커브드 치노 팬츠_하프 4 COLOR,0.0,0,28900,28900,28900,0,0,0.0,100.0,1,high,24.01,6,2,none,,0,https://www.musinsa.com/products/6317952
2026-09-02,인사일런스,6318144,덕 코튼 스탠드업 쇼츠 FADED GREY,0.0,0,120600,120600,120600,0,0,0.0,100.0,1,high,24.01,6,2,none,,0,https://www.musinsa.com/products/6318144
2026-09-02,드헤베,6320000,Summer Henley Neck Knit [Navy],0.0,0,70300,70300,70300,0,0,0.0,100.0,1,high,25.32,5,2,none,,0,https://www.musinsa.com/products/6320000
2026-09-02,본투윈,6320704,SILVER B BASIC T-SHIRTS [WHITE],0.0,0,49000,49000,49000,0,0,0.0,100.0,1,high,24.09,7,2,none,,0,https://www.musinsa.com/products/6320704
2026-09-02,필루미네이트,6323520,멀티 스트라이프 포켓 티셔츠-아이보리,0.0,0,32000,32000,32000,0,0,0.0,100.0,1,high,24.02,7,2,none,,0,https://www.musinsa.com/products/6323520
2026-09-02,르아르,6324672,에센셜 링거 배색 티셔츠 [블랙],0.0,0,29500,29500,29500,0,0,0.0,100.0,1,high,24.0,5,2,none,,0,https://www.musinsa.com/products/6324672
2026-09-02,코드그라피,6328128,핀스트라이프 드로우 스트링백-퍼플,0.0,0,62100,62100,62100,0,0,0.0,100.0,1,high,25.32,5,2,none,,0,https://www.musinsa.com/products/6328128
2026-09-02,테이크이지,6332224,서울 레귤러핏 티셔츠 - 2COLOR,0.0,0,19500,19500,19500,0,0,0.0,100.0,1,high,24.01,6,2,none,,0,https://www.musinsa.com/products/6332224
2026-09-02,론론,6333632,ROSE RRAC OVER FIT T SHIRT VINTAGE BLUE,0.0,0,53460,53460,53460,0,0,0.0,100.0,1,high,24.09,7,2,none,,0,https://www.musinsa.com/products/6333632
2026-09-02,론론,6333760,CANCAN TIERED MIDI SKIRT WHITE,0.0,0,55440,55440,43120,1,12320,28.57,100.0,1,medium,24.09,7,2,none,,0,https://www.musinsa.com/products/6333760
2026-09-02,틸아이다이,6337024,Dot slim t-shirt [TISP06TS01]_Ivory,0.0,0,24750,24750,33110,1,-8360,-25.25,100.0,1,medium,24.09,7,2,none,,0,https://www.musinsa.com/products/6337024
2026-09-02,솔트앤초콜릿,6339264,에토 하네스 샌들 412624005 (7cm),0.0,0,59400,59400,59400,0,0,0.0,100.0,1,high,24.09,7,2,none,,0,https://www.musinsa.com/products/6339264
2026-09-02,배드블러드,6340992,에어로 스쿼드 프린트 1/2 티셔츠 - 블랙,0.0,0,55200,55200,55200,0,0,0.0,100.0,1,high,24.09,7,2,none,,0,https://www.musinsa.com/products/6340992
2026-09-02,필루미네이트,6352768,트윌 코튼 버뮤다 쇼츠-베이지,0.53,19065,36000,36000,36000,0,0,0.0,100.0,1,high,24.02,7,2,none,,0,https://www.musinsa.com/products/6352768
2026-09-02,브룩스 브라더스,6355712,레귤러핏 코튼 린넨 팬츠 (베이지) (BBPCMNG201),0.0,0,191200,191200,172080,1,19120,11.11,100.0,1,medium,24.02,7,2,none,,0,https://www.musinsa.com/products/6355712
2026-09-02,르아브,6362112,에어로 쿨 프레임 나그랑 크롭티셔츠 화이트,1.47,56597,38500,38500,38500,0,0,0.0,100.0,1,high,24.02,7,2,none,,0,https://www.musinsa.com/products/6362112
2026-09-02,벨리에,6362368,(W) 시어 체크 레이어드 스커트 - 그레이,0.0,0,119700,119700,119700,0,0,0.0,100.0,1,high,24.0,5,2,none,,0,https://www.musinsa.com/products/6362368
2026-09-02,커버낫,6365056,쿨 코튼 아치 로고 슬리브리스 네이비,0.0,0,32400,32400,32400,0,0,0.0,100.0,1,high,24.01,6,2,none,,0,https://www.musinsa.com/products/6365056
2026-09-02,커버낫,6365120,시어서커 하프 셔츠 카키,0.0,0,72090,72090,72090,0,0,0.0,100.0,1,high,24.01,6,2,none,,0,https://www.musinsa.com/products/6365120
2026-09-02,시야쥬,6366592,SIAC3128 Petit Noe Crack Bag_Silver,0.0,0,112590,112590,112590,0,0,0.0,100.0,1,high,24.01,6,2,none,,0,https://www.musinsa.com/products/6366592
2026-09-02,시야쥬,6367424,SIPT7198 리조트 시스루 밴딩 쇼츠_Black,0.0,0,79520,79520,79520,0,0,0.0,100.0,1,high,24.01,6,2,none,,0,https://www.musinsa.com/products/6367424
2026-09-02,시야쥬,6367616,SITP5287 유넥 릴렉스 반팔 티셔츠_Melange gray,0.0,0,38700,38700,38700,0,0,0.0,100.0,1,high,24.01,6,2,none,,0,https://www.musinsa.com/products/6367616
2026-09-02,시야쥬,6367744,SIKN2180 플루이드 튜브탑 니트_White,0.0,0,65700,65700,65700,0,0,0.0,100.0,1,high,24.01,6,2,none,,0,https://www.musinsa.com/products/6367744
2026-09-02,메인부스,6372800,[KISS] 반다나(레드),0.0,0,23400,23400,23400,0,0,0.0,100.0,1,high,25.32,5,2,none,,0,https://www.musinsa.com/products/6372800
2026-09-02,디앤에스알,6375936,린넨 스트라이프 크롭 셔츠 블루,0.0,0,89100,89100,89100,0,0,0.0,100.0,1,high,24.0,5,2,none,,0,https://www.musinsa.com/products/6375936
2026-09-02,락케이크,6376064,Legacy Crop Top - White,0.0,0,33120,33120,33120,0,0,0.0,100.0,1,high,24.09,8,2,none,,0,https://www.musinsa.com/products/6376064
2026-09-02,데꼬로소,6385536,[SET] 쿨 린넨 라이크 반팔 셋업 [블랙],0.47,36110,76800,76800,76800,0,0,0.0,100.0,1,high,23.99,12,5,none,,0,https://www.musinsa.com/products/6385536
2026-09-02,데꼬로소,6385792,텍스처 리브드 슬리브리스 [그레이],1.06,27968,26400,26400,26400,0,0,0.0,100.0,1,high,24.02,7,2,none,,0,https://www.musinsa.com/products/6385792
2026-09-02,디스이즈네버댓,6387840,Artifacts Tee White,0.0,0,47200,47200,47200,0,0,0.0,100.0,1,high,24.01,6,2,none,,0,https://www.musinsa.com/products/6387840
2026-09-02,슬로우애시드,6391744,더스트 체크 오픈 카라 반팔 셔츠 [빈티지 네이비],0.0,0,50400,50400,50400,0,0,0.0,100.0,1,high,25.32,5,2,none,,0,https://www.musinsa.com/products/6391744
2026-09-02,바우로프로덕트,6393792,시어 크롭 로우엣지 니트 [라이트블루],0.0,0,59900,59900,59900,0,0,0.0,100.0,1,high,25.32,7,2,none,,0,https://www.musinsa.com/products/6393792
2026-09-02,필루미네이트,6394304,콘트라스트 그래픽 티셔츠-차콜,0.0,0,29000,29000,29000,0,0,0.0,100.0,1,high,24.02,7,2,none,,0,https://www.musinsa.com/products/6394304
2026-09-02,더바이닐하우스,6397760,ADULTS ONLY TEE GREY,0.0,0,32480,32480,28420,1,4060,14.29,100.0,1,medium,24.01,6,2,none,,0,https://www.musinsa.com/products/6397760
2026-09-02,세터,6398208,키링 안경 케이스 다크 네이비,0.0,0,79000,79000,79000,0,0,0.0,100.0,1,high,24.0,5,2,none,,0,https://www.musinsa.com/products/6398208
2026-09-02,피인오,6398784,크리즈 스트라이프 오픈 카라 셔츠 - 아이보리,0.0,0,53000,53000,53000,0,0,0.0,100.0,1,high,24.02,7,2,none,,0,https://www.musinsa.com/products/6398784
2026-09-02,슈퍼서브,6400832,돈룩백 레터링 크롭 반팔 반팔 티셔츠-화이트,0.0,0,16900,16900,16900,0,0,0.0,100.0,1,high,25.32,5,2,none,,0,https://www.musinsa.com/products/6400832
2026-09-02,바이모노,6401344,[빅사이즈 28-50] 꼭꼭팬츠 탄탄 솔리드 버뮤다 팬츠,0.0,0,34900,34900,34110,1,790,2.32,100.0,1,medium,24.01,6,2,none,,0,https://www.musinsa.com/products/6401344
2026-09-02,알리스,6401920,피그먼트 스트라이프 라운드넥 크롭 하프 티셔츠 [차콜],1.0,45777,45900,45900,45900,0,0,0.0,100.0,1,high,24.58,5,2,none,,0,https://www.musinsa.com/products/6401920
2026-09-02,브라운야드,6402880,"W 브이넥 탑 슬리브리스, 블랙",0.0,0,49000,49000,49000,0,0,0.0,100.0,1,high,24.02,7,2,none,,0,https://www.musinsa.com/products/6402880
2026-09-02,굿라이프웍스,6407040,[w] 스웨트 롱 스커트 블랙,0.0,0,40640,40640,40640,0,0,0.0,100.0,1,high,24.0,5,2,none,,0,https://www.musinsa.com/products/6407040
2026-09-02,노매뉴얼,6407168,NM VENT BEANIE - BLACK,0.0,0,33600,33600,33600,0,0,0.0,100.0,1,high,24.58,5,2,none,,0,https://www.musinsa.com/products/6407168
2026-09-02,드헤베,6407680,Check Ruffle Blouse [Ivory],0.0,0,109250,109250,109250,0,0,0.0,100.0,1,high,25.33,5,2,none,,0,https://www.musinsa.com/products/6407680
2026-09-02,노매뉴얼,6408128,RAW SKETCHED LONG SLEEVE TEE - WHITE,4.0,187200,46800,46800,46800,0,0,0.0,100.0,1,high,8.99,19,7,none,,0,https://www.musinsa.com/products/6408128
2026-09-02,썬러브투어,6411008,W DryMix Polo Brown,0.0,0,69300,69300,69300,0,0,0.0,100.0,1,high,24.09,8,2,none,,0,https://www.musinsa.com/products/6411008
2026-09-02,워크온바디오프,6411200,(크롭) 에어빗 쿨링 솔리드 세미 오버핏 반팔 티셔츠 [화이트],0.0,0,16110,16110,16110,0,0,0.0,100.0,1,high,24.01,13,2,none,,0,https://www.musinsa.com/products/6411200
2026-09-02,썬러브투어,6411776,W Polartec® Delta™ FlexAir Tank Top Black,0.0,0,62300,62300,62300,0,0,0.0,100.0,1,high,24.09,8,2,none,,0,https://www.musinsa.com/products/6411776
2026-09-02,룩캐스트,6417472,아리안느 텍스처 레이스 트림 미니 스커트_블랙 / ARIANE TEXTURED LACE TRIM MINI SKIRT_BLACK,0.0,0,43650,43650,43650,0,0,0.0,100.0,1,high,24.59,5,2,none,,0,https://www.musinsa.com/products/6417472
2026-09-02,프리즘웍스,6418944,WASHED CARPENTER SWEAT SHORTS _ BLACK BROWN,0.0,0,49770,49770,49770,0,0,0.0,100.0,1,high,24.09,7,2,none,,0,https://www.musinsa.com/products/6418944
2026-09-02,프리즘웍스,6419008,CANVAS MULTI POCKET SHORTS _ BURGUNDY,0.0,0,53550,53550,53550,0,0,0.0,100.0,1,high,24.09,7,2,none,,0,https://www.musinsa.com/products/6419008
2026-09-02,트릴리온,6425408,니캡 다트 버뮤다 데님 쇼츠_3color,1.47,22766,15490,15490,15490,0,0,0.0,100.0,1,high,24.59,7,2,none,,0,https://www.musinsa.com/products/6425408
2026-09-02,러브이즈트루,6425664,SY BOARD KEYRING(BLACK),0.0,0,32850,32850,32850,0,0,0.0,100.0,1,high,24.02,7,2,none,,0,https://www.musinsa.com/products/6425664
2026-09-02,썸웨어버터,6426944,Basic Wappen Sleeveless - Melon,0.0,0,39000,39000,39000,0,0,0.0,100.0,1,high,24.02,7,2,none,,0,https://www.musinsa.com/products/6426944
2026-09-02,탄산마그네슘,6427712,홀스 래빗 티셔츠 (그레이/레드),1.0,49424,49400,49400,49400,0,0,0.0,100.0,1,high,24.0,5,2,none,,0,https://www.musinsa.com/products/6427712
2026-09-02,후브스,6428928,리버스 라인 크롭 반팔티 [시멘트],0.59,26532,44800,44800,44800,0,0,0.0,100.0,1,high,24.01,6,2,none,,0,https://www.musinsa.com/products/6428928
2026-09-02,제너럴아이디어,6432256,셔링 티어드 롱 스커트 [WHITE] / GF2LSK511,1.0,55186,55200,55200,55200,0,0,0.0,100.0,1,high,24.09,7,2,none,,0,https://www.musinsa.com/products/6432256
2026-09-02,제너럴아이디어,6432384,플리츠 니트 랩 스커트 [CREAM] / GF2LET529,0.0,0,29600,29600,29600,0,0,0.0,100.0,1,high,24.09,7,2,none,,0,https://www.musinsa.com/products/6432384
2026-09-02,썸웨어버터,6434560,Pendant Card Wallet - Light Blue,0.0,0,39200,39200,39200,0,0,0.0,100.0,1,high,24.02,7,2,none,,0,https://www.musinsa.com/products/6434560
2026-09-02,세터,6434688,누벨 블랙,0.0,0,99000,99000,99000,0,0,0.0,100.0,1,high,24.0,5,2,none,,0,https://www.musinsa.com/products/6434688
2026-09-02,아캄,6435200,Ammonite Half Top (Black),0.0,0,55200,55200,55200,0,0,0.0,100.0,1,high,24.0,5,2,none,,0,https://www.musinsa.com/products/6435200
2026-09-02,토마스모어,6435456,엘리엇 투턱 하프 팬츠 - 차콜,0.0,0,65700,65700,65700,0,0,0.0,100.0,1,low,24.02,7,2,none,,0,https://www.musinsa.com/products/6435456
2026-09-02,도프제이슨,6437184,숄더 버튼 체크 레이어드 티셔츠 MELANGE WHITE,3.12,127459,40850,40850,40850,0,0,0.0,100.0,1,low,24.02,17,4,none,,0,https://www.musinsa.com/products/6437184
2026-09-02,아캄,6437312,Trinity Cross Half Top (Pink),0.35,19118,55200,55200,55200,0,0,0.0,100.0,1,high,24.0,5,2,none,,0,https://www.musinsa.com/products/6437312
2026-09-02,아카이브,6443648,Cut-Out Vintage Bermuda Pants,0.0,0,100080,100080,100080,0,0,0.0,100.0,1,high,24.02,8,2,none,,0,https://www.musinsa.com/products/6443648
2026-09-02,론론,6443840,BETTY BOOP RIBBON APPLIQUE CROP T SHIRT NAVY,0.0,0,53460,53460,53460,0,0,0.0,100.0,1,high,24.09,7,2,none,,0,https://www.musinsa.com/products/6443840
2026-09-02,론론,6444224,BETTY BOOP PRINCESS UNICORN STRIPE DRESS GREEN,0.0,0,80190,80190,80190,0,0,0.0,100.0,1,high,24.09,7,2,none,,0,https://www.musinsa.com/products/6444224
2026-09-02,더뮤지엄비지터,6444544,COLOR TYPO 5 PANEL MESH CAP (NAVY),0.0,0,37620,37620,37620,0,0,0.0,100.0,1,high,24.09,7,2,none,,0,https://www.musinsa.com/products/6444544
2026-09-02,더뮤지엄비지터,6444992,NORTH CAROLINA OVERFIT T-SHIRT (MELANGE GREY),0.0,0,48300,48300,48300,0,0,0.0,100.0,1,high,24.09,7,2,none,,0,https://www.musinsa.com/products/6444992
2026-09-02,더뮤지엄비지터,6445056,CURVED ZIPPER SHORT SLEEVE HOODIE ZIP-UP (KHAKI),0.0,0,94990,94990,94990,0,0,0.0,100.0,1,high,24.09,7,2,none,,0,https://www.musinsa.com/products/6445056
2026-09-02,더뮤지엄비지터,6445120,W COLOR BUTTON CROP CARDIGAN (CHARCOAL),0.0,0,62300,62300,62300,0,0,0.0,100.0,1,high,24.09,7,2,none,,0,https://www.musinsa.com/products/6445120
2026-09-02,엑스트라오디너리,6450752,VINTAGE WASHED DOUBLE KNEE DENIM BLUE,0.9,99182,109850,109850,109850,0,0,0.0,100.0,1,high,24.59,5,2,none,,0,https://www.musinsa.com/products/6450752
2026-09-02,브라운브레스,6454272,WAFFLE PIGMENT SHORTS - BEIGE,0.0,0,79000,79000,79000,0,0,0.0,100.0,1,high,24.09,8,2,none,,0,https://www.musinsa.com/products/6454272
2026-09-02,더니트컴퍼니,6454784,피가디아 린넨 셔츠 - 루센트 화이트,0.0,0,74500,74500,74500,0,0,0.0,100.0,1,high,25.33,5,2,none,,0,https://www.musinsa.com/products/6454784
2026-09-02,일리고,6455168,레이스 트리밍 티셔츠 민트,0.0,0,46000,46000,46000,0,0,0.0,100.0,1,high,24.59,5,2,none,,0,https://www.musinsa.com/products/6455168
2026-09-02,글로니,6457600,G FINE RIB CAMISOLE (MELANGE GRAY),0.0,0,38880,38880,38880,0,0,0.0,100.0,1,high,24.09,7,2,none,,0,https://www.musinsa.com/products/6457600
2026-09-02,제너럴아이디어,6458176,컴피 밴딩 쇼츠 [PEACH] / GF2LHP515,0.0,0,38400,38400,38400,0,0,0.0,100.0,1,high,24.09,7,2,none,,0,https://www.musinsa.com/products/6458176
2026-09-02,로제프란츠,6459008,Stud unbalance Flare Skirt [Ivory],0.0,0,58560,58560,58560,0,0,0.0,100.0,1,high,25.33,5,2,none,,0,https://www.musinsa.com/products/6459008
2026-09-02,세터,6459392,마린 콜라주 그래픽 반팔 티셔츠 차콜,0.0,0,69000,69000,69000,0,0,0.0,100.0,1,high,24.0,5,2,none,,0,https://www.musinsa.com/products/6459392
2026-09-02,노이어,6462720,울 텐셀 레이어드 브이넥 티셔츠 (브라운버터),0.0,0,44800,44800,44800,0,0,0.0,100.0,1,high,24.09,7,2,none,,0,https://www.musinsa.com/products/6462720
2026-09-02,노이어,6462784,디스트로이드 스트레이트 데님 팬츠 (블랙),0.0,0,82500,82500,82500,0,0,0.0,100.0,1,high,24.09,7,2,none,,0,https://www.musinsa.com/products/6462784
2026-09-02,고스트리퍼블릭,6469952,카펜터 버뮤다 데님 팬츠 3Color GP-511,0.0,0,27900,27900,27900,0,0,0.0,100.0,1,high,25.33,5,2,none,,0,https://www.musinsa.com/products/6469952
2026-09-02,꼼파뇨,6471168,캣츠 뮤직 링거 반팔티 미스트블루,0.0,0,28610,28610,28610,0,0,0.0,100.0,1,high,24.6,5,2,none,,0,https://www.musinsa.com/products/6471168
2026-09-02,파르티멘토 우먼,6471808,벨티드 레이어드 파라슈트 팬츠_블랙,0.0,0,79380,79380,79380,0,0,0.0,100.0,1,high,24.6,5,2,none,,0,https://www.musinsa.com/products/6471808
2026-09-02,시야쥬,6472256,SIAC3134 Juno Mini Slouch Bag_Black,0.0,0,101750,101750,101750,0,0,0.0,100.0,1,high,24.01,6,2,none,,0,https://www.musinsa.com/products/6472256
2026-09-02,시야쥬,6472448,SIKN2195 루즈핏 펀칭 보트넥 니트_Black,0.0,0,87300,87300,87300,0,0,0.0,100.0,1,high,24.01,6,2,none,,0,https://www.musinsa.com/products/6472448
2026-09-02,파르티멘토 우먼,6473664,투웨이 컷아웃 디컨스트럭티드 탑_멜란지,0.0,0,36450,36450,36450,0,0,0.0,100.0,1,high,24.6,5,2,none,,0,https://www.musinsa.com/products/6473664
2026-09-02,이지노이지,6481984,시어서커 롤업 체크 크롭 반팔 셔츠 - 크림,0.0,0,39900,39900,39900,0,0,0.0,100.0,1,high,24.0,5,2,none,,0,https://www.musinsa.com/products/6481984
2026-09-02,고스트리퍼블릭,6487872,크롭 스트라이프 배색 롤업 반팔티 GT-392_버건디,20.23,301448,14900,14900,14900,0,0,0.0,100.0,1,high,9.04,30,7,none,,0,https://www.musinsa.com/products/6487872
2026-09-02,썬러브투어,6490048,Sunlove x Island Slipper Classic Suede Navy Gingham,0.0,0,279000,279000,279000,0,0,0.0,100.0,1,high,24.09,8,2,none,,0,https://www.musinsa.com/products/6490048
2026-09-02,프리즘웍스,6490560,ZANES BAIT & TACKLE LOGO BALL CAP _ BLACK,0.0,0,28350,28350,28350,0,0,0.0,100.0,1,high,24.09,7,2,none,,0,https://www.musinsa.com/products/6490560
2026-09-02,로우클래식,6495808,Lc STRIPED BASIC TEE_BLACK [LC262TS01BK],0.0,0,59000,59000,59000,0,0,0.0,100.0,1,high,24.09,7,2,none,,0,https://www.musinsa.com/products/6495808
2026-09-02,러프사이드,6497280,Scoop Neck T-Shirt Mist,0.0,0,39000,39000,39000,0,0,0.0,100.0,1,high,24.0,5,2,none,,0,https://www.musinsa.com/products/6497280
2026-09-02,어반드레스,6498304,발레리나 클럽 88 풋볼 져지 레이스 티셔츠_2Colors,1.0,59821,59900,59900,59900,0,0,0.0,100.0,1,high,24.09,7,2,none,,0,https://www.musinsa.com/products/6498304
2026-09-02,미세키서울,6498432,Hannah fairy twist short sleeve WHITE,0.0,0,61200,61200,61200,0,0,0.0,100.0,1,high,24.6,5,2,none,,0,https://www.musinsa.com/products/6498432
2026-09-02,르아르,6499200,에브리데이 버뮤다 데님 쇼츠 [차콜],0.0,0,32500,32500,32500,0,0,0.0,100.0,1,high,24.0,5,2,none,,0,https://www.musinsa.com/products/6499200
2026-09-02,아틀리에나인,6505344,RUCHED LACE HALTER PADDED SWIM TOP (SW-830),0.0,0,87200,87200,87200,0,0,0.0,100.0,1,high,24.0,6,2,none,,0,https://www.musinsa.com/products/6505344
2026-09-02,제너럴아이디어,6506816,미니멀 웨이스트 데님 하프 팬츠 [BLUE] / GF2LHP514,0.0,0,44800,44800,44800,0,0,0.0,100.0,1,high,24.09,7,2,none,,0,https://www.musinsa.com/products/6506816
2026-09-02,르아르,6507904,스트라이프 레이어드 롤업 티셔츠 [블랙],0.65,20614,31500,31500,31500,0,0,0.0,100.0,1,high,24.0,5,2,none,,0,https://www.musinsa.com/products/6507904
2026-09-02,후드후드,6509760,에일리언 키링 갸루,0.0,0,29610,29610,29610,0,0,0.0,100.0,1,high,25.33,5,2,none,,0,https://www.musinsa.com/products/6509760
2026-09-02,언더오프,6513984,맨즈 코튼 반팔 크롭티 마린오브제 버건디,0.0,0,23900,23900,23900,0,0,0.0,100.0,1,high,24.01,6,2,none,,0,https://www.musinsa.com/products/6513984
2026-09-02,꼼파뇨,6518272,스트로베리 밴드 반팔티 블랙,0.0,0,28610,28610,28610,0,0,0.0,100.0,1,high,24.6,5,2,none,,0,https://www.musinsa.com/products/6518272
2026-09-02,본투윈,6520384,W SYMBOL B ESSENTIAL ACTIVE SHORTS [NAVY],0.0,0,49000,49000,49000,0,0,0.0,100.0,1,high,24.09,7,2,none,,0,https://www.musinsa.com/products/6520384
2026-09-02,본투윈,6520896,SYMBOL B NYLON BALL CAP [CHARCOAL],0.0,0,45000,45000,45000,0,0,0.0,100.0,1,high,24.09,13,2,none,,0,https://www.musinsa.com/products/6520896
2026-09-02,르아르,6524096,사이드 지퍼 카고 버뮤다 쇼츠 [블랙],0.0,0,39900,39900,39900,0,0,0.0,100.0,1,high,24.0,5,2,none,,0,https://www.musinsa.com/products/6524096
2026-09-02,드로우핏,6526272,레이어드 롤업 헨리넥 티셔츠 [NAVY],10.25,405791,39600,39600,39600,0,0,0.0,100.0,1,high,9.03,23,7,none,,0,https://www.musinsa.com/products/6526272
2026-09-02,꼼파뇨,6534464,고스티 캣츠 반팔티 차콜,0.0,0,28610,28610,28610,0,0,0.0,100.0,1,high,24.61,5,2,none,,0,https://www.musinsa.com/products/6534464
2026-09-02,더블유엠씨,6539136,[크롭] 멀티 스트라이프 티셔츠_GREY,0.53,16971,32000,32000,32000,0,0,0.0,100.0,1,high,24.02,7,2,none,,0,https://www.musinsa.com/products/6539136
2026-09-02,제너럴아이디어,6543104,셔링 슬리브리스 티셔츠 블라우스 [DARK NAVY] / GF2LTS537,0.0,0,28000,28000,28000,0,0,0.0,100.0,1,high,24.09,7,2,none,,0,https://www.musinsa.com/products/6543104
2026-09-02,파르티멘토,6551232,린넨 블렌드 스트라이프 티 오프 화이트,0.0,0,39900,39900,39900,0,0,0.0,100.0,1,high,24.01,6,2,none,,0,https://www.musinsa.com/products/6551232
2026-09-02,무드인사이드 우먼,6551296,(woman) 무브 스트라이프 쇼츠_2Color,0.0,0,29900,29900,25130,1,4770,18.98,100.0,1,medium,24.01,6,2,none,,0,https://www.musinsa.com/products/6551296
2026-09-02,바이모노,6552192,[빅사이즈 26-42] 꼭꼭쓱쓱 구김zero 와이드 밴딩팬츠,0.0,0,39900,39900,,0,,,59.14,0,low,23.98,5,1,none,,0,https://www.musinsa.com/products/6552192
2026-09-02,아캄,6553728,Line Taped Track Pants (Black),3.21,407844,127200,127200,127200,0,0,0.0,100.0,1,high,24.0,19,8,none,,0,https://www.musinsa.com/products/6553728
2026-09-02,일리고,6556992,플라워 티어드 미디 스커트 그레이 체크,0.0,0,108000,108000,108000,0,0,0.0,100.0,1,high,24.61,5,2,none,,0,https://www.musinsa.com/products/6556992
2026-09-02,효지,6566720,26 SS 하프 밴딩 와이드 쇼츠 코튼 팬츠 (3컬러),0.35,6885,19900,19900,19900,0,0,0.0,100.0,1,high,24.0,8,2,none,,0,https://www.musinsa.com/products/6566720
2026-09-02,언더오프,6574976,스웨이드 로퍼 슬라이드 카멜,0.0,0,30900,30900,30900,0,0,0.0,100.0,1,high,24.01,6,2,none,,0,https://www.musinsa.com/products/6574976
2026-09-02,시눈,6575616,Cubic Toe Ring (Blue),0.0,0,22430,22430,24920,1,-2490,-9.99,100.0,1,low,48.09,18,6,none,,0,https://www.musinsa.com/products/6575616
2026-09-02,후드후드,6576000,플래닛 레터링 반팔티셔츠 네이비,0.0,0,31500,31500,31500,0,0,0.0,100.0,1,high,25.33,5,2,none,,0,https://www.musinsa.com/products/6576000
2026-09-02,탄산마그네슘,6582528,안녕자두야X탄산 꼬꼬 비니 (차콜),0.69,23660,34200,34200,34200,0,0,0.0,100.0,1,low,48.09,4,2,none,,0,https://www.musinsa.com/products/6582528
2026-09-02,트리밍버드,6583936,Rivet Detail Pleated Shorts [ Black ],0.0,0,189000,189000,189000,0,0,0.0,100.0,1,high,24.09,7,2,none,,0,https://www.musinsa.com/products/6583936
2026-09-02,2000아카이브스,6591360,LACE LAYERED TOP (WHITE),0.0,0,94250,94250,82470,1,11780,14.28,100.0,1,medium,24.09,7,2,none,,0,https://www.musinsa.com/products/6591360
2026-09-02,론론,6592192,PLEATS SWEAT LONG SKIRT GREY,0.0,0,71280,71280,55440,1,15840,28.57,100.0,1,medium,24.09,7,2,none,,0,https://www.musinsa.com/products/6592192
2026-09-02,론론,6592256,FLORAL MINI LABEL CROP SHORT SLEEVE WHITE,0.06,2048,35640,35640,35640,0,0,0.0,100.0,1,high,24.09,7,2,none,,0,https://www.musinsa.com/products/6592256
2026-09-02,썸웨어버터,6593664,Stitch Square Logo Top - Ivory,0.0,0,36770,36770,36770,0,0,0.0,100.0,1,high,24.02,7,2,none,,0,https://www.musinsa.com/products/6593664
2026-09-02,프렌다,6595200,LOADING SEMI CROP TEE LIME,0.0,0,18900,18900,18900,0,0,0.0,100.0,1,high,24.09,8,2,none,,0,https://www.musinsa.com/products/6595200
2026-09-02,파르티멘토 우먼,6609408,드로스트링 리워크드 플리츠 배기 진_다크 블루,0.0,0,77760,77760,77760,0,0,0.0,100.0,1,high,24.61,5,2,none,,0,https://www.musinsa.com/products/6609408
2026-09-02,파르티멘토 우먼,6609536,리워크드 폴로 미니 스커트_화이트,0.0,0,45360,45360,45360,0,0,0.0,100.0,1,high,24.61,5,2,none,,0,https://www.musinsa.com/products/6609536
2026-09-02,파르티멘토 우먼,6609856,플로럴 플리티드 쉬어 미디 드레스_화이트,0.0,0,51300,51300,51300,0,0,0.0,100.0,1,high,24.61,5,2,none,,0,https://www.musinsa.com/products/6609856
2026-09-02,무드인사이드,6615552,테일러드 플리츠 쇼츠_5Color,0.0,0,44900,44900,44900,0,0,0.0,100.0,1,high,24.09,8,2,none,,0,https://www.musinsa.com/products/6615552
2026-09-02,르바,6617024,All-day Sleeveless Top - Snow White,0.0,0,34200,34200,34200,0,0,0.0,100.0,1,high,25.33,5,2,none,,0,https://www.musinsa.com/products/6617024
2026-09-02,무센트,6623488,벨르 맥시 밴딩 롱 스커트 (3컬러),1.18,31846,26910,26910,20930,1,5980,28.57,100.0,1,medium,24.01,6,2,none,,0,https://www.musinsa.com/products/6623488
2026-09-02,미나브,6626816,[미나브X데일리룸] 쓰리웨이 보스턴 백 [블랙],5.28,364166,69000,69000,69000,0,0,0.0,100.0,1,low,18.44,28,6,none,,0,https://www.musinsa.com/products/6626816
2026-09-02,더뮤지엄비지터,6635520,W PAINTED MULTI DOT T-SHIRT (PINK),0.0,0,55300,55300,55300,0,0,0.0,100.0,1,high,24.09,7,2,none,,0,https://www.musinsa.com/products/6635520
2026-09-02,비바라비다,6637824,Coral 링거 반팔 티셔츠,0.0,0,29900,29900,29900,0,0,0.0,100.0,1,high,24.09,8,2,none,,0,https://www.musinsa.com/products/6637824
2026-09-02,플리즈노팔로우,6646080,Arin Lace Bodysuit (Ivory),0.0,0,67150,67150,67150,0,0,0.0,100.0,1,high,24.09,7,2,none,,0,https://www.musinsa.com/products/6646080
2026-09-02,탄산마그네슘,6651008,반다나 아플리케 티셔츠 (그레이),0.0,0,60040,60040,60040,0,0,0.0,100.0,1,high,24.0,5,2,none,,0,https://www.musinsa.com/products/6651008
2026-09-02,플레어업,6651264,Asymmetrical Folded Skirt (FL-272_Dark Gray),0.0,0,77760,77760,92340,1,-14580,-15.79,100.0,1,medium,24.61,5,2,none,,0,https://www.musinsa.com/products/6651264
2026-09-02,데이,6654336,"[라운드, 헨리넥] 세미 크롭 슬라브 반팔 티셔츠_2 STYLE",0.0,0,23500,23500,23500,0,0,0.0,100.0,1,high,25.33,5,2,none,,0,https://www.musinsa.com/products/6654336
2026-09-02,배드블러드,6663872,앰버서더 26 라인스톤 페이지 1/2 티셔츠 - 카키,0.0,0,73100,73100,73100,0,0,0.0,100.0,1,high,24.09,7,2,none,,0,https://www.musinsa.com/products/6663872
2026-09-02,배드블러드,6664448,코튼립 레이스 캐미 탱크 - 레몬,0.0,0,64600,64600,64600,0,0,0.0,100.0,1,high,24.09,7,2,none,,0,https://www.musinsa.com/products/6664448
2026-09-02,꼼파뇨,6668096,베리 칵테일 반팔티 크림,0.0,0,28610,28610,28610,0,0,0.0,100.0,1,high,24.61,5,2,none,,0,https://www.musinsa.com/products/6668096
2026-09-02,몰든,6676992,라이트 투인원 우먼 러닝 쇼츠,0.0,0,44800,44800,44840,1,-40,-0.09,100.0,1,medium,24.09,8,2,none,,0,https://www.musinsa.com/products/6676992
2026-09-02,르아르,6677120,소프트 헨리넥 반팔 티셔츠 [차콜],0.35,9304,26910,26910,26910,0,0,0.0,100.0,1,high,24.0,5,2,none,,0,https://www.musinsa.com/products/6677120
2026-09-02,노이어,6679168,클래식 와이드 스트레이트 슬랙스 (스트라이프 그레이),0.0,0,66500,66500,66500,0,0,0.0,100.0,1,high,24.09,7,2,none,,0,https://www.musinsa.com/products/6679168
2026-09-02,칙스,6693184,올라이트 자수 원턱 와이드 스웻팬츠 블랙,0.0,0,31920,31920,31920,0,0,0.0,100.0,1,high,24.09,7,2,none,,0,https://www.musinsa.com/products/6693184
2026-09-02,칙스,6693248,아카이브 보스턴 미니백 블랙,0.0,0,33210,33210,36900,1,-3690,-10.0,100.0,1,medium,24.09,7,2,none,,0,https://www.musinsa.com/products/6693248
2026-09-02,루에브르,6702720,LOEUVRE VERNIS [SABLE],0.0,0,12000,12000,12000,0,0,0.0,100.0,1,high,24.09,8,2,none,,0,https://www.musinsa.com/products/6702720
2026-09-02,필루미네이트,6708096,데일리 롤업 레이어드 크롭 티셔츠-3Color,17.7,513331,29000,29000,29000,0,0,0.0,100.0,1,low,3.86,58,16,none,,0,https://www.musinsa.com/products/6708096
2026-09-02,해칭룸,6753216,Slash Shirt Wool Check Olive,0.0,0,178000,178000,178000,0,0,0.0,100.0,1,high,24.62,5,2,none,,0,https://www.musinsa.com/products/6753216
2026-09-02,르아브,6753408,오픈 메시 크로쉐 니트 셔츠(2col),0.0,0,66500,66500,66500,0,0,0.0,100.0,1,high,24.02,7,2,none,,0,https://www.musinsa.com/products/6753408
2026-09-02,아카이브,6760704,Slick Logo Pigment Beanie,0.0,0,30380,30380,30380,0,0,0.0,100.0,1,high,24.02,8,2,none,,0,https://www.musinsa.com/products/6760704
2026-09-02,아메스월드와이드,6778752,PPG HEART CHERRY TEE PINK,0.0,0,27000,27000,27000,0,0,0.0,9.59,0,low,24.62,10,1,none,,0,https://www.musinsa.com/products/6778752
2026-09-02,러프사이드,6779328,[X BULLETTO] GRAIN-R1,0.0,0,298000,298000,298000,0,0,0.0,100.0,1,high,24.0,5,2,none,,0,https://www.musinsa.com/products/6779328
2026-09-02,언더오프,6788800,피티드 마이크로 스웻 스코츠 블랙,0.0,0,25900,25900,25900,0,0,0.0,100.0,1,high,24.01,6,2,none,,0,https://www.musinsa.com/products/6788800
2026-09-02,어나더오피스,6789184,Dyed Raw-edge Stripe Tee (Light Gray),0.0,0,78000,78000,78000,0,0,0.0,100.0,1,high,24.09,7,2,none,,0,https://www.musinsa.com/products/6789184
2026-09-02,어나더오피스,6789248,Pigment Dolman S/S Tee (Sepia Brown),0.0,0,84000,84000,84000,0,0,0.0,100.0,1,high,24.09,7,2,none,,0,https://www.musinsa.com/products/6789248
2026-09-02,배드블러드,6791872,Everyday Hoodie - Charcoal,0.0,0,63200,63200,63200,0,0,0.0,100.0,1,high,24.09,7,2,none,,0,https://www.musinsa.com/products/6791872
2026-09-02,키르시,6800960,하프 오프숄더 허리 스트링 티셔츠 [차콜],0.0,0,44230,44230,47200,1,-2970,-6.29,100.0,1,medium,24.01,6,2,none,,0,https://www.musinsa.com/products/6800960
2026-09-02,파브레가,6830784,로웰 샴브레이 셔츠 (인디고 블루),0.0,0,84600,84600,84600,0,0,0.0,100.0,1,high,25.34,5,2,none,,0,https://www.musinsa.com/products/6830784
2026-09-02,미세키서울 맨,6848384,Pleats multi cotton backpack CHARCOAL,0.0,0,188000,188000,188000,0,0,0.0,100.0,1,high,24.0,4,2,none,,0,https://www.musinsa.com/products/6848384
2026-09-02,언타이틀 서울,6850944,언타이틀 리벳 포켓 롱슬리브 차콜,0.0,0,42800,42800,42800,0,0,0.0,100.0,1,high,24.0,5,2,none,,0,https://www.musinsa.com/products/6850944
2026-09-02,언타이틀 서울,6851456,유니콘 타이포 벌룬 스웻 팬츠 블랙,6.69,326321,48800,48800,48800,0,0,0.0,100.0,1,low,9.54,25,8,none,,0,https://www.musinsa.com/products/6851456
2026-09-02,토피,6853056,슬림 크롭 롱 슬리브 (CHARCOAL),0.0,0,26600,26600,26600,0,0,0.0,100.0,1,high,24.09,7,2,none,,0,https://www.musinsa.com/products/6853056
2026-09-02,커버낫,6854016,디플로마 로고 엠블럼 티셔츠 화이트,0.0,0,44230,44230,44230,0,0,0.0,100.0,1,high,24.01,6,2,none,,0,https://www.musinsa.com/products/6854016
2026-09-02,아모우,6878464,USA Painted Hoodie BLACK,0.0,0,68600,68600,68600,0,0,0.0,100.0,1,high,24.09,7,2,none,,0,https://www.musinsa.com/products/6878464
2026-09-02,아모우,6878784,Human nature Sweat pants BLACK,0.0,0,62300,62300,62300,0,0,0.0,100.0,1,high,24.09,7,2,none,,0,https://www.musinsa.com/products/6878784
2026-09-02,아모우,6878848,Sun Hosre Henley neck GRAY,0.0,0,61600,61600,61600,0,0,0.0,100.0,1,high,24.09,7,2,none,,0,https://www.musinsa.com/products/6878848
2026-09-02,드헤베,6884608,Flare Frill Cardigan [Black],0.0,0,111910,111910,106020,1,5890,5.56,100.0,1,medium,25.34,5,2,none,,0,https://www.musinsa.com/products/6884608
2026-09-02,드헤베,6884672,Essential Logo Hood Zip-Up [Ivory],0.0,0,119130,119130,112860,1,6270,5.56,100.0,1,medium,25.34,5,2,none,,0,https://www.musinsa.com/products/6884672
2026-09-02,코드그라피,6884736,플리스 커브드 팬츠-블랙,0.0,0,53100,53100,53100,0,0,0.0,100.0,1,high,25.34,5,2,none,,0,https://www.musinsa.com/products/6884736
2026-09-02,코드그라피,6884864,리버시블 체크 배색 후드 집업-다크 네이비,0.0,0,89100,89100,89100,0,0,0.0,100.0,1,high,25.34,5,2,none,,0,https://www.musinsa.com/products/6884864
2026-09-02,세터,6894528,아페로 스트라이프 피케 롱 슬리브 브라운,0.0,0,139000,139000,139000,0,0,0.0,100.0,1,high,24.0,5,2,none,,0,https://www.musinsa.com/products/6894528
2026-09-02,언더오프,6897024,로우컷 아웃포켓 버뮤다 팬츠 유니언잭 블랙,0.0,0,29900,29900,29900,0,0,0.0,100.0,1,high,24.01,6,2,none,,0,https://www.musinsa.com/products/6897024
2026-09-02,벨리에,6897088,트루 와이드 데님 팬츠 - 빈티지 브라운,0.0,0,148200,148200,148200,0,0,0.0,100.0,1,high,24.0,5,2,none,,0,https://www.musinsa.com/products/6897088
2026-09-02,벨리에,6897152,러프 이클립스 브레이슬릿,0.0,0,69350,69350,69350,0,0,0.0,100.0,1,high,24.0,5,2,none,,0,https://www.musinsa.com/products/6897152
2026-09-02,디스이즈네버댓,6910144,T-Logo Tee Heather Sage,0.0,0,55000,55000,55000,0,0,0.0,100.0,1,high,24.01,6,2,none,,0,https://www.musinsa.com/products/6910144
2026-09-02,스컬프터,6931328,Stud Eyelet Shoulder Bag Ivory,0.0,0,132530,132530,,0,,,84.82,0,low,23.99,6,1,none,,0,https://www.musinsa.com/products/6931328
2026-09-02,스컬프터,6931456,Classic Striped Jersey Pants Navy,0.0,0,71100,71100,71100,0,0,0.0,100.0,1,high,24.09,7,2,none,,0,https://www.musinsa.com/products/6931456
2026-09-02,로제프란츠,6948352,Wrap V-neck Long Sleeve [Black],0.0,0,40960,40960,40960,0,0,0.0,100.0,1,high,25.34,5,2,none,,0,https://www.musinsa.com/products/6948352
2026-09-02,로제프란츠,6948672,Double Pocket Cardigan [Purple],0.0,0,62720,62720,62720,0,0,0.0,100.0,1,high,25.34,5,2,none,,0,https://www.musinsa.com/products/6948672
2026-09-02,오헤시오,6952448,"REVERSIBLE LAYERED KNIT BEANIE, PINK",0.0,0,44230,44230,44230,0,0,0.0,100.0,1,high,24.09,8,2,none,,0,https://www.musinsa.com/products/6952448
2026-09-02,오헤시오,6953280,"NUBBY TEXTURED HALF KNIT, NAVY",0.0,0,124550,124550,124550,0,0,0.0,100.0,1,high,24.09,8,2,none,,0,https://www.musinsa.com/products/6953280
2026-09-02,에스피오나지,6956864,Cotton Notched Jacket Olive,0.0,0,149400,149400,149400,0,0,0.0,100.0,1,high,24.09,7,2,none,,0,https://www.musinsa.com/products/6956864
2026-09-02,글로니,6958208,G SOFT TOUCH CAMISOLE (NAVY),0.0,0,37260,37260,37260,0,0,0.0,100.0,1,high,24.09,7,2,none,,0,https://www.musinsa.com/products/6958208
2026-09-02,언탭트스튜디오,6959424,오버핏 리브드 부클 라운드 니트 가디건 5Color,0.0,0,38430,38430,33550,1,4880,14.55,100.0,1,medium,24.02,8,2,none,,0,https://www.musinsa.com/products/6959424
2026-09-02,무센트,6965248,에센셜 레터링 롱 슬리브 티 (2컬러),0.0,0,26910,26910,20930,1,5980,28.57,100.0,1,medium,24.01,6,2,none,,0,https://www.musinsa.com/products/6965248
2026-09-02,언탭트스튜디오,6965952,[2PACK]340G 프론트 사이드 투턱 와이드 벌룬 트레이닝 팬츠 3Color,0.0,0,52850,52850,,0,,,46.87,0,low,23.99,4,1,none,,0,https://www.musinsa.com/products/6965952
2026-09-02,로제프란츠,6966272,Suede Racer Jacket [Black],0.0,0,198720,198720,198720,0,0,0.0,100.0,1,high,25.34,5,2,none,,0,https://www.musinsa.com/products/6966272
2026-09-02,미세키서울,6966912,[레이 PICK] Round duffel bag and wallet GREY,0.0,0,135090,135090,135090,0,0,0.0,100.0,1,high,24.62,5,2,none,,0,https://www.musinsa.com/products/6966912
2026-09-02,와르,6969088,M294 원턱 슬럽 데님 팬츠_딥블루,0.0,0,110600,110600,110600,0,0,0.0,100.0,1,high,24.09,7,2,none,,0,https://www.musinsa.com/products/6969088
2026-09-02,카네이테이,6969600,WASHABLE BOHEMIAN STRIPE HENLEY NECK KNIT (CHARCOAL),0.0,0,71000,71000,71000,0,0,0.0,100.0,1,high,24.09,7,2,none,,0,https://www.musinsa.com/products/6969600
2026-09-02,브라운브레스,6977472,BB 20TH VIBE GRAPHIC TEE - BLACK,0.0,0,55000,55000,55000,0,0,0.0,100.0,1,high,24.09,8,2,none,,0,https://www.musinsa.com/products/6977472
2026-09-02,마인드브릿지,6978432,와이드 골 조직 다크 인디고 데님 팬츠_DI,0.0,0,79200,79200,79200,0,0,0.0,100.0,1,high,24.62,5,2,none,,0,https://www.musinsa.com/products/6978432
2026-09-02,키뮤어,6979712,[크롭] 스트라이프 레이어드 헨리넥 롱슬리브_차콜,0.0,0,57600,57600,57600,0,0,0.0,100.0,1,high,24.09,7,2,none,,0,https://www.musinsa.com/products/6979712
2026-09-02,카키포인트,6980096,Plaid Tie Shirt (black),0.0,0,88290,88290,88290,0,0,0.0,27.39,0,low,8.62,22,5,none,,0,https://www.musinsa.com/products/6980096
2026-09-02,필루미네이트,6982080,피그먼트 헨리넥 스웨트 셔츠-2Color,0.0,0,39900,39900,39900,0,0,0.0,100.0,1,high,24.02,6,2,none,,0,https://www.musinsa.com/products/6982080
2026-09-02,비터셀즈,6982592,에센셜 소프트 벨트 팬츠-블랙,0.0,0,52700,52700,52700,0,0,0.0,100.0,1,high,24.62,5,2,none,,0,https://www.musinsa.com/products/6982592
2026-09-02,비터셀즈,6982720,루즈핏 체크 니트지 하프 집업-라이트 그레이,0.0,0,78120,78120,78120,0,0,0.0,100.0,1,high,24.62,5,2,none,,0,https://www.musinsa.com/products/6982720
2026-09-02,비터셀즈,6983040,애플 브이넥 니트-베이지,0.0,0,63990,63990,63990,0,0,0.0,100.0,1,high,24.62,5,2,none,,0,https://www.musinsa.com/products/6983040
2026-09-02,수아레,6987904,크로스 페이드 데님 팬츠 라이트 블루,0.0,0,56500,56500,56500,0,0,0.0,100.0,1,high,24.62,5,2,none,,0,https://www.musinsa.com/products/6987904
2026-09-02,스키즘 인듀싱,6988608,TWISTED DRAPED LACE-UP TOP BLACK,0.0,0,70200,70200,70200,0,0,0.0,100.0,1,high,24.09,5,2,none,,0,https://www.musinsa.com/products/6988608
2026-09-02,스키즘 인듀싱,6988736,LACE TRIMMED LAYERED TOP KHAKI,0.0,0,61200,61200,61200,0,0,0.0,100.0,1,high,24.09,5,2,none,,0,https://www.musinsa.com/products/6988736
2026-09-02,벨리에,6996288,시티 수피마 롱 슬리브 티셔츠 - 블랙,0.0,0,59850,59850,59850,0,0,0.0,100.0,1,high,24.0,5,2,none,,0,https://www.musinsa.com/products/6996288
2026-09-02,테이크이지,6997248,[DMD] CORE SF SHIRT - Blue Stripe,0.0,0,65400,65400,,0,,,59.07,0,low,23.98,5,1,none,,0,https://www.musinsa.com/products/6997248
2026-09-02,커버낫,6999168,센터 로고 맨투맨 라이트 아쿠아,0.0,0,79000,79000,79000,0,0,0.0,100.0,1,high,24.01,6,2,none,,0,https://www.musinsa.com/products/6999168
2026-09-02,길라아카이브,7000896,[X hieta] GINA BAG_PINK,0.0,0,136890,136890,136890,0,0,0.0,100.0,1,high,24.02,7,2,none,,0,https://www.musinsa.com/products/7000896
2026-09-02,낫포너드,7002688,Stud Panel Wide Denim Pants - Ivory,0.0,0,106200,106200,106200,0,0,0.0,100.0,1,high,25.35,5,2,none,,0,https://www.musinsa.com/products/7002688
2026-09-02,아워데이즈,7009728,[젠플록스X아워데이즈] 세미 커브드 원 턱 스웻 팬츠 [2COLORS],32.66,1287735,39430,39430,39430,0,0,0.0,100.0,1,low,35.75,22,7,none,,0,https://www.musinsa.com/products/7009728
2026-09-02,에이이에이이,7012288,STRIPE BIG TOTE BAG [BROWN],0.0,0,93200,93200,93200,0,0,0.0,100.0,1,high,24.63,5,2,none,,0,https://www.musinsa.com/products/7012288
2026-09-02,시야쥬,7013248,SIAC3137 Puff Bag_Black,0.0,0,238550,238550,238550,0,0,0.0,100.0,1,high,24.01,6,2,none,,0,https://www.musinsa.com/products/7013248
2026-09-02,헬레네파리스,7024320,로우라이즈 논페이드 데님 부츠컷 팬츠 [딥 블루],0.0,0,55600,55600,55600,0,0,0.0,100.0,1,high,24.09,7,2,none,,0,https://www.musinsa.com/products/7024320
2026-09-02,커버낫,7024704,체크 아치 로고 후드집업 다크 그레이,0.0,0,119000,119000,119000,0,0,0.0,100.0,1,high,24.01,6,2,none,,0,https://www.musinsa.com/products/7024704
2026-09-02,아이돈워너셀,7031680,[김샤브칼 PICK] Layered Henley Neck Long Sleeve Charcoal,0.0,0,71400,71400,71400,0,0,0.0,100.0,1,high,24.01,6,2,none,,0,https://www.musinsa.com/products/7031680
2026-09-02,드로우핏우먼,7035200,에센셜 소프트 브이넥 니트 [BLACK],0.0,0,51840,51840,64800,1,-12960,-20.0,100.0,1,medium,24.09,8,2,none,,0,https://www.musinsa.com/products/7035200
2026-09-02,시눈,7040768,Flower Shirring Skirt (Dark Navy),0.0,0,142580,142580,142580,0,0,0.0,100.0,1,high,24.0,5,2,none,,0,https://www.musinsa.com/products/7040768
2026-09-02,러프사이드,7047616,Workers Olive,0.0,0,248000,248000,,0,,,34.48,0,low,21.9,4,1,none,,0,https://www.musinsa.com/products/7047616
2026-09-02,브랜디드,7048768,RAW SLUB LONG SLEEVE [DARK GRAY],12.57,684021,54400,54400,54400,0,0,0.0,100.0,1,low,12.38,14,5,none,,0,https://www.musinsa.com/products/7048768
2026-09-02,웬즈데이오아시스,7050176,[젠플록스x웬즈데이오아시스] (크롭) 퓨어 코튼 웨스턴 데님 셔츠_3COLOR,122.39,5066835,41400,41400,41400,0,0,0.0,100.0,1,low,4.03,53,17,none,,0,https://www.musinsa.com/products/7050176
2026-09-02,디미트리블랙,7051968,모크넥 쿼터 집업 맨투맨 티셔츠_3 COLOR,0.0,0,38900,38900,38900,0,0,0.0,100.0,1,high,24.01,6,2,none,,0,https://www.musinsa.com/products/7051968
2026-09-02,유니온블루,7054720,SLUB CUT-OFF L/S T-SHIRT [BLACK],45.8,2857784,62400,62400,62400,0,0,0.0,100.0,1,low,24.09,16,2,none,,0,https://www.musinsa.com/products/7054720
2026-09-02,유니온블루,7055040,STRIPE WESTERN SHIRTS [BROWN],0.0,0,100300,100300,100300,0,0,0.0,100.0,1,high,24.09,7,2,none,,0,https://www.musinsa.com/products/7055040
2026-09-02,아메스월드와이드,7058112,CLASSIC BOYFRIEND SHIRTS IVORY,0.0,0,56880,56880,56880,0,0,0.0,100.0,1,high,24.64,6,2,none,,0,https://www.musinsa.com/products/7058112
2026-09-02,파르티멘토,7058624,크롭 집업 후디 차콜,0.0,0,87900,87900,87900,0,0,0.0,100.0,1,high,24.01,6,2,none,,0,https://www.musinsa.com/products/7058624
2026-09-02,비긴202,7060032,리엔 트랙 팬츠 [차콜],0.0,0,118150,118150,118150,0,0,0.0,100.0,1,high,25.35,5,2,none,,0,https://www.musinsa.com/products/7060032
2026-09-02,넌블랭크,7072832,일레귤러 패널 체크 LS 셔츠_BLUISH GREY,0.0,0,116910,116910,116910,0,0,0.0,100.0,1,high,24.02,7,2,none,,0,https://www.musinsa.com/products/7072832
2026-09-02,바우프,7079552,버니 이어 레이어드 스커트 [퍼플],0.0,0,116100,116100,116100,0,0,0.0,100.0,1,high,25.35,5,2,none,,0,https://www.musinsa.com/products/7079552
2026-09-02,바우프,7079872,스타 멜로디 스웻팬츠 [퍼플],0.0,0,98100,98100,98100,0,0,0.0,100.0,1,high,25.35,5,2,none,,0,https://www.musinsa.com/products/7079872
2026-09-02,제이엘브,7081152,우먼스 플레어 데님 팬츠,0.0,0,65000,65000,65000,0,0,0.0,100.0,1,high,24.02,7,2,none,,0,https://www.musinsa.com/products/7081152
2026-09-02,제이엘브,7081280,우먼스 니트 쇼츠,0.0,0,38000,38000,38000,0,0,0.0,100.0,1,high,24.02,7,2,none,,0,https://www.musinsa.com/products/7081280
2026-09-02,해비즘,7086208,H STRIPE RAGLAN L/S TEE(SKY BLUE),0.0,0,44640,44640,44640,0,0,0.0,100.0,1,high,24.02,7,2,none,,0,https://www.musinsa.com/products/7086208
2026-09-02,파르티멘토 우먼,7096192,PWC 클래식 트윈 니트 베스트_차콜 멜란지,0.0,0,36720,36720,36720,0,0,0.0,100.0,1,high,24.65,4,2,none,,0,https://www.musinsa.com/products/7096192
2026-09-02,인사일런스우먼,7096384,이스트 웨스트 숄더백 BROWN,0.0,0,208050,208050,219000,1,-10950,-5.0,100.0,1,medium,24.09,8,2,none,,0,https://www.musinsa.com/products/7096384
2026-09-02,파르티멘토 우먼,7096512,PWC 에브리데이 후디 집업_9컬러,0.0,0,52020,52020,52020,0,0,0.0,100.0,1,high,24.65,4,2,none,,0,https://www.musinsa.com/products/7096512
2026-09-02,알리스,7096704,클라우드 터치 헨리넥 크롭 니트 [블랙],0.0,0,46840,46840,46840,0,0,0.0,100.0,1,high,24.64,5,2,none,,0,https://www.musinsa.com/products/7096704
2026-09-02,해칭룸,7097472,Diamond Scarf Floral Paisley Khaki,0.0,0,48000,48000,48000,0,0,0.0,100.0,1,high,24.65,5,2,none,,0,https://www.musinsa.com/products/7097472
2026-09-02,락피쉬웨더웨어,7101120,BELLA FUR MARYJANES - 6 colors,0.0,0,94000,94000,,0,,,22.11,0,low,18.93,4,1,none,,0,https://www.musinsa.com/products/7101120
2026-09-02,쿠어,7102720,딥 커브드 점보 워시드 팬츠 (워시드블랙),0.0,0,207000,207000,207000,0,0,0.0,100.0,1,high,24.0,5,2,none,,0,https://www.musinsa.com/products/7102720
2026-09-02,비바라비다,7103424,Poken 롱 슬리브 티셔츠,0.0,0,34900,34900,34900,0,0,0.0,100.0,1,high,24.09,7,2,none,,0,https://www.musinsa.com/products/7103424
2026-09-02,디스이즈네버댓,7104640,Arch-Logo Cap Grey,0.0,0,55000,55000,55000,0,0,0.0,100.0,1,high,24.01,6,2,none,,0,https://www.musinsa.com/products/7104640
2026-09-02,디스이즈네버댓,7104704,T-Logo Crewneck Charcoal,0.0,0,99000,99000,99000,0,0,0.0,100.0,1,high,24.01,6,2,none,,0,https://www.musinsa.com/products/7104704
2026-09-02,다이브인,7105344,RAGLAN LONG SLEEVE (CHARCOAL),0.0,0,45000,45000,45000,0,0,0.0,100.0,1,high,24.01,6,2,none,,0,https://www.musinsa.com/products/7105344
2026-09-02,벨리에,7116160,어반 쉐이드 코듀로이 팬츠 - 블랙,0.0,0,179550,179550,179550,0,0,0.0,100.0,1,high,24.0,5,2,none,,0,https://www.musinsa.com/products/7116160
2026-09-02,벨리에,7116224,레더 트림 코듀로이 블루종 - 블랙,0.0,0,319200,319200,319200,0,0,0.0,100.0,1,high,24.0,5,2,none,,0,https://www.musinsa.com/products/7116224
2026-09-02,루에브르,7116416,Arche Shoulder Large FA6AB376-FH,0.0,0,349000,349000,349000,0,0,0.0,100.0,1,high,24.09,8,2,none,,0,https://www.musinsa.com/products/7116416
2026-09-02,칙스,7117312,CKS 스탠다드 슬림핏 셔츠 소라,0.0,0,40410,40410,44900,1,-4490,-10.0,100.0,1,medium,24.09,7,2,none,,0,https://www.musinsa.com/products/7117312
2026-09-02,다이브인,7120768,WASHED STANDARD COTTON SHIRTS (NAVY),0.0,0,58650,58650,58650,0,0,0.0,100.0,1,high,24.01,6,2,none,,0,https://www.musinsa.com/products/7120768
2026-09-02,브룩스 브라더스,7126208,울 맥코트 (블랙) (BBCSMBG401),0.0,0,899000,899000,899000,0,0,0.0,100.0,1,high,24.02,7,2,none,,0,https://www.musinsa.com/products/7126208
2026-09-02,후드후드,7126976,THE VISITOR 스트라이프 레이어드 롱슬리브 그린,0.0,0,56880,56880,56880,0,0,0.0,100.0,1,high,25.36,5,2,none,,0,https://www.musinsa.com/products/7126976
2026-09-02,일꼬르소,7129088,도레이 펑셔널 후드 자켓 차콜그레이,0.0,0,161600,161600,161600,0,0,0.0,100.0,1,high,24.01,6,2,none,,0,https://www.musinsa.com/products/7129088
2026-09-02,더바이닐하우스,7134208,BLOCK UNBALANCE LS TEE(W) CREAM,0.0,0,65550,65550,65550,0,0,0.0,100.0,1,high,24.01,6,2,none,,0,https://www.musinsa.com/products/7134208
2026-09-02,꼼파뇨,7147456,보네르 퍼피 피그먼트 레글런 맨투맨 고스트그레이,0.0,0,41800,41800,41800,0,0,0.0,100.0,1,high,24.65,5,2,none,,0,https://www.musinsa.com/products/7147456
2026-09-02,커버낫,7148096,스네일 그래픽 후디 멜란지 그레이,0.0,0,109000,109000,109000,0,0,0.0,100.0,1,high,24.01,4,2,none,,0,https://www.musinsa.com/products/7148096
2026-09-02,프리즘웍스,7148736,WAXED COWHIDE BUDDY HARRINGTON JACKET _ BROWN,0.0,0,498000,498000,498000,0,0,0.0,100.0,1,high,24.09,5,2,none,,0,https://www.musinsa.com/products/7148736
2026-09-02,파르티멘토,7156736,멀티 스트라이프 럭비 롱 슬리브 버건디,0.0,0,43900,43900,43900,0,0,0.0,100.0,1,high,24.01,6,2,none,,0,https://www.musinsa.com/products/7156736
2026-09-02,트리밍버드,7159680,Banded-Waist Blouson Top [ Black ],0.0,0,129000,129000,,0,,,96.98,0,medium,24.03,6,1,none,,0,https://www.musinsa.com/products/7159680
2026-09-02,탄산마그네슘,7160896,워싱 카고 포켓 팬츠 (베이지),0.0,0,158840,158840,158840,0,0,0.0,100.0,1,high,24.0,5,2,none,,0,https://www.musinsa.com/products/7160896
2026-09-02,탄산마그네슘,7160960,본 롱슬리브 (블랙/블루),0.0,0,60040,60040,60040,0,0,0.0,100.0,1,high,24.0,5,2,none,,0,https://www.musinsa.com/products/7160960
2026-09-02,비바라비다,7171328,스트라이프 후드 롱 슬리브 티셔츠,0.0,0,56900,56900,56900,0,0,0.0,100.0,1,high,24.09,7,2,none,,0,https://www.musinsa.com/products/7171328
2026-09-02,탄산마그네슘,7186240,핸드 프린트 롱슬리브 (블랙/레드),0.0,0,56240,56240,52440,1,3800,7.25,100.0,1,medium,24.0,5,2,none,,0,https://www.musinsa.com/products/7186240
2026-09-02,언더오프,7188928,크롭핏 스트라이프 하프넥 울 니트 아이보리,0.0,0,45900,45900,45900,0,0,0.0,100.0,1,high,24.01,6,2,none,,0,https://www.musinsa.com/products/7188928
2026-09-02,언더오프,7188992,헨리넥 배색 레이어드 크롭 니트 블랙,0.0,0,36990,36990,43900,1,-6910,-15.74,100.0,1,medium,24.01,6,2,none,,0,https://www.musinsa.com/products/7188992
2026-09-02,본투윈,7189056,SYMBOL B COMPRESSION SHORT SLEEVE [BLACK],0.0,0,59000,59000,59000,0,0,0.0,100.0,1,high,24.09,7,2,none,,0,https://www.musinsa.com/products/7189056
2026-09-02,시그니처,7206720,레이어드 스트라이프 헨리넥[그레이],0.0,0,39900,39900,39900,0,0,0.0,100.0,1,high,25.36,4,2,none,,0,https://www.musinsa.com/products/7206720
2026-09-02,언더오프,7207488,크롭 맨투맨 스웨트 레트로빈티지 그레이,0.0,0,30900,30900,,0,,,58.96,0,low,23.98,5,1,none,,0,https://www.musinsa.com/products/7207488
2026-09-02,고스트리퍼블릭,7213376,소프트 헨리넥 세미크롭 니트 4Color GKM-168,0.0,0,29900,29900,,0,,,22.1,0,low,18.93,4,1,none,,0,https://www.musinsa.com/products/7213376
2026-09-03,꼼파뇨,247936,sonar disenar cumplir LONG BELT,0.0,0,9900,9900,9900,0,0,0.0,89.84,0,low,24.18,4,1,none,,0,https://www.musinsa.com/products/247936
2026-09-03,트립르센스,682240,Thinsulate 3 Button Wool Coat BEIGE,0.0,0,74500,74500,74500,0,0,0.0,60.44,0,low,24.0,6,2,none,,0,https://www.musinsa.com/products/682240
2026-09-03,제멋,745344,루즈핏 카라티셔츠  딥그린 JKST2066,0.0,0,22300,22300,22300,0,0,0.0,100.0,1,high,24.02,6,3,none,,0,https://www.musinsa.com/products/745344
2026-09-03,러브이즈트루,844608,(UNISEX)DS LOGO OVER JACKET(BEIGE),0.0,0,47000,47000,47000,0,0,0.0,60.44,0,low,24.0,6,2,none,,0,https://www.musinsa.com/products/844608
2026-09-03,드리프트아웃,859776,CHH-027 하이재킹 트레이닝,0.0,0,58000,58000,,0,,,31.96,0,low,8.29,3,1,none,,0,https://www.musinsa.com/products/859776
2026-09-03,카네이테이,1061888,BRICK ZIP WALLET M (OLIVE DRAB) / UPCYCLED,0.0,0,61600,61600,61600,0,0,0.0,100.0,1,high,23.98,6,3,none,,0,https://www.musinsa.com/products/1061888
2026-09-03,데비웨어,1099200,여성 요가복 DEVI-TS0010-핑크 필라테스 커버업 오프닝 슬리브리스,0.0,0,21850,21850,,0,,,10.15,0,low,7.07,2,1,none,,0,https://www.musinsa.com/products/1099200
2026-09-03,어텐션로우,1101888,디스트로이드ver.2 피그먼트 맨투맨 (8 color),0.0,0,44550,44550,,0,,,27.96,0,low,10.31,2,1,none,,0,https://www.musinsa.com/products/1101888
2026-09-03,르아르,1151744,미니멀 울 반목폴라 니트 [아이보리],0.0,0,35900,35900,35900,0,0,0.0,64.08,0,low,24.0,4,1,none,,0,https://www.musinsa.com/products/1151744
2026-09-03,쿠어,1548480,탑필 캐시미어 라운드 니트 (블루그레이),0.0,0,87200,87200,87200,0,0,0.0,64.08,0,low,24.0,4,1,none,,0,https://www.musinsa.com/products/1548480
2026-09-03,인사일런스,1562880,[BLACK LABEL] 버진 울 플란넬 자켓 BLACK,0.0,0,99500,99500,99500,0,0,0.0,100.0,1,high,24.2,5,2,none,,0,https://www.musinsa.com/products/1562880
2026-09-03,시그니처,1584704,퍼티그 와이드 데님 [오프화이트],0.78,27098,34900,34900,34900,0,0,0.0,81.26,0,low,25.12,8,1,none,,0,https://www.musinsa.com/products/1584704
2026-09-03,데비웨어,1600576,플립 커버 뒷묶음 티 DEVI-T0043-샌드,0.0,0,22800,22800,,0,,,10.14,0,low,7.07,2,1,none,,0,https://www.musinsa.com/products/1600576
2026-09-03,노이어,1638592,울 원 턱 릴렉스 슬랙스 (블랙),0.0,0,71000,71000,71000,0,0,0.0,100.0,1,high,24.02,6,3,none,,0,https://www.musinsa.com/products/1638592
2026-09-03,오픈야드(오와이),1774784,LOGO ROUND RING,0.0,0,19200,19200,,0,,,25.37,0,low,12.69,3,1,none,,0,https://www.musinsa.com/products/1774784
2026-09-03,미나브,1826304,터키쉬 코튼 텐셀 셔츠 [시타델블루],0.0,0,17100,17100,17100,0,0,0.0,100.0,1,low,23.99,7,3,none,,0,https://www.musinsa.com/products/1826304
2026-09-03,낫포너드,1841216,Wide String Cargo Slacks Pants - Navy,0.0,0,26910,26910,26910,0,0,0.0,81.26,0,low,25.12,4,1,none,,0,https://www.musinsa.com/products/1841216
2026-09-03,카비시,1849600,SELLER LOGO SS TEE BROWN(CV2BMMT500A),0.0,0,24990,24990,,0,,,18.74,0,low,6.3,2,1,none,,0,https://www.musinsa.com/products/1849600
2026-09-03,그레이버,1872896,[UNISEX]스몰 구름 스마일 맨투맨_코발트블루,0.0,0,44800,44800,,0,,,31.9,0,low,8.29,3,1,none,,0,https://www.musinsa.com/products/1872896
2026-09-03,제멋,1884480,[2PACK] 코스모 밴딩 숏팬츠 2PACK JMSP2332,0.03,1295,37900,37900,37900,0,0,0.0,100.0,1,high,24.02,6,3,none,,0,https://www.musinsa.com/products/1884480
2026-09-03,하이스쿨디스코,1888320,flower pants_hyacinth,0.0,0,20710,20710,,0,,,31.9,0,low,8.29,3,1,none,,0,https://www.musinsa.com/products/1888320
2026-09-03,프리즘웍스,1964608,OG DOUBLE RIB OVERSIZED TEE _ MELANGE GRAY,0.02,493,28800,28800,28800,0,0,0.0,100.0,1,high,24.02,6,3,none,,0,https://www.musinsa.com/products/1964608
2026-09-03,그레이버,2021824,[WOMAN]플라워도트 자수 크롭 반팔 니트_민트,0.0,0,17110,17110,,0,,,31.88,0,low,8.29,3,1,none,,0,https://www.musinsa.com/products/2021824
2026-09-03,오픈야드(오와이),2059008,레더 로고 퍼 자켓-화이트,0.0,0,118300,118300,,0,,,25.37,0,low,12.69,3,1,none,,0,https://www.musinsa.com/products/2059008
2026-09-03,슈퍼서브,2080448,시그니처 로고 클래식 긴팔티-블랙,0.0,0,24500,24500,24500,0,0,0.0,81.27,0,low,25.12,4,1,none,,0,https://www.musinsa.com/products/2080448
2026-09-03,피아네르,2081216,에센셜 세미 와이드 스웨트팬츠 (oatmeal),0.0,0,24210,24210,,0,,,10.1,0,low,7.07,2,1,none,,0,https://www.musinsa.com/products/2081216
2026-09-03,퍼스텝,2085632,센트릭 레이어드 긴팔 티셔츠 버건디 SMLT4446,0.0,0,21800,21800,,0,,,10.1,0,low,7.07,2,1,none,,0,https://www.musinsa.com/products/2085632
2026-09-03,퍼스텝,2101568,파인더 후드 그레이 JUHD4441,0.0,0,35000,35000,,0,,,10.1,0,low,7.07,2,1,none,,0,https://www.musinsa.com/products/2101568
2026-09-03,넌블랭크,2102464,세미 와이드 핏 슬랙스_CHARCOAL GREY,0.0,0,47200,47200,47200,0,0,0.0,60.47,0,low,24.0,6,2,none,,0,https://www.musinsa.com/products/2102464
2026-09-03,제멋,2129792,디어 소프트 워싱 밴딩팬츠 더스티카키 KJLP2392,1.0,38900,38900,38900,38900,0,0,0.0,100.0,1,high,24.02,6,3,none,,0,https://www.musinsa.com/products/2129792
2026-09-03,트립르센스,2154432,베이직 터틀넥 폴라 니트_토피 브라운,0.0,0,25200,25200,25200,0,0,0.0,60.47,0,low,24.0,6,2,none,,0,https://www.musinsa.com/products/2154432
2026-09-03,코드그라피,2154880,[PRIMALOFT] 몬스터 숏패딩_차콜,0.0,0,97300,97300,97300,0,0,0.0,81.28,0,low,25.12,4,1,none,,0,https://www.musinsa.com/products/2154880
2026-09-03,프리즘웍스,2164224,SPLASH PAINTING SWEATSHIRT _ BLUE,0.0,0,35550,35550,35550,0,0,0.0,100.0,1,high,24.02,6,3,none,,0,https://www.musinsa.com/products/2164224
2026-09-03,데비웨어,2169280,커브 랩 크롭티 DEVI-T0041-라벤더,0.0,0,19480,19480,,0,,,10.1,0,low,7.07,2,1,none,,0,https://www.musinsa.com/products/2169280
2026-09-03,퍼스텝,2200192,투 파인더 후드집업 그레이 JUHD4453,0.0,0,43900,43900,,0,,,10.09,0,low,7.07,2,1,none,,0,https://www.musinsa.com/products/2200192
2026-09-03,로제프란츠,2247232,World Flower Hoodie [Charcoal],0.0,0,39160,39160,39160,0,0,0.0,81.28,0,low,25.12,4,1,none,,0,https://www.musinsa.com/products/2247232
2026-09-03,원헌드레드퍼센트,2248512,OHP X BJ.KO 샤샤 기모 맨투맨,0.0,0,67000,67000,,0,,,10.08,0,low,7.07,2,1,none,,0,https://www.musinsa.com/products/2248512
2026-09-03,원헌드레드퍼센트,2266112,OHP X MOAI 어쎄신and걸 기모 맨투맨,0.0,0,108000,108000,,0,,,10.08,0,low,7.07,2,1,none,,0,https://www.musinsa.com/products/2266112
2026-09-03,에스피오나지,2288704,Miller Heavyweight Cardigan Burnt Orange,0.0,0,131400,131400,138700,1,-7300,-5.26,100.0,1,medium,24.02,6,3,none,,0,https://www.musinsa.com/products/2288704
2026-09-03,원헌드레드퍼센트,2289792,OHP X DK.JOON b고갱의 의자 기모 맨투맨,0.0,0,49000,49000,,0,,,10.07,0,low,7.07,2,1,none,,0,https://www.musinsa.com/products/2289792
2026-09-03,엘엠씨,2306304,COOL COTTON S OG TEE 2PACK none,0.71,33662,47200,47200,,0,,,18.72,0,low,6.3,4,1,none,1,0,https://www.musinsa.com/products/2306304
2026-09-03,도프제이슨,2307200,오버핏 믹스레더 레이싱 자켓,0.0,0,403750,403750,403750,0,0,0.0,60.47,0,low,24.0,6,2,none,,0,https://www.musinsa.com/products/2307200
2026-09-03,원헌드레드퍼센트,2311616,OHP X IROKIBOU 몽이 기모 맨투맨P,0.0,0,49000,49000,,0,,,10.07,0,low,7.07,2,1,none,,0,https://www.musinsa.com/products/2311616
2026-09-03,그레이버,2314752,[UNISEX]GOA 플로킹 백 스마일 자수 맨투맨_크림,0.0,0,47600,47600,,0,,,31.85,0,low,8.29,3,1,none,,0,https://www.musinsa.com/products/2314752
2026-09-03,인템포무드,2319936,하찌 엘보 볼륨 풀오버_그린어스,0.0,0,50400,50400,50400,0,0,0.0,100.0,1,high,24.21,5,2,none,,0,https://www.musinsa.com/products/2319936
2026-09-03,꼼파뇨,2339904,UmBRELLA Hoooly 자수 후드 블랙,0.89,35325,39600,39600,39600,0,0,0.0,89.93,0,low,24.2,4,1,none,,0,https://www.musinsa.com/products/2339904
2026-09-03,트래블,2340480,메탈 프론트 다트 팬츠 블랙_조거팬츠가능,0.0,0,29500,29500,29500,0,0,0.0,100.0,1,high,23.99,7,3,none,,0,https://www.musinsa.com/products/2340480
2026-09-03,에이치덱스,2361600,스탠다드 머슬핏 반팔티,0.78,19572,25200,25200,25200,0,0,0.0,81.28,0,low,25.12,4,1,none,,0,https://www.musinsa.com/products/2361600
2026-09-03,커버낫,2384128,프레쉬 세리프 로고 캔버스백 핑크,0.0,0,20300,20300,20300,0,0,0.0,100.0,1,high,24.21,5,2,none,,0,https://www.musinsa.com/products/2384128
2026-09-03,브렌슨,2385280,Essential 오버핏 2Way 후드집업,0.39,11708,29900,29900,29900,0,0,0.0,100.0,1,high,24.21,8,2,none,,0,https://www.musinsa.com/products/2385280
2026-09-03,링서울,2433024,pocket bio poplin shirt-stripe,0.0,0,67610,67610,76060,1,-8450,-11.11,60.49,0,low,24.0,6,2,none,,0,https://www.musinsa.com/products/2433024
2026-09-03,매스노운,2442368,실키 인시전 플리츠 셔츠 MSTST002-SK,0.0,0,64500,64500,,0,,,18.7,0,low,6.3,2,1,none,,0,https://www.musinsa.com/products/2442368
2026-09-03,제로,2443072,Clean Denim Deep Two Tuck Vertical Pants [Brown],0.0,0,47790,47790,47790,0,0,0.0,64.11,0,low,24.0,4,1,none,,0,https://www.musinsa.com/products/2443072
2026-09-03,데비웨어,2444224,밴디드 랩 크롭티 DEVI-T0081-블랙,0.0,0,26650,26650,,0,,,10.05,0,low,7.07,2,1,none,,0,https://www.musinsa.com/products/2444224
2026-09-03,데케트,2450048,[여름원단]Cropped Tapered Jeans DCPT004Ivory,0.0,0,23600,23600,23600,0,0,0.0,89.95,0,low,24.2,4,1,none,,0,https://www.musinsa.com/products/2450048
2026-09-03,데케트,2450112,[썸머 린넨라이크]투턱 숏 데님 팬츠 DCPT006OLBLACK,0.0,0,23600,23600,23600,0,0,0.0,89.95,0,low,24.2,4,1,none,,0,https://www.musinsa.com/products/2450112
2026-09-03,엘무드,2452864,홀리데이 PK 하프 니트 반팔 셔츠 애쉬 블루,0.0,0,30800,30800,30800,0,0,0.0,100.0,1,high,24.21,5,2,none,,0,https://www.musinsa.com/products/2452864
2026-09-03,원헌드레드퍼센트,2457920,OHP X MOAI b스케이더 no.2 세미오버 반팔티,0.0,0,34200,34200,,0,,,10.05,0,low,7.07,2,1,none,,0,https://www.musinsa.com/products/2457920
2026-09-03,제멋,2476160,루이스 박스 반팔티셔츠 로얄네이비 KJST2411,0.0,0,24600,24600,24600,0,0,0.0,100.0,1,high,24.02,6,3,none,,0,https://www.musinsa.com/products/2476160
2026-09-03,제멋,2487104,포지 오버핏 반팔셔츠 6종 아이보리 SOSS2414,0.0,0,36800,36800,36800,0,0,0.0,100.0,1,high,24.02,6,3,none,,0,https://www.musinsa.com/products/2487104
2026-09-03,가까이유니언즈,2499776,원턱 스웨트 숏 팬츠 블랙,0.0,0,29400,29400,29400,0,0,0.0,100.0,1,high,24.0,11,2,none,,0,https://www.musinsa.com/products/2499776
2026-09-03,낫포너드,2501312,Carbon Baggy Pants - Black,0.0,0,39000,39000,39000,0,0,0.0,81.3,0,low,25.12,4,1,none,,0,https://www.musinsa.com/products/2501312
2026-09-03,시야쥬,2558656,SITP5063 U-neck T-shirt_Cream,0.0,0,30780,30780,30780,0,0,0.0,100.0,1,high,24.21,5,2,none,,0,https://www.musinsa.com/products/2558656
2026-09-03,게인스보로,2560832,스웨트 쇼츠_오트밀,0.0,0,23900,23900,,0,,,25.34,0,low,12.69,3,1,none,,0,https://www.musinsa.com/products/2560832
2026-09-03,그레이버,2567168,[UNISEX]플라워 베어 스마일 자수 반팔티_화이트,0.0,0,32200,32200,,0,,,31.81,0,low,8.29,3,1,none,,0,https://www.musinsa.com/products/2567168
2026-09-03,그레이버,2578816,[UNISEX]아치로고 라이프 도트스마일  반팔티_화이트,0.0,0,32200,32200,,0,,,31.81,0,low,8.29,3,1,none,,0,https://www.musinsa.com/products/2578816
2026-09-03,엑스트라오디너리,2596544,B.S.C TEE CROP WHITE,0.0,0,21500,21500,21500,0,0,0.0,89.97,0,low,24.2,4,1,none,,0,https://www.musinsa.com/products/2596544
2026-09-03,나인제트,2643072,브이넥 폴리 머슬핏 티셔츠 22TS10,0.0,0,19900,19900,19900,0,0,0.0,89.97,0,low,24.2,4,1,none,,0,https://www.musinsa.com/products/2643072
2026-09-03,카비시,2656960,W STAR LOGO CROPPED HOODIE BLACK(CV2CFFM401A),0.0,0,47010,47010,,0,,,18.69,0,low,6.3,2,1,none,,0,https://www.musinsa.com/products/2656960
2026-09-03,원헌드레드퍼센트,2658304,OHP X IROKIBOU 퓨리 피그먼트 반팔티,0.0,0,41250,41250,,0,,,10.03,0,low,7.07,2,1,none,,0,https://www.musinsa.com/products/2658304
2026-09-03,베이직하우스,2708096,UNI 플란넬 기모 셔츠 베이지 LWWS7101,0.0,0,29900,29900,,0,,,31.8,0,low,8.29,3,1,none,,0,https://www.musinsa.com/products/2708096
2026-09-03,코드그라피,2744512,(우먼) 코듀로이 플리스 양털 패딩_아이보리,0.0,0,97300,97300,97300,0,0,0.0,81.32,0,low,25.12,4,1,none,,0,https://www.musinsa.com/products/2744512
2026-09-03,키르시,2744640,스몰 체리 드레스 [멜란지 그레이],0.0,0,22200,22200,22200,0,0,0.0,100.0,1,high,24.22,5,2,none,,0,https://www.musinsa.com/products/2744640
2026-09-03,그레이버,2754048,[UNISEX]트윈 플라워 스마일 맨투맨_코발트블루,0.0,0,46900,46900,,0,,,31.79,0,low,8.29,3,1,none,,0,https://www.musinsa.com/products/2754048
2026-09-03,넌블랭크,2757824,루즈 핏 카라 가디건_IVORY,0.0,0,95200,95200,95200,0,0,0.0,60.51,0,low,24.0,6,2,none,,0,https://www.musinsa.com/products/2757824
2026-09-03,시그니처,2760384,케이블 카라 니트[그린],0.0,0,39900,39900,39900,0,0,0.0,81.32,0,low,25.12,4,1,none,,0,https://www.musinsa.com/products/2760384
2026-09-03,라티젠,2768704,LK CABLE KNIT ZIP(BLACK),0.0,0,58800,58800,,0,,,27.9,0,low,10.31,2,1,none,,0,https://www.musinsa.com/products/2768704
2026-09-03,라티젠,2768832,LK NEWYORK JOGGER PANTS(WHITE),0.0,0,47400,47400,,0,,,27.9,0,low,10.31,2,1,none,,0,https://www.musinsa.com/products/2768832
2026-09-03,시야쥬,2772096,SIPT7052 muse two tuck wide slacks_Beige,0.0,0,74390,74390,74390,0,0,0.0,100.0,1,high,24.22,5,2,none,,0,https://www.musinsa.com/products/2772096
2026-09-03,유라고,2774464,Harry stripe wool knit,0.0,0,57760,57760,57760,0,0,0.0,64.13,0,low,24.0,4,1,none,,0,https://www.musinsa.com/products/2774464
2026-09-03,그레이버,2776128,[UNISEX]엘보우 스프레이 도트스마일 맨투맨_그레이,0.0,0,46900,46900,,0,,,31.78,0,low,8.29,3,1,none,,0,https://www.musinsa.com/products/2776128
2026-09-03,원헌드레드퍼센트,2788736,OHP X ERNHO b집콕여행 런던 오버핏 헤비 맨투맨G,0.0,0,108000,108000,,0,,,10.01,0,low,7.07,2,1,none,,0,https://www.musinsa.com/products/2788736
2026-09-03,엘엠씨,2789568,LMC STRIPE TASSEL BEANIE gray,0.0,0,15600,15600,,0,,,18.67,0,low,6.3,2,1,none,,0,https://www.musinsa.com/products/2789568
2026-09-03,링서울,2790784,gold button tweed jacket-black,0.0,0,141770,141770,159490,1,-17720,-11.11,60.52,0,low,24.0,6,2,none,,0,https://www.musinsa.com/products/2790784
2026-09-03,스컬프터,2796480,Glossy Satin Shirt Pale Beige,0.0,0,75600,75600,75600,0,0,0.0,100.0,1,high,23.98,6,3,none,,0,https://www.musinsa.com/products/2796480
2026-09-03,어텐션로우,2797440,라이트 피그먼트 오버핏 후드티 (다크그레이),0.0,0,33000,33000,,0,,,27.89,0,low,10.31,2,1,none,,0,https://www.musinsa.com/products/2797440
2026-09-03,원헌드레드퍼센트,2803648,OHP X MOAI 캠핑 베이직 헤비 후드,0.0,0,54000,54000,,0,,,10.0,0,low,7.07,2,1,none,,0,https://www.musinsa.com/products/2803648
2026-09-03,그레이버,2818816,[UNISEX]화이트 덕 스마일 맨투맨_그레이,0.0,0,46900,46900,,0,,,31.77,0,low,8.29,3,1,none,,0,https://www.musinsa.com/products/2818816
2026-09-03,와이케이,2843776,코팅 절개 팬츠 크림,0.0,0,43600,43600,43600,0,0,0.0,60.52,0,low,24.0,6,2,none,,0,https://www.musinsa.com/products/2843776
2026-09-03,어반드레스,2850816,AV LOGO BEANIE BLACK,0.0,0,19500,19500,19500,0,0,0.0,100.0,1,high,24.02,6,3,none,,0,https://www.musinsa.com/products/2850816
2026-09-03,어반드레스,2850880,Two-tuck Stitch Denim Pants INDIGO,0.0,0,27200,27200,27200,0,0,0.0,100.0,1,high,24.02,6,3,none,,0,https://www.musinsa.com/products/2850880
2026-09-03,언노운플라넷,2859520,UP-67 코듀로이팬츠 6컬러,0.0,0,44250,44250,,0,,,10.0,0,low,7.07,2,1,none,,0,https://www.musinsa.com/products/2859520
2026-09-03,드리프트아웃,2866304,CHH-090 울버햄튼 서포터즈,0.0,0,58000,58000,,0,,,31.76,0,low,8.29,3,1,none,,0,https://www.musinsa.com/products/2866304
2026-09-03,노이어,2870400,부클 후디 오버핏 스웨터 (블랙),0.0,0,112000,112000,112000,0,0,0.0,100.0,1,high,24.02,6,3,none,,0,https://www.musinsa.com/products/2870400
2026-09-03,솔트앤초콜릿,2881984,라운드 토 스티치 청키 로퍼 412239004/412315007 (3cm/2type),0.0,0,67320,67320,59400,1,7920,13.33,100.0,1,medium,23.98,6,3,none,,0,https://www.musinsa.com/products/2881984
2026-09-03,그레이버,2887680,[UNISEX]빅 플라워 베어 스마일 후드티_블랙,0.0,0,56000,56000,,0,,,31.75,0,low,8.29,3,1,none,,0,https://www.musinsa.com/products/2887680
2026-09-03,시눈,2932992,2WAY TUBE TOP MINI DRESS (LIGHT KHAKI),0.0,0,49900,49900,49900,0,0,0.0,64.14,0,low,24.0,4,1,none,,0,https://www.musinsa.com/products/2932992
2026-09-03,에이치덱스,2987968,우먼스 메인 빅 로고 조거팬츠 2 color,0.78,46236,59500,59500,59500,0,0,0.0,81.35,0,low,25.13,4,1,none,,0,https://www.musinsa.com/products/2987968
2026-09-03,원헌드레드퍼센트,2999616,OHP X MOAI 어쎄신and걸 no.2 기모 후드,0.0,0,57500,57500,,0,,,9.98,0,low,7.07,2,1,none,,0,https://www.musinsa.com/products/2999616
2026-09-03,더블유엠씨,3011712,핀턱 조거 팬츠_BLACK,0.0,0,29600,29600,29600,0,0,0.0,60.53,0,low,24.0,6,2,none,,0,https://www.musinsa.com/products/3011712
2026-09-03,트래블,3012032,미시간 울버린 피그먼트 후드티 써머 베케이션,0.0,0,39500,39500,39500,0,0,0.0,100.0,1,high,23.99,7,3,none,,0,https://www.musinsa.com/products/3012032
2026-09-03,리브레너,3018496,데일리 기모 스웻셔츠 트레이닝 셋업,0.0,0,54600,54600,,0,,,25.31,0,low,12.69,3,1,none,,0,https://www.musinsa.com/products/3018496
2026-09-03,그레이버,3020736,[UNISEX]백 스몰플라워 자수 볼캡_블랙,0.0,0,14700,14700,,0,,,31.73,0,low,8.29,3,1,none,,0,https://www.musinsa.com/products/3020736
2026-09-03,맥우드건,3021696,파번 7505 카펜터 와이드핏 블랙 데님팬츠,0.0,0,51600,51600,,0,,,31.73,0,low,8.29,3,1,none,,0,https://www.musinsa.com/products/3021696
2026-09-03,마하그리드,3031296,EASY PANT BEIGE(MG2DSMPA12A),0.0,0,29000,29000,,0,,,25.31,0,low,12.69,3,1,none,,0,https://www.musinsa.com/products/3031296
2026-09-03,지프,3036544,M-Logo 맨투맨 (JP5TSU841IV),0.0,0,40900,40900,,0,,,31.73,0,low,8.29,3,1,none,,0,https://www.musinsa.com/products/3036544
2026-09-03,지프,3039616,A1 Basic Women Half Zip-Up Sweat (JO5TSF831WI),0.0,0,38900,38900,,0,,,31.72,0,low,8.29,3,1,none,,0,https://www.musinsa.com/products/3039616
2026-09-03,필루미네이트,3044032,1988 로고 볼 캡-그린,0.0,0,25000,25000,25000,0,0,0.0,60.54,0,low,24.0,6,2,none,,0,https://www.musinsa.com/products/3044032
2026-09-03,마하그리드,3044544,BASIC LOGO MESH KNIT GREY(MG2DSMK600A),0.0,0,29000,29000,,0,,,25.3,0,low,12.69,3,1,none,,0,https://www.musinsa.com/products/3044544
2026-09-03,나인제트,3046464,기백이 넘치다 스웻셔츠 (블랙),0.0,0,27600,27600,27600,0,0,0.0,90.03,0,low,24.21,4,1,none,,0,https://www.musinsa.com/products/3046464
2026-09-03,매스노운,3049472,크롭 디비전 자켓 MSHJK002-BK,0.0,0,119200,119200,,0,,,18.63,0,low,6.29,2,1,none,,0,https://www.musinsa.com/products/3049472
2026-09-03,드로우핏,3052416,호보 레더 메신저백 [BLACK],2.33,161586,69300,69300,69300,0,0,0.0,100.0,1,low,25.13,8,2,none,,0,https://www.musinsa.com/products/3052416
2026-09-03,쿠어,3058304,후디드 크링클 아노락 셔츠 (블랙),0.0,0,144000,144000,144000,0,0,0.0,64.15,0,low,24.0,4,1,none,,0,https://www.musinsa.com/products/3058304
2026-09-03,디미트리블랙,3059712,사이드픽스 슈팅 블레이저 자켓_블랙,0.0,0,99900,99900,99900,0,0,0.0,100.0,1,high,24.23,5,2,none,,0,https://www.musinsa.com/products/3059712
2026-09-03,세컨모놀로그,3065152,유틸리티 파카링 카고 팬츠 라이트베이지 SEPT003L.BEIGE,0.0,0,35600,35600,35600,0,0,0.0,100.0,1,high,24.23,5,2,none,,0,https://www.musinsa.com/products/3065152
2026-09-03,엘엠씨,3066176,OG COMBO TEE black,0.71,26564,37400,37400,,0,,,18.62,0,low,6.29,4,1,none,1,0,https://www.musinsa.com/products/3066176
2026-09-03,언노운플라넷,3067328,UP-382 와이드 피그먼트팬츠 핑크,0.0,0,57000,57000,,0,,,9.96,0,low,7.07,2,1,none,,0,https://www.musinsa.com/products/3067328
2026-09-03,프리즘웍스,3067712,HEAVY WOOL ROUND CARDIGAN _ INDIGO,0.0,0,115200,115200,115200,0,0,0.0,100.0,1,high,24.02,6,3,none,,0,https://www.musinsa.com/products/3067712
2026-09-03,로라로라,3080640,PUFF KNIT TOP PINK,0.0,0,41400,41400,,0,,,27.86,0,low,10.31,2,1,none,,0,https://www.musinsa.com/products/3080640
2026-09-03,시눈,3083200,FISHER SLIT CABLE KNIT VEST (WHITE),0.0,0,29110,29110,29110,0,0,0.0,64.16,0,low,24.0,4,1,none,,0,https://www.musinsa.com/products/3083200
2026-09-03,시눈,3083328,CLASSIC LOGO CAP (NAVY),0.64,24833,38700,38700,38700,0,0,0.0,64.16,0,low,24.0,4,1,none,,0,https://www.musinsa.com/products/3083328
2026-09-03,시야쥬,3084736,SIPT7074 Labelle Slit Slacks_Beige,0.0,0,66560,66560,66560,0,0,0.0,100.0,1,high,24.23,5,2,none,,0,https://www.musinsa.com/products/3084736
2026-09-03,커버낫,3086656,오버핏 플랩 포켓 셔츠 자켓 베이지,0.0,0,49500,49500,49500,0,0,0.0,100.0,1,high,24.23,5,2,none,,0,https://www.musinsa.com/products/3086656
2026-09-03,쿠어,3094592,더블 네티드 후드 집업 (블랙),0.0,0,159200,159200,159200,0,0,0.0,64.17,0,low,24.0,4,1,none,,0,https://www.musinsa.com/products/3094592
2026-09-03,프리즘웍스,3096448,BUDDY HARRINGTON JACKET _ NAVY,0.92,114035,124200,124200,124200,0,0,0.0,100.0,1,high,24.02,6,3,none,,0,https://www.musinsa.com/products/3096448
2026-09-03,라티젠,3096896,L2 LAYERED T-SHIRT(BLACK),0.0,0,40800,40800,,0,,,27.85,0,low,10.31,2,1,none,,0,https://www.musinsa.com/products/3096896
2026-09-03,트립르센스,3098752,시그니처 프렌치 카라 스웻셔츠_LIGHT GREY,0.0,0,40000,40000,40000,0,0,0.0,60.55,0,low,24.0,6,2,none,,0,https://www.musinsa.com/products/3098752
2026-09-03,퍼스텝,3099520,[2PACK] 2pack 리짓 헤비웨이트 후드 8종 HYHD4542,0.0,0,98900,98900,,0,,,9.95,0,low,7.07,2,1,none,,0,https://www.musinsa.com/products/3099520
2026-09-03,그레이버,3100096,[UNISEX]체커보드 스몰플라워 맨투맨_그레이,0.0,0,44800,44800,,0,,,31.71,0,low,8.29,3,1,none,,0,https://www.musinsa.com/products/3100096
2026-09-03,디키즈,3109952,오버 사이즈 라이트 웨이트 캔버스 재킷 Egglet,0.0,0,82500,82500,,0,,,18.61,0,low,6.29,2,1,none,,0,https://www.musinsa.com/products/3109952
2026-09-03,르바,3116288,Essential Cotton Half Pants - Beige,0.0,0,89100,89100,89100,0,0,0.0,81.39,0,low,25.13,4,1,none,,0,https://www.musinsa.com/products/3116288
2026-09-03,세컨모놀로그,3132544,키홀 펀칭 후드 집업 니트 네이비 SEJK007NAVY,0.0,0,55600,55600,55600,0,0,0.0,100.0,1,high,24.23,5,2,none,,0,https://www.musinsa.com/products/3132544
2026-09-03,예스아이씨,3134016,Y.E.S 23 Service L/S White,0.0,0,34500,34500,,0,,,31.7,0,low,8.29,3,1,none,,0,https://www.musinsa.com/products/3134016
2026-09-03,예스아이씨,3135168,LW Vented Windbreaker Teal,0.0,0,84500,84500,,0,,,31.7,0,low,8.29,3,1,none,,0,https://www.musinsa.com/products/3135168
2026-09-03,하이스쿨디스코,3135232,HEART RUFFLE KNIT OPS_PINK,0.0,0,44000,44000,,0,,,31.7,0,low,8.29,3,1,none,,0,https://www.musinsa.com/products/3135232
2026-09-03,엘무드,3136960,다이브 하프 셔츠 스쿠버 블루,0.0,0,39200,39200,39200,0,0,0.0,100.0,1,high,24.23,5,2,none,,0,https://www.musinsa.com/products/3136960
2026-09-03,앤더슨벨,3142080,바시티 가디건 자켓 awa466m(BLACK),0.0,0,440000,440000,,0,,,31.69,0,low,8.29,3,1,none,,0,https://www.musinsa.com/products/3142080
2026-09-03,드로우핏,3154688,원턱 밴딩 테이퍼드 슬랙스 [BLACK],0.78,38691,49770,49770,49770,0,0,0.0,81.41,0,low,25.13,4,1,none,,0,https://www.musinsa.com/products/3154688
2026-09-03,라이프워크,3164480,여성) 우븐 스트레치 숏 반팔 셔츠,0.0,0,49000,49000,,0,,,31.69,0,low,8.29,3,1,none,,0,https://www.musinsa.com/products/3164480
2026-09-03,마하그리드,3166336,VARSITY LOGO SWEAT SHORT BLACK(MG2FMMPA04A),0.0,0,47200,47200,,0,,,25.28,0,low,12.69,3,1,none,,0,https://www.musinsa.com/products/3166336
2026-09-03,라이프워크,3167296,나일론 라이트 카라 셔츠,0.0,0,49000,49000,,0,,,31.69,0,low,8.29,3,1,none,,0,https://www.musinsa.com/products/3167296
2026-09-03,스컬프터,3171328,Cartolina Cargo Jogger Pants Lime,0.0,0,49840,49840,49840,0,0,0.0,100.0,1,high,23.98,6,3,none,,0,https://www.musinsa.com/products/3171328
2026-09-03,나이스고스트클럽,3176384,TORNADO LOGO TEE_BLACK(NG2EMUT503A),0.0,0,30870,30870,30870,0,0,0.0,60.56,0,low,24.0,6,2,none,,0,https://www.musinsa.com/products/3176384
2026-09-03,피아네르,3177920,[2 PACK] 쿨 스판 트레이닝 7부 팬츠 (2color),0.0,0,29990,29990,,0,,,9.94,0,low,7.07,2,1,none,,0,https://www.musinsa.com/products/3177920
2026-09-03,퍼스텝,3189632,굿어게인 반팔 다크네이비 JUST4544,0.0,0,29800,29800,,0,,,9.94,0,low,7.07,2,1,none,,0,https://www.musinsa.com/products/3189632
2026-09-03,예스아이씨,3191808,Y.E.S Native Symbol Carpenter Sweat Shorts Kale,0.0,0,44500,44500,,0,,,31.68,0,low,8.29,3,1,none,,0,https://www.musinsa.com/products/3191808
2026-09-03,커버낫,3195328,브이넥 니트 베스트 베이지,0.0,0,31600,31600,31600,0,0,0.0,100.0,1,high,24.23,5,2,none,,0,https://www.musinsa.com/products/3195328
2026-09-03,로라로라,3203456,RIBBED CARDIGAN SLEEVELESS SET BLACK,0.0,0,55800,55800,,0,,,27.84,0,low,10.31,2,1,none,,0,https://www.musinsa.com/products/3203456
2026-09-03,그레이버,3207872,[UNISEX]하트 드로잉스마일 반팔티_화이트,0.0,0,27820,27820,,0,,,31.68,0,low,8.29,3,1,none,,0,https://www.musinsa.com/products/3207872
2026-09-03,더블유엠씨,3212672,스카시 망사 라운드 니트_BLACK,0.0,0,37600,37600,37600,0,0,0.0,60.56,0,low,24.0,6,2,none,,0,https://www.musinsa.com/products/3212672
2026-09-03,미나브,3214272,강연코튼 케이블 펀칭 카라 니트 [아이보리],0.0,0,35100,35100,35100,0,0,0.0,100.0,1,high,23.99,7,3,none,,0,https://www.musinsa.com/products/3214272
2026-09-03,제멋,3226688,보이클럽 오버핏 반팔티셔츠 4종 네이비 SOST2481,0.0,0,27900,27900,27900,0,0,0.0,100.0,1,high,24.02,6,3,none,,0,https://www.musinsa.com/products/3226688
2026-09-03,아르반,3243136,워셔블 쿨링 린넨 하프 니트_크림,0.0,0,29500,29500,,0,,,9.93,0,low,7.07,2,1,none,,0,https://www.musinsa.com/products/3243136
2026-09-03,세컨모놀로그,3247680,키홀 카라 숏 슬리브 썸머 니트 블랙 SEKT005BLACK,0.0,0,17150,17150,17150,0,0,0.0,100.0,1,high,24.24,5,2,none,,0,https://www.musinsa.com/products/3247680
2026-09-03,주앙옴므,3249024,브러쉬 페이딩 하프 슬리브 티셔츠 (다크 네이비),0.0,0,50400,50400,50400,0,0,0.0,90.08,0,low,24.22,4,1,none,,0,https://www.musinsa.com/products/3249024
2026-09-03,러프사이드,3251264,Primary Half Sleeve Off White,0.0,0,49000,49000,49000,0,0,0.0,64.18,0,low,24.0,4,1,none,,0,https://www.musinsa.com/products/3251264
2026-09-03,드로우핏,3255744,프린지 카라 반팔 니트 [OLIVE GREEN],0.0,0,39600,39600,39600,0,0,0.0,81.43,0,low,25.13,4,1,none,,0,https://www.musinsa.com/products/3255744
2026-09-03,제멋,3257728,링크 투턱 카고 숏팬츠 5종 베이지 KJSP2484,0.0,0,28900,28900,28900,0,0,0.0,100.0,1,high,24.02,6,3,none,,0,https://www.musinsa.com/products/3257728
2026-09-03,아워데이즈,3260096,쿨 린넨 라이크 와이드핏 데님 [BLUE],0.0,0,49600,49600,49600,0,0,0.0,81.43,0,low,25.13,4,1,none,,0,https://www.musinsa.com/products/3260096
2026-09-03,아티스트웨어,3263168,[ATW] 오리지널 반팔티,0.0,0,34300,34300,,0,,,25.27,0,low,12.69,3,1,none,,0,https://www.musinsa.com/products/3263168
2026-09-03,미니멀프로젝트,3267968,88 아치 로고 오버핏 반팔티셔츠 MST150 [NAVY],0.0,0,25800,25800,,0,,,27.83,0,low,10.31,2,1,none,,0,https://www.musinsa.com/products/3267968
2026-09-03,오픈야드(오와이),3269120,NYLON LOGO CAMP CAP-CHARCOAL GREY,0.0,0,43800,43800,,0,,,25.27,0,low,12.7,3,1,none,,0,https://www.musinsa.com/products/3269120
2026-09-03,세컨모놀로그,3277312,키홀 시그니쳐 로고 버킷햇 블랙 SEAC002BLACK,0.0,0,23600,23600,23600,0,0,0.0,100.0,1,high,24.24,5,2,none,,0,https://www.musinsa.com/products/3277312
2026-09-03,어반에이지,3289024,[2PACK] 컬러센슈얼 오버 반팔(4 Color),0.0,0,33000,33000,,0,,,27.83,0,low,10.31,2,1,none,,0,https://www.musinsa.com/products/3289024
2026-09-03,론론,3289344,DOUBLE RIBBON OVER FIT T SHIRT WHITE,0.0,0,47520,47520,53460,1,-5940,-11.11,100.0,1,medium,24.02,6,3,none,,0,https://www.musinsa.com/products/3289344
2026-09-03,파르티멘토 우먼,3292672,컷 오프 버뮤다 진_블랙,0.0,0,107100,107100,107100,0,0,0.0,90.09,0,low,24.22,4,1,none,,0,https://www.musinsa.com/products/3292672
2026-09-03,러브이즈트루,3306048,PY LVTR TEE(BLUE),0.0,0,46550,46550,46550,0,0,0.0,60.58,0,low,24.0,4,2,none,,0,https://www.musinsa.com/products/3306048
2026-09-03,솔트앤초콜릿,3306688,SAC 남성 첼시부츠 422316001 (4cm),0.0,0,101400,101400,101400,0,0,0.0,100.0,1,high,23.98,6,3,none,,0,https://www.musinsa.com/products/3306688
2026-09-03,디키즈,3307456,플레임 D 크롭 티셔츠 White,0.0,0,24500,24500,,0,,,18.56,0,low,6.29,2,1,none,,0,https://www.musinsa.com/products/3307456
2026-09-03,링서울,3312448,relax banded pants-black,0.0,0,58250,58250,65530,1,-7280,-11.11,60.58,0,low,24.0,6,2,none,,0,https://www.musinsa.com/products/3312448
2026-09-03,더그린랩,3330304,여성 미니몰 와펜 크롭 반팔티셔츠 [블랙-블루 와펜],0.0,0,19500,19500,,0,,,31.63,0,low,8.29,3,1,none,,0,https://www.musinsa.com/products/3330304
2026-09-03,스키즘 인듀싱,3330560,"NYLON CARGO PANTS, BLACK",0.0,0,79500,79500,79500,0,0,0.0,100.0,1,high,24.02,6,3,none,,0,https://www.musinsa.com/products/3330560
2026-09-03,그레이버,3336064,[UNISEX]옐로우실링 스몰 드로잉스마일 반팔티_샌드베이지,0.0,0,27820,27820,,0,,,31.63,0,low,8.29,3,1,none,,0,https://www.musinsa.com/products/3336064
2026-09-03,제멋,3348288,샌디 와이드 워크팬츠 6종 카키 SOLP2517,0.0,0,41900,41900,41900,0,0,0.0,100.0,1,high,24.02,6,3,none,,0,https://www.musinsa.com/products/3348288
2026-09-03,라티젠,3355584,L4 KNIT COVER UP SET(CREAM),0.0,0,76800,76800,,0,,,27.81,0,low,10.31,2,1,none,,0,https://www.musinsa.com/products/3355584
2026-09-03,트립르센스,3357504,스테디 썸머 플리츠 오버 셔츠_핑크,0.0,0,59200,59200,59200,0,0,0.0,60.58,0,low,24.0,6,2,none,,0,https://www.musinsa.com/products/3357504
2026-09-03,꼼파뇨,3364992,와이드 오버 카고 팬츠 블랙,0.89,44205,49510,49510,49510,0,0,0.0,90.11,0,low,24.22,4,1,none,,0,https://www.musinsa.com/products/3364992
2026-09-03,러브이즈트루,3374528,BE BEACH SHORTS(IVORY),0.0,0,30800,30800,30800,0,0,0.0,60.59,0,low,24.0,6,2,none,,0,https://www.musinsa.com/products/3374528
2026-09-03,원헌드레드퍼센트,3375232,OHP X MOAI b커플 no.2 세미오버 반팔티,0.0,0,37100,37100,,0,,,9.89,0,low,7.07,2,1,none,,0,https://www.musinsa.com/products/3375232
2026-09-03,아수라,3376704,다잉 레이어드 집업 [GREY],0.0,0,83440,83440,,0,,,9.89,0,low,7.07,2,1,none,,0,https://www.musinsa.com/products/3376704
2026-09-03,레이지비,3384896,쿨링 라이트 유틸리티 카고 반바지 (워터 스포츠 러닝) 남자 쇼츠 (3컬러),0.0,0,31500,31500,,0,,,31.62,0,low,8.29,3,1,none,,0,https://www.musinsa.com/products/3384896
2026-09-03,어반스터프,3424000,원 스크립트 후디 (버건디),0.0,0,63000,63000,,0,,,31.61,0,low,8.29,3,1,none,,0,https://www.musinsa.com/products/3424000
2026-09-03,러프사이드,3431552,25FW Primary Long Sleeve Off White,0.0,0,69000,69000,69000,0,0,0.0,64.2,0,low,24.0,4,1,none,,0,https://www.musinsa.com/products/3431552
2026-09-03,코드그라피,3439168,와이드 멀티 포켓 나일론 카고 파라슈트 팬츠_3color,0.0,0,62300,62300,62300,0,0,0.0,81.46,0,low,25.14,4,1,none,,0,https://www.musinsa.com/products/3439168
2026-09-03,커버낫,3439808,모크넥 세미 오버 레글런 맨투맨 오트밀,0.0,0,45000,45000,45000,0,0,0.0,100.0,1,high,24.24,5,2,none,,0,https://www.musinsa.com/products/3439808
2026-09-03,엠엘비,3443136,빅볼청키 A NYM (Orange),0.0,0,75780,75780,,0,,,27.8,0,low,10.31,2,1,none,,0,https://www.musinsa.com/products/3443136
2026-09-03,엘엠씨,3444096,OG KNIT CARDIGAN navy,0.0,0,59500,59500,,0,,,18.53,0,low,6.29,2,1,none,,0,https://www.musinsa.com/products/3444096
2026-09-03,스컬프터,3460544,Shirring Zip-Up Jersey Ballerina Pink,0.14,10743,76160,76160,76160,0,0,0.0,100.0,1,high,23.98,6,3,none,,0,https://www.musinsa.com/products/3460544
2026-09-03,더뮤지엄비지터,3461632,FOREVER ART PRINTED CURVED ZIPPER WINDBREAKER (BLACK),0.0,0,138400,138400,138400,0,0,0.0,100.0,1,high,23.98,6,3,none,,0,https://www.musinsa.com/products/3461632
2026-09-03,커버낫,3469440,헤비웨이트 오버핏 맨투맨 베이지,0.0,0,53400,53400,53400,0,0,0.0,100.0,1,high,24.25,5,2,none,,0,https://www.musinsa.com/products/3469440
2026-09-03,그레이버,3471232,[UNISEX]드로잉 로고 드로잉스마일 후드티_그레이,0.0,0,52500,52500,,0,,,31.6,0,low,8.29,3,1,none,,0,https://www.musinsa.com/products/3471232
2026-09-03,가까이유니언즈,3479936,루바토 브이넥 맨투맨 화이트 멜란지,0.0,0,42400,42400,42400,0,0,0.0,100.0,1,high,24.0,5,2,none,,0,https://www.musinsa.com/products/3479936
2026-09-03,예스아이씨,3481472,Dunkman Hoodie Black,0.0,0,59400,59400,,0,,,31.58,0,low,8.29,3,1,none,,0,https://www.musinsa.com/products/3481472
2026-09-03,드로우핏우먼,3485568,핀턱 터틀넥 롱 슬리브 탑 [BLACK],0.0,0,23760,23760,23760,0,0,0.0,100.0,1,high,23.99,7,3,none,,0,https://www.musinsa.com/products/3485568
2026-09-03,드로우핏우먼,3485760,내추럴 스티치 스퀘어 백 [BLACK],0.0,0,67410,67410,78400,1,-10990,-14.02,100.0,1,medium,23.99,7,3,none,,0,https://www.musinsa.com/products/3485760
2026-09-03,앤더슨벨,3486400,루카아즈 스퀘어 토 더비 슈즈 aaa345m(BEIGE),0.0,0,435000,435000,,0,,,31.58,0,low,8.29,3,1,none,,0,https://www.musinsa.com/products/3486400
2026-09-03,맥우드건,3490368,조거 7723 카펜터 와이드핏 다크그레이 데님 조거팬츠,0.0,0,28200,28200,,0,,,31.58,0,low,8.29,3,1,none,,0,https://www.musinsa.com/products/3490368
2026-09-03,트래드클럽,3491584,버로우 오버사이즈 울 피코트,0.0,0,199000,199000,,0,,,9.86,0,low,7.07,2,1,none,,0,https://www.musinsa.com/products/3491584
2026-09-03,노이어,3505408,[2PACK] 실키 블렌디드 U넥 티셔츠,0.0,0,69600,69600,69600,0,0,0.0,100.0,1,high,24.02,6,3,none,,0,https://www.musinsa.com/products/3505408
2026-09-03,모즈모즈,3508736,안감선택 아치로고 오버핏 맨투맨 백메란지,0.0,0,32800,32800,32800,0,0,0.0,64.21,0,low,24.0,4,1,none,,0,https://www.musinsa.com/products/3508736
2026-09-03,알리스,3510016,더블 라인 플랩 카고 스웻 팬츠 [블랙],0.0,0,65300,65300,65300,0,0,0.0,90.15,0,low,24.23,4,1,none,,0,https://www.musinsa.com/products/3510016
2026-09-03,어반드레스,3510720,Kamen Collar Knit MELANGE,0.0,0,30000,30000,30000,0,0,0.0,100.0,1,high,24.02,6,3,none,,0,https://www.musinsa.com/products/3510720
2026-09-03,르바,3512768,Suede Button-Up Crop Jacket - Black,0.0,0,260100,260100,260100,0,0,0.0,81.49,0,low,25.14,4,1,none,,0,https://www.musinsa.com/products/3512768
2026-09-03,르바,3514752,Washed Cargo String Long Skirt - Beige,0.0,0,116100,116100,116100,0,0,0.0,81.5,0,low,25.14,4,1,none,,0,https://www.musinsa.com/products/3514752
2026-09-03,로라로라,3518528,CHECK COLLAR PLEATS ONE-PIECE GRAY,0.0,0,101400,101400,,0,,,27.78,0,low,10.31,2,1,none,,0,https://www.musinsa.com/products/3518528
2026-09-03,아이돈워너셀,3528448,Side Flash Denim Parasuit Pants Black,0.0,0,55600,55600,55600,0,0,0.0,100.0,1,high,24.25,5,2,none,,0,https://www.musinsa.com/products/3528448
2026-09-03,미니멀프로젝트,3529664,미니멀 아치로고 오버핏 후드티 MHT122 [ASHGRAY],0.0,0,33800,33800,,0,,,27.78,0,low,10.31,2,1,none,,0,https://www.musinsa.com/products/3529664
2026-09-03,프리즘웍스,3531136,JUNGLE CLOTH FATIGUE PANTS _ BLACK,0.0,0,80100,80100,80100,0,0,0.0,100.0,1,high,24.02,6,3,none,,0,https://www.musinsa.com/products/3531136
2026-09-03,어반에이지,3533440,데일리 스탠다드 후드 집업 멜란그레이,0.0,0,33000,33000,,0,,,27.77,0,low,10.31,2,1,none,,0,https://www.musinsa.com/products/3533440
2026-09-03,어반에이지,3533504,로고 프린트 후드 집업 멜란그레이,0.0,0,32800,32800,,0,,,27.77,0,low,10.31,2,1,none,,0,https://www.musinsa.com/products/3533504
2026-09-03,어반에이지,3533568,비어처브 오버 맨투맨 멜란그레이,0.0,0,24800,24800,,0,,,27.77,0,low,10.31,2,1,none,,0,https://www.musinsa.com/products/3533568
2026-09-03,락피쉬웨더웨어,3536576,CLOUDY PLATFORM FUR SLINGBACKS - 6 colors,0.0,0,94000,94000,94000,0,0,0.0,81.5,0,low,25.14,4,1,none,,0,https://www.musinsa.com/products/3536576
2026-09-03,게인스보로,3538048,테크 후드티_블랙,0.0,0,55300,55300,,0,,,25.2,0,low,12.7,3,1,none,,0,https://www.musinsa.com/products/3538048
2026-09-03,디미트리블랙,3539904,에센셜 헤어리 라운드 니트_라이트 그레이,0.0,0,33900,33900,33900,0,0,0.0,100.0,1,high,24.25,5,2,none,,0,https://www.musinsa.com/products/3539904
2026-09-03,그레이버,3545664,[UNISEX]백 데이지플라워 스마일 후드티_네이비,0.0,0,56000,56000,,0,,,31.55,0,low,8.29,3,1,none,,0,https://www.musinsa.com/products/3545664
2026-09-03,링서울,3548288,[선물옵션] 20mm leather crack belt - [silver/gold],0.0,0,20880,20880,23490,1,-2610,-11.11,60.62,0,low,24.0,6,2,none,,0,https://www.musinsa.com/products/3548288
2026-09-03,엘엠씨,3548992,BEAR ZIP-UP COWICHAN KNIT SWEATER gray,0.0,0,139300,139300,,0,,,18.49,0,low,6.28,2,1,none,,0,https://www.musinsa.com/products/3548992
2026-09-03,비디알,3550528,Railroad Stripe Vest,0.0,0,156750,156750,,0,,,9.84,0,low,7.06,2,1,none,,0,https://www.musinsa.com/products/3550528
2026-09-03,드로우핏우먼,3552512,소프트 캐시미어 레글런 숏 코트 [BLACK],0.0,0,198400,198400,198400,0,0,0.0,100.0,1,high,23.99,7,3,none,,0,https://www.musinsa.com/products/3552512
2026-09-03,라티젠,3558720,L6 JADORE MIX KNIT(BLUE),0.0,0,45600,45600,,0,,,27.76,0,low,10.31,2,1,none,,0,https://www.musinsa.com/products/3558720
2026-09-03,엑스트라오디너리,3560384,ACID WASHED PANTS BEIGE,0.0,0,79500,79500,79500,0,0,0.0,90.17,0,low,24.23,4,1,none,,0,https://www.musinsa.com/products/3560384
2026-09-03,브라운야드,3565248,"퍼티그 스웻 팬츠, 라이트 옐로우",0.0,0,84000,84000,84000,0,0,0.0,60.63,0,low,24.0,6,2,none,,0,https://www.musinsa.com/products/3565248
2026-09-03,오픈야드(오와이),3565760,S.L LINE SOCKS-WHITE,0.0,0,8800,8800,,0,,,25.19,0,low,12.7,3,1,none,,0,https://www.musinsa.com/products/3565760
2026-09-03,커버낫,3571712,RDS 유틸리티 다운 베스트 네이비,0.0,0,83400,83400,83400,0,0,0.0,100.0,1,high,24.25,5,2,none,,0,https://www.musinsa.com/products/3571712
2026-09-03,아틀리에나인,3571968,키아나 셋업 포켓 솔리드 자켓(JK-2860),0.0,0,152100,152100,152100,0,0,0.0,100.0,1,high,24.0,5,2,none,,0,https://www.musinsa.com/products/3571968
2026-09-03,어반드레스,3575424,Onesnap Taslan Pants GREY,1.86,82292,44200,44200,44200,0,0,0.0,100.0,1,high,24.02,6,3,none,,0,https://www.musinsa.com/products/3575424
2026-09-03,인사일런스,3579008,웨이브라인 다운 자켓 CHARCOAL,0.0,0,163170,163170,163170,0,0,0.0,100.0,1,high,24.26,5,2,none,,0,https://www.musinsa.com/products/3579008
2026-09-03,룩캐스트,3582144,헤리 와이드 레더 벨트 / HERY WIDE LEATHER BELT_2colors,0.0,0,46130,46130,46130,0,0,0.0,90.18,0,low,24.23,4,1,none,,0,https://www.musinsa.com/products/3582144
2026-09-03,그레이버,3582784,[UNISEX]백 데이지플라워 스마일 후드집업_블랙,0.0,0,62300,62300,,0,,,31.53,0,low,8.3,3,1,none,,0,https://www.musinsa.com/products/3582784
2026-09-03,키뮤어,3585216,(덕 다운) 벌룬 플라켓 다운 점퍼_3COLOR,0.0,0,132300,132300,132300,0,0,0.0,100.0,1,high,24.02,6,3,none,,0,https://www.musinsa.com/products/3585216
2026-09-03,예스아이씨,3589056,Quilted Camo Liner Pants Khaki,0.0,0,101400,101400,,0,,,31.53,0,low,8.3,3,1,none,,0,https://www.musinsa.com/products/3589056
2026-09-03,알리스,3591552,브리즈 데님 미니 크로스백 [워시드블랙],0.0,0,57460,57460,57460,0,0,0.0,90.18,0,low,24.23,4,1,none,,0,https://www.musinsa.com/products/3591552
2026-09-03,어반드레스,3599488,Karin Crop Jacket BLACK,0.0,0,58500,58500,58500,0,0,0.0,100.0,1,high,24.02,6,3,none,,0,https://www.musinsa.com/products/3599488
2026-09-03,어반드레스,3599552,커브드 투버튼 블레이저 차콜,0.0,0,99000,99000,99000,0,0,0.0,100.0,1,high,24.02,6,3,none,,0,https://www.musinsa.com/products/3599552
2026-09-03,시눈,3603456,SMORE PADDING BAG KEYRING (YELLOW),1.28,14507,11290,11290,11290,0,0,0.0,64.24,0,low,24.0,4,1,none,,0,https://www.musinsa.com/products/3603456
2026-09-03,오픈야드(오와이),3606912,C.S LOGO HOODIE-WHITE,0.0,0,54500,54500,,0,,,25.19,0,low,12.7,3,1,none,,0,https://www.musinsa.com/products/3606912
2026-09-03,카멜워크,3607168,스프레이 이모지 스웨트셔츠(애쉬그레이),0.0,0,14400,14400,,0,,,27.75,0,low,10.31,2,1,none,,0,https://www.musinsa.com/products/3607168
2026-09-03,레더리,3609280,인사이드 더 클로젯 니트 [IVORY],0.0,0,59400,59400,59400,0,0,0.0,90.19,0,low,24.23,4,1,none,,0,https://www.musinsa.com/products/3609280
2026-09-03,에이치덱스,3609792,워크아웃 짐 코어 벨트,0.0,0,55000,55000,55000,0,0,0.0,81.53,0,low,25.14,4,1,none,,0,https://www.musinsa.com/products/3609792
2026-09-03,로라로라,3610368,HAIRY V NECK CARDIGAN BEIGE,0.0,0,53400,53400,,0,,,27.74,0,low,10.31,2,1,none,,0,https://www.musinsa.com/products/3610368
2026-09-03,후드후드,3614336,3레이어 리플렉티브 윈드브레이커 자켓 더스트블루,0.78,52109,66960,66960,66960,0,0,0.0,81.53,0,low,25.14,4,1,none,,0,https://www.musinsa.com/products/3614336
2026-09-03,모즈모즈,3622400,엑스퍼트 아플리케 기모 투웨이 후드집업 그레이,0.0,0,54400,54400,54400,0,0,0.0,64.24,0,low,24.0,4,1,none,,0,https://www.musinsa.com/products/3622400
2026-09-03,리브레너,3623360,리본 기모 스웨츠 후디 에쉬브라운,0.0,0,31900,31900,,0,,,25.18,0,low,12.7,3,1,none,,0,https://www.musinsa.com/products/3623360
2026-09-03,퍼스텝,3628160,플라잉 홀스 바시티 자켓 네이비 JUOT4593,0.0,0,103350,103350,,0,,,9.81,0,low,7.06,2,1,none,,0,https://www.musinsa.com/products/3628160
2026-09-03,바이젝,3629632,코튼 시그니처로고 세미오버핏 반팔 티셔츠_4Color,0.0,0,36000,36000,36000,0,0,0.0,100.0,1,high,24.26,5,2,none,,0,https://www.musinsa.com/products/3629632
2026-09-03,트립르센스,3639296,베이직 모크넥 오버 니트(MAN)_카키,0.0,0,55200,55200,55200,0,0,0.0,60.65,0,low,24.0,6,2,none,,0,https://www.musinsa.com/products/3639296
2026-09-03,트리밍버드,3639424,V-neck Flare Long One-piece [ Blue Gray ],0.0,0,124500,124500,124500,0,0,0.0,100.0,1,high,24.02,6,3,none,,0,https://www.musinsa.com/products/3639424
2026-09-03,라이프워크,3641024,스페이스런 라도그램 슬라이드,0.0,0,69000,69000,,0,,,31.49,0,low,8.3,3,1,none,,0,https://www.musinsa.com/products/3641024
2026-09-03,라이프워크,3641280,벨벳 소프트 볼캡,0.0,0,41300,41300,,0,,,31.48,0,low,8.3,3,1,none,,0,https://www.musinsa.com/products/3641280
2026-09-03,드로우핏우먼,3650240,울 니트 버튼 바라클라바 [GREY],0.0,0,25920,25920,25920,0,0,0.0,100.0,1,high,23.99,7,3,none,,0,https://www.musinsa.com/products/3650240
2026-09-03,원헌드레드퍼센트,3653120,OHP X HARMONIA 햄찌히어로 베이직 헤비 후드,0.0,0,54000,54000,,0,,,9.8,0,low,7.06,2,1,none,,0,https://www.musinsa.com/products/3653120
2026-09-03,그레이버,3662208,[UNISEX]웨이브 로고 플라워 맨투맨_네이비,0.0,0,40200,40200,,0,,,31.47,0,low,8.3,3,1,none,,0,https://www.musinsa.com/products/3662208
2026-09-03,라이프워크,3675456,스퀘어 와펜 패딩 트래퍼 햇,0.0,0,48300,48300,,0,,,31.47,0,low,8.3,3,1,none,,0,https://www.musinsa.com/products/3675456
2026-09-03,바이젝,3681728,우븐 라인 머슬 브레이커 자켓,2.79,238920,85500,85500,85500,0,0,0.0,100.0,1,high,24.27,5,2,none,,0,https://www.musinsa.com/products/3681728
2026-09-03,매스노운,3688704,PENTAGRAM SHORT BEANIE MWHAC001-BK,0.0,0,35100,35100,,0,,,18.45,0,low,6.28,2,1,none,,0,https://www.musinsa.com/products/3688704
2026-09-03,원헌드레드퍼센트,3691072,OHP X HARMONIA 페인팅프로그 기모 맨투맨,0.0,0,54000,54000,,0,,,9.79,0,low,7.06,2,1,none,,0,https://www.musinsa.com/products/3691072
2026-09-03,미니멀프로젝트,3702400,미니멀 헤비 다운패딩 MPJ106 [KHAKI],0.0,0,228000,228000,,0,,,27.73,0,low,10.31,2,1,none,,0,https://www.musinsa.com/products/3702400
2026-09-03,러브이즈트루,3706816,XM TREE CHRISTMAS STOCKING(NAVY),0.0,0,11560,11560,11560,0,0,0.0,60.66,0,low,24.0,6,2,none,,0,https://www.musinsa.com/products/3706816
2026-09-03,트리밍버드,3709760,Half-And-Half Collar Shirt One-Piece [ Black ],0.0,0,139500,139500,139500,0,0,0.0,100.0,1,high,24.02,6,3,none,,0,https://www.musinsa.com/products/3709760
2026-09-03,라이크더모스트,3711744,오리지널리티 모스트 후디 4colors,0.0,0,29900,29900,,0,,,18.45,0,low,6.28,2,1,none,,0,https://www.musinsa.com/products/3711744
2026-09-03,원헌드레드퍼센트,3716096,OHP 기모 맨투맨+후드+조거팬츠 SET 2colors,0.0,0,138000,138000,,0,,,9.78,0,low,7.06,2,1,none,,0,https://www.musinsa.com/products/3716096
2026-09-03,원헌드레드퍼센트,3726336,OHP X DREAMDAY 남친룩테디 기모 맨투맨,0.0,0,54000,54000,,0,,,9.78,0,low,7.06,2,1,none,,0,https://www.musinsa.com/products/3726336
2026-09-03,슈퍼서브,3727680,[SET] THUNDER 브러쉬드 니트 2PACK,0.0,0,89900,89900,89900,0,0,0.0,81.55,0,low,25.15,4,1,none,,0,https://www.musinsa.com/products/3727680
2026-09-03,어나더오피스,3728000,Kurt Mohair Cardigan (Charcoal),0.0,0,161200,161200,161200,0,0,0.0,81.55,0,low,24.02,5,3,none,,0,https://www.musinsa.com/products/3728000
2026-09-03,노드유,3731392,모던 트러커 자켓 [브라운],0.0,0,95400,95400,,0,,,31.46,0,low,8.3,3,1,none,,0,https://www.musinsa.com/products/3731392
2026-09-03,트립르센스,3732672,투톤 믹스 케이블 니트_차콜,0.0,0,91200,91200,91200,0,0,0.0,60.67,0,low,24.0,6,2,none,,0,https://www.musinsa.com/products/3732672
2026-09-03,썸플레이스,3748288,그라데이션 스트라이프 오버핏 라운드 니트 [그레이],0.0,0,47900,47900,,0,,,25.17,0,low,12.7,3,1,none,,0,https://www.musinsa.com/products/3748288
2026-09-03,원헌드레드퍼센트,3753024,OHP X HARMONIA 타이거스트릿 기모 후드,0.0,0,57500,57500,,0,,,9.77,0,low,7.06,2,1,none,,0,https://www.musinsa.com/products/3753024
2026-09-03,그레이버,3755072,[UNISEX]멀티 클로버 스마일 드로잉 맨투맨_블랙,0.0,0,46900,46900,,0,,,31.45,0,low,8.3,3,1,none,,0,https://www.musinsa.com/products/3755072
2026-09-03,엘엠씨,3757632,S OG HOODIE heather gray,0.0,0,79200,79200,,0,,,18.44,0,low,6.28,2,1,none,,0,https://www.musinsa.com/products/3757632
2026-09-03,라이크더모스트,3761664,소프트 LTMT 오버 후디(블랙),0.0,0,29900,29900,,0,,,18.44,0,low,6.28,2,1,none,,0,https://www.musinsa.com/products/3761664
2026-09-03,와르,3767424,M160 스트레이트 데님 팬츠 [숏기장 추가],0.0,0,50190,50190,50190,0,0,0.0,100.0,1,high,23.98,6,3,none,,0,https://www.musinsa.com/products/3767424
2026-09-03,비터셀즈,3767488,릴리 오버핏 셔츠-핑크,0.0,0,43200,43200,43200,0,0,0.0,90.24,0,low,24.24,4,1,none,,0,https://www.musinsa.com/products/3767488
2026-09-03,그레이버,3768832,[UNISEX]소스 스마일 드로잉 맨투맨_그레이,0.0,0,40200,40200,,0,,,31.45,0,low,8.3,3,1,none,,0,https://www.musinsa.com/products/3768832
2026-09-03,커버낫,3773888,레트로 레터링 맨투맨 네이비,0.0,0,44550,44550,44550,0,0,0.0,100.0,1,high,24.27,5,2,none,,0,https://www.musinsa.com/products/3773888
2026-09-03,그레이버,3776256,[UNISEX]스몰 구름 드로잉스마일 맨투맨_블랙,0.0,0,38400,38400,,0,,,31.44,0,low,8.3,3,1,none,,0,https://www.musinsa.com/products/3776256
2026-09-03,나이스고스트클럽,3776768,EVEN THE DEVIL KNIT HOODIE_BEIGE(NG2ESUK610A),0.0,0,59400,59400,59400,0,0,0.0,60.68,0,low,24.0,6,2,none,,0,https://www.musinsa.com/products/3776768
2026-09-03,마하그리드,3778688,FATIGUE ZIP DENIM PANT BLACK(MG2ESMD111A),0.0,0,59000,59000,,0,,,25.17,0,low,12.7,3,1,none,,0,https://www.musinsa.com/products/3778688
2026-09-03,무드인사이드 우먼,3783104,(woman) 푸퍼 크롭 숏패딩_Gray,0.0,0,49900,49900,49900,0,0,0.0,100.0,1,high,24.27,5,2,none,,0,https://www.musinsa.com/products/3783104
2026-09-03,맥우드건,3784320,조거 7723 카펜터 와이드핏 기모 다크미디움인디고 데님 조거팬츠,0.0,0,29700,29700,,0,,,31.44,0,low,8.3,3,1,none,,0,https://www.musinsa.com/products/3784320
2026-09-03,더뮤지엄비지터,3786304,HEART METAL NYLON PANTS (BLACK),0.0,0,124200,124200,124200,0,0,0.0,100.0,1,high,23.98,6,3,none,,0,https://www.musinsa.com/products/3786304
2026-09-03,엘무드,3788288,코코보이 울 테일러드 자켓 블랙,0.39,52791,134200,134200,134200,0,0,0.0,100.0,1,high,24.27,5,2,none,,0,https://www.musinsa.com/products/3788288
2026-09-03,아메스 월드와이드,3788800,07 MESSAGE SWEATSHIRT OATMEAL,0.0,0,22800,22800,22800,0,0,0.0,90.25,0,low,24.24,4,1,none,,0,https://www.musinsa.com/products/3788800
2026-09-03,카비시,3790336,W RAGLAN BROTHERS SWEATSHIRT BROWN(CV2ESFM445A),0.0,0,32000,32000,,0,,,18.42,0,low,6.28,2,1,none,,0,https://www.musinsa.com/products/3790336
2026-09-03,카비시,3790400,GUITAR OPENER KEYRING SILVER(CV2ESUAB65A),0.0,0,19040,19040,,0,,,18.42,0,low,6.28,2,1,none,,0,https://www.musinsa.com/products/3790400
2026-09-03,지프,3792768,체로키 프린팅 후드 티셔츠 (JP5THU834IV),0.0,0,38900,38900,,0,,,31.43,0,low,8.3,3,1,none,,0,https://www.musinsa.com/products/3792768
2026-09-03,가까이유니언즈,3794432,원턱 와이드 스웨트 카고팬츠 그레이,0.64,25643,39900,39900,39900,0,0,0.0,100.0,1,high,24.0,5,2,none,,0,https://www.musinsa.com/products/3794432
2026-09-03,어반드레스,3794880,Atlantis Chic Crop Varsity Jacket BLACK,0.0,0,74000,74000,74000,0,0,0.0,100.0,1,high,24.02,6,3,none,,0,https://www.musinsa.com/products/3794880
2026-09-03,가까이유니언즈,3796288,원턱 스냅 벌룬 팬츠 차콜,0.0,0,39200,39200,39200,0,0,0.0,100.0,1,high,24.0,5,2,none,,0,https://www.musinsa.com/products/3796288
2026-09-03,와이케이,3800832,말티즈 아카이브 래글런 롱슬리브 티셔츠 민트,0.0,0,44250,44250,44250,0,0,0.0,60.69,0,low,24.0,6,2,none,,0,https://www.musinsa.com/products/3800832
2026-09-03,커버낫,3801152,워싱 데님 레귤러 팬츠 블루,0.0,0,44500,44500,44500,0,0,0.0,100.0,1,high,24.27,5,2,none,,0,https://www.musinsa.com/products/3801152
2026-09-03,커버낫,3801216,보더콜리 엠블럼 후디 헤더 그레이,0.0,0,49500,49500,49500,0,0,0.0,100.0,1,high,24.27,5,2,none,,0,https://www.musinsa.com/products/3801216
2026-09-03,알리스,3801664,수피마 엠브로이더리 베이직 로고 긴팔 티셔츠 [블랙],0.0,0,35530,35530,35530,0,0,0.0,90.26,0,low,24.24,4,1,none,,0,https://www.musinsa.com/products/3801664
2026-09-03,파브레가,3801792,바레나 포켓 치노 자켓 (다크 세이지),0.0,0,167400,167400,167400,0,0,0.0,81.59,0,low,25.15,4,1,none,,0,https://www.musinsa.com/products/3801792
2026-09-03,러프사이드,3805056,Oversized Sweat Shirt Graphite,0.0,0,98000,98000,98000,0,0,0.0,64.26,0,low,24.0,4,1,none,,0,https://www.musinsa.com/products/3805056
2026-09-03,그레이버,3808576,[UNISEX]플라워 하트 하프스마일 자수 후드티_네이비,0.0,0,48000,48000,,0,,,31.42,0,low,8.3,3,1,none,,0,https://www.musinsa.com/products/3808576
2026-09-03,레이브,3809984,Dimple Large Nylon in Grey UF4SB038-12,0.0,0,71100,71100,,0,,,9.74,0,low,7.06,2,1,none,,0,https://www.musinsa.com/products/3809984
2026-09-03,세컨모놀로그,3812096,(TIE SET)Side Slit Oversized Cotton Shirt [8 color]_SESH008,2.59,141086,54544,58500,45500,1,13000,28.57,100.0,1,medium,24.27,10,2,none,,0,https://www.musinsa.com/products/3812096
2026-09-03,디스이즈네버댓,3812544,T-Logo Short Beanie Purple,0.0,0,14000,14000,14000,0,0,0.0,100.0,1,high,24.27,5,2,none,,0,https://www.musinsa.com/products/3812544
2026-09-03,디스이즈네버댓,3812608,THAT Hands W Tee Off Black,0.0,0,18000,18000,18000,0,0,0.0,100.0,1,high,24.27,5,2,none,,0,https://www.musinsa.com/products/3812608
2026-09-03,디스이즈네버댓,3812672,Satin Jacket Navy,0.6,50685,84500,84500,84500,0,0,0.0,100.0,1,high,24.27,5,2,none,,0,https://www.musinsa.com/products/3812672
2026-09-03,데케트,3814976,Dawn Cropped Tapered Jeans DCPT001Blue,0.0,0,24800,24800,24800,0,0,0.0,90.27,0,low,24.24,4,1,none,,0,https://www.musinsa.com/products/3814976
2026-09-03,세터,3816192,빈티지 캐쥬얼 아플리케 볼캡 베이지,0.0,0,69000,69000,69000,0,0,0.0,64.27,0,low,24.0,4,1,none,,0,https://www.musinsa.com/products/3816192
2026-09-03,유니폼브릿지,3822592,argyle collar knit cardigan brick,0.0,0,39800,39800,39800,0,0,0.0,100.0,1,high,23.98,6,3,none,,0,https://www.musinsa.com/products/3822592
2026-09-03,아이돈워너셀,3823104,Balloon Wide Denim Pants Brown,0.0,0,59500,59500,59500,0,0,0.0,100.0,1,high,24.27,5,2,none,,0,https://www.musinsa.com/products/3823104
2026-09-03,플랙,3825344,릴렉스 스트레이트 데님팬츠 M16 그라데이션 블루,0.0,0,89000,89000,89000,0,0,0.0,100.0,1,high,24.27,5,2,none,,0,https://www.musinsa.com/products/3825344
2026-09-03,유라고,3825920,Kid-mohair knit muffler set,0.0,0,87400,87400,87400,0,0,0.0,64.27,0,low,24.0,4,1,none,,0,https://www.musinsa.com/products/3825920
2026-09-03,유라고,3825984,Sheer layered wrap skirt,0.0,0,40280,40280,40280,0,0,0.0,64.27,0,low,24.0,4,1,none,,0,https://www.musinsa.com/products/3825984
2026-09-03,그레이버,3829440,[UNISEX]옐로우 오드플라워 자수 후드티_네이비,0.0,0,48000,48000,,0,,,31.41,0,low,8.3,3,1,none,,0,https://www.musinsa.com/products/3829440
2026-09-03,드로우핏,3830016,워시드 오피서 치노 팬츠 [BLACK],0.0,0,59400,59400,59400,0,0,0.0,81.6,0,low,25.15,4,1,none,,0,https://www.musinsa.com/products/3830016
2026-09-03,노앙,3830400,LINEN OVERFIT FRINGE JACKET IVORY,0.0,0,262800,262800,,0,,,18.4,0,low,6.27,2,1,none,,0,https://www.musinsa.com/products/3830400
2026-09-03,라티젠,3830592,L9 BUCKLE BOOTCUT PANTS(CHARCOAL),0.0,0,72000,72000,,0,,,27.68,0,low,10.31,2,1,none,,0,https://www.musinsa.com/products/3830592
2026-09-03,쿠어,3833408,페이퍼 버튼다운 셔츠 (라이트블루그레이),0.0,0,94500,94500,94500,0,0,0.0,64.28,0,low,24.0,4,1,none,,0,https://www.musinsa.com/products/3833408
2026-09-03,엘엠씨,3833664,RESORT MESH KNIT SWEATER light green,0.0,0,77400,77400,,0,,,18.4,0,low,6.27,2,1,none,,0,https://www.musinsa.com/products/3833664
2026-09-03,키르시,3833856,유스호스텔 그래픽 모달 후드 [블랙],0.0,0,39500,39500,39500,0,0,0.0,100.0,1,high,24.27,5,2,none,,0,https://www.musinsa.com/products/3833856
2026-09-03,예스아이씨,3836224,Y.E.S Tulrexx Sweatshirt Light Grey,0.0,0,50400,50400,,0,,,31.41,0,low,8.3,3,1,none,,0,https://www.musinsa.com/products/3836224
2026-09-03,밈더워드로브,3836736,레인시티 후드 셔츠_삭스 블루,0.0,0,87200,87200,,0,,,18.4,0,low,6.27,2,1,none,,0,https://www.musinsa.com/products/3836736
2026-09-03,본투윈,3837248,SPARKLING B RIBBED T-SHIRTS [MELANGE GREY],0.0,0,54000,54000,,0,,,27.68,0,low,10.31,2,1,none,,0,https://www.musinsa.com/products/3837248
2026-09-03,노이어,3839616,클래식 스트레이트 데님 팬츠 (그레이),0.0,0,81700,81700,81700,0,0,0.0,100.0,1,high,24.02,6,3,none,,0,https://www.musinsa.com/products/3839616
2026-09-03,노이어,3839680,마이크로 리브드 스퀘어넥 하프 니트 (블랙),0.0,0,59500,59500,59500,0,0,0.0,100.0,1,high,24.02,6,3,none,,0,https://www.musinsa.com/products/3839680
2026-09-03,노이어,3839872,테슬 위빙 레더 벨트 (브라운),0.0,0,46800,46800,46800,0,0,0.0,100.0,1,high,24.02,6,3,none,,0,https://www.musinsa.com/products/3839872
2026-09-03,유니폼브릿지,3840832,3pocket wind jacket navy,0.0,0,59710,59710,59710,0,0,0.0,100.0,1,high,23.98,6,3,none,,0,https://www.musinsa.com/products/3840832
2026-09-03,그레이버,3841984,[UNISEX]TWO 드로잉 라인 플라워 후드집업_그레이,0.0,0,53400,53400,,0,,,31.4,0,low,8.3,3,1,none,,0,https://www.musinsa.com/products/3841984
2026-09-03,몽돌,3842816,사이드 셔링 메쉬 롱슬리브 아이보리 MDTS061IVORY,3.28,55291,16840,16840,16840,0,0,0.0,100.0,1,high,23.98,18,5,none,,0,https://www.musinsa.com/products/3842816
2026-09-03,엘무드,3842880,벌키 크루 라운드 니트 가디건,0.0,0,63900,63900,63900,0,0,0.0,100.0,1,high,24.27,5,2,none,,0,https://www.musinsa.com/products/3842880
2026-09-03,엘무드,3843072,ROCK A BILLY 슬러브 스쿱넥 하프 티셔츠,0.0,0,26100,26100,26100,0,0,0.0,100.0,1,high,24.27,5,2,none,,0,https://www.musinsa.com/products/3843072
2026-09-03,와이케이,3844224,컷아웃 오버핏 블레이저 그레이,0.0,0,71550,71550,71550,0,0,0.0,60.71,0,low,24.0,6,2,none,,0,https://www.musinsa.com/products/3844224
2026-09-03,와이케이,3844288,마린 아플리케 빈티지 맨투맨 네이비,0.0,0,51350,51350,51350,0,0,0.0,60.71,0,low,24.0,6,2,none,,0,https://www.musinsa.com/products/3844288
2026-09-03,마하그리드,3845312,DENIM CROSS BAG BLUE(MG2ESMAB51A),0.0,0,55300,55300,,0,,,25.13,0,low,12.7,3,1,none,,0,https://www.musinsa.com/products/3845312
2026-09-03,원헌드레드퍼센트,3846144,OHP X HARMONIA b스켈레톤 웨이트 세미오버 반팔티셔츠,0.0,0,37100,37100,,0,,,9.71,0,low,7.06,2,1,none,,0,https://www.musinsa.com/products/3846144
2026-09-03,에이치덱스,3852608,우먼스 짐홀릭 래글런 롱 슬리브 (Charcoal),0.0,0,40740,40740,40740,0,0,0.0,81.62,0,low,25.15,4,1,none,,0,https://www.musinsa.com/products/3852608
2026-09-03,그레이버,3854912,[UNISEX]TYL 스몰 플라워 도트 스마일 후드티_그레이,0.0,0,48750,48750,,0,,,31.39,0,low,8.3,3,1,none,,0,https://www.musinsa.com/products/3854912
2026-09-03,더니트컴퍼니,3856256,마일드 코튼 카라 가디건 [그레이],0.0,0,58400,58400,58400,0,0,0.0,81.62,0,low,25.15,4,1,none,,0,https://www.musinsa.com/products/3856256
2026-09-03,미니멀프로젝트,3856576,케이블 라운드 쿨 드라이 반팔 니트 MNT111 / 6color,0.0,0,39040,39040,,0,,,27.67,0,low,10.31,2,1,none,,0,https://www.musinsa.com/products/3856576
2026-09-03,나이스고스트클럽,3857600,FFATS DRESS CODE BIG BIG SHIRT_WHITE(NG2ESUW302A),0.0,0,51600,51600,51600,0,0,0.0,60.72,0,low,24.0,6,2,none,,0,https://www.musinsa.com/products/3857600
2026-09-03,더엣지,3859776,개버딘 집업 베스트,0.0,0,44910,44910,,0,,,25.12,0,low,12.7,3,1,none,,0,https://www.musinsa.com/products/3859776
2026-09-03,카네이테이,3861056,AIRPODS CASE (GRAY) / UPCYCLED,0.0,0,29000,29000,29000,0,0,0.0,100.0,1,high,23.98,6,3,none,,0,https://www.musinsa.com/products/3861056
2026-09-03,뚜오미오,3863424,LOGO BABY T-SHIRTS [CHARCOAL],0.0,0,21200,21200,,0,,,18.37,0,low,6.27,2,1,none,,0,https://www.musinsa.com/products/3863424
2026-09-03,커버낫,3864384,서클 C 카라 티셔츠 화이트,0.0,0,35550,35550,35550,0,0,0.0,100.0,1,high,24.28,5,2,none,,0,https://www.musinsa.com/products/3864384
2026-09-03,프리즘웍스,3870080,DENIM ZIP UP WORK JACKET _ LIGHT BLUE,0.0,0,74000,74000,74000,0,0,0.0,100.0,1,high,24.02,6,3,none,,0,https://www.musinsa.com/products/3870080
2026-09-03,프리즘웍스,3870144,OG PIGMENT DYEING HOODY 002 _ BURGUNDY,0.0,0,80100,80100,80100,0,0,0.0,100.0,1,high,24.02,6,3,none,,0,https://www.musinsa.com/products/3870144
2026-09-03,르바,3870912,Tweed Jacquard Sleeveless Knit Top - Natural,0.0,0,116430,116430,116430,0,0,0.0,81.63,0,low,25.15,4,1,none,,0,https://www.musinsa.com/products/3870912
2026-09-03,르바,3871040,Layered Long Sleeve T-shirt - Light mint,0.0,0,46800,46800,46800,0,0,0.0,81.63,0,low,25.15,4,1,none,,0,https://www.musinsa.com/products/3871040
2026-09-03,로라로라,3871552,NEW RORABBIT BLACK,0.0,0,25200,25200,,0,,,27.66,0,low,10.31,2,1,none,,0,https://www.musinsa.com/products/3871552
2026-09-03,쿠어,3871872,가먼트 워시드 몰스킨 원 턱 치노 팬츠 (그레이시그린),0.0,0,153000,153000,153000,0,0,0.0,64.29,0,low,24.0,4,1,none,,0,https://www.musinsa.com/products/3871872
2026-09-03,라이크더모스트,3874112,모스트1992 로고 레귤러핏 슬리브티셔츠 [화이트],0.0,0,19900,19900,,0,,,18.36,0,low,6.27,2,1,none,,0,https://www.musinsa.com/products/3874112
2026-09-03,그레이버,3874176,[UNISEX]스몰 구름 드로잉스마일 후드티_그레이,0.0,0,45000,45000,,0,,,31.36,0,low,8.3,2,1,none,,0,https://www.musinsa.com/products/3874176
2026-09-03,프렌다,3875904,PDC UNIFORM SEE THROUGH LAYERED SLEEVE CHARCOAL,0.0,0,15600,15600,19000,1,-3400,-17.89,100.0,1,medium,23.99,7,3,none,,0,https://www.musinsa.com/products/3875904
2026-09-03,라이프워크,3876288,여성) 브리즈 셔링 롱 스커트,0.0,0,49000,49000,,0,,,31.36,0,low,8.3,2,1,none,,0,https://www.musinsa.com/products/3876288
2026-09-03,앤더슨벨,3880960,(에센셜 컷아웃 레이싱 티셔츠 atb1097w(KHAKI),0.0,0,108000,108000,,0,,,31.36,0,low,8.3,2,1,none,,0,https://www.musinsa.com/products/3880960
2026-09-03,토마스모어,3881152,프렌치 스트라이프 셔츠-네이비,2.39,142599,59700,59700,59700,0,0,0.0,100.0,1,high,8.06,25,8,none,,0,https://www.musinsa.com/products/3881152
2026-09-03,팬시클럽,3888000,[NF] 슬로프 볼레로 가디건 (MELANGE GRAY)_F24QB271,0.0,0,24640,24640,,0,,,25.11,0,low,12.7,3,1,none,,0,https://www.musinsa.com/products/3888000
2026-09-03,배드블러드,3888576,비욘드 소프트 컷아웃 후드 - 블랙,50.0,4240000,84800,84800,84800,0,0,0.0,100.0,1,high,24.02,11,6,none,,0,https://www.musinsa.com/products/3888576
2026-09-03,내셔널지오그래픽,3889664,아델리 경량 우븐 스트레치 반팔 아노락 LICHEN KHAKI,0.0,0,63600,63600,,0,,,25.11,0,low,12.7,3,1,none,,0,https://www.musinsa.com/products/3889664
2026-09-03,플랙,3891264,슈팅 슬림 스트레이트 데님팬츠 M30 라이트 블루,0.0,0,79000,79000,79000,0,0,0.0,100.0,1,high,24.28,5,2,none,,0,https://www.musinsa.com/products/3891264
2026-09-03,마하그리드,3892544,DEAD POINT STRIPED TEE BLUE(MG2EMMT524A),0.0,0,24500,24500,,0,,,25.11,0,low,12.7,3,1,none,,0,https://www.musinsa.com/products/3892544
2026-09-03,트립르센스,3892864,[세트]베이직 유넥 실켓 코튼 긴팔티,0.0,0,73800,73800,73800,0,0,0.0,60.73,0,low,24.0,6,2,none,,0,https://www.musinsa.com/products/3892864
2026-09-03,트립르센스,3892992,스티치 플레이드 체크 셔츠_브라운,0.0,0,41000,41000,41000,0,0,0.0,60.73,0,low,24.0,6,2,none,,0,https://www.musinsa.com/products/3892992
2026-09-03,라이크더모스트,3893376,엑스레이 그래픽 나비 오버 후디 [화이트멜란지],0.0,0,9900,9900,,0,,,18.36,0,low,6.27,2,1,none,,0,https://www.musinsa.com/products/3893376
2026-09-03,에이치덱스,3894144,B.Y.E 프로틴 컨테이너 M,0.0,0,9500,9500,9500,0,0,0.0,81.64,0,low,25.15,4,1,none,,0,https://www.musinsa.com/products/3894144
2026-09-03,트립르센스,3895296,[유튜버 PICK] 커스텀 포멀 스트레이트 슬랙스_그레이,0.0,0,60300,60300,60300,0,0,0.0,60.73,0,low,24.0,6,2,none,,0,https://www.musinsa.com/products/3895296
2026-09-03,인사일런스우먼,3902080,포우 레더 버뮤다 팬츠 WASHED BROWN,0.0,0,86800,86800,86800,0,0,0.0,100.0,1,high,24.02,7,3,none,,0,https://www.musinsa.com/products/3902080
2026-09-03,그레이버,3904640,[UNISEX]베이스볼 로고 자수 스트라이프 카라 니트_그린,0.0,0,25510,25510,,0,,,31.35,0,low,8.3,2,1,none,,0,https://www.musinsa.com/products/3904640
2026-09-03,커버낫,3904960,드로잉 스트라이프 하프 셔츠 옐로우,0.0,0,39500,39500,39500,0,0,0.0,100.0,1,high,24.28,5,2,none,,0,https://www.musinsa.com/products/3904960
2026-09-03,커버낫,3905024,크로셰 카라 하프 니트 블랙,0.0,0,44550,44550,44550,0,0,0.0,100.0,1,high,24.28,5,2,none,,0,https://www.musinsa.com/products/3905024
2026-09-03,마인드브릿지,3905472,두굿_[쿨]오버핏쿨맥스자켓 - 2color MAJK3102,0.0,0,159000,159000,159000,0,0,0.0,90.32,0,low,24.25,4,1,none,,0,https://www.musinsa.com/products/3905472
2026-09-03,디키즈,3909184,헌든 데님재킷 White,0.0,0,72900,72900,,0,,,18.36,0,low,6.27,2,1,none,,0,https://www.musinsa.com/products/3909184
2026-09-03,비디알,3912128,Lot 303 HBT DOUBLE KNEE PANTS [Vintage Indigo],0.0,0,179550,179550,,0,,,9.68,0,low,7.06,2,1,none,,0,https://www.musinsa.com/products/3912128
2026-09-03,시야쥬,3918784,SITP5143 오버핏 노블 셔츠_Light pink,0.0,0,83390,83390,83390,0,0,0.0,100.0,1,high,24.29,5,2,none,,0,https://www.musinsa.com/products/3918784
2026-09-03,엠엠엘지,3923136,[Mmlg] VACATION HF-SHIRT (CREAM),0.0,0,59500,59500,,0,,,31.34,0,low,8.3,2,1,none,,0,https://www.musinsa.com/products/3923136
2026-09-03,후드후드,3927424,[미누 PICK] 스페이스 크래프트 반팔티셔츠 블랙,0.0,0,29400,29400,29400,0,0,0.0,81.65,0,low,25.16,4,1,none,,0,https://www.musinsa.com/products/3927424
2026-09-03,예스아이씨,3928896,Strata 5-Penel Cap Black,0.0,0,29400,29400,,0,,,31.34,0,low,8.3,2,1,none,,0,https://www.musinsa.com/products/3928896
2026-09-03,아티스트웨어,3929216,[ATW] 위크데이즈 루즈핏탑,0.0,0,39900,39900,,0,,,25.09,0,low,12.7,3,1,none,,0,https://www.musinsa.com/products/3929216
2026-09-03,아티스트웨어,3933824,[ATW X 마더버드] 넥서스 피그먼트 후드,0.0,0,76300,76300,,0,,,25.09,0,low,12.7,3,1,none,,0,https://www.musinsa.com/products/3933824
2026-09-03,킴지수,3934912,Neck Shirring Hooded Windbreaker _ BLACK,0.0,0,166600,166600,,0,,,9.67,0,low,7.06,2,1,none,,0,https://www.musinsa.com/products/3934912
2026-09-03,더콜디스트모먼트,3936768,TCM vintage shrimp pants (charcoal),0.0,0,69500,69500,,0,,,25.09,0,low,12.7,3,1,none,,0,https://www.musinsa.com/products/3936768
2026-09-03,파르티멘토 우먼,3937600,쉬어 레이스 저지 후디 드레스_스카이,0.0,0,78480,78480,88290,1,-9810,-11.11,90.34,0,low,24.25,4,1,none,,0,https://www.musinsa.com/products/3937600
2026-09-03,키르시,3940544,스몰 체리 스탠다드 니트 가디건 [스카이],0.0,0,44500,44500,44500,0,0,0.0,100.0,1,high,24.29,5,2,none,,0,https://www.musinsa.com/products/3940544
2026-09-03,언노운플라넷,3941504,웨스턴 워싱 데님 셔츠 샌드 블루,0.0,0,49800,49800,,0,,,9.66,0,low,7.05,2,1,none,,0,https://www.musinsa.com/products/3941504
2026-09-03,바우프,3941632,B STAR 카고 팬츠 [카모],0.0,0,81750,81750,81750,0,0,0.0,81.66,0,low,25.16,4,1,none,,0,https://www.musinsa.com/products/3941632
2026-09-03,내셔널지오그래픽,3945344,N242UFT940 아델리 경량 우븐 스트레치 긴팔 아노락 LICHEN KHAKI,0.0,0,94500,94500,,0,,,25.09,0,low,12.7,3,1,none,,0,https://www.musinsa.com/products/3945344
2026-09-03,라이프워크,3948800,트윌 스퀘어와펜 볼캡,0.0,0,59000,59000,,0,,,31.32,0,low,8.3,2,1,none,,0,https://www.musinsa.com/products/3948800
2026-09-03,더니트컴퍼니,3950080,텍스처드 리브드 니트 [블랙],0.0,0,33800,33800,33800,0,0,0.0,81.66,0,low,25.16,4,1,none,,0,https://www.musinsa.com/products/3950080
2026-09-03,토마스모어,3961536,피마 트윌 셔츠-라이첸블루,0.0,0,73500,73500,73500,0,0,0.0,60.75,0,low,24.0,6,2,none,,0,https://www.musinsa.com/products/3961536
2026-09-03,케이엔드,3962112,루즈핏 타이거 카모 퍼티그 팬츠,0.0,0,75600,75600,,0,,,18.33,0,low,6.27,2,1,none,,0,https://www.musinsa.com/products/3962112
2026-09-03,더블유엠씨,3962432,스트링 럭색_IVORY,0.0,0,24500,24500,24500,0,0,0.0,60.75,0,low,24.0,6,2,none,,0,https://www.musinsa.com/products/3962432
2026-09-03,마인드브릿지,3962944,수피마_레터링세미오버핏티셔츠 - 2color MYTS3101,0.0,0,24900,24900,24900,0,0,0.0,90.35,0,low,24.25,4,1,none,,0,https://www.musinsa.com/products/3962944
2026-09-03,나이스고스트클럽,3968704,DEVIL ANGEL SKELETON TEE_GREEN(NG2EMUT535A),0.0,0,17550,17550,17550,0,0,0.0,60.75,0,low,24.0,6,2,none,,0,https://www.musinsa.com/products/3968704
2026-09-03,커버낫,3972928,플라워 베이스 티셔츠 아이보리,0.0,0,20250,20250,20250,0,0,0.0,100.0,1,high,24.29,5,2,none,,0,https://www.musinsa.com/products/3972928
2026-09-03,언탭트스튜디오,3973632,[6PACK]퓨어코튼 24수  롱기장 레이어드 반팔 티셔츠,0.72,28526,39650,39650,39650,0,0,0.0,100.0,1,high,24.0,7,3,none,,0,https://www.musinsa.com/products/3973632
2026-09-03,파르티멘토 우먼,3973696,와이드 버클 스트랩 키튼 힐_네이비,0.0,0,214400,214400,241200,1,-26800,-11.11,90.35,0,low,24.25,4,1,none,,0,https://www.musinsa.com/products/3973696
2026-09-03,엠엘비,3975296,빅볼청키 마스크 메리제인 BOS (Lavender),0.0,0,80100,80100,,0,,,27.64,0,low,10.31,2,1,none,,0,https://www.musinsa.com/products/3975296
2026-09-03,스키즘 인듀싱,3982208,"FAKE REWORKED TANK TOP, WHITE",0.0,0,40800,40800,40800,0,0,0.0,100.0,1,high,24.02,6,3,none,,0,https://www.musinsa.com/products/3982208
2026-09-03,드로우핏우먼,3984000,수피마 실켓 크루넥 반팔 티셔츠 [BLACK],0.74,17068,23043,22640,23760,1,-1120,-4.71,100.0,1,medium,23.99,7,3,none,,0,https://www.musinsa.com/products/3984000
2026-09-03,어반에이지,3985408,Waterproof 에션셜 숏 팬츠_카키,0.0,0,21800,21800,,0,,,27.63,0,low,10.31,2,1,none,,0,https://www.musinsa.com/products/3985408
2026-09-03,어반에이지,3985920,Take it Funny Pet 오버 반팔_차콜,0.0,0,16800,16800,,0,,,27.63,0,low,10.31,2,1,none,,0,https://www.musinsa.com/products/3985920
2026-09-03,브룩스 브라더스,3988416,린넨 벨티드 셔츠 원피스 (화이트) (BBDZWM7128AES),0.0,0,179500,179500,179500,0,0,0.0,60.75,0,low,24.0,6,2,none,,0,https://www.musinsa.com/products/3988416
2026-09-03,마인드브릿지,3989376,루즈핏풀밴딩하프팬츠 - 2color MYHP3110,0.0,0,29900,29900,29900,0,0,0.0,90.36,0,low,24.25,4,1,none,,0,https://www.musinsa.com/products/3989376
2026-09-03,라이크더모스트,3990016,어웨이 엘티엠 라운드 오버 티셔츠_블랙,0.0,0,19900,19900,,0,,,18.32,0,low,6.26,2,1,none,,0,https://www.musinsa.com/products/3990016
2026-09-03,어반드레스,3993408,Bang Bang Cap - 6COL,0.0,0,19900,19900,19900,0,0,0.0,100.0,1,high,24.02,6,3,none,,0,https://www.musinsa.com/products/3993408
2026-09-03,그레이버,3994816,[UNISEX]클로버 GRAVEROF 아치 로고 베이직 셔츠_스카이블루,0.0,0,39900,39900,,0,,,31.3,0,low,8.3,2,1,none,,0,https://www.musinsa.com/products/3994816
2026-09-03,시눈,3997760,Eyelet Blouse (White),0.0,0,64520,64520,64520,0,0,0.0,64.32,0,low,24.0,4,1,none,,0,https://www.musinsa.com/products/3997760
2026-09-03,아웃스탠딩,4000064,SEERSUCKER GUAYABERA CUBA HALF SHIRT_BROWN,0.0,0,75600,75600,75600,0,0,0.0,85.81,0,low,13.97,6,2,none,,0,https://www.musinsa.com/products/4000064
2026-09-03,썬러브투어,4001728,Breath Golf Cargo Pants Grey,0.0,0,107600,107600,88240,1,19360,21.94,100.0,1,medium,23.99,7,3,none,,0,https://www.musinsa.com/products/4001728
2026-09-03,로라로라,4002368,VINTAGE NOUVELLE LOGO HALF T-SHIRT IVORY,0.0,0,30100,30100,,0,,,27.62,0,low,10.31,2,1,none,,0,https://www.musinsa.com/products/4002368
2026-09-03,넌블랭크,4003712,[여름]스트라이프 하프 티셔츠_MELANGE GREY,0.0,0,47840,47840,47840,0,0,0.0,60.76,0,low,24.0,6,2,none,,0,https://www.musinsa.com/products/4003712
2026-09-03,슬로우애시드,4004416,앙드레김 X 슬로우애시드 버튼 그래픽 후드티셔츠 [그레이],0.0,0,69500,69500,69500,0,0,0.0,81.68,0,low,25.16,4,1,none,,0,https://www.musinsa.com/products/4004416
2026-09-03,데비웨어,4005440,뉴웨이브 물결 티셔츠 DEVI-T0019-베이지,0.0,0,23370,23370,,0,,,9.63,0,low,7.05,2,1,none,,0,https://www.musinsa.com/products/4005440
2026-09-03,필루미네이트,4009024,나일론 심볼 로고 카고 팬츠-4Color,0.0,0,33000,33000,33000,0,0,0.0,60.76,0,low,24.0,6,2,none,,0,https://www.musinsa.com/products/4009024
2026-09-03,트리밍버드,4009280,Hidden Zipper Incision Jacket [ Black ],0.0,0,259000,259000,259000,0,0,0.0,100.0,1,high,24.02,6,3,none,,0,https://www.musinsa.com/products/4009280
2026-09-03,아틀리에나인,4010048,IRENE OUT POCKET CROP SET-UP JACKET(JK-2944),0.0,0,83400,83400,83400,0,0,0.0,100.0,1,high,24.0,5,2,none,,0,https://www.musinsa.com/products/4010048
2026-09-03,그레이버,4011904,[UNISEX]픽셀 믹스 LIKE 반팔티_블랙,0.0,0,29900,29900,,0,,,31.3,0,low,8.3,2,1,none,,0,https://www.musinsa.com/products/4011904
2026-09-03,엘리메노,4019648,EL 로즈클럽 반팔티셔츠 화이트,0.0,0,28900,28900,,0,,,18.31,0,low,6.26,2,1,none,,0,https://www.musinsa.com/products/4019648
2026-09-03,드로우핏우먼,4020992,케이블 라인 린넨 반팔 니트 [IVORY],0.0,0,41760,41760,40600,1,1160,2.86,100.0,1,medium,23.99,7,3,none,,0,https://www.musinsa.com/products/4020992
2026-09-03,드로우핏우먼,4024384,원턱 나일론 슬랙스 [WHITE],0.0,0,44640,44640,43400,1,1240,2.86,100.0,1,medium,23.99,7,3,none,,0,https://www.musinsa.com/products/4024384
2026-09-03,코드그라피,4025024,(우먼) 집업 카라 반팔 티셔츠_네이비,0.0,0,16210,16210,16210,0,0,0.0,81.7,0,low,25.16,4,1,none,,0,https://www.musinsa.com/products/4025024
2026-09-03,튜드먼트,4029440,SHIRRING LONG SKIRT BLACK,0.0,0,101760,101760,,0,,,27.61,0,low,10.31,2,1,none,,0,https://www.musinsa.com/products/4029440
2026-09-03,웬즈데이오아시스,4030464,카펜더 데님 버뮤다 팬츠(3color),0.0,0,41300,41300,41300,0,0,0.0,100.0,1,high,23.99,7,3,none,,0,https://www.musinsa.com/products/4030464
2026-09-03,엔와이엑스엑스,4036160,P.O.M SOLID PIGMENT TEE GRAY,0.0,0,24500,24500,,0,,,31.29,0,low,8.3,2,1,none,,0,https://www.musinsa.com/products/4036160
2026-09-03,그레이버,4036672,[UNISEX]TRAVEL 드로잉 반팔티_블랙,0.0,0,29900,29900,,0,,,31.29,0,low,8.3,2,1,none,,0,https://www.musinsa.com/products/4036672
2026-09-03,세컨모놀로그,4038656,키홀 포인트 자수 로고 피그먼트 팬츠 [BEIGE]_SEPT043BEIGE,0.0,0,31600,31600,31600,0,0,0.0,100.0,1,high,24.3,5,2,none,,0,https://www.musinsa.com/products/4038656
2026-09-03,제멋,4042944,포워드 오버핏 카라 반팔티셔츠 그린 OYST2559,0.0,0,28900,28900,28900,0,0,0.0,100.0,1,high,24.02,6,3,none,,0,https://www.musinsa.com/products/4042944
2026-09-03,커버낫,4044672,립스탑 카고 쇼츠 카키,0.0,0,35550,35550,35550,0,0,0.0,100.0,1,high,24.3,5,2,none,,0,https://www.musinsa.com/products/4044672
2026-09-03,그레이버,4045824,[UNISEX]도트 스마일 플라워 믹스 반팔티_블랙,0.0,0,29900,29900,,0,,,31.28,0,low,8.3,2,1,none,,0,https://www.musinsa.com/products/4045824
2026-09-03,더니트컴퍼니,4046080,코튼 린넨 릴렉스드 자켓 [블랙],0.0,0,71600,71600,71600,0,0,0.0,81.71,0,low,25.16,4,1,none,,0,https://www.musinsa.com/products/4046080
2026-09-03,엔와이엑스엑스,4053696,BASIC DENIM SKIRT BLACK WASHED,0.0,0,27600,27600,,0,,,31.28,0,low,8.3,2,1,none,,0,https://www.musinsa.com/products/4053696
2026-09-03,벤힛,4054464,Like Racing 레글런 반팔티,0.0,0,25670,25670,,0,,,18.28,0,low,6.26,2,1,none,,0,https://www.musinsa.com/products/4054464
2026-09-03,1993스튜디오,4056128,리버스 스티치 크롭 티셔츠_화이트,0.0,0,40500,40500,40500,0,0,0.0,100.0,1,high,24.3,5,2,none,,0,https://www.musinsa.com/products/4056128
2026-09-03,글로니,4060352,FRILL HIGH CUT BIKINI BOTTOM (WHITE),0.0,0,58000,58000,58000,0,0,0.0,100.0,1,high,24.02,6,3,none,,0,https://www.musinsa.com/products/4060352
2026-09-03,더바이닐하우스,4061760,TORNADO TEE RED (VH2EMUT510A),0.0,0,25200,25200,25200,0,0,0.0,100.0,1,high,24.3,5,2,none,,0,https://www.musinsa.com/products/4061760
2026-09-03,데상트,4062592,우먼즈 경량 3.5부 쇼츠 (레깅스 일체형) 카키(SP222RHP47),0.0,0,59500,59500,,0,,,31.27,0,low,8.3,2,1,none,,0,https://www.musinsa.com/products/4062592
2026-09-03,시눈,4065024,Big Unicorn Puff T-Shirt (Orange),0.0,0,26720,26720,26720,0,0,0.0,64.34,0,low,24.0,4,1,none,,0,https://www.musinsa.com/products/4065024
2026-09-03,원헌드레드퍼센트,4072960,OHPxMOAI 드라이빙 세미오버 반팔티,0.0,0,36750,36750,,0,,,9.6,0,low,7.05,2,1,none,,0,https://www.musinsa.com/products/4072960
2026-09-03,미니멀프로젝트,4073792,센시티비티 비치 반팔티셔츠 MST162 [BLACK],0.0,0,27900,27900,,0,,,27.59,0,low,10.31,2,1,none,,0,https://www.musinsa.com/products/4073792
2026-09-03,매스노운,4074752,트위그 로고 슬리브리스 나시 MSFSV001-BK,0.0,0,39900,39900,,0,,,18.27,0,low,6.26,2,1,none,,0,https://www.musinsa.com/products/4074752
2026-09-03,로우로우,4075648,R TRUNK ALUMINIUM 커버 [4size],0.0,0,35100,35100,35100,0,0,0.0,60.79,0,low,24.0,6,2,none,,0,https://www.musinsa.com/products/4075648
2026-09-03,와이케이,4077312,스트라이프 니트 베스트 핑크,0.0,0,27600,27600,27600,0,0,0.0,60.79,0,low,24.0,6,2,none,,0,https://www.musinsa.com/products/4077312
2026-09-03,브랜디드,4081216,2 PLEATS DENIM PANTS [MIDDLE BLUE],0.0,0,71100,71100,71100,0,0,0.0,81.73,0,low,25.16,4,1,none,,0,https://www.musinsa.com/products/4081216
2026-09-03,어반에이지,4084928,[2PACK] 버뮤다 카고 데님 숏 팬츠 (3COLOR),0.0,0,62000,62000,,0,,,27.58,0,low,10.31,2,1,none,,0,https://www.musinsa.com/products/4084928
2026-09-03,트래블,4087616,하트스페이스 색지 반팔티 블랙,0.0,0,19500,19500,19500,0,0,0.0,100.0,1,high,23.99,7,3,none,,0,https://www.musinsa.com/products/4087616
2026-09-03,레이지비,4091392,쿨터치 에어라이트 크롭 루즈핏 여성 집업 래쉬가드 크림베이지,0.0,0,49000,49000,,0,,,31.26,0,low,8.3,2,1,none,,0,https://www.musinsa.com/products/4091392
2026-09-03,게인스보로,4092608,레터링 믹스 코튼 볼캡_크림/네이비,0.0,0,25000,25000,,0,,,25.04,0,low,12.7,3,1,none,,0,https://www.musinsa.com/products/4092608
2026-09-03,게인스보로,4092736,[쿨코튼] 오리지날 스타로고 티셔츠_화이트/스카이블루,0.0,0,20000,20000,,0,,,25.04,0,low,12.7,3,1,none,,0,https://www.musinsa.com/products/4092736
2026-09-03,드헤베,4092864,Classic Open Collar Blouse [Black],0.0,0,75740,75740,75740,0,0,0.0,81.74,0,low,73.25,2,1,none,,0,https://www.musinsa.com/products/4092864
2026-09-03,카고브로스포우먼,4093248,블랙 부츠컷 데님팬츠 (블랙),0.0,0,56900,56900,,0,,,25.04,0,low,12.7,3,1,none,,0,https://www.musinsa.com/products/4093248
2026-09-03,프리즘웍스,4095936,STRING DENIM SHORTS _ BLACK,0.0,0,34000,34000,34000,0,0,0.0,100.0,1,high,24.02,6,3,none,,0,https://www.musinsa.com/products/4095936
2026-09-03,엄브로,4099904,시어서커 4.5부 반바지 네이비(UQ223CHP63),0.0,0,35940,35940,,0,,,9.58,0,low,7.05,2,1,none,,0,https://www.musinsa.com/products/4099904
2026-09-03,셋업이엑스이,4107520,33 SPORTY SKIRT BEIGE,0.0,0,84960,84960,,0,,,18.25,0,low,6.26,2,1,none,,0,https://www.musinsa.com/products/4107520
2026-09-03,밀로아카이브,4107712,투 포켓 데님 하프 셔츠 [블랙],0.52,36594,70400,70400,70400,0,0,0.0,90.42,0,low,23.99,7,3,none,,0,https://www.musinsa.com/products/4107712
2026-09-03,미나브,4109504,프레쉬 린넨 베이직 셔츠 [4COLOR],0.0,0,39000,39000,39000,0,0,0.0,100.0,1,high,23.99,7,3,none,,0,https://www.musinsa.com/products/4109504
2026-09-03,쿠어,4110784,오버핏 박시 티셔츠 (블랙),0.0,0,54000,54000,54000,0,0,0.0,64.35,0,low,24.0,4,1,none,,0,https://www.musinsa.com/products/4110784
2026-09-03,트릴리온,4111296,캣 브러쉬 워시드 버뮤다 데님 쇼츠 (NORMAL BLACK),0.0,0,29800,29800,29800,0,0,0.0,90.42,0,low,48.26,3,1,none,,0,https://www.musinsa.com/products/4111296
2026-09-03,다이닛,4117248,CRESCENDO GRAPHICS T-SHIRT IN WHITE,0.47,12068,25520,25520,,0,,,25.02,0,low,12.7,3,1,none,1,0,https://www.musinsa.com/products/4117248
2026-09-03,와이케이,4117824,말티즈 크루 라인 그래픽 반팔티셔츠 멜란지화이트,0.0,0,29400,29400,29400,0,0,0.0,60.8,0,low,23.99,6,2,none,,0,https://www.musinsa.com/products/4117824
2026-09-03,비바셔스,4120704,Curved Bootscut Denim Pants LIGHT BLUE,0.0,0,44000,44000,,0,,,25.02,0,low,12.7,3,1,none,,0,https://www.musinsa.com/products/4120704
2026-09-03,꼼파뇨,4120960,DTP 웨이브 돌핀 반팔티 화이트,0.0,0,32500,32500,32500,0,0,0.0,90.43,0,low,24.26,4,1,none,,0,https://www.musinsa.com/products/4120960
2026-09-03,비바셔스,4121792,History Crop T-shirt - 3COL,0.0,0,22500,22500,,0,,,25.02,0,low,12.7,3,1,none,,0,https://www.musinsa.com/products/4121792
2026-09-03,커버낫,4122560,C 로고 후디 브리티쉬 그린,0.0,0,47400,47400,47400,0,0,0.0,100.0,1,high,24.31,5,2,none,,0,https://www.musinsa.com/products/4122560
2026-09-03,원헌드레드퍼센트,4124800,OHPxHARMONIA 스시 no.2 세미오버 반팔티,0.0,0,36750,36750,,0,,,9.57,0,low,7.05,2,1,none,,0,https://www.musinsa.com/products/4124800
2026-09-03,인템포무드,4126016,쿨링 스트라이프 루즈 티셔츠 : 2컬러,0.0,0,27300,27300,27300,0,0,0.0,100.0,1,low,24.31,5,2,none,,0,https://www.musinsa.com/products/4126016
2026-09-03,엔와이엑스엑스,4128064,FADED DENIM HALF PANTS ASH BLUE,0.0,0,35600,35600,,0,,,31.23,0,low,8.3,2,1,none,,0,https://www.musinsa.com/products/4128064
2026-09-03,썸웨어버터,4131072,Cotton Collar Pendant Knit - Pink,0.0,0,109000,109000,109000,0,0,0.0,60.81,0,low,23.99,6,2,none,,0,https://www.musinsa.com/products/4131072
2026-09-03,리브레너,4132544,유니버시티 오버사이즈 쿨코튼 반팔티셔츠 화이트 블루,0.0,0,21900,21900,,0,,,25.01,0,low,12.7,3,1,none,,0,https://www.musinsa.com/products/4132544
2026-09-03,썸웨어버터,4133056,Wave logo safari hat - 4color,0.0,0,49000,49000,49000,0,0,0.0,60.81,0,low,24.0,6,2,none,,0,https://www.musinsa.com/products/4133056
2026-09-03,솔트앤초콜릿,4133696,SAC 로고 오버핏 스트라이프 셔츠 스카이블루 4W2417002,0.0,0,39760,39760,38620,1,1140,2.95,100.0,1,medium,23.98,6,3,none,,0,https://www.musinsa.com/products/4133696
2026-09-03,커버낫우먼,4133952,우먼 카라 지퍼 원피스 Light Gray,0.0,0,89400,89400,,0,,,9.56,0,low,7.05,2,1,none,,0,https://www.musinsa.com/products/4133952
2026-09-03,커버낫우먼,4134272,우먼 파이핑 컷아웃 아노락 Ivory,0.0,0,83400,83400,,0,,,9.56,0,low,7.05,2,1,none,,0,https://www.musinsa.com/products/4134272
2026-09-03,커버낫우먼,4134336,우먼 아치 클로버하트 티셔츠 Light Yellow,0.0,0,31500,31500,,0,,,9.56,0,low,7.05,2,1,none,,0,https://www.musinsa.com/products/4134336
2026-09-03,커버낫우먼,4134528,우먼 라운드 부클 반팔 니트 Navy,0.0,0,62300,62300,,0,,,9.55,0,low,7.05,2,1,none,,0,https://www.musinsa.com/products/4134528
2026-09-03,커버낫우먼,4134592,클로버하트 클래식 마이크로백 Butter,0.0,0,27300,27300,,0,,,9.55,0,low,7.05,2,1,none,,0,https://www.musinsa.com/products/4134592
2026-09-03,커버낫우먼,4134656,클로버하트 라이트 슬링백 Gray,0.0,0,35400,35400,,0,,,9.55,0,low,7.05,2,1,none,,0,https://www.musinsa.com/products/4134656
2026-09-03,로우클래식,4135168,SHIRRING VOLUME TOP_OFF WHITE [LC262BL02OW],0.0,0,69000,69000,46920,1,22080,47.06,100.0,1,medium,24.02,6,3,none,,0,https://www.musinsa.com/products/4135168
2026-09-03,노티카,4136000,세일링 클럽 레이서백 크롭 탱크탑 2PACK,0.0,0,29400,29400,29400,0,0,0.0,64.35,0,low,24.0,4,1,none,,0,https://www.musinsa.com/products/4136000
2026-09-03,파르티멘토 우먼,4137024,워시드 라운딩 진_블랙,0.0,0,98100,98100,98100,0,0,0.0,90.46,0,low,24.27,4,1,none,,0,https://www.musinsa.com/products/4137024
2026-09-03,노이어,4139008,라이트 울 플레어 슬랙스 (블랙),1.0,96910,96910,96910,97580,1,-670,-0.69,100.0,1,low,16.03,15,3,none,,0,https://www.musinsa.com/products/4139008
2026-09-03,렌세,4139072,Mid-Rise Boot Cut Pants White,0.0,0,37380,37380,,0,,,27.57,0,low,10.31,2,1,none,,0,https://www.musinsa.com/products/4139072
2026-09-03,바우로프로덕트,4139584,크롭 레더 자켓,0.78,139566,179000,179000,179000,0,0,0.0,100.0,1,high,25.17,6,2,none,,0,https://www.musinsa.com/products/4139584
2026-09-03,노앙,4141312,CROSS SLEEVELESS STRIPE-NAVY,0.0,0,70800,70800,,0,,,18.24,0,low,6.25,2,1,none,,0,https://www.musinsa.com/products/4141312
2026-09-03,노드유,4143488,쿨 섬머 카라 슬럽 니트 [소라],0.0,0,22400,22400,,0,,,31.22,0,low,8.3,2,1,none,,0,https://www.musinsa.com/products/4143488
2026-09-03,트리밍버드,4144448,Soa Long One-piece [ White ],0.0,0,198000,198000,198000,0,0,0.0,100.0,1,high,24.02,6,3,none,,0,https://www.musinsa.com/products/4144448
2026-09-03,지프,4145728,유니버스 남성 래쉬가드 반바지 (JP5RGM903BK),0.0,0,38900,38900,,0,,,31.21,0,low,8.3,2,1,none,,0,https://www.musinsa.com/products/4145728
2026-09-03,스키즘 인듀싱,4149056,MUSCLE TANK TOP WHITE,0.0,0,40800,40800,40800,0,0,0.0,100.0,1,high,24.02,6,3,none,,0,https://www.musinsa.com/products/4149056
2026-09-03,스키즘 인듀싱,4149696,TAU DUAL PISTOLS T SHIRT_WHITE,0.0,0,34000,34000,34000,0,0,0.0,100.0,1,high,24.02,6,3,none,,0,https://www.musinsa.com/products/4149696
2026-09-03,바우로프로덕트,4151424,스트라이프 머슬 헨리넥 니트 [네이비],0.0,0,69900,69900,69900,0,0,0.0,100.0,1,high,25.17,6,2,none,,0,https://www.musinsa.com/products/4151424
2026-09-03,언더오프,4159104,오버핏 크루넥 슬리브리스 1992 민소매 티셔츠 블랙오렌지,0.0,0,17520,17520,17520,0,0,0.0,100.0,1,high,24.31,5,2,none,,0,https://www.musinsa.com/products/4159104
2026-09-03,엘엠알,4160448,레터링 워싱 볼캡 PINK,0.0,0,17400,17400,,0,,,31.2,0,low,8.3,2,1,none,,0,https://www.musinsa.com/products/4160448
2026-09-03,러브이즈트루,4162240,BE HALTERNECK BIKINI SET_BOTTOM(WHITE),0.0,0,25200,25200,25200,0,0,0.0,60.83,0,low,23.99,6,2,none,,0,https://www.musinsa.com/products/4162240
2026-09-03,그레이버,4162496,[UNISEX]빅 구름 베어스마일 배색 반팔티_네이비,0.0,0,29900,29900,,0,,,31.2,0,low,8.3,2,1,none,,0,https://www.musinsa.com/products/4162496
2026-09-03,론론,4170368,LOGO LAYERED GOLGI LAP SKIRT GREY,0.0,0,13200,13200,13200,0,0,0.0,100.0,1,high,24.02,6,3,none,,0,https://www.musinsa.com/products/4170368
2026-09-03,바우프,4171712,B LOGO 메쉬 볼캡 [핑크],0.0,0,46750,46750,46750,0,0,0.0,81.77,0,low,25.17,4,1,none,,0,https://www.musinsa.com/products/4171712
2026-09-03,바우프,4171776,B LOGO 메쉬 볼캡 [브라운],0.0,0,46750,46750,46750,0,0,0.0,81.77,0,low,25.17,4,1,none,,0,https://www.musinsa.com/products/4171776
2026-09-03,그레이버,4172928,[UNISEX]스몰 드로잉스마일 버뮤다 트레이닝 반바지_멜란지화이트,0.0,0,35700,35700,,0,,,31.19,0,low,8.3,2,1,none,,0,https://www.musinsa.com/products/4172928
2026-09-03,뚜오미오,4179520,APRON-LIKE MINI DRESS [CHARCOAL],0.0,0,57200,57200,,0,,,18.23,0,low,6.25,2,1,none,,0,https://www.musinsa.com/products/4179520
2026-09-03,브룩스 브라더스,4198400,프라이데이 시어서커 쇼츠 (네이비) (BBPSMF8343QEM),0.0,0,74500,74500,74500,0,0,0.0,60.84,0,low,23.99,6,2,none,,0,https://www.musinsa.com/products/4198400
2026-09-03,아티스트웨어,4199936,[ATW] 호미 반팔티,0.0,0,34300,34300,,0,,,25.0,0,low,12.7,3,1,none,,0,https://www.musinsa.com/products/4199936
2026-09-03,그레이버,4200000,[UNISEX]OF-THERECOARD 반팔티_스카이블루,0.0,0,29900,29900,,0,,,31.18,0,low,8.3,2,1,none,,0,https://www.musinsa.com/products/4200000
2026-09-03,파르티멘토 우먼,4204544,백오픈 스터디드 블라우스_브라운,0.0,0,51840,51840,58320,1,-6480,-11.11,90.51,0,low,24.28,4,1,none,,0,https://www.musinsa.com/products/4204544
2026-09-03,아티스트웨어,4221376,[ATW] 스모크 반팔티,0.0,0,34300,34300,,0,,,24.99,0,low,12.7,3,1,none,,0,https://www.musinsa.com/products/4221376
2026-09-03,카네이테이,4225536,LIGHTWEIGHT MOLLE BACKPACK (BEIGE) / RECYCLED,0.0,0,79000,79000,79000,0,0,0.0,100.0,1,high,23.98,6,3,none,,0,https://www.musinsa.com/products/4225536
2026-09-03,해칭룸,4233792,Crop Shirt 1/2 Green Charcoal,0.0,0,143000,143000,143000,0,0,0.0,90.52,0,low,24.28,4,1,none,,0,https://www.musinsa.com/products/4233792
2026-09-03,튜드먼트,4238720,TDMT LOGO BALLCAP NAVY,0.0,0,28800,28800,,0,,,27.54,0,low,10.31,2,1,none,,0,https://www.musinsa.com/products/4238720
2026-09-03,리브레너,4239104,DTF 스탠다드 스웨츠 셔츠 스케이트베어,0.0,0,25900,25900,,0,,,24.99,0,low,12.7,3,1,none,,0,https://www.musinsa.com/products/4239104
2026-09-03,브룩스 브라더스,4247616,레귤러핏 코튼 시어서커 폴로버튼다운 셔츠 (화이트) (BBTPMF0695AES),0.0,0,159000,159000,159000,0,0,0.0,60.84,0,low,23.99,6,2,none,,0,https://www.musinsa.com/products/4247616
2026-09-03,데상트,4252928,여성 베이직 미디움서포트 숏 브라탑 코랄(SP322TBR71),0.0,0,44500,44500,,0,,,31.17,0,low,8.3,2,1,none,,0,https://www.musinsa.com/products/4252928
2026-09-03,1993스튜디오,4258816,피그먼트 트랙 스웨트 팬츠_더스티그레이,0.0,0,68000,68000,68000,0,0,0.0,100.0,1,high,24.32,5,2,none,,0,https://www.musinsa.com/products/4258816
2026-09-03,1993스튜디오,4258880,심볼 로고 커브 배색 나일론 팬츠_블랙,0.0,0,80100,80100,80100,0,0,0.0,100.0,1,high,24.32,5,2,none,,0,https://www.musinsa.com/products/4258880
2026-09-03,제너럴아이디어,4262528,에센셜 소프트 셔링 터틀 티셔츠 [IVORY] / WBD3L01504,0.0,0,29450,29450,29450,0,0,0.0,100.0,1,high,23.98,6,3,none,,0,https://www.musinsa.com/products/4262528
2026-09-03,유니폼브릿지,4271936,AE multi color stripe l/s tee brown,0.0,0,26710,26710,26710,0,0,0.0,100.0,1,high,13.98,11,4,none,,0,https://www.musinsa.com/products/4271936
2026-09-03,리메인세컨드,4272768,오버핏 하프집업 카라넥 스웨트 셔츠 [네이비],1.0,25500,25500,25500,25500,0,0,0.0,64.37,0,low,9.6,9,6,none,,0,https://www.musinsa.com/products/4272768
2026-09-03,드로우핏우먼,4273920,컴피 울 스트레이트 슬랙스 [BEIGE],0.0,0,73800,73800,73800,0,0,0.0,100.0,1,high,23.99,7,3,none,,0,https://www.musinsa.com/products/4273920
2026-09-03,리메인세컨드,4274112,오버핏 볼륨 워셔블 하프집업 하찌 니트 [아이보리],0.0,0,32800,32800,32800,0,0,0.0,64.37,0,low,24.0,4,1,none,,0,https://www.musinsa.com/products/4274112
2026-09-03,트래블,4275072,세인트 피그먼트 후드티 블루 섀도우,0.0,0,39500,39500,39500,0,0,0.0,100.0,1,high,23.99,7,3,none,,0,https://www.musinsa.com/products/4275072
2026-09-03,노매뉴얼,4280128,COWICHAN HOODED ZIP-UP - NAVY,0.9,133493,149150,149150,149150,0,0,0.0,90.56,0,low,24.28,4,1,none,,0,https://www.musinsa.com/products/4280128
2026-09-03,트래블,4280576,워크 카펜터 캔버스 팬츠 베이지,0.0,0,59500,59500,59500,0,0,0.0,100.0,1,high,23.99,7,3,none,,0,https://www.musinsa.com/products/4280576
2026-09-03,제너럴아이디어,4283072,피그먼트 후드 티셔츠 [CHARCOAL] / SBD3U02002,0.0,0,58900,58900,58900,0,0,0.0,100.0,1,high,23.98,6,3,none,,0,https://www.musinsa.com/products/4283072
2026-09-03,엘엠씨,4283392,SNOW GLOBE LONG SLV TEE dark blue,0.0,0,26950,26950,,0,,,18.21,0,low,6.25,2,1,none,,0,https://www.musinsa.com/products/4283392
2026-09-03,언탭트스튜디오,4285568,데일리 세미 오버핏 베이식 니트 가디건 4 COLOR,5.82,162352,27880,27880,27880,0,0,0.0,100.0,1,high,8.03,26,8,none,,0,https://www.musinsa.com/products/4285568
2026-09-03,디키즈,4288256,1939 덕 캔버스 카펜터 팬츠 Black,1.4,94342,67500,67500,,0,,,18.21,0,low,6.25,4,1,none,2,0,https://www.musinsa.com/products/4288256
2026-09-03,디키즈,4288320,플렌티우드 크롭 니트 Black,0.0,0,29700,29700,,0,,,18.21,0,low,6.25,2,1,none,,0,https://www.musinsa.com/products/4288320
2026-09-03,더콜디스트모먼트,4289728,TCM stripe hooded zip-up (charcoal/black),0.0,0,96390,96390,,0,,,24.97,0,low,12.7,3,1,none,,0,https://www.musinsa.com/products/4289728
2026-09-03,커버낫,4292224,컬리지 스트라이프 롱슬리브 레드,0.0,0,41400,41400,41400,0,0,0.0,100.0,1,high,24.32,5,2,none,,0,https://www.musinsa.com/products/4292224
2026-09-03,마하그리드,4295168,DETERGENT LOGO LS TEE BLACK(MG2EFMT562A),0.0,0,24500,24500,,0,,,24.97,0,low,12.7,3,1,none,,0,https://www.musinsa.com/products/4295168
2026-09-03,그레이버,4295680,[UNISEX]빅 구름 베어스마일 롱슬리브 티셔츠_화이트,0.0,0,25900,25900,,0,,,31.15,0,low,8.3,2,1,none,,0,https://www.musinsa.com/products/4295680
2026-09-03,예스아이씨,4297856,S-Logo Hoodie Grey,0.0,0,62300,62300,,0,,,31.14,0,low,8.3,2,1,none,,0,https://www.musinsa.com/products/4297856
2026-09-03,데케트,4300480,Curved Wide Jeans DCPT033CPIndigo2,4.11,178326,43400,43400,43400,0,0,0.0,100.0,1,high,24.29,6,2,none,,0,https://www.musinsa.com/products/4300480
2026-09-03,키뮤어,4301120,[유튜버 PICK] 가먼트워싱 카펜터 팬츠_차콜,0.0,0,41300,41300,41300,0,0,0.0,100.0,1,high,24.02,6,3,none,,0,https://www.musinsa.com/products/4301120
2026-09-03,아캄,4304128,Sun Jacquard Beanie (Khaki),0.0,0,31500,31500,31500,0,0,0.0,64.38,0,low,24.0,4,1,none,,0,https://www.musinsa.com/products/4304128
2026-09-03,언탭트스튜디오,4308288,[2PACK]더블 투턱 와이드 슬랙스 3Color,0.0,0,59730,59730,59730,0,0,0.0,100.0,1,high,23.99,7,3,none,,0,https://www.musinsa.com/products/4308288
2026-09-03,코드그라피,4310208,가먼트워싱 테크 스트링 팬츠_카키,0.0,0,41300,41300,41300,0,0,0.0,81.81,0,low,25.17,4,1,none,,0,https://www.musinsa.com/products/4310208
2026-09-03,그레이버,4310272,[UNISEX]화이트 오드플라워 자수 후드티_코발트블루,0.0,0,48000,48000,,0,,,31.13,0,low,8.3,2,1,none,,0,https://www.musinsa.com/products/4310272
2026-09-03,그레이버,4310720,[UNISEX]블랙 오드플라워 자수 후드티_그레이,0.0,0,52000,52000,,0,,,31.13,0,low,8.3,2,1,none,,0,https://www.musinsa.com/products/4310720
2026-09-03,그레이버,4310848,[UNISEX]블랙 오드플라워 자수 맨투맨_블랙,0.0,0,40200,40200,,0,,,31.13,0,low,8.3,2,1,none,,0,https://www.musinsa.com/products/4310848
2026-09-03,그레이버,4310912,[UNISEX]스몰 구름 베어스마일 맨투맨_그레이,0.0,0,38400,38400,,0,,,31.13,0,low,8.3,2,1,none,,0,https://www.musinsa.com/products/4310912
2026-09-03,플랙,4311808,위빙 스트랩 패디드 백 블랙,0.0,0,64900,64900,64900,0,0,0.0,100.0,1,high,24.32,5,2,none,,0,https://www.musinsa.com/products/4311808
2026-09-03,아메스월드와이드,4311936,RIBBON GRAPHIC LS TEE NAVY,0.0,0,20640,20640,20640,0,0,0.0,100.0,1,high,24.29,5,2,none,,0,https://www.musinsa.com/products/4311936
2026-09-03,마인드브릿지,4312768,[SET][COUTURE]코튼라이크오버핏자켓 셋업 블랙,0.0,0,69000,69000,69000,0,0,0.0,90.6,0,low,24.29,4,1,none,,0,https://www.musinsa.com/products/4312768
2026-09-03,로라로라,4313792,POCKET CARPENTER DENIM PANTS BEIGE,0.0,0,76300,76300,,0,,,27.51,0,low,10.31,2,1,none,,0,https://www.musinsa.com/products/4313792
2026-09-03,로라로라,4313920,SKASHI CABLE KNIT CARDIGAN BURGUNDY,0.0,0,62300,62300,,0,,,27.5,0,low,10.31,2,1,none,,0,https://www.musinsa.com/products/4313920
2026-09-03,비긴202,4316928,원턱 와이드 슬랙스 데님 팬츠 [워시드 블랙],0.0,0,77350,77350,77350,0,0,0.0,81.82,0,low,25.17,4,1,none,,0,https://www.musinsa.com/products/4316928
2026-09-03,셋업이엑스이,4317120,LEOPARD LACE PANTS / CHARCOAL,0.0,0,109440,109440,,0,,,18.18,0,low,6.25,2,1,none,,0,https://www.musinsa.com/products/4317120
2026-09-03,프렌다,4320512,NYLON ZIPPER ECO BAG MINT,0.47,7351,15600,15600,19500,1,-3900,-20.0,100.0,1,medium,23.99,7,3,none,,0,https://www.musinsa.com/products/4320512
2026-09-03,지프,4321280,[360g] M-Logo 반집업 맨투맨 (JP5TSU839RD),0.0,0,54900,54900,,0,,,31.11,0,low,8.3,2,1,none,,0,https://www.musinsa.com/products/4321280
2026-09-03,로템버,4321920,내추럴 워시드 60수 코튼 셔츠 [MIDNIGHT NAVY],0.0,0,43520,43520,43520,0,0,0.0,100.0,1,high,23.99,7,3,none,,0,https://www.musinsa.com/products/4321920
2026-09-03,커버낫,4322560,몰스킨 원턱 와이드핏 벨티드 팬츠 인디고,0.0,0,53550,53550,53550,0,0,0.0,100.0,1,high,24.33,5,2,none,,0,https://www.musinsa.com/products/4322560
2026-09-03,테이크이지,4323584,자이언트핏 솔리드 후드집업 (8% 멜란지그레이),0.0,0,39900,39900,39900,0,0,0.0,100.0,1,high,24.33,5,2,none,,0,https://www.musinsa.com/products/4323584
2026-09-03,마하그리드,4325952,UTILITY CARGO PANT BLACK(MG2EFMPA30A),0.0,0,59000,59000,,0,,,24.94,0,low,12.7,3,1,none,,0,https://www.musinsa.com/products/4325952
2026-09-03,디미트리블랙,4326528,에센셜 플레어핏 데님 팬츠_빈티지블랙,0.0,0,21900,21900,21900,0,0,0.0,100.0,1,high,24.33,5,2,none,,0,https://www.musinsa.com/products/4326528
2026-09-03,로제프란츠,4327616,Clear Hair Pin [Black],0.0,0,24320,24320,24320,0,0,0.0,81.83,0,low,25.17,4,1,none,,0,https://www.musinsa.com/products/4327616
2026-09-03,룩캐스트,4329216,레베카 미들부츠_블랙 / REBECCA MIDDLE BOOTS_BLACK,0.9,77222,86240,86240,86240,0,0,0.0,90.63,0,low,24.29,9,1,none,,0,https://www.musinsa.com/products/4329216
2026-09-03,코드그라피,4330240,카펜터 트레이닝 팬츠_카키,0.0,0,41300,41300,41300,0,0,0.0,81.84,0,low,25.17,4,1,none,,0,https://www.musinsa.com/products/4330240
2026-09-03,유희,4332160,BASIC LOGO KNIT IVORY,0.0,0,49680,49680,,0,,,31.11,0,low,8.3,2,1,none,,0,https://www.musinsa.com/products/4332160
2026-09-03,마하그리드,4332224,DESIGN STUDIO HOODIE LIGHT GREY(MG2EFMM411A),0.0,0,39000,39000,,0,,,24.93,0,low,12.7,3,1,none,,0,https://www.musinsa.com/products/4332224
2026-09-03,뚜오미오,4332736,NYLON PUFFED ZIP-UP [KHAKI],0.0,0,54500,54500,,0,,,18.16,0,low,6.25,2,1,none,,0,https://www.musinsa.com/products/4332736
2026-09-03,뚜오미오,4332800,STAR GRAPHIC OVERSIZED T-SHIRT [WHITE],0.0,0,21200,21200,,0,,,18.16,0,low,6.25,2,1,none,,0,https://www.musinsa.com/products/4332800
2026-09-03,론론,4333312,SIDE LACE TRACK DENIM PANTS BLACK,0.0,0,71280,71280,80190,1,-8910,-11.11,100.0,1,low,24.02,6,3,none,,0,https://www.musinsa.com/products/4333312
2026-09-03,노드유,4334912,싱글 카펜터 코튼팬츠 [블랙],0.0,0,39900,39900,,0,,,31.1,0,low,8.3,2,1,none,,0,https://www.musinsa.com/products/4334912
2026-09-03,디미트리블랙,4335936,2WAY OG 페이드 워싱 디트로이트 퀼팅 데님 자켓_더스트 인디고,0.0,0,63900,63900,63900,0,0,0.0,100.0,1,high,24.33,5,2,none,,0,https://www.musinsa.com/products/4335936
2026-09-03,엑스컨테이너,4336576,더블니 카펜터 가먼트 다잉 팬츠 (GREIGE),1.79,58204,32500,32500,32500,0,0,0.0,90.64,0,low,24.29,4,1,none,,0,https://www.musinsa.com/products/4336576
2026-09-03,마하그리드,4336640,CUTTING CONTRAST HALF ZIP-UP KNIT IVORY(MG2EFMK641A),0.0,0,54500,54500,,0,,,24.92,0,low,12.7,3,1,none,,0,https://www.musinsa.com/products/4336640
2026-09-03,와이케이,4337408,MLTS 아카이브 맨투맨 아이보리,0.0,0,46800,46800,46800,0,0,0.0,60.87,0,low,23.99,6,2,none,,0,https://www.musinsa.com/products/4337408
2026-09-03,팬시클럽,4338880,걸스 마이 팬시 롱슬리브 (GRAY)_F24ZB068,0.0,0,33320,33320,,0,,,24.92,0,low,12.7,3,1,none,,0,https://www.musinsa.com/products/4338880
2026-09-03,가까이유니언즈,4343424,해피 캠펄 피그먼트 맨투맨 팬텀 핑크,0.0,0,39700,39700,39700,0,0,0.0,100.0,1,high,24.0,5,2,none,,0,https://www.musinsa.com/products/4343424
2026-09-03,카비시,4344064,WASHED PATCHWORK JACKET BLACK(CV2EFUB931A),0.0,0,99500,99500,,0,,,18.15,0,low,6.25,2,1,none,,0,https://www.musinsa.com/products/4344064
2026-09-03,카비시,4344192,CLASSIC ROSE BEANIE GREY(CV2EFUAB31A),0.7,22662,32520,32520,,0,,,18.14,0,low,6.25,4,1,none,1,0,https://www.musinsa.com/products/4344192
2026-09-03,드헤베,4344960,Bustier Layered Blouse [Black],0.0,0,83390,83390,83390,0,0,0.0,81.86,0,low,25.18,4,1,none,,0,https://www.musinsa.com/products/4344960
2026-09-03,디스이즈네버댓,4345024,Solar System Hoodie Heather Grey,0.0,0,54500,54500,54500,0,0,0.0,100.0,1,high,24.33,5,2,none,,0,https://www.musinsa.com/products/4345024
2026-09-03,레더리,4346880,워시드 코듀로이 팬츠 [KHAKI],0.0,0,47520,47520,47520,0,0,0.0,90.65,0,low,24.3,4,1,none,,0,https://www.musinsa.com/products/4346880
2026-09-03,레더리,4347392,폴리쉬드 왈라비 슈즈 [BLACK],0.0,0,59840,59840,59840,0,0,0.0,90.66,0,low,24.3,4,1,none,,0,https://www.musinsa.com/products/4347392
2026-09-03,인사일런스,4352256,더블 클로스 트러커 자켓 BLACK,0.0,0,159840,159840,159840,0,0,0.0,100.0,1,high,24.33,5,2,none,,0,https://www.musinsa.com/products/4352256
2026-09-03,노이어,4353280,벨벳 텍스쳐 와이드 데님 팬츠 (블랙),0.0,0,93700,93700,93700,0,0,0.0,100.0,1,high,24.02,6,3,none,,0,https://www.musinsa.com/products/4353280
2026-09-03,노이어,4353472,코튼 리브드 헨리넥 니트 (블랙),0.0,0,68000,68000,68000,0,0,0.0,97.95,0,low,16.05,6,2,none,,0,https://www.musinsa.com/products/4353472
2026-09-03,주앙옴므,4355520,헨리넥 롱 슬리브 티셔츠 (블랙),2.69,157566,58650,58650,58650,0,0,0.0,100.0,1,high,24.3,13,2,none,,0,https://www.musinsa.com/products/4355520
2026-09-03,무센트,4357760,"메인 심볼 시그니처 로고 롱 슬리브 (2컬러, 남녀공용)",0.0,0,32310,32310,32310,0,0,0.0,100.0,1,high,24.33,5,2,none,,0,https://www.musinsa.com/products/4357760
2026-09-03,소버먼트,4366848,890G 머드 다잉 후드-더스키 카멜-,0.0,0,64600,64600,64600,0,0,0.0,60.88,0,low,23.99,6,2,none,,0,https://www.musinsa.com/products/4366848
2026-09-03,드파운드,4367616,노카라 레더 파이핑 자켓 [블랙],0.0,0,304300,304300,,0,,,18.14,0,low,6.25,2,1,none,,0,https://www.musinsa.com/products/4367616
2026-09-03,나이스고스트클럽,4368896,GHOST TAIL COLLEGE HOODIE_NAVY(NG2EFUM420A),0.0,0,48060,48060,48060,0,0,0.0,60.89,0,low,23.99,6,2,none,,0,https://www.musinsa.com/products/4368896
2026-09-03,아틀리에나인,4369536,LOE SET-UP OVERFIT JACKET(JK-2973),0.0,0,233100,233100,233100,0,0,0.0,100.0,1,high,24.0,5,2,none,,0,https://www.musinsa.com/products/4369536
2026-09-03,리브레너,4369984,DTF 어프레이드 피그먼트 롱 슬리브 퍼플,0.0,0,32900,32900,,0,,,24.91,0,low,12.7,3,1,none,,0,https://www.musinsa.com/products/4369984
2026-09-03,더바이닐하우스,4371072,OLD WEST TYPO SWEATSHIRT BLACK,0.0,0,58880,58880,58880,0,0,0.0,100.0,1,high,24.33,5,2,none,,0,https://www.musinsa.com/products/4371072
2026-09-03,지프,4371392,그래픽 오버핏 후드집업 (JP5TZU013DG),0.0,0,58990,58990,,0,,,31.07,0,low,8.31,2,1,none,,0,https://www.musinsa.com/products/4371392
2026-09-03,메인부스,4373568,Spirit 97 Football Sweater(GRAY),0.0,0,89100,89100,89100,0,0,0.0,81.87,0,low,25.18,4,1,none,,0,https://www.musinsa.com/products/4373568
2026-09-03,키뮤어,4375168,(베이직 or 케이블 선택) 우먼 에센셜 가디건_10 COLOR,0.0,0,48300,48300,48300,0,0,0.0,100.0,1,high,24.02,6,3,none,,0,https://www.musinsa.com/products/4375168
2026-09-03,키뮤어,4375424,루즈핏 카라드 자켓_네이비,0.0,0,83300,83300,83300,0,0,0.0,100.0,1,high,24.02,6,3,none,,0,https://www.musinsa.com/products/4375424
2026-09-03,꼼파뇨,4375680,Le Petit Prince 자수 후드티 크림,0.0,0,41250,41250,41250,0,0,0.0,90.66,0,low,24.3,4,1,none,,0,https://www.musinsa.com/products/4375680
2026-09-03,오픈야드(오와이),4376192,LOGO EIGHT POCKET DENIM BAGGY PANTS - WASHED BLACK,0.0,0,97300,97300,,0,,,24.9,0,low,12.7,3,1,none,,0,https://www.musinsa.com/products/4376192
2026-09-03,어반드레스,4376448,Wrap Layered Pants - 2COL,0.02,894,43500,43500,43500,0,0,0.0,100.0,1,high,24.02,6,3,none,,0,https://www.musinsa.com/products/4376448
2026-09-03,더그린랩,4378944,스트라이프 럭비 카라 맨투맨 [블랙],0.0,0,44160,44160,,0,,,31.07,0,low,8.31,2,1,none,,0,https://www.musinsa.com/products/4378944
2026-09-03,론론,4382464,ROSY APPLIQUE CROP SWEATSHIRTS IVORY,0.0,0,63360,63360,71280,1,-7920,-11.11,100.0,1,medium,24.02,6,3,none,,0,https://www.musinsa.com/products/4382464
2026-09-03,론론,4382528,SHEER HALF PLEATED LONG SLEEVE T SHIRT WHITE,0.0,0,55440,55440,62370,1,-6930,-11.11,100.0,1,medium,24.02,6,3,none,,0,https://www.musinsa.com/products/4382528
2026-09-03,인사일런스우먼,4383296,컬러 블록 울 롱슬리브 BLACK,0.0,0,57400,57400,65600,1,-8200,-12.5,100.0,1,medium,24.02,7,3,none,,0,https://www.musinsa.com/products/4383296
2026-09-03,브룩스 브라더스,4384064,트레디셔널핏 8W 코듀로이 팬츠 (브라운) (BBPCMM69194EW),0.0,0,119400,119400,119400,0,0,0.0,60.9,0,low,23.99,6,2,none,,0,https://www.musinsa.com/products/4384064
2026-09-03,레터리,4384320,SEE-THROUGH LONG SLEEVE T-SHIRT_BLACK,0.0,0,41600,41600,,0,,,31.06,0,low,8.31,2,1,none,,0,https://www.musinsa.com/products/4384320
2026-09-03,아메스월드와이드,4385280,BASIC LOGO HOODIE KHAKI,0.0,0,50560,50560,50560,0,0,0.0,100.0,1,high,24.3,5,2,none,,0,https://www.musinsa.com/products/4385280
2026-09-03,토마스모어,4387136,사커스웨트-미구엘,0.0,0,55600,55600,55600,0,0,0.0,60.9,0,low,6.59,11,5,none,,0,https://www.musinsa.com/products/4387136
2026-09-03,썸웨어버터,4388480,Evelyn Lace Long Dress - Pink,0.0,0,151470,151470,151470,0,0,0.0,60.91,0,low,23.99,6,2,none,,0,https://www.musinsa.com/products/4388480
2026-09-03,나이스고스트클럽,4393664,BIG EARCAP BEANIE_BLACK(NG2EFUAB24A),0.0,0,43470,43470,43470,0,0,0.0,60.91,0,low,23.99,6,2,none,,0,https://www.musinsa.com/products/4393664
2026-09-03,그레이버,4394880,[UNISEX]SWEET-HOME 맨투맨_크림,0.0,0,40200,40200,,0,,,31.05,0,low,8.31,2,1,none,,0,https://www.musinsa.com/products/4394880
2026-09-03,베이직하우스,4395072,베이직 기모 맨투맨 오트밀 LATS7101,0.0,0,24900,24900,,0,,,31.05,0,low,8.31,2,1,none,,0,https://www.musinsa.com/products/4395072
2026-09-03,엠엠엘지,4395136,[Mmlg] MMLG STAFF HOODIE (DEEP GREEN),0.0,0,41000,41000,,0,,,31.05,0,low,8.31,2,1,none,,0,https://www.musinsa.com/products/4395136
2026-09-03,무드인사이드,4399104,피그먼트 원턱 스웨트 와이드팬츠_Charcoal,0.27,12003,44900,44900,44900,0,0,0.0,100.0,1,high,23.99,7,3,none,,0,https://www.musinsa.com/products/4399104
2026-09-03,제너럴아이디어,4400384,뉴클래식 리브드 스퀘어넥 가디건 [BROWN] / WBD3L04519,0.0,0,53000,53000,53000,0,0,0.0,100.0,1,high,23.98,6,3,none,,0,https://www.musinsa.com/products/4400384
2026-09-03,카고브로스포우먼,4401024,카고 어센틱 니트 바라클라바 (아이보리),0.0,0,29400,29400,,0,,,24.89,0,low,12.7,3,1,none,,0,https://www.musinsa.com/products/4401024
2026-09-03,디스이즈네버댓,4403456,Washed THISTHAT Cap Blue,0.0,0,22500,22500,22500,0,0,0.0,100.0,1,high,24.33,5,2,none,,0,https://www.musinsa.com/products/4403456
2026-09-03,디스이즈네버댓,4403520,Fortuna Logo Hoodie Navy,0.0,0,54500,54500,54500,0,0,0.0,100.0,1,high,24.33,5,2,none,,0,https://www.musinsa.com/products/4403520
2026-09-03,리메인세컨드,4404672,2WAY_아란 워셔블 오버핏 케이블 후드 집업 니트 [차콜],0.64,28864,44800,44800,44800,0,0,0.0,64.42,0,low,24.0,4,1,none,,0,https://www.musinsa.com/products/4404672
2026-09-03,예스아이씨,4405952,Y.E.S Pointing Hoodie Lavender,0.0,0,69300,69300,,0,,,31.03,0,low,8.31,2,1,none,,0,https://www.musinsa.com/products/4405952
2026-09-03,스컬프터,4406464,90s Cotton Capri Pants Mauve,0.0,0,61040,61040,61040,0,0,0.0,100.0,1,high,23.98,6,3,none,,0,https://www.musinsa.com/products/4406464
2026-09-03,리메인세컨드,4407168,울 블렌드 오버핏 싱글 코트 [차콜],0.0,0,93600,93600,93600,0,0,0.0,64.42,0,low,24.0,4,1,none,,0,https://www.musinsa.com/products/4407168
2026-09-03,드헤베,4407616,Haus Round Sweatshirt [Black],0.0,0,45140,45140,45140,0,0,0.0,81.89,0,low,25.18,4,1,none,,0,https://www.musinsa.com/products/4407616
2026-09-03,로제프란츠,4411456,Eyelet Point Hood Zip-up [Charcoal],0.0,0,33800,33800,33800,0,0,0.0,81.89,0,low,25.18,4,1,none,,0,https://www.musinsa.com/products/4411456
2026-09-03,시눈,4411968,Rose Frill Hoodie Zipup (Rose),0.0,0,102400,102400,102400,0,0,0.0,64.43,0,low,24.0,4,1,none,,0,https://www.musinsa.com/products/4411968
2026-09-03,제멋,4412160,크리스 워크 헌팅 자켓 베이지 KJJK2581,0.0,0,98900,98900,98900,0,0,0.0,100.0,1,high,24.02,6,3,none,,0,https://www.musinsa.com/products/4412160
2026-09-03,더니트컴퍼니,4412608,샌드 워시드 와이드 데님 2color,1.56,48705,31200,31200,31200,0,0,0.0,81.89,0,low,25.18,4,1,none,,0,https://www.musinsa.com/products/4412608
2026-09-03,엘엠씨,4413248,LMC X NEWERA TEAM LOGO BEANIE charcoal,0.0,0,25800,25800,,0,,,18.11,0,low,6.25,2,1,none,,0,https://www.musinsa.com/products/4413248
2026-09-03,엘리메노,4415424,[SET] EL 미니멀 플랫 후드티셔츠 2종 세트,0.0,0,49720,49720,,0,,,18.11,0,low,6.25,2,1,none,,0,https://www.musinsa.com/products/4415424
2026-09-03,커버낫,4415616,부클 저지 원턱 세미와이드핏 카고 팬츠 올리브,0.0,0,54500,54500,54500,0,0,0.0,100.0,1,high,24.34,5,2,none,,0,https://www.musinsa.com/products/4415616
2026-09-03,세터,4417280,코튼 카펜터 워크 팬츠 베이지,0.0,0,179000,179000,179000,0,0,0.0,64.43,0,low,24.0,4,1,none,,0,https://www.musinsa.com/products/4417280
2026-09-03,이미스,4418496,(WOMEN) 24/7 T-SHIRT-WHITE,0.0,0,53100,53100,,0,,,27.46,0,low,10.31,2,1,none,,0,https://www.musinsa.com/products/4418496
2026-09-03,이미스,4418560,ESSENTIAL HEAVY SWEAT PANTS-GREEN,0.0,0,130500,130500,,0,,,27.46,0,low,10.31,2,1,none,,0,https://www.musinsa.com/products/4418560
2026-09-03,이미스,4418624,NEW LOGO PIGMENT BALL CAP-RED,2.56,112739,44100,44100,,0,,,27.45,0,low,10.31,2,1,none,4,0,https://www.musinsa.com/products/4418624
2026-09-03,제로,4419712,Bermuda Shirts [4 Colors],0.0,0,10500,10500,10500,0,0,0.0,64.43,0,low,24.0,4,1,none,,0,https://www.musinsa.com/products/4419712
2026-09-03,밀로아카이브,4420096,리플렉트 커브드 팬츠 [그레이],0.0,0,68690,68690,65550,1,3140,4.79,90.71,0,low,23.99,7,3,none,,0,https://www.musinsa.com/products/4420096
2026-09-03,비바셔스,4422784,Twin Drape Long Sleeve - 3COL,0.0,0,35400,35400,,0,,,24.88,0,low,12.7,3,1,none,,0,https://www.musinsa.com/products/4422784
2026-09-03,제멋,4429312,클레버 오버핏 테리 후드 네이비 KJHD2592,0.0,0,35900,35900,35900,0,0,0.0,100.0,1,high,24.02,6,3,none,,0,https://www.musinsa.com/products/4429312
2026-09-03,더블유엠씨,4431232,레이어드 롱슬리브_KHAKI,0.0,0,37000,37000,37000,0,0,0.0,60.93,0,low,23.99,6,2,none,,0,https://www.musinsa.com/products/4431232
2026-09-03,낫포너드,4433856,N4ND Offshoot Flannel Shirt - Yellow,0.0,0,48000,48000,48000,0,0,0.0,81.9,0,low,25.18,4,1,none,,0,https://www.musinsa.com/products/4433856
2026-09-03,카멜워크,4438720,디파트 S 스웨트셔츠(블랙),0.0,0,19200,19200,,0,,,27.44,0,low,10.31,2,1,none,,0,https://www.musinsa.com/products/4438720
2026-09-03,디키즈,4439872,엠보스드 로고 풀오버 니트 Black,0.0,0,69660,69660,,0,,,18.09,0,low,6.25,2,1,none,,0,https://www.musinsa.com/products/4439872
2026-09-03,아틀리에나인,4442688,SOFT WOOL STRIGHT BANDING PANTS(PT-5595),0.0,0,88200,88200,88200,0,0,0.0,100.0,1,high,24.0,5,2,none,,0,https://www.musinsa.com/products/4442688
2026-09-03,론론,4443584,STRIPE LACE PATCH ELBOW PATCH LONG SLEEVE GREEN,0.0,0,47520,47520,53460,1,-5940,-11.11,100.0,1,medium,24.02,6,3,none,,0,https://www.musinsa.com/products/4443584
2026-09-03,론론,4443648,SHEER LAYERED RUFFLE SKIRT WHITE,0.0,0,55440,55440,62370,1,-6930,-11.11,100.0,1,medium,24.02,6,3,none,,0,https://www.musinsa.com/products/4443648
2026-09-03,글로니,4445824,CIAO BUCKLE MINI SKIRT (GRAY),0.0,0,248000,248000,248000,0,0,0.0,100.0,1,high,24.02,6,3,none,,0,https://www.musinsa.com/products/4445824
2026-09-03,메종미네드,4446080,BLACK OVER MA-1,0.0,0,155400,155400,155400,0,0,0.0,90.73,0,low,24.31,4,1,none,,0,https://www.musinsa.com/products/4446080
2026-09-03,후러브스아트,4447808,원턱 와이드 시티 슬랙스 그레이,0.0,0,32000,32000,32000,0,0,0.0,60.94,0,low,23.99,6,2,none,,0,https://www.musinsa.com/products/4447808
2026-09-03,세터,4453248,에센 투 톤 모헤어 블렌드 니트 블랙,0.0,0,179000,179000,179000,0,0,0.0,64.44,0,low,24.0,4,1,none,,0,https://www.musinsa.com/products/4453248
2026-09-03,세터,4453504,(W) 시그니처 로고 니트 집업 딥 그레이,0.0,0,199000,199000,199000,0,0,0.0,64.44,0,low,24.0,4,1,none,,0,https://www.musinsa.com/products/4453504
2026-09-03,제멋,4455360,더스틴 헤비 솔트워싱 카라 맨투맨 브라운 SOMT2577,0.0,0,36900,36900,36900,0,0,0.0,100.0,1,high,24.02,6,3,none,,0,https://www.musinsa.com/products/4455360
2026-09-03,예스아이씨,4456320,Sherpa Fleece Jacket Light Blue,0.0,0,139300,139300,,0,,,30.98,0,low,8.31,2,1,none,,0,https://www.musinsa.com/products/4456320
2026-09-03,아캄,4461952,Studded Cross Hooded Long Sleeve (Dark Gray),0.0,0,76000,76000,76000,0,0,0.0,64.44,0,low,24.0,4,1,none,,0,https://www.musinsa.com/products/4461952
2026-09-03,이미스,4468224,NYLON PADDED BACKPACK-PINK,0.0,0,89100,89100,,0,,,27.43,0,low,10.31,2,1,none,,0,https://www.musinsa.com/products/4468224
2026-09-03,아캄,4471808,Sun Button Pattern Cardigan (Black),0.0,0,114800,114800,114800,0,0,0.0,64.45,0,low,24.0,4,1,none,,0,https://www.musinsa.com/products/4471808
2026-09-03,이티씨이,4479296,PROTOTYPE LAYERED CARGO PANTS (BLACK),0.0,0,167200,167200,,0,,,24.86,0,low,12.7,3,1,none,,0,https://www.musinsa.com/products/4479296
2026-09-03,스컬프터,4481088,90s Faux Leather Coat Tan Red,0.0,0,184240,184240,184240,0,0,0.0,100.0,1,high,23.98,6,3,none,,0,https://www.musinsa.com/products/4481088
2026-09-03,론론,4481664,I RIBBON OVER FIT LONG SLEEVE T SHIRT CHARCOAL,0.0,0,42240,42240,47520,1,-5280,-11.11,100.0,1,medium,24.02,6,3,none,,0,https://www.musinsa.com/products/4481664
2026-09-03,기철,4483264,STURDY BALLOON PANTS (DARK KHAKI),0.0,0,49900,49900,49900,0,0,0.0,64.45,0,low,24.0,4,1,none,,0,https://www.musinsa.com/products/4483264
2026-09-03,브룩스 브라더스,4485056,클래식 카멜 코트 (카멜) (BBCSMF21985EW),0.0,0,714000,714000,714000,0,0,0.0,60.96,0,low,23.99,6,2,none,,0,https://www.musinsa.com/products/4485056
2026-09-03,브라운야드,4485312,"바시티 자켓, 블랙",0.0,0,376600,376600,376600,0,0,0.0,60.96,0,low,23.99,6,2,none,,0,https://www.musinsa.com/products/4485312
2026-09-03,게인스보로,4485568,액티브 트랙 래글런 맨투맨_화이트멜란지,0.0,0,39500,39500,,0,,,24.86,0,low,12.7,3,1,none,,0,https://www.musinsa.com/products/4485568
2026-09-03,코드그라피,4492352,더플 후드 패딩_스카이블루,0.0,0,104300,104300,104300,0,0,0.0,81.94,0,low,25.19,4,1,none,,0,https://www.musinsa.com/products/4492352
2026-09-03,수아레,4496832,니트 져지 셋업 팬츠 네이비,0.0,0,79900,79900,79900,0,0,0.0,90.78,0,low,24.31,4,1,none,,0,https://www.musinsa.com/products/4496832
2026-09-03,밀로아카이브,4498368,어반던트 머플러 [블랙],0.0,0,24000,24000,24000,0,0,0.0,90.78,0,low,23.99,7,3,none,,0,https://www.musinsa.com/products/4498368
2026-09-03,스케이터락,4499968,Cross Cut-Off Tartan Check Hoodie Shirt ((Black)),0.0,0,76300,76300,,0,,,24.85,0,low,12.7,3,1,none,,0,https://www.musinsa.com/products/4499968
2026-09-03,트리밍버드,4500096,One Button Denim Set-up Jacket [ Black ],0.0,0,269000,269000,269000,0,0,0.0,100.0,1,high,24.02,6,3,none,,0,https://www.musinsa.com/products/4500096
2026-09-03,노드유,4500224,피셔맨 케이블 라운드넥 세미 오버핏 긴팔 니트 꽈배기 가디건 [네이비],0.0,0,39900,39900,,0,,,30.94,0,low,8.31,2,1,none,,0,https://www.musinsa.com/products/4500224
2026-09-03,로라로라,4500544,MOHAIR WOOL BLENDED KNIT BUTTER,0.0,0,90300,90300,,0,,,27.4,0,low,10.31,2,1,none,,0,https://www.musinsa.com/products/4500544
2026-09-03,로라로라,4500672,VOLUME SLEEVE DOUBLE COAT NAVY,0.0,0,244300,244300,,0,,,27.4,0,low,10.31,2,1,none,,0,https://www.musinsa.com/products/4500672
2026-09-03,본투윈,4501952,SILVER LINE JERSEY HALF PANTS SHORT VER [IVORY],0.0,0,55300,55300,55300,0,0,0.0,100.0,1,high,23.99,6,3,none,,0,https://www.musinsa.com/products/4501952
2026-09-03,오픈야드(오와이),4502912,HAIRY RING KNIT GLOVES - BLACK,0.0,0,36800,36800,,0,,,24.85,0,low,12.7,3,1,none,,0,https://www.musinsa.com/products/4502912
2026-09-03,커버낫,4503296,스케치 맨투맨 세이지 그린,0.0,0,49770,49770,49770,0,0,0.0,100.0,1,high,24.35,5,2,none,,0,https://www.musinsa.com/products/4503296
2026-09-03,코드그라피,4507712,(우먼) WAVE 로고 자가드 비니_2COLOR,0.0,0,19600,19600,19600,0,0,0.0,81.94,0,low,25.19,4,1,none,,0,https://www.musinsa.com/products/4507712
2026-09-03,수아레,4510208,올드 클로젯 체크 가디건 네이비,0.0,0,59900,59900,59900,0,0,0.0,90.79,0,low,24.31,4,1,none,,0,https://www.musinsa.com/products/4510208
2026-09-03,에이이에이이,4512768,WEB LOGO 5 PANNEL BALL CAP [CHARCOAL],6.8,284911,41900,41900,41900,0,0,0.0,100.0,1,high,24.31,15,2,none,,0,https://www.musinsa.com/products/4512768
2026-09-03,더블유엠씨,4513920,쉐르파 플리스 베스트_NAVY,0.0,0,69500,69500,69500,0,0,0.0,60.97,0,low,23.99,6,2,none,,0,https://www.musinsa.com/products/4513920
2026-09-03,바우로프로덕트,4515584,패턴 레귤러 헨리넥 니트티 [차콜],0.39,15614,39900,39900,39900,0,0,0.0,100.0,1,high,25.19,6,2,none,,0,https://www.musinsa.com/products/4515584
2026-09-03,로제프란츠,4516928,Wrap Off Shoulder Long Sleeve [Ivory],0.0,0,39240,39240,39240,0,0,0.0,81.95,0,low,25.19,4,1,none,,0,https://www.musinsa.com/products/4516928
2026-09-03,글로니,4517568,G STRAIGHT WOOL PANTS (CHARCOAL),0.0,0,137340,137340,137340,0,0,0.0,100.0,1,high,24.02,6,3,none,,0,https://www.musinsa.com/products/4517568
2026-09-03,베르만어패럴,4519488,SIMPLE LOGO 딥컷 나시 3color,0.0,0,31000,31000,31000,0,0,0.0,100.0,1,high,24.02,7,3,none,,0,https://www.musinsa.com/products/4519488
2026-09-03,더블유엠씨,4521024,[WMC x HINA] 러빙게이즈 맨투맨_NAVY,0.0,0,37800,37800,37800,0,0,0.0,60.98,0,low,23.99,6,2,none,,0,https://www.musinsa.com/products/4521024
2026-09-03,슬로우레코드하우스,4530112,SRH 레코드 볼캡_그레이,0.0,0,31500,31500,,0,,,18.04,0,low,6.24,2,1,none,,0,https://www.musinsa.com/products/4530112
2026-09-03,더니트컴퍼니,4531200,(W) 빈티지 워시드 스트레이트 데님 [브라운],0.0,0,31200,31200,31200,0,0,0.0,81.96,0,low,25.19,4,1,none,,0,https://www.musinsa.com/products/4531200
2026-09-03,러브이즈트루,4538816,SH SHOW US STAR HOODIE(IVORY),0.0,0,51650,51650,51650,0,0,0.0,60.98,0,low,23.99,6,2,none,,0,https://www.musinsa.com/products/4538816
2026-09-03,파르티멘토,4542720,100% 컬리 울 하프 코트 네이비,0.0,0,113400,113400,113400,0,0,0.0,100.0,1,high,24.35,5,2,none,,0,https://www.musinsa.com/products/4542720
2026-09-03,르아브,4543168,앨버트 스웨이드 럭색 블랙,0.0,0,157500,157500,157500,0,0,0.0,60.98,0,low,23.99,6,2,none,,0,https://www.musinsa.com/products/4543168
2026-09-03,브이투,4551104,[FW] 데일리 와이드 투턱 슬랙스_차콜,0.0,0,22500,22500,,0,,,18.03,0,low,6.24,2,1,none,,0,https://www.musinsa.com/products/4551104
2026-09-03,브이투,4551232,울 브러쉬 케이블 투웨이 후드 집업 니트_블랙,0.0,0,79200,79200,,0,,,18.03,0,low,6.24,2,1,none,,0,https://www.musinsa.com/products/4551232
2026-09-03,오픈야드(오와이),4552320,C.B DAMAGE LOGO WASHED DENIM JACKET-BLACK,0.0,0,114500,114500,,0,,,24.84,0,low,12.7,3,1,none,,0,https://www.musinsa.com/products/4552320
2026-09-03,오픈야드(오와이),4552960,C.Z KNIT CARDIGAN-NAVY,0.0,0,78000,78000,,0,,,24.83,0,low,12.7,3,1,none,,0,https://www.musinsa.com/products/4552960
2026-09-03,무센트,4558208,네라 와이드 데님 팬츠 빈티지 워싱 청바지,0.0,0,52120,52120,53910,1,-1790,-3.32,100.0,1,medium,24.35,5,2,none,,0,https://www.musinsa.com/products/4558208
2026-09-03,론론,4567872,BUTTON POINTED BASIC KNIT CARDIGAN RED,0.0,0,71280,71280,80190,1,-8910,-11.11,100.0,1,medium,24.02,6,3,none,,0,https://www.musinsa.com/products/4567872
2026-09-03,무드인사이드 우먼,4568064,(woman) 프리미엄 울 블레이저 자켓_Brown,1.05,60661,58008,60700,53530,1,7170,13.39,100.0,1,medium,10.63,12,5,none,,0,https://www.musinsa.com/products/4568064
2026-09-03,후드후드,4569408,스페이스 빌런 레오파드 후드 그레이,0.0,0,55300,55300,55300,0,0,0.0,81.97,0,low,19.12,5,3,none,,0,https://www.musinsa.com/products/4569408
2026-09-03,이미스,4577664,SHEARLING BACKPACK-BEIGE,0.0,0,98100,98100,,0,,,27.36,0,low,10.31,2,1,none,,0,https://www.musinsa.com/products/4577664
2026-09-03,이미스,4578496,SHEARLING DUFFLE BAG-BLACK,0.0,0,121500,121500,,0,,,27.36,0,low,10.31,2,1,none,,0,https://www.musinsa.com/products/4578496
2026-09-03,해칭룸,4582912,Boxer Tee Black,0.9,69916,78000,78000,78000,0,0,0.0,90.82,0,low,24.32,4,1,none,,0,https://www.musinsa.com/products/4582912
2026-09-03,시야쥬,4586688,SIPT7135 에센셜 기모 조거 스웨트 팬츠_Milk brown,0.0,0,77000,77000,77000,0,0,0.0,100.0,1,high,24.35,5,2,none,,0,https://www.musinsa.com/products/4586688
2026-09-03,링서울,4587840,kid mohair half neck knit-pink,0.0,0,81000,81000,91130,1,-10130,-11.12,60.99,0,low,23.99,6,2,none,,0,https://www.musinsa.com/products/4587840
2026-09-03,아틀리에나인,4588800,ESSENTIAL MOE PADDED SET-UP SKIRT(SK-4979),0.0,0,98100,98100,98100,0,0,0.0,100.0,1,high,24.0,5,2,none,,0,https://www.musinsa.com/products/4588800
2026-09-03,락케이크,4589632,Cargo Bootcut Jeans - Deep Blue,0.0,0,76440,76440,76440,0,0,0.0,100.0,1,high,23.99,7,3,none,,0,https://www.musinsa.com/products/4589632
2026-09-03,라이프워크,4589952,공용) 폴라 푸퍼 하이넥 베스트,0.0,0,103550,103550,,0,,,30.89,0,low,8.31,2,1,none,,0,https://www.musinsa.com/products/4589952
2026-09-03,제너럴아이디어,4590656,스퀘어넥 벌룬 니트 원피스 [BLACK] / WBD4L15511,0.0,0,46110,46110,46110,0,0,0.0,100.0,1,high,23.99,6,3,none,,0,https://www.musinsa.com/products/4590656
2026-09-03,링서울,4593600,soft wool hand warmer (4Color),0.0,0,22680,22680,25520,1,-2840,-11.13,60.99,0,low,23.99,6,2,none,,0,https://www.musinsa.com/products/4593600
2026-09-03,마인드브릿지우먼,4613184,[W]스트라이프 카라 가디건 - 2color,0.0,0,39900,39900,39900,0,0,0.0,100.0,1,high,24.0,5,2,none,,0,https://www.musinsa.com/products/4613184
2026-09-03,어나더오피스,4614656,Cloud Mid Socks (Heather Gray),0.0,0,11520,11520,11520,0,0,0.0,81.98,0,low,24.02,6,3,none,,0,https://www.musinsa.com/products/4614656
2026-09-03,커버낫,4618688,[커버낫 X 2024 MAMA AWARDS] 그래픽 후디 블랙,0.0,0,62370,62370,62370,0,0,0.0,100.0,1,high,24.36,5,2,none,,0,https://www.musinsa.com/products/4618688
2026-09-03,로제프란츠,4619008,Two-way Twist Knit Zip-up [Brick Red],0.0,0,37400,37400,37400,0,0,0.0,81.98,0,low,25.19,4,1,none,,0,https://www.musinsa.com/products/4619008
2026-09-03,아틀리에나인,4620544,CHERIE PADDED TWEED JACKET(JK-2989),0.0,0,268200,268200,268200,0,0,0.0,100.0,1,high,24.0,5,2,none,,0,https://www.musinsa.com/products/4620544
2026-09-03,루에브르,4621184,Pointe Bottes HA4AD006-97,0.0,0,389000,389000,389000,0,0,0.0,100.0,1,high,23.99,7,3,none,,0,https://www.musinsa.com/products/4621184
2026-09-03,유니온블루,4623168,FOX WAFFLE SWEATER [NATURAL BROWN],0.0,0,136080,136080,136080,0,0,0.0,100.0,1,high,23.99,6,3,none,,0,https://www.musinsa.com/products/4623168
2026-09-03,카고브로스포우먼,4630848,소프트 패딩 윈터 트루퍼햇 (베이지),0.0,0,29400,29400,,0,,,24.82,0,low,12.7,3,1,none,,0,https://www.musinsa.com/products/4630848
2026-09-03,커버낫,4630976,코듀라 아치 로고 웨빙 미디움 크로스백 올리브,0.0,0,48060,48060,48060,0,0,0.0,100.0,1,high,24.36,5,2,none,,0,https://www.musinsa.com/products/4630976
2026-09-03,브룩스 브라더스,4637824,클래식핏 울 블랙와치 트라우저 (멀티) (BBPTMF47207EF),0.0,0,179400,179400,179400,0,0,0.0,61.01,0,low,23.99,6,2,none,,0,https://www.musinsa.com/products/4637824
2026-09-03,1993스튜디오,4637952,[CHODAN] 시그니처 포즈 자수 체크 셔츠_브라운,0.0,0,71100,71100,71100,0,0,0.0,60.34,0,low,24.36,5,1,none,,0,https://www.musinsa.com/products/4637952
2026-09-03,유라고,4645760,Cable half zip-up knit,0.0,0,117800,117800,117800,0,0,0.0,64.49,0,low,24.0,4,1,none,,0,https://www.musinsa.com/products/4645760
2026-09-03,나이스고스트클럽,4647232,[X SOULPUSSSY CAT]GHOSTSOULGIRL ACRYLIC CAT KEY CHAIN_MIX(NG2EFUAB90D),0.0,0,15660,15660,15660,0,0,0.0,61.01,0,low,23.99,6,2,none,,0,https://www.musinsa.com/products/4647232
2026-09-03,론론,4649024,RIBBON HEART PATTERN HAIRY KNIT PULLOVER BROWN BLUE,0.0,0,95760,95760,107730,1,-11970,-11.11,100.0,1,medium,24.02,6,3,none,,0,https://www.musinsa.com/products/4649024
2026-09-03,테켓,4650688,Joyful Tote Bag Ivory,0.0,0,65000,65000,,0,,,30.86,0,low,8.32,2,1,none,,0,https://www.musinsa.com/products/4650688
2026-09-03,트리밍버드,4656192,Minimal Cowhide Leather Belt [ Black ],0.02,1694,79000,79000,79000,0,0,0.0,100.0,1,high,24.02,6,3,none,,0,https://www.musinsa.com/products/4656192
2026-09-03,바우로프로덕트,4661248,울 포켓 셔츠 [차콜],0.0,0,99000,99000,99000,0,0,0.0,100.0,1,high,25.19,6,2,none,,0,https://www.musinsa.com/products/4661248
2026-09-03,엘엠씨,4672896,PIGMENT DYED WORK EASY PANTS ivory,0.0,0,83850,83850,,0,,,17.99,0,low,6.24,2,1,none,,0,https://www.musinsa.com/products/4672896
2026-09-03,에이치덱스,4674816,우먼스 빅후드 데미지 피그먼트 크롭 후디 (Pigment Pink),0.0,0,73500,73500,73500,0,0,0.0,82.02,0,low,25.2,4,1,none,,0,https://www.musinsa.com/products/4674816
2026-09-03,키뮤어,4679424,빈티지 패치 포켓 데님 워크 자켓_브라운,0.0,0,83300,83300,83300,0,0,0.0,100.0,1,high,24.02,6,3,none,,0,https://www.musinsa.com/products/4679424
2026-09-03,유니폼브릿지,4680896,UBC basic sweat hoodie 8% melange grey,0.0,0,49500,49500,49500,0,0,0.0,100.0,1,high,23.99,6,3,none,,0,https://www.musinsa.com/products/4680896
2026-09-03,바우로프로덕트,4681280,헤비 울 크롭 라운드 가디건 [블랙],0.0,0,139000,139000,139000,0,0,0.0,100.0,1,high,25.2,6,2,none,,0,https://www.musinsa.com/products/4681280
2026-09-03,바우로프로덕트,4681344,헤비 울 크롭 가디건 [브라운],0.0,0,119000,119000,119000,0,0,0.0,100.0,1,high,25.2,6,2,none,,0,https://www.musinsa.com/products/4681344
2026-09-03,더콜디스트모먼트,4684032,TCM at hooded zip-up (black),0.0,0,96390,96390,,0,,,24.81,0,low,12.7,3,1,none,,0,https://www.musinsa.com/products/4684032
2026-09-03,데상트,4687040,영애슬릿 스포츠테리 조거 팬츠 멜란지 그레이(SQ12JUKP22),0.0,0,39500,39500,,0,,,30.84,0,low,8.32,2,1,none,,0,https://www.musinsa.com/products/4687040
2026-09-03,유니폼브릿지,4687296,jungle air force sweatshirt pigment charcoal,0.0,0,43600,43600,43600,0,0,0.0,100.0,1,high,23.99,6,3,none,,0,https://www.musinsa.com/products/4687296
2026-09-03,트래블,4694272,롤업 절개 데님 팬츠 블루,0.0,0,47920,47920,47920,0,0,0.0,100.0,1,high,23.99,7,3,none,,0,https://www.musinsa.com/products/4694272
2026-09-03,제너럴아이디어,4695744,멀티 스트라이프 크루넥 가디건 [PINK] / WBE1L04504,0.0,0,64000,64000,64000,0,0,0.0,100.0,1,high,23.98,6,3,none,,0,https://www.musinsa.com/products/4695744
2026-09-03,내셔널지오그래픽,4695872,N255ACR630 데일리 슬링백 GREY,0.0,0,50560,50560,,0,,,24.8,0,low,12.7,3,1,none,,0,https://www.musinsa.com/products/4695872
2026-09-03,로제프란츠,4697664,Check Shirring Tie Shirt [Brown],0.0,0,37400,37400,37400,0,0,0.0,82.02,0,low,25.2,4,1,none,,0,https://www.musinsa.com/products/4697664
2026-09-03,카비시,4698240,DELIC LAYERED LS TEE PINK(CV2FSUT579A),0.0,0,37490,37490,,0,,,17.97,0,low,6.24,2,1,none,,0,https://www.musinsa.com/products/4698240
2026-09-03,내셔널지오그래픽,4699072,N251UPT950 마게이 카고포켓 조거 팬츠 M/IVORY,0.0,0,66640,66640,,0,,,24.79,0,low,12.7,3,1,none,,0,https://www.musinsa.com/products/4699072
2026-09-03,이미스,4700608,SILVER LOGO MINI ECO BAG-SKY BLUE,0.0,0,37800,37800,,0,,,27.32,0,low,10.31,2,1,none,,0,https://www.musinsa.com/products/4700608
2026-09-03,수아레,4703168,네오프렌 트러커 데님 자켓 블랙,0.0,0,54500,54500,54500,0,0,0.0,90.89,0,low,24.33,4,1,none,,0,https://www.musinsa.com/products/4703168
2026-09-03,나인제트,4703744,시그니처 윈드 브레이커 자켓 25JK01,0.0,0,84000,84000,84000,0,0,0.0,90.89,0,low,24.33,4,1,none,,0,https://www.musinsa.com/products/4703744
2026-09-03,일꼬르소,4704960,NEW 컴포트 셔츠 버터옐로우  IESH5E101Y1,0.0,0,48960,48960,48960,0,0,0.0,100.0,1,high,24.37,5,2,none,,0,https://www.musinsa.com/products/4704960
2026-09-03,마인드브릿지우먼,4705344,[W][COUTURE]스티치 셔츠,0.9,31501,34900,34900,34900,0,0,0.0,100.0,1,high,24.0,5,2,none,,0,https://www.musinsa.com/products/4705344
2026-09-03,엘무드,4705536,마르코스 울 트러커 자켓 블랙,0.59,154008,259200,259200,259200,0,0,0.0,100.0,1,high,24.37,5,2,none,,0,https://www.musinsa.com/products/4705536
2026-09-03,내셔널지오그래픽,4706112,N251WPT050 여성 매너티 포켓 조거 팬츠 M/GREY,0.0,0,83300,83300,,0,,,24.79,0,low,12.7,3,1,none,,0,https://www.musinsa.com/products/4706112
2026-09-03,엠엠엘지,4708992,[Mmlg] NYLON WIDE PANTS (BEIGE),0.0,0,47400,47400,,0,,,30.83,0,low,8.32,2,1,none,,0,https://www.musinsa.com/products/4708992
2026-09-03,아메스월드와이드,4709376,GRAPHIC RAGLAN SWEATSHIRT BLUE,0.0,0,28320,28320,28320,0,0,0.0,100.0,1,high,24.33,5,2,none,,0,https://www.musinsa.com/products/4709376
2026-09-03,키르시,4716928,키르시 플레인 슬림핏 셔츠 [아이보리],0.0,0,41400,41400,41400,0,0,0.0,100.0,1,high,24.37,5,2,none,,0,https://www.musinsa.com/products/4716928
2026-09-03,내셔널지오그래픽,4720064,N255ACR640 브레이브 슬링백 BLACK,0.0,0,56960,56960,,0,,,24.78,0,low,12.7,3,1,none,,0,https://www.musinsa.com/products/4720064
2026-09-03,배드블러드,4720128,비욘드 소프트 후드 슬림핏 - 스트라이프 블랙,0.0,0,68800,68800,68800,0,0,0.0,100.0,1,high,24.02,6,3,none,,0,https://www.musinsa.com/products/4720128
2026-09-03,트래블,4720512,워싱 와플 믹스 후드 집업 블랙,0.0,0,55920,55920,55920,0,0,0.0,100.0,1,high,23.99,7,3,none,,0,https://www.musinsa.com/products/4720512
2026-09-03,아웃스탠딩,4721664,[3PACK] MIGHTY TIGER LOGO SOCKS_WHITE,0.0,0,25200,25200,25200,0,0,0.0,41.66,0,low,23.99,6,2,none,,0,https://www.musinsa.com/products/4721664
2026-09-03,마하그리드,4722048,ROPE LOGO SATIN JACKET BLUE(MG2FSMJ246A),0.0,0,127200,127200,,0,,,24.77,0,low,12.7,3,1,none,,0,https://www.musinsa.com/products/4722048
2026-09-03,일꼬르소,4722688,빅 사이즈 Washed PLO logo 5패널 볼캡 모자 블랙 IEHE5G002BK,0.0,0,21450,21450,21450,0,0,0.0,100.0,1,high,24.37,5,2,none,,0,https://www.musinsa.com/products/4722688
2026-09-03,로우로우,4725888,CABINET 캐빈 (35L/20인치) [5colors],0.0,0,335900,335900,335900,0,0,0.0,61.03,0,low,23.99,6,2,none,,0,https://www.musinsa.com/products/4725888
2026-09-03,데상트,4728896,우먼스 롱 브라탑 코랄(SQ122PBR12),0.0,0,49500,49500,,0,,,30.81,0,low,8.32,2,1,none,,0,https://www.musinsa.com/products/4728896
2026-09-03,알리스,4729472,유틸리티 멀티 크로스백 [매트블랙],0.9,55034,61370,61370,61370,0,0,0.0,90.92,0,low,24.33,4,1,none,,0,https://www.musinsa.com/products/4729472
2026-09-03,노매뉴얼,4734272,RAW VISION DENIM PANTS - WASHED BLACK,0.9,82513,92000,92000,92000,0,0,0.0,90.94,0,low,24.33,4,1,none,,0,https://www.musinsa.com/products/4734272
2026-09-03,노매뉴얼,4734400,METAL CORAL REEF T-SHIRT - CHARCOAL,0.0,0,29400,29400,29400,0,0,0.0,90.95,0,low,24.33,4,1,none,,0,https://www.musinsa.com/products/4734400
2026-09-03,노매뉴얼,4734528,SEERSUCKER CHECK SHIRTS - IVORY,0.0,0,88200,88200,88200,0,0,0.0,90.95,0,low,24.33,4,1,none,,0,https://www.musinsa.com/products/4734528
2026-09-03,디스이즈네버댓,4735296,SP-Logo Socks 3Pack Black,0.0,0,29000,29000,29000,0,0,0.0,100.0,1,high,24.37,5,2,none,,0,https://www.musinsa.com/products/4735296
2026-09-03,디스이즈네버댓,4735360,Striped Knit L/S Top Olive,0.0,0,69500,69500,69500,0,0,0.0,100.0,1,high,24.37,5,2,none,,0,https://www.musinsa.com/products/4735360
2026-09-03,마하그리드,4739328,BIG GOTHIC CUT OFF PIGMENT ZIP-UP HOODIE CHARCOAL(MG2FSMM491A),0.0,0,53550,53550,,0,,,24.75,0,low,12.7,3,1,none,,0,https://www.musinsa.com/products/4739328
2026-09-03,드로우핏,4739968,와이드 카펜터 워크 팬츠 [BLACK],0.0,0,59400,59400,59400,0,0,0.0,82.05,0,low,25.2,4,1,none,,0,https://www.musinsa.com/products/4739968
2026-09-03,1993스튜디오,4740864,93 브이넥 메쉬 저지 롱슬리브_블랙,0.0,0,31270,31270,31270,0,0,0.0,100.0,1,high,24.37,5,2,none,,0,https://www.musinsa.com/products/4740864
2026-09-03,러프사이드,4741888,Primary Shirt Mud Plaid,0.0,0,188000,188000,188000,0,0,0.0,64.51,0,low,24.0,4,1,none,,0,https://www.musinsa.com/products/4741888
2026-09-03,샌드뮤지엄,4742016,PONY KEYRING [Zebra Tan],0.0,0,28800,28800,,0,,,27.29,0,low,10.31,2,1,none,,0,https://www.musinsa.com/products/4742016
2026-09-03,더엣지,4745152,클로딘 러플 블라우스,0.0,0,44900,44900,,0,,,24.74,0,low,12.7,3,1,none,,0,https://www.musinsa.com/products/4745152
2026-09-03,메인부스,4747456,[아톰] 매트릭스 티셔츠(블랙),0.0,0,24500,24500,24500,0,0,0.0,82.06,0,low,25.2,4,1,none,,0,https://www.musinsa.com/products/4747456
2026-09-03,언탭트스튜디오,4752768,[2PACK]오버핏 헨리넥 카라 니트 티셔츠 2Color,0.0,0,59730,59730,59730,0,0,0.0,100.0,1,high,23.99,7,3,none,,0,https://www.musinsa.com/products/4752768
2026-09-03,아웃스탠딩,4755200,BASKETBALL WARMUP PULLOVER_BLACK,0.0,0,39000,39000,39000,0,0,0.0,100.0,1,high,23.99,6,3,none,,0,https://www.musinsa.com/products/4755200
2026-09-03,파르티멘토 우먼,4760000,PWC 코튼 턴오버 웨이스트 스웻팬츠_에크루,0.0,0,38880,38880,43740,1,-4860,-11.11,90.98,0,low,24.34,4,1,none,,0,https://www.musinsa.com/products/4760000
2026-09-03,루에브르,4760256,Carre Slingbacks HA5SC006-FH,0.0,0,179000,179000,179000,0,0,0.0,100.0,1,high,23.99,7,3,none,,0,https://www.musinsa.com/products/4760256
2026-09-03,노이어,4760960,울 원 턱 릴렉스 슬랙스 (카키),0.0,0,106500,106500,106500,0,0,0.0,100.0,1,high,24.02,6,3,none,,0,https://www.musinsa.com/products/4760960
2026-09-03,파르티멘토 우먼,4761216,컷오프 93 언발란스드 트랙 집업_오프 화이트,0.0,0,51840,51840,58320,1,-6480,-11.11,91.0,0,low,24.34,4,1,none,,0,https://www.musinsa.com/products/4761216
2026-09-03,길라아카이브,4762880,STAR WING HOOD ZIP-UP_GY,0.52,40990,78480,78480,78480,0,0,0.0,61.06,0,low,23.99,6,2,none,,0,https://www.musinsa.com/products/4762880
2026-09-03,후드후드,4763648,HD 로고 아플리케 백팩 레오파드,0.0,0,63770,63770,63770,0,0,0.0,82.07,0,low,25.2,4,1,none,,0,https://www.musinsa.com/products/4763648
2026-09-03,가까이유니언즈,4766848,더블 포스타 자수 버뮤다 쇼츠 카키,0.0,0,33600,33600,33600,0,0,0.0,100.0,1,high,24.0,5,2,none,,0,https://www.musinsa.com/products/4766848
2026-09-03,인사일런스 우먼,4768128,포우 레더 카코트 BLACK,1.0,208050,208050,208050,208050,0,0,0.0,100.0,1,high,24.02,6,3,none,,0,https://www.musinsa.com/products/4768128
2026-09-03,세터,4772416,로렌 스몰 로고 리벳 후드 티셔츠 오트밀,0.0,0,119000,119000,119000,0,0,0.0,64.53,0,low,24.0,4,1,none,,0,https://www.musinsa.com/products/4772416
2026-09-03,아틀리에나인,4772608,SOLID POCKET SLIM TEE(T-6993),0.0,0,29020,29020,29020,0,0,0.0,100.0,1,high,24.0,5,2,none,,0,https://www.musinsa.com/products/4772608
2026-09-03,프리즘웍스,4773312,WADING HOODED PARKA _ MUSTARD,0.0,0,90720,90720,90720,0,0,0.0,100.0,1,high,24.02,6,3,none,,0,https://www.musinsa.com/products/4773312
2026-09-03,아메스월드와이드,4773440,52 LOGO RAGLAN TEE KHAKI,0.0,0,23400,23400,23400,0,0,0.0,100.0,1,high,24.34,5,2,none,,0,https://www.musinsa.com/products/4773440
2026-09-03,무센트,4779712,시그니처 하트 레터링 백 로고 스웻 팬츠 남녀공용 (2컬러),0.0,0,41600,41600,41600,0,0,0.0,100.0,1,high,24.39,5,2,none,,0,https://www.musinsa.com/products/4779712
2026-09-03,하이스쿨디스코,4781184,셔츠 레이어드 스커트_아이보리,0.0,0,63360,63360,,0,,,30.75,0,low,8.32,2,1,none,,0,https://www.musinsa.com/products/4781184
2026-09-03,다이닛,4782080,CHECK BOMBER JACKET IN BLACK,0.0,0,148000,148000,,0,,,24.72,0,low,12.7,3,1,none,,0,https://www.musinsa.com/products/4782080
2026-09-03,아이돈워너셀,4783488,System Down T-Shirt Black,0.59,24010,40500,40500,40500,0,0,0.0,100.0,1,high,24.39,5,2,none,,0,https://www.musinsa.com/products/4783488
2026-09-03,웬즈데이오아시스,4784000,90s 클래식 피쉬테일 롱 야상 자켓_Beige(WC25-OT02),0.0,0,101500,101500,101500,0,0,0.0,100.0,1,high,23.99,7,3,none,,0,https://www.musinsa.com/products/4784000
2026-09-03,로라로라,4784640,SEE-THROUGH LAYERED SKIRT SKY,0.0,0,63200,63200,,0,,,27.27,0,low,10.31,2,1,none,,0,https://www.musinsa.com/products/4784640
2026-09-03,로라로라,4784704,ROUND SKASHI KNIT CARDIGAN BROWN,0.0,0,71250,71250,,0,,,27.26,0,low,10.31,2,1,none,,0,https://www.musinsa.com/products/4784704
2026-09-03,이미스,4785472,HEART QUILTED SHOULDER BAG-PINK,0.0,0,71100,71100,,0,,,27.26,0,low,10.31,2,1,none,,0,https://www.musinsa.com/products/4785472
2026-09-03,기철,4786624,Yk 0605 boot cut slacks (grey),0.0,0,49800,49800,49800,0,0,0.0,64.55,0,low,24.0,4,1,none,,0,https://www.musinsa.com/products/4786624
2026-09-03,스컬프터,4787712,Union Jack Engineered Denim Indigo Gray,0.0,0,111600,111600,111600,0,0,0.0,100.0,1,high,23.99,6,3,none,,0,https://www.musinsa.com/products/4787712
2026-09-03,라이프워크,4790592,파이어 힙독 MA-1 자켓,0.0,0,169000,169000,,0,,,30.74,0,low,8.32,2,1,none,,0,https://www.musinsa.com/products/4790592
2026-09-03,키르시,4791232,키르시 X 비바스튜디오 로고 스웨트셔츠 [멜란지 그레이],0.0,0,47400,47400,47400,0,0,0.0,100.0,1,high,24.39,5,2,none,,0,https://www.musinsa.com/products/4791232
2026-09-03,프리즘웍스,4791552,WASHED OFFICER CHINO PANTS _ OLIVE,0.0,0,48060,48060,48060,0,0,0.0,100.0,1,low,40.12,5,2,none,,0,https://www.musinsa.com/products/4791552
2026-09-03,미드나잇무브,4792640,7 pk pants (khaki),0.0,0,26400,26400,,0,,,27.25,0,low,7.49,2,1,none,,0,https://www.musinsa.com/products/4792640
2026-09-03,이지노이지,4793088,워시드 크롭 스카쟌 - 핑크,0.62,98412,159900,159900,159900,0,0,0.0,64.56,0,low,22.11,5,3,none,,0,https://www.musinsa.com/products/4793088
2026-09-03,더그린랩,4793152,스트라이프 어깨끈 장식 니트 [네이비],0.0,0,38640,38640,,0,,,30.74,0,low,8.32,2,1,none,,0,https://www.musinsa.com/products/4793152
2026-09-03,꼼파뇨,4794112,RAIN TEDDY 피그먼트 반팔티 스모크블랙,0.0,0,33800,33800,33800,0,0,0.0,91.05,0,low,24.35,4,1,none,,0,https://www.musinsa.com/products/4794112
2026-09-03,커버낫,4797056,세미와이드 스트링 카고 이지 팬츠 Dark Navy,0.0,0,62100,62100,62100,0,0,0.0,100.0,1,high,24.39,5,2,none,,0,https://www.musinsa.com/products/4797056
2026-09-03,커버낫,4797824,스몰 어센틱 롱슬리브 Lemon,0.0,0,31500,31500,31500,0,0,0.0,100.0,1,high,24.39,5,2,none,,0,https://www.musinsa.com/products/4797824
2026-09-03,커버낫,4797888,C로고 카라 바시티 자켓 Charcoal,0.0,0,89100,89100,89100,0,0,0.0,100.0,1,high,24.39,5,2,none,,0,https://www.musinsa.com/products/4797888
2026-09-03,인사일런스,4798592,밀리터리 코튼 팬츠 BLACK,0.0,0,103680,103680,103680,0,0,0.0,100.0,1,high,24.39,5,2,none,,0,https://www.musinsa.com/products/4798592
2026-09-03,본투윈,4799296,85 ATH REVERSE SWEATSHIRTS [BLACK],0.0,0,75600,75600,75600,0,0,0.0,100.0,1,high,23.99,6,3,none,,0,https://www.musinsa.com/products/4799296
2026-09-03,루에브르,4799488,Semi-wide Denim Pants SJ5SL143_2color,0.0,0,149000,149000,149000,0,0,0.0,100.0,1,high,23.99,7,3,none,,0,https://www.musinsa.com/products/4799488
2026-09-03,맥우드건,4799680,페이트로 4807 코튼캔버스 와이드핏 크림 카고팬츠,0.0,0,64400,64400,,0,,,30.74,0,low,8.32,2,1,none,,0,https://www.musinsa.com/products/4799680
2026-09-03,엠엠엘지,4803008,[Mmlg] STROKE HF SWEAT (EVERY BLACK),0.0,0,43400,43400,,0,,,30.73,0,low,8.32,2,1,none,,0,https://www.musinsa.com/products/4803008
2026-09-03,리브레너,4803776,마린베어 20수 크루넥 반팔티셔츠 다크그레이,0.0,0,21900,21900,,0,,,24.71,0,low,12.7,3,1,none,,0,https://www.musinsa.com/products/4803776
2026-09-03,로제프란츠,4804288,Ribbon Mermaid Long Dress [Cream],0.0,0,150640,150640,150640,0,0,0.0,82.09,0,low,25.2,4,1,none,,0,https://www.musinsa.com/products/4804288
2026-09-03,몰든,4805504,크랙 오버핏 티셔츠,1.0,28560,28560,28560,28560,0,0,0.0,100.0,1,high,23.99,7,3,none,,0,https://www.musinsa.com/products/4805504
2026-09-03,르아브,4806016,쿠와무라 더블워셔 엣지 체크 셔츠,0.0,0,106400,106400,106400,0,0,0.0,61.07,0,low,23.99,6,2,none,,0,https://www.musinsa.com/products/4806016
2026-09-03,론론,4812416,COZY TOGGLE FISHERMAN KNIT CARDIGAN IVORY,0.0,0,103680,103680,116640,1,-12960,-11.11,100.0,1,medium,24.02,6,3,none,,0,https://www.musinsa.com/products/4812416
2026-09-03,론론,4812544,STRIPE HENRYNECK COLLAR SLIM LONG SLEEVE KNIT BLUE RED,0.0,0,63360,63360,71280,1,-7920,-11.11,100.0,1,medium,24.02,6,3,none,,0,https://www.musinsa.com/products/4812544
2026-09-03,배드블러드,4812864,러스티 데님 브이넥 롱슬리브 - 블랙,0.0,0,87200,87200,87200,0,0,0.0,100.0,1,high,24.02,6,3,none,,0,https://www.musinsa.com/products/4812864
2026-09-03,프리즘웍스,4814336,SEERSUCKER FEATHER CAP _ NAVY,0.0,0,25200,25200,25200,0,0,0.0,100.0,1,high,24.02,6,3,none,,0,https://www.musinsa.com/products/4814336
2026-09-03,게인스보로,4814784,GB성조기 로고 후드티_브라운,0.0,0,43400,43400,,0,,,24.7,0,low,12.7,3,1,none,,0,https://www.musinsa.com/products/4814784
2026-09-03,와이케이,4815680,디테쳐블 비즈 스트링 메쉬 볼캡 스카이블루,0.0,0,46500,46500,46500,0,0,0.0,61.08,0,low,23.99,6,2,none,,0,https://www.musinsa.com/products/4815680
2026-09-03,트위,4815936,웨드 숄더 스트랩 버튼 니트,0.0,0,26910,26910,,0,,,27.24,0,low,10.31,2,1,none,,0,https://www.musinsa.com/products/4815936
2026-09-03,오픈야드(오와이),4816576,STONE DOLLY CROPPED CREWNECK - BLACK,0.0,0,59500,59500,,0,,,24.7,0,low,12.7,3,1,none,,0,https://www.musinsa.com/products/4816576
2026-09-03,후드후드,4822912,더블사이디드 호보백 레오파드,0.78,31560,40370,40370,40370,0,0,0.0,82.1,0,low,25.2,4,1,none,,0,https://www.musinsa.com/products/4822912
2026-09-03,넌블랭크,4825024,워싱 슬럽 데님 셔츠_BLUE,0.0,0,103920,103920,103920,0,0,0.0,61.09,0,low,23.99,6,2,none,,0,https://www.musinsa.com/products/4825024
2026-09-03,트립르센스,4826432,[유튜버 PICK] 커스텀 미드 플레어 슬랙스_블랙,0.52,46571,89100,89100,89100,0,0,0.0,61.09,0,low,23.99,6,2,none,,0,https://www.musinsa.com/products/4826432
2026-09-03,르바,4828608,Layered Long Sleeve T-shirt - Light Grey,0.0,0,46800,46800,46800,0,0,0.0,82.11,0,low,25.2,4,1,none,,0,https://www.musinsa.com/products/4828608
2026-09-03,꼼파뇨,4828928,DTP 메리 헤일 반팔티 화이트,0.0,0,33800,33800,33800,0,0,0.0,91.09,0,low,24.36,4,1,none,,0,https://www.musinsa.com/products/4828928
2026-09-03,르바,4831808,Becoming Leather Hobo Bag - Black,0.0,0,224100,224100,224100,0,0,0.0,82.11,0,low,25.2,4,1,none,,0,https://www.musinsa.com/products/4831808
2026-09-03,제이엘브,4836864,심볼자수 크롭 숏슬리브 [차콜],0.0,0,28800,28800,28800,0,0,0.0,61.1,0,low,23.99,6,2,none,,0,https://www.musinsa.com/products/4836864
2026-09-03,에이치덱스,4837312,코어 스몰 로고 자이언트핏 숏 슬리브 (Black),13.47,560174,41600,41600,41600,0,0,0.0,100.0,1,low,17.38,23,6,none,,0,https://www.musinsa.com/products/4837312
2026-09-03,그레이버,4842624,[UNISEX]GIRL&BOY 맨투맨_2color,0.0,0,46900,46900,,0,,,30.69,0,low,8.32,2,1,none,,0,https://www.musinsa.com/products/4842624
2026-09-03,르바,4843712,[5PACK] Fine Ribbed Cotton Socks - 9colors,0.0,0,33120,33120,33120,0,0,0.0,82.12,0,low,25.21,4,1,none,,0,https://www.musinsa.com/products/4843712
2026-09-03,레터리,4850560,DOT HALF SLEEVE DRESS_BLACK,0.0,0,80000,80000,,0,,,30.68,0,low,8.32,2,1,none,,0,https://www.musinsa.com/products/4850560
2026-09-03,무센트,4852288,시그니처 로고 포인트 선글라스 남녀공용,1.19,42906,35910,34720,35910,1,-1190,-3.31,100.0,1,medium,23.99,8,3,none,,0,https://www.musinsa.com/products/4852288
2026-09-03,디앤에스알,4853248,엠블럼 스웨트 셔츠 네이비,0.0,0,64800,64800,64800,0,0,0.0,64.58,0,low,24.0,4,1,none,,0,https://www.musinsa.com/products/4853248
2026-09-03,세터,4853824,빈티지 캐쥬얼 아플리케 볼캡 레드,0.0,0,69000,69000,69000,0,0,0.0,64.58,0,low,24.0,4,1,none,,0,https://www.musinsa.com/products/4853824
2026-09-03,세터,4854080,럭비 스트라이프 피케 롱 슬리브 네이비,0.0,0,139000,139000,139000,0,0,0.0,64.58,0,low,24.0,4,1,none,,0,https://www.musinsa.com/products/4854080
2026-09-03,비터셀즈,4854272,체리 베리 티-다크 그레이,2.0,63180,31590,31590,31590,0,0,0.0,91.11,0,low,9.52,8,5,none,,0,https://www.musinsa.com/products/4854272
2026-09-03,세터,4854336,패러세일 후드 집업 자켓 크림,0.0,0,249000,249000,249000,0,0,0.0,64.59,0,low,24.0,4,1,none,,0,https://www.musinsa.com/products/4854336
2026-09-03,디스이즈네버댓,4854848,(SS25) T.N.T. Classic HDP Tee Navy,0.59,24443,41300,41300,41300,0,0,0.0,100.0,1,high,24.41,5,2,none,,0,https://www.musinsa.com/products/4854848
2026-09-03,비터셀즈,4855104,클라우디 러플 백-민트,0.0,0,47030,47030,47030,0,0,0.0,91.11,0,low,24.36,4,1,none,,0,https://www.musinsa.com/products/4855104
2026-09-03,1993스튜디오,4855360,복싱 클럽 빈티지 그래픽 티셔츠_크림,0.0,0,23950,23950,23950,0,0,0.0,100.0,1,high,24.41,5,2,none,,0,https://www.musinsa.com/products/4855360
2026-09-03,브룩스 브라더스,4860480,린넨 블레이저 스웨터 (그레이) (BBWCMM8846WFS),0.0,0,299400,299400,299400,0,0,0.0,61.11,0,low,23.99,3,2,none,,0,https://www.musinsa.com/products/4860480
2026-09-03,로제프란츠,4860544,Nickel Round Cardigan [Black],0.0,0,44200,44200,44200,0,0,0.0,82.14,0,low,25.21,4,1,none,,0,https://www.musinsa.com/products/4860544
2026-09-03,글로니,4861312,G RACERBACK TANK (3 colors),0.0,0,38880,38880,38880,0,0,0.0,100.0,1,high,24.02,6,3,none,,0,https://www.musinsa.com/products/4861312
2026-09-03,1993스튜디오,4862592,오리지널 라글란 배색 티셔츠_라이트그레이,0.0,0,30450,30450,30450,0,0,0.0,100.0,1,high,24.41,5,2,none,,0,https://www.musinsa.com/products/4862592
2026-09-03,아티스트웨어,4862656,[ATW] 페더크로스 맨투맨,0.0,0,47400,47400,,0,,,24.68,0,low,12.7,3,1,none,,0,https://www.musinsa.com/products/4862656
2026-09-03,카키포인트,4863168,Pigment Hood Zip-up (light gray),0.0,0,135950,135950,114480,1,21470,18.75,100.0,1,medium,23.99,7,3,none,,0,https://www.musinsa.com/products/4863168
2026-09-03,론론,4865344,PENDANT SAILOR FRILL EYELET CARDIGAN SOFT BLUE,0.0,0,47520,47520,53460,1,-5940,-11.11,100.0,1,medium,24.02,6,3,none,,0,https://www.musinsa.com/products/4865344
2026-09-03,론론,4865600,FRILLY RUFFLE RIBBON TIE VINTAGE BLOUSE WHITE,0.0,0,79200,79200,89100,1,-9900,-11.11,100.0,1,medium,24.02,6,3,none,,0,https://www.musinsa.com/products/4865600
2026-09-03,더블유엠씨,4866304,슬로건 자수 니트_NAVY,0.0,0,39600,39600,39600,0,0,0.0,61.11,0,low,23.99,6,2,none,,0,https://www.musinsa.com/products/4866304
2026-09-03,데꼬로소,4871104,베일 헨리넥 니트 [화이트],0.0,0,58600,58600,58600,0,0,0.0,61.11,0,low,12.46,9,5,none,,0,https://www.musinsa.com/products/4871104
2026-09-03,그레이버,4875136,[UNISEX]ABSENT 래글런 롱슬리브 티셔츠_2color,0.0,0,29400,29400,,0,,,30.65,0,low,8.33,2,1,none,,0,https://www.musinsa.com/products/4875136
2026-09-03,오픈야드(오와이),4875520,DOLLY WITH ODOLLY TEE - WHITE,0.0,0,27600,27600,,0,,,24.67,0,low,12.71,3,1,none,,0,https://www.musinsa.com/products/4875520
2026-09-03,에이이에이이,4876352,SCHOOL BOY DUFFLE BAG [WHITE],0.0,0,40050,40050,40050,0,0,0.0,91.12,0,low,24.36,4,1,none,,0,https://www.musinsa.com/products/4876352
2026-09-03,마하그리드,4887680,BASIC LOGO TEE OATMEAL(MG2CMMT502A),0.0,0,26100,26100,,0,,,24.66,0,low,12.7,3,1,none,,0,https://www.musinsa.com/products/4887680
2026-09-03,마하그리드,4887808,BACK THIRD LOGO TEE BLACK(MG2FMMT502A),0.0,0,35100,35100,,0,,,24.66,0,low,12.7,3,1,none,,0,https://www.musinsa.com/products/4887808
2026-09-03,마하그리드,4889664,FOOTBALL RINGER TEE BLACK(MG2FMFT587A),0.0,0,34400,34400,,0,,,24.66,0,low,12.7,3,1,none,,0,https://www.musinsa.com/products/4889664
2026-09-03,더바넷,4890240,Campie Sweat Drawstring Jogger Pants_Khaki,0.0,0,88200,88200,88200,0,0,0.0,82.15,0,low,25.21,4,1,none,,0,https://www.musinsa.com/products/4890240
2026-09-03,에이치덱스,4892800,워시드 스티치 데님 볼캡 (Black),0.0,0,36000,36000,36000,0,0,0.0,82.15,0,low,25.21,4,1,none,,0,https://www.musinsa.com/products/4892800
2026-09-03,베이직하우스,4893824,남성 쿨 소로나 레귤러핏 라운드넥 반팔 티셔츠 그린 LZTS3107,0.0,0,13900,13900,,0,,,30.63,0,low,8.33,2,1,none,,0,https://www.musinsa.com/products/4893824
2026-09-03,제로,4894272,클린 데님 오버 쇼츠,0.0,0,19500,19500,19500,0,0,0.0,64.59,0,low,24.0,7,1,none,,0,https://www.musinsa.com/products/4894272
2026-09-03,더콜디스트모먼트,4894976,TCM foy cap (charcoal),0.0,0,39690,39690,,0,,,24.65,0,low,12.7,3,1,none,,0,https://www.musinsa.com/products/4894976
2026-09-03,더콜디스트모먼트,4895552,TCM starfish denim half pants (black),0.0,0,64080,64080,,0,,,24.65,0,low,12.7,3,1,none,,0,https://www.musinsa.com/products/4895552
2026-09-03,오퍼스 0012,4896640,Op. 08 BOO MICRO CARGO PANTS BEIGE,0.0,0,55200,55200,55200,0,0,0.0,100.0,1,high,23.99,6,3,none,,0,https://www.musinsa.com/products/4896640
2026-09-03,마인드브릿지우먼,4899392,[W]와이드 연청 데님 팬츠,0.0,0,59900,59900,59900,0,0,0.0,100.0,1,high,24.0,5,2,none,,0,https://www.musinsa.com/products/4899392
2026-09-03,마인드브릿지우먼,4899456,[W]레터링 카라 니트 - 2color,0.0,0,39900,39900,39900,0,0,0.0,100.0,1,high,24.0,5,2,none,,0,https://www.musinsa.com/products/4899456
2026-09-03,앤더슨벨,4899904,홀터 스트링 피케 폴로 셔츠 atb1255w(WHITE),0.0,0,128000,128000,,0,,,30.63,0,low,8.33,2,1,none,,0,https://www.musinsa.com/products/4899904
2026-09-03,디스이즈네버댓,4905856,Outer Space Tee Black,0.4,10964,27500,27500,27500,0,0,0.0,100.0,1,high,24.42,5,2,none,,0,https://www.musinsa.com/products/4905856
2026-09-03,넌블랭크,4906176,[여름]하이쿨 세미 오버 핏 블레이저_MELANGE GREY,0.0,0,127200,127200,127200,0,0,0.0,61.12,0,low,23.99,6,2,none,,0,https://www.musinsa.com/products/4906176
2026-09-03,프리버07,4907648,Twin check cotton shirt_Ivory,0.0,0,64600,64600,,0,,,24.64,0,low,12.7,3,1,none,,0,https://www.musinsa.com/products/4907648
2026-09-03,파르티멘토 우먼,4908160,투웨이 트랜스폼 리브드 니트 크루넥_블루,0.0,0,66240,66240,74520,1,-8280,-11.11,91.16,0,low,24.36,4,1,none,,0,https://www.musinsa.com/products/4908160
2026-09-03,커버낫,4914496,스톤 워싱 니트 베스트 Blue,0.0,0,53100,53100,53100,0,0,0.0,100.0,1,high,24.42,5,2,none,,0,https://www.musinsa.com/products/4914496
2026-09-03,엠엠엘지,4914752,[Mmlg] MOON MELGE HF-T (LIME),0.0,0,38500,38500,,0,,,30.62,0,low,8.33,2,1,none,,0,https://www.musinsa.com/products/4914752
2026-09-03,베이직하우스,4916608,면 스트링밴드 하프팬츠 블랙 LZHP3104,0.0,0,21900,21900,,0,,,30.61,0,low,8.33,2,1,none,,0,https://www.musinsa.com/products/4916608
2026-09-03,나이스고스트클럽,4917952,MOVING SYMBOL TEE_NAVY(NG2EMUT522A),0.0,0,24570,24570,24570,0,0,0.0,61.12,0,low,23.99,6,2,none,,0,https://www.musinsa.com/products/4917952
2026-09-03,데상트,4920000,트레이닝 그래픽 슬리브리스 블랙(SQ221TST42),0.0,0,39500,39500,,0,,,30.61,0,low,8.33,2,1,none,,0,https://www.musinsa.com/products/4920000
2026-09-03,넌블랭크,4920768,워싱 린넨 HS 셔츠_KHAKI,0.0,0,75120,75120,75120,0,0,0.0,61.13,0,low,23.99,6,2,none,,0,https://www.musinsa.com/products/4920768
2026-09-03,허그본,4922048,이니셜 메쉬 머슬핏 숏슬리브 2컬러,0.0,0,37050,37050,37050,0,0,0.0,82.16,0,low,25.21,4,1,none,,0,https://www.musinsa.com/products/4922048
2026-09-03,밀로아카이브,4924672,크레센도 페이디드 티셔츠 [블랙],0.52,16948,32400,35840,32400,1,3440,10.62,91.17,0,low,23.99,7,3,none,,0,https://www.musinsa.com/products/4924672
2026-09-03,더니트컴퍼니,4928064,소프트 실크 블렌드 폴로 니트 6color,0.0,0,94500,94500,94500,0,0,0.0,82.16,0,low,25.21,4,1,none,,0,https://www.musinsa.com/products/4928064
2026-09-03,엠엘비,4931840,데일리 스몰로고 중목양말 NY (White),0.0,0,9900,9900,,0,,,27.2,0,low,10.31,2,1,none,,0,https://www.musinsa.com/products/4931840
2026-09-03,일꼬르소,4936192,포켓 엑스 플랩 데님 반바지 블루 IEPA5E405B2,0.0,0,54460,54460,54460,0,0,0.0,100.0,1,high,24.42,5,2,none,,0,https://www.musinsa.com/products/4936192
2026-09-03,로라로라,4938496,NUBASIC STANDARD ROUND NECK T-SHIRT INDI PINK,0.0,0,26480,26480,,0,,,27.2,0,low,10.31,2,1,none,,0,https://www.musinsa.com/products/4938496
2026-09-03,에이치덱스,4941824,우먼스 파이톤 스트랩 홀터넥 브라탑 (Charcoal),0.0,0,41600,41600,41600,0,0,0.0,82.18,0,low,25.21,4,1,none,,0,https://www.musinsa.com/products/4941824
2026-09-03,그레이버,4946368,[UNISEX]JUMP RABBIT 스트라이프 롱슬리브_3color,0.0,0,18600,18600,,0,,,30.59,0,low,8.33,2,1,none,,0,https://www.musinsa.com/products/4946368
2026-09-03,어반드레스,4948992,Dyed Bermuda Denim Pants BLUE,0.0,0,16980,16980,16980,0,0,0.0,100.0,1,high,24.02,6,3,none,,0,https://www.musinsa.com/products/4948992
2026-09-03,필루미네이트,4949120,워시드 버뮤다 데님 쇼츠-라이트블루,0.0,0,31000,31000,31000,0,0,0.0,61.14,0,low,23.99,6,2,none,,0,https://www.musinsa.com/products/4949120
2026-09-03,디미트리블랙,4950400,ASI 에센셜 와플 헨리넥 반팔 티셔츠_블랙,0.0,0,25900,25900,25900,0,0,0.0,100.0,1,high,24.42,5,2,none,,0,https://www.musinsa.com/products/4950400
2026-09-03,예스아이씨,4954560,SN Camo Football Tee Urban,0.0,0,52500,52500,,0,,,30.58,0,low,8.33,2,1,none,,0,https://www.musinsa.com/products/4954560
2026-09-03,어나더오피스,4954688,Bold Damage Tee (Forest Green),0.0,0,53200,53200,53200,0,0,0.0,82.19,0,low,24.02,6,3,none,,0,https://www.musinsa.com/products/4954688
2026-09-03,코드그라피,4956352,와이드 카펜터 워싱 코튼팬츠_인디핑크,0.0,0,62300,62300,62300,0,0,0.0,82.2,0,low,25.21,4,1,none,,0,https://www.musinsa.com/products/4956352
2026-09-03,에스피오나지,4960256,CDC T-Rex Heavyweight Tee Off White,0.0,0,32900,32900,32900,0,0,0.0,100.0,1,high,24.02,6,3,none,,0,https://www.musinsa.com/products/4960256
2026-09-03,내셔널지오그래픽,4963136,N252WTS971 여성 프로즌큐브 반팔티셔츠 CARBON BLACK,0.0,0,42720,42720,,0,,,24.6,0,low,12.7,3,1,none,,0,https://www.musinsa.com/products/4963136
2026-09-03,플레어업,4963264,Kaya Shirred T-Shirt (FL-158_Gray),0.0,0,44100,44100,44100,0,0,0.0,91.2,0,low,24.37,4,1,none,,0,https://www.musinsa.com/products/4963264
2026-09-03,디앤에스알,4964992,라이크 린넨 벨티드 데님 팬츠 블루,0.0,0,119200,119200,119200,0,0,0.0,64.62,0,low,24.0,4,1,none,,0,https://www.musinsa.com/products/4964992
2026-09-03,벨리에,4966336,트루 와이드 데님 팬츠 - 라이트 웨일 인디고,0.0,0,148200,148200,148200,0,0,0.0,64.62,0,low,24.0,4,1,none,,0,https://www.musinsa.com/products/4966336
2026-09-03,썬러브투어,4969856,Toray UL Sport Cap Black,0.0,0,22640,22640,22640,0,0,0.0,100.0,1,high,23.99,7,3,none,,0,https://www.musinsa.com/products/4969856
2026-09-03,칙스,4970624,멀티스터드 숏팬츠 블랙,1.03,34112,32989,32720,36810,1,-4090,-11.11,100.0,1,low,48.11,8,6,none,,0,https://www.musinsa.com/products/4970624
2026-09-03,벨리에,4972672,(W) 트루 플레어 데님 팬츠 - 빈티지 인디고,0.0,0,139650,139650,139650,0,0,0.0,64.62,0,low,24.0,4,1,none,,0,https://www.musinsa.com/products/4972672
2026-09-03,어반에이지,4972736,COLLECTOR 피그먼트 오버 맨투맨 블랙,0.0,0,39990,39990,,0,,,27.18,0,low,10.31,2,1,none,,0,https://www.musinsa.com/products/4972736
2026-09-03,론론,4972800,KNOT BUSTIER 2 WAY SHORT SLEEVE T SHIRT BLUE GREY DOT,0.0,0,39600,39600,44550,1,-4950,-11.11,100.0,1,medium,24.02,6,3,none,,0,https://www.musinsa.com/products/4972800
2026-09-03,몽돌,4973440,썸머 골지 루즈 삭스 MDAC048_7 Colors,0.43,3182,7350,7350,7350,0,0,0.0,100.0,1,high,23.99,11,7,none,,0,https://www.musinsa.com/products/4973440
2026-09-03,언더오프,4973952,오버핏 래글런 반팔 티셔츠 크림,0.0,0,19900,19900,19900,0,0,0.0,100.0,1,high,24.43,5,2,none,,0,https://www.musinsa.com/products/4973952
2026-09-03,밀로아카이브,4974720,더블 인덱스 버뮤다 팬츠 [차콜],0.0,0,58530,58530,58800,1,-270,-0.46,91.22,0,low,23.99,7,3,none,,0,https://www.musinsa.com/products/4974720
2026-09-03,라이프워크,4982784,메카닉 로고 반팔 티셔츠,0.0,0,46550,46550,,0,,,30.56,0,low,8.33,2,1,none,,0,https://www.musinsa.com/products/4982784
2026-09-03,카멜워크,4986752,오리지널 이즈 반팔티셔츠(차콜),0.0,0,32000,32000,,0,,,27.17,0,low,10.31,2,1,none,,0,https://www.musinsa.com/products/4986752
2026-09-03,로라로라,4987264,MAISON DE ROLA EMBROIDERY T-SHIRT NAVY,1.26,39138,30960,30960,,0,,,27.16,0,low,10.31,2,1,none,2,0,https://www.musinsa.com/products/4987264
2026-09-03,틸아이다이,4990464,Shirring puff blouse TISU01BL10_Butter,0.0,0,64310,64310,64310,0,0,0.0,100.0,1,high,23.99,6,3,none,,0,https://www.musinsa.com/products/4990464
2026-09-03,제너럴아이디어,4993408,에어리 브이넥 케이블 가디건 [BLACK] / WBD2L43545,0.63,22243,35200,35200,35200,0,0,0.0,100.0,1,high,14.02,11,4,none,,0,https://www.musinsa.com/products/4993408
2026-09-03,지프,4993472,DUSTY 심볼 래글런 반팔티 (JQ5TSU651KH),0.0,0,36810,36810,,0,,,30.55,0,low,8.33,2,1,none,,0,https://www.musinsa.com/products/4993472
2026-09-03,노드유,4997056,빅로고 아플리케 후드 티셔츠 [그레이/버건디],0.0,0,45000,45000,,0,,,30.55,0,low,8.33,2,1,none,,0,https://www.musinsa.com/products/4997056
2026-09-03,튜드먼트,5002048,BLOOMING FLOWER TEE MELANGE GREY,0.0,0,26000,26000,,0,,,27.15,0,low,10.31,2,1,none,,0,https://www.musinsa.com/products/5002048
2026-09-03,엠엠엘지,5002304,[Mmlg] HIDE AND SEEK MELGE HF-T (AUTHENTIC NAVY),0.0,0,31500,31500,,0,,,30.54,0,low,8.33,2,1,none,,0,https://www.musinsa.com/products/5002304
2026-09-03,벨리에,5004864,(W) 모노 슬림 셔츠 - 링클 그레이,0.0,0,169100,169100,169100,0,0,0.0,64.63,0,low,24.0,4,1,none,,0,https://www.musinsa.com/products/5004864
2026-09-03,오픈야드(오와이),5005440,METAL CROSS ODOLLY TEE - BLACK,0.0,0,34300,34300,,0,,,24.59,0,low,12.7,3,1,none,,0,https://www.musinsa.com/products/5005440
2026-09-03,무센트,5006400,이케 셋업 사이드 벨티드 블레이저 자켓,0.0,0,134910,134910,134910,0,0,0.0,100.0,1,high,24.43,5,2,none,,0,https://www.musinsa.com/products/5006400
2026-09-03,비긴202,5006784,와이드 세미 플레어 데님 팬츠 [더스티 블루],0.78,25355,32400,32400,32400,0,0,0.0,82.23,0,low,25.22,4,1,none,,0,https://www.musinsa.com/products/5006784
2026-09-03,꼼파뇨,5008448,카롤라인 체인 자수 크롭 반팔티 블랙,0.0,0,28610,28610,28610,0,0,0.0,91.25,0,low,24.38,4,1,none,,0,https://www.musinsa.com/products/5008448
2026-09-03,엘엠알,5012032,크랙 레터링 티셔츠 PURPLE,0.0,0,24500,24500,,0,,,30.53,0,low,8.33,2,1,none,,0,https://www.musinsa.com/products/5012032
2026-09-03,칙스,5015424,미니 스타라이트 크롭 슬림핏 반팔 티셔츠 블랙,0.05,863,18810,16720,18810,1,-2090,-11.11,100.0,1,medium,24.02,6,3,none,,0,https://www.musinsa.com/products/5015424
2026-09-03,피지컬가먼츠,5015936,P2502 코튼메쉬 와일드 자이언트 반팔 [3COLOR],0.0,0,45000,45000,,0,,,24.58,0,low,12.7,3,1,none,,0,https://www.musinsa.com/products/5015936
2026-09-03,미드나잇무브,5019584,knit top (white),0.0,0,13200,13200,,0,,,27.14,0,low,7.52,2,1,none,,0,https://www.musinsa.com/products/5019584
2026-09-03,미드나잇무브,5020096,7 vt pants (black),0.0,0,26400,26400,,0,,,27.13,0,low,7.52,2,1,none,,0,https://www.musinsa.com/products/5020096
2026-09-03,파르티멘토,5021376,브레튼 스트라이프 링거 티 베이지,0.0,0,28000,28000,28000,0,0,0.0,100.0,1,high,24.44,5,2,none,,0,https://www.musinsa.com/products/5021376
2026-09-03,더콜디스트모먼트,5022208,TCM triangle T (white),0.0,0,23000,23000,,0,,,24.58,0,low,12.7,3,1,none,,0,https://www.musinsa.com/products/5022208
2026-09-03,더콜디스트모먼트,5022592,TCM mini logo stripe ringer T (black),0.0,0,48600,48600,,0,,,24.58,0,low,12.71,3,1,none,,0,https://www.musinsa.com/products/5022592
2026-09-03,노이즈,5024000,실버 포인트 론델자개 목걸이 - 실버 블루,0.0,0,30870,30870,,0,,,30.52,0,low,8.33,2,1,none,,0,https://www.musinsa.com/products/5024000
2026-09-03,커스텀어클락,5025536,린넨 릴렉스핏 롱 슬리브 셔츠 5 COLOR COOSSH193,2.76,81576,29558,29500,29900,1,-400,-1.34,100.0,1,medium,24.44,8,2,none,,0,https://www.musinsa.com/products/5025536
2026-09-03,트릴리온,5026624,레더 패치 오버핏 워크 데님 반팔 셔츠 [샌드 블루],0.9,33956,37800,37800,37800,0,0,0.0,91.27,0,low,24.38,4,1,none,,0,https://www.musinsa.com/products/5026624
2026-09-03,카키포인트,5027648,Shirring Parachute Pants (black),0.0,0,148770,148770,125280,1,23490,18.75,100.0,1,medium,23.99,7,3,none,,0,https://www.musinsa.com/products/5027648
2026-09-03,페인오어플레져,5028672,MERMAID FRILL TOP white,0.0,0,134100,134100,,0,,,27.13,0,low,10.31,2,1,none,,0,https://www.musinsa.com/products/5028672
2026-09-03,룩캐스트,5029376,리나 셔링 윈드브레이커 점퍼_차콜 / LINA SHIRRING WINDBREAKER JUMPER_CHARCOAL,0.0,0,118440,118440,118440,0,0,0.0,91.27,0,low,24.38,4,1,none,,0,https://www.musinsa.com/products/5029376
2026-09-03,시야쥬,5031552,SITP5207 오픈 카라 포켓 셔츠_White,0.0,0,88070,88070,88070,0,0,0.0,100.0,1,high,24.44,5,2,none,,0,https://www.musinsa.com/products/5031552
2026-09-03,시야쥬,5031616,SITP5201 레트로 U넥 슬림 반팔티_Ivory,0.0,0,33300,33300,33300,0,0,0.0,100.0,1,high,24.44,5,2,none,,0,https://www.musinsa.com/products/5031616
2026-09-03,프리버07,5032512,Frill eyelet blouse [FRSP02BL04]_Black,0.0,0,78280,78280,,0,,,24.56,0,low,12.7,3,1,none,,0,https://www.musinsa.com/products/5032512
2026-09-03,노이어,5033344,식스 포켓 와이드 슬랙스 (딥카키헤링본),0.0,0,141700,141700,141700,0,0,0.0,100.0,1,high,24.02,6,3,none,,0,https://www.musinsa.com/products/5033344
2026-09-03,스키즘 인듀싱,5033728,DESTROY GIRL T SHIRT WHITE,0.0,0,46800,46800,46800,0,0,0.0,100.0,1,high,24.02,6,3,none,,0,https://www.musinsa.com/products/5033728
2026-09-03,낫포너드,5036160,N4ND Drip Logo T-Shirts - Khaki,0.0,0,21000,21000,21000,0,0,0.0,82.25,0,low,25.22,4,1,none,,0,https://www.musinsa.com/products/5036160
2026-09-03,유니온블루,5036608,HARD TWIST SPREAD POLO HALF KNIT [BLACK],0.0,0,60440,60440,60440,0,0,0.0,100.0,1,high,23.99,6,3,none,,0,https://www.musinsa.com/products/5036608
2026-09-03,파브레가,5037760,어클락 원턱 버뮤다 팬츠 (클래식 베이지),0.0,0,78300,78300,78300,0,0,0.0,82.26,0,low,25.22,4,1,none,,0,https://www.musinsa.com/products/5037760
2026-09-03,락피쉬웨더웨어,5038080,[X MINJUKIM] FLORAL PATCH RAIN BOOTS SHORT - 4 colors,0.0,0,109200,109200,109200,0,0,0.0,82.26,0,low,25.22,4,1,none,,0,https://www.musinsa.com/products/5038080
2026-09-03,그레이버,5038336,[UNISEX]TEAM 후드 윈드브레이커_라이트그레이,0.0,0,63600,63600,,0,,,30.51,0,low,8.33,2,1,none,,0,https://www.musinsa.com/products/5038336
2026-09-03,유니폼브릿지,5038656,vintage check s/s shirt green,0.0,0,69500,69500,69500,0,0,0.0,100.0,1,high,23.99,6,3,none,,0,https://www.musinsa.com/products/5038656
2026-09-03,유니폼브릿지,5038720,ae 2 pocket s/s work shirt black,0.0,0,64500,64500,64500,0,0,0.0,100.0,1,high,23.99,6,3,none,,0,https://www.musinsa.com/products/5038720
2026-09-03,비바셔스,5041216,Snow Oganza Puff Blouse WHITE,0.0,0,39440,39440,,0,,,24.56,0,low,12.71,3,1,none,,0,https://www.musinsa.com/products/5041216
2026-09-03,무센트,5042368,왁시 부츠컷 데님팬츠,0.0,0,43420,43420,44910,1,-1490,-3.32,100.0,1,medium,24.44,5,2,none,,0,https://www.musinsa.com/products/5042368
2026-09-03,밀로아카이브,5054272,링클 체크 롤업 하프 셔츠 [빈티지 퍼플],0.0,0,61320,61320,55520,1,5800,10.45,91.29,0,low,23.99,12,3,none,,0,https://www.musinsa.com/products/5054272
2026-09-03,유니온블루,5056704,SURF TEAM LOGO PRINTED T-SHIRT [WHITE],0.0,0,44370,44370,44370,0,0,0.0,100.0,1,high,23.99,6,3,none,,0,https://www.musinsa.com/products/5056704
2026-09-03,제멋,5060352,오픈 카라 린넨 라이크 반팔셔츠 블랙 KJSS2622,0.0,0,34900,34900,34900,0,0,0.0,100.0,1,high,24.02,6,3,none,,0,https://www.musinsa.com/products/5060352
2026-09-03,아티스트웨어,5061440,[ATW] 타이피쿨 반팔티,0.0,0,44100,44100,,0,,,24.55,0,low,12.71,3,1,none,,0,https://www.musinsa.com/products/5061440
2026-09-03,언탭트스튜디오,5061568,머슬핏 코튼 폴로 피케 카라 반팔 티셔츠 2Color,1.76,23827,13560,13560,13560,0,0,0.0,100.0,1,high,23.99,7,3,none,,0,https://www.musinsa.com/products/5061568
2026-09-03,론론,5063616,RON PATCH MIXED APPLIQUE OVER FIT T SHIRT WHITE,0.0,0,55440,55440,62370,1,-6930,-11.11,100.0,1,medium,24.02,6,3,none,,0,https://www.musinsa.com/products/5063616
2026-09-03,론론,5063872,HEART BUTTON GOLGI SLEEVELESS EYELET WHITE,0.0,0,39600,39600,44550,1,-4950,-11.11,100.0,1,medium,24.02,6,3,none,,0,https://www.musinsa.com/products/5063872
2026-09-03,필루미네이트,5064384,스타 그래픽 하프 니트-아이보리,0.0,0,32000,32000,32000,0,0,0.0,61.2,0,low,23.99,6,2,none,,0,https://www.musinsa.com/products/5064384
2026-09-03,데꼬로소,5064832,쿨 린넨 라이크 투턱 링클프리 와이드 밴딩 팬츠 [베이지],0.0,0,39600,39600,39600,0,0,0.0,61.2,0,low,23.99,6,2,none,,0,https://www.musinsa.com/products/5064832
2026-09-03,다이닛,5066624,LOGO DUFFLE BAG IN WHITE,0.0,0,88000,88000,,0,,,24.54,0,low,12.71,3,1,none,,0,https://www.musinsa.com/products/5066624
2026-09-03,이티씨이,5071936,FORMULA DESTROYED TEE (GRAY),0.0,0,52000,52000,,0,,,24.54,0,low,12.71,3,1,none,,0,https://www.musinsa.com/products/5071936
2026-09-03,라티젠,5073920,L17 COLORBLOCK FOOTBALL TOP(BLACK),0.0,0,66000,66000,,0,,,27.1,0,low,10.31,2,1,none,,0,https://www.musinsa.com/products/5073920
2026-09-03,플랙,5075520,깡스타일리스트 X 플랙 와이드 배기 데님 팬츠 K92 라이트블루,0.0,0,31800,31800,31800,0,0,0.0,100.0,1,high,24.45,5,2,none,,0,https://www.musinsa.com/products/5075520
2026-09-03,에스피오나지,5075648,Mount Rushmore Heavyweight Tee Off White,0.0,0,23500,23500,23500,0,0,0.0,100.0,1,high,24.02,6,3,none,,0,https://www.musinsa.com/products/5075648
2026-09-03,니티드,5076224,시요밍 로고 티셔츠 BLACK,0.0,0,19800,19800,19800,0,0,0.0,82.29,0,low,25.23,4,1,none,,0,https://www.musinsa.com/products/5076224
2026-09-03,토마스모어,5077440,스포팅 링거티,0.0,0,32700,32700,32700,0,0,0.0,61.21,0,low,23.99,6,2,none,,0,https://www.musinsa.com/products/5077440
2026-09-03,로템버,5079616,커브드 와이드 코튼 팬츠 [베이지],0.0,0,68400,68400,68400,0,0,0.0,100.0,1,high,23.99,7,3,none,,0,https://www.musinsa.com/products/5079616
2026-09-03,시눈,5081344,Rose Punching T-Shirt (Green),0.0,0,53070,53070,53070,0,0,0.0,64.66,0,low,24.0,4,1,none,,0,https://www.musinsa.com/products/5081344
2026-09-03,파르티멘토 우먼,5091904,투웨이 프릴 턴오버 웨이스트 팬츠_화이트,0.0,0,60480,60480,68040,1,-7560,-11.11,91.32,0,low,24.39,4,1,none,,0,https://www.musinsa.com/products/5091904
2026-09-03,그레이버,5095552,[UNISEX]FLOWERS 반팔티_3color,0.0,0,27600,27600,,0,,,30.46,0,low,8.33,2,1,none,,0,https://www.musinsa.com/products/5095552
2026-09-03,해칭룸,5095872,Two Pleats Shorts Dark Khaki,0.0,0,153000,153000,153000,0,0,0.0,91.33,0,low,24.39,4,1,none,,0,https://www.musinsa.com/products/5095872
2026-09-03,라이프워크,5095936,여성) 데님 오버롤 원피스,0.0,0,94050,94050,,0,,,30.46,0,low,8.33,2,1,none,,0,https://www.musinsa.com/products/5095936
2026-09-03,프리즘웍스,5097920,THIN STRIPE HALF TEE _ MUSTARD,0.0,0,25200,25200,25200,0,0,0.0,100.0,1,high,24.02,6,3,none,,0,https://www.musinsa.com/products/5097920
2026-09-03,무센트,5098688,위어 사이드 버튼 스웻 버뮤다 하프 팬츠 남녀공용 (3컬러),1.18,40931,34720,34720,35910,1,-1190,-3.31,100.0,1,medium,24.45,10,2,none,,0,https://www.musinsa.com/products/5098688
2026-09-03,브라운브레스,5099328,MESS-AGE OVERFIT TEE - GREEN,0.0,0,47200,47200,47200,0,0,0.0,100.0,1,high,23.99,7,3,none,,0,https://www.musinsa.com/products/5099328
2026-09-03,내셔널지오그래픽,5100096,N252USD329 썬데이즈 BEIGE,0.0,0,71200,71200,,0,,,24.52,0,low,12.71,3,1,none,,0,https://www.musinsa.com/products/5100096
2026-09-03,이알티알,5103296,Cargo Bermuda Pants Ivory,0.0,0,95200,95200,,0,,,30.45,0,low,8.33,2,1,none,,0,https://www.musinsa.com/products/5103296
2026-09-03,팬시클럽,5104704,로프 스트링 미니 크로스백 (BLACK) F25QE999,0.0,0,53400,53400,,0,,,24.52,0,low,12.71,3,1,none,,0,https://www.musinsa.com/products/5104704
2026-09-03,엠엠엘지,5107584,[Mmlg] MMLG EARTH HF-T (WHITE),0.0,0,29400,29400,,0,,,30.45,0,low,8.33,2,1,none,,0,https://www.musinsa.com/products/5107584
2026-09-03,넌블랭크,5108864,스웨이드 셔츠_BLACK,0.0,0,119200,119200,119200,0,0,0.0,61.23,0,low,23.99,6,2,none,,0,https://www.musinsa.com/products/5108864
2026-09-03,니티드,5109632,(UNISEX) 피그먼트 팜트리 그래픽 티셔츠 BLUE,0.0,0,26820,26820,26820,0,0,0.0,82.3,0,low,25.23,4,1,none,,0,https://www.musinsa.com/products/5109632
2026-09-03,드로우핏우먼,5110848,페어 스트랩 슬리브리스 블라우스 [BLACK],0.0,0,47520,47520,46200,1,1320,2.86,100.0,1,medium,23.99,7,3,none,,0,https://www.musinsa.com/products/5110848
2026-09-03,파르티멘토,5110976,핀 스트라이프 롤업 하프 셔츠 핑크,0.0,0,44000,44000,44000,0,0,0.0,100.0,1,high,24.46,5,2,none,,0,https://www.musinsa.com/products/5110976
2026-09-03,썸웨어버터,5114944,Boucle Shell Logo Top - Ivory,0.0,0,48000,48000,48000,0,0,0.0,61.24,0,low,23.99,6,2,none,,0,https://www.musinsa.com/products/5114944
2026-09-03,제멋,5115008,에어리 플레어 스웨트팬츠 크림그레이 JULP2626,0.0,0,29800,29800,29800,0,0,0.0,100.0,1,high,24.02,6,3,none,,0,https://www.musinsa.com/products/5115008
2026-09-03,아캄,5118144,Embossing Logo Denim Pants (Blue),0.0,0,123200,123200,123200,0,0,0.0,64.67,0,low,24.0,4,1,none,,0,https://www.musinsa.com/products/5118144
2026-09-03,카키포인트,5118720,Pleats Long Skirt (gray),0.0,0,103460,103460,87120,1,16340,18.76,100.0,1,medium,23.99,7,3,none,,0,https://www.musinsa.com/products/5118720
2026-09-03,글로니,5119680,CARIBOU SMOKE SHORTS (2 Colors),0.0,0,138000,138000,138000,0,0,0.0,100.0,1,high,24.02,6,3,none,,0,https://www.musinsa.com/products/5119680
2026-09-03,커버낫,5124160,[SET] C 로고 하프 집업 맨투맨 Oatmeal,0.0,0,103680,103680,103680,0,0,0.0,100.0,1,high,24.46,5,2,none,,0,https://www.musinsa.com/products/5124160
2026-09-03,아틀리에나인,5128128,PIE STRIPE ROUND NECK KNIT(T-7068),0.0,0,60000,60000,60000,0,0,0.0,100.0,1,high,24.0,5,2,none,,0,https://www.musinsa.com/products/5128128
2026-09-03,솔트앤초콜릿,5129536,위켄디03 메리제인 스니커즈 412520001 (4.5cm),0.0,0,71400,71400,71400,0,0,0.0,100.0,1,high,23.99,6,3,none,,0,https://www.musinsa.com/products/5129536
2026-09-03,디앤에스알,5130240,멀티 플리츠 데님 팬츠 블루,0.0,0,89600,89600,89600,0,0,0.0,64.68,0,low,24.0,4,1,none,,0,https://www.musinsa.com/products/5130240
2026-09-03,더콜디스트모먼트,5135040,TCM ethnic 3 panel cap (black),0.93,22683,24500,24500,,0,,,24.51,0,low,12.71,3,1,none,2,0,https://www.musinsa.com/products/5135040
2026-09-03,더콜디스트모먼트,5135488,TCM checker T (black),0.0,0,39690,39690,,0,,,24.51,0,low,12.71,3,1,none,,0,https://www.musinsa.com/products/5135488
2026-09-03,레이지비,5135936,[2PACK] 원턱 자이언트 핏 프레시 버뮤다 팬츠 M 멜란지그레이,0.0,0,37900,37900,,0,,,30.42,0,low,8.33,2,1,none,,0,https://www.musinsa.com/products/5135936
2026-09-03,카고브로스포우먼,5136576,USA 로고 클래식 숏 반팔 티셔츠 (화이트),0.0,0,18900,18900,,0,,,24.5,0,low,12.71,3,1,none,,0,https://www.musinsa.com/products/5136576
2026-09-03,세터,5138560,카고 버뮤다 데님 쇼츠 블루,0.0,0,159000,159000,159000,0,0,0.0,64.68,0,low,24.0,4,1,none,,0,https://www.musinsa.com/products/5138560
2026-09-03,세터,5138624,(W) 시어서커 홀 스커트 네이비,0.0,0,159000,159000,159000,0,0,0.0,64.69,0,low,24.0,4,1,none,,0,https://www.musinsa.com/products/5138624
2026-09-03,프렌다,5139008,PRENDA STRIPE SKIRT WIDE PANTS MINT,0.0,0,39600,39600,49500,1,-9900,-20.0,100.0,1,medium,23.99,7,3,none,,0,https://www.musinsa.com/products/5139008
2026-09-03,어반드레스,5139136,Dark Cloud Mini Dress BLACK,0.02,586,24900,24900,24900,0,0,0.0,100.0,1,high,24.02,6,3,none,,0,https://www.musinsa.com/products/5139136
2026-09-03,트립르센스,5139968,빈티지 썸머 플리츠 오버 셔츠_더스티 차콜,0.0,0,68800,68800,68800,0,0,0.0,61.25,0,low,23.99,6,2,none,,0,https://www.musinsa.com/products/5139968
2026-09-03,니티드,5146816,(W) 썸머 부클 볼레로 가디건 NAVY,0.0,0,34700,34700,34700,0,0,0.0,82.33,0,low,25.23,4,1,none,,0,https://www.musinsa.com/products/5146816
2026-09-03,어나더오피스,5147264,Flow Banding Easy Pants (Graphite),0.0,0,178000,178000,178000,0,0,0.0,82.33,0,low,24.02,6,3,none,,0,https://www.musinsa.com/products/5147264
2026-09-03,글로니,5148480,LAZY SUNDAY TERRY ZIP UP (4 Colors),0.0,0,138000,138000,138000,0,0,0.0,100.0,1,high,24.02,6,3,none,,0,https://www.musinsa.com/products/5148480
2026-09-03,글로니,5150720,WILD BUTTON SHORTS (4 Colors),0.0,0,52000,52000,52000,0,0,0.0,100.0,1,high,24.02,6,3,none,,0,https://www.musinsa.com/products/5150720
2026-09-03,키르시,5153472,키르시 워딩 아플리케 볼캡 [라이트 옐로우],0.0,0,23400,23400,23400,0,0,0.0,100.0,1,high,24.46,5,2,none,,0,https://www.musinsa.com/products/5153472
2026-09-03,밀로아카이브,5154368,이지 컴팩트 엄브렐라 [블랙],0.0,0,12000,12000,12000,0,0,0.0,91.39,0,low,23.99,7,3,none,,0,https://www.musinsa.com/products/5154368
2026-09-03,브룩스 브라더스,5154688,슬림핏 사커 스트라이프 숏슬리브 피케 폴로 (네이비) (BBNTMM7668QFM),0.0,0,95400,95400,95400,0,0,0.0,61.25,0,low,23.99,3,2,none,,0,https://www.musinsa.com/products/5154688
2026-09-03,유라고,5157568,Mellow square sleeveless,0.0,0,39520,39520,39520,0,0,0.0,64.69,0,low,24.0,4,1,none,,0,https://www.musinsa.com/products/5157568
2026-09-03,이미스,5158720,STRING ONE-SHOULDER BACKPACK-PINK,0.0,0,89100,89100,,0,,,27.06,0,low,10.32,2,1,none,,0,https://www.musinsa.com/products/5158720
2026-09-03,디앤에스알,5162432,시그니처 로고 하프 슬리브 블랙,0.0,0,39200,39200,39200,0,0,0.0,64.7,0,low,24.0,4,1,none,,0,https://www.musinsa.com/products/5162432
2026-09-03,아캄,5167424,Rhinestone Washed Denim Pants (Black),0.0,0,116900,116900,116900,0,0,0.0,64.7,0,low,24.0,4,1,none,,0,https://www.musinsa.com/products/5167424
2026-09-03,스컬프터,5169280,Garter Reversible Top White,0.0,0,44160,44160,44160,0,0,0.0,100.0,1,high,23.99,6,3,none,,0,https://www.musinsa.com/products/5169280
2026-09-03,파르티멘토 우먼,5170112,PWC 컬러블럭 피티드 에브리데이 티_포레스트,0.0,0,23040,23040,25920,1,-2880,-11.11,91.4,0,low,24.41,4,1,none,,0,https://www.musinsa.com/products/5170112
2026-09-03,로라로라,5171904,CUT OUT CHECK SWIMSUIT BLACK,0.0,0,132050,132050,,0,,,27.05,0,low,10.32,2,1,none,,0,https://www.musinsa.com/products/5171904
2026-09-03,내셔널지오그래픽,5175552,N253ACR510 데일리 슬링백 2 BLACK,0.0,0,44240,44240,,0,,,24.48,0,low,12.71,3,1,none,,0,https://www.musinsa.com/products/5175552
2026-09-03,로제프란츠,5176768,Eyelet Half Sleeve Cardigan [Blue],0.0,0,44080,44080,44080,0,0,0.0,82.34,0,low,25.23,4,1,none,,0,https://www.musinsa.com/products/5176768
2026-09-03,로제프란츠,5177280,Lace Frill Pumpkin Shorts [White],0.0,0,48880,48880,48880,0,0,0.0,82.34,0,low,25.23,4,1,none,,0,https://www.musinsa.com/products/5177280
2026-09-03,브룩스 브라더스,5180416,나일론 카 코트 (베이지) (BBCZMF9252ZFS),0.0,0,499000,499000,499000,0,0,0.0,61.26,0,low,23.99,6,2,none,,0,https://www.musinsa.com/products/5180416
2026-09-03,론론,5180928,SALTY KISSES OVER FIT T SHIRT WHITE,0.0,0,47520,47520,53460,1,-5940,-11.11,100.0,1,medium,24.02,6,3,none,,0,https://www.musinsa.com/products/5180928
2026-09-03,드헤베,5192832,Round Neck Tweed Jacket [Cream],0.0,0,127300,127300,127300,0,0,0.0,82.35,0,low,25.23,4,1,none,,0,https://www.musinsa.com/products/5192832
2026-09-03,바우로프로덕트,5192896,파인 리브드 슬리브리스 [블랙],0.0,0,39900,39900,39900,0,0,0.0,100.0,1,high,25.23,6,2,none,,0,https://www.musinsa.com/products/5192896
2026-09-03,스컬프터,5193856,Acid Farm Mini Dress Red,0.0,0,47200,47200,47200,0,0,0.0,100.0,1,high,23.99,6,3,none,,0,https://www.musinsa.com/products/5193856
2026-09-03,솔트앤초콜릿,5194816,플러피 스트링 샌들 412524012 (4.3cm),0.0,0,57120,57120,57120,0,0,0.0,100.0,1,high,23.99,6,3,none,,0,https://www.musinsa.com/products/5194816
2026-09-03,베르만어패럴,5204864,크랙 로고 오버핏 반팔티 브라운,1.0,44800,44800,44800,44800,0,0,0.0,100.0,1,high,24.02,7,3,none,,0,https://www.musinsa.com/products/5204864
2026-09-03,론론,5205952,DOT RUFFLE HALF SLEEVE T SHIRT GREY,0.0,0,47520,47520,53460,1,-5940,-11.11,100.0,1,medium,24.02,6,3,none,,0,https://www.musinsa.com/products/5205952
2026-09-03,더바넷,5206208,Flow Supple Shoulder Bag_White,0.0,0,76000,76000,76000,0,0,0.0,82.36,0,low,25.23,4,1,none,,0,https://www.musinsa.com/products/5206208
2026-09-03,무센트,5206720,스트리아 펀칭 아일렛 밴딩 미니 스커트 (2컬러),0.4,19672,49190,49510,49190,1,320,0.65,100.0,1,medium,24.47,5,2,none,,0,https://www.musinsa.com/products/5206720
2026-09-03,러프사이드,5209792,Corduroy Shirt Ash Black,0.0,0,168000,168000,168000,0,0,0.0,64.71,0,low,24.0,4,1,none,,0,https://www.musinsa.com/products/5209792
2026-09-03,러프사이드,5211776,Box Pleat Pants Black,0.0,0,168000,168000,168000,0,0,0.0,64.72,0,low,24.0,4,1,none,,0,https://www.musinsa.com/products/5211776
2026-09-03,파르티멘토 우먼,5213632,93 넘버링 숏슬리브 티_스카이,0.0,0,28080,28080,31590,1,-3510,-11.11,91.42,0,low,24.41,4,1,none,,0,https://www.musinsa.com/products/5213632
2026-09-03,유라고,5214016,Nylon belted banding skirt,0.0,0,79800,79800,79800,0,0,0.0,64.72,0,low,24.0,4,1,none,,0,https://www.musinsa.com/products/5214016
2026-09-03,디앤에스알,5216448,스트라이프 크롭 하프 슬리브 차콜,0.0,0,59200,59200,59200,0,0,0.0,64.72,0,low,24.0,4,1,none,,0,https://www.musinsa.com/products/5216448
2026-09-03,해칭룸,5219136,Snow Shorts Over Dyed Camo Khaki,0.0,0,178000,178000,178000,0,0,0.0,91.42,0,low,24.41,4,1,none,,0,https://www.musinsa.com/products/5219136
2026-09-03,주앙옴므,5224064,페이버릿 스타 스티치드 볼캡 (차콜),0.0,0,34400,34400,34400,0,0,0.0,91.43,0,low,24.41,4,1,none,,0,https://www.musinsa.com/products/5224064
2026-09-03,데상트,5228928,퓨텍트 V2 화이트(SQ323LCR74),0.0,0,101400,101400,,0,,,30.33,0,low,8.34,2,1,none,,0,https://www.musinsa.com/products/5228928
2026-09-03,일꼬르소,5229824,크링클 볼륨 반팔 셔츠 그레이 IESH5E412G2,0.0,0,43450,43450,43450,0,0,0.0,100.0,1,high,24.47,5,2,none,,0,https://www.musinsa.com/products/5229824
2026-09-03,커버낫,5230080,루베라 샤코슈백 Black,0.0,0,24500,24500,24500,0,0,0.0,100.0,1,high,24.47,5,2,none,,0,https://www.musinsa.com/products/5230080
2026-09-03,데상트,5232832,러닝 델타프로 싱글렛 버건디(SQ323RST77),0.0,0,77400,77400,,0,,,30.32,0,low,8.34,2,1,none,,0,https://www.musinsa.com/products/5232832
2026-09-03,테켓,5234688,Thought Nest Headband Purple,0.0,0,32000,32000,,0,,,30.31,0,low,8.34,2,1,none,,0,https://www.musinsa.com/products/5234688
2026-09-03,카고브로스포우먼,5240448,도트 로고 숏 반팔 티셔츠 (차콜),0.0,0,15900,15900,,0,,,24.46,0,low,12.71,3,1,none,,0,https://www.musinsa.com/products/5240448
2026-09-03,노매뉴얼,5242496,NM EMBOSSED BEANIE - CHARCOAL,0.0,0,39900,39900,39900,0,0,0.0,91.45,0,low,24.41,4,1,none,,0,https://www.musinsa.com/products/5242496
2026-09-03,노매뉴얼,5242560,TWO-TUCK BELTED SWEATPANTS - WASHED GRAY,0.0,0,113400,113400,113400,0,0,0.0,91.45,0,low,24.41,4,1,none,,0,https://www.musinsa.com/products/5242560
2026-09-03,노매뉴얼,5243200,HEAVY WAFFLE LONG SLEEVE TEE - CHARCOAL,0.9,55792,62050,62050,62050,0,0,0.0,91.46,0,low,24.41,4,1,none,,0,https://www.musinsa.com/products/5243200
2026-09-03,노매뉴얼,5243264,LAYERED ARCH GRAPHIC HOODIE - WASHED NAVY,0.0,0,100800,100800,100800,0,0,0.0,91.46,0,low,24.41,4,1,none,,0,https://www.musinsa.com/products/5243264
2026-09-03,노매뉴얼,5243328,DOUBLE ECHO WOOL KNIT - BROWN,0.0,0,81900,81900,81900,0,0,0.0,91.47,0,low,24.41,4,1,none,,0,https://www.musinsa.com/products/5243328
2026-09-03,노매뉴얼,5243456,COZY DUCK DOWN - MATTE KHAKI,0.0,0,150150,150150,150150,0,0,0.0,91.47,0,low,24.41,4,1,none,,0,https://www.musinsa.com/products/5243456
2026-09-03,데상트,5244736,우븐 조거 팬츠 블랙(SQ323UPT71),0.0,0,65400,65400,,0,,,30.31,0,low,8.34,2,1,none,,0,https://www.musinsa.com/products/5244736
2026-09-03,데상트,5246912,퓨텍트 V2 네이비 베이지(SQ323LCR74),0.0,0,101400,101400,,0,,,30.31,0,low,8.34,2,1,none,,0,https://www.musinsa.com/products/5246912
2026-09-03,글로니,5247744,G CLASSIC FITTED TEE (CHOCO),0.02,861,35640,35640,35640,0,0,0.0,100.0,1,high,24.02,6,3,none,,0,https://www.musinsa.com/products/5247744
2026-09-03,이미스,5248512,MESH BUCKET BAG-NAVY,0.0,0,71100,71100,,0,,,27.02,0,low,10.32,2,1,none,,0,https://www.musinsa.com/products/5248512
2026-09-03,트립르센스,5249280,스테디 크롭 썸머 플리츠 셔츠_빈티지 인디고,0.0,0,45600,45600,45600,0,0,0.0,61.27,0,low,23.99,6,2,none,,0,https://www.musinsa.com/products/5249280
2026-09-03,고스트리퍼블릭,5251520,베이직 포인트 라벨 오버핏 셔츠 GLS-711,0.0,0,22400,22400,22400,0,0,0.0,82.37,0,low,25.23,4,1,none,,0,https://www.musinsa.com/products/5251520
2026-09-03,카고브로스포우먼,5254336,도트 홀터넥 나시 탑 (블랙),0.0,0,16900,16900,,0,,,24.45,0,low,12.71,3,1,none,,0,https://www.musinsa.com/products/5254336
2026-09-03,스케이터락,5255040,Starfish In A Row Chain Necklace ((steel)),0.0,0,29400,29400,,0,,,24.45,0,low,12.71,3,1,none,,0,https://www.musinsa.com/products/5255040
2026-09-03,커버낫,5256768,웨빙 미디움 크로스백 Black,0.0,0,79200,79200,79200,0,0,0.0,100.0,1,high,24.47,5,2,none,,0,https://www.musinsa.com/products/5256768
2026-09-03,유희,5259072,YOUHEETIC HOTFIX OFF-SHOULDER SWEATSHIRTS WHITE,0.0,0,80190,80190,,0,,,30.3,0,low,8.34,2,1,none,,0,https://www.musinsa.com/products/5259072
2026-09-03,튜드먼트,5259456,[5COLORS]클로버 버튼 포인트 메리노울 100% 가디건,1.26,89588,71280,71280,,0,,,27.01,0,low,10.32,2,1,none,2,0,https://www.musinsa.com/products/5259456
2026-09-03,튜드먼트,5259648,ENGLISH DOG GRAPHIC SWEATSHIRT_CHARCOAL,0.0,0,79000,79000,,0,,,27.01,0,low,10.32,2,1,none,,0,https://www.musinsa.com/products/5259648
2026-09-03,유니폼브릿지,5260928,seersucker fatigue pants black,0.0,0,55600,55600,55600,0,0,0.0,100.0,1,high,23.99,6,3,none,,0,https://www.musinsa.com/products/5260928
2026-09-03,비터셀즈,5264320,오드리 카라 티-다크 베이지,0.0,0,52000,52000,52000,0,0,0.0,91.49,0,low,24.41,4,1,none,,0,https://www.musinsa.com/products/5264320
2026-09-03,비터셀즈,5270208,데미 핀턱 와이드 팬츠-레오파드,0.0,0,71280,71280,71280,0,0,0.0,91.5,0,low,24.41,4,1,none,,0,https://www.musinsa.com/products/5270208
2026-09-03,커버낫,5270912,[코지 핏] 아트웍 레터링 로고 볼캡 Navy,0.0,0,34300,34300,34300,0,0,0.0,100.0,1,high,24.48,5,2,none,,0,https://www.musinsa.com/products/5270912
2026-09-03,카고브로스포우먼,5272384,썸머 베케이션 반팔 티셔츠 (화이트),0.0,0,15900,15900,,0,,,24.45,0,low,12.71,3,1,none,,0,https://www.musinsa.com/products/5272384
2026-09-03,테이크이지,5279744,다이애그널 와이드 데님팬츠 (샌드블루),0.0,0,29000,29000,29000,0,0,0.0,100.0,1,high,24.48,5,2,none,,0,https://www.musinsa.com/products/5279744
2026-09-03,라티젠,5288192,L19 FRILL BOOTSCUT PANTS(BLACK),0.0,0,75600,75600,,0,,,26.99,0,low,10.32,2,1,none,,0,https://www.musinsa.com/products/5288192
2026-09-03,마인드브릿지우먼,5289472,[W]카라 배색 티셔츠,0.0,0,39900,39900,39900,0,0,0.0,100.0,1,high,24.0,5,2,none,,0,https://www.musinsa.com/products/5289472
2026-09-03,마인드브릿지,5289536,레지 멘탈 슬림 지퍼 넥타이_BR MATI0015,1.8,64587,35900,35900,35900,0,0,0.0,91.53,0,low,24.42,4,1,none,,0,https://www.musinsa.com/products/5289536
2026-09-03,비긴202,5290816,루보 트위스트 팬츠 [쉐이드 블랙],0.0,0,96750,96750,96750,0,0,0.0,82.4,0,low,25.24,4,1,none,,0,https://www.musinsa.com/products/5290816
2026-09-03,샌드릭,5291520,STRAP SKIRT PANTS_BLACK,0.0,0,141550,141550,,0,,,30.27,0,low,8.34,2,1,none,,0,https://www.musinsa.com/products/5291520
2026-09-03,굿라이프웍스,5294592,캔버스 워크 자켓 네이비,0.0,0,45500,45500,45500,0,0,0.0,64.75,0,low,24.0,4,1,none,,0,https://www.musinsa.com/products/5294592
2026-09-03,트래블,5296512,엠보 스타 후드 집업 다크 블루,0.0,0,65000,65000,65000,0,0,0.0,100.0,1,high,23.99,7,3,none,,0,https://www.musinsa.com/products/5296512
2026-09-03,로제프란츠,5298624,Essential Layered Long Sleeve [Red],0.0,0,29440,29440,29440,0,0,0.0,82.41,0,low,25.24,4,1,none,,0,https://www.musinsa.com/products/5298624
2026-09-03,무센트,5300736,메로니 레이스 포인트 하프 팬츠 (2컬러),0.0,0,29900,29900,29900,0,0,0.0,100.0,1,high,24.48,5,2,none,,0,https://www.musinsa.com/products/5300736
2026-09-03,에이지오디,5300800,커브드 워싱 절개 와이드 데님 팬츠 [샌드블루],0.0,0,38500,38500,38500,0,0,0.0,100.0,1,high,23.99,7,3,none,,0,https://www.musinsa.com/products/5300800
2026-09-03,프렌다,5303616,LACE NECK BUTTON DOT LONG SLEEVE BLACK,0.92,15822,17150,17150,20580,1,-3430,-16.67,100.0,1,medium,23.99,7,3,none,,0,https://www.musinsa.com/products/5303616
2026-09-03,디스이즈네버댓,5304320,Ambiguous Logo Tee Black,0.4,15411,38500,38500,38500,0,0,0.0,100.0,1,high,24.48,5,2,none,,0,https://www.musinsa.com/products/5304320
2026-09-03,커버낫,5305344,[커버낫X하이다나] 럭키 씨리얼 링거 티셔츠 Off White,0.0,0,31860,31860,31860,0,0,0.0,100.0,1,high,24.48,5,2,none,,0,https://www.musinsa.com/products/5305344
2026-09-03,미드나잇무브,5306944,vt denim pants (black),0.0,0,89680,89680,,0,,,26.98,0,low,7.55,2,1,none,,0,https://www.musinsa.com/products/5306944
2026-09-03,썬러브투어,5308288,Cali Shaggy Beanie Brown/Pink,0.0,0,49000,49000,49000,0,0,0.0,100.0,1,high,23.99,7,3,none,,0,https://www.musinsa.com/products/5308288
2026-09-03,플랙,5308352,포켓 디테일 셔츠 베이지,0.0,0,116100,116100,116100,0,0,0.0,100.0,1,high,24.48,5,2,none,,0,https://www.musinsa.com/products/5308352
2026-09-03,플랙,5308480,MINIMAL O63 CURVED ECRU WASHED,0.0,0,71100,71100,71100,0,0,0.0,100.0,1,high,24.48,5,2,none,,0,https://www.musinsa.com/products/5308480
2026-09-03,유니폼브릿지,5310784,washed short hunting jacket mocha,0.0,0,119500,119500,119500,0,0,0.0,100.0,1,high,23.99,6,3,none,,0,https://www.musinsa.com/products/5310784
2026-09-03,디미트리블랙,5310976,VLAD 핸드 브러쉬 아플리케 후드 티셔츠_피그먼트 차콜,0.0,0,42900,42900,42900,0,0,0.0,100.0,1,high,24.49,5,2,none,,0,https://www.musinsa.com/products/5310976
2026-09-03,일리고,5311232,리프 아일렛 빅 숄더 백 차콜,0.0,0,108000,108000,108000,0,0,0.0,91.58,0,low,24.43,4,1,none,,0,https://www.musinsa.com/products/5311232
2026-09-03,카키포인트,5311360,Atelier Tweed Jacket (ivory),0.0,0,221450,221450,186480,1,34970,18.75,100.0,1,medium,23.99,7,3,none,,0,https://www.musinsa.com/products/5311360
2026-09-03,엑스컨테이너,5312000,클래식 원턱 핀 스트라이프 트라우저 (NAVY),0.0,0,79000,79000,79000,0,0,0.0,91.59,0,low,24.43,4,1,none,,0,https://www.musinsa.com/products/5312000
2026-09-03,헬레네파리스,5312448,브이넥 스터드 트리밍 니트 [모카],0.0,0,39230,39230,47200,1,-7970,-16.89,100.0,1,medium,24.02,6,3,none,,0,https://www.musinsa.com/products/5312448
2026-09-03,일꼬르소,5313920,릴렉스드 테일러드 자켓 브라운 IEJA5F003W2,0.0,0,146300,146300,146300,0,0,0.0,100.0,1,high,24.49,5,2,none,,0,https://www.musinsa.com/products/5313920
2026-09-03,후드후드,5314560,Three Star 레터링 오프숄더 맨투맨 블랙,0.78,24054,30690,30690,30690,0,0,0.0,82.44,0,low,25.24,8,1,none,,0,https://www.musinsa.com/products/5314560
2026-09-03,나이스고스트클럽,5314688,DOODLE GRAPHIC WIDE JEANS_BLUE(NG2FFUD110A),0.0,0,97300,97300,97300,0,0,0.0,61.3,0,low,23.99,6,2,none,,0,https://www.musinsa.com/products/5314688
2026-09-03,아캄,5315648,Symbol Logo Socks (White),0.0,0,14700,14700,14700,0,0,0.0,64.76,0,low,24.0,4,1,none,,0,https://www.musinsa.com/products/5315648
2026-09-03,아캄,5316416,Camo Contrast Hooded Long Sleeve (Khaki),0.0,0,66750,66750,62300,1,4450,7.14,64.76,0,low,24.0,4,1,none,,0,https://www.musinsa.com/products/5316416
2026-09-03,엘무드,5316672,레이 플레어 코튼 슬랙스 베이지,0.0,0,90000,90000,90000,0,0,0.0,100.0,1,high,24.49,8,2,none,,0,https://www.musinsa.com/products/5316672
2026-09-03,엘무드,5316800,안데르 카우 스웨이드 싱글 블레이저 브라운,0.0,0,454500,454500,454500,0,0,0.0,100.0,1,high,24.49,5,2,none,,0,https://www.musinsa.com/products/5316800
2026-09-03,맥우드건,5317632,카룬 4217 워시드 벌룬 와이드핏 그레이 치노팬츠,0.0,0,62300,62300,,0,,,30.24,0,low,8.34,2,1,none,,0,https://www.musinsa.com/products/5317632
2026-09-03,키뮤어,5318976,스웨이드 바이커 자켓_브라운,2.83,481277,170100,170100,170100,0,0,0.0,100.0,1,high,24.02,7,4,none,,0,https://www.musinsa.com/products/5318976
2026-09-03,후브스,5319744,멀티 스트라이프 후드 롱슬리브 [크림그레이],4.32,253955,58800,58800,58800,0,0,0.0,100.0,1,high,23.98,8,3,none,,0,https://www.musinsa.com/products/5319744
2026-09-03,에이지오디,5319936,워시드 트윌 워크 자켓 [블랙],0.0,0,48700,48700,48700,0,0,0.0,100.0,1,high,23.99,7,3,none,,0,https://www.musinsa.com/products/5319936
2026-09-03,버던트,5320064,멀티 절개 라인 피그먼트 스웨트 팬츠 [헤더 블루],0.92,16454,17860,17860,,0,,,24.39,0,low,12.71,3,1,none,2,0,https://www.musinsa.com/products/5320064
2026-09-03,커버낫,5320704,시그니처 심볼 롱슬리브 Black,0.8,31915,39830,39830,39830,0,0,0.0,100.0,1,high,24.49,5,2,none,,0,https://www.musinsa.com/products/5320704
2026-09-03,프리즘웍스,5321856,TURTLE ISLAND SWEATSHIRT _ NAVY,0.0,0,38400,38400,38400,0,0,0.0,100.0,1,high,24.02,6,3,none,,0,https://www.musinsa.com/products/5321856
2026-09-03,커버낫,5322048,이지팬츠 트윌 1-TUCK 팬츠 Black,0.0,0,58910,58910,58910,0,0,0.0,100.0,1,high,24.49,5,2,none,,0,https://www.musinsa.com/products/5322048
2026-09-03,팬시클럽,5322240,라이트웨이트 스윙 푸퍼 (IVORY) F25ZA001,0.0,0,98940,98940,,0,,,24.38,0,low,12.71,3,1,none,,0,https://www.musinsa.com/products/5322240
2026-09-03,스컬프터,5322688,Washed Pocket Hoodie Gray,0.0,0,78080,78080,78080,0,0,0.0,100.0,1,high,23.99,6,3,none,,0,https://www.musinsa.com/products/5322688
2026-09-03,허그본,5323712,링거 트로피 와이드 헬스 슬리브리스 7컬러,0.78,17056,21760,21760,21760,0,0,0.0,82.44,0,low,25.24,4,1,none,,0,https://www.musinsa.com/products/5323712
2026-09-03,9999아카이브,5325824,9 Star Jogger Sweat Pants,0.0,0,65400,65400,65400,0,0,0.0,61.3,0,low,23.99,6,2,none,,0,https://www.musinsa.com/products/5325824
2026-09-03,세터,5326656,(W) 인디고 논페이드 데님 스커트 인디고,0.0,0,119000,119000,119000,0,0,0.0,64.76,0,low,24.0,4,1,none,,0,https://www.musinsa.com/products/5326656
2026-09-03,드헤베,5327360,V-neck Flare Shirring Knit [Ivory],0.0,0,67320,67320,67320,0,0,0.0,82.45,0,low,25.24,4,1,none,,0,https://www.musinsa.com/products/5327360
2026-09-03,오픈야드(오와이),5327552,FADED DOLLY MASK HOODIE ZIP UP - BLACK,0.0,0,81200,81200,,0,,,24.37,0,low,12.71,3,1,none,,0,https://www.musinsa.com/products/5327552
2026-09-03,마하그리드,5328704,EMB SPLATTER DENIM PANT BLUE(MG2FFMD110A),0.0,0,95200,95200,,0,,,24.37,0,low,12.71,3,1,none,,0,https://www.musinsa.com/products/5328704
2026-09-03,마하그리드,5329408,WASHED FIELD JACKET KHAKI(MG2FFMB930A),0.0,0,139300,139300,,0,,,24.37,0,low,12.71,3,1,none,,0,https://www.musinsa.com/products/5329408
2026-09-03,9999아카이브,5330560,Flow Corduroy Jeans,0.0,0,89400,89400,89400,0,0,0.0,61.31,0,low,23.99,6,2,none,,0,https://www.musinsa.com/products/5330560
2026-09-03,아틀리에나인,5330752,에센셜 라운드 넥 슬림 티(T-7090),0.0,0,27550,27550,27550,0,0,0.0,100.0,1,high,24.0,5,2,none,,0,https://www.musinsa.com/products/5330752
2026-09-03,내셔널지오그래픽,5332096,N253UPT901 라르가 세미루즈핏 스웻팬츠 M/GREY,0.0,0,62100,62100,,0,,,24.36,0,low,12.71,3,1,none,,0,https://www.musinsa.com/products/5332096
2026-09-03,아티스트웨어,5332544,[ATW] 트레져 후드집업,0.0,0,76300,76300,,0,,,24.36,0,low,12.71,3,1,none,,0,https://www.musinsa.com/products/5332544
2026-09-03,아티스트웨어,5332736,[ATW] 블루베일 맨투맨,0.0,0,55300,55300,,0,,,24.36,0,low,12.71,3,1,none,,0,https://www.musinsa.com/products/5332736
2026-09-03,룩캐스트,5336960,앤써니 싱글 스웨이드 자켓_베이지 / ANTHONY SINGLE SUEDE JACKET_BEIGE,0.0,0,158400,158400,158400,0,0,0.0,91.62,0,low,24.43,4,1,none,,0,https://www.musinsa.com/products/5336960
2026-09-03,에이치덱스,5337152,우먼스 서포트 파이핑 3.5 바이커 쇼츠 (Navy),1.57,64256,40980,40980,40980,0,0,0.0,82.47,0,low,25.25,4,1,none,,0,https://www.musinsa.com/products/5337152
2026-09-03,슈퍼서브,5338816,이모셔널 TT 긴팔 티셔츠 - 차콜,0.0,0,29500,29500,29500,0,0,0.0,82.48,0,low,25.25,4,1,none,,0,https://www.musinsa.com/products/5338816
2026-09-03,아티스트웨어,5339008,[2COLORS] 어반트레일 나일론 백팩,0.0,0,47400,47400,,0,,,24.35,0,low,12.71,3,1,none,,0,https://www.musinsa.com/products/5339008
2026-09-03,러브이즈트루,5340096,GT FLEECE JACKET(CHARCOAL),0.0,0,116560,116560,116560,0,0,0.0,61.31,0,low,23.99,6,2,none,,0,https://www.musinsa.com/products/5340096
2026-09-03,와르,5341056,M273 라인 와이드 데님 팬츠_진청,0.0,0,37700,37700,37700,0,0,0.0,100.0,1,high,23.99,6,3,none,,0,https://www.musinsa.com/products/5341056
2026-09-03,모즈모즈,5345088,프리즈 그래픽 피그먼트 롱 슬리브 베이지,0.0,0,23500,23500,23500,0,0,0.0,64.78,0,low,24.0,4,1,none,,0,https://www.musinsa.com/products/5345088
2026-09-03,오픈야드(오와이),5345792,WASHED PANEL CARGO PANTS - BEIGE,0.0,0,107100,107100,,0,,,24.35,0,low,12.71,3,1,none,,0,https://www.musinsa.com/products/5345792
2026-09-03,나이스고스트클럽,5346368,NGC GIRL CAP_BROWN(NG2FFUAB31A),0.0,0,34300,34300,34300,0,0,0.0,61.32,0,low,23.99,6,2,none,,0,https://www.musinsa.com/products/5346368
2026-09-03,제이엘브,5347584,원모어 로고 오버핏 후디,0.0,0,78000,78000,78000,0,0,0.0,61.32,0,low,23.99,6,2,none,,0,https://www.musinsa.com/products/5347584
2026-09-03,어반스터프,5347712,YM PARIS 후디 (네이비),0.0,0,68000,68000,,0,,,30.2,0,low,8.34,2,1,none,,0,https://www.musinsa.com/products/5347712
2026-09-03,디스이즈네버댓,5349632,Onyx Cap White/Blue,0.0,0,31500,31500,31500,0,0,0.0,100.0,1,high,24.49,5,2,none,,0,https://www.musinsa.com/products/5349632
2026-09-03,디스이즈네버댓,5350016,Arch-Logo Crewneck Dark Chocolate,0.0,0,79200,79200,79200,0,0,0.0,100.0,1,high,24.49,5,2,none,,0,https://www.musinsa.com/products/5350016
2026-09-03,쿠어,5350720,링클 래글런 울 블루종 (블랙),0.0,0,315000,315000,315000,0,0,0.0,64.79,0,low,24.0,4,1,none,,0,https://www.musinsa.com/products/5350720
2026-09-03,커스텀어클락,5351616,루즈핏 플레어 데님 팬츠 블랙 COOSPT249BLACK,0.99,54546,55200,55200,55200,0,0,0.0,100.0,1,high,24.49,5,2,none,,0,https://www.musinsa.com/products/5351616
2026-09-03,미니멀프로젝트,5352512,웨어러블 피그먼트 오버핏 롱 슬리브 티셔츠 MLT116 [BLACK],0.0,0,29800,29800,,0,,,26.94,0,low,10.32,2,1,none,,0,https://www.musinsa.com/products/5352512
2026-09-03,샌드뮤지엄,5352576,TASSA FRINGE BAG [Suede Beige],0.0,0,109350,109350,,0,,,26.94,0,low,10.32,2,1,none,,0,https://www.musinsa.com/products/5352576
2026-09-03,비바라비다,5352832,[기모선택] My Youth 헤비테리 후드,12.26,685142,55900,55900,55900,0,0,0.0,100.0,1,low,10.15,28,7,none,,0,https://www.musinsa.com/products/5352832
2026-09-03,비바라비다,5353408,[기모선택] Gleam 헤비테리 후드,1.64,78563,47900,47900,47900,0,0,0.0,100.0,1,low,10.17,17,8,none,,0,https://www.musinsa.com/products/5353408
2026-09-03,아웃스탠딩,5353664,RAGLAN CREW NECK KNIT_OLIVE,0.0,0,71100,71100,71100,0,0,0.0,100.0,1,high,23.99,6,3,none,,0,https://www.musinsa.com/products/5353664
2026-09-03,에이이에이이,5354304,CHECK MIDI TIERED SKIRT [BROWN],0.0,0,111780,111780,124200,1,-12420,-10.0,91.66,0,low,24.44,4,1,none,,0,https://www.musinsa.com/products/5354304
2026-09-03,노매뉴얼,5356032,EMBLEM LONG SLEEVE TEE - WASHED GRAY,0.0,0,75600,75600,75600,0,0,0.0,91.67,0,low,24.44,4,1,none,,0,https://www.musinsa.com/products/5356032
2026-09-03,유니폼브릿지,5356288,UBC SOCKS X VOTTA black,0.0,0,11130,11130,11130,0,0,0.0,100.0,1,high,23.99,6,3,none,,0,https://www.musinsa.com/products/5356288
2026-09-03,노티카,5356736,웨이브 폴라 하프 집업 풀오버 NFL2105,0.0,0,89000,89000,89000,0,0,0.0,64.8,0,low,24.0,4,1,none,,0,https://www.musinsa.com/products/5356736
2026-09-03,스키즘 인듀싱,5358528,DETACHABLE CAMO PANTS GREEN,0.0,0,176000,176000,176000,0,0,0.0,100.0,1,high,24.02,6,3,none,,0,https://www.musinsa.com/products/5358528
2026-09-03,제너럴아이디어,5358912,플라워 스캘럽 가디건 [PINK] / WBE3L04510,0.0,0,54400,54400,54400,0,0,0.0,100.0,1,high,23.99,6,3,none,,0,https://www.musinsa.com/products/5358912
2026-09-03,더바넷,5359424,Poise Ruffle Blouse,0.0,0,89680,89680,89680,0,0,0.0,82.49,0,low,25.25,4,1,none,,0,https://www.musinsa.com/products/5359424
2026-09-03,데꼬로소,5359872,리브 텍스처 데님 블루종 자켓 [블랙],0.0,0,69500,69500,69500,0,0,0.0,61.33,0,low,23.99,6,2,none,,0,https://www.musinsa.com/products/5359872
2026-09-03,아틀리에나인,5361216,LEOPARD WIDE LEG PANTS(PT-5701),0.0,0,78400,78400,76050,1,2350,3.09,100.0,1,medium,24.0,5,2,none,,0,https://www.musinsa.com/products/5361216
2026-09-03,브룩스 브라더스,5364288,메리노울 로고 터틀넥 스웨터 (그레이) (BBWUMNF301),0.0,0,125370,125370,125370,0,0,0.0,61.33,0,low,23.99,6,2,none,,0,https://www.musinsa.com/products/5364288
2026-09-03,쿠어,5365568,알파카 블렌드 집업 스웨터 (카키브라운),0.0,0,175500,175500,175500,0,0,0.0,64.81,0,low,24.0,4,1,none,,0,https://www.musinsa.com/products/5365568
2026-09-03,썸웨어버터,5365760,Noelle Argyle Knit - Red,0.0,0,129000,129000,129000,0,0,0.0,61.34,0,low,23.99,6,2,none,,0,https://www.musinsa.com/products/5365760
2026-09-03,썸웨어버터,5365824,Bold Logo Sweatshirt - Navy,0.0,0,82080,82080,82080,0,0,0.0,61.34,0,low,23.99,6,2,none,,0,https://www.musinsa.com/products/5365824
2026-09-03,니티드,5366400,빈티지 팜트리 미니멀 라운드 니트 IVORY,0.0,0,68670,68670,68670,0,0,0.0,82.5,0,low,25.25,4,1,none,,0,https://www.musinsa.com/products/5366400
2026-09-03,파르티멘토 우먼,5366848,PWC 언발란스드 저지 셔링 티어드 드레스_멜란지,0.0,0,58500,58500,58500,0,0,0.0,91.68,0,low,24.44,4,1,none,,0,https://www.musinsa.com/products/5366848
2026-09-03,제너럴아이디어,5367360,UNISEX 클래식 볼드 스트라이프 럭비 티셔츠 [RED] / SBE3U01005,0.0,0,57600,57600,53680,1,3920,7.3,100.0,1,medium,23.99,6,3,none,,0,https://www.musinsa.com/products/5367360
2026-09-03,더그린랩,5369152,스터드 원숄더 롱슬리브 [블랙],0.0,0,31920,31920,,0,,,30.18,0,low,8.35,2,1,none,,0,https://www.musinsa.com/products/5369152
2026-09-03,브룩스 브라더스,5370944,[여성] 퀼팅재킷 (멀티) (BBOPWBF401),0.0,0,289170,289170,289170,0,0,0.0,61.35,0,low,23.99,6,2,none,,0,https://www.musinsa.com/products/5370944
2026-09-03,모즈모즈,5371520,페이딩 그래픽 오버핏 후드 버건디,0.0,0,29900,29900,29900,0,0,0.0,64.81,0,low,24.0,4,1,none,,0,https://www.musinsa.com/products/5371520
2026-09-03,피마다지윈,5371584,Sun Eyes Beanie_[Gray],0.0,0,29000,29000,,0,,,30.18,0,low,8.34,2,1,none,,0,https://www.musinsa.com/products/5371584
2026-09-03,데상트,5372096,코튼 기모 맨투맨 블랙(SQ323UHT91),0.0,0,76300,76300,,0,,,30.18,0,low,8.35,2,1,none,,0,https://www.musinsa.com/products/5372096
2026-09-03,엔와이엑스엑스,5375936,NYGD FACE WARMER BLACK,0.0,0,18900,18900,,0,,,30.17,0,low,8.35,2,1,none,,0,https://www.musinsa.com/products/5375936
2026-09-03,탄산마그네슘,5376128,마운틴 롱슬리브 (라이트핑크),0.0,0,56240,56240,56240,0,0,0.0,64.81,0,low,37.73,10,1,none,,0,https://www.musinsa.com/products/5376128
2026-09-03,건지울른스,5376320,코튼 브이넥 가디건 - 네이비,0.0,0,119880,119880,,0,,,24.33,0,low,6.94,2,1,none,,0,https://www.musinsa.com/products/5376320
2026-09-03,르바,5376384,Velvet Layered T-Shirt - Sand Grey,0.0,0,49500,49500,49500,0,0,0.0,82.51,0,low,25.25,4,1,none,,0,https://www.musinsa.com/products/5376384
2026-09-03,이미스,5379008,(W) RUBBER PATCH T-SHIRT-PINK,0.0,0,53100,53100,,0,,,26.9,0,low,10.32,2,1,none,,0,https://www.musinsa.com/products/5379008
2026-09-03,레터리,5379776,CRISPY COOKIE SWEATSHIRT_OATMEAL,0.0,0,56960,56960,,0,,,30.17,0,low,8.35,2,1,none,,0,https://www.musinsa.com/products/5379776
2026-09-03,세컨모놀로그,5380288,[옷미새 미홀 콜라보]Curved Tapered Barrel-Fit Denim Pants [BLACK]_SEPT072BLACK,2.86,165736,58025,59500,56000,1,3500,6.25,100.0,1,medium,23.98,13,3,none,,0,https://www.musinsa.com/products/5380288
2026-09-03,제너럴아이디어,5380736,MAN 네프사 크루넥 풀오버 [NAVY] / SBE3M05001,0.0,0,49600,49600,49600,0,0,0.0,100.0,1,high,23.99,6,3,none,,0,https://www.musinsa.com/products/5380736
2026-09-03,오픈야드(오와이),5381248,CUTOUT PATCH HOODIE - BLACK,0.0,0,76300,76300,,0,,,24.32,0,low,12.71,3,1,none,,0,https://www.musinsa.com/products/5381248
2026-09-03,프리즘웍스,5381312,OG VINTAGE DYEING L/S TEE _ BLACK BROWN,0.0,0,46800,46800,46800,0,0,0.0,100.0,1,high,24.02,6,3,none,,0,https://www.musinsa.com/products/5381312
2026-09-03,미드나잇무브,5381504,eye set t (khaki),0.0,0,54720,54720,,0,,,26.89,0,low,7.56,2,1,none,,0,https://www.musinsa.com/products/5381504
2026-09-03,드로우핏우먼,5382464,노티드 레이어드 뷔스티에 니트 [BLACK],0.0,0,69300,69300,69300,0,0,0.0,100.0,1,high,23.99,7,3,none,,0,https://www.musinsa.com/products/5382464
2026-09-03,브랜디드,5382528,1766 DARK SHADOW JEANS [EXTRA WIDE STRAIGHT],0.0,0,91800,91800,91800,0,0,0.0,82.52,0,low,25.25,4,1,none,,0,https://www.musinsa.com/products/5382528
2026-09-03,비터셀즈,5384768,컬리 카라 퍼 자켓-그레이,0.0,0,141460,141460,141460,0,0,0.0,91.7,0,low,24.44,4,1,none,,0,https://www.musinsa.com/products/5384768
2026-09-03,드로우핏,5385024,카우 스터드 스웨이드 레더 벨트 [BLACK],0.78,29651,37800,37800,37800,0,0,0.0,82.52,0,low,25.25,7,1,none,,0,https://www.musinsa.com/products/5385024
2026-09-03,엔와이엑스엑스,5386112,TEETH DENIM PANTS INDIGO,0.0,0,53550,53550,,0,,,30.15,0,low,8.35,2,1,none,,0,https://www.musinsa.com/products/5386112
2026-09-03,칙스,5386304,그루브 코듀로이 블루종 차콜,0.0,0,63120,63120,71010,1,-7890,-11.11,100.0,1,medium,24.02,6,3,none,,0,https://www.musinsa.com/products/5386304
2026-09-03,웬즈데이오아시스,5388416,트레이스 라인 스웨트셔츠_CHARCOAL(W25-TP32),0.0,0,61600,61600,61600,0,0,0.0,100.0,1,high,23.99,7,3,none,,0,https://www.musinsa.com/products/5388416
2026-09-03,카고브로스포우먼,5389184,투웨이 에어라이트 윈드브레이커 (브라운),0.0,0,46900,46900,,0,,,24.31,0,low,12.71,3,1,none,,0,https://www.musinsa.com/products/5389184
2026-09-03,리브레너,5390784,포인트 오버핏 스웻셔츠 블랙,0.0,0,36900,36900,,0,,,24.3,0,low,12.71,3,1,none,,0,https://www.musinsa.com/products/5390784
2026-09-03,디앤에스알,5391168,엠보 워시드 코듀로이 플레어 팬츠 브라운,0.0,0,79200,79200,79200,0,0,0.0,64.82,0,low,24.0,4,1,none,,0,https://www.musinsa.com/products/5391168
2026-09-03,트위,5391232,쥬렌 스트라이프 캉캉 랩 스커트,0.0,0,32310,32310,,0,,,26.89,0,low,10.32,2,1,none,,0,https://www.musinsa.com/products/5391232
2026-09-03,아틀리에나인,5391936,SOFT WOOL HOODIE KNIT(T-7106),0.0,0,95060,95060,95060,0,0,0.0,100.0,1,high,24.0,5,2,none,,0,https://www.musinsa.com/products/5391936
2026-09-03,넌블랭크,5392064,스트라이프 세미 오버 핏 셋업_DARK GREY,0.0,0,182400,182400,182400,0,0,0.0,61.36,0,low,23.99,6,2,none,,0,https://www.musinsa.com/products/5392064
2026-09-03,더뮤지엄비지터,5392384,EXHIBITION GRAPHIC RUNNING T-SHIRT (BLACK),0.0,0,40800,40800,40800,0,0,0.0,100.0,1,high,23.99,6,3,none,,0,https://www.musinsa.com/products/5392384
2026-09-03,일꼬르소,5393280,워시드 폴로 셔츠 브라운 IETS5F002W2,0.0,0,45000,45000,45000,0,0,0.0,100.0,1,high,24.5,5,2,none,,0,https://www.musinsa.com/products/5393280
2026-09-03,트릴리온,5393344,빈티지 페어 아일 자카드 크루넥 니트_블랙,0.0,0,37900,37900,37900,0,0,0.0,91.71,0,low,24.44,4,1,none,,0,https://www.musinsa.com/products/5393344
2026-09-03,유니폼브릿지,5393536,high gauge turtle neck knit(womens) ivory,0.0,0,69000,69000,69000,0,0,0.0,100.0,1,high,23.99,6,3,none,,0,https://www.musinsa.com/products/5393536
2026-09-03,트리밍버드,5393664,Glossy Satin Strap Jacket [ Khaki ],0.0,0,249000,249000,249000,0,0,0.0,100.0,1,high,24.02,6,3,none,,0,https://www.musinsa.com/products/5393664
2026-09-03,테이크이지,5394944,[2PACK] 울 크롭 니트 블랙 (+솔리드 크롭 티셔츠 증정),0.0,0,41900,41900,41900,0,0,0.0,100.0,1,high,24.5,5,2,none,,0,https://www.musinsa.com/products/5394944
2026-09-03,세터,5395776,(W) 아가일 삭스 브라운,0.0,0,11900,11900,11900,0,0,0.0,64.83,0,low,24.0,4,1,none,,0,https://www.musinsa.com/products/5395776
2026-09-03,코드그라피,5398848,(우먼) 코듀로이 하프 팬츠_초코 브라운,0.0,0,62300,62300,62300,0,0,0.0,82.54,0,low,25.25,4,1,none,,0,https://www.musinsa.com/products/5398848
2026-09-03,드리프트아웃,5400896,판다 질라 스웻셔츠 (3color),0.0,0,38610,38610,,0,,,30.13,0,low,8.35,2,1,none,,0,https://www.musinsa.com/products/5400896
2026-09-03,더콜디스트모먼트,5404480,TCM starfish logo knit hoodie (brown),0.0,0,88290,88290,,0,,,24.29,0,low,12.71,3,1,none,,0,https://www.musinsa.com/products/5404480
2026-09-03,더콜디스트모먼트,5404608,TCM typing logo knit (brown),0.0,0,88920,88920,,0,,,24.29,0,low,12.71,3,1,none,,0,https://www.musinsa.com/products/5404608
2026-09-03,로제프란츠,5405056,Edge Cardigan Sleeveless Set [Beige],0.0,0,50160,50160,50160,0,0,0.0,82.54,0,low,25.25,4,1,none,,0,https://www.musinsa.com/products/5405056
2026-09-03,르아브,5405312,저드 턴업 울 세미플레어 슬랙스 블랙,0.0,0,94500,94500,94500,0,0,0.0,61.36,0,low,23.99,6,2,none,,0,https://www.musinsa.com/products/5405312
2026-09-03,로제프란츠,5405440,Heart Pocket Hood Zip-up [Gray],0.0,0,65120,65120,65120,0,0,0.0,82.54,0,low,25.25,4,1,none,,0,https://www.musinsa.com/products/5405440
2026-09-03,카고브로스포우먼,5405888,빈티지 서클 레이어드 긴팔티셔츠 (블랙/화이트),0.0,0,28410,28410,,0,,,24.29,0,low,12.71,3,1,none,,0,https://www.musinsa.com/products/5405888
2026-09-03,노드유,5406016,케이블 새들 크롭 가디건 [그레이],0.0,0,37800,37800,,0,,,30.12,0,low,8.35,2,1,none,,0,https://www.musinsa.com/products/5406016
2026-09-03,와이케이,5407232,말티즈 체크 아플리케 맨투맨 멜란지화이트,0.0,0,59250,59250,59250,0,0,0.0,61.36,0,low,23.99,6,2,none,,0,https://www.musinsa.com/products/5407232
2026-09-03,더바이닐하우스,5408832,SQUARE PATCH BALL CAP BLUE,0.0,0,33040,33040,33040,0,0,0.0,100.0,1,high,24.5,5,2,none,,0,https://www.musinsa.com/products/5408832
2026-09-03,더바이닐하우스,5409024,WESTERN WORK JACKET CHARCOAL,0.0,0,99600,99600,84700,1,14900,17.59,100.0,1,medium,24.5,5,2,none,,0,https://www.musinsa.com/products/5409024
2026-09-03,꼼파뇨,5414336,[CPGN X 보더랜드4] 밴딧 후드 집업 블랙,0.0,0,46210,46210,46210,0,0,0.0,91.72,0,low,24.45,4,1,none,,0,https://www.musinsa.com/products/5414336
2026-09-03,어반에이지,5417536,코듀로이 원턱 와이드 밴딩 팬츠_카키,0.0,0,36800,36800,,0,,,26.86,0,low,10.32,2,1,none,,0,https://www.musinsa.com/products/5417536
2026-09-03,라이프워크,5420160,여성) 루즈핏 포멀 포켓 코듀로이 셔츠,0.0,0,99000,99000,,0,,,30.11,0,low,8.35,2,1,none,,0,https://www.musinsa.com/products/5420160
2026-09-03,밀로아카이브,5424512,엘모 스트라이프 카라 티셔츠 [딥 그레이],0.0,0,78400,78400,78400,0,0,0.0,91.73,0,low,23.99,7,3,none,,0,https://www.musinsa.com/products/5424512
2026-09-03,제멋,5424576,모던 메모리 후드 블랙 KJHD2668,0.0,0,39800,39800,39800,0,0,0.0,100.0,1,high,24.03,6,3,none,,0,https://www.musinsa.com/products/5424576
2026-09-03,배드블러드,5424768,바이퍼31-1 라이트웨이트 후드 푸퍼 - 그레이레오파드,0.0,0,211650,211650,211650,0,0,0.0,100.0,1,high,24.02,6,3,none,,0,https://www.musinsa.com/products/5424768
2026-09-03,배드블러드,5425984,PEACE NOT WAR 후드 집업 - 더스티블랙,1.0,143200,143200,143200,143200,0,0,0.0,100.0,1,high,24.02,6,3,none,,0,https://www.musinsa.com/products/5425984
2026-09-03,드리프트아웃,5436032,더블 피어스 타이거즈 2웨이 후드 집업 (2color),0.0,0,65900,65900,,0,,,30.09,0,low,8.35,2,1,none,,0,https://www.musinsa.com/products/5436032
2026-09-03,미세키서울,5439616,Button trooper hat GREY,0.0,0,74800,74800,74800,0,0,0.0,91.75,0,low,24.45,4,1,none,,0,https://www.musinsa.com/products/5439616
2026-09-03,길라아카이브,5444288,LETTERING ANGEL WING SHIRRING SKIRT_BLACK,0.0,0,43470,43470,43470,0,0,0.0,61.38,0,low,23.99,6,2,none,,0,https://www.musinsa.com/products/5444288
2026-09-03,더블유엠씨,5446528,반집업 후드티_MOSS PINK,0.0,0,79500,79500,79500,0,0,0.0,61.38,0,low,23.99,6,2,none,,0,https://www.musinsa.com/products/5446528
2026-09-03,엠엠엘지,5446784,[Mmlg] DYED DAMAGE EM MOUNTAIN HOODIE (CHARCOAL),0.0,0,65400,65400,,0,,,30.07,0,low,8.35,2,1,none,,0,https://www.musinsa.com/products/5446784
2026-09-03,스컬프터,5448512,Light Weight Striped Jersey Burgundy,0.0,0,53760,53760,53760,0,0,0.0,100.0,1,high,23.99,6,3,none,,0,https://www.musinsa.com/products/5448512
2026-09-03,제너럴아이디어,5449088,언발란스 루즈핏 가디건 [MELANGE GREY] / WBE3L04521,0.0,0,51200,51200,51200,0,0,0.0,100.0,1,high,23.99,6,3,none,,0,https://www.musinsa.com/products/5449088
2026-09-03,제너럴아이디어,5449344,핏티드 골지 셔링 원피스 [BLACK] / WBE3L15506,0.0,0,53600,53600,52250,1,1350,2.58,100.0,1,medium,23.99,6,3,none,,0,https://www.musinsa.com/products/5449344
2026-09-03,마인드브릿지,5449984,두굿_울 혼방 라운드 세미 오버핏 가디건 - 3color,0.0,0,56430,56430,56430,0,0,0.0,91.76,0,low,24.45,4,1,none,,0,https://www.musinsa.com/products/5449984
2026-09-03,벨리에,5451648,다이에그널 레더 블루종 - 블랙,0.0,0,599450,599450,599450,0,0,0.0,64.86,0,low,24.0,4,1,none,,0,https://www.musinsa.com/products/5451648
2026-09-03,벨리에,5451968,시티 브이넥 스웨터 - 블랙,0.0,0,139650,139650,139650,0,0,0.0,64.86,0,low,24.0,4,1,none,,0,https://www.musinsa.com/products/5451968
2026-09-03,튜드먼트,5453248,SOFT VOLUME MUFFLER BLUE,0.0,0,44100,44100,,0,,,26.84,0,low,10.32,2,1,none,,0,https://www.musinsa.com/products/5453248
2026-09-03,수아레,5453632,커브드 코스모 워싱 팬츠 애쉬 오트밀,0.0,0,39500,39500,39500,0,0,0.0,91.77,0,low,24.45,4,1,none,,0,https://www.musinsa.com/products/5453632
2026-09-03,해비즘,5457280,CHECK PATCH FLOWER ZIP UP HOOD(GREY),0.53,37233,70850,70850,70850,0,0,0.0,61.38,0,low,23.99,6,2,none,,0,https://www.musinsa.com/products/5457280
2026-09-03,더니트컴퍼니,5461184,(M) 만다 코튼 스트라이프 셔츠 [아스트랄 블루],0.0,0,76300,76300,76300,0,0,0.0,82.59,0,low,25.26,4,1,none,,0,https://www.musinsa.com/products/5461184
2026-09-03,무드인사이드,5463872,라인 워시드 바이커 데님 자켓 Black,0.0,0,49900,49900,49900,0,0,0.0,100.0,1,high,23.99,7,3,none,,0,https://www.musinsa.com/products/5463872
2026-09-03,밀로아카이브,5466688,크롭 무브 셔츠 [빈티지 브라운],0.0,0,58800,58800,58800,0,0,0.0,91.77,0,low,23.99,7,3,none,,0,https://www.musinsa.com/products/5466688
2026-09-03,디스이즈네버댓,5468608,Authentic Tradition Cap Brown,0.4,15476,38500,38500,38500,0,0,0.0,100.0,1,high,24.5,5,2,none,,0,https://www.musinsa.com/products/5468608
2026-09-03,디스이즈네버댓,5468928,Corduroy Varsity Jacket Black,0.0,0,174300,174300,174300,0,0,0.0,100.0,1,high,24.51,5,2,none,,0,https://www.musinsa.com/products/5468928
2026-09-03,내셔널지오그래픽,5469248,N253UVT110 [NRN] 투인원 베스트 OAK BEIGE,0.0,0,89400,89400,,0,,,24.27,0,low,12.71,3,1,none,,0,https://www.musinsa.com/products/5469248
2026-09-03,2000아카이브스,5472192,DEEP SCOOP BACK CONTOUR T (WHITE),0.0,0,67320,67320,67320,0,0,0.0,100.0,1,high,23.99,6,3,none,,0,https://www.musinsa.com/products/5472192
2026-09-03,이지노이지,5478336,리브드 크롭 롱슬리브-블랙,0.0,0,9900,9900,9900,0,0,0.0,64.87,0,low,24.0,4,1,none,,0,https://www.musinsa.com/products/5478336
2026-09-03,나이스고스트클럽,5479616,FFATS CHECK FUR CARDIGAN_BLACK(NG2FFUK684A),0.0,0,95400,95400,95400,0,0,0.0,61.4,0,low,23.99,6,2,none,,0,https://www.musinsa.com/products/5479616
2026-09-03,커버낫,5480512,[수빈 착용] 웜온 CVNT 플리스 후드집업 Ivory,0.59,56460,96390,96390,96390,0,0,0.0,100.0,1,high,24.51,5,2,none,,0,https://www.musinsa.com/products/5480512
2026-09-03,루에브르,5481280,Double-Breasted Tailored Jacket SW5AJ321-93,0.0,0,230300,230300,230300,0,0,0.0,100.0,1,high,23.99,7,3,none,,0,https://www.musinsa.com/products/5481280
2026-09-03,본투윈,5482560,STROKE B QUICK DRY T-SHIRTS [4 COLOR],1.62,90920,56000,56000,56000,0,0,0.0,100.0,1,high,14.05,21,4,none,,0,https://www.musinsa.com/products/5482560
2026-09-03,카멜워크,5484352,NO.071 러너 87 스웨트셔츠(그레이),0.0,0,49000,49000,,0,,,26.82,0,low,10.32,2,1,none,,0,https://www.musinsa.com/products/5484352
2026-09-03,마인드브릿지,5489920,[COUTURE]헤링본 오버핏 발마칸 롱 코트,0.0,0,247820,247820,247820,0,0,0.0,91.8,0,low,24.46,4,1,none,,0,https://www.musinsa.com/products/5489920
2026-09-03,데상트,5493888,스노우스톰 경량 패딩 자켓 패턴 SQ321SPD97,0.0,0,209300,209300,,0,,,30.04,0,low,8.35,2,1,none,,0,https://www.musinsa.com/products/5493888
2026-09-03,언탭트스튜디오,5496320,유니버스 데님 텍스처 아트웍 오버핏 긴팔 티셔츠 8Color,0.0,0,19580,19580,19580,0,0,0.0,100.0,1,high,23.99,7,3,none,,0,https://www.musinsa.com/products/5496320
2026-09-03,유니폼브릿지,5497536,silk blended crew neck knit navy,0.0,0,44710,44710,44710,0,0,0.0,100.0,1,high,23.99,6,3,none,,0,https://www.musinsa.com/products/5497536
2026-09-03,엘엠알,5505472,심볼 로고 자수 나일론 더플백 BLACK,0.0,0,39500,39500,,0,,,30.03,0,low,8.35,2,1,none,,0,https://www.musinsa.com/products/5505472
2026-09-03,엘엠알,5505856,레터링 자가드 풀오버 니트 DARK NAVY,0.0,0,39500,39500,,0,,,30.03,0,low,8.35,2,1,none,,0,https://www.musinsa.com/products/5505856
2026-09-03,엘엠알,5506048,샹뇽이 울 코위찬 니트 집업 BLACK,0.0,0,41200,41200,,0,,,30.03,0,low,8.35,2,1,none,,0,https://www.musinsa.com/products/5506048
2026-09-03,언더오프,5506176,세미 크롭 맨투맨 스웨트 브루클린 블랙,0.0,0,27920,27920,27920,0,0,0.0,100.0,1,high,24.51,5,2,none,,0,https://www.musinsa.com/products/5506176
2026-09-03,론론,5506496,LAYERED SKIRT CORDUROY STRING PANTS WHITE GREY,0.0,0,95760,95760,107730,1,-11970,-11.11,100.0,1,medium,24.03,6,3,none,,0,https://www.musinsa.com/products/5506496
2026-09-03,아메스월드와이드,5507456,BASIC SMALL LOGO HOODIE ZIP UP CREAM,0.0,0,67200,67200,67200,0,0,0.0,100.0,1,high,24.46,5,2,none,,0,https://www.musinsa.com/products/5507456
2026-09-03,에이치덱스,5512512,애슬레틱 85 후디 (Black),0.0,0,98000,98000,98000,0,0,0.0,82.61,0,low,25.26,4,1,none,,0,https://www.musinsa.com/products/5512512
2026-09-03,오픈야드(오와이),5513088,STRIPE POCKET MUFFLER - WHITE,0.0,0,53100,53100,,0,,,24.24,0,low,12.71,3,1,none,,0,https://www.musinsa.com/products/5513088
2026-09-03,브라운야드,5514304,"워시드 코듀로이 트러커 자켓, 블랙",0.0,0,208600,208600,208600,0,0,0.0,61.42,0,low,23.99,6,2,none,,0,https://www.musinsa.com/products/5514304
2026-09-03,그레이버,5514496,[UNISEX]카모 END OF TIME 후드티_3color,0.0,0,53950,53950,,0,,,30.02,0,low,8.35,2,1,none,,0,https://www.musinsa.com/products/5514496
2026-09-03,바우로프로덕트,5514560,파인 리브드 머슬 긴팔 니트티 [네이비],0.0,0,49800,49800,49800,0,0,0.0,100.0,1,high,25.26,6,2,none,,0,https://www.musinsa.com/products/5514560
2026-09-03,다이브인,5514880,WASHED COTTON MAC COAT (BLACK),0.0,0,191200,191200,191200,0,0,0.0,100.0,1,high,24.51,5,2,none,,0,https://www.musinsa.com/products/5514880
2026-09-03,언더오프,5515264,워싱 코튼 패디드 집업 블루종 카멜,0.0,0,49500,49500,49500,0,0,0.0,100.0,1,high,24.51,5,2,none,,0,https://www.musinsa.com/products/5515264
2026-09-03,더니트컴퍼니,5517504,(M) 세르비노 울 테일러드 재킷 [델리시오소 브라운],0.0,0,272300,272300,272300,0,0,0.0,82.62,0,low,25.26,4,1,none,,0,https://www.musinsa.com/products/5517504
2026-09-03,에이이에이이,5519424,STRIPE MITTEN GLOVES [BURGUNDY],0.0,0,49680,49680,55200,1,-5520,-10.0,91.83,0,low,24.46,4,1,none,,0,https://www.musinsa.com/products/5519424
2026-09-03,레이지비,5519680,에어라이트 스트레치 멀티스포츠 러닝 바람막이 아노락 자켓 상의 W 차콜,0.0,0,49000,49000,,0,,,30.01,0,low,8.35,2,1,none,,0,https://www.musinsa.com/products/5519680
2026-09-03,건지울른스,5525440,코튼 와이드 치노 팬츠 - 카키,0.0,0,126540,126540,,0,,,24.23,0,low,6.97,2,1,none,,0,https://www.musinsa.com/products/5525440
2026-09-03,아메스월드와이드,5529920,QWER NUMBERING HOODIE ZIP-UP BROWN,0.0,0,62720,62720,62720,0,0,0.0,100.0,1,high,24.47,5,2,none,,0,https://www.musinsa.com/products/5529920
2026-09-03,테이크이지,5529984,페어아일 빈티지 크롭니트 (크림),0.0,0,32900,32900,32900,0,0,0.0,100.0,1,high,24.51,5,2,none,,0,https://www.musinsa.com/products/5529984
2026-09-03,이미스,5531584,WASHED TWO TONE BALL CAP-BLACK,0.62,27473,44100,44100,,0,,,26.8,0,low,10.32,2,1,none,1,0,https://www.musinsa.com/products/5531584
2026-09-03,맥우드건,5534016,헤드웨어 9315 이어플랩 네이비 트루퍼 햇,0.0,0,41600,41600,,0,,,30.0,0,low,8.36,2,1,none,,0,https://www.musinsa.com/products/5534016
2026-09-03,제멋,5535040,레스트 앤 후드 버건디 ISHD2660,0.0,0,43900,43900,43900,0,0,0.0,100.0,1,high,24.03,6,3,none,,0,https://www.musinsa.com/products/5535040
2026-09-03,배드블러드,5535680,Eat Me 루즈핏 티 - 토바코,1.03,56603,55200,55200,55200,0,0,0.0,100.0,1,high,24.03,6,3,none,,0,https://www.musinsa.com/products/5535680
2026-09-03,더바이닐하우스,5539008,PATTERN BEANIE BLACK,0.0,0,37760,37760,37760,0,0,0.0,100.0,1,high,24.51,5,2,none,,0,https://www.musinsa.com/products/5539008
2026-09-03,무센트,5542720,시에라 호피 하트 원 숄더 긴팔 티 (2컬러),0.0,0,26910,26910,26910,0,0,0.0,100.0,1,high,24.52,5,2,none,,0,https://www.musinsa.com/products/5542720
2026-09-03,제멋,5542848,어니언 칼리지 맨투맨 네이비블루 SJMT2658,0.0,0,33900,33900,33900,0,0,0.0,100.0,1,high,24.03,6,3,none,,0,https://www.musinsa.com/products/5542848
2026-09-03,플리즈노팔로우,5546304,Meli Lace Shirring Sleeveless Top (Mocha Brown),1.0,41650,41650,41650,41650,0,0,0.0,100.0,1,high,23.99,6,3,none,,0,https://www.musinsa.com/products/5546304
2026-09-03,키르시,5546624,인조퍼 세미 크롭 다운 점퍼 [블랙],0.0,0,155400,155400,155400,0,0,0.0,100.0,1,high,24.52,5,2,none,,0,https://www.musinsa.com/products/5546624
2026-09-03,디스이즈네버댓,5549632,T.N.T. Classic HDP Zip Up Sweat Natural,0.0,0,100000,100000,100000,0,0,0.0,100.0,1,high,24.52,5,2,none,,0,https://www.musinsa.com/products/5549632
2026-09-03,밀로아카이브,5550528,스프레드 모티프 플리스 캡 [블랙],0.0,0,45500,45500,45500,0,0,0.0,91.87,0,low,23.99,7,3,none,,0,https://www.musinsa.com/products/5550528
2026-09-03,더그린랩,5551232,소프트 텍스처 니트 랩스커트 세트 [브라운],0.0,0,44240,44240,,0,,,29.98,0,low,8.36,2,1,none,,0,https://www.musinsa.com/products/5551232
2026-09-03,레이지비,5552192,믹스드 매쉬 럭비 져지 상의 오버핏 반팔 W 운동복 숏 슬리브 티셔츠 네이비,0.0,0,29670,29670,,0,,,29.98,0,low,8.36,2,1,none,,0,https://www.musinsa.com/products/5552192
2026-09-03,트릴리온,5552896,스트라이프 92 스타 그래픽 럭비 폴로 셔츠_스카이,0.0,0,29990,29990,29990,0,0,0.0,91.87,0,low,24.47,4,1,none,,0,https://www.musinsa.com/products/5552896
2026-09-03,데꼬로소,5553408,코듀로이 원턱 세미 와이드 팬츠 [블랙],0.0,0,59600,59600,59600,0,0,0.0,61.43,0,low,23.99,6,2,none,,0,https://www.musinsa.com/products/5553408
2026-09-03,파르티멘토 우먼,5554112,컷아웃 웨이스트 트라우저_차콜 멜란지,0.0,0,64080,64080,72090,1,-8010,-11.11,91.88,0,low,24.47,4,1,none,,0,https://www.musinsa.com/products/5554112
2026-09-03,파르티멘토 우먼,5554176,팀 76 패치 스트라이프 폴로 티_차콜,0.0,0,38880,38880,43740,1,-4860,-11.11,91.88,0,low,24.47,4,1,none,,0,https://www.musinsa.com/products/5554176
2026-09-03,더바넷,5554240,Oversized Forde Sweat Zip-Up Hoodie Jacket_Navy,0.0,0,142200,142200,142200,0,0,0.0,82.62,0,low,25.26,4,1,none,,0,https://www.musinsa.com/products/5554240
2026-09-03,더바넷,5555008,Revo Half Collar Knit,0.0,0,133200,133200,133200,0,0,0.0,82.62,0,low,25.26,4,1,none,,0,https://www.musinsa.com/products/5555008
2026-09-03,꼼파뇨,5555136,아모르네 레글런 스웨트셔츠 네이비,0.0,0,41250,41250,41250,0,0,0.0,91.88,0,low,24.47,4,1,none,,0,https://www.musinsa.com/products/5555136
2026-09-03,더바넷,5555520,Tonal Stripe Pique Shirt_Burgundy,0.0,0,106200,106200,106200,0,0,0.0,82.63,0,low,25.26,4,1,none,,0,https://www.musinsa.com/products/5555520
2026-09-03,무센트,5557120,티아제 셋업 아일렛 스웻 스커트 (2컬러),0.0,0,48640,48640,50310,1,-1670,-3.32,100.0,1,medium,24.52,5,2,none,,0,https://www.musinsa.com/products/5557120
2026-09-03,인사일런스우먼,5561856,베이직 립스탑 구스 다운 ASH BEIGE,0.0,0,312550,312550,312550,0,0,0.0,100.0,1,high,24.03,7,3,none,,0,https://www.musinsa.com/products/5561856
2026-09-03,브라운야드,5566336,"소프트 스톨, 올리브 그레이",0.0,0,198000,198000,198000,0,0,0.0,61.43,0,low,23.99,6,2,none,,0,https://www.musinsa.com/products/5566336
2026-09-03,키르시,5566400,클래식 플리츠 미니 스커트 [블랙],0.0,0,79200,79200,79200,0,0,0.0,100.0,1,high,24.52,5,2,none,,0,https://www.musinsa.com/products/5566400
2026-09-03,로라로라,5572096,MOHAIR WOOL BLENDED DAMAGED KNIT DEEP GRAY,0.0,0,93100,93100,,0,,,26.77,0,low,10.32,2,1,none,,0,https://www.musinsa.com/products/5572096
2026-09-03,언더오프,5572160,후디드 푸퍼 패딩 자켓 블랙,0.0,0,89900,89900,89900,0,0,0.0,100.0,1,high,24.52,5,2,none,,0,https://www.musinsa.com/products/5572160
2026-09-03,디스이즈네버댓,5573824,GD Dancing Bears Cap Off Black,0.0,0,45500,45500,45500,0,0,0.0,100.0,1,high,24.52,5,2,none,,0,https://www.musinsa.com/products/5573824
2026-09-03,무드인사이드,5576448,헤비 케이블 헨리넥 니트_Brown,0.0,0,49900,49900,49900,0,0,0.0,100.0,1,high,23.99,7,3,none,,0,https://www.musinsa.com/products/5576448
2026-09-03,데상트,5579392,플로젠 블랙 SR323LCR79,0.0,0,132050,132050,,0,,,29.95,0,low,8.36,2,1,none,,0,https://www.musinsa.com/products/5579392
2026-09-03,유니폼브릿지,5581440,feather down shirt jacket charcoal,0.0,0,110000,110000,110000,0,0,0.0,100.0,1,high,23.99,6,3,none,,0,https://www.musinsa.com/products/5581440
2026-09-03,제너럴아이디어,5582464,울 노르딕 더플 가디건 [RED] / WBD4L04550,0.0,0,79000,79000,63200,1,15800,25.0,100.0,1,medium,23.99,6,3,none,,0,https://www.musinsa.com/products/5582464
2026-09-03,리브레너,5583744,스탠다드 캣핑크 스웨츠 셔츠 블랙,0.0,0,28900,28900,,0,,,24.19,0,low,12.71,3,1,none,,0,https://www.musinsa.com/products/5583744
2026-09-03,2000아카이브스,5585216,LUA LEGWARMER (GREY),0.0,0,116820,116820,116820,0,0,0.0,100.0,1,high,23.99,6,3,none,,0,https://www.musinsa.com/products/5585216
2026-09-03,플랙,5586048,퍼널 넥 니트 네이비,0.0,0,109000,109000,109000,0,0,0.0,100.0,1,high,24.52,5,2,none,,0,https://www.musinsa.com/products/5586048
2026-09-03,브라운브레스,5587136,FREEZE TAG HOODIE - BLACK,1.0,109000,109000,109000,109000,0,0,0.0,100.0,1,high,23.99,7,3,none,,0,https://www.musinsa.com/products/5587136
2026-09-03,브룩스 브라더스,5588800,바시티점퍼 (카키) (BBOTMBF304),0.0,0,377370,377370,377370,0,0,0.0,61.44,0,low,23.99,6,2,none,,0,https://www.musinsa.com/products/5588800
2026-09-03,프리버07,5590784,Friver wool loose fit v-neck knit [FRFA03NT04]_3color,0.0,0,79800,79800,,0,,,24.18,0,low,12.71,3,1,none,,0,https://www.musinsa.com/products/5590784
2026-09-03,파브레가,5594816,커드 시어링 카 코트 (빈티지 브라운),0.0,0,223200,223200,223200,0,0,0.0,82.66,0,low,25.26,4,1,none,,0,https://www.musinsa.com/products/5594816
2026-09-03,파르티멘토,5597120,100% 울 세일러 토글 니트 자켓 네이비,0.0,0,110160,110160,110160,0,0,0.0,100.0,1,high,24.52,5,2,none,,0,https://www.musinsa.com/products/5597120
2026-09-03,라이프워크,5597824,공용) 부클 라독 소프트 볼캡,0.0,0,49000,49000,,0,,,29.93,0,low,8.36,2,1,none,,0,https://www.musinsa.com/products/5597824
2026-09-03,노이어,5598528,루즈핏 코듀로이 워크셔츠 (브라운),0.0,0,86200,86200,86200,0,0,0.0,100.0,1,high,24.03,6,3,none,,0,https://www.musinsa.com/products/5598528
2026-09-03,내셔널지오그래픽,5601664,N254USW100 [NRN] 입체포켓 하프집업 티셔츠 OAK BEIGE,0.0,0,90300,90300,,0,,,24.17,0,low,12.71,3,1,none,,0,https://www.musinsa.com/products/5601664
2026-09-03,엑스오엑스,5606080,리브드 헨리넥 긴팔 티셔츠[NAVY],0.0,0,49900,49900,49900,0,0,0.0,64.93,0,low,24.0,4,1,none,,0,https://www.musinsa.com/products/5606080
2026-09-03,내셔널지오그래픽,5606464,N254UPT960 변형 플리스 세미루즈 스트레이트 팬츠 BLACK,0.0,0,72240,72240,,0,,,24.17,0,low,12.71,3,1,none,,0,https://www.musinsa.com/products/5606464
2026-09-03,알리스,5607104,퓨어 울 100% 에센셜 플러피 머플러 [4COLOR],0.0,0,36030,36030,36030,0,0,0.0,91.92,0,low,24.48,4,1,none,,0,https://www.musinsa.com/products/5607104
2026-09-03,노매뉴얼,5608064,R.V ARCH LOGO HOODED ZIP-UP - CHARCOAL,0.0,0,92000,92000,92000,0,0,0.0,91.92,0,low,24.48,4,1,none,,0,https://www.musinsa.com/products/5608064
2026-09-03,꼼파뇨,5613184,꽈배기 크롭 니트 가디건 그레이,0.0,0,41800,41800,41800,0,0,0.0,91.92,0,low,24.48,4,1,none,,0,https://www.musinsa.com/products/5613184
2026-09-03,아틀리에나인,5614592,YAK BLENDED CUT OUT HIGH NECK KNIT (T-7143),0.0,0,144530,144530,144530,0,0,0.0,100.0,1,high,24.0,5,2,none,,0,https://www.musinsa.com/products/5614592
2026-09-03,칙스,5614720,스타피쉬 스터드 비니 브라운,0.0,0,23920,23920,26910,1,-2990,-11.11,100.0,1,medium,24.03,6,3,none,,0,https://www.musinsa.com/products/5614720
2026-09-03,어나더오피스,5615488,Cashmere Banding Easy Pants (Heather Charcoal),0.0,0,190400,190400,190400,0,0,0.0,82.66,0,low,24.03,5,3,none,,0,https://www.musinsa.com/products/5615488
2026-09-03,로제프란츠,5618368,Fur V-neck Knit [Butter],0.0,0,45920,45920,45920,0,0,0.0,82.67,0,low,25.27,4,1,none,,0,https://www.musinsa.com/products/5618368
2026-09-03,브랜디드,5620480,[SUPERIOR] ESSENTIAL SUPERFINE ROUND KNIT [CHARCOAL],0.0,0,100300,100300,100300,0,0,0.0,82.67,0,low,25.27,4,1,none,,0,https://www.musinsa.com/products/5620480
2026-09-03,유니폼브릿지,5622848,corduroy pants wide fit(womens) black,0.0,0,79000,79000,79000,0,0,0.0,100.0,1,high,23.99,6,3,none,,0,https://www.musinsa.com/products/5622848
2026-09-03,유니폼브릿지,5622912,merino wool turtle neck knit black,0.0,0,89000,89000,89000,0,0,0.0,100.0,1,high,23.99,6,3,none,,0,https://www.musinsa.com/products/5622912
2026-09-03,코드그라피,5623104,(우먼) 스퀘어 로고 패딩 베스트_레드,0.0,0,104300,104300,104300,0,0,0.0,82.68,0,low,25.27,4,1,none,,0,https://www.musinsa.com/products/5623104
2026-09-03,헬레네파리스,5623168,심볼 로고 헤어리 풀오버 니트 집업 [브라운-블랙],0.0,0,78510,78510,76400,1,2110,2.76,100.0,1,medium,24.03,6,3,none,,0,https://www.musinsa.com/products/5623168
2026-09-03,헬레네파리스,5623296,카덴자 헤어리 퍼 코트 [도브 그레이],0.0,0,112200,112200,105800,1,6400,6.05,100.0,1,medium,24.03,6,3,none,,0,https://www.musinsa.com/products/5623296
2026-09-03,렌세,5625984,Raw Cut Layered Long Sleeve Tee White,0.0,0,44800,44800,,0,,,26.73,0,low,10.32,2,1,none,,0,https://www.musinsa.com/products/5625984
2026-09-03,파르티멘토,5627776,유틸리티 후디드 푸퍼 패딩 블랙,0.0,0,130400,130400,130400,0,0,0.0,100.0,1,high,24.53,5,2,none,,0,https://www.musinsa.com/products/5627776
2026-09-03,테켓,5628544,Plan Tee Black,1.72,89731,52250,52250,,0,,,29.9,0,low,8.36,2,1,none,2,0,https://www.musinsa.com/products/5628544
2026-09-03,본투윈,5631232,W CHROME B TRACK LINE CROP HOODIE ZIP-UP [BLACK],0.0,0,109000,109000,109000,0,0,0.0,100.0,1,high,23.99,6,3,none,,0,https://www.musinsa.com/products/5631232
2026-09-03,시야쥬,5632576,SITP5237 컴포트 플리스 풀오버 탑_Navy,0.0,0,98000,98000,98000,0,0,0.0,100.0,1,high,24.53,5,2,none,,0,https://www.musinsa.com/products/5632576
2026-09-03,프렌다,5633472,POT QUILTING FUR DOWN BLACK,0.0,0,95600,95600,143400,1,-47800,-33.33,100.0,1,medium,23.99,7,3,none,,0,https://www.musinsa.com/products/5633472
2026-09-03,시야쥬,5634240,SIOT4168 헤비 울 싱글 블레이저_Brown,0.0,0,259000,259000,259000,0,0,0.0,100.0,1,high,24.53,5,2,none,,0,https://www.musinsa.com/products/5634240
2026-09-03,미니멀프로젝트,5634304,사이드라인 헤비 플리스 트랙 자켓 MJK130 [GREEN],0.0,0,118000,118000,,0,,,26.72,0,low,10.32,2,1,none,,0,https://www.musinsa.com/products/5634304
2026-09-03,시야쥬,5634432,SIOT4160 덕다운 패딩 롱 코트_Light beige,0.0,0,313000,313000,313000,0,0,0.0,100.0,1,high,24.53,5,2,none,,0,https://www.musinsa.com/products/5634432
2026-09-03,와이케이,5636288,백 그래픽 파라슈트 데님 팬츠 미디엄블루,0.0,0,67600,67600,67600,0,0,0.0,61.45,0,low,23.99,6,2,none,,0,https://www.musinsa.com/products/5636288
2026-09-03,일꼬르소,5636544,조르디 스탠다드 코듀로이 와이드 팬츠 다크 카키 IEPA5F001K3,0.0,0,69300,69300,69300,0,0,0.0,100.0,1,high,24.53,5,2,none,,0,https://www.musinsa.com/products/5636544
2026-09-03,라이프워크,5642880,테크 카라비너 하이넥 다운 점퍼,0.0,0,399000,399000,,0,,,29.89,0,low,8.36,2,1,none,,0,https://www.musinsa.com/products/5642880
2026-09-03,테켓,5646272,Buzzglut Mesh L/S Tee White,0.0,0,89000,89000,,0,,,29.88,0,low,8.36,2,1,none,,0,https://www.musinsa.com/products/5646272
2026-09-03,테켓,5646976,Capsule Shorts Black,0.0,0,129000,129000,,0,,,29.88,0,low,8.36,2,1,none,,0,https://www.musinsa.com/products/5646976
2026-09-03,내셔널지오그래픽,5648192,N254WDW970 여성 물결 퀼팅 덕다운 점퍼 GREY,0.0,0,167440,167440,,0,,,24.14,0,low,12.71,3,1,none,,0,https://www.musinsa.com/products/5648192
2026-09-03,론론,5648960,DOT NOTE APPLIQUE LONG SLEEVE NAVY,0.0,0,63360,63360,71280,1,-7920,-11.11,100.0,1,medium,24.03,6,3,none,,0,https://www.musinsa.com/products/5648960
2026-09-03,제너럴아이디어,5652736,MAN 울 블렌디드 더블 피코트 [CHARCOAL] / SBE4M10015,0.0,0,224000,224000,224000,0,0,0.0,100.0,1,high,23.99,6,3,none,,0,https://www.musinsa.com/products/5652736
2026-09-03,코드그라피,5653888,기모 CGP 아치 로고 후디_프로스트 그린,0.0,0,62300,62300,62300,0,0,0.0,82.7,0,low,25.27,4,1,none,,0,https://www.musinsa.com/products/5653888
2026-09-03,제너럴아이디어,5655616,시어링 카라 무스탕 코트 [BROWN] / WBE4L10525,0.0,0,175200,175200,175200,0,0,0.0,100.0,1,high,23.99,6,3,none,,0,https://www.musinsa.com/products/5655616
2026-09-03,무드인사이드,5658688,미니멀 경량 후디드 패딩 자켓 _Beige,0.0,0,44900,44900,44900,0,0,0.0,100.0,1,high,23.99,7,3,none,,0,https://www.musinsa.com/products/5658688
2026-09-03,브룩스 브라더스,5659968,슬림핏 라이트웨이트 어드밴티지 치노 (스톤) (BBPCMMZ501),0.0,0,179100,179100,179100,0,0,0.0,61.45,0,low,23.99,6,2,none,,0,https://www.musinsa.com/products/5659968
2026-09-03,배드블러드,5662336,바이퍼31-1 라이트웨이트 하이넥 푸퍼 - 블랙레더,0.0,0,245650,245650,245650,0,0,0.0,100.0,1,high,24.03,6,3,none,,0,https://www.musinsa.com/products/5662336
2026-09-03,다이닛,5662400,TURTLENECK SLIM KNIT TOP IN CREAM,0.0,0,81000,81000,,0,,,24.13,0,low,12.71,3,1,none,,0,https://www.musinsa.com/products/5662400
2026-09-03,본투윈,5662656,W SYMBOL B ECLIPSE SEAMLESS 3.5 BIKER SHORTS [CHARCOAL],0.0,0,62000,62000,65500,1,-3500,-5.34,100.0,1,medium,23.99,6,3,none,,0,https://www.musinsa.com/products/5662656
2026-09-03,오호스,5664704,Pleated Jersey Skirt Pants / Grey,0.0,0,144270,144270,,0,,,29.86,0,low,8.36,2,1,none,,0,https://www.musinsa.com/products/5664704
2026-09-03,오호스,5664832,Reversible Check Padded Jacket / Ivory,0.0,0,272300,272300,,0,,,29.86,0,low,8.36,2,1,none,,0,https://www.musinsa.com/products/5664832
2026-09-03,노아,5666432,(U) 노스이스트 울 바시티 재킷 켈리 화이트 NORTHEAST WOOL VARSITY JACKET KELLY WHITE,0.0,0,870000,870000,,0,,,24.13,0,low,12.71,3,1,none,,0,https://www.musinsa.com/products/5666432
2026-09-03,키르시,5668288,니턱 와이드핏 카고 팬츠 [핑크],0.0,0,103200,103200,103200,0,0,0.0,100.0,1,high,24.54,5,2,none,,0,https://www.musinsa.com/products/5668288
2026-09-03,트위,5670592,몰리 카라 배색 패턴 니트 가디건,0.0,0,48510,48510,,0,,,26.71,0,low,10.32,2,1,none,,0,https://www.musinsa.com/products/5670592
2026-09-03,시그니처,5674176,와이드 커브드 다트 코듀로이 팬츠[블랙],0.0,0,39900,39900,39900,0,0,0.0,82.7,0,low,25.27,4,1,none,,0,https://www.musinsa.com/products/5674176
2026-09-03,더뮤지엄비지터,5676928,SHIRRING BOOT-CUT PANTS (OLIVE),0.0,0,96750,96750,96750,0,0,0.0,100.0,1,high,23.99,6,3,none,,0,https://www.musinsa.com/products/5676928
2026-09-03,제너럴아이디어,5682176,메탈 롱헤어 루즈핏 풀오버 [BEIGE] / WBE4L05548,0.0,0,51200,51200,51200,0,0,0.0,100.0,1,high,23.99,6,3,none,,0,https://www.musinsa.com/products/5682176
2026-09-03,어나더오피스,5684096,Legacy Goose Down Parka (Pewter),0.0,0,390400,390400,390400,0,0,0.0,82.7,0,low,24.03,5,3,none,,0,https://www.musinsa.com/products/5684096
2026-09-03,링서울,5684352,handmade cashmere balmacan coat-charcoal,0.0,0,304640,304640,342720,1,-38080,-11.11,61.46,0,low,23.99,6,2,none,,0,https://www.musinsa.com/products/5684352
2026-09-03,링서울,5684416,alpaca high-neck belted long coat-khaki brown,0.0,0,297150,297150,334290,1,-37140,-11.11,61.46,0,low,23.99,6,2,none,,0,https://www.musinsa.com/products/5684416
2026-09-03,라이프워크,5684544,스노우 마블 후드 다운 점퍼,0.0,0,245600,245600,,0,,,29.85,0,low,8.36,2,1,none,,0,https://www.musinsa.com/products/5684544
2026-09-03,칙스,5687424,플란넬 체크 후드집업 블랙,0.0,0,65520,65520,73710,1,-8190,-11.11,100.0,1,medium,24.03,6,3,none,,0,https://www.musinsa.com/products/5687424
2026-09-03,언더오프,5689856,울100 소프트 니트 머플러 그레이,0.0,0,29900,29900,29900,0,0,0.0,100.0,1,high,24.54,5,2,none,,0,https://www.musinsa.com/products/5689856
2026-09-03,카고브로스포우먼,5699456,[기모선택] 빈티지 하트 레오파드 후드 티셔츠 (와인),0.0,0,34000,34000,,0,,,24.12,0,low,12.71,3,1,none,,0,https://www.musinsa.com/products/5699456
2026-09-03,미드나잇무브,5705152,wool pk skirt (brown),0.0,0,82080,82080,,0,,,26.68,0,low,7.6,2,1,none,,0,https://www.musinsa.com/products/5705152
2026-09-03,노티카,5719360,슈퍼와이드 덕 페인터 팬츠 JPL7855,0.0,0,127200,127200,127200,0,0,0.0,64.96,0,low,24.0,4,1,none,,0,https://www.musinsa.com/products/5719360
2026-09-03,제너럴아이디어,5722752,울 블랜드 니트 핸드 워머 [4COL] / WBE4L93528,0.0,0,22620,22620,23200,1,-580,-2.5,100.0,1,medium,23.99,6,3,none,,0,https://www.musinsa.com/products/5722752
2026-09-03,더뮤지엄비지터,5723264,BUTTON NECK LAYERED LONG SLEEVE (GREEN),0.0,0,50400,50400,50400,0,0,0.0,100.0,1,high,23.99,6,3,none,,0,https://www.musinsa.com/products/5723264
2026-09-03,999휴머니티,5725056,HC 스컬 캡 (페이디드 브라운),0.0,0,68000,68000,68000,0,0,0.0,64.97,0,low,24.0,4,1,none,,0,https://www.musinsa.com/products/5725056
2026-09-03,키르시,5727232,베이직 체리 포인트 크루삭스 화이트 5팩,0.0,0,21900,21900,21900,0,0,0.0,100.0,1,high,24.54,5,2,none,,0,https://www.musinsa.com/products/5727232
2026-09-03,무드인사이드,5729088,미니멀 경량 후디드 패딩 자켓 _Pink,1.0,44900,44900,44900,44900,0,0,0.0,100.0,1,high,23.99,7,3,none,,0,https://www.musinsa.com/products/5729088
2026-09-03,바이모노,5729152,[빅사이즈 32-46] 꼭꼭팬츠 꼭꼭 바디보정&교정 반바지,0.0,0,32900,32900,32900,0,0,0.0,100.0,1,high,24.54,5,2,none,,0,https://www.musinsa.com/products/5729152
2026-09-03,무센트,5746048,로번트 메탈 로고 볼레로 후드 집업 (2컬러),0.0,0,113410,113410,116910,1,-3500,-2.99,100.0,1,medium,24.54,5,2,none,,0,https://www.musinsa.com/products/5746048
2026-09-03,밀로아카이브,5748160,크롭 무브 가디건 [퍼플],0.0,0,86400,86400,86400,0,0,0.0,91.99,0,low,23.99,7,3,none,,0,https://www.musinsa.com/products/5748160
2026-09-03,트래블,5748736,스타 헬릭스 후드 집업 블루 섀도우,0.0,0,59000,59000,59000,0,0,0.0,100.0,1,high,23.99,7,3,none,,0,https://www.musinsa.com/products/5748736
2026-09-03,샌드뮤지엄,5752064,MAGAZINE BAG [Suede Navy],0.0,0,136890,136890,,0,,,26.66,0,low,10.32,2,1,none,,0,https://www.musinsa.com/products/5752064
2026-09-03,노이어,5753088,캐시미어 코튼 딥 브이넥 니트 (레드),0.0,0,88000,88000,88000,0,0,0.0,100.0,1,high,24.03,6,3,none,,0,https://www.musinsa.com/products/5753088
2026-09-03,베이직하우스,5754112,슈퍼 스트레치 스판 밴딩 조거팬츠_다크그레이,0.0,0,29900,29900,,0,,,29.83,0,low,8.36,2,1,none,,0,https://www.musinsa.com/products/5754112
2026-09-03,페인오어플레져,5758336,SOFT DRAPED OFF SHOULDER TOP white,0.0,0,107100,107100,,0,,,26.66,0,low,10.32,2,1,none,,0,https://www.musinsa.com/products/5758336
2026-09-03,플레어업,5760384,Hooded Asymmetrical Puffer Jacket (FL-053_Charcoal),0.0,0,149760,149760,149760,0,0,0.0,92.0,0,low,24.49,4,1,none,,0,https://www.musinsa.com/products/5760384
2026-09-03,썸웨어버터,5762560,Matis Wide Denim Pants - Middle Blue,0.0,0,77600,77600,77600,0,0,0.0,61.49,0,low,23.99,6,2,none,,0,https://www.musinsa.com/products/5762560
2026-09-03,라이프워크,5764288,여성) 벨로아 라독 코듀로이 후드 티셔츠,0.0,0,109000,109000,,0,,,29.82,0,low,8.36,2,1,none,,0,https://www.musinsa.com/products/5764288
2026-09-03,해칭룸,5772288,Wide Curve Jeans Dark Blue,0.0,0,178000,178000,178000,0,0,0.0,92.0,0,low,24.49,4,1,none,,0,https://www.musinsa.com/products/5772288
2026-09-03,제너럴아이디어,5774336,MAN 레귤러핏 플란넬 체크 셔츠 [RED] / SBE4M03009,0.0,0,51200,51200,51200,0,0,0.0,100.0,1,high,23.99,6,3,none,,0,https://www.musinsa.com/products/5774336
2026-09-03,레이지비,5774592,[SET] 자이언트 핏 긴팔 오버핏 럭비 져지 + 라인 트랙 팬츠 짐웨어 세트 M 블랙2,0.0,0,69000,69000,,0,,,29.82,0,low,8.36,2,1,none,,0,https://www.musinsa.com/products/5774592
2026-09-03,레터리,5774976,CHECK FRILL POCKET PANTS_BLACK,0.0,0,82560,82560,,0,,,29.82,0,low,8.36,2,1,none,,0,https://www.musinsa.com/products/5774976
2026-09-03,브랜디드,5777024,[SUPERIOR] CLOUD SUPERFINE V-NECK KNIT [MELANGE GRAY],0.0,0,125800,125800,125800,0,0,0.0,82.72,0,low,19.03,4,3,none,,0,https://www.musinsa.com/products/5777024
2026-09-03,브룩스 브라더스,5779520,[여성] 코튼 트윌 스커트 (블랙) (BBKZWFF301),0.0,0,175770,175770,175770,0,0,0.0,61.49,0,low,23.99,6,2,none,,0,https://www.musinsa.com/products/5779520
2026-09-03,시야쥬,5782784,SITP5240 홀리데이 산타 나염 맨투맨_Cream,0.0,0,89000,89000,89000,0,0,0.0,100.0,1,high,24.55,5,2,none,,0,https://www.musinsa.com/products/5782784
2026-09-03,아캄,5793600,Hooded Fur Leather Jacket (Black),0.0,0,219600,219600,219600,0,0,0.0,64.97,0,low,24.0,4,1,none,,0,https://www.musinsa.com/products/5793600
2026-09-03,로우그,5796992,엔젤 패러슈트 팬츠_카모,0.0,0,56030,56030,,0,,,26.65,0,low,10.32,2,1,none,,0,https://www.musinsa.com/products/5796992
2026-09-03,로우그,5797440,심볼 라이트 다운 재킷_블랙,0.0,0,113850,113850,,0,,,26.65,0,low,10.32,2,1,none,,0,https://www.musinsa.com/products/5797440
2026-09-03,아틀리에나인,5801600,애쉬 오블리크 라인 티(T-6949),0.0,0,53100,53100,53100,0,0,0.0,100.0,1,high,24.0,5,2,none,,0,https://www.musinsa.com/products/5801600
2026-09-03,바이모노,5804800,[빅사이즈 32-42] 모노 뜨거운 구김제로 밴딩팬츠(ver.발열기모),0.0,0,29900,29900,29900,0,0,0.0,100.0,1,high,24.55,5,2,none,,0,https://www.musinsa.com/products/5804800
2026-09-03,바이모노,5805056,[FREE(XL)] 모노 베이직 빅사이즈 볼캡 모자,0.0,0,18900,18900,18900,0,0,0.0,100.0,1,high,24.55,5,2,none,,0,https://www.musinsa.com/products/5805056
2026-09-03,앤더슨벨,5820160,LAYERED CARDIGAN atb1411m(CAMEL),0.0,0,197100,197100,,0,,,29.8,0,low,8.36,2,1,none,,0,https://www.musinsa.com/products/5820160
2026-09-03,스파오,5821632,PROVINCE 후드 집업_SPMZG23G50,0.0,0,49900,49900,,0,,,24.09,0,low,12.71,3,1,none,,0,https://www.musinsa.com/products/5821632
2026-09-03,엠엘비,5824512,베이직 컬러 로프 키링 NY (Pink),0.0,0,12000,12000,,0,,,26.64,0,low,10.32,2,1,none,,0,https://www.musinsa.com/products/5824512
2026-09-03,코이리스,5824768,[파우치 증정] 루빅스 레더 숄더백,0.0,0,50920,50920,,0,,,29.8,0,low,8.36,2,1,none,,0,https://www.musinsa.com/products/5824768
2026-09-03,유희,5835392,STAR POINT T-SHIRTS_NAVY,0.0,0,35280,35280,,0,,,29.79,0,low,8.36,2,1,none,,0,https://www.musinsa.com/products/5835392
2026-09-03,유희,5835456,ROSE DOT KNIT CARDIGAN_IVORY,0.0,0,57530,57530,,0,,,29.79,0,low,8.36,2,1,none,,0,https://www.musinsa.com/products/5835456
2026-09-03,일리고,5836864,129 로고 패치 후드 집업 스트라이프 브라운,0.0,0,78000,78000,78000,0,0,0.0,92.03,0,low,24.5,4,1,none,,0,https://www.musinsa.com/products/5836864
2026-09-03,트릴리온,5837312,버튼 하프넥 플리스 풀오버_5color,0.0,0,49000,49000,49000,0,0,0.0,92.03,0,low,24.5,4,1,none,,0,https://www.musinsa.com/products/5837312
2026-09-03,나이스고스트클럽,5839104,3STAR CROP HOODIE ZIP UP_CHARCOAL(NG2GSUM492A),0.0,0,62370,62370,62370,0,0,0.0,61.5,0,low,23.99,6,2,none,,0,https://www.musinsa.com/products/5839104
2026-09-03,나이스고스트클럽,5839168,3STAR APPLIQUE 3/4 SLEEVE TEE_NAVY(NG2GSUT563A),0.0,0,34300,34300,34300,0,0,0.0,61.5,0,low,23.99,6,2,none,,0,https://www.musinsa.com/products/5839168
2026-09-03,엠엘비,5839744,스트릿 어드레스 언스트럭쳐 볼캡 NY (Black),0.0,0,38700,38700,,0,,,26.64,0,low,10.32,2,1,none,,0,https://www.musinsa.com/products/5839744
2026-09-03,튜드먼트,5841024,STRIPED ROUND-NECK T-SHIRT_NAVY,0.0,0,48520,48520,,0,,,26.63,0,low,10.32,2,1,none,,0,https://www.musinsa.com/products/5841024
2026-09-03,라이프워크,5842048,실루엣 아트웍 페이크 삭스,0.0,0,8900,8900,,0,,,29.78,0,low,8.36,2,1,none,,0,https://www.musinsa.com/products/5842048
2026-09-03,엠엘비,5842944,스트릿 백아크 언스트럭쳐 볼캡 NY (Mg.Khaki),0.0,0,41400,41400,,0,,,26.63,0,low,10.32,2,1,none,,0,https://www.musinsa.com/products/5842944
2026-09-03,데상트,5847424,우먼스 나일론 슬링백 라벤더 SR122UBG10,0.0,0,94050,94050,,0,,,29.78,0,low,8.36,2,1,none,,0,https://www.musinsa.com/products/5847424
2026-09-03,노매뉴얼,5849024,LIGHT WAFFLE PANTS - GRAY,0.0,0,103500,103500,103500,0,0,0.0,92.05,0,low,24.5,4,1,none,,0,https://www.musinsa.com/products/5849024
2026-09-03,노매뉴얼,5849216,ROUGH SEERSUCKER CHECK SHIRTS - IVORY,0.0,0,100800,100800,100800,0,0,0.0,92.06,0,low,24.5,4,1,none,,0,https://www.musinsa.com/products/5849216
2026-09-03,노매뉴얼,5849408,RAW CHAIN STITCHED T-SHIRT - BLACK,0.0,0,34300,34300,34300,0,0,0.0,92.06,0,low,24.5,4,1,none,,0,https://www.musinsa.com/products/5849408
2026-09-03,노매뉴얼,5849472,DUAL SLASH EMBLEM T-SHIRT - WASHED BLACK,0.0,0,44100,44100,44100,0,0,0.0,92.07,0,low,24.5,4,1,none,,0,https://www.musinsa.com/products/5849472
2026-09-03,리브레너,5851520,[SET]우먼 20수 무지 크롭 반팔티셔츠 2팩,0.0,0,30900,30900,,0,,,24.08,0,low,12.71,3,1,none,,0,https://www.musinsa.com/products/5851520
2026-09-03,데상트,5857472,나일론 경량 우븐 볼캡 스카이 블루 SR123UCP1A,0.0,0,46550,46550,,0,,,29.78,0,low,8.36,2,1,none,,0,https://www.musinsa.com/products/5857472
2026-09-03,글로니,5859200,3/4 G WAFFLE BUTTON FLY TEE (WHITE),0.0,0,63180,63180,63180,0,0,0.0,100.0,1,high,24.03,6,3,none,,0,https://www.musinsa.com/products/5859200
2026-09-03,데상트,5860800,스포츠테리 조거 팬츠 블랙 SR123UFP11,0.0,0,113050,113050,,0,,,29.76,0,low,8.36,2,1,none,,0,https://www.musinsa.com/products/5860800
2026-09-03,트릴리온,5861696,레더 패치 코듀로이  워크 셔츠_4color,0.0,0,37800,37800,37800,0,0,0.0,92.09,0,low,24.5,4,1,none,,0,https://www.musinsa.com/products/5861696
2026-09-03,키르시,5869440,플레인 슬림핏 후드 집업 [블랙],0.0,0,71200,71200,71200,0,0,0.0,100.0,1,high,24.56,5,2,none,,0,https://www.musinsa.com/products/5869440
2026-09-03,론론,5870848,3 MULTI STRIPE HOODIE ZIP UP NAVY,0.0,0,79200,79200,89100,1,-9900,-11.11,100.0,1,medium,24.03,6,3,none,,0,https://www.musinsa.com/products/5870848
2026-09-03,마인드브릿지,5871872,스트라이프 오버핏 긴팔 티셔츠,0.0,0,19900,19900,19900,0,0,0.0,92.1,0,low,24.5,4,1,none,,0,https://www.musinsa.com/products/5871872
2026-09-03,지프,5873024,아치 JEEP 빅로고 볼캡 (JR5GCU198IV),0.0,0,30510,30510,,0,,,29.74,0,low,8.36,2,1,none,,0,https://www.musinsa.com/products/5873024
2026-09-03,파브레가,5873792,컨투어 커브드 데님 팬츠 (빈티지 블루),0.0,0,97200,97200,97200,0,0,0.0,82.76,0,low,25.27,4,1,none,,0,https://www.musinsa.com/products/5873792
2026-09-03,데상트,5877312,영애슬릿 빅워딩 맨투맨 블랙 SR12JUHT12,0.0,0,84550,84550,,0,,,29.73,0,low,8.37,2,1,none,,0,https://www.musinsa.com/products/5877312
2026-09-03,세터,5877888,[라이즈 PICK] 홈웨어 스트라이프 레이스업 밴딩 쇼츠 블루,0.0,0,79000,79000,79000,0,0,0.0,64.99,0,low,24.0,4,1,none,,0,https://www.musinsa.com/products/5877888
2026-09-03,엑스컨테이너,5878720,사이드 라인 와이드 팬츠 (SLATE BLACK),0.0,0,52920,52920,52920,0,0,0.0,92.11,0,low,24.5,4,1,none,,0,https://www.musinsa.com/products/5878720
2026-09-03,그루브라임,5879936,피그먼트 면쭈리 절개 와이드 카고팬츠 (LRSFCYW172M),0.0,0,23800,23800,23800,0,0,0.0,100.0,1,high,23.99,7,3,none,,0,https://www.musinsa.com/products/5879936
2026-09-03,그루브라임,5880064,스트레치 하이넥 집업 (LRSFCUZ708M),0.0,0,28900,28900,28900,0,0,0.0,100.0,1,high,23.99,7,3,none,,0,https://www.musinsa.com/products/5880064
2026-09-03,드로우핏우먼,5885760,버튼 레이어드 스커트 팬츠 [D.GREY],0.0,0,63360,63360,63360,0,0,0.0,100.0,1,high,23.99,7,3,none,,0,https://www.musinsa.com/products/5885760
2026-09-03,드로우핏우먼,5886208,제인 레이어드 뷔스티에 블라우스 [BLACK],0.0,0,55440,55440,55440,0,0,0.0,100.0,1,high,23.99,7,3,none,,0,https://www.musinsa.com/products/5886208
2026-09-03,스파오,5887424,투턱 와이드 치노 팬츠_SPTCG23G04,0.0,0,44910,44910,,0,,,24.03,0,low,12.71,3,1,none,,0,https://www.musinsa.com/products/5887424
2026-09-03,미세키서울,5889088,[레이 PICK] Blur quote short sleeve WHITE,0.0,0,52200,52200,52200,0,0,0.0,92.12,0,low,24.5,4,1,none,,0,https://www.musinsa.com/products/5889088
2026-09-03,노이즈,5894464,빈티지 워시드 로우컷 셔츠 - 차콜,0.0,0,49770,49770,,0,,,29.72,0,low,8.37,2,1,none,,0,https://www.musinsa.com/products/5894464
2026-09-03,마인드브릿지우먼,5894656,[W]와이드 밴딩 연청 데님 팬츠,0.0,0,80900,80900,80900,0,0,0.0,100.0,1,high,24.0,5,2,none,,0,https://www.musinsa.com/products/5894656
2026-09-03,마인드브릿지우먼,5894784,[W]핀턱 타이 화이트 블라우스,0.65,38942,59900,59900,59900,0,0,0.0,100.0,1,high,24.0,5,2,none,,0,https://www.musinsa.com/products/5894784
2026-09-03,미세키서울,5894848,[레이 PICK] Open toe sheer knee socks GREY,0.0,0,32400,32400,32400,0,0,0.0,92.12,0,low,24.5,4,1,none,,0,https://www.musinsa.com/products/5894848
2026-09-03,바우프,5895040,레이어드 포켓 후드 티셔츠 [민트],0.0,0,75650,75650,75650,0,0,0.0,82.78,0,low,25.27,9,1,none,,0,https://www.musinsa.com/products/5895040
2026-09-03,노이즈,5895296,립스탑 라이트 윈드브레이커 자켓 - 브라운,0.0,0,69660,69660,,0,,,29.71,0,low,8.37,2,1,none,,0,https://www.musinsa.com/products/5895296
2026-09-03,미세키서울,5895616,Pocket pointed sleeveless BLACK,0.0,0,52200,52200,52200,0,0,0.0,92.13,0,low,24.5,4,1,none,,0,https://www.musinsa.com/products/5895616
2026-09-03,내셔널지오그래픽,5896320,N261WFT050 여성 그레비 세미오버핏 후드 풀집업 BLACK,0.0,0,139000,139000,,0,,,24.03,0,low,12.71,3,1,none,,0,https://www.musinsa.com/products/5896320
2026-09-03,내셔널지오그래픽,5896384,N261MJP260 에테르 Heatlock AERO 인슐레이션 후드 점퍼 URBAN TAN,0.0,0,189000,189000,,0,,,24.02,0,low,12.71,3,1,none,,0,https://www.musinsa.com/products/5896384
2026-09-03,내셔널지오그래픽,5896576,N261UFT950 마게이 소매 포켓 레귤러핏 후드 풀집업 M/GREY,0.0,0,149000,149000,,0,,,24.01,0,low,12.71,3,1,none,,0,https://www.musinsa.com/products/5896576
2026-09-03,기철,5899456,Asym Vintage Cargo Denim Pants (Stone Grey),0.0,0,85600,85600,85600,0,0,0.0,65.01,0,low,24.0,4,1,none,,0,https://www.musinsa.com/products/5899456
2026-09-03,일리고,5901312,프릴 트임 레그워머 블랙,0.0,0,44000,44000,44000,0,0,0.0,92.14,0,low,24.5,4,1,none,,0,https://www.musinsa.com/products/5901312
2026-09-03,일리고,5901376,플레르 러플 헌팅캡 그레이,0.0,0,48000,48000,48000,0,0,0.0,92.14,0,low,24.5,4,1,none,,0,https://www.musinsa.com/products/5901376
2026-09-03,일리고,5901440,퓨어 보우 오프숄더 맨투맨 핑크,0.9,77616,86000,68800,86000,1,-17200,-20.0,92.14,0,low,24.5,4,1,none,,0,https://www.musinsa.com/products/5901440
2026-09-03,데상트,5901632,우먼스 팬츠 부착형 레깅스 블랙 SR122PKL12,0.0,0,122550,122550,,0,,,29.7,0,low,8.37,2,1,none,,0,https://www.musinsa.com/products/5901632
2026-09-03,테이크이지,5901696,[크롭 티셔츠 추가] (우먼스) 아플리케 크롭 후드집업(네이비),0.0,0,45900,45900,45900,0,0,0.0,100.0,1,high,24.57,5,2,none,,0,https://www.musinsa.com/products/5901696
2026-09-03,데상트,5901952,터레인디 베이지 그레이 SR123LCR27,0.0,0,179550,179550,,0,,,29.7,0,low,8.37,2,1,none,,0,https://www.musinsa.com/products/5901952
2026-09-03,밀로아카이브,5902592,헤이 브이넥 스트라이프 니트 [네이비],0.0,0,75600,75600,75600,0,0,0.0,92.15,0,low,23.99,7,3,none,,0,https://www.musinsa.com/products/5902592
2026-09-03,키뮤어,5903232,쿨터치 헨리넥 크롭 니트_블랙,2.03,76601,37800,37800,37800,0,0,0.0,100.0,1,high,24.03,7,4,none,,0,https://www.musinsa.com/products/5903232
2026-09-03,해비즘,5905728,GOLJI BOAT NECK L/S TEE(9COLOR),0.0,0,23920,23920,23920,0,0,0.0,61.52,0,low,23.99,6,2,none,,0,https://www.musinsa.com/products/5905728
2026-09-03,내셔널지오그래픽,5909120,N265AHA520 라이트 볼캡 BEIGE,0.0,0,39000,39000,,0,,,24.0,0,low,12.71,3,1,none,,0,https://www.musinsa.com/products/5909120
2026-09-03,스컬프터,5909824,Everyday Hobo Bag Black,0.0,0,82560,82560,82560,0,0,0.0,100.0,1,high,23.99,6,3,none,,0,https://www.musinsa.com/products/5909824
2026-09-03,스컬프터,5909952,Napoleon Stud Sweatpants Acid Blue,0.0,0,92880,92880,92880,0,0,0.0,100.0,1,high,23.99,6,3,none,,0,https://www.musinsa.com/products/5909952
2026-09-03,스파오,5910272,(우디) 오버핏 옥스포드 셔츠_SPYWG23CY2,0.0,0,39900,39900,,0,,,24.0,0,low,12.71,3,1,none,,0,https://www.musinsa.com/products/5910272
2026-09-03,스파오,5910336,헨리넥 긴팔티_SPLWG23G02,0.0,0,28400,28400,,0,,,24.0,0,low,12.71,3,1,none,,0,https://www.musinsa.com/products/5910336
2026-09-03,필루미네이트,5911808,워시드 아치 로고 후디-카키,0.0,0,39900,39900,39900,0,0,0.0,61.53,0,low,23.99,6,2,none,,0,https://www.musinsa.com/products/5911808
2026-09-03,키르시,5912960,슬림핏 레이어드 립 롱 슬리브 [블랙],0.0,0,55200,55200,55200,0,0,0.0,100.0,1,high,24.57,5,2,none,,0,https://www.musinsa.com/products/5912960
2026-09-03,아웃스탠딩,5913088,[LOONEY TUNES] RACING JACKET_BLACK,0.0,0,115200,115200,115200,0,0,0.0,85.23,0,low,14.08,6,2,none,,0,https://www.musinsa.com/products/5913088
2026-09-03,렌세,5913280,Henley Neck Layered T-Shirt Red,0.0,0,41600,41600,,0,,,26.57,0,low,10.32,2,1,none,,0,https://www.musinsa.com/products/5913280
2026-09-03,탄산마그네슘,5913472,설라노X탄산 나그랑 스타링 롱슬리브 (그레이),1.0,60040,60040,60040,60040,0,0,0.0,65.01,0,low,3.03,17,11,none,,0,https://www.musinsa.com/products/5913472
2026-09-03,커버낫,5913856,C 로고 하프집업 맨투맨 라이트 그린,0.0,0,64080,64080,64080,0,0,0.0,100.0,1,high,24.57,5,2,none,,0,https://www.musinsa.com/products/5913856
2026-09-03,커버낫,5913920,와이드 코튼 파라슈트 팬츠 올리브,0.0,0,104490,104490,104490,0,0,0.0,100.0,1,high,24.57,5,2,none,,0,https://www.musinsa.com/products/5913920
2026-09-03,칙스,5915328,소프트 텐션 슬림 롱슬리브 블랙,0.0,0,20720,20720,20720,0,0,0.0,100.0,1,high,24.03,6,3,none,,0,https://www.musinsa.com/products/5915328
2026-09-03,어반디타입,5915456,보르네오 팬서 후드 집업_네이비,0.0,0,59000,59000,59000,0,0,0.0,61.53,0,low,23.99,6,2,none,,0,https://www.musinsa.com/products/5915456
2026-09-03,해칭룸,5916288,Wide Line Jeans Blue,0.0,0,158400,158400,158400,0,0,0.0,92.17,0,low,24.51,4,1,none,,0,https://www.musinsa.com/products/5916288
2026-09-03,바우프,5919744,3 logo 슬림핏 롱슬리브 [차콜],0.0,0,52700,52700,52700,0,0,0.0,82.8,0,low,25.28,4,1,none,,0,https://www.musinsa.com/products/5919744
2026-09-03,룩캐스트,5919872,엘리제 플리츠 브이넥 블라우스_아이보리 / ERISE PLEATS V NECK BLOUSE_IVORY,0.0,0,69620,69620,69620,0,0,0.0,92.17,0,low,24.51,4,1,none,,0,https://www.musinsa.com/products/5919872
2026-09-03,지프,5920896,클래식 페이드 데님 트러커 자켓 (JR5JKU101ID),0.0,0,125010,125010,,0,,,29.67,0,low,8.37,2,1,none,,0,https://www.musinsa.com/products/5920896
2026-09-03,피마다지윈,5922176,Signature Leopard Belt_[Black],0.0,0,45000,45000,,0,,,29.67,0,low,8.37,2,1,none,,0,https://www.musinsa.com/products/5922176
2026-09-03,유니폼브릿지,5923776,vintage stripe l/s t-shirt navy,0.0,0,39500,39500,39500,0,0,0.0,100.0,1,high,23.99,6,3,none,,0,https://www.musinsa.com/products/5923776
2026-09-03,그루브라임,5923840,미니쮸리 기본핏 등판 프린트 쭉티 (FRNFCTR102M),0.0,0,14800,14800,14800,0,0,0.0,100.0,1,high,23.99,7,3,none,,0,https://www.musinsa.com/products/5923840
2026-09-03,와이케이,5924928,비즈 나일론 스트링 백팩 그레이,0.0,0,81750,81750,81750,0,0,0.0,61.54,0,low,23.99,6,2,none,,0,https://www.musinsa.com/products/5924928
2026-09-03,레더리,5925504,로우 라이즈 부츠컷 데님 팬츠 [D.BLUE],0.0,0,45850,45850,45850,0,0,0.0,92.19,0,low,24.51,4,1,none,,0,https://www.musinsa.com/products/5925504
2026-09-03,본투윈,5925632,WEAVING OPENER KEYRING [BLACK],0.0,0,20300,20300,20300,0,0,0.0,100.0,1,high,23.99,6,3,none,,0,https://www.musinsa.com/products/5925632
2026-09-03,알리스,5927168,로어드 웨이스트 커브드 코튼 팬츠 [빈티지블랙],0.0,0,62180,62180,62180,0,0,0.0,92.19,0,low,24.51,4,1,none,,0,https://www.musinsa.com/products/5927168
2026-09-03,아모우,5928640,RAW long sleeve White,0.0,0,47400,47400,47400,0,0,0.0,100.0,1,high,24.03,6,3,none,,0,https://www.musinsa.com/products/5928640
2026-09-03,유라고,5930176,Play block hood zip-up,0.0,0,95760,95760,95760,0,0,0.0,65.02,0,low,24.0,4,1,none,,0,https://www.musinsa.com/products/5930176
2026-09-03,후드후드,5930368,클로버 로고 오프숄더 맨투맨 차콜,0.0,0,40370,40370,40370,0,0,0.0,82.82,0,low,25.28,4,1,none,,0,https://www.musinsa.com/products/5930368
2026-09-03,러프사이드,5932544,Pin Stripe Long Sleeve Space Grey,0.0,0,79000,79000,79000,0,0,0.0,65.02,0,low,24.0,4,1,none,,0,https://www.musinsa.com/products/5932544
2026-09-03,러프사이드,5933312,BDU Half Shirt Jacket Dark Brown,0.0,0,148000,148000,148000,0,0,0.0,65.03,0,low,24.0,4,1,none,,0,https://www.musinsa.com/products/5933312
2026-09-03,제너럴아이디어,5935488,실키 스카프 블라우스 [BLACK] / GF1LBL507,0.15,6505,44000,44000,44000,0,0,0.0,100.0,1,high,23.99,6,3,none,,0,https://www.musinsa.com/products/5935488
2026-09-03,웬즈데이오아시스,5936768,슬리브 레이어드 티셔츠_2COLOR(W26TP06),0.0,0,38500,38500,38500,0,0,0.0,100.0,1,high,23.99,7,3,none,,0,https://www.musinsa.com/products/5936768
2026-09-03,파르티멘토 우먼,5937152,PWC 레이스 트림 티어드 미디 스커트_브라운,0.0,0,41760,41760,46980,1,-5220,-11.11,92.2,0,low,24.51,4,1,none,,0,https://www.musinsa.com/products/5937152
2026-09-03,아캄,5937344,Calf Hair Gem Belt (Black),0.0,0,90300,90300,90300,0,0,0.0,65.03,0,low,24.0,4,1,none,,0,https://www.musinsa.com/products/5937344
2026-09-03,어반스터프,5937408,백 포켓 히든 페이스 데님 팬츠 (다크 블루),0.0,0,75650,75650,,0,,,29.64,0,low,8.37,2,1,none,,0,https://www.musinsa.com/products/5937408
2026-09-03,아캄,5937536,Knee Panel Biker Denim Pants (Gray),0.0,0,159200,159200,159200,0,0,0.0,65.04,0,low,24.0,4,1,none,,0,https://www.musinsa.com/products/5937536
2026-09-03,락케이크,5937600,Syndicate Henly Neck Top - Black,0.0,0,47120,47120,47120,0,0,0.0,100.0,1,high,23.99,7,3,none,,0,https://www.musinsa.com/products/5937600
2026-09-03,굿라이프웍스,5938624,오버핏 스트라이프 카라 티셔츠 브라운,0.0,0,27300,27300,27300,0,0,0.0,65.05,0,low,24.0,4,1,none,,0,https://www.musinsa.com/products/5938624
2026-09-03,굿라이프웍스,5938688,와이드 투턱 논페이드 데님 팬츠 인디고,0.0,0,34300,34300,34300,0,0,0.0,65.05,0,low,24.0,4,1,none,,0,https://www.musinsa.com/products/5938688
2026-09-03,세터,5939072,90s 플레이백 롱 슬리브 차콜,0.0,0,89000,89000,89000,0,0,0.0,65.05,0,low,24.0,4,1,none,,0,https://www.musinsa.com/products/5939072
2026-09-03,쿠어,5940608,워시드 린넨 블렌드 버튼 포인트 치노 트라우저 (베이지),0.0,0,162000,162000,162000,0,0,0.0,65.06,0,low,24.0,4,1,none,,0,https://www.musinsa.com/products/5940608
2026-09-03,쿠어,5940736,링클 시어 체크 셔츠 (다크네이비),0.0,0,139500,139500,139500,0,0,0.0,65.06,0,low,24.0,4,1,none,,0,https://www.musinsa.com/products/5940736
2026-09-03,쿠어,5940928,더블 포켓 스테이션 블루종 자켓 (브라운),0.0,0,225000,225000,225000,0,0,0.0,65.06,0,low,24.0,4,1,none,,0,https://www.musinsa.com/products/5940928
2026-09-03,아캄,5942080,Technical Coated Jacket (Brown),0.0,0,159200,159200,159200,0,0,0.0,65.06,0,low,24.0,4,1,none,,0,https://www.musinsa.com/products/5942080
2026-09-03,엘엠알,5942528,소프트 슬림 보트넥 그래픽 긴팔 티셔츠 IVORY,0.0,0,33480,33480,,0,,,29.64,0,low,8.37,2,1,none,,0,https://www.musinsa.com/products/5942528
2026-09-03,엘엠알,5942912,오프숄더 빈티지 플로럴 로고 크롭 맨투맨 GREY,0.0,0,42960,42960,,0,,,29.63,0,low,8.37,2,1,none,,0,https://www.musinsa.com/products/5942912
2026-09-03,엠엘비,5942976,퀵스텝 (OVAL TYPE) NY (Black),0.0,0,141050,141050,,0,,,26.54,0,low,10.32,2,1,none,,0,https://www.musinsa.com/products/5942976
2026-09-03,엘엠알,5943104,투웨이 벌룬 워싱 데님 팬츠 BLUE,0.0,0,69920,69920,,0,,,29.63,0,low,8.37,2,1,none,,0,https://www.musinsa.com/products/5943104
2026-09-03,비긴202,5943232,로우라인 크롭 체크셔츠 [모카블랙],0.79,46607,59250,59250,59250,0,0,0.0,82.85,0,low,25.28,9,1,none,,0,https://www.musinsa.com/products/5943232
2026-09-03,아캄,5944064,Line Studded Sweatpants (Black),0.0,0,101400,101400,101400,0,0,0.0,65.07,0,low,24.0,4,1,none,,0,https://www.musinsa.com/products/5944064
2026-09-03,트리밍버드,5944512,Double Waist Sagging Sweat Pants [ Black ],1.88,354583,189000,189000,189000,0,0,0.0,100.0,1,high,24.03,6,3,none,,0,https://www.musinsa.com/products/5944512
2026-09-03,커버낫,5944768,아일랜드 그래픽 피그먼트 후디 라이트 블루,0.0,0,68670,68670,68670,0,0,0.0,100.0,1,high,24.58,5,2,none,,0,https://www.musinsa.com/products/5944768
2026-09-03,커버낫,5944832,스몰 C 로고 티셔츠 더스티 블루,0.0,0,32400,32400,30670,1,1730,5.64,100.0,1,medium,24.58,5,2,none,,0,https://www.musinsa.com/products/5944832
2026-09-03,커버낫,5944960,트래블 카드 파우치 실버,0.0,0,23490,23490,23490,0,0,0.0,100.0,1,high,24.58,5,2,none,,0,https://www.musinsa.com/products/5944960
2026-09-03,드로우핏,5947136,커브드 워싱 퍼티그 팬츠 [KHAKI BEIGE],2.0,118800,59400,59400,59400,0,0,0.0,82.85,0,low,9.06,8,5,none,,0,https://www.musinsa.com/products/5947136
2026-09-03,내셔널지오그래픽,5947776,N265ACR760 여성 루미 호보백 BLACK,0.0,0,69000,69000,,0,,,23.95,0,low,12.71,3,1,none,,0,https://www.musinsa.com/products/5947776
2026-09-03,내셔널지오그래픽,5947840,N265UTR320 코어레인 GREY,0.0,0,129000,129000,,0,,,23.95,0,low,12.71,3,1,none,,0,https://www.musinsa.com/products/5947840
2026-09-03,제너럴아이디어,5949824,스트랩 레이어드 가디건 [DEEP BLUE] / WBE1L04506,0.0,0,48000,48000,46970,1,1030,2.19,100.0,1,medium,23.99,6,3,none,,0,https://www.musinsa.com/products/5949824
2026-09-03,더바넷,5949888,Dune Cargo Pants_Light Grey,0.0,0,121500,121500,121500,0,0,0.0,82.86,0,low,25.28,4,1,none,,0,https://www.musinsa.com/products/5949888
2026-09-03,그루브라임,5951168,TASLAN CARGO DOUBLE POCKET PANTS (LRSFCPA725M),0.0,0,23800,23800,23800,0,0,0.0,100.0,1,high,23.99,7,3,none,,0,https://www.musinsa.com/products/5951168
2026-09-03,배드블러드,5951680,BS Soft Terry Baggy Joggers - Brown,0.0,0,76000,76000,76000,0,0,0.0,100.0,1,high,24.03,6,3,none,,0,https://www.musinsa.com/products/5951680
2026-09-03,몽돌,5952064,사이드 셔링 플라워 매쉬 롱 슬리브 블랙 MDTS061FLOWERBLACK,0.0,0,19240,19240,19240,0,0,0.0,100.0,1,high,23.99,6,3,none,,0,https://www.musinsa.com/products/5952064
2026-09-03,데상트,5952192,우먼스 워딩 그래픽 우븐 맨투맨 블랙 SR122PWH11,0.0,0,122550,122550,,0,,,29.62,0,low,8.37,2,1,none,,0,https://www.musinsa.com/products/5952192
2026-09-03,벨리에,5952704,크롭 후디 집업 - 다잉 차콜 그레이,0.0,0,139650,139650,139650,0,0,0.0,65.08,0,low,24.0,4,1,none,,0,https://www.musinsa.com/products/5952704
2026-09-03,9999아카이브,5956608,Technical Curved Denim Bermuda Pants,0.0,0,92880,92880,92880,0,0,0.0,61.56,0,low,23.99,6,2,none,,0,https://www.musinsa.com/products/5956608
2026-09-03,다이브인,5960192,SLUB CROP HOOD ZIP-UP (BLACK),0.58,41430,71200,71200,71200,0,0,0.0,100.0,1,high,24.58,9,4,none,,0,https://www.musinsa.com/products/5960192
2026-09-03,트래블,5960768,스트라이프 슬리브 후드티 그레이,0.0,0,56960,56960,56960,0,0,0.0,100.0,1,high,23.99,7,3,none,,0,https://www.musinsa.com/products/5960768
2026-09-03,비바라비다,5963456,Journey 레글런 롱 슬리브 티셔츠,0.0,0,31430,31430,31430,0,0,0.0,100.0,1,high,23.99,6,3,none,,0,https://www.musinsa.com/products/5963456
2026-09-03,아이돈워너셀,5964736,Glide Stripe Denim Pants Black,0.0,0,96750,96750,96750,0,0,0.0,100.0,1,high,24.58,5,2,none,,0,https://www.musinsa.com/products/5964736
2026-09-03,무드인사이드,5964864,쓰리버튼 레더 스티치 블레이저_Black,0.0,0,89900,89900,89900,0,0,0.0,100.0,1,high,23.99,7,3,none,,0,https://www.musinsa.com/products/5964864
2026-09-03,데상트,5966464,스위스 트라이애슬론 트레이닝 우븐 팬츠 차콜 그레이 SR123IWP22,0.0,0,132050,132050,,0,,,29.6,0,low,8.37,2,1,none,,0,https://www.musinsa.com/products/5966464
2026-09-03,제너럴아이디어,5967040,워싱 커브드 데님 팬츠 [BLUE] / GF1LPT509,0.0,0,45600,45600,45600,0,0,0.0,100.0,1,high,23.99,6,3,none,,0,https://www.musinsa.com/products/5967040
2026-09-03,르바,5968512,Relaxed Cotton Chino Pants - Peanut Beige,0.0,0,139500,139500,139500,0,0,0.0,82.87,0,low,25.28,4,1,none,,0,https://www.musinsa.com/products/5968512
2026-09-03,999휴머니티,5969728,어드벤처 패널드 빅 토트백 (워시드 아이스 블루),0.0,0,138000,138000,138000,0,0,0.0,65.09,0,low,24.0,4,1,none,,0,https://www.musinsa.com/products/5969728
2026-09-03,드릭스,5970560,밴딩 레이어드 그래픽 스웨트 팬츠_그레이,0.0,0,38250,38250,38250,0,0,0.0,100.0,1,high,24.03,6,3,none,,0,https://www.musinsa.com/products/5970560
2026-09-03,999휴머니티,5970752,어드벤처 소프트 후디 (터콰이즈),0.0,0,128000,128000,128000,0,0,0.0,65.09,0,low,24.0,4,1,none,,0,https://www.musinsa.com/products/5970752
2026-09-03,밀로아카이브,5970880,코젤 워시드 체크 셔츠 [워시드 블랙],0.0,0,75600,75600,75600,0,0,0.0,92.25,0,low,23.99,7,3,none,,0,https://www.musinsa.com/products/5970880
2026-09-03,필루미네이트,5972864,(W) 레이어드 스커트 팬츠-라이트그레이,0.0,0,45000,45000,45000,0,0,0.0,61.57,0,low,23.99,6,2,none,,0,https://www.musinsa.com/products/5972864
2026-09-03,더뮤지엄비지터,5973120,PATCH ARTWORK SWEAT PANTS (MELANGE GREY),0.0,0,77400,77400,77400,0,0,0.0,100.0,1,high,23.99,6,3,none,,0,https://www.musinsa.com/products/5973120
2026-09-03,인사일런스우먼,5974976,빈티지 포우 스웨이드 자켓 BROWN,0.0,0,208050,208050,208050,0,0,0.0,100.0,1,high,24.03,7,3,none,,0,https://www.musinsa.com/products/5974976
2026-09-03,시야쥬,5976000,SIAC3106 리얼 레더 넥 스트랩 키링_Camel,0.0,0,41900,41900,41900,0,0,0.0,100.0,1,high,24.58,5,2,none,,0,https://www.musinsa.com/products/5976000
2026-09-03,메종미네드,5976256,SQUARE FUSION NECKLACE,0.0,0,34300,34300,34300,0,0,0.0,92.26,0,low,24.52,4,1,none,,0,https://www.musinsa.com/products/5976256
2026-09-03,메종미네드,5976320,[성민 PICK] NYLON CROSS BAG CHARCOAL,0.0,0,77350,77350,77350,0,0,0.0,92.26,0,low,24.52,4,1,none,,0,https://www.musinsa.com/products/5976320
2026-09-03,시야쥬,5976704,SIOT4184 벨티드 하프 트렌치 자켓_Cream,0.0,0,152100,152100,152100,0,0,0.0,100.0,1,high,24.58,5,2,none,,0,https://www.musinsa.com/products/5976704
2026-09-03,플리즈노팔로우,5976960,Kaya Button Shirring Long Sleeve Top (Ivory),0.0,0,81600,81600,81600,0,0,0.0,100.0,1,high,23.99,6,3,none,,0,https://www.musinsa.com/products/5976960
2026-09-03,엑스트라오디너리,5977216,STAR LOGO CAP BLACK,0.0,0,26950,26950,26950,0,0,0.0,92.27,0,low,24.52,4,1,none,,0,https://www.musinsa.com/products/5977216
2026-09-03,로제프란츠,5977792,Lace Lowrise Long Skirt [Cream],0.0,0,44160,44160,44160,0,0,0.0,82.9,0,low,25.28,4,1,none,,0,https://www.musinsa.com/products/5977792
2026-09-03,코드그라피,5978048,(우먼) 도트 미디 스커트-차콜,0.0,0,80100,80100,80100,0,0,0.0,82.9,0,low,25.28,4,1,none,,0,https://www.musinsa.com/products/5978048
2026-09-03,엠엘비,5979008,여성 베이직 슬림핏 반팔 티셔츠 LA (Black),0.0,0,44100,44100,,0,,,26.49,0,low,10.32,2,1,none,,0,https://www.musinsa.com/products/5979008
2026-09-03,브라운야드,5979520,"소프트 라운드 가디건, 블랙",0.0,0,152600,152600,152600,0,0,0.0,61.58,0,low,23.99,6,2,none,,0,https://www.musinsa.com/products/5979520
2026-09-03,스파오,5980608,[톰과제리] 와이드 스웻팬츠_SPMTG23U02,0.0,0,49900,49900,,0,,,23.9,0,low,12.71,3,1,none,,0,https://www.musinsa.com/products/5980608
2026-09-03,디미트리블랙,5982720,2WAY 에센셜 도트 후드 윈드브레이커_블랙,0.99,49208,49900,49900,49900,0,0,0.0,100.0,1,high,24.58,5,2,none,,0,https://www.musinsa.com/products/5982720
2026-09-03,데상트,5983360,우먼스 스피릿 로고 선바이저 블랙 SR122UCP1F,0.0,0,56050,56050,,0,,,29.59,0,low,8.37,2,1,none,,0,https://www.musinsa.com/products/5983360
2026-09-03,이지노이지,5983424,스타 레터링 패치 스웻 팬츠 - 블랙,3.97,236083,59400,59400,59400,0,0,0.0,100.0,1,high,10.16,20,7,none,,0,https://www.musinsa.com/products/5983424
2026-09-03,데상트,5983744,울트라릿지 BOA® 블랙 SR113RRN21,0.0,0,255550,255550,,0,,,29.59,0,low,8.38,2,1,none,,0,https://www.musinsa.com/products/5983744
2026-09-03,틸아이다이,5984064,Distressed suede single jacket [TISP05JK15]_Gray,0.0,0,172000,172000,172000,0,0,0.0,100.0,1,high,23.99,6,3,none,,0,https://www.musinsa.com/products/5984064
2026-09-03,어나더오피스,5985344,Tourist Knit Tie (Black),0.0,0,74000,74000,74000,0,0,0.0,82.9,0,low,24.03,6,3,none,,0,https://www.musinsa.com/products/5985344
2026-09-03,그레이버,5985664,[UNISEX]GRAECORP 트레이닝 와이드 팬츠_2color,0.0,0,49700,49700,,0,,,29.58,0,low,8.38,2,1,none,,0,https://www.musinsa.com/products/5985664
2026-09-03,그레이버,5986688,[UNISEX]URBAN STAR 와이드 커브드 진_2color,0.0,0,69300,69300,,0,,,29.57,0,low,8.38,2,1,none,,0,https://www.musinsa.com/products/5986688
2026-09-03,엠엘비,5987136,클래식 모노그램 데님 엠보 버킷백 NY (L.Charcoal Grey),0.0,0,152100,152100,,0,,,26.48,0,low,10.32,2,1,none,,0,https://www.musinsa.com/products/5987136
2026-09-03,오픈야드(오와이),5988160,GOTHIC DOLLY TEE - WHITE,0.0,0,40500,40500,,0,,,23.9,0,low,12.71,3,1,none,,0,https://www.musinsa.com/products/5988160
2026-09-03,데상트,5988416,무브스텝 V2 블랙 SR123TCT11,0.0,0,151050,151050,,0,,,29.56,0,low,8.38,2,1,none,,0,https://www.musinsa.com/products/5988416
2026-09-03,엠엘비,5988672,[카리나 착용] 커브 라이너 NY (White),0.0,0,119200,119200,,0,,,26.47,0,low,10.32,2,1,none,,0,https://www.musinsa.com/products/5988672
2026-09-03,마하그리드,5990720,BERMUDA DOMINGO DENIM SHORT BLUE(MG2GMMD112A),0.0,0,71200,71200,,0,,,23.9,0,low,12.71,3,1,none,,0,https://www.musinsa.com/products/5990720
2026-09-03,노이스,5990912,M COTTON BELTED WIDE PANTS - BEIGE,0.0,0,195000,195000,,0,,,23.89,0,low,12.71,3,1,none,,0,https://www.musinsa.com/products/5990912
2026-09-03,노이스,5991744,M STRIPE MOHAIR KNIT CARDIGAN - BROWN,0.0,0,249000,249000,,0,,,23.89,0,low,12.71,3,1,none,,0,https://www.musinsa.com/products/5991744
2026-09-03,디스이즈네버댓,5992192,INTL-Logo Backpack 30 Black,1.21,144759,119200,119200,119200,0,0,0.0,100.0,1,high,23.98,8,3,none,,0,https://www.musinsa.com/products/5992192
2026-09-03,디스이즈네버댓,5992320,Striped L/S Tee Red,0.4,25588,63200,63200,63200,0,0,0.0,100.0,1,high,24.59,5,2,none,,0,https://www.musinsa.com/products/5992320
2026-09-03,썬러브투어,5992576,PERTEX® 3L Coach Jacket Brown,0.0,0,258300,258300,258300,0,0,0.0,100.0,1,high,23.99,7,3,none,,0,https://www.musinsa.com/products/5992576
2026-09-03,오픈야드(오와이),5993216,BADLANDS FLAG TRUCKER CAP - FOREST CAMO,0.0,0,39200,39200,,0,,,23.88,0,low,12.71,3,1,none,,0,https://www.musinsa.com/products/5993216
2026-09-03,르바,5993664,All-day Cotton V-neck Knit - Darknight Navy,0.0,0,69300,69300,69300,0,0,0.0,82.92,0,low,25.28,9,1,none,,0,https://www.musinsa.com/products/5993664
2026-09-03,노이스,5993792,W PROPERTY EMBLEM T-SHIRT - DARK GRAY,0.0,0,69000,69000,,0,,,23.86,0,low,12.71,3,1,none,,0,https://www.musinsa.com/products/5993792
2026-09-03,바우프,5995136,체크 헨리넥 롱슬리브 [차콜],0.0,0,65450,65450,65450,0,0,0.0,82.92,0,low,25.28,4,1,none,,0,https://www.musinsa.com/products/5995136
2026-09-03,제너럴아이디어,5996224,UNISEX 워시드 더블 포켓 셔츠 [WHITE] / GF1USH002,0.0,0,51200,51200,51200,0,0,0.0,100.0,1,high,23.99,6,3,none,,0,https://www.musinsa.com/products/5996224
2026-09-03,프렌다,5997440,STRIPE STAR BUTTON HOOD ZIP-UP GRAY,2.81,77089,27398,25900,31080,1,-5180,-16.67,100.0,1,medium,23.99,10,4,none,,0,https://www.musinsa.com/products/5997440
2026-09-03,무드인사이드 우먼,6000320,(woman) 레이어드 롱 슬리브티_Cream,0.0,0,25900,25900,25900,0,0,0.0,100.0,1,high,24.59,5,2,none,,0,https://www.musinsa.com/products/6000320
2026-09-03,굿라이프웍스,6002112,데일리 시어서커 체크 크롭 셔츠 네이비,0.0,0,34860,34860,34860,0,0,0.0,65.11,0,low,24.0,4,1,none,,0,https://www.musinsa.com/products/6002112
2026-09-03,기철,6002368,Slub Jacquard Stripe Wide Pants (Black),0.0,0,59400,59400,59400,0,0,0.0,65.11,0,low,24.0,4,1,none,,0,https://www.musinsa.com/products/6002368
2026-09-03,길라아카이브,6002432,SCRIPT LETTERING ONE SHOULDER HOODED_BLACK,1.06,67622,64080,64080,64080,0,0,0.0,61.6,0,low,23.99,6,2,none,,0,https://www.musinsa.com/products/6002432
2026-09-03,코이리스,6003776,슬루 빈티지 체크 로고 후드 집업 남녀공용,0.0,0,59420,59420,,0,,,29.55,0,low,8.38,2,1,none,,0,https://www.musinsa.com/products/6003776
2026-09-03,게인스보로,6004480,V910 스퀘어 후드_블랙,0.0,0,53550,53550,,0,,,23.85,0,low,12.71,3,1,none,,0,https://www.musinsa.com/products/6004480
2026-09-03,넌블랭크,6006592,와이드 커브드 데님 팬츠_LIGHT BLUE,0.0,0,96720,96720,96720,0,0,0.0,61.61,0,low,23.99,6,2,none,,0,https://www.musinsa.com/products/6006592
2026-09-03,트릴리온,6006848,데님 스타 리벳 멀티 파우치 키링_2color,0.0,0,19000,19000,19000,0,0,0.0,92.3,0,low,24.53,4,1,none,,0,https://www.musinsa.com/products/6006848
2026-09-03,더바이닐하우스,6007040,DAMAGED SWEAT PANTS GREY,0.0,0,88960,88960,82800,1,6160,7.44,100.0,1,medium,24.59,5,2,none,,0,https://www.musinsa.com/products/6007040
2026-09-03,더바이닐하우스,6007104,BLEED STRIPE LS TEE BLUE,0.0,0,46720,46720,46720,0,0,0.0,100.0,1,high,24.59,5,2,none,,0,https://www.musinsa.com/products/6007104
2026-09-03,999휴머니티,6008064,공존 하프 티 (다크 네이비),0.0,0,68000,68000,68000,0,0,0.0,65.12,0,low,24.0,4,1,none,,0,https://www.musinsa.com/products/6008064
2026-09-03,솔트앤초콜릿,6010432,버니 메리제인 스니커즈 412610003(6cm),0.0,0,77400,77400,77400,0,0,0.0,100.0,1,high,23.99,6,3,none,,0,https://www.musinsa.com/products/6010432
2026-09-03,디스이즈네버댓,6011712,GORE-TEX 2L Anorak Jacket Light Blue,0.0,0,329000,329000,329000,0,0,0.0,100.0,1,high,24.59,5,2,none,,0,https://www.musinsa.com/products/6011712
2026-09-03,이미스,6012480,COLOR-BLOCK APPLIQUE HOODIE-CHARCOAL,0.0,0,116100,116100,,0,,,26.45,0,low,10.32,2,1,none,,0,https://www.musinsa.com/products/6012480
2026-09-03,유희,6013952,CANCAN JERSEY SKIRT_IVORY,0.0,0,40740,40740,,0,,,29.54,0,low,8.38,2,1,none,,0,https://www.musinsa.com/products/6013952
2026-09-03,스파오,6015232,피그먼트 버뮤다 쇼츠_SPMTG23C66,0.0,0,32310,32310,,0,,,23.84,0,low,12.71,3,1,none,,0,https://www.musinsa.com/products/6015232
2026-09-03,칙스,6015296,커브드 절개 와이드팬츠 블랙,0.0,0,27920,27920,27920,0,0,0.0,100.0,1,high,24.03,6,3,none,,0,https://www.musinsa.com/products/6015296
2026-09-03,칙스,6015360,포켓 데님 슬림 셔츠 중청,0.0,0,39120,39120,44010,1,-4890,-11.11,100.0,1,medium,24.03,6,3,none,,0,https://www.musinsa.com/products/6015360
2026-09-03,코이리스,6017024,셀링 셋업 레이어드 스트라이프 롱 슬리브 티,0.0,0,33920,33920,,0,,,29.53,0,low,8.38,2,1,none,,0,https://www.musinsa.com/products/6017024
2026-09-03,트리밍버드,6018048,Eyelet Buckle Mules [ Black ],0.0,0,269000,269000,269000,0,0,0.0,100.0,1,high,24.03,6,3,none,,0,https://www.musinsa.com/products/6018048
2026-09-03,내셔널지오그래픽,6018240,N262UTS240 크라즈 세미오버핏 반팔 티셔츠 BLACK,0.0,0,54000,54000,,0,,,23.84,0,low,12.71,3,1,none,,0,https://www.musinsa.com/products/6018240
2026-09-03,이티씨이,6018816,PHENOMENON L/S TEE (BLACK),0.0,0,94500,94500,,0,,,23.84,0,low,12.71,3,1,none,,0,https://www.musinsa.com/products/6018816
2026-09-03,디스이즈네버댓,6019840,Brushed Paint Tee White,0.0,0,44000,44000,44000,0,0,0.0,40.5,0,low,23.98,4,1,none,,0,https://www.musinsa.com/products/6019840
2026-09-03,하이스쿨디스코,6020608,라운드카라 리본포켓 블라우스_화이트,0.0,0,56320,56320,,0,,,29.53,0,low,8.38,2,1,none,,0,https://www.musinsa.com/products/6020608
2026-09-03,아메스월드와이드,6021248,RIBBON APPLIQUE FRILL HOODIE ZIP-UP BLUE,0.0,0,60800,60800,60800,0,0,0.0,7.67,0,low,12.16,9,1,none,,0,https://www.musinsa.com/products/6021248
2026-09-03,데상트,6021760,트레이닝 스탠드넥 아노락 베이지 SR121TAN33,0.0,0,179550,179550,,0,,,29.52,0,low,8.38,2,1,none,,0,https://www.musinsa.com/products/6021760
2026-09-03,낫포너드,6022208,Flap Pocket Curved Cotton Pants - Khaki,1.0,73535,73890,73890,73890,0,0,0.0,100.0,1,low,9.05,20,6,none,,0,https://www.musinsa.com/products/6022208
2026-09-03,트위,6023360,델빈 레이스 볼레로 긴팔 니트,0.0,0,44910,44910,,0,,,26.44,0,low,10.32,2,1,none,,0,https://www.musinsa.com/products/6023360
2026-09-03,세터,6026560,클래식 치노 팬츠 블랙,0.0,0,119000,119000,119000,0,0,0.0,65.13,0,low,24.0,4,1,none,,0,https://www.musinsa.com/products/6026560
2026-09-03,제로,6029440,오버 커브드 팬츠 [브라운],0.0,0,39000,39000,39000,0,0,0.0,65.13,0,low,24.0,4,1,none,,0,https://www.musinsa.com/products/6029440
2026-09-03,스파오,6029888,(경량) 미니 백팩_SPAKGA9A05,0.0,0,24600,24600,,0,,,23.82,0,low,12.71,3,1,none,,0,https://www.musinsa.com/products/6029888
2026-09-03,세터,6030528,(W) 로렌 옥스포드 셔츠 핑크,0.0,0,119000,119000,119000,0,0,0.0,65.13,0,low,24.0,4,1,none,,0,https://www.musinsa.com/products/6030528
2026-09-03,에스피오나지,6031360,Vintage Cotton Painter Pants Washed Navy,1.03,100781,98100,98100,98100,0,0,0.0,100.0,1,high,24.03,6,3,none,,0,https://www.musinsa.com/products/6031360
2026-09-03,벨리에,6031680,시티 보케 레더 쇼퍼백 - 베이지,0.0,0,259350,259350,259350,0,0,0.0,65.14,0,low,24.0,4,1,none,,0,https://www.musinsa.com/products/6031680
2026-09-03,레터리,6033728,FRINGE BOHO SHOULDER BAG_BLACK,0.0,0,114560,114560,,0,,,29.51,0,low,8.38,2,1,none,,0,https://www.musinsa.com/products/6033728
2026-09-03,파르티멘토 우먼,6033920,워시드 더블 레이어 팬츠_카모플라주,0.0,0,76320,76320,85860,1,-9540,-11.11,92.35,0,low,24.54,4,1,none,,0,https://www.musinsa.com/products/6033920
2026-09-03,파르티멘토 우먼,6034048,컨트리 러플 핀턱 셔츠_블루 체크,0.0,0,60480,60480,68040,1,-7560,-11.11,92.36,0,low,24.54,4,1,none,,0,https://www.musinsa.com/products/6034048
2026-09-03,엘무드,6034176,페이즈 텐셀 트러커 자켓 카키,0.0,0,258000,258000,258000,0,0,0.0,100.0,1,low,48.58,2,1,none,,0,https://www.musinsa.com/products/6034176
2026-09-03,다이브인,6035776,LOUNGE PIN STRIPE FLARE PANTS (CHARCOAL),0.0,0,79200,79200,79200,0,0,0.0,100.0,1,high,24.6,5,2,none,,0,https://www.musinsa.com/products/6035776
2026-09-03,밀로아카이브,6036672,챕터 17 티셔츠 [화이트],0.0,0,38400,38400,38400,0,0,0.0,92.36,0,low,23.99,7,3,none,,0,https://www.musinsa.com/products/6036672
2026-09-03,슬로우애시드,6040512,워시드 스탬프 반팔 티셔츠 [네이비],0.79,24563,31200,31200,31200,0,0,0.0,82.96,0,low,25.29,4,1,none,,0,https://www.musinsa.com/products/6040512
2026-09-03,내셔널지오그래픽,6041216,레몬에이드 그래픽 세미오버핏 반팔 티셔츠 MINT,0.0,0,54000,54000,,0,,,23.81,0,low,12.71,3,1,none,,0,https://www.musinsa.com/products/6041216
2026-09-03,나이스고스트클럽,6041984,ANIME STAR TEE_RED(NG2EMFT580A),0.0,0,24570,24570,24570,0,0,0.0,61.63,0,low,23.99,6,2,none,,0,https://www.musinsa.com/products/6041984
2026-09-03,본투윈,6042944,NUMBER 5 RUGBY HOODIE ZIP-UP [BLACK],0.0,0,132000,132000,132000,0,0,0.0,100.0,1,high,23.99,6,3,none,,0,https://www.musinsa.com/products/6042944
2026-09-03,제너럴아이디어,6043584,MAN 스티치 반팔 티셔츠 [GREEN] / GF1MTS003,0.0,0,28000,28000,28000,0,0,0.0,100.0,1,high,23.99,6,3,none,,0,https://www.musinsa.com/products/6043584
2026-09-03,제너럴아이디어,6043840,타이 언발란스 레이어드 풀오버 [BLACK] / GF1LKP521,0.0,0,45600,45600,45600,0,0,0.0,100.0,1,high,23.99,6,3,none,,0,https://www.musinsa.com/products/6043840
2026-09-03,제너럴아이디어,6043904,데일리 숏슬리브 브이넥 티셔츠 [WHITE] / GF1LTS513,0.3,6664,22400,23200,22400,1,800,3.57,100.0,1,medium,23.99,6,3,none,,0,https://www.musinsa.com/products/6043904
2026-09-03,이미스,6044096,NYLON COLOR-BLOCK TOTE BAG-RED,0.0,0,80100,80100,,0,,,26.42,0,low,10.32,2,1,none,,0,https://www.musinsa.com/products/6044096
2026-09-03,프리즘웍스,6044928,10S SOLID HENLEY NECK TEE _ OATMEAL,1.03,35136,34200,34200,34200,0,0,0.0,100.0,1,high,24.03,6,3,none,,0,https://www.musinsa.com/products/6044928
2026-09-03,내셔널지오그래픽,6045376,N262UPT141 아델리 냉감 스트레치 원턱 세미오버핏 테이퍼드 팬츠 BLACK,0.0,0,119000,119000,,0,,,23.81,0,low,12.71,3,1,none,,0,https://www.musinsa.com/products/6045376
2026-09-03,칙스,6045440,사이드 버클 스트랩 숄더백 블랙,5.03,241035,47920,47920,53910,1,-5990,-11.11,100.0,1,low,72.11,7,6,none,,0,https://www.musinsa.com/products/6045440
2026-09-03,더그린랩,6045568,펀칭 레이스 캉캉 미니스커트 [블랙],0.0,0,38640,38640,,0,,,29.5,0,low,8.38,2,1,none,,0,https://www.musinsa.com/products/6045568
2026-09-03,스파오,6046336,[소로나] 레귤러핏 반팔티_SPRWG37WS3,0.0,0,12250,12250,,0,,,23.8,0,low,12.71,3,1,none,,0,https://www.musinsa.com/products/6046336
2026-09-03,시야쥬,6047296,SITP5264 그레이하운드 반팔 티셔츠_White,0.0,0,36770,36770,36770,0,0,0.0,100.0,1,high,24.6,5,2,none,,0,https://www.musinsa.com/products/6047296
2026-09-03,리브레너,6047808,20수 서프소울 스탠다드 반팔티셔츠 블랙,0.0,0,25900,25900,,0,,,23.8,0,low,12.71,3,1,none,,0,https://www.musinsa.com/products/6047808
2026-09-03,코드그라피,6048192,스퀘어 로고 볼캡-블랙,0.0,0,44100,44100,44100,0,0,0.0,82.97,0,low,25.29,4,1,none,,0,https://www.musinsa.com/products/6048192
2026-09-03,에이치덱스,6049600,스포티 컬러 블럭 하프 저지 숏 슬리브 (White),0.0,0,71100,71100,71100,0,0,0.0,82.98,0,low,25.29,4,1,none,,0,https://www.musinsa.com/products/6049600
2026-09-03,더뮤지엄비지터,6050112,CARABINER CARD WALLET (PURPLE),0.0,0,21500,21500,21500,0,0,0.0,100.0,1,high,23.99,6,3,none,,0,https://www.musinsa.com/products/6050112
2026-09-03,플랙,6050688,페퍼유 X 플랙 넥타이 그레이,0.0,0,37170,37170,37170,0,0,0.0,100.0,1,high,24.6,5,2,none,,0,https://www.musinsa.com/products/6050688
2026-09-03,로우클래식,6051008,BRAID LEATHER BELT_BLACK [LC267BE02BK],0.0,0,99000,99000,99000,0,0,0.0,100.0,1,high,24.03,6,3,none,,0,https://www.musinsa.com/products/6051008
2026-09-03,앵글런,6052736,Palette Appliqué Sweat Shirt - Brown,0.0,0,103200,103200,,0,,,26.41,0,low,10.32,2,1,none,,0,https://www.musinsa.com/products/6052736
2026-09-03,앵글런,6052800,Varsity Raglan Knit Cardigan - Black,0.0,0,104300,104300,,0,,,26.41,0,low,10.32,2,1,none,,0,https://www.musinsa.com/products/6052800
2026-09-03,커버낫,6054400,타이포 그리드 그래픽 티셔츠 더스티 옐로우,0.0,0,30870,30870,30870,0,0,0.0,100.0,1,high,24.6,5,2,none,,0,https://www.musinsa.com/products/6054400
2026-09-03,커버낫,6054464,CVNT 후드집업 다크 네이비,0.0,0,88290,88290,88290,0,0,0.0,100.0,1,high,24.6,5,2,none,,0,https://www.musinsa.com/products/6054464
2026-09-03,오픈야드(오와이),6054656,MUD WIDE VOLUME PANTS - BLUE,0.0,0,87200,87200,,0,,,23.79,0,low,12.71,3,1,none,,0,https://www.musinsa.com/products/6054656
2026-09-03,엠엘비,6056256,[카리나 착용] 썸머 스트라이프 미야옹 비니 LA (Navy),0.0,0,43000,43000,,0,,,26.4,0,low,10.32,2,1,none,,0,https://www.musinsa.com/products/6056256
2026-09-03,데상트,6057216,영애슬릿 스위스 트라이애슬론 우븐 스트레치 팬츠 블랙 SR22JIPT41,0.0,0,75050,75050,,0,,,29.47,0,low,8.38,2,1,none,,0,https://www.musinsa.com/products/6057216
2026-09-03,브라운브레스,6058368,TAG TEE - BLACK,0.5,22291,45000,45000,45000,0,0,0.0,100.0,1,high,10.7,26,7,none,,0,https://www.musinsa.com/products/6058368
2026-09-03,트위,6060096,칸트 시스루 호보백,0.0,0,32310,32310,,0,,,26.4,0,low,10.32,2,1,none,,0,https://www.musinsa.com/products/6060096
2026-09-03,미세키서울,6060992,[레이 PICK] String shirring short sleeve CHARCOAL,0.0,0,70200,70200,70200,0,0,0.0,92.4,0,low,15.97,5,3,none,1,0,https://www.musinsa.com/products/6060992
2026-09-03,버던트,6061696,로고 캔버스 숄더 백 [차콜],0.0,0,15960,15960,,0,,,23.78,0,low,12.72,3,1,none,,0,https://www.musinsa.com/products/6061696
2026-09-03,세터,6062272,[라이즈 PICK] 데미지 워시드 플레어 핏 데님 팬츠 블루,0.0,0,159000,159000,159000,0,0,0.0,65.16,0,low,24.0,4,1,none,,0,https://www.musinsa.com/products/6062272
2026-09-03,노이어,6065536,린넨 집업 크롭 블루종 (블랙),0.0,0,99000,99000,99000,0,0,0.0,100.0,1,high,24.03,6,3,none,,0,https://www.musinsa.com/products/6065536
2026-09-03,어나더오피스,6066560,[SS] Santiago Chino Pants Flexible (Pewter),0.0,0,168000,168000,168000,0,0,0.0,82.98,0,low,24.03,6,3,none,,0,https://www.musinsa.com/products/6066560
2026-09-03,브랜디드,6069184,COTTON CREW NECK ZIP-UP CARDIGAN [GRAPHITE],0.0,0,86400,86400,86400,0,0,0.0,82.99,0,low,25.29,4,1,none,,0,https://www.musinsa.com/products/6069184
2026-09-03,스파오,6069632,여성 라운드넥 레귤러핏 반팔티_SPRWG25G02,0.0,0,12250,12250,,0,,,23.77,0,low,12.71,3,1,none,,0,https://www.musinsa.com/products/6069632
2026-09-03,이티씨이,6070144,(BASE) LAYERED STRIPE POLO L/S TEE (NAVY),0.0,0,118000,118000,,0,,,23.77,0,low,12.71,3,1,none,,0,https://www.musinsa.com/products/6070144
2026-09-03,데상트,6070208,미니 크로스백 오렌지 SR123UBG2A,0.0,0,65550,65550,,0,,,29.46,0,low,8.38,2,1,none,,0,https://www.musinsa.com/products/6070208
2026-09-03,일꼬르소,6071936,샴브레이 워크 셔츠 블랙,0.0,0,56960,56960,56960,0,0,0.0,100.0,1,high,24.61,5,2,none,,0,https://www.musinsa.com/products/6071936
2026-09-03,이알티알,6072000,Front Pocket Cargo Denim Pants Light Blue,2.53,255145,100800,100800,,0,,,29.45,0,low,8.38,2,1,none,3,0,https://www.musinsa.com/products/6072000
2026-09-03,이알티알,6073856,Thumbs Up Girl Sleeveless Black,0.0,0,36000,36000,,0,,,29.45,0,low,8.38,2,1,none,,0,https://www.musinsa.com/products/6073856
2026-09-03,레씨토,6074432,404 Error Long Sleeve_[White],0.0,0,80500,80500,,0,,,29.45,0,low,8.38,2,1,none,,0,https://www.musinsa.com/products/6074432
2026-09-03,이알티알,6074688,e Logo Cap Beige,0.0,0,43200,43200,,0,,,29.44,0,low,8.38,2,1,none,,0,https://www.musinsa.com/products/6074688
2026-09-03,바우로프로덕트,6075072,파인 와플 슬리브리스 [라이트 그레이],0.0,0,37900,37900,37900,0,0,0.0,100.0,1,high,25.29,6,2,none,,0,https://www.musinsa.com/products/6075072
2026-09-03,데상트,6075904,[홍태준 착용] 러닝 2.5LAYER 집업 자켓 블랙 SR221RWB43,0.0,0,341050,341050,,0,,,29.44,0,low,8.38,2,1,none,,0,https://www.musinsa.com/products/6075904
2026-09-03,밀로아카이브,6080832,클라인 워시드 헨리넥 티셔츠 [워시드 블랙],0.0,0,52000,52000,52000,0,0,0.0,92.41,0,low,23.99,7,3,none,,0,https://www.musinsa.com/products/6080832
2026-09-03,데상트,6083904,[홍태준 착용] 러닝 소프트 폴리 반팔 티셔츠 블랙 SR223RTS43,0.0,0,84550,84550,,0,,,29.43,0,low,8.38,2,1,none,,0,https://www.musinsa.com/products/6083904
2026-09-03,마인드브릿지,6085376,[SET][쿨]투톤 조직 레귤러핏 자켓 셋업 네이비,0.0,0,212000,212000,212000,0,0,0.0,92.42,0,low,24.55,4,1,none,,0,https://www.musinsa.com/products/6085376
2026-09-03,디스이즈네버댓,6087232,Loose Denim Short Washed Blue,0.0,0,83300,83300,83300,0,0,0.0,100.0,1,high,24.61,5,2,none,,0,https://www.musinsa.com/products/6087232
2026-09-03,디스이즈네버댓,6087296,T.N.T. Classic HDP Tee Black,0.0,0,47200,47200,47200,0,0,0.0,100.0,1,high,24.61,5,2,none,,0,https://www.musinsa.com/products/6087296
2026-09-03,커버낫,6089536,그래픽 매쉬 캡 블랙,0.0,0,28350,28350,28350,0,0,0.0,100.0,1,high,24.61,5,2,none,,0,https://www.musinsa.com/products/6089536
2026-09-03,내셔널지오그래픽,6089728,N262MVT230 베이드 경량 베스트 DUSTY BLUE,0.0,0,119000,119000,,0,,,23.74,0,low,12.71,3,1,none,,0,https://www.musinsa.com/products/6089728
2026-09-03,나이스고스트클럽,6090496,FFATS PLEATED PUFF SATIN DRESS_BLACK(NG2GSUPA92A),0.0,0,87570,87570,87570,0,0,0.0,61.67,0,low,23.99,6,2,none,,0,https://www.musinsa.com/products/6090496
2026-09-03,마인드브릿지,6091264,[쿨]테이퍼드 투톤 밴딩 팬츠 - 2color,0.0,0,55900,55900,55900,0,0,0.0,92.43,0,low,24.55,4,1,none,,0,https://www.musinsa.com/products/6091264
2026-09-03,코드그라피,6091968,(우먼) 스퀘어 로고 반소매 니트-버건디,0.0,0,55300,55300,55300,0,0,0.0,83.0,0,low,25.3,4,1,none,,0,https://www.musinsa.com/products/6091968
2026-09-03,배드블러드,6092032,Mystic Capsule Slim Fit Short Sleeve T-Shirt - White,0.0,0,50150,50150,50150,0,0,0.0,100.0,1,high,24.03,6,3,none,,0,https://www.musinsa.com/products/6092032
2026-09-03,배드블러드,6092096,Viper Logo Mock-Neck Cap Sleeve - Black Camo,1.0,71100,71100,71100,71100,0,0,0.0,100.0,1,high,24.03,6,3,none,,0,https://www.musinsa.com/products/6092096
2026-09-03,몽돌,6092992,[소가죽] 클래식 리얼 레더 벨트 MDAC050_2 Colors,2.23,70502,31680,31680,31680,0,0,0.0,100.0,1,high,14.1,11,4,none,,0,https://www.musinsa.com/products/6092992
2026-09-03,스파오,6094208,버튼 랩 셔츠_SPYSG23W04,0.0,0,35910,35910,,0,,,23.74,0,low,12.72,3,1,none,,0,https://www.musinsa.com/products/6094208
2026-09-03,마하그리드,6097344,RECORD GRAFFITI LOGO TEE WHITE(MG2GMMT518A),0.0,0,35100,35100,,0,,,23.73,0,low,12.72,3,1,none,,0,https://www.musinsa.com/products/6097344
2026-09-03,틸아이다이,6098176,Cargo dyeing denim pants [TISP06DP01]_Beige,0.0,0,84790,84790,84790,0,0,0.0,100.0,1,high,23.99,6,3,none,,0,https://www.musinsa.com/products/6098176
2026-09-03,데상트,6099968,우먼스 4인치 이너 레깅스 스커트 화이트 SR222PSK41,0.0,0,122550,122550,,0,,,29.41,0,low,8.38,2,1,none,,0,https://www.musinsa.com/products/6099968
2026-09-03,마하그리드,6100736,HEART TATTOO TEE CHARCOAL(MG2GMMT512A),0.0,0,39000,39000,,0,,,23.72,0,low,12.72,3,1,none,,0,https://www.musinsa.com/products/6100736
2026-09-03,스컬프터,6102080,Everyday Stripe Leg Warmer Melange Gray,0.0,0,30400,30400,30400,0,0,0.0,100.0,1,high,23.99,6,3,none,,0,https://www.musinsa.com/products/6102080
2026-09-03,마인드브릿지,6102528,[COUTURE]와이드 원턱 풀 밴딩 팬츠 - 2color,0.0,0,69300,69300,69300,0,0,0.0,92.44,0,low,24.55,4,1,none,,0,https://www.musinsa.com/products/6102528
2026-09-03,마인드브릿지,6102784,[에어쿨]마이크로 에어홀 레귤러 핏 반팔 티셔츠 - 2color,0.0,0,27900,27900,27900,0,0,0.0,92.44,0,low,24.55,4,1,none,,0,https://www.musinsa.com/products/6102784
2026-09-03,마인드브릿지,6103296,[ON][카라or라운드 선택]린넨 라이크 케이블 오버핏 반팔 니트 - 6color,0.9,36060,39900,39900,39900,0,0,0.0,92.44,0,low,24.55,4,1,none,,0,https://www.musinsa.com/products/6103296
2026-09-03,마인드브릿지,6103360,[오정규 PICK] 다크 체크 오버핏 반팔 셔츠 - 2color,1.0,55900,55900,55900,55900,0,0,0.0,92.45,0,low,9.52,8,5,none,,0,https://www.musinsa.com/products/6103360
2026-09-03,썬러브투어,6103552,Daybreak Cap Blue,0.0,0,41300,41300,41300,0,0,0.0,100.0,1,high,23.99,7,3,none,,0,https://www.musinsa.com/products/6103552
2026-09-03,트립르센스,6106112,커스텀 세미 오버 블레이저_네이비,0.0,0,174600,174600,174600,0,0,0.0,61.69,0,low,23.99,6,2,none,,0,https://www.musinsa.com/products/6106112
2026-09-03,코이리스,6106176,다이론 피그먼트 나그랑 크롭 굴림 롱 슬리브 티 (2컬러),0.0,0,33920,33920,,0,,,29.41,0,low,8.38,2,1,none,,0,https://www.musinsa.com/products/6106176
2026-09-03,아메스월드와이드,6106496,[2 PACK] AMES COOL ROUND HEM CROP TEE,0.0,0,27840,27840,27840,0,0,0.0,100.0,1,high,24.55,5,2,none,,0,https://www.musinsa.com/products/6106496
2026-09-03,제멋,6107584,온오프 트랙자켓 네이비 JJOT2694,0.0,0,72900,72900,72900,0,0,0.0,100.0,1,high,24.03,6,3,none,,0,https://www.musinsa.com/products/6107584
2026-09-03,노이어,6107904,크링클 레더 카코트 (블랙),0.0,0,490500,490500,490500,0,0,0.0,100.0,1,high,24.03,6,3,none,,0,https://www.musinsa.com/products/6107904
2026-09-03,유희,6108416,[KORILAKKUMA] MIRROR KEYRING PINK,0.0,0,5720,5720,,0,,,29.4,0,low,8.38,2,1,none,,0,https://www.musinsa.com/products/6108416
2026-09-03,마인드브릿지,6109248,[스토커즈 콜라보] [ON]워셔블 멀티 스트라이프 카라 반팔 니트 - 4color,5.79,231109,39900,39900,39900,0,0,0.0,100.0,1,low,9.52,21,6,none,,0,https://www.musinsa.com/products/6109248
2026-09-03,노드유,6110784,브이넥 헤라시 라글란 크롭 니트 [베이지],0.0,0,35700,35700,,0,,,29.4,0,low,8.38,2,1,none,,0,https://www.musinsa.com/products/6110784
2026-09-03,디미트리블랙,6110848,USA 아치 로고 세미 크롭 반팔 티셔츠_4 color,1.74,34574,19900,19900,19900,0,0,0.0,100.0,1,high,24.62,5,2,none,,0,https://www.musinsa.com/products/6110848
2026-09-03,프리즘웍스,6111040,VINTAGE FADED STRIPE HALF TEE _ DARK GREEN,0.0,0,52200,52200,52200,0,0,0.0,100.0,1,high,24.03,6,3,none,,0,https://www.musinsa.com/products/6111040
2026-09-03,마인드브릿지우먼,6112384,[W]그레이 프릴 포인트 카라 가디건,0.0,0,80900,80900,80900,0,0,0.0,100.0,1,high,24.0,5,2,none,,0,https://www.musinsa.com/products/6112384
2026-09-03,마인드브릿지우먼,6112512,[W]데님 연청 반바지,0.0,0,41900,41900,41900,0,0,0.0,100.0,1,high,24.0,5,2,none,,0,https://www.musinsa.com/products/6112512
2026-09-03,이미스,6114432,QUOTE COASTAL TOTE BAG-BLACK,0.0,0,49500,49500,,0,,,26.35,0,low,10.33,2,1,none,,0,https://www.musinsa.com/products/6114432
2026-09-03,론론,6114560,STRIPE BLOCKING HOOD LONG SLEEVE BLUE GREY,0.0,0,63360,63360,71280,1,-7920,-11.11,100.0,1,medium,24.03,6,3,none,,0,https://www.musinsa.com/products/6114560
2026-09-03,론론,6114688,COLLARLESS RAGLAN ZIP UP WHITE MELNAGE,0.0,0,70400,70400,79200,1,-8800,-11.11,100.0,1,medium,24.03,6,3,none,,0,https://www.musinsa.com/products/6114688
2026-09-03,론론,6115200,BALLOON FIT FLORAL DENIM PANTS LIGHT BLUE,0.0,0,71280,71280,80190,1,-8910,-11.11,100.0,1,medium,24.03,6,3,none,,0,https://www.musinsa.com/products/6115200
2026-09-03,더콜디스트모먼트,6120768,TCM dot flower T (blue),0.0,0,36450,36450,,0,,,23.7,0,low,12.72,3,1,none,,0,https://www.musinsa.com/products/6120768
2026-09-03,오퍼스 0012,6122752,Op. 07 VANGUARD SLIM TOP BLACK,0.0,0,40500,40500,40500,0,0,0.0,100.0,1,high,23.99,6,3,none,,0,https://www.musinsa.com/products/6122752
2026-09-03,커버낫,6125632,오픈 카라 하프 니트 네이비,0.0,0,71280,71280,71280,0,0,0.0,100.0,1,high,24.62,5,2,none,,0,https://www.musinsa.com/products/6125632
2026-09-03,그루브라임,6127104,분또 그래픽 반팔 티셔츠 (5COLOR) (FRBMCTR703M),0.0,0,14900,14900,14900,0,0,0.0,100.0,1,high,23.99,7,3,none,,0,https://www.musinsa.com/products/6127104
2026-09-03,코이리스,6131200,모니카 스트라이프 후드 집업 남녀공용,0.0,0,84920,84920,,0,,,29.37,0,low,8.38,2,1,none,,0,https://www.musinsa.com/products/6131200
2026-09-03,코드그라피,6131584,2-WAY 테크 숏 자켓_그레이,0.0,0,55300,55300,55300,0,0,0.0,83.04,0,low,25.3,4,1,none,,0,https://www.musinsa.com/products/6131584
2026-09-03,스파오,6134592,[망그러진곰] 반팔 티셔츠(BLACK)_SPRLG25U03,0.0,0,15900,15900,,0,,,23.69,0,low,12.72,3,1,none,,0,https://www.musinsa.com/products/6134592
2026-09-03,낫포너드,6136192,W Orchestra One Shoulder Long Sleeve - White,0.0,0,41310,41310,41310,0,0,0.0,83.05,0,low,25.3,4,1,none,,0,https://www.musinsa.com/products/6136192
2026-09-03,바이모노,6137152,모노 감탄 구김zero 블레이져,0.0,0,79900,79900,79900,0,0,0.0,100.0,1,high,24.63,5,2,none,,0,https://www.musinsa.com/products/6137152
2026-09-03,브라운브레스,6137792,UTILITY MESH VEST - BLACK,0.0,0,99000,99000,99000,0,0,0.0,100.0,1,high,23.99,7,3,none,,0,https://www.musinsa.com/products/6137792
2026-09-03,노티카,6139648,아치 로고 피그먼트 티셔츠(3colors) NTS4836,0.0,0,38500,38500,38500,0,0,0.0,65.2,0,low,24.0,7,1,none,,0,https://www.musinsa.com/products/6139648
2026-09-03,카네이테이,6139712,PIGMENT WASHED SHORT SLEEVES (BROWN),0.0,0,39000,39000,39000,0,0,0.0,100.0,1,high,23.99,6,3,none,,0,https://www.musinsa.com/products/6139712
2026-09-03,카네이테이,6139776,PIGMENT WASHED SHORT SLEEVES (BLUE),0.0,0,39000,39000,39000,0,0,0.0,100.0,1,high,23.99,6,3,none,,0,https://www.musinsa.com/products/6139776
2026-09-03,필루미네이트,6140736,(W) 코튼 스트링 쇼츠-베이지,0.0,0,33000,33000,33000,0,0,0.0,61.7,0,low,23.99,6,2,none,,0,https://www.musinsa.com/products/6140736
2026-09-03,론론,6140928,NECK SHIRRING TIE LONG SLEEVE GREY,0.0,0,47520,47520,53460,1,-5940,-11.11,100.0,1,medium,24.03,6,3,none,,0,https://www.musinsa.com/products/6140928
2026-09-03,플레어업,6141056,Lace Sleeve Top (FL-112_Gray),0.0,0,48960,48960,48960,0,0,0.0,92.48,0,low,24.55,4,1,none,,0,https://www.musinsa.com/products/6141056
2026-09-03,비터셀즈,6145472,키티 체리 티-아이보리,0.0,0,35640,35640,35640,0,0,0.0,92.48,0,low,24.55,8,1,none,,0,https://www.musinsa.com/products/6145472
2026-09-03,지프,6146048,트랙 오픈카라 와플 반팔 티셔츠 (JR5TSU128BK),0.0,0,56610,56610,,0,,,29.36,0,low,8.38,2,1,none,,0,https://www.musinsa.com/products/6146048
2026-09-03,일리고,6149120,로즈 플리츠 미니 원피스 화이트,0.0,0,106000,106000,106000,0,0,0.0,92.5,0,low,24.56,4,1,none,,0,https://www.musinsa.com/products/6149120
2026-09-03,로라로라,6149952,NUBASIC LACE ROUND NECK SLIM T-SHIRT GRAY,0.0,0,33280,33280,,0,,,26.32,0,low,10.33,2,1,none,,0,https://www.musinsa.com/products/6149952
2026-09-03,모즈모즈,6152448,린넨라이크 카고 버뮤다 와이드 팬츠 카키,0.0,0,31850,31850,31850,0,0,0.0,65.21,0,low,24.0,4,1,none,,0,https://www.musinsa.com/products/6152448
2026-09-03,키르시,6153664,체리 배색 포인트 티셔츠 [다크 네이비],0.0,0,28130,28130,28130,0,0,0.0,100.0,1,high,24.63,5,2,none,,0,https://www.musinsa.com/products/6153664
2026-09-03,키르시,6153728,키르시 스트링 포인트 데님 랩스커트 [라이트 블루],0.0,0,79200,79200,63440,1,15760,24.84,100.0,1,medium,24.63,5,2,none,,0,https://www.musinsa.com/products/6153728
2026-09-03,지프,6153792,시티 액티브 나일론 밴딩 쇼츠 (JR5PTU876LR),0.0,0,49500,49500,,0,,,29.36,0,low,8.38,2,1,none,,0,https://www.musinsa.com/products/6153792
2026-09-03,디미트리블랙,6154432,[10주년기획] 에센셜 머슬핏 반팔 티셔츠_6 COLOR,28.78,371280,12900,12900,12900,0,0,0.0,100.0,1,low,3.89,40,14,none,,0,https://www.musinsa.com/products/6154432
2026-09-03,키뮤어,6154688,[크롭] 구아야베라 오픈 카라 셔츠_화이트 [나시 선택],1.0,41300,41300,41300,41300,0,0,0.0,100.0,1,high,24.03,6,3,none,,0,https://www.musinsa.com/products/6154688
2026-09-03,키뮤어,6154816,[크롭] 배색 롤업 크롭 반팔 티셔츠_버건디,17.32,686046,39600,39600,39600,0,0,0.0,100.0,1,low,11.95,30,6,none,,0,https://www.musinsa.com/products/6154816
2026-09-03,다이브인,6155200,UNIFORM SEMI CROP T-SHIRTS (5COLORS),0.88,25271,28800,28800,28800,0,0,0.0,100.0,1,low,16.24,21,4,none,,0,https://www.musinsa.com/products/6155200
2026-09-03,로라로라,6155584,I LOVE ROLA PATCHWORK RINGER T-SHIRT WHITE,0.0,0,33280,33280,,0,,,26.31,0,low,10.33,2,1,none,,0,https://www.musinsa.com/products/6155584
2026-09-03,르아르,6156288,90s 빈티지핏 워시드 티셔츠 [레드],3.43,88903,25900,25900,25900,0,0,0.0,100.0,1,low,24.0,5,2,none,,0,https://www.musinsa.com/products/6156288
2026-09-03,내셔널지오그래픽,6156928,N262WTS971 여성 캐스터 로고 세미크롭 반팔 티셔츠 GREEN HILLS,0.0,0,50150,50150,,0,,,23.66,0,low,12.72,3,1,none,,0,https://www.musinsa.com/products/6156928
2026-09-03,기철,6157312,All Day Soft T-shirt (Black),0.0,0,22500,22500,22500,0,0,0.0,65.22,0,low,24.0,4,1,none,,0,https://www.musinsa.com/products/6157312
2026-09-03,에이이에이이,6157568,STRIPE HALF SLEEVE HOODIE [PURPLE],0.0,0,52650,52650,52650,0,0,0.0,92.51,0,low,24.56,4,1,none,,0,https://www.musinsa.com/products/6157568
2026-09-03,칙스,6159424,빈티지 워싱 데님 맥시 스커트 흑청,0.0,0,27920,27920,31410,1,-3490,-11.11,100.0,1,medium,24.03,6,3,none,,0,https://www.musinsa.com/products/6159424
2026-09-03,튜드먼트,6161216,SUMMER OVERSIZE SHIRT_NAVY CHECK,0.0,0,57540,57540,,0,,,26.31,0,low,10.33,2,1,none,,0,https://www.musinsa.com/products/6161216
2026-09-03,튜드먼트,6161280,FLORAL PATTERN HAIR CLIP_LIGHT BLUE,0.0,0,21530,21530,,0,,,26.3,0,low,10.33,2,1,none,,0,https://www.musinsa.com/products/6161280
2026-09-03,아메스월드와이드,6162432,CLASSIC BOOT CUT LEGGINGS PANTS GREY,0.0,0,37760,37760,37760,0,0,0.0,100.0,1,high,24.56,5,2,none,,0,https://www.musinsa.com/products/6162432
2026-09-03,아메스월드와이드,6162880,52 HEART RINGER CROP TEE BLUE,0.0,0,21840,21840,21840,0,0,0.0,100.0,1,high,24.56,5,2,none,,0,https://www.musinsa.com/products/6162880
2026-09-03,아메스월드와이드,6162944,HEART SHORT SLEEVE KNIT CREAM,0.0,0,29500,29500,29500,0,0,0.0,100.0,1,high,24.56,5,2,none,,0,https://www.musinsa.com/products/6162944
2026-09-03,아모우,6164288,AM Star Half T-Shirts Light Blue,0.0,0,28800,28800,28800,0,0,0.0,100.0,1,low,24.03,6,3,none,,0,https://www.musinsa.com/products/6164288
2026-09-03,아모우,6164608,Horse One Tuck Bermuda Pants Blue,2.27,78400,34521,34800,32460,1,2340,7.21,100.0,1,low,17.93,33,7,none,,0,https://www.musinsa.com/products/6164608
2026-09-03,레이지비,6171072,초경량 패커블 에어 글라이드 리플렉트 윈드브레이커 자켓 W (5컬러),0.84,34234,40770,40770,,0,,,29.33,0,low,8.38,2,1,none,1,0,https://www.musinsa.com/products/6171072
2026-09-03,레이지비,6171136,초경량 패커블 에어 글라이드 리플렉트 윈드브레이커 자켓 W 블루,0.0,0,69000,69000,,0,,,29.33,0,low,8.38,2,1,none,,0,https://www.musinsa.com/products/6171136
2026-09-03,더바넷,6174336,Capital Logo Ball Cap_White,0.0,0,40500,40500,40500,0,0,0.0,83.08,0,low,25.31,4,1,none,,0,https://www.musinsa.com/products/6174336
2026-09-03,더바넷,6174464,Velin Tie Mohair Knit Cardigan_Light Grey,0.0,0,85500,85500,85500,0,0,0.0,83.08,0,low,25.31,4,1,none,,0,https://www.musinsa.com/products/6174464
2026-09-03,더바넷,6174528,Oversized Aero Hooded Jacket_6Color,0.0,0,115200,115200,115200,0,0,0.0,83.08,0,low,25.31,4,1,none,,0,https://www.musinsa.com/products/6174528
2026-09-03,더블유엠씨,6174720,워시드 반팔 티셔츠_NAVY,0.0,0,20650,20650,20650,0,0,0.0,61.71,0,low,23.99,6,2,none,,0,https://www.musinsa.com/products/6174720
2026-09-03,어반스터프,6175744,썸머데이 오프숄더 티 (멜란지),0.0,0,35700,35700,,0,,,29.32,0,low,8.38,2,1,none,,0,https://www.musinsa.com/products/6175744
2026-09-03,제멋,6175808,보이 크롭 U넥 반팔티셔츠 그레이 KJST2691,0.0,0,21900,21900,21900,0,0,0.0,100.0,1,high,24.03,6,3,none,,0,https://www.musinsa.com/products/6175808
2026-09-03,그루브라임,6176320,여성 라운드넥 반팔 티셔츠 (LRSMCTR518M),0.0,0,14800,14800,14800,0,0,0.0,100.0,1,high,23.99,7,3,none,,0,https://www.musinsa.com/products/6176320
2026-09-03,그루브라임,6176448,물방울 레터링 반팔 티셔츠(2COLOR) (LRRMCTA357M),0.0,0,13100,13100,13100,0,0,0.0,100.0,1,high,23.99,7,3,none,,0,https://www.musinsa.com/products/6176448
2026-09-03,그루브라임,6177216,저온스코튼스판 3/4밴딩 원턱 모듈형 카고 와이드 팬츠 (3COLOR) (LRTMCNW174M),0.54,16265,29900,29900,29900,0,0,0.0,100.0,1,high,23.99,7,3,none,,0,https://www.musinsa.com/products/6177216
2026-09-03,더바이닐하우스,6178560,FADED TIME TEE GREY,20.33,774015,38080,38080,38080,0,0,0.0,100.0,1,high,23.98,15,8,none,,0,https://www.musinsa.com/products/6178560
2026-09-03,오호스,6179008,Paneled Lightweight Windbreaker / Grey,0.0,0,198000,198000,,0,,,29.31,0,low,8.38,2,1,none,,0,https://www.musinsa.com/products/6179008
2026-09-03,썬러브투어,6179456,Crescent Track Pants Navy,0.0,0,139300,139300,139300,0,0,0.0,100.0,1,high,23.99,7,3,none,,0,https://www.musinsa.com/products/6179456
2026-09-03,이알티알,6179840,Harmless T-Shirt Melange Grey,0.84,40940,48800,48800,,0,,,29.31,0,low,8.38,2,1,none,1,0,https://www.musinsa.com/products/6179840
2026-09-03,플레어업,6182592,Draped Mesh Layered Long Skirt (FL-264_Gray),0.75,82295,109440,97280,92160,1,5120,5.56,92.54,0,low,29.54,12,1,none,,0,https://www.musinsa.com/products/6182592
2026-09-03,카네이테이,6187200,DENIM HALF SHIRT (BLUE),0.0,0,37340,37340,37340,0,0,0.0,100.0,1,low,48.43,4,1,none,,0,https://www.musinsa.com/products/6187200
2026-09-03,썬러브투어,6187648,Plaid Tri Scarf Yellow,0.0,0,31500,31500,31500,0,0,0.0,100.0,1,high,23.99,7,3,none,,0,https://www.musinsa.com/products/6187648
2026-09-03,피지컬가먼츠,6188096,P2631 소프트쿠션 풋볼 버뮤다팬츠 [2COLOR],0.0,0,39000,39000,,0,,,23.62,0,low,12.72,3,1,none,,0,https://www.musinsa.com/products/6188096
2026-09-03,본투윈,6188736,SYMBOL B COOLEVER LONG SLEEVE [CHARCOAL],0.0,0,69000,69000,69000,0,0,0.0,100.0,1,high,23.99,6,3,none,,0,https://www.musinsa.com/products/6188736
2026-09-03,낫포너드,6191296,W Contrast Strap Sleeveless - Black,0.0,0,30690,30690,30690,0,0,0.0,83.09,0,low,25.31,4,1,none,,0,https://www.musinsa.com/products/6191296
2026-09-03,비터셀즈,6192640,에센셜 홀터넥 슬리브리스-아이보리,0.0,0,23490,23490,23490,0,0,0.0,92.56,0,low,24.56,4,1,none,,0,https://www.musinsa.com/products/6192640
2026-09-03,아웃스탠딩,6201600,[LOONEY TUNES] COTTON BALL CAP(ENJOY THE RIDE)_CHARCOAL,0.0,0,43200,43200,43200,0,0,0.0,100.0,1,high,23.99,6,3,none,,0,https://www.musinsa.com/products/6201600
2026-09-03,아웃스탠딩,6202240,[LOONEY TUNES] HALF SLEEVE TEE(BUGS BUNNY)_BLACK,0.0,0,43200,43200,43200,0,0,0.0,85.06,0,low,14.11,5,2,none,,0,https://www.musinsa.com/products/6202240
2026-09-03,세터,6202688,(W) 워시드 데님 쇼츠 라이트 블루,0.0,0,119000,119000,119000,0,0,0.0,65.24,0,low,24.0,4,1,none,,0,https://www.musinsa.com/products/6202688
2026-09-03,배드블러드,6204672,Sleek Cotton Short Sleeve T-Shirt - White,0.0,0,47200,47200,47200,0,0,0.0,100.0,1,high,24.03,6,3,none,,0,https://www.musinsa.com/products/6204672
2026-09-03,언더오프,6207296,에센셜 스탠다드 반팔 링거 티셔츠  크림,0.0,0,25900,25900,25900,0,0,0.0,100.0,1,high,24.64,5,2,none,,0,https://www.musinsa.com/products/6207296
2026-09-03,코드그라피,6207616,Wine O’Clock 반소매 티셔츠-화이트,0.0,0,44100,44100,44100,0,0,0.0,83.11,0,low,25.31,4,1,none,,0,https://www.musinsa.com/products/6207616
2026-09-03,스컬프터,6209216,Metallic High-Neck Halter Top Metallic Gold,0.0,0,55680,55680,55680,0,0,0.0,100.0,1,high,23.99,6,3,none,,0,https://www.musinsa.com/products/6209216
2026-09-03,디앤에스알,6211072,(W) 커브드 레이스 라인 스웨트 팬츠,0.0,0,99000,99000,99000,0,0,0.0,65.25,0,low,24.0,4,1,none,,0,https://www.musinsa.com/products/6211072
2026-09-03,스컬프터,6211136,Miss Grumpy Shorts Dirty White,0.0,0,46080,46080,46080,0,0,0.0,100.0,1,high,23.99,6,3,none,,0,https://www.musinsa.com/products/6211136
2026-09-03,틸아이다이,6212992,Classic woven belt [TISU05BT02]_Black,0.0,0,41650,41650,41650,0,0,0.0,100.0,1,high,23.99,6,3,none,,0,https://www.musinsa.com/products/6212992
2026-09-03,틸아이다이,6213056,Classic tuck detail cotton denim pants [TISU05DP01]_White,0.0,0,78330,78330,78330,0,0,0.0,100.0,1,high,23.99,6,3,none,,0,https://www.musinsa.com/products/6213056
2026-09-03,스케이터락,6215808,Butterfly Layered Surgical Steel Necklace,0.0,0,31850,31850,,0,,,23.61,0,low,12.72,3,1,none,,0,https://www.musinsa.com/products/6215808
2026-09-03,파브레가,6218432,아비스 링크 브레이슬릿,0.0,0,49500,49500,49500,0,0,0.0,83.11,0,low,25.31,4,1,none,,0,https://www.musinsa.com/products/6218432
2026-09-03,노아,6218624,(U) 노아 X 알파 인더스트리 MA-2 재킷 로즈 NOAH X ALPHA INDUSTRIES MA-2 JACKET PINK,0.0,0,457800,457800,,0,,,23.6,0,low,12.72,3,1,none,,0,https://www.musinsa.com/products/6218624
2026-09-03,디스이즈네버댓,6219264,Relaxed Painter Short Brown,0.0,0,90300,90300,90300,0,0,0.0,100.0,1,high,24.64,5,2,none,,0,https://www.musinsa.com/products/6219264
2026-09-03,파브레가,6221120,리브 스트럭처 슬리브리스 (3COLOR),0.0,0,36900,36900,36900,0,0,0.0,83.12,0,low,25.31,9,1,none,,0,https://www.musinsa.com/products/6221120
2026-09-03,넌블랭크,6221376,일레귤러 윈도우 체크 크롭 HS 셔츠_DARK BROWN,0.0,0,93520,93520,93520,0,0,0.0,61.73,0,low,23.99,6,2,none,,0,https://www.musinsa.com/products/6221376
2026-09-03,넌블랭크,6221504,네츄럴 링클 과야베라 HS 셔츠_BLACK,0.0,0,103920,103920,103920,0,0,0.0,61.73,0,low,23.99,6,2,none,,0,https://www.musinsa.com/products/6221504
2026-09-03,에스피오나지,6225216,Wide Henley Pocket Tee Slate,0.84,34022,40600,40600,40600,0,0,0.0,100.0,1,high,24.03,6,3,none,,0,https://www.musinsa.com/products/6225216
2026-09-03,데상트,6225600,스피릿 로고 코튼 볼캡 베이지 SR123UCP3A,0.0,0,46550,46550,,0,,,29.27,0,low,8.39,2,1,none,,0,https://www.musinsa.com/products/6225600
2026-09-03,레이지비,6226624,멀티쿨링 에센셜 루즈핏 집업 래쉬가드 W 라벤더,0.0,0,33300,33300,,0,,,29.27,0,low,8.38,2,1,none,,0,https://www.musinsa.com/products/6226624
2026-09-03,트리밍버드,6226880,Metallic Hot-Fix Logo Slim T-Shirt [ Black ],0.0,0,59000,59000,59000,0,0,0.0,100.0,1,high,24.03,6,3,none,,0,https://www.musinsa.com/products/6226880
2026-09-03,레이지비,6229248,이지 스킨 3포켓 러닝 벨트 (런닝 등산 스포츠),0.84,18771,22410,22410,,0,,,29.26,0,low,8.38,2,1,none,1,0,https://www.musinsa.com/products/6229248
2026-09-03,코이리스,6229760,셀릭 리벳 포인트 부츠컷 팬츠,0.0,0,84920,84920,,0,,,29.26,0,low,8.38,2,1,none,,0,https://www.musinsa.com/products/6229760
2026-09-03,시야쥬,6230656,SITP5265 포메라니안 반팔 티셔츠_Melange gray,0.0,0,34830,34830,34830,0,0,0.0,100.0,1,high,24.64,5,2,none,,0,https://www.musinsa.com/products/6230656
2026-09-03,엠엠엘지,6236608,MMLG TIE DYED HF-T (SMOKED STONE),0.0,0,35400,35400,,0,,,29.26,0,low,8.39,2,1,none,,0,https://www.musinsa.com/products/6236608
2026-09-03,드로우핏,6237248,스모크 링거 하프 티셔츠 [M.GREY],0.0,0,33300,33300,33300,0,0,0.0,83.14,0,low,25.31,4,1,none,,0,https://www.musinsa.com/products/6237248
2026-09-03,트립르센스,6245696,센트레 라인 썸머 브이넥 하프 니트_그레이,0.0,0,54400,54400,54400,0,0,0.0,61.74,0,low,23.99,6,2,none,,0,https://www.musinsa.com/products/6245696
2026-09-03,가까이유니언즈,6247616,심볼 오버 크롭 피그먼트 자수 티셔츠 카키모카,0.65,19190,29400,29400,29400,0,0,0.0,100.0,1,high,24.0,5,2,none,,0,https://www.musinsa.com/products/6247616
2026-09-03,가까이유니언즈,6248384,히든 캐치 피그먼트 반팔 티셔츠 브라운,0.0,0,31900,31900,31900,0,0,0.0,100.0,1,high,24.0,5,2,none,,0,https://www.musinsa.com/products/6248384
2026-09-03,스파오,6255808,시어서커 짐색_SPAKG24A02,0.0,0,12900,12900,,0,,,23.55,0,low,12.72,3,1,none,,0,https://www.musinsa.com/products/6255808
2026-09-03,웬즈데이오아시스,6258944,리지 카라 니트 가디건_CREAM(WC26KN45),0.0,0,47600,47600,47600,0,0,0.0,100.0,1,high,23.99,7,3,none,,0,https://www.musinsa.com/products/6258944
2026-09-03,내셔널지오그래픽,6259776,N262MTS530 NRN 익스플로러 그래픽 세미오버핏 티셔츠 MILITARY KHAKI,0.0,0,74000,74000,,0,,,23.55,0,low,12.72,3,1,none,,0,https://www.musinsa.com/products/6259776
2026-09-03,스파오,6260608,[리넨블렌드] 브이넥 루즈핏 카디건_SPCKG37WS3,0.44,8841,19900,19900,,0,,,23.54,0,low,12.72,3,1,none,1,0,https://www.musinsa.com/products/6260608
2026-09-03,헬레네파리스,6262080,스파크 포인트 큐빅 벤트넥 하프 티셔츠 [핑크],0.0,0,37600,37600,37600,0,0,0.0,100.0,1,high,24.03,6,3,none,,0,https://www.musinsa.com/products/6262080
2026-09-03,디스이즈네버댓,6262656,Striped S/S Shirt Green,0.0,0,76300,76300,76300,0,0,0.0,100.0,1,high,24.65,5,2,none,,0,https://www.musinsa.com/products/6262656
2026-09-03,메인부스,6262848,Signal T-shirt(WHITE),0.0,0,38300,38300,38300,0,0,0.0,83.14,0,low,25.31,4,1,none,,0,https://www.musinsa.com/products/6262848
2026-09-03,꼼파뇨,6264064,헤븐 토이 롱슬리브 블랙,0.0,0,30810,30810,30810,0,0,0.0,92.62,0,low,24.56,4,1,none,,0,https://www.musinsa.com/products/6264064
2026-09-03,브라운브레스,6265984,STAMP TAG SHORTS - MELANGE GREY,0.0,0,52000,52000,52000,0,0,0.0,100.0,1,low,48.08,6,3,none,,0,https://www.musinsa.com/products/6265984
2026-09-03,아틀리에나인,6269056,PINTUCK LACE COTTON BLOUSE (BL-4418),0.0,0,95200,95200,95200,0,0,0.0,100.0,1,high,24.0,5,2,none,,0,https://www.musinsa.com/products/6269056
2026-09-03,프리버07,6270720,Linen raglan u-neck knit [FRSP07TN03]_Red,0.0,0,64600,64600,,0,,,23.53,0,low,12.72,3,1,none,,0,https://www.musinsa.com/products/6270720
2026-09-03,던스트,6271360,BUTTONED SLIM POLO KNIT_UDSW6B231_CREAM,0.0,0,49840,49840,62300,1,-12460,-20.0,61.75,0,low,23.99,6,2,none,,0,https://www.musinsa.com/products/6271360
2026-09-03,던스트,6271424,LACED CHECKED SHIRT_UDSH6B231_BLUE CHECK,0.0,0,76160,76160,95200,1,-19040,-20.0,61.75,0,low,23.99,6,2,none,,0,https://www.musinsa.com/products/6271424
2026-09-03,던스트,6271488,UNISEX VINTAGE ARCH LOGO T-SHIRT_UDTS6B145_OFF WHITE,0.0,0,31360,31360,39200,1,-7840,-20.0,61.76,0,low,23.99,6,2,none,,0,https://www.musinsa.com/products/6271488
2026-09-03,후드후드,6271808,51AREA 에일리언 반팔티셔츠 화이트,0.0,0,36400,36400,36400,0,0,0.0,83.15,0,low,25.31,4,1,none,,0,https://www.musinsa.com/products/6271808
2026-09-03,유니폼브릿지,6274752,surfer boys ringer s/s t-shirt(womens) black,0.0,0,29500,29500,29500,0,0,0.0,100.0,1,high,23.99,6,3,none,,0,https://www.musinsa.com/products/6274752
2026-09-03,유니폼브릿지,6275136,motorcycle s/s t-shirt off white,0.0,0,35400,35400,35400,0,0,0.0,100.0,1,high,23.99,6,3,none,,0,https://www.musinsa.com/products/6275136
2026-09-03,유니폼브릿지,6275264,cuban s/s shirt black,0.0,0,74500,74500,74500,0,0,0.0,100.0,1,high,23.99,6,3,none,,0,https://www.musinsa.com/products/6275264
2026-09-03,던스트,6275840,ESSENTIAL SLEEVELESS TOP_UDTS6B228_CHARCOAL GREY,0.0,0,25200,25200,31500,1,-6300,-20.0,61.77,0,low,23.99,6,2,none,,0,https://www.musinsa.com/products/6275840
2026-09-03,슈퍼서브,6278144,보이드 버스트 크롭 반팔 티셔츠 - 화이트,0.0,0,17900,17900,17900,0,0,0.0,83.15,0,low,25.31,4,1,none,,0,https://www.musinsa.com/products/6278144
2026-09-03,브렌슨,6281728,리브드 크롭 라운드넥 반팔티 ( 5Color ),0.41,9728,23900,23900,23900,0,0,0.0,100.0,1,high,24.65,5,2,none,,0,https://www.musinsa.com/products/6281728
2026-09-03,더엣지,6290304,[3PACK] 26SS 올데이코어 시어 가디건,0.0,0,79900,79900,,0,,,23.51,0,low,12.72,3,1,none,,0,https://www.musinsa.com/products/6290304
2026-09-03,리브레너,6292288,DTF 립스틱 피그먼트 반팔티셔츠 네이비,0.0,0,29900,29900,,0,,,23.51,0,low,12.72,3,1,none,,0,https://www.musinsa.com/products/6292288
2026-09-03,카고브로스포우먼,6293632,아웃 포켓 아메카지 점프수트 투피스 오버롤 셋업 (소라),0.0,0,118900,118900,,0,,,23.51,0,low,12.72,3,1,none,,0,https://www.musinsa.com/products/6293632
2026-09-03,해비즘,6295936,ROUND COLLAR SHIRRING S/S TEE(STRIPE GREY),0.0,0,36000,36000,36000,0,0,0.0,61.78,0,low,23.99,6,2,none,,0,https://www.musinsa.com/products/6295936
2026-09-03,제이엘브,6296576,[2PACK]머슬핏 라이트 니트 숏슬리브,0.0,0,79200,79200,79200,0,0,0.0,61.78,0,low,23.99,6,2,none,,0,https://www.musinsa.com/products/6296576
2026-09-03,더콜디스트모먼트,6299968,TCM mini logo textured half shirt (blue grey),0.0,0,62370,62370,,0,,,23.5,0,low,12.72,3,1,none,,0,https://www.musinsa.com/products/6299968
2026-09-03,썸웨어버터,6300608,Iff Scarf - 2Color,0.0,0,32000,32000,32000,0,0,0.0,61.79,0,low,23.99,6,2,none,,0,https://www.musinsa.com/products/6300608
2026-09-03,드리프트아웃,6301184,올웨이즈 벌크 기능성 반팔 티셔츠 (5color),0.0,0,26500,26500,,0,,,29.22,0,low,8.39,2,1,none,,0,https://www.musinsa.com/products/6301184
2026-09-03,꼼파뇨,6301248,DTP 리본 웨일 반팔티 블랙,0.0,0,28610,28610,28610,0,0,0.0,92.67,0,low,24.57,4,1,none,,0,https://www.musinsa.com/products/6301248
2026-09-03,데상트,6304064,영애슬릿 여아 반신 스윔 수트 블랙 SR22JEOP52,0.0,0,94050,94050,,0,,,29.22,0,low,8.39,2,1,none,,0,https://www.musinsa.com/products/6304064
2026-09-03,제너럴아이디어,6305408,UNISEX 와이어 바이저 워싱 볼캡 [3COL] / GF1UCP001,0.0,0,24180,24180,24800,1,-620,-2.5,100.0,1,medium,23.99,6,3,none,,0,https://www.musinsa.com/products/6305408
2026-09-03,샌드릭,6305472,Curved Denim Pants_Light blue,0.0,0,150100,150100,,0,,,29.22,0,low,8.39,2,1,none,,0,https://www.musinsa.com/products/6305472
2026-09-03,드로우핏우먼,6309824,튤립 레이어드 미디 원피스 [PINK BEIGE],0.0,0,67680,67680,67680,0,0,0.0,100.0,1,high,23.99,7,3,none,,0,https://www.musinsa.com/products/6309824
2026-09-03,더엣지,6311424,26SS 썸머 링클프리 와이드팬츠 아이보리,0.0,0,51510,51510,,0,,,23.49,0,low,12.72,3,1,none,,0,https://www.musinsa.com/products/6311424
2026-09-03,드로우핏우먼,6313664,수피마 실켓 돌먼 보트넥 반팔 티셔츠 [BROWN],0.0,0,25920,25920,25920,0,0,0.0,100.0,1,high,23.99,7,3,none,,0,https://www.musinsa.com/products/6313664
2026-09-03,브라운야드,6316224,"프렌치 워크 팬츠, 올리브 그레이",0.0,0,228000,228000,228000,0,0,0.0,61.8,0,low,23.99,6,2,none,,0,https://www.musinsa.com/products/6316224
2026-09-03,디미트리블랙,6317952,© 모두의 커브드 치노 팬츠_하프 4 COLOR,0.58,16682,28900,28900,28900,0,0,0.0,100.0,1,high,24.66,5,2,none,,0,https://www.musinsa.com/products/6317952
2026-09-03,인사일런스,6318144,덕 코튼 스탠드업 쇼츠 FADED GREY,0.0,0,120600,120600,120600,0,0,0.0,100.0,1,high,24.66,5,2,none,,0,https://www.musinsa.com/products/6318144
2026-09-03,엔와이엑스엑스,6319936,CROSS TEE BLACK,0.0,0,26460,26460,,0,,,29.21,0,low,8.39,2,1,none,,0,https://www.musinsa.com/products/6319936
2026-09-03,드헤베,6320000,Summer Henley Neck Knit [Navy],0.0,0,70300,70300,70300,0,0,0.0,83.18,0,low,25.32,4,1,none,,0,https://www.musinsa.com/products/6320000
2026-09-03,본투윈,6320704,SILVER B BASIC T-SHIRTS [WHITE],0.0,0,49000,49000,49000,0,0,0.0,100.0,1,high,23.99,6,3,none,,0,https://www.musinsa.com/products/6320704
2026-09-03,필루미네이트,6323520,멀티 스트라이프 포켓 티셔츠-아이보리,0.0,0,32000,32000,32000,0,0,0.0,61.8,0,low,23.99,6,2,none,,0,https://www.musinsa.com/products/6323520
2026-09-03,맥우드건,6324608,슬리버 3906 소프트 골지 슬림핏 머스타드 민소매티,0.0,0,30600,30600,,0,,,29.2,0,low,8.39,2,1,none,,0,https://www.musinsa.com/products/6324608
2026-09-03,르아르,6324672,에센셜 링거 배색 티셔츠 [블랙],0.0,0,29500,29500,29500,0,0,0.0,65.3,0,low,24.0,4,1,none,,0,https://www.musinsa.com/products/6324672
2026-09-03,맥우드건,6324736,슬리버 3906 소프트 골지 슬림핏 블랙 민소매티,0.0,0,30600,30600,,0,,,29.2,0,low,8.39,2,1,none,,0,https://www.musinsa.com/products/6324736
2026-09-03,코드그라피,6328128,핀스트라이프 드로우 스트링백-퍼플,0.0,0,62100,62100,62100,0,0,0.0,83.18,0,low,25.32,4,1,none,,0,https://www.musinsa.com/products/6328128
2026-09-03,테이크이지,6332224,서울 레귤러핏 티셔츠 - 2COLOR,0.0,0,19500,19500,19500,0,0,0.0,100.0,1,high,24.67,5,2,none,,0,https://www.musinsa.com/products/6332224
2026-09-03,론론,6333632,ROSE RRAC OVER FIT T SHIRT VINTAGE BLUE,0.0,0,47520,47520,53460,1,-5940,-11.11,100.0,1,medium,24.03,6,3,none,,0,https://www.musinsa.com/products/6333632
2026-09-03,론론,6333760,CANCAN TIERED MIDI SKIRT WHITE,0.0,0,49280,49280,55440,1,-6160,-11.11,100.0,1,medium,24.03,6,3,none,,0,https://www.musinsa.com/products/6333760
2026-09-03,틸아이다이,6337024,Dot slim t-shirt [TISP06TS01]_Ivory,0.0,0,24750,24750,24750,0,0,0.0,100.0,1,high,23.99,6,3,none,,0,https://www.musinsa.com/products/6337024
2026-09-03,솔트앤초콜릿,6339264,에토 하네스 샌들 412624005 (7cm),0.0,0,59400,59400,59400,0,0,0.0,100.0,1,high,23.99,6,3,none,,0,https://www.musinsa.com/products/6339264
2026-09-03,배드블러드,6340992,에어로 스쿼드 프린트 1/2 티셔츠 - 블랙,0.0,0,55200,55200,55200,0,0,0.0,100.0,1,high,24.03,6,3,none,,0,https://www.musinsa.com/products/6340992
2026-09-03,데상트,6344832,[카츠미 선수 착용] 베이직 실리콘 수모 블랙 SR223ECP4A,0.0,0,12350,12350,,0,,,29.16,0,low,8.39,2,1,none,,0,https://www.musinsa.com/products/6344832
2026-09-03,엘엠알,6345280,플로럴 로고 크런키 후드 윈드브레이커 CREAM,0.0,0,69920,69920,,0,,,29.16,0,low,8.39,2,1,none,,0,https://www.musinsa.com/products/6345280
2026-09-03,다이닛,6350976,JERSEY MINI SKIRT IN MELANGE GREY,0.0,0,128000,128000,,0,,,23.46,0,low,12.72,3,1,none,,0,https://www.musinsa.com/products/6350976
2026-09-03,필루미네이트,6352768,트윌 코튼 버뮤다 쇼츠-베이지,0.0,0,36000,36000,36000,0,0,0.0,61.81,0,low,23.99,6,2,none,,0,https://www.musinsa.com/products/6352768
2026-09-03,브룩스 브라더스,6355712,레귤러핏 코튼 린넨 팬츠 (베이지) (BBPCMNG201),0.0,0,191200,191200,191200,0,0,0.0,61.82,0,low,23.99,6,2,none,,0,https://www.musinsa.com/products/6355712
2026-09-03,르아브,6362112,에어로 쿨 프레임 나그랑 크롭티셔츠 화이트,1.06,40794,38500,38500,38500,0,0,0.0,61.82,0,low,23.99,6,2,none,,0,https://www.musinsa.com/products/6362112
2026-09-03,벨리에,6362368,(W) 시어 체크 레이어드 스커트 - 그레이,0.0,0,119700,119700,119700,0,0,0.0,65.31,0,low,24.0,4,1,none,,0,https://www.musinsa.com/products/6362368
2026-09-03,커버낫,6365056,쿨 코튼 아치 로고 슬리브리스 네이비,0.0,0,32400,32400,32400,0,0,0.0,100.0,1,high,24.67,5,2,none,,0,https://www.musinsa.com/products/6365056
2026-09-03,커버낫,6365120,시어서커 하프 셔츠 카키,0.0,0,72090,72090,72090,0,0,0.0,100.0,1,high,24.67,5,2,none,,0,https://www.musinsa.com/products/6365120
2026-09-03,시야쥬,6366592,SIAC3128 Petit Noe Crack Bag_Silver,0.0,0,112590,112590,112590,0,0,0.0,100.0,1,high,24.67,5,2,none,,0,https://www.musinsa.com/products/6366592
2026-09-03,스파오,6366784,[몰티즈] 반팔 티셔츠(BLACK)_SPRLG25U08,0.0,0,15900,15900,,0,,,23.46,0,low,12.72,3,1,none,,0,https://www.musinsa.com/products/6366784
2026-09-03,시야쥬,6367424,SIPT7198 리조트 시스루 밴딩 쇼츠_Black,0.0,0,79520,79520,79520,0,0,0.0,100.0,1,high,24.68,5,2,none,,0,https://www.musinsa.com/products/6367424
2026-09-03,시야쥬,6367616,SITP5287 유넥 릴렉스 반팔 티셔츠_Melange gray,0.0,0,38700,38700,38700,0,0,0.0,100.0,1,high,24.67,5,2,none,,0,https://www.musinsa.com/products/6367616
2026-09-03,시야쥬,6367744,SIKN2180 플루이드 튜브탑 니트_White,0.0,0,65700,65700,65700,0,0,0.0,100.0,1,high,24.67,5,2,none,,0,https://www.musinsa.com/products/6367744
2026-09-03,메인부스,6372800,[KISS] 반다나(레드),0.0,0,23400,23400,23400,0,0,0.0,83.22,0,low,25.32,4,1,none,,0,https://www.musinsa.com/products/6372800
2026-09-03,디앤에스알,6375936,린넨 스트라이프 크롭 셔츠 블루,0.0,0,89100,89100,89100,0,0,0.0,65.31,0,low,24.0,4,1,none,,0,https://www.musinsa.com/products/6375936
2026-09-03,락케이크,6376064,Legacy Crop Top - White,0.0,0,33120,33120,33120,0,0,0.0,100.0,1,high,23.99,7,3,none,,0,https://www.musinsa.com/products/6376064
2026-09-03,데꼬로소,6385536,[SET] 쿨 린넨 라이크 반팔 셋업 [블랙],0.53,40690,76800,76800,76800,0,0,0.0,61.82,0,low,23.99,11,2,none,,0,https://www.musinsa.com/products/6385536
2026-09-03,데꼬로소,6385792,텍스처 리브드 슬리브리스 [그레이],0.0,0,26400,26400,26400,0,0,0.0,61.82,0,low,23.99,6,2,none,,0,https://www.musinsa.com/products/6385792
2026-09-03,디스이즈네버댓,6387840,Artifacts Tee White,0.0,0,47200,47200,47200,0,0,0.0,100.0,1,high,24.68,5,2,none,,0,https://www.musinsa.com/products/6387840
2026-09-03,비바셔스,6388480,이브레스 와이넥 버튼 니트 가디건_5Colors,0.0,0,37200,37200,,0,,,23.45,0,low,12.72,3,1,none,,0,https://www.musinsa.com/products/6388480
2026-09-03,테켓,6388928,TEKET X PZtoday Sweet Tooth Pocket Blue,0.0,0,49000,49000,,0,,,29.14,0,low,8.39,2,1,none,,0,https://www.musinsa.com/products/6388928
2026-09-03,슬로우애시드,6391744,더스트 체크 오픈 카라 반팔 셔츠 [빈티지 네이비],0.0,0,50400,50400,50400,0,0,0.0,83.24,0,low,25.32,4,1,none,,0,https://www.musinsa.com/products/6391744
2026-09-03,바우로프로덕트,6393792,시어 크롭 로우엣지 니트 [라이트블루],0.0,0,59900,59900,59900,0,0,0.0,100.0,1,high,25.32,6,2,none,,0,https://www.musinsa.com/products/6393792
2026-09-03,앤더슨벨,6394176,BASKETBALL JERSEY LAYERED ROLL UP T-SHIRT atb1449w(BLACK/BROWN),0.0,0,111600,111600,,0,,,29.13,0,low,8.39,2,1,none,,0,https://www.musinsa.com/products/6394176
2026-09-03,필루미네이트,6394304,콘트라스트 그래픽 티셔츠-차콜,0.0,0,29000,29000,29000,0,0,0.0,61.83,0,low,23.99,6,2,none,,0,https://www.musinsa.com/products/6394304
2026-09-03,미드나잇무브,6396480,ss ex t (black),0.0,0,31920,31920,,0,,,26.11,0,low,7.67,2,1,none,,0,https://www.musinsa.com/products/6396480
2026-09-03,더바이닐하우스,6397760,ADULTS ONLY TEE GREY,0.0,0,32480,32480,32480,0,0,0.0,100.0,1,high,24.68,5,2,none,,0,https://www.musinsa.com/products/6397760
2026-09-03,세터,6398208,키링 안경 케이스 다크 네이비,0.0,0,79000,79000,79000,0,0,0.0,65.33,0,low,24.0,4,1,none,,0,https://www.musinsa.com/products/6398208
2026-09-03,피인오,6398784,크리즈 스트라이프 오픈 카라 셔츠 - 아이보리,0.0,0,53000,53000,53000,0,0,0.0,61.83,0,low,23.99,6,2,none,,0,https://www.musinsa.com/products/6398784
2026-09-03,리브레너,6400704,DTF 20수 블랙 버터플라이 스탠다드 반팔티셔츠 화이트,0.0,0,24900,24900,,0,,,23.44,0,low,12.72,3,1,none,,0,https://www.musinsa.com/products/6400704
2026-09-03,슈퍼서브,6400832,돈룩백 레터링 크롭 반팔 반팔 티셔츠-화이트,0.0,0,16900,16900,16900,0,0,0.0,83.25,0,low,25.32,4,1,none,,0,https://www.musinsa.com/products/6400832
2026-09-03,바이모노,6401344,[빅사이즈 28-50] 꼭꼭팬츠 탄탄 솔리드 버뮤다 팬츠,1.15,40223,34900,34900,34900,0,0,0.0,100.0,1,high,24.68,5,2,none,,0,https://www.musinsa.com/products/6401344
2026-09-03,알리스,6401920,피그먼트 스트라이프 라운드넥 크롭 하프 티셔츠 [차콜],0.91,41559,45900,45900,45900,0,0,0.0,92.75,0,low,24.58,4,1,none,,0,https://www.musinsa.com/products/6401920
2026-09-03,브라운야드,6402880,"W 브이넥 탑 슬리브리스, 블랙",0.0,0,49000,49000,49000,0,0,0.0,61.84,0,low,23.99,6,2,none,,0,https://www.musinsa.com/products/6402880
2026-09-03,다이닛,6403584,CONTEMPORARY T-SHIRT IN WHITE,0.0,0,58000,58000,,0,,,23.44,0,low,12.72,3,1,none,,0,https://www.musinsa.com/products/6403584
2026-09-03,굿라이프웍스,6407040,[w] 스웨트 롱 스커트 블랙,0.0,0,40640,40640,40640,0,0,0.0,65.34,0,low,24.0,4,1,none,,0,https://www.musinsa.com/products/6407040
2026-09-03,노매뉴얼,6407168,NM VENT BEANIE - BLACK,0.0,0,33600,33600,33600,0,0,0.0,92.75,0,low,24.58,4,1,none,,0,https://www.musinsa.com/products/6407168
2026-09-03,드헤베,6407680,Check Ruffle Blouse [Ivory],0.0,0,109250,109250,109250,0,0,0.0,83.27,0,low,25.33,4,1,none,,0,https://www.musinsa.com/products/6407680
2026-09-03,노매뉴얼,6408128,RAW SKETCHED LONG SLEEVE TEE - WHITE,3.46,161824,46800,46800,46800,0,0,0.0,100.0,1,high,9.52,18,6,none,,0,https://www.musinsa.com/products/6408128
2026-09-03,이미스,6408896,STRIPE RAGLAN SLEEVE T-SHIRT-NAVY,0.0,0,62100,62100,,0,,,26.11,0,low,10.34,2,1,none,,0,https://www.musinsa.com/products/6408896
2026-09-03,이미스,6409536,CHAIN STITCH BALL CAP-PINK,0.0,0,44100,44100,,0,,,26.1,0,low,10.34,2,1,none,,0,https://www.musinsa.com/products/6409536
2026-09-03,썬러브투어,6411008,W DryMix Polo Brown,0.0,0,69300,69300,69300,0,0,0.0,100.0,1,high,23.99,7,3,none,,0,https://www.musinsa.com/products/6411008
2026-09-03,워크온바디오프,6411200,(크롭) 에어빗 쿨링 솔리드 세미 오버핏 반팔 티셔츠 [화이트],1.0,17900,17900,17900,16110,1,1790,11.11,100.0,1,medium,23.98,8,3,none,,0,https://www.musinsa.com/products/6411200
2026-09-03,썬러브투어,6411776,W Polartec® Delta™ FlexAir Tank Top Black,0.0,0,62300,62300,62300,0,0,0.0,100.0,1,high,23.99,7,3,none,,0,https://www.musinsa.com/products/6411776
2026-09-03,미드나잇무브,6414464,cb horse t (mint),0.0,0,33440,33440,,0,,,26.1,0,low,7.67,2,1,none,,0,https://www.musinsa.com/products/6414464
2026-09-03,룩캐스트,6417472,아리안느 텍스처 레이스 트림 미니 스커트_블랙 / ARIANE TEXTURED LACE TRIM MINI SKIRT_BLACK,0.0,0,43650,43650,43650,0,0,0.0,92.77,0,low,24.59,4,1,none,,0,https://www.musinsa.com/products/6417472
2026-09-03,프리즘웍스,6418944,WASHED CARPENTER SWEAT SHORTS _ BLACK BROWN,0.0,0,49770,49770,49770,0,0,0.0,100.0,1,high,24.03,6,3,none,,0,https://www.musinsa.com/products/6418944
2026-09-03,프리즘웍스,6419008,CANVAS MULTI POCKET SHORTS _ BURGUNDY,0.0,0,53550,53550,53550,0,0,0.0,100.0,1,high,24.03,6,3,none,,0,https://www.musinsa.com/products/6419008
2026-09-03,스파오,6424128,[LUCY] 반팔 파자마_SPPPG37U05,0.0,0,39900,39900,,0,,,23.42,0,low,12.72,3,1,none,,0,https://www.musinsa.com/products/6424128
2026-09-03,트릴리온,6425408,니캡 다트 버뮤다 데님 쇼츠_3color,5.43,84159,15490,15490,15490,0,0,0.0,100.0,1,high,24.59,6,2,none,,0,https://www.musinsa.com/products/6425408
2026-09-03,러브이즈트루,6425664,SY BOARD KEYRING(BLACK),0.0,0,32850,32850,32850,0,0,0.0,61.85,0,low,23.99,6,2,none,,0,https://www.musinsa.com/products/6425664
2026-09-03,썸웨어버터,6426944,Basic Wappen Sleeveless - Melon,0.0,0,39000,39000,39000,0,0,0.0,61.85,0,low,23.99,6,2,none,,0,https://www.musinsa.com/products/6426944
2026-09-03,탄산마그네슘,6427712,홀스 래빗 티셔츠 (그레이/레드),0.65,32287,49400,49400,49400,0,0,0.0,65.35,0,low,24.0,4,1,none,,0,https://www.musinsa.com/products/6427712
2026-09-03,다이닛,6427904,LAYERED SLEEVELESS IN IVORY,0.0,0,28800,28800,,0,,,23.42,0,low,12.72,3,1,none,,0,https://www.musinsa.com/products/6427904
2026-09-03,후브스,6428928,리버스 라인 크롭 반팔티 [시멘트],0.98,44073,44800,44800,44800,0,0,0.0,100.0,1,high,24.69,5,2,none,,0,https://www.musinsa.com/products/6428928
2026-09-03,제너럴아이디어,6432256,셔링 티어드 롱 스커트 [WHITE] / GF2LSK511,0.15,8314,55200,55200,55200,0,0,0.0,100.0,1,high,23.99,6,3,none,,0,https://www.musinsa.com/products/6432256
2026-09-03,제너럴아이디어,6432384,플리츠 니트 랩 스커트 [CREAM] / GF2LET529,0.0,0,29600,29600,29600,0,0,0.0,100.0,1,high,23.99,6,3,none,,0,https://www.musinsa.com/products/6432384
2026-09-03,썸웨어버터,6434560,Pendant Card Wallet - Light Blue,0.0,0,39200,39200,39200,0,0,0.0,61.85,0,low,23.99,6,2,none,,0,https://www.musinsa.com/products/6434560
2026-09-03,세터,6434688,누벨 블랙,0.0,0,99000,99000,99000,0,0,0.0,65.35,0,low,24.0,4,1,none,,0,https://www.musinsa.com/products/6434688
2026-09-03,아캄,6435200,Ammonite Half Top (Black),0.0,0,55200,55200,55200,0,0,0.0,65.35,0,low,24.0,4,1,none,,0,https://www.musinsa.com/products/6435200
2026-09-03,토마스모어,6435456,엘리엇 투턱 하프 팬츠 - 차콜,0.0,0,65700,65700,65700,0,0,0.0,61.86,0,low,23.99,6,2,none,,0,https://www.musinsa.com/products/6435456
2026-09-03,도프제이슨,6437184,숄더 버튼 체크 레이어드 티셔츠 MELANGE WHITE,0.0,0,40850,40850,40850,0,0,0.0,62.14,0,low,6.6,16,6,none,,0,https://www.musinsa.com/products/6437184
2026-09-03,아캄,6437312,Trinity Cross Half Top (Pink),0.65,36082,55200,55200,55200,0,0,0.0,65.36,0,low,24.0,4,1,none,,0,https://www.musinsa.com/products/6437312
2026-09-03,다이닛,6437376,LOGO DUFFLE MINI BAG IN LEOPARD KHAKI,0.0,0,54720,54720,,0,,,23.41,0,low,12.72,3,1,none,,0,https://www.musinsa.com/products/6437376
2026-09-03,이미스,6437504,(W) TERRY SHORTS-IVORY,0.0,0,58500,58500,,0,,,26.08,0,low,10.34,2,1,none,,0,https://www.musinsa.com/products/6437504
2026-09-03,이미스,6437568,LOGO GLASSES POUCH-BLACK,0.0,0,31500,31500,,0,,,26.08,0,low,10.34,2,1,none,,0,https://www.musinsa.com/products/6437568
2026-09-03,아카이브,6443648,Cut-Out Vintage Bermuda Pants,0.0,0,100080,100080,100080,0,0,0.0,100.0,1,high,23.99,7,3,none,,0,https://www.musinsa.com/products/6443648
2026-09-03,론론,6443840,BETTY BOOP RIBBON APPLIQUE CROP T SHIRT NAVY,0.0,0,47520,47520,53460,1,-5940,-11.11,100.0,1,medium,24.03,6,3,none,,0,https://www.musinsa.com/products/6443840
2026-09-03,론론,6444224,BETTY BOOP PRINCESS UNICORN STRIPE DRESS GREEN,0.0,0,71280,71280,80190,1,-8910,-11.11,100.0,1,medium,24.03,6,3,none,,0,https://www.musinsa.com/products/6444224
2026-09-03,더뮤지엄비지터,6444544,COLOR TYPO 5 PANEL MESH CAP (NAVY),0.0,0,37620,37620,37620,0,0,0.0,100.0,1,high,23.99,6,3,none,,0,https://www.musinsa.com/products/6444544
2026-09-03,더뮤지엄비지터,6444992,NORTH CAROLINA OVERFIT T-SHIRT (MELANGE GREY),0.0,0,48300,48300,48300,0,0,0.0,100.0,1,high,23.99,6,3,none,,0,https://www.musinsa.com/products/6444992
2026-09-03,더뮤지엄비지터,6445056,CURVED ZIPPER SHORT SLEEVE HOODIE ZIP-UP (KHAKI),0.0,0,94990,94990,94990,0,0,0.0,100.0,1,high,23.99,6,3,none,,0,https://www.musinsa.com/products/6445056
2026-09-03,더뮤지엄비지터,6445120,W COLOR BUTTON CROP CARDIGAN (CHARCOAL),0.0,0,62300,62300,62300,0,0,0.0,100.0,1,high,23.99,6,3,none,,0,https://www.musinsa.com/products/6445120
2026-09-03,엑스트라오디너리,6450752,VINTAGE WASHED DOUBLE KNEE DENIM BLUE,0.0,0,109850,109850,109850,0,0,0.0,92.8,0,low,24.59,4,1,none,,0,https://www.musinsa.com/products/6450752
2026-09-03,브라운브레스,6454272,WAFFLE PIGMENT SHORTS - BEIGE,0.0,0,79000,79000,79000,0,0,0.0,100.0,1,high,23.99,7,3,none,,0,https://www.musinsa.com/products/6454272
2026-09-03,더니트컴퍼니,6454784,피가디아 린넨 셔츠 - 루센트 화이트,0.0,0,74500,74500,74500,0,0,0.0,83.3,0,low,25.33,4,1,none,,0,https://www.musinsa.com/products/6454784
2026-09-03,일리고,6455168,레이스 트리밍 티셔츠 민트,0.0,0,46000,46000,46000,0,0,0.0,92.81,0,low,24.59,4,1,none,,0,https://www.musinsa.com/products/6455168
2026-09-03,글로니,6457600,G FINE RIB CAMISOLE (MELANGE GRAY),0.0,0,38880,38880,38880,0,0,0.0,100.0,1,high,24.03,6,3,none,,0,https://www.musinsa.com/products/6457600
2026-09-03,제너럴아이디어,6458176,컴피 밴딩 쇼츠 [PEACH] / GF2LHP515,0.0,0,38400,38400,38400,0,0,0.0,100.0,1,high,23.99,6,3,none,,0,https://www.musinsa.com/products/6458176
2026-09-03,로제프란츠,6459008,Stud unbalance Flare Skirt [Ivory],0.0,0,58560,58560,58560,0,0,0.0,83.3,0,low,25.33,4,1,none,,0,https://www.musinsa.com/products/6459008
2026-09-03,세터,6459392,마린 콜라주 그래픽 반팔 티셔츠 차콜,0.0,0,69000,69000,69000,0,0,0.0,65.36,0,low,24.0,4,1,none,,0,https://www.musinsa.com/products/6459392
2026-09-03,노이어,6462720,울 텐셀 레이어드 브이넥 티셔츠 (브라운버터),0.0,0,44800,44800,44800,0,0,0.0,100.0,1,high,24.03,6,3,none,,0,https://www.musinsa.com/products/6462720
2026-09-03,노이어,6462784,디스트로이드 스트레이트 데님 팬츠 (블랙),0.0,0,82500,82500,82500,0,0,0.0,100.0,1,high,24.03,6,3,none,,0,https://www.musinsa.com/products/6462784
2026-09-03,내셔널지오그래픽,6468288,N262WTS110 여성 텍스쳐 세미오버핏 반팔 티셔츠 WOOD GREY,0.0,0,74000,74000,,0,,,23.39,0,low,12.72,3,1,none,,0,https://www.musinsa.com/products/6468288
2026-09-03,웨이브걸,6469312,나미 레이스 슬리브리스 탑 (4COLORS),0.0,0,33580,33580,,0,,,26.06,0,low,10.34,2,1,none,,0,https://www.musinsa.com/products/6469312
2026-09-03,고스트리퍼블릭,6469952,카펜터 버뮤다 데님 팬츠 3Color GP-511,0.0,0,27900,27900,27900,0,0,0.0,83.3,0,low,25.33,4,1,none,,0,https://www.musinsa.com/products/6469952
2026-09-03,꼼파뇨,6471168,캣츠 뮤직 링거 반팔티 미스트블루,0.0,0,28610,28610,28610,0,0,0.0,92.83,0,low,24.6,4,1,none,,0,https://www.musinsa.com/products/6471168
2026-09-03,파르티멘토 우먼,6471808,벨티드 레이어드 파라슈트 팬츠_블랙,0.0,0,70560,70560,79380,1,-8820,-11.11,92.84,0,low,24.6,4,1,none,,0,https://www.musinsa.com/products/6471808
2026-09-03,시야쥬,6472256,SIAC3134 Juno Mini Slouch Bag_Black,0.0,0,101750,101750,101750,0,0,0.0,100.0,1,high,24.7,5,2,none,,0,https://www.musinsa.com/products/6472256
2026-09-03,시야쥬,6472448,SIKN2195 루즈핏 펀칭 보트넥 니트_Black,0.0,0,87300,87300,87300,0,0,0.0,100.0,1,high,24.7,5,2,none,,0,https://www.musinsa.com/products/6472448
2026-09-03,파르티멘토 우먼,6473664,투웨이 컷아웃 디컨스트럭티드 탑_멜란지,0.0,0,32400,32400,36450,1,-4050,-11.11,92.84,0,low,24.6,4,1,none,,0,https://www.musinsa.com/products/6473664
2026-09-03,다이닛,6476480,[YOON SOAP X DEINET] LACE CARDIGAN IN WHITE,0.0,0,58800,58800,,0,,,23.38,0,low,12.72,3,1,none,,0,https://www.musinsa.com/products/6476480
2026-09-03,이지노이지,6481984,시어서커 롤업 체크 크롭 반팔 셔츠 - 크림,0.0,0,39900,39900,39900,0,0,0.0,65.37,0,low,24.0,4,1,none,,0,https://www.musinsa.com/products/6481984
2026-09-03,데상트,6486400,무브먼트 소로나쿨 컴포트핏 반팔 티셔츠 베이지 SR323UTS75,0.0,0,65550,65550,,0,,,29.03,0,low,8.39,2,1,none,,0,https://www.musinsa.com/products/6486400
2026-09-03,고스트리퍼블릭,6487872,크롭 스트라이프 배색 롤업 반팔티 GT-392_버건디,18.98,282830,14900,14900,14900,0,0,0.0,100.0,1,high,9.06,26,8,none,,0,https://www.musinsa.com/products/6487872
2026-09-03,썬러브투어,6490048,Sunlove x Island Slipper Classic Suede Navy Gingham,0.0,0,279000,279000,279000,0,0,0.0,100.0,1,high,23.99,7,3,none,,0,https://www.musinsa.com/products/6490048
2026-09-03,예스아이씨,6490112,Plaid C-Logo Tee Sky Blue,0.0,0,59000,59000,,0,,,29.03,0,low,8.4,2,1,none,,0,https://www.musinsa.com/products/6490112
2026-09-03,프리즘웍스,6490560,ZANES BAIT & TACKLE LOGO BALL CAP _ BLACK,0.0,0,28350,28350,28350,0,0,0.0,100.0,1,high,24.03,6,3,none,,0,https://www.musinsa.com/products/6490560
2026-09-03,내셔널지오그래픽,6492416,N262UTS110 ECO 칼라하리 그래픽 세미오버핏 반팔티셔츠 SAND ORANGE,0.0,0,64000,64000,,0,,,23.37,0,low,12.72,3,1,none,,0,https://www.musinsa.com/products/6492416
2026-09-03,로우클래식,6495808,Lc STRIPED BASIC TEE_BLACK [LC262TS01BK],0.0,0,59000,59000,59000,0,0,0.0,100.0,1,high,24.03,6,3,none,,0,https://www.musinsa.com/products/6495808
2026-09-03,러프사이드,6497280,Scoop Neck T-Shirt Mist,0.0,0,39000,39000,39000,0,0,0.0,65.38,0,low,24.0,4,1,none,,0,https://www.musinsa.com/products/6497280
2026-09-03,어반드레스,6498304,발레리나 클럽 88 풋볼 져지 레이스 티셔츠_2Colors,1.86,111389,59900,59900,59900,0,0,0.0,100.0,1,high,24.03,6,3,none,,0,https://www.musinsa.com/products/6498304
2026-09-03,미세키서울,6498432,Hannah fairy twist short sleeve WHITE,0.0,0,61200,61200,61200,0,0,0.0,92.86,0,low,24.6,4,1,none,,0,https://www.musinsa.com/products/6498432
2026-09-03,르아르,6499200,에브리데이 버뮤다 데님 쇼츠 [차콜],0.0,0,32500,32500,32500,0,0,0.0,65.38,0,low,24.0,4,1,none,,0,https://www.musinsa.com/products/6499200
2026-09-03,아틀리에나인,6505344,RUCHED LACE HALTER PADDED SWIM TOP (SW-830),0.0,0,87200,87200,87200,0,0,0.0,100.0,1,high,24.0,5,2,none,,0,https://www.musinsa.com/products/6505344
2026-09-03,제너럴아이디어,6506816,미니멀 웨이스트 데님 하프 팬츠 [BLUE] / GF2LHP514,0.0,0,44800,44800,44800,0,0,0.0,100.0,1,high,23.99,6,3,none,,0,https://www.musinsa.com/products/6506816
2026-09-03,테켓,6507776,Incur Stripe Half Neck Sweatshirt Navy,0.0,0,113050,113050,,0,,,29.02,0,low,8.4,2,1,none,,0,https://www.musinsa.com/products/6507776
2026-09-03,르아르,6507904,스트라이프 레이어드 롤업 티셔츠 [블랙],0.0,0,31500,31500,31500,0,0,0.0,65.38,0,low,24.0,4,1,none,,0,https://www.musinsa.com/products/6507904
2026-09-03,렌세,6508416,Eyelet Slit Raglan Tee Black,0.0,0,27520,27520,,0,,,26.05,0,low,10.34,2,1,none,,0,https://www.musinsa.com/products/6508416
2026-09-03,후드후드,6509760,에일리언 키링 갸루,0.0,0,29610,29610,29610,0,0,0.0,83.32,0,low,25.33,4,1,none,,0,https://www.musinsa.com/products/6509760
2026-09-03,언더오프,6513984,맨즈 코튼 반팔 크롭티 마린오브제 버건디,0.0,0,23900,23900,23900,0,0,0.0,100.0,1,high,24.71,5,2,none,,0,https://www.musinsa.com/products/6513984
2026-09-03,페인오어플레져,6515776,HEART RIBBON TOP (SS ver.) ivory,0.0,0,134100,134100,,0,,,26.04,0,low,10.34,2,1,none,,0,https://www.musinsa.com/products/6515776
2026-09-03,페인오어플레져,6515840,MARIA TOP pink,0.0,0,80100,80100,,0,,,26.04,0,low,10.34,2,1,none,,0,https://www.musinsa.com/products/6515840
2026-09-03,페인오어플레져,6515968,FOG TOP mint,0.0,0,71100,71100,,0,,,26.04,0,low,10.34,2,1,none,,0,https://www.musinsa.com/products/6515968
2026-09-03,꼼파뇨,6518272,스트로베리 밴드 반팔티 블랙,0.0,0,28610,28610,28610,0,0,0.0,92.88,0,low,24.6,4,1,none,,0,https://www.musinsa.com/products/6518272
2026-09-03,본투윈,6520384,W SYMBOL B ESSENTIAL ACTIVE SHORTS [NAVY],0.0,0,49000,49000,49000,0,0,0.0,100.0,1,high,23.99,6,3,none,,0,https://www.musinsa.com/products/6520384
2026-09-03,본투윈,6520896,SYMBOL B NYLON BALL CAP [CHARCOAL],50.0,2250000,45000,45000,45000,0,0,0.0,100.0,1,high,23.99,12,6,none,,0,https://www.musinsa.com/products/6520896
2026-09-03,르아르,6524096,사이드 지퍼 카고 버뮤다 쇼츠 [블랙],0.0,0,39900,39900,39900,0,0,0.0,65.38,0,low,24.0,4,1,none,,0,https://www.musinsa.com/products/6524096
2026-09-03,그레이버,6525696,[WOMAN]LOADING 슬림반팔티_2color,0.0,0,35700,35700,,0,,,29.01,0,low,8.4,2,1,none,,0,https://www.musinsa.com/products/6525696
2026-09-03,드로우핏,6526272,레이어드 롤업 헨리넥 티셔츠 [NAVY],5.98,236773,39600,39600,39600,0,0,0.0,100.0,1,high,9.06,22,6,none,,0,https://www.musinsa.com/products/6526272
2026-09-03,꼼파뇨,6534464,고스티 캣츠 반팔티 차콜,0.0,0,28610,28610,28610,0,0,0.0,92.89,0,low,24.61,4,1,none,,0,https://www.musinsa.com/products/6534464
2026-09-03,스파오,6535488,벌룬 와이드 스웨트팬츠 (RE)_SPMTG37G04,0.44,12514,28400,28400,,0,,,23.36,0,low,12.72,3,1,none,1,0,https://www.musinsa.com/products/6535488
2026-09-03,스파오,6535936,[드리미즈] 수면 안대(Beige)_SPAWG25U04,0.0,0,29900,29900,,0,,,23.36,0,low,12.72,3,1,none,,0,https://www.musinsa.com/products/6535936
2026-09-03,더블유엠씨,6539136,[크롭] 멀티 스트라이프 티셔츠_GREY,0.0,0,32000,32000,32000,0,0,0.0,61.89,0,low,23.99,6,2,none,,0,https://www.musinsa.com/products/6539136
2026-09-03,제너럴아이디어,6543104,셔링 슬리브리스 티셔츠 블라우스 [DARK NAVY] / GF2LTS537,0.0,0,28000,28000,28000,0,0,0.0,100.0,1,high,23.99,6,3,none,,0,https://www.musinsa.com/products/6543104
2026-09-03,파르티멘토,6551232,린넨 블렌드 스트라이프 티 오프 화이트,0.0,0,39900,39900,39900,0,0,0.0,100.0,1,high,24.71,5,2,none,,0,https://www.musinsa.com/products/6551232
2026-09-03,무드인사이드 우먼,6551296,(woman) 무브 스트라이프 쇼츠_2Color,0.0,0,29900,29900,29900,0,0,0.0,100.0,1,high,24.71,5,2,none,,0,https://www.musinsa.com/products/6551296
2026-09-03,바이모노,6552192,[빅사이즈 26-42] 꼭꼭쓱쓱 구김zero 와이드 밴딩팬츠,0.0,0,39900,39900,39900,0,0,0.0,100.0,1,high,23.98,5,4,none,,0,https://www.musinsa.com/products/6552192
2026-09-03,아캄,6553728,Line Taped Track Pants (Black),6.39,813303,127200,127200,127200,0,0,0.0,100.0,1,high,24.0,18,2,none,,0,https://www.musinsa.com/products/6553728
2026-09-03,일리고,6556992,플라워 티어드 미디 스커트 그레이 체크,0.0,0,108000,108000,108000,0,0,0.0,92.9,0,low,24.61,4,1,none,,0,https://www.musinsa.com/products/6556992
2026-09-03,로우그,6565376,마이크로 스웨트 쇼츠_그레이,0.0,0,31590,31590,,0,,,26.02,0,low,10.34,2,1,none,,0,https://www.musinsa.com/products/6565376
2026-09-03,효지,6566720,26 SS 하프 밴딩 와이드 쇼츠 코튼 팬츠 (3컬러),0.65,13015,19900,19900,19900,0,0,0.0,65.4,0,low,24.0,7,1,none,,0,https://www.musinsa.com/products/6566720
2026-09-03,로우그,6571904,플루이드 랩 티셔츠_블랙,0.0,0,24840,24840,,0,,,26.01,0,low,10.34,2,1,none,,0,https://www.musinsa.com/products/6571904
2026-09-03,더그린랩,6574528,핀스트라이프 럭비 티셔츠 [멜란지 그레이],0.0,0,50560,50560,,0,,,28.99,0,low,8.4,2,1,none,,0,https://www.musinsa.com/products/6574528
2026-09-03,언더오프,6574976,스웨이드 로퍼 슬라이드 카멜,0.0,0,30900,30900,30900,0,0,0.0,100.0,1,high,24.71,5,2,none,,0,https://www.musinsa.com/products/6574976
2026-09-03,다이닛,6575296,SILVER LOGO T-SHIRT IN LIGHT PINK,0.0,0,35360,35360,,0,,,23.34,0,low,12.72,3,1,none,,0,https://www.musinsa.com/products/6575296
2026-09-03,시눈,6575616,Cubic Toe Ring (Blue),0.0,0,22430,22430,22430,0,0,0.0,65.4,0,low,3.03,17,11,none,,0,https://www.musinsa.com/products/6575616
2026-09-03,후드후드,6576000,플래닛 레터링 반팔티셔츠 네이비,0.0,0,31500,31500,31500,0,0,0.0,83.34,0,low,25.33,4,1,none,,0,https://www.musinsa.com/products/6576000
2026-09-03,탄산마그네슘,6582528,안녕자두야X탄산 꼬꼬 비니 (차콜),1.31,44740,34200,34200,34200,0,0,0.0,65.4,0,low,24.0,3,1,none,,0,https://www.musinsa.com/products/6582528
2026-09-03,데상트,6583232,스몰 하디 슬링백 라이트 그레이 SR323UBG71,0.0,0,75050,75050,,0,,,28.99,0,low,8.4,2,1,none,,0,https://www.musinsa.com/products/6583232
2026-09-03,트리밍버드,6583936,Rivet Detail Pleated Shorts [ Black ],0.0,0,189000,189000,189000,0,0,0.0,100.0,1,high,24.03,6,3,none,,0,https://www.musinsa.com/products/6583936
2026-09-03,2000아카이브스,6591360,LACE LAYERED TOP (WHITE),0.0,0,94250,94250,94250,0,0,0.0,100.0,1,high,23.99,6,3,none,,0,https://www.musinsa.com/products/6591360
2026-09-03,론론,6592192,PLEATS SWEAT LONG SKIRT GREY,0.0,0,63360,63360,71280,1,-7920,-11.11,100.0,1,medium,24.03,6,3,none,,0,https://www.musinsa.com/products/6592192
2026-09-03,론론,6592256,FLORAL MINI LABEL CROP SHORT SLEEVE WHITE,0.0,0,31680,31680,35640,1,-3960,-11.11,100.0,1,medium,24.03,6,3,none,,0,https://www.musinsa.com/products/6592256
2026-09-03,썸웨어버터,6593664,Stitch Square Logo Top - Ivory,0.0,0,36770,36770,36770,0,0,0.0,61.9,0,low,23.99,6,2,none,,0,https://www.musinsa.com/products/6593664
2026-09-03,프렌다,6595200,LOADING SEMI CROP TEE LIME,0.0,0,15750,15750,18900,1,-3150,-16.67,100.0,1,medium,23.99,7,3,none,,0,https://www.musinsa.com/products/6595200
2026-09-03,레이지비,6595840,컴팩트 2in1 러닝 쇼츠 스포츠 반바지 레깅스 (헬스 워터 운동) 팬츠 M 차콜,0.0,0,29900,29900,,0,,,28.97,0,low,8.4,2,1,none,,0,https://www.musinsa.com/products/6595840
2026-09-03,다이닛,6608448,JELLY TWISTED SLIPPERS IN BLACK,0.0,0,64800,64800,,0,,,23.33,0,low,12.72,3,1,none,,0,https://www.musinsa.com/products/6608448
2026-09-03,파르티멘토 우먼,6609408,드로스트링 리워크드 플리츠 배기 진_다크 블루,0.0,0,69120,69120,77760,1,-8640,-11.11,92.92,0,low,24.61,4,1,none,,0,https://www.musinsa.com/products/6609408
2026-09-03,파르티멘토 우먼,6609536,리워크드 폴로 미니 스커트_화이트,0.0,0,40320,40320,45360,1,-5040,-11.11,92.92,0,low,24.61,4,1,none,,0,https://www.musinsa.com/products/6609536
2026-09-03,파르티멘토 우먼,6609856,플로럴 플리티드 쉬어 미디 드레스_화이트,0.0,0,41040,41040,51300,1,-10260,-20.0,92.92,0,low,24.61,4,1,none,,0,https://www.musinsa.com/products/6609856
2026-09-03,다이닛,6613504,ROSE TYPO GRAPHIC T-SHIRT IN LIGHT YELLOW,0.0,0,34800,34800,,0,,,23.33,0,low,12.72,3,1,none,,0,https://www.musinsa.com/products/6613504
2026-09-03,예스아이씨,6615488,FACE OKA Shot Glass Set Multi,0.0,0,29000,29000,,0,,,28.96,0,low,8.4,2,1,none,,0,https://www.musinsa.com/products/6615488
2026-09-03,무드인사이드,6615552,테일러드 플리츠 쇼츠_5Color,0.0,0,44900,44900,44900,0,0,0.0,100.0,1,high,23.99,7,3,none,,0,https://www.musinsa.com/products/6615552
2026-09-03,피지컬가먼츠,6616960,P2646 디스토션 자이언트 반팔 [4COLOR],0.0,0,42000,42000,,0,,,23.32,0,low,12.72,3,1,none,,0,https://www.musinsa.com/products/6616960
2026-09-03,르바,6617024,All-day Sleeveless Top - Snow White,0.0,0,34200,34200,34200,0,0,0.0,83.34,0,low,25.33,4,1,none,,0,https://www.musinsa.com/products/6617024
2026-09-03,이투둘,6622016,LAYERED DENIM 003 (BLACK),0.0,0,159000,159000,,0,,,23.32,0,low,12.72,3,1,none,,0,https://www.musinsa.com/products/6622016
2026-09-03,데상트,6622144,여성 4.5인치 우븐 쇼츠 아이보리 SR322PHP72,0.0,0,84550,84550,,0,,,28.96,0,low,8.4,2,1,none,,0,https://www.musinsa.com/products/6622144
2026-09-03,무센트,6623488,벨르 맥시 밴딩 롱 스커트 (3컬러),2.54,68383,26910,26910,26910,0,0,0.0,100.0,1,high,24.72,5,2,none,,0,https://www.musinsa.com/products/6623488
2026-09-03,미나브,6626816,[미나브X데일리룸] 쓰리웨이 보스턴 백 [블랙],2.16,149268,69000,69000,69000,0,0,0.0,100.0,1,low,18.44,24,7,none,,0,https://www.musinsa.com/products/6626816
2026-09-03,더뮤지엄비지터,6635520,W PAINTED MULTI DOT T-SHIRT (PINK),0.0,0,55300,55300,55300,0,0,0.0,100.0,1,high,23.99,6,3,none,,0,https://www.musinsa.com/products/6635520
2026-09-03,비바라비다,6637824,Coral 링거 반팔 티셔츠,30.17,902127,29900,29900,29900,0,0,0.0,100.0,1,high,23.99,7,3,none,,0,https://www.musinsa.com/products/6637824
2026-09-03,데상트,6641920,미디움 하디 슬링백 블랙 SR323UBG72,0.0,0,84550,84550,,0,,,28.95,0,low,8.4,2,1,none,,0,https://www.musinsa.com/products/6641920
2026-09-03,플리즈노팔로우,6646080,Arin Lace Bodysuit (Ivory),0.0,0,67150,67150,67150,0,0,0.0,100.0,1,high,23.99,6,3,none,,0,https://www.musinsa.com/products/6646080
2026-09-03,탄산마그네슘,6651008,반다나 아플리케 티셔츠 (그레이),0.0,0,60040,60040,60040,0,0,0.0,65.42,0,low,24.0,4,1,none,,0,https://www.musinsa.com/products/6651008
2026-09-03,플레어업,6651264,Asymmetrical Folded Skirt (FL-272_Dark Gray),0.0,0,77760,77760,77760,0,0,0.0,92.93,0,low,24.61,4,1,none,,0,https://www.musinsa.com/products/6651264
2026-09-03,데이,6654336,"[라운드, 헨리넥] 세미 크롭 슬라브 반팔 티셔츠_2 STYLE",0.0,0,23500,23500,23500,0,0,0.0,83.36,0,low,25.33,4,1,none,,0,https://www.musinsa.com/products/6654336
2026-09-03,배드블러드,6663872,앰버서더 26 라인스톤 페이지 1/2 티셔츠 - 카키,0.0,0,73100,73100,73100,0,0,0.0,100.0,1,high,24.03,6,3,none,,0,https://www.musinsa.com/products/6663872
2026-09-03,배드블러드,6664448,코튼립 레이스 캐미 탱크 - 레몬,0.0,0,64600,64600,64600,0,0,0.0,100.0,1,high,24.03,6,3,none,,0,https://www.musinsa.com/products/6664448
2026-09-03,꼼파뇨,6668096,베리 칵테일 반팔티 크림,0.0,0,28610,28610,28610,0,0,0.0,92.94,0,low,24.61,4,1,none,,0,https://www.musinsa.com/products/6668096
2026-09-03,몰든,6676992,라이트 투인원 우먼 러닝 쇼츠,0.0,0,44800,44800,44800,0,0,0.0,100.0,1,high,23.99,7,3,none,,0,https://www.musinsa.com/products/6676992
2026-09-03,르아르,6677120,소프트 헨리넥 반팔 티셔츠 [차콜],0.65,17606,26910,26910,26910,0,0,0.0,65.42,0,low,24.0,4,1,none,,0,https://www.musinsa.com/products/6677120
2026-09-03,노이어,6679168,클래식 와이드 스트레이트 슬랙스 (스트라이프 그레이),0.0,0,66500,66500,66500,0,0,0.0,100.0,1,high,24.03,6,3,none,,0,https://www.musinsa.com/products/6679168
2026-09-03,웨이브걸,6679424,Single Wave Hood Zip-Up-White Melange,0.0,0,80100,80100,,0,,,25.97,0,low,10.34,2,1,none,,0,https://www.musinsa.com/products/6679424
2026-09-03,데상트,6683840,폰 케이스 크로스백 아이보리 SR323UBG7C,0.0,0,56050,56050,,0,,,28.91,0,low,8.4,2,1,none,,0,https://www.musinsa.com/products/6683840
2026-09-03,스파오,6688320,[COOL] 부클 칼라넥 멀티 스트라이프 반팔 니트_SPKWG37M03,0.0,0,19900,19900,,0,,,23.31,0,low,12.72,3,1,none,,0,https://www.musinsa.com/products/6688320
2026-09-03,칙스,6693184,올라이트 자수 원턱 와이드 스웻팬츠 블랙,0.0,0,31920,31920,31920,0,0,0.0,100.0,1,high,24.03,6,3,none,,0,https://www.musinsa.com/products/6693184
2026-09-03,칙스,6693248,아카이브 보스턴 미니백 블랙,0.0,0,29520,29520,33210,1,-3690,-11.11,100.0,1,medium,24.03,6,3,none,,0,https://www.musinsa.com/products/6693248
2026-09-03,스파오,6693440,[울산 HD FC] 나일론 쇼츠(Dark Blue)_SPTHG37U01,0.0,0,29900,29900,,0,,,23.31,0,low,12.72,3,1,none,,0,https://www.musinsa.com/products/6693440
2026-09-03,루에브르,6702720,LOEUVRE VERNIS [SABLE],0.0,0,12000,12000,12000,0,0,0.0,100.0,1,high,23.99,7,3,none,,0,https://www.musinsa.com/products/6702720
2026-09-03,필루미네이트,6708096,데일리 롤업 레이어드 크롭 티셔츠-3Color,31.53,914246,29000,29000,29000,0,0,0.0,100.0,1,low,3.08,51,15,none,,0,https://www.musinsa.com/products/6708096
2026-09-03,데상트,6714048,스피릿 나일론 볼캡 베이지 SR323UCP73,0.0,0,46550,46550,,0,,,28.9,0,low,8.4,2,1,none,,0,https://www.musinsa.com/products/6714048
2026-09-03,데상트,6714560,여성 골지 부츠컷 트레이닝 팬츠 블랙 SR322PFP71,0.0,0,122550,122550,,0,,,28.9,0,low,8.4,2,1,none,,0,https://www.musinsa.com/products/6714560
2026-09-03,스파오,6728448,와이드 커브드 진_SPTJG49C53,2.2,87704,39920,39920,,0,,,23.3,0,low,12.72,3,1,none,5,0,https://www.musinsa.com/products/6728448
2026-09-03,데상트,6730368,여성 러닝 발수 하프집 아노락 화이트 SR322RAN81,0.0,0,160550,160550,,0,,,28.89,0,low,8.4,2,1,none,,0,https://www.musinsa.com/products/6730368
2026-09-03,해칭룸,6753216,Slash Shirt Wool Check Olive,0.0,0,178000,178000,178000,0,0,0.0,92.96,0,low,24.62,4,1,none,,0,https://www.musinsa.com/products/6753216
2026-09-03,르아브,6753408,오픈 메시 크로쉐 니트 셔츠(2col),0.0,0,66500,66500,66500,0,0,0.0,61.93,0,low,23.99,6,2,none,,0,https://www.musinsa.com/products/6753408
2026-09-03,아카이브,6760704,Slick Logo Pigment Beanie,0.0,0,30380,30380,30380,0,0,0.0,100.0,1,high,23.99,7,3,none,,0,https://www.musinsa.com/products/6760704
2026-09-03,카고브로스포우먼,6770688,도트 시스루 롱슬리브 레이어드 캐쥬얼 반팔티 세트 (아이보리/차콜),0.0,0,59500,59500,,0,,,23.29,0,low,12.72,3,1,none,,0,https://www.musinsa.com/products/6770688
2026-09-03,아메스월드와이드,6778752,PPG HEART CHERRY TEE PINK,0.0,0,31500,31500,27000,1,4500,16.67,100.0,1,low,24.62,9,2,none,,0,https://www.musinsa.com/products/6778752
2026-09-03,러프사이드,6779328,[X BULLETTO] GRAIN-R1,0.0,0,298000,298000,298000,0,0,0.0,65.42,0,low,24.0,4,1,none,,0,https://www.musinsa.com/products/6779328
2026-09-03,언더오프,6788800,피티드 마이크로 스웻 스코츠 블랙,0.0,0,25900,25900,25900,0,0,0.0,100.0,1,high,24.76,5,2,none,,0,https://www.musinsa.com/products/6788800
2026-09-03,어나더오피스,6789184,Dyed Raw-edge Stripe Tee (Light Gray),0.0,0,78000,78000,78000,0,0,0.0,83.38,0,low,24.03,6,3,none,,0,https://www.musinsa.com/products/6789184
2026-09-03,어나더오피스,6789248,Pigment Dolman S/S Tee (Sepia Brown),0.0,0,84000,84000,84000,0,0,0.0,83.38,0,low,24.03,6,3,none,,0,https://www.musinsa.com/products/6789248
2026-09-03,배드블러드,6791872,Everyday Hoodie - Charcoal,0.0,0,63200,63200,63200,0,0,0.0,100.0,1,high,24.03,6,3,none,,0,https://www.musinsa.com/products/6791872
2026-09-03,키르시,6800960,하프 오프숄더 허리 스트링 티셔츠 [차콜],0.0,0,44230,44230,44230,0,0,0.0,100.0,1,high,24.76,5,2,none,,0,https://www.musinsa.com/products/6800960
2026-09-03,라이프워크,6815168,공용) 빅라독 헤이즈 타이다잉 반팔 티셔츠,0.0,0,59000,59000,,0,,,28.85,0,low,8.4,2,1,none,,0,https://www.musinsa.com/products/6815168
2026-09-03,다이닛,6821120,D LETTERING GRAPHIC OVERSIZED T-SHIRT IN MINT,0.0,0,25520,25520,,0,,,23.28,0,low,12.72,3,1,none,,0,https://www.musinsa.com/products/6821120
2026-09-03,트위,6821248,빌론 버튼 레이어드 랩 스커트,0.0,0,56610,56610,,0,,,25.93,0,low,10.34,2,1,none,,0,https://www.musinsa.com/products/6821248
2026-09-03,스파오,6829632,[씬라이트] 하이넥 패쪼_SPJVG4TC25,0.0,0,35910,35910,,0,,,23.27,0,low,12.72,3,1,none,,0,https://www.musinsa.com/products/6829632
2026-09-03,파브레가,6830784,로웰 샴브레이 셔츠 (인디고 블루),0.0,0,84600,84600,84600,0,0,0.0,83.39,0,low,25.34,4,1,none,,0,https://www.musinsa.com/products/6830784
2026-09-03,데상트,6832704,스위스 스키팀 나일론캡 블랙 SR323ICP71,0.0,0,65550,65550,,0,,,28.84,0,low,8.4,2,1,none,,0,https://www.musinsa.com/products/6832704
2026-09-03,미세키서울 맨,6848384,Pleats multi cotton backpack CHARCOAL,0.0,0,188000,188000,188000,0,0,0.0,65.42,0,low,24.0,4,1,none,,0,https://www.musinsa.com/products/6848384
2026-09-03,언타이틀 서울,6850944,언타이틀 리벳 포켓 롱슬리브 차콜,0.0,0,42800,42800,42800,0,0,0.0,65.42,0,low,24.0,4,1,none,,0,https://www.musinsa.com/products/6850944
2026-09-03,언타이틀 서울,6851456,유니콘 타이포 벌룬 스웻 팬츠 블랙,2.09,102078,48800,48800,48800,0,0,0.0,100.0,1,low,14.02,21,5,none,,0,https://www.musinsa.com/products/6851456
2026-09-03,토피,6853056,슬림 크롭 롱 슬리브 (CHARCOAL),0.0,0,26600,26600,26600,0,0,0.0,100.0,1,high,23.99,6,3,none,,0,https://www.musinsa.com/products/6853056
2026-09-03,커버낫,6854016,디플로마 로고 엠블럼 티셔츠 화이트,0.0,0,44230,44230,44230,0,0,0.0,100.0,1,high,24.77,5,2,none,,0,https://www.musinsa.com/products/6854016
2026-09-03,유희,6855104,[라이브] [주영X유희] HOTFIX OFF-SHOULDER SWEAT SHIRTS_MELANGE GREY,0.0,0,63920,63920,,0,,,28.82,0,low,8.4,2,1,none,,0,https://www.musinsa.com/products/6855104
2026-09-03,더그린랩,6859648,빈티지 스트라이프 비니 [그레이],0.0,0,31360,31360,,0,,,28.82,0,low,8.4,2,1,none,,0,https://www.musinsa.com/products/6859648
2026-09-03,더그린랩,6859904,레오파드 스타 패치 반팔티 [브라운],0.0,0,31800,31800,,0,,,28.82,0,low,8.4,2,1,none,,0,https://www.musinsa.com/products/6859904
2026-09-03,카고브로스포우먼,6860800,페이스트리 디저트 레터링 반팔 티셔츠 (카키),0.0,0,18900,18900,,0,,,23.26,0,low,12.72,3,1,none,,0,https://www.musinsa.com/products/6860800
2026-09-03,아모우,6878464,USA Painted Hoodie BLACK,0.0,0,68600,68600,68600,0,0,0.0,100.0,1,high,24.03,6,3,none,,0,https://www.musinsa.com/products/6878464
2026-09-03,아모우,6878784,Human nature Sweat pants BLACK,0.0,0,62300,62300,62300,0,0,0.0,100.0,1,high,24.03,6,3,none,,0,https://www.musinsa.com/products/6878784
2026-09-03,아모우,6878848,Sun Hosre Henley neck GRAY,0.0,0,61600,61600,61600,0,0,0.0,100.0,1,high,24.03,6,3,none,,0,https://www.musinsa.com/products/6878848
2026-09-03,더콜디스트모먼트,6884352,TCM vintage starfish T (light green),0.0,0,37260,37260,,0,,,23.26,0,low,12.72,3,1,none,,0,https://www.musinsa.com/products/6884352
2026-09-03,드헤베,6884608,Flare Frill Cardigan [Black],0.0,0,111910,111910,111910,0,0,0.0,83.41,0,low,25.34,4,1,none,,0,https://www.musinsa.com/products/6884608
2026-09-03,드헤베,6884672,Essential Logo Hood Zip-Up [Ivory],0.0,0,119130,119130,119130,0,0,0.0,83.41,0,low,25.34,4,1,none,,0,https://www.musinsa.com/products/6884672
2026-09-03,코드그라피,6884736,플리스 커브드 팬츠-블랙,0.0,0,53100,53100,53100,0,0,0.0,83.42,0,low,25.34,4,1,none,,0,https://www.musinsa.com/products/6884736
2026-09-03,코드그라피,6884864,리버시블 체크 배색 후드 집업-다크 네이비,0.0,0,89100,89100,89100,0,0,0.0,83.42,0,low,25.34,4,1,none,,0,https://www.musinsa.com/products/6884864
2026-09-03,세터,6894528,아페로 스트라이프 피케 롱 슬리브 브라운,0.0,0,139000,139000,139000,0,0,0.0,65.45,0,low,24.0,4,1,none,,0,https://www.musinsa.com/products/6894528
2026-09-03,언더오프,6897024,로우컷 아웃포켓 버뮤다 팬츠 유니언잭 블랙,0.0,0,29900,29900,29900,0,0,0.0,100.0,1,high,24.78,5,2,none,,0,https://www.musinsa.com/products/6897024
2026-09-03,벨리에,6897088,트루 와이드 데님 팬츠 - 빈티지 브라운,0.0,0,148200,148200,148200,0,0,0.0,65.45,0,low,24.0,4,1,none,,0,https://www.musinsa.com/products/6897088
2026-09-03,벨리에,6897152,러프 이클립스 브레이슬릿,0.0,0,69350,69350,69350,0,0,0.0,65.45,0,low,24.0,4,1,none,,0,https://www.musinsa.com/products/6897152
2026-09-03,디스이즈네버댓,6910144,T-Logo Tee Heather Sage,0.0,0,55000,55000,55000,0,0,0.0,100.0,1,high,24.78,5,2,none,,0,https://www.musinsa.com/products/6910144
2026-09-03,내셔널지오그래픽,6914816,골든몰 후디 구스다운 점퍼 OLIVE GREEN,0.0,0,359000,359000,,0,,,23.25,0,low,12.72,3,1,none,,0,https://www.musinsa.com/products/6914816
2026-09-03,데상트,6916480,여성 4.5인치 스포츠테리 니트 쇼츠 민트 SR322PKH71,0.0,0,84550,84550,,0,,,28.8,0,low,8.41,2,1,none,,0,https://www.musinsa.com/products/6916480
2026-09-03,엠엘비,6929792,체리 크루 삭스 NY (White),0.0,0,13000,13000,,0,,,25.91,0,low,10.34,2,1,none,,0,https://www.musinsa.com/products/6929792
2026-09-03,스컬프터,6931328,Stud Eyelet Shoulder Bag Ivory,0.0,0,132530,132530,132530,0,0,0.0,100.0,1,high,23.99,6,5,none,,0,https://www.musinsa.com/products/6931328
2026-09-03,스컬프터,6931456,Classic Striped Jersey Pants Navy,0.0,0,71100,71100,71100,0,0,0.0,100.0,1,high,23.99,6,3,none,,0,https://www.musinsa.com/products/6931456
2026-09-03,데상트,6936000,남성 10인치 애슬럭스 쇼츠 블랙 SR321TKH91,0.0,0,94050,94050,,0,,,28.79,0,low,8.41,2,1,none,,0,https://www.musinsa.com/products/6936000
2026-09-03,레씨토,6939968,Pyramid Buckle Zip-Up_[W.Mel],0.0,0,143100,143100,,0,,,28.79,0,low,8.41,2,1,none,,0,https://www.musinsa.com/products/6939968
2026-09-03,앵글런,6941824,Appliqué Washed Sweat Shirt - Blue,0.0,0,125100,125100,,0,,,25.89,0,low,10.34,2,1,none,,0,https://www.musinsa.com/products/6941824
2026-09-03,로제프란츠,6948352,Wrap V-neck Long Sleeve [Black],0.0,0,40960,40960,40960,0,0,0.0,83.43,0,low,25.34,4,1,none,,0,https://www.musinsa.com/products/6948352
2026-09-03,로제프란츠,6948672,Double Pocket Cardigan [Purple],0.0,0,62720,62720,62720,0,0,0.0,83.44,0,low,25.34,4,1,none,,0,https://www.musinsa.com/products/6948672
2026-09-03,오헤시오,6952448,"REVERSIBLE LAYERED KNIT BEANIE, PINK",0.0,0,44230,44230,44230,0,0,0.0,100.0,1,high,23.99,7,3,none,,0,https://www.musinsa.com/products/6952448
2026-09-03,오헤시오,6953280,"NUBBY TEXTURED HALF KNIT, NAVY",0.0,0,124550,124550,124550,0,0,0.0,100.0,1,high,23.99,7,3,none,,0,https://www.musinsa.com/products/6953280
2026-09-03,더그린랩,6955968,나폴레옹 스타 도트 후드 집업 [멜란지 그레이],0.0,0,81630,81630,,0,,,28.79,0,low,8.41,2,1,none,,0,https://www.musinsa.com/products/6955968
2026-09-03,에스피오나지,6956864,Cotton Notched Jacket Olive,0.0,0,149400,149400,149400,0,0,0.0,100.0,1,high,24.03,6,3,none,,0,https://www.musinsa.com/products/6956864
2026-09-03,글로니,6958208,G SOFT TOUCH CAMISOLE (NAVY),0.0,0,37260,37260,37260,0,0,0.0,100.0,1,high,24.03,6,3,none,,0,https://www.musinsa.com/products/6958208
2026-09-03,언탭트스튜디오,6959424,오버핏 리브드 부클 라운드 니트 가디건 5Color,0.0,0,38430,38430,38430,0,0,0.0,100.0,1,high,23.99,7,3,none,,0,https://www.musinsa.com/products/6959424
2026-09-03,노디,6964864,유니온 스탠다드 롱슬리브 블랙,0.0,0,29400,29400,,0,,,25.89,0,low,10.34,2,1,none,,0,https://www.musinsa.com/products/6964864
2026-09-03,무센트,6965248,에센셜 레터링 롱 슬리브 티 (2컬러),0.0,0,26910,26910,26910,0,0,0.0,100.0,1,high,24.79,5,2,none,,0,https://www.musinsa.com/products/6965248
2026-09-03,언탭트스튜디오,6965952,[2PACK]340G 프론트 사이드 투턱 와이드 벌룬 트레이닝 팬츠 3Color,0.0,0,52850,52850,52850,0,0,0.0,100.0,1,high,23.99,4,3,none,,0,https://www.musinsa.com/products/6965952
2026-09-03,로제프란츠,6966272,Suede Racer Jacket [Black],0.0,0,198720,198720,198720,0,0,0.0,83.44,0,low,25.34,4,1,none,,0,https://www.musinsa.com/products/6966272
2026-09-03,미세키서울,6966912,[레이 PICK] Round duffel bag and wallet GREY,0.0,0,135090,135090,135090,0,0,0.0,93.01,0,low,24.62,4,1,none,,0,https://www.musinsa.com/products/6966912
2026-09-03,스파오,6969024,[소프트얀] 라운드넥 니트_SPKWG49M01,0.0,0,39900,39900,,0,,,23.22,0,low,12.72,3,1,none,,0,https://www.musinsa.com/products/6969024
2026-09-03,와르,6969088,M294 원턱 슬럽 데님 팬츠_딥블루,0.0,0,110600,110600,110600,0,0,0.0,100.0,1,high,23.99,6,3,none,,0,https://www.musinsa.com/products/6969088
2026-09-03,카네이테이,6969600,WASHABLE BOHEMIAN STRIPE HENLEY NECK KNIT (CHARCOAL),0.0,0,71000,71000,71000,0,0,0.0,100.0,1,high,23.99,6,3,none,,0,https://www.musinsa.com/products/6969600
2026-09-03,브라운브레스,6977472,BB 20TH VIBE GRAPHIC TEE - BLACK,0.0,0,55000,55000,55000,0,0,0.0,100.0,1,high,23.99,7,3,none,,0,https://www.musinsa.com/products/6977472
2026-09-03,마인드브릿지,6978432,와이드 골 조직 다크 인디고 데님 팬츠_DI,0.0,0,79200,79200,79200,0,0,0.0,93.02,0,low,24.62,4,1,none,,0,https://www.musinsa.com/products/6978432
2026-09-03,키뮤어,6979712,[크롭] 스트라이프 레이어드 헨리넥 롱슬리브_차콜,0.0,0,57600,57600,57600,0,0,0.0,100.0,1,high,24.03,6,3,none,,0,https://www.musinsa.com/products/6979712
2026-09-03,카키포인트,6980096,Plaid Tie Shirt (black),0.0,0,93200,93200,88290,1,4910,5.56,49.44,0,low,10.65,18,2,none,,0,https://www.musinsa.com/products/6980096
2026-09-03,필루미네이트,6982080,피그먼트 헨리넥 스웨트 셔츠-2Color,0.0,0,39900,39900,39900,0,0,0.0,61.95,0,low,23.99,6,2,none,,0,https://www.musinsa.com/products/6982080
2026-09-03,비터셀즈,6982592,에센셜 소프트 벨트 팬츠-블랙,0.0,0,52700,52700,52700,0,0,0.0,93.03,0,low,24.62,4,1,none,,0,https://www.musinsa.com/products/6982592
2026-09-03,비터셀즈,6982720,루즈핏 체크 니트지 하프 집업-라이트 그레이,0.0,0,78120,78120,78120,0,0,0.0,93.03,0,low,24.62,4,1,none,,0,https://www.musinsa.com/products/6982720
2026-09-03,비터셀즈,6983040,애플 브이넥 니트-베이지,0.0,0,63990,63990,63990,0,0,0.0,93.03,0,low,24.62,4,1,none,,0,https://www.musinsa.com/products/6983040
2026-09-03,로라로라,6986880,CURVED CARGO PANTS NAVY,0.0,0,125100,125100,,0,,,25.87,0,low,10.34,2,1,none,,0,https://www.musinsa.com/products/6986880
2026-09-03,수아레,6987904,크로스 페이드 데님 팬츠 라이트 블루,0.0,0,56500,56500,56500,0,0,0.0,93.04,0,low,24.62,4,1,none,,0,https://www.musinsa.com/products/6987904
2026-09-03,스키즘 인듀싱,6988608,TWISTED DRAPED LACE-UP TOP BLACK,0.0,0,70200,70200,70200,0,0,0.0,100.0,1,high,24.03,5,3,none,,0,https://www.musinsa.com/products/6988608
2026-09-03,스키즘 인듀싱,6988736,LACE TRIMMED LAYERED TOP KHAKI,0.0,0,61200,61200,61200,0,0,0.0,100.0,1,high,24.03,5,3,none,,0,https://www.musinsa.com/products/6988736
2026-09-03,노아,6989504,(U) 썸머 코어 로고 포켓 티 힌트 오브 민트 SUMMER CORE LOGO POCKET TEE HINT OF MINT,0.0,0,95000,95000,,0,,,23.22,0,low,12.72,3,1,none,,0,https://www.musinsa.com/products/6989504
2026-09-03,벨리에,6996288,시티 수피마 롱 슬리브 티셔츠 - 블랙,0.0,0,59850,59850,59850,0,0,0.0,65.47,0,low,24.0,4,1,none,,0,https://www.musinsa.com/products/6996288
2026-09-03,테이크이지,6997248,[DMD] CORE SF SHIRT - Blue Stripe,0.0,0,65400,65400,65400,0,0,0.0,100.0,1,high,23.98,5,4,none,,0,https://www.musinsa.com/products/6997248
2026-09-03,커버낫,6999168,센터 로고 맨투맨 라이트 아쿠아,0.0,0,79000,79000,79000,0,0,0.0,100.0,1,high,24.8,5,2,none,,0,https://www.musinsa.com/products/6999168
2026-09-03,길라아카이브,7000896,[X hieta] GINA BAG_PINK,0.0,0,136890,136890,136890,0,0,0.0,61.96,0,low,23.98,6,2,none,,0,https://www.musinsa.com/products/7000896
2026-09-03,낫포너드,7002688,Stud Panel Wide Denim Pants - Ivory,0.0,0,106200,106200,106200,0,0,0.0,83.46,0,low,25.35,4,1,none,,0,https://www.musinsa.com/products/7002688
2026-09-03,아워데이즈,7009728,[젠플록스X아워데이즈] 세미 커브드 원 턱 스웻 팬츠 [2COLORS],8.56,337651,39430,42560,39430,1,3130,7.94,88.19,0,low,9.06,21,8,none,,0,https://www.musinsa.com/products/7009728
2026-09-03,에이이에이이,7012288,STRIPE BIG TOTE BAG [BROWN],0.0,0,93200,93200,93200,0,0,0.0,93.06,0,low,24.63,4,1,none,,0,https://www.musinsa.com/products/7012288
2026-09-03,시야쥬,7013248,SIAC3137 Puff Bag_Black,0.0,0,238550,238550,238550,0,0,0.0,100.0,1,high,24.8,5,2,none,,0,https://www.musinsa.com/products/7013248
2026-09-03,헬레네파리스,7024320,로우라이즈 논페이드 데님 부츠컷 팬츠 [딥 블루],0.0,0,55600,55600,55600,0,0,0.0,100.0,1,high,24.03,6,3,none,,0,https://www.musinsa.com/products/7024320
2026-09-03,커버낫,7024704,체크 아치 로고 후드집업 다크 그레이,0.0,0,119000,119000,119000,0,0,0.0,100.0,1,high,24.8,5,2,none,,0,https://www.musinsa.com/products/7024704
2026-09-03,리,7024960,빅 트위치 로고 맨투맨 네이비,0.0,0,79000,79000,,0,,,23.18,0,low,12.73,3,1,none,,0,https://www.musinsa.com/products/7024960
2026-09-03,아이돈워너셀,7031680,[김샤브칼 PICK] Layered Henley Neck Long Sleeve Charcoal,0.0,0,71400,71400,71400,0,0,0.0,100.0,1,high,24.8,5,2,none,,0,https://www.musinsa.com/products/7031680
2026-09-03,데상트,7032448,[이세한&박찬 착용] 남성 엔지니어드 런 6인치 벤틸레이션 쇼츠 블루 SR321RHP81,0.0,0,103550,103550,,0,,,28.74,0,low,8.41,2,1,none,,0,https://www.musinsa.com/products/7032448
2026-09-03,렌세,7032832,Double Layered Cardigan Black,0.0,0,48960,48960,,0,,,25.85,0,low,10.34,2,1,none,,0,https://www.musinsa.com/products/7032832
2026-09-03,렌세,7032960,Washed Cargo Pants Black,0.0,0,66640,66640,,0,,,25.85,0,low,10.34,2,1,none,,0,https://www.musinsa.com/products/7032960
2026-09-03,렌세,7033408,One Shoulder Slit Tee White,0.0,0,38080,38080,,0,,,25.85,0,low,10.34,2,1,none,,0,https://www.musinsa.com/products/7033408
2026-09-03,드로우핏우먼,7035200,에센셜 소프트 브이넥 니트 [BLACK],0.0,0,51840,51840,51840,0,0,0.0,100.0,1,high,23.99,7,3,none,,0,https://www.musinsa.com/products/7035200
2026-09-03,노이즈,7039104,카우 레더 스티치 레이어드 벨트_[BROWN],0.0,0,89280,89280,,0,,,28.73,0,low,8.41,2,1,none,,0,https://www.musinsa.com/products/7039104
2026-09-03,시눈,7040768,Flower Shirring Skirt (Dark Navy),0.0,0,142580,142580,142580,0,0,0.0,65.5,0,low,24.0,4,1,none,,0,https://www.musinsa.com/products/7040768
2026-09-03,샌드릭,7044352,Halter Layered Tee_Black,0.0,0,84550,84550,,0,,,28.72,0,low,8.41,2,1,none,,0,https://www.musinsa.com/products/7044352
2026-09-03,썸플레이스,7046592,소매 레이스 레이어드 포인트 슬림핏 와플 후드 버튼 업 가디건 자켓  [차콜],0.0,0,27360,27360,,0,,,23.16,0,low,12.73,3,1,none,,0,https://www.musinsa.com/products/7046592
2026-09-03,리,7047168,[Every Lee] 코튼 이지 팬츠 아이보리,0.0,0,80100,80100,,0,,,23.16,0,low,12.73,3,1,none,,0,https://www.musinsa.com/products/7047168
2026-09-03,러프사이드,7047616,Workers Olive,0.0,0,248000,248000,248000,0,0,0.0,65.51,0,low,21.9,4,3,none,,0,https://www.musinsa.com/products/7047616
2026-09-03,오픈야드(오와이),7047680,FLATLOCK WAFFLE HOODIE L/S TOP - BLACK,0.0,0,84550,84550,,0,,,23.15,0,low,12.73,3,1,none,,0,https://www.musinsa.com/products/7047680
2026-09-03,팬시클럽,7048320,백 크로스 롱슬리브 (MINT) F26ZB027,0.0,0,44080,44080,,0,,,23.14,0,low,12.73,3,1,none,,0,https://www.musinsa.com/products/7048320
2026-09-03,브랜디드,7048768,RAW SLUB LONG SLEEVE [DARK GRAY],5.93,322861,54400,54400,54400,0,0,0.0,100.0,1,low,13.63,11,5,none,,0,https://www.musinsa.com/products/7048768
2026-09-03,웬즈데이오아시스,7050176,[젠플록스x웬즈데이오아시스] (크롭) 퓨어 코튼 웨스턴 데님 셔츠_3COLOR,86.94,3599497,41400,41400,41400,0,0,0.0,100.0,1,low,5.15,52,13,none,,0,https://www.musinsa.com/products/7050176
2026-09-03,디미트리블랙,7051968,모크넥 쿼터 집업 맨투맨 티셔츠_3 COLOR,0.0,0,38900,38900,38900,0,0,0.0,100.0,1,high,24.81,5,2,none,,0,https://www.musinsa.com/products/7051968
2026-09-03,유니온블루,7054720,SLUB CUT-OFF L/S T-SHIRT [BLACK],8.2,511816,62400,62400,62400,0,0,0.0,100.0,1,low,23.99,15,10,none,,0,https://www.musinsa.com/products/7054720
2026-09-03,유니온블루,7055040,STRIPE WESTERN SHIRTS [BROWN],0.0,0,100300,100300,100300,0,0,0.0,100.0,1,high,23.99,6,3,none,,0,https://www.musinsa.com/products/7055040
2026-09-03,아메스월드와이드,7058112,CLASSIC BOYFRIEND SHIRTS IVORY,0.0,0,56880,56880,56880,0,0,0.0,100.0,1,high,24.64,5,2,none,,0,https://www.musinsa.com/products/7058112
2026-09-03,파르티멘토,7058624,크롭 집업 후디 차콜,0.0,0,87900,87900,87900,0,0,0.0,100.0,1,high,24.81,5,2,none,,0,https://www.musinsa.com/products/7058624
2026-09-03,비긴202,7060032,리엔 트랙 팬츠 [차콜],0.0,0,118150,118150,118150,0,0,0.0,83.49,0,low,25.35,4,1,none,,0,https://www.musinsa.com/products/7060032
2026-09-03,데상트,7068032,스위스 스키 울 볼캡 블랙 SR323ICP91,0.0,0,65550,65550,,0,,,28.72,0,low,8.41,2,1,none,,0,https://www.musinsa.com/products/7068032
2026-09-03,로라로라,7070656,LOW RISE VINTAGE STRAIGHT DENIM WASHED BLUE,0.0,0,125100,125100,,0,,,25.82,0,low,10.34,2,1,none,,0,https://www.musinsa.com/products/7070656
2026-09-03,로라로라,7070720,SCALLOP CARDIGAN SET PURPLE,0.0,0,110080,110080,,0,,,25.82,0,low,10.34,2,1,none,,0,https://www.musinsa.com/products/7070720
2026-09-03,로라로라,7070784,ROLA PATCH HOOD ZIP UP D/GRAY,0.0,0,118000,118000,,0,,,25.82,0,low,10.34,2,1,none,,0,https://www.musinsa.com/products/7070784
2026-09-03,스파오,7072128,[신세틱레더] 스웨이드 미니 스커트_SPWHG49W13,0.0,0,49900,49900,,0,,,23.12,0,low,12.73,3,1,none,,0,https://www.musinsa.com/products/7072128
2026-09-03,넌블랭크,7072832,일레귤러 패널 체크 LS 셔츠_BLUISH GREY,0.0,0,116910,116910,116910,0,0,0.0,61.97,0,low,23.99,6,2,none,,0,https://www.musinsa.com/products/7072832
2026-09-03,바우프,7079552,버니 이어 레이어드 스커트 [퍼플],0.0,0,116100,116100,116100,0,0,0.0,83.5,0,low,25.35,4,1,none,,0,https://www.musinsa.com/products/7079552
2026-09-03,바우프,7079872,스타 멜로디 스웻팬츠 [퍼플],0.0,0,98100,98100,98100,0,0,0.0,83.5,0,low,25.35,4,1,none,,0,https://www.musinsa.com/products/7079872
2026-09-03,제이엘브,7081152,우먼스 플레어 데님 팬츠,0.0,0,65000,65000,65000,0,0,0.0,61.98,0,low,23.98,6,2,none,,0,https://www.musinsa.com/products/7081152
2026-09-03,제이엘브,7081280,우먼스 니트 쇼츠,0.0,0,38000,38000,38000,0,0,0.0,61.98,0,low,23.99,6,2,none,,0,https://www.musinsa.com/products/7081280
2026-09-03,해비즘,7086208,H STRIPE RAGLAN L/S TEE(SKY BLUE),0.0,0,44640,44640,44640,0,0,0.0,61.98,0,low,23.99,6,2,none,,0,https://www.musinsa.com/products/7086208
2026-09-03,1989스탠다드,7088768,BUILT STANDARD 맨투맨 (STMSTD-0256),0.0,0,40250,40250,,0,,,28.71,0,low,8.41,2,1,none,,0,https://www.musinsa.com/products/7088768
2026-09-03,1989스탠다드,7088832,WESTERN HORSE 크롭 후드집업 (SCJSTD-0271),0.0,0,38430,38430,,0,,,28.7,0,low,8.41,2,1,none,,0,https://www.musinsa.com/products/7088832
2026-09-03,하이스쿨디스코,7089024,헨리넥 스트라이프 원피스_차콜,0.0,0,55440,55440,,0,,,28.7,0,low,8.41,2,1,none,,0,https://www.musinsa.com/products/7089024
2026-09-03,그레이버,7089920,[UNISEX]STAR1 GIRL 헨리넥 롱슬리브 티셔츠_3color,0.0,0,44100,44100,,0,,,28.69,0,low,8.41,2,1,none,,0,https://www.musinsa.com/products/7089920
2026-09-03,엠엘비,7091072,고프코어 2L 커브 바람막이 NY (Black),0.0,0,199000,199000,,0,,,25.79,0,low,10.34,2,1,none,,0,https://www.musinsa.com/products/7091072
2026-09-03,다이닛,7092800,HIGH NECK OVERSIZED JUMPER IN CHARCOAL,0.0,0,124200,124200,,0,,,23.11,0,low,12.73,3,1,none,,0,https://www.musinsa.com/products/7092800
2026-09-03,다이닛,7092992,PATCH COLOR FAUX SUEDE BOOTS IN CAMEL,0.0,0,106200,106200,,0,,,23.11,0,low,12.73,3,1,none,,0,https://www.musinsa.com/products/7092992
2026-09-03,파르티멘토 우먼,7096192,PWC 클래식 트윈 니트 베스트_차콜 멜란지,0.0,0,32640,32640,36720,1,-4080,-11.11,93.17,0,low,24.65,4,1,none,,0,https://www.musinsa.com/products/7096192
2026-09-03,인사일런스우먼,7096384,이스트 웨스트 숄더백 BROWN,0.0,0,208050,208050,208050,0,0,0.0,100.0,1,high,24.03,7,3,none,,0,https://www.musinsa.com/products/7096384
2026-09-03,파르티멘토 우먼,7096512,PWC 에브리데이 후디 집업_9컬러,0.0,0,46240,46240,52020,1,-5780,-11.11,93.18,0,low,24.65,4,1,none,,0,https://www.musinsa.com/products/7096512
2026-09-03,알리스,7096704,클라우드 터치 헨리넥 크롭 니트 [블랙],0.0,0,46840,46840,46840,0,0,0.0,93.18,0,low,24.64,4,1,none,,0,https://www.musinsa.com/products/7096704
2026-09-03,해칭룸,7097472,Diamond Scarf Floral Paisley Khaki,0.0,0,48000,48000,48000,0,0,0.0,93.19,0,low,24.65,4,1,none,,0,https://www.musinsa.com/products/7097472
2026-09-03,로우클래식,7098496,LOW WASHED BALL CAP_NAVY [LC267HA06NV],0.0,0,46550,46550,,0,,,28.68,0,low,8.41,2,1,none,,0,https://www.musinsa.com/products/7098496
2026-09-03,더그린랩,7100224,ST 레이어드 스타 버튼 롱슬리브 [블랙],0.0,0,50560,50560,,0,,,28.67,0,low,8.41,2,1,none,,0,https://www.musinsa.com/products/7100224
2026-09-03,락피쉬웨더웨어,7101120,BELLA FUR MARYJANES - 6 colors,0.0,0,89300,89300,94000,1,-4700,-5.0,83.52,0,low,18.93,4,3,none,,0,https://www.musinsa.com/products/7101120
2026-09-03,쿠어,7102720,딥 커브드 점보 워시드 팬츠 (워시드블랙),0.0,0,207000,207000,207000,0,0,0.0,65.52,0,low,24.0,4,1,none,,0,https://www.musinsa.com/products/7102720
2026-09-03,비바라비다,7103424,Poken 롱 슬리브 티셔츠,0.0,0,34900,34900,34900,0,0,0.0,100.0,1,high,23.99,6,3,none,,0,https://www.musinsa.com/products/7103424
2026-09-03,디스이즈네버댓,7104640,Arch-Logo Cap Grey,0.0,0,55000,55000,55000,0,0,0.0,100.0,1,high,24.82,5,2,none,,0,https://www.musinsa.com/products/7104640
2026-09-03,디스이즈네버댓,7104704,T-Logo Crewneck Charcoal,0.0,0,99000,99000,99000,0,0,0.0,100.0,1,high,24.82,5,2,none,,0,https://www.musinsa.com/products/7104704
2026-09-03,다이브인,7105344,RAGLAN LONG SLEEVE (CHARCOAL),0.0,0,45000,45000,45000,0,0,0.0,100.0,1,high,24.82,5,2,none,,0,https://www.musinsa.com/products/7105344
2026-09-03,웨이브걸,7115456,Butter Dot Shorts (6color),0.0,0,38020,38020,,0,,,25.78,0,low,10.34,2,1,none,,0,https://www.musinsa.com/products/7115456
2026-09-03,벨리에,7116160,어반 쉐이드 코듀로이 팬츠 - 블랙,0.0,0,179550,179550,179550,0,0,0.0,65.53,0,low,24.0,4,1,none,,0,https://www.musinsa.com/products/7116160
2026-09-03,벨리에,7116224,레더 트림 코듀로이 블루종 - 블랙,0.0,0,319200,319200,319200,0,0,0.0,65.53,0,low,24.0,4,1,none,,0,https://www.musinsa.com/products/7116224
2026-09-03,루에브르,7116416,Arche Shoulder Large FA6AB376-FH,0.0,0,349000,349000,349000,0,0,0.0,100.0,1,high,23.99,7,3,none,,0,https://www.musinsa.com/products/7116416
2026-09-03,드리프트아웃,7116544,돈 워너비 타이거 롱슬리브 티셔츠 (4color),0.0,0,36500,36500,,0,,,28.67,0,low,8.41,2,1,none,,0,https://www.musinsa.com/products/7116544
2026-09-03,칙스,7117312,CKS 스탠다드 슬림핏 셔츠 소라,0.0,0,35920,35920,40410,1,-4490,-11.11,100.0,1,medium,24.03,6,3,none,,0,https://www.musinsa.com/products/7117312
2026-09-03,리,7119680,우먼 알파카 오픈 스트링 니트 아이보리,0.0,0,109000,109000,,0,,,23.09,0,low,12.73,3,1,none,,0,https://www.musinsa.com/products/7119680
2026-09-03,로라로라,7120192,FLEECE HALF ZIP-UP PINK,0.0,0,139000,139000,,0,,,25.78,0,low,10.34,2,1,none,,0,https://www.musinsa.com/products/7120192
2026-09-03,다이브인,7120768,WASHED STANDARD COTTON SHIRTS (NAVY),0.0,0,58650,58650,58650,0,0,0.0,100.0,1,high,24.82,5,2,none,,0,https://www.musinsa.com/products/7120768
2026-09-03,브룩스 브라더스,7126208,울 맥코트 (블랙) (BBCSMBG401),0.0,0,899000,899000,899000,0,0,0.0,62.0,0,low,23.98,6,2,none,,0,https://www.musinsa.com/products/7126208
2026-09-03,후드후드,7126976,THE VISITOR 스트라이프 레이어드 롱슬리브 그린,0.0,0,56880,56880,56880,0,0,0.0,83.54,0,low,25.36,4,1,none,,0,https://www.musinsa.com/products/7126976
2026-09-03,일꼬르소,7129088,도레이 펑셔널 후드 자켓 차콜그레이,0.0,0,161600,161600,161600,0,0,0.0,100.0,1,high,24.83,5,2,none,,0,https://www.musinsa.com/products/7129088
2026-09-03,더바이닐하우스,7134208,BLOCK UNBALANCE LS TEE(W) CREAM,0.0,0,65550,65550,65550,0,0,0.0,100.0,1,high,24.83,5,2,none,,0,https://www.musinsa.com/products/7134208
2026-09-03,엘엠알,7140096,[SET] 스터드 하이넥 투웨이 퍼 후드집업 트레이닝 팬츠 셋업 PLUMBERRY,0.0,0,99920,99920,,0,,,28.65,0,low,8.41,2,1,none,,0,https://www.musinsa.com/products/7140096
2026-09-03,꼼파뇨,7147456,보네르 퍼피 피그먼트 레글런 맨투맨 고스트그레이,0.0,0,41800,41800,41800,0,0,0.0,93.22,0,low,24.65,4,1,none,,0,https://www.musinsa.com/products/7147456
2026-09-03,커버낫,7148096,스네일 그래픽 후디 멜란지 그레이,0.0,0,109000,109000,109000,0,0,0.0,100.0,1,high,24.83,4,2,none,,0,https://www.musinsa.com/products/7148096
2026-09-03,프리즘웍스,7148736,WAXED COWHIDE BUDDY HARRINGTON JACKET _ BROWN,0.0,0,498000,498000,498000,0,0,0.0,100.0,1,high,24.03,5,3,none,,0,https://www.musinsa.com/products/7148736
2026-09-03,파르티멘토,7156736,멀티 스트라이프 럭비 롱 슬리브 버건디,0.0,0,43900,43900,43900,0,0,0.0,100.0,1,high,24.83,5,2,none,,0,https://www.musinsa.com/products/7156736
2026-09-03,내셔널지오그래픽,7157696,네이쳐 델타피크 배색형 베이직핏 반팔 티셔츠 L/GREY N263UTS220,0.0,0,69000,69000,,0,,,23.07,0,low,12.73,3,1,none,,0,https://www.musinsa.com/products/7157696
2026-09-03,트리밍버드,7159680,Banded-Waist Blouson Top [ Black ],0.0,0,122550,122550,129000,1,-6450,-5.0,100.0,1,medium,24.03,6,5,none,,0,https://www.musinsa.com/products/7159680
2026-09-03,탄산마그네슘,7160896,워싱 카고 포켓 팬츠 (베이지),0.0,0,158840,158840,158840,0,0,0.0,65.54,0,low,24.0,4,1,none,,0,https://www.musinsa.com/products/7160896
2026-09-03,탄산마그네슘,7160960,본 롱슬리브 (블랙/블루),0.0,0,60040,60040,60040,0,0,0.0,65.55,0,low,24.0,4,1,none,,0,https://www.musinsa.com/products/7160960
2026-09-03,노이스,7169728,W VINTAGE WASHED DESTROYED FLARED JEANS - BLUE,0.0,0,175000,175000,,0,,,23.07,0,low,12.73,3,1,none,,0,https://www.musinsa.com/products/7169728
2026-09-03,스케이터락,7170560,Motif Clash Bracelet (Multi),0.0,0,33150,33150,,0,,,23.06,0,low,12.73,3,1,none,,0,https://www.musinsa.com/products/7170560
2026-09-03,스웨이드,7170624,WASHED HENLEY NECK [WASHING BLACK],0.0,0,58500,58500,,0,,,25.76,0,low,10.34,2,1,none,,0,https://www.musinsa.com/products/7170624
2026-09-03,비바라비다,7171328,스트라이프 후드 롱 슬리브 티셔츠,0.0,0,42900,42900,56900,1,-14000,-24.6,100.0,1,medium,23.99,6,3,none,,0,https://www.musinsa.com/products/7171328
2026-09-03,모드나인,7173312,Black Heart - Jacket 003,0.0,0,279000,279000,,0,,,23.06,0,low,12.73,3,1,none,,0,https://www.musinsa.com/products/7173312
2026-09-03,리브레너,7184320,DTF 마스터 보이스  스웻셔츠 피그먼트 차콜,0.0,0,32900,32900,,0,,,23.06,0,low,12.73,3,1,none,,0,https://www.musinsa.com/products/7184320
2026-09-03,탄산마그네슘,7186240,핸드 프린트 롱슬리브 (블랙/레드),0.0,0,56240,56240,56240,0,0,0.0,65.55,0,low,24.0,4,1,none,,0,https://www.musinsa.com/products/7186240
2026-09-03,언더오프,7188928,크롭핏 스트라이프 하프넥 울 니트 아이보리,0.0,0,45900,45900,45900,0,0,0.0,100.0,1,high,24.84,5,2,none,,0,https://www.musinsa.com/products/7188928
2026-09-03,언더오프,7188992,헨리넥 배색 레이어드 크롭 니트 블랙,0.0,0,36990,36990,36990,0,0,0.0,100.0,1,high,24.84,5,2,none,,0,https://www.musinsa.com/products/7188992
2026-09-03,본투윈,7189056,SYMBOL B COMPRESSION SHORT SLEEVE [BLACK],0.0,0,59000,59000,59000,0,0,0.0,100.0,1,high,23.99,6,3,none,,0,https://www.musinsa.com/products/7189056
2026-09-03,썬러브투어,7195520,Aero Waffle LS Tee Purple,0.0,0,119000,119000,,0,,,72.62,0,low,12.73,6,4,none,,0,https://www.musinsa.com/products/7195520
2026-09-03,엠엘비,7200192,베이직 스트릿 컬러풀 엠트릿 맨투맨 LA (Black),0.0,0,109000,109000,,0,,,25.74,0,low,10.34,2,1,none,,0,https://www.musinsa.com/products/7200192
2026-09-03,데상트,7202048,남성 스위스 스키 우븐 액티브핏 트레이닝 팬츠 베이지 SR421SWPO1,0.0,0,141550,141550,,0,,,28.62,0,low,8.41,2,1,none,,0,https://www.musinsa.com/products/7202048
2026-09-03,스파오,7204544,스트랩 스터드 긴팔티_SPLWG4TGY3,0.0,0,35900,35900,,0,,,23.05,0,low,12.73,3,1,none,,0,https://www.musinsa.com/products/7204544
2026-09-03,에스피오나지,7204928,Grocery 5Panel Vintage Cap Navy,0.0,0,48000,48000,,0,,,28.62,0,low,8.41,2,1,none,,0,https://www.musinsa.com/products/7204928
2026-09-03,시그니처,7206720,레이어드 스트라이프 헨리넥[그레이],0.0,0,39900,39900,39900,0,0,0.0,83.56,0,low,25.36,4,1,none,,0,https://www.musinsa.com/products/7206720
2026-09-03,썬러브투어,7206848,Koala Pom Beanie Charcoal,0.0,0,59000,59000,,0,,,72.62,0,low,12.73,6,4,none,,0,https://www.musinsa.com/products/7206848
2026-09-03,언더오프,7207488,크롭 맨투맨 스웨트 레트로빈티지 그레이,0.0,0,30900,30900,30900,0,0,0.0,100.0,1,high,23.98,5,4,none,,0,https://www.musinsa.com/products/7207488
2026-09-03,비바라비다,7212608,사이드 포켓 코튼 팬츠,0.0,0,99900,99900,,0,,,25.74,0,low,10.34,2,1,none,,0,https://www.musinsa.com/products/7212608
2026-09-03,트위,7212992,가트 절개 라운드 긴팔 티셔츠,0.0,0,29900,29900,,0,,,25.74,0,low,10.34,2,1,none,,0,https://www.musinsa.com/products/7212992
2026-09-03,고스트리퍼블릭,7213376,소프트 헨리넥 세미크롭 니트 4Color GKM-168,0.0,0,29900,29900,29900,0,0,0.0,83.56,0,low,18.93,4,3,none,,0,https://www.musinsa.com/products/7213376
2026-09-03,썸플레이스,7228352,스트라이프 포켓 셔링 포인트 세미 오버핏 크롭 소프트 후드 집업 자켓 [네이비],0.0,0,57600,57600,,0,,,23.04,0,low,12.73,3,1,none,,0,https://www.musinsa.com/products/7228352
2026-09-03,제멋,7228544,모션 와이드 스트레이트 팬츠 차콜 KJLP2687,0.0,0,37710,37710,,0,,,96.84,0,medium,12.87,5,4,none,,0,https://www.musinsa.com/products/7228544
2026-09-03,라이프워크,7230592,여성) LW2 빈티지 내추럴 웨이브 데님 팬츠,0.0,0,99000,99000,,0,,,28.61,0,low,8.41,2,1,none,,0,https://www.musinsa.com/products/7230592
2026-09-03,라이프워크,7230656,빈티지 라독 와플 후드 집업,0.0,0,119000,119000,,0,,,28.61,0,low,8.41,2,1,none,,0,https://www.musinsa.com/products/7230656
