date,brand_name,goods_no,product_name,estimated_sales,estimated_gmv,estimated_avg_price,display_price,previous_display_price,price_change_detected,price_change_amount,price_change_pct,coverage_pct,calendar_complete,confidence,max_interval_hours,observation_count,contributing_intervals,initial_delta_status,initial_delta_value,history_bucket,product_url
2026-09-01,제멋,306313,제이윈 덤블 기모후드 카키(KHHD0748),0.0,0,34900,34900,34900,0,0,0.0,100.0,1,high,24.09,7,2,none,,9,https://www.musinsa.com/products/306313
2026-09-01,도프제이슨,406537,카우하이드 싱글 자켓,1.01,260417,257640,257640,257640,0,0,0.0,100.0,1,high,24.01,8,2,none,,9,https://www.musinsa.com/products/406537
2026-09-01,제멋,557449,루즈핏 카라티셔츠  아이보리 JKST2066,0.01,277,22300,22300,22300,0,0,0.0,100.0,1,high,24.09,7,2,none,,9,https://www.musinsa.com/products/557449
2026-09-01,메인부스,847753,Jellybean Sweater(RED),0.76,51533,67500,67500,67500,0,0,0.0,100.0,1,high,24.09,6,2,none,,9,https://www.musinsa.com/products/847753
2026-09-01,러브이즈트루,973513,DE VANILLA TEE(WHITE),0.0,0,31420,31420,31420,0,0,0.0,100.0,1,high,24.01,8,2,none,,9,https://www.musinsa.com/products/973513
2026-09-01,프리즘웍스,1022793,OG DOBBY WEAVE SEERSUCKER SHIRT _ WHITE,0.02,1700,68000,61200,68000,1,-6800,-10.0,100.0,1,medium,24.09,7,2,none,,9,https://www.musinsa.com/products/1022793
2026-09-01,도프제이슨,1117577,램스킨 트렌치 코트,0.0,0,429400,429400,429400,0,0,0.0,100.0,1,high,24.01,8,2,none,,9,https://www.musinsa.com/products/1117577
2026-09-01,제로,1142537,Concise Round Neck Cardigan [Charcoal],0.0,0,65000,65000,65000,0,0,0.0,100.0,1,high,24.09,6,2,none,,9,https://www.musinsa.com/products/1142537
2026-09-01,꼼파뇨,1246473,와펜 로고 믹스컬러 스웨터 블루카멜,0.0,0,40150,40150,40150,0,0,0.0,100.0,1,high,24.09,6,2,none,,9,https://www.musinsa.com/products/1246473
2026-09-01,제멋,1291017,리치 오버 MA-1 자켓 블랙 YHJK2269,3.96,276436,69800,69800,69800,0,0,0.0,100.0,1,low,24.09,15,2,none,,9,https://www.musinsa.com/products/1291017
2026-09-01,인사일런스,1581897,콤비네이션 크루넥 니트 BLACK,0.0,0,49000,49000,44100,1,4900,11.11,100.0,1,medium,24.08,6,2,none,,9,https://www.musinsa.com/products/1581897
2026-09-01,모즈모즈,1592457,앞포켓 지퍼 코튼 밴딩 빅사이즈 조거팬츠 연베이지,0.0,0,28900,28900,28900,0,0,0.0,100.0,1,high,24.09,6,2,none,,9,https://www.musinsa.com/products/1592457
2026-09-01,브론슨,1670793,US Army 5th Model Tropical Jungle Fatigue Jacket,7.49,869501,116100,116100,116100,0,0,0.0,100.0,1,low,9.05,25,6,none,,9,https://www.musinsa.com/products/1670793
2026-09-01,꼼파뇨,1705801,양털 이어플랩 트루퍼 블랙,0.0,0,20900,20900,20900,0,0,0.0,100.0,1,high,24.09,6,2,none,,9,https://www.musinsa.com/products/1705801
2026-09-01,마인드브릿지,1753161,두굿_오버핏자켓 - 2color MAJK2102,0.0,0,143100,143100,143100,0,0,0.0,100.0,1,high,24.09,6,2,none,,9,https://www.musinsa.com/products/1753161
2026-09-01,트립르센스,1794825,베이직  스탠다드 싱글  블레이저_Grey,0.0,0,68500,68500,68500,0,0,0.0,100.0,1,high,24.01,8,2,none,,9,https://www.musinsa.com/products/1794825
2026-09-01,엑스트라오디너리,1854665,[핏더사이즈 PICK] UTILITY 1 RIPSTOP PANTS BEIGE,1.0,55423,55600,55600,55600,0,0,0.0,100.0,1,high,24.09,6,2,none,,9,https://www.musinsa.com/products/1854665
2026-09-01,프리즘웍스,1948297,DENIM BALLOON PANTS _ INDIGO,0.0,0,67500,67500,75000,1,-7500,-10.0,1.27,0,low,24.0,6,1,none,,9,https://www.musinsa.com/products/1948297
2026-09-01,프리즘웍스,1957641,OG POPLIN OVERSIZED SHIRT _ BLACK,0.98,51348,52200,52200,58000,1,-5800,-10.0,100.0,1,medium,24.09,7,2,none,,9,https://www.musinsa.com/products/1957641
2026-09-01,도프제이슨,1961481,미니멀 스퀘어 하드레더 벨트,43.91,1242953,28310,28310,28310,0,0,0.0,100.0,1,high,4.22,70,13,none,,9,https://www.musinsa.com/products/1961481
2026-09-01,트립르센스,1962825,플레쥬 블루 오버 반팔티_BLACK FONT,0.0,0,21500,21500,21500,0,0,0.0,100.0,1,high,24.01,8,2,none,,9,https://www.musinsa.com/products/1962825
2026-09-01,어반드레스,1980169,DEEP SLIT LONG SKIRT BLACK,0.0,0,37000,37000,37000,0,0,0.0,100.0,1,high,24.09,7,2,none,,9,https://www.musinsa.com/products/1980169
2026-09-01,가까이유니언즈,1992393,플라이 자수 스웨트 숏 팬츠 버건디,0.0,0,27630,27630,27630,0,0,0.0,100.0,1,high,24.09,6,2,none,,9,https://www.musinsa.com/products/1992393
2026-09-01,하아카이브,2002697,아크 블랙 스몰 메신저백,0.89,42522,47880,61560,47880,1,13680,28.57,100.0,1,medium,24.09,6,2,none,,9,https://www.musinsa.com/products/2002697
2026-09-01,꼼파뇨,2052617,[광복절 기념] Liberated on Aug 15th 후드 집업,0.89,39078,44000,44000,44000,0,0,0.0,100.0,1,high,24.09,6,2,none,,9,https://www.musinsa.com/products/2052617
2026-09-01,굿라이프웍스,2060745,이지 와이드 밴딩 슬랙스 차콜,1.0,38412,38500,38500,38500,0,0,0.0,100.0,1,high,24.09,6,2,none,,9,https://www.musinsa.com/products/2060745
2026-09-01,몰든,2082057,클래식 머슬핏 로고 티셔츠,0.0,0,22400,22400,28000,1,-5600,-20.0,100.0,1,medium,24.09,8,2,none,,9,https://www.musinsa.com/products/2082057
2026-09-01,제멋,2115273,하비스트 오버핏 기모 후드 그레이 OYHD2393,0.0,0,45900,45900,45900,0,0,0.0,100.0,1,high,24.09,7,2,none,,9,https://www.musinsa.com/products/2115273
2026-09-01,시야쥬,2117385,SIOT4022 Italian Lambskin Washing Bomber JK,0.0,0,598000,598000,598000,0,0,0.0,100.0,1,high,24.08,6,2,none,,9,https://www.musinsa.com/products/2117385
2026-09-01,어나더오피스,2147785,Grandma Fairisle Cardigan (Orange Beige),0.0,0,126400,126400,,0,,,98.72,0,medium,24.09,5,1,none,,9,https://www.musinsa.com/products/2147785
2026-09-01,트래블,2189193,미시간 울버린 피그먼트 후드티 크림,0.0,0,47400,47400,47400,0,0,0.0,100.0,1,high,24.09,8,2,none,,9,https://www.musinsa.com/products/2189193
2026-09-01,꼼파뇨,2189897,Berkeley bear MTM graywhite,0.0,0,26000,26000,26000,0,0,0.0,100.0,1,high,24.09,6,2,none,,9,https://www.musinsa.com/products/2189897
2026-09-01,제로,2222281,Deep One Tuck Sweat Pants [Charcoal],1.64,57447,35100,35100,35100,0,0,0.0,100.0,1,high,24.09,6,2,none,,9,https://www.musinsa.com/products/2222281
2026-09-01,러브이즈트루,2227529,OW LOVE KNIT(BLACK),0.0,0,59930,59930,59930,0,0,0.0,100.0,1,high,24.01,8,2,none,,9,https://www.musinsa.com/products/2227529
2026-09-01,밀로아카이브,2280137,홀리데이 시그니처 볼 캡 [브릭],0.0,0,29640,29640,35100,1,-5460,-15.56,100.0,1,medium,24.01,9,2,none,,9,https://www.musinsa.com/products/2280137
2026-09-01,토마스모어,2305801,ac0103 마네 벨트 -브라운,1.05,36911,35000,35000,35000,0,0,0.0,100.0,1,high,24.01,8,2,none,,9,https://www.musinsa.com/products/2305801
2026-09-01,도프제이슨,2307209,프리미엄 오버핏 램스킨 베지터블 보머 자켓,0.53,194864,369550,369550,369550,0,0,0.0,100.0,1,high,24.01,8,2,none,,9,https://www.musinsa.com/products/2307209
2026-09-01,엘무드,2322121,피렌체 V 래글런 니트 블랙,0.0,0,37800,37800,37800,0,0,0.0,100.0,1,high,24.08,6,2,none,,9,https://www.musinsa.com/products/2322121
2026-09-01,와이케이,2328329,말티즈 아카이브 후드 멜란지화이트,0.0,0,59250,59250,59250,0,0,0.0,100.0,1,high,24.01,8,2,none,,9,https://www.musinsa.com/products/2328329
2026-09-01,모즈모즈,2379273,스웻메이커 32 기능성 땀복 조거팬츠,0.0,0,19450,19450,19450,0,0,0.0,100.0,1,high,24.09,6,2,none,,9,https://www.musinsa.com/products/2379273
2026-09-01,프리즘웍스,2400009,NYCO HOODED OSCAR JACKET _ BLACK,0.0,0,55200,55200,55200,0,0,0.0,100.0,1,high,24.09,7,2,none,,9,https://www.musinsa.com/products/2400009
2026-09-01,인사일런스,2417545,오버사이즈 실키 블루종 GREY BEIGE,0.0,0,97200,97200,72900,1,24300,33.33,100.0,1,medium,24.08,6,2,none,,9,https://www.musinsa.com/products/2417545
2026-09-01,로우로우,2422217,R EYE 481 ULTRA CLIP ACETATE 안경 50 Gray,0.0,0,149000,149000,149000,0,0,0.0,100.0,1,high,24.01,8,2,none,,9,https://www.musinsa.com/products/2422217
2026-09-01,링서울,2429449,cotton blended knit vest-black,0.0,0,55890,55890,43470,1,12420,28.57,100.0,1,medium,24.01,8,2,none,,9,https://www.musinsa.com/products/2429449
2026-09-01,아워데이즈,2441801,원턱 와이드 밴딩 데님 팬츠 [SOFT DEEP BLUE],0.0,0,47200,47200,47200,0,0,0.0,100.0,1,high,24.09,6,2,none,,9,https://www.musinsa.com/products/2441801
2026-09-01,데케트,2450057,[여름원단]Cropped Tapered Jeans DCPT004IndigoBlue,0.0,0,23600,23600,23600,0,0,0.0,100.0,1,high,24.09,6,2,none,,9,https://www.musinsa.com/products/2450057
2026-09-01,프렌다,2461769,PASEARSE SHORTS HEATHER GRAY,0.0,0,24500,24500,24500,0,0,0.0,100.0,1,high,24.09,8,2,none,,9,https://www.musinsa.com/products/2461769
2026-09-01,브랜디드,2466505,51036 CONE ONYX JEANS [EXTRA WIDE STRAIGHT],1.0,108504,108800,108800,108800,0,0,0.0,100.0,1,high,24.09,6,2,none,,9,https://www.musinsa.com/products/2466505
2026-09-01,드로우핏,2480137,밴딩 테이퍼드 슬랙스 [L.BEIGE],2.23,110956,49800,49800,49800,0,0,0.0,100.0,1,high,24.09,10,2,none,,9,https://www.musinsa.com/products/2480137
2026-09-01,1993스튜디오,2484489,스튜디오 아치 로고 티셔츠_그린,0.0,0,35100,35100,35100,0,0,0.0,100.0,1,high,24.08,6,2,none,,9,https://www.musinsa.com/products/2484489
2026-09-01,어널러코드,2532425,슬랍워싱 버뮤다 데님팬츠 (블랙),0.98,30358,30870,30870,30870,0,0,0.0,100.0,1,high,24.09,7,2,none,,9,https://www.musinsa.com/products/2532425
2026-09-01,제멋,2547785,버니 오버핏 반팔티셔츠 5종 다크그레이 YHST2412,0.0,0,21900,21900,21900,0,0,0.0,100.0,1,high,24.09,7,2,none,,9,https://www.musinsa.com/products/2547785
2026-09-01,와이케이,2561865,나일론 스트링포켓 밴딩 숏팬츠 핑크,0.0,0,55300,55300,55300,0,0,0.0,100.0,1,high,24.01,8,2,none,,9,https://www.musinsa.com/products/2561865
2026-09-01,드로우핏,2570569,트위스트 바 써지컬 네크리스 [SILVER],0.76,17187,22500,22500,22500,0,0,0.0,100.0,1,high,24.09,6,2,none,,9,https://www.musinsa.com/products/2570569
2026-09-01,제멋,2605193,[셋업] 에디 오버핏 반팔 셋업 KJST2189+KJSP2429,0.0,0,36900,36900,36900,0,0,0.0,100.0,1,high,24.09,7,2,none,,9,https://www.musinsa.com/products/2605193
2026-09-01,밀로아카이브,2614921,홀리데이 시그니처 볼 캡 [블루 그레이],0.53,18518,35100,29640,35100,1,-5460,-15.56,100.0,1,low,24.01,8,2,none,,9,https://www.musinsa.com/products/2614921
2026-09-01,인사일런스,2703945,다트 포인트 오버핏 스웨트셔츠 BLACK,0.0,0,59400,59400,49500,1,9900,20.0,100.0,1,medium,24.08,6,2,none,,9,https://www.musinsa.com/products/2703945
2026-09-01,모즈모즈,2749769,톤다운 레글런 오버핏 기모 후드 브라운,0.0,0,48000,48000,48000,0,0,0.0,100.0,1,high,24.09,6,2,none,,9,https://www.musinsa.com/products/2749769
2026-09-01,스컬프터,2763913,Question Sweatshirt Melange Gray,0.0,0,53200,53200,53200,0,0,0.0,100.0,1,high,24.08,7,2,none,,9,https://www.musinsa.com/products/2763913
2026-09-01,시야쥬,2772809,SIPT7056  high waist corduroy pants_Burgundy,0.0,0,93600,93600,104000,1,-10400,-10.0,100.0,1,medium,24.08,6,2,none,,9,https://www.musinsa.com/products/2772809
2026-09-01,링서울,2785929,handmade wool half coat-camel,0.0,0,232310,232310,180690,1,51620,28.57,100.0,1,medium,24.01,8,2,none,,9,https://www.musinsa.com/products/2785929
2026-09-01,키르시,2831177,키르시 니트 랩 플리츠 스커트 [차콜],0.0,0,27200,27200,32700,1,-5500,-16.82,100.0,1,medium,24.08,6,2,none,,9,https://www.musinsa.com/products/2831177
2026-09-01,어반드레스,2860681,125CM 슈퍼 롱 유니섹스 발마칸 코트 블랙,0.0,0,74000,74000,74000,0,0,0.0,100.0,1,high,24.09,7,2,none,,9,https://www.musinsa.com/products/2860681
2026-09-01,프리즘웍스,2871113,ALPACA BOUCLE KNIT _ COCOA,0.0,0,65400,65400,65400,0,0,0.0,100.0,1,high,24.09,7,2,none,,9,https://www.musinsa.com/products/2871113
2026-09-01,솔트앤초콜릿,2930185,SAC 로고 롱슬리브 실켓 티셔츠 크림 4W2231301,0.0,0,26880,26880,33600,1,-6720,-20.0,100.0,1,medium,24.08,7,2,none,,9,https://www.musinsa.com/products/2930185
2026-09-01,시눈,2933321,CREME BAG (YELLOW),0.0,0,95040,95040,95040,0,0,0.0,100.0,1,high,24.09,6,2,none,,9,https://www.musinsa.com/products/2933321
2026-09-01,코드그라피,3011273,[23년ver.] 24H 트랙 브이넥 맨투맨_버건디,0.76,26209,34300,34300,34300,0,0,0.0,100.0,1,high,24.09,6,2,none,,9,https://www.musinsa.com/products/3011273
2026-09-01,굿라이프웍스,3011465,오버핏 하찌 투웨이 후드 집업 니트 오트밀,0.0,0,43750,43750,43750,0,0,0.0,100.0,1,high,24.09,6,2,none,,9,https://www.musinsa.com/products/3011465
2026-09-01,메인부스,3017993,Original Logo Webbing Strap,0.0,0,11700,11700,11700,0,0,0.0,100.0,1,high,24.09,6,2,none,,9,https://www.musinsa.com/products/3017993
2026-09-01,드로우핏,3030665,코튼 트윌 스트링 자켓 [BLACK],0.0,0,139200,139200,139200,0,0,0.0,100.0,1,high,24.09,6,2,none,,9,https://www.musinsa.com/products/3030665
2026-09-01,드로우핏,3031561,뉴트럴 컬러 집업 데님 자켓 [MOCHA],0.0,0,139200,139200,139200,0,0,0.0,100.0,1,high,24.09,6,2,none,,9,https://www.musinsa.com/products/3031561
2026-09-01,커버낫,3038985,오픈카라 풀오버 셔츠 블랙,0.0,0,44500,44500,44500,0,0,0.0,100.0,1,high,24.08,6,2,none,,9,https://www.musinsa.com/products/3038985
2026-09-01,메인부스,3042057,Bonbon Crop Cardigan(RED),0.0,0,32300,32300,32300,0,0,0.0,100.0,1,high,24.09,6,2,none,,9,https://www.musinsa.com/products/3042057
2026-09-01,코드그라피,3044105,나일론 리치포켓 후드 바람막이_그레이,0.23,14521,62300,62300,62300,0,0,0.0,100.0,1,high,24.09,6,2,none,,9,https://www.musinsa.com/products/3044105
2026-09-01,필루미네이트,3044169,오버핏 피그다잉 후디-네이비,0.0,0,30900,30900,30900,0,0,0.0,100.0,1,high,24.01,8,2,none,,9,https://www.musinsa.com/products/3044169
2026-09-01,노매뉴얼,3046793,BASIC T-SHIRT - BLACK,5.23,121313,23200,23200,23200,0,0,0.0,100.0,1,high,9.05,22,6,none,,9,https://www.musinsa.com/products/3046793
2026-09-01,프렌다,3048201,PDC UNIFORM HOODIE MAGENTA,0.0,0,34500,34500,34500,0,0,0.0,100.0,1,high,24.09,9,2,none,,9,https://www.musinsa.com/products/3048201
2026-09-01,디미트리블랙,3059721,사이드픽스 슈팅 수트 셋업_그레이,0.0,0,140900,140900,140900,0,0,0.0,100.0,1,high,24.08,6,2,none,,9,https://www.musinsa.com/products/3059721
2026-09-01,노이어,3062857,콘트라스트 더블-워싱 와이드 데님 팬츠 (블루),0.0,0,123700,123700,123700,0,0,0.0,100.0,1,high,24.09,7,2,none,,9,https://www.musinsa.com/products/3062857
2026-09-01,러브이즈트루,3066761,DN STAR CROSS BAG(WHITE),0.0,0,60450,60450,60450,0,0,0.0,100.0,1,high,24.01,8,2,none,,9,https://www.musinsa.com/products/3066761
2026-09-01,러브이즈트루,3066953,DN DENIM SKIRT(BLUE),0.0,0,48100,48100,48100,0,0,0.0,100.0,1,high,24.01,8,2,none,,9,https://www.musinsa.com/products/3066953
2026-09-01,슬로우애시드,3074121,러스티 로고 반팔티셔츠 [화이트],0.47,10487,22500,22500,22500,0,0,0.0,100.0,1,high,24.09,6,2,none,,9,https://www.musinsa.com/products/3074121
2026-09-01,밀로아카이브,3075081,자카드 니트 블루종 [카키],0.0,0,84000,84000,84000,0,0,0.0,100.0,1,high,24.01,9,2,none,,9,https://www.musinsa.com/products/3075081
2026-09-01,엑스컨테이너,3076233,컴포터블 데님 팬츠 (DARK GREY),0.0,0,45000,45000,45000,0,0,0.0,100.0,1,high,24.09,6,2,none,,9,https://www.musinsa.com/products/3076233
2026-09-01,슬로우애시드,3077577,블러리 로고 스웨트셔츠 [딥블루],0.0,0,63200,63200,63200,0,0,0.0,100.0,1,high,24.09,6,2,none,,9,https://www.musinsa.com/products/3077577
2026-09-01,쿠어,3082761,데미지 씬 크루넥 니트 (블랙),0.0,0,112000,112000,112000,0,0,0.0,100.0,1,high,24.09,6,2,none,,9,https://www.musinsa.com/products/3082761
2026-09-01,커버낫,3086665,나일론 가디건 자켓 그레이,0.0,0,59000,59000,59000,0,0,0.0,100.0,1,high,24.08,6,2,none,,9,https://www.musinsa.com/products/3086665
2026-09-01,고스트리퍼블릭,3086857,GRBC 빅 패치 오버핏 후드집업 GHZ-269,0.39,11623,29900,29900,29900,0,0,0.0,100.0,1,high,9.04,21,6,none,,9,https://www.musinsa.com/products/3086857
2026-09-01,솔트앤초콜릿,3088521,카고 세미 와이드 슬랙스 베이지 4W231V003,0.0,0,69440,69440,86800,1,-17360,-20.0,100.0,1,medium,24.08,7,2,none,,9,https://www.musinsa.com/products/3088521
2026-09-01,에스피오나지,3094153,Hunting Blouson Jacket Olive,1.0,192286,192986,192850,203000,1,-10150,-5.0,100.0,1,medium,24.09,7,2,none,,9,https://www.musinsa.com/products/3094153
2026-09-01,아틀리에나인,3100873,빈티지 워싱 스트레이트 데님 팬츠(S-PT-5418),0.0,0,53400,53400,53400,0,0,0.0,100.0,1,high,24.09,6,2,none,,9,https://www.musinsa.com/products/3100873
2026-09-01,아틀리에나인,3109449,스탠다드 슬림 스트레이트 팬츠(PT-5374),0.0,0,39500,39500,39500,0,0,0.0,100.0,1,high,24.09,6,2,none,,9,https://www.musinsa.com/products/3109449
2026-09-01,르바,3113929,Stripe Cotton Polo Knit - Mint Stripe,0.0,0,89350,89350,89350,0,0,0.0,100.0,1,high,24.09,6,2,none,,9,https://www.musinsa.com/products/3113929
2026-09-01,제멋,3119881,체프 카라 롱티셔츠 7종 마운틴그린 YHLT2471,0.0,0,31900,31900,31900,0,0,0.0,100.0,1,high,24.09,7,2,none,,9,https://www.musinsa.com/products/3119881
2026-09-01,아틀리에나인,3130953,스캘럽 배색 카라 니트 가디건(CD-1871),0.0,0,31600,31600,31600,0,0,0.0,100.0,1,high,24.09,6,2,none,,9,https://www.musinsa.com/products/3130953
2026-09-01,커버낫,3131593,레귤러 치노 쇼츠 베이지,0.0,0,29000,29000,29000,0,0,0.0,100.0,1,high,24.08,6,2,none,,9,https://www.musinsa.com/products/3131593
2026-09-01,엘무드,3136777,맥스와이드 데님 스톰 블루,0.0,0,57600,57600,57600,0,0,0.0,100.0,1,high,24.08,6,2,none,,9,https://www.musinsa.com/products/3136777
2026-09-01,데케트,3145737,Dawn Semi Wide Jeans DCPT002Black,0.0,0,43400,43400,43400,0,0,0.0,100.0,1,high,24.09,6,2,none,,9,https://www.musinsa.com/products/3145737
2026-09-01,어반드레스,3154761,Ailey crop shirt - 4COL,0.0,0,36400,36400,36400,0,0,0.0,1.34,0,low,24.0,6,1,none,,9,https://www.musinsa.com/products/3154761
2026-09-01,아이돈워너셀,3190729,RHOMBUS CONTRACTION MA-1 GRAY,0.0,0,84500,84500,84500,0,0,0.0,100.0,1,high,24.08,6,2,none,,9,https://www.musinsa.com/products/3190729
2026-09-01,커버낫,3195337,오픈카라 니트 베스트 아이보리,0.0,0,44500,44500,44500,0,0,0.0,100.0,1,high,24.08,6,2,none,,9,https://www.musinsa.com/products/3195337
2026-09-01,와이케이,3199049,말티즈 아카이브 라인 그래픽 반팔티셔츠 화이트,1.48,43589,29400,29400,29400,0,0,0.0,100.0,1,high,24.01,14,4,none,,9,https://www.musinsa.com/products/3199049
2026-09-01,카네이테이,3204681,BOHEMIAN BACKPACK L (OLIVE DRAB) / RECYCLED,0.0,0,111300,111300,139120,1,-27820,-20.0,100.0,1,medium,24.08,7,2,none,,9,https://www.musinsa.com/products/3204681
2026-09-01,미나브,3214281,소프트코튼 케이블 카라 니트 [아이보리],0.26,17219,65600,35100,65600,1,-30500,-46.49,100.0,1,medium,24.09,8,2,none,,9,https://www.musinsa.com/products/3214281
2026-09-01,아틀리에나인,3224969,슬림 밴드 와이드 맥시 팬츠(R-PT-5198),0.0,0,34500,34500,34500,0,0,0.0,100.0,1,high,24.09,6,2,none,,9,https://www.musinsa.com/products/3224969
2026-09-01,와이케이,3234441,말티즈 아카이브 반팔티셔츠 레드,0.0,0,34300,34300,34300,0,0,0.0,100.0,1,high,24.01,8,2,none,,9,https://www.musinsa.com/products/3234441
2026-09-01,메인부스,3235913,[패트와매트] 선셋 폰 케이스,0.0,0,19800,19800,19800,0,0,0.0,100.0,1,high,24.09,6,2,none,,9,https://www.musinsa.com/products/3235913
2026-09-01,가까이유니언즈,3257545,루바토 브이넥 반팔 티셔츠 화이트,0.0,0,31900,31900,31900,0,0,0.0,100.0,1,high,24.09,6,2,none,,9,https://www.musinsa.com/products/3257545
2026-09-01,니티드,3259529,썸머 바시티 반팔 니트티 CHARCOAL,0.0,0,31000,31000,31000,0,0,0.0,100.0,1,high,24.09,6,2,none,,9,https://www.musinsa.com/products/3259529
2026-09-01,미나브,3272585,보테 리브드 니트 [크림],0.0,0,39000,39000,55200,1,-16200,-29.35,100.0,1,medium,24.09,8,2,none,,9,https://www.musinsa.com/products/3272585
2026-09-01,꼼파뇨,3275849,개굴팝 자수 반팔티 스타화이트,0.0,0,32500,32500,25000,1,7500,30.0,100.0,1,medium,24.09,6,2,none,,9,https://www.musinsa.com/products/3275849
2026-09-01,밀로아카이브,3281929,데님 버뮤다 팬츠 [미드 블루],0.0,0,47880,47880,57600,1,-9720,-16.88,100.0,1,medium,24.01,9,2,none,,9,https://www.musinsa.com/products/3281929
2026-09-01,굿라이프웍스,3283273,와이드 프런트 포켓 썸머 카고 팬츠 카키,0.0,0,25000,25000,25000,0,0,0.0,100.0,1,high,24.09,6,2,none,,9,https://www.musinsa.com/products/3283273
2026-09-01,바우프,3293897,B LOGO 메쉬 볼캡 [블랙],0.23,10879,46750,46750,46750,0,0,0.0,100.0,1,high,24.09,6,2,none,,9,https://www.musinsa.com/products/3293897
2026-09-01,링서울,3311753,[유이수 착용] rayon blended shirring skirt-ivory,0.0,0,85050,85050,66150,1,18900,28.57,100.0,1,medium,24.01,8,2,none,,9,https://www.musinsa.com/products/3311753
2026-09-01,프리즘웍스,3315209,PAPER COTTON TRUCKER HALF SHIRT _ ASH PINK,0.0,0,49000,49000,49000,0,0,0.0,100.0,1,high,24.09,7,2,none,,9,https://www.musinsa.com/products/3315209
2026-09-01,솔트앤초콜릿,3353225,SAC 테리 크롭 스웨트셔츠 퍼플 4W232Y002,0.0,0,33040,33040,41300,1,-8260,-20.0,100.0,1,medium,24.08,7,2,none,,9,https://www.musinsa.com/products/3353225
2026-09-01,노티카,3358473,83플래그 로고 티셔츠(멜란지그레이) NTS4786MGZ,14.85,501032,33750,33750,33750,0,0,0.0,100.0,1,low,9.81,27,5,none,,9,https://www.musinsa.com/products/3358473
2026-09-01,꼼파뇨,3365001,Blice Tropical 반팔티 화이트,0.0,0,27510,27510,27510,0,0,0.0,100.0,1,high,24.09,6,2,none,,9,https://www.musinsa.com/products/3365001
2026-09-01,러브이즈트루,3374089,BE LOGO BEACH TOWEL(BLACK),0.0,0,36370,36370,29950,1,6420,21.44,100.0,1,medium,24.01,8,2,none,,9,https://www.musinsa.com/products/3374089
2026-09-01,1993스튜디오,3400393,빈티지 코튼 트윌 바이커 자켓_카키,0.0,0,90300,90300,90300,0,0,0.0,100.0,1,high,24.08,6,2,none,,9,https://www.musinsa.com/products/3400393
2026-09-01,1993스튜디오,3400585,2WAY 더블 스티치 윈드브레이커_크림,2.6,99711,38285,29000,59900,1,-30900,-51.59,100.0,1,medium,24.08,11,2,none,,9,https://www.musinsa.com/products/3400585
2026-09-01,프렌다,3425481,FRAYED POCKET DENIM PANTS DARK BROWN,0.0,0,59500,59500,59500,0,0,0.0,100.0,1,high,24.09,8,2,none,,9,https://www.musinsa.com/products/3425481
2026-09-01,키뮤어,3434441,레터링 코듀로이 볼캡_라이트그레이,0.0,0,27300,27300,27300,0,0,0.0,100.0,1,high,24.09,7,2,none,,9,https://www.musinsa.com/products/3434441
2026-09-01,트래블,3437833,워크샵 콤비네이션 래글런 롱 슬리브 핑크,1.0,19846,19900,19900,19900,0,0,0.0,100.0,1,low,24.09,16,2,none,,9,https://www.musinsa.com/products/3437833
2026-09-01,트래블,3437897,라인 테이프 다트 팬츠 블랙,3.2,126457,39500,39500,39500,0,0,0.0,100.0,1,high,24.09,13,2,none,,9,https://www.musinsa.com/products/3437897
2026-09-01,필루미네이트,3448265,오버핏 액티브 스웨트 셔츠-카키,0.0,0,21900,21900,21900,0,0,0.0,100.0,1,high,24.01,8,2,none,,9,https://www.musinsa.com/products/3448265
2026-09-01,커버낫,3455113,데님 레귤러 다잉 팬츠 베이지,0.39,15262,39000,39000,39000,0,0,0.0,100.0,1,high,24.08,6,2,none,,9,https://www.musinsa.com/products/3455113
2026-09-01,낫포너드,3462985,Boomerang Logo Pullover Hood - Grey,0.0,0,42390,42390,42390,0,0,0.0,100.0,1,high,24.09,6,2,none,,9,https://www.musinsa.com/products/3462985
2026-09-01,나인제트,3463177,에센셜 메탈 하프집업 스웻셔츠 23SW08,0.0,0,58500,58500,58500,0,0,0.0,100.0,1,high,24.09,6,2,none,,9,https://www.musinsa.com/products/3463177
2026-09-01,프리즘웍스,3471497,CORDUROY BUDDY HARRINGTON JACKET _ BROWN,1.98,225081,113657,113220,125800,1,-12580,-10.0,100.0,1,medium,24.0,10,5,none,,9,https://www.musinsa.com/products/3471497
2026-09-01,드로우핏우먼,3484937,세미 부츠컷 진 [LIGHT BLUE],0.0,0,57750,57750,57750,0,0,0.0,100.0,1,high,24.09,8,2,none,,9,https://www.musinsa.com/products/3484937
2026-09-01,드로우핏우먼,3485001,내추럴 세미 와이드 컬러 진 [GREY],0.0,0,57750,57750,57750,0,0,0.0,100.0,1,high,24.09,8,2,none,,9,https://www.musinsa.com/products/3485001
2026-09-01,아틀리에나인,3490121,클래식 오버핏 심볼 자수 맨투맨(T-6695),0.0,0,71100,71100,71100,0,0,0.0,100.0,1,high,24.09,6,2,none,,9,https://www.musinsa.com/products/3490121
2026-09-01,밀로아카이브,3492745,러기드 자켓 [딥 브라운],0.0,0,89000,89000,89000,0,0,0.0,100.0,1,high,24.01,8,2,none,,9,https://www.musinsa.com/products/3492745
2026-09-01,에스피오나지,3503945,Washed Canvas Blouson Jacket Charcoal Navy,1.0,179031,179681,179550,189000,1,-9450,-5.0,100.0,1,medium,24.09,7,2,none,,9,https://www.musinsa.com/products/3503945
2026-09-01,트래블,3514249,커브드 라인 카고 스웨트 팬츠 차콜,0.0,0,44500,44500,44500,0,0,0.0,100.0,1,high,24.09,8,2,none,,9,https://www.musinsa.com/products/3514249
2026-09-01,제멋,3516233,로그 오버핏 투웨이 기모 후드집업 6종 다크네이비 YHHD2462,0.0,0,42900,42900,42900,0,0,0.0,100.0,1,high,24.09,7,2,none,,9,https://www.musinsa.com/products/3516233
2026-09-01,999휴머니티,3520137,이지 팬츠 버전2 (그레비티 그레이),0.64,107548,168000,168000,168000,0,0,0.0,100.0,1,high,24.09,6,2,none,,9,https://www.musinsa.com/products/3520137
2026-09-01,아틀리에나인,3525193,마틴 클래식 랩 미니 스커트S(SK-4881),0.0,0,107100,107100,107100,0,0,0.0,100.0,1,high,24.09,6,2,none,,9,https://www.musinsa.com/products/3525193
2026-09-01,파르티멘토우먼,3536073,로우라이즈 핀턱 부츠컷 진_카키,0.0,0,124200,124200,124200,0,0,0.0,100.0,1,high,24.09,6,2,none,,9,https://www.musinsa.com/products/3536073
2026-09-01,시야쥬,3536841,SIAC3032 말레30 스퀘어 레더 벨트_Black,0.0,0,60300,60300,67000,1,-6700,-10.0,100.0,1,medium,24.08,6,2,none,,9,https://www.musinsa.com/products/3536841
2026-09-01,디미트리블랙,3539913,2WAY 헤비웨이트 케이블 니트 후드 집업_오트밀,0.0,0,40900,40900,47900,1,-7000,-14.61,100.0,1,medium,24.08,6,2,none,,9,https://www.musinsa.com/products/3539913
2026-09-01,더뮤지엄비지터,3543433,HAND PAINTED DENIM JACKET (PINK),0.0,0,161600,161600,161600,0,0,0.0,100.0,1,high,24.08,7,2,none,,9,https://www.musinsa.com/products/3543433
2026-09-01,썸웨어버터,3543817,fle backpack - vintage red,0.0,0,114240,114240,114240,0,0,0.0,100.0,1,high,24.01,8,2,none,,9,https://www.musinsa.com/products/3543817
2026-09-01,제멋,3551177,헤븐 투웨이 테리 후드집업 8종 다크그린 KJHD2523,0.0,0,37900,37900,37900,0,0,0.0,1.4,0,low,24.0,6,1,none,,9,https://www.musinsa.com/products/3551177
2026-09-01,아틀리에나인,3551241,콜린 셋업 트위드 미니 스커트(SK-4837),0.0,0,80100,80100,77430,1,2670,3.45,100.0,1,medium,24.09,6,2,none,,9,https://www.musinsa.com/products/3551241
2026-09-01,드로우핏우먼,3552585,소프트 캐시미어 싱글 발마칸 코트 [BLACK],0.0,0,246400,246400,246400,0,0,0.0,100.0,1,low,24.09,7,2,none,,9,https://www.musinsa.com/products/3552585
2026-09-01,파르티멘토우먼,3558025,리벳 스트레이트 진_라이트 블루,0.0,0,124200,124200,124200,0,0,0.0,100.0,1,high,24.09,6,2,none,,9,https://www.musinsa.com/products/3558025
2026-09-01,브라운야드,3565321,"뉴스탠다드 데님, 라이트 블루",0.0,0,198000,198000,198000,0,0,0.0,100.0,1,high,24.01,8,2,none,,9,https://www.musinsa.com/products/3565321
2026-09-01,스컬프터,3566985,Boucle Knit Zip-Up Avocado,0.0,0,54880,54880,68600,1,-13720,-20.0,100.0,1,medium,24.08,7,2,none,,9,https://www.musinsa.com/products/3566985
2026-09-01,아메스월드와이드,3568329,SYMBOL LOGO EMBROIDERY HOODIE GREY (AM2DFUM408A),0.0,0,27600,27600,18400,1,9200,50.0,100.0,1,medium,24.09,6,2,none,,9,https://www.musinsa.com/products/3568329
2026-09-01,어반드레스,3575433,Side Big Cargo Pants VINTAGE PINK,0.06,2239,39900,52800,39900,1,12900,32.33,100.0,1,low,24.0,9,5,none,,9,https://www.musinsa.com/products/3575433
2026-09-01,해칭룸,3578505,Reversible Jersey Vest Olive Grey,0.0,0,142400,142400,142400,0,0,0.0,100.0,1,high,24.09,6,2,none,,9,https://www.musinsa.com/products/3578505
2026-09-01,와이케이,3583753,돌핀 부클 니트 블루,0.0,0,63700,63700,63700,0,0,0.0,100.0,1,high,24.01,8,2,none,,9,https://www.musinsa.com/products/3583753
2026-09-01,키뮤어,3585225,코듀로이 헤링턴 RDS 다운점퍼_네이비,0.01,2936,209000,209000,209000,0,0,0.0,1.41,0,low,24.0,5,1,none,,9,https://www.musinsa.com/products/3585225
2026-09-01,제멋,3589961,위크 카고 스웨트팬츠 6종 카키 KJLP2522,0.0,0,35900,35900,35900,0,0,0.0,100.0,1,high,24.09,7,2,none,,9,https://www.musinsa.com/products/3589961
2026-09-01,플랙,3597001,유니 컬러 포인트 윈드브레이커 네이버,0.0,0,159000,159000,159000,0,0,0.0,100.0,1,high,24.08,6,2,none,,9,https://www.musinsa.com/products/3597001
2026-09-01,어반드레스,3599305,Ant Waist Collar Knit MELANGE,0.01,508,36000,36000,36000,0,0,0.0,100.0,1,high,24.09,7,2,none,,9,https://www.musinsa.com/products/3599305
2026-09-01,어반드레스,3599369,Noga Shoulder Cut-out Knit IVORY,0.0,0,44250,44250,44250,0,0,0.0,100.0,1,high,24.09,7,2,none,,9,https://www.musinsa.com/products/3599369
2026-09-01,어반드레스,3599497,POCKET MINI SUEDE PLEATS SKIRT BROWN,0.0,0,18340,18340,18340,0,0,0.0,100.0,1,high,24.09,7,2,none,,9,https://www.musinsa.com/products/3599497
2026-09-01,어반드레스,3599561,클래식 투턱 와이드 슬랙스 차콜,0.0,0,29500,29500,29500,0,0,0.0,100.0,1,high,24.09,7,2,none,,9,https://www.musinsa.com/products/3599561
2026-09-01,코드그라피,3603209,WAVE 로고 헤어리 웜 풀오버 니트_블루,0.0,0,39600,39600,39600,0,0,0.0,100.0,1,high,24.09,6,2,none,,9,https://www.musinsa.com/products/3603209
2026-09-01,어반드레스,3611977,UNISEX AV OVERSIZED ZIP-UP PIGMENT BLACK,0.0,0,44500,44500,44500,0,0,0.0,100.0,1,high,24.09,7,2,none,,9,https://www.musinsa.com/products/3611977
2026-09-01,어반드레스,3612105,Side-line Wide Pants GREY,0.0,0,66750,66750,66750,0,0,0.0,100.0,1,high,24.09,7,2,none,,9,https://www.musinsa.com/products/3612105
2026-09-01,후드후드,3614025,에일리언 유니버스 아트웍 오버핏 맨투맨 샌드베이지,0.0,0,27600,27600,27600,0,0,0.0,100.0,1,high,24.09,6,2,none,,9,https://www.musinsa.com/products/3614025
2026-09-01,론론,3619913,V NECK SLIM LONG SLEEVE RED,0.0,0,44550,44550,30800,1,13750,44.64,100.0,1,medium,24.09,7,2,none,,9,https://www.musinsa.com/products/3619913
2026-09-01,모즈모즈,3622281,벌룬로고 부클자수 오버핏 기모후드 그레이,0.0,0,50400,50400,50400,0,0,0.0,100.0,1,high,24.09,6,2,none,,9,https://www.musinsa.com/products/3622281
2026-09-01,바이젝,3629833,헤비기모 무지 오버핏 후드티_3Color,0.0,0,72000,72000,72000,0,0,0.0,100.0,1,high,24.08,6,2,none,,9,https://www.musinsa.com/products/3629833
2026-09-01,커버낫,3633673,미드 기장 후드 퍼 다운 점퍼 블랙,0.0,0,215400,215400,215400,0,0,0.0,100.0,1,high,24.08,6,2,none,,9,https://www.musinsa.com/products/3633673
2026-09-01,트리밍버드,3639497,Scratch Damage Denim Pants [ Black ],0.01,2708,189000,189000,189000,0,0,0.0,100.0,1,high,24.09,7,2,none,,9,https://www.musinsa.com/products/3639497
2026-09-01,트리밍버드,3639561,Denim Cargo Pants [ Black ],0.0,0,109500,109500,109500,0,0,0.0,100.0,1,high,24.09,7,2,none,,9,https://www.musinsa.com/products/3639561
2026-09-01,레더리,3640073,릴렉시드 니트 바라클라바 [BLACK],0.0,0,34200,34200,34200,0,0,0.0,100.0,1,high,24.09,6,2,none,,9,https://www.musinsa.com/products/3640073
2026-09-01,필루미네이트,3640649,오버핏 시노그래프 래글런 후디-브라운,0.0,0,34000,34000,34000,0,0,0.0,100.0,1,high,24.01,8,2,none,,9,https://www.musinsa.com/products/3640649
2026-09-01,필루미네이트,3641033,오버핏 아카이브 시노그래프 후디-블랙,0.0,0,21900,21900,21900,0,0,0.0,100.0,1,high,24.01,8,2,none,,9,https://www.musinsa.com/products/3641033
2026-09-01,트리밍버드,3646665,Scarf Shirring Long One-Piece [ Black ],0.0,0,144500,144500,144500,0,0,0.0,100.0,1,high,24.09,7,2,none,,9,https://www.musinsa.com/products/3646665
2026-09-01,드로우핏우먼,3650057,볼드 리브드 울 니트 레그워머 [BLACK],0.0,0,35100,35100,35100,0,0,0.0,100.0,1,high,24.09,8,2,none,,9,https://www.musinsa.com/products/3650057
2026-09-01,트릴리온,3650953,에센셜 세미 와이드 슬랙스 (BROWN),2.67,67768,25400,25400,25400,0,0,0.0,100.0,1,low,24.09,10,2,none,,9,https://www.musinsa.com/products/3650953
2026-09-01,러브이즈트루,3654281,AM NYLON TUCK BOOTSCUT PANTS(GRAY),0.0,0,83600,83600,83600,0,0,0.0,100.0,1,high,24.01,8,2,none,,9,https://www.musinsa.com/products/3654281
2026-09-01,플랙,3661897,RWS 울 라운드 넥 니트 차콜,0.0,0,89000,89000,89000,0,0,0.0,100.0,1,high,24.08,6,2,none,,9,https://www.musinsa.com/products/3661897
2026-09-01,더블유엠씨,3669449,크랙워싱 트러커_BLACK,0.0,0,76050,76050,76050,0,0,0.0,100.0,1,high,24.01,8,2,none,,9,https://www.musinsa.com/products/3669449
2026-09-01,시눈,3700489,HAIRY COZY MUFFLER (LIGHT BEIGE),0.0,0,25080,25080,25080,0,0,0.0,100.0,1,high,24.09,6,2,none,,9,https://www.musinsa.com/products/3700489
2026-09-01,코드그라피,3710729,케이블 이중우수 풀오버 니트_빈티지블루,0.0,0,62300,62300,62300,0,0,0.0,100.0,1,high,24.09,6,2,none,,9,https://www.musinsa.com/products/3710729
2026-09-01,로제프란츠,3737993,Velvet Ribbon Hoodie [Black],0.0,0,32560,32560,28490,1,4070,14.29,100.0,1,medium,24.09,6,2,none,,9,https://www.musinsa.com/products/3737993
2026-09-01,밀로아카이브,3744393,소프트 패치 니트 머플러 [머스타드],0.0,0,26500,26500,26500,0,0,0.0,100.0,1,high,24.01,9,2,none,,9,https://www.musinsa.com/products/3744393
2026-09-01,제너럴아이디어,3769865,보트넥 링클 크롭 티셔츠 [BLACK] / WBD1L01504,0.0,0,24700,24700,24700,0,0,0.0,100.0,1,high,24.08,7,2,none,,9,https://www.musinsa.com/products/3769865
2026-09-01,커버낫,3773897,헤링본 후디 집업 네이비,0.0,0,54500,54500,54500,0,0,0.0,100.0,1,high,24.08,6,2,none,,9,https://www.musinsa.com/products/3773897
2026-09-01,드로우핏우먼,3783561,셔링 집업 윈드브레이커 [WHITE],0.0,0,87200,87200,87200,0,0,0.0,100.0,1,high,24.09,8,2,none,,9,https://www.musinsa.com/products/3783561
2026-09-01,글로니,3784201,G CLASSIC COTTON TWILL SHIRT (WHITE),0.0,0,93240,93240,148000,1,-54760,-37.0,100.0,1,medium,24.09,7,2,none,,9,https://www.musinsa.com/products/3784201
2026-09-01,어반드레스,3785097,Rne Big Pocket Pants DARK GREY,0.0,0,44400,44400,44400,0,0,0.0,100.0,1,high,24.09,7,2,none,,9,https://www.musinsa.com/products/3785097
2026-09-01,브라운브레스,3786249,TAG SPREAD BANDING PANTS - BLUE,0.0,0,62300,62300,62300,0,0,0.0,100.0,1,high,24.09,8,2,none,,9,https://www.musinsa.com/products/3786249
2026-09-01,더뮤지엄비지터,3786505,STAR DAMAGED BOOTSCUT DENIM PANTS (LIGHT BLUE),0.0,0,89200,89200,89200,0,0,0.0,100.0,1,high,24.08,7,2,none,,9,https://www.musinsa.com/products/3786505
2026-09-01,엘무드,3788297,스톤 워시드 코튼 풀오버 니트 다크그레이,0.0,0,42700,42700,42700,0,0,0.0,100.0,1,high,24.08,6,2,none,,9,https://www.musinsa.com/products/3788297
2026-09-01,코드그라피,3790729,빅 캔버스 레터링 크로스백_2color,0.0,0,23710,23710,23710,0,0,0.0,100.0,1,high,24.09,6,2,none,,9,https://www.musinsa.com/products/3790729
2026-09-01,필루미네이트,3792585,필루미네이트 테디 베어 키링-3 Color,0.0,0,16000,16000,16000,0,0,0.0,100.0,1,high,24.01,8,2,none,,9,https://www.musinsa.com/products/3792585
2026-09-01,마인드브릿지,3796553,두굿_세미와이드 밴딩 슬랙스 - 5color MAPT01A3,3.67,124286,33910,33910,33910,0,0,0.0,100.0,1,high,9.05,22,6,none,,9,https://www.musinsa.com/products/3796553
2026-09-01,키르시,3799817,포켓 빈티지 스티치 포인트 더플백 [블랙],0.0,0,44500,44500,49500,1,-5000,-10.1,100.0,1,medium,24.08,6,2,none,,9,https://www.musinsa.com/products/3799817
2026-09-01,넌블랭크,3800585,[현킴 SET-UP] 세미 오버 핏 셋업 수트_BLACK,0.96,167923,174400,174400,174400,0,0,0.0,100.0,1,high,24.01,8,2,none,,9,https://www.musinsa.com/products/3800585
2026-09-01,커버낫,3801161,레트로 트랙 팬츠 네이비,0.0,0,49000,49000,49000,0,0,0.0,100.0,1,high,24.08,6,2,none,,9,https://www.musinsa.com/products/3801161
2026-09-01,트릴리온,3802505,워셔블 투 톤 후드 집업 그래픽 니트 (KHAKI),0.0,0,29990,29990,29990,0,0,0.0,100.0,1,high,24.09,6,2,none,,9,https://www.musinsa.com/products/3802505
2026-09-01,로템버,3807881,스페이 패널 헌팅 블루종 자켓 [KHAKI],0.0,0,170100,170100,170100,0,0,0.0,100.0,1,high,24.09,8,2,none,,9,https://www.musinsa.com/products/3807881
2026-09-01,세컨모놀로그,3812105,Check Hooded Shirt [BRICKRED]_SESH012BRICKRED,0.0,0,50400,50400,46800,1,3600,7.69,100.0,1,medium,24.08,6,2,none,,9,https://www.musinsa.com/products/3812105
2026-09-01,데케트,3814985,Dawn Semi Wide Jeans DCPT002STNGRBlue,0.11,4654,43400,43400,43400,0,0,0.0,100.0,1,high,24.09,6,2,none,,9,https://www.musinsa.com/products/3814985
2026-09-01,커버낫,3815049,아치 로고 맨투맨 오트밀,0.0,0,47400,47400,47400,0,0,0.0,100.0,1,high,24.08,6,2,none,,9,https://www.musinsa.com/products/3815049
2026-09-01,드로우핏,3815305,오버사이즈 에센셜 스트라이프 셔츠 [BLUE],0.0,0,53100,53100,53100,0,0,0.0,100.0,1,high,24.09,6,2,none,,9,https://www.musinsa.com/products/3815305
2026-09-01,트리밍버드,3817353,Boat Neck Finger Hole Long Sleeve [ White ],0.0,0,59000,59000,59000,0,0,0.0,100.0,1,high,24.09,7,2,none,,9,https://www.musinsa.com/products/3817353
2026-09-01,유니폼브릿지,3818313,stripe sleeve tee(womens) ivory,0.0,0,23710,23710,23710,0,0,0.0,100.0,1,high,24.08,7,2,none,,9,https://www.musinsa.com/products/3818313
2026-09-01,배드블러드,3821001,비욘드 소프트 후드 - 블랙,0.0,0,71200,71200,71200,0,0,0.0,100.0,1,high,24.09,7,2,none,,9,https://www.musinsa.com/products/3821001
2026-09-01,시눈,3829961,PUFF BLOUSE (WHITE),0.0,0,71680,71680,71680,0,0,0.0,100.0,1,high,24.09,6,2,none,,9,https://www.musinsa.com/products/3829961
2026-09-01,커버낫,3830345,C 로고 스웻 쇼츠 그린,0.0,0,23900,23900,23900,0,0,0.0,100.0,1,high,24.08,6,2,none,,9,https://www.musinsa.com/products/3830345
2026-09-01,키르시,3833865,엠블럼 와펜 라운드넥 니트 [아이보리],0.0,0,44500,44500,44500,0,0,0.0,100.0,1,high,24.08,6,2,none,,9,https://www.musinsa.com/products/3833865
2026-09-01,데케트,3839241,[2PACK]Deep Pleats Wide Jeans DCPT030,0.0,0,74400,74400,74400,0,0,0.0,100.0,1,high,24.09,6,2,none,,9,https://www.musinsa.com/products/3839241
2026-09-01,노이어,3839305,밴딩 와이드 트랙 팬츠 (블랙),0.0,0,105000,105000,105000,0,0,0.0,100.0,1,high,24.09,7,2,none,,9,https://www.musinsa.com/products/3839305
2026-09-01,노이어,3839625,디스트로이드 플레어 데님 팬츠 (빈티지블루),1.0,83902,84206,84120,90000,1,-5880,-6.53,100.0,1,medium,24.09,12,2,none,,9,https://www.musinsa.com/products/3839625
2026-09-01,노이어,3839753,럭스 코튼 클래식 가디건 (블랙),0.0,0,108000,108000,108000,0,0,0.0,100.0,1,high,24.09,7,2,none,,9,https://www.musinsa.com/products/3839753
2026-09-01,낫포너드,3840905,Nylon Big Pocket Parachute Pants - Black,0.77,30107,39330,39330,39330,0,0,0.0,100.0,1,low,24.09,14,2,none,,9,https://www.musinsa.com/products/3840905
2026-09-01,코드그라피,3841161,유틸리티 나일론 후드 베스트_2COLOR,0.0,0,55300,55300,55300,0,0,0.0,100.0,1,high,24.09,6,2,none,,9,https://www.musinsa.com/products/3841161
2026-09-01,스컬프터,3845001,Cargo Zip-Up Dress Charcoal,0.0,0,89040,89040,111300,1,-22260,-20.0,100.0,1,medium,24.08,7,2,none,,9,https://www.musinsa.com/products/3845001
2026-09-01,트릴리온,3845705,스타 아플리케 데미지 워싱 데님 팬츠 (DEEP GREEN),0.11,3160,29500,29500,29500,0,0,0.0,100.0,1,high,24.09,6,2,none,,9,https://www.musinsa.com/products/3845705
2026-09-01,와이케이,3846793,멀티 스트라이프 시스루 니트 퍼플,0.0,0,48100,48100,48100,0,0,0.0,100.0,1,high,24.01,8,2,none,,9,https://www.musinsa.com/products/3846793
2026-09-01,코드그라피,3847945,(우먼) 코튼 크롭 셔츠_화이트,0.0,0,17710,17710,17710,0,0,0.0,100.0,1,high,24.09,6,2,none,,9,https://www.musinsa.com/products/3847945
2026-09-01,테이크이지,3848649,우먼스 아플리케 와이드 팬츠(마린블루),0.0,0,24500,24500,19400,1,5100,26.29,100.0,1,medium,24.08,6,2,none,,9,https://www.musinsa.com/products/3848649
2026-09-01,모즈모즈,3849225,액티브 로고 오버핏 반팔티셔츠 블랙,0.0,0,23800,23800,23800,0,0,0.0,100.0,1,high,24.09,6,2,none,,9,https://www.musinsa.com/products/3849225
2026-09-01,론론,3851913,BIG RIBBON LINE T SHIRT WHITE PINK,0.0,0,38070,38070,26320,1,11750,44.64,100.0,1,medium,24.09,7,2,none,,9,https://www.musinsa.com/products/3851913
2026-09-01,에이치덱스,3852617,우먼스 심볼 스퀘어넥 크롭 롱 슬리브 (Bone),0.0,0,33600,33600,33600,0,0,0.0,100.0,1,high,24.09,6,2,none,,9,https://www.musinsa.com/products/3852617
2026-09-01,나이스고스트클럽,3857545,FFATS PARACHUTE CARGO SHORTS_RED(NG2EMUPA61A),0.0,0,50040,50040,50040,0,0,0.0,100.0,1,high,24.01,8,2,none,,9,https://www.musinsa.com/products/3857545
2026-09-01,커스텀어클락,3858441,[리뉴얼ver.] 쿨 체크 숏 슬리브 셔츠 4 COLOR COOSSH191,6.1,133999,21950,19500,24900,1,-5400,-21.69,100.0,1,low,10.17,26,6,none,,9,https://www.musinsa.com/products/3858441
2026-09-01,후드후드,3861513,데미지 스페이스 크래프트 후드 블랙,0.0,0,48060,48060,48060,0,0,0.0,100.0,1,high,24.09,6,2,none,,9,https://www.musinsa.com/products/3861513
2026-09-01,프리즘웍스,3870089,BACKSATIN FATIGUE PANTS _ KHAKI BEIGE,0.98,75091,76500,76500,85000,1,-8500,-10.0,100.0,1,medium,24.09,7,2,none,,9,https://www.musinsa.com/products/3870089
2026-09-01,프리즘웍스,3870153,OG VINTAGE DYEING SWEATSHIRT _ DARK GREEN,0.0,0,71100,71100,79000,1,-7900,-10.0,100.0,1,medium,24.09,7,2,none,,9,https://www.musinsa.com/products/3870153
2026-09-01,르바,3870921,Tweed Jacquard Round Knit - Natural,0.0,0,143500,143500,143500,0,0,0.0,100.0,1,high,24.09,6,2,none,,9,https://www.musinsa.com/products/3870921
2026-09-01,에이지오디,3871625,와이드 데님 팬츠 [크림],4.93,126909,25734,25280,29540,1,-4260,-14.42,100.0,1,medium,24.09,17,2,none,,9,https://www.musinsa.com/products/3871625
2026-09-01,더뮤지엄비지터,3875273,WASHED DENIM MINIBAG (PINK BLUE),0.0,0,59200,59200,59200,0,0,0.0,100.0,1,high,24.08,7,2,none,,9,https://www.musinsa.com/products/3875273
2026-09-01,드헤베,3893577,Haus Round Sweatshirt [White Melange],0.0,0,45140,45140,45140,0,0,0.0,100.0,1,high,24.09,6,2,none,,9,https://www.musinsa.com/products/3893577
2026-09-01,마인드브릿지우먼,3904137,[W]스티치배색그래픽티셔츠 - 2color MYTS3208,0.0,0,19900,19900,19900,0,0,0.0,100.0,1,high,24.09,6,2,none,,9,https://www.musinsa.com/products/3904137
2026-09-01,커버낫,3905033,C 로고 럭비 카라 하프 니트 라임,0.0,0,40100,40100,40100,0,0,0.0,100.0,1,high,24.08,6,2,none,,9,https://www.musinsa.com/products/3905033
2026-09-01,에스피오나지,3905801,Light Roadrunner Shorts Black,0.0,0,48000,48000,48000,0,0,0.0,100.0,1,high,24.09,7,2,none,,9,https://www.musinsa.com/products/3905801
2026-09-01,마인드브릿지,3906185,[COUTURE]오버핏셔츠 - 2color MYWS3170,0.0,0,29900,29900,29900,0,0,0.0,100.0,1,high,24.09,6,2,none,,9,https://www.musinsa.com/products/3906185
2026-09-01,인사일런스,3910921,포그 스트럭처 자켓 GREY,0.0,0,118440,118440,131600,1,-13160,-10.0,100.0,1,medium,24.08,6,2,none,,9,https://www.musinsa.com/products/3910921
2026-09-01,999휴머니티,3911945,EVD 후디 (페이디드 올리브),0.0,0,128000,128000,128000,0,0,0.0,100.0,1,high,24.09,6,2,none,,9,https://www.musinsa.com/products/3911945
2026-09-01,디스이즈네버댓,3920585,SUPPLEX® Long Bill Bucket Hat Deep Green,0.0,0,19600,19600,19600,0,0,0.0,100.0,1,high,24.08,6,2,none,,9,https://www.musinsa.com/products/3920585
2026-09-01,링서울,3921865,tencel blended round top-black,0.0,0,26490,26490,20610,1,5880,28.53,100.0,1,medium,24.01,8,2,none,,9,https://www.musinsa.com/products/3921865
2026-09-01,드헤베,3932233,Camila Tie Silky Blouse [Pink],0.0,0,68090,68090,68090,0,0,0.0,100.0,1,high,24.09,6,2,none,,9,https://www.musinsa.com/products/3932233
2026-09-01,마인드브릿지우먼,3934729,[W][쿨]슬림테이퍼드밴딩슬랙스 - 2color MYPT3201,0.0,0,29900,29900,29900,0,0,0.0,100.0,1,high,24.09,6,2,none,,9,https://www.musinsa.com/products/3934729
2026-09-01,소버먼트,3936393,950G 솔리드 맨투맨-수프 베이지-[오버핏],0.0,0,33600,33600,33600,0,0,0.0,100.0,1,high,24.01,8,2,none,,9,https://www.musinsa.com/products/3936393
2026-09-01,프렌다,3939337,P LOGO PATCH STRIPE LONG SLEEVE KNIT WHITE,0.0,0,54500,54500,54500,0,0,0.0,100.0,1,high,24.09,8,2,none,,9,https://www.musinsa.com/products/3939337
2026-09-01,바우프,3939913,B 패치 반팔 크롭티 [화이트],0.0,0,44250,44250,44250,0,0,0.0,100.0,1,high,24.09,6,2,none,,9,https://www.musinsa.com/products/3939913
2026-09-01,코드그라피,3947657,CGP 로고 배색 반팔 니트_블랙,0.0,0,22210,22210,22210,0,0,0.0,100.0,1,high,24.09,6,2,none,,9,https://www.musinsa.com/products/3947657
2026-09-01,커버낫,3972937,트로피컬 로고 티셔츠 라이트 핑크,0.0,0,22050,22050,22050,0,0,0.0,100.0,1,high,24.08,6,2,none,,9,https://www.musinsa.com/products/3972937
2026-09-01,메인부스,3980937,Tropicana Phone Case,0.0,0,19800,19800,19800,0,0,0.0,100.0,1,high,24.09,6,2,none,,9,https://www.musinsa.com/products/3980937
2026-09-01,드로우핏우먼,3984009,플라워 패치 수피마 반팔 티셔츠 [BLACK],0.0,0,39600,39600,39600,0,0,0.0,100.0,1,high,24.09,8,2,none,,9,https://www.musinsa.com/products/3984009
2026-09-01,아메스월드와이드,3988745,WIDE BELTED POCKET BAG GREEN (AM2ESUAB45A),0.0,0,48650,48650,83400,1,-34750,-41.67,100.0,1,medium,24.09,6,2,none,,9,https://www.musinsa.com/products/3988745
2026-09-01,마인드브릿지우먼,3989257,[ON][W]골지 민소매 티셔츠 - 5color,0.0,0,19900,19900,19900,0,0,0.0,100.0,1,high,24.09,6,2,none,,9,https://www.musinsa.com/products/3989257
2026-09-01,마인드브릿지,3989385,엑스트라와이드워싱데님팬츠 MYDP6155,0.0,0,19900,19900,19900,0,0,0.0,100.0,1,high,24.09,6,2,none,,9,https://www.musinsa.com/products/3989385
2026-09-01,어나더오피스,3990665,Habana Banded Slacks (Dark Khaki),0.0,0,132000,132000,132000,0,0,0.0,100.0,1,high,24.09,8,2,none,,9,https://www.musinsa.com/products/3990665
2026-09-01,아웃스탠딩,3997257,A-2 BELTED SHORTS_CAMO,0.14,7560,54400,61200,54400,1,6800,12.5,100.0,1,low,24.08,7,2,none,,9,https://www.musinsa.com/products/3997257
2026-09-01,시눈,3997641,Rabbit Tie Dress (Beige),0.0,0,99680,99680,99680,0,0,0.0,100.0,1,high,24.09,6,2,none,,9,https://www.musinsa.com/products/3997641
2026-09-01,키르시,3997897,레이어드 후드 우븐 드레스 [블랙],0.0,0,69500,69500,69500,0,0,0.0,100.0,1,high,24.08,6,2,none,,9,https://www.musinsa.com/products/3997897
2026-09-01,아웃스탠딩,3998025,V.S.C TEE(NEWPORT)_1%OATMEAL,1.85,71187,38378,38700,34400,1,4300,12.5,100.0,1,low,24.08,7,2,none,,9,https://www.musinsa.com/products/3998025
2026-09-01,아웃스탠딩,4000073,CHAIN STITCH OPEN COLLAR HALF SHIRT_PINK,0.0,0,66600,66600,51800,1,14800,28.57,100.0,1,medium,24.08,7,2,none,,9,https://www.musinsa.com/products/4000073
2026-09-01,스컬프터,4001865,Flocking Symbol Logo Tee White,0.0,0,19600,19600,24500,1,-4900,-20.0,100.0,1,medium,24.08,7,2,none,,9,https://www.musinsa.com/products/4001865
2026-09-01,1993스튜디오,4008265,오리지널 스웨트 숏 스커트_라이트그레이,0.0,0,24500,24500,24500,0,0,0.0,100.0,1,high,24.08,6,2,none,,9,https://www.musinsa.com/products/4008265
2026-09-01,유라고,4010249,Aqua straight denim pants,0.0,0,65360,65360,65360,0,0,0.0,100.0,1,high,24.09,6,2,none,,9,https://www.musinsa.com/products/4010249
2026-09-01,스컬프터,4012745,Archive Pigment Baby Tee Dusty Brown,0.42,14307,34300,19210,34300,1,-15090,-43.99,100.0,1,medium,24.01,17,6,none,,9,https://www.musinsa.com/products/4012745
2026-09-01,제멋,4019081,[2PACK] 플레시 썸머 피그먼트 하프팬츠 6종 2PACK SOSP2563,0.0,0,39800,39800,39800,0,0,0.0,100.0,1,high,24.09,7,2,none,,9,https://www.musinsa.com/products/4019081
2026-09-01,드로우핏우먼,4021001,플라워 자카드 퍼프 반팔 니트 [NAVY],0.0,0,55800,55800,55800,0,0,0.0,100.0,1,high,24.09,8,2,none,,9,https://www.musinsa.com/products/4021001
2026-09-01,루에브르,4021833,Cropped See-Through Cardigan SK4MD775_2color,0.0,0,109000,109000,109000,0,0,0.0,100.0,1,high,24.09,8,2,none,,9,https://www.musinsa.com/products/4021833
2026-09-01,커버낫,4024713,메쉬 선셋 보트 티셔츠 베이지,0.0,0,41400,41400,41400,0,0,0.0,100.0,1,high,24.08,6,2,none,,9,https://www.musinsa.com/products/4024713
2026-09-01,코드그라피,4024777,(우먼) WAVE 로고 심볼 케이블 카라 반팔 니트_네이비,0.0,0,19200,19200,19200,0,0,0.0,100.0,1,high,24.09,6,2,none,,9,https://www.musinsa.com/products/4024777
2026-09-01,코드그라피,4025545,(우먼) COOL 오픈 카라 반팔 스트링 셔츠_스카이블루,0.0,0,17710,17710,17710,0,0,0.0,100.0,1,high,24.09,6,2,none,,9,https://www.musinsa.com/products/4025545
2026-09-01,데케트,4031305,Cotton 2Pleats Shorts DCPT041Khaki,0.0,0,23600,23600,23600,0,0,0.0,100.0,1,high,24.08,6,2,none,,9,https://www.musinsa.com/products/4031305
2026-09-01,니티드,4035529,린넨 케이블 카라 하프 니트 BLACK,0.0,0,28500,28500,19800,1,8700,43.94,100.0,1,medium,24.09,6,2,none,,9,https://www.musinsa.com/products/4035529
2026-09-01,브라운야드,4036041,"버튼 다운 셔츠, 다크 네이비",0.0,0,148000,148000,148000,0,0,0.0,100.0,1,high,24.01,8,2,none,,9,https://www.musinsa.com/products/4036041
2026-09-01,드로우핏,4041033,[서강준 PICK] 실켓 코튼 U넥 티셔츠 [WHITE],8.82,261859,29700,29700,29700,0,0,0.0,100.0,1,low,9.04,20,6,none,,9,https://www.musinsa.com/products/4041033
2026-09-01,어반드레스,4045065,See-through V-neck Collar knit - 4COL,0.0,0,31500,31500,31500,0,0,0.0,100.0,1,high,24.09,7,2,none,,9,https://www.musinsa.com/products/4045065
2026-09-01,브라운야드,4045897,"W 버뮤다 데님 팬츠, 블랙",0.0,0,74000,74000,74000,0,0,0.0,100.0,1,high,24.01,8,2,none,,9,https://www.musinsa.com/products/4045897
2026-09-01,파르티멘토우먼,4046537,글로시 이지 트라우저_브라운,0.0,0,57600,57600,44800,1,12800,28.57,100.0,1,medium,24.09,6,2,none,,9,https://www.musinsa.com/products/4046537
2026-09-01,필루미네이트,4051273,유니버셜 라운드 티셔츠-4Color,0.0,0,18000,18000,18000,0,0,0.0,100.0,1,high,24.01,8,2,none,,9,https://www.musinsa.com/products/4051273
2026-09-01,아캄,4056009,Logo Patch Ringer Top (Pink),0.0,0,44800,44800,51200,1,-6400,-12.5,100.0,1,medium,24.09,6,2,none,,9,https://www.musinsa.com/products/4056009
2026-09-01,러브이즈트루,4059529,IN CROP KNIT CARDIGAN(PINK),0.0,0,39780,39780,32760,1,7020,21.43,100.0,1,medium,24.01,8,2,none,,9,https://www.musinsa.com/products/4059529
2026-09-01,트릴리온,4060489,파라슈트 트랙 라인 밴딩 데님 팬츠 (YELLOW BLACK),0.0,0,35900,35900,35900,0,0,0.0,100.0,1,high,24.09,6,2,none,,9,https://www.musinsa.com/products/4060489
2026-09-01,더바이닐하우스,4061769,STAR TEE YELLOW (VH2EMUT507A),0.61,17200,28420,28420,37720,1,-9300,-24.66,60.53,0,low,24.0,5,1,none,,9,https://www.musinsa.com/products/4061769
2026-09-01,드로우핏,4062153,콘트라스트 블록 반팔 니트 [PISTACHIO GREEN],0.0,0,59400,59400,59400,0,0,0.0,100.0,1,high,24.09,6,2,none,,9,https://www.musinsa.com/products/4062153
2026-09-01,시눈,4065033,Flower Lettering Puff T-Shirt (White),0.0,0,29680,29680,29680,0,0,0.0,100.0,1,high,24.09,6,2,none,,9,https://www.musinsa.com/products/4065033
2026-09-01,아틀리에나인,4074185,JERSEY MIX TAFFETAS DRESS(OP-6162),0.0,0,58800,58800,58800,0,0,0.0,100.0,1,high,24.09,6,2,none,,9,https://www.musinsa.com/products/4074185
2026-09-01,파브레가,4074633,루코비차 카라 니트 (4COLOR),0.0,0,69300,69300,69300,0,0,0.0,100.0,1,high,24.09,6,2,none,,9,https://www.musinsa.com/products/4074633
2026-09-01,파브레가,4074761,오가닉 코튼 슬리브리스 (3COLOR),1.0,36801,36900,36900,36900,0,0,0.0,100.0,1,high,24.09,6,2,none,,9,https://www.musinsa.com/products/4074761
2026-09-01,엑스트라오디너리,4089481,WOMEN CARGO WRAP SKIRT   BEIGE,0.0,0,59950,59950,59950,0,0,0.0,100.0,1,high,24.09,6,2,none,,9,https://www.musinsa.com/products/4089481
2026-09-01,프리즘웍스,4095881,CHAMBRAY BIG POCKET HALF SHIRT _ INDIGO,0.0,0,80100,80100,89000,1,-8900,-10.0,100.0,1,medium,24.09,7,2,none,,9,https://www.musinsa.com/products/4095881
2026-09-01,프리즘웍스,4095945,ARMY HELMET TEE _ WHITE,0.0,0,21000,21000,21000,0,0,0.0,100.0,1,high,24.09,7,2,none,,9,https://www.musinsa.com/products/4095945
2026-09-01,엑스컨테이너,4100169,섬머 라이트 워시드 데님 팬츠 (VINTAGE WASHED BLUE),0.0,0,49000,49000,49000,0,0,0.0,100.0,1,high,24.09,6,2,none,,9,https://www.musinsa.com/products/4100169
2026-09-01,드로우핏우먼,4101705,볼륨 슬리브 리본 원피스 [BLACK],0.0,0,98100,98100,98100,0,0,0.0,100.0,1,high,24.09,8,2,none,,9,https://www.musinsa.com/products/4101705
2026-09-01,시야쥬,4107081,SIST9039 라운지 실키 스커트_White,0.0,0,63180,63180,54600,1,8580,15.71,100.0,1,medium,24.08,6,2,none,,9,https://www.musinsa.com/products/4107081
2026-09-01,본투윈,4109257,CRACK B PIGMENT CROP T-SHIRTS [CHARCOAL],2.71,122059,45000,45000,45000,0,0,0.0,100.0,1,high,24.08,12,2,none,,9,https://www.musinsa.com/products/4109257
2026-09-01,솔트앤초콜릿,4113609,리브 소프트 폼 피셔맨 샌들  412424006 (2.2cm/2colors),0.0,0,52320,52320,65400,1,-13080,-20.0,100.0,1,medium,24.08,7,2,none,,9,https://www.musinsa.com/products/4113609
2026-09-01,언탭트스튜디오,4119561,1996 시그니처 퓨어코튼 빅 오버핏 반팔 티셔츠 2 COLOR,0.0,0,18900,18900,24700,1,-5800,-23.48,100.0,1,medium,24.01,8,2,none,,9,https://www.musinsa.com/products/4119561
2026-09-01,세터,4120841,베이직 피케 폴로 반팔 티셔츠 클래식 네이비,0.0,0,99000,99000,99000,0,0,0.0,100.0,1,high,24.09,6,2,none,,9,https://www.musinsa.com/products/4120841
2026-09-01,꼼파뇨,4120969,DTP 폴링 어게인 반팔티 화이트,0.0,0,32500,32500,25000,1,7500,30.0,100.0,1,medium,24.09,6,2,none,,9,https://www.musinsa.com/products/4120969
2026-09-01,로템버,4123657,스틸라이프 플라워 하프 티셔츠 [NAVY],0.0,0,27440,27440,30870,1,-3430,-11.11,100.0,1,medium,24.09,8,2,none,,9,https://www.musinsa.com/products/4123657
2026-09-01,쿠어,4129033,데미지드 와플 롱 슬리브 티셔츠 (워시드샌드베이지),0.0,0,99000,99000,99000,0,0,0.0,100.0,1,high,24.09,6,2,none,,9,https://www.musinsa.com/products/4129033
2026-09-01,낫포너드,4131273,Devil Girl Ball Cap - Pink,0.0,0,21000,21000,21000,0,0,0.0,100.0,1,high,24.09,6,2,none,,9,https://www.musinsa.com/products/4131273
2026-09-01,어반드레스,4137289,Strawberry Summer Skirt BLUE,0.0,0,18460,18460,18460,0,0,0.0,100.0,1,high,24.09,7,2,none,,9,https://www.musinsa.com/products/4137289
2026-09-01,어반드레스,4137545,Legacy Overfit Check Shirt PINK,0.02,591,38350,38350,38350,0,0,0.0,100.0,1,high,24.09,7,2,none,,9,https://www.musinsa.com/products/4137545
2026-09-01,러브이즈트루,4142921,LUVISTRUE X YASE SPIDER SNEAKERS(NAVY),0.0,0,143100,143100,143100,0,0,0.0,100.0,1,high,24.01,8,2,none,,9,https://www.musinsa.com/products/4142921
2026-09-01,틸아이다이,4147401,Ann button point shirt_Beige,0.0,0,71060,71060,71060,0,0,0.0,100.0,1,high,24.08,7,2,none,,9,https://www.musinsa.com/products/4147401
2026-09-01,무센트,4148425,마드리드 폴리 나일론 와이드 팬츠 남녀공용 (5컬러),4.16,89913,21591,20930,25420,1,-4490,-17.66,100.0,1,low,10.15,23,6,none,,9,https://www.musinsa.com/products/4148425
2026-09-01,바우로프로덕트,4149513,코튼 유넥 티셔츠 [아이보리],0.0,0,32900,32900,32900,0,0,0.0,100.0,1,high,24.09,6,2,none,,9,https://www.musinsa.com/products/4149513
2026-09-01,가까이유니언즈,4153097,에리어 반팔 티셔츠 화이트,0.0,0,31900,31900,31900,0,0,0.0,100.0,1,high,24.09,6,2,none,,9,https://www.musinsa.com/products/4153097
2026-09-01,디앤에스알,4156873,(우먼) 하트 그래픽 크롭 티셔츠 블루,0.0,0,45600,45600,45600,0,0,0.0,100.0,1,high,24.09,6,2,none,,9,https://www.musinsa.com/products/4156873
2026-09-01,노이어,4157065,디스트로이드 플레어 데님 팬츠 (라이트블루),0.08,7004,90000,84120,90000,1,-5880,-6.53,100.0,1,low,24.09,10,2,none,,9,https://www.musinsa.com/products/4157065
2026-09-01,언더오프,4158665,와이드핏 워싱 8부 데님 팬츠 라이트블루,0.0,0,31120,31120,31120,0,0,0.0,100.0,1,high,24.08,6,2,none,,9,https://www.musinsa.com/products/4158665
2026-09-01,락케이크,4159177,Lace Tube Top Set - White,0.0,0,19800,19800,19800,0,0,0.0,100.0,1,high,24.09,8,2,none,,9,https://www.musinsa.com/products/4159177
2026-09-01,론론,4167241,ROUND SHIRRING STRING HALF BLOUSE BLACK,0.0,0,29920,29920,61600,1,-31680,-51.43,100.0,1,medium,24.09,7,2,none,,9,https://www.musinsa.com/products/4167241
2026-09-01,꼼파뇨,4191817,Everywhere Teddy 반팔티 크림,0.0,0,32500,32500,25000,1,7500,30.0,100.0,1,medium,24.09,6,2,none,,9,https://www.musinsa.com/products/4191817
2026-09-01,링서울,4194697,ribbed swim set-red,0.0,0,69420,69420,54000,1,15420,28.56,100.0,1,medium,24.01,8,2,none,,9,https://www.musinsa.com/products/4194697
2026-09-01,파르티멘토우먼,4245385,스터디드 데님 맥시 스커트_화이트,0.0,0,88290,88290,68670,1,19620,28.57,100.0,1,medium,24.09,6,2,none,,9,https://www.musinsa.com/products/4245385
2026-09-01,1993스튜디오,4258953,사이드 트랙 데님 벌룬 팬츠_다크그레이,0.0,0,57000,57000,57000,0,0,0.0,100.0,1,high,24.08,6,2,none,,9,https://www.musinsa.com/products/4258953
2026-09-01,언더오프,4260361,더블코튼 무지 래글런 후드 스웨트 그레이,0.6,9615,15900,15900,15900,0,0,0.0,100.0,1,high,24.08,12,2,none,,9,https://www.musinsa.com/products/4260361
2026-09-01,필루미네이트,4266761,메탈 심볼 로고 헤링턴 자켓-네이비,0.0,0,59000,59000,59000,0,0,0.0,100.0,1,high,24.01,8,2,none,,9,https://www.musinsa.com/products/4266761
2026-09-01,리메인세컨드,4273993,오버핏 시그니처 로고 후디 [그레이],0.0,0,22000,22000,22000,0,0,0.0,100.0,1,high,24.09,6,2,none,,9,https://www.musinsa.com/products/4273993
2026-09-01,노매뉴얼,4279881,HALF & HALF CORDUROY PANTS - BLACK,0.0,0,64500,64500,64500,0,0,0.0,100.0,1,high,24.09,6,2,none,,9,https://www.musinsa.com/products/4279881
2026-09-01,커버낫,4286857,레귤러핏 스웻 조거 팬츠 스카이블루,0.0,0,21740,21740,21740,0,0,0.0,100.0,1,high,24.08,6,2,none,,9,https://www.musinsa.com/products/4286857
2026-09-01,에이이에이이,4289865,WEB LOGO L/S [CHARCOAL],0.0,0,52650,52650,52650,0,0,0.0,100.0,1,high,24.09,6,2,none,,9,https://www.musinsa.com/products/4289865
2026-09-01,커버낫,4292233,아치 로고 드롭핏 후디 헤더 그레이,0.0,0,39000,39000,39000,0,0,0.0,100.0,1,high,24.08,6,2,none,,9,https://www.musinsa.com/products/4292233
2026-09-01,어널러코드,4309321,엠보워싱 데님팬츠 (그린블루),2.95,101174,34300,34300,34300,0,0,0.0,62.26,0,low,24.0,14,3,none,,9,https://www.musinsa.com/products/4309321
2026-09-01,세터,4311945,테오 코튼 밴딩 스웨트팬츠 팔레트 블랙,0.0,0,139000,139000,139000,0,0,0.0,100.0,1,high,24.09,6,2,none,,9,https://www.musinsa.com/products/4311945
2026-09-01,마인드브릿지,4312777,[COUTURE]크로셰카라세미오버핏니트 - 2color MYKT6170,1.0,29806,29900,29900,29900,0,0,0.0,100.0,1,high,24.09,6,2,none,,9,https://www.musinsa.com/products/4312777
2026-09-01,마인드브릿지,4313161,로우데님트러커 MYJP6154,0.0,0,39900,39900,39900,0,0,0.0,100.0,1,high,24.09,6,2,none,,9,https://www.musinsa.com/products/4313161
2026-09-01,코드그라피,4313417,(우먼) 스퀘어 로고 맨투맨_차콜,0.0,0,48300,48300,48300,0,0,0.0,100.0,1,high,24.08,6,2,none,,9,https://www.musinsa.com/products/4313417
2026-09-01,로우로우,4315657,x Reebok 쓰리웨이 스트링 더플백 901 [3color],0.0,0,44550,44550,44550,0,0,0.0,100.0,1,high,24.01,8,2,none,,9,https://www.musinsa.com/products/4315657
2026-09-01,세컨모놀로그,4316105,글로시 트러커 나일론 셔츠 [DUPINK]_SESH015DUPINK,0.0,0,35600,35600,35600,0,0,0.0,100.0,1,high,24.08,6,2,none,,9,https://www.musinsa.com/products/4316105
2026-09-01,인사일런스우먼,4316937,스터드 트위드 자켓 MULTI,0.0,0,204800,204800,204800,0,0,0.0,100.0,1,high,24.09,7,2,none,,9,https://www.musinsa.com/products/4316937
2026-09-01,모즈모즈,4320137,메쉬 나일론 윈드 브레이커 후드 집업 다크그레이,0.0,0,38800,38800,38800,0,0,0.0,100.0,1,high,24.09,6,2,none,,9,https://www.musinsa.com/products/4320137
2026-09-01,프렌다,4320457,REJA POCKET TOTE BAG BLACK,0.0,0,24500,24500,24500,0,0,0.0,100.0,1,high,24.09,8,2,none,,9,https://www.musinsa.com/products/4320457
2026-09-01,커버낫,4322569,데님 트러커 인디고,0.0,0,122850,122850,122850,0,0,0.0,100.0,1,high,24.08,6,2,none,,9,https://www.musinsa.com/products/4322569
2026-09-01,커버낫,4322633,미들 C 로고 자수 와펜 니트 베스트 멜란지 그레이,0.0,0,53400,53400,53400,0,0,0.0,100.0,1,high,24.08,6,2,none,,9,https://www.musinsa.com/products/4322633
2026-09-01,스컬프터,4322889,Cotton Boxer Pants Strawberry,0.0,0,27440,27440,34300,1,-6860,-20.0,100.0,1,medium,24.08,7,2,none,,9,https://www.musinsa.com/products/4322889
2026-09-01,로제프란츠,4327497,Boucle Metal Button Cardigan [Beige],0.0,0,33800,33800,29580,1,4220,14.27,100.0,1,medium,24.08,6,2,none,,9,https://www.musinsa.com/products/4327497
2026-09-01,드로우핏,4330057,에센셜 와이드 원턱 코듀로이 팬츠 [IVORY],0.0,0,54000,54000,54000,0,0,0.0,100.0,1,high,24.08,6,2,none,,9,https://www.musinsa.com/products/4330057
2026-09-01,몽돌,4330697,울 캐시미어 라운드넥 가디건 블랙 MDCD026BLACK,0.0,0,50320,50320,50320,0,0,0.0,100.0,1,high,24.08,7,2,none,,9,https://www.musinsa.com/products/4330697
2026-09-01,넌블랭크,4332169,실크 100 솔리드 타이_BLACK,0.48,9554,19920,19920,19920,0,0,0.0,100.0,1,high,24.01,8,2,none,,9,https://www.musinsa.com/products/4332169
2026-09-01,론론,4333321,BALLOON PUMPKIN DENIM PANTSKIRT MEDIUM BLUE,0.0,0,71280,71280,56320,1,14960,26.56,100.0,1,medium,24.09,7,2,none,,9,https://www.musinsa.com/products/4333321
2026-09-01,썸웨어버터,4335753,Devon leather blouson - Brown,0.0,0,226480,226480,226480,0,0,0.0,100.0,1,high,24.01,8,2,none,,9,https://www.musinsa.com/products/4335753
2026-09-01,썸웨어버터,4335881,Chelsea alpaca cable knit - Ivory,0.0,0,95200,95200,83300,1,11900,14.29,100.0,1,medium,24.01,8,2,none,,9,https://www.musinsa.com/products/4335881
2026-09-01,디스이즈네버댓,4344841,Football Scarf Red,0.0,0,49500,49500,49500,0,0,0.0,100.0,1,high,24.08,6,2,none,,9,https://www.musinsa.com/products/4344841
2026-09-01,드헤베,4344969,Day Layered Wrap Blouse [Mint],0.0,0,83390,83390,83390,0,0,0.0,100.0,1,high,24.08,6,2,none,,9,https://www.musinsa.com/products/4344969
2026-09-01,레더리,4346633,스플릿 나일론 자켓 [BLACK],0.0,0,61440,61440,53760,1,7680,14.29,100.0,1,medium,24.09,6,2,none,,9,https://www.musinsa.com/products/4346633
2026-09-01,쿠어,4350409,머드 다잉 패디드 데님 자켓 (워시드인디고),0.0,0,230400,230400,230400,0,0,0.0,100.0,1,high,24.09,6,2,none,,9,https://www.musinsa.com/products/4350409
2026-09-01,인사일런스,4352329,이탈리안 울 믹스드 풀오버 LIGHT BEIGE,0.0,0,103680,103680,103680,0,0,0.0,100.0,1,high,24.08,6,2,none,,9,https://www.musinsa.com/products/4352329
2026-09-01,노이어,4353481,레이어드 브이넥 폴로 니트 (딥브라운),0.0,0,78400,78400,78400,0,0,0.0,100.0,1,low,24.09,6,2,none,,9,https://www.musinsa.com/products/4353481
2026-09-01,코드그라피,4356233,스몰 C 로고 맨투맨_스카이블루,0.0,0,44800,44800,44800,0,0,0.0,100.0,1,high,24.08,6,2,none,,9,https://www.musinsa.com/products/4356233
2026-09-01,미나브,4360905,플란넬 오버 체크 셔츠 [블랙체크],0.0,0,39000,39000,47200,1,-8200,-17.37,100.0,1,medium,24.09,8,2,none,,9,https://www.musinsa.com/products/4360905
2026-09-01,프리즘웍스,4368969,JUNGLE CLOTH DECK VEST _ KHAKI BEIGE,0.0,0,82800,82800,82800,0,0,0.0,100.0,1,high,24.09,7,2,none,,9,https://www.musinsa.com/products/4368969
2026-09-01,나이스고스트클럽,4369033,SKULL CHECK L/S KNIT TEE_BLACK(NG2EFUK606A),0.0,0,42660,42660,33180,1,9480,28.57,100.0,1,medium,24.01,8,2,none,,9,https://www.musinsa.com/products/4369033
2026-09-01,시야쥬,4369481,SIKN2124 브이넥 싱글 니트_Black,0.0,0,83700,83700,93000,1,-9300,-10.0,100.0,1,medium,24.08,6,2,none,,9,https://www.musinsa.com/products/4369481
2026-09-01,아틀리에나인,4369545,ESSENTIAL HIGH NECK TEE(T-6895),0.0,0,25200,25200,30560,1,-5360,-17.54,100.0,1,medium,24.09,6,2,none,,9,https://www.musinsa.com/products/4369545
2026-09-01,더바이닐하우스,4370953,TYPO HOODIE GREY,0.0,0,80640,80640,102400,1,-21760,-21.25,100.0,1,medium,24.08,6,2,none,,9,https://www.musinsa.com/products/4370953
2026-09-01,메인부스,4373385,Ghost Phone Case,0.0,0,19800,19800,19800,0,0,0.0,100.0,1,high,24.08,6,2,none,,9,https://www.musinsa.com/products/4373385
2026-09-01,무센트,4375305,스털디 시그니처 밴딩 데님 팬츠 남녀공용 (2컬러),0.0,0,39830,39830,52920,1,-13090,-24.74,100.0,1,medium,24.08,6,2,none,,9,https://www.musinsa.com/products/4375305
2026-09-01,미나브,4379977,마가렛 스웨이드 크로스백 [브라운],2.47,170211,69000,69000,69000,0,0,0.0,96.45,0,low,24.09,18,3,none,,9,https://www.musinsa.com/products/4379977
2026-09-01,인템포무드,4380169,서클 로고 립 슬리브리스 : 3컬러,0.0,0,28800,28800,28800,0,0,0.0,100.0,1,high,24.08,6,2,none,,9,https://www.musinsa.com/products/4380169
2026-09-01,론론,4382409,HANDMADE FLOWER CABLE PUFF KNIT CARDIGAN GREY,0.0,0,89100,89100,99000,1,-9900,-10.0,100.0,1,medium,24.09,7,2,none,,9,https://www.musinsa.com/products/4382409
2026-09-01,세터,4384393,(W) 로렌 베이직 크루넥 파인 가디건 블랙,0.36,56537,159000,159000,159000,0,0,0.0,100.0,1,high,24.09,6,2,none,,9,https://www.musinsa.com/products/4384393
2026-09-01,토마스모어,4387081,피치넬리팬츠-그레이베이지,0.53,39061,73500,73500,73500,0,0,0.0,100.0,1,high,24.01,8,2,none,,9,https://www.musinsa.com/products/4387081
2026-09-01,아틀리에나인,4387593,BRIE SET-UP SHORT PANTS(PT-5566),0.0,0,62100,62100,62100,0,0,0.0,100.0,1,high,24.09,6,2,none,,9,https://www.musinsa.com/products/4387593
2026-09-01,코드그라피,4389193,(우먼) WAVE 시그니처 로고 맨투맨_라이트 그레이,0.77,18104,23600,23600,23600,0,0,0.0,100.0,1,high,24.08,6,2,none,,9,https://www.musinsa.com/products/4389193
2026-09-01,비터셀즈,4389449,C.G 후드 푸퍼 자켓-그레이,0.0,0,116350,116350,116350,0,0,0.0,100.0,1,high,24.08,6,2,none,,9,https://www.musinsa.com/products/4389449
2026-09-01,쿠어,4389577,헤어리 알파카 블렌드 크루넥 스웨터 (카멜브라운),0.0,0,118400,118400,118400,0,0,0.0,100.0,1,high,24.09,6,2,none,,9,https://www.musinsa.com/products/4389577
2026-09-01,키르시,4392009,체리 니트라이크 가디건 [블랙],0.0,0,59400,59400,59400,0,0,0.0,100.0,1,high,24.08,6,2,none,,9,https://www.musinsa.com/products/4392009
2026-09-01,제너럴아이디어,4396681,뉴클래식 울 케이블 브이넥 가디건 [BROWN] / WBD3L04529,0.0,0,53000,53000,44370,1,8630,19.45,100.0,1,medium,24.08,7,2,none,,9,https://www.musinsa.com/products/4396681
2026-09-01,어반드레스,4403017,Kar Collar Long Sleeve BLACK,0.0,0,46500,46500,46500,0,0,0.0,100.0,1,high,24.09,7,2,none,,9,https://www.musinsa.com/products/4403017
2026-09-01,어반드레스,4403337,Art Leather Jacket BLACK,0.0,0,108750,108750,108750,0,0,0.0,100.0,1,high,24.09,7,2,none,,9,https://www.musinsa.com/products/4403337
2026-09-01,디스이즈네버댓,4403529,PERTEX® UL Wind Parka Slate,0.0,0,104500,104500,104500,0,0,0.0,100.0,1,high,24.08,6,2,none,,9,https://www.musinsa.com/products/4403529
2026-09-01,노이어,4406409,알파카 메리노 대디 가디건 (블랙),0.0,0,118400,118400,118400,0,0,0.0,100.0,1,high,24.09,7,2,none,,9,https://www.musinsa.com/products/4406409
2026-09-01,스컬프터,4406473,Waist Point Classic Skort Gray,0.0,0,77840,77840,97300,1,-19460,-20.0,100.0,1,medium,24.08,7,2,none,,9,https://www.musinsa.com/products/4406473
2026-09-01,브룩스브라더스,4407369,소멜로스 플란넬 셔츠 (화이트) (BBTHMM6114AEW),0.0,0,197100,197100,219000,1,-21900,-10.0,100.0,1,medium,24.01,8,2,none,,9,https://www.musinsa.com/products/4407369
2026-09-01,리메인세컨드,4407497,울 블렌드 오버핏 더블 코트 [차콜],0.0,0,100800,100800,100800,0,0,0.0,100.0,1,high,24.09,6,2,none,,9,https://www.musinsa.com/products/4407497
2026-09-01,니티드,4409161,(W) 투톤 골지 자수 로고 니트 SWISS,0.0,0,64000,64000,64000,0,0,0.0,100.0,1,high,24.08,6,2,none,,9,https://www.musinsa.com/products/4409161
2026-09-01,니티드,4409737,(W) 쉐기독 울 100% 라운드 가디건 MINT,0.0,0,53820,53820,53820,0,0,0.0,100.0,1,high,24.08,6,2,none,,9,https://www.musinsa.com/products/4409737
2026-09-01,시눈,4410825,Button Knit Shorts (Melon),0.0,0,60480,60480,60480,0,0,0.0,100.0,1,high,24.09,6,2,none,,9,https://www.musinsa.com/products/4410825
2026-09-01,더블유엠씨,4411593,어드저스트 카고데님_BLACK,0.0,0,67050,67050,67050,0,0,0.0,100.0,1,high,24.01,8,2,none,,9,https://www.musinsa.com/products/4411593
2026-09-01,오퍼스 0012,4417353,Op. 03 P.F.P HOOD ZIP BEIGE,0.0,0,83400,83400,83400,0,0,0.0,100.0,1,high,24.08,7,2,none,,9,https://www.musinsa.com/products/4417353
2026-09-01,베르만어패럴,4421577,우븐 SYMBOL 벌룬핏 맨투맨,0.98,48027,49000,49000,49000,0,0,0.0,100.0,1,high,24.09,7,2,none,,9,https://www.musinsa.com/products/4421577
2026-09-01,프리즘웍스,4422921,OG BOCACI HEAVYWEIGHT PULLOVER HOODY _ COCOA,0.0,0,80100,80100,89000,1,-8900,-10.0,100.0,1,medium,24.09,7,2,none,,9,https://www.musinsa.com/products/4422921
2026-09-01,아웃스탠딩,4423369,AUTHENTIC COMFORT SWEAT_NAVY,0.0,0,66600,66600,66600,0,0,0.0,100.0,1,high,24.08,7,2,none,,9,https://www.musinsa.com/products/4423369
2026-09-01,아틀리에나인,4424905,LEAF PATTERN SET-UP DENIM PANTS(PT-5597),0.0,0,80100,80100,80100,0,0,0.0,100.0,1,high,24.09,6,2,none,,9,https://www.musinsa.com/products/4424905
2026-09-01,드로우핏,4424969,오버사이즈 라인 무스탕 자켓 [IVORY],0.0,0,167200,167200,167200,0,0,0.0,23.01,0,low,24.0,5,1,none,,9,https://www.musinsa.com/products/4424969
2026-09-01,테이크이지,4425289,페어아일 니트 (베이지),0.0,0,34500,34500,34500,0,0,0.0,100.0,1,high,24.08,6,2,none,,9,https://www.musinsa.com/products/4425289
2026-09-01,링서울,4425993,wool high-neck knit cardigan-charcoal,0.0,0,112270,112270,87320,1,24950,28.57,100.0,1,medium,24.01,8,2,none,,9,https://www.musinsa.com/products/4425993
2026-09-01,제멋,4429321,스테디 썸홀 테리 후드 그레이 OYHD2593,0.0,0,36900,36900,36900,0,0,0.0,100.0,1,high,24.09,7,2,none,,9,https://www.musinsa.com/products/4429321
2026-09-01,커스텀어클락,4433353,[2PACK] 헤비 니트 4 STYLE COOSKT066KT067KT068KT069,0.0,0,86800,86800,86800,0,0,0.0,100.0,1,high,24.08,6,2,none,,9,https://www.musinsa.com/products/4433353
2026-09-01,와이케이,4434249,말티즈 멀티 자수 데님 팬츠 블랙,0.0,0,80600,80600,80600,0,0,0.0,100.0,1,high,24.01,8,2,none,,9,https://www.musinsa.com/products/4434249
2026-09-01,무센트,4440841,비브 투웨이 크롭 골지 니트 집업 (2컬러),0.0,0,41930,41930,55710,1,-13780,-24.74,100.0,1,medium,24.08,6,2,none,,9,https://www.musinsa.com/products/4440841
2026-09-01,다이브인,4441673,LOOSED WIDE DENIM PANTS (WASHED BLACK),1.21,96697,80100,80100,89000,1,-8900,-10.0,100.0,1,medium,24.08,6,2,none,,9,https://www.musinsa.com/products/4441673
2026-09-01,디스이즈네버댓,4441865,GD Lightning Hoodie Blue Heather Grey,0.0,0,111300,111300,111300,0,0,0.0,100.0,1,high,24.08,6,2,none,,9,https://www.musinsa.com/products/4441865
2026-09-01,아틀리에나인,4442697,ESSENTIAL HELEN VOLUME KNIT(T-6915),0.0,0,71100,71100,71100,0,0,0.0,100.0,1,high,24.09,6,2,none,,9,https://www.musinsa.com/products/4442697
2026-09-01,필루미네이트,4443593,[FW]오버핏 아치 로고 스웨트 셔츠-와인,0.0,0,25000,25000,25000,0,0,0.0,100.0,1,high,24.01,8,2,none,,9,https://www.musinsa.com/products/4443593
2026-09-01,락케이크,4448521,Striped Polo T-Shirt - Navy,0.0,0,71200,71200,71200,0,0,0.0,73.6,0,low,24.09,8,1,none,,9,https://www.musinsa.com/products/4448521
2026-09-01,필루미네이트,4454281,오닉스 푸퍼 패딩-아이보리,0.0,0,56000,56000,56000,0,0,0.0,100.0,1,high,24.01,8,2,none,,9,https://www.musinsa.com/products/4454281
2026-09-01,스컬프터,4454729,Velvet Shirring Lowrise Pants Raw,0.0,0,66640,66640,83300,1,-16660,-20.0,100.0,1,medium,24.08,7,2,none,,9,https://www.musinsa.com/products/4454729
2026-09-01,제멋,4455305,[2PACK] 디스트로이 오버핏 기모 후드 SOHD2597,0.0,0,76900,76900,76900,0,0,0.0,100.0,1,high,24.09,7,2,none,,9,https://www.musinsa.com/products/4455305
2026-09-01,제멋,4455369,[2PACK] 더스틴 헤비 솔트워싱 카라 맨투맨 SOMT2577,0.0,0,59800,59800,59800,0,0,0.0,100.0,1,high,24.09,7,2,none,,9,https://www.musinsa.com/products/4455369
2026-09-01,노이어,4456393,클래식 와이드 데님 팬츠 (미드블루),0.0,0,81700,81700,81700,0,0,0.0,100.0,1,high,24.09,7,2,none,,9,https://www.musinsa.com/products/4456393
2026-09-01,몽돌,4459465,리버시블 스웨이드 무스탕 브라운 MDJK038BROWN,0.0,0,200880,200880,200880,0,0,0.0,100.0,1,high,24.08,7,2,none,,9,https://www.musinsa.com/products/4459465
2026-09-01,칙스,4460937,MVK 하트 스티치 미니 브이넥 니트 브라운,0.0,0,37900,37900,30320,1,7580,25.0,100.0,1,medium,24.09,7,2,none,,9,https://www.musinsa.com/products/4460937
2026-09-01,아캄,4466633,Leather Puffer Jacket (Brown),0.0,0,161700,161700,161700,0,0,0.0,100.0,1,high,24.09,6,2,none,,9,https://www.musinsa.com/products/4466633
2026-09-01,데케트,4471497,[기모본딩]Mid Rise Wide Jeans DCPT027WCRBlack2,0.0,0,62100,62100,62100,0,0,0.0,100.0,1,high,24.08,6,2,none,,9,https://www.musinsa.com/products/4471497
2026-09-01,아메스월드와이드,4477385,STRIPE KNIT BEANIE RED,0.0,0,24960,24960,31200,1,-6240,-20.0,100.0,1,medium,24.09,6,2,none,,9,https://www.musinsa.com/products/4477385
2026-09-01,아메스월드와이드,4477833,KNIT LEGGINGS PANTS BROWN,0.0,0,21330,21330,39500,1,-18170,-46.0,100.0,1,medium,24.08,6,2,none,,9,https://www.musinsa.com/products/4477833
2026-09-01,론론,4481673,HEART POCKET OVER FIT LONG SLEEVE T SHIRT BLACK,0.0,0,36960,36960,42240,1,-5280,-12.5,100.0,1,medium,24.09,7,2,none,,9,https://www.musinsa.com/products/4481673
2026-09-01,기철,4483273,EASIER BALLOON SWEAT PANTS (MELANGE GREY),2.71,96490,35600,35600,35600,0,0,0.0,93.41,0,low,23.99,11,3,none,,9,https://www.musinsa.com/products/4483273
2026-09-01,키르시,4490249,체리 아치 로고 크롭 후드 [스카이],0.0,0,47400,47400,47400,0,0,0.0,100.0,1,high,24.08,6,2,none,,9,https://www.musinsa.com/products/4490249
2026-09-01,코드그라피,4492297,CGP 아치 로고 후드티_민트BDW,0.0,0,34500,34500,34500,0,0,0.0,100.0,1,high,24.08,6,2,none,,9,https://www.musinsa.com/products/4492297
2026-09-01,바우프,4496393,R.L.Y 레귤러 팬츠 [차콜],0.0,0,69000,69000,69000,0,0,0.0,100.0,1,high,24.08,6,2,none,,9,https://www.musinsa.com/products/4496393
2026-09-01,본투윈,4501833,CUT OUT WIDE BAND BRA TOP [CHARCOAL],0.0,0,65500,65500,69000,1,-3500,-5.07,100.0,1,medium,24.08,7,2,none,,9,https://www.musinsa.com/products/4501833
2026-09-01,커버낫,4503241,원턱 세미와이드핏 기모 스웻 팬츠 블랙,0.0,0,44100,44100,62300,1,-18200,-29.21,100.0,1,medium,24.08,6,2,none,,9,https://www.musinsa.com/products/4503241
2026-09-01,워크온바디오프,4509513,베이직 레글런 후드티 (2color),0.0,0,38000,38000,38000,0,0,0.0,100.0,1,high,24.08,6,2,none,,9,https://www.musinsa.com/products/4509513
2026-09-01,에이이에이이,4512777,WEB LOGO CORDUROY CAP [DARK NAVY],0.0,0,41900,41900,41900,0,0,0.0,100.0,1,high,24.09,10,2,none,,9,https://www.musinsa.com/products/4512777
2026-09-01,더블유엠씨,4513929,쉐르파 플리스 자켓_GREY,0.0,0,84500,84500,84500,0,0,0.0,100.0,1,high,24.01,8,2,none,,9,https://www.musinsa.com/products/4513929
2026-09-01,트릴리온,4514121,스웨이드 엘보우 패치 3 버튼 블레이저 자켓 [블랙],0.0,0,47200,47200,47200,0,0,0.0,100.0,1,high,24.08,6,2,none,,9,https://www.musinsa.com/products/4514121
2026-09-01,글로니,4518089,EVERYDAY G SOCKS (BROWN),1.0,12106,12150,12150,12150,0,0,0.0,100.0,1,high,24.09,7,2,none,,9,https://www.musinsa.com/products/4518089
2026-09-01,더블유엠씨,4520905,블랙캣 맨투맨_BLUE,0.0,0,35550,35550,35550,0,0,0.0,100.0,1,high,24.01,8,2,none,,9,https://www.musinsa.com/products/4520905
2026-09-01,더블유엠씨,4521033,[WMC x HINA] 락스타 후드_CHARCOAL GREY,0.0,0,40050,40050,40050,0,0,0.0,100.0,1,high,24.01,8,2,none,,9,https://www.musinsa.com/products/4521033
2026-09-01,유니폼브릿지,4526985,nordic crew neck knit(womens) olive green,0.0,0,89500,89500,71600,1,17900,25.0,100.0,1,medium,24.08,7,2,none,,9,https://www.musinsa.com/products/4526985
2026-09-01,플레어업,4535241,Braided Handmade Chain Belt (FL-732_Black),0.0,0,58140,58140,42840,1,15300,35.71,100.0,1,medium,24.08,6,2,none,,9,https://www.musinsa.com/products/4535241
2026-09-01,드헤베,4535689,One Off-shoulder Sleeve [Black],0.0,0,36700,36700,42080,1,-5380,-12.79,100.0,1,medium,24.08,6,2,none,,9,https://www.musinsa.com/products/4535689
2026-09-01,드로우핏,4538569,[오정규X드로우핏] 시어링 미니멀 무스탕 자켓 [BEIGE],0.0,0,167200,167200,167200,0,0,0.0,100.0,1,high,24.08,6,2,none,,9,https://www.musinsa.com/products/4538569
2026-09-01,노매뉴얼,4546313,REVERSIBLE WOOL HAIRY KNIT - CHARCOAL,0.0,0,75650,75650,75650,0,0,0.0,100.0,1,high,24.08,6,2,none,,9,https://www.musinsa.com/products/4546313
2026-09-01,제너럴아이디어,4563081,뉴스보이 캡 [2COL] / WBD4L91526,0.0,0,26000,26000,23200,1,2800,12.07,100.0,1,medium,24.08,7,2,none,,9,https://www.musinsa.com/products/4563081
2026-09-01,와이케이,4576073,헤어리 리본 바라클라바 핑크,0.0,0,27300,27300,27300,0,0,0.0,100.0,1,high,24.01,8,2,none,,9,https://www.musinsa.com/products/4576073
2026-09-01,파르티멘토우먼,4576393,리브드 핑거 홀 니트 글로브_브라운,0.0,0,29160,29160,22680,1,6480,28.57,100.0,1,medium,24.08,6,2,none,,9,https://www.musinsa.com/products/4576393
2026-09-01,커버낫,4582537,서울 티셔츠 화이트,0.0,0,31590,31590,31200,1,390,1.25,100.0,1,medium,24.08,6,2,none,,9,https://www.musinsa.com/products/4582537
2026-09-01,가까이유니언즈,4585801,원턱 해머 와이드 데님팬츠 블랙,0.0,0,35500,35500,49700,1,-14200,-28.57,100.0,1,medium,24.09,6,2,none,,9,https://www.musinsa.com/products/4585801
2026-09-01,트립르센스,4585929,펜던트 스트라이프 하프 집업 니트_네이비,0.0,0,65600,65600,65600,0,0,0.0,100.0,1,high,24.01,8,2,none,,9,https://www.musinsa.com/products/4585929
2026-09-01,시야쥬,4586633,SIKN2128 캐시미어 블렌드 크루넥 니트_Red,0.0,0,126000,126000,126000,0,0,0.0,100.0,1,high,24.08,6,2,none,,9,https://www.musinsa.com/products/4586633
2026-09-01,언탭트스튜디오,4587721,1996 STUDIO 스웨트 오버핏 후드티셔츠 5Color,0.48,7148,14940,14940,34860,1,-19920,-57.14,100.0,1,low,24.01,7,2,none,,9,https://www.musinsa.com/products/4587721
2026-09-01,마인드브릿지우먼,4613065,[W]두굿_슬림테이퍼드슬랙스 MYPT6211,0.0,0,19900,19900,39900,1,-20000,-50.13,100.0,1,medium,24.09,6,2,none,,9,https://www.musinsa.com/products/4613065
2026-09-01,어나더오피스,4614665,Overlay Ribbed Socks (Heather Charcoal),0.0,0,12420,12420,12420,0,0,0.0,100.0,1,high,24.09,8,2,none,,9,https://www.musinsa.com/products/4614665
2026-09-01,트리밍버드,4616073,Alpaca Boucle Open Shoulder Knit [ Black ],0.0,0,175200,175200,219000,1,-43800,-20.0,100.0,1,medium,24.09,7,2,none,,9,https://www.musinsa.com/products/4616073
2026-09-01,유니온블루,4623177,[DESK] GRAND CRU WOOL V-NECK KNIT [MELANGE GRAY],0.0,0,95580,95580,112100,1,-16520,-14.74,100.0,1,medium,24.08,7,2,none,,9,https://www.musinsa.com/products/4623177
2026-09-01,론론,4649033,HANDMADE HEART SLEEVE POINT PULLOVER KNIT CREAM PINK,0.0,0,116640,116640,129600,1,-12960,-10.0,100.0,1,medium,24.09,7,2,none,,9,https://www.musinsa.com/products/4649033
2026-09-01,무드인사이드,4660169,리사이클 울 라운드 니트_10Color,0.0,0,29900,29900,29900,0,0,0.0,100.0,1,high,24.09,8,2,none,,9,https://www.musinsa.com/products/4660169
2026-09-01,무센트,4664713,볼리 뽀글 양털 후리스 플리스 후드 집업 남녀공용 (2컬러),0.79,52801,66730,54950,66730,1,-11780,-17.65,100.0,1,medium,24.08,6,2,none,,9,https://www.musinsa.com/products/4664713
2026-09-01,브론슨,4684745,1980s USAF Pilot Nylon Helmet Bag Black,0.31,22357,71100,71100,71100,0,0,0.0,10.48,0,low,24.0,9,1,none,,9,https://www.musinsa.com/products/4684745
2026-09-01,유니폼브릿지,4687369,pocket polo knit oatmeal,0.0,0,55600,55600,55600,0,0,0.0,100.0,1,high,24.08,7,2,none,,9,https://www.musinsa.com/products/4687369
2026-09-01,로제프란츠,4693897,Handmade Wool Balaclava [Butter],0.0,0,25960,25960,22720,1,3240,14.26,100.0,1,medium,24.08,6,2,none,,9,https://www.musinsa.com/products/4693897
2026-09-01,헬레네파리스,4694281,페이즐 핀 포인트 셔츠 [차콜 ST],0.0,0,32400,32400,30780,1,1620,5.26,100.0,1,medium,24.09,7,2,none,,9,https://www.musinsa.com/products/4694281
2026-09-01,하아카이브,4695561,컨투어 벨티드 백 (나일론 블랙),1.35,77458,57312,72090,56070,1,16020,28.57,100.0,1,medium,24.0,13,6,none,,9,https://www.musinsa.com/products/4695561
2026-09-01,무드인사이드,4696393,미니멀 경량 후디드 패딩 자켓 _White,0.0,0,44900,44900,49900,1,-5000,-10.02,26.42,0,low,24.01,7,1,none,,9,https://www.musinsa.com/products/4696393
2026-09-01,그루브라임,4697289,남)미니쮸리 기본핏 원색분해 티셔츠 [FRNFCTR104M],0.0,0,13020,13020,14900,1,-1880,-12.62,100.0,1,medium,24.09,8,2,none,,9,https://www.musinsa.com/products/4697289
2026-09-01,로제프란츠,4697481,Leopard Heart Hoodie [Gray],0.0,0,49840,49840,43610,1,6230,14.29,100.0,1,medium,24.08,6,2,none,,9,https://www.musinsa.com/products/4697481
2026-09-01,파브레가,4699529,안토니 스트라이프 셔츠 (베이지),0.69,47709,69300,69300,69300,0,0,0.0,100.0,1,high,24.0,14,6,none,,9,https://www.musinsa.com/products/4699529
2026-09-01,아틀리에나인,4699657,ESSENTIAL WOOL DOUBLE COLOR CARDIGAN(CD-2192),0.0,0,70560,70560,85560,1,-15000,-17.53,100.0,1,medium,24.09,6,2,none,,9,https://www.musinsa.com/products/4699657
2026-09-01,엑스컨테이너,4702601,워시드 와이드 벌룬핏 데님 팬츠 (FADE BLUE),0.0,0,47200,47200,47200,0,0,0.0,100.0,1,high,24.08,6,2,none,,9,https://www.musinsa.com/products/4702601
2026-09-01,더블유엠씨,4705161,투톤 코듀로이 워크팬츠_CHARCOAL GREY,0.0,0,159000,159000,159000,0,0,0.0,100.0,1,high,24.01,8,2,none,,9,https://www.musinsa.com/products/4705161
2026-09-01,마인드브릿지우먼,4705417,[W][COUTURE]데님 트러커 자켓,0.0,0,39900,39900,49900,1,-10000,-20.04,100.0,1,medium,24.09,6,2,none,,9,https://www.musinsa.com/products/4705417
2026-09-01,엘무드,4705545,아일랜드 텐셀 린넨 풀오버 니트 포레스트,0.0,0,49000,49000,44100,1,4900,11.11,100.0,1,medium,24.08,6,2,none,,9,https://www.musinsa.com/products/4705545
2026-09-01,마인드브릿지,4705801,[올데이]수피마 오버핏 셔츠 - 3color,0.0,0,39900,39900,39900,0,0,0.0,89.53,0,low,24.08,5,1,none,,9,https://www.musinsa.com/products/4705801
2026-09-01,비터셀즈,4706633,써니 사이드 업 스웻셔츠-라이트 그레이,0.89,37901,42480,42480,42480,0,0,0.0,89.53,0,low,24.08,5,1,none,,9,https://www.musinsa.com/products/4706633
2026-09-01,프렌다,4708681,PRDA BIG PATCH LOGO WIDE PANTS NAVY,0.0,0,34500,34500,34500,0,0,0.0,100.0,1,high,24.09,8,2,none,,9,https://www.musinsa.com/products/4708681
2026-09-01,프렌다,4708809,PRDA FRILL SKIRT WIDE PANTS DARK CHARCOAL,0.0,0,37380,37380,53400,1,-16020,-30.0,100.0,1,medium,24.09,8,2,none,,9,https://www.musinsa.com/products/4708809
2026-09-01,아메스월드와이드,4709385,BIG TYPO HOODIE ZIP UP BLUE,0.0,0,49840,49840,71200,1,-21360,-30.0,100.0,1,medium,24.08,6,2,none,,9,https://www.musinsa.com/products/4709385
2026-09-01,후드후드,4711113,에일리언 젤리 케이스 Ver.2,0.0,0,19440,19440,19440,0,0,0.0,100.0,1,high,24.08,6,2,none,,9,https://www.musinsa.com/products/4711113
2026-09-01,키르시,4716937,키르시 플레인 버튼 포인트 스웨트셔츠 [멜란지 그레이],0.0,0,35400,35400,35400,0,0,0.0,100.0,1,high,24.08,6,2,none,,9,https://www.musinsa.com/products/4716937
2026-09-01,일꼬르소,4722697,컴뱃 컴포트 셔츠 콘크리트그레이 IESH5E106CG,0.0,0,54500,54500,54500,0,0,0.0,100.0,1,high,24.08,6,2,none,,9,https://www.musinsa.com/products/4722697
2026-09-01,필루미네이트,4728713,데일리 워싱 데님 팬츠-인디고,0.0,0,39000,39000,39000,0,0,0.0,100.0,1,high,24.01,8,2,none,,9,https://www.musinsa.com/products/4728713
2026-09-01,미나브,4729865,아카이브 심볼 나그랑 티셔츠 [블랙],0.0,0,35100,35100,55200,1,-20100,-36.41,100.0,1,medium,24.09,8,2,none,,9,https://www.musinsa.com/products/4729865
2026-09-01,드로우핏,4730953,아크만 코튼 다잉 워크 셔츠 [CHARCOAL],0.0,0,55800,55800,55800,0,0,0.0,100.0,1,high,24.08,6,2,none,,9,https://www.musinsa.com/products/4730953
2026-09-01,노매뉴얼,4734281,K.T DENIM PANTS - WASHED BLUE,0.0,0,88200,88200,88200,0,0,0.0,100.0,1,high,24.08,6,2,none,,9,https://www.musinsa.com/products/4734281
2026-09-01,디스이즈네버댓,4735369,Volcano W Crewneck Charcoal,0.0,0,49500,49500,49500,0,0,0.0,100.0,1,high,24.08,6,2,none,,9,https://www.musinsa.com/products/4735369
2026-09-01,나이스고스트클럽,4737865,3STARS LIGHTWEIGHT WINDBREAKER_BLACK(NG2FSUJ200A),0.0,0,53460,53460,41580,1,11880,28.57,100.0,1,medium,24.01,8,2,none,,9,https://www.musinsa.com/products/4737865
2026-09-01,러프사이드,4741641,Primary Long Sleeve Black,0.0,0,69000,69000,69000,0,0,0.0,100.0,1,high,24.09,6,2,none,,9,https://www.musinsa.com/products/4741641
2026-09-01,알리스,4743433,워셔블 레이어드 헨리넥 니트티셔츠 [크림베이지],0.89,43167,48360,44200,48360,1,-4160,-8.6,100.0,1,medium,24.08,6,2,none,,9,https://www.musinsa.com/products/4743433
2026-09-01,언더오프,4751241,레이어드 크루넥 롱슬리브 1992아치 티셔츠 화이트,0.0,0,19920,19920,19920,0,0,0.0,100.0,1,high,24.08,6,2,none,,9,https://www.musinsa.com/products/4751241
2026-09-01,와이케이,4752265,MLTS 볼캡 그린,0.0,0,36750,36750,25730,1,11020,42.83,100.0,1,medium,24.01,8,2,none,,9,https://www.musinsa.com/products/4752265
2026-09-01,락케이크,4753673,Logo Patch Full Zip Hoodie - Charcoal,0.0,0,95200,95200,95200,0,0,0.0,100.0,1,high,24.09,8,2,none,,9,https://www.musinsa.com/products/4753673
2026-09-01,트래블,4756681,밀 트윌 리벳 벌룬 팬츠 아이보리,0.0,0,52500,52500,59400,1,-6900,-11.62,100.0,1,medium,24.09,8,2,none,,9,https://www.musinsa.com/products/4756681
2026-09-01,트래블,4756873,카펜터 디스트로이드 버뮤다 데님 쇼츠 인디고 블루,0.0,0,39500,39500,39500,0,0,0.0,100.0,1,high,24.09,8,2,none,,9,https://www.musinsa.com/products/4756873
2026-09-01,트래블,4757001,엠보 스타 롱 슬리브 차콜,1.26,34530,27367,25900,29400,1,-3500,-11.9,100.0,1,low,24.09,25,2,none,,9,https://www.musinsa.com/products/4757001
2026-09-01,커스텀어클락,4757705,코튼 루즈핏 워시드 블레이저 블랙 COOSJK039BLACK,1.96,166744,85205,78400,89600,1,-11200,-12.5,100.0,1,medium,24.08,14,4,none,,9,https://www.musinsa.com/products/4757705
2026-09-01,더니트컴퍼니,4758153,(M) 파인 울 트랙 팬츠 2color,0.0,0,153300,153300,153300,0,0,0.0,100.0,1,high,24.08,6,2,none,,9,https://www.musinsa.com/products/4758153
2026-09-01,언탭트스튜디오,4759049,[2PACK]빈티지 프론트 워싱 원턱 와이드 데님팬츠 2COLOR,0.0,0,74170,74170,74170,0,0,0.0,100.0,1,high,24.01,8,2,none,,9,https://www.musinsa.com/products/4759049
2026-09-01,파르티멘토우먼,4760137,PWC 콘트라스트 바인딩 브이넥 탑_네이비,0.0,0,29160,29160,22680,1,6480,28.57,100.0,1,medium,24.08,6,2,none,,9,https://www.musinsa.com/products/4760137
2026-09-01,파르티멘토우먼,4760265,PWC 스트라이프 저지 와이드 팬츠_블랙,1.79,60744,34020,43740,34020,1,9720,28.57,100.0,1,medium,24.08,6,2,none,,9,https://www.musinsa.com/products/4760265
2026-09-01,세컨모놀로그,4764489,Waffle Track Jacket [BLACK]_SEJK022BLACK,1.0,69622,69727,65400,76300,1,-10900,-14.29,100.0,1,medium,24.08,6,2,none,,9,https://www.musinsa.com/products/4764489
2026-09-01,제로,4768009,브러시 워시드 오버 데님 팬츠,0.0,0,22500,22500,22500,0,0,0.0,64.57,0,low,24.09,5,1,none,,9,https://www.musinsa.com/products/4768009
2026-09-01,유니온블루,4768393,HARD TWIST COTTON RIBBED KNIT [BLUE GRAY],0.0,0,79380,79380,93100,1,-13720,-14.74,100.0,1,medium,24.08,7,2,none,,9,https://www.musinsa.com/products/4768393
2026-09-01,디앤에스알,4768585,크롭 하트 후디 그레이,0.0,0,34800,34800,34800,0,0,0.0,100.0,1,high,24.09,6,2,none,,9,https://www.musinsa.com/products/4768585
2026-09-01,디앤에스알,4768777,에센셜 링클 셔츠 스카이블루,0.0,0,49200,49200,49200,0,0,0.0,100.0,1,high,24.09,6,2,none,,9,https://www.musinsa.com/products/4768777
2026-09-01,제너럴아이디어,4771849,파인 플리츠 미디스커트 [BEIGE] / WBE1L13510,0.0,0,50400,50400,50400,0,0,0.0,100.0,1,high,24.08,7,2,none,,9,https://www.musinsa.com/products/4771849
2026-09-01,유니폼브릿지,4773001,001 5p denim pants 11oz natural,0.86,55227,64500,64500,64500,0,0,0.0,100.0,1,high,24.08,7,2,none,,9,https://www.musinsa.com/products/4773001
2026-09-01,프리즘웍스,4773257,BACKSATIN M65 FIELD PANTS _ CREAM,0.0,0,86940,86940,96600,1,-9660,-10.0,100.0,1,medium,24.09,7,2,none,,9,https://www.musinsa.com/products/4773257
2026-09-01,세컨모놀로그,4773769,골지 스트럭처드 라운드넥 가디건 [GRAY]_SECD004GRAY,0.0,0,27600,27600,27600,0,0,0.0,100.0,1,high,24.08,6,2,none,,9,https://www.musinsa.com/products/4773769
2026-09-01,모즈모즈,4779977,워킹모즈 오버핏 피그먼트 반팔 티셔츠 블루,10.15,302577,29800,29800,29800,0,0,0.0,100.0,1,high,24.09,26,2,none,,9,https://www.musinsa.com/products/4779977
2026-09-01,데케트,4783753,Tin Washed Wide Jeans DCPT059IceBlueB,0.1,5022,48300,48300,48300,0,0,0.0,100.0,1,high,24.08,6,2,none,,9,https://www.musinsa.com/products/4783753
2026-09-01,카네이테이,4784073,DISTRESSED DOUBT CREWNECK (BLUE),0.0,0,54750,54750,59250,1,-4500,-7.59,100.0,1,medium,24.08,7,2,none,,9,https://www.musinsa.com/products/4784073
2026-09-01,브랜디드,4787977,BRUSHED ALPACA CARDIGAN [BLACK],0.0,0,135150,135150,135150,0,0,0.0,100.0,1,high,24.08,6,2,none,,9,https://www.musinsa.com/products/4787977
2026-09-01,일꼬르소,4789961,CORSO BONE HEART 반팔 티셔츠 블랙 IETS5E412BK,0.0,0,30260,30260,30260,0,0,0.0,100.0,1,high,24.08,6,2,none,,9,https://www.musinsa.com/products/4789961
2026-09-01,쿠어,4790537,세미오버핏 코튼 크로셰 가디건 (다크브라운),0.0,0,200000,200000,200000,0,0,0.0,100.0,1,high,24.09,6,2,none,,9,https://www.musinsa.com/products/4790537
2026-09-01,파르티멘토우먼,4791433,오픈워크 어시매트릭 집업 후디 니트_아이보리,0.0,0,76950,76950,59850,1,17100,28.57,100.0,1,medium,24.08,6,2,none,,9,https://www.musinsa.com/products/4791433
2026-09-01,프리즘웍스,4791753,HOMEWARD BOUND SWEATSHIRT _ OATMEAL,0.0,0,37200,37200,37200,0,0,0.0,100.0,1,high,24.09,7,2,none,,9,https://www.musinsa.com/products/4791753
2026-09-01,링서울,4794697,slub v-neck knit cardigan-oatmeal,0.0,0,81900,81900,63700,1,18200,28.57,100.0,1,medium,24.01,8,2,none,,9,https://www.musinsa.com/products/4794697
2026-09-01,니티드,4797641,(W) 베이직 에센셜 워셔블 브이넥 가디건 BEIGE,0.0,0,39840,39840,39840,0,0,0.0,100.0,1,high,24.08,6,2,none,,9,https://www.musinsa.com/products/4797641
2026-09-01,커버낫,4797833,C 로고 다잉 옥스포드 셔츠 Ivory,0.0,0,44100,44100,36050,1,8050,22.33,100.0,1,medium,24.08,6,2,none,,9,https://www.musinsa.com/products/4797833
2026-09-01,커버낫,4797897,워크 자켓 Charcoal,0.0,0,107100,107100,119400,1,-12300,-10.3,100.0,1,medium,24.08,6,2,none,,9,https://www.musinsa.com/products/4797897
2026-09-01,아캄,4798601,Western Vintage Check Shirts (Black),0.0,0,115500,115500,132000,1,-16500,-12.5,100.0,1,medium,24.09,6,2,none,,9,https://www.musinsa.com/products/4798601
2026-09-01,아캄,4798729,Camouflage Knit Zip-Up Cardigan (Khaki),0.0,0,117600,117600,117600,0,0,0.0,100.0,1,high,24.09,6,2,none,,9,https://www.musinsa.com/products/4798729
2026-09-01,인사일런스우먼,4800905,사이드라인 컷 데님 BLACK,0.0,0,125100,125100,125100,0,0,0.0,100.0,1,high,24.09,7,2,none,,9,https://www.musinsa.com/products/4800905
2026-09-01,로우클래식,4808073,HENRY NECK LONG SLEEVE T-SHIRT_MELANGE GREY_LC253TS03MG,0.0,0,55580,55580,52490,1,3090,5.89,100.0,1,medium,24.09,7,2,none,,9,https://www.musinsa.com/products/4808073
2026-09-01,필루미네이트,4808777,어반 라이트 백 팩-핑크,0.0,0,49000,49000,49000,0,0,0.0,100.0,1,high,24.01,8,2,none,,9,https://www.musinsa.com/products/4808777
2026-09-01,디스이즈네버댓,4813641,TNT International Hoodie Black,0.0,0,59500,59500,59500,0,0,0.0,100.0,1,high,24.08,6,2,none,,9,https://www.musinsa.com/products/4813641
2026-09-01,해칭룸,4816073,Raglan Tee Black/Moss Charcoal,0.31,24307,78000,78000,78000,0,0,0.0,100.0,1,high,24.08,10,2,none,,9,https://www.musinsa.com/products/4816073
2026-09-01,디앤에스알,4816265,솔트 워싱 크롭 후드집업 네이비,0.64,25491,39600,39600,39600,0,0,0.0,64.62,0,low,24.09,5,1,none,,9,https://www.musinsa.com/products/4816265
2026-09-01,브룩스브라더스,4817417,슬림핏 코튼 스트레치 어드밴티지 치노 (그린) (BBPCMF8879IFS),0.0,0,95360,95360,95360,0,0,0.0,100.0,1,high,24.01,8,2,none,,9,https://www.musinsa.com/products/4817417
2026-09-01,유니폼브릿지,4817737,cotton fatigue pants wide fit navy,2.71,171209,63200,63200,63200,0,0,0.0,100.0,1,low,24.08,14,2,none,,9,https://www.musinsa.com/products/4817737
2026-09-01,유니폼브릿지,4817801,ubc stripe pocket s/s tee navy,0.0,0,41400,41400,41400,0,0,0.0,100.0,1,high,24.08,7,2,none,,9,https://www.musinsa.com/products/4817801
2026-09-01,유니폼브릿지,4818121,baseball two tone l/s tee(womens) charcoal,0.0,0,35600,35600,35600,0,0,0.0,100.0,1,high,24.08,7,2,none,,9,https://www.musinsa.com/products/4818121
2026-09-01,넌블랭크,4824329,[여름]코튼 컴포트 셋업 수트_DARK GREY,0.0,0,199840,199840,199840,0,0,0.0,100.0,1,high,24.01,8,2,none,,9,https://www.musinsa.com/products/4824329
2026-09-01,인사일런스,4825097,TYPE-2 데님 자켓 BLUE,0.0,0,127440,127440,127440,0,0,0.0,100.0,1,high,24.08,6,2,none,,9,https://www.musinsa.com/products/4825097
2026-09-01,다이브인,4826569,LOOSED WIDE DENIM PANTS (RIBBED BLACK),0.6,47646,79200,79200,99000,1,-19800,-20.0,100.0,1,medium,24.08,6,2,none,,9,https://www.musinsa.com/products/4826569
2026-09-01,꼼파뇨,4829001,Bubble Heart 피그먼트 반팔티 바질그린,0.89,23219,26000,33800,26000,1,7800,30.0,100.0,1,medium,24.08,6,2,none,,9,https://www.musinsa.com/products/4829001
2026-09-01,르바,4831625,Crochet Lace Skirt - Off White,0.0,0,139500,139500,108500,1,31000,28.57,100.0,1,medium,24.08,6,2,none,,9,https://www.musinsa.com/products/4831625
2026-09-01,제멋,4834185,워크맨 클래식 헤링턴 자켓 브라운 SOJK2605,0.0,0,67410,67410,67410,0,0,0.0,100.0,1,high,24.09,7,2,none,,9,https://www.musinsa.com/products/4834185
2026-09-01,유라고,4837065,[예리 착용] Tension ribbed sleeveless,0.0,0,26600,26600,26600,0,0,0.0,100.0,1,high,24.09,6,2,none,,9,https://www.musinsa.com/products/4837065
2026-09-01,밀로아카이브,4837641,더블 레이어드 디테일 팬츠 [에크루],0.0,0,76800,76800,89600,1,-12800,-14.29,100.0,1,medium,24.01,9,2,none,,9,https://www.musinsa.com/products/4837641
2026-09-01,제이엘브,4845385,제이엘브 빅로고 볼캡,0.0,0,28800,28800,28800,0,0,0.0,100.0,1,high,24.01,8,2,none,,9,https://www.musinsa.com/products/4845385
2026-09-01,시야쥬,4846345,SIOT4140 코어 트렌치 자켓_Cream,0.0,0,167000,167000,167000,0,0,0.0,100.0,1,high,24.09,6,2,none,,9,https://www.musinsa.com/products/4846345
2026-09-01,리메인세컨드,4846473,버뮤다 와이드 원턱 카펜터 스웨트 쇼츠 [그레이],1.42,36657,25900,25900,25900,0,0,0.0,100.0,1,high,24.09,11,2,none,,9,https://www.musinsa.com/products/4846473
2026-09-01,키르시,4850249,키르시 플레인 체리 슬림핏 슬리브리스 드레스 [다크 네이비],0.0,0,29400,29400,29400,0,0,0.0,100.0,1,high,24.08,6,2,none,,9,https://www.musinsa.com/products/4850249
2026-09-01,에스피오나지,4852105,91 Denim Trucker Jacket Light Black,0.0,0,95400,95400,95400,0,0,0.0,100.0,1,high,24.09,7,2,none,,9,https://www.musinsa.com/products/4852105
2026-09-01,프리즘웍스,4853897,OVERSIZED WAFFLE POCKET TEE 002 _ LIGHT OLIVE,0.0,0,40600,40600,40600,0,0,0.0,100.0,1,high,24.09,7,2,none,,9,https://www.musinsa.com/products/4853897
2026-09-01,디스이즈네버댓,4854793,T.N.T. Classic HDP Sweatshort Shadow Plaid,0.0,0,63200,63200,63200,0,0,0.0,100.0,1,high,24.09,6,2,none,,9,https://www.musinsa.com/products/4854793
2026-09-01,디스이즈네버댓,4854857,(SS25) INTL. Logo Tee Dark Grey,0.0,0,47200,47200,47200,0,0,0.0,100.0,1,high,24.08,6,2,none,,9,https://www.musinsa.com/products/4854857
2026-09-01,디스이즈네버댓,4854921,Faded Stadium Jacket Beige,0.0,0,104500,104500,104500,0,0,0.0,100.0,1,high,24.08,6,2,none,,9,https://www.musinsa.com/products/4854921
2026-09-01,1993스튜디오,4855049,뉴 어센틱 로고 티셔츠_화이트,0.0,0,27300,27300,27300,0,0,0.0,100.0,1,high,24.08,6,2,none,,9,https://www.musinsa.com/products/4855049
2026-09-01,1993스튜디오,4855177,90S 아치 트랙 티셔츠_그레이,0.0,0,44100,44100,44100,0,0,0.0,100.0,1,high,24.08,6,2,none,,9,https://www.musinsa.com/products/4855177
2026-09-01,트립르센스,4859209,시드 스톤 네크리스_터키 블루,0.0,0,58400,58400,58400,0,0,0.0,100.0,1,high,24.01,8,2,none,,9,https://www.musinsa.com/products/4859209
2026-09-01,로제프란츠,4860553,Linen Knit Cardigan [Pink],0.0,0,46920,46920,41060,1,5860,14.27,77.11,0,low,24.08,5,1,none,,9,https://www.musinsa.com/products/4860553
2026-09-01,낫포너드,4861449,Stripe Cargo Flare Fit Pants - Red,0.0,0,46500,46500,46500,0,0,0.0,100.0,1,high,24.08,6,2,none,,9,https://www.musinsa.com/products/4861449
2026-09-01,로제프란츠,4864201,Bridal Ball Cap [Black],0.0,0,41800,41800,36580,1,5220,14.27,100.0,1,medium,24.08,6,2,none,,9,https://www.musinsa.com/products/4864201
2026-09-01,론론,4865481,HEART STAR HAND STITCH OVERFIT CROP KNIT BLACK,0.0,0,80190,80190,55440,1,24750,44.64,100.0,1,medium,24.09,7,2,none,,9,https://www.musinsa.com/products/4865481
2026-09-01,엘무드,4873801,쥬얼 트리밍 하프 티셔츠 블랙,0.0,0,29500,29500,26550,1,2950,11.11,100.0,1,medium,24.09,6,2,none,,9,https://www.musinsa.com/products/4873801
2026-09-01,칙스,4875337,유원 트랙 팬츠 블랙 (기본/양기모ver),0.0,0,69900,69900,55920,1,13980,25.0,100.0,1,medium,24.09,7,2,none,,9,https://www.musinsa.com/products/4875337
2026-09-01,디스이즈네버댓,4875721,TNT_Mickey_Two Tone Cap Navy/Yellow,0.0,0,41300,41300,41300,0,0,0.0,100.0,1,high,24.08,6,2,none,,9,https://www.musinsa.com/products/4875721
2026-09-01,썬러브투어,4876937,PERTEX® Total Shell Jacket Charcoal,0.0,0,118440,118440,118440,0,0,0.0,100.0,1,high,24.09,8,2,none,,9,https://www.musinsa.com/products/4876937
2026-09-01,몰든,4885961,텍스트 스트랩 크롭탑,0.0,0,22240,22240,27800,1,-5560,-20.0,100.0,1,medium,24.09,8,2,none,,9,https://www.musinsa.com/products/4885961
2026-09-01,키뮤어,4886217,써머 와이드 데님 팬츠_빈티지 블루,0.0,0,27450,27450,27450,0,0,0.0,100.0,1,high,24.09,7,2,none,,9,https://www.musinsa.com/products/4886217
2026-09-01,썸웨어버터,4888777,Nylon Fle Backpack - 3Color,0.53,59384,111300,127200,111300,1,15900,14.29,100.0,1,medium,24.01,8,2,none,,9,https://www.musinsa.com/products/4888777
2026-09-01,더바넷,4895753,Candy Tuft Flower Case_Mint,0.0,0,31500,31500,31500,0,0,0.0,100.0,1,high,24.08,6,2,none,,9,https://www.musinsa.com/products/4895753
2026-09-01,배드블러드,4896777,미스틱 1/2 프린트 티셔츠 슬림핏 - 그레이,0.0,0,44000,44000,39600,1,4400,11.11,100.0,1,medium,24.09,7,2,none,,9,https://www.musinsa.com/products/4896777
2026-09-01,마인드브릿지,4898697,[쿨]테이퍼드 트리코트 밴딩 팬츠,0.0,0,49900,49900,49900,0,0,0.0,100.0,1,high,24.08,6,2,none,,9,https://www.musinsa.com/products/4898697
2026-09-01,마인드브릿지,4898825,두굿_소로나 쿨 터치 슬리브리스 - 2color,0.0,0,19900,19900,19900,0,0,0.0,100.0,1,high,24.08,6,2,none,,9,https://www.musinsa.com/products/4898825
2026-09-01,마인드브릿지우먼,4898953,[W]데님반바지_DG,0.0,0,39900,39900,39900,0,0,0.0,100.0,1,high,24.09,6,2,none,,9,https://www.musinsa.com/products/4898953
2026-09-01,마인드브릿지우먼,4899081,[W][쿨]슬림 테이퍼드 밴딩 슬랙스 - 2color,0.0,0,39900,39900,29900,1,10000,33.44,100.0,1,medium,24.09,6,2,none,,9,https://www.musinsa.com/products/4899081
2026-09-01,키르시,4904585,데미지 워싱 데님 스커트 [브라운],0.0,0,53400,53400,53400,0,0,0.0,100.0,1,high,24.08,6,2,none,,9,https://www.musinsa.com/products/4904585
2026-09-01,일리고,4908233,러플 배색 스커트 팬츠 블랙,0.0,0,78000,78000,78000,0,0,0.0,100.0,1,high,24.08,5,2,none,,9,https://www.musinsa.com/products/4908233
2026-09-01,세터,4910089,(W) 클래식 크루 넥 하프 니트 레드,0.0,0,119000,119000,119000,0,0,0.0,100.0,1,high,24.09,6,2,none,,9,https://www.musinsa.com/products/4910089
2026-09-01,1993스튜디오,4912329,심볼 로고 나일론 트랙 팬츠_네이비,0.0,0,49000,49000,64800,1,-15800,-24.38,100.0,1,medium,24.08,6,2,none,,9,https://www.musinsa.com/products/4912329
2026-09-01,커버낫,4914505,스몰 어센틱 오픈 카라 하프 니트 Dark Navy,0.0,0,44100,44100,40100,1,4000,9.98,100.0,1,medium,24.09,6,2,none,,9,https://www.musinsa.com/products/4914505
2026-09-01,낫포너드,4915209,Curved Incision Flare Fit Denim Pants - Deep Blue,0.0,0,62100,62100,62100,0,0,0.0,100.0,1,high,24.08,6,2,none,,9,https://www.musinsa.com/products/4915209
2026-09-01,메종미네드,4918345,RUGGED CARPENTER DENIM PANTS BLUE,0.0,0,71400,71400,71400,0,0,0.0,100.0,1,high,24.08,6,2,none,,9,https://www.musinsa.com/products/4918345
2026-09-01,플랙,4933449,[메르고X플랙] 스트레이트 데님팬츠 K52 미드 블루,0.0,0,69000,69000,69000,0,0,0.0,100.0,1,high,24.09,6,2,none,,9,https://www.musinsa.com/products/4933449
2026-09-01,아워데이즈,4933897,웨이비 커브드 버뮤다 데님 팬츠 [BLUE],0.0,0,39200,39200,39200,0,0,0.0,100.0,1,high,24.08,6,2,none,,9,https://www.musinsa.com/products/4933897
2026-09-01,유라고,4935817,Daisy layered skirt set,0.0,0,88160,88160,88160,0,0,0.0,100.0,1,high,24.09,6,2,none,,9,https://www.musinsa.com/products/4935817
2026-09-01,유라고,4935881,Pleats banding pants,0.0,0,60040,60040,60040,0,0,0.0,100.0,1,high,24.09,6,2,none,,9,https://www.musinsa.com/products/4935881
2026-09-01,던스트,4941705,UNISEX CUPID ARCH LOGO T-SHIRT_UDTS6B129_FRENCH NAVY,1.07,32881,30800,30800,30800,0,0,0.0,100.0,1,high,24.01,8,2,none,,9,https://www.musinsa.com/products/4941705
2026-09-01,필루미네이트,4942409,레가시 메세지 티셔츠-화이트,0.0,0,23000,23000,23000,0,0,0.0,100.0,1,high,24.01,8,2,none,,9,https://www.musinsa.com/products/4942409
2026-09-01,아웃스탠딩,4947081,LINEN COTTON COMFORT PANTS_CHARCOAL,0.28,21236,75200,84600,75200,1,9400,12.5,14.12,0,low,24.01,6,1,none,,9,https://www.musinsa.com/products/4947081
2026-09-01,어반드레스,4949001,Dyed Bermuda Denim Pants KHAKI,0.0,0,16980,16980,16980,0,0,0.0,100.0,1,high,24.09,7,2,none,,9,https://www.musinsa.com/products/4949001
2026-09-01,넌블랭크,4951561,래글런 HS 니트_DARK GREY/BLACK,0.0,0,68720,68720,68720,0,0,0.0,100.0,1,high,24.01,8,2,none,,9,https://www.musinsa.com/products/4951561
2026-09-01,언탭트스튜디오,4951689,[2PACK]워셔블 쿨 코튼 케이블 반팔 라운드 버튼 니트 3Color,0.0,0,54900,54900,54900,0,0,0.0,100.0,1,high,24.01,8,2,none,,9,https://www.musinsa.com/products/4951689
2026-09-01,에이치덱스,4958409,메인 스몰 로고 슬리브리스 (White),1.54,47972,31200,31200,31200,0,0,0.0,100.0,1,high,24.08,6,2,none,,9,https://www.musinsa.com/products/4958409
2026-09-01,락케이크,4959177,[젤라비 PICK] 96 Track Line Jogger - Black,3.12,234933,75334,68670,78480,1,-9810,-12.5,100.0,1,low,24.01,14,4,none,,9,https://www.musinsa.com/products/4959177
2026-09-01,플레어업,4963273,Muta Waffle Raglan T-Shirt (FL-154_White),0.0,0,24500,24500,17150,1,7350,42.86,100.0,1,medium,24.08,6,2,none,,9,https://www.musinsa.com/products/4963273
2026-09-01,필루미네이트,4969801,F 아플리케 로고 볼 캡-블랙,0.0,0,25000,25000,25000,0,0,0.0,100.0,1,high,24.01,8,2,none,,9,https://www.musinsa.com/products/4969801
2026-09-01,론론,4972809,PATCHWORK RUFFLE SHORT SLEEVE T SHIRT WHITE,0.0,0,53460,53460,36960,1,16500,44.64,100.0,1,medium,24.09,7,2,none,,9,https://www.musinsa.com/products/4972809
2026-09-01,커버낫,4974345,스몰 어센틱 맨투맨 Black,1.19,40273,33750,44100,33750,1,10350,30.67,100.0,1,medium,24.08,11,4,none,,9,https://www.musinsa.com/products/4974345
2026-09-01,아틀리에나인,4983241,ONE SHOULDER STRING TEE(T-6818),0.0,0,23400,23400,23400,0,0,0.0,100.0,1,high,24.09,6,2,none,,9,https://www.musinsa.com/products/4983241
2026-09-01,커버낫,4988873,크리즈 이펙트 티셔츠 Heather Gray,0.0,0,26100,26100,24500,1,1600,6.53,100.0,1,medium,24.08,6,2,none,,9,https://www.musinsa.com/products/4988873
2026-09-01,더니트컴퍼니,4993417,(M) 오레아 케이블 폴로 니트 8color,1.54,99185,64500,64500,64500,0,0,0.0,77.15,0,low,24.08,5,1,none,,9,https://www.musinsa.com/products/4993417
2026-09-01,바우프,4995145,스타 심볼 팬츠 [블랙],0.0,0,92650,92650,92650,0,0,0.0,100.0,1,high,24.08,6,2,none,,9,https://www.musinsa.com/products/4995145
2026-09-01,세컨모놀로그,4996617,키홀 로고 케이블 카라 하프 니트 [LAVENDER]_SEKT024LAVENDER,0.0,0,17150,17150,17150,0,0,0.0,100.0,1,high,24.08,6,2,none,,9,https://www.musinsa.com/products/4996617
2026-09-01,르아브,4999881,Wild Dreamer 프린트 티셔츠 그레이,0.0,0,41300,41300,41300,0,0,0.0,100.0,1,high,24.01,8,2,none,,9,https://www.musinsa.com/products/4999881
2026-09-01,무센트,5000137,하링 시그니처 로고 스냅 버튼 유넥 슬리브리스 (5컬러),0.0,0,20930,20930,29900,1,-8970,-30.0,100.0,1,medium,24.08,6,2,none,,9,https://www.musinsa.com/products/5000137
2026-09-01,나이스고스트클럽,5002889,JUNJI ITO MANIAC TOMIE TUMBLER_BLACK(NG2FMUAB79B),0.53,13122,24570,24570,24570,0,0,0.0,100.0,1,high,24.01,8,2,none,,9,https://www.musinsa.com/products/5002889
2026-09-01,더뮤지엄비지터,5005001,MESH MOUNTAINEERING BACKPACK (PINK),0.86,65710,76800,76800,76800,0,0,0.0,100.0,1,high,24.08,7,2,none,,9,https://www.musinsa.com/products/5005001
2026-09-01,트래블,5007881,제로쓰리 져지 레이스 쇼츠 라이트 베이지,0.0,0,22500,22500,22500,0,0,0.0,100.0,1,high,24.09,8,2,none,,9,https://www.musinsa.com/products/5007881
2026-09-01,에스피오나지,5007945,Jungle Fatigue S/S Outer Shirt Steel Grey,0.0,0,74400,74400,74400,0,0,0.0,100.0,1,high,24.09,7,2,none,,9,https://www.musinsa.com/products/5007945
2026-09-01,스컬프터,5008393,Eyelet Knit Shorts Red,0.0,0,42240,42240,52800,1,-10560,-20.0,100.0,1,medium,24.08,7,2,none,,9,https://www.musinsa.com/products/5008393
2026-09-01,레더리,5008649,썸하우 오버핏 반팔티 [BLACK],0.0,0,20280,20280,17750,1,2530,14.25,100.0,1,medium,24.08,6,2,none,,9,https://www.musinsa.com/products/5008649
2026-09-01,언더오프,5011721,오버핏 크루넥 1992아치 반팔 티셔츠 화이트레드,0.0,0,17900,17900,17900,0,0,0.0,100.0,1,high,24.09,6,2,none,,9,https://www.musinsa.com/products/5011721
2026-09-01,와르,5015369,M264 코튼 숏 팬츠_베이지,0.0,0,22200,22200,22200,0,0,0.0,100.0,1,high,24.08,7,2,none,,9,https://www.musinsa.com/products/5015369
2026-09-01,레더리,5016009,글로시 슬링 앤 미니 백팩 [BACK],0.0,0,38080,38080,33320,1,4760,14.29,100.0,1,medium,24.08,6,2,none,,9,https://www.musinsa.com/products/5016009
2026-09-01,커버낫,5024457,블록코어 아치 티셔츠 White,0.0,0,56880,56880,55300,1,1580,2.86,100.0,1,medium,24.08,6,2,none,,9,https://www.musinsa.com/products/5024457
2026-09-01,웬즈데이오아시스,5030409,썸머 시어서커 루즈 ST 셔츠_IVORY(W25-TP23),0.0,0,43400,43400,43400,0,0,0.0,100.0,1,low,24.09,7,2,none,,9,https://www.musinsa.com/products/5030409
2026-09-01,유라고,5031241,[무신사 단독] Day stripe half t-shirt,0.0,0,26600,26600,26600,0,0,0.0,100.0,1,high,24.09,6,2,none,,9,https://www.musinsa.com/products/5031241
2026-09-01,시야쥬,5031497,SITP5208 시스루 내추럴 ST 셔츠_White,0.0,0,70970,70970,58100,1,12870,22.15,100.0,1,medium,24.08,6,2,none,,9,https://www.musinsa.com/products/5031497
2026-09-01,스키즘인듀싱,5033737,MALICE PISTOLS T SHIRT WHITE,0.0,0,52000,52000,52000,0,0,0.0,100.0,1,high,24.09,7,2,none,,9,https://www.musinsa.com/products/5033737
2026-09-01,에스피오나지,5034633,Vintage Stripe Flap Pocket S/S Shirt Light Blue,0.0,0,61200,61200,61200,0,0,0.0,100.0,1,high,24.09,7,2,none,,9,https://www.musinsa.com/products/5034633
2026-09-01,커버낫,5035145,크로셰 하프 니트 셔츠 Black,0.0,0,53100,53100,48200,1,4900,10.17,100.0,1,medium,24.09,6,2,none,,9,https://www.musinsa.com/products/5035145
2026-09-01,썸웨어버터,5035465,Shell Button Round Shirt - Blue,0.0,0,91040,91040,91040,0,0,0.0,100.0,1,high,24.01,8,2,none,,9,https://www.musinsa.com/products/5035465
2026-09-01,쿠어,5035721,립스탑 오버 다잉 커브드 스윔 쇼츠 (워시드퍼플),0.0,0,90000,90000,90000,0,0,0.0,100.0,1,high,24.09,6,2,none,,9,https://www.musinsa.com/products/5035721
2026-09-01,무센트,5036617,바논 은장 사각 숄더백 남녀공용,0.6,16767,27930,27930,37110,1,-9180,-24.74,100.0,1,medium,24.08,6,2,none,,9,https://www.musinsa.com/products/5036617
2026-09-01,로제프란츠,5037769,Wrap Pumpkin Blouse [White],0.0,0,46280,46280,40500,1,5780,14.27,100.0,1,medium,24.08,6,2,none,,9,https://www.musinsa.com/products/5037769
2026-09-01,제멋,5046217,스킬 워시드 버뮤다 팬츠 그레이 NSSP2623,0.0,0,42900,42900,42900,0,0,0.0,100.0,1,high,24.09,7,2,none,,9,https://www.musinsa.com/products/5046217
2026-09-01,에이치덱스,5046665,에센셜 리브드 피그먼트 크롭 숏 슬리브 (Pigment Khaki),0.0,0,36750,36750,36750,0,0,0.0,100.0,1,high,24.08,6,2,none,,9,https://www.musinsa.com/products/5046665
2026-09-01,밀로아카이브,5054281,크롭 이지 니트 [아이보리],0.0,0,70400,70400,70400,0,0,0.0,100.0,1,high,24.01,9,2,none,,9,https://www.musinsa.com/products/5054281
2026-09-01,론론,5063625,PUFF SHIRRING SHORT SLEEVE T SHIRT BLACK,0.0,0,35640,35640,24640,1,11000,44.64,100.0,1,medium,24.09,7,2,none,,9,https://www.musinsa.com/products/5063625
2026-09-01,론론,5064137,LAYERED SLEEVELESS HOODIE DRESS GREY,0.0,0,71280,71280,49280,1,22000,44.64,100.0,1,medium,24.09,7,2,none,,9,https://www.musinsa.com/products/5064137
2026-09-01,커버낫,5066441,서핑 모션 그래픽 슬리브리스 Charcoal,0.0,0,35280,35280,26950,1,8330,30.91,100.0,1,medium,24.08,6,2,none,,9,https://www.musinsa.com/products/5066441
2026-09-01,브라운야드,5069129,"빈티지 코튼 피케 셔츠, 오프 화이트",0.0,0,78000,78000,78000,0,0,0.0,100.0,1,high,24.01,8,2,none,,9,https://www.musinsa.com/products/5069129
2026-09-01,무센트,5069193,시에라 호피 하트 반팔 티 남녀공용 (8컬러),18.85,541022,28700,20930,29900,1,-8970,-30.0,100.0,1,medium,24.08,27,10,none,,9,https://www.musinsa.com/products/5069193
2026-09-01,제너럴아이디어,5072585,UNISEX 뉴아이디어 레귤러 반팔티 [SKY BLUE] / SBE2U01012,0.0,0,25600,25600,25600,0,0,0.0,100.0,1,high,24.08,7,2,none,,9,https://www.musinsa.com/products/5072585
2026-09-01,테이크이지,5072777,퓨리티 아플리케 슬림 티셔츠 (블랙),0.0,0,19500,19500,13900,1,5600,40.29,100.0,1,low,24.09,5,2,none,,9,https://www.musinsa.com/products/5072777
2026-09-01,파르티멘토,5073033,버뮤다 카고 팬츠 타이거 카모,0.0,0,67300,67300,60570,1,6730,11.11,100.0,1,medium,24.08,6,2,none,,9,https://www.musinsa.com/products/5073033
2026-09-01,999휴머니티,5078985,공존 하프 티 (터콰이즈),1.29,87666,68000,68000,68000,0,0,0.0,64.71,0,low,24.09,5,1,none,,9,https://www.musinsa.com/products/5078985
2026-09-01,로템버,5079625,카고 버뮤다 와이드 코튼 팬츠 [차콜],0.0,0,53280,53280,49950,1,3330,6.67,100.0,1,medium,24.09,8,2,none,,9,https://www.musinsa.com/products/5079625
2026-09-01,브룩스브라더스,5080521,슬림핏 논아이론 에인즐리 숏슬리브 드레스셔츠 (라이트블루) (BBTDMM0244M),0.0,0,159000,159000,159000,0,0,0.0,100.0,1,high,24.01,8,2,none,,9,https://www.musinsa.com/products/5080521
2026-09-01,기철,5081481,Hem button wide denim pants (raw black),0.0,0,55800,55800,55800,0,0,0.0,100.0,1,high,24.09,6,2,none,,9,https://www.musinsa.com/products/5081481
2026-09-01,세터,5081673,크로셰 오픈 칼라 하프 셔츠 크림,0.64,89610,139000,139000,139000,0,0,0.0,100.0,1,high,24.09,6,2,none,,9,https://www.musinsa.com/products/5081673
2026-09-01,토마스모어,5082057,트윈포켓 반팔셔츠 - 네이비,0.0,0,63700,63700,63700,0,0,0.0,100.0,1,low,24.01,8,2,none,,9,https://www.musinsa.com/products/5082057
2026-09-01,아틀리에나인,5090953,BUSTIER LAYERD LONG DRESS(OP-6270),0.0,0,151200,151200,170100,1,-18900,-11.11,100.0,1,medium,24.09,6,2,none,,9,https://www.musinsa.com/products/5090953
2026-09-01,파르티멘토우먼,5091913,메탈 포인티드 웨이스트 진_라이트 블루,0.0,0,103680,103680,80640,1,23040,28.57,100.0,1,medium,24.08,6,2,none,,9,https://www.musinsa.com/products/5091913
2026-09-01,파르티멘토우먼,5091977,레글런 퍼프 숏슬리브 티_레드,0.0,0,34020,34020,26460,1,7560,28.57,100.0,1,medium,24.08,6,2,none,,9,https://www.musinsa.com/products/5091977
2026-09-01,프리즘웍스,5097929,CIGARETTE POCKET PIGMENT DYEING TEE _ BEIGE,0.0,0,27000,27000,27000,0,0,0.0,100.0,1,high,24.09,7,2,none,,9,https://www.musinsa.com/products/5097929
2026-09-01,몽돌,5097993,버클 스트랩 레인부츠 숏 MDAC056_3 Colors,4.42,108412,24500,24500,24500,0,0,0.0,100.0,1,high,24.01,18,6,none,,9,https://www.musinsa.com/products/5097993
2026-09-01,소버먼트,5104073,460G 컷 헤비 피그먼트 티셔츠-더스티 블루 그레이-,0.0,0,36600,36600,36600,0,0,0.0,100.0,1,high,24.01,13,2,none,,9,https://www.musinsa.com/products/5104073
2026-09-01,제이엘브,5107145,올드스쿨 오버핏 숏슬리브,0.0,0,32480,32480,32480,0,0,0.0,100.0,1,high,24.01,8,2,none,,9,https://www.musinsa.com/products/5107145
2026-09-01,브라운야드,5109705,"빈티지 트러커 캡, 베이지",0.0,0,41300,41300,41300,0,0,0.0,100.0,1,high,24.01,8,2,none,,9,https://www.musinsa.com/products/5109705
2026-09-01,드로우핏우먼,5110857,썸머 린넨 보트넥 니트 [WHITE],0.0,0,59400,59400,59400,0,0,0.0,100.0,1,high,24.09,8,2,none,,9,https://www.musinsa.com/products/5110857
2026-09-01,니티드,5114633,[2PACK] (W) 베이직 에센셜 워셔블 카라 니트,0.0,0,70240,70240,76320,1,-6080,-7.97,100.0,1,medium,24.08,6,2,none,,9,https://www.musinsa.com/products/5114633
2026-09-01,1993스튜디오,5117513,[CHODAN] 스티치 배색 티셔츠_그레이,0.0,0,39900,39900,39900,0,0,0.0,100.0,1,high,24.09,6,2,none,,9,https://www.musinsa.com/products/5117513
2026-09-01,글로니,5119369,LOVE CRUSH MINI DRESS (MONO),0.0,0,428000,428000,428000,0,0,0.0,100.0,1,high,24.09,7,2,none,,9,https://www.musinsa.com/products/5119369
2026-09-01,트립르센스,5120713,로고 플레이트 모달코튼 슬리브리스_네이비,0.0,0,29600,29600,29600,0,0,0.0,100.0,1,high,24.01,8,2,none,,9,https://www.musinsa.com/products/5120713
2026-09-01,트릴리온,5120969,카펜터 디스트로이드 데님 버뮤다 쇼츠_블루 그레이,0.0,0,19990,19990,19990,0,0,0.0,100.0,1,low,24.08,5,2,none,,9,https://www.musinsa.com/products/5120969
2026-09-01,제너럴아이디어,5123849,시스루 플라워 스카프 블라우스 [CREAM] / WBE2L03528,0.0,0,50400,50400,46110,1,4290,9.3,100.0,1,medium,24.09,7,2,none,,9,https://www.musinsa.com/products/5123849
2026-09-01,커버낫,5124169,[SET] 우븐 유틸리티 티셔츠 Beige,0.0,0,93240,93240,79920,1,13320,16.67,100.0,1,medium,24.08,6,2,none,,9,https://www.musinsa.com/products/5124169
2026-09-01,가까이유니언즈,5127433,원턱 8부 썬스턴 버뮤다 카고팬츠 그레이,0.0,0,34900,34900,34900,0,0,0.0,100.0,1,high,24.09,6,2,none,,9,https://www.musinsa.com/products/5127433
2026-09-01,아틀리에나인,5128137,LIT PLEATS SHIRT BLOUSE(BL-4312),0.0,0,95200,95200,107100,1,-11900,-11.11,100.0,1,medium,24.09,6,2,none,,9,https://www.musinsa.com/products/5128137
2026-09-01,미나브,5135689,더 크루 반팔 티셔츠 [화이트],0.0,0,26100,26100,36000,1,-9900,-27.5,100.0,1,medium,24.09,8,2,none,,9,https://www.musinsa.com/products/5135689
2026-09-01,프렌다,5138889,PRDA SPRAY BIG PATCH CHECK STAR CREWNECK TEE BLACK,0.0,0,17640,17640,25200,1,-7560,-30.0,100.0,1,medium,24.09,8,2,none,,9,https://www.musinsa.com/products/5138889
2026-09-01,주앙옴므,5143561,스트라이프 하프 슬리브 카라 니트 (차콜),0.0,0,62400,62400,62400,0,0,0.0,100.0,1,high,24.08,6,2,none,,9,https://www.musinsa.com/products/5143561
2026-09-01,룩캐스트,5148361,프레야 밴딩 레이스 쇼츠 / FREYA BANDING LACE SHORTS_3colors,0.0,0,29160,29160,29160,0,0,0.0,100.0,1,high,24.08,6,2,none,,9,https://www.musinsa.com/products/5148361
2026-09-01,코드그라피,5149513,터치드 워싱 와이드 데님팬츠_그레이,0.0,0,29710,29710,29710,0,0,0.0,100.0,1,high,24.08,6,2,none,,9,https://www.musinsa.com/products/5149513
2026-09-01,제멋,5152393,사이드 트랙 원턱 하프팬츠 블랙 OYSP2627,0.0,0,34900,34900,34900,0,0,0.0,100.0,1,high,24.09,7,2,none,,9,https://www.musinsa.com/products/5152393
2026-09-01,낫포너드,5152969,Ashen Dawn Incision Mesh Sleeveless - White,0.0,0,31000,31000,31000,0,0,0.0,100.0,1,high,24.08,6,2,none,,9,https://www.musinsa.com/products/5152969
2026-09-01,론론,5155209,PUMPKIN LAYERED SLEEVELESS WHITE DOT,0.0,0,53460,53460,36960,1,16500,44.64,100.0,1,medium,24.09,7,2,none,,9,https://www.musinsa.com/products/5155209
2026-09-01,제멋,5161161,[2PACK] 프로퍼 스트라이프 반팔티셔츠 OYST2637,0.0,0,47900,47900,47900,0,0,0.0,100.0,1,high,24.09,7,2,none,,9,https://www.musinsa.com/products/5161161
2026-09-01,아캄,5167433,Double Knee Denim Pants (Dark Blue),0.0,0,103600,103600,103600,0,0,0.0,100.0,1,high,24.09,6,2,none,,9,https://www.musinsa.com/products/5167433
2026-09-01,노이어,5167497,멀티 리브드 헨리넥 슬리브리스 (블랙),0.0,0,35100,35100,35100,0,0,0.0,100.0,1,high,24.09,7,2,none,,9,https://www.musinsa.com/products/5167497
2026-09-01,파르티멘토우먼,5170121,PWC 오버사이즈드 에브리데이 티_차콜,0.0,0,26730,26730,20790,1,5940,28.57,100.0,1,medium,24.08,6,2,none,,9,https://www.musinsa.com/products/5170121
2026-09-01,꼼파뇨,5175881,엔젤 브로치 크롭 반팔티 화이트,0.0,0,33800,33800,26000,1,7800,30.0,100.0,1,medium,24.08,6,2,none,,9,https://www.musinsa.com/products/5175881
2026-09-01,카키포인트,5176073,Cotton Balloon Pants (khaki),0.0,0,116640,116640,103680,1,12960,12.5,100.0,1,medium,24.09,8,2,none,,9,https://www.musinsa.com/products/5176073
2026-09-01,로제프란츠,5177225,Sheer Layered Shirring Dress [Black],0.0,0,61360,61360,53690,1,7670,14.29,100.0,1,medium,24.08,6,2,none,,9,https://www.musinsa.com/products/5177225
2026-09-01,론론,5180937,PUPPY TAILS BASIC FIT T SHIRT WHITE PINK,0.0,0,35640,35640,24640,1,11000,44.64,100.0,1,medium,24.09,7,2,none,,9,https://www.musinsa.com/products/5180937
2026-09-01,드헤베,5192905,Floral Long Dress [Ivory],0.0,0,127300,127300,127300,0,0,0.0,100.0,1,high,24.08,6,2,none,,9,https://www.musinsa.com/products/5192905
2026-09-01,론론,5205897,RUFFLE TEM TIE KNIT CARDIGAN SOFT YELLOW,0.0,0,80190,80190,55440,1,24750,44.64,100.0,1,medium,24.09,7,2,none,,9,https://www.musinsa.com/products/5205897
2026-09-01,론론,5205961,PUFF SLEEVE RUFFLE KNIT BLACK,0.0,0,71280,71280,49280,1,22000,44.64,100.0,1,medium,24.09,7,2,none,,9,https://www.musinsa.com/products/5205961
2026-09-01,러프사이드,5209929,Baker Blouson Dark Grey,0.0,0,378000,378000,378000,0,0,0.0,100.0,1,high,24.09,6,2,none,,9,https://www.musinsa.com/products/5209929
2026-09-01,파르티멘토우먼,5213641,팀 76 패치 숏슬리브 티_멜란지,0.0,0,31590,31590,24570,1,7020,28.57,100.0,1,medium,24.08,6,2,none,,9,https://www.musinsa.com/products/5213641
2026-09-01,썸웨어버터,5216137,Ketchup Butteree Over-Fit Top - Ivory,0.0,0,49000,49000,34300,1,14700,42.86,100.0,1,medium,24.01,8,2,none,,9,https://www.musinsa.com/products/5216137
2026-09-01,와이케이,5229897,YK 체크 아플리케 반팔티셔츠 네이비,0.0,0,34300,34300,34300,0,0,0.0,100.0,1,high,24.01,8,2,none,,9,https://www.musinsa.com/products/5229897
2026-09-01,해칭룸,5234121,Angel Flash Man Tee 1/2 Brown Charcoal,0.0,0,78000,78000,78000,0,0,0.0,100.0,1,high,24.08,6,2,none,,9,https://www.musinsa.com/products/5234121
2026-09-01,노매뉴얼,5242441,GEAR PATTERN JACQUARD MUFFLER - BLACK,0.0,0,50400,50400,50400,0,0,0.0,100.0,1,high,24.08,6,2,none,,9,https://www.musinsa.com/products/5242441
2026-09-01,노매뉴얼,5242505,RAW JACQUARD BEANIE - BEIGE,0.0,0,33600,33600,33600,0,0,0.0,100.0,1,high,24.08,6,2,none,,9,https://www.musinsa.com/products/5242505
2026-09-01,노매뉴얼,5243017,R.C DENIM BDU JACKET - WASHED BLACK,0.0,0,173250,173250,173250,0,0,0.0,100.0,1,high,24.08,6,2,none,,9,https://www.musinsa.com/products/5243017
2026-09-01,노매뉴얼,5243145,FLANNEL CHECK SHIRT - BLACK,1.89,178724,94500,94500,94500,0,0,0.0,100.0,1,high,24.08,6,2,none,,9,https://www.musinsa.com/products/5243145
2026-09-01,노매뉴얼,5243209,HEAVY WAFFLE HALF ZIP-UP - GRAY,3.34,297937,89300,89300,89300,0,0,0.0,100.0,1,high,24.08,11,2,none,,9,https://www.musinsa.com/products/5243209
2026-09-01,노매뉴얼,5243337,SPRAY DYEING KNIT - BEIGE,0.0,0,80500,80500,80500,0,0,0.0,100.0,1,high,24.08,6,2,none,,9,https://www.musinsa.com/products/5243337
2026-09-01,노매뉴얼,5243465,CREST LIGHT DUCK DOWN - BLACK,0.0,0,188100,188100,188100,0,0,0.0,100.0,1,high,24.08,6,2,none,,9,https://www.musinsa.com/products/5243465
2026-09-01,굿라이프웍스,5250377,비건레더 싱글 자켓 블랙,0.0,0,76300,76300,76300,0,0,0.0,100.0,1,high,24.09,6,2,none,,9,https://www.musinsa.com/products/5250377
2026-09-01,굿라이프웍스,5250441,그라데이션 브러쉬드 니트 차콜,0.0,0,43400,43400,43400,0,0,0.0,100.0,1,high,24.09,6,2,none,,9,https://www.musinsa.com/products/5250441
2026-09-01,코드그라피,5254217,(우먼) 스퀘어 로고 배색 반소매 맨투맨_네이비,0.0,0,47200,47200,47200,0,0,0.0,100.0,1,high,24.08,6,2,none,,9,https://www.musinsa.com/products/5254217
2026-09-01,무센트,5259785,엔도 슬림핏 카라 반팔 티,0.0,0,32130,32130,45900,1,-13770,-30.0,100.0,1,medium,24.09,6,2,none,,9,https://www.musinsa.com/products/5259785
2026-09-01,레더리,5260745,체크 웨스턴 슬림 셔츠 [AUTUMN BROWN],0.0,0,59400,59400,39790,1,19610,49.28,100.0,1,medium,24.08,6,2,none,,9,https://www.musinsa.com/products/5260745
2026-09-01,낫포너드,5272329,Patched Leather Side Zipper Card Wallet - Red,0.0,0,59000,59000,53100,1,5900,11.11,100.0,1,medium,24.08,6,2,none,,9,https://www.musinsa.com/products/5272329
2026-09-01,트릴리온,5276041,레더 패치 스웨이드 워크 후드 집업_브라운,0.0,0,47900,47900,47900,0,0,0.0,100.0,1,high,24.08,6,2,none,,9,https://www.musinsa.com/products/5276041
2026-09-01,트릴리온,5276105,울 엘보우 패치 투 포켓 버튼 자켓_크림,0.0,0,84000,84000,84000,0,0,0.0,100.0,1,high,24.08,6,2,none,,9,https://www.musinsa.com/products/5276105
2026-09-01,9999아카이브,5276361,Technical Curved Denim Jeans,10.63,981945,92380,92380,92380,0,0,0.0,100.0,1,low,10.06,28,6,none,,9,https://www.musinsa.com/products/5276361
2026-09-01,테이크이지,5279945,플란넬 플리스 하프집업 (그린),0.6,20688,34500,34500,34500,0,0,0.0,100.0,1,high,24.08,6,2,none,,9,https://www.musinsa.com/products/5279945
2026-09-01,파브레가,5287113,드리즐 스트라이프 데님 팬츠 (미디엄 블루),0.0,0,87300,87300,87300,0,0,0.0,100.0,1,high,24.08,6,2,none,,9,https://www.musinsa.com/products/5287113
2026-09-01,파브레가,5287561,본 피그다잉 체크 셔츠 (인디 핑크),0.0,0,74700,74700,74700,0,0,0.0,100.0,1,high,24.08,6,2,none,,9,https://www.musinsa.com/products/5287561
2026-09-01,마인드브릿지우먼,5289481,[W]루즈핏 타이 셔츠 - 2color,3.46,120895,34900,34900,37900,1,-3000,-7.92,35.2,0,low,9.75,16,1,none,,9,https://www.musinsa.com/products/5289481
2026-09-01,마인드브릿지,5289673,스트레이트 사이드 밴딩 팬츠 - 2color,0.0,0,29900,29900,29900,0,0,0.0,100.0,1,high,24.08,6,2,none,,9,https://www.musinsa.com/products/5289673
2026-09-01,마인드브릿지우먼,5290761,[W]셔츠 레이어드 스트라이프 니트,0.0,0,49900,49900,54900,1,-5000,-9.11,100.0,1,medium,24.09,6,2,none,,9,https://www.musinsa.com/products/5290761
2026-09-01,다이브인,5293065,LIGHT CROP HOOD ZIP-UP (CHARCOAL),0.6,42693,71200,71200,89000,1,-17800,-20.0,100.0,1,medium,24.08,6,2,none,,9,https://www.musinsa.com/products/5293065
2026-09-01,다이브인,5294601,UNIFORM LONG SLEEVE (WHITE),0.0,0,29600,29600,37000,1,-7400,-20.0,100.0,1,medium,24.09,6,2,none,,9,https://www.musinsa.com/products/5294601
2026-09-01,로제프란츠,5298441,Fringe Crop Tweed Jacket [Ivory],0.0,0,107520,107520,94080,1,13440,14.29,100.0,1,medium,24.08,6,2,none,,9,https://www.musinsa.com/products/5298441
2026-09-01,로제프란츠,5298633,See-through Lace Long Sleeve [Black],0.0,0,43120,43120,37730,1,5390,14.29,100.0,1,medium,24.08,6,2,none,,9,https://www.musinsa.com/products/5298633
2026-09-01,비긴202,5299849,커브라이트 다운 점퍼 [블랙],0.0,0,161850,161850,161850,0,0,0.0,22.75,0,low,24.0,5,1,none,,9,https://www.musinsa.com/products/5299849
2026-09-01,디앤에스알,5300041,리브드 헨리넥 롱슬리브 차콜,0.0,0,39960,39960,39960,0,0,0.0,100.0,1,high,24.09,6,2,none,,9,https://www.musinsa.com/products/5300041
2026-09-01,플랙,5302409,ESSENTIAL M61 STRAIGHT BLUE BLACK,0.0,0,78210,78210,69520,1,8690,12.5,100.0,1,medium,24.08,8,2,none,,9,https://www.musinsa.com/products/5302409
2026-09-01,디스이즈네버댓,5304329,City & Park Tee Dark Grey,0.0,0,38500,38500,38500,0,0,0.0,100.0,1,high,24.09,6,2,none,,9,https://www.musinsa.com/products/5304329
2026-09-01,인사일런스,5304777,가먼트다잉 워크 셔츠 CHARCOAL,0.0,0,116100,116100,103680,1,12420,11.98,100.0,1,medium,24.09,6,2,none,,9,https://www.musinsa.com/products/5304777
2026-09-01,커버낫,5305353,[커버낫X하이다나] 럭키 씨리얼 맨투맨 Oatmeal,0.0,0,64080,64080,71200,1,-7120,-10.0,100.0,1,medium,24.09,6,2,none,,9,https://www.musinsa.com/products/5305353
2026-09-01,아메스월드와이드,5306249,HOODIE LAYERED LONGSLEEVE TEE GREY,0.0,0,37800,37800,37800,0,0,0.0,100.0,1,high,24.08,6,2,none,,9,https://www.musinsa.com/products/5306249
2026-09-01,아메스월드와이드,5306313,52 HOBO BAG NAVY,1.0,39579,39701,44100,39200,1,4900,12.5,100.0,1,medium,24.08,6,2,none,,9,https://www.musinsa.com/products/5306313
2026-09-01,트리밍버드,5306825,Belted Cargo Skirt [ Black ],0.0,0,215100,215100,239000,1,-23900,-10.0,100.0,1,medium,24.09,7,2,none,,9,https://www.musinsa.com/products/5306825
2026-09-01,플랙,5308489,스트라이프 워시드 진 T41 블랙,0.0,0,86900,86900,69520,1,17380,25.0,100.0,1,medium,24.09,6,2,none,,9,https://www.musinsa.com/products/5308489
2026-09-01,코드그라피,5309513,CGP 로손 후디_멜란지그레이,0.0,0,23600,23600,23600,0,0,0.0,100.0,1,high,24.08,6,2,none,,9,https://www.musinsa.com/products/5309513
2026-09-01,언더오프,5309641,언더스모크 자카드 니트 블랙,0.0,0,26500,26500,33520,1,-7020,-20.94,100.0,1,medium,24.09,6,2,none,,9,https://www.musinsa.com/products/5309641
2026-09-01,유니폼브릿지,5310665,multi color stripe l/s t-shirt blue,0.0,0,44500,44500,44500,0,0,0.0,100.0,1,high,24.09,7,2,none,,9,https://www.musinsa.com/products/5310665
2026-09-01,썸웨어버터,5310793,Casual Wave Logo Knit - Burgundy,0.0,0,119000,119000,119000,0,0,0.0,100.0,1,high,24.01,8,2,none,,9,https://www.musinsa.com/products/5310793
2026-09-01,일리고,5310985,엔젤링 코위찬 니트 집업 브라운,0.0,0,102000,102000,102000,0,0,0.0,100.0,1,high,24.08,6,2,none,,9,https://www.musinsa.com/products/5310985
2026-09-01,웬즈데이오아시스,5311049,레이어드 위드 레오파드 볼캡_BROWN(W25-ACC06),0.0,0,38500,38500,38500,0,0,0.0,100.0,1,high,24.09,8,2,none,,9,https://www.musinsa.com/products/5311049
2026-09-01,일리고,5311113,프릴 도트 벌룬 스커트 화이트,0.0,0,58000,58000,58000,0,0,0.0,100.0,1,high,24.08,6,2,none,,9,https://www.musinsa.com/products/5311113
2026-09-01,언탭트스튜디오,5311305,오버핏 아란 케이블 라운드 니트 5Color,1.43,52639,36900,36900,36900,0,0,0.0,100.0,1,high,24.01,18,4,none,,9,https://www.musinsa.com/products/5311305
2026-09-01,카키포인트,5311369,Cancan Skirt Pants (ivory),1.0,93277,93538,96390,85680,1,10710,12.5,100.0,1,medium,24.09,10,2,none,,9,https://www.musinsa.com/products/5311369
2026-09-01,브라운브레스,5312777,[25FALL] TAG HOOD ZIP UP - MELANGE GREY,0.0,0,99000,99000,99000,0,0,0.0,100.0,1,high,24.09,8,2,none,,9,https://www.musinsa.com/products/5312777
2026-09-01,로템버,5314505,레이어드 모크넥 니트 티셔츠 [블랙],0.0,0,44460,44460,44460,0,0,0.0,100.0,1,high,24.09,8,2,none,,9,https://www.musinsa.com/products/5314505
2026-09-01,로템버,5314633,리브드 헨리넥 니트 티셔츠 [블랙],0.27,11814,44460,44460,44460,0,0,0.0,100.0,1,high,24.09,8,2,none,,9,https://www.musinsa.com/products/5314633
2026-09-01,소버먼트,5316297,780G 솔리드 크롭 후디 집업-8%멜란지 그레이-,21.24,1168309,55000,55000,55000,0,0,0.0,100.0,1,low,10.05,28,6,none,,9,https://www.musinsa.com/products/5316297
2026-09-01,아캄,5316425,Camo Contrast Hooded Long Sleeve (White),0.0,0,62300,62300,71200,1,-8900,-12.5,100.0,1,medium,24.1,6,2,none,,9,https://www.musinsa.com/products/5316425
2026-09-01,엘무드,5316681,에센셜 실켓 후드 집업 멜란지 그레이,0.6,44944,75000,75000,67500,1,7500,11.11,100.0,1,medium,24.09,6,2,none,,9,https://www.musinsa.com/products/5316681
2026-09-01,엘무드,5316873,포마드 클래식 램 무스탕 자켓 블랙,0.0,0,898200,898200,898200,0,0,0.0,100.0,1,high,24.09,6,2,none,,9,https://www.musinsa.com/products/5316873
2026-09-01,파르티멘토우먼,5318409,PW 프린티드 언발란스 티_멜란지,0.0,0,37800,37800,26460,1,11340,42.86,100.0,1,medium,24.08,6,2,none,,9,https://www.musinsa.com/products/5318409
2026-09-01,커버낫,5320713,[최윤지 착용] 미들 C로고 니트 Ivory,0.0,0,58860,58860,65400,1,-6540,-10.0,100.0,1,medium,24.09,6,2,none,,9,https://www.musinsa.com/products/5320713
2026-09-01,커버낫,5321225,레귤러핏 데님 팬츠 Blue,0.0,0,57920,57920,57920,0,0,0.0,100.0,1,high,24.09,6,2,none,,9,https://www.musinsa.com/products/5321225
2026-09-01,프리즘웍스,5321929,DESTROYED COWHIDE LEATHER JACKET _ WASHED OLIVE,0.0,0,295200,295200,328000,1,-32800,-10.0,100.0,1,medium,24.09,7,2,none,,9,https://www.musinsa.com/products/5321929
2026-09-01,커버낫,5322057,벨루아 스트라이프 롱슬리브 Gray,0.0,0,53330,53330,59250,1,-5920,-9.99,100.0,1,medium,24.08,6,2,none,,9,https://www.musinsa.com/products/5322057
2026-09-01,스컬프터,5322697,Snowflake Knit Zip-Up Ladybug,0.0,0,82560,82560,103200,1,-20640,-20.0,100.0,1,medium,24.09,7,2,none,,9,https://www.musinsa.com/products/5322697
2026-09-01,도프제이슨,5323465,패널드 스포티 레더 자켓 DARK BROWN,0.0,0,179000,179000,170050,1,8950,5.26,100.0,1,medium,24.01,8,2,none,,9,https://www.musinsa.com/products/5323465
2026-09-01,키르시,5325385,키르시 멜로우 러플 레이어드 숏 팬츠 [라이트 옐로우],0.0,0,48300,48300,48300,0,0,0.0,100.0,1,high,24.09,6,2,none,,9,https://www.musinsa.com/products/5325385
2026-09-01,키르시,5325833,키르시 멜로우 스캘럽 니트 쇼츠 [라이트 옐로우],0.0,0,63200,63200,63200,0,0,0.0,100.0,1,high,24.09,6,2,none,,9,https://www.musinsa.com/products/5325833
2026-09-01,메종미네드,5326281,DOODLE HEART VINTAGE WASHED BALL CAP NAVY,0.0,0,34300,34300,34300,0,0,0.0,100.0,1,high,24.08,6,2,none,,9,https://www.musinsa.com/products/5326281
2026-09-01,세터,5327241,와플 헨리넥 롱 슬리브 블랙,3.06,271950,89000,89000,89000,0,0,0.0,100.0,1,high,23.99,17,5,none,,9,https://www.musinsa.com/products/5327241
2026-09-01,효지,5328137,25 FW 2버튼 크롭 자켓_레더 (스모키 카키),0.0,0,79000,79000,79000,0,0,0.0,100.0,1,high,24.1,6,2,none,,9,https://www.musinsa.com/products/5328137
2026-09-01,코드그라피,5332681,(우먼) 스트라이프 카라 맨투맨_버건디,0.0,0,55300,55300,55300,0,0,0.0,100.0,1,high,24.08,6,2,none,,9,https://www.musinsa.com/products/5332681
2026-09-01,아이돈워너셀,5333897,Linchpin Shirt Jacket Blue,0.0,0,96750,96750,77400,1,19350,25.0,100.0,1,medium,24.09,6,2,none,,9,https://www.musinsa.com/products/5333897
2026-09-01,아이돈워너셀,5334025,Mega Coil Boston Bag Brown,0.0,0,104250,104250,104250,0,0,0.0,100.0,1,high,24.09,6,2,none,,9,https://www.musinsa.com/products/5334025
2026-09-01,제너럴아이디어,5336073,MAN 클래식 크루넥 니트 베스트 [MUSTARD] / SBE3M06004,0.0,0,49600,49600,49600,0,0,0.0,100.0,1,high,24.09,7,2,none,,9,https://www.musinsa.com/products/5336073
2026-09-01,슈퍼서브,5338825,크로스 카운트 오버핏 후디 - 멜란지,0.0,0,62900,62900,62900,0,0,0.0,100.0,1,high,24.08,6,2,none,,9,https://www.musinsa.com/products/5338825
2026-09-01,러브이즈트루,5340297,SHUGO CHARA! RINGER TEE(WHITE),0.0,0,49000,49000,49000,0,0,0.0,100.0,1,high,24.01,8,2,none,,9,https://www.musinsa.com/products/5340297
2026-09-01,러브이즈트루,5340361,BASIC COLLAR TAPE TEE(GRAY),0.0,0,56100,56100,,0,,,47.56,0,low,24.01,4,1,none,,9,https://www.musinsa.com/products/5340361
2026-09-01,본투윈,5340809,SILVER BRN MUSCLE FIT T-SHIRTS [3COL],8.14,398863,49000,49000,49000,0,0,0.0,100.0,1,high,24.01,22,6,none,,9,https://www.musinsa.com/products/5340809
2026-09-01,와르,5341065,M1072 후드 헨리넥 티셔츠_레드,0.0,0,62400,62400,43680,1,18720,42.86,100.0,1,medium,24.08,7,2,none,,9,https://www.musinsa.com/products/5341065
2026-09-01,밀로아카이브,5341513,다이애그널 셔츠 [시멘트 그레이],0.0,0,65170,65170,78400,1,-13230,-16.88,100.0,1,medium,24.01,9,2,none,,9,https://www.musinsa.com/products/5341513
2026-09-01,룩캐스트,5342345,바이올렛 모헤어 스카프 / VIOLET MOHAIR SCARF_3colors,0.0,0,25440,25440,23810,1,1630,6.85,100.0,1,medium,24.08,6,2,none,,9,https://www.musinsa.com/products/5342345
2026-09-01,인사일런스우먼,5343561,체크 셔링 셔츠 BLACK CHECK,0.0,0,129200,129200,129200,0,0,0.0,100.0,1,high,24.09,7,2,none,,9,https://www.musinsa.com/products/5343561
2026-09-01,유라고,5345033,Button half leather jacket,0.0,0,128440,128440,128440,0,0,0.0,100.0,1,low,24.1,5,2,none,,9,https://www.musinsa.com/products/5345033
2026-09-01,모즈모즈,5345097,윙즈기타 그래픽 피그먼트 롱 슬리브 챠콜,0.0,0,23500,23500,23500,0,0,0.0,100.0,1,high,24.1,6,2,none,,9,https://www.musinsa.com/products/5345097
2026-09-01,워크온바디오프,5345481,[젠플록스 PICK] 레스티드 세미 오버핏 헨리넥 니트 [차콜],2.77,68053,24554,23660,24900,1,-1240,-4.98,100.0,1,medium,24.09,16,4,none,,9,https://www.musinsa.com/products/5345481
2026-09-01,필루미네이트,5345865,밀리터리 아플리케 볼캡-블랙,0.0,0,20900,20900,20900,0,0,0.0,100.0,1,high,24.01,8,2,none,,9,https://www.musinsa.com/products/5345865
2026-09-01,디스이즈네버댓,5350025,T-Logo Crewneck Light Green,0.0,0,79200,79200,79200,0,0,0.0,100.0,1,high,24.09,6,2,none,,9,https://www.musinsa.com/products/5350025
2026-09-01,쿠어,5350473,에센셜 후디 스웻셔츠 (블랙),0.0,0,117000,117000,117000,0,0,0.0,100.0,1,high,24.1,6,2,none,,9,https://www.musinsa.com/products/5350473
2026-09-01,커스텀어클락,5351625,소프트 케이블 라운드 가디건 오트밀 COOSCD021OATMEAL,0.0,0,47200,47200,44250,1,2950,6.67,100.0,1,medium,24.09,6,2,none,,9,https://www.musinsa.com/products/5351625
2026-09-01,1993스튜디오,5352009,[LG트윈스x1993스튜디오] 브이넥 나일론 피스테_레드,0.0,0,89000,89000,89000,0,0,0.0,100.0,1,high,24.09,6,2,none,,9,https://www.musinsa.com/products/5352009
2026-09-01,비터셀즈,5354761,에센셜 리브드 니트 후드 집업-베이지,0.0,0,65480,65480,65480,0,0,0.0,100.0,1,high,24.08,6,2,none,,9,https://www.musinsa.com/products/5354761
2026-09-01,썬러브투어,5355849,Crescent Brushed Hoodie Ivory,0.0,0,66720,66720,66720,0,0,0.0,100.0,1,low,24.09,7,2,none,,9,https://www.musinsa.com/products/5355849
2026-09-01,썬러브투어,5356105,W Patch Track Jacket Black,0.0,0,81120,81120,81120,0,0,0.0,100.0,1,high,24.09,8,2,none,,9,https://www.musinsa.com/products/5356105
2026-09-01,론론,5357705,MIX STAR APPLIQUE OVER FIT LONG SLEEVE WHITE,0.0,0,36960,36960,47520,1,-10560,-22.22,100.0,1,medium,24.09,7,2,none,,9,https://www.musinsa.com/products/5357705
2026-09-01,디앤에스알,5358025,리브드 롱슬리브 아이보리,0.0,0,49600,49600,49600,0,0,0.0,100.0,1,high,24.1,6,2,none,,9,https://www.musinsa.com/products/5358025
2026-09-01,제너럴아이디어,5358281,브이넥 타이 블라우스 [BLACK] / WBE3L03503,0.0,0,47200,47200,42400,1,4800,11.32,100.0,1,medium,24.09,7,2,none,,9,https://www.musinsa.com/products/5358281
2026-09-01,스키즘인듀싱,5358537,CURVED ZIPPER SWEATPANTS BLACK,0.0,0,124200,124200,124200,0,0,0.0,100.0,1,high,24.09,7,2,none,,9,https://www.musinsa.com/products/5358537
2026-09-01,드로우핏,5358729,워시드 코튼 샴브레이 워크 셔츠 [BLUE],0.0,0,49500,49500,49500,0,0,0.0,100.0,1,high,24.08,6,2,none,,9,https://www.musinsa.com/products/5358729
2026-09-01,더바넷,5359881,Maro Pigment Pocket T-Shirt_Khaki,0.0,0,72250,72250,72250,0,0,0.0,100.0,1,high,24.08,6,2,none,,9,https://www.musinsa.com/products/5359881
2026-09-01,썬러브투어,5359945,Heather Boucle Beanie Charcoal,0.0,0,26400,26400,26400,0,0,0.0,100.0,1,high,24.09,8,2,none,,9,https://www.musinsa.com/products/5359945
2026-09-01,키르시,5360521,듀이 체리 유니 루즈핏 후디 [오트밀],0.0,0,69300,69300,69300,0,0,0.0,100.0,1,high,24.09,6,2,none,,9,https://www.musinsa.com/products/5360521
2026-09-01,키르시,5360585,피그먼트 다잉 니트 집업 [차콜],0.0,0,70900,70900,77400,1,-6500,-8.4,100.0,1,medium,24.09,6,2,none,,9,https://www.musinsa.com/products/5360585
2026-09-01,아틀리에나인,5361225,ESSENTIAL INDIGO WIDE PANTS(PT-5703),0.0,0,76050,76050,85560,1,-9510,-11.12,100.0,1,medium,24.1,6,2,none,,9,https://www.musinsa.com/products/5361225
2026-09-01,엑스컨테이너,5361929,미니멀 하이넥 니트 집업 (KHAKI GREEN),0.0,0,79000,79000,79000,0,0,0.0,100.0,1,high,24.08,6,2,none,,9,https://www.musinsa.com/products/5361929
2026-09-01,드로우핏,5364425,스트라이프 슬림 모던 타이 [2COLORS],3.08,69332,22500,22500,22500,0,0,0.0,100.0,1,high,24.08,14,2,none,,9,https://www.musinsa.com/products/5364425
2026-09-01,파르티멘토우먼,5366857,PWC 하이넥 백 버튼업 니트 탑_블랙 스트라이프,0.0,0,47790,47790,37170,1,10620,28.57,100.0,1,medium,24.08,6,2,none,,9,https://www.musinsa.com/products/5366857
2026-09-01,필루미네이트,5374665,올드 스쿨 플란넬 체크 셔츠-레드,0.47,15674,33000,33000,33000,0,0,0.0,100.0,1,high,24.01,8,2,none,,9,https://www.musinsa.com/products/5374665
2026-09-01,르바,5376329,Overdyed Wide Denim - Stone Navy,0.77,58787,76300,98100,76300,1,21800,28.57,100.0,1,medium,24.08,6,2,none,,9,https://www.musinsa.com/products/5376329
2026-09-01,르바,5376393,Standard Soft T-Shirt - Off White,0.0,0,46800,46800,46800,0,0,0.0,100.0,1,high,24.08,6,2,none,,9,https://www.musinsa.com/products/5376393
2026-09-01,르바,5376457,Fuzzy Eyelet Layered Wrap Knit - Rustic Brown,0.0,0,71100,71100,71100,0,0,0.0,100.0,1,high,24.08,6,2,none,,9,https://www.musinsa.com/products/5376457
2026-09-01,인사일런스,5376585,코튼 포켓 자켓 BROWN,0.0,0,178200,178200,176000,1,2200,1.25,100.0,1,medium,24.09,6,2,none,,9,https://www.musinsa.com/products/5376585
2026-09-01,세컨모놀로그,5380297,에어플로우 와플 트랙 자켓 [BROWN]_SEJK022BROWN,0.0,0,43600,43600,43600,0,0,0.0,100.0,1,high,24.09,6,2,none,,9,https://www.musinsa.com/products/5380297
2026-09-01,제너럴아이디어,5380617,하이넥 사파리 하프 자켓 [LIGHT KHAKI] / WBE3L09504,0.0,0,101650,101650,101600,1,50,0.05,100.0,1,medium,24.09,7,2,none,,9,https://www.musinsa.com/products/5380617
2026-09-01,프리즘웍스,5381321,ARMY AIRFIELD SWEATSHIRT _ BLACK,0.98,33748,34560,34560,38400,1,-3840,-10.0,100.0,1,medium,24.09,7,2,none,,9,https://www.musinsa.com/products/5381321
2026-09-01,드로우핏우먼,5382537,코어 스트레이트 핏 데님 팬츠 [LIGHT BLUE],0.0,0,66600,66600,66600,0,0,0.0,100.0,1,high,24.09,8,2,none,,9,https://www.musinsa.com/products/5382537
2026-09-01,드로우핏우먼,5382601,루어 스웨이드 미니 토트 백 [BLACK],0.0,0,59400,59400,59400,0,0,0.0,100.0,1,high,24.09,8,2,none,,9,https://www.musinsa.com/products/5382601
2026-09-01,비터셀즈,5384265,헤어리 넥 라이트푸퍼 자켓-그레이,0.0,0,116350,116350,116350,0,0,0.0,100.0,1,high,24.08,6,2,none,,9,https://www.musinsa.com/products/5384265
2026-09-01,언더오프,5385097,어센틱 릴렉스드 나인티나인 맨투맨 스웨트 블랙,0.0,0,34900,34900,28900,1,6000,20.76,100.0,1,medium,24.09,6,2,none,,9,https://www.musinsa.com/products/5385097
2026-09-01,칙스,5386313,원드랍 플리츠 레이어드 스커트 브라운,0.0,0,53900,53900,43120,1,10780,25.0,100.0,1,medium,24.09,7,2,none,,9,https://www.musinsa.com/products/5386313
2026-09-01,웬즈데이오아시스,5388425,페이드 그라데이션 체크 셔츠_BURGUNDY(W25-SH04),0.0,0,68600,68600,68600,0,0,0.0,100.0,1,high,24.09,8,2,none,,9,https://www.musinsa.com/products/5388425
2026-09-01,어반드레스,5390025,Pigment Felt Crop Hoody PIGMENT WASHING BLACK,0.0,0,55500,55500,55500,0,0,0.0,100.0,1,high,24.09,7,2,none,,9,https://www.musinsa.com/products/5390025
2026-09-01,아틀리에나인,5391945,CUTOUT OBLIQUE KNIT (Z-T-7131),0.7,48531,69070,69070,86330,1,-17260,-19.99,100.0,1,medium,24.1,6,2,none,,9,https://www.musinsa.com/products/5391945
2026-09-01,일꼬르소,5393289,빈티지 신드롬 스웻셔츠 화이트 IETS5F004WT,0.0,0,48300,48300,48300,0,0,0.0,100.0,1,high,24.09,6,2,none,,9,https://www.musinsa.com/products/5393289
2026-09-01,트릴리온,5393353,워셔블 울 헤어리 스트라이프 후드 집업 니트_카키,0.0,0,47800,47800,47800,0,0,0.0,100.0,1,high,24.08,6,2,none,,9,https://www.musinsa.com/products/5393353
2026-09-01,유니폼브릿지,5393545,cashmere blended cable half knit(womens) camel,0.0,0,32710,32710,32710,0,0,0.0,100.0,1,high,24.08,7,2,none,,9,https://www.musinsa.com/products/5393545
2026-09-01,트리밍버드,5393673,Tied Scarf Shirt [ Black ],0.0,0,198000,198000,198000,0,0,0.0,100.0,1,high,24.09,7,2,none,,9,https://www.musinsa.com/products/5393673
2026-09-01,세터,5393737,(W) 클래식 로고 헤어핀 세트 블랙,0.0,0,19000,19000,19000,0,0,0.0,100.0,1,high,24.1,6,2,none,,9,https://www.musinsa.com/products/5393737
2026-09-01,세터,5395849,코튼 크루 삭스 화이트,0.0,0,9900,9900,9900,0,0,0.0,100.0,1,high,24.1,6,2,none,,9,https://www.musinsa.com/products/5395849
2026-09-01,틸아이다이,5396041,Double button jacket TIFA03JK02_Black,0.0,0,185730,185730,185730,0,0,0.0,100.0,1,high,24.09,7,2,none,,9,https://www.musinsa.com/products/5396041
2026-09-01,세터,5397129,(W) 소프트 터치 케이블 크루 넥 니트 차콜,0.0,0,139000,139000,139000,0,0,0.0,100.0,1,high,24.1,6,2,none,,9,https://www.musinsa.com/products/5397129
2026-09-01,후드후드,5406857,스타 아플리케 자수 후드 차콜,0.0,0,50900,50900,50900,0,0,0.0,100.0,1,high,24.08,6,2,none,,9,https://www.musinsa.com/products/5406857
2026-09-01,와이케이,5407241,YK 체크 아플리케 후드티셔츠 멜란지화이트,0.0,0,59250,59250,41480,1,17770,42.84,100.0,1,medium,24.01,8,2,none,,9,https://www.musinsa.com/products/5407241
2026-09-01,르아브,5408649,세그먼트 체크 크롭 긴팔 셔츠 버건디,0.47,34898,73500,73500,73500,0,0,0.0,100.0,1,high,24.01,8,2,none,,9,https://www.musinsa.com/products/5408649
2026-09-01,커버낫,5409929,어센틱 로고 코듀로이 5패널 캡 Brown,0.0,0,36450,36450,35000,1,1450,4.14,100.0,1,medium,24.09,6,2,none,,9,https://www.musinsa.com/products/5409929
2026-09-01,디스이즈네버댓,5414217,Light Duffle Bag (S) White,0.0,0,36000,36000,36000,0,0,0.0,100.0,1,high,24.09,6,2,none,,9,https://www.musinsa.com/products/5414217
2026-09-01,디스이즈네버댓,5414281,TN Applique Cap Black/Beige,0.0,0,34300,34300,34300,0,0,0.0,100.0,1,high,24.09,6,2,none,,9,https://www.musinsa.com/products/5414281
2026-09-01,디스이즈네버댓,5414345,Chino Pant Dark Green,0.0,0,95200,95200,95200,0,0,0.0,100.0,1,high,24.09,6,2,none,,9,https://www.musinsa.com/products/5414345
2026-09-01,드릭스,5417609,스트라이프 머슬핏 헨리넥 롱 슬리브_4color,4.92,124733,25344,25330,26990,1,-1660,-6.15,100.0,1,medium,24.09,11,2,none,1,9,https://www.musinsa.com/products/5417609
2026-09-01,배드블러드,5420553,미스틱 빅패치 볼캡 - 더스티그린카모,0.0,0,67500,67500,60750,1,6750,11.11,100.0,1,medium,24.09,7,2,none,,9,https://www.musinsa.com/products/5420553
2026-09-01,솔트앤초콜릿,5424329,레니스 슬링백 412532003 (5cm),0.0,0,47400,47400,59250,1,-11850,-20.0,100.0,1,medium,24.09,7,2,none,,9,https://www.musinsa.com/products/5424329
2026-09-01,밀로아카이브,5424585,소이 스트라이프 후드 집업 [딥 브라운],0.0,0,94400,94400,94400,0,0,0.0,100.0,1,high,24.01,9,2,none,,9,https://www.musinsa.com/products/5424585
2026-09-01,슬로우애시드,5425033,아웃 포켓 핀턱 팬츠 [베이지],0.23,11487,50700,50700,50700,0,0,0.0,100.0,1,high,24.08,6,2,none,,9,https://www.musinsa.com/products/5425033
2026-09-01,슬로우애시드,5425545,메탈릭 심볼 키링 [실버],0.0,0,22100,22100,22100,0,0,0.0,100.0,1,high,24.08,6,2,none,,9,https://www.musinsa.com/products/5425545
2026-09-01,론론,5426313,DOT PANEL SLIM HOODIE LONG SLEEVE NAVY,0.0,0,53460,53460,36960,1,16500,44.64,100.0,1,medium,24.09,7,2,none,,9,https://www.musinsa.com/products/5426313
2026-09-01,니티드,5429001,(W) 베이직 에센셜 워셔블 라운드 니트 MOCHA,0.0,0,31840,31840,31840,0,0,0.0,100.0,1,high,24.08,6,2,none,,9,https://www.musinsa.com/products/5429001
2026-09-01,탄산마그네슘,5430409,도트 패턴 후드집업 (화이트/레드),0.0,0,120080,120080,120080,0,0,0.0,100.0,1,high,24.1,6,2,none,,9,https://www.musinsa.com/products/5430409
2026-09-01,노이어,5432329,식스 포켓 와이드 슬랙스 (차콜),0.98,138316,141700,141700,141700,0,0,0.0,100.0,1,high,24.09,7,2,none,,9,https://www.musinsa.com/products/5432329
2026-09-01,썬러브투어,5432649,Flannel Club Cap Green,0.0,0,33120,33120,33120,0,0,0.0,100.0,1,high,24.09,8,2,none,,9,https://www.musinsa.com/products/5432649
2026-09-01,론론,5434249,MULTI PATTERN HEART STRIPE LONG SLEEVE NAVY,0.0,0,53460,53460,47520,1,5940,12.5,100.0,1,medium,24.09,7,2,none,1,9,https://www.musinsa.com/products/5434249
2026-09-01,노이어,5434313,멀티 웨일 코듀로이 해링턴 자켓 (블랙),0.0,0,208200,208200,208200,0,0,0.0,100.0,1,high,24.09,7,2,none,,9,https://www.musinsa.com/products/5434313
2026-09-01,트립르센스,5436041,커버 스티치 크롭 와플 맨투맨_크림아이보리,0.0,0,59200,59200,59200,0,0,0.0,100.0,1,high,24.02,8,2,none,,9,https://www.musinsa.com/products/5436041
2026-09-01,제멋,5436361,누와 피그먼트 와이드 스웨트 팬츠 애쉬그레이 SJLP2655,0.0,0,33900,33900,33900,0,0,0.0,100.0,1,high,24.09,7,2,none,,9,https://www.musinsa.com/products/5436361
2026-09-01,디스이즈네버댓,5438089,Open Collar Sweatshirt Navy,0.0,0,79200,79200,79200,0,0,0.0,100.0,1,high,24.09,6,2,none,,9,https://www.musinsa.com/products/5438089
2026-09-01,아캄,5439433,Side Camo Raglan Long Sleeve (Khaki),0.0,0,71400,71400,71400,0,0,0.0,100.0,1,high,24.1,6,2,none,,9,https://www.musinsa.com/products/5439433
2026-09-01,시눈,5443785,Sinoon Striped Polo Knit (Ivory),0.0,0,85760,85760,85760,0,0,0.0,100.0,1,high,24.1,6,2,none,,9,https://www.musinsa.com/products/5443785
2026-09-01,일꼬르소,5443913,첼시 숏 다운 점퍼 페일 카키 IEJU5F006K4,0.0,0,161400,161400,161400,0,0,0.0,100.0,1,high,24.09,6,2,none,,9,https://www.musinsa.com/products/5443913
2026-09-01,스컬프터,5448521,Brass Napoleon Jacket Beige,1.71,306182,179280,179280,224100,1,-44820,-20.0,100.0,1,medium,24.09,7,2,none,,9,https://www.musinsa.com/products/5448521
2026-09-01,몽돌,5449097,언발란스 케이블 랩 니트 탑 그레이 MDKT114GRAY,0.0,0,62050,62050,52750,1,9300,17.63,100.0,1,medium,24.09,7,2,none,,9,https://www.musinsa.com/products/5449097
2026-09-01,에이이에이이,5453193,ROUND POCKET CORDUROY PANTS [NAVY],0.0,0,111200,111200,77840,1,33360,42.86,100.0,1,medium,24.08,6,2,none,,9,https://www.musinsa.com/products/5453193
2026-09-01,에이이에이이,5453321,LAYERED KNIT HOODIE [CHARCOAL],0.0,0,103200,103200,72240,1,30960,42.86,100.0,1,medium,24.08,6,2,none,,9,https://www.musinsa.com/products/5453321
2026-09-01,필루미네이트,5458505,[패션플래닛×필루미네이트] 코어 스탠다드 패딩-2Color,0.0,0,69000,69000,69000,0,0,0.0,100.0,1,high,24.02,8,2,none,,9,https://www.musinsa.com/products/5458505
2026-09-01,밀로아카이브,5459593,버튼 라이너 퀼티드 자켓 [블랙],0.0,0,110600,110600,121720,1,-11120,-9.14,100.0,1,medium,24.02,9,2,none,,9,https://www.musinsa.com/products/5459593
2026-09-01,어나더오피스,5462473,American Standard Belt (Brown),0.0,0,98000,98000,98000,0,0,0.0,100.0,1,high,24.09,8,2,none,,9,https://www.musinsa.com/products/5462473
2026-09-01,테이크이지,5467017,코튼 커브드 제이 팬츠 (블랙),0.0,0,37400,37400,37400,0,0,0.0,40.2,0,low,24.09,5,1,none,,9,https://www.musinsa.com/products/5467017
2026-09-01,디스이즈네버댓,5468809,Flannel Country Shirt Khaki,0.0,0,97300,97300,97300,0,0,0.0,100.0,1,high,24.09,6,2,none,,9,https://www.musinsa.com/products/5468809
2026-09-01,디스이즈네버댓,5468937,Overdyed Hooded Jacket Brown,0.4,58627,146300,146300,146300,0,0,0.0,100.0,1,high,24.09,6,2,none,,9,https://www.musinsa.com/products/5468937
2026-09-01,아캄,5476873,Basic Logo Camouflage Zip-Up Hoodie (Khaki),0.0,0,107100,107100,107100,0,0,0.0,100.0,1,high,24.1,6,2,none,,9,https://www.musinsa.com/products/5476873
2026-09-01,일꼬르소,5480969,TAKE IT EASY 코듀로이 볼캡 다크 네이비 IEHE5F001N3,0.0,0,27300,27300,27300,0,0,0.0,100.0,1,high,24.09,6,2,none,,9,https://www.musinsa.com/products/5480969
2026-09-01,본투윈,5482441,W SYMBOL B FLEECE LONG LEGGINGS [CHARCOAL],0.0,0,75000,75000,71100,1,3900,5.49,100.0,1,medium,24.09,7,2,none,,9,https://www.musinsa.com/products/5482441
2026-09-01,세터,5489417,로프 로고 자수 브이넥 니트 브라운,0.0,0,149000,149000,149000,0,0,0.0,100.0,1,high,24.1,6,2,none,,9,https://www.musinsa.com/products/5489417
2026-09-01,마인드브릿지,5489801,[웜]퍼티그 조직 변형 밴딩 팬츠 - 2color,0.0,0,99000,99000,94050,1,4950,5.26,100.0,1,medium,24.08,6,2,none,,9,https://www.musinsa.com/products/5489801
2026-09-01,마인드브릿지,5489929,캐시가공 울 라이크 하프 코트 - 3color,0.0,0,125300,125300,119040,1,6260,5.26,100.0,1,medium,24.08,6,2,none,,9,https://www.musinsa.com/products/5489929
2026-09-01,론론,5503625,BACK EMBROIDERY PINTUCK SHIRT WHITE,0.0,0,89100,89100,61600,1,27500,44.64,100.0,1,medium,24.09,7,2,none,,9,https://www.musinsa.com/products/5503625
2026-09-01,언더오프,5506313,오버핏 세미 크롭 스냅 후드 카모 프린트 화이트멜란지,0.0,0,36720,36720,36720,0,0,0.0,100.0,1,high,24.09,6,2,none,,9,https://www.musinsa.com/products/5506313
2026-09-01,커버낫,5506441,세미와이드 스몰 로고 기모 스웻 팬츠 Oatmeal,0.0,0,64080,64080,64080,0,0,0.0,100.0,1,high,24.09,6,2,none,,9,https://www.musinsa.com/products/5506441
2026-09-01,밀로아카이브,5506569,벤 스톤 브레이슬릿 [브라운],0.0,0,36480,36480,43200,1,-6720,-15.56,100.0,1,medium,24.02,9,2,none,,9,https://www.musinsa.com/products/5506569
2026-09-01,르아르,5506761,그라데이션 크롭 오버핏 니트 [브릭 브라운],0.0,0,39000,39000,39000,0,0,0.0,100.0,1,high,24.1,6,2,none,,9,https://www.musinsa.com/products/5506761
2026-09-01,아메스월드와이드,5507209,BASIC SMALL LOGO SWEATSHIRT NAVY,0.0,0,43200,43200,43200,0,0,0.0,100.0,1,high,24.08,6,2,none,,9,https://www.musinsa.com/products/5507209
2026-09-01,나인제트,5508041,[SET] 크롭 리버스 하프집업 맨투맨 셋업 (2color) ANZSW02W ANZLPT04W,0.0,0,119700,119700,119700,0,0,0.0,100.0,1,high,24.08,6,2,none,,9,https://www.musinsa.com/products/5508041
2026-09-01,에이치덱스,5512521,애슬레틱 85 스웨트 팬츠 (Melange Gray),0.0,0,71200,71200,71200,0,0,0.0,100.0,1,high,24.08,6,2,none,,9,https://www.musinsa.com/products/5512521
2026-09-01,브라운야드,5512969,"W 워시드 워크 셔츠, 블랙",0.0,0,178000,178000,178000,0,0,0.0,100.0,1,high,24.02,8,2,none,,9,https://www.musinsa.com/products/5512969
2026-09-01,다이브인,5514057,VERN ONE TUCK CHINO PANTS V2 (BEIGE),0.0,0,95200,95200,119000,1,-23800,-20.0,100.0,1,medium,24.09,6,2,none,,9,https://www.musinsa.com/products/5514057
2026-09-01,에이이에이이,5521289,BALLOON FLEECE SKIRT [NAVY],0.0,0,95200,95200,66640,1,28560,42.86,100.0,1,medium,24.08,6,2,none,,9,https://www.musinsa.com/products/5521289
2026-09-01,론론,5523593,DOT LOGO SWEATSHIRT BLACK,0.0,0,71280,71280,49280,1,22000,44.64,100.0,1,medium,24.09,7,2,none,,9,https://www.musinsa.com/products/5523593
2026-09-01,브룩스브라더스,5524297,울 케이블 패턴 베스트 (그린) (BBWVMMF401),0.0,0,167440,167440,191360,1,-23920,-12.5,100.0,1,medium,24.02,8,2,none,,9,https://www.musinsa.com/products/5524297
2026-09-01,나인제트,5525513,파이핑 스웻 후드 집업,0.0,0,119000,119000,119000,0,0,0.0,100.0,1,high,24.08,6,2,none,,9,https://www.musinsa.com/products/5525513
2026-09-01,마인드브릿지,5526281,[ON][SET][COMFY]울 혼방 라운드넥 세미 오버핏 가디건 - 5color,0.0,0,119000,119000,119000,0,0,0.0,100.0,1,high,24.08,6,2,none,,9,https://www.musinsa.com/products/5526281
2026-09-01,아메스월드와이드,5529737,QWER WORLD TOUR TEE BLACK,0.0,0,24500,24500,39200,1,-14700,-37.5,100.0,1,medium,24.08,6,2,none,,9,https://www.musinsa.com/products/5529737
2026-09-01,배드블러드,5535433,빈티지 클럽 져지 링거 롱슬리브 - 블랙,0.0,0,71200,71200,68090,1,3110,4.57,100.0,1,medium,24.09,7,2,none,,9,https://www.musinsa.com/products/5535433
2026-09-01,배드블러드,5535497,빈티지 져지 폴로 셔츠 - 브라운,0.0,0,90100,90100,81090,1,9010,11.11,100.0,1,medium,24.09,7,2,none,,9,https://www.musinsa.com/products/5535497
2026-09-01,제너럴아이디어,5537609,이지 캔버스 토트 크로스백 [IVORY] / SBE3U92002,0.0,0,51200,51200,47600,1,3600,7.56,100.0,1,medium,24.09,7,2,none,,9,https://www.musinsa.com/products/5537609
2026-09-01,더바이닐하우스,5539593,PADDED WORK JACKET CHARCOAL,0.0,0,145040,145040,207200,1,-62160,-30.0,100.0,1,medium,24.09,6,2,none,,9,https://www.musinsa.com/products/5539593
2026-09-01,칙스,5542217,드롭아웃 포켓 레이어드 스커트 화이트,0.02,794,38320,47900,38320,1,9580,25.0,100.0,1,medium,24.09,7,2,none,,9,https://www.musinsa.com/products/5542217
2026-09-01,키르시,5546633,빅 체리 아플리케 기모 후디 [다크 네이비],0.0,0,71200,71200,71200,0,0,0.0,100.0,1,high,24.09,6,2,none,,9,https://www.musinsa.com/products/5546633
2026-09-01,세터,5546697,오르타 벨트 백 블랙,0.0,0,139000,139000,139000,0,0,0.0,100.0,1,high,24.1,6,2,none,,9,https://www.musinsa.com/products/5546697
2026-09-01,유니폼브릿지,5546761,heavy wool cable cardigan charcoal,0.0,0,131400,131400,109500,1,21900,20.0,100.0,1,medium,24.08,7,2,none,,9,https://www.musinsa.com/products/5546761
2026-09-01,세터,5546953,(W) 클래식 터틀넥 니트 카키,0.0,0,159000,159000,159000,0,0,0.0,100.0,1,high,24.1,6,2,none,,9,https://www.musinsa.com/products/5546953
2026-09-01,세터,5547145,로렌 울 블렌드 크루 넥 니트 가디건 블랙,0.0,0,179000,179000,179000,0,0,0.0,100.0,1,high,24.1,6,2,none,,9,https://www.musinsa.com/products/5547145
2026-09-01,낫포너드,5549001,W Incision Knit Sleeve Denim Jacket - Deep Blue,0.0,0,87000,87000,78300,1,8700,11.11,100.0,1,medium,24.08,6,2,none,,9,https://www.musinsa.com/products/5549001
2026-09-01,디스이즈네버댓,5549577,T.N.T. Classic HDP Sweatpant Black,0.0,0,79200,79200,79200,0,0,0.0,100.0,1,high,24.09,6,2,none,,9,https://www.musinsa.com/products/5549577
2026-09-01,파르티멘토우먼,5553929,발레 슬라우치 롱 부츠_다크 브라운,0.0,0,341100,341100,265300,1,75800,28.57,100.0,1,medium,24.08,6,2,none,,9,https://www.musinsa.com/products/5553929
2026-09-01,꼼파뇨,5555145,러브유 체인 자수 스웨트셔츠 멜란지화이트,0.0,0,41250,41250,41250,0,0,0.0,100.0,1,high,24.08,6,2,none,,9,https://www.musinsa.com/products/5555145
2026-09-01,피인오,5559177,라이트 워머 패디드 쉘자켓 - 차콜,0.0,0,86100,86100,77490,1,8610,11.11,100.0,1,medium,24.02,8,2,none,,9,https://www.musinsa.com/products/5559177
2026-09-01,더블유엠씨,5560009,스웨이드 라이크 카라 블루종_BLACK,0.0,0,104500,104500,104500,0,0,0.0,100.0,1,high,24.02,8,2,none,,9,https://www.musinsa.com/products/5560009
2026-09-01,드로우핏우먼,5560201,로티 투웨이 니트 후드 집업 [MILK PINK],0.0,0,79200,79200,79200,0,0,0.0,100.0,1,high,24.09,8,2,none,,9,https://www.musinsa.com/products/5560201
2026-09-01,드로우핏우먼,5560265,캐시 울 슬릿 터틀넥 풀오버 니트 [M.GREY],0.0,0,73800,73800,73800,0,0,0.0,100.0,1,high,24.09,8,2,none,,9,https://www.musinsa.com/products/5560265
2026-09-01,인사일런스우먼,5561417,브러쉬드 스트레이트핏 데님 BLACK,0.0,0,129600,129600,129600,0,0,0.0,100.0,1,high,24.09,7,2,none,,9,https://www.musinsa.com/products/5561417
2026-09-01,인사일런스우먼,5562697,디스트레스드 니트 넥워머 BEIGE,0.0,0,47790,47790,47790,0,0,0.0,100.0,1,high,24.09,7,2,none,,9,https://www.musinsa.com/products/5562697
2026-09-01,무드인사이드,5566985,스티치 페이크 스웨이드 자켓_Brown,0.0,0,59900,59900,59900,0,0,0.0,100.0,1,high,24.09,8,2,none,,9,https://www.musinsa.com/products/5566985
2026-09-01,브라운야드,5567241,"W 스탠다드 데님, 에크루",0.0,0,152600,152600,152600,0,0,0.0,100.0,1,high,24.02,8,2,none,,9,https://www.musinsa.com/products/5567241
2026-09-01,어반드레스,5567305,Alpine Fair-isle Knit_3Colors,0.0,0,49000,49000,49000,0,0,0.0,100.0,1,high,24.09,7,2,none,,9,https://www.musinsa.com/products/5567305
2026-09-01,유라고,5567369,Banding boots cut pants,0.0,0,81320,81320,81320,0,0,0.0,100.0,1,high,24.1,6,2,none,,9,https://www.musinsa.com/products/5567369
2026-09-01,세터,5570889,플리스 하프 넥 니트 집업 네이비,0.0,0,179000,179000,179000,0,0,0.0,100.0,1,high,24.1,6,2,none,,9,https://www.musinsa.com/products/5570889
2026-09-01,세터,5570953,오르타 2-Way 칼라 덕 다운 패딩 블랙,0.0,0,359000,359000,359000,0,0,0.0,100.0,1,high,24.1,6,2,none,,9,https://www.musinsa.com/products/5570953
2026-09-01,카키포인트,5572617,Stud Backpack (red),0.0,0,135360,135360,120320,1,15040,12.5,100.0,1,medium,24.09,8,2,none,,9,https://www.musinsa.com/products/5572617
2026-09-01,유니폼브릿지,5581385,wool one tuck cropped slacks charcoal,0.0,0,99000,99000,89500,1,9500,10.61,100.0,1,medium,24.09,7,2,none,,9,https://www.musinsa.com/products/5581385
2026-09-01,제너럴아이디어,5585417,코지 울 블렌드 집업 가디건 [IVORY] / WBE4L04538,0.0,0,84000,84000,84000,0,0,0.0,100.0,1,high,24.09,7,2,none,,9,https://www.musinsa.com/products/5585417
2026-09-01,브라운브레스,5587145,TAG GRADATION WASHED HOODIE - BEIGE,0.0,0,119000,119000,119000,0,0,0.0,100.0,1,high,24.09,8,2,none,,9,https://www.musinsa.com/products/5587145
2026-09-01,에이치덱스,5588361,우먼스 케이블 니트 크롭 후디 집업 (Melange Gray),0.0,0,86330,86330,89000,1,-2670,-3.0,100.0,1,medium,24.08,6,2,none,,9,https://www.musinsa.com/products/5588361
2026-09-01,에이치덱스,5589129,[HDEX X PHYSICAL: ASIA] 코어 후디 (Black),0.0,0,73500,73500,73500,0,0,0.0,100.0,1,high,24.08,6,2,none,,9,https://www.musinsa.com/products/5589129
2026-09-01,레더리,5593545,포켓 스티치 스트레이트 코듀로이 팬츠 [BLACK],0.0,0,39600,39600,34650,1,4950,14.29,100.0,1,medium,24.08,6,2,none,,9,https://www.musinsa.com/products/5593545
2026-09-01,몰든,5597641,더블 니트 스프레드 후드티,0.0,0,56880,56880,71100,1,-14220,-20.0,100.0,1,medium,24.09,8,2,none,,9,https://www.musinsa.com/products/5597641
2026-09-01,무드인사이드,5607177,소프트 웜 버튼 카라 니트_Black,0.0,0,49900,49900,49900,0,0,0.0,100.0,1,high,24.09,8,2,none,,9,https://www.musinsa.com/products/5607177
2026-09-01,벨리에,5607305,(W) 유틸리티 후디 집업 - 멜란지 그레이,0.0,0,139650,139650,139650,0,0,0.0,100.0,1,high,24.1,6,2,none,,9,https://www.musinsa.com/products/5607305
2026-09-01,틸아이다이,5608201,Flower coloring point dumble jumper [TIWT02JP05]_2color,0.0,0,152620,152620,152620,0,0,0.0,100.0,1,high,24.09,7,2,none,,9,https://www.musinsa.com/products/5608201
2026-09-01,디스이즈네버댓,5611593,Textured Knit Zip Hoodie Navy,1.19,166265,139300,139300,139300,0,0,0.0,100.0,1,high,24.09,6,2,none,,9,https://www.musinsa.com/products/5611593
2026-09-01,꼼파뇨,5613193,우먼 세미 와이드 데님 팬츠 인디고블루,0.0,0,50610,50610,50610,0,0,0.0,100.0,1,high,24.08,6,2,none,,9,https://www.musinsa.com/products/5613193
2026-09-01,어나더오피스,5615497,Cloudy Paneled Down Jacket (Almost Black),0.0,0,262400,262400,,0,,,97.9,0,medium,24.09,5,1,none,,9,https://www.musinsa.com/products/5615497
2026-09-01,레더리,5616201,멜로우 플리츠 코듀로이 스커트 [BLACK],0.0,0,44100,44100,44100,0,0,0.0,100.0,1,high,24.08,6,2,none,,9,https://www.musinsa.com/products/5616201
2026-09-01,제너럴아이디어,5616713,라운드 카라 프릴 블라우스 [SKY BLUE] / WBE3L03513,0.0,0,44100,44100,50350,1,-6250,-12.41,100.0,1,medium,24.09,7,2,none,,9,https://www.musinsa.com/products/5616713
2026-09-01,시눈,5617545,Flatty Girl Multi Pin (Silver),0.0,0,25460,25460,25460,0,0,0.0,100.0,1,high,24.1,6,2,none,,9,https://www.musinsa.com/products/5617545
2026-09-01,로제프란츠,5617865,Crop Leather Mustang [Black],0.0,0,165120,165120,144480,1,20640,14.29,100.0,1,medium,24.08,6,2,none,,9,https://www.musinsa.com/products/5617865
2026-09-01,로제프란츠,5618441,Eyelet Henley-neck Long Sleeve [Beige],0.0,0,31680,31680,27720,1,3960,14.29,100.0,1,medium,24.08,6,2,none,,9,https://www.musinsa.com/products/5618441
2026-09-01,로제프란츠,5618633,Cozy Fur Muffler [Ivory],0.0,0,30720,30720,26880,1,3840,14.29,100.0,1,medium,24.08,6,2,none,,9,https://www.musinsa.com/products/5618633
2026-09-01,헬레네파리스,5623113,셀러브리즈 니팅 슬립 [블랙],0.0,0,38400,38400,33410,1,4990,14.94,100.0,1,medium,24.09,7,2,none,,9,https://www.musinsa.com/products/5623113
2026-09-01,썸웨어버터,5626249,Square Logo Half Zip-Up Sweatshirt - Grey,0.0,0,129000,129000,129000,0,0,0.0,100.0,1,high,24.02,8,2,none,,9,https://www.musinsa.com/products/5626249
2026-09-01,시야쥬,5631305,SIPT7180 헤비 트윌 클린 와이드 슬랙스_Melange gray,0.0,0,103000,103000,103000,0,0,0.0,100.0,1,high,24.09,6,2,none,,9,https://www.musinsa.com/products/5631305
2026-09-01,시야쥬,5632841,SIKN2129 캐시미어 블렌드 터틀넥 니트_Ivory,0.0,0,133000,133000,133000,0,0,0.0,100.0,1,high,24.09,6,2,none,,9,https://www.musinsa.com/products/5632841
2026-09-01,아틀리에나인,5635529,(JK-3057)TWO TONE FLOW FUR JACKET,0.0,0,216510,216510,236390,1,-19880,-8.41,100.0,1,medium,24.1,6,2,none,,9,https://www.musinsa.com/products/5635529
2026-09-01,스켈리웩,5646921,프론트 포켓 파라슈트 워싱 데님 팬츠[블랙],0.0,0,61000,61000,59900,1,1100,1.84,26.66,0,low,24.01,7,1,none,,9,https://www.musinsa.com/products/5646921
2026-09-01,제너럴아이디어,5652425,UNISEX 스웨이드 카라 블루종 [CAMEL] / SBE3U07010,0.0,0,92400,92400,105450,1,-13050,-12.38,100.0,1,medium,24.09,7,2,none,,9,https://www.musinsa.com/products/5652425
2026-09-01,코드그라피,5653897,기모 스퀘어 로고 후디_그레이쉬블루,0.0,0,62300,62300,62300,0,0,0.0,100.0,1,high,24.08,6,2,none,,9,https://www.musinsa.com/products/5653897
2026-09-01,더블유엠씨,5658249,플리스 아노락_NAVY,0.0,0,57120,57120,57120,0,0,0.0,100.0,1,high,24.02,8,2,none,,9,https://www.musinsa.com/products/5658249
2026-09-01,배드블러드,5662217,바이퍼 모헤어 스웨터 - 블랙레오파드,0.0,0,111200,111200,100080,1,11120,11.11,100.0,1,medium,24.09,7,2,none,,9,https://www.musinsa.com/products/5662217
2026-09-01,배드블러드,5662281,바이퍼 젬스톤 커브드 팬츠 - 더스티베이지,0.0,0,314100,314100,282690,1,31410,11.11,100.0,1,medium,24.09,7,2,none,,9,https://www.musinsa.com/products/5662281
2026-09-01,브라운야드,5675657,"실크 니트 타이, 블랙",0.0,0,88000,88000,88000,0,0,0.0,100.0,1,high,24.02,8,2,none,,9,https://www.musinsa.com/products/5675657
2026-09-01,무센트,5681865,시그니처 로고 핀버튼 뱃지 세트 남녀공용,0.0,0,13930,13930,18510,1,-4580,-24.74,100.0,1,medium,24.09,6,2,none,,9,https://www.musinsa.com/products/5681865
2026-09-01,론론,5684233,HEART POCKET CORDUROY SKIRT LAYERED PANTS NAVY,0.0,0,107730,107730,74480,1,33250,44.64,100.0,1,medium,24.09,7,2,none,,9,https://www.musinsa.com/products/5684233
2026-09-01,제너럴아이디어,5685513,스티치 바라클라바 [4COL] / WBE4L91526,0.0,0,34300,34300,39200,1,-4900,-12.5,100.0,1,medium,24.09,7,2,none,,9,https://www.musinsa.com/products/5685513
2026-09-01,무드인사이드우먼,5685705,(woman) 리버시블 무스탕 하프 코트_Brown,0.0,0,75900,75900,,0,,,59.67,0,low,24.01,3,1,none,,9,https://www.musinsa.com/products/5685705
2026-09-01,더뮤지엄비지터,5692105,RABBIT EMBROIDERY CAP (DEEP NAVY),0.0,0,40950,40950,40950,0,0,0.0,100.0,1,high,24.09,7,2,none,,9,https://www.musinsa.com/products/5692105
2026-09-01,썸웨어버터,5694217,Henley Frill Top - Ivory,0.0,0,62400,62400,62400,0,0,0.0,100.0,1,high,24.02,8,2,none,,9,https://www.musinsa.com/products/5694217
2026-09-01,아모우,5701449,AMOU Fur Hoodie Zip-Up BLACK,0.0,0,98340,98340,98500,1,-160,-0.16,100.0,1,medium,24.09,7,2,none,,9,https://www.musinsa.com/products/5701449
2026-09-01,디스이즈네버댓,5711881,GORE-TEX WINDSTOPPER Cord Jacket Navy,0.0,0,195300,195300,195300,0,0,0.0,100.0,1,high,24.09,6,2,none,,9,https://www.musinsa.com/products/5711881
2026-09-01,제너럴아이디어,5711945,히트젯 히트 U넥 티셔츠 [BLACK] / WBE4L01516,0.0,0,23200,23200,23200,0,0,0.0,100.0,1,high,24.09,7,2,none,,9,https://www.musinsa.com/products/5711945
2026-09-01,파르티멘토우먼,5712585,레이어드 슬리브 니트 크루넥_블랙 스트라이프,0.0,0,51840,51840,40320,1,11520,28.57,100.0,1,medium,24.08,6,2,none,,9,https://www.musinsa.com/products/5712585
2026-09-01,글로니,5713289,EVERYDAY G SOCKS (NAVY),0.0,0,15000,15000,15000,0,0,0.0,100.0,1,high,24.09,7,2,none,,9,https://www.musinsa.com/products/5713289
2026-09-01,2000아카이브스,5715401,TEDDY STUD FLEECE JACKET (BLACK),0.0,0,215820,215820,137340,1,78480,57.14,100.0,1,medium,24.09,7,2,none,,9,https://www.musinsa.com/products/5715401
2026-09-01,가까이유니언즈,5717705,힐즈 피그먼트 후드 집업 차콜,0.0,0,57400,57400,57400,0,0,0.0,100.0,1,high,24.1,6,2,none,,9,https://www.musinsa.com/products/5717705
2026-09-01,제너럴아이디어,5720585,MAN 울 클래식 투턱 슬랙스 [KHAKI] / SBE4M11011,0.0,0,62300,62300,71200,1,-8900,-12.5,100.0,1,medium,24.09,7,2,none,,9,https://www.musinsa.com/products/5720585
2026-09-01,바이모노,5730697,[빅사이즈 XL-6XL] 모노 따스한 기모 맨투맨,0.0,0,39900,39900,39900,0,0,0.0,100.0,1,high,24.09,6,2,none,,9,https://www.musinsa.com/products/5730697
2026-09-01,바이모노,5734089,[빅사이즈 XL-6XL] 모노진 오버핏 데님자켓,0.0,0,79900,79900,79900,0,0,0.0,100.0,1,high,24.09,6,2,none,,9,https://www.musinsa.com/products/5734089
2026-09-01,무센트,5735817,웨건 메탈 로고 하트 패치 아일렛 데미지 니트,0.0,0,34930,34930,46410,1,-11480,-24.74,100.0,1,medium,24.08,6,2,none,,9,https://www.musinsa.com/products/5735817
2026-09-01,트립르센스,5742793,[F/W]커스텀 울 세미 오버 블레이저_브라운,0.0,0,189000,189000,189000,0,0,0.0,100.0,1,high,24.02,8,2,none,,9,https://www.musinsa.com/products/5742793
2026-09-01,락케이크,5743689,Defined Zip Up Sweatshirt - Black,0.0,0,93100,93100,74480,1,18620,25.0,100.0,1,medium,24.09,8,2,none,,9,https://www.musinsa.com/products/5743689
2026-09-01,무센트,5752969,시에라 호피 하트 니트 남녀공용,0.0,0,39830,39830,52920,1,-13090,-24.74,100.0,1,medium,24.09,6,2,none,,9,https://www.musinsa.com/products/5752969
2026-09-01,노이어,5753097,캐시미어 코튼 딥 브이넥 니트 (딥브라운),0.0,0,88000,88000,88000,0,0,0.0,100.0,1,high,24.09,7,2,none,,9,https://www.musinsa.com/products/5753097
2026-09-01,언타이틀 서울,5756041,크로스 스켈레톤 퍼 후드 집업 블랙,0.0,0,86400,86400,86400,0,0,0.0,100.0,1,high,24.1,6,2,none,,9,https://www.musinsa.com/products/5756041
2026-09-01,썸웨어버터,5762057,Turtleneck Emma Half Puff Knit - Vintage Red,0.0,0,89000,89000,89000,0,0,0.0,100.0,1,high,24.02,8,2,none,,9,https://www.musinsa.com/products/5762057
2026-09-01,썸웨어버터,5762377,Fog Fleece String Pants - Black,0.0,0,139000,139000,97300,1,41700,42.86,100.0,1,medium,24.02,8,2,none,,9,https://www.musinsa.com/products/5762377
2026-09-01,키르시,5770185,키르시 X 피투 폼폼 니트 비니 [멜란지 그레이],0.0,0,41300,41300,41300,0,0,0.0,100.0,1,high,24.09,6,2,none,,9,https://www.musinsa.com/products/5770185
2026-09-01,브랜디드,5777033,[SUPERIOR] CLOUD SUPERFINE V-NECK KNIT [RED],0.0,0,125800,125800,,0,,,22.57,0,low,24.0,5,1,none,,9,https://www.musinsa.com/products/5777033
2026-09-01,시야쥬,5780553,SIAC3099 클라우드 벨벳 헤어 밴드_Black,0.0,0,37000,37000,37000,0,0,0.0,100.0,1,high,24.09,6,2,none,,9,https://www.musinsa.com/products/5780553
2026-09-01,더블유엠씨,5785417,링클 호보백_BLACK,0.0,0,47400,47400,47400,0,0,0.0,52.61,0,low,23.5,7,1,none,,9,https://www.musinsa.com/products/5785417
2026-09-01,니티드,5800649,벌키 울 다이아몬드 집업 IVORY,0.0,0,128600,128600,115700,1,12900,11.15,100.0,1,medium,24.08,6,2,none,,9,https://www.musinsa.com/products/5800649
2026-09-01,유니온블루,5801225,STRUCTURED CROP CARDIGAN [MELANGE GRAY],0.0,0,105570,105570,124200,1,-18630,-15.0,14.42,0,low,24.01,6,1,none,,9,https://www.musinsa.com/products/5801225
2026-09-01,9999아카이브,5819273,Fire Hook Curved Bomber Jacket,0.0,0,137970,137970,137970,0,0,0.0,100.0,1,high,24.02,8,2,none,,9,https://www.musinsa.com/products/5819273
2026-09-01,언더오프,5834761,빈티지 워싱 패디드 M65 필드 자켓 브라운,0.0,0,62500,62500,54980,1,7520,13.68,100.0,1,medium,24.09,6,2,none,,9,https://www.musinsa.com/products/5834761
2026-09-01,9999아카이브,5835593,W Archive Short Sleeves,0.54,18954,35280,35280,35280,0,0,0.0,100.0,1,high,24.02,8,2,none,,9,https://www.musinsa.com/products/5835593
2026-09-01,나이스고스트클럽,5839113,MULTI STRIPE 3STAR V NECK KNIT_BROWN(NG2GSUM600A),0.0,0,49770,49770,49770,0,0,0.0,100.0,1,high,24.02,8,2,none,,9,https://www.musinsa.com/products/5839113
2026-09-01,코드그라피,5839881,피그먼트 25 엠블럼 후디_차콜,0.0,0,62300,62300,62300,0,0,0.0,100.0,1,high,24.08,6,2,none,,9,https://www.musinsa.com/products/5839881
2026-09-01,노매뉴얼,5848969,N.P DAMAGED BALL CAP - CHARCOAL,0.0,0,33600,33600,33600,0,0,0.0,100.0,1,high,24.08,6,2,none,,9,https://www.musinsa.com/products/5848969
2026-09-01,리메인세컨드,5849033,잔 스트라이프 오버핏 반팔 티셔츠 [블랙],14.67,407706,27800,27800,27800,0,0,0.0,100.0,1,high,9.62,29,5,none,,9,https://www.musinsa.com/products/5849033
2026-09-01,노매뉴얼,5849161,ROOMY LOOSE COTTON PANTS - BLACK,0.0,0,80500,80500,80500,0,0,0.0,100.0,1,high,24.08,6,2,none,,9,https://www.musinsa.com/products/5849161
2026-09-01,노매뉴얼,5849225,W.C HOODED JACKET - BEIGE,0.0,0,142400,142400,142400,0,0,0.0,100.0,1,high,24.08,6,2,none,,9,https://www.musinsa.com/products/5849225
2026-09-01,노매뉴얼,5849289,NM WIDE TRACK TOP - BROWN,0.0,0,94500,94500,94500,0,0,0.0,100.0,1,high,24.08,6,2,none,,9,https://www.musinsa.com/products/5849289
2026-09-01,노매뉴얼,5849417,無規則 ORBIT CROSS T-SHIRT - BLACK,1.0,31404,31500,31500,31500,0,0,0.0,100.0,1,high,24.08,6,2,none,,9,https://www.musinsa.com/products/5849417
2026-09-01,노매뉴얼,5849481,RAWMARK T-SHIRT - WASHED KHAKI,0.0,0,49500,49500,49500,0,0,0.0,100.0,1,high,24.08,6,2,none,,9,https://www.musinsa.com/products/5849481
2026-09-01,노매뉴얼,5849545,M.F JACQUARD POLO SHIRT - BLACK,0.0,0,58800,58800,58800,0,0,0.0,100.0,1,high,24.08,6,2,none,,9,https://www.musinsa.com/products/5849545
2026-09-01,탄산마그네슘,5852361,마운틴 롱슬리브 (화이트/블랙),11.1,581997,52440,52440,52440,0,0,0.0,44.22,0,low,9.27,28,3,none,,9,https://www.musinsa.com/products/5852361
2026-09-01,이지노이지,5853513,니들 워크 후드 집업 - 블랙,0.0,0,69300,69300,69300,0,0,0.0,100.0,1,high,24.1,6,2,none,,9,https://www.musinsa.com/products/5853513
2026-09-01,코드그라피,5853641,세미와이드 베이직 슬렉스-블랙,0.0,0,48300,48300,48300,0,0,0.0,100.0,1,high,24.08,6,2,none,,9,https://www.musinsa.com/products/5853641
2026-09-01,글로니,5859145,G CLASSIC KNIT CAMISOLE (NAVY),0.0,0,55080,55080,55080,0,0,0.0,100.0,1,high,24.09,7,2,none,,9,https://www.musinsa.com/products/5859145
2026-09-01,트릴리온,5861705,레이어드 케이블 니트_블랙,0.0,0,42800,42800,42800,0,0,0.0,100.0,1,high,24.08,6,2,none,,9,https://www.musinsa.com/products/5861705
2026-09-01,키르시,5869385,플레인 슬림핏 스웻팬츠 [라이트 스카이],0.0,0,63200,63200,63200,0,0,0.0,100.0,1,high,24.09,6,2,none,,9,https://www.musinsa.com/products/5869385
2026-09-01,마인드브릿지,5871817,[ON]100%소가죽 블랙&브라운 양면 벨트,2.4,62155,25900,25900,25900,0,0,0.0,100.0,1,high,24.0,21,6,none,,9,https://www.musinsa.com/products/5871817
2026-09-01,파브레가,5874761,컷오프 크롭 롱 슬리브 (차콜),0.77,40297,52200,52200,52200,0,0,0.0,77.46,0,low,24.08,5,1,none,,9,https://www.musinsa.com/products/5874761
2026-09-01,토피,5876489,스트라이프 데님 트러커 자켓 (VINTAGE BLUE),0.0,0,55900,55900,51450,1,4450,8.65,100.0,1,medium,24.09,7,2,none,,9,https://www.musinsa.com/products/5876489
2026-09-01,세터,5877769,홀스슈 키링 차콜,0.0,0,29000,29000,29000,0,0,0.0,100.0,1,high,24.1,6,2,none,,9,https://www.musinsa.com/products/5877769
2026-09-01,브라운브레스,5878473,PATCHWORK CHECK TAG LONGSLEEVE - CREAM,0.0,0,69000,69000,69000,0,0,0.0,100.0,1,high,24.09,8,2,none,,9,https://www.musinsa.com/products/5878473
2026-09-01,세터,5879497,(W) 로렌 베이직 크루넥 파인 가디건 옐로우,0.0,0,159000,159000,159000,0,0,0.0,100.0,1,high,24.1,6,2,none,,9,https://www.musinsa.com/products/5879497
2026-09-01,제너럴아이디어,5880841,코튼 레이어드 브이넥 니트 풀오버 [WHITE] / GF1LKP506,0.85,32828,38500,38500,44000,1,-5500,-12.5,100.0,1,medium,24.09,7,2,none,,9,https://www.musinsa.com/products/5880841
2026-09-01,카네이테이,5884489,PIGMENT CLASSIC CREWNECK (OLIVE DRAB),0.0,0,68400,68400,72200,1,-3800,-5.26,100.0,1,medium,24.09,7,2,none,,9,https://www.musinsa.com/products/5884489
2026-09-01,그루브라임,5895049,면쭈리 피그먼트 뉴욕 아치 레터링 맨투맨 (LRSFCTM123M),0.0,0,21800,21800,26900,1,-5100,-18.96,100.0,1,medium,24.09,8,2,none,,9,https://www.musinsa.com/products/5895049
2026-09-01,토피,5897481,버클 빅 숄더 백 (BLACK),0.0,0,37900,37900,37900,0,0,0.0,100.0,1,high,24.09,7,2,none,,9,https://www.musinsa.com/products/5897481
2026-09-01,드로우핏,5899785,울 헤어리 브로드 스트라이프 가디건 [BROWN],0.77,51427,66600,66600,66600,0,0,0.0,100.0,1,high,24.08,6,2,none,,9,https://www.musinsa.com/products/5899785
2026-09-01,일리고,5901385,세일러 카라 원피스 화이트,0.0,0,80000,80000,56000,1,24000,42.86,100.0,1,medium,24.08,14,2,none,,9,https://www.musinsa.com/products/5901385
2026-09-01,밀로아카이브,5902665,보르트 덤브 캡 [네이비],0.0,0,41600,41600,46800,1,-5200,-11.11,100.0,1,medium,24.02,9,2,none,,9,https://www.musinsa.com/products/5902665
2026-09-01,비터셀즈,5905033,에센셜 리버스 스웨트 팬츠-카키,0.1,5495,55200,55200,55200,0,0,0.0,100.0,1,high,24.08,6,2,none,,9,https://www.musinsa.com/products/5905033
2026-09-01,해비즘,5905673,WP CHECKED COLLAR SWEATSHIRT(NAVY),0.0,0,44200,44200,38680,1,5520,14.27,100.0,1,medium,24.02,8,2,none,,9,https://www.musinsa.com/products/5905673
2026-09-01,스컬프터,5909961,Napoleon Stud Hoodie Acid Pink,0.0,0,118800,118800,148500,1,-29700,-20.0,100.0,1,medium,24.09,7,2,none,,9,https://www.musinsa.com/products/5909961
2026-09-01,스컬프터,5910025,Grumpy Girl Nylon Backpack Metallic Navy,2.93,185593,63360,63360,63360,0,0,0.0,100.0,1,high,24.01,18,6,none,,9,https://www.musinsa.com/products/5910025
2026-09-01,던스트,5911241,RELAXED FLARED JEANS_UDPA6A211_CLASSIC BLUE,0.0,0,78480,78480,78480,0,0,0.0,100.0,1,high,24.02,8,2,none,,9,https://www.musinsa.com/products/5911241
2026-09-01,시그니처,5911497,커브드 워시드 데님 팬츠[블랙],1.54,61620,39900,39900,39900,0,0,0.0,100.0,1,high,24.08,6,2,none,,9,https://www.musinsa.com/products/5911497
2026-09-01,언탭트스튜디오,5919305,[2PACK]나일론 카펜터 와이드 벌룬팬츠 4Color,2.11,105214,49900,49900,49900,0,0,0.0,100.0,1,high,23.5,15,4,none,,9,https://www.musinsa.com/products/5919305
2026-09-01,룩캐스트,5919689,레아 스트랩 슬링백_블랙 / LEA STRAP SLINGBACK_BLACK,0.0,0,38690,38690,38690,0,0,0.0,100.0,1,high,24.08,6,2,none,,9,https://www.musinsa.com/products/5919689
2026-09-01,룩캐스트,5920329,세레나 트위드 하프 자켓_아이보리 / SERENA TWEED HALF JACKET_IVORY,0.0,0,113090,113090,113090,0,0,0.0,100.0,1,high,24.08,6,2,none,,9,https://www.musinsa.com/products/5920329
2026-09-01,피인오,5923209,울 하이넥 레이어드 니트 집업 - 그레이,0.0,0,61200,61200,61200,0,0,0.0,100.0,1,high,24.02,8,2,none,,9,https://www.musinsa.com/products/5923209
2026-09-01,코드그라피,5924233,BERRY CUTE 맨투맨-멜란지 그레이,0.0,0,55300,55300,55300,0,0,0.0,100.0,1,high,24.08,6,2,none,,9,https://www.musinsa.com/products/5924233
2026-09-01,와이케이,5925321,MELLOW DREAM 오프숄더 맨투맨 차콜,0.0,0,59250,59250,41480,1,17770,42.84,100.0,1,medium,24.02,8,2,none,,9,https://www.musinsa.com/products/5925321
2026-09-01,레더리,5925769,하프 밴딩 코튼 카고 팬츠 [KHAKI],0.0,0,56440,56440,49390,1,7050,14.27,100.0,1,medium,24.08,6,2,none,,9,https://www.musinsa.com/products/5925769
2026-09-01,에이치덱스,5926217,LVS 클럽 숏 슬리브 (Charcoal),0.0,0,42750,42750,42750,0,0,0.0,100.0,1,high,24.08,6,2,none,,9,https://www.musinsa.com/products/5926217
2026-09-01,아모우,5928521,SPIRAL 5PANNEL CAP BROWN,0.0,0,37800,37800,40500,1,-2700,-6.67,100.0,1,medium,24.09,7,2,none,,9,https://www.musinsa.com/products/5928521
2026-09-01,디앤에스알,5929545,와플 후디드 핑거홀 롱슬리브 블랙,0.0,0,69300,69300,69300,0,0,0.0,100.0,1,high,24.1,6,2,none,,9,https://www.musinsa.com/products/5929545
2026-09-01,아틀리에나인,5929801,OVER FIT SINGLE LEATHER JACKET (JK-3061),0.0,0,200990,200990,251230,1,-50240,-20.0,100.0,1,medium,24.1,6,2,none,,9,https://www.musinsa.com/products/5929801
2026-09-01,워크온바디오프,5930441,에센셜 세미 오버핏 헤링턴 자켓 [블랙],0.0,0,89910,89910,99900,1,-9990,-10.0,100.0,1,medium,24.09,6,2,none,,9,https://www.musinsa.com/products/5930441
2026-09-01,낫포너드,5930697,Cathedral Oil Washed Hood Zip Up - Grey,1.99,147394,73890,73890,73890,0,0,0.0,100.0,1,high,24.08,6,2,none,,9,https://www.musinsa.com/products/5930697
2026-09-01,러프사이드,5933705,Skipper Half Knit Black,0.0,0,138000,138000,138000,0,0,0.0,100.0,1,high,24.1,6,2,none,,9,https://www.musinsa.com/products/5933705
2026-09-01,제너럴아이디어,5935177,[2PACK] GNRL 에센셜 가디건 [6COL] / WBD3L04503SET,0.0,0,61600,61600,60000,1,1600,2.67,100.0,1,medium,24.09,9,2,none,,9,https://www.musinsa.com/products/5935177
2026-09-01,스켈리웩,5935497,오픈 플라이 논페이드 커브드 생지 데님[블랙],0.0,0,103550,103550,105000,1,-1450,-1.38,100.0,1,medium,24.09,8,2,none,,9,https://www.musinsa.com/products/5935497
2026-09-01,아웃스탠딩,5935689,V.S.C SWEAT(MICHIGAN INDIANS)_NAVY,0.0,0,71100,71100,63200,1,7900,12.5,100.0,1,medium,24.09,7,2,none,,9,https://www.musinsa.com/products/5935689
2026-09-01,아웃스탠딩,5936073,LINEN FISHERMAN CREW NECK KNIT_NAVY,1.0,65326,65526,66600,59200,1,7400,12.5,100.0,1,low,24.09,7,2,none,,9,https://www.musinsa.com/products/5936073
2026-09-01,드헤베,5936329,Pocket Cotton Jumper [Black],0.0,0,178200,178200,178200,0,0,0.0,100.0,1,high,24.08,6,2,none,,9,https://www.musinsa.com/products/5936329
2026-09-01,쿠어,5937545,울 브이넥 스웨터 (블랙),2.0,269334,135000,135000,135000,0,0,0.0,100.0,1,high,24.1,6,2,none,,9,https://www.musinsa.com/products/5937545
2026-09-01,쿠어,5940553,샌디드 레더 브레이드 벨트 (브라운),0.0,0,58500,58500,58500,0,0,0.0,100.0,1,high,24.1,6,2,none,,9,https://www.musinsa.com/products/5940553
2026-09-01,쿠어,5940617,클래식 원 턱 치노 팬츠 V2 (다크브라운),0.0,0,148500,148500,148500,0,0,0.0,100.0,1,low,24.1,6,2,none,,9,https://www.musinsa.com/products/5940617
2026-09-01,세터,5940745,루고 패널 후드 티셔츠 브라운,0.0,0,159000,159000,159000,0,0,0.0,100.0,1,high,24.1,6,2,none,,9,https://www.musinsa.com/products/5940745
2026-09-01,루에브르,5941449,Plie Shoulder Medium FA6SB365-FH,0.0,0,299000,299000,299000,0,0,0.0,100.0,1,high,24.09,8,2,none,,9,https://www.musinsa.com/products/5941449
2026-09-01,비긴202,5943369,묘독 크롭 티셔츠 [워시드 차콜],0.77,24608,31850,31850,31850,0,0,0.0,100.0,1,high,24.08,6,2,none,,9,https://www.musinsa.com/products/5943369
2026-09-01,르아르,5944329,커브드 라인 워싱 팬츠 [블랙],0.0,0,39600,39600,39600,0,0,0.0,34.86,0,low,23.99,5,1,none,,9,https://www.musinsa.com/products/5944329
2026-09-01,트리밍버드,5944521,Raw Cut Belt-Line Brushed Denim Pants [ Black ],0.0,0,189000,189000,189000,0,0,0.0,100.0,1,high,24.09,7,2,none,,9,https://www.musinsa.com/products/5944521
2026-09-01,커버낫,5944713,링사 레귤러 데님 팬츠 더스티 블루,0.0,0,80190,80190,89100,1,-8910,-10.0,100.0,1,medium,24.09,6,2,none,,9,https://www.musinsa.com/products/5944713
2026-09-01,커버낫,5944777,스몰 로고 와플 후드집업 블루,0.0,0,104490,104490,116100,1,-11610,-10.0,100.0,1,medium,24.09,6,2,none,,9,https://www.musinsa.com/products/5944777
2026-09-01,커버낫,5944841,시그니처 심볼 카라 하프집업 맨투맨 블랙,0.0,0,64080,64080,71200,1,-7120,-10.0,100.0,1,medium,24.09,6,2,none,,9,https://www.musinsa.com/products/5944841
2026-09-01,무센트,5947209,미스티 레더 패치 캣 비니,0.6,12461,20930,20930,29900,1,-8970,-30.0,100.0,1,medium,24.09,6,2,none,,9,https://www.musinsa.com/products/5947209
2026-09-01,아캄,5948041,Cross Paper Long Sleeve (White),0.0,0,69300,69300,69300,0,0,0.0,100.0,1,high,24.1,6,2,none,,9,https://www.musinsa.com/products/5948041
2026-09-01,제너럴아이디어,5948169,더블 레이어드 크루넥 가디건 [BLACK] / GF7LKC509,0.0,0,63200,63200,62400,1,800,1.28,100.0,1,medium,24.09,7,2,none,,9,https://www.musinsa.com/products/5948169
2026-09-01,아캄,5948361,Torque Motor Jacket (Gray),0.0,0,167200,167200,167200,0,0,0.0,100.0,1,high,24.1,6,2,none,,9,https://www.musinsa.com/products/5948361
2026-09-01,더바넷,5949321,Verta Square Neck Blouse,0.0,0,88200,88200,98000,1,-9800,-10.0,100.0,1,medium,24.08,6,2,none,,9,https://www.musinsa.com/products/5949321
2026-09-01,그루브라임,5950985,HYPER SCRIPT SWEATSHIRT (LRSSCTM711M),0.0,0,20800,20800,26900,1,-6100,-22.68,100.0,1,medium,24.09,8,2,none,,9,https://www.musinsa.com/products/5950985
2026-09-01,카키포인트,5951305,Sheer V-neck Top (black),0.73,38525,52790,52790,46920,1,5870,12.51,100.0,1,medium,24.09,13,4,none,,9,https://www.musinsa.com/products/5951305
2026-09-01,벨리에,5952905,(W) 웨이비 포켓 블루종 점퍼 - 베이지,0.0,0,269800,269800,269800,0,0,0.0,100.0,1,high,24.1,6,2,none,,9,https://www.musinsa.com/products/5952905
2026-09-01,탄산마그네슘,5955465,버튼 캣 비니 (블랙),0.0,0,52440,52440,52440,0,0,0.0,100.0,1,high,24.1,6,2,none,,9,https://www.musinsa.com/products/5955465
2026-09-01,유니폼브릿지,5957641,curved denim pants wide fit(womens) black,0.0,0,90350,90350,90350,0,0,0.0,100.0,1,high,24.09,7,2,none,,9,https://www.musinsa.com/products/5957641
2026-09-01,프리즘웍스,5958409,BLOCK STRIPE LONG SLEEVE TEE _ MUD,0.0,0,34020,34020,37800,1,-3780,-10.0,100.0,1,medium,24.09,7,2,none,,9,https://www.musinsa.com/products/5958409
2026-09-01,트래블,5960585,다트 포켓 데님 버뮤다 쇼츠 인디고,0.0,0,49840,49840,53400,1,-3560,-6.67,100.0,1,medium,24.09,8,2,none,,9,https://www.musinsa.com/products/5960585
2026-09-01,그루브라임,5962057,EAGLE EAGLE  CAP (GC014E23),0.0,0,12400,12400,13900,1,-1500,-10.79,100.0,1,medium,24.09,8,2,none,,9,https://www.musinsa.com/products/5962057
2026-09-01,2000아카이브스,5964361,ROUX KNIT ZIP-UP (VINTAGE BLACK),0.0,0,130980,130980,119070,1,11910,10.0,100.0,1,medium,24.09,7,2,none,,9,https://www.musinsa.com/products/5964361
2026-09-01,2000아카이브스,5964425,LIN UNBALANCED TOP (SKIN),0.0,0,60990,60990,55440,1,5550,10.01,100.0,1,medium,24.09,7,2,none,,9,https://www.musinsa.com/products/5964425
2026-09-01,무드인사이드,5964873,컴팩트 리브드 헨리넥 롱슬리브_3Color,0.0,0,29900,29900,49900,1,-20000,-40.08,100.0,1,medium,24.09,8,2,none,,9,https://www.musinsa.com/products/5964873
2026-09-01,파르티멘토,5967369,[14oz] 스트레이트 플레어 데님 팬츠 딤 블루,0.0,0,75100,75100,67590,1,7510,11.11,100.0,1,medium,24.09,6,2,none,,9,https://www.musinsa.com/products/5967369
2026-09-01,제너럴아이디어,5968393,UNISEX 더블 스트라이프 티셔츠 [NAVY] / GF1UTS001,0.0,0,35200,35200,33600,1,1600,4.76,100.0,1,medium,24.09,7,2,none,,9,https://www.musinsa.com/products/5968393
2026-09-01,르바,5968457,Trigger Pleated Denim Long Skirt - Light Blue,0.0,0,107100,107100,83300,1,23800,28.57,100.0,1,medium,24.08,6,2,none,,9,https://www.musinsa.com/products/5968457
2026-09-01,제로,5969353,헤링본 오버 커브드 데님 팬츠 [블랙],5.85,243603,41650,41650,41650,0,0,0.0,100.0,1,high,24.1,20,2,none,,9,https://www.musinsa.com/products/5969353
2026-09-01,토피,5970121,사이드라인 데님 팬츠 (BLACK),0.0,0,36500,36500,36500,0,0,0.0,100.0,1,high,24.09,7,2,none,,9,https://www.musinsa.com/products/5970121
2026-09-01,999휴머니티,5970761,AV 소프트 후디 (탄),0.0,0,128000,128000,128000,0,0,0.0,100.0,1,high,24.1,6,2,none,,9,https://www.musinsa.com/products/5970761
2026-09-01,밀로아카이브,5970889,샤토 엔지니어드 팬츠 [데님 블랙],0.0,0,102400,102400,115200,1,-12800,-11.11,100.0,1,medium,24.02,9,2,none,,9,https://www.musinsa.com/products/5970889
2026-09-01,필루미네이트,5972809,(W) 데미지드 벨벳 크롭 니트-차콜,0.0,0,37900,37900,37900,0,0,0.0,100.0,1,high,24.02,8,2,none,,9,https://www.musinsa.com/products/5972809
2026-09-01,에이치덱스,5975305,서포트 트랙 부츠컷 레깅스 (Black),0.0,0,52000,52000,52000,0,0,0.0,100.0,1,high,24.08,6,2,none,,9,https://www.musinsa.com/products/5975305
2026-09-01,에이치덱스,5975433,넘버8 피쉬네트 럭비 니트 (White),0.0,0,65550,65550,65550,0,0,0.0,100.0,1,high,24.08,6,2,none,,9,https://www.musinsa.com/products/5975433
2026-09-01,1993스튜디오,5975753,스튜디오 볼륨 자수 캠프캡_블랙,0.0,0,27000,27000,27000,0,0,0.0,100.0,1,high,24.09,6,2,none,,9,https://www.musinsa.com/products/5975753
2026-09-01,시야쥬,5976009,SIAC3103 빈티지 코튼 볼캡_Charcoal,0.0,0,35100,35100,39000,1,-3900,-10.0,100.0,1,medium,24.09,6,2,none,,9,https://www.musinsa.com/products/5976009
2026-09-01,플리즈노팔로우,5976969,Vera Lace Shirring Long Sleeve Top (Ivory),0.85,56477,66300,66300,66300,0,0,0.0,100.0,1,low,24.09,6,2,none,,9,https://www.musinsa.com/products/5976969
2026-09-01,엑스트라오디너리,5977225,CAMO PANEL DOUBLE KNEE PANTS BEIGE,0.0,0,101400,101400,101400,0,0,0.0,100.0,1,high,24.08,6,2,none,,9,https://www.musinsa.com/products/5977225
2026-09-01,로제프란츠,5977737,Sheer Grace Slim Long Dress [Black],0.0,0,88800,88800,77700,1,11100,14.29,100.0,1,medium,24.08,6,2,none,,9,https://www.musinsa.com/products/5977737
2026-09-01,코드그라피,5978057,(우먼) 와이드 핏 써머 데님-빈티지 블루,0.0,0,89100,89100,89100,0,0,0.0,100.0,1,high,24.08,6,2,none,,9,https://www.musinsa.com/products/5978057
2026-09-01,도프제이슨,5978825,인시전 크롭 레더 자켓 KHAKI BROWN,0.0,0,169000,169000,169000,0,0,0.0,100.0,1,high,24.02,8,2,none,,9,https://www.musinsa.com/products/5978825
2026-09-01,몽돌,5982921,[SET] 사이드 셔링 레이어드 티셔츠 모카브라운 MDTS067MOCHABROWN,0.0,0,24960,24960,26880,1,-1920,-7.14,100.0,1,medium,24.09,7,2,none,,9,https://www.musinsa.com/products/5982921
2026-09-01,와이케이,5983113,YK 아플리케 데님 스웨트팬츠 미디엄블루,0.0,0,73500,73500,51450,1,22050,42.86,100.0,1,medium,24.02,8,2,none,,9,https://www.musinsa.com/products/5983113
2026-09-01,아웃스탠딩,5983753,NEWSPAPER BAG(INDEPENDENT)_OLIVE,0.0,0,57600,57600,57600,0,0,0.0,100.0,1,high,24.09,7,2,none,,9,https://www.musinsa.com/products/5983753
2026-09-01,아틀리에나인,5984649,SOFT SLIMFIT BOAT NECK TEE (T-7171),0.0,0,30270,30270,37830,1,-7560,-19.98,100.0,1,medium,24.1,6,2,none,,9,https://www.musinsa.com/products/5984649
2026-09-01,던스트,5987529,UNISEX LAYERED SET-UP T-SHIRT_UDTS6A117_NAVY / BLACK STRIPE,0.0,0,78480,78480,78480,0,0,0.0,100.0,1,high,24.02,8,2,none,,9,https://www.musinsa.com/products/5987529
2026-09-01,노이어,5988233,헤링본 투 턱 슬라우치 슬랙스 (그레이),0.0,0,131200,131200,131200,0,0,0.0,100.0,1,high,24.09,7,2,none,,9,https://www.musinsa.com/products/5988233
2026-09-01,디스이즈네버댓,5992329,T-Logo L/S Tee Taffy,0.0,0,52000,52000,52000,0,0,0.0,100.0,1,high,24.09,6,2,none,,9,https://www.musinsa.com/products/5992329
2026-09-01,썬러브투어,5992713,PERTEX® 3L Coach Jacket Blue,0.0,0,258300,258300,184500,1,73800,40.0,100.0,1,medium,24.09,8,2,none,,9,https://www.musinsa.com/products/5992713
2026-09-01,모즈모즈,5996105,투에잇 피그먼트 크롭 반팔티셔츠 버건디,0.0,0,27650,27650,27650,0,0,0.0,100.0,1,high,24.1,6,2,none,,9,https://www.musinsa.com/products/5996105
2026-09-01,몰든,5999881,나일론 크롭 트랙 자켓,0.0,0,64080,64080,80100,1,-16020,-20.0,100.0,1,medium,24.09,8,2,none,,9,https://www.musinsa.com/products/5999881
2026-09-01,길라아카이브,6000009,TWIST BELT BOOTCUT DENIM PANTS_BLUE,0.0,0,69660,69660,69660,0,0,0.0,100.0,1,high,24.02,8,2,none,,9,https://www.musinsa.com/products/6000009
2026-09-01,무드인사이드우먼,6000393,(woman) 에센셜 무드 크롭 브이넥 니트_Ivory,0.0,0,29900,29900,49900,1,-20000,-40.08,100.0,1,medium,24.09,6,2,none,,9,https://www.musinsa.com/products/6000393
2026-09-01,기철,6001993,Square Patch Cut Wide Denim Pants (Mid Blue),0.0,0,65400,65400,65400,0,0,0.0,100.0,1,high,24.1,6,2,none,,9,https://www.musinsa.com/products/6001993
2026-09-01,브렌슨,6002185,플루이드 스트라이프 원턱 슬랙스 ( 블랙 ),0.0,0,49900,49900,49900,0,0,0.0,100.0,1,high,24.09,6,2,none,,9,https://www.musinsa.com/products/6002185
2026-09-01,기철,6002377,Double Waist Bermuda Cotton Pants (Beige),0.0,0,45000,45000,45000,0,0,0.0,100.0,1,high,24.1,6,2,none,,9,https://www.musinsa.com/products/6002377
2026-09-01,더바이닐하우스,6007113,CUT-OFF OVER SLUB HOODIE LS TEE (W) KHAKI,0.0,0,38640,38640,55200,1,-16560,-30.0,100.0,1,medium,24.09,6,2,none,,9,https://www.musinsa.com/products/6007113
2026-09-01,더바이닐하우스,6008777,LOVE TWO-WAY HOODIE GREY,0.0,0,53410,53410,76300,1,-22890,-30.0,100.0,1,medium,24.09,6,2,none,,9,https://www.musinsa.com/products/6008777
2026-09-01,인사일런스우먼,6013577,빈티지 헤링턴 점퍼 BEIGE,0.0,0,221300,221300,221300,0,0,0.0,100.0,1,high,24.09,7,2,none,,9,https://www.musinsa.com/products/6013577
2026-09-01,인사일런스우먼,6013641,코튼 스터드 자켓 BLACK,0.0,0,206910,206910,206910,0,0,0.0,100.0,1,high,24.09,7,2,none,,9,https://www.musinsa.com/products/6013641
2026-09-01,워크온바디오프,6015497,코튼 세미 오버핏 피케 티셔츠 [네이비],0.0,0,32310,32310,35900,1,-3590,-10.0,100.0,1,medium,24.01,9,4,none,,9,https://www.musinsa.com/products/6015497
2026-09-01,바우로프로덕트,6017993,미니멀 플리츠 크롭 자켓 [베이지],0.0,0,149000,149000,149000,0,0,0.0,100.0,1,high,24.08,6,2,none,,9,https://www.musinsa.com/products/6017993
2026-09-01,디스이즈네버댓,6019721,Active Light Backpack Black,0.0,0,90300,90300,90300,0,0,0.0,100.0,1,high,24.09,6,2,none,,9,https://www.musinsa.com/products/6019721
2026-09-01,디스이즈네버댓,6019849,Arch-Logo Tee White,1.0,38437,38500,38500,38500,0,0,0.0,100.0,1,high,24.09,6,2,none,,9,https://www.musinsa.com/products/6019849
2026-09-01,오헤시오,6021449,"DUAL POCKET BACKPACK, WHITE",0.0,0,150100,150100,,0,,,73.22,0,low,24.09,4,1,none,,9,https://www.musinsa.com/products/6021449
2026-09-01,세터,6024201,[라이즈PICK] 크레스트 로고 니트 타이 차콜,0.0,0,29000,29000,29000,0,0,0.0,100.0,1,high,24.1,6,2,none,,9,https://www.musinsa.com/products/6024201
2026-09-01,제로,6029449,파라슈트 카고 오버 스트링 팬츠 [카키],0.0,0,49000,49000,49000,0,0,0.0,100.0,1,high,24.1,6,2,none,,9,https://www.musinsa.com/products/6029449
2026-09-01,파르티멘토,6029961,V 넥 니트 스웨터 아이보리,0.0,0,39300,39300,35370,1,3930,11.11,100.0,1,medium,24.09,6,2,none,,9,https://www.musinsa.com/products/6029961
2026-09-01,벨리에,6031433,시티 그런지 스트라이프 롱 슬리브 - 다잉 브라운,0.0,0,109250,109250,109250,0,0,0.0,100.0,1,high,24.1,6,2,none,,9,https://www.musinsa.com/products/6031433
2026-09-01,에스피오나지,6031689,Washed Drizzler Jacket Greige,0.0,0,117600,117600,120960,1,-3360,-2.78,100.0,1,medium,24.09,7,2,none,,9,https://www.musinsa.com/products/6031689
2026-09-01,파르티멘토우먼,6033929,클래식 와이드 레그 루즈 진_라이트 블루,0.9,53748,59850,76950,59850,1,17100,28.57,100.0,1,medium,24.08,6,2,none,,9,https://www.musinsa.com/products/6033929
2026-09-01,일꼬르소,6034185,코어 스웻 팬츠 라이트 블루,0.0,0,50560,50560,56880,1,-6320,-11.11,100.0,1,medium,24.09,6,2,none,,9,https://www.musinsa.com/products/6034185
2026-09-01,더뮤지엄비지터,6034889,ART FLOWER CHAIN BLOUSON (WHITE),0.0,0,298000,298000,298000,0,0,0.0,100.0,1,high,24.09,7,2,none,,9,https://www.musinsa.com/products/6034889
2026-09-01,디앤에스알,6036617,Feather Beaded Necklace,0.0,0,35200,35200,35200,0,0,0.0,100.0,1,high,24.1,6,2,none,,9,https://www.musinsa.com/products/6036617
2026-09-01,인사일런스,6038217,링클 체크 집업 자켓 BROWN,0.0,0,197100,197100,147140,1,49960,33.95,100.0,1,medium,24.09,6,2,none,,9,https://www.musinsa.com/products/6038217
2026-09-01,브룩스브라더스,6039881,논아이론 옥스포드 셔츠 (블루) (BBTHMNZ501),0.0,0,152100,152100,152100,0,0,0.0,100.0,1,high,24.02,8,2,none,,9,https://www.musinsa.com/products/6039881
2026-09-01,슬로우애시드,6040137,리버시블 플란넬 체크 후드 집업 [블루],0.0,0,82800,82800,82800,0,0,0.0,100.0,1,high,24.08,6,2,none,,9,https://www.musinsa.com/products/6040137
2026-09-01,슬로우애시드,6040265,레이어드 헨리넥 니트 [스카이블루],0.22,12242,54600,54600,54600,0,0,0.0,100.0,1,high,24.08,6,2,none,,9,https://www.musinsa.com/products/6040265
2026-09-01,브룩스브라더스,6040585,코튼 케이블 크루넥 스웨터 (네이비) (BBWRMBG102),0.0,0,111440,111440,127360,1,-15920,-12.5,100.0,1,medium,24.02,8,2,none,,9,https://www.musinsa.com/products/6040585
2026-09-01,나이스고스트클럽,6041993,MOVING SYMBOL TEE_WHITE/GREY(NG2EMUT522A),1.01,21894,21661,24570,19110,1,5460,28.57,100.0,1,medium,24.02,8,2,none,,9,https://www.musinsa.com/products/6041993
2026-09-01,썬러브투어,6042313,Crescent Windbreaker Taupe,0.0,0,160300,160300,114500,1,45800,40.0,100.0,1,medium,24.09,8,2,none,,9,https://www.musinsa.com/products/6042313
2026-09-01,본투윈,6042377,W B-SOFT EASY LONG SLEEVE [IVORY],0.0,0,56000,56000,53100,1,2900,5.46,100.0,1,medium,24.09,7,2,none,,9,https://www.musinsa.com/products/6042377
2026-09-01,본투윈,6042441,W BRN RELAX FIT SWEATSHIRTS [WHITE MELANGE],0.0,0,65500,65500,62100,1,3400,5.48,100.0,1,medium,24.09,7,2,none,,9,https://www.musinsa.com/products/6042441
2026-09-01,본투윈,6042633,B PENDANT PIGMENT RIBBED SLEEVELESS [KHAKI],0.0,0,46500,46500,44100,1,2400,5.44,100.0,1,medium,24.09,7,2,none,,9,https://www.musinsa.com/products/6042633
2026-09-01,제너럴아이디어,6043401,MAN 스트라이프 코튼 크루넥 니트 [IVORY] / GF1MKP004,0.0,0,48300,48300,48800,1,-500,-1.02,100.0,1,medium,24.09,7,2,none,,9,https://www.musinsa.com/products/6043401
2026-09-01,제너럴아이디어,6043913,멀티 스트라이프 럭비 티셔츠 [BRICK] / GF1LTS514,0.0,0,46200,46200,47200,1,-1000,-2.12,100.0,1,medium,24.09,7,2,none,,9,https://www.musinsa.com/products/6043913
2026-09-01,유라고,6044745,Tencel wool V-neck knit,0.0,0,66120,66120,66120,0,0,0.0,100.0,1,high,24.1,6,2,none,,9,https://www.musinsa.com/products/6044745
2026-09-01,시야쥬,6047753,SIKN2178 카울 스카프 니트 탑_Beige,0.0,0,88070,88070,103000,1,-14930,-14.5,100.0,1,medium,24.09,6,2,none,,9,https://www.musinsa.com/products/6047753
2026-09-01,엑스오엑스,6048841,피그먼트 워싱 뒷절개 반팔 티셔츠 (5color),1.35,29735,22100,22100,22100,0,0,0.0,100.0,1,high,24.1,9,2,none,,9,https://www.musinsa.com/products/6048841
2026-09-01,에이치덱스,6049545,사이드 컬러 블럭 숏 슬리브 (Melange Gray),0.0,0,39200,39200,39200,0,0,0.0,100.0,1,high,24.08,6,2,none,,9,https://www.musinsa.com/products/6049545
2026-09-01,에이치덱스,6049609,스쿼드 숏 슬리브 (Black),0.0,0,39900,39900,39900,0,0,0.0,100.0,1,high,24.08,6,2,none,,9,https://www.musinsa.com/products/6049609
2026-09-01,르아브,6050633,[ X HELET]로파 더블 니팅 지퍼 크롭  니트 그레이,0.0,0,111300,111300,111300,0,0,0.0,100.0,1,high,24.02,8,2,none,,9,https://www.musinsa.com/products/6050633
2026-09-01,플랙,6050697,페퍼유 X 플랙 루즈핏 데님 팬츠 R21 미드블루,0.0,0,89100,89100,79200,1,9900,12.5,100.0,1,medium,24.09,6,2,none,,9,https://www.musinsa.com/products/6050697
2026-09-01,로우클래식,6051081,Lc OFF-SHOULDER SWEATSHIRT_CHARCOAL NAVY [LC263TS07HN],0.0,0,84650,84650,89100,1,-4450,-4.99,100.0,1,medium,24.09,7,2,none,,9,https://www.musinsa.com/products/6051081
2026-09-01,더뮤지엄비지터,6053769,W MULTI PATCH MIDI SKIRT (BLACK),0.0,0,90300,90300,90300,0,0,0.0,100.0,1,high,24.09,7,2,none,,9,https://www.musinsa.com/products/6053769
2026-09-01,더뮤지엄비지터,6053897,ART PIGMENT HOODIE (PURPLE),0.0,0,59400,59400,59400,0,0,0.0,100.0,1,high,24.09,7,2,none,,9,https://www.musinsa.com/products/6053897
2026-09-01,시눈,6054985,Flower Sheer Skirt (Blue),0.0,0,149520,149520,149520,0,0,0.0,100.0,1,high,24.1,6,2,none,,9,https://www.musinsa.com/products/6054985
2026-09-01,엘무드,6056073,세르노 나일론 와이드 트랙팬츠 베이지,0.0,0,93700,93700,93700,0,0,0.0,100.0,1,high,24.09,6,2,none,,9,https://www.musinsa.com/products/6056073
2026-09-01,워크온바디오프,6057737,쓰리턱 세미 와이드 스트라이프 슬랙스 [그레이],1.59,88117,55339,53820,59800,1,-5980,-10.0,100.0,1,low,24.09,5,2,none,,9,https://www.musinsa.com/products/6057737
2026-09-01,브라운브레스,6058441,TAG LIGHT WINDBREAKER - BURGUNDY,0.0,0,109000,109000,109000,0,0,0.0,100.0,1,high,24.09,8,2,none,,9,https://www.musinsa.com/products/6058441
2026-09-01,브룩스브라더스,6058889,[여성] 코튼 라운드 가디건 (블랙) (BBWCWBG102),0.0,0,140160,140160,140160,0,0,0.0,100.0,1,high,24.02,8,2,none,,9,https://www.musinsa.com/products/6058889
2026-09-01,브룩스브라더스,6059081,[여성] 리넨 싱글재킷 (화이트) (BBJSWBG101),0.0,0,383360,383360,383360,0,0,0.0,100.0,1,high,24.02,8,2,none,,9,https://www.musinsa.com/products/6059081
2026-09-01,노이어,6065481,린넨 버뮤다 하프 팬츠 (블랙),0.0,0,50000,50000,50000,0,0,0.0,100.0,1,high,24.09,7,2,none,,9,https://www.musinsa.com/products/6065481
2026-09-01,플리즈노팔로우,6067849,Halo Unbal Shirring Long Sleeve Top (Melange Grey),0.0,0,67150,67150,67150,0,0,0.0,100.0,1,high,24.09,7,2,none,,9,https://www.musinsa.com/products/6067849
2026-09-01,999휴머니티,6068745,워시드 캔버스 빅 토트백 (라이트 그린),0.0,0,128000,128000,128000,0,0,0.0,100.0,1,high,24.1,6,2,none,,9,https://www.musinsa.com/products/6068745
2026-09-01,제너럴아이디어,6070345,셔링 롱슬리브 티셔츠 [BROWN] / GF2LTS517,0.0,0,26400,26400,26400,0,0,0.0,100.0,1,high,24.09,7,2,none,,9,https://www.musinsa.com/products/6070345
2026-09-01,글로니,6071241,HONEY EYELET BUTTON LONG SLEEVE (WHITE),0.0,0,63180,63180,63180,0,0,0.0,100.0,1,low,24.09,6,2,none,,9,https://www.musinsa.com/products/6071241
2026-09-01,후드후드,6072649,COME CLOSER 데미지 링거 반팔티셔츠 옐로우,0.0,0,41300,41300,41300,0,0,0.0,100.0,1,high,24.08,6,2,none,,9,https://www.musinsa.com/products/6072649
2026-09-01,플레어업,6073097,Layered Bustier T-Shirt (FL-108_Cloud White),6.77,349487,51660,70110,51660,1,18450,35.71,100.0,1,medium,9.05,15,6,none,,9,https://www.musinsa.com/products/6073097
2026-09-01,더바이닐하우스,6075529,RAW WASHED VERTICAL SHIRTS NAVY,0.0,0,94640,94640,145420,1,-50780,-34.92,100.0,1,medium,24.09,6,2,none,,9,https://www.musinsa.com/products/6075529
2026-09-01,프리즘웍스,6075593,MICRO RIPSTOP ANORAK _ LIGHT OLIVE,0.0,0,86940,86940,96600,1,-9660,-10.0,100.0,1,medium,24.09,7,2,none,,9,https://www.musinsa.com/products/6075593
2026-09-01,미나브,6078537,알파카 라운드 넥 가디건 [7COLOR],0.0,0,77400,77400,77400,0,0,0.0,100.0,1,high,24.09,8,2,none,,9,https://www.musinsa.com/products/6078537
2026-09-01,유니폼브릿지,6081545,ubc multi stripe s/s t-shirt blue,0.0,0,34500,34500,34500,0,0,0.0,100.0,1,high,24.09,7,2,none,,9,https://www.musinsa.com/products/6081545
2026-09-01,디스이즈네버댓,6087305,T.N.T. Classic HDP L/S Tee Heather Grey,1.59,87879,55200,55200,55200,0,0,0.0,100.0,1,high,24.09,6,2,none,,9,https://www.musinsa.com/products/6087305
2026-09-01,나이스고스트클럽,6089993,SANCTUM SOCIETY PIGMENT DYED TEE_CHARCOAL(NG2GMUT518A),0.0,0,32760,32760,32760,0,0,0.0,100.0,1,high,24.02,8,2,none,,9,https://www.musinsa.com/products/6089993
2026-09-01,나이스고스트클럽,6091081,HEAD SYMBOL CAP_BLACK(NG2GSUAB24A),0.0,0,30870,30870,30870,0,0,0.0,100.0,1,high,24.02,8,2,none,,9,https://www.musinsa.com/products/6091081
2026-09-01,마인드브릿지,6091145,[ON]스트라이프 크림 오버핏 긴팔 셔츠,5.19,258973,49900,49900,49900,0,0,0.0,100.0,1,high,9.05,25,6,none,,9,https://www.musinsa.com/products/6091145
2026-09-01,배드블러드,6091913,Arc Curved Fit Cargo Pants - Camo,0.0,0,152150,152150,144990,1,7160,4.94,100.0,1,medium,24.09,7,2,none,,9,https://www.musinsa.com/products/6091913
2026-09-01,코드그라피,6091977,8부 버뮤다 코튼 쇼츠-차콜,0.0,0,80100,80100,80100,0,0,0.0,100.0,1,high,24.08,6,2,none,,9,https://www.musinsa.com/products/6091977
2026-09-01,몽돌,6093001,드레이프 넥 레이어드 반팔 티셔츠 라벤더 MDTS094LAVENDER,0.0,0,24000,24000,24000,0,0,0.0,100.0,1,high,24.09,7,2,none,,9,https://www.musinsa.com/products/6093001
2026-09-01,제너럴아이디어,6097993,시어 부클 보트넥 풀오버 [PINK] / GF1LKP511,0.0,0,38400,38400,36800,1,1600,4.35,100.0,1,medium,24.09,7,2,none,,9,https://www.musinsa.com/products/6097993
2026-09-01,브룩스브라더스,6099145,멀티 스트라이프 반팔 티셔츠 (오렌지) (BBNPMBG203),0.0,0,95200,95200,95200,0,0,0.0,100.0,1,high,24.02,8,2,none,,9,https://www.musinsa.com/products/6099145
2026-09-01,르바,6099337,[2PACK] All-day Cotton Rib T-shirt - 12colors,0.0,0,70200,70200,54600,1,15600,28.57,100.0,1,medium,24.08,6,2,none,,9,https://www.musinsa.com/products/6099337
2026-09-01,비헤비어,6099785,DISTRESSED LAMBSKIN WALLET black,0.0,0,160550,160550,160550,0,0,0.0,100.0,1,high,24.08,6,2,none,,9,https://www.musinsa.com/products/6099785
2026-09-01,비헤비어,6100873,CREWNECK STRIPE L/S SHIRTS oatmeal/black,0.0,0,93100,93100,93100,0,0,0.0,100.0,1,high,24.08,6,2,none,,9,https://www.musinsa.com/products/6100873
2026-09-01,마인드브릿지,6102537,[COUTURE]와이드 원턱 나일론 혼방 스트링 밴딩 팬츠 - 2color,0.0,0,44900,44900,44900,0,0,0.0,100.0,1,high,24.08,6,2,none,,9,https://www.musinsa.com/products/6102537
2026-09-01,마인드브릿지,6102729,[쿨]라운드 데일리 티셔츠 - 5color,0.0,0,24900,24900,24900,0,0,0.0,100.0,1,high,24.08,6,2,none,,9,https://www.musinsa.com/products/6102729
2026-09-01,마인드브릿지,6103241,두굿_소로나 쿨 터치 레귤러 핏 슬리브리스 - 2color,0.1,1961,19900,19900,19900,0,0,0.0,100.0,1,high,24.08,6,2,none,,9,https://www.musinsa.com/products/6103241
2026-09-01,마인드브릿지,6103305,[COUTURE]카라 세미 오버핏 미니멀 반팔 니트  - 2color,0.0,0,62900,62900,62900,0,0,0.0,100.0,1,high,24.08,6,2,none,,9,https://www.musinsa.com/products/6103305
2026-09-01,마인드브릿지,6103369,[에어쿨]메쉬 세미 와이드 카고 풀 밴딩 블랙 하프 팬츠,0.0,0,35900,35900,35900,0,0,0.0,100.0,1,high,24.08,6,2,none,,9,https://www.musinsa.com/products/6103369
2026-09-01,썬러브투어,6103433,W 1872 Button Up Hoodie Floral,0.0,0,104300,104300,74500,1,29800,40.0,100.0,1,medium,24.09,8,2,none,,9,https://www.musinsa.com/products/6103433
2026-09-01,키르시,6108105,키르시 멜로우 숏 파자마 세트 [아이보리],0.0,0,55200,55200,55200,0,0,0.0,100.0,1,high,24.09,6,2,none,,9,https://www.musinsa.com/products/6108105
2026-09-01,비바라비다,6108937,Lovers 반팔 티셔츠,3.38,87464,25900,25900,25900,0,0,0.0,100.0,1,high,10.13,32,7,none,,9,https://www.musinsa.com/products/6108937
2026-09-01,마인드브릿지우먼,6109897,[W]스티치 배색 반팔 집업 자켓,0.0,0,89100,89100,89100,0,0,0.0,100.0,1,high,24.1,6,2,none,,9,https://www.musinsa.com/products/6109897
2026-09-01,어나더오피스,6115017,Lumberjack Jacket (Black),0.0,0,368000,368000,368000,0,0,0.0,100.0,1,high,24.09,8,2,none,,9,https://www.musinsa.com/products/6115017
2026-09-01,인사일런스우먼,6115849,빈티지 텍스쳐드 원피스 BLACK,0.0,0,141500,141500,141500,0,0,0.0,100.0,1,high,24.09,7,2,none,,9,https://www.musinsa.com/products/6115849
2026-09-01,브라운브레스,6116297,CROP TAG TEE - MELANGE GREY,0.73,28431,39000,39000,31200,1,7800,25.0,100.0,1,medium,24.09,8,2,none,,9,https://www.musinsa.com/products/6116297
2026-09-01,커버낫,6125577,체커보드 그래픽 티셔츠 화이트,0.0,0,35280,35280,39200,1,-3920,-10.0,100.0,1,medium,24.09,6,2,none,,9,https://www.musinsa.com/products/6125577
2026-09-01,커버낫,6125641,워크 나일론 쇼츠 브라운,0.0,0,64080,64080,71200,1,-7120,-10.0,100.0,1,medium,24.09,6,2,none,,9,https://www.musinsa.com/products/6125641
2026-09-01,오퍼스 0012,6128457,Op. 03 OMEN VELVET DENIM JACKET BLACK,0.0,0,197100,197100,197100,0,0,0.0,100.0,1,high,24.09,7,2,none,,9,https://www.musinsa.com/products/6128457
2026-09-01,낫포너드,6136265,W Rib Panel Twill Zipper Jacket - Black,1.77,130862,73890,73890,73890,0,0,0.0,100.0,1,high,24.08,6,2,none,,9,https://www.musinsa.com/products/6136265
2026-09-01,노티카,6139657,오션 트라이벌 티셔츠(3colors) NTS5556,1.95,57337,29400,29400,29400,0,0,0.0,100.0,1,high,24.1,15,2,none,,9,https://www.musinsa.com/products/6139657
2026-09-01,오헤시오,6141385,"BASIC STANDARD T-SHIRT, WHITE",0.0,0,40850,40850,30960,1,9890,31.94,100.0,1,medium,24.09,8,2,none,,9,https://www.musinsa.com/products/6141385
2026-09-01,일리고,6149065,도트 보트넥 탑 블랙,0.0,0,56000,56000,56000,0,0,0.0,100.0,1,high,24.08,6,2,none,,9,https://www.musinsa.com/products/6149065
2026-09-01,파르티멘토우먼,6151561,레이어드 슬리브 타이 롱슬리브 탑_블랙,0.0,0,39690,39690,30870,1,8820,28.57,100.0,1,medium,24.08,6,2,none,,9,https://www.musinsa.com/products/6151561
2026-09-01,파르티멘토우먼,6151817,디컨스트럭티드 레이어드 티_네이비,0.0,0,63990,63990,49770,1,14220,28.57,100.0,1,medium,24.08,6,2,none,,9,https://www.musinsa.com/products/6151817
2026-09-01,키르시,6153673,워딩 크롭 피그먼트 티셔츠 [라이트 핑크],0.0,0,37440,37440,37440,0,0,0.0,100.0,1,high,24.09,6,2,none,,9,https://www.musinsa.com/products/6153673
2026-09-01,언더오프,6154633,라이트웨이트 칼라드 윈드브레이커 라이트베이지,0.0,0,36900,36900,43920,1,-7020,-15.98,100.0,1,medium,24.09,6,2,none,,9,https://www.musinsa.com/products/6154633
2026-09-01,키뮤어,6154825,[크롭] 스트라이프 레이어드 헨리넥 반팔 티셔츠_멜란지 그레이,3.94,191444,48600,48600,48600,0,0,0.0,100.0,1,high,24.09,14,2,none,,9,https://www.musinsa.com/products/6154825
2026-09-01,르아르,6156297,90s 빈티지핏 피그먼트 티셔츠 [그레이],0.35,9342,26900,26900,26900,0,0,0.0,100.0,1,high,24.1,6,2,none,,9,https://www.musinsa.com/products/6156297
2026-09-01,아메스월드와이드,6162377,CLASSIC GRACE TYPO TEE WHITE,0.65,10818,16660,16660,23800,1,-7140,-30.0,9.81,0,low,3.63,9,1,none,,9,https://www.musinsa.com/products/6162377
2026-09-01,아메스월드와이드,6162761,STRIPE EASY PANTS BLUE,0.0,0,41160,41160,58800,1,-17640,-30.0,100.0,1,medium,24.08,6,2,none,,9,https://www.musinsa.com/products/6162761
2026-09-01,아메스월드와이드,6162953,SHINING AMES ROUND HEM CROP TEE BLUE,0.0,0,19500,19500,27300,1,-7800,-28.57,100.0,1,medium,24.08,6,2,none,,9,https://www.musinsa.com/products/6162953
2026-09-01,더뮤지엄비지터,6165513,RABBIT EMBROIDERY CAP (BLACK),0.85,34845,40950,40950,40950,0,0,0.0,100.0,1,high,24.09,7,2,none,,9,https://www.musinsa.com/products/6165513
2026-09-01,로템버,6165641,워시드 데님 포켓 하프 셔츠 [워시드 블랙],0.73,43686,59940,59940,56610,1,3330,5.88,100.0,1,medium,24.09,8,2,none,,9,https://www.musinsa.com/products/6165641
2026-09-01,주앙옴므,6167305,크롭핏 컬러블록 하프 슬리브 (차콜),0.0,0,42400,42400,42400,0,0,0.0,100.0,1,high,24.08,6,2,none,,9,https://www.musinsa.com/products/6167305
2026-09-01,인사일런스우먼,6171017,워시드 립 홀터 슬리브리스 DUST ROSE,0.0,0,48000,48000,48000,0,0,0.0,100.0,1,high,24.09,7,2,none,,9,https://www.musinsa.com/products/6171017
2026-09-01,999휴머니티,6172937,커팅 엣지 버뮤다 데님 쇼츠 (라이트 블루),0.0,0,148000,148000,148000,0,0,0.0,100.0,1,high,24.1,6,2,none,,9,https://www.musinsa.com/products/6172937
2026-09-01,엘무드,6174281,할리 웨스턴 데님 하프 셔츠 (2 COLOR),2.37,227801,96000,96000,96000,0,0,0.0,100.0,1,high,24.09,14,2,none,,9,https://www.musinsa.com/products/6174281
2026-09-01,아틀리에나인,6174345,MULTI STRIPE BOXY TEE (T-7216),0.0,0,47200,47200,53100,1,-5900,-11.11,100.0,1,medium,24.1,6,2,none,,9,https://www.musinsa.com/products/6174345
2026-09-01,제멋,6175817,보이 크롭 U넥 반팔티셔츠 화이트 KJST2691,0.0,0,21900,21900,21900,0,0,0.0,100.0,1,high,24.09,8,2,none,,9,https://www.musinsa.com/products/6175817
2026-09-01,룩캐스트,6176201,제제 언발란스 티셔츠 / ZEZE UNBLANCE T-SHIRT_6colors,12.06,334344,27720,27720,27720,0,0,0.0,100.0,1,low,9.05,21,6,none,,9,https://www.musinsa.com/products/6176201
2026-09-01,그루브라임,6176329,말리부 피치 클럽 반팔 티셔츠 (LRSMCTR707M),0.0,0,14800,14800,14800,0,0,0.0,100.0,1,high,24.09,8,2,none,,9,https://www.musinsa.com/products/6176329
2026-09-01,그루브라임,6176457,배색 번개 레터링 반팔 티셔츠(2COLOR) (LRRMCTA366M),0.0,0,13100,13100,13100,0,0,0.0,100.0,1,high,24.09,8,2,none,,9,https://www.musinsa.com/products/6176457
2026-09-01,더바이닐하우스,6178505,SHEER COLLAR CARDIGAN CHARCOAL,0.0,0,41160,41160,58400,1,-17240,-29.52,100.0,1,medium,24.09,6,2,none,,9,https://www.musinsa.com/products/6178505
2026-09-01,스켈리웩,6178825,[류정란 × 스켈리웩] PULL UP 크롭 티셔츠[그레이],2.19,65365,29900,29900,29900,0,0,0.0,100.0,1,low,24.09,12,2,none,,9,https://www.musinsa.com/products/6178825
2026-09-01,락피쉬웨더웨어,6182537,COLOR BLOCK UMBRELLA SHORT - 5 colors,0.0,0,42300,42300,42300,0,0,0.0,100.0,1,high,24.08,6,2,none,,9,https://www.musinsa.com/products/6182537
2026-09-01,론론,6185353,RUCHED SLIM FIT T SHIRT GREY DOT,0.0,0,53460,53460,36960,1,16500,44.64,100.0,1,medium,24.09,7,2,none,,9,https://www.musinsa.com/products/6185353
2026-09-01,본투윈,6188617,SYMBOL B ACTIVE 2 IN 1 SHORTS [BEIGE],0.0,0,89000,89000,89000,0,0,0.0,100.0,1,high,24.09,7,2,none,,9,https://www.musinsa.com/products/6188617
2026-09-01,낫포너드,6191241,W Open Shoulder Stripe T-Shirts - Black,0.0,0,30690,30690,30690,0,0,0.0,100.0,1,high,24.08,6,2,none,,9,https://www.musinsa.com/products/6191241
2026-09-01,비터셀즈,6199689,핀 메쉬 트랙 팬츠-브라운,0.0,0,63200,63200,63200,0,0,0.0,100.0,1,high,24.08,14,2,none,,9,https://www.musinsa.com/products/6199689
2026-09-01,아웃스탠딩,6201353,HS CROCHET KNIT CARDIGAN_BLACK,0.44,31219,71200,80100,71200,1,8900,12.5,100.0,1,low,24.0,13,6,none,,9,https://www.musinsa.com/products/6201353
2026-09-01,세터,6201481,로턴 콘트라스트 미니 크로스 백 레드,0.0,0,99000,99000,99000,0,0,0.0,100.0,1,high,24.1,6,2,none,,9,https://www.musinsa.com/products/6201481
2026-09-01,아웃스탠딩,6202185,[LOONEY TUNES] HALF SLEEVE TEE(COWBOY)_OFF WHITE,0.15,5262,36000,40500,36000,1,4500,12.5,100.0,1,low,24.09,7,2,none,,9,https://www.musinsa.com/products/6202185
2026-09-01,무드인사이드,6202697,스페셜 후드 바람막이_Wine,1.27,37845,29900,29900,29900,0,0,0.0,100.0,1,high,24.09,8,2,none,,9,https://www.musinsa.com/products/6202697
2026-09-01,무드인사이드,6202761,스페셜 후드 바람막이_Light Beige,1.27,37845,29900,29900,29900,0,0,0.0,100.0,1,high,24.09,8,2,none,,9,https://www.musinsa.com/products/6202761
2026-09-01,스컬프터,6204361,Wander Girl Off-Shoulder Tee Baby Pink,0.85,37567,44160,44160,55200,1,-11040,-20.0,100.0,1,medium,24.09,7,2,none,,9,https://www.musinsa.com/products/6204361
2026-09-01,스컬프터,6205001,NPC Metallic Bag Icy Pink,0.0,0,88320,88320,110400,1,-22080,-20.0,100.0,1,medium,24.09,7,2,none,,9,https://www.musinsa.com/products/6205001
2026-09-01,코드그라피,6207561,(우먼) 스몰 스퀘어 자수 로고 링거 반소매 티셔츠-다크 네이비,0.0,0,44100,44100,44100,0,0,0.0,100.0,1,high,24.08,6,2,none,,9,https://www.musinsa.com/products/6207561
2026-09-01,스컬프터,6208393,Studded Bermuda Pants Dirty White,0.0,0,88320,88320,110400,1,-22080,-20.0,100.0,1,medium,24.09,7,2,none,,9,https://www.musinsa.com/products/6208393
2026-09-01,던스트,6208457,STRIPE EASY SHOPPER_UDBA6E213_OLIVE STRIPE,0.0,0,33040,33040,33040,0,0,0.0,100.0,1,high,24.02,8,2,none,,9,https://www.musinsa.com/products/6208457
2026-09-01,던스트,6208585,UNISEX CHORE JACKET_UDJA6B122_WHITE,0.0,0,119520,119520,119520,0,0,0.0,100.0,1,high,24.02,8,2,none,,9,https://www.musinsa.com/products/6208585
2026-09-01,세터,6208841,오픈 칼라 하프 데님 셔츠 블랙,0.0,0,109000,109000,109000,0,0,0.0,100.0,1,high,24.1,6,2,none,,9,https://www.musinsa.com/products/6208841
2026-09-01,스컬프터,6209225,Dot Lace Halter Top Melange Gray,0.0,0,46080,46080,57600,1,-11520,-20.0,100.0,1,medium,24.09,7,2,none,,9,https://www.musinsa.com/products/6209225
2026-09-01,스컬프터,6210313,Angelic Hobo Bag Gun Metal,0.85,69681,81920,81920,102400,1,-20480,-20.0,100.0,1,medium,24.09,7,2,none,,9,https://www.musinsa.com/products/6210313
2026-09-01,파브레가,6217737,라이트 위브 스카프 (블랙),0.0,0,43200,43200,43200,0,0,0.0,100.0,1,high,24.08,6,2,none,,9,https://www.musinsa.com/products/6217737
2026-09-01,트래블,6219017,레이서 피그먼트 반팔티 크림,0.0,0,20300,20300,25800,1,-5500,-21.32,100.0,1,medium,24.09,8,2,none,,9,https://www.musinsa.com/products/6219017
2026-09-01,디스이즈네버댓,6219273,Relaxed Denim Short Blue,0.0,0,83300,83300,83300,0,0,0.0,100.0,1,high,24.09,6,2,none,,9,https://www.musinsa.com/products/6219273
2026-09-01,파브레가,6221449,누아 스트라이프 하프 셔츠 (라이트 베이지),0.0,0,66600,66600,66600,0,0,0.0,100.0,1,high,24.08,6,2,none,,9,https://www.musinsa.com/products/6221449
2026-09-01,브라운브레스,6235337,W TAG FRICE SLEEVELESS - BLACK,0.0,0,32000,32000,25600,1,6400,25.0,100.0,1,medium,24.09,8,2,none,,9,https://www.musinsa.com/products/6235337
2026-09-01,브라운브레스,6235529,DELIVERY TAG TEE - BROWN,0.0,0,55000,55000,49500,1,5500,11.11,100.0,1,medium,24.09,8,2,none,,9,https://www.musinsa.com/products/6235529
2026-09-01,브라운브레스,6235977,STEPDYED WINDBREAKER JACKET - GREEN,0.0,0,159000,159000,159000,0,0,0.0,100.0,1,high,24.09,8,2,none,,9,https://www.musinsa.com/products/6235977
2026-09-01,1993스튜디오,6237961,[FC서울x1993스튜디오] 폴리 블록형 오버핏 저지 티셔츠_블랙,0.0,0,79000,79000,79000,0,0,0.0,100.0,1,high,24.09,6,2,none,,9,https://www.musinsa.com/products/6237961
2026-09-01,세컨모놀로그,6247113,Washed String Cargo [KBROWN]_SEWPT015KBROWN,0.41,19221,47400,47400,47400,0,0,0.0,100.0,1,high,24.09,6,2,none,,9,https://www.musinsa.com/products/6247113
2026-09-01,브룩스브라더스,6252745,로고 코튼 피케 폴로셔츠 (화이트) (BBNTMOG201),0.54,35960,66640,66640,66640,0,0,0.0,100.0,1,high,24.02,8,2,none,,9,https://www.musinsa.com/products/6252745
2026-09-01,브룩스브라더스,6253257,가먼트다잉 팬츠 (차콜) (BBPCMBG202),0.0,0,186480,186480,186480,0,0,0.0,100.0,1,high,24.02,8,2,none,,9,https://www.musinsa.com/products/6253257
2026-09-01,제너럴아이디어,6253577,아세테이트 꼬임 반팔 티셔츠 [CHARCOAL] / GF2LTS520,0.0,0,28000,28000,28000,0,0,0.0,100.0,1,high,24.09,7,2,none,,9,https://www.musinsa.com/products/6253577
2026-09-01,아웃스탠딩,6253961,V.S.C TEE(VIRGINIA PARK)_CHARCOAL,0.0,0,40500,40500,36000,1,4500,12.5,100.0,1,low,24.09,7,2,none,,9,https://www.musinsa.com/products/6253961
2026-09-01,썬러브투어,6254793,Light Swing Pants Blue,0.0,0,153300,153300,109500,1,43800,40.0,100.0,1,medium,24.09,8,2,none,,9,https://www.musinsa.com/products/6254793
2026-09-01,룩캐스트,6255945,에리카 썸머 울 클레식 미니 드레스_블랙 / ERICA SUMMER WOOL CLASSIC MINI DRESS_BLACK,0.0,0,68450,68450,68450,0,0,0.0,100.0,1,high,24.08,6,2,none,,9,https://www.musinsa.com/products/6255945
2026-09-01,웬즈데이오아시스,6259529,워셔블 에어리 레글런 하프 니트_IVORY(WC26KN48),0.0,0,37100,37100,37100,0,0,0.0,100.0,1,high,24.09,8,2,none,,9,https://www.musinsa.com/products/6259529
2026-09-01,웬즈데이오아시스,6260489,요루 이지 쇼츠_IVORY(WB6PT22),0.0,0,40600,40600,40600,0,0,0.0,100.0,1,high,24.09,8,2,none,,9,https://www.musinsa.com/products/6260489
2026-09-01,디스이즈네버댓,6262601,Relaxed Nylon Short Navy,0.0,0,62300,62300,62300,0,0,0.0,100.0,1,high,24.09,6,2,none,,9,https://www.musinsa.com/products/6262601
2026-09-01,썬러브투어,6262793,Quiet Mesh Trucker Cap Navy,0.0,0,48300,48300,34500,1,13800,40.0,100.0,1,medium,24.09,8,2,none,,9,https://www.musinsa.com/products/6262793
2026-09-01,길라아카이브,6263177,LACE-UP COTTON SHORTS_BLACK,0.0,0,62370,62370,62370,0,0,0.0,100.0,1,high,24.02,8,2,none,,9,https://www.musinsa.com/products/6263177
2026-09-01,꼼파뇨,6264073,드림 아일랜드 피그먼트 반팔티 고스트그레이,0.0,0,28610,28610,28610,0,0,0.0,100.0,1,high,24.08,6,2,none,,9,https://www.musinsa.com/products/6264073
2026-09-01,제너럴아이디어,6266313,체크 시어 롱 스커트 [KHAKI] / GF2LSK510,0.0,0,40800,40800,40800,0,0,0.0,100.0,1,high,24.09,7,2,none,,9,https://www.musinsa.com/products/6266313
2026-09-01,제이엘브,6270025,우먼스 와이드 밴딩 팬츠,0.0,0,48600,48600,48600,0,0,0.0,100.0,1,high,24.02,8,2,none,,9,https://www.musinsa.com/products/6270025
2026-09-01,르아르,6270537,에센셜 리브드 슬리브리스 [그레이],3.81,75895,19900,19900,19900,0,0,0.0,100.0,1,high,9.63,20,5,none,,9,https://www.musinsa.com/products/6270537
2026-09-01,트릴리온,6271049,워셔블 리조트 케이블 카라 반팔 니트_아이보리,0.0,0,14990,14990,14990,0,0,0.0,100.0,1,high,24.08,6,2,none,,9,https://www.musinsa.com/products/6271049
2026-09-01,던스트,6271369,UNISEX LINEN CREWNECK KNIT_UDSW6B128_MELANGE GREY,0.0,0,47520,47520,47520,0,0,0.0,100.0,1,high,24.02,8,2,none,,9,https://www.musinsa.com/products/6271369
2026-09-01,몽돌,6274633,비즈 스트랩 나시 블라우스 화이트 MDBL007WHITE,0.0,0,49200,49200,49200,0,0,0.0,100.0,1,high,24.09,7,2,none,,9,https://www.musinsa.com/products/6274633
2026-09-01,유니폼브릿지,6275145,boat assoc s/s t-shirt green,0.0,0,47200,47200,47200,0,0,0.0,100.0,1,high,24.09,7,2,none,,9,https://www.musinsa.com/products/6275145
2026-09-01,유니폼브릿지,6275209,western check s/s shirt sky blue,0.0,0,71400,71400,71400,0,0,0.0,100.0,1,high,24.09,7,2,none,,9,https://www.musinsa.com/products/6275209
2026-09-01,아틀리에나인,6278281,STRIPE SHIRRING TUBE TOP (T-7234),0.0,0,36000,36000,40500,1,-4500,-11.11,100.0,1,medium,24.1,6,2,none,,9,https://www.musinsa.com/products/6278281
2026-09-01,레더리,6278857,스텔라 레더 팔찌 [BLACK],1.0,19247,19306,21760,19040,1,2720,14.29,100.0,1,medium,24.08,6,2,none,,9,https://www.musinsa.com/products/6278857
2026-09-01,나인제트,6282057,소프트 새깅 헤비메쉬 롱 팬츠 (2color),0.0,0,54900,54900,54900,0,0,0.0,100.0,1,high,24.08,6,2,none,,9,https://www.musinsa.com/products/6282057
2026-09-01,세터,6285641,(W) 가봉 와이드 데님 쇼츠 라이트 블루,0.0,0,129000,129000,129000,0,0,0.0,100.0,1,high,24.1,6,2,none,,9,https://www.musinsa.com/products/6285641
2026-09-01,브라운야드,6286601,"W 와이드 울 팬츠, 브라운",0.0,0,131600,131600,131600,0,0,0.0,100.0,1,high,24.02,8,2,none,,9,https://www.musinsa.com/products/6286601
2026-09-01,브라운야드,6286729,"워시드 워크 자켓, 블랙",0.0,0,243600,243600,243600,0,0,0.0,100.0,1,high,24.02,8,2,none,,9,https://www.musinsa.com/products/6286729
2026-09-01,세터,6289289,(W) 로턴 스티치 링거 반팔 티셔츠 블랙,0.0,0,69000,69000,69000,0,0,0.0,100.0,1,high,24.1,6,2,none,,9,https://www.musinsa.com/products/6289289
2026-09-01,세터,6292233,(W) 카프리 시트론 드로잉 썸머 그래픽 반팔 티셔츠 마젠타 퍼플,0.0,0,79000,79000,79000,0,0,0.0,100.0,1,high,24.1,6,2,none,,9,https://www.musinsa.com/products/6292233
2026-09-01,플랙,6301769,밴딩 퍼티그 데님 팬츠 M06 블랙,0.0,0,71200,71200,71200,0,0,0.0,100.0,1,high,24.09,6,2,none,,9,https://www.musinsa.com/products/6301769
2026-09-01,디앤에스알,6301897,엔지니어 버뮤다 데님 팬츠 블루,0.0,0,99000,99000,99000,0,0,0.0,100.0,1,high,24.1,6,2,none,,9,https://www.musinsa.com/products/6301897
2026-09-01,키르시,6307209,키르시 X 챠미키티 미니 숄더백 [화이트],0.0,0,55200,55200,55200,0,0,0.0,100.0,1,high,24.09,6,2,none,,9,https://www.musinsa.com/products/6307209
2026-09-01,노매뉴얼,6307337,우산은...,0.0,0,19000,19000,19000,0,0,0.0,100.0,1,high,24.08,6,2,none,,9,https://www.musinsa.com/products/6307337
2026-09-01,해칭룸,6307401,Base Hoodie Grey,0.0,0,78000,78000,78000,0,0,0.0,100.0,1,high,24.08,6,2,none,,9,https://www.musinsa.com/products/6307401
2026-09-01,아틀리에나인,6308169,CLASSIC STRIPE SLIM T (T-7262),0.0,0,39200,39200,44100,1,-4900,-11.11,100.0,1,medium,24.1,6,2,none,,9,https://www.musinsa.com/products/6308169
2026-09-01,드로우핏우먼,6309769,썸머 슬림 부츠컷 슬랙스 [BLACK],0.0,0,62100,62100,62100,0,0,0.0,100.0,1,high,24.09,8,2,none,,9,https://www.musinsa.com/products/6309769
2026-09-01,러브이즈트루,6310601,SY SHINING CHAIN BELT(WHITE),0.0,0,33460,33460,33460,0,0,0.0,100.0,1,high,24.02,8,2,none,,9,https://www.musinsa.com/products/6310601
2026-09-01,르바,6313225,Whenever Overdyed Ball Cap - Marshmallow Pink,0.0,0,39600,39600,30800,1,8800,28.57,100.0,1,medium,24.08,6,2,none,,9,https://www.musinsa.com/products/6313225
2026-09-01,제로,6313609,와플 딥 원 턱 스웨트 쇼츠 [멜란지 그레이],0.0,0,39000,39000,39000,0,0,0.0,100.0,1,high,24.1,6,2,none,,9,https://www.musinsa.com/products/6313609
2026-09-01,드로우핏우먼,6313673,베이 헨리넥 반팔 티셔츠 [BLACK],0.0,0,39600,39600,39600,0,0,0.0,100.0,1,high,24.09,8,2,none,,9,https://www.musinsa.com/products/6313673
2026-09-01,브라운야드,6316297,"캐시미어 하프 슬리브, 베이지",0.0,0,88000,88000,88000,0,0,0.0,100.0,1,high,24.02,8,2,none,,9,https://www.musinsa.com/products/6316297
2026-09-01,르바,6317961,Classic Staple Denim Shorts - Off White,0.0,0,80100,80100,62300,1,17800,28.57,100.0,1,medium,24.08,6,2,none,,9,https://www.musinsa.com/products/6317961
2026-09-01,본투윈,6318409,W V-NECK FOOTBALL TRACK T-SHIRTS [BLACK],3.73,242751,65000,65000,65000,0,0,0.0,100.0,1,high,24.0,18,6,none,,9,https://www.musinsa.com/products/6318409
2026-09-01,본투윈,6318473,B PENDANT CUT LINE SLEEVELESS [BLACK],0.0,0,55000,55000,55000,0,0,0.0,100.0,1,high,24.09,11,2,none,,9,https://www.musinsa.com/products/6318473
2026-09-01,드헤베,6319945,Summer Knit Cardigan Set [Sky Blue],0.0,0,108300,108300,108300,0,0,0.0,100.0,1,high,24.08,6,2,none,,9,https://www.musinsa.com/products/6319945
2026-09-01,르아르,6324681,썸머 스트라이프 반팔 티셔츠 [블루],0.0,0,33600,33600,33600,0,0,0.0,100.0,1,high,24.1,6,2,none,,9,https://www.musinsa.com/products/6324681
2026-09-01,와이케이,6330249,말티즈 아카이브 링거 반팔티셔츠 Ver.2 화이트,0.0,0,31500,31500,31500,0,0,0.0,100.0,1,high,24.02,8,2,none,,9,https://www.musinsa.com/products/6330249
2026-09-01,아틀리에나인,6330377,CROCHER CROP V-NECK KNIT (T-7252),0.0,0,63200,63200,,0,,,34.61,0,low,23.98,3,1,none,,9,https://www.musinsa.com/products/6330377
2026-09-01,비바라비다,6330505,Sync 에코백,0.0,0,33530,33530,33530,0,0,0.0,100.0,1,high,24.09,7,2,none,,9,https://www.musinsa.com/products/6330505
2026-09-01,플리즈노팔로우,6331529,Zuri Lace Sleeveless Top (Black),0.0,0,83300,83300,78400,1,4900,6.25,100.0,1,medium,24.09,11,2,none,,9,https://www.musinsa.com/products/6331529
2026-09-01,글로니,6331849,G RUFFLED BUTTON BLOUSE (BEIGE),0.0,0,125000,125000,87500,1,37500,42.86,100.0,1,medium,24.09,7,2,none,,9,https://www.musinsa.com/products/6331849
2026-09-01,인사일런스우먼,6334089,텍스쳐드 셔링 후드 셔켓 LIGHT BEIGE,0.0,0,135800,135800,135800,0,0,0.0,100.0,1,high,24.09,7,2,none,,9,https://www.musinsa.com/products/6334089
2026-09-01,미세키서울맨,6334153,Two-tone raglan short sleeve CHARCOAL,0.0,0,57800,57800,57800,0,0,0.0,100.0,1,high,24.1,6,2,none,,9,https://www.musinsa.com/products/6334153
2026-09-01,유니온블루,6344585,ARCHON TWILL CHINO PANTS [STONE BEIGE],0.0,0,103680,103680,121600,1,-17920,-14.74,100.0,1,medium,24.09,7,2,none,,9,https://www.musinsa.com/products/6344585
2026-09-01,제너럴아이디어,6345609,에어리 브이넥 케이블 가디건 [GREEN] / WBD2L43545,0.0,0,50400,50400,50400,0,0,0.0,100.0,1,high,24.09,7,2,none,,9,https://www.musinsa.com/products/6345609
2026-09-01,필루미네이트,6352777,세미 크롭 멀티 스트라이프 티셔츠-블랙,0.0,0,32000,32000,32000,0,0,0.0,100.0,1,high,24.02,8,2,none,,9,https://www.musinsa.com/products/6352777
2026-09-01,시야쥬,6366857,SIAC3122 Mode Bag_Black,0.0,0,118850,118850,139000,1,-20150,-14.5,100.0,1,medium,24.09,6,2,none,,9,https://www.musinsa.com/products/6366857
2026-09-01,시야쥬,6367241,SIPT7153 컴포트 라인 카프리 팬츠 (여름 ver)_Black,0.41,25294,62300,80100,62300,1,17800,28.57,100.0,1,medium,24.09,6,2,none,,9,https://www.musinsa.com/products/6367241
2026-09-01,시야쥬,6367561,SITP5298 젠틀 리트리버 반팔 티셔츠_White,0.0,0,36770,36770,43000,1,-6230,-14.49,100.0,1,medium,24.09,6,2,none,,9,https://www.musinsa.com/products/6367561
2026-09-01,시야쥬,6367625,SITP5286 캡소매 슬림 반팔 티셔츠_Black,0.0,0,34830,34830,43000,1,-8170,-19.0,100.0,1,medium,24.09,6,2,none,,9,https://www.musinsa.com/products/6367625
2026-09-01,시야쥬,6367689,SITP5278 소프트 쉬어 썸머 셔츠_Black,0.0,0,83700,83700,93000,1,-9300,-10.0,100.0,1,medium,24.09,6,2,none,,9,https://www.musinsa.com/products/6367689
2026-09-01,에스피오나지,6370505,ESP Letter Washed Denim Cap Letter S,0.0,0,38400,38400,38400,0,0,0.0,100.0,1,high,24.09,7,2,none,,9,https://www.musinsa.com/products/6370505
2026-09-01,더블유엠씨,6375817,BASKET 롱슬리브_WHITE,0.0,0,39500,39500,39500,0,0,0.0,100.0,1,high,24.02,8,2,none,,9,https://www.musinsa.com/products/6375817
2026-09-01,락케이크,6376201,Leather Zipper Mini Skirt - Black,0.0,0,106560,106560,106560,0,0,0.0,100.0,1,high,24.09,8,2,none,,9,https://www.musinsa.com/products/6376201
2026-09-01,밀로아카이브,6386441,텍스처 크롭 U넥 티셔츠 [크림],0.0,0,38500,38500,49500,1,-11000,-22.22,100.0,1,medium,24.02,9,2,none,,9,https://www.musinsa.com/products/6386441
2026-09-01,제너럴아이디어,6389129,멀티 스트라이프 U넥 슬리브리스 [CHARCOAL] / GF2LTS530,0.0,0,21600,21600,22400,1,-800,-3.57,100.0,1,medium,24.09,7,2,none,,9,https://www.musinsa.com/products/6389129
2026-09-01,브렌슨,6390793,[코튼] 트윌 원턱 밴딩 버뮤다 팬츠 ( 5Color ),0.0,0,26900,26900,26900,0,0,0.0,100.0,1,high,24.09,8,2,none,,9,https://www.musinsa.com/products/6390793
2026-09-01,니티드,6391689,팜트리 로고 자수 볼캡 BLACK,0.0,0,27000,27000,27000,0,0,0.0,100.0,1,high,24.08,6,2,none,,9,https://www.musinsa.com/products/6391689
2026-09-01,루에브르,6391945,Flower-Jacquard Linear Seam T-Shirt SW6ME763_2color,0.0,0,89000,89000,89000,0,0,0.0,100.0,1,high,24.09,8,2,none,,9,https://www.musinsa.com/products/6391945
2026-09-01,슬로우애시드,6392073,포니 반팔 티셔츠 [옐로우],0.77,28195,36400,36400,36400,0,0,0.0,77.71,0,low,24.08,5,1,none,,9,https://www.musinsa.com/products/6392073
2026-09-01,파르티멘토우먼,6394185,PWC 포켓 스트라이프 레귤러 티_올리브,0.0,0,23490,23490,18270,1,5220,28.57,100.0,1,medium,24.08,6,2,none,,9,https://www.musinsa.com/products/6394185
2026-09-01,파르티멘토우먼,6394249,PWC 레이스 트림 투인원 슬리브리스 드레스 탑_스톤,0.0,0,35640,35640,27720,1,7920,28.57,100.0,1,medium,24.08,6,2,none,,9,https://www.musinsa.com/products/6394249
2026-09-01,필루미네이트,6394441,세미 크롭 링클 체크 하프 셔츠-블랙,0.0,0,32000,32000,32000,0,0,0.0,52.94,0,low,23.51,7,1,none,,9,https://www.musinsa.com/products/6394441
2026-09-01,시눈,6397513,Rose Petal Mini Cross Bag (Cream),0.0,0,122820,122820,122820,0,0,0.0,100.0,1,high,24.1,6,2,none,,9,https://www.musinsa.com/products/6397513
2026-09-01,더바이닐하우스,6397769,FADED STAR TEE RED,0.0,0,28420,28420,40600,1,-12180,-30.0,100.0,1,medium,24.09,6,2,none,,9,https://www.musinsa.com/products/6397769
2026-09-01,더바이닐하우스,6397897,UNBALANCE LAYERED ONE-PIECE (W) CHARCOAL,0.0,0,28910,28910,37760,1,-8850,-23.44,100.0,1,medium,24.09,6,2,none,,9,https://www.musinsa.com/products/6397897
2026-09-01,시눈,6398025,Braided One-Shoulder T-Shirt (Navy),0.0,0,66750,66750,66750,0,0,0.0,100.0,1,high,24.1,6,2,none,,9,https://www.musinsa.com/products/6398025
2026-09-01,에스피오나지,6400009,Vintage Cotton Work Shirt Jacket Charcoal,0.0,0,82600,82600,82600,0,0,0.0,100.0,1,high,24.09,7,2,none,,9,https://www.musinsa.com/products/6400009
2026-09-01,스키즘인듀싱,6402761,SHOEGAZER T SHIRT BLACK,0.97,56187,57800,57800,61200,1,-3400,-5.56,100.0,1,medium,24.09,7,2,none,,9,https://www.musinsa.com/products/6402761
2026-09-01,워크온바디오프,6403017,리네아 세미 오버핏 스트라이프 반팔 셔츠 [블루],0.0,0,34110,34110,37900,1,-3790,-10.0,40.77,0,low,24.09,5,1,none,,9,https://www.musinsa.com/products/6403017
2026-09-01,노티카,6406217,83플래그 6패널 볼캡(3colors) NCA1436,0.0,0,28000,28000,28000,0,0,0.0,100.0,1,high,24.1,6,2,none,,9,https://www.musinsa.com/products/6406217
2026-09-01,바이모노,6408649,[빅사이즈 32-48] 모노 인생 히든밴딩 치노팬츠,0.0,0,36470,36470,36470,0,0,0.0,100.0,1,high,24.09,6,2,none,,9,https://www.musinsa.com/products/6408649
2026-09-01,브룩스브라더스,6410441,[여성] 로고 코튼 피케 원피스 (다크네이비) (BBDZWBG203),0.0,0,143280,143280,143280,0,0,0.0,100.0,1,high,24.02,8,2,none,,9,https://www.musinsa.com/products/6410441
2026-09-01,언더오프,6415625,멀티 스트라이프 크로쉐 반팔 니트 셔츠,0.0,0,39900,39900,39900,0,0,0.0,100.0,1,high,24.09,6,2,none,,9,https://www.musinsa.com/products/6415625
2026-09-01,굿라이프웍스,6417545,[unisex] 스트라이프 카라 하프 니트 차콜,0.65,22152,34000,34000,34000,0,0,0.0,100.0,1,high,24.1,6,2,none,,9,https://www.musinsa.com/products/6417545
2026-09-01,에이이에이이,6418825,CHECK STAR TEE [NAVY],0.0,0,46800,46800,46800,0,0,0.0,100.0,1,high,24.08,6,2,none,,9,https://www.musinsa.com/products/6418825
2026-09-01,프리즘웍스,6419145,OG STRIPE SEERSUCKER HALF SHIRT _ GREEN,0.0,0,58500,58500,65000,1,-6500,-10.0,100.0,1,medium,24.09,7,2,none,,9,https://www.musinsa.com/products/6419145
2026-09-01,바우프,6425097,셔링 플레어 티셔츠 [네이비],0.0,0,74800,74800,74800,0,0,0.0,100.0,1,high,24.08,6,2,none,,9,https://www.musinsa.com/products/6425097
2026-09-01,아워데이즈,6426057,[임서진 PICK] 필드 카고 버뮤다 코튼 팬츠 [KHAKI],0.0,0,29400,29400,29400,0,0,0.0,100.0,1,high,24.08,6,2,none,,9,https://www.musinsa.com/products/6426057
2026-09-01,어널러코드,6426505,하이프 하프 데님팬츠 (블랙),0.0,0,39200,39200,31360,1,7840,25.0,100.0,1,medium,24.09,7,2,none,,9,https://www.musinsa.com/products/6426505
2026-09-01,아캄,6435273,Big Patch CROS2 Half Top (Black),0.0,0,55200,55200,55200,0,0,0.0,100.0,1,high,24.1,6,2,none,,9,https://www.musinsa.com/products/6435273
2026-09-01,아캄,6435593,Flare Ripstop Cargo Pants (Black),0.0,0,132300,132300,132300,0,0,0.0,100.0,1,high,24.1,6,2,none,,9,https://www.musinsa.com/products/6435593
2026-09-01,드로우핏우먼,6437321,수피마 실켓 슬림 반팔 티셔츠 [CREAM],0.0,0,29700,29700,29700,0,0,0.0,100.0,1,high,24.09,8,2,none,,9,https://www.musinsa.com/products/6437321
2026-09-01,밀로아카이브,6438281,파인 하프 셔츠 [카키 그레이],0.0,0,68600,68600,88200,1,-19600,-22.22,100.0,1,medium,24.02,9,2,none,,9,https://www.musinsa.com/products/6438281
2026-09-01,론론,6444105,BETTY BOOP CAT PLUSH LONG SLEEVE WHITE,0.0,0,62370,62370,55440,1,6930,12.5,100.0,1,medium,24.09,7,2,none,,9,https://www.musinsa.com/products/6444105
2026-09-01,더뮤지엄비지터,6445001,COLOR TYPO SLUB T-SHIRT (BLACK),0.0,0,32400,32400,28350,1,4050,14.29,100.0,1,medium,24.09,7,2,none,,9,https://www.musinsa.com/products/6445001
2026-09-01,카키포인트,6454089,Stud Boston Bag (black),0.0,0,141530,141530,141530,0,0,0.0,100.0,1,high,24.09,8,2,none,,9,https://www.musinsa.com/products/6454089
2026-09-01,브라운브레스,6454345,TAG PALM CIRCUIT TEE - MELANGE GREY,0.0,0,55000,55000,38500,1,16500,42.86,100.0,1,medium,24.09,12,2,none,,9,https://www.musinsa.com/products/6454345
2026-09-01,토피,6454409,커브드 와이드 코튼 팬츠 (BEIGE),12.08,392526,32500,32500,32500,0,0,0.0,85.25,0,low,10.08,29,5,none,,9,https://www.musinsa.com/products/6454409
2026-09-01,트리밍버드,6457993,Eyelet Strap Flip Flops [ Silver ],0.0,0,219000,219000,219000,0,0,0.0,100.0,1,high,24.09,7,2,none,,9,https://www.musinsa.com/products/6457993
2026-09-01,제너럴아이디어,6458185,시어서커  라운드 카라 블라우스 [WHITE] / GF2LBL528,0.0,0,32200,32200,31200,1,1000,3.21,100.0,1,medium,24.09,7,2,none,,9,https://www.musinsa.com/products/6458185
2026-09-01,카키포인트,6459081,Eyelet Mini Shorts (black),0.0,0,42840,42840,42840,0,0,0.0,100.0,1,high,24.09,8,2,none,,9,https://www.musinsa.com/products/6459081
2026-09-01,미나브,6460105,폭스 레더 하프 팬츠 [더스티브라운],0.0,0,44100,44100,40650,1,3450,8.49,100.0,1,medium,24.09,8,2,none,,9,https://www.musinsa.com/products/6460105
2026-09-01,노이어,6462473,수피마 코튼 럭스 티셔츠 (레드),0.0,0,29200,29200,29200,0,0,0.0,100.0,1,high,24.09,7,2,none,,9,https://www.musinsa.com/products/6462473
2026-09-01,노이어,6462537,코튼 리브드 슬림핏 하프 티셔츠 (레몬),0.02,724,29200,29200,29200,0,0,0.0,100.0,1,high,24.09,7,2,none,,9,https://www.musinsa.com/products/6462537
2026-09-01,시야쥬,6472265,SIAC3130 Mid ST Marine Tote_Navy,0.0,0,74390,74390,87000,1,-12610,-14.49,100.0,1,medium,24.09,6,2,none,,9,https://www.musinsa.com/products/6472265
2026-09-01,시야쥬,6472393,SIA8042 릴렉스 져지 랩 원피스_Charcoal,0.0,0,53100,53100,41300,1,11800,28.57,100.0,1,medium,24.09,6,2,none,,9,https://www.musinsa.com/products/6472393
2026-09-01,시야쥬,6472457,SIKN2193 시어 루즈핏 니트 가디건_Blue,0.0,0,110300,110300,129000,1,-18700,-14.5,100.0,1,medium,24.09,6,2,none,,9,https://www.musinsa.com/products/6472457
2026-09-01,파르티멘토우먼,6473673,배트 슬리브 ILT 프린티드 티_네온 그린,0.0,0,31590,31590,24570,1,7020,28.57,100.0,1,medium,24.08,6,2,none,,9,https://www.musinsa.com/products/6473673
2026-09-01,유라고,6477769,Sommeil ringer t-shirt,0.0,0,31920,31920,31920,0,0,0.0,100.0,1,high,24.1,6,2,none,,9,https://www.musinsa.com/products/6477769
2026-09-01,미나브,6480585,코튼 집업 하프 니트 [그레이],0.0,0,44100,44100,55000,1,-10900,-19.82,100.0,1,medium,24.09,8,2,none,,9,https://www.musinsa.com/products/6480585
2026-09-01,이지노이지,6481993,이지 페인팅 크롭 티셔츠 - 화이트,0.0,0,69300,69300,69300,0,0,0.0,100.0,1,high,24.1,6,2,none,,9,https://www.musinsa.com/products/6481993
2026-09-01,비바라비다,6487497,Prickle 맨즈 크롭 반팔 티셔츠,0.0,0,19900,19900,19900,0,0,0.0,100.0,1,high,24.09,7,2,none,,9,https://www.musinsa.com/products/6487497
2026-09-01,드로우핏우먼,6489161,셔링 볼륨 슬리브리스 원피스 [WHITE],0.0,0,93600,93600,93600,0,0,0.0,100.0,1,high,24.09,8,2,none,,9,https://www.musinsa.com/products/6489161
2026-09-01,제멋,6491913,맨즈 크롭 실켓 반팔티셔츠 다크그레이 KJST2709,0.0,0,28900,28900,28900,0,0,0.0,100.0,1,high,24.09,7,2,none,,9,https://www.musinsa.com/products/6491913
2026-09-01,더바넷,6491977,Herringbone Fatigue Pants_Navy,0.0,0,125100,125100,125100,0,0,0.0,100.0,1,high,24.08,6,2,none,,9,https://www.musinsa.com/products/6491977
2026-09-01,썸웨어버터,6500105,Cartoon Pompompurin Over-Fit Top - Ivory,0.0,0,37240,37240,37240,0,0,0.0,100.0,1,high,24.02,8,2,none,,9,https://www.musinsa.com/products/6500105
2026-09-01,썸웨어버터,6500361,Pochacco Stripe Pajama Shorts - Light Blue,0.0,0,44840,44840,44840,0,0,0.0,100.0,1,high,24.02,8,2,none,,9,https://www.musinsa.com/products/6500361
2026-09-01,르아르,6507913,카고 포켓 워시드 버뮤다 쇼츠 [카키],0.69,27578,39900,39900,39900,0,0,0.0,100.0,1,high,24.1,6,2,none,,9,https://www.musinsa.com/products/6507913
2026-09-01,꼼파뇨,6518281,벨리 가든 반팔티 화이트,0.0,0,28610,28610,28610,0,0,0.0,100.0,1,high,24.08,6,2,none,,9,https://www.musinsa.com/products/6518281
2026-09-01,본투윈,6520393,W SYMBOL B QUICK DRY SINGLET [WHITE],0.0,0,49000,49000,49000,0,0,0.0,100.0,1,high,24.09,7,2,none,,9,https://www.musinsa.com/products/6520393
2026-09-01,본투윈,6520457,BRN RUNNERS CORE SHORTS [BROWN],0.0,0,85000,85000,85000,0,0,0.0,100.0,1,high,24.09,7,2,none,,9,https://www.musinsa.com/products/6520457
2026-09-01,브라운야드,6529545,"체크 쇼츠, 블루",0.0,0,103600,103600,103600,0,0,0.0,100.0,1,high,24.02,8,2,none,,9,https://www.musinsa.com/products/6529545
2026-09-01,더니트컴퍼니,6530441,라이트 쿨링 레귤러 팬츠 5color,1.55,64921,41880,41880,41880,0,0,0.0,100.0,1,high,24.08,6,2,none,,9,https://www.musinsa.com/products/6530441
2026-09-01,칙스,6533449,체크 포인트 카라 반팔 티셔츠 카키,0.0,0,27900,27900,22320,1,5580,25.0,100.0,1,medium,24.09,7,2,none,,9,https://www.musinsa.com/products/6533449
2026-09-01,브라운브레스,6543241,ENDLESS WAVE TEE - CHARCOAL,0.0,0,69000,69000,69000,0,0,0.0,100.0,1,high,24.09,8,2,none,,9,https://www.musinsa.com/products/6543241
2026-09-01,제너럴아이디어,6547657,링클프리 라인 셔츠 [SKY BLUE] / GF1LSH508,0.0,0,36800,36800,36800,0,0,0.0,100.0,1,high,24.09,7,2,none,,9,https://www.musinsa.com/products/6547657
2026-09-01,파르티멘토,6551177,버팔로 체크 롤업 오픈 카라 셔츠 네이비,0.0,0,46800,46800,42120,1,4680,11.11,100.0,1,medium,24.09,6,2,none,,9,https://www.musinsa.com/products/6551177
2026-09-01,아캄,6553801,Patch Cargo Bermuda Pants (Brown),0.0,0,83850,83850,83850,0,0,0.0,100.0,1,high,24.1,6,2,none,,9,https://www.musinsa.com/products/6553801
2026-09-01,아캄,6553993,Metal Piercing Sleeveless (White),0.0,0,47200,47200,47200,0,0,0.0,100.0,1,high,24.1,6,2,none,,9,https://www.musinsa.com/products/6553993
2026-09-01,아캄,6554057,Dirty Mist Roll-up Half Top (Dark Gray),0.0,0,55200,55200,55200,0,0,0.0,100.0,1,high,24.1,6,2,none,,9,https://www.musinsa.com/products/6554057
2026-09-01,언타이틀 서울,6561801,언타이틀 심볼 버뮤다 쇼츠 블랙,1.99,65434,32800,32800,32800,0,0,0.0,100.0,1,high,24.1,6,2,none,,9,https://www.musinsa.com/products/6561801
2026-09-01,오도어,6565705,Shaped vail skirt - Black,0.0,0,155000,155000,144150,1,10850,7.53,100.0,1,medium,24.09,8,2,none,,9,https://www.musinsa.com/products/6565705
2026-09-01,언더오프,6575113,스웨이드 클로그 블랙,0.0,0,27920,27920,27920,0,0,0.0,40.83,0,low,24.09,5,1,none,,9,https://www.musinsa.com/products/6575113
2026-09-01,르바,6576457,Below Capri Denim - Snow White,0.0,0,89100,89100,69300,1,19800,28.57,100.0,1,medium,24.08,6,2,none,,9,https://www.musinsa.com/products/6576457
2026-09-01,트리밍버드,6583945,Fluid Wide Denim Pants [ Blue ],0.0,0,169000,169000,169000,0,0,0.0,100.0,1,high,24.09,7,2,none,,9,https://www.musinsa.com/products/6583945
2026-09-01,소버먼트,6585929,투톤 숄더 버튼 래글런 티셔츠-멜란지 그레이-,1.08,42212,39000,39000,39000,0,0,0.0,100.0,1,high,24.02,8,2,none,,9,https://www.musinsa.com/products/6585929
2026-09-01,제너럴아이디어,6591369,투턱 코튼 하프 팬츠 [BLACK] / GF2LHP518,0.0,0,40800,40800,40800,0,0,0.0,100.0,1,high,24.09,7,2,none,,9,https://www.musinsa.com/products/6591369
2026-09-01,론론,6592265,HEART BUTTON ROLL UP LAYERED T SHIRT SOFT YELLOW,0.0,0,44550,44550,35200,1,9350,26.56,100.0,1,medium,24.09,7,2,none,,9,https://www.musinsa.com/products/6592265
2026-09-01,론론,6592329,PATTERN PATCHWORK BUTTON SLEEVELESS CHARCOAL,0.0,0,44550,44550,35200,1,9350,26.56,100.0,1,medium,24.09,7,2,none,,9,https://www.musinsa.com/products/6592329
2026-09-01,썸웨어버터,6593801,Poet Cardigan Set - Mint,0.0,0,139000,139000,97300,1,41700,42.86,100.0,1,medium,24.02,8,2,none,,9,https://www.musinsa.com/products/6593801
2026-09-01,프렌다,6595209,LOODY SEMI CROP TEE NAVY,0.0,0,18900,18900,27000,1,-8100,-30.0,100.0,1,medium,24.09,8,2,none,,9,https://www.musinsa.com/products/6595209
2026-09-01,썸웨어버터,6595849,See-Through Open-Toed Knit Socks - Ivory,0.0,0,58000,58000,40600,1,17400,42.86,100.0,1,medium,24.02,8,2,none,,9,https://www.musinsa.com/products/6595849
2026-09-01,무드인사이드,6607561,시어 쿨 새들 브이넥 니트_Black,0.0,0,49900,49900,32900,1,17000,51.67,100.0,1,medium,24.09,8,2,none,,9,https://www.musinsa.com/products/6607561
2026-09-01,트립르센스,6609929,포켓 더블 플리츠 슬랙스_블랙,0.0,0,79200,79200,79200,0,0,0.0,100.0,1,high,24.02,8,2,none,,9,https://www.musinsa.com/products/6609929
2026-09-01,언더오프,6615945,에센셜 스탠다드 반팔 링거 티셔츠 쿨캣츠클럽 버건디,0.0,0,28900,28900,23120,1,5780,25.0,100.0,1,medium,24.09,6,2,none,,9,https://www.musinsa.com/products/6615945
2026-09-01,마인드브릿지,6624713,[COUTURE]크리즈 오버핏 반팔 주름 셔츠 - 2color,0.0,0,89100,89100,89100,0,0,0.0,100.0,1,high,24.08,6,2,none,,9,https://www.musinsa.com/products/6624713
2026-09-01,다이브인,6629193,CUPRA HALF SHIRTS (BLACK),0.41,36216,89000,80100,89000,1,-8900,-10.0,100.0,1,medium,24.09,6,2,none,,9,https://www.musinsa.com/products/6629193
2026-09-01,더뮤지엄비지터,6635529,W FLOWER BLOCK GRAPHIC T-SHIRT (WHITE),0.0,0,34300,34300,31850,1,2450,7.69,100.0,1,medium,24.09,7,2,none,,9,https://www.musinsa.com/products/6635529
2026-09-01,더뮤지엄비지터,6635849,DOT HORSE GRAPHIC T-SHIRT (WHITE),0.0,0,41300,41300,38350,1,2950,7.69,100.0,1,medium,24.09,7,2,none,,9,https://www.musinsa.com/products/6635849
2026-09-01,플리즈노팔로우,6645961,Nia Camo Lace Bikini (Pink),0.0,0,117300,117300,117300,0,0,0.0,100.0,1,high,24.09,7,2,none,,9,https://www.musinsa.com/products/6645961
2026-09-01,플리즈노팔로우,6646089,Selby Button Sleeveless Top (White),0.0,0,89600,89600,95200,1,-5600,-5.88,100.0,1,medium,24.09,7,2,none,,9,https://www.musinsa.com/products/6646089
2026-09-01,탄산마그네슘,6650953,원티드 아일렛 티셔츠 (화이트),0.0,0,55480,55480,55480,0,0,0.0,100.0,1,high,24.1,6,2,none,,9,https://www.musinsa.com/products/6650953
2026-09-01,유니온블루,6652553,CANVAS WORK SHORTS [BLACK],0.0,0,59670,59670,70200,1,-10530,-15.0,100.0,1,medium,24.09,7,2,none,,9,https://www.musinsa.com/products/6652553
2026-09-01,밀로아카이브,6656585,[Pokémon] 카툰 피카츄 후드 [멜란지 그레이],0.0,0,106200,106200,106200,0,0,0.0,100.0,1,high,24.02,9,2,none,,9,https://www.musinsa.com/products/6656585
2026-09-01,제이엘브,6666697,우먼스 액티브 로고 2.5 바이커 쇼츠,0.0,0,44000,44000,44000,0,0,0.0,100.0,1,high,24.02,8,2,none,,9,https://www.musinsa.com/products/6666697
2026-09-01,꼼파뇨,6668105,DPT 레모니 키스 반팔티 화이트,0.0,0,28610,28610,28610,0,0,0.0,100.0,1,high,24.08,6,2,none,,9,https://www.musinsa.com/products/6668105
2026-09-01,커버낫,6679753,라이트 미니 파우치 키링 브라운,0.0,0,25000,25000,22500,1,2500,11.11,100.0,1,medium,24.09,6,2,none,,9,https://www.musinsa.com/products/6679753
2026-09-01,무드인사이드,6686025,스트라이프 텐션 하프티_3Color,0.54,16131,29900,34900,29900,1,5000,16.72,100.0,1,medium,24.09,8,2,none,,9,https://www.musinsa.com/products/6686025
2026-09-01,유라고,6689481,Minimal swim shorts_2colors,0.0,0,40280,40280,40280,0,0,0.0,100.0,1,high,24.1,6,2,none,,9,https://www.musinsa.com/products/6689481
2026-09-01,무센트,6737353,틴 시그니처 로고 에코백 남녀공용,0.0,0,20930,20930,29900,1,-8970,-30.0,100.0,1,medium,24.09,6,2,none,,9,https://www.musinsa.com/products/6737353
2026-09-01,해칭룸,6748489,VTG Still Life Tee Black,0.0,0,78000,78000,78000,0,0,0.0,100.0,1,high,24.08,6,2,none,,9,https://www.musinsa.com/products/6748489
2026-09-01,로우클래식,6774921,UNIVERSAL SLEEVELESS_NAVY [LC262TS82NV],0.0,0,69000,69000,69000,0,0,0.0,100.0,1,high,24.09,7,2,none,,9,https://www.musinsa.com/products/6774921
2026-09-01,아메스월드와이드,6778697,PPG 52 ROUND HEM CROP TEE BLACK,0.0,0,27000,27000,36000,1,-9000,-25.0,100.0,1,medium,24.08,6,2,none,,9,https://www.musinsa.com/products/6778697
2026-09-01,아메스월드와이드,6778761,PPG VINTAGE CARTOON TEE SKY BLUE,0.0,0,27000,27000,36000,1,-9000,-25.0,100.0,1,medium,24.08,6,2,none,,9,https://www.musinsa.com/products/6778761
2026-09-01,글로니,6786761,G BOX MIDI SKIRT (BLACK),4.8,538173,112199,111780,138000,1,-26220,-19.0,100.0,1,low,24.0,12,5,none,,9,https://www.musinsa.com/products/6786761
2026-09-01,배드블러드,6791177,Everyday U-Neck Tank Bodysuit - Mint,0.0,0,55200,55200,52790,1,2410,4.57,100.0,1,medium,24.09,7,2,none,,9,https://www.musinsa.com/products/6791177
2026-09-01,바이모노,6798409,[빅사이즈 S-8XL] 모노 베이직 코튼100% 오버핏 반팔티,0.0,0,24900,24900,,0,,,59.15,0,low,24.01,3,1,none,,9,https://www.musinsa.com/products/6798409
2026-09-01,그루브라임,6811977,유니 시어서커 체크 긴팔 셔츠 - 브라운 (LRBMCIV792M),0.0,0,24900,24900,29800,1,-4900,-16.44,100.0,1,medium,24.09,8,2,none,,9,https://www.musinsa.com/products/6811977
2026-09-01,필루미네이트,6818121,[NUNUSSI] 덕희 페이스 드로우스트링 백-화이트,0.0,0,24900,24900,24900,0,0,0.0,100.0,1,high,24.02,8,2,none,,9,https://www.musinsa.com/products/6818121
2026-09-01,트리밍버드,6830921,Raw-Cut Hooded Long Sleeve T-Shirt [ Charcoal ],0.0,0,75050,75050,79000,1,-3950,-5.0,100.0,1,medium,24.09,7,2,none,,9,https://www.musinsa.com/products/6830921
2026-09-01,오퍼스 0012,6832393,Op.07 RODEO BABY SLIM TOP L/PURPLE,0.0,0,40300,40300,40300,0,0,0.0,100.0,1,high,24.09,7,2,none,,9,https://www.musinsa.com/products/6832393
2026-09-01,오퍼스 0012,6833609,Op.08 MOTOBACK CAPRI PANTS BLACK,0.0,0,93000,93000,93000,0,0,0.0,100.0,1,high,24.09,7,2,none,,9,https://www.musinsa.com/products/6833609
2026-09-01,파브레가,6833929,보이드 L-2B 플라이트 자켓 (블랙),0.0,0,196200,196200,196200,0,0,0.0,100.0,1,high,24.08,6,2,none,,9,https://www.musinsa.com/products/6833929
2026-09-01,탄산마그네슘,6840265,마운틴 티셔츠 (블랙/블루),3.38,167005,49400,49400,49400,0,0,0.0,100.0,1,low,23.98,19,5,none,,9,https://www.musinsa.com/products/6840265
2026-09-01,언더오프,6848521,[SET] 롤업 슬리브 크롭 반팔 & 링클 크롭 포켓 반팔 셔츠,0.0,0,57900,57900,57900,0,0,0.0,100.0,1,high,24.09,6,2,none,,9,https://www.musinsa.com/products/6848521
2026-09-01,언타이틀 서울,6851209,싱글 유니콘 헨리넥 롱슬리브 그레이,15.47,615519,39800,39800,39800,0,0,0.0,87.29,0,low,9.51,46,7,none,,9,https://www.musinsa.com/products/6851209
2026-09-01,꼼파뇨,6853449,DTP 피크닉 데이 반팔티 크립,0.0,0,28610,28610,28610,0,0,0.0,100.0,1,high,24.08,6,2,none,,9,https://www.musinsa.com/products/6853449
2026-09-01,비바라비다,6862217,Cools 슬림 반팔 티셔츠,0.0,0,27900,27900,27900,0,0,0.0,100.0,1,high,24.09,7,2,none,,9,https://www.musinsa.com/products/6862217
2026-09-01,아모우,6878153,Run the mile Long Sleeve LEMON,0.0,0,55300,55300,55300,0,0,0.0,100.0,1,high,24.09,7,2,none,,9,https://www.musinsa.com/products/6878153
2026-09-01,아캄,6879945,Slant Studded Leather Jacket (Burgundy),0.0,0,206100,206100,206100,0,0,0.0,100.0,1,high,24.1,6,2,none,,9,https://www.musinsa.com/products/6879945
2026-09-01,드헤베,6884425,Slim Stripe Shirt [Navy],0.0,0,97470,97470,97470,0,0,0.0,100.0,1,high,24.08,6,2,none,,9,https://www.musinsa.com/products/6884425
2026-09-01,드헤베,6884617,Slim Rib Cardigan [Gray],0.0,0,80370,80370,80370,0,0,0.0,100.0,1,high,24.08,6,2,none,,9,https://www.musinsa.com/products/6884617
2026-09-01,노티카,6886217,[15% 쿠폰] 프리즘 라이너 다운 자켓(2colors) NDW1566,0.0,0,169150,169150,169150,0,0,0.0,100.0,1,high,24.1,6,2,none,,9,https://www.musinsa.com/products/6886217
2026-09-01,벨리에,6897161,프래그먼트 펄 네클리스,0.0,0,89300,89300,89300,0,0,0.0,100.0,1,high,24.1,6,2,none,,9,https://www.musinsa.com/products/6897161
2026-09-01,디스이즈네버댓,6910153,Basic Pocket Tee Navy,0.0,0,59000,59000,59000,0,0,0.0,100.0,1,high,24.09,6,2,none,,9,https://www.musinsa.com/products/6910153
2026-09-01,언더오프,6910409,로우컷 아웃포켓 버뮤다 팬츠 다이노 카키,0.0,0,30320,30320,30320,0,0,0.0,100.0,1,high,24.09,6,2,none,,9,https://www.musinsa.com/products/6910409
2026-09-01,낫포너드,6910665,Distressed Layered Henley Long Sleeve - Charcoal,0.0,0,71100,71100,71100,0,0,0.0,100.0,1,high,24.08,6,2,none,,9,https://www.musinsa.com/products/6910665
2026-09-01,낫포너드,6910729,Shattered Echo Dirty Washed Stripe Shirt - Beige,0.0,0,74700,74700,74700,0,0,0.0,100.0,1,high,24.08,8,2,none,,9,https://www.musinsa.com/products/6910729
2026-09-01,로제프란츠,6947337,Rose Embroidery Wide Sweatpants [Pink],0.0,0,66560,66560,58240,1,8320,14.29,100.0,1,medium,24.08,6,2,none,,9,https://www.musinsa.com/products/6947337
2026-09-01,로제프란츠,6966281,Fringe Pocket Tweed Jacket [Ivory],0.0,0,181440,181440,158760,1,22680,14.29,100.0,1,medium,24.08,6,2,none,,9,https://www.musinsa.com/products/6966281
2026-09-01,미세키서울,6968137,[레이 PICK] Asymmetric draped skirt BLACK,0.0,0,152190,152190,152190,0,0,0.0,100.0,1,high,24.08,6,2,none,,9,https://www.musinsa.com/products/6968137
2026-09-01,와르,6968585,M2600 가먼트 워싱 블루종_베이지,0.0,0,183170,183170,228960,1,-45790,-20.0,100.0,1,medium,24.09,7,2,none,,9,https://www.musinsa.com/products/6968585
2026-09-01,카네이테이,6969353,PIGMENT DAMAGE HOODIE ZIP-UP (CHARCOAL),0.0,0,101700,101700,89000,1,12700,14.27,100.0,1,medium,24.09,7,2,none,,9,https://www.musinsa.com/products/6969353
2026-09-01,브라운브레스,6977481,BB 20TH MESSAGE TAG LONGSLEEVE - BROWN,0.0,0,69000,69000,69000,0,0,0.0,100.0,1,high,24.09,8,2,none,,9,https://www.musinsa.com/products/6977481
2026-09-01,마인드브릿지,6978057,코튼100% 잔 스트라이프 오버핏 긴팔 셔츠,0.0,0,55900,55900,55900,0,0,0.0,100.0,1,high,24.08,6,2,none,,9,https://www.musinsa.com/products/6978057
2026-09-01,일리고,6979593,도트 핀턱 카라 롱슬리브 핑크,0.0,0,72000,72000,72000,0,0,0.0,100.0,1,high,24.08,6,2,none,,9,https://www.musinsa.com/products/6979593
2026-09-01,카키포인트,6979721,Extended Strap Top (black),0.0,0,74520,74520,74520,0,0,0.0,100.0,1,high,24.09,8,2,none,,9,https://www.musinsa.com/products/6979721
2026-09-01,필루미네이트,6981129,릴렉스드 스트라이프 셔츠-3Color,0.0,0,35900,35900,35900,0,0,0.0,100.0,1,high,24.02,8,2,none,,9,https://www.musinsa.com/products/6981129
2026-09-01,비터셀즈,6982601,헤링본 절개 와이드 팬츠-블랙,0.0,0,79200,79200,81840,1,-2640,-3.23,100.0,1,medium,24.08,6,2,none,,9,https://www.musinsa.com/products/6982601
2026-09-01,비터셀즈,6983177,쟈키 와플 후드집업-그레이,0.0,0,76140,76140,77080,1,-940,-1.22,100.0,1,medium,24.08,4,2,none,,9,https://www.musinsa.com/products/6983177
2026-09-01,비터셀즈,6983305,오버사이즈드 페이브 스트라이프 셔츠-아이보리,0.0,0,52650,52650,53300,1,-650,-1.22,100.0,1,medium,24.08,6,2,none,,9,https://www.musinsa.com/products/6983305
2026-09-01,트리밍버드,6987529,Lettering Raw-Cut Set-Up Sweat Pants [ Black ],0.0,0,179550,179550,189000,1,-9450,-5.0,100.0,1,medium,24.09,7,2,none,,9,https://www.musinsa.com/products/6987529
2026-09-01,트리밍버드,6987593,String Ribbed Mock Neck Long Sleeve T-Shirt [ Black ],0.0,0,98000,98000,98000,0,0,0.0,100.0,1,high,24.09,7,2,none,,9,https://www.musinsa.com/products/6987593
2026-09-01,아웃스탠딩,6989193,MOT SERIES LONG SLEEVE(SPEED DUST)_BLACK,0.0,0,55800,55800,55800,0,0,0.0,100.0,1,high,24.09,7,2,none,,9,https://www.musinsa.com/products/6989193
2026-09-01,벨리에,6996425,(W) 웨스턴 베어 스웨이드 자켓 - 투톤 브라운,0.0,0,599450,599450,599450,0,0,0.0,100.0,1,high,24.1,6,2,none,,9,https://www.musinsa.com/products/6996425
2026-09-01,제로,7000585,레이어드 헨리 넥 티셔츠 [버건디],0.0,0,40500,40500,40500,0,0,0.0,100.0,1,high,24.1,6,2,none,,9,https://www.musinsa.com/products/7000585
2026-09-01,론론,7002569,PATCHWORK QUILTED JUMPER MULTI,0.0,0,97650,97650,111600,1,-13950,-12.5,100.0,1,medium,24.09,7,2,none,,9,https://www.musinsa.com/products/7002569
2026-09-01,론론,7002697,SHIRRING PUFF LONG SLEEVE WHITE,0.0,0,41580,41580,41580,0,0,0.0,100.0,1,high,24.09,7,2,none,,9,https://www.musinsa.com/products/7002697
2026-09-01,마인드브릿지우먼,7008137,[W]핀 스트라이프오버핏 포켓 셔츠 - 2color,0.0,0,63900,63900,71900,1,-8000,-11.13,100.0,1,medium,24.1,6,2,none,,9,https://www.musinsa.com/products/7008137
2026-09-01,마인드브릿지우먼,7008329,[W]블랙 체크 플레어 언밸러스 스커트,0.0,0,79200,79200,89100,1,-9900,-11.11,100.0,1,medium,24.1,6,2,none,,9,https://www.musinsa.com/products/7008329
2026-09-01,언더오프,7010889,마이크로 체크 크롭 셔츠 레드,0.0,0,35910,35910,41900,1,-5990,-14.3,100.0,1,medium,24.09,6,2,none,,9,https://www.musinsa.com/products/7010889
2026-09-01,본투윈,7013769,CENTER SYMBOL B QUICK DRY T-SHIRTS [BLACK],0.0,0,47200,47200,,0,,,85.16,0,low,24.09,4,1,none,,9,https://www.musinsa.com/products/7013769
2026-09-01,브라운브레스,7019785,WASHING TAG CAP,0.0,0,59000,59000,59000,0,0,0.0,100.0,1,high,24.09,8,2,none,,9,https://www.musinsa.com/products/7019785
2026-09-01,락케이크,7020489,Distressed Open Shoulder Knit - Black,0.0,0,87200,87200,78480,1,8720,11.11,100.0,1,medium,24.09,8,2,none,,9,https://www.musinsa.com/products/7020489
2026-09-01,유니폼브릿지,7020809,001 denim pants wide fit 12oz(womens) indigo blue,0.0,0,107100,107100,119000,1,-11900,-10.0,100.0,1,medium,24.09,7,2,none,,9,https://www.musinsa.com/products/7020809
2026-09-01,허그본,7023177,Hug 오버핏 크롭 숏슬리브 2컬러,0.0,0,23750,23750,23750,0,0,0.0,100.0,1,high,24.08,6,2,none,,9,https://www.musinsa.com/products/7023177
2026-09-01,인사일런스,7023625,수피마 코튼 롱슬리브 WHITE,0.0,0,62000,62000,62000,0,0,0.0,100.0,1,high,24.09,6,2,none,,9,https://www.musinsa.com/products/7023625
2026-09-01,헬레네파리스,7024585,리브드 슬릿 저지 스커트 [그레이-블랙],0.0,0,59840,59840,59840,0,0,0.0,100.0,1,high,24.09,7,2,none,,9,https://www.musinsa.com/products/7024585
2026-09-01,제로,7032841,사선 풀 오픈 롱 슬리브 [버건디],0.0,0,31500,31500,31500,0,0,0.0,100.0,1,high,24.1,6,2,none,,9,https://www.musinsa.com/products/7032841
2026-09-01,쿠어,7033033,메리노 울 크루넥 스웨터 (멜란지차콜),0.0,0,135000,135000,135000,0,0,0.0,100.0,1,high,24.1,6,2,none,,9,https://www.musinsa.com/products/7033033
2026-09-01,쿠어,7033417,린넨 실크 컷티드 셔츠 (아이보리),0.0,0,171000,171000,171000,0,0,0.0,100.0,1,high,24.1,6,2,none,,9,https://www.musinsa.com/products/7033417
2026-09-01,쿠어,7033545,플라이트 B-15 봄버 (블랙),0.0,0,261000,261000,261000,0,0,0.0,100.0,1,high,24.1,6,2,none,,9,https://www.musinsa.com/products/7033545
2026-09-01,엘무드,7033929,베이퍼 라이트 덕 다운 푸퍼 자켓 (4 COLOR),0.0,0,223200,223200,223200,0,0,0.0,40.91,0,low,24.09,11,1,none,,9,https://www.musinsa.com/products/7033929
2026-09-01,드로우핏우먼,7035017,누보 트위드 블루종 [BLACK],0.0,0,156600,156600,156600,0,0,0.0,100.0,1,high,24.09,8,2,none,,9,https://www.musinsa.com/products/7035017
2026-09-01,드로우핏우먼,7035337,넬리아 레이어드 브이넥 니트 가디건 [CHARCOAL],0.0,0,62100,62100,62100,0,0,0.0,100.0,1,high,24.09,8,2,none,,9,https://www.musinsa.com/products/7035337
2026-09-01,길라아카이브,7037065,RUNAWAY GIRL VINTAGE CAP_BLACK,0.0,0,53100,53100,53100,0,0,0.0,100.0,1,high,24.02,6,2,none,,9,https://www.musinsa.com/products/7037065
2026-09-01,드로우핏,7037385,플러피 브러쉬 카라 니트 [GREYISH BLUE],0.0,0,59400,59400,59400,0,0,0.0,100.0,1,high,24.08,6,2,none,,9,https://www.musinsa.com/products/7037385
2026-09-01,길라아카이브,7037897,STITCHED SMALL LOGO HOOD ZIP-UP_BLUE,0.0,0,116100,116100,116100,0,0,0.0,100.0,1,high,24.02,6,2,none,,9,https://www.musinsa.com/products/7037897
2026-09-01,어반디타입,7039305,8 스타 볼캡_블랙,0.0,0,39000,39000,39000,0,0,0.0,100.0,1,high,24.02,8,2,none,,9,https://www.musinsa.com/products/7039305
2026-09-01,시눈,7041033,Puffed Raglan Knit (Ivory),0.0,0,102530,102530,102530,0,0,0.0,100.0,1,high,24.1,6,2,none,,9,https://www.musinsa.com/products/7041033
2026-09-01,코드그라피,7045321,CGP 아치 로고 반소매 맨투맨_네이비,0.0,0,37800,37800,37800,0,0,0.0,100.0,1,high,24.08,6,2,none,,9,https://www.musinsa.com/products/7045321
2026-09-01,러프사이드,7046601,Union Denim Pants Dark Blue,0.0,0,169100,169100,169100,0,0,0.0,100.0,1,high,24.1,6,2,none,,9,https://www.musinsa.com/products/7046601
2026-09-01,비헤비어,7047113,DISTRESSED GLOVE FULL ZIP PARKA ash,0.0,0,179550,179550,179550,0,0,0.0,100.0,1,high,24.08,6,2,none,,9,https://www.musinsa.com/products/7047113
2026-09-01,드로우핏우먼,7048713,클래식 크롭 스트레이트 진 [LIGHT BLUE],0.0,0,66600,66600,66600,0,0,0.0,100.0,1,high,24.09,8,2,none,,9,https://www.musinsa.com/products/7048713
2026-09-01,웬즈데이오아시스,7050825,워셔블 소프트 브이넥 니트_GRAY(WCB6KN104),0.0,0,38500,38500,49500,1,-11000,-22.22,100.0,1,medium,24.09,8,2,none,,9,https://www.musinsa.com/products/7050825
2026-09-01,웬즈데이오아시스,7050889,로우 엣지 롱 슬리브 티셔츠_IVORY(WB6TP54),0.0,0,44800,44800,57600,1,-12800,-22.22,100.0,1,medium,24.09,8,2,none,,9,https://www.musinsa.com/products/7050889
2026-09-01,프리즘웍스,7054601,ARMY POCKET CARGO PANTS _ NAVY,0.0,0,115200,115200,128000,1,-12800,-10.0,100.0,1,medium,24.09,7,2,none,,9,https://www.musinsa.com/products/7054601
2026-09-01,유니온블루,7054921,ACCORD V-NECK KNIT [DARK NAVY],0.0,0,75650,75650,75650,0,0,0.0,100.0,1,high,24.09,7,2,none,,9,https://www.musinsa.com/products/7054921
2026-09-01,아메스월드와이드,7058185,STANDARD LOGO HOODIE ZIP-UP GREY,0.0,0,71200,71200,80100,1,-8900,-11.11,100.0,1,medium,24.08,6,2,none,,9,https://www.musinsa.com/products/7058185
2026-09-01,비긴202,7061129,씨엘루프 레이어드 롱슬리브 [블랙 x 레몬],0.0,0,92650,92650,92650,0,0,0.0,100.0,1,high,24.08,6,2,none,,9,https://www.musinsa.com/products/7061129
2026-09-01,데이,7072073,립 스웨이드 셔츠_2 COLOR,0.0,0,41500,41500,41500,0,0,0.0,100.0,1,high,24.08,4,2,none,,9,https://www.musinsa.com/products/7072073
2026-09-01,틸아이다이,7078409,CASHMERE BLENDED V-NECK WOOL KNIT [TIFA04SW09]_Butter,0.0,0,97710,97710,92570,1,5140,5.55,100.0,1,medium,24.09,7,2,none,,9,https://www.musinsa.com/products/7078409
2026-09-01,바우프,7079561,프릴 포켓 체크 스커트 [브라운],0.0,0,134100,134100,134100,0,0,0.0,100.0,1,high,24.08,6,2,none,,9,https://www.musinsa.com/products/7079561
2026-09-01,벨리에,7079753,시티 코어 트러커 자켓 - 로우 인디고,0.0,0,269800,269800,269800,0,0,0.0,100.0,1,high,24.1,6,2,none,,9,https://www.musinsa.com/products/7079753
2026-09-01,틸아이다이,7079881,High neck belted leather jacket [TIFA05LE01]_Brown,0.0,0,209150,209150,209150,0,0,0.0,100.0,1,high,24.09,7,2,none,,9,https://www.musinsa.com/products/7079881
2026-09-01,틸아이다이,7080009,One-button collar trench coat [TIFA05CT02]_Charcoal,0.0,0,217220,217220,,0,,,85.14,0,low,24.09,4,1,none,,9,https://www.musinsa.com/products/7080009
2026-09-01,디앤에스알,7083913,나이트폴 체크 크롭 셔츠 블랙,0.0,0,89100,89100,89100,0,0,0.0,100.0,1,high,24.1,6,2,none,,9,https://www.musinsa.com/products/7083913
2026-09-01,썸웨어버터,7090569,Silk Button Henly Neck Knit - Light Pink,0.0,0,79380,79380,79380,0,0,0.0,100.0,1,high,24.02,8,2,none,,9,https://www.musinsa.com/products/7090569
2026-09-01,썸웨어버터,7091145,Moti Raglan Top - Grey(Black),0.0,0,31590,31590,31590,0,0,0.0,100.0,1,high,24.02,8,2,none,,9,https://www.musinsa.com/products/7091145
2026-09-01,썬러브투어,7093769,Jersey Piping Cap Charcoal,0.0,0,69000,69000,69000,0,0,0.0,100.0,1,high,24.09,8,2,none,,9,https://www.musinsa.com/products/7093769
2026-09-01,레더리,7095305,헨리넥 레이어드 롱슬리브 [CHARCOAL],0.0,0,37440,37440,46800,1,-9360,-20.0,100.0,1,medium,24.08,6,2,none,,9,https://www.musinsa.com/products/7095305
2026-09-01,브라운야드,7095433,"컷 오프 래글런 롱 슬리브, 블랙",0.0,0,78000,78000,78000,0,0,0.0,100.0,1,high,24.02,8,2,none,,9,https://www.musinsa.com/products/7095433
2026-09-01,파르티멘토우먼,7096137,PWC 버튼 이지 트라우저_네온 그린,0.0,0,29070,29070,22610,1,6460,28.57,100.0,1,medium,24.08,4,2,none,,9,https://www.musinsa.com/products/7096137
2026-09-01,파르티멘토우먼,7096201,PWC 엠브로이더리 하이넥 니트 탑_블랙,0.0,0,33820,33820,30940,1,2880,9.31,100.0,1,medium,24.08,4,2,none,,9,https://www.musinsa.com/products/7096201
2026-09-01,유라고,7097033,Classic flap bag_2colors,0.0,0,243040,243040,248000,1,-4960,-2.0,100.0,1,medium,24.1,6,2,none,,9,https://www.musinsa.com/products/7097033
2026-09-01,더니트컴퍼니,7102985,(우먼) 브러시드 울 캐시미어 카라 니트 3color,0.0,0,151200,151200,151200,0,0,0.0,100.0,1,high,24.08,6,2,none,,9,https://www.musinsa.com/products/7102985
2026-09-01,제로,7103369,와플 핑거 홀 후드 집업 [블랙],0.0,0,40500,40500,40500,0,0,0.0,100.0,1,high,24.1,6,2,none,,9,https://www.musinsa.com/products/7103369
2026-09-01,디스이즈네버댓,7104649,Striped Flow Pant Red,0.0,0,139000,139000,139000,0,0,0.0,100.0,1,high,24.09,6,2,none,,9,https://www.musinsa.com/products/7104649
2026-09-01,디스이즈네버댓,7104713,DSN Striped Oxford Shirt Navy,0.0,0,129000,129000,129000,0,0,0.0,100.0,1,high,24.09,6,2,none,,9,https://www.musinsa.com/products/7104713
2026-09-01,다이브인,7105353,UNIFORM WAFFLE LONG SLEEVE (MELANGE GRAY),0.0,0,49000,49000,39200,1,9800,25.0,100.0,1,medium,24.09,6,2,none,,9,https://www.musinsa.com/products/7105353
2026-09-01,나이스고스트클럽,7106569,STITCHED CROP HOODIE ZIP UP_BROWN(NG2GFUM484A),0.0,0,80190,80190,80190,0,0,0.0,100.0,1,high,24.02,8,2,none,,9,https://www.musinsa.com/products/7106569
2026-09-01,나이스고스트클럽,7106633,DOODLE COTTON WASHED PANTS_BROWN(NG2GFUPA10A),0.0,0,96390,96390,96390,0,0,0.0,100.0,1,high,24.02,8,2,none,,9,https://www.musinsa.com/products/7106633
2026-09-01,비바라비다,7107017,[기모선택] Rhythm 헤비테리 후드,0.0,0,57900,57900,59900,1,-2000,-3.34,100.0,1,medium,24.09,7,2,none,,9,https://www.musinsa.com/products/7107017
2026-09-01,굿라이프웍스,7107401,[unisex] 더블 레이어드 롱슬리브티 브라운,0.0,0,31430,31430,31430,0,0,0.0,100.0,1,high,24.1,6,2,none,,9,https://www.musinsa.com/products/7107401
2026-09-01,썸웨어버터,7108105,Brody Wool Knit - Ivory,0.0,0,88290,88290,88290,0,0,0.0,100.0,1,high,24.02,8,2,none,,9,https://www.musinsa.com/products/7108105
2026-09-01,가까이유니언즈,7114825,에스닉 슬리브 피그먼트 후드 티 차콜,0.0,0,54600,54600,,0,,,34.39,0,low,23.98,3,1,none,,9,https://www.musinsa.com/products/7114825
2026-09-01,가까이유니언즈,7117129,오리진 와이드 스웨트 팬츠 애쉬 브라운,0.0,0,28500,28500,,0,,,34.38,0,low,23.98,3,1,none,,9,https://www.musinsa.com/products/7117129
2026-09-01,다이브인,7121033,WASHED VINTAGE FIELD JACKET (BLACK),0.0,0,177650,177650,209000,1,-31350,-15.0,100.0,1,medium,24.09,6,2,none,,9,https://www.musinsa.com/products/7121033
2026-09-01,다이브인,7124937,[DIVEIN X 무민서] LAYERING LONG SLEEVE T-SHIRTS (MELANGE GRAY),0.0,0,37800,37800,42000,1,-4200,-10.0,100.0,1,medium,24.09,6,2,none,,9,https://www.musinsa.com/products/7124937
2026-09-01,브룩스브라더스,7126537,스트라이프 렙 타이 (버건디) (BBATMNZ501),0.0,0,159000,159000,159000,0,0,0.0,100.0,1,high,24.02,8,2,none,,9,https://www.musinsa.com/products/7126537
2026-09-01,아웃스탠딩,7127817,THERMAL PIGMENT WASHED HOOD ZIP_PIGMENT NAVY,0.0,0,106200,106200,,0,,,85.12,0,low,24.09,4,1,none,,9,https://www.musinsa.com/products/7127817
2026-09-01,일꼬르소,7128649,모헤어 울 카라넥 니트 블랙,0.0,0,84650,84650,94050,1,-9400,-9.99,100.0,1,medium,24.09,6,2,none,,9,https://www.musinsa.com/products/7128649
2026-09-01,더바이닐하우스,7133641,TRUNK LAYERED LOOSE PANTS LIGHT BLUE,0.0,0,151050,151050,159000,1,-7950,-5.0,100.0,1,medium,24.09,6,2,none,,9,https://www.musinsa.com/products/7133641
2026-09-01,더바이닐하우스,7134217,TWISTED DRAPE TOP(W) BLACK,0.0,0,65550,65550,69000,1,-3450,-5.0,100.0,1,medium,24.09,6,2,none,,9,https://www.musinsa.com/products/7134217
2026-09-01,프리즘웍스,7147337,NEEDLE STITCH PULLOVER HOODY _ GRAY,0.0,0,109000,109000,,0,,,97.35,0,medium,24.09,4,1,none,,9,https://www.musinsa.com/products/7147337
2026-09-01,꼼파뇨,7147465,러브 프렌즈 피그먼트 레글런 맨투맨 스모크블랙,0.0,0,41800,41800,41800,0,0,0.0,100.0,1,high,24.08,6,2,none,,9,https://www.musinsa.com/products/7147465
2026-09-01,꼼파뇨,7147529,라인 워크 자수 후드집업 블랙,0.0,0,49510,49510,49510,0,0,0.0,100.0,1,high,24.08,6,2,none,,9,https://www.musinsa.com/products/7147529
2026-09-01,커버낫,7148105,카라 하프집업 맨투맨 멜란지 그레이,0.0,0,89000,89000,,0,,,59.03,0,low,24.01,3,1,none,,9,https://www.musinsa.com/products/7148105
2026-09-01,나이스고스트클럽,7152649,3STAR APPLIQUE HOODIE ZIP UP_GREY(NG2GSUM490A),0.0,0,80190,80190,80190,0,0,0.0,100.0,1,high,24.02,8,2,none,,9,https://www.musinsa.com/products/7152649
2026-09-01,파르티멘토,7156745,M-65 필드 자켓 차콜 그레이,0.0,0,126900,126900,126900,0,0,0.0,100.0,1,high,24.09,6,2,none,,9,https://www.musinsa.com/products/7156745
2026-09-01,비바라비다,7157001,후드 롱 슬리브 티셔츠,0.0,0,54900,54900,54900,0,0,0.0,100.0,1,high,24.09,7,2,none,,9,https://www.musinsa.com/products/7157001
2026-09-01,탄산마그네슘,7160905,다이노 스켈레톤 팬츠 (블랙),0.0,0,150480,150480,150480,0,0,0.0,100.0,1,high,24.1,6,2,none,,9,https://www.musinsa.com/products/7160905
2026-09-01,디미트리블랙,7161033,2WAY 에센셜 해링턴 자켓_P/U 2 COLOR,0.0,0,64900,64900,59900,1,5000,8.35,100.0,1,medium,24.09,6,2,none,,9,https://www.musinsa.com/products/7161033
2026-09-01,더블유엠씨,7161097,포켓 후디드 집업 (GREY/BLACK/BROWN/NAVY),0.0,0,59500,59500,59500,0,0,0.0,100.0,1,high,24.02,6,2,none,,9,https://www.musinsa.com/products/7161097
2026-09-01,노매뉴얼,7180297,DYED STRIPED SHIRT - DYED PURPLE,0.0,0,144400,144400,144400,0,0,0.0,100.0,1,high,24.08,4,2,none,,9,https://www.musinsa.com/products/7180297
2026-09-01,노매뉴얼,7180361,VISION RECORDS RAGLAN LONG SLEEVE TEE - NAVY,0.0,0,54150,54150,54150,0,0,0.0,100.0,1,high,24.08,4,2,none,,9,https://www.musinsa.com/products/7180361
2026-09-01,탄산마그네슘,7186249,빈티지 체크 스카프 (블루),0.0,0,22040,22040,22040,0,0,0.0,100.0,1,high,24.1,6,2,none,,9,https://www.musinsa.com/products/7186249
2026-09-02,제멋,306313,제이윈 덤블 기모후드 카키(KHHD0748),0.0,0,34900,34900,34900,0,0,0.0,100.0,1,high,24.09,8,2,none,,9,https://www.musinsa.com/products/306313
2026-09-02,도프제이슨,406537,카우하이드 싱글 자켓,0.52,132982,257640,257640,257640,0,0,0.0,100.0,1,low,24.01,7,2,none,,9,https://www.musinsa.com/products/406537
2026-09-02,제멋,557449,루즈핏 카라티셔츠  아이보리 JKST2066,0.0,0,22300,22300,22300,0,0,0.0,100.0,1,high,24.09,8,2,none,,9,https://www.musinsa.com/products/557449
2026-09-02,메인부스,847753,Jellybean Sweater(RED),0.0,0,67500,67500,67500,0,0,0.0,100.0,1,high,25.11,5,2,none,,9,https://www.musinsa.com/products/847753
2026-09-02,러브이즈트루,973513,DE VANILLA TEE(WHITE),0.0,0,31420,31420,31420,0,0,0.0,100.0,1,high,24.01,8,2,none,,9,https://www.musinsa.com/products/973513
2026-09-02,프리즘웍스,1022793,OG DOBBY WEAVE SEERSUCKER SHIRT _ WHITE,0.98,60167,61200,61200,61200,0,0,0.0,100.0,1,high,24.09,8,2,none,,9,https://www.musinsa.com/products/1022793
2026-09-02,도프제이슨,1117577,램스킨 트렌치 코트,0.0,0,429400,429400,429400,0,0,0.0,100.0,1,high,24.01,8,2,none,,9,https://www.musinsa.com/products/1117577
2026-09-02,제로,1142537,Concise Round Neck Cardigan [Charcoal],0.0,0,65000,65000,65000,0,0,0.0,100.0,1,high,24.0,6,2,none,,9,https://www.musinsa.com/products/1142537
2026-09-02,꼼파뇨,1246473,와펜 로고 믹스컬러 스웨터 블루카멜,0.0,0,40150,40150,40150,0,0,0.0,100.0,1,high,24.18,5,2,none,,9,https://www.musinsa.com/products/1246473
2026-09-02,제멋,1291017,리치 오버 MA-1 자켓 블랙 YHJK2269,3.98,277687,69800,69800,69800,0,0,0.0,100.0,1,low,24.09,17,6,none,,9,https://www.musinsa.com/products/1291017
2026-09-02,인사일런스,1581897,콤비네이션 크루넥 니트 BLACK,0.0,0,49000,49000,49000,0,0,0.0,100.0,1,high,24.0,6,2,none,,9,https://www.musinsa.com/products/1581897
2026-09-02,모즈모즈,1592457,앞포켓 지퍼 코튼 밴딩 빅사이즈 조거팬츠 연베이지,0.0,0,28900,28900,28900,0,0,0.0,100.0,1,high,24.0,6,2,none,,9,https://www.musinsa.com/products/1592457
2026-09-02,브론슨,1670793,US Army 5th Model Tropical Jungle Fatigue Jacket,7.14,829181,116100,116100,116100,0,0,0.0,100.0,1,high,9.0,23,7,none,,9,https://www.musinsa.com/products/1670793
2026-09-02,꼼파뇨,1705801,양털 이어플랩 트루퍼 블랙,0.0,0,20900,20900,20900,0,0,0.0,100.0,1,high,24.18,5,2,none,,9,https://www.musinsa.com/products/1705801
2026-09-02,마인드브릿지,1753161,두굿_오버핏자켓 - 2color MAJK2102,0.0,0,143100,143100,143100,0,0,0.0,100.0,1,high,24.18,5,2,none,,9,https://www.musinsa.com/products/1753161
2026-09-02,트립르센스,1794825,베이직  스탠다드 싱글  블레이저_Grey,0.0,0,68500,68500,68500,0,0,0.0,100.0,1,high,24.01,8,2,none,,9,https://www.musinsa.com/products/1794825
2026-09-02,엑스트라오디너리,1854665,[핏더사이즈 PICK] UTILITY 1 RIPSTOP PANTS BEIGE,0.89,49554,55600,55600,55600,0,0,0.0,100.0,1,high,24.18,5,2,none,,9,https://www.musinsa.com/products/1854665
2026-09-02,프리즘웍스,1957641,OG POPLIN OVERSIZED SHIRT _ BLACK,1.0,52159,52200,52200,52200,0,0,0.0,100.0,1,high,24.09,8,2,none,,9,https://www.musinsa.com/products/1957641
2026-09-02,도프제이슨,1961481,미니멀 스퀘어 하드레더 벨트,42.52,1203843,28310,28310,28310,0,0,0.0,100.0,1,high,4.21,66,16,none,,9,https://www.musinsa.com/products/1961481
2026-09-02,트립르센스,1962825,플레쥬 블루 오버 반팔티_BLACK FONT,0.0,0,21500,21500,21500,0,0,0.0,100.0,1,high,24.01,8,2,none,,9,https://www.musinsa.com/products/1962825
2026-09-02,어반드레스,1980169,DEEP SLIT LONG SKIRT BLACK,0.0,0,37000,37000,37000,0,0,0.0,100.0,1,high,24.09,8,2,none,,9,https://www.musinsa.com/products/1980169
2026-09-02,가까이유니언즈,1992393,플라이 자수 스웨트 숏 팬츠 버건디,0.0,0,27630,27630,27630,0,0,0.0,100.0,1,high,24.0,7,2,none,,9,https://www.musinsa.com/products/1992393
2026-09-02,하아카이브,2002697,아크 블랙 스몰 메신저백,0.0,0,61560,61560,61560,0,0,0.0,100.0,1,high,24.19,6,2,none,,9,https://www.musinsa.com/products/2002697
2026-09-02,꼼파뇨,2052617,[광복절 기념] Liberated on Aug 15th 후드 집업,0.0,0,44000,44000,44000,0,0,0.0,100.0,1,high,24.19,5,2,none,,9,https://www.musinsa.com/products/2052617
2026-09-02,굿라이프웍스,2060745,이지 와이드 밴딩 슬랙스 차콜,0.64,24686,38500,38500,38500,0,0,0.0,100.0,1,high,24.0,6,2,none,,9,https://www.musinsa.com/products/2060745
2026-09-02,몰든,2082057,클래식 머슬핏 로고 티셔츠,0.0,0,22400,22400,22400,0,0,0.0,100.0,1,high,24.09,8,2,none,,9,https://www.musinsa.com/products/2082057
2026-09-02,제멋,2115273,하비스트 오버핏 기모 후드 그레이 OYHD2393,0.0,0,45900,45900,45900,0,0,0.0,100.0,1,high,24.09,8,2,none,,9,https://www.musinsa.com/products/2115273
2026-09-02,시야쥬,2117385,SIOT4022 Italian Lambskin Washing Bomber JK,0.0,0,598000,598000,598000,0,0,0.0,100.0,1,high,24.0,6,2,none,,9,https://www.musinsa.com/products/2117385
2026-09-02,어나더오피스,2147785,Grandma Fairisle Cardigan (Orange Beige),0.0,0,126400,126400,126400,0,0,0.0,100.0,1,high,24.09,5,2,none,,9,https://www.musinsa.com/products/2147785
2026-09-02,트래블,2189193,미시간 울버린 피그먼트 후드티 크림,0.0,0,47400,47400,47400,0,0,0.0,100.0,1,high,24.09,8,2,none,,9,https://www.musinsa.com/products/2189193
2026-09-02,꼼파뇨,2189897,Berkeley bear MTM graywhite,0.0,0,26000,26000,26000,0,0,0.0,100.0,1,high,24.19,5,2,none,,9,https://www.musinsa.com/products/2189897
2026-09-02,제로,2222281,Deep One Tuck Sweat Pants [Charcoal],0.64,22507,35100,35100,35100,0,0,0.0,100.0,1,high,24.0,6,2,none,,9,https://www.musinsa.com/products/2222281
2026-09-02,러브이즈트루,2227529,OW LOVE KNIT(BLACK),0.0,0,59930,59930,59930,0,0,0.0,100.0,1,high,24.01,8,2,none,,9,https://www.musinsa.com/products/2227529
2026-09-02,밀로아카이브,2280137,홀리데이 시그니처 볼 캡 [브릭],0.0,0,29640,29640,29640,0,0,0.0,100.0,1,high,24.01,8,2,none,,9,https://www.musinsa.com/products/2280137
2026-09-02,플랙,2297033,칸디아니 스티즈 051Z 로우,0.0,0,95360,95360,95360,0,0,0.0,60.83,0,low,23.99,8,1,none,,9,https://www.musinsa.com/products/2297033
2026-09-02,토마스모어,2305801,ac0103 마네 벨트 -브라운,0.0,0,35000,35000,35000,0,0,0.0,100.0,1,high,24.01,8,2,none,,9,https://www.musinsa.com/products/2305801
2026-09-02,도프제이슨,2307209,프리미엄 오버핏 램스킨 베지터블 보머 자켓,0.0,0,369550,369550,369550,0,0,0.0,100.0,1,high,24.01,8,2,none,,9,https://www.musinsa.com/products/2307209
2026-09-02,엘무드,2322121,피렌체 V 래글런 니트 블랙,0.0,0,37800,37800,37800,0,0,0.0,100.0,1,high,24.0,6,2,none,,9,https://www.musinsa.com/products/2322121
2026-09-02,와르,2322313,M160 스트레이트 데님 팬츠_그레이 [숏기장 추가],0.86,43140,50190,50190,50190,0,0,0.0,85.89,0,low,23.98,6,1,none,,9,https://www.musinsa.com/products/2322313
2026-09-02,와이케이,2328329,말티즈 아카이브 후드 멜란지화이트,0.0,0,59250,59250,59250,0,0,0.0,100.0,1,high,24.01,8,2,none,,9,https://www.musinsa.com/products/2328329
2026-09-02,모즈모즈,2379273,스웻메이커 32 기능성 땀복 조거팬츠,0.0,0,19450,19450,19450,0,0,0.0,100.0,1,high,24.0,6,2,none,,9,https://www.musinsa.com/products/2379273
2026-09-02,프리즘웍스,2400009,NYCO HOODED OSCAR JACKET _ BLACK,0.0,0,55200,55200,55200,0,0,0.0,100.0,1,high,24.09,8,2,none,,9,https://www.musinsa.com/products/2400009
2026-09-02,인사일런스,2417545,오버사이즈 실키 블루종 GREY BEIGE,0.0,0,97200,97200,97200,0,0,0.0,100.0,1,high,24.0,6,2,none,,9,https://www.musinsa.com/products/2417545
2026-09-02,로우로우,2422217,R EYE 481 ULTRA CLIP ACETATE 안경 50 Gray,0.0,0,149000,149000,149000,0,0,0.0,100.0,1,high,24.01,8,2,none,,9,https://www.musinsa.com/products/2422217
2026-09-02,링서울,2429449,cotton blended knit vest-black,0.0,0,55890,55890,55890,0,0,0.0,100.0,1,high,24.01,8,2,none,,9,https://www.musinsa.com/products/2429449
2026-09-02,아워데이즈,2441801,원턱 와이드 밴딩 데님 팬츠 [SOFT DEEP BLUE],0.0,0,47200,47200,47200,0,0,0.0,100.0,1,high,25.12,5,2,none,,9,https://www.musinsa.com/products/2441801
2026-09-02,데케트,2450057,[여름원단]Cropped Tapered Jeans DCPT004IndigoBlue,0.0,0,23600,23600,23600,0,0,0.0,100.0,1,high,24.2,5,2,none,,9,https://www.musinsa.com/products/2450057
2026-09-02,프렌다,2461769,PASEARSE SHORTS HEATHER GRAY,0.0,0,24500,24500,24500,0,0,0.0,100.0,1,high,24.09,8,2,none,,9,https://www.musinsa.com/products/2461769
2026-09-02,브랜디드,2466505,51036 CONE ONYX JEANS [EXTRA WIDE STRAIGHT],1.21,131979,108800,108800,108800,0,0,0.0,100.0,1,high,25.12,5,2,none,,9,https://www.musinsa.com/products/2466505
2026-09-02,드로우핏,2480137,밴딩 테이퍼드 슬랙스 [L.BEIGE],2.3,114521,49800,49800,49800,0,0,0.0,100.0,1,high,23.99,9,2,none,,9,https://www.musinsa.com/products/2480137
2026-09-02,1993스튜디오,2484489,스튜디오 아치 로고 티셔츠_그린,0.61,21355,35100,35100,35100,0,0,0.0,100.0,1,high,24.0,6,2,none,,9,https://www.musinsa.com/products/2484489
2026-09-02,어널러코드,2532425,슬랍워싱 버뮤다 데님팬츠 (블랙),1.0,30846,30870,30870,30870,0,0,0.0,100.0,1,high,24.09,8,2,none,,9,https://www.musinsa.com/products/2532425
2026-09-02,제멋,2547785,버니 오버핏 반팔티셔츠 5종 다크그레이 YHST2412,0.0,0,21900,21900,21900,0,0,0.0,100.0,1,high,24.09,8,2,none,,9,https://www.musinsa.com/products/2547785
2026-09-02,와이케이,2561865,나일론 스트링포켓 밴딩 숏팬츠 핑크,0.0,0,55300,55300,55300,0,0,0.0,100.0,1,high,24.01,8,2,none,,9,https://www.musinsa.com/products/2561865
2026-09-02,드로우핏,2570569,트위스트 바 써지컬 네크리스 [SILVER],0.22,5022,22500,22500,22500,0,0,0.0,100.0,1,high,25.12,5,2,none,,9,https://www.musinsa.com/products/2570569
2026-09-02,제멋,2605193,[셋업] 에디 오버핏 반팔 셋업 KJST2189+KJSP2429,0.0,0,36900,36900,36900,0,0,0.0,100.0,1,high,24.09,8,2,none,,9,https://www.musinsa.com/products/2605193
2026-09-02,밀로아카이브,2614921,홀리데이 시그니처 볼 캡 [블루 그레이],0.0,0,29640,29640,29640,0,0,0.0,100.0,1,low,24.01,7,2,none,,9,https://www.musinsa.com/products/2614921
2026-09-02,인사일런스,2703945,다트 포인트 오버핏 스웨트셔츠 BLACK,0.0,0,59400,59400,59400,0,0,0.0,100.0,1,high,24.0,6,2,none,,9,https://www.musinsa.com/products/2703945
2026-09-02,모즈모즈,2749769,톤다운 레글런 오버핏 기모 후드 브라운,0.0,0,48000,48000,48000,0,0,0.0,100.0,1,high,24.0,6,2,none,,9,https://www.musinsa.com/products/2749769
2026-09-02,스컬프터,2763913,Question Sweatshirt Melange Gray,0.0,0,53200,53200,53200,0,0,0.0,100.0,1,high,24.08,7,2,none,,9,https://www.musinsa.com/products/2763913
2026-09-02,시야쥬,2772809,SIPT7056  high waist corduroy pants_Burgundy,0.0,0,93600,93600,93600,0,0,0.0,100.0,1,high,24.0,6,2,none,,9,https://www.musinsa.com/products/2772809
2026-09-02,링서울,2785929,handmade wool half coat-camel,0.0,0,232310,232310,232310,0,0,0.0,100.0,1,high,24.01,8,2,none,,9,https://www.musinsa.com/products/2785929
2026-09-02,키르시,2831177,키르시 니트 랩 플리츠 스커트 [차콜],0.0,0,27200,27200,27200,0,0,0.0,100.0,1,high,24.0,6,2,none,,9,https://www.musinsa.com/products/2831177
2026-09-02,어반드레스,2860681,125CM 슈퍼 롱 유니섹스 발마칸 코트 블랙,0.0,0,74000,74000,74000,0,0,0.0,100.0,1,high,24.09,8,2,none,,9,https://www.musinsa.com/products/2860681
2026-09-02,프리즘웍스,2871113,ALPACA BOUCLE KNIT _ COCOA,0.0,0,65400,65400,65400,0,0,0.0,100.0,1,high,24.09,8,2,none,,9,https://www.musinsa.com/products/2871113
2026-09-02,솔트앤초콜릿,2930185,SAC 로고 롱슬리브 실켓 티셔츠 크림 4W2231301,0.0,0,26880,26880,26880,0,0,0.0,100.0,1,high,24.08,7,2,none,,9,https://www.musinsa.com/products/2930185
2026-09-02,시눈,2933321,CREME BAG (YELLOW),0.0,0,85540,85540,95040,1,-9500,-10.0,100.0,1,medium,24.0,6,2,none,,9,https://www.musinsa.com/products/2933321
2026-09-02,코드그라피,3011273,[23년ver.] 24H 트랙 브이넥 맨투맨_버건디,0.0,0,34300,34300,34300,0,0,0.0,100.0,1,high,25.13,5,2,none,,9,https://www.musinsa.com/products/3011273
2026-09-02,굿라이프웍스,3011465,오버핏 하찌 투웨이 후드 집업 니트 오트밀,0.0,0,43750,43750,43750,0,0,0.0,100.0,1,high,24.0,6,2,none,,9,https://www.musinsa.com/products/3011465
2026-09-02,메인부스,3017993,Original Logo Webbing Strap,0.0,0,11700,11700,11700,0,0,0.0,100.0,1,high,25.13,5,2,none,,9,https://www.musinsa.com/products/3017993
2026-09-02,드로우핏,3030665,코튼 트윌 스트링 자켓 [BLACK],0.0,0,139200,139200,139200,0,0,0.0,100.0,1,high,25.13,5,2,none,,9,https://www.musinsa.com/products/3030665
2026-09-02,드로우핏,3031561,뉴트럴 컬러 집업 데님 자켓 [MOCHA],0.0,0,139200,139200,139200,0,0,0.0,100.0,1,high,25.13,5,2,none,,9,https://www.musinsa.com/products/3031561
2026-09-02,커버낫,3038985,오픈카라 풀오버 셔츠 블랙,0.0,0,44500,44500,44500,0,0,0.0,100.0,1,high,24.0,6,2,none,,9,https://www.musinsa.com/products/3038985
2026-09-02,메인부스,3042057,Bonbon Crop Cardigan(RED),0.0,0,32300,32300,32300,0,0,0.0,100.0,1,high,25.13,5,2,none,,9,https://www.musinsa.com/products/3042057
2026-09-02,코드그라피,3044105,나일론 리치포켓 후드 바람막이_그레이,0.77,47779,62300,62300,62300,0,0,0.0,100.0,1,high,25.13,5,2,none,,9,https://www.musinsa.com/products/3044105
2026-09-02,필루미네이트,3044169,오버핏 피그다잉 후디-네이비,0.0,0,30900,30900,30900,0,0,0.0,100.0,1,high,24.01,8,2,none,,9,https://www.musinsa.com/products/3044169
2026-09-02,노매뉴얼,3046793,BASIC T-SHIRT - BLACK,1.43,33180,23200,23200,23200,0,0,0.0,100.0,1,high,24.21,19,7,none,,9,https://www.musinsa.com/products/3046793
2026-09-02,프렌다,3048201,PDC UNIFORM HOODIE MAGENTA,2.2,75989,34500,34500,34500,0,0,0.0,100.0,1,high,24.09,11,2,none,,9,https://www.musinsa.com/products/3048201
2026-09-02,디미트리블랙,3059721,사이드픽스 슈팅 수트 셋업_그레이,0.0,0,140900,140900,140900,0,0,0.0,100.0,1,high,24.0,6,2,none,,9,https://www.musinsa.com/products/3059721
2026-09-02,노이어,3062857,콘트라스트 더블-워싱 와이드 데님 팬츠 (블루),0.0,0,123700,123700,123700,0,0,0.0,100.0,1,high,24.09,8,2,none,,9,https://www.musinsa.com/products/3062857
2026-09-02,러브이즈트루,3066761,DN STAR CROSS BAG(WHITE),0.0,0,60450,60450,60450,0,0,0.0,100.0,1,high,24.01,8,2,none,,9,https://www.musinsa.com/products/3066761
2026-09-02,러브이즈트루,3066953,DN DENIM SKIRT(BLUE),0.0,0,48100,48100,48100,0,0,0.0,100.0,1,high,24.01,8,2,none,,9,https://www.musinsa.com/products/3066953
2026-09-02,슬로우애시드,3074121,러스티 로고 반팔티셔츠 [화이트],2.2,49548,22500,22500,22500,0,0,0.0,100.0,1,high,25.13,7,2,none,,9,https://www.musinsa.com/products/3074121
2026-09-02,밀로아카이브,3075081,자카드 니트 블루종 [카키],0.0,0,84000,84000,84000,0,0,0.0,100.0,1,high,24.01,8,2,none,,9,https://www.musinsa.com/products/3075081
2026-09-02,엑스컨테이너,3076233,컴포터블 데님 팬츠 (DARK GREY),0.0,0,45000,45000,45000,0,0,0.0,100.0,1,high,24.21,5,2,none,,9,https://www.musinsa.com/products/3076233
2026-09-02,슬로우애시드,3077577,블러리 로고 스웨트셔츠 [딥블루],0.0,0,63200,63200,63200,0,0,0.0,100.0,1,high,25.13,5,2,none,,9,https://www.musinsa.com/products/3077577
2026-09-02,쿠어,3082761,데미지 씬 크루넥 니트 (블랙),0.0,0,112000,112000,112000,0,0,0.0,100.0,1,high,24.0,6,2,none,,9,https://www.musinsa.com/products/3082761
2026-09-02,커버낫,3086665,나일론 가디건 자켓 그레이,0.0,0,59000,59000,59000,0,0,0.0,100.0,1,high,24.0,6,2,none,,9,https://www.musinsa.com/products/3086665
2026-09-02,고스트리퍼블릭,3086857,GRBC 빅 패치 오버핏 후드집업 GHZ-269,1.22,36560,29900,29900,29900,0,0,0.0,100.0,1,high,25.13,20,7,none,,9,https://www.musinsa.com/products/3086857
2026-09-02,솔트앤초콜릿,3088521,카고 세미 와이드 슬랙스 베이지 4W231V003,0.0,0,65100,65100,69440,1,-4340,-6.25,100.0,1,medium,24.08,7,2,none,,9,https://www.musinsa.com/products/3088521
2026-09-02,에스피오나지,3094153,Hunting Blouson Jacket Olive,1.0,192698,192850,192850,192850,0,0,0.0,100.0,1,high,24.09,8,2,none,,9,https://www.musinsa.com/products/3094153
2026-09-02,아틀리에나인,3100873,빈티지 워싱 스트레이트 데님 팬츠(S-PT-5418),0.0,0,53400,53400,53400,0,0,0.0,100.0,1,high,24.0,6,2,none,,9,https://www.musinsa.com/products/3100873
2026-09-02,아틀리에나인,3109449,스탠다드 슬림 스트레이트 팬츠(PT-5374),0.0,0,39500,39500,39500,0,0,0.0,100.0,1,high,24.0,7,2,none,,9,https://www.musinsa.com/products/3109449
2026-09-02,르바,3113929,Stripe Cotton Polo Knit - Mint Stripe,0.0,0,89350,89350,89350,0,0,0.0,100.0,1,high,25.13,5,2,none,,9,https://www.musinsa.com/products/3113929
2026-09-02,제멋,3119881,체프 카라 롱티셔츠 7종 마운틴그린 YHLT2471,0.0,0,31900,31900,31900,0,0,0.0,100.0,1,high,24.09,8,2,none,,9,https://www.musinsa.com/products/3119881
2026-09-02,아틀리에나인,3130953,스캘럽 배색 카라 니트 가디건(CD-1871),0.0,0,31600,31600,31600,0,0,0.0,100.0,1,high,24.0,7,2,none,,9,https://www.musinsa.com/products/3130953
2026-09-02,커버낫,3131593,레귤러 치노 쇼츠 베이지,0.0,0,29000,29000,29000,0,0,0.0,100.0,1,high,24.0,6,2,none,,9,https://www.musinsa.com/products/3131593
2026-09-02,엘무드,3136777,맥스와이드 데님 스톰 블루,0.0,0,57600,57600,57600,0,0,0.0,100.0,1,high,24.0,6,2,none,,9,https://www.musinsa.com/products/3136777
2026-09-02,데케트,3145737,Dawn Semi Wide Jeans DCPT002Black,0.0,0,43400,43400,43400,0,0,0.0,100.0,1,high,24.21,5,2,none,,9,https://www.musinsa.com/products/3145737
2026-09-02,드로우핏,3154697,원턱 밴딩 린넨 테이퍼드 슬랙스 [BLACK],0.0,0,49770,49770,49770,0,0,0.0,23.31,0,low,25.13,4,1,none,,9,https://www.musinsa.com/products/3154697
2026-09-02,아이돈워너셀,3190729,RHOMBUS CONTRACTION MA-1 GRAY,0.0,0,84500,84500,84500,0,0,0.0,100.0,1,high,24.0,6,2,none,,9,https://www.musinsa.com/products/3190729
2026-09-02,커버낫,3195337,오픈카라 니트 베스트 아이보리,0.0,0,44500,44500,44500,0,0,0.0,100.0,1,high,24.0,6,2,none,,9,https://www.musinsa.com/products/3195337
2026-09-02,와이케이,3199049,말티즈 아카이브 라인 그래픽 반팔티셔츠 화이트,0.52,15211,29400,29400,29400,0,0,0.0,100.0,1,high,24.01,13,2,none,,9,https://www.musinsa.com/products/3199049
2026-09-02,카네이테이,3204681,BOHEMIAN BACKPACK L (OLIVE DRAB) / RECYCLED,0.0,0,111300,111300,111300,0,0,0.0,100.0,1,high,24.08,7,2,none,,9,https://www.musinsa.com/products/3204681
2026-09-02,꼼파뇨,3212873,레이어 하프 데님 팬츠 리버스블랙,0.0,0,55900,55900,55900,0,0,0.0,10.83,0,low,24.22,4,1,none,,9,https://www.musinsa.com/products/3212873
2026-09-02,미나브,3214281,소프트코튼 케이블 카라 니트 [아이보리],0.0,0,35100,35100,35100,0,0,0.0,100.0,1,high,24.09,8,2,none,,9,https://www.musinsa.com/products/3214281
2026-09-02,아틀리에나인,3224969,슬림 밴드 와이드 맥시 팬츠(R-PT-5198),0.0,0,34500,34500,34500,0,0,0.0,100.0,1,high,24.0,7,2,none,,9,https://www.musinsa.com/products/3224969
2026-09-02,와이케이,3234441,말티즈 아카이브 반팔티셔츠 레드,0.0,0,34300,34300,34300,0,0,0.0,100.0,1,high,24.01,8,2,none,,9,https://www.musinsa.com/products/3234441
2026-09-02,메인부스,3235913,[패트와매트] 선셋 폰 케이스,0.0,0,19800,19800,19800,0,0,0.0,100.0,1,high,25.13,5,2,none,,9,https://www.musinsa.com/products/3235913
2026-09-02,가까이유니언즈,3257545,루바토 브이넥 반팔 티셔츠 화이트,0.36,11422,31900,31900,31900,0,0,0.0,100.0,1,high,24.0,7,2,none,,9,https://www.musinsa.com/products/3257545
2026-09-02,니티드,3259529,썸머 바시티 반팔 니트티 CHARCOAL,0.0,0,31000,31000,31000,0,0,0.0,100.0,1,high,25.13,5,2,none,,9,https://www.musinsa.com/products/3259529
2026-09-02,미나브,3272585,보테 리브드 니트 [크림],0.0,0,39000,39000,39000,0,0,0.0,100.0,1,high,24.09,8,2,none,,9,https://www.musinsa.com/products/3272585
2026-09-02,꼼파뇨,3275849,개굴팝 자수 반팔티 스타화이트,0.0,0,32500,32500,32500,0,0,0.0,100.0,1,high,24.22,5,2,none,,9,https://www.musinsa.com/products/3275849
2026-09-02,밀로아카이브,3281929,데님 버뮤다 팬츠 [미드 블루],0.0,0,45380,45380,47880,1,-2500,-5.22,100.0,1,medium,24.01,8,2,none,,9,https://www.musinsa.com/products/3281929
2026-09-02,굿라이프웍스,3283273,와이드 프런트 포켓 썸머 카고 팬츠 카키,0.0,0,25000,25000,25000,0,0,0.0,100.0,1,high,24.0,6,2,none,,9,https://www.musinsa.com/products/3283273
2026-09-02,바우프,3293897,B LOGO 메쉬 볼캡 [블랙],0.77,35871,46750,46750,46750,0,0,0.0,100.0,1,high,25.14,5,2,none,,9,https://www.musinsa.com/products/3293897
2026-09-02,링서울,3311753,[유이수 착용] rayon blended shirring skirt-ivory,0.0,0,85050,85050,85050,0,0,0.0,100.0,1,high,24.01,8,2,none,,9,https://www.musinsa.com/products/3311753
2026-09-02,프리즘웍스,3315209,PAPER COTTON TRUCKER HALF SHIRT _ ASH PINK,0.0,0,49000,49000,49000,0,0,0.0,100.0,1,high,24.09,8,2,none,,9,https://www.musinsa.com/products/3315209
2026-09-02,솔트앤초콜릿,3353225,SAC 테리 크롭 스웨트셔츠 퍼플 4W232Y002,0.0,0,33040,33040,33040,0,0,0.0,100.0,1,high,24.08,7,2,none,,9,https://www.musinsa.com/products/3353225
2026-09-02,노티카,3358473,83플래그 로고 티셔츠(멜란지그레이) NTS4786MGZ,11.34,382699,33750,33750,33750,0,0,0.0,100.0,1,low,9.81,27,8,none,,9,https://www.musinsa.com/products/3358473
2026-09-02,꼼파뇨,3365001,Blice Tropical 반팔티 화이트,0.0,0,27510,27510,27510,0,0,0.0,100.0,1,high,24.22,5,2,none,,9,https://www.musinsa.com/products/3365001
2026-09-02,러브이즈트루,3374089,BE LOGO BEACH TOWEL(BLACK),0.0,0,36370,36370,36370,0,0,0.0,100.0,1,high,24.01,8,2,none,,9,https://www.musinsa.com/products/3374089
2026-09-02,1993스튜디오,3400393,빈티지 코튼 트윌 바이커 자켓_카키,0.0,0,90300,90300,90300,0,0,0.0,100.0,1,high,24.0,6,2,none,,9,https://www.musinsa.com/products/3400393
2026-09-02,1993스튜디오,3400585,2WAY 더블 스티치 윈드브레이커_크림,14.22,412508,29000,29000,29000,0,0,0.0,100.0,1,high,24.0,13,4,none,,9,https://www.musinsa.com/products/3400585
2026-09-02,프렌다,3425481,FRAYED POCKET DENIM PANTS DARK BROWN,0.0,0,59500,59500,59500,0,0,0.0,100.0,1,high,24.09,8,2,none,,9,https://www.musinsa.com/products/3425481
2026-09-02,키뮤어,3434441,레터링 코듀로이 볼캡_라이트그레이,0.0,0,27300,27300,27300,0,0,0.0,100.0,1,high,24.09,8,2,none,,9,https://www.musinsa.com/products/3434441
2026-09-02,트래블,3437833,워크샵 콤비네이션 래글런 롱 슬리브 핑크,1.0,19886,19900,19900,19900,0,0,0.0,100.0,1,low,24.09,18,2,none,,9,https://www.musinsa.com/products/3437833
2026-09-02,트래블,3437897,라인 테이프 다트 팬츠 블랙,1.06,41915,39500,39500,39500,0,0,0.0,100.0,1,high,24.09,13,4,none,,9,https://www.musinsa.com/products/3437897
2026-09-02,필루미네이트,3448265,오버핏 액티브 스웨트 셔츠-카키,0.0,0,21900,21900,21900,0,0,0.0,100.0,1,high,24.01,8,2,none,,9,https://www.musinsa.com/products/3448265
2026-09-02,커버낫,3455113,데님 레귤러 다잉 팬츠 베이지,0.0,0,39000,39000,39000,0,0,0.0,100.0,1,high,24.0,6,2,none,,9,https://www.musinsa.com/products/3455113
2026-09-02,낫포너드,3462985,Boomerang Logo Pullover Hood - Grey,0.0,0,42390,42390,42390,0,0,0.0,100.0,1,high,25.14,5,2,none,,9,https://www.musinsa.com/products/3462985
2026-09-02,나인제트,3463177,에센셜 메탈 하프집업 스웻셔츠 23SW08,0.0,0,58500,58500,58500,0,0,0.0,100.0,1,high,24.22,5,2,none,,9,https://www.musinsa.com/products/3463177
2026-09-02,프리즘웍스,3471497,CORDUROY BUDDY HARRINGTON JACKET _ BROWN,1.07,121179,113220,113220,113220,0,0,0.0,100.0,1,low,24.02,10,2,none,,9,https://www.musinsa.com/products/3471497
2026-09-02,드로우핏우먼,3484937,세미 부츠컷 진 [LIGHT BLUE],0.0,0,57750,57750,57750,0,0,0.0,100.0,1,high,24.09,8,2,none,,9,https://www.musinsa.com/products/3484937
2026-09-02,드로우핏우먼,3485001,내추럴 세미 와이드 컬러 진 [GREY],0.0,0,57750,57750,57750,0,0,0.0,100.0,1,high,24.09,8,2,none,,9,https://www.musinsa.com/products/3485001
2026-09-02,아틀리에나인,3490121,클래식 오버핏 심볼 자수 맨투맨(T-6695),0.0,0,71100,71100,71100,0,0,0.0,100.0,1,high,24.0,7,2,none,,9,https://www.musinsa.com/products/3490121
2026-09-02,밀로아카이브,3492745,러기드 자켓 [딥 브라운],0.0,0,89000,89000,89000,0,0,0.0,100.0,1,high,24.01,8,2,none,,9,https://www.musinsa.com/products/3492745
2026-09-02,에스피오나지,3503945,Washed Canvas Blouson Jacket Charcoal Navy,1.0,179400,179550,179550,179550,0,0,0.0,100.0,1,high,24.09,8,2,none,,9,https://www.musinsa.com/products/3503945
2026-09-02,트래블,3514249,커브드 라인 카고 스웨트 팬츠 차콜,0.0,0,44500,44500,44500,0,0,0.0,100.0,1,high,24.09,8,2,none,,9,https://www.musinsa.com/products/3514249
2026-09-02,제멋,3516233,로그 오버핏 투웨이 기모 후드집업 6종 다크네이비 YHHD2462,0.0,0,42900,42900,42900,0,0,0.0,100.0,1,high,24.09,8,2,none,,9,https://www.musinsa.com/products/3516233
2026-09-02,999휴머니티,3520137,이지 팬츠 버전2 (그레비티 그레이),0.0,0,168000,168000,168000,0,0,0.0,100.0,1,high,24.0,6,2,none,,9,https://www.musinsa.com/products/3520137
2026-09-02,아틀리에나인,3525193,마틴 클래식 랩 미니 스커트S(SK-4881),0.0,0,107100,107100,107100,0,0,0.0,100.0,1,high,24.0,7,2,none,,9,https://www.musinsa.com/products/3525193
2026-09-02,파르티멘토우먼,3536073,로우라이즈 핀턱 부츠컷 진_카키,0.0,0,124200,124200,124200,0,0,0.0,100.0,1,high,24.23,6,2,none,,9,https://www.musinsa.com/products/3536073
2026-09-02,시야쥬,3536841,SIAC3032 말레30 스퀘어 레더 벨트_Black,0.0,0,60300,60300,60300,0,0,0.0,100.0,1,high,24.0,6,2,none,,9,https://www.musinsa.com/products/3536841
2026-09-02,디미트리블랙,3539913,2WAY 헤비웨이트 케이블 니트 후드 집업_오트밀,0.0,0,40900,40900,40900,0,0,0.0,100.0,1,high,24.0,6,2,none,,9,https://www.musinsa.com/products/3539913
2026-09-02,더뮤지엄비지터,3543433,HAND PAINTED DENIM JACKET (PINK),0.0,0,161600,161600,161600,0,0,0.0,100.0,1,high,24.08,7,2,none,,9,https://www.musinsa.com/products/3543433
2026-09-02,썸웨어버터,3543817,fle backpack - vintage red,0.0,0,114240,114240,114240,0,0,0.0,100.0,1,high,24.01,8,2,none,,9,https://www.musinsa.com/products/3543817
2026-09-02,아틀리에나인,3551241,콜린 셋업 트위드 미니 스커트(SK-4837),0.0,0,80100,80100,80100,0,0,0.0,100.0,1,high,24.0,7,2,none,,9,https://www.musinsa.com/products/3551241
2026-09-02,드로우핏우먼,3552585,소프트 캐시미어 싱글 발마칸 코트 [BLACK],0.0,0,246400,246400,246400,0,0,0.0,100.0,1,low,24.09,7,2,none,,9,https://www.musinsa.com/products/3552585
2026-09-02,파르티멘토우먼,3558025,리벳 스트레이트 진_라이트 블루,0.0,0,124200,124200,124200,0,0,0.0,100.0,1,high,24.23,6,2,none,,9,https://www.musinsa.com/products/3558025
2026-09-02,브라운야드,3565321,"뉴스탠다드 데님, 라이트 블루",0.0,0,198000,198000,198000,0,0,0.0,100.0,1,high,24.01,8,2,none,,9,https://www.musinsa.com/products/3565321
2026-09-02,스컬프터,3566985,Boucle Knit Zip-Up Avocado,0.0,0,54880,54880,54880,0,0,0.0,100.0,1,high,24.08,7,2,none,,9,https://www.musinsa.com/products/3566985
2026-09-02,아메스월드와이드,3568329,SYMBOL LOGO EMBROIDERY HOODIE GREY (AM2DFUM408A),0.0,0,27600,27600,27600,0,0,0.0,100.0,1,high,24.23,6,2,none,,9,https://www.musinsa.com/products/3568329
2026-09-02,어반드레스,3575433,Side Big Cargo Pants VINTAGE PINK,0.0,0,52800,52800,52800,0,0,0.0,1.77,0,low,4.74,10,1,none,,9,https://www.musinsa.com/products/3575433
2026-09-02,해칭룸,3578505,Reversible Jersey Vest Olive Grey,0.0,0,142400,142400,142400,0,0,0.0,100.0,1,high,24.23,5,2,none,,9,https://www.musinsa.com/products/3578505
2026-09-02,와이케이,3583753,돌핀 부클 니트 블루,0.0,0,63700,63700,63700,0,0,0.0,100.0,1,high,24.01,8,2,none,,9,https://www.musinsa.com/products/3583753
2026-09-02,제멋,3589961,위크 카고 스웨트팬츠 6종 카키 KJLP2522,0.0,0,35900,35900,35900,0,0,0.0,100.0,1,high,24.09,8,2,none,,9,https://www.musinsa.com/products/3589961
2026-09-02,플랙,3597001,유니 컬러 포인트 윈드브레이커 네이버,0.0,0,159000,159000,159000,0,0,0.0,100.0,1,high,24.0,6,2,none,,9,https://www.musinsa.com/products/3597001
2026-09-02,어반드레스,3599305,Ant Waist Collar Knit MELANGE,0.0,0,36000,36000,36000,0,0,0.0,100.0,1,high,24.09,8,2,none,,9,https://www.musinsa.com/products/3599305
2026-09-02,어반드레스,3599369,Noga Shoulder Cut-out Knit IVORY,0.0,0,44250,44250,44250,0,0,0.0,100.0,1,high,24.09,8,2,none,,9,https://www.musinsa.com/products/3599369
2026-09-02,어반드레스,3599497,POCKET MINI SUEDE PLEATS SKIRT BROWN,0.0,0,18340,18340,18340,0,0,0.0,100.0,1,high,24.09,8,2,none,,9,https://www.musinsa.com/products/3599497
2026-09-02,어반드레스,3599561,클래식 투턱 와이드 슬랙스 차콜,0.0,0,29500,29500,29500,0,0,0.0,100.0,1,high,24.09,8,2,none,,9,https://www.musinsa.com/products/3599561
2026-09-02,코드그라피,3603209,WAVE 로고 헤어리 웜 풀오버 니트_블루,0.0,0,39600,39600,39600,0,0,0.0,100.0,1,high,25.14,5,2,none,,9,https://www.musinsa.com/products/3603209
2026-09-02,어반드레스,3611977,UNISEX AV OVERSIZED ZIP-UP PIGMENT BLACK,0.0,0,44500,44500,44500,0,0,0.0,100.0,1,high,24.09,8,2,none,,9,https://www.musinsa.com/products/3611977
2026-09-02,어반드레스,3612105,Side-line Wide Pants GREY,0.0,0,66750,66750,66750,0,0,0.0,100.0,1,high,24.09,8,2,none,,9,https://www.musinsa.com/products/3612105
2026-09-02,후드후드,3614025,에일리언 유니버스 아트웍 오버핏 맨투맨 샌드베이지,0.0,0,27600,27600,27600,0,0,0.0,100.0,1,high,25.14,5,2,none,,9,https://www.musinsa.com/products/3614025
2026-09-02,론론,3619913,V NECK SLIM LONG SLEEVE RED,0.0,0,44550,44550,44550,0,0,0.0,100.0,1,high,24.09,8,2,none,,9,https://www.musinsa.com/products/3619913
2026-09-02,모즈모즈,3622281,벌룬로고 부클자수 오버핏 기모후드 그레이,0.0,0,50400,50400,50400,0,0,0.0,100.0,1,high,24.0,6,2,none,,9,https://www.musinsa.com/products/3622281
2026-09-02,바이젝,3629833,헤비기모 무지 오버핏 후드티_3Color,0.0,0,72000,72000,72000,0,0,0.0,100.0,1,high,24.0,6,2,none,,9,https://www.musinsa.com/products/3629833
2026-09-02,커버낫,3633673,미드 기장 후드 퍼 다운 점퍼 블랙,0.0,0,215400,215400,215400,0,0,0.0,100.0,1,high,24.0,6,2,none,,9,https://www.musinsa.com/products/3633673
2026-09-02,트리밍버드,3639497,Scratch Damage Denim Pants [ Black ],0.0,0,189000,189000,189000,0,0,0.0,100.0,1,high,24.09,8,2,none,,9,https://www.musinsa.com/products/3639497
2026-09-02,트리밍버드,3639561,Denim Cargo Pants [ Black ],0.0,0,109500,109500,109500,0,0,0.0,100.0,1,high,24.09,8,2,none,,9,https://www.musinsa.com/products/3639561
2026-09-02,레더리,3640073,릴렉시드 니트 바라클라바 [BLACK],0.0,0,34200,34200,34200,0,0,0.0,100.0,1,high,24.23,5,2,none,,9,https://www.musinsa.com/products/3640073
2026-09-02,필루미네이트,3640649,오버핏 시노그래프 래글런 후디-브라운,0.0,0,34000,34000,34000,0,0,0.0,100.0,1,high,24.01,8,2,none,,9,https://www.musinsa.com/products/3640649
2026-09-02,필루미네이트,3641033,오버핏 아카이브 시노그래프 후디-블랙,0.0,0,21900,21900,21900,0,0,0.0,100.0,1,high,24.01,8,2,none,,9,https://www.musinsa.com/products/3641033
2026-09-02,트리밍버드,3646665,Scarf Shirring Long One-Piece [ Black ],0.0,0,144500,144500,144500,0,0,0.0,100.0,1,high,24.09,8,2,none,,9,https://www.musinsa.com/products/3646665
2026-09-02,드로우핏우먼,3650057,볼드 리브드 울 니트 레그워머 [BLACK],0.0,0,28080,28080,35100,1,-7020,-20.0,100.0,1,medium,24.09,8,2,none,,9,https://www.musinsa.com/products/3650057
2026-09-02,트릴리온,3650953,에센셜 세미 와이드 슬랙스 (BROWN),1.43,36235,25400,25400,25400,0,0,0.0,62.32,0,low,24.23,11,5,none,,9,https://www.musinsa.com/products/3650953
2026-09-02,러브이즈트루,3654281,AM NYLON TUCK BOOTSCUT PANTS(GRAY),0.0,0,83600,83600,83600,0,0,0.0,100.0,1,high,24.01,8,2,none,,9,https://www.musinsa.com/products/3654281
2026-09-02,플랙,3661897,RWS 울 라운드 넥 니트 차콜,0.0,0,89000,89000,89000,0,0,0.0,100.0,1,high,24.0,6,2,none,,9,https://www.musinsa.com/products/3661897
2026-09-02,더블유엠씨,3669449,크랙워싱 트러커_BLACK,0.0,0,76050,76050,76050,0,0,0.0,100.0,1,high,24.01,8,2,none,,9,https://www.musinsa.com/products/3669449
2026-09-02,시눈,3700489,HAIRY COZY MUFFLER (LIGHT BEIGE),0.0,0,22580,22580,25080,1,-2500,-9.97,100.0,1,medium,24.0,6,2,none,,9,https://www.musinsa.com/products/3700489
2026-09-02,코드그라피,3710729,케이블 이중우수 풀오버 니트_빈티지블루,0.0,0,62300,62300,62300,0,0,0.0,100.0,1,high,25.15,5,2,none,,9,https://www.musinsa.com/products/3710729
2026-09-02,로제프란츠,3737993,Velvet Ribbon Hoodie [Black],0.22,7218,32560,32560,32560,0,0,0.0,100.0,1,high,25.15,5,2,none,,9,https://www.musinsa.com/products/3737993
2026-09-02,밀로아카이브,3744393,소프트 패치 니트 머플러 [머스타드],0.0,0,26500,26500,26500,0,0,0.0,100.0,1,high,24.01,8,2,none,,9,https://www.musinsa.com/products/3744393
2026-09-02,제너럴아이디어,3769865,보트넥 링클 크롭 티셔츠 [BLACK] / WBD1L01504,0.0,0,24700,24700,24700,0,0,0.0,100.0,1,high,24.08,7,2,none,,9,https://www.musinsa.com/products/3769865
2026-09-02,커버낫,3773897,헤링본 후디 집업 네이비,0.0,0,54500,54500,54500,0,0,0.0,100.0,1,high,24.0,6,2,none,,9,https://www.musinsa.com/products/3773897
2026-09-02,드로우핏우먼,3783561,셔링 집업 윈드브레이커 [WHITE],0.0,0,68670,68670,87200,1,-18530,-21.25,100.0,1,medium,24.09,8,2,none,,9,https://www.musinsa.com/products/3783561
2026-09-02,글로니,3784201,G CLASSIC COTTON TWILL SHIRT (WHITE),0.0,0,93240,93240,93240,0,0,0.0,100.0,1,high,24.09,8,2,none,,9,https://www.musinsa.com/products/3784201
2026-09-02,어반드레스,3785097,Rne Big Pocket Pants DARK GREY,0.0,0,44400,44400,44400,0,0,0.0,100.0,1,high,24.09,8,2,none,,9,https://www.musinsa.com/products/3785097
2026-09-02,브라운브레스,3786249,TAG SPREAD BANDING PANTS - BLUE,0.0,0,62300,62300,62300,0,0,0.0,100.0,1,high,24.09,8,2,none,,9,https://www.musinsa.com/products/3786249
2026-09-02,더뮤지엄비지터,3786505,STAR DAMAGED BOOTSCUT DENIM PANTS (LIGHT BLUE),0.0,0,89200,89200,89200,0,0,0.0,100.0,1,high,24.08,7,2,none,,9,https://www.musinsa.com/products/3786505
2026-09-02,엘무드,3788297,스톤 워시드 코튼 풀오버 니트 다크그레이,0.0,0,42700,42700,42700,0,0,0.0,100.0,1,high,24.0,6,2,none,,9,https://www.musinsa.com/products/3788297
2026-09-02,코드그라피,3790729,빅 캔버스 레터링 크로스백_2color,0.0,0,23710,23710,23710,0,0,0.0,100.0,1,high,25.15,5,2,none,,9,https://www.musinsa.com/products/3790729
2026-09-02,필루미네이트,3792585,필루미네이트 테디 베어 키링-3 Color,0.0,0,16000,16000,16000,0,0,0.0,100.0,1,high,24.01,8,2,none,,9,https://www.musinsa.com/products/3792585
2026-09-02,마인드브릿지,3796553,두굿_세미와이드 밴딩 슬랙스 - 5color MAPT01A3,5.05,171340,33910,33910,33910,0,0,0.0,100.0,1,high,8.99,23,7,none,,9,https://www.musinsa.com/products/3796553
2026-09-02,키르시,3799817,포켓 빈티지 스티치 포인트 더플백 [블랙],0.0,0,44500,44500,44500,0,0,0.0,100.0,1,high,24.0,6,2,none,,9,https://www.musinsa.com/products/3799817
2026-09-02,넌블랭크,3800585,[현킴 SET-UP] 세미 오버 핏 셋업 수트_BLACK,1.52,264823,174400,174400,174400,0,0,0.0,100.0,1,high,24.01,8,2,none,,9,https://www.musinsa.com/products/3800585
2026-09-02,커버낫,3801161,레트로 트랙 팬츠 네이비,0.0,0,49000,49000,49000,0,0,0.0,100.0,1,high,24.0,6,2,none,,9,https://www.musinsa.com/products/3801161
2026-09-02,트릴리온,3802505,워셔블 투 톤 후드 집업 그래픽 니트 (KHAKI),0.0,0,29990,29990,29990,0,0,0.0,100.0,1,high,24.24,5,2,none,,9,https://www.musinsa.com/products/3802505
2026-09-02,로템버,3807881,스페이 패널 헌팅 블루종 자켓 [KHAKI],0.0,0,170100,170100,170100,0,0,0.0,100.0,1,high,24.09,8,2,none,,9,https://www.musinsa.com/products/3807881
2026-09-02,세컨모놀로그,3812105,Check Hooded Shirt [BRICKRED]_SESH012BRICKRED,0.0,0,50400,50400,50400,0,0,0.0,100.0,1,high,24.0,6,2,none,,9,https://www.musinsa.com/products/3812105
2026-09-02,데케트,3814985,Dawn Semi Wide Jeans DCPT002STNGRBlue,1.11,47977,43400,43400,43400,0,0,0.0,100.0,1,high,24.24,5,2,none,,9,https://www.musinsa.com/products/3814985
2026-09-02,커버낫,3815049,아치 로고 맨투맨 오트밀,0.0,0,47400,47400,47400,0,0,0.0,100.0,1,high,24.0,6,2,none,,9,https://www.musinsa.com/products/3815049
2026-09-02,드로우핏,3815305,오버사이즈 에센셜 스트라이프 셔츠 [BLUE],0.0,0,53100,53100,53100,0,0,0.0,100.0,1,high,25.15,5,2,none,,9,https://www.musinsa.com/products/3815305
2026-09-02,트리밍버드,3817353,Boat Neck Finger Hole Long Sleeve [ White ],0.98,57876,59000,59000,59000,0,0,0.0,100.0,1,high,24.09,8,2,none,,9,https://www.musinsa.com/products/3817353
2026-09-02,유니폼브릿지,3818313,stripe sleeve tee(womens) ivory,0.0,0,23710,23710,23710,0,0,0.0,100.0,1,high,24.08,7,2,none,,9,https://www.musinsa.com/products/3818313
2026-09-02,배드블러드,3821001,비욘드 소프트 후드 - 블랙,0.0,0,71200,71200,71200,0,0,0.0,100.0,1,high,24.09,8,2,none,,9,https://www.musinsa.com/products/3821001
2026-09-02,시눈,3829961,PUFF BLOUSE (WHITE),0.0,0,64520,64520,71680,1,-7160,-9.99,100.0,1,medium,24.0,6,2,none,,9,https://www.musinsa.com/products/3829961
2026-09-02,커버낫,3830345,C 로고 스웻 쇼츠 그린,0.0,0,23900,23900,23900,0,0,0.0,100.0,1,high,24.0,6,2,none,,9,https://www.musinsa.com/products/3830345
2026-09-02,키르시,3833865,엠블럼 와펜 라운드넥 니트 [아이보리],0.0,0,44500,44500,44500,0,0,0.0,100.0,1,high,24.0,6,2,none,,9,https://www.musinsa.com/products/3833865
2026-09-02,데케트,3839241,[2PACK]Deep Pleats Wide Jeans DCPT030,0.0,0,74400,74400,74400,0,0,0.0,100.0,1,high,24.24,5,2,none,,9,https://www.musinsa.com/products/3839241
2026-09-02,노이어,3839305,밴딩 와이드 트랙 팬츠 (블랙),0.0,0,105000,105000,105000,0,0,0.0,100.0,1,high,24.09,8,2,none,,9,https://www.musinsa.com/products/3839305
2026-09-02,노이어,3839625,디스트로이드 플레어 데님 팬츠 (빈티지블루),2.96,247836,83703,83700,84120,1,-420,-0.5,100.0,1,medium,24.09,13,2,none,,9,https://www.musinsa.com/products/3839625
2026-09-02,노이어,3839753,럭스 코튼 클래식 가디건 (블랙),0.0,0,108000,108000,108000,0,0,0.0,100.0,1,high,24.09,8,2,none,,9,https://www.musinsa.com/products/3839753
2026-09-02,낫포너드,3840905,Nylon Big Pocket Parachute Pants - Black,0.0,0,39330,39330,39330,0,0,0.0,100.0,1,low,25.15,10,2,none,,9,https://www.musinsa.com/products/3840905
2026-09-02,코드그라피,3841161,유틸리티 나일론 후드 베스트_2COLOR,0.0,0,55300,55300,55300,0,0,0.0,100.0,1,high,25.15,5,2,none,,9,https://www.musinsa.com/products/3841161
2026-09-02,스컬프터,3845001,Cargo Zip-Up Dress Charcoal,0.0,0,89040,89040,89040,0,0,0.0,100.0,1,high,24.08,7,2,none,,9,https://www.musinsa.com/products/3845001
2026-09-02,트릴리온,3845705,스타 아플리케 데미지 워싱 데님 팬츠 (DEEP GREEN),0.89,26340,29500,29500,29500,0,0,0.0,100.0,1,high,24.24,5,2,none,,9,https://www.musinsa.com/products/3845705
2026-09-02,와이케이,3846793,멀티 스트라이프 시스루 니트 퍼플,0.0,0,48100,48100,48100,0,0,0.0,100.0,1,high,24.01,8,2,none,,9,https://www.musinsa.com/products/3846793
2026-09-02,코드그라피,3847945,(우먼) 코튼 크롭 셔츠_화이트,0.0,0,17710,17710,17710,0,0,0.0,100.0,1,high,25.15,5,2,none,,9,https://www.musinsa.com/products/3847945
2026-09-02,테이크이지,3848649,우먼스 아플리케 와이드 팬츠(마린블루),0.61,10245,16900,16900,24500,1,-7600,-31.02,100.0,1,medium,24.0,6,2,none,,9,https://www.musinsa.com/products/3848649
2026-09-02,모즈모즈,3849225,액티브 로고 오버핏 반팔티셔츠 블랙,0.0,0,23800,23800,23800,0,0,0.0,100.0,1,high,24.0,6,2,none,,9,https://www.musinsa.com/products/3849225
2026-09-02,론론,3851913,BIG RIBBON LINE T SHIRT WHITE PINK,0.0,0,38070,38070,38070,0,0,0.0,100.0,1,high,24.09,8,2,none,,9,https://www.musinsa.com/products/3851913
2026-09-02,에이치덱스,3852617,우먼스 심볼 스퀘어넥 크롭 롱 슬리브 (Bone),0.0,0,33600,33600,33600,0,0,0.0,100.0,1,high,25.15,5,2,none,,9,https://www.musinsa.com/products/3852617
2026-09-02,나이스고스트클럽,3857545,FFATS PARACHUTE CARGO SHORTS_RED(NG2EMUPA61A),0.0,0,50040,50040,50040,0,0,0.0,100.0,1,high,24.01,8,2,none,,9,https://www.musinsa.com/products/3857545
2026-09-02,커스텀어클락,3858441,[리뉴얼ver.] 쿨 체크 숏 슬리브 셔츠 4 COLOR COOSSH191,7.1,138394,19500,19500,19500,0,0,0.0,100.0,1,low,10.17,25,7,none,,9,https://www.musinsa.com/products/3858441
2026-09-02,후드후드,3861513,데미지 스페이스 크래프트 후드 블랙,0.0,0,48060,48060,48060,0,0,0.0,100.0,1,high,25.15,5,2,none,,9,https://www.musinsa.com/products/3861513
2026-09-02,프리즘웍스,3870089,BACKSATIN FATIGUE PANTS _ KHAKI BEIGE,0.02,1409,76500,76500,76500,0,0,0.0,100.0,1,high,24.09,8,2,none,,9,https://www.musinsa.com/products/3870089
2026-09-02,프리즘웍스,3870153,OG VINTAGE DYEING SWEATSHIRT _ DARK GREEN,0.0,0,71100,71100,71100,0,0,0.0,100.0,1,high,24.09,8,2,none,,9,https://www.musinsa.com/products/3870153
2026-09-02,르바,3870921,Tweed Jacquard Round Knit - Natural,0.0,0,143500,143500,143500,0,0,0.0,100.0,1,high,25.15,5,2,none,,9,https://www.musinsa.com/products/3870921
2026-09-02,에이지오디,3871625,와이드 데님 팬츠 [크림],4.23,107007,25280,25280,25280,0,0,0.0,100.0,1,high,24.09,18,4,none,,9,https://www.musinsa.com/products/3871625
2026-09-02,더뮤지엄비지터,3875273,WASHED DENIM MINIBAG (PINK BLUE),0.0,0,44400,44400,59200,1,-14800,-25.0,100.0,1,medium,24.08,7,2,none,,9,https://www.musinsa.com/products/3875273
2026-09-02,드헤베,3893577,Haus Round Sweatshirt [White Melange],0.0,0,45140,45140,45140,0,0,0.0,100.0,1,high,25.15,5,2,none,,9,https://www.musinsa.com/products/3893577
2026-09-02,마인드브릿지우먼,3904137,[W]스티치배색그래픽티셔츠 - 2color MYTS3208,0.0,0,19900,19900,19900,0,0,0.0,100.0,1,high,24.0,7,2,none,,9,https://www.musinsa.com/products/3904137
2026-09-02,커버낫,3905033,C 로고 럭비 카라 하프 니트 라임,0.0,0,40100,40100,40100,0,0,0.0,100.0,1,high,24.0,6,2,none,,9,https://www.musinsa.com/products/3905033
2026-09-02,에스피오나지,3905801,Light Roadrunner Shorts Black,0.0,0,48000,48000,48000,0,0,0.0,100.0,1,high,24.09,8,2,none,,9,https://www.musinsa.com/products/3905801
2026-09-02,마인드브릿지,3906185,[COUTURE]오버핏셔츠 - 2color MYWS3170,0.0,0,29900,29900,29900,0,0,0.0,100.0,1,high,24.25,5,2,none,,9,https://www.musinsa.com/products/3906185
2026-09-02,인사일런스,3910921,포그 스트럭처 자켓 GREY,0.0,0,118440,118440,118440,0,0,0.0,100.0,1,high,24.0,6,2,none,,9,https://www.musinsa.com/products/3910921
2026-09-02,999휴머니티,3911945,EVD 후디 (페이디드 올리브),0.0,0,128000,128000,128000,0,0,0.0,100.0,1,high,24.0,6,2,none,,9,https://www.musinsa.com/products/3911945
2026-09-02,디스이즈네버댓,3920585,SUPPLEX® Long Bill Bucket Hat Deep Green,0.0,0,19600,19600,19600,0,0,0.0,100.0,1,high,24.0,6,2,none,,9,https://www.musinsa.com/products/3920585
2026-09-02,링서울,3921865,tencel blended round top-black,0.0,0,26490,26490,26490,0,0,0.0,100.0,1,high,24.01,8,2,none,,9,https://www.musinsa.com/products/3921865
2026-09-02,드헤베,3932233,Camila Tie Silky Blouse [Pink],0.0,0,68090,68090,68090,0,0,0.0,100.0,1,high,25.16,5,2,none,,9,https://www.musinsa.com/products/3932233
2026-09-02,마인드브릿지우먼,3934729,[W][쿨]슬림테이퍼드밴딩슬랙스 - 2color MYPT3201,0.0,0,29900,29900,29900,0,0,0.0,100.0,1,high,24.0,7,2,none,,9,https://www.musinsa.com/products/3934729
2026-09-02,소버먼트,3936393,950G 솔리드 맨투맨-수프 베이지-[오버핏],0.0,0,33600,33600,33600,0,0,0.0,100.0,1,high,24.01,8,2,none,,9,https://www.musinsa.com/products/3936393
2026-09-02,프렌다,3939337,P LOGO PATCH STRIPE LONG SLEEVE KNIT WHITE,0.0,0,54500,54500,54500,0,0,0.0,100.0,1,high,24.09,8,2,none,,9,https://www.musinsa.com/products/3939337
2026-09-02,바우프,3939913,B 패치 반팔 크롭티 [화이트],0.0,0,44250,44250,44250,0,0,0.0,100.0,1,high,25.16,5,2,none,,9,https://www.musinsa.com/products/3939913
2026-09-02,코드그라피,3947657,CGP 로고 배색 반팔 니트_블랙,0.0,0,22210,22210,22210,0,0,0.0,100.0,1,high,25.16,5,2,none,,9,https://www.musinsa.com/products/3947657
2026-09-02,커버낫,3972937,트로피컬 로고 티셔츠 라이트 핑크,0.0,0,22050,22050,22050,0,0,0.0,100.0,1,high,24.0,6,2,none,,9,https://www.musinsa.com/products/3972937
2026-09-02,메인부스,3980937,Tropicana Phone Case,0.0,0,19800,19800,19800,0,0,0.0,100.0,1,high,25.16,5,2,none,,9,https://www.musinsa.com/products/3980937
2026-09-02,드로우핏우먼,3984009,플라워 패치 수피마 반팔 티셔츠 [BLACK],0.0,0,31680,31680,39600,1,-7920,-20.0,100.0,1,medium,24.09,8,2,none,,9,https://www.musinsa.com/products/3984009
2026-09-02,아메스월드와이드,3988745,WIDE BELTED POCKET BAG GREEN (AM2ESUAB45A),0.0,0,55600,55600,48650,1,6950,14.29,100.0,1,medium,24.25,6,2,none,,9,https://www.musinsa.com/products/3988745
2026-09-02,마인드브릿지우먼,3989257,[ON][W]골지 민소매 티셔츠 - 5color,0.0,0,19900,19900,19900,0,0,0.0,100.0,1,high,24.0,7,2,none,,9,https://www.musinsa.com/products/3989257
2026-09-02,마인드브릿지,3989385,엑스트라와이드워싱데님팬츠 MYDP6155,0.0,0,19900,19900,19900,0,0,0.0,100.0,1,high,24.25,5,2,none,,9,https://www.musinsa.com/products/3989385
2026-09-02,어나더오피스,3990665,Habana Banded Slacks (Dark Khaki),0.0,0,132000,132000,132000,0,0,0.0,100.0,1,high,24.09,7,2,none,,9,https://www.musinsa.com/products/3990665
2026-09-02,아웃스탠딩,3997257,A-2 BELTED SHORTS_CAMO,0.0,0,61200,61200,61200,0,0,0.0,14.25,0,low,24.08,7,1,none,,9,https://www.musinsa.com/products/3997257
2026-09-02,시눈,3997641,Rabbit Tie Dress (Beige),0.0,0,89720,89720,99680,1,-9960,-9.99,100.0,1,medium,24.0,6,2,none,,9,https://www.musinsa.com/products/3997641
2026-09-02,키르시,3997897,레이어드 후드 우븐 드레스 [블랙],0.0,0,69500,69500,69500,0,0,0.0,100.0,1,high,24.0,6,2,none,,9,https://www.musinsa.com/products/3997897
2026-09-02,아웃스탠딩,3998025,V.S.C TEE(NEWPORT)_1%OATMEAL,0.28,10995,38700,38700,38700,0,0,0.0,14.25,0,low,24.08,7,1,none,,9,https://www.musinsa.com/products/3998025
2026-09-02,아웃스탠딩,4000073,CHAIN STITCH OPEN COLLAR HALF SHIRT_PINK,0.0,0,66600,66600,66600,0,0,0.0,100.0,1,high,24.08,7,2,none,,9,https://www.musinsa.com/products/4000073
2026-09-02,스컬프터,4001865,Flocking Symbol Logo Tee White,0.0,0,19600,19600,19600,0,0,0.0,100.0,1,high,24.08,7,2,none,,9,https://www.musinsa.com/products/4001865
2026-09-02,1993스튜디오,4008265,오리지널 스웨트 숏 스커트_라이트그레이,0.0,0,24500,24500,24500,0,0,0.0,100.0,1,high,24.0,6,2,none,,9,https://www.musinsa.com/products/4008265
2026-09-02,유라고,4010249,Aqua straight denim pants,0.0,0,65360,65360,65360,0,0,0.0,100.0,1,high,24.0,6,2,none,,9,https://www.musinsa.com/products/4010249
2026-09-02,스컬프터,4012745,Archive Pigment Baby Tee Dusty Brown,6.86,188340,27440,27440,19210,1,8230,42.84,100.0,1,medium,23.98,18,4,none,,9,https://www.musinsa.com/products/4012745
2026-09-02,제멋,4019081,[2PACK] 플레시 썸머 피그먼트 하프팬츠 6종 2PACK SOSP2563,0.0,0,39800,39800,39800,0,0,0.0,100.0,1,high,24.09,8,2,none,,9,https://www.musinsa.com/products/4019081
2026-09-02,드로우핏우먼,4021001,플라워 자카드 퍼프 반팔 니트 [NAVY],0.0,0,43400,43400,55800,1,-12400,-22.22,100.0,1,medium,24.09,8,2,none,,9,https://www.musinsa.com/products/4021001
2026-09-02,루에브르,4021833,Cropped See-Through Cardigan SK4MD775_2color,0.0,0,109000,109000,109000,0,0,0.0,100.0,1,high,24.09,8,2,none,,9,https://www.musinsa.com/products/4021833
2026-09-02,커버낫,4024713,메쉬 선셋 보트 티셔츠 베이지,0.0,0,41400,41400,41400,0,0,0.0,100.0,1,high,24.0,6,2,none,,9,https://www.musinsa.com/products/4024713
2026-09-02,코드그라피,4024777,(우먼) WAVE 로고 심볼 케이블 카라 반팔 니트_네이비,0.0,0,19200,19200,19200,0,0,0.0,100.0,1,high,25.16,5,2,none,,9,https://www.musinsa.com/products/4024777
2026-09-02,코드그라피,4025545,(우먼) COOL 오픈 카라 반팔 스트링 셔츠_스카이블루,0.0,0,17710,17710,17710,0,0,0.0,100.0,1,high,25.16,5,2,none,,9,https://www.musinsa.com/products/4025545
2026-09-02,데케트,4031305,Cotton 2Pleats Shorts DCPT041Khaki,0.0,0,23600,23600,23600,0,0,0.0,100.0,1,high,24.25,5,2,none,,9,https://www.musinsa.com/products/4031305
2026-09-02,니티드,4035529,린넨 케이블 카라 하프 니트 BLACK,0.0,0,28500,28500,28500,0,0,0.0,100.0,1,high,25.16,5,2,none,,9,https://www.musinsa.com/products/4035529
2026-09-02,브라운야드,4036041,"버튼 다운 셔츠, 다크 네이비",0.0,0,148000,148000,148000,0,0,0.0,100.0,1,high,24.01,8,2,none,,9,https://www.musinsa.com/products/4036041
2026-09-02,드로우핏,4041033,[서강준 PICK] 실켓 코튼 U넥 티셔츠 [WHITE],2.51,74467,29700,29700,29700,0,0,0.0,79.9,0,low,25.16,18,5,none,,9,https://www.musinsa.com/products/4041033
2026-09-02,어반드레스,4045065,See-through V-neck Collar knit - 4COL,0.0,0,31500,31500,31500,0,0,0.0,100.0,1,high,24.09,8,2,none,,9,https://www.musinsa.com/products/4045065
2026-09-02,브라운야드,4045897,"W 버뮤다 데님 팬츠, 블랙",0.0,0,74000,74000,74000,0,0,0.0,100.0,1,high,24.01,8,2,none,,9,https://www.musinsa.com/products/4045897
2026-09-02,파르티멘토우먼,4046537,글로시 이지 트라우저_브라운,0.0,0,57600,57600,57600,0,0,0.0,100.0,1,high,24.25,6,2,none,,9,https://www.musinsa.com/products/4046537
2026-09-02,필루미네이트,4051273,유니버셜 라운드 티셔츠-4Color,0.0,0,18000,18000,18000,0,0,0.0,100.0,1,high,24.01,8,2,none,,9,https://www.musinsa.com/products/4051273
2026-09-02,아캄,4056009,Logo Patch Ringer Top (Pink),0.0,0,44800,44800,44800,0,0,0.0,100.0,1,high,24.0,6,2,none,,9,https://www.musinsa.com/products/4056009
2026-09-02,러브이즈트루,4059529,IN CROP KNIT CARDIGAN(PINK),0.0,0,39780,39780,39780,0,0,0.0,100.0,1,high,24.01,8,2,none,,9,https://www.musinsa.com/products/4059529
2026-09-02,트릴리온,4060489,파라슈트 트랙 라인 밴딩 데님 팬츠 (YELLOW BLACK),0.0,0,35900,35900,35900,0,0,0.0,100.0,1,high,24.26,5,2,none,,9,https://www.musinsa.com/products/4060489
2026-09-02,더바이닐하우스,4061769,STAR TEE YELLOW (VH2EMUT507A),0.39,11220,28420,32480,28420,1,4060,14.29,100.0,1,low,24.0,5,2,none,,9,https://www.musinsa.com/products/4061769
2026-09-02,드로우핏,4062153,콘트라스트 블록 반팔 니트 [PISTACHIO GREEN],0.0,0,59400,59400,59400,0,0,0.0,100.0,1,high,25.16,5,2,none,,9,https://www.musinsa.com/products/4062153
2026-09-02,시눈,4065033,Flower Lettering Puff T-Shirt (White),0.0,0,26720,26720,29680,1,-2960,-9.97,100.0,1,medium,24.0,6,2,none,,9,https://www.musinsa.com/products/4065033
2026-09-02,아틀리에나인,4074185,JERSEY MIX TAFFETAS DRESS(OP-6162),0.0,0,58800,58800,58800,0,0,0.0,100.0,1,high,24.0,7,2,none,,9,https://www.musinsa.com/products/4074185
2026-09-02,파브레가,4074633,루코비차 카라 니트 (4COLOR),0.0,0,69300,69300,69300,0,0,0.0,100.0,1,high,25.16,5,2,none,,9,https://www.musinsa.com/products/4074633
2026-09-02,파브레가,4074761,오가닉 코튼 슬리브리스 (3COLOR),0.99,36510,36900,36900,36900,0,0,0.0,100.0,1,high,25.16,5,2,none,,9,https://www.musinsa.com/products/4074761
2026-09-02,엑스트라오디너리,4089481,WOMEN CARGO WRAP SKIRT   BEIGE,0.0,0,59950,59950,59950,0,0,0.0,100.0,1,high,24.26,5,2,none,,9,https://www.musinsa.com/products/4089481
2026-09-02,프리즘웍스,4095881,CHAMBRAY BIG POCKET HALF SHIRT _ INDIGO,0.98,78514,80100,80100,80100,0,0,0.0,100.0,1,high,24.09,8,2,none,,9,https://www.musinsa.com/products/4095881
2026-09-02,프리즘웍스,4095945,ARMY HELMET TEE _ WHITE,0.0,0,21000,21000,21000,0,0,0.0,100.0,1,high,24.09,8,2,none,,9,https://www.musinsa.com/products/4095945
2026-09-02,엑스컨테이너,4100169,섬머 라이트 워시드 데님 팬츠 (VINTAGE WASHED BLUE),0.0,0,49000,49000,49000,0,0,0.0,100.0,1,high,24.26,5,2,none,,9,https://www.musinsa.com/products/4100169
2026-09-02,드로우핏우먼,4101705,볼륨 슬리브 리본 원피스 [BLACK],0.0,0,76300,76300,98100,1,-21800,-22.22,100.0,1,medium,24.09,8,2,none,,9,https://www.musinsa.com/products/4101705
2026-09-02,시야쥬,4107081,SIST9039 라운지 실키 스커트_White,0.0,0,63180,63180,63180,0,0,0.0,100.0,1,high,24.0,6,2,none,,9,https://www.musinsa.com/products/4107081
2026-09-02,본투윈,4109257,CRACK B PIGMENT CROP T-SHIRTS [CHARCOAL],0.98,44230,45000,45000,45000,0,0,0.0,100.0,1,high,24.08,12,6,none,,9,https://www.musinsa.com/products/4109257
2026-09-02,솔트앤초콜릿,4113609,리브 소프트 폼 피셔맨 샌들  412424006 (2.2cm/2colors),0.0,0,52320,52320,52320,0,0,0.0,100.0,1,high,24.08,7,2,none,,9,https://www.musinsa.com/products/4113609
2026-09-02,언탭트스튜디오,4119561,1996 시그니처 퓨어코튼 빅 오버핏 반팔 티셔츠 2 COLOR,0.0,0,18900,18900,18900,0,0,0.0,100.0,1,high,24.01,8,2,none,,9,https://www.musinsa.com/products/4119561
2026-09-02,세터,4120841,베이직 피케 폴로 반팔 티셔츠 클래식 네이비,0.0,0,99000,99000,99000,0,0,0.0,100.0,1,high,24.0,6,2,none,,9,https://www.musinsa.com/products/4120841
2026-09-02,꼼파뇨,4120969,DTP 폴링 어게인 반팔티 화이트,0.0,0,32500,32500,32500,0,0,0.0,100.0,1,high,24.26,5,2,none,,9,https://www.musinsa.com/products/4120969
2026-09-02,로템버,4123657,스틸라이프 플라워 하프 티셔츠 [NAVY],0.0,0,27440,27440,27440,0,0,0.0,100.0,1,high,24.09,8,2,none,,9,https://www.musinsa.com/products/4123657
2026-09-02,쿠어,4129033,데미지드 와플 롱 슬리브 티셔츠 (워시드샌드베이지),0.0,0,99000,99000,99000,0,0,0.0,100.0,1,high,24.0,6,2,none,,9,https://www.musinsa.com/products/4129033
2026-09-02,낫포너드,4131273,Devil Girl Ball Cap - Pink,0.0,0,21000,21000,21000,0,0,0.0,100.0,1,high,25.16,5,2,none,,9,https://www.musinsa.com/products/4131273
2026-09-02,어반드레스,4137289,Strawberry Summer Skirt BLUE,0.0,0,18460,18460,18460,0,0,0.0,100.0,1,high,24.09,8,2,none,,9,https://www.musinsa.com/products/4137289
2026-09-02,어반드레스,4137545,Legacy Overfit Check Shirt PINK,0.0,0,38350,38350,38350,0,0,0.0,100.0,1,high,24.09,8,2,none,,9,https://www.musinsa.com/products/4137545
2026-09-02,러브이즈트루,4142921,LUVISTRUE X YASE SPIDER SNEAKERS(NAVY),0.0,0,143100,143100,143100,0,0,0.0,100.0,1,high,24.01,8,2,none,,9,https://www.musinsa.com/products/4142921
2026-09-02,틸아이다이,4147401,Ann button point shirt_Beige,0.0,0,71060,71060,71060,0,0,0.0,100.0,1,high,24.08,7,2,none,,9,https://www.musinsa.com/products/4147401
2026-09-02,무센트,4148425,마드리드 폴리 나일론 와이드 팬츠 남녀공용 (5컬러),2.06,52838,25610,26910,20930,1,5980,28.57,57.44,0,low,5.57,23,5,none,,9,https://www.musinsa.com/products/4148425
2026-09-02,바우로프로덕트,4149513,코튼 유넥 티셔츠 [아이보리],0.22,7246,32900,32900,32900,0,0,0.0,100.0,1,high,25.17,7,2,none,,9,https://www.musinsa.com/products/4149513
2026-09-02,가까이유니언즈,4153097,에리어 반팔 티셔츠 화이트,0.0,0,31900,31900,31900,0,0,0.0,100.0,1,high,24.0,7,2,none,,9,https://www.musinsa.com/products/4153097
2026-09-02,디앤에스알,4156873,(우먼) 하트 그래픽 크롭 티셔츠 블루,0.0,0,45600,45600,45600,0,0,0.0,100.0,1,high,24.0,6,2,none,,9,https://www.musinsa.com/products/4156873
2026-09-02,노이어,4157065,디스트로이드 플레어 데님 팬츠 (라이트블루),0.0,0,83700,83700,84120,1,-420,-0.5,1.92,0,low,24.09,11,1,none,,9,https://www.musinsa.com/products/4157065
2026-09-02,언더오프,4158665,와이드핏 워싱 8부 데님 팬츠 라이트블루,0.0,0,31120,31120,31120,0,0,0.0,100.0,1,high,24.0,6,2,none,,9,https://www.musinsa.com/products/4158665
2026-09-02,락케이크,4159177,Lace Tube Top Set - White,0.0,0,19800,19800,19800,0,0,0.0,100.0,1,high,24.09,8,2,none,,9,https://www.musinsa.com/products/4159177
2026-09-02,론론,4167241,ROUND SHIRRING STRING HALF BLOUSE BLACK,0.0,0,29920,29920,29920,0,0,0.0,100.0,1,high,24.09,8,2,none,,9,https://www.musinsa.com/products/4167241
2026-09-02,꼼파뇨,4191817,Everywhere Teddy 반팔티 크림,0.0,0,32500,32500,32500,0,0,0.0,100.0,1,high,24.28,5,2,none,,9,https://www.musinsa.com/products/4191817
2026-09-02,링서울,4194697,ribbed swim set-red,0.0,0,69420,69420,69420,0,0,0.0,100.0,1,high,24.01,8,2,none,,9,https://www.musinsa.com/products/4194697
2026-09-02,파르티멘토우먼,4245385,스터디드 데님 맥시 스커트_화이트,0.0,0,88290,88290,88290,0,0,0.0,100.0,1,high,24.28,6,2,none,,9,https://www.musinsa.com/products/4245385
2026-09-02,1993스튜디오,4258953,사이드 트랙 데님 벌룬 팬츠_다크그레이,0.0,0,57000,57000,57000,0,0,0.0,100.0,1,high,24.0,6,2,none,,9,https://www.musinsa.com/products/4258953
2026-09-02,언더오프,4260361,더블코튼 무지 래글런 후드 스웨트 그레이,0.4,6285,15900,15900,15900,0,0,0.0,100.0,1,high,24.0,9,2,none,,9,https://www.musinsa.com/products/4260361
2026-09-02,필루미네이트,4266761,메탈 심볼 로고 헤링턴 자켓-네이비,0.0,0,59000,59000,59000,0,0,0.0,100.0,1,high,24.01,8,2,none,,9,https://www.musinsa.com/products/4266761
2026-09-02,리메인세컨드,4273993,오버핏 시그니처 로고 후디 [그레이],0.0,0,22000,22000,22000,0,0,0.0,100.0,1,high,24.0,6,2,none,,9,https://www.musinsa.com/products/4273993
2026-09-02,노매뉴얼,4279881,HALF & HALF CORDUROY PANTS - BLACK,0.0,0,64500,64500,64500,0,0,0.0,100.0,1,high,24.28,5,2,none,,9,https://www.musinsa.com/products/4279881
2026-09-02,커버낫,4286857,레귤러핏 스웻 조거 팬츠 스카이블루,0.0,0,21740,21740,21740,0,0,0.0,100.0,1,high,24.0,6,2,none,,9,https://www.musinsa.com/products/4286857
2026-09-02,에이이에이이,4289865,WEB LOGO L/S [CHARCOAL],0.0,0,52650,52650,52650,0,0,0.0,100.0,1,high,24.29,5,2,none,,9,https://www.musinsa.com/products/4289865
2026-09-02,커버낫,4292233,아치 로고 드롭핏 후디 헤더 그레이,0.6,23585,39000,39000,39000,0,0,0.0,100.0,1,high,24.0,6,2,none,,9,https://www.musinsa.com/products/4292233
2026-09-02,어널러코드,4309321,엠보워싱 데님팬츠 (그린블루),5.0,171375,34300,34300,34300,0,0,0.0,100.0,1,low,24.02,15,2,none,,9,https://www.musinsa.com/products/4309321
2026-09-02,세터,4311945,테오 코튼 밴딩 스웨트팬츠 팔레트 블랙,0.0,0,139000,139000,139000,0,0,0.0,100.0,1,high,24.0,6,2,none,,9,https://www.musinsa.com/products/4311945
2026-09-02,마인드브릿지,4312777,[COUTURE]크로셰카라세미오버핏니트 - 2color MYKT6170,1.0,29867,29900,29900,29900,0,0,0.0,100.0,1,high,24.29,5,2,none,,9,https://www.musinsa.com/products/4312777
2026-09-02,마인드브릿지,4313161,로우데님트러커 MYJP6154,0.0,0,39900,39900,39900,0,0,0.0,100.0,1,high,24.29,5,2,none,,9,https://www.musinsa.com/products/4313161
2026-09-02,코드그라피,4313417,(우먼) 스퀘어 로고 맨투맨_차콜,0.0,0,48300,48300,48300,0,0,0.0,100.0,1,high,25.17,5,2,none,,9,https://www.musinsa.com/products/4313417
2026-09-02,로우로우,4315657,x Reebok 쓰리웨이 스트링 더플백 901 [3color],0.0,0,44550,44550,44550,0,0,0.0,100.0,1,high,24.01,8,2,none,,9,https://www.musinsa.com/products/4315657
2026-09-02,세컨모놀로그,4316105,글로시 트러커 나일론 셔츠 [DUPINK]_SESH015DUPINK,0.0,0,35600,35600,35600,0,0,0.0,100.0,1,high,24.0,6,2,none,,9,https://www.musinsa.com/products/4316105
2026-09-02,인사일런스우먼,4316937,스터드 트위드 자켓 MULTI,0.0,0,204800,204800,204800,0,0,0.0,100.0,1,high,24.09,8,2,none,,9,https://www.musinsa.com/products/4316937
2026-09-02,모즈모즈,4320137,메쉬 나일론 윈드 브레이커 후드 집업 다크그레이,0.0,0,38800,38800,38800,0,0,0.0,100.0,1,high,24.0,6,2,none,,9,https://www.musinsa.com/products/4320137
2026-09-02,프렌다,4320457,REJA POCKET TOTE BAG BLACK,0.0,0,24500,24500,24500,0,0,0.0,100.0,1,high,24.09,8,2,none,,9,https://www.musinsa.com/products/4320457
2026-09-02,커버낫,4322569,데님 트러커 인디고,0.0,0,122850,122850,122850,0,0,0.0,100.0,1,high,24.0,6,2,none,,9,https://www.musinsa.com/products/4322569
2026-09-02,커버낫,4322633,미들 C 로고 자수 와펜 니트 베스트 멜란지 그레이,0.0,0,53400,53400,53400,0,0,0.0,100.0,1,high,24.0,6,2,none,,9,https://www.musinsa.com/products/4322633
2026-09-02,스컬프터,4322889,Cotton Boxer Pants Strawberry,0.0,0,27440,27440,27440,0,0,0.0,100.0,1,high,24.08,7,2,none,,9,https://www.musinsa.com/products/4322889
2026-09-02,로제프란츠,4327497,Boucle Metal Button Cardigan [Beige],0.0,0,33800,33800,33800,0,0,0.0,100.0,1,high,25.17,5,2,none,,9,https://www.musinsa.com/products/4327497
2026-09-02,드로우핏,4330057,에센셜 와이드 원턱 코듀로이 팬츠 [IVORY],0.0,0,54000,54000,54000,0,0,0.0,100.0,1,high,25.17,5,2,none,,9,https://www.musinsa.com/products/4330057
2026-09-02,몽돌,4330697,울 캐시미어 라운드넥 가디건 블랙 MDCD026BLACK,0.0,0,50320,50320,50320,0,0,0.0,100.0,1,high,24.08,7,2,none,,9,https://www.musinsa.com/products/4330697
2026-09-02,넌블랭크,4332169,실크 100 솔리드 타이_BLACK,1.0,19918,19920,19920,19920,0,0,0.0,100.0,1,high,24.01,8,2,none,,9,https://www.musinsa.com/products/4332169
2026-09-02,론론,4333321,BALLOON PUMPKIN DENIM PANTSKIRT MEDIUM BLUE,0.0,0,71280,71280,71280,0,0,0.0,100.0,1,high,24.09,8,2,none,,9,https://www.musinsa.com/products/4333321
2026-09-02,썸웨어버터,4335753,Devon leather blouson - Brown,0.0,0,226480,226480,226480,0,0,0.0,100.0,1,high,24.01,8,2,none,,9,https://www.musinsa.com/products/4335753
2026-09-02,썸웨어버터,4335881,Chelsea alpaca cable knit - Ivory,0.0,0,95200,95200,95200,0,0,0.0,100.0,1,high,24.01,8,2,none,,9,https://www.musinsa.com/products/4335881
2026-09-02,디스이즈네버댓,4344841,Football Scarf Red,0.0,0,49500,49500,49500,0,0,0.0,100.0,1,high,24.0,6,2,none,,9,https://www.musinsa.com/products/4344841
2026-09-02,드헤베,4344969,Day Layered Wrap Blouse [Mint],0.0,0,83390,83390,83390,0,0,0.0,100.0,1,high,25.18,5,2,none,,9,https://www.musinsa.com/products/4344969
2026-09-02,레더리,4346633,스플릿 나일론 자켓 [BLACK],0.0,0,61440,61440,61440,0,0,0.0,100.0,1,high,24.3,5,2,none,,9,https://www.musinsa.com/products/4346633
2026-09-02,쿠어,4350409,머드 다잉 패디드 데님 자켓 (워시드인디고),0.0,0,230400,230400,230400,0,0,0.0,100.0,1,high,24.0,6,2,none,,9,https://www.musinsa.com/products/4350409
2026-09-02,인사일런스,4352329,이탈리안 울 믹스드 풀오버 LIGHT BEIGE,0.0,0,103680,103680,103680,0,0,0.0,100.0,1,high,24.0,6,2,none,,9,https://www.musinsa.com/products/4352329
2026-09-02,노이어,4353481,레이어드 브이넥 폴로 니트 (딥브라운),0.0,0,78400,78400,78400,0,0,0.0,1.96,0,low,24.09,7,1,none,,9,https://www.musinsa.com/products/4353481
2026-09-02,코드그라피,4356233,스몰 C 로고 맨투맨_스카이블루,0.0,0,44800,44800,44800,0,0,0.0,100.0,1,high,25.18,5,2,none,,9,https://www.musinsa.com/products/4356233
2026-09-02,미나브,4360905,플란넬 오버 체크 셔츠 [블랙체크],0.0,0,39000,39000,39000,0,0,0.0,100.0,1,high,24.09,8,2,none,,9,https://www.musinsa.com/products/4360905
2026-09-02,프리즘웍스,4368969,JUNGLE CLOTH DECK VEST _ KHAKI BEIGE,0.0,0,82800,82800,82800,0,0,0.0,100.0,1,high,24.09,8,2,none,,9,https://www.musinsa.com/products/4368969
2026-09-02,나이스고스트클럽,4369033,SKULL CHECK L/S KNIT TEE_BLACK(NG2EFUK606A),0.0,0,42660,42660,42660,0,0,0.0,100.0,1,high,24.01,8,2,none,,9,https://www.musinsa.com/products/4369033
2026-09-02,시야쥬,4369481,SIKN2124 브이넥 싱글 니트_Black,0.0,0,83700,83700,83700,0,0,0.0,100.0,1,high,24.0,6,2,none,,9,https://www.musinsa.com/products/4369481
2026-09-02,아틀리에나인,4369545,ESSENTIAL HIGH NECK TEE(T-6895),0.0,0,25200,25200,25200,0,0,0.0,100.0,1,high,24.0,7,2,none,,9,https://www.musinsa.com/products/4369545
2026-09-02,더바이닐하우스,4370953,TYPO HOODIE GREY,0.0,0,87100,87100,80640,1,6460,8.01,100.0,1,medium,24.0,6,2,none,,9,https://www.musinsa.com/products/4370953
2026-09-02,메인부스,4373385,Ghost Phone Case,0.0,0,19800,19800,19800,0,0,0.0,100.0,1,high,25.18,5,2,none,,9,https://www.musinsa.com/products/4373385
2026-09-02,무센트,4375305,스털디 시그니처 밴딩 데님 팬츠 남녀공용 (2컬러),0.0,0,51210,51210,39830,1,11380,28.57,100.0,1,medium,24.0,6,2,none,,9,https://www.musinsa.com/products/4375305
2026-09-02,미나브,4379977,마가렛 스웨이드 크로스백 [브라운],2.0,137900,69000,69000,69000,0,0,0.0,100.0,1,low,24.09,15,2,none,,9,https://www.musinsa.com/products/4379977
2026-09-02,인템포무드,4380169,서클 로고 립 슬리브리스 : 3컬러,0.0,0,28800,28800,28800,0,0,0.0,100.0,1,high,24.0,6,2,none,,9,https://www.musinsa.com/products/4380169
2026-09-02,론론,4382409,HANDMADE FLOWER CABLE PUFF KNIT CARDIGAN GREY,0.0,0,89100,89100,89100,0,0,0.0,100.0,1,high,24.09,8,2,none,,9,https://www.musinsa.com/products/4382409
2026-09-02,세터,4384393,(W) 로렌 베이직 크루넥 파인 가디건 블랙,1.36,215614,159000,159000,159000,0,0,0.0,100.0,1,high,24.0,6,2,none,,9,https://www.musinsa.com/products/4384393
2026-09-02,토마스모어,4387081,피치넬리팬츠-그레이베이지,0.0,0,73500,73500,73500,0,0,0.0,100.0,1,high,24.01,8,2,none,,9,https://www.musinsa.com/products/4387081
2026-09-02,아틀리에나인,4387593,BRIE SET-UP SHORT PANTS(PT-5566),0.0,0,62100,62100,62100,0,0,0.0,100.0,1,high,24.0,7,2,none,,9,https://www.musinsa.com/products/4387593
2026-09-02,코드그라피,4389193,(우먼) WAVE 시그니처 로고 맨투맨_라이트 그레이,0.0,0,23600,23600,23600,0,0,0.0,100.0,1,high,25.18,5,2,none,,9,https://www.musinsa.com/products/4389193
2026-09-02,비터셀즈,4389449,C.G 후드 푸퍼 자켓-그레이,0.0,0,116350,116350,116350,0,0,0.0,100.0,1,high,24.3,5,2,none,,9,https://www.musinsa.com/products/4389449
2026-09-02,쿠어,4389577,헤어리 알파카 블렌드 크루넥 스웨터 (카멜브라운),0.0,0,118400,118400,118400,0,0,0.0,100.0,1,high,24.0,6,2,none,,9,https://www.musinsa.com/products/4389577
2026-09-02,키르시,4392009,체리 니트라이크 가디건 [블랙],0.0,0,59400,59400,59400,0,0,0.0,100.0,1,high,24.0,6,2,none,,9,https://www.musinsa.com/products/4392009
2026-09-02,제너럴아이디어,4396681,뉴클래식 울 케이블 브이넥 가디건 [BROWN] / WBD3L04529,0.0,0,43370,43370,53000,1,-9630,-18.17,100.0,1,medium,24.08,7,2,none,,9,https://www.musinsa.com/products/4396681
2026-09-02,어반드레스,4403017,Kar Collar Long Sleeve BLACK,0.0,0,46500,46500,46500,0,0,0.0,100.0,1,high,24.09,8,2,none,,9,https://www.musinsa.com/products/4403017
2026-09-02,어반드레스,4403337,Art Leather Jacket BLACK,0.0,0,108750,108750,108750,0,0,0.0,100.0,1,high,24.09,8,2,none,,9,https://www.musinsa.com/products/4403337
2026-09-02,디스이즈네버댓,4403529,PERTEX® UL Wind Parka Slate,0.0,0,104500,104500,104500,0,0,0.0,100.0,1,high,24.0,6,2,none,,9,https://www.musinsa.com/products/4403529
2026-09-02,노이어,4406409,알파카 메리노 대디 가디건 (블랙),0.0,0,118400,118400,118400,0,0,0.0,100.0,1,high,24.09,8,2,none,,9,https://www.musinsa.com/products/4406409
2026-09-02,스컬프터,4406473,Waist Point Classic Skort Gray,0.0,0,77840,77840,77840,0,0,0.0,100.0,1,high,24.08,7,2,none,,9,https://www.musinsa.com/products/4406473
2026-09-02,브룩스브라더스,4407369,소멜로스 플란넬 셔츠 (화이트) (BBTHMM6114AEW),0.0,0,197100,197100,197100,0,0,0.0,100.0,1,high,24.01,9,2,none,,9,https://www.musinsa.com/products/4407369
2026-09-02,리메인세컨드,4407497,울 블렌드 오버핏 더블 코트 [차콜],0.0,0,100800,100800,100800,0,0,0.0,100.0,1,high,24.0,6,2,none,,9,https://www.musinsa.com/products/4407497
2026-09-02,니티드,4409161,(W) 투톤 골지 자수 로고 니트 SWISS,0.0,0,25900,25900,64000,1,-38100,-59.53,100.0,1,medium,25.18,5,2,none,,9,https://www.musinsa.com/products/4409161
2026-09-02,니티드,4409737,(W) 쉐기독 울 100% 라운드 가디건 MINT,0.0,0,53820,53820,53820,0,0,0.0,100.0,1,high,25.18,5,2,none,,9,https://www.musinsa.com/products/4409737
2026-09-02,시눈,4410825,Button Knit Shorts (Melon),0.0,0,54440,54440,60480,1,-6040,-9.99,100.0,1,medium,24.0,6,2,none,,9,https://www.musinsa.com/products/4410825
2026-09-02,더블유엠씨,4411593,어드저스트 카고데님_BLACK,0.0,0,67050,67050,67050,0,0,0.0,100.0,1,high,24.01,8,2,none,,9,https://www.musinsa.com/products/4411593
2026-09-02,오퍼스 0012,4417353,Op. 03 P.F.P HOOD ZIP BEIGE,0.0,0,83400,83400,83400,0,0,0.0,100.0,1,high,24.08,7,2,none,,9,https://www.musinsa.com/products/4417353
2026-09-02,베르만어패럴,4421577,우븐 SYMBOL 벌룬핏 맨투맨,0.02,973,49000,49000,49000,0,0,0.0,100.0,1,high,24.09,8,2,none,,9,https://www.musinsa.com/products/4421577
2026-09-02,프리즘웍스,4422921,OG BOCACI HEAVYWEIGHT PULLOVER HOODY _ COCOA,0.0,0,80100,80100,80100,0,0,0.0,100.0,1,high,24.09,8,2,none,,9,https://www.musinsa.com/products/4422921
2026-09-02,아웃스탠딩,4423369,AUTHENTIC COMFORT SWEAT_NAVY,0.0,0,66600,66600,66600,0,0,0.0,100.0,1,high,24.08,7,2,none,,9,https://www.musinsa.com/products/4423369
2026-09-02,아틀리에나인,4424905,LEAF PATTERN SET-UP DENIM PANTS(PT-5597),0.0,0,80100,80100,80100,0,0,0.0,100.0,1,high,24.0,7,2,none,,9,https://www.musinsa.com/products/4424905
2026-09-02,드로우핏,4424969,오버사이즈 라인 무스탕 자켓 [IVORY],0.0,0,167200,167200,167200,0,0,0.0,100.0,1,low,25.18,4,2,none,,9,https://www.musinsa.com/products/4424969
2026-09-02,테이크이지,4425289,페어아일 니트 (베이지),0.0,0,28900,28900,34500,1,-5600,-16.23,100.0,1,medium,24.0,6,2,none,,9,https://www.musinsa.com/products/4425289
2026-09-02,링서울,4425993,wool high-neck knit cardigan-charcoal,0.0,0,112270,112270,112270,0,0,0.0,100.0,1,high,24.01,8,2,none,,9,https://www.musinsa.com/products/4425993
2026-09-02,제멋,4429321,스테디 썸홀 테리 후드 그레이 OYHD2593,0.0,0,36900,36900,36900,0,0,0.0,100.0,1,high,24.09,8,2,none,,9,https://www.musinsa.com/products/4429321
2026-09-02,커스텀어클락,4433353,[2PACK] 헤비 니트 4 STYLE COOSKT066KT067KT068KT069,0.0,0,86800,86800,86800,0,0,0.0,100.0,1,high,24.0,6,2,none,,9,https://www.musinsa.com/products/4433353
2026-09-02,와이케이,4434249,말티즈 멀티 자수 데님 팬츠 블랙,0.0,0,80600,80600,80600,0,0,0.0,100.0,1,high,24.01,8,2,none,,9,https://www.musinsa.com/products/4434249
2026-09-02,무센트,4440841,비브 투웨이 크롭 골지 니트 집업 (2컬러),0.0,0,52120,52120,41930,1,10190,24.3,100.0,1,medium,24.0,6,2,none,,9,https://www.musinsa.com/products/4440841
2026-09-02,다이브인,4441673,LOOSED WIDE DENIM PANTS (WASHED BLACK),0.79,63503,80100,80100,80100,0,0,0.0,100.0,1,high,24.0,6,2,none,,9,https://www.musinsa.com/products/4441673
2026-09-02,디스이즈네버댓,4441865,GD Lightning Hoodie Blue Heather Grey,0.0,0,111300,111300,111300,0,0,0.0,100.0,1,high,24.0,6,2,none,,9,https://www.musinsa.com/products/4441865
2026-09-02,아틀리에나인,4442697,ESSENTIAL HELEN VOLUME KNIT(T-6915),0.0,0,71100,71100,71100,0,0,0.0,100.0,1,high,24.0,7,2,none,,9,https://www.musinsa.com/products/4442697
2026-09-02,필루미네이트,4443593,[FW]오버핏 아치 로고 스웨트 셔츠-와인,0.0,0,25000,25000,25000,0,0,0.0,100.0,1,high,24.01,8,2,none,,9,https://www.musinsa.com/products/4443593
2026-09-02,락케이크,4448521,Striped Polo T-Shirt - Navy,0.0,0,71200,71200,71200,0,0,0.0,100.0,1,low,24.09,8,2,none,,9,https://www.musinsa.com/products/4448521
2026-09-02,필루미네이트,4454281,오닉스 푸퍼 패딩-아이보리,0.0,0,56000,56000,56000,0,0,0.0,100.0,1,high,24.01,8,2,none,,9,https://www.musinsa.com/products/4454281
2026-09-02,스컬프터,4454729,Velvet Shirring Lowrise Pants Raw,0.0,0,66640,66640,66640,0,0,0.0,100.0,1,high,24.08,7,2,none,,9,https://www.musinsa.com/products/4454729
2026-09-02,제멋,4455305,[2PACK] 디스트로이 오버핏 기모 후드 SOHD2597,0.0,0,76900,76900,76900,0,0,0.0,100.0,1,high,24.09,8,2,none,,9,https://www.musinsa.com/products/4455305
2026-09-02,제멋,4455369,[2PACK] 더스틴 헤비 솔트워싱 카라 맨투맨 SOMT2577,0.0,0,59800,59800,59800,0,0,0.0,100.0,1,high,24.09,8,2,none,,9,https://www.musinsa.com/products/4455369
2026-09-02,노이어,4456393,클래식 와이드 데님 팬츠 (미드블루),0.0,0,81700,81700,81700,0,0,0.0,100.0,1,high,24.09,8,2,none,,9,https://www.musinsa.com/products/4456393
2026-09-02,몽돌,4459465,리버시블 스웨이드 무스탕 브라운 MDJK038BROWN,0.0,0,200880,200880,200880,0,0,0.0,100.0,1,high,24.08,7,2,none,,9,https://www.musinsa.com/products/4459465
2026-09-02,칙스,4460937,MVK 하트 스티치 미니 브이넥 니트 브라운,0.0,0,34110,34110,37900,1,-3790,-10.0,100.0,1,medium,24.09,8,2,none,,9,https://www.musinsa.com/products/4460937
2026-09-02,아캄,4466633,Leather Puffer Jacket (Brown),0.0,0,161700,161700,161700,0,0,0.0,100.0,1,high,24.0,6,2,none,,9,https://www.musinsa.com/products/4466633
2026-09-02,파르티멘토우먼,4469193,18 스포츠 폴로 롱 슬리브 티_화이트,0.0,0,32400,32400,32400,0,0,0.0,10.54,0,low,24.31,4,1,none,,9,https://www.musinsa.com/products/4469193
2026-09-02,데케트,4471497,[기모본딩]Mid Rise Wide Jeans DCPT027WCRBlack2,0.0,0,62100,62100,62100,0,0,0.0,100.0,1,high,24.31,5,2,none,,9,https://www.musinsa.com/products/4471497
2026-09-02,아메스월드와이드,4477385,STRIPE KNIT BEANIE RED,0.0,0,24960,24960,24960,0,0,0.0,100.0,1,high,24.31,6,2,none,,9,https://www.musinsa.com/products/4477385
2026-09-02,아메스월드와이드,4477833,KNIT LEGGINGS PANTS BROWN,0.0,0,31600,31600,21330,1,10270,48.15,100.0,1,medium,24.31,6,2,none,,9,https://www.musinsa.com/products/4477833
2026-09-02,론론,4481673,HEART POCKET OVER FIT LONG SLEEVE T SHIRT BLACK,0.0,0,47520,47520,36960,1,10560,28.57,100.0,1,medium,24.09,8,2,none,,9,https://www.musinsa.com/products/4481673
2026-09-02,기철,4483273,EASIER BALLOON SWEAT PANTS (MELANGE GREY),1.65,58564,35600,35600,35600,0,0,0.0,100.0,1,low,24.0,11,2,none,,9,https://www.musinsa.com/products/4483273
2026-09-02,키르시,4490249,체리 아치 로고 크롭 후드 [스카이],0.0,0,47400,47400,47400,0,0,0.0,100.0,1,high,24.0,6,2,none,,9,https://www.musinsa.com/products/4490249
2026-09-02,코드그라피,4492297,CGP 아치 로고 후드티_민트BDW,0.22,7562,34500,34500,34500,0,0,0.0,100.0,1,high,25.19,5,2,none,,9,https://www.musinsa.com/products/4492297
2026-09-02,바우프,4496393,R.L.Y 레귤러 팬츠 [차콜],0.0,0,69000,69000,69000,0,0,0.0,100.0,1,high,25.19,5,2,none,,9,https://www.musinsa.com/products/4496393
2026-09-02,본투윈,4501833,CUT OUT WIDE BAND BRA TOP [CHARCOAL],0.0,0,65500,65500,65500,0,0,0.0,100.0,1,high,24.08,7,2,none,,9,https://www.musinsa.com/products/4501833
2026-09-02,커버낫,4503241,원턱 세미와이드핏 기모 스웻 팬츠 블랙,0.0,0,44100,44100,44100,0,0,0.0,100.0,1,high,24.0,6,2,none,,9,https://www.musinsa.com/products/4503241
2026-09-02,워크온바디오프,4509513,베이직 레글런 후드티 (2color),0.0,0,38000,38000,38000,0,0,0.0,100.0,1,high,24.0,6,2,none,,9,https://www.musinsa.com/products/4509513
2026-09-02,에이이에이이,4512777,WEB LOGO CORDUROY CAP [DARK NAVY],0.1,4349,41900,41900,41900,0,0,0.0,100.0,1,high,24.31,5,2,none,,9,https://www.musinsa.com/products/4512777
2026-09-02,더블유엠씨,4513929,쉐르파 플리스 자켓_GREY,0.0,0,84500,84500,84500,0,0,0.0,100.0,1,high,24.01,8,2,none,,9,https://www.musinsa.com/products/4513929
2026-09-02,트릴리온,4514121,스웨이드 엘보우 패치 3 버튼 블레이저 자켓 [블랙],0.0,0,47200,47200,47200,0,0,0.0,100.0,1,high,24.31,5,2,none,,9,https://www.musinsa.com/products/4514121
2026-09-02,글로니,4518089,EVERYDAY G SOCKS (BROWN),0.02,246,12150,12150,12150,0,0,0.0,100.0,1,high,24.09,8,2,none,,9,https://www.musinsa.com/products/4518089
2026-09-02,더블유엠씨,4520905,블랙캣 맨투맨_BLUE,0.0,0,35550,35550,35550,0,0,0.0,100.0,1,high,24.01,8,2,none,,9,https://www.musinsa.com/products/4520905
2026-09-02,더블유엠씨,4521033,[WMC x HINA] 락스타 후드_CHARCOAL GREY,0.0,0,40050,40050,40050,0,0,0.0,100.0,1,high,24.01,8,2,none,,9,https://www.musinsa.com/products/4521033
2026-09-02,유니폼브릿지,4526985,nordic crew neck knit(womens) olive green,0.0,0,89500,89500,89500,0,0,0.0,100.0,1,high,24.08,7,2,none,,9,https://www.musinsa.com/products/4526985
2026-09-02,플레어업,4535241,Braided Handmade Chain Belt (FL-732_Black),0.0,0,48960,48960,58140,1,-9180,-15.79,100.0,1,medium,24.32,5,2,none,,9,https://www.musinsa.com/products/4535241
2026-09-02,드헤베,4535689,One Off-shoulder Sleeve [Black],0.0,0,39010,39010,36700,1,2310,6.29,100.0,1,medium,25.19,5,2,none,,9,https://www.musinsa.com/products/4535689
2026-09-02,드로우핏,4538569,[오정규X드로우핏] 시어링 미니멀 무스탕 자켓 [BEIGE],0.0,0,167200,167200,167200,0,0,0.0,100.0,1,high,25.19,5,2,none,,9,https://www.musinsa.com/products/4538569
2026-09-02,노매뉴얼,4546313,REVERSIBLE WOOL HAIRY KNIT - CHARCOAL,0.0,0,75650,75650,75650,0,0,0.0,100.0,1,high,24.32,5,2,none,,9,https://www.musinsa.com/products/4546313
2026-09-02,제너럴아이디어,4563081,뉴스보이 캡 [2COL] / WBD4L91526,0.0,0,23000,23000,26000,1,-3000,-11.54,100.0,1,medium,24.08,7,2,none,,9,https://www.musinsa.com/products/4563081
2026-09-02,와이케이,4576073,헤어리 리본 바라클라바 핑크,0.0,0,27300,27300,27300,0,0,0.0,100.0,1,high,24.01,8,2,none,,9,https://www.musinsa.com/products/4576073
2026-09-02,파르티멘토우먼,4576393,리브드 핑거 홀 니트 글로브_브라운,0.0,0,29160,29160,29160,0,0,0.0,100.0,1,high,24.32,6,2,none,,9,https://www.musinsa.com/products/4576393
2026-09-02,커버낫,4582537,서울 티셔츠 화이트,0.0,0,31590,31590,31590,0,0,0.0,100.0,1,high,24.0,6,2,none,,9,https://www.musinsa.com/products/4582537
2026-09-02,가까이유니언즈,4585801,원턱 해머 와이드 데님팬츠 블랙,0.0,0,35500,35500,35500,0,0,0.0,100.0,1,high,24.0,7,2,none,,9,https://www.musinsa.com/products/4585801
2026-09-02,트립르센스,4585929,펜던트 스트라이프 하프 집업 니트_네이비,0.0,0,65600,65600,65600,0,0,0.0,100.0,1,high,24.01,8,2,none,,9,https://www.musinsa.com/products/4585929
2026-09-02,시야쥬,4586633,SIKN2128 캐시미어 블렌드 크루넥 니트_Red,0.0,0,126000,126000,126000,0,0,0.0,100.0,1,high,24.0,6,2,none,,9,https://www.musinsa.com/products/4586633
2026-09-02,언탭트스튜디오,4587721,1996 STUDIO 스웨트 오버핏 후드티셔츠 5Color,0.52,7792,14940,14940,14940,0,0,0.0,52.18,0,low,24.01,7,1,none,,9,https://www.musinsa.com/products/4587721
2026-09-02,마인드브릿지우먼,4613065,[W]두굿_슬림테이퍼드슬랙스 MYPT6211,0.0,0,19900,19900,19900,0,0,0.0,100.0,1,high,24.0,7,2,none,,9,https://www.musinsa.com/products/4613065
2026-09-02,어나더오피스,4614665,Overlay Ribbed Socks (Heather Charcoal),0.0,0,12420,12420,12420,0,0,0.0,100.0,1,high,24.09,7,2,none,,9,https://www.musinsa.com/products/4614665
2026-09-02,트리밍버드,4616073,Alpaca Boucle Open Shoulder Knit [ Black ],0.0,0,175200,175200,175200,0,0,0.0,100.0,1,high,24.09,8,2,none,,9,https://www.musinsa.com/products/4616073
2026-09-02,유니온블루,4623177,[DESK] GRAND CRU WOOL V-NECK KNIT [MELANGE GRAY],0.0,0,95580,95580,95580,0,0,0.0,100.0,1,high,24.08,7,2,none,,9,https://www.musinsa.com/products/4623177
2026-09-02,론론,4649033,HANDMADE HEART SLEEVE POINT PULLOVER KNIT CREAM PINK,0.0,0,116640,116640,116640,0,0,0.0,100.0,1,high,24.09,8,2,none,,9,https://www.musinsa.com/products/4649033
2026-09-02,무드인사이드,4660169,리사이클 울 라운드 니트_10Color,0.0,0,29900,29900,29900,0,0,0.0,100.0,1,high,24.09,8,2,none,,9,https://www.musinsa.com/products/4660169
2026-09-02,무센트,4664713,볼리 뽀글 양털 후리스 플리스 후드 집업 남녀공용 (2컬러),0.6,38008,63020,63020,54950,1,8070,14.69,100.0,1,medium,24.0,6,2,none,,9,https://www.musinsa.com/products/4664713
2026-09-02,브론슨,4684745,1980s USAF Pilot Nylon Helmet Bag Black,2.69,190943,71100,71100,71100,0,0,0.0,100.0,1,low,24.0,8,2,none,,9,https://www.musinsa.com/products/4684745
2026-09-02,유니폼브릿지,4687369,pocket polo knit oatmeal,0.0,0,55600,55600,55600,0,0,0.0,100.0,1,high,24.08,7,2,none,,9,https://www.musinsa.com/products/4687369
2026-09-02,로제프란츠,4693897,Handmade Wool Balaclava [Butter],0.0,0,25960,25960,25960,0,0,0.0,100.0,1,high,25.2,5,2,none,,9,https://www.musinsa.com/products/4693897
2026-09-02,헬레네파리스,4694281,페이즐 핀 포인트 셔츠 [차콜 ST],0.0,0,32400,32400,32400,0,0,0.0,100.0,1,high,24.09,8,2,none,,9,https://www.musinsa.com/products/4694281
2026-09-02,하아카이브,4695561,컨투어 벨티드 백 (나일론 블랙),1.0,71996,72090,72090,72090,0,0,0.0,100.0,1,high,24.33,13,2,none,,9,https://www.musinsa.com/products/4695561
2026-09-02,그루브라임,4697289,남)미니쮸리 기본핏 원색분해 티셔츠 [FRNFCTR104M],0.0,0,13020,13020,13020,0,0,0.0,100.0,1,high,24.09,8,2,none,,9,https://www.musinsa.com/products/4697289
2026-09-02,로제프란츠,4697481,Leopard Heart Hoodie [Gray],0.0,0,49840,49840,49840,0,0,0.0,100.0,1,high,25.2,5,2,none,,9,https://www.musinsa.com/products/4697481
2026-09-02,파브레가,4699529,안토니 스트라이프 셔츠 (베이지),3.15,218400,69300,69300,69300,0,0,0.0,100.0,1,high,24.0,15,2,none,,9,https://www.musinsa.com/products/4699529
2026-09-02,아틀리에나인,4699657,ESSENTIAL WOOL DOUBLE COLOR CARDIGAN(CD-2192),0.0,0,70560,70560,70560,0,0,0.0,100.0,1,high,24.0,7,2,none,,9,https://www.musinsa.com/products/4699657
2026-09-02,엑스컨테이너,4702601,워시드 와이드 벌룬핏 데님 팬츠 (FADE BLUE),0.0,0,47200,47200,47200,0,0,0.0,100.0,1,high,24.33,5,2,none,,9,https://www.musinsa.com/products/4702601
2026-09-02,더블유엠씨,4705161,투톤 코듀로이 워크팬츠_CHARCOAL GREY,0.0,0,159000,159000,159000,0,0,0.0,100.0,1,high,24.01,8,2,none,,9,https://www.musinsa.com/products/4705161
2026-09-02,마인드브릿지우먼,4705417,[W][COUTURE]데님 트러커 자켓,0.0,0,39900,39900,39900,0,0,0.0,100.0,1,high,24.0,7,2,none,,9,https://www.musinsa.com/products/4705417
2026-09-02,엘무드,4705545,아일랜드 텐셀 린넨 풀오버 니트 포레스트,0.0,0,49000,49000,49000,0,0,0.0,100.0,1,high,24.0,6,2,none,,9,https://www.musinsa.com/products/4705545
2026-09-02,프렌다,4708681,PRDA BIG PATCH LOGO WIDE PANTS NAVY,0.0,0,34500,34500,34500,0,0,0.0,100.0,1,high,24.09,8,2,none,,9,https://www.musinsa.com/products/4708681
2026-09-02,프렌다,4708809,PRDA FRILL SKIRT WIDE PANTS DARK CHARCOAL,0.73,27373,37380,37380,37380,0,0,0.0,100.0,1,high,24.09,8,2,none,,9,https://www.musinsa.com/products/4708809
2026-09-02,아메스월드와이드,4709385,BIG TYPO HOODIE ZIP UP BLUE,0.0,0,56960,56960,49840,1,7120,14.29,100.0,1,medium,24.33,6,2,none,,9,https://www.musinsa.com/products/4709385
2026-09-02,후드후드,4711113,에일리언 젤리 케이스 Ver.2,0.0,0,19440,19440,19440,0,0,0.0,100.0,1,high,25.2,5,2,none,,9,https://www.musinsa.com/products/4711113
2026-09-02,키르시,4716937,키르시 플레인 버튼 포인트 스웨트셔츠 [멜란지 그레이],0.0,0,35400,35400,35400,0,0,0.0,100.0,1,high,24.0,6,2,none,,9,https://www.musinsa.com/products/4716937
2026-09-02,일꼬르소,4722697,컴뱃 컴포트 셔츠 콘크리트그레이 IESH5E106CG,0.0,0,54500,54500,54500,0,0,0.0,100.0,1,high,24.0,6,2,none,,9,https://www.musinsa.com/products/4722697
2026-09-02,필루미네이트,4728713,데일리 워싱 데님 팬츠-인디고,0.0,0,39000,39000,39000,0,0,0.0,100.0,1,high,24.01,8,2,none,,9,https://www.musinsa.com/products/4728713
2026-09-02,미나브,4729865,아카이브 심볼 나그랑 티셔츠 [블랙],0.0,0,35100,35100,35100,0,0,0.0,100.0,1,high,24.09,8,2,none,,9,https://www.musinsa.com/products/4729865
2026-09-02,드로우핏,4730953,아크만 코튼 다잉 워크 셔츠 [CHARCOAL],0.0,0,55800,55800,55800,0,0,0.0,100.0,1,high,25.2,5,2,none,,9,https://www.musinsa.com/products/4730953
2026-09-02,노매뉴얼,4734281,K.T DENIM PANTS - WASHED BLUE,0.0,0,88200,88200,88200,0,0,0.0,100.0,1,high,24.33,5,2,none,,9,https://www.musinsa.com/products/4734281
2026-09-02,디스이즈네버댓,4735369,Volcano W Crewneck Charcoal,0.0,0,49500,49500,49500,0,0,0.0,100.0,1,high,24.0,6,2,none,,9,https://www.musinsa.com/products/4735369
2026-09-02,나이스고스트클럽,4737865,3STARS LIGHTWEIGHT WINDBREAKER_BLACK(NG2FSUJ200A),0.0,0,53460,53460,53460,0,0,0.0,100.0,1,high,24.01,8,2,none,,9,https://www.musinsa.com/products/4737865
2026-09-02,러프사이드,4741641,Primary Long Sleeve Black,0.0,0,69000,69000,69000,0,0,0.0,100.0,1,high,24.0,6,2,none,,9,https://www.musinsa.com/products/4741641
2026-09-02,알리스,4743433,워셔블 레이어드 헨리넥 니트티셔츠 [크림베이지],0.1,4549,44200,44200,44200,0,0,0.0,100.0,1,high,24.34,5,2,none,,9,https://www.musinsa.com/products/4743433
2026-09-02,언더오프,4751241,레이어드 크루넥 롱슬리브 1992아치 티셔츠 화이트,0.0,0,19920,19920,19920,0,0,0.0,100.0,1,high,24.0,6,2,none,,9,https://www.musinsa.com/products/4751241
2026-09-02,와이케이,4752265,MLTS 볼캡 그린,0.0,0,36750,36750,36750,0,0,0.0,100.0,1,high,24.01,8,2,none,,9,https://www.musinsa.com/products/4752265
2026-09-02,락케이크,4753673,Logo Patch Full Zip Hoodie - Charcoal,0.0,0,95200,95200,95200,0,0,0.0,100.0,1,high,24.09,8,2,none,,9,https://www.musinsa.com/products/4753673
2026-09-02,트래블,4756681,밀 트윌 리벳 벌룬 팬츠 아이보리,0.0,0,60000,60000,52500,1,7500,14.29,100.0,1,medium,24.09,8,2,none,,9,https://www.musinsa.com/products/4756681
2026-09-02,트래블,4756873,카펜터 디스트로이드 버뮤다 데님 쇼츠 인디고 블루,0.0,0,39500,39500,39500,0,0,0.0,100.0,1,high,24.09,8,2,none,,9,https://www.musinsa.com/products/4756873
2026-09-02,트래블,4757001,엠보 스타 롱 슬리브 차콜,0.27,6921,25900,29600,25900,1,3700,14.29,100.0,1,low,24.09,25,2,none,,9,https://www.musinsa.com/products/4757001
2026-09-02,커스텀어클락,4757705,코튼 루즈핏 워시드 블레이저 블랙 COOSJK039BLACK,0.83,65422,78400,78400,78400,0,0,0.0,100.0,1,high,23.99,14,5,none,,9,https://www.musinsa.com/products/4757705
2026-09-02,더니트컴퍼니,4758153,(M) 파인 울 트랙 팬츠 2color,0.0,0,153300,153300,153300,0,0,0.0,100.0,1,high,25.2,5,2,none,,9,https://www.musinsa.com/products/4758153
2026-09-02,언탭트스튜디오,4759049,[2PACK]빈티지 프론트 워싱 원턱 와이드 데님팬츠 2COLOR,0.0,0,74170,74170,74170,0,0,0.0,100.0,1,high,24.01,8,2,none,,9,https://www.musinsa.com/products/4759049
2026-09-02,파르티멘토우먼,4760137,PWC 콘트라스트 바인딩 브이넥 탑_네이비,0.0,0,29160,29160,29160,0,0,0.0,100.0,1,high,24.34,6,2,none,,9,https://www.musinsa.com/products/4760137
2026-09-02,파르티멘토우먼,4760265,PWC 스트라이프 저지 와이드 팬츠_블랙,0.0,0,43740,43740,43740,0,0,0.0,100.0,1,high,24.34,6,2,none,,9,https://www.musinsa.com/products/4760265
2026-09-02,세컨모놀로그,4764489,Waffle Track Jacket [BLACK]_SEJK022BLACK,1.0,65416,65400,65400,65400,0,0,0.0,100.0,1,high,24.0,6,2,none,,9,https://www.musinsa.com/products/4764489
2026-09-02,유니온블루,4768393,HARD TWIST COTTON RIBBED KNIT [BLUE GRAY],0.0,0,79380,79380,79380,0,0,0.0,100.0,1,high,24.08,7,2,none,,9,https://www.musinsa.com/products/4768393
2026-09-02,디앤에스알,4768585,크롭 하트 후디 그레이,0.0,0,34800,34800,34800,0,0,0.0,100.0,1,high,24.0,6,2,none,,9,https://www.musinsa.com/products/4768585
2026-09-02,디앤에스알,4768777,에센셜 링클 셔츠 스카이블루,0.0,0,49200,49200,49200,0,0,0.0,100.0,1,high,24.0,6,2,none,,9,https://www.musinsa.com/products/4768777
2026-09-02,제너럴아이디어,4771849,파인 플리츠 미디스커트 [BEIGE] / WBE1L13510,0.0,0,50400,50400,50400,0,0,0.0,100.0,1,high,24.08,7,2,none,,9,https://www.musinsa.com/products/4771849
2026-09-02,유니폼브릿지,4773001,001 5p denim pants 11oz natural,0.14,9273,64500,64500,64500,0,0,0.0,100.0,1,high,24.08,7,2,none,,9,https://www.musinsa.com/products/4773001
2026-09-02,프리즘웍스,4773257,BACKSATIN M65 FIELD PANTS _ CREAM,0.0,0,86940,86940,86940,0,0,0.0,100.0,1,high,24.09,8,2,none,,9,https://www.musinsa.com/products/4773257
2026-09-02,세컨모놀로그,4773769,골지 스트럭처드 라운드넥 가디건 [GRAY]_SECD004GRAY,0.0,0,27600,27600,27600,0,0,0.0,100.0,1,high,24.0,6,2,none,,9,https://www.musinsa.com/products/4773769
2026-09-02,모즈모즈,4779977,워킹모즈 오버핏 피그먼트 반팔 티셔츠 블루,3.64,108377,29800,29800,29800,0,0,0.0,100.0,1,high,9.74,26,8,none,,9,https://www.musinsa.com/products/4779977
2026-09-02,데케트,4783753,Tin Washed Wide Jeans DCPT059IceBlueB,0.9,43278,48300,48300,48300,0,0,0.0,100.0,1,high,24.34,5,2,none,,9,https://www.musinsa.com/products/4783753
2026-09-02,카네이테이,4784073,DISTRESSED DOUBT CREWNECK (BLUE),0.0,0,78210,78210,54750,1,23460,42.85,100.0,1,medium,24.08,7,2,none,,9,https://www.musinsa.com/products/4784073
2026-09-02,브랜디드,4787977,BRUSHED ALPACA CARDIGAN [BLACK],0.22,29508,135150,135150,135150,0,0,0.0,100.0,1,high,25.2,5,2,none,,9,https://www.musinsa.com/products/4787977
2026-09-02,일꼬르소,4789961,CORSO BONE HEART 반팔 티셔츠 블랙 IETS5E412BK,0.0,0,30260,30260,30260,0,0,0.0,100.0,1,high,24.0,6,2,none,,9,https://www.musinsa.com/products/4789961
2026-09-02,쿠어,4790537,세미오버핏 코튼 크로셰 가디건 (다크브라운),0.0,0,200000,200000,200000,0,0,0.0,100.0,1,high,24.0,6,2,none,,9,https://www.musinsa.com/products/4790537
2026-09-02,파르티멘토우먼,4791433,오픈워크 어시매트릭 집업 후디 니트_아이보리,0.0,0,76950,76950,76950,0,0,0.0,100.0,1,high,24.35,6,2,none,,9,https://www.musinsa.com/products/4791433
2026-09-02,프리즘웍스,4791753,HOMEWARD BOUND SWEATSHIRT _ OATMEAL,0.0,0,37200,37200,37200,0,0,0.0,100.0,1,high,24.09,8,2,none,,9,https://www.musinsa.com/products/4791753
2026-09-02,링서울,4794697,slub v-neck knit cardigan-oatmeal,0.0,0,81900,81900,81900,0,0,0.0,100.0,1,high,24.01,8,2,none,,9,https://www.musinsa.com/products/4794697
2026-09-02,니티드,4797641,(W) 베이직 에센셜 워셔블 브이넥 가디건 BEIGE,0.0,0,39700,39700,39840,1,-140,-0.35,100.0,1,medium,25.2,5,2,none,,9,https://www.musinsa.com/products/4797641
2026-09-02,커버낫,4797833,C 로고 다잉 옥스포드 셔츠 Ivory,0.0,0,44100,44100,44100,0,0,0.0,100.0,1,high,24.0,6,2,none,,9,https://www.musinsa.com/products/4797833
2026-09-02,커버낫,4797897,워크 자켓 Charcoal,0.0,0,107100,107100,107100,0,0,0.0,100.0,1,high,24.0,6,2,none,,9,https://www.musinsa.com/products/4797897
2026-09-02,아캄,4798601,Western Vintage Check Shirts (Black),0.0,0,115500,115500,115500,0,0,0.0,100.0,1,high,24.0,6,2,none,,9,https://www.musinsa.com/products/4798601
2026-09-02,아캄,4798729,Camouflage Knit Zip-Up Cardigan (Khaki),0.0,0,117600,117600,117600,0,0,0.0,100.0,1,high,24.0,6,2,none,,9,https://www.musinsa.com/products/4798729
2026-09-02,인사일런스우먼,4800905,사이드라인 컷 데님 BLACK,0.0,0,111200,111200,125100,1,-13900,-11.11,100.0,1,medium,24.09,8,2,none,,9,https://www.musinsa.com/products/4800905
2026-09-02,로우클래식,4808073,HENRY NECK LONG SLEEVE T-SHIRT_MELANGE GREY_LC253TS03MG,0.0,0,55580,55580,55580,0,0,0.0,100.0,1,high,24.09,8,2,none,,9,https://www.musinsa.com/products/4808073
2026-09-02,필루미네이트,4808777,어반 라이트 백 팩-핑크,0.0,0,49000,49000,49000,0,0,0.0,100.0,1,high,24.01,8,2,none,,9,https://www.musinsa.com/products/4808777
2026-09-02,디스이즈네버댓,4813641,TNT International Hoodie Black,0.0,0,59500,59500,59500,0,0,0.0,100.0,1,high,24.0,6,2,none,,9,https://www.musinsa.com/products/4813641
2026-09-02,해칭룸,4816073,Raglan Tee Black/Moss Charcoal,2.69,209693,78000,78000,78000,0,0,0.0,100.0,1,high,24.0,9,2,none,,9,https://www.musinsa.com/products/4816073
2026-09-02,브룩스브라더스,4817417,슬림핏 코튼 스트레치 어드밴티지 치노 (그린) (BBPCMF8879IFS),0.0,0,89400,89400,95360,1,-5960,-6.25,100.0,1,medium,24.01,9,2,none,,9,https://www.musinsa.com/products/4817417
2026-09-02,유니폼브릿지,4817737,cotton fatigue pants wide fit navy,0.99,62365,63200,63200,63200,0,0,0.0,62.54,0,low,24.08,12,4,none,,9,https://www.musinsa.com/products/4817737
2026-09-02,유니폼브릿지,4817801,ubc stripe pocket s/s tee navy,0.0,0,41400,41400,41400,0,0,0.0,100.0,1,high,24.08,7,2,none,,9,https://www.musinsa.com/products/4817801
2026-09-02,유니폼브릿지,4818121,baseball two tone l/s tee(womens) charcoal,0.0,0,35600,35600,35600,0,0,0.0,100.0,1,high,24.08,7,2,none,,9,https://www.musinsa.com/products/4818121
2026-09-02,넌블랭크,4824329,[여름]코튼 컴포트 셋업 수트_DARK GREY,0.0,0,199840,199840,199840,0,0,0.0,100.0,1,high,24.01,8,2,none,,9,https://www.musinsa.com/products/4824329
2026-09-02,인사일런스,4825097,TYPE-2 데님 자켓 BLUE,0.0,0,127440,127440,127440,0,0,0.0,100.0,1,high,24.0,6,2,none,,9,https://www.musinsa.com/products/4825097
2026-09-02,다이브인,4826569,LOOSED WIDE DENIM PANTS (RIBBED BLACK),0.4,31554,79200,79200,79200,0,0,0.0,100.0,1,high,24.0,6,2,none,,9,https://www.musinsa.com/products/4826569
2026-09-02,꼼파뇨,4829001,Bubble Heart 피그먼트 반팔티 바질그린,0.0,0,33800,33800,33800,0,0,0.0,100.0,1,high,24.36,5,2,none,,9,https://www.musinsa.com/products/4829001
2026-09-02,르바,4831625,Crochet Lace Skirt - Off White,0.0,0,139500,139500,139500,0,0,0.0,100.0,1,high,25.2,5,2,none,,9,https://www.musinsa.com/products/4831625
2026-09-02,제멋,4834185,워크맨 클래식 헤링턴 자켓 브라운 SOJK2605,0.0,0,67410,67410,67410,0,0,0.0,100.0,1,high,24.09,8,2,none,,9,https://www.musinsa.com/products/4834185
2026-09-02,유라고,4837065,[예리 착용] Tension ribbed sleeveless,0.0,0,26600,26600,26600,0,0,0.0,100.0,1,high,24.0,6,2,none,,9,https://www.musinsa.com/products/4837065
2026-09-02,밀로아카이브,4837641,더블 레이어드 디테일 팬츠 [에크루],0.0,0,76800,76800,76800,0,0,0.0,100.0,1,high,24.01,8,2,none,,9,https://www.musinsa.com/products/4837641
2026-09-02,제이엘브,4845385,제이엘브 빅로고 볼캡,0.0,0,28800,28800,28800,0,0,0.0,100.0,1,high,24.01,8,2,none,,9,https://www.musinsa.com/products/4845385
2026-09-02,시야쥬,4846345,SIOT4140 코어 트렌치 자켓_Cream,0.0,0,167000,167000,167000,0,0,0.0,100.0,1,high,24.0,6,2,none,,9,https://www.musinsa.com/products/4846345
2026-09-02,리메인세컨드,4846473,버뮤다 와이드 원턱 카펜터 스웨트 쇼츠 [그레이],2.58,66943,25900,25900,25900,0,0,0.0,100.0,1,high,23.99,11,2,none,,9,https://www.musinsa.com/products/4846473
2026-09-02,키르시,4850249,키르시 플레인 체리 슬림핏 슬리브리스 드레스 [다크 네이비],0.0,0,29400,29400,29400,0,0,0.0,100.0,1,high,24.0,6,2,none,,9,https://www.musinsa.com/products/4850249
2026-09-02,에스피오나지,4852105,91 Denim Trucker Jacket Light Black,0.0,0,95400,95400,95400,0,0,0.0,100.0,1,high,24.09,8,2,none,,9,https://www.musinsa.com/products/4852105
2026-09-02,프리즘웍스,4853897,OVERSIZED WAFFLE POCKET TEE 002 _ LIGHT OLIVE,0.0,0,40600,40600,40600,0,0,0.0,100.0,1,high,24.09,8,2,none,,9,https://www.musinsa.com/products/4853897
2026-09-02,디스이즈네버댓,4854793,T.N.T. Classic HDP Sweatshort Shadow Plaid,0.0,0,63200,63200,63200,0,0,0.0,100.0,1,high,24.0,6,2,none,,9,https://www.musinsa.com/products/4854793
2026-09-02,디스이즈네버댓,4854857,(SS25) INTL. Logo Tee Dark Grey,0.0,0,47200,47200,47200,0,0,0.0,100.0,1,high,24.0,6,2,none,,9,https://www.musinsa.com/products/4854857
2026-09-02,디스이즈네버댓,4854921,Faded Stadium Jacket Beige,0.0,0,104500,104500,104500,0,0,0.0,100.0,1,high,24.0,6,2,none,,9,https://www.musinsa.com/products/4854921
2026-09-02,1993스튜디오,4855049,뉴 어센틱 로고 티셔츠_화이트,0.0,0,27300,27300,27300,0,0,0.0,100.0,1,high,24.0,6,2,none,,9,https://www.musinsa.com/products/4855049
2026-09-02,1993스튜디오,4855177,90S 아치 트랙 티셔츠_그레이,0.0,0,44100,44100,44100,0,0,0.0,100.0,1,high,24.0,6,2,none,,9,https://www.musinsa.com/products/4855177
2026-09-02,트립르센스,4859209,시드 스톤 네크리스_터키 블루,0.0,0,58400,58400,58400,0,0,0.0,100.0,1,high,24.01,8,2,none,,9,https://www.musinsa.com/products/4859209
2026-09-02,낫포너드,4861449,Stripe Cargo Flare Fit Pants - Red,0.0,0,46500,46500,46500,0,0,0.0,100.0,1,high,25.21,5,2,none,,9,https://www.musinsa.com/products/4861449
2026-09-02,로제프란츠,4864201,Bridal Ball Cap [Black],0.0,0,41800,41800,41800,0,0,0.0,100.0,1,high,25.21,5,2,none,,9,https://www.musinsa.com/products/4864201
2026-09-02,론론,4865481,HEART STAR HAND STITCH OVERFIT CROP KNIT BLACK,0.0,0,80190,80190,80190,0,0,0.0,100.0,1,high,24.09,8,2,none,,9,https://www.musinsa.com/products/4865481
2026-09-02,엘무드,4873801,쥬얼 트리밍 하프 티셔츠 블랙,0.0,0,29500,29500,29500,0,0,0.0,100.0,1,high,24.0,6,2,none,,9,https://www.musinsa.com/products/4873801
2026-09-02,칙스,4875337,유원 트랙 팬츠 블랙 (기본/양기모ver),0.0,0,62910,62910,69900,1,-6990,-10.0,100.0,1,medium,24.09,8,2,none,,9,https://www.musinsa.com/products/4875337
2026-09-02,디스이즈네버댓,4875721,TNT_Mickey_Two Tone Cap Navy/Yellow,0.0,0,41300,41300,41300,0,0,0.0,100.0,1,high,24.0,6,2,none,,9,https://www.musinsa.com/products/4875721
2026-09-02,썬러브투어,4876937,PERTEX® Total Shell Jacket Charcoal,0.0,0,118440,118440,118440,0,0,0.0,100.0,1,high,24.09,8,2,none,,9,https://www.musinsa.com/products/4876937
2026-09-02,몰든,4885961,텍스트 스트랩 크롭탑,0.0,0,22240,22240,22240,0,0,0.0,100.0,1,high,24.09,8,2,none,,9,https://www.musinsa.com/products/4885961
2026-09-02,키뮤어,4886217,써머 와이드 데님 팬츠_빈티지 블루,0.0,0,27450,27450,27450,0,0,0.0,100.0,1,high,24.09,8,2,none,,9,https://www.musinsa.com/products/4886217
2026-09-02,썸웨어버터,4888777,Nylon Fle Backpack - 3Color,0.0,0,127200,127200,127200,0,0,0.0,100.0,1,high,24.01,8,2,none,,9,https://www.musinsa.com/products/4888777
2026-09-02,더바넷,4895753,Candy Tuft Flower Case_Mint,0.0,0,31500,31500,31500,0,0,0.0,100.0,1,high,25.21,5,2,none,,9,https://www.musinsa.com/products/4895753
2026-09-02,배드블러드,4896777,미스틱 1/2 프린트 티셔츠 슬림핏 - 그레이,0.0,0,44000,44000,44000,0,0,0.0,100.0,1,high,24.09,8,2,none,,9,https://www.musinsa.com/products/4896777
2026-09-02,마인드브릿지,4898697,[쿨]테이퍼드 트리코트 밴딩 팬츠,0.0,0,49900,49900,49900,0,0,0.0,100.0,1,high,24.36,5,2,none,,9,https://www.musinsa.com/products/4898697
2026-09-02,마인드브릿지,4898825,두굿_소로나 쿨 터치 슬리브리스 - 2color,0.0,0,19900,19900,19900,0,0,0.0,100.0,1,high,24.37,5,2,none,,9,https://www.musinsa.com/products/4898825
2026-09-02,마인드브릿지우먼,4898953,[W]데님반바지_DG,0.0,0,39900,39900,39900,0,0,0.0,100.0,1,high,24.0,7,2,none,,9,https://www.musinsa.com/products/4898953
2026-09-02,마인드브릿지우먼,4899081,[W][쿨]슬림 테이퍼드 밴딩 슬랙스 - 2color,0.0,0,39900,39900,39900,0,0,0.0,100.0,1,high,24.0,7,2,none,,9,https://www.musinsa.com/products/4899081
2026-09-02,키르시,4904585,데미지 워싱 데님 스커트 [브라운],0.0,0,53400,53400,53400,0,0,0.0,100.0,1,high,24.01,6,2,none,,9,https://www.musinsa.com/products/4904585
2026-09-02,일리고,4908233,러플 배색 스커트 팬츠 블랙,0.0,0,78000,78000,78000,0,0,0.0,100.0,1,high,24.37,5,2,none,,9,https://www.musinsa.com/products/4908233
2026-09-02,세터,4910089,(W) 클래식 크루 넥 하프 니트 레드,0.0,0,119000,119000,119000,0,0,0.0,100.0,1,high,24.0,6,2,none,,9,https://www.musinsa.com/products/4910089
2026-09-02,1993스튜디오,4912329,심볼 로고 나일론 트랙 팬츠_네이비,0.6,29463,49000,49000,49000,0,0,0.0,100.0,1,high,24.01,6,2,none,,9,https://www.musinsa.com/products/4912329
2026-09-02,커버낫,4914505,스몰 어센틱 오픈 카라 하프 니트 Dark Navy,0.0,0,44100,44100,44100,0,0,0.0,100.0,1,high,24.0,6,2,none,,9,https://www.musinsa.com/products/4914505
2026-09-02,낫포너드,4915209,Curved Incision Flare Fit Denim Pants - Deep Blue,0.0,0,62100,62100,62100,0,0,0.0,100.0,1,high,25.21,5,2,none,,9,https://www.musinsa.com/products/4915209
2026-09-02,메종미네드,4918345,RUGGED CARPENTER DENIM PANTS BLUE,0.0,0,71400,71400,71400,0,0,0.0,100.0,1,high,24.37,5,2,none,,9,https://www.musinsa.com/products/4918345
2026-09-02,칙스,4932425,스탠다드 골지 홀터넥 블랙,0.98,17506,17910,17910,19900,1,-1990,-10.0,97.83,0,low,24.02,7,1,none,,9,https://www.musinsa.com/products/4932425
2026-09-02,플랙,4933449,[메르고X플랙] 스트레이트 데님팬츠 K52 미드 블루,0.0,0,69000,69000,69000,0,0,0.0,100.0,1,high,24.0,6,2,none,,9,https://www.musinsa.com/products/4933449
2026-09-02,아워데이즈,4933897,웨이비 커브드 버뮤다 데님 팬츠 [BLUE],0.0,0,39200,39200,39200,0,0,0.0,100.0,1,high,25.21,5,2,none,,9,https://www.musinsa.com/products/4933897
2026-09-02,유라고,4935817,Daisy layered skirt set,0.0,0,88160,88160,88160,0,0,0.0,100.0,1,high,24.0,6,2,none,,9,https://www.musinsa.com/products/4935817
2026-09-02,유라고,4935881,Pleats banding pants,0.0,0,60040,60040,60040,0,0,0.0,100.0,1,high,24.0,6,2,none,,9,https://www.musinsa.com/products/4935881
2026-09-02,던스트,4941705,UNISEX CUPID ARCH LOGO T-SHIRT_UDTS6B129_FRENCH NAVY,0.0,0,38500,38500,30800,1,7700,25.0,100.0,1,medium,24.01,8,2,none,,9,https://www.musinsa.com/products/4941705
2026-09-02,필루미네이트,4942409,레가시 메세지 티셔츠-화이트,0.0,0,23000,23000,23000,0,0,0.0,100.0,1,high,24.01,8,2,none,,9,https://www.musinsa.com/products/4942409
2026-09-02,어반드레스,4949001,Dyed Bermuda Denim Pants KHAKI,0.0,0,16980,16980,16980,0,0,0.0,100.0,1,high,24.09,8,2,none,,9,https://www.musinsa.com/products/4949001
2026-09-02,넌블랭크,4951561,래글런 HS 니트_DARK GREY/BLACK,0.0,0,68720,68720,68720,0,0,0.0,100.0,1,high,24.01,8,2,none,,9,https://www.musinsa.com/products/4951561
2026-09-02,언탭트스튜디오,4951689,[2PACK]워셔블 쿨 코튼 케이블 반팔 라운드 버튼 니트 3Color,0.0,0,54900,54900,54900,0,0,0.0,100.0,1,high,24.01,8,2,none,,9,https://www.musinsa.com/products/4951689
2026-09-02,에이치덱스,4958409,메인 스몰 로고 슬리브리스 (White),0.44,13579,31200,31200,31200,0,0,0.0,100.0,1,high,25.21,5,2,none,,9,https://www.musinsa.com/products/4958409
2026-09-02,락케이크,4959177,[젤라비 PICK] 96 Track Line Jogger - Black,2.2,172275,78480,78480,68670,1,9810,14.29,100.0,1,low,23.99,14,6,none,,9,https://www.musinsa.com/products/4959177
2026-09-02,플레어업,4963273,Muta Waffle Raglan T-Shirt (FL-154_White),0.0,0,19600,19600,24500,1,-4900,-20.0,100.0,1,medium,24.37,5,2,none,,9,https://www.musinsa.com/products/4963273
2026-09-02,필루미네이트,4969801,F 아플리케 로고 볼 캡-블랙,0.0,0,25000,25000,25000,0,0,0.0,100.0,1,high,24.01,8,2,none,,9,https://www.musinsa.com/products/4969801
2026-09-02,론론,4972809,PATCHWORK RUFFLE SHORT SLEEVE T SHIRT WHITE,0.0,0,53460,53460,53460,0,0,0.0,100.0,1,high,24.09,8,2,none,,9,https://www.musinsa.com/products/4972809
2026-09-02,커버낫,4974345,스몰 어센틱 맨투맨 Black,0.0,0,44100,44100,44100,0,0,0.0,100.0,1,high,23.99,11,5,none,,9,https://www.musinsa.com/products/4974345
2026-09-02,아틀리에나인,4983241,ONE SHOULDER STRING TEE(T-6818),0.0,0,23400,23400,23400,0,0,0.0,100.0,1,high,24.0,7,2,none,,9,https://www.musinsa.com/products/4983241
2026-09-02,커버낫,4988873,크리즈 이펙트 티셔츠 Heather Gray,0.6,15684,26100,26100,26100,0,0,0.0,100.0,1,high,24.01,6,2,none,,9,https://www.musinsa.com/products/4988873
2026-09-02,바우프,4995145,스타 심볼 팬츠 [블랙],0.0,0,92650,92650,92650,0,0,0.0,100.0,1,high,25.22,5,2,none,,9,https://www.musinsa.com/products/4995145
2026-09-02,세컨모놀로그,4996617,키홀 로고 케이블 카라 하프 니트 [LAVENDER]_SEKT024LAVENDER,0.0,0,17150,17150,17150,0,0,0.0,100.0,1,high,24.0,6,2,none,,9,https://www.musinsa.com/products/4996617
2026-09-02,르아브,4999881,Wild Dreamer 프린트 티셔츠 그레이,0.0,0,41300,41300,41300,0,0,0.0,100.0,1,high,24.01,8,2,none,,9,https://www.musinsa.com/products/4999881
2026-09-02,무센트,5000137,하링 시그니처 로고 스냅 버튼 유넥 슬리브리스 (5컬러),0.0,0,26910,26910,20930,1,5980,28.57,100.0,1,medium,24.01,6,2,none,,9,https://www.musinsa.com/products/5000137
2026-09-02,나이스고스트클럽,5002889,JUNJI ITO MANIAC TOMIE TUMBLER_BLACK(NG2FMUAB79B),0.0,0,24570,24570,24570,0,0,0.0,100.0,1,high,24.01,8,2,none,,9,https://www.musinsa.com/products/5002889
2026-09-02,더뮤지엄비지터,5005001,MESH MOUNTAINEERING BACKPACK (PINK),0.14,11090,76800,76800,76800,0,0,0.0,100.0,1,high,24.08,7,2,none,,9,https://www.musinsa.com/products/5005001
2026-09-02,트래블,5007881,제로쓰리 져지 레이스 쇼츠 라이트 베이지,0.0,0,22500,22500,22500,0,0,0.0,100.0,1,high,24.09,8,2,none,,9,https://www.musinsa.com/products/5007881
2026-09-02,에스피오나지,5007945,Jungle Fatigue S/S Outer Shirt Steel Grey,0.0,0,74400,74400,74400,0,0,0.0,100.0,1,high,24.09,8,2,none,,9,https://www.musinsa.com/products/5007945
2026-09-02,스컬프터,5008393,Eyelet Knit Shorts Red,0.0,0,42240,42240,42240,0,0,0.0,100.0,1,high,24.08,7,2,none,,9,https://www.musinsa.com/products/5008393
2026-09-02,레더리,5008649,썸하우 오버핏 반팔티 [BLACK],0.0,0,20280,20280,20280,0,0,0.0,100.0,1,high,24.38,5,2,none,,9,https://www.musinsa.com/products/5008649
2026-09-02,언더오프,5011721,오버핏 크루넥 1992아치 반팔 티셔츠 화이트레드,0.0,0,17900,17900,17900,0,0,0.0,100.0,1,high,24.0,6,2,none,,9,https://www.musinsa.com/products/5011721
2026-09-02,와르,5015369,M264 코튼 숏 팬츠_베이지,0.0,0,26000,26000,22200,1,3800,17.12,100.0,1,medium,24.08,7,2,none,,9,https://www.musinsa.com/products/5015369
2026-09-02,레더리,5016009,글로시 슬링 앤 미니 백팩 [BACK],0.0,0,38080,38080,38080,0,0,0.0,100.0,1,high,24.38,5,2,none,,9,https://www.musinsa.com/products/5016009
2026-09-02,커버낫,5024457,블록코어 아치 티셔츠 White,0.0,0,56880,56880,56880,0,0,0.0,100.0,1,high,24.01,6,2,none,,9,https://www.musinsa.com/products/5024457
2026-09-02,웬즈데이오아시스,5030409,썸머 시어서커 루즈 ST 셔츠_IVORY(W25-TP23),0.0,0,43400,43400,43400,0,0,0.0,100.0,1,low,24.09,7,2,none,,9,https://www.musinsa.com/products/5030409
2026-09-02,유라고,5031241,[무신사 단독] Day stripe half t-shirt,0.0,0,26600,26600,26600,0,0,0.0,100.0,1,high,24.0,6,2,none,,9,https://www.musinsa.com/products/5031241
2026-09-02,시야쥬,5031497,SITP5208 시스루 내추럴 ST 셔츠_White,0.0,0,70970,70970,70970,0,0,0.0,100.0,1,high,24.01,6,2,none,,9,https://www.musinsa.com/products/5031497
2026-09-02,스키즘인듀싱,5033737,MALICE PISTOLS T SHIRT WHITE,0.0,0,52000,52000,52000,0,0,0.0,100.0,1,high,24.09,9,2,none,,9,https://www.musinsa.com/products/5033737
2026-09-02,에스피오나지,5034633,Vintage Stripe Flap Pocket S/S Shirt Light Blue,0.0,0,61200,61200,61200,0,0,0.0,100.0,1,high,24.09,8,2,none,,9,https://www.musinsa.com/products/5034633
2026-09-02,커버낫,5035145,크로셰 하프 니트 셔츠 Black,0.0,0,53100,53100,53100,0,0,0.0,100.0,1,high,24.0,6,2,none,,9,https://www.musinsa.com/products/5035145
2026-09-02,썸웨어버터,5035465,Shell Button Round Shirt - Blue,0.0,0,91040,91040,91040,0,0,0.0,100.0,1,high,24.01,8,2,none,,9,https://www.musinsa.com/products/5035465
2026-09-02,쿠어,5035721,립스탑 오버 다잉 커브드 스윔 쇼츠 (워시드퍼플),0.0,0,90000,90000,90000,0,0,0.0,100.0,1,high,24.0,6,2,none,,9,https://www.musinsa.com/products/5035721
2026-09-02,무센트,5036617,바논 은장 사각 숄더백 남녀공용,1.0,32730,32721,35910,27930,1,7980,28.57,100.0,1,medium,24.01,6,2,none,,9,https://www.musinsa.com/products/5036617
2026-09-02,로제프란츠,5037769,Wrap Pumpkin Blouse [White],0.0,0,46280,46280,46280,0,0,0.0,100.0,1,high,25.22,5,2,none,,9,https://www.musinsa.com/products/5037769
2026-09-02,제멋,5046217,스킬 워시드 버뮤다 팬츠 그레이 NSSP2623,0.0,0,42900,42900,42900,0,0,0.0,100.0,1,high,24.09,8,2,none,,9,https://www.musinsa.com/products/5046217
2026-09-02,에이치덱스,5046665,에센셜 리브드 피그먼트 크롭 숏 슬리브 (Pigment Khaki),0.0,0,36750,36750,36750,0,0,0.0,100.0,1,high,25.22,5,2,none,,9,https://www.musinsa.com/products/5046665
2026-09-02,밀로아카이브,5054281,크롭 이지 니트 [아이보리],0.0,0,70400,70400,70400,0,0,0.0,100.0,1,high,24.01,8,2,none,,9,https://www.musinsa.com/products/5054281
2026-09-02,론론,5063625,PUFF SHIRRING SHORT SLEEVE T SHIRT BLACK,0.0,0,35640,35640,35640,0,0,0.0,100.0,1,high,24.09,8,2,none,,9,https://www.musinsa.com/products/5063625
2026-09-02,론론,5064137,LAYERED SLEEVELESS HOODIE DRESS GREY,0.0,0,71280,71280,71280,0,0,0.0,100.0,1,high,24.09,8,2,none,,9,https://www.musinsa.com/products/5064137
2026-09-02,커버낫,5066441,서핑 모션 그래픽 슬리브리스 Charcoal,0.0,0,35280,35280,35280,0,0,0.0,100.0,1,high,24.0,6,2,none,,9,https://www.musinsa.com/products/5066441
2026-09-02,브라운야드,5069129,"빈티지 코튼 피케 셔츠, 오프 화이트",0.0,0,78000,78000,78000,0,0,0.0,100.0,1,high,24.01,8,2,none,,9,https://www.musinsa.com/products/5069129
2026-09-02,무센트,5069193,시에라 호피 하트 반팔 티 남녀공용 (8컬러),4.29,106480,24846,26910,20930,1,5980,28.57,100.0,1,medium,10.04,27,10,none,,9,https://www.musinsa.com/products/5069193
2026-09-02,제너럴아이디어,5072585,UNISEX 뉴아이디어 레귤러 반팔티 [SKY BLUE] / SBE2U01012,0.0,0,25600,25600,25600,0,0,0.0,100.0,1,high,24.08,7,2,none,,9,https://www.musinsa.com/products/5072585
2026-09-02,테이크이지,5072777,퓨리티 아플리케 슬림 티셔츠 (블랙),0.0,0,19500,19500,19500,0,0,0.0,39.99,0,low,24.0,6,1,none,,9,https://www.musinsa.com/products/5072777
2026-09-02,파르티멘토,5073033,버뮤다 카고 팬츠 타이거 카모,0.0,0,67300,67300,67300,0,0,0.0,100.0,1,high,24.01,6,2,none,,9,https://www.musinsa.com/products/5073033
2026-09-02,헬레네파리스,5078665,[니들 PICK] 피그먼트 부츠컷 카고 팬츠 [스모크 그레이],2.89,148620,51510,51510,49210,1,2300,4.67,97.77,0,low,10.09,14,5,none,,9,https://www.musinsa.com/products/5078665
2026-09-02,로템버,5079625,카고 버뮤다 와이드 코튼 팬츠 [차콜],0.0,0,53280,53280,53280,0,0,0.0,100.0,1,high,24.09,8,2,none,,9,https://www.musinsa.com/products/5079625
2026-09-02,브룩스브라더스,5080521,슬림핏 논아이론 에인즐리 숏슬리브 드레스셔츠 (라이트블루) (BBTDMM0244M),0.0,0,159000,159000,159000,0,0,0.0,100.0,1,high,24.01,8,2,none,,9,https://www.musinsa.com/products/5080521
2026-09-02,기철,5081481,Hem button wide denim pants (raw black),0.0,0,55800,55800,55800,0,0,0.0,100.0,1,high,24.0,6,2,none,,9,https://www.musinsa.com/products/5081481
2026-09-02,세터,5081673,크로셰 오픈 칼라 하프 셔츠 크림,0.0,0,139000,139000,139000,0,0,0.0,100.0,1,high,24.0,6,2,none,,9,https://www.musinsa.com/products/5081673
2026-09-02,토마스모어,5082057,트윈포켓 반팔셔츠 - 네이비,0.0,0,63700,63700,63700,0,0,0.0,100.0,1,low,24.01,8,2,none,,9,https://www.musinsa.com/products/5082057
2026-09-02,아틀리에나인,5090953,BUSTIER LAYERD LONG DRESS(OP-6270),0.0,0,151200,151200,151200,0,0,0.0,100.0,1,high,24.0,7,2,none,,9,https://www.musinsa.com/products/5090953
2026-09-02,파르티멘토우먼,5091913,메탈 포인티드 웨이스트 진_라이트 블루,0.0,0,103680,103680,103680,0,0,0.0,100.0,1,high,24.39,6,2,none,,9,https://www.musinsa.com/products/5091913
2026-09-02,파르티멘토우먼,5091977,레글런 퍼프 숏슬리브 티_레드,0.0,0,34020,34020,34020,0,0,0.0,100.0,1,high,24.39,6,2,none,,9,https://www.musinsa.com/products/5091977
2026-09-02,프리즘웍스,5097929,CIGARETTE POCKET PIGMENT DYEING TEE _ BEIGE,0.0,0,27000,27000,27000,0,0,0.0,100.0,1,high,24.09,8,2,none,,9,https://www.musinsa.com/products/5097929
2026-09-02,몽돌,5097993,버클 스트랩 레인부츠 숏 MDAC056_3 Colors,1.0,24500,24500,24500,24500,0,0,0.0,100.0,1,high,10.15,18,8,none,,9,https://www.musinsa.com/products/5097993
2026-09-02,소버먼트,5104073,460G 컷 헤비 피그먼트 티셔츠-더스티 블루 그레이-,1.43,52268,36600,36600,36600,0,0,0.0,100.0,1,high,24.01,14,2,none,,9,https://www.musinsa.com/products/5104073
2026-09-02,제이엘브,5107145,올드스쿨 오버핏 숏슬리브,0.0,0,32480,32480,32480,0,0,0.0,100.0,1,high,24.01,8,2,none,,9,https://www.musinsa.com/products/5107145
2026-09-02,브라운야드,5109705,"빈티지 트러커 캡, 베이지",0.0,0,41300,41300,41300,0,0,0.0,100.0,1,high,24.01,8,2,none,,9,https://www.musinsa.com/products/5109705
2026-09-02,드로우핏우먼,5110857,썸머 린넨 보트넥 니트 [WHITE],0.0,0,47520,47520,59400,1,-11880,-20.0,100.0,1,medium,24.09,8,2,none,,9,https://www.musinsa.com/products/5110857
2026-09-02,니티드,5114633,[2PACK] (W) 베이직 에센셜 워셔블 카라 니트,0.0,0,70240,70240,70240,0,0,0.0,100.0,1,high,25.23,5,2,none,,9,https://www.musinsa.com/products/5114633
2026-09-02,1993스튜디오,5117513,[CHODAN] 스티치 배색 티셔츠_그레이,0.0,0,39900,39900,39900,0,0,0.0,100.0,1,high,24.01,6,2,none,,9,https://www.musinsa.com/products/5117513
2026-09-02,글로니,5119369,LOVE CRUSH MINI DRESS (MONO),0.0,0,428000,428000,428000,0,0,0.0,100.0,1,high,24.09,8,2,none,,9,https://www.musinsa.com/products/5119369
2026-09-02,트립르센스,5120713,로고 플레이트 모달코튼 슬리브리스_네이비,0.0,0,29600,29600,29600,0,0,0.0,100.0,1,high,24.01,8,2,none,,9,https://www.musinsa.com/products/5120713
2026-09-02,트립르센스,5120777,로고 플레이트 모달코튼 슬리브리스_그레이,0.0,0,29600,29600,29600,0,0,0.0,47.57,0,low,23.99,7,1,none,,9,https://www.musinsa.com/products/5120777
2026-09-02,트릴리온,5120969,카펜터 디스트로이드 데님 버뮤다 쇼츠_블루 그레이,0.0,0,19990,19990,19990,0,0,0.0,89.69,0,low,24.0,4,1,none,,9,https://www.musinsa.com/products/5120969
2026-09-02,제너럴아이디어,5123849,시스루 플라워 스카프 블라우스 [CREAM] / WBE2L03528,0.0,0,46110,46110,50400,1,-4290,-8.51,100.0,1,medium,24.09,7,2,none,,9,https://www.musinsa.com/products/5123849
2026-09-02,커버낫,5124169,[SET] 우븐 유틸리티 티셔츠 Beige,0.0,0,93240,93240,93240,0,0,0.0,100.0,1,high,24.01,6,2,none,,9,https://www.musinsa.com/products/5124169
2026-09-02,가까이유니언즈,5127433,원턱 8부 썬스턴 버뮤다 카고팬츠 그레이,0.0,0,34900,34900,34900,0,0,0.0,100.0,1,high,24.0,7,2,none,,9,https://www.musinsa.com/products/5127433
2026-09-02,아틀리에나인,5128137,LIT PLEATS SHIRT BLOUSE(BL-4312),0.0,0,95200,95200,95200,0,0,0.0,100.0,1,high,24.0,7,2,none,,9,https://www.musinsa.com/products/5128137
2026-09-02,미나브,5135689,더 크루 반팔 티셔츠 [화이트],0.0,0,26100,26100,26100,0,0,0.0,100.0,1,high,24.09,8,2,none,,9,https://www.musinsa.com/products/5135689
2026-09-02,프렌다,5138889,PRDA SPRAY BIG PATCH CHECK STAR CREWNECK TEE BLACK,0.0,0,17640,17640,17640,0,0,0.0,100.0,1,high,24.09,8,2,none,,9,https://www.musinsa.com/products/5138889
2026-09-02,주앙옴므,5143561,스트라이프 하프 슬리브 카라 니트 (차콜),0.0,0,62400,62400,62400,0,0,0.0,100.0,1,high,24.4,5,2,none,,9,https://www.musinsa.com/products/5143561
2026-09-02,룩캐스트,5148361,프레야 밴딩 레이스 쇼츠 / FREYA BANDING LACE SHORTS_3colors,0.0,0,29160,29160,29160,0,0,0.0,100.0,1,high,24.4,5,2,none,,9,https://www.musinsa.com/products/5148361
2026-09-02,코드그라피,5149513,터치드 워싱 와이드 데님팬츠_그레이,0.0,0,29710,29710,29710,0,0,0.0,100.0,1,high,25.23,5,2,none,,9,https://www.musinsa.com/products/5149513
2026-09-02,제멋,5152393,사이드 트랙 원턱 하프팬츠 블랙 OYSP2627,0.0,0,34900,34900,34900,0,0,0.0,100.0,1,high,24.09,8,2,none,,9,https://www.musinsa.com/products/5152393
2026-09-02,낫포너드,5152969,Ashen Dawn Incision Mesh Sleeveless - White,0.0,0,31000,31000,31000,0,0,0.0,100.0,1,high,25.23,5,2,none,,9,https://www.musinsa.com/products/5152969
2026-09-02,론론,5155209,PUMPKIN LAYERED SLEEVELESS WHITE DOT,0.0,0,53460,53460,53460,0,0,0.0,100.0,1,high,24.09,8,2,none,,9,https://www.musinsa.com/products/5155209
2026-09-02,제멋,5161161,[2PACK] 프로퍼 스트라이프 반팔티셔츠 OYST2637,0.0,0,47900,47900,47900,0,0,0.0,100.0,1,high,24.09,8,2,none,,9,https://www.musinsa.com/products/5161161
2026-09-02,아캄,5167433,Double Knee Denim Pants (Dark Blue),0.0,0,103600,103600,103600,0,0,0.0,100.0,1,high,24.0,6,2,none,,9,https://www.musinsa.com/products/5167433
2026-09-02,노이어,5167497,멀티 리브드 헨리넥 슬리브리스 (블랙),0.0,0,35100,35100,35100,0,0,0.0,100.0,1,high,24.09,8,2,none,,9,https://www.musinsa.com/products/5167497
2026-09-02,파르티멘토우먼,5170121,PWC 오버사이즈드 에브리데이 티_차콜,0.0,0,26730,26730,26730,0,0,0.0,100.0,1,high,24.41,6,2,none,,9,https://www.musinsa.com/products/5170121
2026-09-02,꼼파뇨,5175881,엔젤 브로치 크롭 반팔티 화이트,0.0,0,33800,33800,33800,0,0,0.0,100.0,1,high,24.41,5,2,none,,9,https://www.musinsa.com/products/5175881
2026-09-02,카키포인트,5176073,Cotton Balloon Pants (khaki),0.0,0,116640,116640,116640,0,0,0.0,100.0,1,high,24.09,8,2,none,,9,https://www.musinsa.com/products/5176073
2026-09-02,로제프란츠,5177225,Sheer Layered Shirring Dress [Black],0.0,0,61360,61360,61360,0,0,0.0,100.0,1,high,25.23,5,2,none,,9,https://www.musinsa.com/products/5177225
2026-09-02,론론,5180937,PUPPY TAILS BASIC FIT T SHIRT WHITE PINK,0.0,0,35640,35640,35640,0,0,0.0,100.0,1,high,24.09,8,2,none,,9,https://www.musinsa.com/products/5180937
2026-09-02,드헤베,5192905,Floral Long Dress [Ivory],0.0,0,127300,127300,127300,0,0,0.0,100.0,1,high,25.23,5,2,none,,9,https://www.musinsa.com/products/5192905
2026-09-02,론론,5205897,RUFFLE TEM TIE KNIT CARDIGAN SOFT YELLOW,0.0,0,80190,80190,80190,0,0,0.0,100.0,1,high,24.09,8,2,none,,9,https://www.musinsa.com/products/5205897
2026-09-02,론론,5205961,PUFF SLEEVE RUFFLE KNIT BLACK,0.0,0,71280,71280,71280,0,0,0.0,100.0,1,high,24.09,8,2,none,,9,https://www.musinsa.com/products/5205961
2026-09-02,러프사이드,5209929,Baker Blouson Dark Grey,0.0,0,378000,378000,378000,0,0,0.0,100.0,1,high,24.0,6,2,none,,9,https://www.musinsa.com/products/5209929
2026-09-02,파르티멘토우먼,5213641,팀 76 패치 숏슬리브 티_멜란지,0.0,0,31590,31590,31590,0,0,0.0,100.0,1,high,24.41,6,2,none,,9,https://www.musinsa.com/products/5213641
2026-09-02,썸웨어버터,5216137,Ketchup Butteree Over-Fit Top - Ivory,0.0,0,49000,49000,49000,0,0,0.0,100.0,1,high,24.01,8,2,none,,9,https://www.musinsa.com/products/5216137
2026-09-02,와이케이,5229897,YK 체크 아플리케 반팔티셔츠 네이비,0.0,0,34300,34300,34300,0,0,0.0,100.0,1,high,24.01,8,2,none,,9,https://www.musinsa.com/products/5229897
2026-09-02,해칭룸,5234121,Angel Flash Man Tee 1/2 Brown Charcoal,0.0,0,78000,78000,78000,0,0,0.0,100.0,1,high,24.41,5,2,none,,9,https://www.musinsa.com/products/5234121
2026-09-02,노매뉴얼,5242441,GEAR PATTERN JACQUARD MUFFLER - BLACK,0.0,0,50400,50400,50400,0,0,0.0,100.0,1,high,24.41,5,2,none,,9,https://www.musinsa.com/products/5242441
2026-09-02,노매뉴얼,5242505,RAW JACQUARD BEANIE - BEIGE,0.0,0,33600,33600,33600,0,0,0.0,100.0,1,high,24.41,5,2,none,,9,https://www.musinsa.com/products/5242505
2026-09-02,노매뉴얼,5243017,R.C DENIM BDU JACKET - WASHED BLACK,0.0,0,173250,173250,173250,0,0,0.0,100.0,1,high,24.41,5,2,none,,9,https://www.musinsa.com/products/5243017
2026-09-02,노매뉴얼,5243145,FLANNEL CHECK SHIRT - BLACK,0.9,84808,94500,94500,94500,0,0,0.0,100.0,1,high,24.41,5,2,none,,9,https://www.musinsa.com/products/5243145
2026-09-02,노매뉴얼,5243209,HEAVY WAFFLE HALF ZIP-UP - GRAY,1.35,120267,89300,89300,89300,0,0,0.0,100.0,1,high,24.41,10,7,none,,9,https://www.musinsa.com/products/5243209
2026-09-02,노매뉴얼,5243337,SPRAY DYEING KNIT - BEIGE,0.0,0,80500,80500,80500,0,0,0.0,100.0,1,high,24.41,5,2,none,,9,https://www.musinsa.com/products/5243337
2026-09-02,노매뉴얼,5243465,CREST LIGHT DUCK DOWN - BLACK,0.0,0,188100,188100,188100,0,0,0.0,100.0,1,high,24.41,5,2,none,,9,https://www.musinsa.com/products/5243465
2026-09-02,굿라이프웍스,5250377,비건레더 싱글 자켓 블랙,0.0,0,76300,76300,76300,0,0,0.0,100.0,1,high,24.0,6,2,none,,9,https://www.musinsa.com/products/5250377
2026-09-02,굿라이프웍스,5250441,그라데이션 브러쉬드 니트 차콜,0.0,0,43400,43400,43400,0,0,0.0,100.0,1,high,24.0,6,2,none,,9,https://www.musinsa.com/products/5250441
2026-09-02,코드그라피,5254217,(우먼) 스퀘어 로고 배색 반소매 맨투맨_네이비,0.0,0,47200,47200,47200,0,0,0.0,100.0,1,high,25.24,5,2,none,,9,https://www.musinsa.com/products/5254217
2026-09-02,무센트,5259785,엔도 슬림핏 카라 반팔 티,0.0,0,41310,41310,32130,1,9180,28.57,100.0,1,medium,24.01,6,2,none,,9,https://www.musinsa.com/products/5259785
2026-09-02,레더리,5260745,체크 웨스턴 슬림 셔츠 [AUTUMN BROWN],0.0,0,59400,59400,59400,0,0,0.0,100.0,1,high,24.41,5,2,none,,9,https://www.musinsa.com/products/5260745
2026-09-02,낫포너드,5272329,Patched Leather Side Zipper Card Wallet - Red,0.0,0,59000,59000,59000,0,0,0.0,100.0,1,high,25.24,5,2,none,,9,https://www.musinsa.com/products/5272329
2026-09-02,트릴리온,5276041,레더 패치 스웨이드 워크 후드 집업_브라운,0.1,4815,47900,47900,47900,0,0,0.0,100.0,1,high,24.42,5,2,none,,9,https://www.musinsa.com/products/5276041
2026-09-02,트릴리온,5276105,울 엘보우 패치 투 포켓 버튼 자켓_크림,0.0,0,84000,84000,84000,0,0,0.0,100.0,1,high,24.42,5,2,none,,9,https://www.musinsa.com/products/5276105
2026-09-02,9999아카이브,5276361,Technical Curved Denim Jeans,10.06,929119,92380,92380,92380,0,0,0.0,100.0,1,low,10.03,29,7,none,,9,https://www.musinsa.com/products/5276361
2026-09-02,테이크이지,5279945,플란넬 플리스 하프집업 (그린),0.4,13812,34500,24900,34500,1,-9600,-27.83,100.0,1,medium,24.01,6,2,none,,9,https://www.musinsa.com/products/5279945
2026-09-02,파브레가,5287113,드리즐 스트라이프 데님 팬츠 (미디엄 블루),0.22,18899,87300,87300,87300,0,0,0.0,100.0,1,high,25.24,5,2,none,,9,https://www.musinsa.com/products/5287113
2026-09-02,파브레가,5287561,본 피그다잉 체크 셔츠 (인디 핑크),0.0,0,74700,74700,74700,0,0,0.0,100.0,1,high,25.24,5,2,none,,9,https://www.musinsa.com/products/5287561
2026-09-02,마인드브릿지우먼,5289481,[W]루즈핏 타이 셔츠 - 2color,0.54,18705,34900,34900,34900,0,0,0.0,100.0,1,low,9.75,17,8,none,,9,https://www.musinsa.com/products/5289481
2026-09-02,마인드브릿지,5289673,스트레이트 사이드 밴딩 팬츠 - 2color,0.0,0,29900,29900,29900,0,0,0.0,100.0,1,high,24.42,5,2,none,,9,https://www.musinsa.com/products/5289673
2026-09-02,마인드브릿지우먼,5290761,[W]셔츠 레이어드 스트라이프 니트,0.0,0,49900,49900,49900,0,0,0.0,100.0,1,high,24.0,7,2,none,,9,https://www.musinsa.com/products/5290761
2026-09-02,다이브인,5293065,LIGHT CROP HOOD ZIP-UP (CHARCOAL),0.4,28507,71200,71200,71200,0,0,0.0,100.0,1,high,24.01,6,2,none,,9,https://www.musinsa.com/products/5293065
2026-09-02,다이브인,5294601,UNIFORM LONG SLEEVE (WHITE),0.0,0,29600,29600,29600,0,0,0.0,100.0,1,high,24.01,6,2,none,,9,https://www.musinsa.com/products/5294601
2026-09-02,로제프란츠,5298441,Fringe Crop Tweed Jacket [Ivory],0.0,0,107520,107520,107520,0,0,0.0,100.0,1,high,25.24,5,2,none,,9,https://www.musinsa.com/products/5298441
2026-09-02,로제프란츠,5298633,See-through Lace Long Sleeve [Black],0.0,0,43120,43120,43120,0,0,0.0,100.0,1,high,25.24,5,2,none,,9,https://www.musinsa.com/products/5298633
2026-09-02,비긴202,5299849,커브라이트 다운 점퍼 [블랙],0.0,0,161850,161850,161850,0,0,0.0,100.0,1,low,25.24,4,2,none,,9,https://www.musinsa.com/products/5299849
2026-09-02,디앤에스알,5300041,리브드 헨리넥 롱슬리브 차콜,0.0,0,39960,39960,39960,0,0,0.0,100.0,1,high,24.0,6,2,none,,9,https://www.musinsa.com/products/5300041
2026-09-02,플랙,5302409,ESSENTIAL M61 STRAIGHT BLUE BLACK,0.6,46909,78210,78210,78210,0,0,0.0,100.0,1,high,24.01,6,2,none,,9,https://www.musinsa.com/products/5302409
2026-09-02,디스이즈네버댓,5304329,City & Park Tee Dark Grey,0.0,0,38500,38500,38500,0,0,0.0,100.0,1,high,24.0,6,2,none,,9,https://www.musinsa.com/products/5304329
2026-09-02,인사일런스,5304777,가먼트다잉 워크 셔츠 CHARCOAL,0.0,0,116100,116100,116100,0,0,0.0,100.0,1,high,24.0,6,2,none,,9,https://www.musinsa.com/products/5304777
2026-09-02,커버낫,5305353,[커버낫X하이다나] 럭키 씨리얼 맨투맨 Oatmeal,0.0,0,64080,64080,64080,0,0,0.0,100.0,1,high,24.0,6,2,none,,9,https://www.musinsa.com/products/5305353
2026-09-02,아메스월드와이드,5306249,HOODIE LAYERED LONGSLEEVE TEE GREY,0.0,0,37800,37800,37800,0,0,0.0,100.0,1,high,24.42,6,2,none,,9,https://www.musinsa.com/products/5306249
2026-09-02,아메스월드와이드,5306313,52 HOBO BAG NAVY,1.0,44023,44100,44100,44100,0,0,0.0,100.0,1,high,24.42,6,2,none,,9,https://www.musinsa.com/products/5306313
2026-09-02,트리밍버드,5306825,Belted Cargo Skirt [ Black ],0.0,0,215100,215100,215100,0,0,0.0,100.0,1,high,24.09,8,2,none,,9,https://www.musinsa.com/products/5306825
2026-09-02,플랙,5308489,스트라이프 워시드 진 T41 블랙,0.0,0,86900,86900,86900,0,0,0.0,100.0,1,high,24.0,6,2,none,,9,https://www.musinsa.com/products/5308489
2026-09-02,코드그라피,5309513,CGP 로손 후디_멜란지그레이,0.0,0,23600,23600,23600,0,0,0.0,100.0,1,high,25.24,5,2,none,,9,https://www.musinsa.com/products/5309513
2026-09-02,언더오프,5309641,언더스모크 자카드 니트 블랙,0.0,0,26500,26500,26500,0,0,0.0,100.0,1,high,24.01,6,2,none,,9,https://www.musinsa.com/products/5309641
2026-09-02,유니폼브릿지,5310665,multi color stripe l/s t-shirt blue,0.0,0,44500,44500,44500,0,0,0.0,100.0,1,high,24.09,7,2,none,,9,https://www.musinsa.com/products/5310665
2026-09-02,썸웨어버터,5310793,Casual Wave Logo Knit - Burgundy,0.0,0,119000,119000,119000,0,0,0.0,100.0,1,high,24.01,8,2,none,,9,https://www.musinsa.com/products/5310793
2026-09-02,일리고,5310985,엔젤링 코위찬 니트 집업 브라운,0.0,0,102000,102000,102000,0,0,0.0,100.0,1,high,24.43,5,2,none,,9,https://www.musinsa.com/products/5310985
2026-09-02,웬즈데이오아시스,5311049,레이어드 위드 레오파드 볼캡_BROWN(W25-ACC06),0.0,0,38500,38500,38500,0,0,0.0,100.0,1,high,24.09,8,2,none,,9,https://www.musinsa.com/products/5311049
2026-09-02,일리고,5311113,프릴 도트 벌룬 스커트 화이트,0.0,0,58000,58000,58000,0,0,0.0,100.0,1,high,24.43,5,2,none,,9,https://www.musinsa.com/products/5311113
2026-09-02,언탭트스튜디오,5311305,오버핏 아란 케이블 라운드 니트 5Color,7.68,283420,36900,36900,36900,0,0,0.0,100.0,1,high,24.01,20,4,none,,9,https://www.musinsa.com/products/5311305
2026-09-02,카키포인트,5311369,Cancan Skirt Pants (ivory),1.73,166773,96390,96390,96390,0,0,0.0,100.0,1,high,24.09,8,2,none,,9,https://www.musinsa.com/products/5311369
2026-09-02,브라운브레스,5312777,[25FALL] TAG HOOD ZIP UP - MELANGE GREY,0.0,0,99000,99000,99000,0,0,0.0,100.0,1,high,24.09,8,2,none,,9,https://www.musinsa.com/products/5312777
2026-09-02,로템버,5314505,레이어드 모크넥 니트 티셔츠 [블랙],0.0,0,44460,44460,44460,0,0,0.0,100.0,1,high,24.09,8,2,none,,9,https://www.musinsa.com/products/5314505
2026-09-02,로템버,5314633,리브드 헨리넥 니트 티셔츠 [블랙],0.0,0,44460,44460,44460,0,0,0.0,100.0,1,high,24.09,8,2,none,,9,https://www.musinsa.com/products/5314633
2026-09-02,소버먼트,5316297,780G 솔리드 크롭 후디 집업-8%멜란지 그레이-,11.79,648501,55000,55000,55000,0,0,0.0,100.0,1,low,10.02,27,7,none,,9,https://www.musinsa.com/products/5316297
2026-09-02,아캄,5316425,Camo Contrast Hooded Long Sleeve (White),0.35,21949,62300,62300,62300,0,0,0.0,100.0,1,high,24.0,6,2,none,,9,https://www.musinsa.com/products/5316425
2026-09-02,엘무드,5316681,에센셜 실켓 후드 집업 멜란지 그레이,0.4,30056,75000,75000,75000,0,0,0.0,100.0,1,high,24.01,6,2,none,,9,https://www.musinsa.com/products/5316681
2026-09-02,엘무드,5316873,포마드 클래식 램 무스탕 자켓 블랙,0.0,0,898200,898200,898200,0,0,0.0,100.0,1,high,24.01,6,2,none,,9,https://www.musinsa.com/products/5316873
2026-09-02,파르티멘토우먼,5318409,PW 프린티드 언발란스 티_멜란지,0.0,0,37800,37800,37800,0,0,0.0,100.0,1,high,24.43,6,2,none,,9,https://www.musinsa.com/products/5318409
2026-09-02,커버낫,5320713,[최윤지 착용] 미들 C로고 니트 Ivory,0.0,0,58860,58860,58860,0,0,0.0,100.0,1,high,24.01,6,2,none,,9,https://www.musinsa.com/products/5320713
2026-09-02,커버낫,5320777,센터 로고 맨투맨 Melange Gray,0.0,0,44190,44190,44190,0,0,0.0,59.89,0,low,23.98,5,1,none,,9,https://www.musinsa.com/products/5320777
2026-09-02,커버낫,5321225,레귤러핏 데님 팬츠 Blue,0.0,0,57920,57920,57920,0,0,0.0,100.0,1,high,24.01,6,2,none,,9,https://www.musinsa.com/products/5321225
2026-09-02,프리즘웍스,5321929,DESTROYED COWHIDE LEATHER JACKET _ WASHED OLIVE,0.0,0,295200,295200,295200,0,0,0.0,100.0,1,high,24.09,8,2,none,,9,https://www.musinsa.com/products/5321929
2026-09-02,커버낫,5322057,벨루아 스트라이프 롱슬리브 Gray,0.0,0,53330,53330,53330,0,0,0.0,100.0,1,high,24.01,6,2,none,,9,https://www.musinsa.com/products/5322057
2026-09-02,스컬프터,5322697,Snowflake Knit Zip-Up Ladybug,0.0,0,82560,82560,82560,0,0,0.0,100.0,1,high,24.09,7,2,none,,9,https://www.musinsa.com/products/5322697
2026-09-02,도프제이슨,5323465,패널드 스포티 레더 자켓 DARK BROWN,0.0,0,179000,179000,179000,0,0,0.0,100.0,1,high,24.01,8,2,none,,9,https://www.musinsa.com/products/5323465
2026-09-02,키르시,5325385,키르시 멜로우 러플 레이어드 숏 팬츠 [라이트 옐로우],0.0,0,48300,48300,48300,0,0,0.0,100.0,1,high,24.01,6,2,none,,9,https://www.musinsa.com/products/5325385
2026-09-02,키르시,5325833,키르시 멜로우 스캘럽 니트 쇼츠 [라이트 옐로우],0.0,0,63200,63200,63200,0,0,0.0,100.0,1,high,24.01,6,2,none,,9,https://www.musinsa.com/products/5325833
2026-09-02,메종미네드,5326281,DOODLE HEART VINTAGE WASHED BALL CAP NAVY,0.0,0,34300,34300,34300,0,0,0.0,100.0,1,high,24.43,5,2,none,,9,https://www.musinsa.com/products/5326281
2026-09-02,세터,5327241,와플 헨리넥 롱 슬리브 블랙,3.72,331289,89000,89000,89000,0,0,0.0,100.0,1,high,23.99,20,2,none,,9,https://www.musinsa.com/products/5327241
2026-09-02,효지,5328137,25 FW 2버튼 크롭 자켓_레더 (스모키 카키),0.0,0,79000,79000,79000,0,0,0.0,100.0,1,high,24.0,6,2,none,,9,https://www.musinsa.com/products/5328137
2026-09-02,코드그라피,5332681,(우먼) 스트라이프 카라 맨투맨_버건디,0.0,0,55300,55300,55300,0,0,0.0,100.0,1,high,25.25,5,2,none,,9,https://www.musinsa.com/products/5332681
2026-09-02,아이돈워너셀,5333897,Linchpin Shirt Jacket Blue,0.0,0,96750,96750,96750,0,0,0.0,100.0,1,high,24.01,6,2,none,,9,https://www.musinsa.com/products/5333897
2026-09-02,아이돈워너셀,5334025,Mega Coil Boston Bag Brown,0.0,0,104250,104250,104250,0,0,0.0,100.0,1,high,24.01,6,2,none,,9,https://www.musinsa.com/products/5334025
2026-09-02,제너럴아이디어,5336073,MAN 클래식 크루넥 니트 베스트 [MUSTARD] / SBE3M06004,0.0,0,49600,49600,49600,0,0,0.0,100.0,1,high,24.09,7,2,none,,9,https://www.musinsa.com/products/5336073
2026-09-02,슈퍼서브,5338825,크로스 카운트 오버핏 후디 - 멜란지,0.0,0,62900,62900,62900,0,0,0.0,100.0,1,high,25.25,5,2,none,,9,https://www.musinsa.com/products/5338825
2026-09-02,러브이즈트루,5340297,SHUGO CHARA! RINGER TEE(WHITE),0.0,0,49000,49000,49000,0,0,0.0,100.0,1,high,24.01,8,2,none,,9,https://www.musinsa.com/products/5340297
2026-09-02,러브이즈트루,5340361,BASIC COLLAR TAPE TEE(GRAY),0.0,0,56100,56100,56100,0,0,0.0,100.0,1,high,24.01,5,2,none,,9,https://www.musinsa.com/products/5340361
2026-09-02,본투윈,5340809,SILVER BRN MUSCLE FIT T-SHIRTS [3COL],2.14,104826,49000,49000,49000,0,0,0.0,100.0,1,high,10.12,23,8,none,,9,https://www.musinsa.com/products/5340809
2026-09-02,와르,5341065,M1072 후드 헨리넥 티셔츠_레드,0.0,0,62400,62400,62400,0,0,0.0,100.0,1,high,24.08,7,2,none,,9,https://www.musinsa.com/products/5341065
2026-09-02,밀로아카이브,5341513,다이애그널 셔츠 [시멘트 그레이],0.0,0,68600,68600,65170,1,3430,5.26,100.0,1,medium,24.01,8,2,none,,9,https://www.musinsa.com/products/5341513
2026-09-02,어나더오피스,5342281,Commuter Silk Tie (Twill black),0.0,0,84000,84000,84000,0,0,0.0,97.65,0,low,24.02,6,1,none,,9,https://www.musinsa.com/products/5342281
2026-09-02,룩캐스트,5342345,바이올렛 모헤어 스카프 / VIOLET MOHAIR SCARF_3colors,0.0,0,25440,25440,25440,0,0,0.0,100.0,1,high,24.43,5,2,none,,9,https://www.musinsa.com/products/5342345
2026-09-02,인사일런스우먼,5343561,체크 셔링 셔츠 BLACK CHECK,0.0,0,129200,129200,129200,0,0,0.0,100.0,1,high,24.09,8,2,none,,9,https://www.musinsa.com/products/5343561
2026-09-02,유라고,5345033,Button half leather jacket,0.0,0,128440,128440,128440,0,0,0.0,64.79,0,low,23.99,5,1,none,,9,https://www.musinsa.com/products/5345033
2026-09-02,모즈모즈,5345097,윙즈기타 그래픽 피그먼트 롱 슬리브 챠콜,0.0,0,23500,23500,23500,0,0,0.0,100.0,1,high,24.0,6,2,none,,9,https://www.musinsa.com/products/5345097
2026-09-02,워크온바디오프,5345481,[젠플록스 PICK] 레스티드 세미 오버핏 헨리넥 니트 [차콜],4.03,95342,23660,23660,23660,0,0,0.0,100.0,1,high,10.01,18,7,none,,9,https://www.musinsa.com/products/5345481
2026-09-02,필루미네이트,5345865,밀리터리 아플리케 볼캡-블랙,0.0,0,20900,20900,20900,0,0,0.0,100.0,1,high,24.01,8,2,none,,9,https://www.musinsa.com/products/5345865
2026-09-02,디스이즈네버댓,5350025,T-Logo Crewneck Light Green,0.0,0,79200,79200,79200,0,0,0.0,100.0,1,high,24.01,6,2,none,,9,https://www.musinsa.com/products/5350025
2026-09-02,쿠어,5350473,에센셜 후디 스웻셔츠 (블랙),0.0,0,117000,117000,117000,0,0,0.0,100.0,1,high,24.0,6,2,none,,9,https://www.musinsa.com/products/5350473
2026-09-02,커스텀어클락,5351625,소프트 케이블 라운드 가디건 오트밀 COOSCD021OATMEAL,0.0,0,47200,47200,47200,0,0,0.0,100.0,1,high,24.01,6,2,none,,9,https://www.musinsa.com/products/5351625
2026-09-02,1993스튜디오,5352009,[LG트윈스x1993스튜디오] 브이넥 나일론 피스테_레드,0.0,0,89000,89000,89000,0,0,0.0,100.0,1,high,24.01,6,2,none,,9,https://www.musinsa.com/products/5352009
2026-09-02,비터셀즈,5354761,에센셜 리브드 니트 후드 집업-베이지,0.0,0,65480,65480,65480,0,0,0.0,100.0,1,high,24.44,5,2,none,,9,https://www.musinsa.com/products/5354761
2026-09-02,썬러브투어,5355849,Crescent Brushed Hoodie Ivory,0.0,0,56990,56990,66720,1,-9730,-14.58,100.0,1,medium,24.09,8,2,none,,9,https://www.musinsa.com/products/5355849
2026-09-02,썬러브투어,5356105,W Patch Track Jacket Black,0.0,0,69290,69290,81120,1,-11830,-14.58,100.0,1,medium,24.09,8,2,none,,9,https://www.musinsa.com/products/5356105
2026-09-02,론론,5357705,MIX STAR APPLIQUE OVER FIT LONG SLEEVE WHITE,0.98,46355,47520,47520,36960,1,10560,28.57,100.0,1,medium,24.09,8,2,none,,9,https://www.musinsa.com/products/5357705
2026-09-02,디앤에스알,5358025,리브드 롱슬리브 아이보리,0.0,0,49600,49600,49600,0,0,0.0,100.0,1,high,24.0,6,2,none,,9,https://www.musinsa.com/products/5358025
2026-09-02,제너럴아이디어,5358281,브이넥 타이 블라우스 [BLACK] / WBE3L03503,0.0,0,47200,47200,47200,0,0,0.0,100.0,1,high,24.09,7,2,none,,9,https://www.musinsa.com/products/5358281
2026-09-02,스키즘인듀싱,5358537,CURVED ZIPPER SWEATPANTS BLACK,0.0,0,124200,124200,124200,0,0,0.0,100.0,1,high,24.09,9,2,none,,9,https://www.musinsa.com/products/5358537
2026-09-02,드로우핏,5358729,워시드 코튼 샴브레이 워크 셔츠 [BLUE],0.0,0,49500,49500,49500,0,0,0.0,100.0,1,high,25.25,5,2,none,,9,https://www.musinsa.com/products/5358729
2026-09-02,더바넷,5359881,Maro Pigment Pocket T-Shirt_Khaki,0.0,0,72250,72250,72250,0,0,0.0,100.0,1,high,25.25,5,2,none,,9,https://www.musinsa.com/products/5359881
2026-09-02,썬러브투어,5359945,Heather Boucle Beanie Charcoal,0.0,0,22550,22550,26400,1,-3850,-14.58,100.0,1,medium,24.09,8,2,none,,9,https://www.musinsa.com/products/5359945
2026-09-02,키르시,5360521,듀이 체리 유니 루즈핏 후디 [오트밀],0.0,0,69300,69300,69300,0,0,0.0,100.0,1,high,24.01,6,2,none,,9,https://www.musinsa.com/products/5360521
2026-09-02,키르시,5360585,피그먼트 다잉 니트 집업 [차콜],0.0,0,70900,70900,70900,0,0,0.0,100.0,1,high,24.01,6,2,none,,9,https://www.musinsa.com/products/5360585
2026-09-02,아틀리에나인,5361225,ESSENTIAL INDIGO WIDE PANTS(PT-5703),0.0,0,95060,95060,76050,1,19010,25.0,100.0,1,medium,24.0,7,2,none,,9,https://www.musinsa.com/products/5361225
2026-09-02,엑스컨테이너,5361929,미니멀 하이넥 니트 집업 (KHAKI GREEN),0.0,0,79000,79000,79000,0,0,0.0,100.0,1,high,24.44,5,2,none,,9,https://www.musinsa.com/products/5361929
2026-09-02,드로우핏,5364425,스트라이프 슬림 모던 타이 [2COLORS],1.22,27356,22500,22500,22500,0,0,0.0,100.0,1,high,25.25,13,7,none,,9,https://www.musinsa.com/products/5364425
2026-09-02,파르티멘토우먼,5366793,PWC 저지 셔링 티어드 미디 스커트_차콜 멜란지,0.0,0,33390,33390,33390,0,0,0.0,10.16,0,low,24.44,4,1,none,,9,https://www.musinsa.com/products/5366793
2026-09-02,파르티멘토우먼,5366857,PWC 하이넥 백 버튼업 니트 탑_블랙 스트라이프,0.0,0,47790,47790,47790,0,0,0.0,100.0,1,high,24.44,6,2,none,,9,https://www.musinsa.com/products/5366857
2026-09-02,필루미네이트,5374665,올드 스쿨 플란넬 체크 셔츠-레드,0.53,17326,33000,33000,33000,0,0,0.0,100.0,1,high,24.01,8,2,none,,9,https://www.musinsa.com/products/5374665
2026-09-02,르바,5376329,Overdyed Wide Denim - Stone Navy,0.0,0,98100,98100,98100,0,0,0.0,100.0,1,high,25.25,5,2,none,,9,https://www.musinsa.com/products/5376329
2026-09-02,르바,5376393,Standard Soft T-Shirt - Off White,0.0,0,46800,46800,46800,0,0,0.0,100.0,1,high,25.25,5,2,none,,9,https://www.musinsa.com/products/5376393
2026-09-02,르바,5376457,Fuzzy Eyelet Layered Wrap Knit - Rustic Brown,0.0,0,71100,71100,71100,0,0,0.0,100.0,1,high,25.25,5,2,none,,9,https://www.musinsa.com/products/5376457
2026-09-02,인사일런스,5376585,코튼 포켓 자켓 BROWN,0.0,0,178200,178200,178200,0,0,0.0,100.0,1,high,24.01,6,2,none,,9,https://www.musinsa.com/products/5376585
2026-09-02,세컨모놀로그,5380297,에어플로우 와플 트랙 자켓 [BROWN]_SEJK022BROWN,0.0,0,43600,43600,43600,0,0,0.0,100.0,1,high,24.01,6,2,none,,9,https://www.musinsa.com/products/5380297
2026-09-02,제너럴아이디어,5380617,하이넥 사파리 하프 자켓 [LIGHT KHAKI] / WBE3L09504,0.0,0,101650,101650,101650,0,0,0.0,100.0,1,high,24.09,7,2,none,,9,https://www.musinsa.com/products/5380617
2026-09-02,프리즘웍스,5381321,ARMY AIRFIELD SWEATSHIRT _ BLACK,0.02,812,34560,38400,34560,1,3840,11.11,100.0,1,medium,24.09,8,2,none,,9,https://www.musinsa.com/products/5381321
2026-09-02,드로우핏우먼,5382537,코어 스트레이트 핏 데님 팬츠 [LIGHT BLUE],0.0,0,66600,66600,66600,0,0,0.0,100.0,1,high,24.09,8,2,none,,9,https://www.musinsa.com/products/5382537
2026-09-02,드로우핏우먼,5382601,루어 스웨이드 미니 토트 백 [BLACK],0.0,0,59400,59400,59400,0,0,0.0,100.0,1,high,24.09,8,2,none,,9,https://www.musinsa.com/products/5382601
2026-09-02,비터셀즈,5384265,헤어리 넥 라이트푸퍼 자켓-그레이,0.0,0,116350,116350,116350,0,0,0.0,100.0,1,high,24.44,5,2,none,,9,https://www.musinsa.com/products/5384265
2026-09-02,언더오프,5385097,어센틱 릴렉스드 나인티나인 맨투맨 스웨트 블랙,0.0,0,34900,34900,34900,0,0,0.0,100.0,1,high,24.01,6,2,none,,9,https://www.musinsa.com/products/5385097
2026-09-02,칙스,5386313,원드랍 플리츠 레이어드 스커트 브라운,0.0,0,48510,48510,53900,1,-5390,-10.0,100.0,1,medium,24.09,8,2,none,,9,https://www.musinsa.com/products/5386313
2026-09-02,웬즈데이오아시스,5388425,페이드 그라데이션 체크 셔츠_BURGUNDY(W25-SH04),0.0,0,68600,68600,68600,0,0,0.0,100.0,1,high,24.09,8,2,none,,9,https://www.musinsa.com/products/5388425
2026-09-02,어반드레스,5390025,Pigment Felt Crop Hoody PIGMENT WASHING BLACK,0.0,0,55500,55500,55500,0,0,0.0,100.0,1,high,24.09,8,2,none,,9,https://www.musinsa.com/products/5390025
2026-09-02,아틀리에나인,5391945,CUTOUT OBLIQUE KNIT (Z-T-7131),1.3,89609,69070,69070,69070,0,0,0.0,100.0,1,high,24.0,7,2,none,,9,https://www.musinsa.com/products/5391945
2026-09-02,일꼬르소,5393289,빈티지 신드롬 스웻셔츠 화이트 IETS5F004WT,0.0,0,48300,48300,48300,0,0,0.0,100.0,1,high,24.01,6,2,none,,9,https://www.musinsa.com/products/5393289
2026-09-02,트릴리온,5393353,워셔블 울 헤어리 스트라이프 후드 집업 니트_카키,0.0,0,47800,47800,47800,0,0,0.0,100.0,1,high,24.44,5,2,none,,9,https://www.musinsa.com/products/5393353
2026-09-02,유니폼브릿지,5393545,cashmere blended cable half knit(womens) camel,0.0,0,32710,32710,32710,0,0,0.0,100.0,1,high,24.08,7,2,none,,9,https://www.musinsa.com/products/5393545
2026-09-02,트리밍버드,5393673,Tied Scarf Shirt [ Black ],0.0,0,198000,198000,198000,0,0,0.0,100.0,1,high,24.09,8,2,none,,9,https://www.musinsa.com/products/5393673
2026-09-02,세터,5393737,(W) 클래식 로고 헤어핀 세트 블랙,0.0,0,19000,19000,19000,0,0,0.0,100.0,1,high,24.0,6,2,none,,9,https://www.musinsa.com/products/5393737
2026-09-02,테이크이지,5395273,[2PACK] 크롭 리얼트리 후드집업 카키 (+솔리드 크롭 티셔츠 증정),0.0,0,49900,49900,49900,0,0,0.0,59.81,0,low,23.98,5,1,none,,9,https://www.musinsa.com/products/5395273
2026-09-02,세터,5395849,코튼 크루 삭스 화이트,0.0,0,9900,9900,9900,0,0,0.0,100.0,1,high,24.0,6,2,none,,9,https://www.musinsa.com/products/5395849
2026-09-02,틸아이다이,5396041,Double button jacket TIFA03JK02_Black,0.0,0,115350,115350,185730,1,-70380,-37.89,100.0,1,medium,24.09,7,2,none,,9,https://www.musinsa.com/products/5396041
2026-09-02,세터,5397129,(W) 소프트 터치 케이블 크루 넥 니트 차콜,0.0,0,139000,139000,139000,0,0,0.0,100.0,1,high,24.0,6,2,none,,9,https://www.musinsa.com/products/5397129
2026-09-02,후드후드,5406857,스타 아플리케 자수 후드 차콜,0.0,0,50900,50900,50900,0,0,0.0,100.0,1,high,25.25,5,2,none,,9,https://www.musinsa.com/products/5406857
2026-09-02,와이케이,5407241,YK 체크 아플리케 후드티셔츠 멜란지화이트,0.0,0,59250,59250,59250,0,0,0.0,100.0,1,high,24.01,8,2,none,,9,https://www.musinsa.com/products/5407241
2026-09-02,르아브,5408649,세그먼트 체크 크롭 긴팔 셔츠 버건디,0.53,38602,73500,73500,73500,0,0,0.0,100.0,1,high,24.01,8,2,none,,9,https://www.musinsa.com/products/5408649
2026-09-02,커버낫,5409929,어센틱 로고 코듀로이 5패널 캡 Brown,0.0,0,36450,36450,36450,0,0,0.0,100.0,1,high,24.01,6,2,none,,9,https://www.musinsa.com/products/5409929
2026-09-02,디스이즈네버댓,5414217,Light Duffle Bag (S) White,0.0,0,36000,36000,36000,0,0,0.0,100.0,1,high,24.01,6,2,none,,9,https://www.musinsa.com/products/5414217
2026-09-02,디스이즈네버댓,5414281,TN Applique Cap Black/Beige,0.0,0,34300,34300,34300,0,0,0.0,100.0,1,high,24.01,6,2,none,,9,https://www.musinsa.com/products/5414281
2026-09-02,디스이즈네버댓,5414345,Chino Pant Dark Green,0.0,0,95200,95200,95200,0,0,0.0,100.0,1,high,24.01,6,2,none,,9,https://www.musinsa.com/products/5414345
2026-09-02,드릭스,5417609,스트라이프 머슬핏 헨리넥 롱 슬리브_4color,0.12,3003,25330,25330,25330,0,0,0.0,100.0,1,high,24.09,12,6,none,,9,https://www.musinsa.com/products/5417609
2026-09-02,배드블러드,5420553,미스틱 빅패치 볼캡 - 더스티그린카모,0.98,65825,67500,67500,67500,0,0,0.0,100.0,1,high,24.09,8,2,none,,9,https://www.musinsa.com/products/5420553
2026-09-02,솔트앤초콜릿,5424329,레니스 슬링백 412532003 (5cm),0.0,0,47400,47400,47400,0,0,0.0,100.0,1,high,24.09,7,2,none,,9,https://www.musinsa.com/products/5424329
2026-09-02,밀로아카이브,5424585,소이 스트라이프 후드 집업 [딥 브라운],0.0,0,94400,94400,94400,0,0,0.0,100.0,1,high,24.01,8,2,none,,9,https://www.musinsa.com/products/5424585
2026-09-02,슬로우애시드,5425033,아웃 포켓 핀턱 팬츠 [베이지],0.77,39213,50700,50700,50700,0,0,0.0,100.0,1,high,25.25,5,2,none,,9,https://www.musinsa.com/products/5425033
2026-09-02,슬로우애시드,5425545,메탈릭 심볼 키링 [실버],0.0,0,22100,22100,22100,0,0,0.0,100.0,1,high,25.25,5,2,none,,9,https://www.musinsa.com/products/5425545
2026-09-02,론론,5426313,DOT PANEL SLIM HOODIE LONG SLEEVE NAVY,0.0,0,53460,53460,53460,0,0,0.0,100.0,1,high,24.09,8,2,none,,9,https://www.musinsa.com/products/5426313
2026-09-02,니티드,5429001,(W) 베이직 에센셜 워셔블 라운드 니트 MOCHA,0.0,0,31840,31840,31840,0,0,0.0,100.0,1,high,25.25,5,2,none,,9,https://www.musinsa.com/products/5429001
2026-09-02,탄산마그네슘,5430409,도트 패턴 후드집업 (화이트/레드),0.0,0,120080,120080,120080,0,0,0.0,100.0,1,high,24.0,6,2,none,,9,https://www.musinsa.com/products/5430409
2026-09-02,노이어,5432329,식스 포켓 와이드 슬랙스 (차콜),0.02,3384,141700,141700,141700,0,0,0.0,100.0,1,high,24.09,8,2,none,,9,https://www.musinsa.com/products/5432329
2026-09-02,썬러브투어,5432649,Flannel Club Cap Green,0.0,0,28290,28290,33120,1,-4830,-14.58,100.0,1,medium,24.09,8,2,none,,9,https://www.musinsa.com/products/5432649
2026-09-02,론론,5434249,MULTI PATTERN HEART STRIPE LONG SLEEVE NAVY,0.97,52122,53460,53460,53460,0,0,0.0,100.0,1,high,24.09,8,2,none,,9,https://www.musinsa.com/products/5434249
2026-09-02,노이어,5434313,멀티 웨일 코듀로이 해링턴 자켓 (블랙),0.0,0,208200,208200,208200,0,0,0.0,100.0,1,high,24.09,8,2,none,,9,https://www.musinsa.com/products/5434313
2026-09-02,트립르센스,5436041,커버 스티치 크롭 와플 맨투맨_크림아이보리,0.0,0,59200,59200,59200,0,0,0.0,100.0,1,high,24.02,8,2,none,,9,https://www.musinsa.com/products/5436041
2026-09-02,제멋,5436361,누와 피그먼트 와이드 스웨트 팬츠 애쉬그레이 SJLP2655,0.0,0,33900,33900,33900,0,0,0.0,100.0,1,high,24.09,8,2,none,,9,https://www.musinsa.com/products/5436361
2026-09-02,디스이즈네버댓,5438089,Open Collar Sweatshirt Navy,0.0,0,79200,79200,79200,0,0,0.0,100.0,1,high,24.01,6,2,none,,9,https://www.musinsa.com/products/5438089
2026-09-02,아캄,5439433,Side Camo Raglan Long Sleeve (Khaki),0.0,0,71400,71400,71400,0,0,0.0,100.0,1,high,24.0,6,2,none,,9,https://www.musinsa.com/products/5439433
2026-09-02,미세키서울,5439881,double button knit one piece BLACK,0.0,0,140600,140600,,0,,,10.13,0,low,16.04,4,1,none,,9,https://www.musinsa.com/products/5439881
2026-09-02,시눈,5443785,Sinoon Striped Polo Knit (Ivory),0.0,0,85760,85760,85760,0,0,0.0,100.0,1,high,24.0,6,2,none,,9,https://www.musinsa.com/products/5443785
2026-09-02,일꼬르소,5443913,첼시 숏 다운 점퍼 페일 카키 IEJU5F006K4,0.0,0,161400,161400,161400,0,0,0.0,100.0,1,high,24.01,6,2,none,,9,https://www.musinsa.com/products/5443913
2026-09-02,스컬프터,5448521,Brass Napoleon Jacket Beige,0.29,52378,179280,179280,179280,0,0,0.0,100.0,1,high,24.09,7,2,none,,9,https://www.musinsa.com/products/5448521
2026-09-02,몽돌,5449097,언발란스 케이블 랩 니트 탑 그레이 MDKT114GRAY,0.0,0,62050,62050,62050,0,0,0.0,100.0,1,high,24.09,7,2,none,,9,https://www.musinsa.com/products/5449097
2026-09-02,에이이에이이,5453193,ROUND POCKET CORDUROY PANTS [NAVY],0.0,0,111200,111200,111200,0,0,0.0,100.0,1,high,24.45,5,2,none,,9,https://www.musinsa.com/products/5453193
2026-09-02,에이이에이이,5453321,LAYERED KNIT HOODIE [CHARCOAL],0.0,0,103200,103200,103200,0,0,0.0,100.0,1,high,24.45,5,2,none,,9,https://www.musinsa.com/products/5453321
2026-09-02,필루미네이트,5458505,[패션플래닛×필루미네이트] 코어 스탠다드 패딩-2Color,0.0,0,69000,69000,69000,0,0,0.0,100.0,1,high,24.02,8,2,none,,9,https://www.musinsa.com/products/5458505
2026-09-02,밀로아카이브,5459593,버튼 라이너 퀼티드 자켓 [블랙],0.47,52472,110600,110600,110600,0,0,0.0,100.0,1,high,24.02,8,2,none,,9,https://www.musinsa.com/products/5459593
2026-09-02,어나더오피스,5462473,American Standard Belt (Brown),0.0,0,98000,98000,98000,0,0,0.0,100.0,1,high,24.09,7,2,none,,9,https://www.musinsa.com/products/5462473
2026-09-02,디스이즈네버댓,5468809,Flannel Country Shirt Khaki,0.0,0,97300,97300,97300,0,0,0.0,100.0,1,high,24.01,6,2,none,,9,https://www.musinsa.com/products/5468809
2026-09-02,디스이즈네버댓,5468937,Overdyed Hooded Jacket Brown,0.0,0,146300,146300,146300,0,0,0.0,100.0,1,high,24.01,6,2,none,,9,https://www.musinsa.com/products/5468937
2026-09-02,아캄,5476873,Basic Logo Camouflage Zip-Up Hoodie (Khaki),0.0,0,107100,107100,107100,0,0,0.0,100.0,1,high,24.0,6,2,none,,9,https://www.musinsa.com/products/5476873
2026-09-02,일꼬르소,5480969,TAKE IT EASY 코듀로이 볼캡 다크 네이비 IEHE5F001N3,0.0,0,27300,27300,27300,0,0,0.0,100.0,1,high,24.01,6,2,none,,9,https://www.musinsa.com/products/5480969
2026-09-02,본투윈,5482441,W SYMBOL B FLEECE LONG LEGGINGS [CHARCOAL],0.0,0,75000,75000,75000,0,0,0.0,100.0,1,high,24.09,7,2,none,,9,https://www.musinsa.com/products/5482441
2026-09-02,세터,5489417,로프 로고 자수 브이넥 니트 브라운,0.0,0,149000,149000,149000,0,0,0.0,100.0,1,high,24.0,6,2,none,,9,https://www.musinsa.com/products/5489417
2026-09-02,마인드브릿지,5489801,[웜]퍼티그 조직 변형 밴딩 팬츠 - 2color,0.0,0,94050,94050,99000,1,-4950,-5.0,100.0,1,medium,24.46,5,2,none,,9,https://www.musinsa.com/products/5489801
2026-09-02,마인드브릿지,5489929,캐시가공 울 라이크 하프 코트 - 3color,0.1,11812,119040,119040,125300,1,-6260,-5.0,100.0,1,medium,24.46,5,2,none,,9,https://www.musinsa.com/products/5489929
2026-09-02,길라아카이브,5495049,BOLD LOGO POCKET KNIT SHORTS_BLACK,0.0,0,56880,56880,56880,0,0,0.0,47.41,0,low,3.98,19,7,rebase,900,9,https://www.musinsa.com/products/5495049
2026-09-02,론론,5503625,BACK EMBROIDERY PINTUCK SHIRT WHITE,0.0,0,89100,89100,89100,0,0,0.0,100.0,1,high,24.09,8,2,none,,9,https://www.musinsa.com/products/5503625
2026-09-02,언더오프,5506313,오버핏 세미 크롭 스냅 후드 카모 프린트 화이트멜란지,0.0,0,36720,36720,36720,0,0,0.0,100.0,1,high,24.01,6,2,none,,9,https://www.musinsa.com/products/5506313
2026-09-02,커버낫,5506441,세미와이드 스몰 로고 기모 스웻 팬츠 Oatmeal,0.0,0,64080,64080,64080,0,0,0.0,100.0,1,high,24.01,6,2,none,,9,https://www.musinsa.com/products/5506441
2026-09-02,밀로아카이브,5506569,벤 스톤 브레이슬릿 [브라운],0.0,0,36480,36480,36480,0,0,0.0,100.0,1,high,24.02,8,2,none,,9,https://www.musinsa.com/products/5506569
2026-09-02,르아르,5506761,그라데이션 크롭 오버핏 니트 [브릭 브라운],0.0,0,39000,39000,39000,0,0,0.0,100.0,1,high,24.0,6,2,none,,9,https://www.musinsa.com/products/5506761
2026-09-02,아메스월드와이드,5507209,BASIC SMALL LOGO SWEATSHIRT NAVY,0.0,0,43200,43200,43200,0,0,0.0,100.0,1,high,24.46,6,2,none,,9,https://www.musinsa.com/products/5507209
2026-09-02,나인제트,5508041,[SET] 크롭 리버스 하프집업 맨투맨 셋업 (2color) ANZSW02W ANZLPT04W,0.0,0,119700,119700,119700,0,0,0.0,100.0,1,high,24.46,5,2,none,,9,https://www.musinsa.com/products/5508041
2026-09-02,에이치덱스,5512521,애슬레틱 85 스웨트 팬츠 (Melange Gray),0.0,0,71200,71200,71200,0,0,0.0,100.0,1,high,25.26,5,2,none,,9,https://www.musinsa.com/products/5512521
2026-09-02,브라운야드,5512969,"W 워시드 워크 셔츠, 블랙",0.0,0,178000,178000,178000,0,0,0.0,100.0,1,high,24.02,8,2,none,,9,https://www.musinsa.com/products/5512969
2026-09-02,다이브인,5514057,VERN ONE TUCK CHINO PANTS V2 (BEIGE),0.0,0,95200,95200,95200,0,0,0.0,100.0,1,high,24.01,6,2,none,,9,https://www.musinsa.com/products/5514057
2026-09-02,에이이에이이,5521289,BALLOON FLEECE SKIRT [NAVY],0.0,0,95200,95200,95200,0,0,0.0,100.0,1,high,24.46,5,2,none,,9,https://www.musinsa.com/products/5521289
2026-09-02,론론,5523593,DOT LOGO SWEATSHIRT BLACK,0.0,0,71280,71280,71280,0,0,0.0,100.0,1,high,24.09,8,2,none,,9,https://www.musinsa.com/products/5523593
2026-09-02,브룩스브라더스,5524297,울 케이블 패턴 베스트 (그린) (BBWVMMF401),0.0,0,188370,188370,167440,1,20930,12.5,100.0,1,medium,24.02,8,2,none,,9,https://www.musinsa.com/products/5524297
2026-09-02,나인제트,5525513,파이핑 스웻 후드 집업,0.0,0,119000,119000,119000,0,0,0.0,100.0,1,high,24.47,5,2,none,,9,https://www.musinsa.com/products/5525513
2026-09-02,마인드브릿지,5526281,[ON][SET][COMFY]울 혼방 라운드넥 세미 오버핏 가디건 - 5color,0.0,0,119000,119000,119000,0,0,0.0,100.0,1,high,24.47,5,2,none,,9,https://www.musinsa.com/products/5526281
2026-09-02,아메스월드와이드,5529737,QWER WORLD TOUR TEE BLACK,0.0,0,34300,34300,24500,1,9800,40.0,100.0,1,medium,24.47,6,2,none,,9,https://www.musinsa.com/products/5529737
2026-09-02,배드블러드,5535433,빈티지 클럽 져지 링거 롱슬리브 - 블랙,0.0,0,71200,71200,71200,0,0,0.0,100.0,1,high,24.09,8,2,none,,9,https://www.musinsa.com/products/5535433
2026-09-02,배드블러드,5535497,빈티지 져지 폴로 셔츠 - 브라운,0.0,0,90100,90100,90100,0,0,0.0,100.0,1,high,24.09,8,2,none,,9,https://www.musinsa.com/products/5535497
2026-09-02,제너럴아이디어,5537609,이지 캔버스 토트 크로스백 [IVORY] / SBE3U92002,0.0,0,51200,51200,51200,0,0,0.0,100.0,1,high,24.09,7,2,none,,9,https://www.musinsa.com/products/5537609
2026-09-02,더바이닐하우스,5539593,PADDED WORK JACKET CHARCOAL,0.0,0,165760,165760,145040,1,20720,14.29,100.0,1,medium,24.01,6,2,none,,9,https://www.musinsa.com/products/5539593
2026-09-02,칙스,5542217,드롭아웃 포켓 레이어드 스커트 화이트,0.0,0,43110,43110,47900,1,-4790,-10.0,100.0,1,medium,24.09,8,2,none,,9,https://www.musinsa.com/products/5542217
2026-09-02,키르시,5546633,빅 체리 아플리케 기모 후디 [다크 네이비],0.0,0,71200,71200,71200,0,0,0.0,100.0,1,high,24.01,6,2,none,,9,https://www.musinsa.com/products/5546633
2026-09-02,세터,5546697,오르타 벨트 백 블랙,0.0,0,139000,139000,139000,0,0,0.0,100.0,1,high,24.0,6,2,none,,9,https://www.musinsa.com/products/5546697
2026-09-02,유니폼브릿지,5546761,heavy wool cable cardigan charcoal,0.0,0,131400,131400,131400,0,0,0.0,100.0,1,high,24.08,7,2,none,,9,https://www.musinsa.com/products/5546761
2026-09-02,세터,5546953,(W) 클래식 터틀넥 니트 카키,0.0,0,159000,159000,159000,0,0,0.0,100.0,1,high,24.0,6,2,none,,9,https://www.musinsa.com/products/5546953
2026-09-02,세터,5547145,로렌 울 블렌드 크루 넥 니트 가디건 블랙,0.0,0,179000,179000,179000,0,0,0.0,100.0,1,high,24.0,6,2,none,,9,https://www.musinsa.com/products/5547145
2026-09-02,낫포너드,5549001,W Incision Knit Sleeve Denim Jacket - Deep Blue,0.0,0,87000,87000,87000,0,0,0.0,100.0,1,high,25.26,5,2,none,,9,https://www.musinsa.com/products/5549001
2026-09-02,디스이즈네버댓,5549577,T.N.T. Classic HDP Sweatpant Black,0.0,0,79200,79200,79200,0,0,0.0,100.0,1,high,24.01,6,2,none,,9,https://www.musinsa.com/products/5549577
2026-09-02,파르티멘토우먼,5553929,발레 슬라우치 롱 부츠_다크 브라운,0.0,0,341100,341100,341100,0,0,0.0,100.0,1,high,24.47,6,2,none,,9,https://www.musinsa.com/products/5553929
2026-09-02,꼼파뇨,5555145,러브유 체인 자수 스웨트셔츠 멜란지화이트,0.0,0,41250,41250,41250,0,0,0.0,100.0,1,high,24.47,5,2,none,,9,https://www.musinsa.com/products/5555145
2026-09-02,피인오,5559177,라이트 워머 패디드 쉘자켓 - 차콜,0.0,0,86100,86100,86100,0,0,0.0,100.0,1,high,24.02,8,2,none,,9,https://www.musinsa.com/products/5559177
2026-09-02,더블유엠씨,5560009,스웨이드 라이크 카라 블루종_BLACK,0.0,0,104500,104500,104500,0,0,0.0,100.0,1,high,24.02,8,2,none,,9,https://www.musinsa.com/products/5560009
2026-09-02,드로우핏우먼,5560201,로티 투웨이 니트 후드 집업 [MILK PINK],0.0,0,79200,79200,79200,0,0,0.0,100.0,1,high,24.09,8,2,none,,9,https://www.musinsa.com/products/5560201
2026-09-02,드로우핏우먼,5560265,캐시 울 슬릿 터틀넥 풀오버 니트 [M.GREY],0.0,0,73800,73800,73800,0,0,0.0,100.0,1,high,24.09,8,2,none,,9,https://www.musinsa.com/products/5560265
2026-09-02,인사일런스우먼,5561417,브러쉬드 스트레이트핏 데님 BLACK,0.0,0,115200,115200,129600,1,-14400,-11.11,100.0,1,medium,24.09,8,2,none,,9,https://www.musinsa.com/products/5561417
2026-09-02,인사일런스우먼,5562697,디스트레스드 니트 넥워머 BEIGE,0.0,0,47790,47790,47790,0,0,0.0,100.0,1,high,24.09,8,2,none,,9,https://www.musinsa.com/products/5562697
2026-09-02,무드인사이드,5566985,스티치 페이크 스웨이드 자켓_Brown,0.0,0,59900,59900,59900,0,0,0.0,100.0,1,high,24.09,8,2,none,,9,https://www.musinsa.com/products/5566985
2026-09-02,브라운야드,5567241,"W 스탠다드 데님, 에크루",0.0,0,152600,152600,152600,0,0,0.0,100.0,1,high,24.02,8,2,none,,9,https://www.musinsa.com/products/5567241
2026-09-02,어반드레스,5567305,Alpine Fair-isle Knit_3Colors,0.0,0,49000,49000,49000,0,0,0.0,100.0,1,high,24.09,8,2,none,,9,https://www.musinsa.com/products/5567305
2026-09-02,유라고,5567369,Banding boots cut pants,0.0,0,81320,81320,81320,0,0,0.0,100.0,1,high,24.0,6,2,none,,9,https://www.musinsa.com/products/5567369
2026-09-02,세터,5570889,플리스 하프 넥 니트 집업 네이비,0.0,0,179000,179000,179000,0,0,0.0,100.0,1,high,24.0,6,2,none,,9,https://www.musinsa.com/products/5570889
2026-09-02,세터,5570953,오르타 2-Way 칼라 덕 다운 패딩 블랙,0.0,0,359000,359000,359000,0,0,0.0,100.0,1,high,24.0,6,2,none,,9,https://www.musinsa.com/products/5570953
2026-09-02,카키포인트,5572617,Stud Backpack (red),0.0,0,135360,135360,135360,0,0,0.0,100.0,1,high,24.09,8,2,none,,9,https://www.musinsa.com/products/5572617
2026-09-02,유니폼브릿지,5581385,wool one tuck cropped slacks charcoal,0.0,0,99000,99000,99000,0,0,0.0,100.0,1,high,24.09,7,2,none,,9,https://www.musinsa.com/products/5581385
2026-09-02,제너럴아이디어,5585417,코지 울 블렌드 집업 가디건 [IVORY] / WBE4L04538,0.0,0,84000,84000,84000,0,0,0.0,100.0,1,high,24.09,7,2,none,,9,https://www.musinsa.com/products/5585417
2026-09-02,브라운브레스,5587145,TAG GRADATION WASHED HOODIE - BEIGE,0.0,0,119000,119000,119000,0,0,0.0,100.0,1,high,24.09,8,2,none,,9,https://www.musinsa.com/products/5587145
2026-09-02,에이치덱스,5588361,우먼스 케이블 니트 크롭 후디 집업 (Melange Gray),0.0,0,86330,86330,86330,0,0,0.0,100.0,1,high,25.26,5,2,none,,9,https://www.musinsa.com/products/5588361
2026-09-02,에이치덱스,5589129,[HDEX X PHYSICAL: ASIA] 코어 후디 (Black),0.0,0,73500,73500,73500,0,0,0.0,100.0,1,high,25.26,5,2,none,,9,https://www.musinsa.com/products/5589129
2026-09-02,레더리,5593545,포켓 스티치 스트레이트 코듀로이 팬츠 [BLACK],0.0,0,39600,39600,39600,0,0,0.0,100.0,1,high,24.48,5,2,none,,9,https://www.musinsa.com/products/5593545
2026-09-02,몰든,5597641,더블 니트 스프레드 후드티,0.0,0,56880,56880,56880,0,0,0.0,100.0,1,high,24.09,8,2,none,,9,https://www.musinsa.com/products/5597641
2026-09-02,무드인사이드,5607177,소프트 웜 버튼 카라 니트_Black,0.0,0,49900,49900,49900,0,0,0.0,100.0,1,high,24.09,8,2,none,,9,https://www.musinsa.com/products/5607177
2026-09-02,벨리에,5607305,(W) 유틸리티 후디 집업 - 멜란지 그레이,0.0,0,139650,139650,139650,0,0,0.0,100.0,1,high,24.0,6,2,none,,9,https://www.musinsa.com/products/5607305
2026-09-02,틸아이다이,5608201,Flower coloring point dumble jumper [TIWT02JP05]_2color,0.0,0,152620,152620,152620,0,0,0.0,100.0,1,high,24.09,7,2,none,,9,https://www.musinsa.com/products/5608201
2026-09-02,디스이즈네버댓,5611593,Textured Knit Zip Hoodie Navy,1.4,195507,139300,139300,139300,0,0,0.0,100.0,1,high,24.01,6,2,none,,9,https://www.musinsa.com/products/5611593
2026-09-02,꼼파뇨,5613193,우먼 세미 와이드 데님 팬츠 인디고블루,0.0,0,50610,50610,50610,0,0,0.0,100.0,1,high,24.48,5,2,none,,9,https://www.musinsa.com/products/5613193
2026-09-02,어나더오피스,5615497,Cloudy Paneled Down Jacket (Almost Black),0.0,0,262400,262400,262400,0,0,0.0,100.0,1,high,24.09,5,2,none,,9,https://www.musinsa.com/products/5615497
2026-09-02,레더리,5616201,멜로우 플리츠 코듀로이 스커트 [BLACK],0.0,0,44100,44100,44100,0,0,0.0,100.0,1,high,24.48,5,2,none,,9,https://www.musinsa.com/products/5616201
2026-09-02,제너럴아이디어,5616713,라운드 카라 프릴 블라우스 [SKY BLUE] / WBE3L03513,0.0,0,50350,50350,44100,1,6250,14.17,100.0,1,medium,24.09,7,2,none,,9,https://www.musinsa.com/products/5616713
2026-09-02,시눈,5617545,Flatty Girl Multi Pin (Silver),0.0,0,25460,25460,25460,0,0,0.0,100.0,1,high,24.0,6,2,none,,9,https://www.musinsa.com/products/5617545
2026-09-02,로제프란츠,5617865,Crop Leather Mustang [Black],0.0,0,165120,165120,165120,0,0,0.0,100.0,1,high,25.27,5,2,none,,9,https://www.musinsa.com/products/5617865
2026-09-02,로제프란츠,5618441,Eyelet Henley-neck Long Sleeve [Beige],0.0,0,31680,31680,31680,0,0,0.0,100.0,1,high,25.27,5,2,none,,9,https://www.musinsa.com/products/5618441
2026-09-02,로제프란츠,5618633,Cozy Fur Muffler [Ivory],0.0,0,30720,30720,30720,0,0,0.0,100.0,1,high,25.27,5,2,none,,9,https://www.musinsa.com/products/5618633
2026-09-02,헬레네파리스,5623113,셀러브리즈 니팅 슬립 [블랙],0.0,0,38400,38400,38400,0,0,0.0,100.0,1,high,24.09,8,2,none,,9,https://www.musinsa.com/products/5623113
2026-09-02,썸웨어버터,5626249,Square Logo Half Zip-Up Sweatshirt - Grey,0.0,0,129000,129000,129000,0,0,0.0,100.0,1,high,24.02,8,2,none,,9,https://www.musinsa.com/products/5626249
2026-09-02,시야쥬,5631305,SIPT7180 헤비 트윌 클린 와이드 슬랙스_Melange gray,0.0,0,103000,103000,103000,0,0,0.0,100.0,1,high,24.01,6,2,none,,9,https://www.musinsa.com/products/5631305
2026-09-02,시야쥬,5632841,SIKN2129 캐시미어 블렌드 터틀넥 니트_Ivory,0.0,0,133000,133000,133000,0,0,0.0,100.0,1,high,24.01,6,2,none,,9,https://www.musinsa.com/products/5632841
2026-09-02,아틀리에나인,5635529,(JK-3057)TWO TONE FLOW FUR JACKET,0.0,0,270630,270630,216510,1,54120,25.0,100.0,1,medium,24.0,7,2,none,,9,https://www.musinsa.com/products/5635529
2026-09-02,제너럴아이디어,5652425,UNISEX 스웨이드 카라 블루종 [CAMEL] / SBE3U07010,0.0,0,105450,105450,92400,1,13050,14.12,100.0,1,medium,24.09,7,2,none,,9,https://www.musinsa.com/products/5652425
2026-09-02,코드그라피,5653897,기모 스퀘어 로고 후디_그레이쉬블루,0.0,0,62300,62300,62300,0,0,0.0,100.0,1,high,25.27,5,2,none,,9,https://www.musinsa.com/products/5653897
2026-09-02,더블유엠씨,5658249,플리스 아노락_NAVY,0.0,0,57120,57120,57120,0,0,0.0,100.0,1,high,24.02,8,2,none,,9,https://www.musinsa.com/products/5658249
2026-09-02,배드블러드,5662217,바이퍼 모헤어 스웨터 - 블랙레오파드,0.0,0,111200,111200,111200,0,0,0.0,100.0,1,high,24.09,8,2,none,,9,https://www.musinsa.com/products/5662217
2026-09-02,배드블러드,5662281,바이퍼 젬스톤 커브드 팬츠 - 더스티베이지,0.0,0,314100,314100,314100,0,0,0.0,100.0,1,high,24.09,8,2,none,,9,https://www.musinsa.com/products/5662281
2026-09-02,브라운야드,5675657,"실크 니트 타이, 블랙",0.0,0,88000,88000,88000,0,0,0.0,100.0,1,high,24.02,8,2,none,,9,https://www.musinsa.com/products/5675657
2026-09-02,무센트,5681865,시그니처 로고 핀버튼 뱃지 세트 남녀공용,0.0,0,17910,17910,13930,1,3980,28.57,100.0,1,medium,24.01,6,2,none,,9,https://www.musinsa.com/products/5681865
2026-09-02,론론,5684233,HEART POCKET CORDUROY SKIRT LAYERED PANTS NAVY,0.0,0,107730,107730,107730,0,0,0.0,100.0,1,high,24.09,8,2,none,,9,https://www.musinsa.com/products/5684233
2026-09-02,제너럴아이디어,5685513,스티치 바라클라바 [4COL] / WBE4L91526,0.0,0,39200,39200,34300,1,4900,14.29,100.0,1,medium,24.09,7,2,none,,9,https://www.musinsa.com/products/5685513
2026-09-02,무드인사이드우먼,5685705,(woman) 리버시블 무스탕 하프 코트_Brown,0.0,0,75900,75900,75900,0,0,0.0,100.0,1,low,24.01,4,2,none,,9,https://www.musinsa.com/products/5685705
2026-09-02,더뮤지엄비지터,5692105,RABBIT EMBROIDERY CAP (DEEP NAVY),0.0,0,40950,40950,40950,0,0,0.0,100.0,1,high,24.09,7,2,none,,9,https://www.musinsa.com/products/5692105
2026-09-02,썸웨어버터,5694217,Henley Frill Top - Ivory,0.0,0,62400,62400,62400,0,0,0.0,100.0,1,high,24.02,8,2,none,,9,https://www.musinsa.com/products/5694217
2026-09-02,아모우,5701449,AMOU Fur Hoodie Zip-Up BLACK,0.0,0,98340,98340,98340,0,0,0.0,100.0,1,high,24.09,8,2,none,,9,https://www.musinsa.com/products/5701449
2026-09-02,디스이즈네버댓,5711881,GORE-TEX WINDSTOPPER Cord Jacket Navy,0.0,0,195300,195300,195300,0,0,0.0,100.0,1,high,24.01,6,2,none,,9,https://www.musinsa.com/products/5711881
2026-09-02,제너럴아이디어,5711945,히트젯 히트 U넥 티셔츠 [BLACK] / WBE4L01516,0.0,0,23200,23200,23200,0,0,0.0,100.0,1,high,24.09,7,2,none,,9,https://www.musinsa.com/products/5711945
2026-09-02,파르티멘토우먼,5712585,레이어드 슬리브 니트 크루넥_블랙 스트라이프,0.0,0,51840,51840,51840,0,0,0.0,100.0,1,high,24.49,6,2,none,,9,https://www.musinsa.com/products/5712585
2026-09-02,글로니,5713289,EVERYDAY G SOCKS (NAVY),0.0,0,15000,15000,15000,0,0,0.0,100.0,1,high,24.09,8,2,none,,9,https://www.musinsa.com/products/5713289
2026-09-02,2000아카이브스,5715401,TEDDY STUD FLEECE JACKET (BLACK),0.0,0,215820,215820,215820,0,0,0.0,100.0,1,high,24.09,7,2,none,,9,https://www.musinsa.com/products/5715401
2026-09-02,가까이유니언즈,5717705,힐즈 피그먼트 후드 집업 차콜,0.0,0,57400,57400,57400,0,0,0.0,100.0,1,high,24.0,7,2,none,,9,https://www.musinsa.com/products/5717705
2026-09-02,제너럴아이디어,5720585,MAN 울 클래식 투턱 슬랙스 [KHAKI] / SBE4M11011,0.0,0,71200,71200,62300,1,8900,14.29,100.0,1,medium,24.09,7,2,none,,9,https://www.musinsa.com/products/5720585
2026-09-02,바이모노,5730697,[빅사이즈 XL-6XL] 모노 따스한 기모 맨투맨,0.0,0,39900,39900,39900,0,0,0.0,100.0,1,high,24.01,6,2,none,,9,https://www.musinsa.com/products/5730697
2026-09-02,바이모노,5734089,[빅사이즈 XL-6XL] 모노진 오버핏 데님자켓,0.0,0,79900,79900,79900,0,0,0.0,100.0,1,high,24.01,6,2,none,,9,https://www.musinsa.com/products/5734089
2026-09-02,무센트,5735817,웨건 메탈 로고 하트 패치 아일렛 데미지 니트,0.0,0,44910,44910,34930,1,9980,28.57,100.0,1,medium,24.01,6,2,none,,9,https://www.musinsa.com/products/5735817
2026-09-02,트립르센스,5742793,[F/W]커스텀 울 세미 오버 블레이저_브라운,0.0,0,189000,189000,189000,0,0,0.0,100.0,1,high,24.02,8,2,none,,9,https://www.musinsa.com/products/5742793
2026-09-02,락케이크,5743689,Defined Zip Up Sweatshirt - Black,0.0,0,93100,93100,93100,0,0,0.0,100.0,1,high,24.09,8,2,none,,9,https://www.musinsa.com/products/5743689
2026-09-02,무센트,5752969,시에라 호피 하트 니트 남녀공용,0.0,0,51210,51210,39830,1,11380,28.57,100.0,1,medium,24.01,6,2,none,,9,https://www.musinsa.com/products/5752969
2026-09-02,노이어,5753097,캐시미어 코튼 딥 브이넥 니트 (딥브라운),0.0,0,88000,88000,88000,0,0,0.0,100.0,1,high,24.09,8,2,none,,9,https://www.musinsa.com/products/5753097
2026-09-02,언타이틀 서울,5756041,크로스 스켈레톤 퍼 후드 집업 블랙,0.0,0,86400,86400,86400,0,0,0.0,100.0,1,high,24.0,6,2,none,,9,https://www.musinsa.com/products/5756041
2026-09-02,썸웨어버터,5762057,Turtleneck Emma Half Puff Knit - Vintage Red,0.0,0,89000,89000,89000,0,0,0.0,100.0,1,high,24.02,8,2,none,,9,https://www.musinsa.com/products/5762057
2026-09-02,썸웨어버터,5762377,Fog Fleece String Pants - Black,0.0,0,139000,139000,139000,0,0,0.0,100.0,1,high,24.02,8,2,none,,9,https://www.musinsa.com/products/5762377
2026-09-02,키르시,5770185,키르시 X 피투 폼폼 니트 비니 [멜란지 그레이],0.0,0,41300,41300,41300,0,0,0.0,100.0,1,high,24.01,6,2,none,,9,https://www.musinsa.com/products/5770185
2026-09-02,브랜디드,5777033,[SUPERIOR] CLOUD SUPERFINE V-NECK KNIT [RED],0.0,0,125800,125800,125800,0,0,0.0,100.0,1,high,24.0,5,2,none,,9,https://www.musinsa.com/products/5777033
2026-09-02,시야쥬,5780553,SIAC3099 클라우드 벨벳 헤어 밴드_Black,0.0,0,37000,37000,37000,0,0,0.0,100.0,1,high,24.01,6,2,none,,9,https://www.musinsa.com/products/5780553
2026-09-02,니티드,5800649,벌키 울 다이아몬드 집업 IVORY,0.0,0,128600,128600,128600,0,0,0.0,100.0,1,high,25.27,5,2,none,,9,https://www.musinsa.com/products/5800649
2026-09-02,9999아카이브,5819273,Fire Hook Curved Bomber Jacket,0.0,0,137970,137970,137970,0,0,0.0,100.0,1,high,24.02,8,2,none,,9,https://www.musinsa.com/products/5819273
2026-09-02,언더오프,5834761,빈티지 워싱 패디드 M65 필드 자켓 브라운,0.0,0,62500,62500,62500,0,0,0.0,100.0,1,high,24.01,6,2,none,,9,https://www.musinsa.com/products/5834761
2026-09-02,9999아카이브,5835593,W Archive Short Sleeves,0.95,33401,35280,35280,35280,0,0,0.0,100.0,1,high,24.02,8,2,none,,9,https://www.musinsa.com/products/5835593
2026-09-02,나이스고스트클럽,5839113,MULTI STRIPE 3STAR V NECK KNIT_BROWN(NG2GSUM600A),0.0,0,49770,49770,49770,0,0,0.0,100.0,1,high,24.02,8,2,none,,9,https://www.musinsa.com/products/5839113
2026-09-02,코드그라피,5839881,피그먼트 25 엠블럼 후디_차콜,0.0,0,62300,62300,62300,0,0,0.0,100.0,1,high,25.27,5,2,none,,9,https://www.musinsa.com/products/5839881
2026-09-02,노매뉴얼,5848969,N.P DAMAGED BALL CAP - CHARCOAL,0.0,0,33600,33600,33600,0,0,0.0,100.0,1,high,24.5,5,2,none,,9,https://www.musinsa.com/products/5848969
2026-09-02,리메인세컨드,5849033,잔 스트라이프 오버핏 반팔 티셔츠 [블랙],13.82,384216,27800,27800,27800,0,0,0.0,100.0,1,high,9.62,29,8,none,,9,https://www.musinsa.com/products/5849033
2026-09-02,노매뉴얼,5849161,ROOMY LOOSE COTTON PANTS - BLACK,0.0,0,80500,80500,80500,0,0,0.0,100.0,1,high,24.5,5,2,none,,9,https://www.musinsa.com/products/5849161
2026-09-02,노매뉴얼,5849225,W.C HOODED JACKET - BEIGE,0.0,0,142400,142400,142400,0,0,0.0,100.0,1,high,24.5,5,2,none,,9,https://www.musinsa.com/products/5849225
2026-09-02,노매뉴얼,5849289,NM WIDE TRACK TOP - BROWN,0.0,0,94500,94500,94500,0,0,0.0,100.0,1,high,24.5,5,2,none,,9,https://www.musinsa.com/products/5849289
2026-09-02,노매뉴얼,5849417,無規則 ORBIT CROSS T-SHIRT - BLACK,1.0,31435,31500,31500,31500,0,0,0.0,100.0,1,high,24.5,5,2,none,,9,https://www.musinsa.com/products/5849417
2026-09-02,노매뉴얼,5849481,RAWMARK T-SHIRT - WASHED KHAKI,0.0,0,49500,49500,49500,0,0,0.0,100.0,1,high,24.5,5,2,none,,9,https://www.musinsa.com/products/5849481
2026-09-02,노매뉴얼,5849545,M.F JACQUARD POLO SHIRT - BLACK,0.0,0,58800,58800,58800,0,0,0.0,100.0,1,high,24.5,5,2,none,,9,https://www.musinsa.com/products/5849545
2026-09-02,탄산마그네슘,5852361,마운틴 롱슬리브 (화이트/블랙),8.17,459424,56240,56240,52440,1,3800,7.25,35.0,0,low,4.01,31,5,none,,9,https://www.musinsa.com/products/5852361
2026-09-02,이지노이지,5853513,니들 워크 후드 집업 - 블랙,0.35,24260,69300,69300,69300,0,0,0.0,100.0,1,high,24.0,6,2,none,,9,https://www.musinsa.com/products/5853513
2026-09-02,코드그라피,5853641,세미와이드 베이직 슬렉스-블랙,0.0,0,48300,48300,48300,0,0,0.0,100.0,1,high,25.27,5,2,none,,9,https://www.musinsa.com/products/5853641
2026-09-02,글로니,5859145,G CLASSIC KNIT CAMISOLE (NAVY),0.0,0,55080,55080,55080,0,0,0.0,100.0,1,high,24.09,8,2,none,,9,https://www.musinsa.com/products/5859145
2026-09-02,트릴리온,5861705,레이어드 케이블 니트_블랙,0.0,0,42800,42800,42800,0,0,0.0,100.0,1,high,24.5,5,2,none,,9,https://www.musinsa.com/products/5861705
2026-09-02,키르시,5869385,플레인 슬림핏 스웻팬츠 [라이트 스카이],0.0,0,63200,63200,63200,0,0,0.0,100.0,1,high,24.01,6,2,none,,9,https://www.musinsa.com/products/5869385
2026-09-02,마인드브릿지,5871817,[ON]100%소가죽 블랙&브라운 양면 벨트,3.6,93245,25900,25900,25900,0,0,0.0,100.0,1,high,24.0,16,2,none,,9,https://www.musinsa.com/products/5871817
2026-09-02,토피,5876489,스트라이프 데님 트러커 자켓 (VINTAGE BLUE),0.0,0,55900,55900,55900,0,0,0.0,100.0,1,high,24.09,7,2,none,,9,https://www.musinsa.com/products/5876489
2026-09-02,세터,5877769,홀스슈 키링 차콜,0.0,0,29000,29000,29000,0,0,0.0,100.0,1,high,24.0,6,2,none,,9,https://www.musinsa.com/products/5877769
2026-09-02,브라운브레스,5878473,PATCHWORK CHECK TAG LONGSLEEVE - CREAM,0.0,0,69000,69000,69000,0,0,0.0,100.0,1,high,24.09,8,2,none,,9,https://www.musinsa.com/products/5878473
2026-09-02,세터,5879497,(W) 로렌 베이직 크루넥 파인 가디건 옐로우,0.0,0,159000,159000,159000,0,0,0.0,100.0,1,high,24.0,6,2,none,,9,https://www.musinsa.com/products/5879497
2026-09-02,제너럴아이디어,5880841,코튼 레이어드 브이넥 니트 풀오버 [WHITE] / GF1LKP506,1.0,43183,43190,44000,38500,1,5500,14.29,100.0,1,medium,24.09,7,2,none,,9,https://www.musinsa.com/products/5880841
2026-09-02,카네이테이,5884489,PIGMENT CLASSIC CREWNECK (OLIVE DRAB),0.0,0,68400,68400,68400,0,0,0.0,100.0,1,high,24.09,7,2,none,,9,https://www.musinsa.com/products/5884489
2026-09-02,그루브라임,5895049,면쭈리 피그먼트 뉴욕 아치 레터링 맨투맨 (LRSFCTM123M),0.0,0,21800,21800,21800,0,0,0.0,100.0,1,high,24.09,8,2,none,,9,https://www.musinsa.com/products/5895049
2026-09-02,토피,5897481,버클 빅 숄더 백 (BLACK),0.0,0,37900,37900,37900,0,0,0.0,100.0,1,high,24.09,7,2,none,,9,https://www.musinsa.com/products/5897481
2026-09-02,드로우핏,5899785,울 헤어리 브로드 스트라이프 가디건 [BROWN],0.0,0,66600,66600,66600,0,0,0.0,100.0,1,high,25.27,5,2,none,,9,https://www.musinsa.com/products/5899785
2026-09-02,일리고,5901385,세일러 카라 원피스 화이트,0.0,0,80000,80000,80000,0,0,0.0,100.0,1,high,24.5,15,2,none,,9,https://www.musinsa.com/products/5901385
2026-09-02,밀로아카이브,5902665,보르트 덤브 캡 [네이비],0.0,0,41600,41600,41600,0,0,0.0,100.0,1,high,24.02,8,2,none,,9,https://www.musinsa.com/products/5902665
2026-09-02,비터셀즈,5905033,에센셜 리버스 스웨트 팬츠-카키,0.9,49705,55200,55200,55200,0,0,0.0,100.0,1,high,24.5,5,2,none,,9,https://www.musinsa.com/products/5905033
2026-09-02,해비즘,5905673,WP CHECKED COLLAR SWEATSHIRT(NAVY),0.0,0,44200,44200,44200,0,0,0.0,100.0,1,high,24.02,8,2,none,,9,https://www.musinsa.com/products/5905673
2026-09-02,스컬프터,5909961,Napoleon Stud Hoodie Acid Pink,0.0,0,118800,118800,118800,0,0,0.0,100.0,1,high,24.09,7,2,none,,9,https://www.musinsa.com/products/5909961
2026-09-02,스컬프터,5910025,Grumpy Girl Nylon Backpack Metallic Navy,1.5,95321,63360,63360,63360,0,0,0.0,100.0,1,high,10.09,18,8,none,,9,https://www.musinsa.com/products/5910025
2026-09-02,던스트,5911241,RELAXED FLARED JEANS_UDPA6A211_CLASSIC BLUE,0.0,0,98100,98100,78480,1,19620,25.0,100.0,1,medium,24.02,8,2,none,,9,https://www.musinsa.com/products/5911241
2026-09-02,시그니처,5911497,커브드 워시드 데님 팬츠[블랙],0.21,8532,39900,39900,39900,0,0,0.0,100.0,1,high,25.27,5,2,none,,9,https://www.musinsa.com/products/5911497
2026-09-02,언탭트스튜디오,5919305,[2PACK]나일론 카펜터 와이드 벌룬팬츠 4Color,1.92,95976,49900,49900,49900,0,0,0.0,100.0,1,high,23.99,17,5,none,,9,https://www.musinsa.com/products/5919305
2026-09-02,룩캐스트,5919689,레아 스트랩 슬링백_블랙 / LEA STRAP SLINGBACK_BLACK,0.0,0,38690,38690,38690,0,0,0.0,100.0,1,high,24.51,5,2,none,,9,https://www.musinsa.com/products/5919689
2026-09-02,룩캐스트,5920329,세레나 트위드 하프 자켓_아이보리 / SERENA TWEED HALF JACKET_IVORY,0.0,0,113090,113090,113090,0,0,0.0,100.0,1,high,24.51,5,2,none,,9,https://www.musinsa.com/products/5920329
2026-09-02,피인오,5923209,울 하이넥 레이어드 니트 집업 - 그레이,0.0,0,61200,61200,61200,0,0,0.0,100.0,1,high,24.02,8,2,none,,9,https://www.musinsa.com/products/5923209
2026-09-02,코드그라피,5924233,BERRY CUTE 맨투맨-멜란지 그레이,0.0,0,55300,55300,55300,0,0,0.0,100.0,1,high,25.28,5,2,none,,9,https://www.musinsa.com/products/5924233
2026-09-02,와이케이,5925321,MELLOW DREAM 오프숄더 맨투맨 차콜,0.0,0,59250,59250,59250,0,0,0.0,100.0,1,high,24.02,8,2,none,,9,https://www.musinsa.com/products/5925321
2026-09-02,레더리,5925769,하프 밴딩 코튼 카고 팬츠 [KHAKI],0.0,0,56440,56440,56440,0,0,0.0,100.0,1,high,24.51,5,2,none,,9,https://www.musinsa.com/products/5925769
2026-09-02,에이치덱스,5926217,LVS 클럽 숏 슬리브 (Charcoal),0.0,0,42750,42750,42750,0,0,0.0,100.0,1,high,25.28,5,2,none,,9,https://www.musinsa.com/products/5926217
2026-09-02,아모우,5928521,SPIRAL 5PANNEL CAP BROWN,0.0,0,37800,37800,37800,0,0,0.0,100.0,1,high,24.09,8,2,none,,9,https://www.musinsa.com/products/5928521
2026-09-02,디앤에스알,5929545,와플 후디드 핑거홀 롱슬리브 블랙,0.0,0,69300,69300,69300,0,0,0.0,100.0,1,high,24.0,6,2,none,,9,https://www.musinsa.com/products/5929545
2026-09-02,아틀리에나인,5929801,OVER FIT SINGLE LEATHER JACKET (JK-3061),0.0,0,200990,200990,200990,0,0,0.0,100.0,1,high,24.0,7,2,none,,9,https://www.musinsa.com/products/5929801
2026-09-02,워크온바디오프,5930441,에센셜 세미 오버핏 헤링턴 자켓 [블랙],0.0,0,89910,89910,89910,0,0,0.0,100.0,1,high,24.01,6,2,none,,9,https://www.musinsa.com/products/5930441
2026-09-02,낫포너드,5930697,Cathedral Oil Washed Hood Zip Up - Grey,1.55,114541,73890,73890,73890,0,0,0.0,100.0,1,high,25.28,5,2,none,,9,https://www.musinsa.com/products/5930697
2026-09-02,러프사이드,5933705,Skipper Half Knit Black,0.0,0,138000,138000,138000,0,0,0.0,100.0,1,high,24.0,6,2,none,,9,https://www.musinsa.com/products/5933705
2026-09-02,제너럴아이디어,5935177,[2PACK] GNRL 에센셜 가디건 [6COL] / WBD3L04503SET,1.7,104987,61600,61600,61600,0,0,0.0,100.0,1,high,24.09,10,2,none,,9,https://www.musinsa.com/products/5935177
2026-09-02,스켈리웩,5935497,오픈 플라이 논페이드 커브드 생지 데님[블랙],0.0,0,103550,103550,103550,0,0,0.0,100.0,1,high,24.09,8,2,none,,9,https://www.musinsa.com/products/5935497
2026-09-02,아웃스탠딩,5935689,V.S.C SWEAT(MICHIGAN INDIANS)_NAVY,0.0,0,71100,71100,71100,0,0,0.0,100.0,1,high,24.09,7,2,none,,9,https://www.musinsa.com/products/5935689
2026-09-02,아웃스탠딩,5936073,LINEN FISHERMAN CREW NECK KNIT_NAVY,0.15,9840,66600,66600,66600,0,0,0.0,14.83,0,low,24.09,7,1,none,,9,https://www.musinsa.com/products/5936073
2026-09-02,드헤베,5936329,Pocket Cotton Jumper [Black],0.0,0,178200,178200,178200,0,0,0.0,100.0,1,high,25.28,5,2,none,,9,https://www.musinsa.com/products/5936329
2026-09-02,쿠어,5937545,울 브이넥 스웨터 (블랙),1.65,222932,135000,135000,135000,0,0,0.0,100.0,1,high,24.0,6,2,none,,9,https://www.musinsa.com/products/5937545
2026-09-02,쿠어,5940553,샌디드 레더 브레이드 벨트 (브라운),0.0,0,58500,58500,58500,0,0,0.0,100.0,1,high,24.0,6,2,none,,9,https://www.musinsa.com/products/5940553
2026-09-02,쿠어,5940617,클래식 원 턱 치노 팬츠 V2 (다크브라운),0.0,0,148500,148500,148500,0,0,0.0,100.0,1,low,24.0,6,2,none,,9,https://www.musinsa.com/products/5940617
2026-09-02,세터,5940745,루고 패널 후드 티셔츠 브라운,0.0,0,159000,159000,159000,0,0,0.0,100.0,1,high,24.0,6,2,none,,9,https://www.musinsa.com/products/5940745
2026-09-02,루에브르,5941449,Plie Shoulder Medium FA6SB365-FH,0.73,218015,299000,299000,299000,0,0,0.0,100.0,1,high,24.09,8,2,none,,9,https://www.musinsa.com/products/5941449
2026-09-02,비긴202,5943369,묘독 크롭 티셔츠 [워시드 차콜],0.0,0,31850,31850,31850,0,0,0.0,100.0,1,high,25.28,5,2,none,,9,https://www.musinsa.com/products/5943369
2026-09-02,르아르,5944329,커브드 라인 워싱 팬츠 [블랙],0.35,13829,39600,39600,39600,0,0,0.0,100.0,1,low,24.0,5,2,none,,9,https://www.musinsa.com/products/5944329
2026-09-02,트리밍버드,5944521,Raw Cut Belt-Line Brushed Denim Pants [ Black ],0.0,0,189000,189000,189000,0,0,0.0,100.0,1,high,24.09,8,2,none,,9,https://www.musinsa.com/products/5944521
2026-09-02,커버낫,5944713,링사 레귤러 데님 팬츠 더스티 블루,0.0,0,80190,80190,80190,0,0,0.0,100.0,1,high,24.01,6,2,none,,9,https://www.musinsa.com/products/5944713
2026-09-02,커버낫,5944777,스몰 로고 와플 후드집업 블루,0.0,0,104490,104490,104490,0,0,0.0,100.0,1,high,24.01,6,2,none,,9,https://www.musinsa.com/products/5944777
2026-09-02,커버낫,5944841,시그니처 심볼 카라 하프집업 맨투맨 블랙,0.0,0,64080,64080,64080,0,0,0.0,100.0,1,high,24.01,6,2,none,,9,https://www.musinsa.com/products/5944841
2026-09-02,무센트,5947209,미스티 레더 패치 캣 비니,1.6,40527,25394,26910,20930,1,5980,28.57,100.0,1,medium,24.01,6,2,none,,9,https://www.musinsa.com/products/5947209
2026-09-02,아캄,5948041,Cross Paper Long Sleeve (White),0.0,0,69300,69300,69300,0,0,0.0,100.0,1,high,24.0,6,2,none,,9,https://www.musinsa.com/products/5948041
2026-09-02,제너럴아이디어,5948169,더블 레이어드 크루넥 가디건 [BLACK] / GF7LKC509,0.0,0,63200,63200,63200,0,0,0.0,100.0,1,high,24.09,7,2,none,,9,https://www.musinsa.com/products/5948169
2026-09-02,아캄,5948361,Torque Motor Jacket (Gray),0.0,0,167200,167200,167200,0,0,0.0,100.0,1,high,24.0,6,2,none,,9,https://www.musinsa.com/products/5948361
2026-09-02,더바넷,5949321,Verta Square Neck Blouse,0.0,0,88200,88200,88200,0,0,0.0,100.0,1,high,25.28,5,2,none,,9,https://www.musinsa.com/products/5949321
2026-09-02,그루브라임,5950985,HYPER SCRIPT SWEATSHIRT (LRSSCTM711M),0.0,0,20800,20800,20800,0,0,0.0,100.0,1,high,24.09,8,2,none,,9,https://www.musinsa.com/products/5950985
2026-09-02,카키포인트,5951305,Sheer V-neck Top (black),1.0,52753,52790,52790,52790,0,0,0.0,100.0,1,high,24.09,11,2,none,,9,https://www.musinsa.com/products/5951305
2026-09-02,벨리에,5952905,(W) 웨이비 포켓 블루종 점퍼 - 베이지,0.0,0,269800,269800,269800,0,0,0.0,100.0,1,high,24.0,6,2,none,,9,https://www.musinsa.com/products/5952905
2026-09-02,탄산마그네슘,5955465,버튼 캣 비니 (블랙),0.0,0,52440,52440,52440,0,0,0.0,100.0,1,high,24.0,6,2,none,,9,https://www.musinsa.com/products/5955465
2026-09-02,유니폼브릿지,5957641,curved denim pants wide fit(womens) black,0.0,0,90350,90350,90350,0,0,0.0,100.0,1,high,24.09,7,2,none,,9,https://www.musinsa.com/products/5957641
2026-09-02,프리즘웍스,5958409,BLOCK STRIPE LONG SLEEVE TEE _ MUD,0.0,0,34020,34020,34020,0,0,0.0,100.0,1,high,24.09,8,2,none,,9,https://www.musinsa.com/products/5958409
2026-09-02,트래블,5960585,다트 포켓 데님 버뮤다 쇼츠 인디고,0.0,0,56960,56960,49840,1,7120,14.29,100.0,1,medium,24.09,8,2,none,,9,https://www.musinsa.com/products/5960585
2026-09-02,그루브라임,5962057,EAGLE EAGLE  CAP (GC014E23),0.0,0,12400,12400,12400,0,0,0.0,100.0,1,high,24.09,8,2,none,,9,https://www.musinsa.com/products/5962057
2026-09-02,2000아카이브스,5964361,ROUX KNIT ZIP-UP (VINTAGE BLACK),0.0,0,149690,149690,130980,1,18710,14.28,100.0,1,medium,24.09,7,2,none,,9,https://www.musinsa.com/products/5964361
2026-09-02,2000아카이브스,5964425,LIN UNBALANCED TOP (SKIN),0.0,0,69700,69700,60990,1,8710,14.28,100.0,1,medium,24.09,7,2,none,,9,https://www.musinsa.com/products/5964425
2026-09-02,무드인사이드,5964873,컴팩트 리브드 헨리넥 롱슬리브_3Color,0.0,0,29900,29900,29900,0,0,0.0,100.0,1,high,24.09,8,2,none,,9,https://www.musinsa.com/products/5964873
2026-09-02,파르티멘토,5967369,[14oz] 스트레이트 플레어 데님 팬츠 딤 블루,0.0,0,75100,75100,75100,0,0,0.0,100.0,1,high,24.01,6,2,none,,9,https://www.musinsa.com/products/5967369
2026-09-02,제너럴아이디어,5968393,UNISEX 더블 스트라이프 티셔츠 [NAVY] / GF1UTS001,0.0,0,35200,35200,35200,0,0,0.0,100.0,1,high,24.09,7,2,none,,9,https://www.musinsa.com/products/5968393
2026-09-02,르바,5968457,Trigger Pleated Denim Long Skirt - Light Blue,0.0,0,107100,107100,107100,0,0,0.0,100.0,1,high,25.28,5,2,none,,9,https://www.musinsa.com/products/5968457
2026-09-02,제로,5969353,헤링본 오버 커브드 데님 팬츠 [블랙],8.75,364460,41650,41650,41650,0,0,0.0,100.0,1,high,9.63,23,8,none,,9,https://www.musinsa.com/products/5969353
2026-09-02,토피,5970121,사이드라인 데님 팬츠 (BLACK),0.0,0,36500,36500,36500,0,0,0.0,100.0,1,high,24.09,7,2,none,,9,https://www.musinsa.com/products/5970121
2026-09-02,999휴머니티,5970761,AV 소프트 후디 (탄),0.0,0,128000,128000,128000,0,0,0.0,100.0,1,high,24.0,6,2,none,,9,https://www.musinsa.com/products/5970761
2026-09-02,밀로아카이브,5970889,샤토 엔지니어드 팬츠 [데님 블랙],0.0,0,102400,102400,102400,0,0,0.0,100.0,1,high,24.02,8,2,none,,9,https://www.musinsa.com/products/5970889
2026-09-02,필루미네이트,5972809,(W) 데미지드 벨벳 크롭 니트-차콜,0.0,0,37900,37900,37900,0,0,0.0,100.0,1,high,24.02,8,2,none,,9,https://www.musinsa.com/products/5972809
2026-09-02,에이치덱스,5975305,서포트 트랙 부츠컷 레깅스 (Black),0.0,0,52000,52000,52000,0,0,0.0,100.0,1,high,25.28,5,2,none,,9,https://www.musinsa.com/products/5975305
2026-09-02,에이치덱스,5975433,넘버8 피쉬네트 럭비 니트 (White),0.0,0,65550,65550,65550,0,0,0.0,100.0,1,high,25.28,5,2,none,,9,https://www.musinsa.com/products/5975433
2026-09-02,1993스튜디오,5975753,스튜디오 볼륨 자수 캠프캡_블랙,0.0,0,27000,27000,27000,0,0,0.0,100.0,1,high,24.01,6,2,none,,9,https://www.musinsa.com/products/5975753
2026-09-02,시야쥬,5976009,SIAC3103 빈티지 코튼 볼캡_Charcoal,0.0,0,35100,35100,35100,0,0,0.0,100.0,1,high,24.01,6,2,none,,9,https://www.musinsa.com/products/5976009
2026-09-02,플리즈노팔로우,5976969,Vera Lace Shirring Long Sleeve Top (Ivory),0.15,9823,66300,66300,66300,0,0,0.0,14.87,0,low,24.09,6,1,none,,9,https://www.musinsa.com/products/5976969
2026-09-02,엑스트라오디너리,5977225,CAMO PANEL DOUBLE KNEE PANTS BEIGE,0.0,0,101400,101400,101400,0,0,0.0,100.0,1,high,24.52,5,2,none,,9,https://www.musinsa.com/products/5977225
2026-09-02,로제프란츠,5977737,Sheer Grace Slim Long Dress [Black],0.0,0,88800,88800,88800,0,0,0.0,100.0,1,high,25.28,5,2,none,,9,https://www.musinsa.com/products/5977737
2026-09-02,코드그라피,5978057,(우먼) 와이드 핏 써머 데님-빈티지 블루,0.0,0,89100,89100,89100,0,0,0.0,100.0,1,high,25.28,5,2,none,,9,https://www.musinsa.com/products/5978057
2026-09-02,도프제이슨,5978825,인시전 크롭 레더 자켓 KHAKI BROWN,0.0,0,169000,169000,169000,0,0,0.0,100.0,1,high,24.02,8,2,none,,9,https://www.musinsa.com/products/5978825
2026-09-02,몽돌,5982921,[SET] 사이드 셔링 레이어드 티셔츠 모카브라운 MDTS067MOCHABROWN,0.0,0,24960,24960,24960,0,0,0.0,100.0,1,high,24.09,7,2,none,,9,https://www.musinsa.com/products/5982921
2026-09-02,와이케이,5983113,YK 아플리케 데님 스웨트팬츠 미디엄블루,0.0,0,73500,73500,73500,0,0,0.0,100.0,1,high,24.02,8,2,none,,9,https://www.musinsa.com/products/5983113
2026-09-02,아웃스탠딩,5983753,NEWSPAPER BAG(INDEPENDENT)_OLIVE,0.0,0,57600,57600,57600,0,0,0.0,100.0,1,high,24.09,7,2,none,,9,https://www.musinsa.com/products/5983753
2026-09-02,아틀리에나인,5984649,SOFT SLIMFIT BOAT NECK TEE (T-7171),0.0,0,30270,30270,30270,0,0,0.0,100.0,1,high,24.0,7,2,none,,9,https://www.musinsa.com/products/5984649
2026-09-02,던스트,5987529,UNISEX LAYERED SET-UP T-SHIRT_UDTS6A117_NAVY / BLACK STRIPE,0.0,0,98100,98100,78480,1,19620,25.0,100.0,1,medium,24.02,8,2,none,,9,https://www.musinsa.com/products/5987529
2026-09-02,노이어,5988233,헤링본 투 턱 슬라우치 슬랙스 (그레이),0.0,0,131200,131200,131200,0,0,0.0,100.0,1,high,24.09,8,2,none,,9,https://www.musinsa.com/products/5988233
2026-09-02,디스이즈네버댓,5992329,T-Logo L/S Tee Taffy,0.0,0,52000,52000,52000,0,0,0.0,100.0,1,high,24.01,6,2,none,,9,https://www.musinsa.com/products/5992329
2026-09-02,썬러브투어,5992713,PERTEX® 3L Coach Jacket Blue,0.0,0,258300,258300,258300,0,0,0.0,100.0,1,high,24.09,8,2,none,,9,https://www.musinsa.com/products/5992713
2026-09-02,모즈모즈,5996105,투에잇 피그먼트 크롭 반팔티셔츠 버건디,0.0,0,27650,27650,27650,0,0,0.0,100.0,1,high,24.0,6,2,none,,9,https://www.musinsa.com/products/5996105
2026-09-02,몰든,5999881,나일론 크롭 트랙 자켓,0.0,0,64080,64080,64080,0,0,0.0,100.0,1,high,24.09,8,2,none,,9,https://www.musinsa.com/products/5999881
2026-09-02,길라아카이브,6000009,TWIST BELT BOOTCUT DENIM PANTS_BLUE,0.0,0,69660,69660,69660,0,0,0.0,100.0,1,high,24.02,8,2,none,,9,https://www.musinsa.com/products/6000009
2026-09-02,무드인사이드우먼,6000393,(woman) 에센셜 무드 크롭 브이넥 니트_Ivory,0.0,0,29900,29900,29900,0,0,0.0,100.0,1,high,24.01,7,2,none,,9,https://www.musinsa.com/products/6000393
2026-09-02,기철,6001993,Square Patch Cut Wide Denim Pants (Mid Blue),0.0,0,65400,65400,65400,0,0,0.0,100.0,1,high,24.0,6,2,none,,9,https://www.musinsa.com/products/6001993
2026-09-02,브렌슨,6002185,플루이드 스트라이프 원턱 슬랙스 ( 블랙 ),0.0,0,49900,49900,49900,0,0,0.0,100.0,1,high,24.01,6,2,none,,9,https://www.musinsa.com/products/6002185
2026-09-02,기철,6002377,Double Waist Bermuda Cotton Pants (Beige),0.0,0,45000,45000,45000,0,0,0.0,100.0,1,high,24.0,6,2,none,,9,https://www.musinsa.com/products/6002377
2026-09-02,더바이닐하우스,6007113,CUT-OFF OVER SLUB HOODIE LS TEE (W) KHAKI,0.0,0,44160,44160,38640,1,5520,14.29,100.0,1,medium,24.01,6,2,none,,9,https://www.musinsa.com/products/6007113
2026-09-02,더바이닐하우스,6008777,LOVE TWO-WAY HOODIE GREY,0.0,0,61040,61040,53410,1,7630,14.29,100.0,1,medium,24.01,6,2,none,,9,https://www.musinsa.com/products/6008777
2026-09-02,인사일런스우먼,6013577,빈티지 헤링턴 점퍼 BEIGE,0.0,0,209700,209700,221300,1,-11600,-5.24,100.0,1,medium,24.09,8,2,none,,9,https://www.musinsa.com/products/6013577
2026-09-02,인사일런스우먼,6013641,코튼 스터드 자켓 BLACK,0.0,0,206910,206910,206910,0,0,0.0,100.0,1,high,24.09,8,2,none,,9,https://www.musinsa.com/products/6013641
2026-09-02,워크온바디오프,6015497,코튼 세미 오버핏 피케 티셔츠 [네이비],0.59,19217,32310,32310,32310,0,0,0.0,100.0,1,high,24.01,9,2,none,,9,https://www.musinsa.com/products/6015497
2026-09-02,바우로프로덕트,6017993,미니멀 플리츠 크롭 자켓 [베이지],0.0,0,149000,149000,149000,0,0,0.0,100.0,1,high,25.29,7,2,none,,9,https://www.musinsa.com/products/6017993
2026-09-02,디스이즈네버댓,6019721,Active Light Backpack Black,0.0,0,90300,90300,90300,0,0,0.0,100.0,1,high,24.01,6,2,none,,9,https://www.musinsa.com/products/6019721
2026-09-02,디스이즈네버댓,6019849,Arch-Logo Tee White,0.41,15615,38500,38500,38500,0,0,0.0,100.0,1,high,24.01,6,2,none,,9,https://www.musinsa.com/products/6019849
2026-09-02,오헤시오,6021449,"DUAL POCKET BACKPACK, WHITE",0.0,0,150100,150100,150100,0,0,0.0,100.0,1,high,24.09,6,2,none,,9,https://www.musinsa.com/products/6021449
2026-09-02,세터,6024201,[라이즈PICK] 크레스트 로고 니트 타이 차콜,0.0,0,29000,29000,29000,0,0,0.0,100.0,1,high,24.0,6,2,none,,9,https://www.musinsa.com/products/6024201
2026-09-02,제로,6029449,파라슈트 카고 오버 스트링 팬츠 [카키],0.0,0,49000,49000,49000,0,0,0.0,100.0,1,high,24.0,6,2,none,,9,https://www.musinsa.com/products/6029449
2026-09-02,파르티멘토,6029961,V 넥 니트 스웨터 아이보리,0.0,0,39300,39300,39300,0,0,0.0,100.0,1,high,24.01,6,2,none,,9,https://www.musinsa.com/products/6029961
2026-09-02,벨리에,6031433,시티 그런지 스트라이프 롱 슬리브 - 다잉 브라운,0.0,0,109250,109250,109250,0,0,0.0,100.0,1,high,24.0,6,2,none,,9,https://www.musinsa.com/products/6031433
2026-09-02,에스피오나지,6031689,Washed Drizzler Jacket Greige,0.0,0,117600,117600,117600,0,0,0.0,100.0,1,high,24.09,8,2,none,,9,https://www.musinsa.com/products/6031689
2026-09-02,파르티멘토우먼,6033929,클래식 와이드 레그 루즈 진_라이트 블루,0.0,0,76950,76950,76950,0,0,0.0,100.0,1,high,24.54,6,2,none,,9,https://www.musinsa.com/products/6033929
2026-09-02,일꼬르소,6034185,코어 스웻 팬츠 라이트 블루,0.0,0,50560,50560,50560,0,0,0.0,100.0,1,high,24.01,6,2,none,,9,https://www.musinsa.com/products/6034185
2026-09-02,더뮤지엄비지터,6034889,ART FLOWER CHAIN BLOUSON (WHITE),0.0,0,298000,298000,298000,0,0,0.0,100.0,1,high,24.09,7,2,none,,9,https://www.musinsa.com/products/6034889
2026-09-02,디앤에스알,6036617,Feather Beaded Necklace,0.0,0,35200,35200,35200,0,0,0.0,100.0,1,high,24.0,6,2,none,,9,https://www.musinsa.com/products/6036617
2026-09-02,인사일런스,6038217,링클 체크 집업 자켓 BROWN,0.0,0,197100,197100,197100,0,0,0.0,100.0,1,high,24.01,6,2,none,,9,https://www.musinsa.com/products/6038217
2026-09-02,브룩스브라더스,6039881,논아이론 옥스포드 셔츠 (블루) (BBTHMNZ501),0.0,0,169000,169000,152100,1,16900,11.11,100.0,1,medium,24.02,8,2,none,,9,https://www.musinsa.com/products/6039881
2026-09-02,슬로우애시드,6040137,리버시블 플란넬 체크 후드 집업 [블루],0.0,0,82800,82800,82800,0,0,0.0,100.0,1,high,25.29,5,2,none,,9,https://www.musinsa.com/products/6040137
2026-09-02,슬로우애시드,6040265,레이어드 헨리넥 니트 [스카이블루],0.78,42358,54600,54600,54600,0,0,0.0,100.0,1,high,25.29,5,2,none,,9,https://www.musinsa.com/products/6040265
2026-09-02,브룩스브라더스,6040585,코튼 케이블 크루넥 스웨터 (네이비) (BBWRMBG102),0.0,0,139300,139300,111440,1,27860,25.0,100.0,1,medium,24.02,9,2,none,,9,https://www.musinsa.com/products/6040585
2026-09-02,나이스고스트클럽,6041993,MOVING SYMBOL TEE_WHITE/GREY(NG2EMUT522A),0.53,12968,24570,24570,24570,0,0,0.0,100.0,1,high,24.02,8,2,none,,9,https://www.musinsa.com/products/6041993
2026-09-02,썬러브투어,6042313,Crescent Windbreaker Taupe,0.0,0,160300,160300,160300,0,0,0.0,100.0,1,high,24.09,8,2,none,,9,https://www.musinsa.com/products/6042313
2026-09-02,본투윈,6042377,W B-SOFT EASY LONG SLEEVE [IVORY],0.0,0,56000,56000,56000,0,0,0.0,100.0,1,high,24.09,7,2,none,,9,https://www.musinsa.com/products/6042377
2026-09-02,본투윈,6042441,W BRN RELAX FIT SWEATSHIRTS [WHITE MELANGE],0.0,0,65500,65500,65500,0,0,0.0,100.0,1,high,24.09,7,2,none,,9,https://www.musinsa.com/products/6042441
2026-09-02,본투윈,6042633,B PENDANT PIGMENT RIBBED SLEEVELESS [KHAKI],0.0,0,46500,46500,46500,0,0,0.0,100.0,1,high,24.09,7,2,none,,9,https://www.musinsa.com/products/6042633
2026-09-02,제너럴아이디어,6043401,MAN 스트라이프 코튼 크루넥 니트 [IVORY] / GF1MKP004,0.0,0,48800,48800,48300,1,500,1.04,100.0,1,medium,24.09,7,2,none,,9,https://www.musinsa.com/products/6043401
2026-09-02,제너럴아이디어,6043913,멀티 스트라이프 럭비 티셔츠 [BRICK] / GF1LTS514,0.0,0,52800,52800,46200,1,6600,14.29,100.0,1,medium,24.09,7,2,none,,9,https://www.musinsa.com/products/6043913
2026-09-02,유라고,6044745,Tencel wool V-neck knit,0.0,0,66120,66120,66120,0,0,0.0,100.0,1,high,24.0,6,2,none,,9,https://www.musinsa.com/products/6044745
2026-09-02,시야쥬,6047753,SIKN2178 카울 스카프 니트 탑_Beige,0.0,0,88070,88070,88070,0,0,0.0,100.0,1,high,24.01,6,2,none,,9,https://www.musinsa.com/products/6047753
2026-09-02,엑스오엑스,6048841,피그먼트 워싱 뒷절개 반팔 티셔츠 (5color),3.05,67321,22100,22100,22100,0,0,0.0,100.0,1,high,24.0,12,2,none,,9,https://www.musinsa.com/products/6048841
2026-09-02,에이치덱스,6049545,사이드 컬러 블럭 숏 슬리브 (Melange Gray),0.0,0,39200,39200,39200,0,0,0.0,100.0,1,high,25.29,5,2,none,,9,https://www.musinsa.com/products/6049545
2026-09-02,에이치덱스,6049609,스쿼드 숏 슬리브 (Black),0.0,0,39900,39900,39900,0,0,0.0,100.0,1,high,25.29,5,2,none,,9,https://www.musinsa.com/products/6049609
2026-09-02,르아브,6050633,[ X HELET]로파 더블 니팅 지퍼 크롭  니트 그레이,0.0,0,111300,111300,111300,0,0,0.0,100.0,1,high,24.02,8,2,none,,9,https://www.musinsa.com/products/6050633
2026-09-02,플랙,6050697,페퍼유 X 플랙 루즈핏 데님 팬츠 R21 미드블루,0.0,0,89100,89100,89100,0,0,0.0,100.0,1,high,24.01,6,2,none,,9,https://www.musinsa.com/products/6050697
2026-09-02,로우클래식,6051081,Lc OFF-SHOULDER SWEATSHIRT_CHARCOAL NAVY [LC263TS07HN],0.0,0,84650,84650,84650,0,0,0.0,100.0,1,high,24.09,8,2,none,,9,https://www.musinsa.com/products/6051081
2026-09-02,더뮤지엄비지터,6053769,W MULTI PATCH MIDI SKIRT (BLACK),0.0,0,90300,90300,90300,0,0,0.0,100.0,1,high,24.09,7,2,none,,9,https://www.musinsa.com/products/6053769
2026-09-02,더뮤지엄비지터,6053897,ART PIGMENT HOODIE (PURPLE),0.0,0,59400,59400,59400,0,0,0.0,100.0,1,high,24.09,7,2,none,,9,https://www.musinsa.com/products/6053897
2026-09-02,시눈,6054985,Flower Sheer Skirt (Blue),0.0,0,134570,134570,149520,1,-14950,-10.0,100.0,1,medium,24.0,6,2,none,,9,https://www.musinsa.com/products/6054985
2026-09-02,엘무드,6056073,세르노 나일론 와이드 트랙팬츠 베이지,0.0,0,93700,93700,93700,0,0,0.0,100.0,1,high,24.01,6,2,none,,9,https://www.musinsa.com/products/6056073
2026-09-02,워크온바디오프,6057737,쓰리턱 세미 와이드 스트라이프 슬랙스 [그레이],0.81,43708,53820,53820,53820,0,0,0.0,40.62,0,low,24.01,5,1,none,,9,https://www.musinsa.com/products/6057737
2026-09-02,브라운브레스,6058441,TAG LIGHT WINDBREAKER - BURGUNDY,0.0,0,109000,109000,109000,0,0,0.0,100.0,1,high,24.09,8,2,none,,9,https://www.musinsa.com/products/6058441
2026-09-02,브룩스브라더스,6058889,[여성] 코튼 라운드 가디건 (블랙) (BBWCWBG102),0.0,0,153300,153300,140160,1,13140,9.38,100.0,1,medium,24.02,9,2,none,,9,https://www.musinsa.com/products/6058889
2026-09-02,브룩스브라더스,6059081,[여성] 리넨 싱글재킷 (화이트) (BBJSWBG101),0.0,0,419300,419300,383360,1,35940,9.38,100.0,1,medium,24.02,8,2,none,,9,https://www.musinsa.com/products/6059081
2026-09-02,노이어,6065481,린넨 버뮤다 하프 팬츠 (블랙),0.0,0,50000,50000,50000,0,0,0.0,100.0,1,high,24.09,8,2,none,,9,https://www.musinsa.com/products/6065481
2026-09-02,플리즈노팔로우,6067849,Halo Unbal Shirring Long Sleeve Top (Melange Grey),0.0,0,67150,67150,67150,0,0,0.0,100.0,1,high,24.09,7,2,none,,9,https://www.musinsa.com/products/6067849
2026-09-02,999휴머니티,6068745,워시드 캔버스 빅 토트백 (라이트 그린),0.0,0,128000,128000,128000,0,0,0.0,100.0,1,high,24.0,6,2,none,,9,https://www.musinsa.com/products/6068745
2026-09-02,제너럴아이디어,6070345,셔링 롱슬리브 티셔츠 [BROWN] / GF2LTS517,0.0,0,26400,26400,26400,0,0,0.0,100.0,1,high,24.09,7,2,none,,9,https://www.musinsa.com/products/6070345
2026-09-02,글로니,6071241,HONEY EYELET BUTTON LONG SLEEVE (WHITE),0.97,61434,63180,63180,63180,0,0,0.0,100.0,1,low,24.09,7,2,none,,9,https://www.musinsa.com/products/6071241
2026-09-02,후드후드,6072649,COME CLOSER 데미지 링거 반팔티셔츠 옐로우,0.0,0,41300,41300,41300,0,0,0.0,100.0,1,high,25.29,5,2,none,,9,https://www.musinsa.com/products/6072649
2026-09-02,플레어업,6073097,Layered Bustier T-Shirt (FL-108_Cloud White),2.68,180095,67315,59040,70110,1,-11070,-15.79,100.0,1,medium,24.55,16,7,none,,9,https://www.musinsa.com/products/6073097
2026-09-02,더바이닐하우스,6075529,RAW WASHED VERTICAL SHIRTS NAVY,0.0,0,108160,108160,94640,1,13520,14.29,100.0,1,medium,24.01,6,2,none,,9,https://www.musinsa.com/products/6075529
2026-09-02,프리즘웍스,6075593,MICRO RIPSTOP ANORAK _ LIGHT OLIVE,0.0,0,86940,86940,86940,0,0,0.0,100.0,1,high,24.09,8,2,none,,9,https://www.musinsa.com/products/6075593
2026-09-02,미나브,6078537,알파카 라운드 넥 가디건 [7COLOR],0.0,0,77400,77400,77400,0,0,0.0,100.0,1,high,24.09,8,2,none,,9,https://www.musinsa.com/products/6078537
2026-09-02,유니폼브릿지,6081545,ubc multi stripe s/s t-shirt blue,0.0,0,34500,34500,34500,0,0,0.0,100.0,1,high,24.09,7,2,none,,9,https://www.musinsa.com/products/6081545
2026-09-02,디스이즈네버댓,6087305,T.N.T. Classic HDP L/S Tee Heather Grey,1.41,77646,55200,55200,55200,0,0,0.0,100.0,1,high,24.01,6,2,none,,9,https://www.musinsa.com/products/6087305
2026-09-02,나이스고스트클럽,6089993,SANCTUM SOCIETY PIGMENT DYED TEE_CHARCOAL(NG2GMUT518A),0.0,0,32760,32760,32760,0,0,0.0,100.0,1,high,24.02,8,2,none,,9,https://www.musinsa.com/products/6089993
2026-09-02,나이스고스트클럽,6091081,HEAD SYMBOL CAP_BLACK(NG2GSUAB24A),0.0,0,30870,30870,30870,0,0,0.0,100.0,1,high,24.02,8,2,none,,9,https://www.musinsa.com/products/6091081
2026-09-02,마인드브릿지,6091145,[ON]스트라이프 크림 오버핏 긴팔 셔츠,4.14,206740,49900,49900,49900,0,0,0.0,100.0,1,high,8.99,26,7,none,,9,https://www.musinsa.com/products/6091145
2026-09-02,배드블러드,6091913,Arc Curved Fit Cargo Pants - Camo,0.0,0,152150,152150,152150,0,0,0.0,100.0,1,high,24.09,8,2,none,,9,https://www.musinsa.com/products/6091913
2026-09-02,코드그라피,6091977,8부 버뮤다 코튼 쇼츠-차콜,0.0,0,80100,80100,80100,0,0,0.0,100.0,1,high,25.3,5,2,none,,9,https://www.musinsa.com/products/6091977
2026-09-02,몽돌,6093001,드레이프 넥 레이어드 반팔 티셔츠 라벤더 MDTS094LAVENDER,0.0,0,24000,24000,24000,0,0,0.0,100.0,1,high,24.09,7,2,none,,9,https://www.musinsa.com/products/6093001
2026-09-02,제너럴아이디어,6097993,시어 부클 보트넥 풀오버 [PINK] / GF1LKP511,0.85,32676,38400,38400,38400,0,0,0.0,100.0,1,high,24.09,7,2,none,,9,https://www.musinsa.com/products/6097993
2026-09-02,브룩스브라더스,6099145,멀티 스트라이프 반팔 티셔츠 (오렌지) (BBNPMBG203),0.0,0,107100,107100,95200,1,11900,12.5,100.0,1,medium,24.02,8,2,none,,9,https://www.musinsa.com/products/6099145
2026-09-02,르바,6099337,[2PACK] All-day Cotton Rib T-shirt - 12colors,0.0,0,70200,70200,70200,0,0,0.0,100.0,1,high,25.3,5,2,none,,9,https://www.musinsa.com/products/6099337
2026-09-02,비헤비어,6099785,DISTRESSED LAMBSKIN WALLET black,0.0,0,160550,160550,160550,0,0,0.0,100.0,1,high,24.55,5,2,none,,9,https://www.musinsa.com/products/6099785
2026-09-02,비헤비어,6100873,CREWNECK STRIPE L/S SHIRTS oatmeal/black,0.0,0,93100,93100,93100,0,0,0.0,100.0,1,high,24.55,5,2,none,,9,https://www.musinsa.com/products/6100873
2026-09-02,마인드브릿지,6102537,[COUTURE]와이드 원턱 나일론 혼방 스트링 밴딩 팬츠 - 2color,0.0,0,44900,44900,44900,0,0,0.0,100.0,1,high,24.55,5,2,none,,9,https://www.musinsa.com/products/6102537
2026-09-02,마인드브릿지,6102729,[쿨]라운드 데일리 티셔츠 - 5color,0.0,0,24900,24900,24900,0,0,0.0,100.0,1,high,24.55,5,2,none,,9,https://www.musinsa.com/products/6102729
2026-09-02,마인드브릿지,6103241,두굿_소로나 쿨 터치 레귤러 핏 슬리브리스 - 2color,0.9,17939,19900,19900,19900,0,0,0.0,100.0,1,high,24.55,5,2,none,,9,https://www.musinsa.com/products/6103241
2026-09-02,마인드브릿지,6103305,[COUTURE]카라 세미 오버핏 미니멀 반팔 니트  - 2color,0.0,0,62900,62900,62900,0,0,0.0,100.0,1,high,24.55,5,2,none,,9,https://www.musinsa.com/products/6103305
2026-09-02,마인드브릿지,6103369,[에어쿨]메쉬 세미 와이드 카고 풀 밴딩 블랙 하프 팬츠,0.0,0,35900,35900,35900,0,0,0.0,100.0,1,high,24.55,5,2,none,,9,https://www.musinsa.com/products/6103369
2026-09-02,썬러브투어,6103433,W 1872 Button Up Hoodie Floral,0.0,0,104300,104300,104300,0,0,0.0,100.0,1,high,24.09,8,2,none,,9,https://www.musinsa.com/products/6103433
2026-09-02,키르시,6108105,키르시 멜로우 숏 파자마 세트 [아이보리],0.0,0,55200,55200,55200,0,0,0.0,100.0,1,high,24.01,6,2,none,,9,https://www.musinsa.com/products/6108105
2026-09-02,비바라비다,6108937,Lovers 반팔 티셔츠,2.0,51705,25900,25900,25900,0,0,0.0,100.0,1,high,10.05,30,8,none,,9,https://www.musinsa.com/products/6108937
2026-09-02,마인드브릿지우먼,6109897,[W]스티치 배색 반팔 집업 자켓,0.0,0,89100,89100,89100,0,0,0.0,100.0,1,high,24.0,7,2,none,,9,https://www.musinsa.com/products/6109897
2026-09-02,어나더오피스,6115017,Lumberjack Jacket (Black),0.0,0,368000,368000,368000,0,0,0.0,100.0,1,high,24.09,7,2,none,,9,https://www.musinsa.com/products/6115017
2026-09-02,인사일런스우먼,6115849,빈티지 텍스쳐드 원피스 BLACK,0.0,0,114730,114730,141500,1,-26770,-18.92,100.0,1,medium,24.09,8,2,none,,9,https://www.musinsa.com/products/6115849
2026-09-02,브라운브레스,6116297,CROP TAG TEE - MELANGE GREY,1.0,38973,39000,39000,39000,0,0,0.0,100.0,1,high,24.09,8,2,none,,9,https://www.musinsa.com/products/6116297
2026-09-02,커버낫,6125577,체커보드 그래픽 티셔츠 화이트,0.0,0,35280,35280,35280,0,0,0.0,100.0,1,high,24.01,6,2,none,,9,https://www.musinsa.com/products/6125577
2026-09-02,커버낫,6125641,워크 나일론 쇼츠 브라운,0.0,0,64080,64080,64080,0,0,0.0,100.0,1,high,24.01,6,2,none,,9,https://www.musinsa.com/products/6125641
2026-09-02,오퍼스 0012,6128457,Op. 03 OMEN VELVET DENIM JACKET BLACK,0.0,0,197100,197100,197100,0,0,0.0,100.0,1,high,24.09,7,2,none,,9,https://www.musinsa.com/products/6128457
2026-09-02,낫포너드,6136265,W Rib Panel Twill Zipper Jacket - Black,0.99,73035,73890,73890,73890,0,0,0.0,100.0,1,high,25.3,5,2,none,,9,https://www.musinsa.com/products/6136265
2026-09-02,노티카,6139657,오션 트라이벌 티셔츠(3colors) NTS5556,1.0,29400,29400,29400,29400,0,0,0.0,100.0,1,high,24.0,12,8,none,,9,https://www.musinsa.com/products/6139657
2026-09-02,오헤시오,6141385,"BASIC STANDARD T-SHIRT, WHITE",0.0,0,40850,40850,40850,0,0,0.0,100.0,1,high,24.09,8,2,none,,9,https://www.musinsa.com/products/6141385
2026-09-02,일리고,6149065,도트 보트넥 탑 블랙,0.0,0,56000,56000,56000,0,0,0.0,100.0,1,high,24.56,5,2,none,,9,https://www.musinsa.com/products/6149065
2026-09-02,파르티멘토우먼,6151561,레이어드 슬리브 타이 롱슬리브 탑_블랙,0.0,0,39690,39690,39690,0,0,0.0,100.0,1,high,24.56,6,2,none,,9,https://www.musinsa.com/products/6151561
2026-09-02,파르티멘토우먼,6151817,디컨스트럭티드 레이어드 티_네이비,0.0,0,63990,63990,63990,0,0,0.0,100.0,1,high,24.56,6,2,none,,9,https://www.musinsa.com/products/6151817
2026-09-02,키르시,6153673,워딩 크롭 피그먼트 티셔츠 [라이트 핑크],0.0,0,34820,34820,37440,1,-2620,-7.0,100.0,1,medium,24.01,6,2,none,,9,https://www.musinsa.com/products/6153673
2026-09-02,언더오프,6154633,라이트웨이트 칼라드 윈드브레이커 라이트베이지,0.0,0,36900,36900,36900,0,0,0.0,100.0,1,high,24.01,6,2,none,,9,https://www.musinsa.com/products/6154633
2026-09-02,키뮤어,6154825,[크롭] 스트라이프 레이어드 헨리넥 반팔 티셔츠_멜란지 그레이,3.7,179834,48600,48600,48600,0,0,0.0,100.0,1,high,24.09,16,6,none,,9,https://www.musinsa.com/products/6154825
2026-09-02,르아르,6156297,90s 빈티지핏 피그먼트 티셔츠 [그레이],1.0,26912,26900,26900,26900,0,0,0.0,100.0,1,high,24.0,6,2,none,,9,https://www.musinsa.com/products/6156297
2026-09-02,아메스월드와이드,6162377,CLASSIC GRACE TYPO TEE WHITE,2.35,39162,16660,19040,16660,1,2380,14.29,69.47,0,low,8.99,9,5,none,,9,https://www.musinsa.com/products/6162377
2026-09-02,아메스월드와이드,6162761,STRIPE EASY PANTS BLUE,0.0,0,47040,47040,41160,1,5880,14.29,100.0,1,medium,24.56,6,2,none,,9,https://www.musinsa.com/products/6162761
2026-09-02,아메스월드와이드,6162953,SHINING AMES ROUND HEM CROP TEE BLUE,0.0,0,19500,19500,19500,0,0,0.0,100.0,1,high,24.56,6,2,none,,9,https://www.musinsa.com/products/6162953
2026-09-02,더뮤지엄비지터,6165513,RABBIT EMBROIDERY CAP (BLACK),0.15,6105,40950,40950,40950,0,0,0.0,100.0,1,high,24.09,7,2,none,,9,https://www.musinsa.com/products/6165513
2026-09-02,로템버,6165641,워시드 데님 포켓 하프 셔츠 [워시드 블랙],0.27,16254,59940,59940,59940,0,0,0.0,100.0,1,high,24.09,8,2,none,,9,https://www.musinsa.com/products/6165641
2026-09-02,주앙옴므,6167305,크롭핏 컬러블록 하프 슬리브 (차콜),0.0,0,42400,42400,42400,0,0,0.0,100.0,1,high,24.56,5,2,none,,9,https://www.musinsa.com/products/6167305
2026-09-02,인사일런스우먼,6171017,워시드 립 홀터 슬리브리스 DUST ROSE,0.0,0,48000,48000,48000,0,0,0.0,100.0,1,high,24.09,8,2,none,,9,https://www.musinsa.com/products/6171017
2026-09-02,999휴머니티,6172937,커팅 엣지 버뮤다 데님 쇼츠 (라이트 블루),0.0,0,148000,148000,148000,0,0,0.0,100.0,1,high,24.0,6,2,none,,9,https://www.musinsa.com/products/6172937
2026-09-02,엘무드,6174281,할리 웨스턴 데님 하프 셔츠 (2 COLOR),3.43,329556,96000,96000,96000,0,0,0.0,100.0,1,high,24.01,15,4,none,,9,https://www.musinsa.com/products/6174281
2026-09-02,아틀리에나인,6174345,MULTI STRIPE BOXY TEE (T-7216),0.0,0,47200,47200,47200,0,0,0.0,100.0,1,high,24.0,7,2,none,,9,https://www.musinsa.com/products/6174345
2026-09-02,토마스모어,6175689,하이 소프트 라운드티 - 쏠트네이비,0.0,0,29500,29500,29500,0,0,0.0,47.1,0,low,23.99,7,1,none,,9,https://www.musinsa.com/products/6175689
2026-09-02,제멋,6175817,보이 크롭 U넥 반팔티셔츠 화이트 KJST2691,0.0,0,21900,21900,21900,0,0,0.0,100.0,1,high,24.09,10,2,none,,9,https://www.musinsa.com/products/6175817
2026-09-02,룩캐스트,6176201,제제 언발란스 티셔츠 / ZEZE UNBLANCE T-SHIRT_6colors,4.69,129929,27720,27600,27720,1,-120,-0.43,90.22,0,low,9.0,19,6,none,,9,https://www.musinsa.com/products/6176201
2026-09-02,그루브라임,6176329,말리부 피치 클럽 반팔 티셔츠 (LRSMCTR707M),0.0,0,14800,14800,14800,0,0,0.0,100.0,1,high,24.09,8,2,none,,9,https://www.musinsa.com/products/6176329
2026-09-02,그루브라임,6176457,배색 번개 레터링 반팔 티셔츠(2COLOR) (LRRMCTA366M),0.0,0,13100,13100,13100,0,0,0.0,100.0,1,high,24.09,8,2,none,,9,https://www.musinsa.com/products/6176457
2026-09-02,더바이닐하우스,6178505,SHEER COLLAR CARDIGAN CHARCOAL,0.0,0,47040,47040,41160,1,5880,14.29,100.0,1,medium,24.01,6,2,none,,9,https://www.musinsa.com/products/6178505
2026-09-02,스켈리웩,6178825,[류정란 × 스켈리웩] PULL UP 크롭 티셔츠[그레이],1.81,54235,29900,29900,29900,0,0,0.0,69.53,0,low,24.09,12,3,none,,9,https://www.musinsa.com/products/6178825
2026-09-02,락피쉬웨더웨어,6182537,COLOR BLOCK UMBRELLA SHORT - 5 colors,0.0,0,42300,42300,42300,0,0,0.0,100.0,1,high,25.31,5,2,none,,9,https://www.musinsa.com/products/6182537
2026-09-02,론론,6185353,RUCHED SLIM FIT T SHIRT GREY DOT,0.0,0,53460,53460,53460,0,0,0.0,100.0,1,high,24.09,8,2,none,,9,https://www.musinsa.com/products/6185353
2026-09-02,본투윈,6188617,SYMBOL B ACTIVE 2 IN 1 SHORTS [BEIGE],0.0,0,89000,89000,89000,0,0,0.0,100.0,1,high,24.09,7,2,none,,9,https://www.musinsa.com/products/6188617
2026-09-02,낫포너드,6191241,W Open Shoulder Stripe T-Shirts - Black,0.0,0,30690,30690,30690,0,0,0.0,100.0,1,high,25.31,5,2,none,,9,https://www.musinsa.com/products/6191241
2026-09-02,비터셀즈,6199689,핀 메쉬 트랙 팬츠-브라운,0.0,0,63200,63200,63200,0,0,0.0,100.0,1,high,24.56,15,2,none,,9,https://www.musinsa.com/products/6199689
2026-09-02,아웃스탠딩,6201353,HS CROCHET KNIT CARDIGAN_BLACK,0.0,0,80100,80100,80100,0,0,0.0,14.97,0,low,2.61,13,3,none,,9,https://www.musinsa.com/products/6201353
2026-09-02,세터,6201481,로턴 콘트라스트 미니 크로스 백 레드,0.0,0,99000,99000,99000,0,0,0.0,100.0,1,high,24.0,6,2,none,,9,https://www.musinsa.com/products/6201481
2026-09-02,아웃스탠딩,6202185,[LOONEY TUNES] HALF SLEEVE TEE(COWBOY)_OFF WHITE,0.0,0,40500,40500,40500,0,0,0.0,14.98,0,low,24.09,7,1,none,,9,https://www.musinsa.com/products/6202185
2026-09-02,무드인사이드,6202697,스페셜 후드 바람막이_Wine,1.0,29879,29900,29900,29900,0,0,0.0,100.0,1,high,24.09,8,2,none,,9,https://www.musinsa.com/products/6202697
2026-09-02,무드인사이드,6202761,스페셜 후드 바람막이_Light Beige,0.27,8114,29900,29900,29900,0,0,0.0,100.0,1,high,24.09,8,2,none,,9,https://www.musinsa.com/products/6202761
2026-09-02,스컬프터,6204361,Wander Girl Off-Shoulder Tee Baby Pink,1.0,44150,44160,44160,44160,0,0,0.0,100.0,1,high,24.09,7,2,none,,9,https://www.musinsa.com/products/6204361
2026-09-02,스컬프터,6205001,NPC Metallic Bag Icy Pink,0.0,0,88320,88320,88320,0,0,0.0,100.0,1,high,24.09,7,2,none,,9,https://www.musinsa.com/products/6205001
2026-09-02,코드그라피,6207561,(우먼) 스몰 스퀘어 자수 로고 링거 반소매 티셔츠-다크 네이비,0.0,0,44100,44100,44100,0,0,0.0,100.0,1,high,25.31,5,2,none,,9,https://www.musinsa.com/products/6207561
2026-09-02,스컬프터,6208393,Studded Bermuda Pants Dirty White,0.0,0,88320,88320,88320,0,0,0.0,100.0,1,high,24.09,7,2,none,,9,https://www.musinsa.com/products/6208393
2026-09-02,던스트,6208457,STRIPE EASY SHOPPER_UDBA6E213_OLIVE STRIPE,0.0,0,41300,41300,33040,1,8260,25.0,100.0,1,medium,24.02,8,2,none,,9,https://www.musinsa.com/products/6208457
2026-09-02,던스트,6208585,UNISEX CHORE JACKET_UDJA6B122_WHITE,0.0,0,149400,149400,119520,1,29880,25.0,100.0,1,medium,24.02,8,2,none,,9,https://www.musinsa.com/products/6208585
2026-09-02,세터,6208841,오픈 칼라 하프 데님 셔츠 블랙,0.0,0,109000,109000,109000,0,0,0.0,100.0,1,high,24.0,6,2,none,,9,https://www.musinsa.com/products/6208841
2026-09-02,스컬프터,6209225,Dot Lace Halter Top Melange Gray,0.0,0,46080,46080,46080,0,0,0.0,100.0,1,high,24.09,7,2,none,,9,https://www.musinsa.com/products/6209225
2026-09-02,스컬프터,6210313,Angelic Hobo Bag Gun Metal,1.0,81902,81920,81920,81920,0,0,0.0,100.0,1,high,24.09,7,2,none,,9,https://www.musinsa.com/products/6210313
2026-09-02,파브레가,6217737,라이트 위브 스카프 (블랙),0.0,0,43200,43200,43200,0,0,0.0,100.0,1,high,25.31,5,2,none,,9,https://www.musinsa.com/products/6217737
2026-09-02,트래블,6219017,레이서 피그먼트 반팔티 크림,0.0,0,23200,23200,20300,1,2900,14.29,100.0,1,medium,24.09,8,2,none,,9,https://www.musinsa.com/products/6219017
2026-09-02,디스이즈네버댓,6219273,Relaxed Denim Short Blue,0.0,0,83300,83300,83300,0,0,0.0,100.0,1,high,24.01,6,2,none,,9,https://www.musinsa.com/products/6219273
2026-09-02,파브레가,6221449,누아 스트라이프 하프 셔츠 (라이트 베이지),0.0,0,66600,66600,66600,0,0,0.0,100.0,1,high,25.31,5,2,none,,9,https://www.musinsa.com/products/6221449
2026-09-02,브라운브레스,6235337,W TAG FRICE SLEEVELESS - BLACK,0.0,0,32000,32000,32000,0,0,0.0,100.0,1,high,24.09,8,2,none,,9,https://www.musinsa.com/products/6235337
2026-09-02,브라운브레스,6235529,DELIVERY TAG TEE - BROWN,0.0,0,55000,55000,55000,0,0,0.0,100.0,1,high,24.09,8,2,none,,9,https://www.musinsa.com/products/6235529
2026-09-02,브라운브레스,6235977,STEPDYED WINDBREAKER JACKET - GREEN,0.0,0,159000,159000,159000,0,0,0.0,100.0,1,high,24.09,8,2,none,,9,https://www.musinsa.com/products/6235977
2026-09-02,1993스튜디오,6237961,[FC서울x1993스튜디오] 폴리 블록형 오버핏 저지 티셔츠_블랙,0.0,0,79000,79000,79000,0,0,0.0,100.0,1,high,24.01,6,2,none,,9,https://www.musinsa.com/products/6237961
2026-09-02,세컨모놀로그,6247113,Washed String Cargo [KBROWN]_SEWPT015KBROWN,0.0,0,47400,47400,47400,0,0,0.0,100.0,1,high,24.01,6,2,none,,9,https://www.musinsa.com/products/6247113
2026-09-02,브룩스브라더스,6252745,로고 코튼 피케 폴로셔츠 (화이트) (BBNTMOG201),0.0,0,83300,83300,66640,1,16660,25.0,100.0,1,medium,24.02,9,2,none,,9,https://www.musinsa.com/products/6252745
2026-09-02,브룩스브라더스,6253257,가먼트다잉 팬츠 (차콜) (BBPCMBG202),0.0,0,207200,207200,186480,1,20720,11.11,100.0,1,medium,24.02,8,2,none,,9,https://www.musinsa.com/products/6253257
2026-09-02,제너럴아이디어,6253577,아세테이트 꼬임 반팔 티셔츠 [CHARCOAL] / GF2LTS520,0.0,0,28000,28000,28000,0,0,0.0,100.0,1,high,24.09,7,2,none,,9,https://www.musinsa.com/products/6253577
2026-09-02,아웃스탠딩,6253961,V.S.C TEE(VIRGINIA PARK)_CHARCOAL,0.0,0,40500,40500,40500,0,0,0.0,15.02,0,low,24.09,7,1,none,,9,https://www.musinsa.com/products/6253961
2026-09-02,썬러브투어,6254793,Light Swing Pants Blue,0.0,0,153300,153300,153300,0,0,0.0,100.0,1,high,24.09,8,2,none,,9,https://www.musinsa.com/products/6254793
2026-09-02,룩캐스트,6255945,에리카 썸머 울 클레식 미니 드레스_블랙 / ERICA SUMMER WOOL CLASSIC MINI DRESS_BLACK,0.0,0,68450,68450,68450,0,0,0.0,100.0,1,high,24.56,5,2,none,,9,https://www.musinsa.com/products/6255945
2026-09-02,웬즈데이오아시스,6259529,워셔블 에어리 레글런 하프 니트_IVORY(WC26KN48),0.0,0,37100,37100,37100,0,0,0.0,100.0,1,high,24.09,8,2,none,,9,https://www.musinsa.com/products/6259529
2026-09-02,웬즈데이오아시스,6260489,요루 이지 쇼츠_IVORY(WB6PT22),0.0,0,40600,40600,40600,0,0,0.0,100.0,1,high,24.09,8,2,none,,9,https://www.musinsa.com/products/6260489
2026-09-02,디스이즈네버댓,6262601,Relaxed Nylon Short Navy,0.0,0,62300,62300,62300,0,0,0.0,100.0,1,high,24.01,6,2,none,,9,https://www.musinsa.com/products/6262601
2026-09-02,썬러브투어,6262793,Quiet Mesh Trucker Cap Navy,0.0,0,48300,48300,48300,0,0,0.0,100.0,1,high,24.09,8,2,none,,9,https://www.musinsa.com/products/6262793
2026-09-02,길라아카이브,6263177,LACE-UP COTTON SHORTS_BLACK,0.0,0,62370,62370,62370,0,0,0.0,100.0,1,high,24.02,8,2,none,,9,https://www.musinsa.com/products/6263177
2026-09-02,꼼파뇨,6264073,드림 아일랜드 피그먼트 반팔티 고스트그레이,0.0,0,28610,28610,28610,0,0,0.0,100.0,1,high,24.56,5,2,none,,9,https://www.musinsa.com/products/6264073
2026-09-02,제너럴아이디어,6266313,체크 시어 롱 스커트 [KHAKI] / GF2LSK510,0.0,0,40800,40800,40800,0,0,0.0,100.0,1,high,24.09,7,2,none,,9,https://www.musinsa.com/products/6266313
2026-09-02,제이엘브,6270025,우먼스 와이드 밴딩 팬츠,0.0,0,48600,48600,48600,0,0,0.0,100.0,1,high,24.02,8,2,none,,9,https://www.musinsa.com/products/6270025
2026-09-02,르아르,6270537,에센셜 리브드 슬리브리스 [그레이],1.27,25349,19900,19900,19900,0,0,0.0,100.0,1,high,9.63,20,8,none,,9,https://www.musinsa.com/products/6270537
2026-09-02,트릴리온,6271049,워셔블 리조트 케이블 카라 반팔 니트_아이보리,0.0,0,14990,14990,14990,0,0,0.0,100.0,1,high,24.56,5,2,none,,9,https://www.musinsa.com/products/6271049
2026-09-02,던스트,6271369,UNISEX LINEN CREWNECK KNIT_UDSW6B128_MELANGE GREY,0.0,0,59400,59400,47520,1,11880,25.0,100.0,1,medium,24.02,8,2,none,,9,https://www.musinsa.com/products/6271369
2026-09-02,몽돌,6274633,비즈 스트랩 나시 블라우스 화이트 MDBL007WHITE,0.0,0,49200,49200,49200,0,0,0.0,100.0,1,high,24.09,7,2,none,,9,https://www.musinsa.com/products/6274633
2026-09-02,유니폼브릿지,6275145,boat assoc s/s t-shirt green,0.0,0,47200,47200,47200,0,0,0.0,100.0,1,high,24.09,7,2,none,,9,https://www.musinsa.com/products/6275145
2026-09-02,유니폼브릿지,6275209,western check s/s shirt sky blue,0.0,0,71400,71400,71400,0,0,0.0,100.0,1,high,24.09,7,2,none,,9,https://www.musinsa.com/products/6275209
2026-09-02,아틀리에나인,6278281,STRIPE SHIRRING TUBE TOP (T-7234),0.0,0,36000,36000,36000,0,0,0.0,100.0,1,high,24.0,7,2,none,,9,https://www.musinsa.com/products/6278281
2026-09-02,레더리,6278857,스텔라 레더 팔찌 [BLACK],0.9,19637,21760,21760,21760,0,0,0.0,100.0,1,high,24.57,5,2,none,,9,https://www.musinsa.com/products/6278857
2026-09-02,나인제트,6282057,소프트 새깅 헤비메쉬 롱 팬츠 (2color),0.0,0,54900,54900,54900,0,0,0.0,100.0,1,high,24.57,5,2,none,,9,https://www.musinsa.com/products/6282057
2026-09-02,세터,6285641,(W) 가봉 와이드 데님 쇼츠 라이트 블루,0.0,0,129000,129000,129000,0,0,0.0,100.0,1,high,24.0,6,2,none,,9,https://www.musinsa.com/products/6285641
2026-09-02,브라운야드,6286601,"W 와이드 울 팬츠, 브라운",0.0,0,131600,131600,131600,0,0,0.0,100.0,1,high,24.02,8,2,none,,9,https://www.musinsa.com/products/6286601
2026-09-02,브라운야드,6286729,"워시드 워크 자켓, 블랙",0.0,0,243600,243600,243600,0,0,0.0,100.0,1,high,24.02,8,2,none,,9,https://www.musinsa.com/products/6286729
2026-09-02,세터,6289289,(W) 로턴 스티치 링거 반팔 티셔츠 블랙,0.0,0,69000,69000,69000,0,0,0.0,100.0,1,high,24.0,6,2,none,,9,https://www.musinsa.com/products/6289289
2026-09-02,세터,6292233,(W) 카프리 시트론 드로잉 썸머 그래픽 반팔 티셔츠 마젠타 퍼플,0.0,0,79000,79000,79000,0,0,0.0,100.0,1,high,24.0,6,2,none,,9,https://www.musinsa.com/products/6292233
2026-09-02,플랙,6301769,밴딩 퍼티그 데님 팬츠 M06 블랙,0.0,0,71200,71200,71200,0,0,0.0,100.0,1,high,24.01,6,2,none,,9,https://www.musinsa.com/products/6301769
2026-09-02,디앤에스알,6301897,엔지니어 버뮤다 데님 팬츠 블루,0.0,0,99000,99000,99000,0,0,0.0,100.0,1,high,24.0,6,2,none,,9,https://www.musinsa.com/products/6301897
2026-09-02,키르시,6307209,키르시 X 챠미키티 미니 숄더백 [화이트],0.0,0,55200,55200,55200,0,0,0.0,100.0,1,high,24.01,6,2,none,,9,https://www.musinsa.com/products/6307209
2026-09-02,노매뉴얼,6307337,우산은...,0.0,0,19000,19000,19000,0,0,0.0,100.0,1,high,24.57,5,2,none,,9,https://www.musinsa.com/products/6307337
2026-09-02,해칭룸,6307401,Base Hoodie Grey,0.0,0,78000,78000,78000,0,0,0.0,100.0,1,high,24.57,5,2,none,,9,https://www.musinsa.com/products/6307401
2026-09-02,아틀리에나인,6308169,CLASSIC STRIPE SLIM T (T-7262),0.0,0,39200,39200,39200,0,0,0.0,100.0,1,high,24.0,7,2,none,,9,https://www.musinsa.com/products/6308169
2026-09-02,드로우핏우먼,6309769,썸머 슬림 부츠컷 슬랙스 [BLACK],0.0,0,49680,49680,62100,1,-12420,-20.0,100.0,1,medium,24.09,8,2,none,,9,https://www.musinsa.com/products/6309769
2026-09-02,러브이즈트루,6310601,SY SHINING CHAIN BELT(WHITE),0.0,0,33460,33460,33460,0,0,0.0,100.0,1,high,24.02,8,2,none,,9,https://www.musinsa.com/products/6310601
2026-09-02,르바,6313225,Whenever Overdyed Ball Cap - Marshmallow Pink,0.0,0,39600,39600,39600,0,0,0.0,100.0,1,high,25.32,5,2,none,,9,https://www.musinsa.com/products/6313225
2026-09-02,제로,6313609,와플 딥 원 턱 스웨트 쇼츠 [멜란지 그레이],0.0,0,39000,39000,39000,0,0,0.0,100.0,1,high,24.0,6,2,none,,9,https://www.musinsa.com/products/6313609
2026-09-02,드로우핏우먼,6313673,베이 헨리넥 반팔 티셔츠 [BLACK],0.0,0,28650,28650,39600,1,-10950,-27.65,100.0,1,medium,24.09,8,2,none,,9,https://www.musinsa.com/products/6313673
2026-09-02,브라운야드,6316297,"캐시미어 하프 슬리브, 베이지",0.0,0,88000,88000,88000,0,0,0.0,100.0,1,high,24.02,8,2,none,,9,https://www.musinsa.com/products/6316297
2026-09-02,르바,6317961,Classic Staple Denim Shorts - Off White,0.0,0,80100,80100,80100,0,0,0.0,100.0,1,high,25.32,5,2,none,,9,https://www.musinsa.com/products/6317961
2026-09-02,본투윈,6318409,W V-NECK FOOTBALL TRACK T-SHIRTS [BLACK],1.0,65000,65000,65000,65000,0,0,0.0,100.0,1,high,10.02,18,8,none,,9,https://www.musinsa.com/products/6318409
2026-09-02,본투윈,6318473,B PENDANT CUT LINE SLEEVELESS [BLACK],2.55,140209,55000,55000,55000,0,0,0.0,100.0,1,high,24.09,12,2,none,,9,https://www.musinsa.com/products/6318473
2026-09-02,드헤베,6319945,Summer Knit Cardigan Set [Sky Blue],0.0,0,108300,108300,108300,0,0,0.0,100.0,1,high,25.32,5,2,none,,9,https://www.musinsa.com/products/6319945
2026-09-02,르아르,6324681,썸머 스트라이프 반팔 티셔츠 [블루],0.0,0,33600,33600,33600,0,0,0.0,100.0,1,high,24.0,6,2,none,,9,https://www.musinsa.com/products/6324681
2026-09-02,와이케이,6330249,말티즈 아카이브 링거 반팔티셔츠 Ver.2 화이트,0.0,0,31500,31500,31500,0,0,0.0,100.0,1,high,24.02,8,2,none,,9,https://www.musinsa.com/products/6330249
2026-09-02,아틀리에나인,6330377,CROCHER CROP V-NECK KNIT (T-7252),0.0,0,63200,63200,63200,0,0,0.0,100.0,1,high,24.0,5,2,none,,9,https://www.musinsa.com/products/6330377
2026-09-02,비바라비다,6330505,Sync 에코백,0.0,0,33530,33530,33530,0,0,0.0,100.0,1,high,24.09,7,2,none,,9,https://www.musinsa.com/products/6330505
2026-09-02,플리즈노팔로우,6331529,Zuri Lace Sleeveless Top (Black),3.4,283118,83300,83300,83300,0,0,0.0,100.0,1,high,24.09,12,2,none,,9,https://www.musinsa.com/products/6331529
2026-09-02,글로니,6331849,G RUFFLED BUTTON BLOUSE (BEIGE),0.0,0,125000,125000,125000,0,0,0.0,100.0,1,high,24.09,8,2,none,,9,https://www.musinsa.com/products/6331849
2026-09-02,인사일런스우먼,6334089,텍스쳐드 셔링 후드 셔켓 LIGHT BEIGE,0.0,0,128700,128700,135800,1,-7100,-5.23,100.0,1,medium,24.09,8,2,none,,9,https://www.musinsa.com/products/6334089
2026-09-02,미세키서울맨,6334153,Two-tone raglan short sleeve CHARCOAL,0.0,0,57800,57800,57800,0,0,0.0,100.0,1,high,24.0,6,2,none,,9,https://www.musinsa.com/products/6334153
2026-09-02,유니온블루,6344585,ARCHON TWILL CHINO PANTS [STONE BEIGE],0.0,0,103680,103680,103680,0,0,0.0,100.0,1,high,24.09,7,2,none,,9,https://www.musinsa.com/products/6344585
2026-09-02,제너럴아이디어,6345609,에어리 브이넥 케이블 가디건 [GREEN] / WBD2L43545,0.0,0,50400,50400,50400,0,0,0.0,100.0,1,high,24.09,7,2,none,,9,https://www.musinsa.com/products/6345609
2026-09-02,필루미네이트,6352777,세미 크롭 멀티 스트라이프 티셔츠-블랙,0.0,0,32000,32000,32000,0,0,0.0,100.0,1,high,24.02,8,2,none,,9,https://www.musinsa.com/products/6352777
2026-09-02,시야쥬,6366857,SIAC3122 Mode Bag_Black,0.0,0,118850,118850,118850,0,0,0.0,100.0,1,high,24.01,6,2,none,,9,https://www.musinsa.com/products/6366857
2026-09-02,시야쥬,6367241,SIPT7153 컴포트 라인 카프리 팬츠 (여름 ver)_Black,0.0,0,80100,80100,80100,0,0,0.0,100.0,1,high,24.01,6,2,none,,9,https://www.musinsa.com/products/6367241
2026-09-02,시야쥬,6367561,SITP5298 젠틀 리트리버 반팔 티셔츠_White,0.0,0,36770,36770,36770,0,0,0.0,100.0,1,high,24.01,6,2,none,,9,https://www.musinsa.com/products/6367561
2026-09-02,시야쥬,6367625,SITP5286 캡소매 슬림 반팔 티셔츠_Black,0.0,0,34830,34830,34830,0,0,0.0,100.0,1,high,24.01,6,2,none,,9,https://www.musinsa.com/products/6367625
2026-09-02,시야쥬,6367689,SITP5278 소프트 쉬어 썸머 셔츠_Black,0.0,0,83700,83700,83700,0,0,0.0,100.0,1,high,24.01,6,2,none,,9,https://www.musinsa.com/products/6367689
2026-09-02,에스피오나지,6370505,ESP Letter Washed Denim Cap Letter S,0.0,0,38400,38400,38400,0,0,0.0,100.0,1,high,24.09,8,2,none,,9,https://www.musinsa.com/products/6370505
2026-09-02,더블유엠씨,6375817,BASKET 롱슬리브_WHITE,0.0,0,39500,39500,39500,0,0,0.0,100.0,1,high,24.02,8,2,none,,9,https://www.musinsa.com/products/6375817
2026-09-02,락케이크,6376201,Leather Zipper Mini Skirt - Black,0.0,0,106560,106560,106560,0,0,0.0,100.0,1,high,24.09,8,2,none,,9,https://www.musinsa.com/products/6376201
2026-09-02,밀로아카이브,6386441,텍스처 크롭 U넥 티셔츠 [크림],0.0,0,38500,38500,38500,0,0,0.0,100.0,1,high,24.02,8,2,none,,9,https://www.musinsa.com/products/6386441
2026-09-02,제너럴아이디어,6389129,멀티 스트라이프 U넥 슬리브리스 [CHARCOAL] / GF2LTS530,0.0,0,22400,22400,21600,1,800,3.7,100.0,1,medium,24.09,7,2,none,,9,https://www.musinsa.com/products/6389129
2026-09-02,브렌슨,6390793,[코튼] 트윌 원턱 밴딩 버뮤다 팬츠 ( 5Color ),0.0,0,26900,26900,26900,0,0,0.0,100.0,1,high,24.01,6,2,none,,9,https://www.musinsa.com/products/6390793
2026-09-02,니티드,6391689,팜트리 로고 자수 볼캡 BLACK,0.0,0,31320,31320,27000,1,4320,16.0,100.0,1,medium,25.32,5,2,none,,9,https://www.musinsa.com/products/6391689
2026-09-02,루에브르,6391945,Flower-Jacquard Linear Seam T-Shirt SW6ME763_2color,0.0,0,89000,89000,89000,0,0,0.0,100.0,1,high,24.09,8,2,none,,9,https://www.musinsa.com/products/6391945
2026-09-02,파르티멘토우먼,6394185,PWC 포켓 스트라이프 레귤러 티_올리브,0.0,0,23490,23490,23490,0,0,0.0,100.0,1,high,24.58,6,2,none,,9,https://www.musinsa.com/products/6394185
2026-09-02,파르티멘토우먼,6394249,PWC 레이스 트림 투인원 슬리브리스 드레스 탑_스톤,0.0,0,35640,35640,35640,0,0,0.0,100.0,1,high,24.58,6,2,none,,9,https://www.musinsa.com/products/6394249
2026-09-02,시눈,6397513,Rose Petal Mini Cross Bag (Cream),0.0,0,110540,110540,122820,1,-12280,-10.0,100.0,1,medium,24.0,6,2,none,,9,https://www.musinsa.com/products/6397513
2026-09-02,더바이닐하우스,6397769,FADED STAR TEE RED,0.0,0,32480,32480,28420,1,4060,14.29,100.0,1,medium,24.01,6,2,none,,9,https://www.musinsa.com/products/6397769
2026-09-02,더바이닐하우스,6397897,UNBALANCE LAYERED ONE-PIECE (W) CHARCOAL,0.0,0,33040,33040,28910,1,4130,14.29,100.0,1,medium,24.01,6,2,none,,9,https://www.musinsa.com/products/6397897
2026-09-02,시눈,6398025,Braided One-Shoulder T-Shirt (Navy),0.0,0,60080,60080,66750,1,-6670,-9.99,100.0,1,medium,24.0,6,2,none,,9,https://www.musinsa.com/products/6398025
2026-09-02,에스피오나지,6400009,Vintage Cotton Work Shirt Jacket Charcoal,0.0,0,82600,82600,82600,0,0,0.0,100.0,1,high,24.09,8,2,none,,9,https://www.musinsa.com/products/6400009
2026-09-02,스키즘인듀싱,6402761,SHOEGAZER T SHIRT BLACK,0.03,1613,57800,57800,57800,0,0,0.0,100.0,1,high,24.09,9,2,none,,9,https://www.musinsa.com/products/6402761
2026-09-02,노티카,6406217,83플래그 6패널 볼캡(3colors) NCA1436,0.35,9704,28000,28000,28000,0,0,0.0,100.0,1,high,24.0,6,2,none,,9,https://www.musinsa.com/products/6406217
2026-09-02,바이모노,6408649,[빅사이즈 32-48] 모노 인생 히든밴딩 치노팬츠,0.0,0,36470,36470,36470,0,0,0.0,100.0,1,high,24.01,6,2,none,,9,https://www.musinsa.com/products/6408649
2026-09-02,브룩스브라더스,6410441,[여성] 로고 코튼 피케 원피스 (다크네이비) (BBDZWBG203),0.0,0,159200,159200,143280,1,15920,11.11,100.0,1,medium,24.02,9,2,none,,9,https://www.musinsa.com/products/6410441
2026-09-02,언더오프,6415625,멀티 스트라이프 크로쉐 반팔 니트 셔츠,0.0,0,39900,39900,39900,0,0,0.0,100.0,1,high,24.01,6,2,none,,9,https://www.musinsa.com/products/6415625
2026-09-02,굿라이프웍스,6417545,[unisex] 스트라이프 카라 하프 니트 차콜,0.0,0,34000,34000,34000,0,0,0.0,100.0,1,high,24.0,6,2,none,,9,https://www.musinsa.com/products/6417545
2026-09-02,에이이에이이,6418825,CHECK STAR TEE [NAVY],0.0,0,46800,46800,46800,0,0,0.0,100.0,1,high,24.59,5,2,none,,9,https://www.musinsa.com/products/6418825
2026-09-02,프리즘웍스,6419145,OG STRIPE SEERSUCKER HALF SHIRT _ GREEN,0.0,0,58500,58500,58500,0,0,0.0,100.0,1,high,24.09,8,2,none,,9,https://www.musinsa.com/products/6419145
2026-09-02,바우프,6425097,셔링 플레어 티셔츠 [네이비],0.21,15771,74800,74800,74800,0,0,0.0,100.0,1,high,25.33,5,2,none,,9,https://www.musinsa.com/products/6425097
2026-09-02,아워데이즈,6426057,[임서진 PICK] 필드 카고 버뮤다 코튼 팬츠 [KHAKI],0.0,0,29400,29400,29400,0,0,0.0,100.0,1,high,25.33,5,2,none,,9,https://www.musinsa.com/products/6426057
2026-09-02,어널러코드,6426505,하이프 하프 데님팬츠 (블랙),0.0,0,39200,39200,39200,0,0,0.0,100.0,1,high,24.09,8,2,none,,9,https://www.musinsa.com/products/6426505
2026-09-02,아캄,6435273,Big Patch CROS2 Half Top (Black),0.0,0,55200,55200,55200,0,0,0.0,100.0,1,high,24.0,6,2,none,,9,https://www.musinsa.com/products/6435273
2026-09-02,아캄,6435593,Flare Ripstop Cargo Pants (Black),0.0,0,132300,132300,132300,0,0,0.0,100.0,1,high,24.0,6,2,none,,9,https://www.musinsa.com/products/6435593
2026-09-02,드로우핏우먼,6437321,수피마 실켓 슬림 반팔 티셔츠 [CREAM],0.0,0,23760,23760,29700,1,-5940,-20.0,100.0,1,medium,24.09,8,2,none,,9,https://www.musinsa.com/products/6437321
2026-09-02,밀로아카이브,6438281,파인 하프 셔츠 [카키 그레이],0.0,0,68600,68600,68600,0,0,0.0,100.0,1,high,24.02,8,2,none,,9,https://www.musinsa.com/products/6438281
2026-09-02,론론,6444105,BETTY BOOP CAT PLUSH LONG SLEEVE WHITE,0.0,0,62370,62370,62370,0,0,0.0,100.0,1,high,24.09,8,2,none,,9,https://www.musinsa.com/products/6444105
2026-09-02,더뮤지엄비지터,6445001,COLOR TYPO SLUB T-SHIRT (BLACK),0.0,0,32400,32400,32400,0,0,0.0,100.0,1,high,24.09,7,2,none,,9,https://www.musinsa.com/products/6445001
2026-09-02,카키포인트,6454089,Stud Boston Bag (black),0.0,0,141530,141530,141530,0,0,0.0,100.0,1,high,24.09,8,2,none,,9,https://www.musinsa.com/products/6454089
2026-09-02,브라운브레스,6454345,TAG PALM CIRCUIT TEE - MELANGE GREY,0.0,0,55000,55000,55000,0,0,0.0,100.0,1,high,24.09,11,2,none,,9,https://www.musinsa.com/products/6454345
2026-09-02,토피,6454409,커브드 와이드 코튼 팬츠 (BEIGE),18.8,611149,32500,32500,32500,0,0,0.0,100.0,1,low,9.99,30,8,none,,9,https://www.musinsa.com/products/6454409
2026-09-02,트리밍버드,6457993,Eyelet Strap Flip Flops [ Silver ],0.0,0,219000,219000,219000,0,0,0.0,100.0,1,high,24.09,8,2,none,,9,https://www.musinsa.com/products/6457993
2026-09-02,제너럴아이디어,6458185,시어서커  라운드 카라 블라우스 [WHITE] / GF2LBL528,0.0,0,36330,36330,32200,1,4130,12.83,100.0,1,medium,24.09,7,2,none,,9,https://www.musinsa.com/products/6458185
2026-09-02,카키포인트,6459081,Eyelet Mini Shorts (black),0.0,0,42840,42840,42840,0,0,0.0,100.0,1,high,24.09,8,2,none,,9,https://www.musinsa.com/products/6459081
2026-09-02,미나브,6460105,폭스 레더 하프 팬츠 [더스티브라운],0.0,0,44100,44100,44100,0,0,0.0,100.0,1,high,24.09,8,2,none,,9,https://www.musinsa.com/products/6460105
2026-09-02,노이어,6462473,수피마 코튼 럭스 티셔츠 (레드),0.0,0,29200,29200,29200,0,0,0.0,100.0,1,high,24.09,8,2,none,,9,https://www.musinsa.com/products/6462473
2026-09-02,노이어,6462537,코튼 리브드 슬림핏 하프 티셔츠 (레몬),0.0,0,29200,29200,29200,0,0,0.0,100.0,1,low,24.09,7,2,none,,9,https://www.musinsa.com/products/6462537
2026-09-02,시야쥬,6472265,SIAC3130 Mid ST Marine Tote_Navy,0.0,0,74390,74390,74390,0,0,0.0,100.0,1,high,24.01,6,2,none,,9,https://www.musinsa.com/products/6472265
2026-09-02,시야쥬,6472393,SIA8042 릴렉스 져지 랩 원피스_Charcoal,0.0,0,53100,53100,53100,0,0,0.0,100.0,1,high,24.01,6,2,none,,9,https://www.musinsa.com/products/6472393
2026-09-02,시야쥬,6472457,SIKN2193 시어 루즈핏 니트 가디건_Blue,0.0,0,110300,110300,110300,0,0,0.0,100.0,1,high,24.01,6,2,none,,9,https://www.musinsa.com/products/6472457
2026-09-02,파르티멘토우먼,6473673,배트 슬리브 ILT 프린티드 티_네온 그린,0.0,0,31590,31590,31590,0,0,0.0,100.0,1,high,24.6,6,2,none,,9,https://www.musinsa.com/products/6473673
2026-09-02,유라고,6477769,Sommeil ringer t-shirt,0.0,0,31920,31920,31920,0,0,0.0,100.0,1,high,24.0,6,2,none,,9,https://www.musinsa.com/products/6477769
2026-09-02,미나브,6480585,코튼 집업 하프 니트 [그레이],0.0,0,44100,44100,44100,0,0,0.0,100.0,1,high,24.09,8,2,none,,9,https://www.musinsa.com/products/6480585
2026-09-02,이지노이지,6481993,이지 페인팅 크롭 티셔츠 - 화이트,0.0,0,69300,69300,69300,0,0,0.0,100.0,1,high,24.0,6,2,none,,9,https://www.musinsa.com/products/6481993
2026-09-02,비바라비다,6487497,Prickle 맨즈 크롭 반팔 티셔츠,0.0,0,19900,19900,19900,0,0,0.0,100.0,1,high,24.09,7,2,none,,9,https://www.musinsa.com/products/6487497
2026-09-02,드로우핏우먼,6489161,셔링 볼륨 슬리브리스 원피스 [WHITE],0.0,0,74880,74880,93600,1,-18720,-20.0,100.0,1,medium,24.09,8,2,none,,9,https://www.musinsa.com/products/6489161
2026-09-02,제멋,6491913,맨즈 크롭 실켓 반팔티셔츠 다크그레이 KJST2709,0.0,0,28900,28900,28900,0,0,0.0,100.0,1,high,24.09,8,2,none,,9,https://www.musinsa.com/products/6491913
2026-09-02,더바넷,6491977,Herringbone Fatigue Pants_Navy,0.0,0,125100,125100,125100,0,0,0.0,100.0,1,high,25.33,5,2,none,,9,https://www.musinsa.com/products/6491977
2026-09-02,썸웨어버터,6500105,Cartoon Pompompurin Over-Fit Top - Ivory,0.94,34978,37240,37240,37240,0,0,0.0,100.0,1,high,24.02,8,2,none,,9,https://www.musinsa.com/products/6500105
2026-09-02,썸웨어버터,6500361,Pochacco Stripe Pajama Shorts - Light Blue,0.0,0,44840,44840,44840,0,0,0.0,100.0,1,high,24.02,8,2,none,,9,https://www.musinsa.com/products/6500361
2026-09-02,르아르,6507913,카고 포켓 워시드 버뮤다 쇼츠 [카키],1.31,52222,39900,39900,39900,0,0,0.0,100.0,1,high,24.0,6,2,none,,9,https://www.musinsa.com/products/6507913
2026-09-02,꼼파뇨,6518281,벨리 가든 반팔티 화이트,0.0,0,28610,28610,28610,0,0,0.0,100.0,1,high,24.6,5,2,none,,9,https://www.musinsa.com/products/6518281
2026-09-02,본투윈,6520393,W SYMBOL B QUICK DRY SINGLET [WHITE],0.0,0,49000,49000,49000,0,0,0.0,100.0,1,high,24.09,7,2,none,,9,https://www.musinsa.com/products/6520393
2026-09-02,본투윈,6520457,BRN RUNNERS CORE SHORTS [BROWN],0.0,0,85000,85000,85000,0,0,0.0,100.0,1,high,24.09,7,2,none,,9,https://www.musinsa.com/products/6520457
2026-09-02,브라운야드,6529545,"체크 쇼츠, 블루",0.0,0,103600,103600,103600,0,0,0.0,100.0,1,high,24.02,8,2,none,,9,https://www.musinsa.com/products/6529545
2026-09-02,더니트컴퍼니,6530441,라이트 쿨링 레귤러 팬츠 5color,0.0,0,41880,41880,41880,0,0,0.0,100.0,1,high,25.33,5,2,none,,9,https://www.musinsa.com/products/6530441
2026-09-02,칙스,6533449,체크 포인트 카라 반팔 티셔츠 카키,0.0,0,25110,25110,27900,1,-2790,-10.0,100.0,1,medium,24.09,8,2,none,,9,https://www.musinsa.com/products/6533449
2026-09-02,브라운브레스,6543241,ENDLESS WAVE TEE - CHARCOAL,0.0,0,69000,69000,69000,0,0,0.0,100.0,1,high,24.09,8,2,none,,9,https://www.musinsa.com/products/6543241
2026-09-02,제너럴아이디어,6547657,링클프리 라인 셔츠 [SKY BLUE] / GF1LSH508,0.0,0,36800,36800,36800,0,0,0.0,100.0,1,high,24.09,7,2,none,,9,https://www.musinsa.com/products/6547657
2026-09-02,파르티멘토,6551177,버팔로 체크 롤업 오픈 카라 셔츠 네이비,0.0,0,46800,46800,46800,0,0,0.0,100.0,1,high,24.01,6,2,none,,9,https://www.musinsa.com/products/6551177
2026-09-02,아캄,6553801,Patch Cargo Bermuda Pants (Brown),0.0,0,83850,83850,83850,0,0,0.0,100.0,1,high,24.0,6,2,none,,9,https://www.musinsa.com/products/6553801
2026-09-02,아캄,6553993,Metal Piercing Sleeveless (White),0.0,0,47200,47200,47200,0,0,0.0,100.0,1,high,24.0,6,2,none,,9,https://www.musinsa.com/products/6553993
2026-09-02,아캄,6554057,Dirty Mist Roll-up Half Top (Dark Gray),0.35,19100,55200,55200,55200,0,0,0.0,100.0,1,high,24.0,6,2,none,,9,https://www.musinsa.com/products/6554057
2026-09-02,언타이틀 서울,6561801,언타이틀 심볼 버뮤다 쇼츠 블랙,2.0,65633,32800,32800,32800,0,0,0.0,100.0,1,high,24.0,6,2,none,,9,https://www.musinsa.com/products/6561801
2026-09-02,오도어,6565705,Shaped vail skirt - Black,0.0,0,155000,155000,155000,0,0,0.0,100.0,1,high,24.09,8,2,none,,9,https://www.musinsa.com/products/6565705
2026-09-02,르바,6576457,Below Capri Denim - Snow White,0.0,0,89100,89100,89100,0,0,0.0,100.0,1,high,25.33,5,2,none,,9,https://www.musinsa.com/products/6576457
2026-09-02,트리밍버드,6583945,Fluid Wide Denim Pants [ Blue ],0.0,0,169000,169000,169000,0,0,0.0,100.0,1,high,24.09,8,2,none,,9,https://www.musinsa.com/products/6583945
2026-09-02,소버먼트,6585929,투톤 숄더 버튼 래글런 티셔츠-멜란지 그레이-,0.0,0,39000,39000,39000,0,0,0.0,100.0,1,high,24.02,8,2,none,,9,https://www.musinsa.com/products/6585929
2026-09-02,마인드브릿지,6590793,3-버튼 헨리넥 오버핏 반팔 티셔츠 - 2color,0.0,0,24900,24900,24900,0,0,0.0,9.63,0,low,24.61,4,1,none,,9,https://www.musinsa.com/products/6590793
2026-09-02,제너럴아이디어,6591369,투턱 코튼 하프 팬츠 [BLACK] / GF2LHP518,0.0,0,40800,40800,40800,0,0,0.0,100.0,1,high,24.09,7,2,none,,9,https://www.musinsa.com/products/6591369
2026-09-02,론론,6592265,HEART BUTTON ROLL UP LAYERED T SHIRT SOFT YELLOW,0.0,0,44550,44550,44550,0,0,0.0,100.0,1,high,24.09,8,2,none,,9,https://www.musinsa.com/products/6592265
2026-09-02,론론,6592329,PATTERN PATCHWORK BUTTON SLEEVELESS CHARCOAL,0.0,0,44550,44550,44550,0,0,0.0,100.0,1,high,24.09,8,2,none,,9,https://www.musinsa.com/products/6592329
2026-09-02,썸웨어버터,6593801,Poet Cardigan Set - Mint,0.0,0,139000,139000,139000,0,0,0.0,100.0,1,high,24.02,8,2,none,,9,https://www.musinsa.com/products/6593801
2026-09-02,프렌다,6595209,LOODY SEMI CROP TEE NAVY,0.0,0,18900,18900,18900,0,0,0.0,100.0,1,high,24.09,8,2,none,,9,https://www.musinsa.com/products/6595209
2026-09-02,썸웨어버터,6595849,See-Through Open-Toed Knit Socks - Ivory,0.0,0,58000,58000,58000,0,0,0.0,100.0,1,high,24.02,8,2,none,,9,https://www.musinsa.com/products/6595849
2026-09-02,무드인사이드,6607561,시어 쿨 새들 브이넥 니트_Black,0.0,0,49900,49900,49900,0,0,0.0,100.0,1,high,24.09,8,2,none,,9,https://www.musinsa.com/products/6607561
2026-09-02,트립르센스,6609929,포켓 더블 플리츠 슬랙스_블랙,0.0,0,79200,79200,79200,0,0,0.0,100.0,1,high,24.02,8,2,none,,9,https://www.musinsa.com/products/6609929
2026-09-02,언더오프,6615945,에센셜 스탠다드 반팔 링거 티셔츠 쿨캣츠클럽 버건디,0.0,0,28900,28900,28900,0,0,0.0,100.0,1,high,24.01,6,2,none,,9,https://www.musinsa.com/products/6615945
2026-09-02,마인드브릿지,6624713,[COUTURE]크리즈 오버핏 반팔 주름 셔츠 - 2color,0.0,0,89100,89100,89100,0,0,0.0,100.0,1,high,24.61,5,2,none,,9,https://www.musinsa.com/products/6624713
2026-09-02,다이브인,6629193,CUPRA HALF SHIRTS (BLACK),0.0,0,80100,80100,80100,0,0,0.0,100.0,1,high,24.01,6,2,none,,9,https://www.musinsa.com/products/6629193
2026-09-02,더뮤지엄비지터,6635529,W FLOWER BLOCK GRAPHIC T-SHIRT (WHITE),0.0,0,34300,34300,34300,0,0,0.0,100.0,1,high,24.09,7,2,none,,9,https://www.musinsa.com/products/6635529
2026-09-02,더뮤지엄비지터,6635849,DOT HORSE GRAPHIC T-SHIRT (WHITE),0.0,0,41300,41300,41300,0,0,0.0,100.0,1,high,24.09,7,2,none,,9,https://www.musinsa.com/products/6635849
2026-09-02,플리즈노팔로우,6645961,Nia Camo Lace Bikini (Pink),0.0,0,117300,117300,117300,0,0,0.0,100.0,1,high,24.09,7,2,none,,9,https://www.musinsa.com/products/6645961
2026-09-02,플리즈노팔로우,6646089,Selby Button Sleeveless Top (White),0.0,0,89600,89600,89600,0,0,0.0,100.0,1,high,24.09,7,2,none,,9,https://www.musinsa.com/products/6646089
2026-09-02,탄산마그네슘,6650953,원티드 아일렛 티셔츠 (화이트),0.0,0,55480,55480,55480,0,0,0.0,100.0,1,high,24.0,6,2,none,,9,https://www.musinsa.com/products/6650953
2026-09-02,유니온블루,6652553,CANVAS WORK SHORTS [BLACK],0.0,0,59670,59670,59670,0,0,0.0,100.0,1,high,24.09,7,2,none,,9,https://www.musinsa.com/products/6652553
2026-09-02,밀로아카이브,6656585,[Pokémon] 카툰 피카츄 후드 [멜란지 그레이],0.0,0,106200,106200,106200,0,0,0.0,100.0,1,high,24.02,8,2,none,,9,https://www.musinsa.com/products/6656585
2026-09-02,제이엘브,6666697,우먼스 액티브 로고 2.5 바이커 쇼츠,0.0,0,44000,44000,44000,0,0,0.0,100.0,1,high,24.02,8,2,none,,9,https://www.musinsa.com/products/6666697
2026-09-02,꼼파뇨,6668105,DPT 레모니 키스 반팔티 화이트,0.0,0,28610,28610,28610,0,0,0.0,100.0,1,high,24.61,5,2,none,,9,https://www.musinsa.com/products/6668105
2026-09-02,커버낫,6679753,라이트 미니 파우치 키링 브라운,0.0,0,25000,25000,25000,0,0,0.0,100.0,1,high,24.01,6,2,none,,9,https://www.musinsa.com/products/6679753
2026-09-02,무드인사이드,6686025,스트라이프 텐션 하프티_3Color,0.73,25362,34900,34900,34900,0,0,0.0,100.0,1,high,24.09,8,2,none,,9,https://www.musinsa.com/products/6686025
2026-09-02,유라고,6689481,Minimal swim shorts_2colors,0.0,0,40280,40280,40280,0,0,0.0,100.0,1,high,24.0,6,2,none,,9,https://www.musinsa.com/products/6689481
2026-09-02,무센트,6737353,틴 시그니처 로고 에코백 남녀공용,0.0,0,26910,26910,20930,1,5980,28.57,100.0,1,medium,24.01,6,2,none,,9,https://www.musinsa.com/products/6737353
2026-09-02,해칭룸,6748489,VTG Still Life Tee Black,0.0,0,78000,78000,78000,0,0,0.0,100.0,1,high,24.62,5,2,none,,9,https://www.musinsa.com/products/6748489
2026-09-02,로우클래식,6774921,UNIVERSAL SLEEVELESS_NAVY [LC262TS82NV],0.0,0,69000,69000,69000,0,0,0.0,100.0,1,high,24.09,8,2,none,,9,https://www.musinsa.com/products/6774921
2026-09-02,아메스월드와이드,6778697,PPG 52 ROUND HEM CROP TEE BLACK,0.0,0,31500,31500,27000,1,4500,16.67,100.0,1,medium,24.62,6,2,none,,9,https://www.musinsa.com/products/6778697
2026-09-02,아메스월드와이드,6778761,PPG VINTAGE CARTOON TEE SKY BLUE,0.0,0,31500,31500,27000,1,4500,16.67,100.0,1,medium,24.62,6,2,none,,9,https://www.musinsa.com/products/6778761
2026-09-02,글로니,6786761,G BOX MIDI SKIRT (BLACK),2.99,334154,111780,111780,111780,0,0,0.0,62.42,0,low,9.93,13,4,none,,9,https://www.musinsa.com/products/6786761
2026-09-02,배드블러드,6791177,Everyday U-Neck Tank Bodysuit - Mint,0.0,0,55200,55200,55200,0,0,0.0,100.0,1,high,24.09,8,2,none,,9,https://www.musinsa.com/products/6791177
2026-09-02,바이모노,6798409,[빅사이즈 S-8XL] 모노 베이직 코튼100% 오버핏 반팔티,0.0,0,24900,24900,24900,0,0,0.0,100.0,1,high,24.01,4,2,none,,9,https://www.musinsa.com/products/6798409
2026-09-02,그루브라임,6811977,유니 시어서커 체크 긴팔 셔츠 - 브라운 (LRBMCIV792M),0.0,0,24900,24900,24900,0,0,0.0,100.0,1,high,24.09,8,2,none,,9,https://www.musinsa.com/products/6811977
2026-09-02,필루미네이트,6818121,[NUNUSSI] 덕희 페이스 드로우스트링 백-화이트,0.0,0,24900,24900,24900,0,0,0.0,100.0,1,high,24.02,8,2,none,,9,https://www.musinsa.com/products/6818121
2026-09-02,트리밍버드,6830921,Raw-Cut Hooded Long Sleeve T-Shirt [ Charcoal ],0.0,0,75050,75050,75050,0,0,0.0,100.0,1,high,24.09,8,2,none,,9,https://www.musinsa.com/products/6830921
2026-09-02,오퍼스 0012,6832393,Op.07 RODEO BABY SLIM TOP L/PURPLE,0.0,0,40300,40300,40300,0,0,0.0,100.0,1,high,24.09,7,2,none,,9,https://www.musinsa.com/products/6832393
2026-09-02,오퍼스 0012,6833609,Op.08 MOTOBACK CAPRI PANTS BLACK,0.0,0,93000,93000,93000,0,0,0.0,100.0,1,high,24.09,7,2,none,,9,https://www.musinsa.com/products/6833609
2026-09-02,파브레가,6833929,보이드 L-2B 플라이트 자켓 (블랙),0.0,0,196200,196200,196200,0,0,0.0,100.0,1,high,25.34,5,2,none,,9,https://www.musinsa.com/products/6833929
2026-09-02,탄산마그네슘,6840265,마운틴 티셔츠 (블랙/블루),2.62,129395,49400,49400,49400,0,0,0.0,65.44,0,low,23.98,16,1,none,,9,https://www.musinsa.com/products/6840265
2026-09-02,언더오프,6848521,[SET] 롤업 슬리브 크롭 반팔 & 링클 크롭 포켓 반팔 셔츠,0.0,0,57900,57900,57900,0,0,0.0,100.0,1,high,24.01,6,2,none,,9,https://www.musinsa.com/products/6848521
2026-09-02,언타이틀 서울,6851209,싱글 유니콘 헨리넥 롱슬리브 그레이,18.03,717575,39800,39800,39800,0,0,0.0,100.0,1,low,9.51,46,12,none,,9,https://www.musinsa.com/products/6851209
2026-09-02,꼼파뇨,6853449,DTP 피크닉 데이 반팔티 크립,0.0,0,28610,28610,28610,0,0,0.0,100.0,1,high,24.62,5,2,none,,9,https://www.musinsa.com/products/6853449
2026-09-02,비바라비다,6862217,Cools 슬림 반팔 티셔츠,0.0,0,27900,27900,27900,0,0,0.0,100.0,1,high,24.09,7,2,none,,9,https://www.musinsa.com/products/6862217
2026-09-02,아모우,6878153,Run the mile Long Sleeve LEMON,0.0,0,55300,55300,55300,0,0,0.0,100.0,1,high,24.09,8,2,none,,9,https://www.musinsa.com/products/6878153
2026-09-02,아캄,6879945,Slant Studded Leather Jacket (Burgundy),0.0,0,206100,206100,206100,0,0,0.0,100.0,1,high,24.0,6,2,none,,9,https://www.musinsa.com/products/6879945
2026-09-02,드헤베,6884425,Slim Stripe Shirt [Navy],0.0,0,102890,102890,97470,1,5420,5.56,100.0,1,medium,25.34,5,2,none,,9,https://www.musinsa.com/products/6884425
2026-09-02,드헤베,6884617,Slim Rib Cardigan [Gray],0.0,0,84840,84840,80370,1,4470,5.56,100.0,1,medium,25.34,5,2,none,,9,https://www.musinsa.com/products/6884617
2026-09-02,노티카,6886217,[15% 쿠폰] 프리즘 라이너 다운 자켓(2colors) NDW1566,0.0,0,169150,169150,169150,0,0,0.0,100.0,1,high,24.0,6,2,none,,9,https://www.musinsa.com/products/6886217
2026-09-02,벨리에,6897161,프래그먼트 펄 네클리스,0.0,0,89300,89300,89300,0,0,0.0,100.0,1,high,24.0,6,2,none,,9,https://www.musinsa.com/products/6897161
2026-09-02,디스이즈네버댓,6910153,Basic Pocket Tee Navy,0.0,0,59000,59000,59000,0,0,0.0,100.0,1,high,24.01,6,2,none,,9,https://www.musinsa.com/products/6910153
2026-09-02,언더오프,6910409,로우컷 아웃포켓 버뮤다 팬츠 다이노 카키,0.0,0,30320,30320,30320,0,0,0.0,100.0,1,high,24.01,6,2,none,,9,https://www.musinsa.com/products/6910409
2026-09-02,낫포너드,6910665,Distressed Layered Henley Long Sleeve - Charcoal,0.0,0,71100,71100,71100,0,0,0.0,100.0,1,high,25.34,5,2,none,,9,https://www.musinsa.com/products/6910665
2026-09-02,낫포너드,6910729,Shattered Echo Dirty Washed Stripe Shirt - Beige,10.92,815581,74700,74700,74700,0,0,0.0,100.0,1,high,25.34,12,2,none,,9,https://www.musinsa.com/products/6910729
2026-09-02,로제프란츠,6947337,Rose Embroidery Wide Sweatpants [Pink],0.0,0,66560,66560,66560,0,0,0.0,100.0,1,high,25.34,5,2,none,,9,https://www.musinsa.com/products/6947337
2026-09-02,로제프란츠,6966281,Fringe Pocket Tweed Jacket [Ivory],0.0,0,181440,181440,181440,0,0,0.0,100.0,1,high,25.34,5,2,none,,9,https://www.musinsa.com/products/6966281
2026-09-02,미세키서울,6968137,[레이 PICK] Asymmetric draped skirt BLACK,0.0,0,152190,152190,152190,0,0,0.0,100.0,1,high,24.62,5,2,none,,9,https://www.musinsa.com/products/6968137
2026-09-02,와르,6968585,M2600 가먼트 워싱 블루종_베이지,0.0,0,183170,183170,183170,0,0,0.0,100.0,1,high,24.09,7,2,none,,9,https://www.musinsa.com/products/6968585
2026-09-02,카네이테이,6969353,PIGMENT DAMAGE HOODIE ZIP-UP (CHARCOAL),0.0,0,89000,89000,101700,1,-12700,-12.49,100.0,1,medium,24.09,7,2,none,,9,https://www.musinsa.com/products/6969353
2026-09-02,브라운브레스,6977481,BB 20TH MESSAGE TAG LONGSLEEVE - BROWN,0.0,0,69000,69000,69000,0,0,0.0,100.0,1,high,24.09,8,2,none,,9,https://www.musinsa.com/products/6977481
2026-09-02,마인드브릿지,6978057,코튼100% 잔 스트라이프 오버핏 긴팔 셔츠,0.0,0,55900,55900,55900,0,0,0.0,100.0,1,high,24.62,5,2,none,,9,https://www.musinsa.com/products/6978057
2026-09-02,일리고,6979593,도트 핀턱 카라 롱슬리브 핑크,0.0,0,72000,72000,72000,0,0,0.0,100.0,1,high,24.62,5,2,none,,9,https://www.musinsa.com/products/6979593
2026-09-02,카키포인트,6979721,Extended Strap Top (black),0.0,0,74520,74520,74520,0,0,0.0,100.0,1,high,24.09,8,2,none,,9,https://www.musinsa.com/products/6979721
2026-09-02,필루미네이트,6981129,릴렉스드 스트라이프 셔츠-3Color,0.0,0,35900,35900,35900,0,0,0.0,100.0,1,high,24.02,8,2,none,,9,https://www.musinsa.com/products/6981129
2026-09-02,비터셀즈,6982601,헤링본 절개 와이드 팬츠-블랙,0.0,0,71280,71280,79200,1,-7920,-10.0,100.0,1,medium,24.62,5,2,none,,9,https://www.musinsa.com/products/6982601
2026-09-02,비터셀즈,6983177,쟈키 와플 후드집업-그레이,0.0,0,76140,76140,76140,0,0,0.0,100.0,1,high,24.62,4,2,none,,9,https://www.musinsa.com/products/6983177
2026-09-02,비터셀즈,6983305,오버사이즈드 페이브 스트라이프 셔츠-아이보리,0.0,0,52650,52650,52650,0,0,0.0,100.0,1,high,24.62,5,2,none,,9,https://www.musinsa.com/products/6983305
2026-09-02,트리밍버드,6987529,Lettering Raw-Cut Set-Up Sweat Pants [ Black ],0.0,0,179550,179550,179550,0,0,0.0,100.0,1,high,24.09,8,2,none,,9,https://www.musinsa.com/products/6987529
2026-09-02,트리밍버드,6987593,String Ribbed Mock Neck Long Sleeve T-Shirt [ Black ],0.0,0,98000,98000,98000,0,0,0.0,100.0,1,high,24.09,8,2,none,,9,https://www.musinsa.com/products/6987593
2026-09-02,아웃스탠딩,6989193,MOT SERIES LONG SLEEVE(SPEED DUST)_BLACK,0.0,0,55800,55800,55800,0,0,0.0,100.0,1,high,24.09,7,2,none,,9,https://www.musinsa.com/products/6989193
2026-09-02,벨리에,6996425,(W) 웨스턴 베어 스웨이드 자켓 - 투톤 브라운,0.0,0,599450,599450,599450,0,0,0.0,100.0,1,high,24.0,6,2,none,,9,https://www.musinsa.com/products/6996425
2026-09-02,테이크이지,6996681,[DMD] PRIMAL ST KNIT - Wine,0.0,0,55900,55900,,0,,,59.07,0,low,23.98,5,1,none,,9,https://www.musinsa.com/products/6996681
2026-09-02,제로,7000585,레이어드 헨리 넥 티셔츠 [버건디],0.0,0,40500,40500,40500,0,0,0.0,100.0,1,high,24.0,6,2,none,,9,https://www.musinsa.com/products/7000585
2026-09-02,론론,7002569,PATCHWORK QUILTED JUMPER MULTI,0.0,0,125550,125550,97650,1,27900,28.57,100.0,1,medium,24.09,8,2,none,,9,https://www.musinsa.com/products/7002569
2026-09-02,론론,7002697,SHIRRING PUFF LONG SLEEVE WHITE,0.0,0,53460,53460,41580,1,11880,28.57,100.0,1,medium,24.09,8,2,none,,9,https://www.musinsa.com/products/7002697
2026-09-02,마인드브릿지우먼,7008137,[W]핀 스트라이프오버핏 포켓 셔츠 - 2color,0.0,0,63900,63900,63900,0,0,0.0,100.0,1,high,24.0,7,2,none,,9,https://www.musinsa.com/products/7008137
2026-09-02,마인드브릿지우먼,7008329,[W]블랙 체크 플레어 언밸러스 스커트,0.0,0,79200,79200,79200,0,0,0.0,100.0,1,high,24.0,7,2,none,,9,https://www.musinsa.com/products/7008329
2026-09-02,언더오프,7010889,마이크로 체크 크롭 셔츠 레드,0.0,0,35910,35910,35910,0,0,0.0,100.0,1,high,24.01,6,2,none,,9,https://www.musinsa.com/products/7010889
2026-09-02,본투윈,7013769,CENTER SYMBOL B QUICK DRY T-SHIRTS [BLACK],0.0,0,47200,47200,47200,0,0,0.0,100.0,1,high,24.09,5,2,none,,9,https://www.musinsa.com/products/7013769
2026-09-02,브라운브레스,7019785,WASHING TAG CAP,0.0,0,59000,59000,59000,0,0,0.0,100.0,1,high,24.09,8,2,none,,9,https://www.musinsa.com/products/7019785
2026-09-02,락케이크,7020489,Distressed Open Shoulder Knit - Black,0.0,0,87200,87200,87200,0,0,0.0,100.0,1,high,24.09,8,2,none,,9,https://www.musinsa.com/products/7020489
2026-09-02,유니폼브릿지,7020809,001 denim pants wide fit 12oz(womens) indigo blue,0.0,0,107100,107100,107100,0,0,0.0,100.0,1,high,24.09,7,2,none,,9,https://www.musinsa.com/products/7020809
2026-09-02,허그본,7023177,Hug 오버핏 크롭 숏슬리브 2컬러,0.0,0,23750,23750,23750,0,0,0.0,100.0,1,high,25.35,5,2,none,,9,https://www.musinsa.com/products/7023177
2026-09-02,인사일런스,7023625,수피마 코튼 롱슬리브 WHITE,0.0,0,62000,62000,62000,0,0,0.0,100.0,1,high,24.01,6,2,none,,9,https://www.musinsa.com/products/7023625
2026-09-02,헬레네파리스,7024585,리브드 슬릿 저지 스커트 [그레이-블랙],0.0,0,59840,59840,59840,0,0,0.0,100.0,1,high,24.09,8,2,none,,9,https://www.musinsa.com/products/7024585
2026-09-02,제로,7032841,사선 풀 오픈 롱 슬리브 [버건디],0.0,0,31500,31500,31500,0,0,0.0,100.0,1,high,24.0,6,2,none,,9,https://www.musinsa.com/products/7032841
2026-09-02,쿠어,7033033,메리노 울 크루넥 스웨터 (멜란지차콜),0.0,0,135000,135000,135000,0,0,0.0,100.0,1,high,24.0,6,2,none,,9,https://www.musinsa.com/products/7033033
2026-09-02,쿠어,7033417,린넨 실크 컷티드 셔츠 (아이보리),0.0,0,171000,171000,171000,0,0,0.0,100.0,1,high,24.0,6,2,none,,9,https://www.musinsa.com/products/7033417
2026-09-02,쿠어,7033545,플라이트 B-15 봄버 (블랙),0.0,0,261000,261000,261000,0,0,0.0,100.0,1,high,24.0,6,2,none,,9,https://www.musinsa.com/products/7033545
2026-09-02,드로우핏우먼,7035017,누보 트위드 블루종 [BLACK],0.0,0,125280,125280,156600,1,-31320,-20.0,100.0,1,medium,24.09,8,2,none,,9,https://www.musinsa.com/products/7035017
2026-09-02,드로우핏우먼,7035337,넬리아 레이어드 브이넥 니트 가디건 [CHARCOAL],0.0,0,49680,49680,62100,1,-12420,-20.0,100.0,1,medium,24.09,8,2,none,,9,https://www.musinsa.com/products/7035337
2026-09-02,길라아카이브,7037065,RUNAWAY GIRL VINTAGE CAP_BLACK,0.0,0,53100,53100,53100,0,0,0.0,100.0,1,high,24.02,7,2,none,,9,https://www.musinsa.com/products/7037065
2026-09-02,드로우핏,7037385,플러피 브러쉬 카라 니트 [GREYISH BLUE],0.0,0,59400,59400,59400,0,0,0.0,100.0,1,high,25.35,5,2,none,,9,https://www.musinsa.com/products/7037385
2026-09-02,길라아카이브,7037897,STITCHED SMALL LOGO HOOD ZIP-UP_BLUE,0.0,0,116100,116100,116100,0,0,0.0,100.0,1,high,24.02,7,2,none,,9,https://www.musinsa.com/products/7037897
2026-09-02,어반디타입,7039305,8 스타 볼캡_블랙,0.0,0,39000,39000,39000,0,0,0.0,100.0,1,high,24.02,8,2,none,,9,https://www.musinsa.com/products/7039305
2026-09-02,시눈,7041033,Puffed Raglan Knit (Ivory),0.0,0,102530,102530,102530,0,0,0.0,100.0,1,high,24.0,6,2,none,,9,https://www.musinsa.com/products/7041033
2026-09-02,코드그라피,7045321,CGP 아치 로고 반소매 맨투맨_네이비,0.0,0,37800,37800,37800,0,0,0.0,100.0,1,high,25.35,5,2,none,,9,https://www.musinsa.com/products/7045321
2026-09-02,러프사이드,7046601,Union Denim Pants Dark Blue,0.0,0,169100,169100,169100,0,0,0.0,100.0,1,high,24.0,6,2,none,,9,https://www.musinsa.com/products/7046601
2026-09-02,비헤비어,7047113,DISTRESSED GLOVE FULL ZIP PARKA ash,0.0,0,179550,179550,179550,0,0,0.0,100.0,1,high,24.63,5,2,none,,9,https://www.musinsa.com/products/7047113
2026-09-02,드로우핏우먼,7048713,클래식 크롭 스트레이트 진 [LIGHT BLUE],0.0,0,53280,53280,66600,1,-13320,-20.0,100.0,1,medium,24.09,8,2,none,,9,https://www.musinsa.com/products/7048713
2026-09-02,웬즈데이오아시스,7050825,워셔블 소프트 브이넥 니트_GRAY(WCB6KN104),0.0,0,38500,38500,38500,0,0,0.0,100.0,1,high,24.09,8,2,none,,9,https://www.musinsa.com/products/7050825
2026-09-02,웬즈데이오아시스,7050889,로우 엣지 롱 슬리브 티셔츠_IVORY(WB6TP54),0.0,0,44800,44800,44800,0,0,0.0,100.0,1,high,24.09,8,2,none,,9,https://www.musinsa.com/products/7050889
2026-09-02,프리즘웍스,7054601,ARMY POCKET CARGO PANTS _ NAVY,0.0,0,115200,115200,115200,0,0,0.0,100.0,1,high,24.09,8,2,none,,9,https://www.musinsa.com/products/7054601
2026-09-02,유니온블루,7054921,ACCORD V-NECK KNIT [DARK NAVY],0.0,0,75650,75650,75650,0,0,0.0,100.0,1,high,24.09,7,2,none,,9,https://www.musinsa.com/products/7054921
2026-09-02,아메스월드와이드,7058185,STANDARD LOGO HOODIE ZIP-UP GREY,0.0,0,62300,62300,71200,1,-8900,-12.5,100.0,1,medium,24.64,6,2,none,,9,https://www.musinsa.com/products/7058185
2026-09-02,비긴202,7061129,씨엘루프 레이어드 롱슬리브 [블랙 x 레몬],0.0,0,92650,92650,92650,0,0,0.0,100.0,1,high,25.35,5,2,none,,9,https://www.musinsa.com/products/7061129
2026-09-02,데이,7072073,립 스웨이드 셔츠_2 COLOR,0.0,0,41500,41500,41500,0,0,0.0,100.0,1,high,25.35,4,2,none,,9,https://www.musinsa.com/products/7072073
2026-09-02,틸아이다이,7078409,CASHMERE BLENDED V-NECK WOOL KNIT [TIFA04SW09]_Butter,0.0,0,97710,97710,97710,0,0,0.0,100.0,1,high,24.09,7,2,none,,9,https://www.musinsa.com/products/7078409
2026-09-02,바우프,7079561,프릴 포켓 체크 스커트 [브라운],0.0,0,134100,134100,134100,0,0,0.0,100.0,1,high,25.35,5,2,none,,9,https://www.musinsa.com/products/7079561
2026-09-02,벨리에,7079753,시티 코어 트러커 자켓 - 로우 인디고,0.0,0,269800,269800,269800,0,0,0.0,100.0,1,high,24.0,6,2,none,,9,https://www.musinsa.com/products/7079753
2026-09-02,틸아이다이,7079881,High neck belted leather jacket [TIFA05LE01]_Brown,0.0,0,209150,209150,209150,0,0,0.0,100.0,1,high,24.09,7,2,none,,9,https://www.musinsa.com/products/7079881
2026-09-02,틸아이다이,7080009,One-button collar trench coat [TIFA05CT02]_Charcoal,0.0,0,217220,217220,217220,0,0,0.0,100.0,1,high,24.09,5,2,none,,9,https://www.musinsa.com/products/7080009
2026-09-02,디앤에스알,7083913,나이트폴 체크 크롭 셔츠 블랙,0.0,0,89100,89100,89100,0,0,0.0,100.0,1,high,24.0,6,2,none,,9,https://www.musinsa.com/products/7083913
2026-09-02,썸웨어버터,7090569,Silk Button Henly Neck Knit - Light Pink,0.0,0,79380,79380,79380,0,0,0.0,100.0,1,high,24.02,8,2,none,,9,https://www.musinsa.com/products/7090569
2026-09-02,썸웨어버터,7091145,Moti Raglan Top - Grey(Black),0.0,0,31590,31590,31590,0,0,0.0,100.0,1,high,24.02,8,2,none,,9,https://www.musinsa.com/products/7091145
2026-09-02,썬러브투어,7093769,Jersey Piping Cap Charcoal,0.0,0,69000,69000,69000,0,0,0.0,100.0,1,high,24.09,8,2,none,,9,https://www.musinsa.com/products/7093769
2026-09-02,레더리,7095305,헨리넥 레이어드 롱슬리브 [CHARCOAL],0.0,0,37440,37440,37440,0,0,0.0,100.0,1,high,24.65,5,2,none,,9,https://www.musinsa.com/products/7095305
2026-09-02,브라운야드,7095433,"컷 오프 래글런 롱 슬리브, 블랙",0.0,0,78000,78000,78000,0,0,0.0,100.0,1,high,24.02,8,2,none,,9,https://www.musinsa.com/products/7095433
2026-09-02,파르티멘토우먼,7096137,PWC 버튼 이지 트라우저_네온 그린,0.0,0,29070,29070,29070,0,0,0.0,100.0,1,high,24.65,5,2,none,,9,https://www.musinsa.com/products/7096137
2026-09-02,파르티멘토우먼,7096201,PWC 엠브로이더리 하이넥 니트 탑_블랙,0.0,0,33820,33820,33820,0,0,0.0,100.0,1,high,24.65,5,2,none,,9,https://www.musinsa.com/products/7096201
2026-09-02,유라고,7097033,Classic flap bag_2colors,0.0,0,243040,243040,243040,0,0,0.0,100.0,1,high,24.0,6,2,none,,9,https://www.musinsa.com/products/7097033
2026-09-02,더니트컴퍼니,7102985,(우먼) 브러시드 울 캐시미어 카라 니트 3color,0.0,0,151200,151200,151200,0,0,0.0,100.0,1,high,25.35,5,2,none,,9,https://www.musinsa.com/products/7102985
2026-09-02,제로,7103369,와플 핑거 홀 후드 집업 [블랙],0.0,0,40500,40500,40500,0,0,0.0,100.0,1,high,24.0,6,2,none,,9,https://www.musinsa.com/products/7103369
2026-09-02,디스이즈네버댓,7104649,Striped Flow Pant Red,0.0,0,139000,139000,139000,0,0,0.0,100.0,1,high,24.01,6,2,none,,9,https://www.musinsa.com/products/7104649
2026-09-02,디스이즈네버댓,7104713,DSN Striped Oxford Shirt Navy,0.0,0,129000,129000,129000,0,0,0.0,100.0,1,high,24.01,6,2,none,,9,https://www.musinsa.com/products/7104713
2026-09-02,다이브인,7105353,UNIFORM WAFFLE LONG SLEEVE (MELANGE GRAY),0.0,0,49000,49000,49000,0,0,0.0,100.0,1,high,24.01,6,2,none,,9,https://www.musinsa.com/products/7105353
2026-09-02,나이스고스트클럽,7106569,STITCHED CROP HOODIE ZIP UP_BROWN(NG2GFUM484A),0.0,0,80190,80190,80190,0,0,0.0,100.0,1,high,24.02,8,2,none,,9,https://www.musinsa.com/products/7106569
2026-09-02,나이스고스트클럽,7106633,DOODLE COTTON WASHED PANTS_BROWN(NG2GFUPA10A),0.0,0,96390,96390,96390,0,0,0.0,100.0,1,high,24.02,8,2,none,,9,https://www.musinsa.com/products/7106633
2026-09-02,비바라비다,7107017,[기모선택] Rhythm 헤비테리 후드,0.0,0,57900,57900,57900,0,0,0.0,100.0,1,high,24.09,7,2,none,,9,https://www.musinsa.com/products/7107017
2026-09-02,굿라이프웍스,7107401,[unisex] 더블 레이어드 롱슬리브티 브라운,0.0,0,31430,31430,31430,0,0,0.0,100.0,1,high,24.0,6,2,none,,9,https://www.musinsa.com/products/7107401
2026-09-02,썸웨어버터,7108105,Brody Wool Knit - Ivory,0.0,0,88290,88290,88290,0,0,0.0,100.0,1,high,24.02,8,2,none,,9,https://www.musinsa.com/products/7108105
2026-09-02,가까이유니언즈,7114825,에스닉 슬리브 피그먼트 후드 티 차콜,0.0,0,54600,54600,54600,0,0,0.0,100.0,1,high,24.0,5,2,none,,9,https://www.musinsa.com/products/7114825
2026-09-02,가까이유니언즈,7117129,오리진 와이드 스웨트 팬츠 애쉬 브라운,0.0,0,28500,28500,28500,0,0,0.0,100.0,1,high,24.0,5,2,none,,9,https://www.musinsa.com/products/7117129
2026-09-02,다이브인,7121033,WASHED VINTAGE FIELD JACKET (BLACK),0.0,0,177650,177650,177650,0,0,0.0,100.0,1,high,24.01,6,2,none,,9,https://www.musinsa.com/products/7121033
2026-09-02,다이브인,7124937,[DIVEIN X 무민서] LAYERING LONG SLEEVE T-SHIRTS (MELANGE GRAY),0.0,0,37800,37800,37800,0,0,0.0,100.0,1,high,24.01,6,2,none,,9,https://www.musinsa.com/products/7124937
2026-09-02,브룩스브라더스,7126537,스트라이프 렙 타이 (버건디) (BBATMNZ501),0.0,0,159000,159000,159000,0,0,0.0,100.0,1,high,24.02,9,2,none,,9,https://www.musinsa.com/products/7126537
2026-09-02,아웃스탠딩,7127817,THERMAL PIGMENT WASHED HOOD ZIP_PIGMENT NAVY,0.0,0,106200,106200,106200,0,0,0.0,100.0,1,high,24.09,5,2,none,,9,https://www.musinsa.com/products/7127817
2026-09-02,일꼬르소,7128649,모헤어 울 카라넥 니트 블랙,0.0,0,84650,84650,84650,0,0,0.0,100.0,1,high,24.01,6,2,none,,9,https://www.musinsa.com/products/7128649
2026-09-02,더바이닐하우스,7133641,TRUNK LAYERED LOOSE PANTS LIGHT BLUE,0.0,0,151050,151050,151050,0,0,0.0,100.0,1,high,24.01,6,2,none,,9,https://www.musinsa.com/products/7133641
2026-09-02,더바이닐하우스,7134217,TWISTED DRAPE TOP(W) BLACK,0.0,0,65550,65550,65550,0,0,0.0,100.0,1,high,24.01,6,2,none,,9,https://www.musinsa.com/products/7134217
2026-09-02,프리즘웍스,7147337,NEEDLE STITCH PULLOVER HOODY _ GRAY,0.0,0,109000,109000,109000,0,0,0.0,100.0,1,high,24.09,6,2,none,,9,https://www.musinsa.com/products/7147337
2026-09-02,꼼파뇨,7147465,러브 프렌즈 피그먼트 레글런 맨투맨 스모크블랙,0.0,0,41800,41800,41800,0,0,0.0,100.0,1,high,24.65,5,2,none,,9,https://www.musinsa.com/products/7147465
2026-09-02,꼼파뇨,7147529,라인 워크 자수 후드집업 블랙,0.0,0,49510,49510,49510,0,0,0.0,100.0,1,high,24.65,5,2,none,,9,https://www.musinsa.com/products/7147529
2026-09-02,커버낫,7148105,카라 하프집업 맨투맨 멜란지 그레이,0.0,0,89000,89000,89000,0,0,0.0,100.0,1,high,24.01,4,2,none,,9,https://www.musinsa.com/products/7148105
2026-09-02,나이스고스트클럽,7152649,3STAR APPLIQUE HOODIE ZIP UP_GREY(NG2GSUM490A),0.0,0,80190,80190,80190,0,0,0.0,100.0,1,high,24.02,8,2,none,,9,https://www.musinsa.com/products/7152649
2026-09-02,파르티멘토,7156745,M-65 필드 자켓 차콜 그레이,0.0,0,126900,126900,126900,0,0,0.0,100.0,1,high,24.01,6,2,none,,9,https://www.musinsa.com/products/7156745
2026-09-02,비바라비다,7157001,후드 롱 슬리브 티셔츠,0.0,0,54900,54900,54900,0,0,0.0,100.0,1,high,24.09,7,2,none,,9,https://www.musinsa.com/products/7157001
2026-09-02,탄산마그네슘,7160905,다이노 스켈레톤 팬츠 (블랙),0.0,0,150480,150480,150480,0,0,0.0,100.0,1,high,24.0,6,2,none,,9,https://www.musinsa.com/products/7160905
2026-09-02,디미트리블랙,7161033,2WAY 에센셜 해링턴 자켓_P/U 2 COLOR,0.0,0,64900,64900,64900,0,0,0.0,100.0,1,high,24.01,6,2,none,,9,https://www.musinsa.com/products/7161033
2026-09-02,더블유엠씨,7161097,포켓 후디드 집업 (GREY/BLACK/BROWN/NAVY),0.0,0,59500,59500,59500,0,0,0.0,100.0,1,high,24.02,7,2,none,,9,https://www.musinsa.com/products/7161097
2026-09-02,노매뉴얼,7180297,DYED STRIPED SHIRT - DYED PURPLE,0.0,0,144400,144400,144400,0,0,0.0,100.0,1,high,24.65,4,2,none,,9,https://www.musinsa.com/products/7180297
2026-09-02,노매뉴얼,7180361,VISION RECORDS RAGLAN LONG SLEEVE TEE - NAVY,0.0,0,54150,54150,54150,0,0,0.0,100.0,1,high,24.65,4,2,none,,9,https://www.musinsa.com/products/7180361
2026-09-02,탄산마그네슘,7186249,빈티지 체크 스카프 (블루),0.0,0,22040,22040,22040,0,0,0.0,100.0,1,high,24.0,6,2,none,,9,https://www.musinsa.com/products/7186249
2026-09-02,고스트리퍼블릭,7213385,V가젯 세미크롭 맨투맨 4Color GMT-164,0.0,0,34900,34900,,0,,,22.1,0,low,18.93,4,1,none,,9,https://www.musinsa.com/products/7213385
2026-09-03,제멋,306313,제이윈 덤블 기모후드 카키(KHHD0748),0.0,0,34900,34900,34900,0,0,0.0,100.0,1,high,24.02,7,3,none,,9,https://www.musinsa.com/products/306313
2026-09-03,도프제이슨,406537,카우하이드 싱글 자켓,0.0,0,257640,257640,257640,0,0,0.0,60.44,0,low,24.0,6,2,none,,9,https://www.musinsa.com/products/406537
2026-09-03,제멋,557449,루즈핏 카라티셔츠  아이보리 JKST2066,0.0,0,22300,22300,22300,0,0,0.0,100.0,1,high,24.02,7,3,none,,9,https://www.musinsa.com/products/557449
2026-09-03,매스노운,736585,SL 로고 멀티 키링 MSEAA003-WT,0.0,0,5000,5000,,0,,,18.76,0,low,6.3,2,1,none,,9,https://www.musinsa.com/products/736585
2026-09-03,메인부스,847753,Jellybean Sweater(RED),0.0,0,67500,67500,67500,0,0,0.0,81.24,0,low,25.11,4,1,none,,9,https://www.musinsa.com/products/847753
2026-09-03,러브이즈트루,973513,DE VANILLA TEE(WHITE),0.0,0,31420,31420,31420,0,0,0.0,100.0,1,high,24.0,7,3,none,,9,https://www.musinsa.com/products/973513
2026-09-03,프리즘웍스,1022793,OG DOBBY WEAVE SEERSUCKER SHIRT _ WHITE,0.02,1033,61200,61200,61200,0,0,0.0,100.0,1,high,24.02,7,3,none,,9,https://www.musinsa.com/products/1022793
2026-09-03,비디알,1055945,COZY HENLY NECK T-SHIRT [Vanilla],0.0,0,63000,63000,,0,,,10.15,0,low,7.07,2,1,none,,9,https://www.musinsa.com/products/1055945
2026-09-03,도프제이슨,1117577,램스킨 트렌치 코트,0.0,0,429400,429400,429400,0,0,0.0,100.0,1,high,24.0,7,3,none,,9,https://www.musinsa.com/products/1117577
2026-09-03,제로,1142537,Concise Round Neck Cardigan [Charcoal],0.0,0,65000,65000,65000,0,0,0.0,100.0,1,high,24.4,5,2,none,,9,https://www.musinsa.com/products/1142537
2026-09-03,오픈야드(오와이),1243657,BASIC LOGO SOCKS-WHITE,0.0,0,6930,6930,,0,,,25.38,0,low,12.69,3,1,none,,9,https://www.musinsa.com/products/1243657
2026-09-03,꼼파뇨,1246473,와펜 로고 믹스컬러 스웨터 블루카멜,0.0,0,40150,40150,40150,0,0,0.0,89.85,0,low,24.18,4,1,none,,9,https://www.musinsa.com/products/1246473
2026-09-03,제멋,1291017,리치 오버 MA-1 자켓 블랙 YHJK2269,3.95,275585,69800,69800,69800,0,0,0.0,100.0,1,high,10.22,15,6,none,,9,https://www.musinsa.com/products/1291017
2026-09-03,맥우드건,1354249,페이트로 7601 세미와이드핏 라이트인디고 데님팬츠,0.0,0,41700,41700,,0,,,31.94,0,low,8.29,4,1,none,,9,https://www.musinsa.com/products/1354249
2026-09-03,미니멀프로젝트,1421001,로버스트 헤비 오버핏 반팔티셔츠 MST127 [MINT],0.65,12891,19800,19800,,0,,,27.96,0,low,10.31,3,1,none,1,9,https://www.musinsa.com/products/1421001
2026-09-03,데비웨어,1485193,빅토리아 슬리브리스 DEVI-TS0026-파우더퍼플,0.0,0,24700,24700,,0,,,10.14,0,low,7.07,2,1,none,,9,https://www.musinsa.com/products/1485193
2026-09-03,인사일런스,1581897,콤비네이션 크루넥 니트 BLACK,0.0,0,49000,49000,49000,0,0,0.0,100.0,1,high,24.2,5,2,none,,9,https://www.musinsa.com/products/1581897
2026-09-03,모즈모즈,1592457,앞포켓 지퍼 코튼 밴딩 빅사이즈 조거팬츠 연베이지,0.0,0,28900,28900,28900,0,0,0.0,100.0,1,high,24.4,5,2,none,,9,https://www.musinsa.com/products/1592457
2026-09-03,브론슨,1670793,US Army 5th Model Tropical Jungle Fatigue Jacket,0.83,96176,116100,116100,116100,0,0,0.0,100.0,1,high,9.53,19,6,none,,9,https://www.musinsa.com/products/1670793
2026-09-03,꼼파뇨,1705801,양털 이어플랩 트루퍼 블랙,0.0,0,20900,20900,20900,0,0,0.0,89.86,0,low,24.18,4,1,none,,9,https://www.musinsa.com/products/1705801
2026-09-03,마인드브릿지,1753161,두굿_오버핏자켓 - 2color MAJK2102,0.0,0,143100,143100,143100,0,0,0.0,89.87,0,low,24.18,4,1,none,,9,https://www.musinsa.com/products/1753161
2026-09-03,그레이버,1764489,[UNISEX]하트 스네이크 하프 아치로고 맨투맨_그레이,0.0,0,46900,46900,,0,,,31.91,0,low,8.29,4,1,none,,9,https://www.musinsa.com/products/1764489
2026-09-03,엠엘비,1768713,플레이볼 오리진 뮬 LA (VIOLET),0.0,0,24750,24750,,0,,,27.95,0,low,10.31,3,1,none,,9,https://www.musinsa.com/products/1768713
2026-09-03,트립르센스,1794825,베이직  스탠다드 싱글  블레이저_Grey,0.0,0,68500,68500,68500,0,0,0.0,100.0,1,high,24.0,7,3,none,,9,https://www.musinsa.com/products/1794825
2026-09-03,러프넥,1815625,R.P.S 499 신디 부츠,0.0,0,297900,297900,,0,,,10.13,0,low,7.07,2,1,none,,9,https://www.musinsa.com/products/1815625
2026-09-03,피아네르,1830025,에센셜 조거 스웨트팬츠 (melange),0.0,0,22410,22410,,0,,,10.13,0,low,7.07,2,1,none,,9,https://www.musinsa.com/products/1830025
2026-09-03,엑스트라오디너리,1854665,[핏더사이즈 PICK] UTILITY 1 RIPSTOP PANTS BEIGE,0.0,0,55600,55600,55600,0,0,0.0,89.88,0,low,24.18,4,1,none,,9,https://www.musinsa.com/products/1854665
2026-09-03,아티스트웨어,1884681,[ATW] 킹 오브 스트릿 반팔티_BK,0.0,0,29400,29400,,0,,,25.37,0,low,12.69,3,1,none,,9,https://www.musinsa.com/products/1884681
2026-09-03,그레이버,1897737,[UNISEX]스마일 드로잉 퍼플 자수 맨투맨_블랙,0.0,0,46900,46900,,0,,,31.9,0,low,8.29,4,1,none,,9,https://www.musinsa.com/products/1897737
2026-09-03,프리즘웍스,1948297,DENIM BALLOON PANTS _ INDIGO,0.0,0,67500,67500,67500,0,0,0.0,98.29,0,low,15.94,6,2,none,,9,https://www.musinsa.com/products/1948297
2026-09-03,프리즘웍스,1957641,OG POPLIN OVERSIZED SHIRT _ BLACK,0.02,893,52200,52200,52200,0,0,0.0,100.0,1,high,24.02,7,3,none,,9,https://www.musinsa.com/products/1957641
2026-09-03,도프제이슨,1961481,미니멀 스퀘어 하드레더 벨트,44.34,1255388,28310,28310,28310,0,0,0.0,100.0,1,high,3.08,57,15,none,,9,https://www.musinsa.com/products/1961481
2026-09-03,트립르센스,1962825,플레쥬 블루 오버 반팔티_BLACK FONT,0.0,0,21500,21500,21500,0,0,0.0,100.0,1,high,24.0,7,3,none,,9,https://www.musinsa.com/products/1962825
2026-09-03,어텐션로우,1977417,21S5M035 사이드라인 빅 라벨 오버핏 티셔츠 (멜란지),0.0,0,22500,22500,,0,,,27.94,0,low,10.31,3,1,none,,9,https://www.musinsa.com/products/1977417
2026-09-03,어반드레스,1980169,DEEP SLIT LONG SKIRT BLACK,0.0,0,37000,37000,37000,0,0,0.0,100.0,1,high,24.02,7,3,none,,9,https://www.musinsa.com/products/1980169
2026-09-03,가까이유니언즈,1992393,플라이 자수 스웨트 숏 팬츠 버건디,0.0,0,27630,27630,27630,0,0,0.0,100.0,1,high,24.0,6,2,none,,9,https://www.musinsa.com/products/1992393
2026-09-03,하아카이브,2002697,아크 블랙 스몰 메신저백,0.0,0,61560,61560,61560,0,0,0.0,100.0,1,high,24.19,5,2,none,,9,https://www.musinsa.com/products/2002697
2026-09-03,그레이버,2021897,[UNISEX]드로잉 스몰 베어 반팔티_화이트,0.0,0,31500,31500,,0,,,31.88,0,low,8.29,4,1,none,,9,https://www.musinsa.com/products/2021897
2026-09-03,꼼파뇨,2052617,[광복절 기념] Liberated on Aug 15th 후드 집업,0.0,0,44000,44000,44000,0,0,0.0,89.89,0,low,24.19,4,1,none,,9,https://www.musinsa.com/products/2052617
2026-09-03,그레이버,2057737,[UNISEX]구름스마일 자수 반팔티_블랙,0.0,0,32200,32200,,0,,,31.88,0,low,8.29,4,1,none,,9,https://www.musinsa.com/products/2057737
2026-09-03,굿라이프웍스,2060745,이지 와이드 밴딩 슬랙스 차콜,0.0,0,38500,38500,38500,0,0,0.0,100.0,1,high,24.41,5,2,none,,9,https://www.musinsa.com/products/2060745
2026-09-03,피아네르,2081289,에센셜 벌룬 스웨트팬츠 (black),0.69,18052,26320,26320,,0,,,10.1,0,low,7.07,3,1,none,2,9,https://www.musinsa.com/products/2081289
2026-09-03,몰든,2082057,클래식 머슬핏 로고 티셔츠,0.0,0,22400,22400,22400,0,0,0.0,100.0,1,high,23.99,7,3,none,,9,https://www.musinsa.com/products/2082057
2026-09-03,퍼스텝,2085641,카운터 셔츠 진회색 BJLS4440,0.0,0,38900,38900,,0,,,10.1,0,low,7.07,2,1,none,,9,https://www.musinsa.com/products/2085641
2026-09-03,제멋,2115273,하비스트 오버핏 기모 후드 그레이 OYHD2393,0.0,0,45900,45900,45900,0,0,0.0,100.0,1,high,24.02,7,3,none,,9,https://www.musinsa.com/products/2115273
2026-09-03,시야쥬,2117385,SIOT4022 Italian Lambskin Washing Bomber JK,0.0,0,598000,598000,598000,0,0,0.0,100.0,1,high,24.21,5,2,none,,9,https://www.musinsa.com/products/2117385
2026-09-03,드리프트아웃,2122441,CHH-075 델타포스 베어,0.0,0,58000,58000,,0,,,31.87,0,low,8.29,4,1,none,,9,https://www.musinsa.com/products/2122441
2026-09-03,그레이버,2132937,[UNISEX]엘보우 프리 스마일드로잉 맨투맨_블랙,0.0,0,46900,46900,,0,,,31.87,0,low,8.29,4,1,none,,9,https://www.musinsa.com/products/2132937
2026-09-03,어나더오피스,2147785,Grandma Fairisle Cardigan (Orange Beige),0.0,0,126400,126400,126400,0,0,0.0,81.28,0,low,24.02,5,3,none,,9,https://www.musinsa.com/products/2147785
2026-09-03,그레이버,2174409,[UNISEX]그린 플라워 스마일 자수 맨투맨_블랙,0.0,0,46900,46900,,0,,,31.86,0,low,8.29,4,1,none,,9,https://www.musinsa.com/products/2174409
2026-09-03,트래블,2189193,미시간 울버린 피그먼트 후드티 크림,0.0,0,47400,47400,47400,0,0,0.0,100.0,1,high,23.99,7,3,none,,9,https://www.musinsa.com/products/2189193
2026-09-03,꼼파뇨,2189897,Berkeley bear MTM graywhite,0.0,0,26000,26000,26000,0,0,0.0,89.91,0,low,24.19,4,1,none,,9,https://www.musinsa.com/products/2189897
2026-09-03,모드나인,2192777,Blue Specter - MOD7w,0.0,0,125110,125110,,0,,,25.36,0,low,12.69,3,1,none,,9,https://www.musinsa.com/products/2192777
2026-09-03,제로,2222281,Deep One Tuck Sweat Pants [Charcoal],0.0,0,35100,35100,35100,0,0,0.0,100.0,1,high,24.41,5,2,none,,9,https://www.musinsa.com/products/2222281
2026-09-03,원헌드레드퍼센트,2222857,OHP X NORRIS 옐로우no.2 기모 맨투맨,0.0,0,49000,49000,,0,,,10.09,0,low,7.07,2,1,none,,9,https://www.musinsa.com/products/2222857
2026-09-03,그레이버,2225033,[UNISEX]레인보우 라이프 스마일로고 후드티_그레이,0.0,0,54600,54600,,0,,,31.86,0,low,8.29,4,1,none,,9,https://www.musinsa.com/products/2225033
2026-09-03,러브이즈트루,2227529,OW LOVE KNIT(BLACK),0.0,0,59930,59930,59930,0,0,0.0,100.0,1,high,24.0,7,3,none,,9,https://www.musinsa.com/products/2227529
2026-09-03,라티젠,2245001,LO COLOR BLOCK MUFFLER(BEIGE),0.0,0,31200,31200,,0,,,27.94,0,low,10.31,3,1,none,,9,https://www.musinsa.com/products/2245001
2026-09-03,원헌드레드퍼센트,2256201,OHP X NORRIS no.b6720 기모 맨투맨,0.0,0,49000,49000,,0,,,10.08,0,low,7.07,2,1,none,,9,https://www.musinsa.com/products/2256201
2026-09-03,원헌드레드퍼센트,2263369,OHP 웨어아트 02 레터링 기모 후드,0.0,0,57500,57500,,0,,,10.08,0,low,7.07,2,1,none,,9,https://www.musinsa.com/products/2263369
2026-09-03,그레이버,2278729,[UNISEX]드로잉도트 백로고 후드티_그레이,0.0,0,54600,54600,,0,,,31.85,0,low,8.29,4,1,none,,9,https://www.musinsa.com/products/2278729
2026-09-03,밀로아카이브,2280137,홀리데이 시그니처 볼 캡 [브릭],0.0,0,31200,31200,29640,1,1560,5.26,89.92,0,low,24.0,7,3,none,,9,https://www.musinsa.com/products/2280137
2026-09-03,원헌드레드퍼센트,2289801,OHP X JINICONG b루카 no.2 기모 맨투맨,0.0,0,49000,49000,,0,,,10.07,0,low,7.07,2,1,none,,9,https://www.musinsa.com/products/2289801
2026-09-03,플랙,2297033,칸디아니 스티즈 051Z 로우,0.6,57536,95360,95360,95360,0,0,0.0,100.0,1,low,24.21,6,2,none,,9,https://www.musinsa.com/products/2297033
2026-09-03,그레이버,2302473,[UNISEX]스몰 드로잉스마일 후드티_멜란지화이트,0.0,0,51100,51100,,0,,,31.85,0,low,8.29,4,1,none,,9,https://www.musinsa.com/products/2302473
2026-09-03,토마스모어,2305801,ac0103 마네 벨트 -브라운,0.4,13954,35000,35000,35000,0,0,0.0,100.0,1,high,24.0,7,3,none,,9,https://www.musinsa.com/products/2305801
2026-09-03,도프제이슨,2307209,프리미엄 오버핏 램스킨 베지터블 보머 자켓,0.0,0,369550,369550,369550,0,0,0.0,100.0,1,high,24.0,7,3,none,,9,https://www.musinsa.com/products/2307209
2026-09-03,엘무드,2322121,피렌체 V 래글런 니트 블랙,0.0,0,37800,37800,37800,0,0,0.0,100.0,1,high,24.21,5,2,none,,9,https://www.musinsa.com/products/2322121
2026-09-03,와르,2322313,M160 스트레이트 데님 팬츠_그레이 [숏기장 추가],0.14,7050,50190,50190,50190,0,0,0.0,100.0,1,low,23.98,5,3,none,,9,https://www.musinsa.com/products/2322313
2026-09-03,와이케이,2328329,말티즈 아카이브 후드 멜란지화이트,0.0,0,59250,59250,59250,0,0,0.0,100.0,1,high,24.0,7,3,none,,9,https://www.musinsa.com/products/2328329
2026-09-03,데비웨어,2345353,빌리 스퀘어넥 숏슬리브 DEVI-T0074-라벤더,0.0,0,32300,32300,,0,,,10.06,0,low,7.07,2,1,none,,9,https://www.musinsa.com/products/2345353
2026-09-03,비디알,2370697,GINGHAMCHECK SHIRTS [Blue],0.0,0,139500,139500,,0,,,10.06,0,low,7.07,2,1,none,,9,https://www.musinsa.com/products/2370697
2026-09-03,모즈모즈,2379273,스웻메이커 32 기능성 땀복 조거팬츠,0.0,0,19450,19450,19450,0,0,0.0,100.0,1,high,24.41,5,2,none,,9,https://www.musinsa.com/products/2379273
2026-09-03,프리즘웍스,2400009,NYCO HOODED OSCAR JACKET _ BLACK,0.0,0,55200,55200,55200,0,0,0.0,100.0,1,high,24.02,7,3,none,,9,https://www.musinsa.com/products/2400009
2026-09-03,인사일런스,2417545,오버사이즈 실키 블루종 GREY BEIGE,0.0,0,97200,97200,97200,0,0,0.0,100.0,1,high,24.21,5,2,none,,9,https://www.musinsa.com/products/2417545
2026-09-03,로우로우,2422217,R EYE 481 ULTRA CLIP ACETATE 안경 50 Gray,0.0,0,149000,149000,149000,0,0,0.0,100.0,1,high,24.0,7,3,none,,9,https://www.musinsa.com/products/2422217
2026-09-03,언노운플라넷,2424905,포켓 와이드 데님,0.0,0,28800,28800,,0,,,10.06,0,low,7.07,2,1,none,,9,https://www.musinsa.com/products/2424905
2026-09-03,링서울,2429449,cotton blended knit vest-black,0.0,0,49680,49680,55890,1,-6210,-11.11,100.0,1,medium,24.0,7,3,none,,9,https://www.musinsa.com/products/2429449
2026-09-03,마하그리드,2431305,MGD LOGO HALF SLEEVE SHIRT WHITE(MG2CMMW340A),0.0,0,35550,35550,,0,,,25.35,0,low,12.69,3,1,none,,9,https://www.musinsa.com/products/2431305
2026-09-03,그레이버,2438857,[UNISEX]데이지플라워 써클 로고 맨투맨_그레이,0.0,0,46900,46900,,0,,,31.83,0,low,8.29,4,1,none,,9,https://www.musinsa.com/products/2438857
2026-09-03,아워데이즈,2441801,원턱 와이드 밴딩 데님 팬츠 [SOFT DEEP BLUE],0.0,0,47200,47200,47200,0,0,0.0,81.29,0,low,25.12,4,1,none,,9,https://www.musinsa.com/products/2441801
2026-09-03,데케트,2450057,[여름원단]Cropped Tapered Jeans DCPT004IndigoBlue,0.0,0,23600,23600,23600,0,0,0.0,89.95,0,low,24.2,4,1,none,,9,https://www.musinsa.com/products/2450057
2026-09-03,프렌다,2461769,PASEARSE SHORTS HEATHER GRAY,0.0,0,19600,19600,24500,1,-4900,-20.0,100.0,1,medium,23.99,7,3,none,,9,https://www.musinsa.com/products/2461769
2026-09-03,브랜디드,2466505,51036 CONE ONYX JEANS [EXTRA WIDE STRAIGHT],1.55,169021,108800,108800,108800,0,0,0.0,81.3,0,low,25.12,4,1,none,,9,https://www.musinsa.com/products/2466505
2026-09-03,드로우핏,2480137,밴딩 테이퍼드 슬랙스 [L.BEIGE],1.0,49800,49800,49800,49800,0,0,0.0,81.3,0,low,9.06,8,5,none,,9,https://www.musinsa.com/products/2480137
2026-09-03,원헌드레드퍼센트,2480777,OHP X ERNHO b수영장 오버사이즈 반팔티W,0.0,0,25200,25200,,0,,,10.05,0,low,7.07,2,1,none,,9,https://www.musinsa.com/products/2480777
2026-09-03,1993스튜디오,2484489,스튜디오 아치 로고 티셔츠_그린,0.39,13745,35100,35100,35100,0,0,0.0,100.0,1,high,24.21,5,2,none,,9,https://www.musinsa.com/products/2484489
2026-09-03,피아네르,2492105,세미 와이드 밴딩 플리츠 팬츠 (beige),0.0,0,21510,21510,,0,,,10.05,0,low,7.07,2,1,none,,9,https://www.musinsa.com/products/2492105
2026-09-03,어널러코드,2532425,슬랍워싱 버뮤다 데님팬츠 (블랙),0.02,536,30870,30870,30870,0,0,0.0,100.0,1,high,24.02,7,3,none,,9,https://www.musinsa.com/products/2532425
2026-09-03,제멋,2547785,버니 오버핏 반팔티셔츠 5종 다크그레이 YHST2412,0.0,0,21900,21900,21900,0,0,0.0,100.0,1,high,24.02,7,3,none,,9,https://www.musinsa.com/products/2547785
2026-09-03,게인스보로,2560841,아치로고 카라 맨투맨_오트밀,0.0,0,39900,39900,,0,,,25.34,0,low,12.69,3,1,none,,9,https://www.musinsa.com/products/2560841
2026-09-03,와이케이,2561865,나일론 스트링포켓 밴딩 숏팬츠 핑크,0.0,0,55300,55300,55300,0,0,0.0,100.0,1,high,24.0,7,3,none,,9,https://www.musinsa.com/products/2561865
2026-09-03,드로우핏,2570569,트위스트 바 써지컬 네크리스 [SILVER],0.78,17478,22500,22500,22500,0,0,0.0,81.3,0,low,25.12,4,1,none,,9,https://www.musinsa.com/products/2570569
2026-09-03,원헌드레드퍼센트,2576329,OHP X JINICONG 웰시 피그먼트 반팔티,0.0,0,36540,36540,,0,,,10.04,0,low,7.07,2,1,none,,9,https://www.musinsa.com/products/2576329
2026-09-03,엠엠엘지,2586889,[Mmlg] 19MG HOOD ZIPUP (EVERY BLACK),0.0,0,51000,51000,,0,,,31.81,0,low,8.29,4,1,none,,9,https://www.musinsa.com/products/2586889
2026-09-03,원헌드레드퍼센트,2599497,OHP X CUBMENT 커브로드 오버사이즈 반팔티,0.0,0,23400,23400,,0,,,10.03,0,low,7.07,2,1,none,,9,https://www.musinsa.com/products/2599497
2026-09-03,데비웨어,2600393,도로시 크롭탑 DEVI-TS0011-화이트,0.0,0,28120,28120,,0,,,10.03,0,low,7.07,2,1,none,,9,https://www.musinsa.com/products/2600393
2026-09-03,원헌드레드퍼센트,2605065,OHP X DK.JOON b앤디워홀 피그먼트 반팔티1,0.0,0,44250,44250,,0,,,10.03,0,low,7.07,2,1,none,,9,https://www.musinsa.com/products/2605065
2026-09-03,제멋,2605193,[셋업] 에디 오버핏 반팔 셋업 KJST2189+KJSP2429,0.0,0,36900,36900,36900,0,0,0.0,100.0,1,high,24.02,7,3,none,,9,https://www.musinsa.com/products/2605193
2026-09-03,밀로아카이브,2614921,홀리데이 시그니처 볼 캡 [블루 그레이],0.0,0,31200,31200,29640,1,1560,5.26,60.5,0,low,24.0,6,2,none,,9,https://www.musinsa.com/products/2614921
2026-09-03,라티젠,2615369,LLS GRADATION COLLAR KNIT(YELLOW),0.0,0,52800,52800,,0,,,27.91,0,low,10.31,3,1,none,,9,https://www.musinsa.com/products/2615369
2026-09-03,라티젠,2615433,LLS POCKET KNIT VEST(BLACK),0.0,0,45000,45000,,0,,,27.91,0,low,10.31,3,1,none,,9,https://www.musinsa.com/products/2615433
2026-09-03,그레이버,2628425,[UNISEX]드로잉 로고 스마일 반팔티_블랙,0.0,0,32200,32200,,0,,,31.8,0,low,8.29,4,1,none,,9,https://www.musinsa.com/products/2628425
2026-09-03,카비시,2657353,3D KOALA HOODIE LIGHT GREY(CV2CFUM412A),0.0,0,35600,35600,,0,,,18.69,0,low,6.3,2,1,none,,9,https://www.musinsa.com/products/2657353
2026-09-03,슬로우레코드하우스,2686281,나일론 사이드 스냅 팬츠_블랙,0.0,0,39000,39000,,0,,,18.69,0,low,6.3,2,1,none,,9,https://www.musinsa.com/products/2686281
2026-09-03,인사일런스,2703945,다트 포인트 오버핏 스웨트셔츠 BLACK,0.0,0,59400,59400,59400,0,0,0.0,100.0,1,high,24.22,5,2,none,,9,https://www.musinsa.com/products/2703945
2026-09-03,오픈야드(오와이),2708617,백 스티치 로고 후드-블랙,0.0,0,76800,76800,,0,,,25.33,0,low,12.69,3,1,none,,9,https://www.musinsa.com/products/2708617
2026-09-03,라이프워크,2741193,꽈배기 니트 돔햇,0.0,0,41400,41400,,0,,,31.79,0,low,8.29,4,1,none,,9,https://www.musinsa.com/products/2741193
2026-09-03,노앙,2747145,LOGO OXFORD SHIRT MINT,0.0,0,106800,106800,,0,,,18.68,0,low,6.3,2,1,none,,9,https://www.musinsa.com/products/2747145
2026-09-03,모즈모즈,2749769,톤다운 레글런 오버핏 기모 후드 브라운,0.0,0,48000,48000,48000,0,0,0.0,100.0,1,high,24.42,5,2,none,,9,https://www.musinsa.com/products/2749769
2026-09-03,어반에이지,2761097,[논기모 OR 기모] 어반 원턱 와이드 팬츠_멜란지그레이,0.0,0,25920,25920,,0,,,27.9,0,low,10.31,3,1,none,,9,https://www.musinsa.com/products/2761097
2026-09-03,스컬프터,2763913,Question Sweatshirt Melange Gray,0.0,0,53200,53200,53200,0,0,0.0,100.0,1,high,23.98,6,3,none,,9,https://www.musinsa.com/products/2763913
2026-09-03,시야쥬,2772809,SIPT7056  high waist corduroy pants_Burgundy,0.0,0,93600,93600,93600,0,0,0.0,100.0,1,high,24.22,5,2,none,,9,https://www.musinsa.com/products/2772809
2026-09-03,그레이버,2773001,[UNISEX]그린 레이싱 스마일 맨투맨_그레이,0.0,0,46900,46900,,0,,,31.78,0,low,8.29,4,1,none,,9,https://www.musinsa.com/products/2773001
2026-09-03,그레이버,2776521,[UNISEX]빅 도트스마일 스프레이 맨투맨_블랙,0.0,0,46900,46900,,0,,,31.78,0,low,8.29,4,1,none,,9,https://www.musinsa.com/products/2776521
2026-09-03,링서울,2785929,handmade wool half coat-camel,0.0,0,206500,206500,232310,1,-25810,-11.11,100.0,1,medium,24.0,7,3,none,,9,https://www.musinsa.com/products/2785929
2026-09-03,로라로라,2793929,VELVET JACKET BLACK,0.0,0,104500,104500,,0,,,27.89,0,low,10.31,3,1,none,,9,https://www.musinsa.com/products/2793929
2026-09-03,세릭,2795337,COLOR CONTRAST CHAIN LOGO JACKET / BLACK,0.0,0,187600,187600,,0,,,10.0,0,low,7.07,2,1,none,,9,https://www.musinsa.com/products/2795337
2026-09-03,키르시,2831177,키르시 니트 랩 플리츠 스커트 [차콜],0.0,0,27200,27200,27200,0,0,0.0,100.0,1,high,24.22,5,2,none,,9,https://www.musinsa.com/products/2831177
2026-09-03,러프넥,2841609,602 애쉬 카멜,0.0,0,286400,286400,,0,,,10.0,0,low,7.07,2,1,none,,9,https://www.musinsa.com/products/2841609
2026-09-03,어반드레스,2860681,125CM 슈퍼 롱 유니섹스 발마칸 코트 블랙,0.0,0,74000,74000,74000,0,0,0.0,100.0,1,high,24.02,7,3,none,,9,https://www.musinsa.com/products/2860681
2026-09-03,원헌드레드퍼센트,2861385,OHP X GOODD b빅캣 오버핏 헤비 후드G,0.0,0,54000,54000,,0,,,10.0,0,low,7.07,2,1,none,,9,https://www.musinsa.com/products/2861385
2026-09-03,프리즘웍스,2871113,ALPACA BOUCLE KNIT _ COCOA,0.0,0,65400,65400,65400,0,0,0.0,100.0,1,high,24.02,7,3,none,,9,https://www.musinsa.com/products/2871113
2026-09-03,라이프워크,2921545,여성) 밍크 벨벳 조거 팬츠 (기모안감),0.0,0,69000,69000,,0,,,31.75,0,low,8.29,4,1,none,,9,https://www.musinsa.com/products/2921545
2026-09-03,솔트앤초콜릿,2930185,SAC 로고 롱슬리브 실켓 티셔츠 크림 4W2231301,0.0,0,26880,26880,26880,0,0,0.0,100.0,1,high,23.98,6,3,none,,9,https://www.musinsa.com/products/2930185
2026-09-03,시눈,2933321,CREME BAG (YELLOW),0.0,0,85540,85540,85540,0,0,0.0,100.0,1,high,24.43,5,2,none,,9,https://www.musinsa.com/products/2933321
2026-09-03,아수라,2958473,코지 조거 팬츠 (PINK),0.0,0,66640,66640,,0,,,9.99,0,low,7.07,2,1,none,,9,https://www.musinsa.com/products/2958473
2026-09-03,엠엘비,2995785,빅볼청키 사피아노 다이아 모노그램 NY (Black),0.0,0,63600,63600,,0,,,27.87,0,low,10.31,3,1,none,,9,https://www.musinsa.com/products/2995785
2026-09-03,마하그리드,3007561,CURVED TRACK JACKET BLACK(MG2DSMJ240A),0.0,0,59500,59500,,0,,,25.31,0,low,12.69,3,1,none,,9,https://www.musinsa.com/products/3007561
2026-09-03,코드그라피,3011273,[23년ver.] 24H 트랙 브이넥 맨투맨_버건디,0.0,0,34300,34300,34300,0,0,0.0,81.35,0,low,25.13,4,1,none,,9,https://www.musinsa.com/products/3011273
2026-09-03,굿라이프웍스,3011465,오버핏 하찌 투웨이 후드 집업 니트 오트밀,0.0,0,43750,43750,43750,0,0,0.0,100.0,1,high,24.43,5,2,none,,9,https://www.musinsa.com/products/3011465
2026-09-03,메인부스,3017993,Original Logo Webbing Strap,0.0,0,11700,11700,11700,0,0,0.0,81.36,0,low,25.13,4,1,none,,9,https://www.musinsa.com/products/3017993
2026-09-03,베이직하우스,3018185,UNI 16수 솔리드 반팔티 LXTS0103,0.0,0,12900,12900,,0,,,31.73,0,low,8.29,4,1,none,,9,https://www.musinsa.com/products/3018185
2026-09-03,라이프워크,3029897,코마사 아가일 크루삭스,0.0,0,9900,9900,,0,,,31.73,0,low,8.29,4,1,none,,9,https://www.musinsa.com/products/3029897
2026-09-03,드로우핏,3030665,코튼 트윌 스트링 자켓 [BLACK],0.0,0,139200,139200,139200,0,0,0.0,81.36,0,low,25.13,4,1,none,,9,https://www.musinsa.com/products/3030665
2026-09-03,드로우핏,3031561,뉴트럴 컬러 집업 데님 자켓 [MOCHA],0.0,0,139200,139200,139200,0,0,0.0,81.36,0,low,25.13,4,1,none,,9,https://www.musinsa.com/products/3031561
2026-09-03,커버낫,3038985,오픈카라 풀오버 셔츠 블랙,0.0,0,44500,44500,44500,0,0,0.0,100.0,1,high,24.23,5,2,none,,9,https://www.musinsa.com/products/3038985
2026-09-03,카비시,3039177,PLUR LOGO HOODIE BLACK(CV2BFUM402A),0.0,0,50560,50560,,0,,,18.64,0,low,6.29,2,1,none,,9,https://www.musinsa.com/products/3039177
2026-09-03,지프,3039625,A1 YOKO Sweat (JO5TSU833MW),0.0,0,21990,21990,,0,,,31.72,0,low,8.29,4,1,none,,9,https://www.musinsa.com/products/3039625
2026-09-03,퍼스텝,3040457,본플라잉 후드 블랙 BJHD4538,0.0,0,46900,46900,,0,,,9.97,0,low,7.07,2,1,none,,9,https://www.musinsa.com/products/3040457
2026-09-03,메인부스,3042057,Bonbon Crop Cardigan(RED),0.0,0,32300,32300,32300,0,0,0.0,81.36,0,low,25.13,4,1,none,,9,https://www.musinsa.com/products/3042057
2026-09-03,코드그라피,3044105,나일론 리치포켓 후드 바람막이_그레이,0.0,0,62300,62300,62300,0,0,0.0,81.37,0,low,25.13,4,1,none,,9,https://www.musinsa.com/products/3044105
2026-09-03,필루미네이트,3044169,오버핏 피그다잉 후디-네이비,0.0,0,30900,30900,30900,0,0,0.0,100.0,1,high,24.0,7,3,none,,9,https://www.musinsa.com/products/3044169
2026-09-03,노매뉴얼,3046793,BASIC T-SHIRT - BLACK,5.2,120606,23200,23200,23200,0,0,0.0,100.0,1,high,24.21,18,2,none,,9,https://www.musinsa.com/products/3046793
2026-09-03,프렌다,3048201,PDC UNIFORM HOODIE MAGENTA,2.57,76438,29741,27600,34500,1,-6900,-20.0,100.0,1,medium,23.99,10,4,none,,9,https://www.musinsa.com/products/3048201
2026-09-03,디미트리블랙,3059721,사이드픽스 슈팅 수트 셋업_그레이,0.0,0,140900,140900,140900,0,0,0.0,100.0,1,high,24.23,5,2,none,,9,https://www.musinsa.com/products/3059721
2026-09-03,엘엠씨,3062601,LASER FIREWORK DENIM JACKET blue,0.0,0,134550,134550,,0,,,18.62,0,low,6.29,2,1,none,,9,https://www.musinsa.com/products/3062601
2026-09-03,노이어,3062857,콘트라스트 더블-워싱 와이드 데님 팬츠 (블루),0.0,0,123700,123700,123700,0,0,0.0,100.0,1,high,24.02,7,3,none,,9,https://www.musinsa.com/products/3062857
2026-09-03,오픈야드(오와이),3065545,블레이즈 로고 롱 슬리브-화이트,0.0,0,26800,26800,,0,,,25.3,0,low,12.69,3,1,none,,9,https://www.musinsa.com/products/3065545
2026-09-03,러브이즈트루,3066761,DN STAR CROSS BAG(WHITE),0.0,0,60450,60450,60450,0,0,0.0,100.0,1,high,24.0,7,3,none,,9,https://www.musinsa.com/products/3066761
2026-09-03,러브이즈트루,3066953,DN DENIM SKIRT(BLUE),0.0,0,48100,48100,48100,0,0,0.0,100.0,1,high,24.0,7,3,none,,9,https://www.musinsa.com/products/3066953
2026-09-03,언노운플라넷,3067337,UP-410 와이드 다잉팬츠 핑크,0.0,0,34250,34250,,0,,,9.96,0,low,7.07,2,1,none,,9,https://www.musinsa.com/products/3067337
2026-09-03,슬로우애시드,3074121,러스티 로고 반팔티셔츠 [화이트],3.02,67914,22500,22500,22500,0,0,0.0,100.0,1,high,25.13,6,2,none,,9,https://www.musinsa.com/products/3074121
2026-09-03,밀로아카이브,3075081,자카드 니트 블루종 [카키],0.0,0,84000,84000,84000,0,0,0.0,90.04,0,low,24.0,7,3,none,,9,https://www.musinsa.com/products/3075081
2026-09-03,엑스컨테이너,3076233,컴포터블 데님 팬츠 (DARK GREY),0.0,0,45000,45000,45000,0,0,0.0,90.04,0,low,24.21,4,1,none,,9,https://www.musinsa.com/products/3076233
2026-09-03,슬로우애시드,3077577,블러리 로고 스웨트셔츠 [딥블루],0.0,0,63200,63200,63200,0,0,0.0,81.38,0,low,25.13,4,1,none,,9,https://www.musinsa.com/products/3077577
2026-09-03,쿠어,3082761,데미지 씬 크루넥 니트 (블랙),0.0,0,112000,112000,112000,0,0,0.0,100.0,1,high,24.43,5,2,none,,9,https://www.musinsa.com/products/3082761
2026-09-03,커버낫,3086665,나일론 가디건 자켓 그레이,0.0,0,59000,59000,59000,0,0,0.0,100.0,1,high,24.23,5,2,none,,9,https://www.musinsa.com/products/3086665
2026-09-03,고스트리퍼블릭,3086857,GRBC 빅 패치 오버핏 후드집업 GHZ-269,0.78,23240,29900,29900,29900,0,0,0.0,81.38,0,low,25.13,16,1,none,,9,https://www.musinsa.com/products/3086857
2026-09-03,솔트앤초콜릿,3088521,카고 세미 와이드 슬랙스 베이지 4W231V003,0.0,0,69440,69440,65100,1,4340,6.67,100.0,1,medium,23.98,6,3,none,,9,https://www.musinsa.com/products/3088521
2026-09-03,에스피오나지,3094153,Hunting Blouson Jacket Olive,0.94,171178,182893,182700,192850,1,-10150,-5.26,100.0,1,medium,24.02,7,3,none,,9,https://www.musinsa.com/products/3094153
2026-09-03,라티젠,3097161,L2 STRIPE HOLE KNIT(BLACK),0.0,0,55800,55800,,0,,,27.85,0,low,10.31,3,1,none,,9,https://www.musinsa.com/products/3097161
2026-09-03,그레이버,3100041,[UNISEX]체커보드 스몰플라워 맨투맨_멜란지화이트,0.0,0,44800,44800,,0,,,31.71,0,low,8.29,4,1,none,,9,https://www.musinsa.com/products/3100041
2026-09-03,아틀리에나인,3100873,빈티지 워싱 스트레이트 데님 팬츠(S-PT-5418),0.0,0,53400,53400,53400,0,0,0.0,100.0,1,high,24.43,5,2,none,,9,https://www.musinsa.com/products/3100873
2026-09-03,아틀리에나인,3109449,스탠다드 슬림 스트레이트 팬츠(PT-5374),0.0,0,39500,39500,39500,0,0,0.0,100.0,1,high,24.0,6,2,none,,9,https://www.musinsa.com/products/3109449
2026-09-03,르바,3113929,Stripe Cotton Polo Knit - Mint Stripe,0.0,0,89350,89350,89350,0,0,0.0,81.39,0,low,25.13,4,1,none,,9,https://www.musinsa.com/products/3113929
2026-09-03,제멋,3119881,체프 카라 롱티셔츠 7종 마운틴그린 YHLT2471,0.0,0,31900,31900,31900,0,0,0.0,100.0,1,high,24.02,7,3,none,,9,https://www.musinsa.com/products/3119881
2026-09-03,미니멀프로젝트,3127625,유니버시티 아치 자수 로고 오버핏 맨투맨 MMT129 [NAVY],0.0,0,38800,38800,,0,,,27.84,0,low,10.31,3,1,none,,9,https://www.musinsa.com/products/3127625
2026-09-03,엘엠씨,3129097,SIDE STRIPED JERSEY TRACK PANTS navy,0.0,0,54500,54500,,0,,,18.6,0,low,6.29,2,1,none,,9,https://www.musinsa.com/products/3129097
2026-09-03,아틀리에나인,3130953,스캘럽 배색 카라 니트 가디건(CD-1871),0.0,0,31600,31600,31600,0,0,0.0,100.0,1,high,24.0,6,2,none,,9,https://www.musinsa.com/products/3130953
2026-09-03,커버낫,3131593,레귤러 치노 쇼츠 베이지,0.0,0,29000,29000,29000,0,0,0.0,100.0,1,high,24.23,5,2,none,,9,https://www.musinsa.com/products/3131593
2026-09-03,예스아이씨,3132745,Y.E.S Ripstop Tote Bag Orange,0.0,0,34500,34500,,0,,,31.7,0,low,8.29,4,1,none,,9,https://www.musinsa.com/products/3132745
2026-09-03,하이스쿨디스코,3135305,FOG LONG MESH SKIRT_PURPLE,0.0,0,39600,39600,,0,,,31.7,0,low,8.29,4,1,none,,9,https://www.musinsa.com/products/3135305
2026-09-03,데비웨어,3135817,여성 요가복 DEVI-B0061-블랙 필라테스 비비아나 골지 쇼츠,1.01,20451,20190,20190,,0,,,9.95,0,low,7.07,3,1,none,3,9,https://www.musinsa.com/products/3135817
2026-09-03,엘무드,3136777,맥스와이드 데님 스톰 블루,0.0,0,57600,57600,57600,0,0,0.0,100.0,1,high,24.23,5,2,none,,9,https://www.musinsa.com/products/3136777
2026-09-03,1989스탠다드,3142985,SMALL 1989 쿨 코튼 오버핏 반팔(SISSTD-0012),0.0,0,21450,21450,,0,,,31.69,0,low,8.29,4,1,none,,9,https://www.musinsa.com/products/3142985
2026-09-03,데케트,3145737,Dawn Semi Wide Jeans DCPT002Black,0.0,0,43400,43400,43400,0,0,0.0,90.05,0,low,24.21,4,1,none,,9,https://www.musinsa.com/products/3145737
2026-09-03,드로우핏,3154697,원턱 밴딩 린넨 테이퍼드 슬랙스 [BLACK],0.0,0,49770,49770,49770,0,0,0.0,81.41,0,low,25.13,3,1,none,,9,https://www.musinsa.com/products/3154697
2026-09-03,어반드레스,3154761,Ailey crop shirt - 4COL,0.0,0,36400,36400,36400,0,0,0.0,98.21,0,low,15.96,6,2,none,,9,https://www.musinsa.com/products/3154761
2026-09-03,피아네르,3178121,쿨 스판 지퍼 포켓 트레이닝 팬츠 (네이비),0.0,0,20330,20330,,0,,,9.94,0,low,7.07,2,1,none,,9,https://www.musinsa.com/products/3178121
2026-09-03,노앙,3183497,STRIPE CROPPED TERRY SHIRT WHITE,0.0,0,130800,130800,,0,,,18.59,0,low,6.29,2,1,none,,9,https://www.musinsa.com/products/3183497
2026-09-03,아이돈워너셀,3190729,RHOMBUS CONTRACTION MA-1 GRAY,0.0,0,84500,84500,84500,0,0,0.0,100.0,1,high,24.23,5,2,none,,9,https://www.musinsa.com/products/3190729
2026-09-03,라이프워크,3193225,나일론 배색 반팔티셔츠,0.0,0,29000,29000,,0,,,31.68,0,low,8.29,4,1,none,,9,https://www.musinsa.com/products/3193225
2026-09-03,커버낫,3195337,오픈카라 니트 베스트 아이보리,0.0,0,44500,44500,44500,0,0,0.0,100.0,1,high,24.23,5,2,none,,9,https://www.musinsa.com/products/3195337
2026-09-03,와이케이,3199049,말티즈 아카이브 라인 그래픽 반팔티셔츠 화이트,0.0,0,29400,29400,29400,0,0,0.0,100.0,1,high,24.0,10,3,none,,9,https://www.musinsa.com/products/3199049
2026-09-03,엘리메노,3204425,EL 유스컬처 오버핏 반팔티 화이트,0.0,0,19500,19500,,0,,,18.58,0,low,6.29,2,1,none,,9,https://www.musinsa.com/products/3204425
2026-09-03,카네이테이,3204681,BOHEMIAN BACKPACK L (OLIVE DRAB) / RECYCLED,0.0,0,111300,111300,111300,0,0,0.0,100.0,1,high,23.98,6,3,none,,9,https://www.musinsa.com/products/3204681
2026-09-03,꼼파뇨,3212873,레이어 하프 데님 팬츠 리버스블랙,0.0,0,55900,55900,55900,0,0,0.0,90.07,0,low,24.22,3,1,none,,9,https://www.musinsa.com/products/3212873
2026-09-03,미나브,3214281,소프트코튼 케이블 카라 니트 [아이보리],1.0,35100,35100,35100,35100,0,0,0.0,100.0,1,high,23.99,7,3,none,,9,https://www.musinsa.com/products/3214281
2026-09-03,그레이버,3216585,[UNISEX]베이스볼 블루 로고 자수 반팔티_블랙,0.0,0,29900,29900,,0,,,31.67,0,low,8.29,4,1,none,,9,https://www.musinsa.com/products/3216585
2026-09-03,아틀리에나인,3224969,슬림 밴드 와이드 맥시 팬츠(R-PT-5198),0.0,0,34500,34500,34500,0,0,0.0,100.0,1,high,24.0,6,2,none,,9,https://www.musinsa.com/products/3224969
2026-09-03,와이케이,3234441,말티즈 아카이브 반팔티셔츠 레드,0.0,0,34300,34300,34300,0,0,0.0,100.0,1,high,24.0,7,3,none,,9,https://www.musinsa.com/products/3234441
2026-09-03,메인부스,3235913,[패트와매트] 선셋 폰 케이스,0.0,0,19800,19800,19800,0,0,0.0,81.42,0,low,25.13,4,1,none,,9,https://www.musinsa.com/products/3235913
2026-09-03,가까이유니언즈,3257545,루바토 브이넥 반팔 티셔츠 화이트,1.57,50002,31900,31900,31900,0,0,0.0,100.0,1,high,24.0,6,2,none,,9,https://www.musinsa.com/products/3257545
2026-09-03,니티드,3259529,썸머 바시티 반팔 니트티 CHARCOAL,0.0,0,31000,31000,31000,0,0,0.0,81.43,0,low,25.13,4,1,none,,9,https://www.musinsa.com/products/3259529
2026-09-03,미나브,3272585,보테 리브드 니트 [크림],0.0,0,39000,39000,39000,0,0,0.0,100.0,1,high,23.99,7,3,none,,9,https://www.musinsa.com/products/3272585
2026-09-03,꼼파뇨,3275849,개굴팝 자수 반팔티 스타화이트,0.0,0,32500,32500,32500,0,0,0.0,90.08,0,low,24.22,4,1,none,,9,https://www.musinsa.com/products/3275849
2026-09-03,어텐션로우,3277833,Edition1. 숄더 컷 피그먼트 반팔 티셔츠 (다크 그레이),0.0,0,27600,27600,,0,,,27.83,0,low,10.31,3,1,none,,9,https://www.musinsa.com/products/3277833
2026-09-03,밀로아카이브,3281929,데님 버뮤다 팬츠 [미드 블루],0.0,0,50170,50170,45380,1,4790,10.56,90.09,0,low,24.0,7,3,none,,9,https://www.musinsa.com/products/3281929
2026-09-03,굿라이프웍스,3283273,와이드 프런트 포켓 썸머 카고 팬츠 카키,0.0,0,25000,25000,25000,0,0,0.0,100.0,1,high,24.44,5,2,none,,9,https://www.musinsa.com/products/3283273
2026-09-03,바우프,3293897,B LOGO 메쉬 볼캡 [블랙],0.0,0,46750,46750,46750,0,0,0.0,81.44,0,low,25.14,4,1,none,,9,https://www.musinsa.com/products/3293897
2026-09-03,모드나인,3297737,Made Contact - MOD7s,0.0,0,159000,159000,,0,,,25.26,0,low,12.7,3,1,none,,9,https://www.musinsa.com/products/3297737
2026-09-03,라이프워크,3301961,펫 실리콘 와펜 도그캡,0.0,0,39000,39000,,0,,,31.64,0,low,8.29,4,1,none,,9,https://www.musinsa.com/products/3301961
2026-09-03,게인스보로,3302601,위캔드네버 티셔츠_화이트,0.0,0,21500,21500,,0,,,25.26,0,low,12.7,3,1,none,,9,https://www.musinsa.com/products/3302601
2026-09-03,디키즈,3307465,컬러 로고 크롭 티셔츠 Black,0.0,0,24500,24500,,0,,,18.56,0,low,6.29,2,1,none,,9,https://www.musinsa.com/products/3307465
2026-09-03,어텐션로우,3311689,Edition1. 일렉트릭 락 스타 빈티지 프린트 오버핏 반팔 티셔츠 (다크 그레이),0.0,0,24750,24750,,0,,,27.82,0,low,10.31,3,1,none,,9,https://www.musinsa.com/products/3311689
2026-09-03,링서울,3311753,[유이수 착용] rayon blended shirring skirt-ivory,0.0,0,75600,75600,85050,1,-9450,-11.11,100.0,1,medium,24.0,7,3,none,,9,https://www.musinsa.com/products/3311753
2026-09-03,프리즘웍스,3315209,PAPER COTTON TRUCKER HALF SHIRT _ ASH PINK,0.0,0,49000,49000,49000,0,0,0.0,100.0,1,high,24.02,7,3,none,,9,https://www.musinsa.com/products/3315209
2026-09-03,아티스트웨어,3340809,[ATW] 얼론 반팔티,0.0,0,39200,39200,,0,,,25.26,0,low,12.7,3,1,none,,9,https://www.musinsa.com/products/3340809
2026-09-03,그레이버,3346569,[UNISEX]퍼피 페이스 옐로우 스몰 드로잉스마일 반팔티_블랙,0.0,0,27820,27820,,0,,,31.63,0,low,8.29,4,1,none,,9,https://www.musinsa.com/products/3346569
2026-09-03,원헌드레드퍼센트,3350153,OHP X ERNHO b리모트워커 no.2 세미오버 반팔티,0.0,0,34200,34200,,0,,,9.89,0,low,7.07,2,1,none,,9,https://www.musinsa.com/products/3350153
2026-09-03,솔트앤초콜릿,3353225,SAC 테리 크롭 스웨트셔츠 퍼플 4W232Y002,0.0,0,33040,33040,33040,0,0,0.0,100.0,1,high,23.98,6,3,none,,9,https://www.musinsa.com/products/3353225
2026-09-03,노티카,3358473,83플래그 로고 티셔츠(멜란지그레이) NTS4786MGZ,7.55,254971,33750,33750,33750,0,0,0.0,80.04,0,low,10.37,23,5,none,,9,https://www.musinsa.com/products/3358473
2026-09-03,꼼파뇨,3365001,Blice Tropical 반팔티 화이트,0.0,0,27510,27510,27510,0,0,0.0,90.11,0,low,24.22,4,1,none,,9,https://www.musinsa.com/products/3365001
2026-09-03,러브이즈트루,3374089,BE LOGO BEACH TOWEL(BLACK),0.0,0,36370,36370,36370,0,0,0.0,100.0,1,high,24.0,7,3,none,,9,https://www.musinsa.com/products/3374089
2026-09-03,피지컬가먼츠,3387273,P5011 우먼 라이트 레깅스_9부 [인디블루],0.0,0,28000,28000,,0,,,25.25,0,low,12.69,3,1,none,,9,https://www.musinsa.com/products/3387273
2026-09-03,그레이버,3390473,[UNISEX]플라워자수 버뮤다 트레이닝 하프팬츠_블랙,0.0,0,35700,35700,,0,,,31.61,0,low,8.29,4,1,none,,9,https://www.musinsa.com/products/3390473
2026-09-03,1993스튜디오,3400393,빈티지 코튼 트윌 바이커 자켓_카키,0.0,0,90300,90300,90300,0,0,0.0,100.0,1,high,24.24,5,2,none,,9,https://www.musinsa.com/products/3400393
2026-09-03,1993스튜디오,3400585,2WAY 더블 스티치 윈드브레이커_크림,7.95,230657,29000,29000,29000,0,0,0.0,100.0,1,high,10.71,12,5,none,,9,https://www.musinsa.com/products/3400585
2026-09-03,원헌드레드퍼센트,3402953,OHP X HARMONIA4 캣족캠핑 세미오버 반팔티,0.0,0,34300,34300,,0,,,9.88,0,low,7.07,2,1,none,,9,https://www.musinsa.com/products/3402953
2026-09-03,게인스보로,3418825,쿨모어 골든로고 슬리브리스_블랙,0.0,0,25900,25900,,0,,,25.25,0,low,12.7,3,1,none,,9,https://www.musinsa.com/products/3418825
2026-09-03,프렌다,3425481,FRAYED POCKET DENIM PANTS DARK BROWN,0.0,0,47600,47600,59500,1,-11900,-20.0,100.0,1,medium,23.99,7,3,none,,9,https://www.musinsa.com/products/3425481
2026-09-03,키뮤어,3434441,레터링 코듀로이 볼캡_라이트그레이,0.0,0,27300,27300,27300,0,0,0.0,100.0,1,high,24.02,7,3,none,,9,https://www.musinsa.com/products/3434441
2026-09-03,마하그리드,3435273,RAW CUT M LOGO PIGMENT SWEATSHIRT NAVY(MG2DFMM458A),0.0,0,42000,42000,,0,,,25.24,0,low,12.7,3,1,none,,9,https://www.musinsa.com/products/3435273
2026-09-03,트래블,3437833,워크샵 콤비네이션 래글런 롱 슬리브 핑크,1.27,25193,19900,19900,19900,0,0,0.0,100.0,1,high,23.99,13,4,none,,9,https://www.musinsa.com/products/3437833
2026-09-03,트래블,3437897,라인 테이프 다트 팬츠 블랙,1.0,39500,39500,39500,39500,0,0,0.0,100.0,1,high,12.7,12,6,none,,9,https://www.musinsa.com/products/3437897
2026-09-03,레이지비,3438409,[SET] 아이스 쿨링 라이트 루즈핏 반팔 래쉬가드 + 스윔 쇼츠 세트 W (3컬러),0.0,0,46670,46670,,0,,,31.61,0,low,8.29,4,1,none,,9,https://www.musinsa.com/products/3438409
2026-09-03,로라로라,3445513,WOOL BLENDED STRIPE CARDIGAN IVORY,0.0,0,53400,53400,,0,,,27.8,0,low,10.31,3,1,none,,9,https://www.musinsa.com/products/3445513
2026-09-03,카비시,3446345,FLEECE MULTI POCKET PANTS PINK(CV2DFUPA02A),0.0,0,43600,43600,,0,,,18.53,0,low,6.29,2,1,none,,9,https://www.musinsa.com/products/3446345
2026-09-03,필루미네이트,3448265,오버핏 액티브 스웨트 셔츠-카키,0.0,0,21900,21900,21900,0,0,0.0,100.0,1,high,24.0,7,3,none,,9,https://www.musinsa.com/products/3448265
2026-09-03,예스아이씨,3452489,SN-Sweat Pants Pickle,0.0,0,62300,62300,,0,,,31.6,0,low,8.29,4,1,none,,9,https://www.musinsa.com/products/3452489
2026-09-03,커버낫,3455113,데님 레귤러 다잉 팬츠 베이지,0.0,0,39000,39000,39000,0,0,0.0,100.0,1,high,24.25,5,2,none,,9,https://www.musinsa.com/products/3455113
2026-09-03,낫포너드,3462985,Boomerang Logo Pullover Hood - Grey,0.0,0,42390,42390,42390,0,0,0.0,81.47,0,low,25.14,4,1,none,,9,https://www.musinsa.com/products/3462985
2026-09-03,나인제트,3463177,에센셜 메탈 하프집업 스웻셔츠 23SW08,0.0,0,58500,58500,58500,0,0,0.0,90.13,0,low,24.22,4,1,none,,9,https://www.musinsa.com/products/3463177
2026-09-03,프리즘웍스,3471497,CORDUROY BUDDY HARRINGTON JACKET _ BROWN,0.93,105582,113220,113220,113220,0,0,0.0,100.0,1,low,24.02,9,3,none,,9,https://www.musinsa.com/products/3471497
2026-09-03,그레이버,3471817,[UNISEX]스몰 드로잉스마일 맨투맨_블랙,0.0,0,44800,44800,,0,,,31.59,0,low,8.29,4,1,none,,9,https://www.musinsa.com/products/3471817
2026-09-03,지프,3476617,체로키 레이싱 파이핑 셋업 반넥 맨투맨 (JO5TSU835MG),0.0,0,48900,48900,,0,,,31.59,0,low,8.29,4,1,none,,9,https://www.musinsa.com/products/3476617
2026-09-03,엘리메노,3478281,EL 로즈클럽 오버핏 맨투맨 티셔츠 블랙,0.0,0,24500,24500,,0,,,18.52,0,low,6.29,2,1,none,,9,https://www.musinsa.com/products/3478281
2026-09-03,예스아이씨,3480841,Y.E.S Stripe Beanie Charcoal,0.0,0,19800,19800,,0,,,31.58,0,low,8.29,4,1,none,,9,https://www.musinsa.com/products/3480841
2026-09-03,드로우핏우먼,3484937,세미 부츠컷 진 [LIGHT BLUE],0.0,0,57750,57750,57750,0,0,0.0,100.0,1,high,23.99,7,3,none,,9,https://www.musinsa.com/products/3484937
2026-09-03,드로우핏우먼,3485001,내추럴 세미 와이드 컬러 진 [GREY],0.0,0,57750,57750,57750,0,0,0.0,100.0,1,high,23.99,7,3,none,,9,https://www.musinsa.com/products/3485001
2026-09-03,앤더슨벨,3486409,겐텔 로우컷 플레어 진 apa686m(WASHED BLACK),0.0,0,275000,275000,,0,,,31.58,0,low,8.29,4,1,none,,9,https://www.musinsa.com/products/3486409
2026-09-03,아틀리에나인,3490121,클래식 오버핏 심볼 자수 맨투맨(T-6695),0.0,0,71100,71100,71100,0,0,0.0,100.0,1,high,24.0,6,2,none,,9,https://www.musinsa.com/products/3490121
2026-09-03,밀로아카이브,3492745,러기드 자켓 [딥 브라운],0.0,0,89000,89000,89000,0,0,0.0,100.0,1,high,24.0,7,3,none,,9,https://www.musinsa.com/products/3492745
2026-09-03,에스피오나지,3503945,Washed Canvas Blouson Jacket Charcoal Navy,0.02,3281,179550,170100,179550,1,-9450,-5.26,100.0,1,medium,24.02,7,3,none,,9,https://www.musinsa.com/products/3503945
2026-09-03,그레이버,3505225,[UNISEX]GOOD SNAKE 맨투맨_크림,0.0,0,44800,44800,,0,,,31.57,0,low,8.29,4,1,none,,9,https://www.musinsa.com/products/3505225
2026-09-03,트래블,3514249,커브드 라인 카고 스웨트 팬츠 차콜,0.0,0,44500,44500,44500,0,0,0.0,100.0,1,high,23.99,7,3,none,,9,https://www.musinsa.com/products/3514249
2026-09-03,제멋,3516233,로그 오버핏 투웨이 기모 후드집업 6종 다크네이비 YHHD2462,0.0,0,42900,42900,42900,0,0,0.0,100.0,1,high,24.02,7,3,none,,9,https://www.musinsa.com/products/3516233
2026-09-03,999휴머니티,3520137,이지 팬츠 버전2 (그레비티 그레이),0.0,0,168000,168000,168000,0,0,0.0,100.0,1,high,24.45,5,2,none,,9,https://www.musinsa.com/products/3520137
2026-09-03,데비웨어,3522057,컴피무브 조거 레깅스 DEVI-B0065-블랙,0.0,0,35120,35120,,0,,,9.85,0,low,7.07,2,1,none,,9,https://www.musinsa.com/products/3522057
2026-09-03,아틀리에나인,3525193,마틴 클래식 랩 미니 스커트S(SK-4881),0.0,0,107100,107100,107100,0,0,0.0,100.0,1,high,24.0,6,2,none,,9,https://www.musinsa.com/products/3525193
2026-09-03,그레이버,3534409,[UNISEX]빅 드로잉 레터 베어 맨투맨_블랙/퍼플 로고,0.0,0,46900,46900,,0,,,31.56,0,low,8.29,4,1,none,,9,https://www.musinsa.com/products/3534409
2026-09-03,파르티멘토우먼,3536073,로우라이즈 핀턱 부츠컷 진_카키,0.0,0,124200,124200,124200,0,0,0.0,100.0,1,high,24.23,5,2,none,,9,https://www.musinsa.com/products/3536073
2026-09-03,시야쥬,3536841,SIAC3032 말레30 스퀘어 레더 벨트_Black,0.0,0,60300,60300,60300,0,0,0.0,100.0,1,high,24.25,5,2,none,,9,https://www.musinsa.com/products/3536841
2026-09-03,게인스보로,3538057,레디투비 후드티_핑크/네이비,0.0,0,55300,55300,,0,,,25.2,0,low,12.7,3,1,none,,9,https://www.musinsa.com/products/3538057
2026-09-03,아티스트웨어,3538825,[ATW X 스트릿건즈] 로커빌리 와이드 조거팬츠,0.0,0,71100,71100,,0,,,25.2,0,low,12.7,3,1,none,,9,https://www.musinsa.com/products/3538825
2026-09-03,디미트리블랙,3539913,2WAY 헤비웨이트 케이블 니트 후드 집업_오트밀,0.0,0,40900,40900,40900,0,0,0.0,100.0,1,high,24.25,5,2,none,,9,https://www.musinsa.com/products/3539913
2026-09-03,더뮤지엄비지터,3543433,HAND PAINTED DENIM JACKET (PINK),0.0,0,161600,161600,161600,0,0,0.0,100.0,1,high,23.98,6,3,none,,9,https://www.musinsa.com/products/3543433
2026-09-03,썸웨어버터,3543817,fle backpack - vintage red,0.0,0,114240,114240,114240,0,0,0.0,100.0,1,high,24.0,7,3,none,,9,https://www.musinsa.com/products/3543817
2026-09-03,엘엠씨,3548617,HAIRY KNIT COLLAR SWEATER gray,0.0,0,64500,64500,,0,,,18.49,0,low,6.28,2,1,none,,9,https://www.musinsa.com/products/3548617
2026-09-03,제멋,3551177,헤븐 투웨이 테리 후드집업 8종 다크그린 KJHD2523,0.0,0,37900,37900,37900,0,0,0.0,98.16,0,low,15.99,6,2,none,,9,https://www.musinsa.com/products/3551177
2026-09-03,아틀리에나인,3551241,콜린 셋업 트위드 미니 스커트(SK-4837),0.0,0,80100,80100,80100,0,0,0.0,100.0,1,high,24.0,6,2,none,,9,https://www.musinsa.com/products/3551241
2026-09-03,드로우핏우먼,3552585,소프트 캐시미어 싱글 발마칸 코트 [BLACK],0.0,0,246400,246400,246400,0,0,0.0,26.61,0,low,23.99,6,1,none,,9,https://www.musinsa.com/products/3552585
2026-09-03,파르티멘토우먼,3558025,리벳 스트레이트 진_라이트 블루,0.0,0,124200,124200,124200,0,0,0.0,100.0,1,high,24.23,5,2,none,,9,https://www.musinsa.com/products/3558025
2026-09-03,브라운야드,3565321,"뉴스탠다드 데님, 라이트 블루",0.0,0,198000,198000,198000,0,0,0.0,100.0,1,high,24.0,7,3,none,,9,https://www.musinsa.com/products/3565321
2026-09-03,스컬프터,3566985,Boucle Knit Zip-Up Avocado,0.0,0,54880,54880,54880,0,0,0.0,100.0,1,high,23.98,6,3,none,,9,https://www.musinsa.com/products/3566985
2026-09-03,아메스월드와이드,3568329,SYMBOL LOGO EMBROIDERY HOODIE GREY (AM2DFUM408A),0.0,0,27600,27600,27600,0,0,0.0,100.0,1,high,24.23,5,2,none,,9,https://www.musinsa.com/products/3568329
2026-09-03,퍼스텝,3571145,에어필드 헤비웨이트 후드 카키 JUHD4586,0.0,0,55900,55900,,0,,,9.83,0,low,7.06,2,1,none,,9,https://www.musinsa.com/products/3571145
2026-09-03,어반드레스,3575433,Side Big Cargo Pants VINTAGE PINK,0.91,48175,52800,52800,52800,0,0,0.0,31.54,0,low,8.3,9,1,none,,9,https://www.musinsa.com/products/3575433
2026-09-03,해칭룸,3578505,Reversible Jersey Vest Olive Grey,0.0,0,142400,142400,142400,0,0,0.0,90.18,0,low,24.23,4,1,none,,9,https://www.musinsa.com/products/3578505
2026-09-03,퍼스텝,3581897,유틸리티 빌드업 카고 팬츠 카키 SMLP4575,0.0,0,68900,68900,,0,,,9.82,0,low,7.06,2,1,none,,9,https://www.musinsa.com/products/3581897
2026-09-03,와이케이,3583753,돌핀 부클 니트 블루,0.0,0,63700,63700,63700,0,0,0.0,100.0,1,high,24.0,7,3,none,,9,https://www.musinsa.com/products/3583753
2026-09-03,키뮤어,3585225,코듀로이 헤링턴 RDS 다운점퍼_네이비,0.91,199787,219000,219000,209000,1,10000,4.78,31.53,0,low,8.3,5,1,none,,9,https://www.musinsa.com/products/3585225
2026-09-03,제멋,3589961,위크 카고 스웨트팬츠 6종 카키 KJLP2522,0.91,32747,35900,35900,35900,0,0,0.0,100.0,1,high,24.02,7,3,none,,9,https://www.musinsa.com/products/3589961
2026-09-03,플랙,3597001,유니 컬러 포인트 윈드브레이커 네이버,0.0,0,159000,159000,159000,0,0,0.0,100.0,1,high,24.26,5,2,none,,9,https://www.musinsa.com/products/3597001
2026-09-03,어반드레스,3599305,Ant Waist Collar Knit MELANGE,0.0,0,36000,36000,36000,0,0,0.0,100.0,1,high,24.02,7,3,none,,9,https://www.musinsa.com/products/3599305
2026-09-03,어반드레스,3599369,Noga Shoulder Cut-out Knit IVORY,0.0,0,44250,44250,44250,0,0,0.0,100.0,1,high,24.02,7,3,none,,9,https://www.musinsa.com/products/3599369
2026-09-03,어반드레스,3599497,POCKET MINI SUEDE PLEATS SKIRT BROWN,0.0,0,18340,18340,18340,0,0,0.0,100.0,1,high,24.02,7,3,none,,9,https://www.musinsa.com/products/3599497
2026-09-03,어반드레스,3599561,클래식 투턱 와이드 슬랙스 차콜,0.0,0,29500,29500,29500,0,0,0.0,100.0,1,high,24.02,7,3,none,,9,https://www.musinsa.com/products/3599561
2026-09-03,코드그라피,3603209,WAVE 로고 헤어리 웜 풀오버 니트_블루,0.0,0,39600,39600,39600,0,0,0.0,81.53,0,low,25.14,4,1,none,,9,https://www.musinsa.com/products/3603209
2026-09-03,카멜워크,3607177,CCC 핸드 프린팅 스웨트셔츠(애쉬그레이),0.0,0,14400,14400,,0,,,27.75,0,low,10.31,3,1,none,,9,https://www.musinsa.com/products/3607177
2026-09-03,로라로라,3610377,CABLE COLLAR KNIT CARDIGAN IVORY,0.0,0,65400,65400,,0,,,27.75,0,low,10.31,3,1,none,,9,https://www.musinsa.com/products/3610377
2026-09-03,어반드레스,3611977,UNISEX AV OVERSIZED ZIP-UP PIGMENT BLACK,0.0,0,44500,44500,44500,0,0,0.0,100.0,1,high,24.02,7,3,none,,9,https://www.musinsa.com/products/3611977
2026-09-03,어반드레스,3612105,Side-line Wide Pants GREY,0.0,0,66750,66750,66750,0,0,0.0,100.0,1,high,24.02,7,3,none,,9,https://www.musinsa.com/products/3612105
2026-09-03,후드후드,3614025,에일리언 유니버스 아트웍 오버핏 맨투맨 샌드베이지,0.0,0,27600,27600,27600,0,0,0.0,81.53,0,low,25.14,4,1,none,,9,https://www.musinsa.com/products/3614025
2026-09-03,론론,3619913,V NECK SLIM LONG SLEEVE RED,0.0,0,39600,39600,44550,1,-4950,-11.11,100.0,1,medium,24.02,7,3,none,,9,https://www.musinsa.com/products/3619913
2026-09-03,어반에이지,3620489,[2PACK] 베이직 조거 트레이닝 팬츠 (4 Colors),0.0,0,42800,42800,,0,,,27.74,0,low,10.31,3,1,none,,9,https://www.musinsa.com/products/3620489
2026-09-03,모즈모즈,3622281,벌룬로고 부클자수 오버핏 기모후드 그레이,0.0,0,50400,50400,50400,0,0,0.0,100.0,1,high,24.46,5,2,none,,9,https://www.musinsa.com/products/3622281
2026-09-03,바이젝,3629833,헤비기모 무지 오버핏 후드티_3Color,0.0,0,72000,72000,72000,0,0,0.0,100.0,1,high,24.26,5,2,none,,9,https://www.musinsa.com/products/3629833
2026-09-03,라이프워크,3630537,여성) LW3 코듀로이 다트 벌룬 팬츠,0.0,0,79000,79000,,0,,,31.5,0,low,8.3,4,1,none,,9,https://www.musinsa.com/products/3630537
2026-09-03,커버낫,3633673,미드 기장 후드 퍼 다운 점퍼 블랙,0.0,0,215400,215400,215400,0,0,0.0,100.0,1,high,24.26,5,2,none,,9,https://www.musinsa.com/products/3633673
2026-09-03,트리밍버드,3639497,Scratch Damage Denim Pants [ Black ],0.0,0,189000,189000,189000,0,0,0.0,100.0,1,high,24.02,7,3,none,,9,https://www.musinsa.com/products/3639497
2026-09-03,트리밍버드,3639561,Denim Cargo Pants [ Black ],0.0,0,109500,109500,109500,0,0,0.0,100.0,1,high,24.02,7,3,none,,9,https://www.musinsa.com/products/3639561
2026-09-03,레더리,3640073,릴렉시드 니트 바라클라바 [BLACK],0.0,0,34200,34200,34200,0,0,0.0,90.2,0,low,24.23,4,1,none,,9,https://www.musinsa.com/products/3640073
2026-09-03,필루미네이트,3640649,오버핏 시노그래프 래글런 후디-브라운,0.0,0,34000,34000,34000,0,0,0.0,100.0,1,high,24.0,7,3,none,,9,https://www.musinsa.com/products/3640649
2026-09-03,데비웨어,3640969,릴리즈 꼬임 롱슬리브 DEVI-T0095-화이트,0.0,0,19950,19950,,0,,,9.8,0,low,7.06,2,1,none,,9,https://www.musinsa.com/products/3640969
2026-09-03,필루미네이트,3641033,오버핏 아카이브 시노그래프 후디-블랙,0.0,0,21900,21900,21900,0,0,0.0,100.0,1,high,24.0,7,3,none,,9,https://www.musinsa.com/products/3641033
2026-09-03,트리밍버드,3646665,Scarf Shirring Long One-Piece [ Black ],0.0,0,144500,144500,144500,0,0,0.0,100.0,1,high,24.02,7,3,none,,9,https://www.musinsa.com/products/3646665
2026-09-03,드로우핏우먼,3650057,볼드 리브드 울 니트 레그워머 [BLACK],0.0,0,28080,28080,28080,0,0,0.0,100.0,1,high,23.99,7,3,none,,9,https://www.musinsa.com/products/3650057
2026-09-03,트릴리온,3650953,에센셜 세미 와이드 슬랙스 (BROWN),4.65,118112,25400,25400,25400,0,0,0.0,100.0,1,low,24.23,10,2,none,,9,https://www.musinsa.com/products/3650953
2026-09-03,원헌드레드퍼센트,3653065,OHP X HARMONIA 캣스키아 베이직 헤비 맨투맨,0.0,0,88200,88200,,0,,,9.8,0,low,7.06,2,1,none,,9,https://www.musinsa.com/products/3653065
2026-09-03,러브이즈트루,3654281,AM NYLON TUCK BOOTSCUT PANTS(GRAY),0.0,0,83600,83600,83600,0,0,0.0,100.0,1,high,24.0,7,3,none,,9,https://www.musinsa.com/products/3654281
2026-09-03,그레이버,3654601,[UNISEX]플라워도트 로고 스마일 맨투맨_그레이,0.0,0,38400,38400,,0,,,31.48,0,low,8.3,4,1,none,,9,https://www.musinsa.com/products/3654601
2026-09-03,킴지수,3658121,DOZI - Satin Leopard Dress _ Lime,0.0,0,208600,208600,,0,,,9.8,0,low,7.06,2,1,none,,9,https://www.musinsa.com/products/3658121
2026-09-03,그레이버,3659017,[UNISEX]핑크플라워 스마일  자수 후드집업_블랙,0.0,0,53400,53400,,0,,,31.48,0,low,8.3,4,1,none,,9,https://www.musinsa.com/products/3659017
2026-09-03,그레이버,3659273,[UNISEX]엘보우 핑크플라워도트 맨투맨_멜란지화이트,0.0,0,40200,40200,,0,,,31.47,0,low,8.3,4,1,none,,9,https://www.musinsa.com/products/3659273
2026-09-03,플랙,3661897,RWS 울 라운드 넥 니트 차콜,0.0,0,89000,89000,89000,0,0,0.0,100.0,1,high,24.27,5,2,none,,9,https://www.musinsa.com/products/3661897
2026-09-03,그레이버,3662153,[UNISEX]백 데이지플라워 스마일 맨투맨_네이비,0.0,0,40200,40200,,0,,,31.47,0,low,8.3,4,1,none,,9,https://www.musinsa.com/products/3662153
2026-09-03,미니멀프로젝트,3663497,와이드 카고 포켓 코듀로이 팬츠 MPT116 [BLACK],0.0,0,58900,58900,,0,,,27.74,0,low,10.31,3,1,none,,9,https://www.musinsa.com/products/3663497
2026-09-03,더블유엠씨,3669449,크랙워싱 트러커_BLACK,0.0,0,76050,76050,76050,0,0,0.0,100.0,1,high,24.0,7,3,none,,9,https://www.musinsa.com/products/3669449
2026-09-03,슬로우레코드하우스,3675209,올데이 나일론 셔츠_라이트그레이,0.0,0,55000,55000,,0,,,18.46,0,low,6.28,2,1,none,,9,https://www.musinsa.com/products/3675209
2026-09-03,매스노운,3688841,M51 TREE CAMO STRING CARGO PANTS MFHCP004-KK,0.0,0,109000,109000,,0,,,18.45,0,low,6.28,2,1,none,,9,https://www.musinsa.com/products/3688841
2026-09-03,원헌드레드퍼센트,3691081,OHP X MOAI 브레이크타임 no.2 기모 맨투맨p,0.0,0,54000,54000,,0,,,9.78,0,low,7.06,2,1,none,,9,https://www.musinsa.com/products/3691081
2026-09-03,시눈,3700489,HAIRY COZY MUFFLER (LIGHT BEIGE),0.0,0,22580,22580,22580,0,0,0.0,100.0,1,high,24.46,5,2,none,,9,https://www.musinsa.com/products/3700489
2026-09-03,코드그라피,3710729,케이블 이중우수 풀오버 니트_빈티지블루,0.0,0,62300,62300,62300,0,0,0.0,81.55,0,low,25.15,4,1,none,,9,https://www.musinsa.com/products/3710729
2026-09-03,라티젠,3718217,L7 PARIS SWEATSHIRT(GRAY),0.0,0,47400,47400,,0,,,27.73,0,low,10.31,3,1,none,,9,https://www.musinsa.com/products/3718217
2026-09-03,데비웨어,3732233,글램 홀터넥 브라탑 DEVI-TS0045-화이트,0.0,0,25650,25650,,0,,,9.77,0,low,7.06,2,1,none,,9,https://www.musinsa.com/products/3732233
2026-09-03,로제프란츠,3737993,Velvet Ribbon Hoodie [Black],0.78,25342,32560,32560,32560,0,0,0.0,81.55,0,low,25.15,4,1,none,,9,https://www.musinsa.com/products/3737993
2026-09-03,밀로아카이브,3744393,소프트 패치 니트 머플러 [머스타드],0.0,0,26500,26500,26500,0,0,0.0,90.23,0,low,24.0,7,3,none,,9,https://www.musinsa.com/products/3744393
2026-09-03,그레이버,3754889,[UNISEX]멀티 클로버 스마일 드로잉 맨투맨_그레이,0.0,0,46900,46900,,0,,,31.45,0,low,8.3,4,1,none,,9,https://www.musinsa.com/products/3754889
2026-09-03,원헌드레드퍼센트,3766665,OHP X HARMONIA 위너스 기모 맨투맨,0.0,0,54000,54000,,0,,,9.76,0,low,7.06,2,1,none,,9,https://www.musinsa.com/products/3766665
2026-09-03,라티젠,3769417,LR JADORE KNIT(BLACK),0.0,0,38880,38880,,0,,,27.71,0,low,10.31,3,1,none,,9,https://www.musinsa.com/products/3769417
2026-09-03,제너럴아이디어,3769865,보트넥 링클 크롭 티셔츠 [BLACK] / WBD1L01504,0.0,0,24700,24700,24700,0,0,0.0,100.0,1,high,23.98,6,3,none,,9,https://www.musinsa.com/products/3769865
2026-09-03,엔와이엑스엑스,3772105,BASIC KNITTED POLO SHIRT YELLOW,0.0,0,35600,35600,,0,,,31.45,0,low,8.3,4,1,none,,9,https://www.musinsa.com/products/3772105
2026-09-03,아티스트웨어,3773641,[ATW] 세이버 와이드 조거팬츠,0.0,0,55300,55300,,0,,,25.17,0,low,12.7,3,1,none,,9,https://www.musinsa.com/products/3773641
2026-09-03,커버낫,3773897,헤링본 후디 집업 네이비,0.0,0,54500,54500,54500,0,0,0.0,100.0,1,high,24.27,5,2,none,,9,https://www.musinsa.com/products/3773897
2026-09-03,디키즈,3776137,아이젠하워 레귤러핏 재킷 Black,0.7,88172,125100,125100,,0,,,18.44,0,low,6.28,4,1,none,1,9,https://www.musinsa.com/products/3776137
2026-09-03,맥우드건,3777865,헤드웨어 9305 콜라주 프린트 컬러 캠프캡,0.0,0,13800,13800,,0,,,31.44,0,low,8.3,4,1,none,,9,https://www.musinsa.com/products/3777865
2026-09-03,더콜디스트모먼트,3778505,TCM pioneer raglan hoodie (black/charcoal),0.0,0,44500,44500,,0,,,25.17,0,low,12.7,3,1,none,,9,https://www.musinsa.com/products/3778505
2026-09-03,카비시,3779337,LIGHT SHELL WIND BREAKER GREEN(CV2ESUB960A),0.0,0,74500,74500,,0,,,18.43,0,low,6.28,2,1,none,,9,https://www.musinsa.com/products/3779337
2026-09-03,드로우핏우먼,3783561,셔링 집업 윈드브레이커 [WHITE],0.0,0,69760,69760,68670,1,1090,1.59,100.0,1,medium,23.99,7,3,none,,9,https://www.musinsa.com/products/3783561
2026-09-03,글로니,3784201,G CLASSIC COTTON TWILL SHIRT (WHITE),0.0,0,93240,93240,93240,0,0,0.0,100.0,1,high,24.02,7,3,none,,9,https://www.musinsa.com/products/3784201
2026-09-03,어반드레스,3785097,Rne Big Pocket Pants DARK GREY,0.0,0,44400,44400,44400,0,0,0.0,100.0,1,high,24.02,7,3,none,,9,https://www.musinsa.com/products/3785097
2026-09-03,브라운브레스,3786249,TAG SPREAD BANDING PANTS - BLUE,0.0,0,62300,62300,62300,0,0,0.0,100.0,1,high,23.99,7,3,none,,9,https://www.musinsa.com/products/3786249
2026-09-03,더뮤지엄비지터,3786505,STAR DAMAGED BOOTSCUT DENIM PANTS (LIGHT BLUE),0.0,0,89200,89200,89200,0,0,0.0,100.0,1,high,23.98,6,3,none,,9,https://www.musinsa.com/products/3786505
2026-09-03,꼬모니노즈,3787913,W ROUND NECK FULL ZIPUP KNIT [3 COLOR],0.0,0,43400,43400,,0,,,9.75,0,low,7.06,2,1,none,,9,https://www.musinsa.com/products/3787913
2026-09-03,엘무드,3788297,스톤 워시드 코튼 풀오버 니트 다크그레이,0.0,0,42700,42700,42700,0,0,0.0,100.0,1,high,24.27,5,2,none,,9,https://www.musinsa.com/products/3788297
2026-09-03,코드그라피,3790729,빅 캔버스 레터링 크로스백_2color,0.0,0,23710,23710,23710,0,0,0.0,81.58,0,low,25.15,4,1,none,,9,https://www.musinsa.com/products/3790729
2026-09-03,그레이버,3791369,[UNISEX]도트 스마일 스몰 밀크팩 맨투맨_크림,0.0,0,41600,41600,,0,,,31.43,0,low,8.3,4,1,none,,9,https://www.musinsa.com/products/3791369
2026-09-03,필루미네이트,3792585,필루미네이트 테디 베어 키링-3 Color,0.0,0,16000,16000,16000,0,0,0.0,100.0,1,high,24.0,7,3,none,,9,https://www.musinsa.com/products/3792585
2026-09-03,지프,3792777,[430g] 고중량 트랙 반집업 맨투맨 (JQ5TSU832BK),0.0,0,35100,35100,,0,,,31.43,0,low,8.3,5,1,none,,9,https://www.musinsa.com/products/3792777
2026-09-03,마인드브릿지,3796553,두굿_세미와이드 밴딩 슬랙스 - 5color MAPT01A3,3.82,129501,33910,33910,33910,0,0,0.0,100.0,1,high,9.52,22,6,none,,9,https://www.musinsa.com/products/3796553
2026-09-03,그레이버,3797513,[UNISEX]멀티 스마일 드로잉 후드티_그레이/블랙 로고,0.0,0,48000,48000,,0,,,31.42,0,low,8.3,4,1,none,,9,https://www.musinsa.com/products/3797513
2026-09-03,원헌드레드퍼센트,3797833,OHP X MOAI b어쎄신and걸 베이직 긴팔티셔츠,0.0,0,52200,52200,,0,,,9.75,0,low,7.06,2,1,none,,9,https://www.musinsa.com/products/3797833
2026-09-03,키르시,3799817,포켓 빈티지 스티치 포인트 더플백 [블랙],0.0,0,44500,44500,44500,0,0,0.0,100.0,1,high,24.27,5,2,none,,9,https://www.musinsa.com/products/3799817
2026-09-03,넌블랭크,3800585,[현킴 SET-UP] 세미 오버 핏 셋업 수트_BLACK,0.52,90454,174400,174400,174400,0,0,0.0,100.0,1,high,24.0,7,3,none,,9,https://www.musinsa.com/products/3800585
2026-09-03,커버낫,3801161,레트로 트랙 팬츠 네이비,0.0,0,49000,49000,49000,0,0,0.0,100.0,1,high,24.27,5,2,none,,9,https://www.musinsa.com/products/3801161
2026-09-03,트릴리온,3802505,워셔블 투 톤 후드 집업 그래픽 니트 (KHAKI),0.0,0,29990,29990,29990,0,0,0.0,90.26,0,low,24.24,4,1,none,,9,https://www.musinsa.com/products/3802505
2026-09-03,브이투,3804809,465-3 빈티지 코팅 레더 자켓_블랙,0.0,0,79600,79600,,0,,,18.41,0,low,6.27,2,1,none,,9,https://www.musinsa.com/products/3804809
2026-09-03,라이프워크,3805193,코마사 패턴 크루삭스,0.0,0,12900,12900,,0,,,31.42,0,low,8.3,4,1,none,,9,https://www.musinsa.com/products/3805193
2026-09-03,로템버,3807881,스페이 패널 헌팅 블루종 자켓 [KHAKI],0.0,0,170100,170100,170100,0,0,0.0,100.0,1,high,23.99,7,3,none,,9,https://www.musinsa.com/products/3807881
2026-09-03,그레이버,3808585,[UNISEX]플라워 하트 하프스마일 자수 후드티_그레이,0.0,0,48000,48000,,0,,,31.42,0,low,8.3,4,1,none,,9,https://www.musinsa.com/products/3808585
2026-09-03,기준,3811529,Drawing Sport Bag UNISEX Print Sky Blue,0.0,0,35200,35200,,0,,,9.74,0,low,7.06,2,1,none,,9,https://www.musinsa.com/products/3811529
2026-09-03,세컨모놀로그,3812105,Check Hooded Shirt [BRICKRED]_SESH012BRICKRED,0.0,0,61200,61200,50400,1,10800,21.43,100.0,1,medium,24.27,5,2,none,,9,https://www.musinsa.com/products/3812105
2026-09-03,데케트,3814985,Dawn Semi Wide Jeans DCPT002STNGRBlue,1.79,77568,43400,43400,43400,0,0,0.0,90.27,0,low,24.24,4,1,none,,9,https://www.musinsa.com/products/3814985
2026-09-03,커버낫,3815049,아치 로고 맨투맨 오트밀,0.0,0,47400,47400,47400,0,0,0.0,100.0,1,high,24.27,5,2,none,,9,https://www.musinsa.com/products/3815049
2026-09-03,드로우핏,3815305,오버사이즈 에센셜 스트라이프 셔츠 [BLUE],0.0,0,53100,53100,53100,0,0,0.0,81.59,0,low,25.15,4,1,none,,9,https://www.musinsa.com/products/3815305
2026-09-03,트리밍버드,3817353,Boat Neck Finger Hole Long Sleeve [ White ],0.02,1124,59000,59000,59000,0,0,0.0,100.0,1,high,24.02,7,3,none,,9,https://www.musinsa.com/products/3817353
2026-09-03,유니폼브릿지,3818313,stripe sleeve tee(womens) ivory,0.0,0,23710,23710,23710,0,0,0.0,100.0,1,high,23.98,6,3,none,,9,https://www.musinsa.com/products/3818313
2026-09-03,배드블러드,3821001,비욘드 소프트 후드 - 블랙,0.0,0,71200,71200,71200,0,0,0.0,100.0,1,high,24.02,7,3,none,,9,https://www.musinsa.com/products/3821001
2026-09-03,로라로라,3821705,[장원영 pick] V NECK BASIC CARDIGAN GRAY,0.0,0,62100,62100,,0,,,27.7,0,low,10.31,3,1,none,,9,https://www.musinsa.com/products/3821705
2026-09-03,시눈,3829961,PUFF BLOUSE (WHITE),0.0,0,64520,64520,64520,0,0,0.0,100.0,1,high,24.47,5,2,none,,9,https://www.musinsa.com/products/3829961
2026-09-03,커버낫,3830345,C 로고 스웻 쇼츠 그린,0.0,0,23900,23900,23900,0,0,0.0,100.0,1,high,24.27,5,2,none,,9,https://www.musinsa.com/products/3830345
2026-09-03,베이직하우스,3830409,UNI 베이직 스트레이트 팬츠 멜란지그레이 LYPT0101,0.0,0,24900,24900,,0,,,31.41,0,low,8.3,4,1,none,,9,https://www.musinsa.com/products/3830409
2026-09-03,노앙,3830729,STRIPE COTTON COLLAR KNIT STRIPE-RED,0.0,0,142800,142800,,0,,,18.4,0,low,6.27,2,1,none,,9,https://www.musinsa.com/products/3830729
2026-09-03,키르시,3833865,엠블럼 와펜 라운드넥 니트 [아이보리],0.0,0,44500,44500,44500,0,0,0.0,100.0,1,high,24.27,5,2,none,,9,https://www.musinsa.com/products/3833865
2026-09-03,핍스모터사이클,3838793,Speed Track nylon Long sleeve Beige,0.0,0,79900,79900,,0,,,9.71,0,low,7.06,2,1,none,,9,https://www.musinsa.com/products/3838793
2026-09-03,데케트,3839241,[2PACK]Deep Pleats Wide Jeans DCPT030,0.0,0,74400,74400,74400,0,0,0.0,90.29,0,low,24.24,4,1,none,,9,https://www.musinsa.com/products/3839241
2026-09-03,노이어,3839305,밴딩 와이드 트랙 팬츠 (블랙),0.0,0,105000,105000,105000,0,0,0.0,100.0,1,high,24.02,7,3,none,,9,https://www.musinsa.com/products/3839305
2026-09-03,노이어,3839625,디스트로이드 플레어 데님 팬츠 (빈티지블루),1.89,158370,83700,83700,83700,0,0,0.0,100.0,1,high,24.02,10,6,none,,9,https://www.musinsa.com/products/3839625
2026-09-03,노이어,3839753,럭스 코튼 클래식 가디건 (블랙),0.0,0,108000,108000,108000,0,0,0.0,100.0,1,high,24.02,7,3,none,,9,https://www.musinsa.com/products/3839753
2026-09-03,낫포너드,3840905,Nylon Big Pocket Parachute Pants - Black,0.0,0,39330,39330,39330,0,0,0.0,81.6,0,low,25.15,6,1,none,,9,https://www.musinsa.com/products/3840905
2026-09-03,코드그라피,3841161,유틸리티 나일론 후드 베스트_2COLOR,0.0,0,55300,55300,55300,0,0,0.0,81.61,0,low,25.15,4,1,none,,9,https://www.musinsa.com/products/3841161
2026-09-03,위캔더스,3844553,DRAGGY WORK PANTS (OLIVE),0.0,0,87080,87080,,0,,,18.39,0,low,6.27,2,1,none,,9,https://www.musinsa.com/products/3844553
2026-09-03,스컬프터,3845001,Cargo Zip-Up Dress Charcoal,0.0,0,89040,89040,89040,0,0,0.0,100.0,1,high,23.98,6,3,none,,9,https://www.musinsa.com/products/3845001
2026-09-03,트릴리온,3845705,스타 아플리케 데미지 워싱 데님 팬츠 (DEEP GREEN),0.0,0,29500,29500,29500,0,0,0.0,90.29,0,low,24.24,4,1,none,,9,https://www.musinsa.com/products/3845705
2026-09-03,와이케이,3846793,멀티 스트라이프 시스루 니트 퍼플,0.0,0,48100,48100,48100,0,0,0.0,100.0,1,high,24.0,7,3,none,,9,https://www.musinsa.com/products/3846793
2026-09-03,코드그라피,3847945,(우먼) 코튼 크롭 셔츠_화이트,0.0,0,17710,17710,17710,0,0,0.0,81.61,0,low,25.15,4,1,none,,9,https://www.musinsa.com/products/3847945
2026-09-03,테이크이지,3848649,우먼스 아플리케 와이드 팬츠(마린블루),0.39,6655,16900,16900,16900,0,0,0.0,100.0,1,high,24.28,5,2,none,,9,https://www.musinsa.com/products/3848649
2026-09-03,모즈모즈,3849225,액티브 로고 오버핏 반팔티셔츠 블랙,0.0,0,23800,23800,23800,0,0,0.0,100.0,1,high,24.47,5,2,none,,9,https://www.musinsa.com/products/3849225
2026-09-03,론론,3851913,BIG RIBBON LINE T SHIRT WHITE PINK,0.0,0,33840,33840,38070,1,-4230,-11.11,100.0,1,medium,24.02,7,3,none,,9,https://www.musinsa.com/products/3851913
2026-09-03,에이치덱스,3852617,우먼스 심볼 스퀘어넥 크롭 롱 슬리브 (Bone),0.0,0,33600,33600,33600,0,0,0.0,81.62,0,low,25.15,4,1,none,,9,https://www.musinsa.com/products/3852617
2026-09-03,나이스고스트클럽,3857545,FFATS PARACHUTE CARGO SHORTS_RED(NG2EMUPA61A),0.0,0,50040,50040,50040,0,0,0.0,100.0,1,high,24.0,7,3,none,,9,https://www.musinsa.com/products/3857545
2026-09-03,커스텀어클락,3858441,[리뉴얼ver.] 쿨 체크 숏 슬리브 셔츠 4 COLOR COOSSH191,3.21,62552,19500,19500,19500,0,0,0.0,35.26,0,low,5.86,21,3,none,,9,https://www.musinsa.com/products/3858441
2026-09-03,후드후드,3861513,데미지 스페이스 크래프트 후드 블랙,0.0,0,48060,48060,48060,0,0,0.0,81.62,0,low,25.15,4,1,none,,9,https://www.musinsa.com/products/3861513
2026-09-03,유희,3864713,LOGO LAYERED LONG SLEEVE BEIGE,0.0,0,29500,29500,,0,,,31.39,0,low,8.3,4,1,none,,9,https://www.musinsa.com/products/3864713
2026-09-03,예스아이씨,3864969,One Pocket Knitted V-Neck Vest Navy,0.0,0,57000,57000,,0,,,31.38,0,low,8.3,3,1,none,,9,https://www.musinsa.com/products/3864969
2026-09-03,베이직하우스,3867785,UNI 베이직 반팔 맨투맨 블랙 LYTS3101,0.0,0,19900,19900,,0,,,31.38,0,low,8.3,3,1,none,,9,https://www.musinsa.com/products/3867785
2026-09-03,프리즘웍스,3870089,BACKSATIN FATIGUE PANTS _ KHAKI BEIGE,0.0,0,76500,76500,76500,0,0,0.0,100.0,1,high,24.02,7,3,none,,9,https://www.musinsa.com/products/3870089
2026-09-03,프리즘웍스,3870153,OG VINTAGE DYEING SWEATSHIRT _ DARK GREEN,0.0,0,71100,71100,71100,0,0,0.0,100.0,1,high,24.02,7,3,none,,9,https://www.musinsa.com/products/3870153
2026-09-03,레이브,3870281,Washing Wide Denim Pants in Blue VJ4SL151-22,0.0,0,62100,62100,,0,,,9.7,0,low,7.06,2,1,none,,9,https://www.musinsa.com/products/3870281
2026-09-03,르바,3870921,Tweed Jacquard Round Knit - Natural,0.0,0,143500,143500,143500,0,0,0.0,81.63,0,low,25.15,4,1,none,,9,https://www.musinsa.com/products/3870921
2026-09-03,에이지오디,3871625,와이드 데님 팬츠 [크림],3.13,79216,25280,25280,25280,0,0,0.0,100.0,1,high,10.82,15,7,none,,9,https://www.musinsa.com/products/3871625
2026-09-03,그레이버,3874057,[UNISEX]블랙 오드플라워 자수 후드티_크림,0.0,0,56000,56000,,0,,,31.36,0,low,8.3,3,1,none,,9,https://www.musinsa.com/products/3874057
2026-09-03,라이크더모스트,3874121,러브 어웨이 슬림핏 라운드넥 핸드워머 긴팔티셔츠 [화이트],0.0,0,13900,13900,,0,,,18.36,0,low,6.27,2,1,none,,9,https://www.musinsa.com/products/3874121
2026-09-03,더뮤지엄비지터,3875273,WASHED DENIM MINIBAG (PINK BLUE),0.0,0,44400,44400,44400,0,0,0.0,100.0,1,high,23.98,6,3,none,,9,https://www.musinsa.com/products/3875273
2026-09-03,라이프워크,3876297,공용) 벤츄리 미니멀라독 숏팬츠,0.0,0,29000,29000,,0,,,31.36,0,low,8.3,3,1,none,,9,https://www.musinsa.com/products/3876297
2026-09-03,앤더슨벨,3880649,유니섹스 카모플라주 와플 티셔츠 atb1087u(SAND),0.0,0,95000,95000,,0,,,31.36,0,low,8.3,3,1,none,,9,https://www.musinsa.com/products/3880649
2026-09-03,오픈야드(오와이),3883977,HEART ODOLLY LONG SLEEVE-BLACK,0.0,0,37800,37800,,0,,,25.11,0,low,12.7,3,1,none,,9,https://www.musinsa.com/products/3883977
2026-09-03,마하그리드,3892617,BERMUDA CARGO DENIM SHORT LIGHT BLUE(MG2EMMD161A),0.0,0,76300,76300,,0,,,25.1,0,low,12.7,3,1,none,,9,https://www.musinsa.com/products/3892617
2026-09-03,마하그리드,3892681,SPLASH MAN TEE BLUE(MG2EMMT541A),0.0,0,19500,19500,,0,,,25.1,0,low,12.7,3,1,none,,9,https://www.musinsa.com/products/3892681
2026-09-03,드헤베,3893577,Haus Round Sweatshirt [White Melange],0.0,0,45140,45140,45140,0,0,0.0,81.64,0,low,25.15,4,1,none,,9,https://www.musinsa.com/products/3893577
2026-09-03,핍스모터사이클,3902089,Speed Track nylon T-shirt Navy,0.0,0,69000,69000,,0,,,9.68,0,low,7.06,2,1,none,,9,https://www.musinsa.com/products/3902089
2026-09-03,마인드브릿지우먼,3904137,[W]스티치배색그래픽티셔츠 - 2color MYTS3208,0.0,0,19900,19900,19900,0,0,0.0,100.0,1,high,24.0,6,2,none,,9,https://www.musinsa.com/products/3904137
2026-09-03,커버낫,3905033,C 로고 럭비 카라 하프 니트 라임,0.0,0,40100,40100,40100,0,0,0.0,100.0,1,high,24.28,5,2,none,,9,https://www.musinsa.com/products/3905033
2026-09-03,에스피오나지,3905801,Light Roadrunner Shorts Black,0.0,0,48000,48000,48000,0,0,0.0,100.0,1,high,24.02,7,3,none,,9,https://www.musinsa.com/products/3905801
2026-09-03,마인드브릿지,3906185,[COUTURE]오버핏셔츠 - 2color MYWS3170,0.0,0,29900,29900,29900,0,0,0.0,90.32,0,low,24.25,4,1,none,,9,https://www.musinsa.com/products/3906185
2026-09-03,하이스쿨디스코,3907273,레이스 트레이닝 스웻팬츠 스카이블루,0.0,0,60480,60480,,0,,,31.35,0,low,8.3,3,1,none,,9,https://www.musinsa.com/products/3907273
2026-09-03,디키즈,3909321,빅로고 워시드 볼캡 Mix,0.0,0,58950,58950,,0,,,18.36,0,low,6.27,2,1,none,,9,https://www.musinsa.com/products/3909321
2026-09-03,인사일런스,3910921,포그 스트럭처 자켓 GREY,0.0,0,118440,118440,118440,0,0,0.0,100.0,1,high,24.28,5,2,none,,9,https://www.musinsa.com/products/3910921
2026-09-03,999휴머니티,3911945,EVD 후디 (페이디드 올리브),0.0,0,128000,128000,128000,0,0,0.0,100.0,1,high,24.48,5,2,none,,9,https://www.musinsa.com/products/3911945
2026-09-03,언노운플라넷,3917385,플라넷 니트 숄더백 블랙,0.0,0,25200,25200,,0,,,9.67,0,low,7.06,2,1,none,,9,https://www.musinsa.com/products/3917385
2026-09-03,디스이즈네버댓,3920585,SUPPLEX® Long Bill Bucket Hat Deep Green,0.0,0,19600,19600,19600,0,0,0.0,100.0,1,high,24.29,5,2,none,,9,https://www.musinsa.com/products/3920585
2026-09-03,링서울,3921865,tencel blended round top-black,0.0,0,23550,23550,26490,1,-2940,-11.1,100.0,1,medium,24.0,7,3,none,,9,https://www.musinsa.com/products/3921865
2026-09-03,디키즈,3922889,제이미 포이 루즈핏 팬츠 Black,0.0,0,56070,56070,,0,,,18.35,0,low,6.27,2,1,none,,9,https://www.musinsa.com/products/3922889
2026-09-03,드헤베,3932233,Camila Tie Silky Blouse [Pink],0.0,0,68090,68090,68090,0,0,0.0,81.65,0,low,25.16,4,1,none,,9,https://www.musinsa.com/products/3932233
2026-09-03,킴지수,3934345,Velvet print Oversized T-Shirt _ YELLOW,0.0,0,42900,42900,,0,,,9.67,0,low,7.06,2,1,none,,9,https://www.musinsa.com/products/3934345
2026-09-03,마인드브릿지우먼,3934729,[W][쿨]슬림테이퍼드밴딩슬랙스 - 2color MYPT3201,0.0,0,29900,29900,29900,0,0,0.0,100.0,1,high,24.0,6,2,none,,9,https://www.musinsa.com/products/3934729
2026-09-03,킴지수,3934921,Detachable Sleeve One Shoulder Top _ PINK,0.0,0,86900,86900,,0,,,9.66,0,low,7.06,2,1,none,,9,https://www.musinsa.com/products/3934921
2026-09-03,소버먼트,3936393,950G 솔리드 맨투맨-수프 베이지-[오버핏],0.0,0,33600,33600,33600,0,0,0.0,100.0,1,high,24.0,7,3,none,,9,https://www.musinsa.com/products/3936393
2026-09-03,프렌다,3939337,P LOGO PATCH STRIPE LONG SLEEVE KNIT WHITE,0.0,0,43600,43600,54500,1,-10900,-20.0,100.0,1,medium,23.99,7,3,none,,9,https://www.musinsa.com/products/3939337
2026-09-03,바우프,3939913,B 패치 반팔 크롭티 [화이트],0.0,0,44250,44250,44250,0,0,0.0,81.66,0,low,25.16,4,1,none,,9,https://www.musinsa.com/products/3939913
2026-09-03,노앙,3940425,TERRY SHORT SLEEVE SHIRT WHITE,0.0,0,118800,118800,,0,,,18.34,0,low,6.27,2,1,none,,9,https://www.musinsa.com/products/3940425
2026-09-03,디키즈,3940937,우먼스 엘리자빌 스커트 Whitecap Gray,0.0,0,50400,50400,,0,,,18.34,0,low,6.27,2,1,none,,9,https://www.musinsa.com/products/3940937
2026-09-03,디키즈,3941001,우먼스 메이플 벨리 크롭 티셔츠 Cosmic Sky,0.0,0,33300,33300,,0,,,18.34,0,low,6.27,2,1,none,,9,https://www.musinsa.com/products/3941001
2026-09-03,코드그라피,3947657,CGP 로고 배색 반팔 니트_블랙,0.0,0,22210,22210,22210,0,0,0.0,81.66,0,low,25.16,4,1,none,,9,https://www.musinsa.com/products/3947657
2026-09-03,아티스트웨어,3950985,[ATW X 마더버드] 커밍인포굿 맨투맨,0.0,0,63200,63200,,0,,,25.09,0,low,12.7,3,1,none,,9,https://www.musinsa.com/products/3950985
2026-09-03,벤힛,3952521,NOTHING 자카드 니트 하프티[IVORY],0.0,0,38220,38220,,0,,,18.33,0,low,6.26,2,1,none,,9,https://www.musinsa.com/products/3952521
2026-09-03,커버낫,3972937,트로피컬 로고 티셔츠 라이트 핑크,0.0,0,22050,22050,22050,0,0,0.0,100.0,1,high,24.29,5,2,none,,9,https://www.musinsa.com/products/3972937
2026-09-03,메인부스,3980937,Tropicana Phone Case,0.0,0,19800,19800,19800,0,0,0.0,81.67,0,low,25.16,4,1,none,,9,https://www.musinsa.com/products/3980937
2026-09-03,더콜디스트모먼트,3982665,TCM engine T (white),0.0,0,22500,22500,,0,,,25.08,0,low,12.7,3,1,none,,9,https://www.musinsa.com/products/3982665
2026-09-03,어반에이지,3983241,어센틱 워싱 데님 트러커 자켓_다크블루,0.0,0,39990,39990,,0,,,27.64,0,low,10.31,3,1,none,,9,https://www.musinsa.com/products/3983241
2026-09-03,드로우핏우먼,3984009,플라워 패치 수피마 반팔 티셔츠 [BLACK],0.0,0,31680,31680,31680,0,0,0.0,100.0,1,high,23.99,7,3,none,,9,https://www.musinsa.com/products/3984009
2026-09-03,원헌드레드퍼센트,3986377,OHPxGOODD b드로잉 빅캣 세미오버 반팔티m,0.0,0,37100,37100,,0,,,9.64,0,low,7.05,2,1,none,,9,https://www.musinsa.com/products/3986377
2026-09-03,아메스월드와이드,3988745,WIDE BELTED POCKET BAG GREEN (AM2ESUAB45A),0.0,0,55600,55600,55600,0,0,0.0,100.0,1,high,24.25,5,2,none,,9,https://www.musinsa.com/products/3988745
2026-09-03,마인드브릿지우먼,3989257,[ON][W]골지 민소매 티셔츠 - 5color,0.0,0,19900,19900,19900,0,0,0.0,100.0,1,high,24.0,6,2,none,,9,https://www.musinsa.com/products/3989257
2026-09-03,마인드브릿지,3989385,엑스트라와이드워싱데님팬츠 MYDP6155,0.0,0,19900,19900,19900,0,0,0.0,90.36,0,low,24.25,4,1,none,,9,https://www.musinsa.com/products/3989385
2026-09-03,어나더오피스,3990665,Habana Banded Slacks (Dark Khaki),0.0,0,132000,132000,132000,0,0,0.0,81.68,0,low,24.02,6,3,none,,9,https://www.musinsa.com/products/3990665
2026-09-03,맥우드건,3995913,페이트로 7609 도밍고워시 와이드핏 미디움인디고 데님팬츠,0.0,0,32800,32800,,0,,,31.3,0,low,8.3,3,1,none,,9,https://www.musinsa.com/products/3995913
2026-09-03,아웃스탠딩,3997257,A-2 BELTED SHORTS_CAMO,0.0,0,61200,61200,61200,0,0,0.0,85.81,0,low,13.96,6,2,none,,9,https://www.musinsa.com/products/3997257
2026-09-03,시눈,3997641,Rabbit Tie Dress (Beige),0.0,0,89720,89720,89720,0,0,0.0,100.0,1,high,24.48,5,2,none,,9,https://www.musinsa.com/products/3997641
2026-09-03,키르시,3997897,레이어드 후드 우븐 드레스 [블랙],0.0,0,69500,69500,69500,0,0,0.0,100.0,1,high,24.3,5,2,none,,9,https://www.musinsa.com/products/3997897
2026-09-03,아웃스탠딩,3998025,V.S.C TEE(NEWPORT)_1%OATMEAL,0.0,0,38700,38700,38700,0,0,0.0,85.81,0,low,13.97,6,2,none,,9,https://www.musinsa.com/products/3998025
2026-09-03,아웃스탠딩,4000073,CHAIN STITCH OPEN COLLAR HALF SHIRT_PINK,0.0,0,66600,66600,66600,0,0,0.0,100.0,1,high,23.98,6,3,none,,9,https://www.musinsa.com/products/4000073
2026-09-03,스컬프터,4001865,Flocking Symbol Logo Tee White,0.0,0,19600,19600,19600,0,0,0.0,100.0,1,high,23.98,6,3,none,,9,https://www.musinsa.com/products/4001865
2026-09-03,1993스튜디오,4008265,오리지널 스웨트 숏 스커트_라이트그레이,0.0,0,9300,9300,24500,1,-15200,-62.04,100.0,1,medium,24.3,5,2,none,,9,https://www.musinsa.com/products/4008265
2026-09-03,유라고,4010249,Aqua straight denim pants,0.0,0,65360,65360,65360,0,0,0.0,100.0,1,high,24.48,5,2,none,,9,https://www.musinsa.com/products/4010249
2026-09-03,스컬프터,4012745,Archive Pigment Baby Tee Dusty Brown,2.14,50390,23588,27440,27440,0,0,0.0,100.0,1,high,23.98,17,7,none,,9,https://www.musinsa.com/products/4012745
2026-09-03,제멋,4019081,[2PACK] 플레시 썸머 피그먼트 하프팬츠 6종 2PACK SOSP2563,0.0,0,39800,39800,39800,0,0,0.0,100.0,1,high,24.02,7,3,none,,9,https://www.musinsa.com/products/4019081
2026-09-03,엘리메노,4019593,EL 데이지 반팔티셔츠 블랙,0.0,0,24500,24500,,0,,,18.31,0,low,6.26,2,1,none,,9,https://www.musinsa.com/products/4019593
2026-09-03,엘리메노,4019721,EL 낫배드 반팔티셔츠 멜란지,0.0,0,20900,20900,,0,,,18.31,0,low,6.26,2,1,none,,9,https://www.musinsa.com/products/4019721
2026-09-03,드로우핏우먼,4021001,플라워 자카드 퍼프 반팔 니트 [NAVY],0.0,0,44640,44640,43400,1,1240,2.86,100.0,1,medium,23.99,7,3,none,,9,https://www.musinsa.com/products/4021001
2026-09-03,루에브르,4021833,Cropped See-Through Cardigan SK4MD775_2color,0.0,0,109000,109000,109000,0,0,0.0,100.0,1,high,23.99,7,3,none,,9,https://www.musinsa.com/products/4021833
2026-09-03,커버낫,4024713,메쉬 선셋 보트 티셔츠 베이지,0.0,0,41400,41400,41400,0,0,0.0,100.0,1,high,24.3,5,2,none,,9,https://www.musinsa.com/products/4024713
2026-09-03,코드그라피,4024777,(우먼) WAVE 로고 심볼 케이블 카라 반팔 니트_네이비,0.0,0,19200,19200,19200,0,0,0.0,81.69,0,low,25.16,4,1,none,,9,https://www.musinsa.com/products/4024777
2026-09-03,코드그라피,4025545,(우먼) COOL 오픈 카라 반팔 스트링 셔츠_스카이블루,0.0,0,17710,17710,17710,0,0,0.0,81.7,0,low,25.16,4,1,none,,9,https://www.musinsa.com/products/4025545
2026-09-03,그레이버,4030793,[UNISEX]원사이드 화이트 플라워 스마일 반팔티_블랙,0.0,0,27820,27820,,0,,,31.29,0,low,8.3,3,1,none,,9,https://www.musinsa.com/products/4030793
2026-09-03,라티젠,4030857,L11 SHIRRING NYLON PANTS(WHITE),0.0,0,76800,76800,,0,,,27.61,0,low,10.31,3,1,none,,9,https://www.musinsa.com/products/4030857
2026-09-03,데케트,4031305,Cotton 2Pleats Shorts DCPT041Khaki,0.0,0,23600,23600,23600,0,0,0.0,90.37,0,low,24.25,4,1,none,,9,https://www.musinsa.com/products/4031305
2026-09-03,니티드,4035529,린넨 케이블 카라 하프 니트 BLACK,0.0,0,28500,28500,28500,0,0,0.0,81.7,0,low,25.16,4,1,none,,9,https://www.musinsa.com/products/4035529
2026-09-03,브라운야드,4036041,"버튼 다운 셔츠, 다크 네이비",0.0,0,148000,148000,148000,0,0,0.0,100.0,1,high,24.0,7,3,none,,9,https://www.musinsa.com/products/4036041
2026-09-03,드로우핏,4041033,[서강준 PICK] 실켓 코튼 U넥 티셔츠 [WHITE],4.68,138874,29700,29700,29700,0,0,0.0,100.0,1,low,25.16,17,2,none,,9,https://www.musinsa.com/products/4041033
2026-09-03,기준,4042057,Shirring Full Skirt Black,0.0,0,126720,126720,,0,,,9.62,0,low,7.05,2,1,none,,9,https://www.musinsa.com/products/4042057
2026-09-03,어반드레스,4045065,See-through V-neck Collar knit - 4COL,0.0,0,31500,31500,31500,0,0,0.0,100.0,1,high,24.02,7,3,none,,9,https://www.musinsa.com/products/4045065
2026-09-03,브라운야드,4045897,"W 버뮤다 데님 팬츠, 블랙",0.0,0,74000,74000,74000,0,0,0.0,100.0,1,high,24.0,7,3,none,,9,https://www.musinsa.com/products/4045897
2026-09-03,파르티멘토우먼,4046537,글로시 이지 트라우저_브라운,0.0,0,51200,51200,57600,1,-6400,-11.11,100.0,1,medium,24.25,5,2,none,,9,https://www.musinsa.com/products/4046537
2026-09-03,그레이버,4049737,[UNISEX]원사이드 TYL 하트 스마일 반팔티_화이트,0.0,0,27820,27820,,0,,,31.28,0,low,8.3,3,1,none,,9,https://www.musinsa.com/products/4049737
2026-09-03,필루미네이트,4051273,유니버셜 라운드 티셔츠-4Color,0.0,0,18000,18000,18000,0,0,0.0,100.0,1,high,24.0,7,3,none,,9,https://www.musinsa.com/products/4051273
2026-09-03,튜드먼트,4053321,FOUR BUTTON SINGLE JACKET BEIGE,0.0,0,124500,124500,,0,,,27.59,0,low,10.31,3,1,none,,9,https://www.musinsa.com/products/4053321
2026-09-03,아캄,4056009,Logo Patch Ringer Top (Pink),0.0,0,44800,44800,44800,0,0,0.0,100.0,1,high,24.49,5,2,none,,9,https://www.musinsa.com/products/4056009
2026-09-03,러브이즈트루,4059529,IN CROP KNIT CARDIGAN(PINK),0.0,0,39780,39780,39780,0,0,0.0,100.0,1,high,24.0,7,3,none,,9,https://www.musinsa.com/products/4059529
2026-09-03,트릴리온,4060489,파라슈트 트랙 라인 밴딩 데님 팬츠 (YELLOW BLACK),0.0,0,35900,35900,35900,0,0,0.0,90.39,0,low,24.26,4,1,none,,9,https://www.musinsa.com/products/4060489
2026-09-03,더바이닐하우스,4061769,STAR TEE YELLOW (VH2EMUT507A),0.0,0,32480,32480,32480,0,0,0.0,100.0,1,high,24.3,5,2,none,,9,https://www.musinsa.com/products/4061769
2026-09-03,드로우핏,4062153,콘트라스트 블록 반팔 니트 [PISTACHIO GREEN],0.0,0,59400,59400,59400,0,0,0.0,81.72,0,low,25.16,4,1,none,,9,https://www.musinsa.com/products/4062153
2026-09-03,시눈,4065033,Flower Lettering Puff T-Shirt (White),0.0,0,26720,26720,26720,0,0,0.0,100.0,1,high,24.49,5,2,none,,9,https://www.musinsa.com/products/4065033
2026-09-03,그레이버,4065609,[UNISEX]레인보우 빅 구름 베어스마일 반팔티_화이트,0.0,0,16100,16100,,0,,,31.27,0,low,8.3,3,1,none,,9,https://www.musinsa.com/products/4065609
2026-09-03,예스아이씨,4066761,Y.E.S Eagles Sweatpants Navy,0.0,0,79200,79200,,0,,,31.27,0,low,8.3,3,1,none,,9,https://www.musinsa.com/products/4066761
2026-09-03,원헌드레드퍼센트,4072969,OHPxHARMONIA4 보스턴테리어 피그먼트 반팔티n,0.0,0,43500,43500,,0,,,9.6,0,low,7.05,2,1,none,,9,https://www.musinsa.com/products/4072969
2026-09-03,아틀리에나인,4074185,JERSEY MIX TAFFETAS DRESS(OP-6162),0.0,0,58800,58800,58800,0,0,0.0,100.0,1,high,24.0,6,2,none,,9,https://www.musinsa.com/products/4074185
2026-09-03,파브레가,4074633,루코비차 카라 니트 (4COLOR),0.0,0,69300,69300,69300,0,0,0.0,81.73,0,low,25.16,4,1,none,,9,https://www.musinsa.com/products/4074633
2026-09-03,매스노운,4074697,버뮤다 원턱 벌룬 와이드 숏팬츠 반바지 MSFSP003-LG,0.0,0,58800,58800,,0,,,18.27,0,low,6.26,2,1,none,,9,https://www.musinsa.com/products/4074697
2026-09-03,파브레가,4074761,오가닉 코튼 슬리브리스 (3COLOR),0.78,28764,36900,36900,36900,0,0,0.0,81.73,0,low,25.16,4,1,none,,9,https://www.musinsa.com/products/4074761
2026-09-03,미니멀프로젝트,4077513,시그니처 로고 포인트 반팔티셔츠 MST157 [BEIGE],0.0,0,24900,24900,,0,,,27.58,0,low,10.31,3,1,none,,9,https://www.musinsa.com/products/4077513
2026-09-03,어반에이지,4084809,베이직 조거 스웨트 팬츠_멜란지그레이,0.0,0,25020,25020,,0,,,27.58,0,low,10.31,3,1,none,,9,https://www.musinsa.com/products/4084809
2026-09-03,어반에이지,4084873,[2PACK] No Limit 오버 반팔 (3COLOR),0.0,0,32000,32000,,0,,,27.58,0,low,10.31,3,1,none,,9,https://www.musinsa.com/products/4084873
2026-09-03,앤더슨벨,4088137,데님 프린트 니트 바디수트 atb1093w(WASHED BLUE),0.0,0,95000,95000,,0,,,31.26,0,low,8.3,3,1,none,,9,https://www.musinsa.com/products/4088137
2026-09-03,엑스트라오디너리,4089481,WOMEN CARGO WRAP SKIRT   BEIGE,0.0,0,59950,59950,59950,0,0,0.0,90.41,0,low,24.26,4,1,none,,9,https://www.musinsa.com/products/4089481
2026-09-03,원헌드레드퍼센트,4093705,OHPxQUIRK 영맨 세미오버 반팔티,0.0,0,36750,36750,,0,,,9.59,0,low,7.05,2,1,none,,9,https://www.musinsa.com/products/4093705
2026-09-03,프리즘웍스,4095881,CHAMBRAY BIG POCKET HALF SHIRT _ INDIGO,0.02,1586,80100,80100,80100,0,0,0.0,100.0,1,high,24.02,7,3,none,,9,https://www.musinsa.com/products/4095881
2026-09-03,프리즘웍스,4095945,ARMY HELMET TEE _ WHITE,0.0,0,21000,21000,21000,0,0,0.0,100.0,1,high,24.02,7,3,none,,9,https://www.musinsa.com/products/4095945
2026-09-03,엄브로,4099913,시어서커 반팔 피스테 네이비(UQ223CWT64),0.0,0,31960,31960,,0,,,9.58,0,low,7.05,2,1,none,,9,https://www.musinsa.com/products/4099913
2026-09-03,엑스컨테이너,4100169,섬머 라이트 워시드 데님 팬츠 (VINTAGE WASHED BLUE),0.0,0,49000,49000,49000,0,0,0.0,90.42,0,low,24.26,4,1,none,,9,https://www.musinsa.com/products/4100169
2026-09-03,맥우드건,4101257,슬리버 3903 슬림 슬리브리스 다크그레이 민소매티,0.0,0,12800,12800,,0,,,31.25,0,low,8.3,3,1,none,,9,https://www.musinsa.com/products/4101257
2026-09-03,드로우핏우먼,4101705,볼륨 슬리브 리본 원피스 [BLACK],0.0,0,78480,78480,76300,1,2180,2.86,100.0,1,medium,23.99,7,3,none,,9,https://www.musinsa.com/products/4101705
2026-09-03,원헌드레드퍼센트,4105609,OHPxHARMONIA 낄낄 세미오버 반팔티P,0.0,0,36750,36750,,0,,,9.58,0,low,7.05,2,1,none,,9,https://www.musinsa.com/products/4105609
2026-09-03,시야쥬,4107081,SIST9039 라운지 실키 스커트_White,0.0,0,63180,63180,63180,0,0,0.0,100.0,1,high,24.31,5,2,none,,9,https://www.musinsa.com/products/4107081
2026-09-03,본투윈,4109257,CRACK B PIGMENT CROP T-SHIRTS [CHARCOAL],0.44,19974,45000,45000,45000,0,0,0.0,100.0,1,high,13.97,11,4,none,,9,https://www.musinsa.com/products/4109257
2026-09-03,데상트,4109449,여성 3.5부 테리 쇼츠 그린(SP222EKH54),0.0,0,49500,49500,,0,,,31.25,0,low,8.3,3,1,none,,9,https://www.musinsa.com/products/4109449
2026-09-03,솔트앤초콜릿,4113609,리브 소프트 폼 피셔맨 샌들  412424006 (2.2cm/2colors),0.0,0,52320,52320,52320,0,0,0.0,100.0,1,high,23.98,6,3,none,,9,https://www.musinsa.com/products/4113609
2026-09-03,그레이버,4114953,[UNISEX-24]드로잉도트 반팔티_화이트,0.0,0,27820,27820,,0,,,31.24,0,low,8.3,3,1,none,,9,https://www.musinsa.com/products/4114953
2026-09-03,언탭트스튜디오,4119561,1996 시그니처 퓨어코튼 빅 오버핏 반팔 티셔츠 2 COLOR,0.0,0,18900,18900,18900,0,0,0.0,100.0,1,high,23.99,7,3,none,,9,https://www.musinsa.com/products/4119561
2026-09-03,세터,4120841,베이직 피케 폴로 반팔 티셔츠 클래식 네이비,0.0,0,99000,99000,99000,0,0,0.0,100.0,1,high,24.49,5,2,none,,9,https://www.musinsa.com/products/4120841
2026-09-03,꼼파뇨,4120969,DTP 폴링 어게인 반팔티 화이트,0.0,0,32500,32500,32500,0,0,0.0,90.43,0,low,24.26,4,1,none,,9,https://www.musinsa.com/products/4120969
2026-09-03,로템버,4123657,스틸라이프 플라워 하프 티셔츠 [NAVY],0.0,0,27440,27440,27440,0,0,0.0,100.0,1,high,23.99,7,3,none,,9,https://www.musinsa.com/products/4123657
2026-09-03,엔와이엑스엑스,4128585,EMBLEM DRAPE TOP BLACK,0.0,0,27500,27500,,0,,,31.22,0,low,8.3,3,1,none,,9,https://www.musinsa.com/products/4128585
2026-09-03,쿠어,4129033,데미지드 와플 롱 슬리브 티셔츠 (워시드샌드베이지),0.0,0,99000,99000,99000,0,0,0.0,100.0,1,high,24.5,5,2,none,,9,https://www.musinsa.com/products/4129033
2026-09-03,낫포너드,4131273,Devil Girl Ball Cap - Pink,0.0,0,21000,21000,21000,0,0,0.0,81.75,0,low,25.16,4,1,none,,9,https://www.musinsa.com/products/4131273
2026-09-03,커버낫우먼,4133961,우먼 벨트 데님 롱 스커트 Light Blue,0.0,0,90300,90300,,0,,,9.56,0,low,7.05,2,1,none,,9,https://www.musinsa.com/products/4133961
2026-09-03,커버낫우먼,4134281,우먼 시어나일론 패커블 윈드브레이커 점퍼 White,0.0,0,95400,95400,,0,,,9.56,0,low,7.05,2,1,none,,9,https://www.musinsa.com/products/4134281
2026-09-03,커버낫우먼,4134345,우먼 크롭 립 슬리브리스 Pink,0.0,0,24500,24500,,0,,,9.56,0,low,7.05,2,1,none,,9,https://www.musinsa.com/products/4134345
2026-09-03,커버낫우먼,4134537,우먼 시어 라운드넥 니트 Light Lime,0.0,0,53400,53400,,0,,,9.55,0,low,7.05,2,1,none,,9,https://www.musinsa.com/products/4134537
2026-09-03,어반드레스,4137289,Strawberry Summer Skirt BLUE,0.0,0,18460,18460,18460,0,0,0.0,100.0,1,high,24.02,7,3,none,,9,https://www.musinsa.com/products/4137289
2026-09-03,어반드레스,4137545,Legacy Overfit Check Shirt PINK,0.0,0,44250,44250,38350,1,5900,15.38,100.0,1,medium,24.02,7,3,none,,9,https://www.musinsa.com/products/4137545
2026-09-03,내셔널지오그래픽,4140105,N242UHP030 피타 세미 와이드 숏 팬츠 OAK BEIGE,0.0,0,37920,37920,,0,,,25.01,0,low,12.7,3,1,none,,9,https://www.musinsa.com/products/4140105
2026-09-03,러브이즈트루,4142921,LUVISTRUE X YASE SPIDER SNEAKERS(NAVY),0.0,0,143100,143100,143100,0,0,0.0,100.0,1,high,23.99,7,3,none,,9,https://www.musinsa.com/products/4142921
2026-09-03,지프,4145737,유니버스 여성 크롭 집업 래쉬가드 (JP5RGF012BK),0.0,0,42900,42900,,0,,,31.21,0,low,8.3,3,1,none,,9,https://www.musinsa.com/products/4145737
2026-09-03,틸아이다이,4147401,Ann button point shirt_Beige,0.64,45601,71060,71060,71060,0,0,0.0,100.0,1,high,23.98,6,3,none,,9,https://www.musinsa.com/products/4147401
2026-09-03,무센트,4148425,마드리드 폴리 나일론 와이드 팬츠 남녀공용 (5컬러),5.36,140739,26250,26020,26910,1,-890,-3.31,100.0,1,low,10.67,21,5,none,,9,https://www.musinsa.com/products/4148425
2026-09-03,바우로프로덕트,4149513,코튼 유넥 티셔츠 [아이보리],0.78,25654,32900,32900,32900,0,0,0.0,100.0,1,high,25.17,6,2,none,,9,https://www.musinsa.com/products/4149513
2026-09-03,레터리,4151561,SHIRRING RIBBON BAG_BLACK,0.0,0,75520,75520,,0,,,31.2,0,low,8.3,3,1,none,,9,https://www.musinsa.com/products/4151561
2026-09-03,가까이유니언즈,4153097,에리어 반팔 티셔츠 화이트,0.0,0,31900,31900,31900,0,0,0.0,100.0,1,high,24.0,6,2,none,,9,https://www.musinsa.com/products/4153097
2026-09-03,디앤에스알,4156873,(우먼) 하트 그래픽 크롭 티셔츠 블루,0.0,0,45600,45600,45600,0,0,0.0,100.0,1,high,24.5,5,2,none,,9,https://www.musinsa.com/products/4156873
2026-09-03,노이어,4157065,디스트로이드 플레어 데님 팬츠 (라이트블루),0.0,0,83700,83700,83700,0,0,0.0,31.2,0,low,8.3,8,1,none,,9,https://www.musinsa.com/products/4157065
2026-09-03,언더오프,4158665,와이드핏 워싱 8부 데님 팬츠 라이트블루,0.0,0,31120,31120,31120,0,0,0.0,100.0,1,high,24.31,5,2,none,,9,https://www.musinsa.com/products/4158665
2026-09-03,락케이크,4159177,Lace Tube Top Set - White,0.94,18710,19800,19800,19800,0,0,0.0,100.0,1,high,23.99,7,3,none,,9,https://www.musinsa.com/products/4159177
2026-09-03,론론,4167241,ROUND SHIRRING STRING HALF BLOUSE BLACK,0.0,0,29920,29920,29920,0,0,0.0,100.0,1,high,24.02,7,3,none,,9,https://www.musinsa.com/products/4167241
2026-09-03,맥우드건,4172745,페이즐리 9202 네이비 코튼 반다나,0.0,0,15200,15200,,0,,,31.19,0,low,8.3,3,1,none,,9,https://www.musinsa.com/products/4172745
2026-09-03,샌드뮤지엄,4182921,BULLET BELT BAG [Tan],0.0,0,82080,82080,,0,,,27.55,0,low,10.31,3,1,none,,9,https://www.musinsa.com/products/4182921
2026-09-03,꼼파뇨,4191817,Everywhere Teddy 반팔티 크림,0.0,0,32500,32500,32500,0,0,0.0,90.5,0,low,24.28,4,1,none,,9,https://www.musinsa.com/products/4191817
2026-09-03,링서울,4194697,ribbed swim set-red,0.0,0,61710,61710,69420,1,-7710,-11.11,100.0,1,medium,23.99,7,3,none,,9,https://www.musinsa.com/products/4194697
2026-09-03,파르티멘토우먼,4245385,스터디드 데님 맥시 스커트_화이트,0.0,0,78480,78480,88290,1,-9810,-11.11,100.0,1,medium,24.28,5,2,none,,9,https://www.musinsa.com/products/4245385
2026-09-03,베이직하우스,4249225,여성 모달 스판 슬림핏 긴팔티셔츠 베이지,0.0,0,14900,14900,,0,,,31.17,0,low,8.3,3,1,none,,9,https://www.musinsa.com/products/4249225
2026-09-03,디키즈,4250441,트리 로고 트러커 메쉬 캡 Olive,0.0,0,50400,50400,,0,,,18.22,0,low,6.25,2,1,none,,9,https://www.musinsa.com/products/4250441
2026-09-03,데상트,4257033,[영애슬릿] 트레이닝 플리스 팬츠 블랙(SP32JTFP71),0.0,0,49500,49500,,0,,,31.17,0,low,8.3,3,1,none,,9,https://www.musinsa.com/products/4257033
2026-09-03,1993스튜디오,4258953,사이드 트랙 데님 벌룬 팬츠_다크그레이,0.0,0,57000,57000,57000,0,0,0.0,100.0,1,high,24.32,5,2,none,,9,https://www.musinsa.com/products/4258953
2026-09-03,언더오프,4260361,더블코튼 무지 래글런 후드 스웨트 그레이,0.0,0,15900,15900,15900,0,0,0.0,100.0,1,high,23.99,8,3,none,,9,https://www.musinsa.com/products/4260361
2026-09-03,필루미네이트,4266761,메탈 심볼 로고 헤링턴 자켓-네이비,0.0,0,59000,59000,59000,0,0,0.0,100.0,1,high,23.99,7,3,none,,9,https://www.musinsa.com/products/4266761
2026-09-03,리브레너,4268873,DTG  청춘 피그먼트 오버 스웨츠 셔츠,0.0,0,32900,32900,,0,,,24.99,0,low,12.7,3,1,none,,9,https://www.musinsa.com/products/4268873
2026-09-03,리메인세컨드,4273993,오버핏 시그니처 로고 후디 [그레이],0.0,0,22000,22000,22000,0,0,0.0,100.0,1,high,24.51,5,2,none,,9,https://www.musinsa.com/products/4273993
2026-09-03,노매뉴얼,4279881,HALF & HALF CORDUROY PANTS - BLACK,0.0,0,64500,64500,64500,0,0,0.0,90.56,0,low,24.28,4,1,none,,9,https://www.musinsa.com/products/4279881
2026-09-03,더콜디스트모먼트,4285321,TCM flower logo gym sack (dirty white),0.0,0,34500,34500,,0,,,24.97,0,low,12.7,3,1,none,,9,https://www.musinsa.com/products/4285321
2026-09-03,커버낫,4286857,레귤러핏 스웻 조거 팬츠 스카이블루,0.0,0,21740,21740,21740,0,0,0.0,100.0,1,high,24.32,5,2,none,,9,https://www.musinsa.com/products/4286857
2026-09-03,에이이에이이,4289865,WEB LOGO L/S [CHARCOAL],0.0,0,52650,52650,52650,0,0,0.0,90.57,0,low,24.29,4,1,none,,9,https://www.musinsa.com/products/4289865
2026-09-03,커버낫,4292233,아치 로고 드롭핏 후디 헤더 그레이,0.4,15415,39000,39000,39000,0,0,0.0,100.0,1,high,24.32,5,2,none,,9,https://www.musinsa.com/products/4292233
2026-09-03,예스아이씨,4297801,SN Jacquard Tee Sage Green,0.0,0,38500,38500,,0,,,31.14,0,low,8.3,3,1,none,,9,https://www.musinsa.com/products/4297801
2026-09-03,오픈야드(오와이),4301513,STITCHED WIDE VOLUME PANTS - BLACK,0.0,0,68600,68600,,0,,,24.96,0,low,12.7,3,1,none,,9,https://www.musinsa.com/products/4301513
2026-09-03,오픈야드(오와이),4301577,DREAMY ODOLLY HOODIE - NAVY,0.0,0,39600,39600,,0,,,24.95,0,low,12.7,3,1,none,,9,https://www.musinsa.com/products/4301577
2026-09-03,어널러코드,4309321,엠보워싱 데님팬츠 (그린블루),1.1,37767,34300,34300,34300,0,0,0.0,100.0,1,low,24.02,12,6,none,,9,https://www.musinsa.com/products/4309321
2026-09-03,엠엠엘지,4310025,[Mmlg] CUSHION 3WAY BAG (NAVY),0.0,0,64500,64500,,0,,,31.13,0,low,8.3,3,1,none,,9,https://www.musinsa.com/products/4310025
2026-09-03,세터,4311945,테오 코튼 밴딩 스웨트팬츠 팔레트 블랙,0.0,0,139000,139000,139000,0,0,0.0,100.0,1,high,24.51,5,2,none,,9,https://www.musinsa.com/products/4311945
2026-09-03,마인드브릿지,4312777,[COUTURE]크로셰카라세미오버핏니트 - 2color MYKT6170,0.9,26769,29900,29900,29900,0,0,0.0,90.6,0,low,24.29,4,1,none,,9,https://www.musinsa.com/products/4312777
2026-09-03,마인드브릿지,4313161,로우데님트러커 MYJP6154,0.0,0,39900,39900,39900,0,0,0.0,90.6,0,low,24.29,4,1,none,,9,https://www.musinsa.com/products/4313161
2026-09-03,코드그라피,4313417,(우먼) 스퀘어 로고 맨투맨_차콜,0.0,0,48300,48300,48300,0,0,0.0,81.82,0,low,25.17,4,1,none,,9,https://www.musinsa.com/products/4313417
2026-09-03,로라로라,4313929,V NECK RUFFLE CARDIGAN IVORY,0.0,0,52500,52500,,0,,,27.5,0,low,10.31,3,1,none,,9,https://www.musinsa.com/products/4313929
2026-09-03,엘엠씨,4314057,HEART BEAR HOODIE sand,0.0,0,48950,48950,,0,,,18.18,0,low,6.25,2,1,none,,9,https://www.musinsa.com/products/4314057
2026-09-03,엠엠엘지,4315401,[Mmlg] MM APLIQUE HOODIE (SQUID BLACK),0.0,0,31150,31150,,0,,,31.12,0,low,8.3,3,1,none,,9,https://www.musinsa.com/products/4315401
2026-09-03,로우로우,4315657,x Reebok 쓰리웨이 스트링 더플백 901 [3color],0.0,0,44550,44550,44550,0,0,0.0,100.0,1,high,23.99,7,3,none,,9,https://www.musinsa.com/products/4315657
2026-09-03,세컨모놀로그,4316105,글로시 트러커 나일론 셔츠 [DUPINK]_SESH015DUPINK,0.0,0,35600,35600,35600,0,0,0.0,100.0,1,high,24.32,5,2,none,,9,https://www.musinsa.com/products/4316105
2026-09-03,이알티알,4316617,Essential Relaxed Denim Pants (Blue),0.0,0,84150,84150,,0,,,31.12,0,low,8.3,3,1,none,,9,https://www.musinsa.com/products/4316617
2026-09-03,인사일런스우먼,4316937,스터드 트위드 자켓 MULTI,0.0,0,179200,179200,204800,1,-25600,-12.5,100.0,1,medium,24.02,7,3,none,,9,https://www.musinsa.com/products/4316937
2026-09-03,모즈모즈,4320137,메쉬 나일론 윈드 브레이커 후드 집업 다크그레이,0.0,0,38800,38800,38800,0,0,0.0,100.0,1,high,24.51,5,2,none,,9,https://www.musinsa.com/products/4320137
2026-09-03,프렌다,4320457,REJA POCKET TOTE BAG BLACK,0.0,0,19600,19600,24500,1,-4900,-20.0,100.0,1,medium,23.99,7,3,none,,9,https://www.musinsa.com/products/4320457
2026-09-03,커버낫,4322569,데님 트러커 인디고,0.0,0,122850,122850,122850,0,0,0.0,100.0,1,high,24.33,5,2,none,,9,https://www.musinsa.com/products/4322569
2026-09-03,커버낫,4322633,미들 C 로고 자수 와펜 니트 베스트 멜란지 그레이,0.0,0,53400,53400,53400,0,0,0.0,100.0,1,high,24.33,5,2,none,,9,https://www.musinsa.com/products/4322633
2026-09-03,스컬프터,4322889,Cotton Boxer Pants Strawberry,0.0,0,27440,27440,27440,0,0,0.0,100.0,1,high,23.98,6,3,none,,9,https://www.musinsa.com/products/4322889
2026-09-03,로제프란츠,4327497,Boucle Metal Button Cardigan [Beige],0.0,0,33800,33800,33800,0,0,0.0,81.83,0,low,25.17,4,1,none,,9,https://www.musinsa.com/products/4327497
2026-09-03,드로우핏,4330057,에센셜 와이드 원턱 코듀로이 팬츠 [IVORY],0.0,0,54000,54000,54000,0,0,0.0,81.84,0,low,25.17,4,1,none,,9,https://www.musinsa.com/products/4330057
2026-09-03,몽돌,4330697,울 캐시미어 라운드넥 가디건 블랙 MDCD026BLACK,0.0,0,50320,50320,50320,0,0,0.0,100.0,1,high,23.98,6,3,none,,9,https://www.musinsa.com/products/4330697
2026-09-03,브이투,4331913,빈티지 스톤 워싱 와이드 데님 팬츠_블루,0.0,0,27400,27400,,0,,,18.16,0,low,6.25,2,1,none,,9,https://www.musinsa.com/products/4331913
2026-09-03,유희,4331977,FLOWER CORSAGE MINI DRESS CHARCOAL,0.0,0,143100,143100,,0,,,31.11,0,low,8.3,3,1,none,,9,https://www.musinsa.com/products/4331977
2026-09-03,유희,4332105,YOUHEE SYMBOL GRAPHIC HOODIE MELANGE GREY,0.0,0,64080,64080,,0,,,31.11,0,low,8.3,3,1,none,,9,https://www.musinsa.com/products/4332105
2026-09-03,넌블랭크,4332169,실크 100 솔리드 타이_BLACK,1.31,26052,19920,19920,19920,0,0,0.0,100.0,1,high,23.99,7,3,none,,9,https://www.musinsa.com/products/4332169
2026-09-03,내셔널지오그래픽,4333129,N243UFT910 핀테일 트레이닝 후드 집업 NAVY,0.0,0,89230,89230,,0,,,24.93,0,low,12.7,3,1,none,,9,https://www.musinsa.com/products/4333129
2026-09-03,론론,4333321,BALLOON PUMPKIN DENIM PANTSKIRT MEDIUM BLUE,0.0,0,63360,63360,71280,1,-7920,-11.11,100.0,1,medium,24.02,7,3,none,,9,https://www.musinsa.com/products/4333321
2026-09-03,썸웨어버터,4335753,Devon leather blouson - Brown,0.0,0,226480,226480,226480,0,0,0.0,100.0,1,high,23.99,7,3,none,,9,https://www.musinsa.com/products/4335753
2026-09-03,썸웨어버터,4335881,Chelsea alpaca cable knit - Ivory,0.0,0,95200,95200,95200,0,0,0.0,100.0,1,high,23.99,7,3,none,,9,https://www.musinsa.com/products/4335881
2026-09-03,마하그리드,4336649,MGD COWBOY KNIT SWEATER BLACK(MG2EFMK604A),0.0,0,44500,44500,,0,,,24.92,0,low,12.7,3,1,none,,9,https://www.musinsa.com/products/4336649
2026-09-03,밈더워드로브,4339081,월드 & 러브 아플리케 후드티_오트밀,0.0,0,68000,68000,,0,,,18.15,0,low,6.25,2,1,none,,9,https://www.musinsa.com/products/4339081
2026-09-03,썸플레이스,4344265,배색 골덴 카라 바버 헌팅 트러커 자켓 점퍼 [베이지],0.0,0,64900,64900,,0,,,24.91,0,low,12.7,3,1,none,,9,https://www.musinsa.com/products/4344265
2026-09-03,디스이즈네버댓,4344841,Football Scarf Red,0.0,0,49500,49500,49500,0,0,0.0,100.0,1,high,24.33,5,2,none,,9,https://www.musinsa.com/products/4344841
2026-09-03,드헤베,4344969,Day Layered Wrap Blouse [Mint],0.0,0,83390,83390,83390,0,0,0.0,81.86,0,low,25.18,4,1,none,,9,https://www.musinsa.com/products/4344969
2026-09-03,레더리,4346633,스플릿 나일론 자켓 [BLACK],0.0,0,61440,61440,61440,0,0,0.0,90.65,0,low,24.3,4,1,none,,9,https://www.musinsa.com/products/4346633
2026-09-03,더콜디스트모먼트,4348553,TCM tiny hoodie (burgundy),0.0,0,76140,76140,,0,,,24.91,0,low,12.7,3,1,none,,9,https://www.musinsa.com/products/4348553
2026-09-03,쿠어,4350409,머드 다잉 패디드 데님 자켓 (워시드인디고),0.0,0,230400,230400,230400,0,0,0.0,100.0,1,high,24.51,5,2,none,,9,https://www.musinsa.com/products/4350409
2026-09-03,인사일런스,4352329,이탈리안 울 믹스드 풀오버 LIGHT BEIGE,0.0,0,103680,103680,103680,0,0,0.0,100.0,1,high,24.33,5,2,none,,9,https://www.musinsa.com/products/4352329
2026-09-03,노이어,4353481,레이어드 브이넥 폴로 니트 (딥브라운),0.0,0,78400,78400,78400,0,0,0.0,31.09,0,low,8.3,6,1,none,,9,https://www.musinsa.com/products/4353481
2026-09-03,코드그라피,4356233,스몰 C 로고 맨투맨_스카이블루,0.0,0,44800,44800,44800,0,0,0.0,81.86,0,low,25.18,4,1,none,,9,https://www.musinsa.com/products/4356233
2026-09-03,리브레너,4359305,DTG 스페이스 도그 피그먼트 롱 슬리브 차콜,0.0,0,32900,32900,,0,,,24.91,0,low,12.7,3,1,none,,9,https://www.musinsa.com/products/4359305
2026-09-03,미나브,4360905,플란넬 오버 체크 셔츠 [블랙체크],0.0,0,39000,39000,39000,0,0,0.0,100.0,1,high,23.99,7,3,none,,9,https://www.musinsa.com/products/4360905
2026-09-03,엠엠엘지,4364361,[Mmlg] FAMILY NAME FLIGHT JACKET (NAVY),0.0,0,99500,99500,,0,,,31.08,0,low,8.3,3,1,none,,9,https://www.musinsa.com/products/4364361
2026-09-03,프리즘웍스,4368969,JUNGLE CLOTH DECK VEST _ KHAKI BEIGE,0.0,0,82800,82800,82800,0,0,0.0,100.0,1,high,24.02,7,3,none,,9,https://www.musinsa.com/products/4368969
2026-09-03,나이스고스트클럽,4369033,SKULL CHECK L/S KNIT TEE_BLACK(NG2EFUK606A),0.0,0,42660,42660,42660,0,0,0.0,100.0,1,high,23.99,7,3,none,,9,https://www.musinsa.com/products/4369033
2026-09-03,시야쥬,4369481,SIKN2124 브이넥 싱글 니트_Black,0.0,0,83700,83700,83700,0,0,0.0,100.0,1,high,24.33,5,2,none,,9,https://www.musinsa.com/products/4369481
2026-09-03,아틀리에나인,4369545,ESSENTIAL HIGH NECK TEE(T-6895),0.0,0,25200,25200,25200,0,0,0.0,100.0,1,high,24.0,6,2,none,,9,https://www.musinsa.com/products/4369545
2026-09-03,더바이닐하우스,4370953,TYPO HOODIE GREY,0.0,0,92160,92160,87100,1,5060,5.81,100.0,1,medium,24.33,5,2,none,,9,https://www.musinsa.com/products/4370953
2026-09-03,메인부스,4373385,Ghost Phone Case,0.0,0,19800,19800,19800,0,0,0.0,81.86,0,low,25.18,4,1,none,,9,https://www.musinsa.com/products/4373385
2026-09-03,엘엠씨,4375113,BRUSHED CHECK ZIP UP SHIRT brown,0.0,0,92950,92950,,0,,,18.13,0,low,6.25,2,1,none,,9,https://www.musinsa.com/products/4375113
2026-09-03,무센트,4375305,스털디 시그니처 밴딩 데님 팬츠 남녀공용 (2컬러),0.0,0,51210,51210,51210,0,0,0.0,100.0,1,high,24.33,5,2,none,,9,https://www.musinsa.com/products/4375305
2026-09-03,미나브,4379977,마가렛 스웨이드 크로스백 [브라운],3.83,264077,69000,69000,69000,0,0,0.0,100.0,1,low,23.99,11,3,none,,9,https://www.musinsa.com/products/4379977
2026-09-03,인템포무드,4380169,서클 로고 립 슬리브리스 : 3컬러,0.0,0,28800,28800,28800,0,0,0.0,100.0,1,high,24.33,5,2,none,,9,https://www.musinsa.com/products/4380169
2026-09-03,론론,4382409,HANDMADE FLOWER CABLE PUFF KNIT CARDIGAN GREY,0.0,0,79200,79200,89100,1,-9900,-11.11,100.0,1,medium,24.02,7,3,none,,9,https://www.musinsa.com/products/4382409
2026-09-03,게인스보로,4383241,네버스탑 맨투맨_차콜,0.0,0,39900,39900,,0,,,24.89,0,low,12.7,3,1,none,,9,https://www.musinsa.com/products/4383241
2026-09-03,세터,4384393,(W) 로렌 베이직 크루넥 파인 가디건 블랙,1.29,204849,159000,159000,159000,0,0,0.0,100.0,1,high,24.52,5,2,none,,9,https://www.musinsa.com/products/4384393
2026-09-03,토마스모어,4387081,피치넬리팬츠-그레이베이지,0.0,0,73500,73500,73500,0,0,0.0,100.0,1,high,23.99,7,3,none,,9,https://www.musinsa.com/products/4387081
2026-09-03,아틀리에나인,4387593,BRIE SET-UP SHORT PANTS(PT-5566),0.0,0,62100,62100,62100,0,0,0.0,100.0,1,high,24.0,6,2,none,,9,https://www.musinsa.com/products/4387593
2026-09-03,코드그라피,4389193,(우먼) WAVE 시그니처 로고 맨투맨_라이트 그레이,0.0,0,23600,23600,23600,0,0,0.0,81.88,0,low,25.18,4,1,none,,9,https://www.musinsa.com/products/4389193
2026-09-03,비터셀즈,4389449,C.G 후드 푸퍼 자켓-그레이,0.0,0,116350,116350,116350,0,0,0.0,90.67,0,low,24.3,4,1,none,,9,https://www.musinsa.com/products/4389449
2026-09-03,쿠어,4389577,헤어리 알파카 블렌드 크루넥 스웨터 (카멜브라운),0.0,0,118400,118400,118400,0,0,0.0,100.0,1,high,24.52,5,2,none,,9,https://www.musinsa.com/products/4389577
2026-09-03,키르시,4392009,체리 니트라이크 가디건 [블랙],0.0,0,59400,59400,59400,0,0,0.0,100.0,1,high,24.33,5,2,none,,9,https://www.musinsa.com/products/4392009
2026-09-03,그레이버,4394889,[UNISEX]SWEET-HOME 맨투맨_블랙,0.0,0,46900,46900,,0,,,31.05,0,low,8.31,3,1,none,,9,https://www.musinsa.com/products/4394889
2026-09-03,제너럴아이디어,4396681,뉴클래식 울 케이블 브이넥 가디건 [BROWN] / WBD3L04529,0.0,0,43680,43680,43370,1,310,0.71,100.0,1,medium,23.98,6,3,none,,9,https://www.musinsa.com/products/4396681
2026-09-03,브이투,4401289,시어링 레더 패딩 점퍼_브라운,0.0,0,95400,95400,,0,,,18.12,0,low,6.25,2,1,none,,9,https://www.musinsa.com/products/4401289
2026-09-03,엘리메노,4401673,EL 서브아워 맨투맨 티셔츠 5Color,0.0,0,25000,25000,,0,,,18.12,0,low,6.25,2,1,none,,9,https://www.musinsa.com/products/4401673
2026-09-03,내셔널지오그래픽,4402761,N244MPV020 NRN 2 IN 1 패딩 베스트 TAN,0.0,0,179400,179400,,0,,,24.88,0,low,12.7,3,1,none,,9,https://www.musinsa.com/products/4402761
2026-09-03,어반드레스,4403017,Kar Collar Long Sleeve BLACK,0.0,0,46500,46500,46500,0,0,0.0,100.0,1,high,24.02,7,3,none,,9,https://www.musinsa.com/products/4403017
2026-09-03,지프,4403145,빈티지 레터링 맨투맨 (JP5TSU821MG),0.0,0,24990,24990,,0,,,31.04,0,low,8.31,3,1,none,,9,https://www.musinsa.com/products/4403145
2026-09-03,어반드레스,4403337,Art Leather Jacket BLACK,0.0,0,108750,108750,108750,0,0,0.0,100.0,1,high,24.02,7,3,none,,9,https://www.musinsa.com/products/4403337
2026-09-03,디스이즈네버댓,4403529,PERTEX® UL Wind Parka Slate,0.0,0,104500,104500,104500,0,0,0.0,100.0,1,high,24.33,5,2,none,,9,https://www.musinsa.com/products/4403529
2026-09-03,노이어,4406409,알파카 메리노 대디 가디건 (블랙),0.0,0,118400,118400,118400,0,0,0.0,100.0,1,high,24.02,7,3,none,,9,https://www.musinsa.com/products/4406409
2026-09-03,스컬프터,4406473,Waist Point Classic Skort Gray,0.0,0,77840,77840,77840,0,0,0.0,100.0,1,high,23.99,6,3,none,,9,https://www.musinsa.com/products/4406473
2026-09-03,브룩스브라더스,4407369,소멜로스 플란넬 셔츠 (화이트) (BBTHMM6114AEW),0.0,0,197100,197100,197100,0,0,0.0,100.0,1,high,23.99,8,3,none,,9,https://www.musinsa.com/products/4407369
2026-09-03,리메인세컨드,4407497,울 블렌드 오버핏 더블 코트 [차콜],0.0,0,100800,100800,100800,0,0,0.0,100.0,1,high,24.52,5,2,none,,9,https://www.musinsa.com/products/4407497
2026-09-03,하이스쿨디스코,4408521,히노끼 오버핏 팬츠,0.0,0,56320,56320,,0,,,31.02,0,low,8.31,3,1,none,,9,https://www.musinsa.com/products/4408521
2026-09-03,니티드,4409161,(W) 투톤 골지 자수 로고 니트 SWISS,0.0,0,64000,64000,25900,1,38100,147.1,81.89,0,low,25.18,4,1,none,,9,https://www.musinsa.com/products/4409161
2026-09-03,니티드,4409737,(W) 쉐기독 울 100% 라운드 가디건 MINT,0.0,0,53820,53820,53820,0,0,0.0,81.89,0,low,25.18,4,1,none,,9,https://www.musinsa.com/products/4409737
2026-09-03,시눈,4410825,Button Knit Shorts (Melon),0.0,0,54440,54440,54440,0,0,0.0,100.0,1,high,24.52,5,2,none,,9,https://www.musinsa.com/products/4410825
2026-09-03,더블유엠씨,4411593,어드저스트 카고데님_BLACK,0.0,0,67050,67050,67050,0,0,0.0,100.0,1,high,23.99,7,3,none,,9,https://www.musinsa.com/products/4411593
2026-09-03,엘리메노,4415305,[SET] EL 스케치 래글런 라인 후드티셔츠 2종 세트,0.0,0,62900,62900,,0,,,18.11,0,low,6.25,2,1,none,,9,https://www.musinsa.com/products/4415305
2026-09-03,오퍼스 0012,4417353,Op. 03 P.F.P HOOD ZIP BEIGE,0.0,0,83400,83400,83400,0,0,0.0,100.0,1,high,23.98,6,3,none,,9,https://www.musinsa.com/products/4417353
2026-09-03,이미스,4418569,NYLON CROSSED BODY BAG-BLUE,0.0,0,62100,62100,,0,,,27.46,0,low,10.31,3,1,none,,9,https://www.musinsa.com/products/4418569
2026-09-03,베르만어패럴,4421577,우븐 SYMBOL 벌룬핏 맨투맨,0.0,0,49000,49000,49000,0,0,0.0,100.0,1,high,24.02,7,3,none,,9,https://www.musinsa.com/products/4421577
2026-09-03,브룩스브라더스,4421833,[키즈] BB 포인트 스웻셔츠 (네이비) (BBNPKB6915QEF),0.0,0,54500,54500,,0,,,47.91,0,low,23.86,3,2,none,,9,https://www.musinsa.com/products/4421833
2026-09-03,프리즘웍스,4422921,OG BOCACI HEAVYWEIGHT PULLOVER HOODY _ COCOA,0.0,0,80100,80100,80100,0,0,0.0,100.0,1,high,24.02,7,3,none,,9,https://www.musinsa.com/products/4422921
2026-09-03,아웃스탠딩,4423369,AUTHENTIC COMFORT SWEAT_NAVY,0.0,0,66600,66600,66600,0,0,0.0,100.0,1,high,23.98,6,3,none,,9,https://www.musinsa.com/products/4423369
2026-09-03,아틀리에나인,4424905,LEAF PATTERN SET-UP DENIM PANTS(PT-5597),0.0,0,80100,80100,80100,0,0,0.0,100.0,1,high,24.0,6,2,none,,9,https://www.musinsa.com/products/4424905
2026-09-03,드로우핏,4424969,오버사이즈 라인 무스탕 자켓 [IVORY],0.0,0,167200,167200,167200,0,0,0.0,81.9,0,low,25.18,4,1,none,,9,https://www.musinsa.com/products/4424969
2026-09-03,그레이버,4425161,[UNISEX]베어 하트 백프린팅 후드집업_그레이,0.0,0,53400,53400,,0,,,31.01,0,low,8.31,3,1,none,,9,https://www.musinsa.com/products/4425161
2026-09-03,테이크이지,4425289,페어아일 니트 (베이지),0.0,0,28900,28900,28900,0,0,0.0,100.0,1,high,24.34,5,2,none,,9,https://www.musinsa.com/products/4425289
2026-09-03,링서울,4425993,wool high-neck knit cardigan-charcoal,0.0,0,99800,99800,112270,1,-12470,-11.11,100.0,1,medium,23.99,7,3,none,,9,https://www.musinsa.com/products/4425993
2026-09-03,제멋,4429321,스테디 썸홀 테리 후드 그레이 OYHD2593,0.0,0,36900,36900,36900,0,0,0.0,100.0,1,high,24.02,7,3,none,,9,https://www.musinsa.com/products/4429321
2026-09-03,커스텀어클락,4433353,[2PACK] 헤비 니트 4 STYLE COOSKT066KT067KT068KT069,0.0,0,86800,86800,86800,0,0,0.0,100.0,1,high,24.34,5,2,none,,9,https://www.musinsa.com/products/4433353
2026-09-03,와이케이,4434249,말티즈 멀티 자수 데님 팬츠 블랙,0.0,0,80600,80600,80600,0,0,0.0,100.0,1,high,23.99,7,3,none,,9,https://www.musinsa.com/products/4434249
2026-09-03,레씨토,4438025,Antique Mixxed Cross Necklace _[Silver],0.0,0,38000,38000,,0,,,31.0,0,low,8.31,3,1,none,,9,https://www.musinsa.com/products/4438025
2026-09-03,카멜워크,4438729,카멜 스튜디오 로고 스웨트셔츠(블랙),0.0,0,43000,43000,,0,,,27.44,0,low,10.31,3,1,none,,9,https://www.musinsa.com/products/4438729
2026-09-03,디키즈,4439881,백 트리 로고 롱슬리브 White,4.87,286858,58950,58950,,0,,,18.09,0,low,6.25,4,1,none,7,9,https://www.musinsa.com/products/4439881
2026-09-03,라이프워크,4440457,여성) LW2 다이애그널 카고 팬츠,0.0,0,94050,94050,,0,,,31.0,0,low,8.31,3,1,none,,9,https://www.musinsa.com/products/4440457
2026-09-03,무센트,4440841,비브 투웨이 크롭 골지 니트 집업 (2컬러),0.0,0,52120,52120,52120,0,0,0.0,100.0,1,high,24.34,5,2,none,,9,https://www.musinsa.com/products/4440841
2026-09-03,다이브인,4441673,LOOSED WIDE DENIM PANTS (WASHED BLACK),0.0,0,80100,80100,80100,0,0,0.0,100.0,1,high,24.34,5,2,none,,9,https://www.musinsa.com/products/4441673
2026-09-03,디스이즈네버댓,4441865,GD Lightning Hoodie Blue Heather Grey,0.0,0,111300,111300,111300,0,0,0.0,100.0,1,high,24.34,5,2,none,,9,https://www.musinsa.com/products/4441865
2026-09-03,아틀리에나인,4442697,ESSENTIAL HELEN VOLUME KNIT(T-6915),0.0,0,71100,71100,71100,0,0,0.0,100.0,1,high,24.0,6,2,none,,9,https://www.musinsa.com/products/4442697
2026-09-03,필루미네이트,4443593,[FW]오버핏 아치 로고 스웨트 셔츠-와인,0.0,0,25000,25000,25000,0,0,0.0,100.0,1,high,23.99,7,3,none,,9,https://www.musinsa.com/products/4443593
2026-09-03,락케이크,4448521,Striped Polo T-Shirt - Navy,0.0,0,71200,71200,71200,0,0,0.0,100.0,1,low,23.99,7,3,none,,9,https://www.musinsa.com/products/4448521
2026-09-03,필루미네이트,4454281,오닉스 푸퍼 패딩-아이보리,0.0,0,56000,56000,56000,0,0,0.0,100.0,1,high,23.99,7,3,none,,9,https://www.musinsa.com/products/4454281
2026-09-03,스컬프터,4454729,Velvet Shirring Lowrise Pants Raw,0.0,0,66640,66640,66640,0,0,0.0,100.0,1,high,23.98,6,3,none,,9,https://www.musinsa.com/products/4454729
2026-09-03,제멋,4455305,[2PACK] 디스트로이 오버핏 기모 후드 SOHD2597,0.0,0,76900,76900,76900,0,0,0.0,100.0,1,high,24.02,7,3,none,,9,https://www.musinsa.com/products/4455305
2026-09-03,제멋,4455369,[2PACK] 더스틴 헤비 솔트워싱 카라 맨투맨 SOMT2577,0.0,0,59800,59800,59800,0,0,0.0,100.0,1,high,24.02,7,3,none,,9,https://www.musinsa.com/products/4455369
2026-09-03,예스아이씨,4456137,Y.E.S Jacquard Skull Hoodie Stone,0.0,0,76300,76300,,0,,,30.98,0,low,8.31,3,1,none,,9,https://www.musinsa.com/products/4456137
2026-09-03,노이어,4456393,클래식 와이드 데님 팬츠 (미드블루),0.0,0,81700,81700,81700,0,0,0.0,100.0,1,high,24.02,7,3,none,,9,https://www.musinsa.com/products/4456393
2026-09-03,몽돌,4459465,리버시블 스웨이드 무스탕 브라운 MDJK038BROWN,0.0,0,200880,200880,200880,0,0,0.0,100.0,1,high,23.99,6,3,none,,9,https://www.musinsa.com/products/4459465
2026-09-03,엠엠엘지,4459913,[Mmlg] STITCH PLAY HOODIE (MOSS KHAKI),0.0,0,42500,42500,,0,,,30.97,0,low,8.31,3,1,none,,9,https://www.musinsa.com/products/4459913
2026-09-03,엘엠씨,4460041,CORDUROY VARSITY JACKET navy,0.0,0,103950,103950,,0,,,18.08,0,low,6.24,2,1,none,,9,https://www.musinsa.com/products/4460041
2026-09-03,칙스,4460937,MVK 하트 스티치 미니 브이넥 니트 브라운,0.0,0,30320,30320,34110,1,-3790,-11.11,100.0,1,medium,24.02,7,3,none,,9,https://www.musinsa.com/products/4460937
2026-09-03,아캄,4466633,Leather Puffer Jacket (Brown),0.0,0,161700,161700,161700,0,0,0.0,100.0,1,high,24.53,5,2,none,,9,https://www.musinsa.com/products/4466633
2026-09-03,튜드먼트,4466889,ALPACA ROUND PULLOVER BLUE,0.0,0,98100,98100,,0,,,27.43,0,low,10.31,3,1,none,,9,https://www.musinsa.com/products/4466889
2026-09-03,베이직하우스,4466953,여성 기본 후드 집업점퍼 블랙 LAJP7201,0.0,0,44900,44900,,0,,,30.97,0,low,8.31,3,1,none,,9,https://www.musinsa.com/products/4466953
2026-09-03,파르티멘토우먼,4469193,18 스포츠 폴로 롱 슬리브 티_화이트,0.0,0,32400,32400,32400,0,0,0.0,90.75,0,low,24.31,3,1,none,,9,https://www.musinsa.com/products/4469193
2026-09-03,데케트,4471497,[기모본딩]Mid Rise Wide Jeans DCPT027WCRBlack2,0.0,0,62100,62100,62100,0,0,0.0,90.76,0,low,24.31,4,1,none,,9,https://www.musinsa.com/products/4471497
2026-09-03,이미스,4473609,CORDUROY ZIP AROUND BACKPACK-PINK,0.0,0,89100,89100,,0,,,27.42,0,low,10.31,3,1,none,,9,https://www.musinsa.com/products/4473609
2026-09-03,이미스,4473673,VINTAGE LOGO CAP (RENEWAL)-BEIGE,0.0,0,44100,44100,,0,,,27.42,0,low,10.31,3,1,none,,9,https://www.musinsa.com/products/4473673
2026-09-03,이미스,4473929,NEW LOGO EMIS CAP(RENEWAL)-WHITE,0.64,28149,44100,44100,,0,,,27.42,0,low,10.31,3,1,none,1,9,https://www.musinsa.com/products/4473929
2026-09-03,그레이버,4476937,[UNISEX]STAR 써클로고 후드티_블랙,0.0,0,48000,48000,,0,,,30.96,0,low,8.31,3,1,none,,9,https://www.musinsa.com/products/4476937
2026-09-03,아메스월드와이드,4477385,STRIPE KNIT BEANIE RED,0.0,0,24960,24960,24960,0,0,0.0,100.0,1,high,24.31,5,2,none,,9,https://www.musinsa.com/products/4477385
2026-09-03,아메스월드와이드,4477833,KNIT LEGGINGS PANTS BROWN,0.0,0,31600,31600,31600,0,0,0.0,100.0,1,high,24.31,5,2,none,,9,https://www.musinsa.com/products/4477833
2026-09-03,론론,4481673,HEART POCKET OVER FIT LONG SLEEVE T SHIRT BLACK,0.0,0,42240,42240,47520,1,-5280,-11.11,100.0,1,medium,24.02,7,3,none,,9,https://www.musinsa.com/products/4481673
2026-09-03,기철,4483273,EASIER BALLOON SWEAT PANTS (MELANGE GREY),1.34,47710,35600,35600,35600,0,0,0.0,100.0,1,low,24.53,10,2,none,,9,https://www.musinsa.com/products/4483273
2026-09-03,엠엠엘지,4483465,[Mmlg] MOTER HOODIE (TURQUOISE BLUE),0.0,0,31150,31150,,0,,,30.95,0,low,8.31,3,1,none,,9,https://www.musinsa.com/products/4483465
2026-09-03,마하그리드,4485897,LIGHT HOODED DOWN PUFFER BLACK(MG2FWMB903A),0.0,0,160300,160300,,0,,,24.86,0,low,12.7,3,1,none,,9,https://www.musinsa.com/products/4485897
2026-09-03,키르시,4490249,체리 아치 로고 크롭 후드 [스카이],0.0,0,47400,47400,47400,0,0,0.0,100.0,1,high,24.34,5,2,none,,9,https://www.musinsa.com/products/4490249
2026-09-03,코드그라피,4492297,CGP 아치 로고 후드티_민트BDW,0.78,26938,34500,34500,34500,0,0,0.0,81.94,0,low,25.19,4,1,none,,9,https://www.musinsa.com/products/4492297
2026-09-03,내셔널지오그래픽,4494153,N244WSW010 여성 겨울 모크넥 그래픽 기모 맨투맨 NAVY,0.0,0,71400,71400,,0,,,24.86,0,low,12.7,3,1,none,,9,https://www.musinsa.com/products/4494153
2026-09-03,바우프,4496393,R.L.Y 레귤러 팬츠 [차콜],0.0,0,69000,69000,69000,0,0,0.0,81.94,0,low,25.19,4,1,none,,9,https://www.musinsa.com/products/4496393
2026-09-03,로라로라,4500553,MOHAIR BLENDED TWO WAY BUTTON CARDIGAN GRAY,0.0,0,76300,76300,,0,,,27.4,0,low,10.31,3,1,none,,9,https://www.musinsa.com/products/4500553
2026-09-03,로라로라,4500617,FLOWER CORDUROY OVERALL PANTS BLACK,0.0,0,125300,125300,,0,,,27.4,0,low,10.31,3,1,none,,9,https://www.musinsa.com/products/4500617
2026-09-03,로라로라,4500681,[장원영 Pick] ALPACA WOOL SINGLE COAT BLACK,0.0,0,244300,244300,,0,,,27.4,0,low,10.31,3,1,none,,9,https://www.musinsa.com/products/4500681
2026-09-03,로라로라,4501065,LACE LABEL ANGORA GLOVES BLACK,0.0,0,27300,27300,,0,,,27.4,0,low,10.31,3,1,none,,9,https://www.musinsa.com/products/4501065
2026-09-03,본투윈,4501833,CUT OUT WIDE BAND BRA TOP [CHARCOAL],0.0,0,65500,65500,65500,0,0,0.0,100.0,1,high,23.99,6,3,none,,9,https://www.musinsa.com/products/4501833
2026-09-03,렌세,4501897,Melange Fleece Pintuck Pants Gray Blue,0.0,0,37760,37760,,0,,,27.4,0,low,10.31,3,1,none,,9,https://www.musinsa.com/products/4501897
2026-09-03,커버낫,4503241,원턱 세미와이드핏 기모 스웻 팬츠 블랙,0.0,0,44100,44100,44100,0,0,0.0,100.0,1,high,24.35,5,2,none,,9,https://www.musinsa.com/products/4503241
2026-09-03,엠엠엘지,4504585,[Mmlg] SNOW TOWN HOODIE (AUTHENTIC NAVY),0.0,0,42500,42500,,0,,,30.93,0,low,8.31,3,1,none,,9,https://www.musinsa.com/products/4504585
2026-09-03,워크온바디오프,4509513,베이직 레글런 후드티 (2color),0.0,0,38000,38000,38000,0,0,0.0,100.0,1,high,24.35,5,2,none,,9,https://www.musinsa.com/products/4509513
2026-09-03,에이이에이이,4512777,WEB LOGO CORDUROY CAP [DARK NAVY],0.9,37551,41900,41900,41900,0,0,0.0,90.79,0,low,24.31,4,1,none,,9,https://www.musinsa.com/products/4512777
2026-09-03,더블유엠씨,4513929,쉐르파 플리스 자켓_GREY,0.0,0,84500,84500,84500,0,0,0.0,100.0,1,high,23.99,7,3,none,,9,https://www.musinsa.com/products/4513929
2026-09-03,트릴리온,4514121,스웨이드 엘보우 패치 3 버튼 블레이저 자켓 [블랙],0.0,0,47200,47200,47200,0,0,0.0,90.8,0,low,24.31,4,1,none,,9,https://www.musinsa.com/products/4514121
2026-09-03,글로니,4518089,EVERYDAY G SOCKS (BROWN),0.0,0,12150,12150,12150,0,0,0.0,100.0,1,high,24.02,7,3,none,,9,https://www.musinsa.com/products/4518089
2026-09-03,더블유엠씨,4520905,블랙캣 맨투맨_BLUE,0.0,0,35550,35550,35550,0,0,0.0,100.0,1,high,23.99,7,3,none,,9,https://www.musinsa.com/products/4520905
2026-09-03,더블유엠씨,4521033,[WMC x HINA] 락스타 후드_CHARCOAL GREY,0.0,0,40050,40050,40050,0,0,0.0,100.0,1,high,23.99,7,3,none,,9,https://www.musinsa.com/products/4521033
2026-09-03,유니폼브릿지,4526985,nordic crew neck knit(womens) olive green,0.0,0,89500,89500,89500,0,0,0.0,100.0,1,high,23.98,6,3,none,,9,https://www.musinsa.com/products/4526985
2026-09-03,플레어업,4535241,Braided Handmade Chain Belt (FL-732_Black),0.0,0,48960,48960,48960,0,0,0.0,90.8,0,low,24.32,4,1,none,,9,https://www.musinsa.com/products/4535241
2026-09-03,드헤베,4535689,One Off-shoulder Sleeve [Black],0.0,0,34820,34820,39010,1,-4190,-10.74,81.96,0,low,25.19,4,1,none,,9,https://www.musinsa.com/products/4535689
2026-09-03,드로우핏,4538569,[오정규X드로우핏] 시어링 미니멀 무스탕 자켓 [BEIGE],0.0,0,167200,167200,167200,0,0,0.0,81.96,0,low,25.19,4,1,none,,9,https://www.musinsa.com/products/4538569
2026-09-03,노매뉴얼,4546313,REVERSIBLE WOOL HAIRY KNIT - CHARCOAL,0.0,0,75650,75650,75650,0,0,0.0,90.81,0,low,24.32,4,1,none,,9,https://www.musinsa.com/products/4546313
2026-09-03,마하그리드,4547401,UNIT-01 PIGMENT HOODIE PURPLE(MG2EFMM402B),0.0,0,76300,76300,,0,,,24.84,0,low,12.7,3,1,none,,9,https://www.musinsa.com/products/4547401
2026-09-03,베이직하우스,4548617,여성 하이웨스트 와이드핏 히든밴딩 슬랙스 LAPT0201,0.0,0,35900,35900,,0,,,30.91,0,low,8.31,3,1,none,,9,https://www.musinsa.com/products/4548617
2026-09-03,오픈야드(오와이),4552329,B.S FLEECE PANTS-IVORY/KHAKI,0.0,0,75600,75600,,0,,,24.84,0,low,12.7,3,1,none,,9,https://www.musinsa.com/products/4552329
2026-09-03,오픈야드(오와이),4552969,BLACK CAT KNIT HOODIE-BLACK,0.0,0,55600,55600,,0,,,24.83,0,low,12.7,3,1,none,,9,https://www.musinsa.com/products/4552969
2026-09-03,제너럴아이디어,4563081,뉴스보이 캡 [2COL] / WBD4L91526,0.0,0,26000,26000,23000,1,3000,13.04,100.0,1,medium,23.99,6,3,none,,9,https://www.musinsa.com/products/4563081
2026-09-03,엘엠알,4568393,샹뇽이 파우치 키링 브라운,0.0,0,20000,20000,,0,,,30.9,0,low,8.31,3,1,none,,9,https://www.musinsa.com/products/4568393
2026-09-03,와이케이,4576073,헤어리 리본 바라클라바 핑크,0.0,0,27300,27300,27300,0,0,0.0,100.0,1,high,23.99,7,3,none,,9,https://www.musinsa.com/products/4576073
2026-09-03,파르티멘토우먼,4576393,리브드 핑거 홀 니트 글로브_브라운,0.0,0,25920,25920,29160,1,-3240,-11.11,100.0,1,medium,24.32,5,2,none,,9,https://www.musinsa.com/products/4576393
2026-09-03,다이닛,4578953,STUD POCKET BIG BAG IN BLACK,0.0,0,150480,150480,,0,,,24.83,0,low,12.7,3,1,none,,9,https://www.musinsa.com/products/4578953
2026-09-03,내셔널지오그래픽,4580425,N255ACR540 아콘 메신저백 WHITE,0.0,0,63360,63360,,0,,,24.83,0,low,12.7,3,1,none,,9,https://www.musinsa.com/products/4580425
2026-09-03,커버낫,4582537,서울 티셔츠 화이트,0.0,0,31590,31590,31590,0,0,0.0,100.0,1,high,24.35,5,2,none,,9,https://www.musinsa.com/products/4582537
2026-09-03,가까이유니언즈,4585801,원턱 해머 와이드 데님팬츠 블랙,0.0,0,35500,35500,35500,0,0,0.0,100.0,1,high,24.0,6,2,none,,9,https://www.musinsa.com/products/4585801
2026-09-03,트립르센스,4585929,펜던트 스트라이프 하프 집업 니트_네이비,0.0,0,65600,65600,65600,0,0,0.0,100.0,1,high,23.99,7,3,none,,9,https://www.musinsa.com/products/4585929
2026-09-03,시야쥬,4586633,SIKN2128 캐시미어 블렌드 크루넥 니트_Red,0.0,0,126000,126000,126000,0,0,0.0,100.0,1,high,24.35,5,2,none,,9,https://www.musinsa.com/products/4586633
2026-09-03,언탭트스튜디오,4587721,1996 STUDIO 스웨트 오버핏 후드티셔츠 5Color,0.0,0,14940,14940,14940,0,0,0.0,39.01,0,low,23.87,6,1,none,,9,https://www.musinsa.com/products/4587721
2026-09-03,놈브레,4605001,사이드 디테일 와이드 스웻 팬츠 [멜란지그레이/멜란지그레이 기모],0.0,0,28800,28800,,0,,,27.35,0,low,10.31,3,1,none,,9,https://www.musinsa.com/products/4605001
2026-09-03,스케이터락,4611913,Karabiner Curve Cuban Chain Surgical Steel Necklace ((Steel)),0.0,0,31200,31200,,0,,,24.83,0,low,12.7,3,1,none,,9,https://www.musinsa.com/products/4611913
2026-09-03,마인드브릿지우먼,4613065,[W]두굿_슬림테이퍼드슬랙스 MYPT6211,0.0,0,19900,19900,19900,0,0,0.0,100.0,1,high,24.0,6,2,none,,9,https://www.musinsa.com/products/4613065
2026-09-03,어나더오피스,4614665,Overlay Ribbed Socks (Heather Charcoal),0.0,0,12420,12420,12420,0,0,0.0,81.98,0,low,24.02,6,3,none,,9,https://www.musinsa.com/products/4614665
2026-09-03,트리밍버드,4616073,Alpaca Boucle Open Shoulder Knit [ Black ],0.0,0,175200,175200,175200,0,0,0.0,100.0,1,high,24.02,7,3,none,,9,https://www.musinsa.com/products/4616073
2026-09-03,그레이버,4622985,[UNISEX]사이드 후드 드로잉스마일 후드티_코발트블루,0.0,0,37500,37500,,0,,,30.87,0,low,8.32,3,1,none,,9,https://www.musinsa.com/products/4622985
2026-09-03,유니온블루,4623177,[DESK] GRAND CRU WOOL V-NECK KNIT [MELANGE GRAY],0.0,0,95580,95580,95580,0,0,0.0,100.0,1,high,23.99,6,3,none,,9,https://www.musinsa.com/products/4623177
2026-09-03,디키즈,4626185,X 떠그클럽 후프 후디 Beige,0.0,0,437400,437400,,0,,,18.02,0,low,6.24,2,1,none,,9,https://www.musinsa.com/products/4626185
2026-09-03,론론,4649033,HANDMADE HEART SLEEVE POINT PULLOVER KNIT CREAM PINK,0.0,0,103680,103680,116640,1,-12960,-11.11,100.0,1,medium,24.02,7,3,none,,9,https://www.musinsa.com/products/4649033
2026-09-03,테켓,4650825,Wishes Stripe Shirt Sky Blue,0.0,0,119000,119000,,0,,,30.86,0,low,8.32,3,1,none,,9,https://www.musinsa.com/products/4650825
2026-09-03,매스노운,4659529,다이아몬드 스파크 비니 MFFAC001-WT,0.0,0,35100,35100,,0,,,18.0,0,low,6.24,2,1,none,,9,https://www.musinsa.com/products/4659529
2026-09-03,무드인사이드,4660169,리사이클 울 라운드 니트_10Color,0.0,0,29900,29900,29900,0,0,0.0,100.0,1,high,23.99,7,3,none,,9,https://www.musinsa.com/products/4660169
2026-09-03,무센트,4664713,볼리 뽀글 양털 후리스 플리스 후드 집업 남녀공용 (2컬러),0.4,25012,63020,63020,63020,0,0,0.0,100.0,1,high,24.36,5,2,none,,9,https://www.musinsa.com/products/4664713
2026-09-03,엘엠씨,4672841,FN OG LONG SLV TEE black,0.0,0,48600,48600,,0,,,18.0,0,low,6.24,2,1,none,,9,https://www.musinsa.com/products/4672841
2026-09-03,엔와이엑스엑스,4681929,SWEAT VARSITY JACKET BEIGE,0.0,0,54500,54500,,0,,,30.84,0,low,8.32,3,1,none,,9,https://www.musinsa.com/products/4681929
2026-09-03,더콜디스트모먼트,4684041,TCM stripe hooded zip-up (grey/whiteivory),0.47,45173,96390,96390,,0,,,24.81,0,low,12.7,3,1,none,1,9,https://www.musinsa.com/products/4684041
2026-09-03,브론슨,4684745,1980s USAF Pilot Nylon Helmet Bag Black,2.0,142200,71100,71100,71100,0,0,0.0,90.87,0,low,9.52,8,5,none,,9,https://www.musinsa.com/products/4684745
2026-09-03,데상트,4687241,스포츠테리 카고 조거 팬츠 네이비(SQ123UKP12),0.0,0,64500,64500,,0,,,30.84,0,low,8.32,3,1,none,,9,https://www.musinsa.com/products/4687241
2026-09-03,유니폼브릿지,4687369,pocket polo knit oatmeal,0.0,0,55600,55600,55600,0,0,0.0,100.0,1,high,23.99,6,3,none,,9,https://www.musinsa.com/products/4687369
2026-09-03,로제프란츠,4693897,Handmade Wool Balaclava [Butter],0.0,0,25960,25960,25960,0,0,0.0,82.02,0,low,25.2,4,1,none,,9,https://www.musinsa.com/products/4693897
2026-09-03,헬레네파리스,4694281,페이즐 핀 포인트 셔츠 [차콜 ST],0.0,0,32400,32400,32400,0,0,0.0,100.0,1,high,24.02,7,3,none,,9,https://www.musinsa.com/products/4694281
2026-09-03,하아카이브,4695561,컨투어 벨티드 백 (나일론 블랙),1.03,74073,72090,72090,72090,0,0,0.0,100.0,1,high,24.33,12,2,none,,9,https://www.musinsa.com/products/4695561
2026-09-03,무드인사이드,4696393,미니멀 경량 후디드 패딩 자켓 _White,1.0,44900,44900,44900,44900,0,0,0.0,73.25,0,low,12.7,6,2,none,,9,https://www.musinsa.com/products/4696393
2026-09-03,그루브라임,4697289,남)미니쮸리 기본핏 원색분해 티셔츠 [FRNFCTR104M],0.0,0,13020,13020,13020,0,0,0.0,100.0,1,high,23.99,7,3,none,,9,https://www.musinsa.com/products/4697289
2026-09-03,로제프란츠,4697481,Leopard Heart Hoodie [Gray],0.0,0,49840,49840,49840,0,0,0.0,82.02,0,low,25.2,4,1,none,,9,https://www.musinsa.com/products/4697481
2026-09-03,파브레가,4699529,안토니 스트라이프 셔츠 (베이지),3.16,218991,69300,69300,69300,0,0,0.0,100.0,1,high,9.06,14,6,none,,9,https://www.musinsa.com/products/4699529
2026-09-03,아틀리에나인,4699657,ESSENTIAL WOOL DOUBLE COLOR CARDIGAN(CD-2192),0.0,0,70560,70560,70560,0,0,0.0,100.0,1,high,24.0,6,2,none,,9,https://www.musinsa.com/products/4699657
2026-09-03,엑스컨테이너,4702601,워시드 와이드 벌룬핏 데님 팬츠 (FADE BLUE),0.0,0,47200,47200,47200,0,0,0.0,90.89,0,low,24.33,4,1,none,,9,https://www.musinsa.com/products/4702601
2026-09-03,지프,4704329,에센셜 스몰로고 후드집업 (JQ5TZU002MB),0.89,41629,46800,46800,,0,,,30.83,0,low,8.32,3,1,none,1,9,https://www.musinsa.com/products/4704329
2026-09-03,더블유엠씨,4705161,투톤 코듀로이 워크팬츠_CHARCOAL GREY,0.0,0,159000,159000,159000,0,0,0.0,100.0,1,high,23.99,7,3,none,,9,https://www.musinsa.com/products/4705161
2026-09-03,마인드브릿지우먼,4705417,[W][COUTURE]데님 트러커 자켓,0.0,0,39900,39900,39900,0,0,0.0,100.0,1,high,24.0,6,2,none,,9,https://www.musinsa.com/products/4705417
2026-09-03,엘무드,4705545,아일랜드 텐셀 린넨 풀오버 니트 포레스트,0.0,0,49000,49000,49000,0,0,0.0,100.0,1,high,24.37,5,2,none,,9,https://www.musinsa.com/products/4705545
2026-09-03,베이직하우스,4707913,여성 레귤러핏 크루넥 긴팔티 블랙 LZTS3215,0.0,0,22900,22900,,0,,,30.83,0,low,8.32,3,1,none,,9,https://www.musinsa.com/products/4707913
2026-09-03,베이직하우스,4707977,여성 포플린 세미오버핏 긴팔셔츠 화이트 LZWS0201,0.0,0,30900,30900,,0,,,30.83,0,low,8.32,3,1,none,,9,https://www.musinsa.com/products/4707977
2026-09-03,프렌다,4708681,PRDA BIG PATCH LOGO WIDE PANTS NAVY,0.0,0,27600,27600,34500,1,-6900,-20.0,100.0,1,medium,23.99,7,3,none,,9,https://www.musinsa.com/products/4708681
2026-09-03,프렌다,4708809,PRDA FRILL SKIRT WIDE PANTS DARK CHARCOAL,1.27,41157,32466,31150,37380,1,-6230,-16.67,100.0,1,medium,23.99,7,3,none,,9,https://www.musinsa.com/products/4708809
2026-09-03,엠엠엘지,4709001,[Mmlg] MM COTTON REGULAR PANTS (OFF WHITE),0.0,0,65400,65400,,0,,,30.82,0,low,8.32,3,1,none,,9,https://www.musinsa.com/products/4709001
2026-09-03,내셔널지오그래픽,4709065,N251UJP980 페커리 2L 소프트쉘 점퍼 CARBON BLACK,0.0,0,125370,125370,,0,,,24.78,0,low,12.7,3,1,none,,9,https://www.musinsa.com/products/4709065
2026-09-03,아메스월드와이드,4709385,BIG TYPO HOODIE ZIP UP BLUE,0.0,0,56960,56960,56960,0,0,0.0,100.0,1,high,24.33,5,2,none,,9,https://www.musinsa.com/products/4709385
2026-09-03,후드후드,4711113,에일리언 젤리 케이스 Ver.2,0.0,0,19440,19440,19440,0,0,0.0,82.03,0,low,25.2,4,1,none,,9,https://www.musinsa.com/products/4711113
2026-09-03,키르시,4716937,키르시 플레인 버튼 포인트 스웨트셔츠 [멜란지 그레이],0.0,0,35400,35400,35400,0,0,0.0,100.0,1,high,24.37,5,2,none,,9,https://www.musinsa.com/products/4716937
2026-09-03,일꼬르소,4722697,컴뱃 컴포트 셔츠 콘크리트그레이 IESH5E106CG,0.0,0,54500,54500,54500,0,0,0.0,100.0,1,high,24.37,5,2,none,,9,https://www.musinsa.com/products/4722697
2026-09-03,더콜디스트모먼트,4723721,TCM totally hooded zip-up (grey),0.94,60362,64500,64500,,0,,,24.77,0,low,12.7,3,1,none,2,9,https://www.musinsa.com/products/4723721
2026-09-03,데상트,4727561,영애슬릿 디마라톤 V2 크림(SQ12JLCR31),0.0,0,94050,94050,,0,,,30.81,0,low,8.32,3,1,none,,9,https://www.musinsa.com/products/4727561
2026-09-03,내셔널지오그래픽,4728393,N251WJP050 여성 마르쉬 카라 중기장 점퍼 CARBON BLACK,0.0,0,105120,105120,,0,,,24.76,0,low,12.7,3,1,none,,9,https://www.musinsa.com/products/4728393
2026-09-03,필루미네이트,4728713,데일리 워싱 데님 팬츠-인디고,0.0,0,39000,39000,39000,0,0,0.0,100.0,1,high,23.99,7,3,none,,9,https://www.musinsa.com/products/4728713
2026-09-03,데상트,4728905,우먼스 썬바이저 화이트(SQ122UCP13),0.0,0,34500,34500,,0,,,30.81,0,low,8.32,3,1,none,,9,https://www.musinsa.com/products/4728905
2026-09-03,미나브,4729865,아카이브 심볼 나그랑 티셔츠 [블랙],0.0,0,35100,35100,35100,0,0,0.0,100.0,1,high,23.99,7,3,none,,9,https://www.musinsa.com/products/4729865
2026-09-03,라티젠,4730569,L15 LETTERING KNIT(BLACK),0.0,0,43200,43200,,0,,,27.31,0,low,10.31,3,1,none,,9,https://www.musinsa.com/products/4730569
2026-09-03,라티젠,4730761,L15 TAPE CARDIGAN(BLACK),0.0,0,40200,40200,,0,,,27.31,0,low,10.31,3,1,none,,9,https://www.musinsa.com/products/4730761
2026-09-03,드로우핏,4730953,아크만 코튼 다잉 워크 셔츠 [CHARCOAL],0.0,0,55800,55800,55800,0,0,0.0,82.05,0,low,25.2,4,1,none,,9,https://www.musinsa.com/products/4730953
2026-09-03,오픈야드(오와이),4732489,EAR LOGO BEANIE - GREY,0.0,0,44100,44100,,0,,,24.76,0,low,12.7,3,1,none,,9,https://www.musinsa.com/products/4732489
2026-09-03,그레이버,4732553,[UNISEX]GRAR-OF 후드티_4color,0.0,0,52000,52000,,0,,,30.81,0,low,8.32,3,1,none,,9,https://www.musinsa.com/products/4732553
2026-09-03,오픈야드(오와이),4732809,MODULAR PANEL LIGHT SHELL JACKET - BLACK,0.0,0,55600,55600,,0,,,24.75,0,low,12.7,3,1,none,,9,https://www.musinsa.com/products/4732809
2026-09-03,노매뉴얼,4734281,K.T DENIM PANTS - WASHED BLUE,0.0,0,88200,88200,88200,0,0,0.0,90.94,0,low,24.33,4,1,none,,9,https://www.musinsa.com/products/4734281
2026-09-03,디스이즈네버댓,4735369,Volcano W Crewneck Charcoal,0.0,0,49500,49500,49500,0,0,0.0,100.0,1,high,24.37,5,2,none,,9,https://www.musinsa.com/products/4735369
2026-09-03,엠엘비,4735497,스포티브 배색 장목양말 LA (Mg.Blue),0.0,0,11900,11900,,0,,,27.3,0,low,10.31,3,1,none,,9,https://www.musinsa.com/products/4735497
2026-09-03,나이스고스트클럽,4737865,3STARS LIGHTWEIGHT WINDBREAKER_BLACK(NG2FSUJ200A),0.0,0,53460,53460,53460,0,0,0.0,100.0,1,high,23.99,7,3,none,,9,https://www.musinsa.com/products/4737865
2026-09-03,이미스,4740553,CORDUROY TWO-TONE BALL CAP-LIGHT PINK,0.0,0,44100,44100,,0,,,27.3,0,low,10.31,3,1,none,,9,https://www.musinsa.com/products/4740553
2026-09-03,튜드먼트,4741577,RIBBON LAYERED SKIRT BLACK,0.0,0,56960,56960,,0,,,27.3,0,low,10.31,3,1,none,,9,https://www.musinsa.com/products/4741577
2026-09-03,러프사이드,4741641,Primary Long Sleeve Black,0.0,0,69000,69000,69000,0,0,0.0,100.0,1,high,24.55,5,2,none,,9,https://www.musinsa.com/products/4741641
2026-09-03,샌드뮤지엄,4741961,CACTUS HOBO BAG MINI [Silver],0.0,0,110300,110300,,0,,,27.29,0,low,10.31,3,1,none,,9,https://www.musinsa.com/products/4741961
2026-09-03,알리스,4743433,워셔블 레이어드 헨리넥 니트티셔츠 [크림베이지],0.9,39651,44200,44200,44200,0,0,0.0,90.97,0,low,24.34,4,1,none,,9,https://www.musinsa.com/products/4743433
2026-09-03,어반스터프,4745097,백 포켓 아트워크 데님 팬츠 (인디고),0.0,0,63750,63750,,0,,,30.8,0,low,8.32,3,1,none,,9,https://www.musinsa.com/products/4745097
2026-09-03,언더오프,4751241,레이어드 크루넥 롱슬리브 1992아치 티셔츠 화이트,0.0,0,19920,19920,19920,0,0,0.0,100.0,1,high,24.38,5,2,none,,9,https://www.musinsa.com/products/4751241
2026-09-03,와이케이,4752265,MLTS 볼캡 그린,0.0,0,36750,36750,36750,0,0,0.0,100.0,1,high,23.99,7,3,none,,9,https://www.musinsa.com/products/4752265
2026-09-03,락케이크,4753673,Logo Patch Full Zip Hoodie - Charcoal,0.0,0,95200,95200,95200,0,0,0.0,100.0,1,high,23.99,7,3,none,,9,https://www.musinsa.com/products/4753673
2026-09-03,트래블,4756681,밀 트윌 리벳 벌룬 팬츠 아이보리,0.0,0,60000,60000,60000,0,0,0.0,100.0,1,high,23.99,7,3,none,,9,https://www.musinsa.com/products/4756681
2026-09-03,트래블,4756873,카펜터 디스트로이드 버뮤다 데님 쇼츠 인디고 블루,0.0,0,39500,39500,39500,0,0,0.0,100.0,1,high,23.99,7,3,none,,9,https://www.musinsa.com/products/4756873
2026-09-03,트래블,4757001,엠보 스타 롱 슬리브 차콜,2.0,59200,29600,29600,29600,0,0,0.0,100.0,1,high,23.99,21,11,none,,9,https://www.musinsa.com/products/4757001
2026-09-03,커스텀어클락,4757705,코튼 루즈핏 워시드 블레이저 블랙 COOSJK039BLACK,2.18,170700,78400,78400,78400,0,0,0.0,100.0,1,high,24.38,12,2,none,,9,https://www.musinsa.com/products/4757705
2026-09-03,더니트컴퍼니,4758153,(M) 파인 울 트랙 팬츠 2color,0.0,0,153300,153300,153300,0,0,0.0,82.06,0,low,25.2,4,1,none,,9,https://www.musinsa.com/products/4758153
2026-09-03,언탭트스튜디오,4759049,[2PACK]빈티지 프론트 워싱 원턱 와이드 데님팬츠 2COLOR,0.0,0,74170,74170,74170,0,0,0.0,100.0,1,high,23.99,7,3,none,,9,https://www.musinsa.com/products/4759049
2026-09-03,파르티멘토우먼,4760137,PWC 콘트라스트 바인딩 브이넥 탑_네이비,0.13,3357,25920,25920,29160,1,-3240,-11.11,100.0,1,medium,24.34,5,2,none,,9,https://www.musinsa.com/products/4760137
2026-09-03,파르티멘토우먼,4760265,PWC 스트라이프 저지 와이드 팬츠_블랙,0.0,0,38880,38880,43740,1,-4860,-11.11,100.0,1,medium,24.34,5,2,none,,9,https://www.musinsa.com/products/4760265
2026-09-03,세컨모놀로그,4764489,Waffle Track Jacket [BLACK]_SEJK022BLACK,1.58,103591,65400,65400,65400,0,0,0.0,100.0,1,high,24.38,5,2,none,,9,https://www.musinsa.com/products/4764489
2026-09-03,제로,4768009,브러시 워시드 오버 데님 팬츠,0.0,0,22500,22500,22500,0,0,0.0,35.47,0,low,24.56,4,1,none,,9,https://www.musinsa.com/products/4768009
2026-09-03,유니온블루,4768393,HARD TWIST COTTON RIBBED KNIT [BLUE GRAY],0.0,0,79380,79380,79380,0,0,0.0,100.0,1,high,23.99,6,3,none,,9,https://www.musinsa.com/products/4768393
2026-09-03,디앤에스알,4768585,크롭 하트 후디 그레이,0.0,0,34800,34800,34800,0,0,0.0,100.0,1,high,24.56,5,2,none,,9,https://www.musinsa.com/products/4768585
2026-09-03,디앤에스알,4768777,에센셜 링클 셔츠 스카이블루,0.0,0,49200,49200,49200,0,0,0.0,100.0,1,high,24.56,5,2,none,,9,https://www.musinsa.com/products/4768777
2026-09-03,제너럴아이디어,4771849,파인 플리츠 미디스커트 [BEIGE] / WBE1L13510,0.0,0,50400,50400,50400,0,0,0.0,100.0,1,high,23.99,6,3,none,,9,https://www.musinsa.com/products/4771849
2026-09-03,유희,4772745,GRAPHIC TRACK JERSEY SWEAT SHIRTS WHITE,0.0,0,39160,39160,,0,,,30.77,0,low,8.32,3,1,none,,9,https://www.musinsa.com/products/4772745
2026-09-03,유니폼브릿지,4773001,001 5p denim pants 11oz natural,0.0,0,64500,64500,64500,0,0,0.0,100.0,1,high,23.99,6,3,none,,9,https://www.musinsa.com/products/4773001
2026-09-03,프리즘웍스,4773257,BACKSATIN M65 FIELD PANTS _ CREAM,0.0,0,86940,86940,86940,0,0,0.0,100.0,1,high,24.02,7,3,none,,9,https://www.musinsa.com/products/4773257
2026-09-03,세컨모놀로그,4773769,골지 스트럭처드 라운드넥 가디건 [GRAY]_SECD004GRAY,0.59,16365,27600,27600,27600,0,0,0.0,100.0,1,high,24.39,5,2,none,,9,https://www.musinsa.com/products/4773769
2026-09-03,예스아이씨,4774025,[25FW] C-Logo Sweatshirt Charcoal,0.0,0,55300,55300,,0,,,30.76,0,low,8.32,3,1,none,,9,https://www.musinsa.com/products/4774025
2026-09-03,모즈모즈,4779977,워킹모즈 오버핏 피그먼트 반팔 티셔츠 블루,6.31,187933,29800,29800,29800,0,0,0.0,100.0,1,high,10.3,22,7,none,,9,https://www.musinsa.com/products/4779977
2026-09-03,데케트,4783753,Tin Washed Wide Jeans DCPT059IceBlueB,0.0,0,48300,48300,48300,0,0,0.0,91.03,0,low,24.34,4,1,none,,9,https://www.musinsa.com/products/4783753
2026-09-03,카네이테이,4784073,DISTRESSED DOUBT CREWNECK (BLUE),0.0,0,78210,78210,78210,0,0,0.0,100.0,1,high,23.99,6,3,none,,9,https://www.musinsa.com/products/4784073
2026-09-03,로라로라,4784649,HALTER NECK LAYERED ONEPIECE GRAY,0.0,0,87680,87680,,0,,,27.27,0,low,10.31,3,1,none,,9,https://www.musinsa.com/products/4784649
2026-09-03,이미스,4785481,GLOSSY PADDED TOTE BAG-PINK,0.0,0,89100,89100,,0,,,27.26,0,low,10.31,2,1,none,,9,https://www.musinsa.com/products/4785481
2026-09-03,아티스트웨어,4787465,[ATW] 플레임 이지 후드,0.0,0,69300,69300,,0,,,24.71,0,low,12.7,3,1,none,,9,https://www.musinsa.com/products/4787465
2026-09-03,브랜디드,4787977,BRUSHED ALPACA CARDIGAN [BLACK],0.78,105642,135150,135150,135150,0,0,0.0,82.08,0,low,25.2,4,1,none,,9,https://www.musinsa.com/products/4787977
2026-09-03,일꼬르소,4789961,CORSO BONE HEART 반팔 티셔츠 블랙 IETS5E412BK,0.0,0,30260,30260,30260,0,0,0.0,100.0,1,high,24.39,5,2,none,,9,https://www.musinsa.com/products/4789961
2026-09-03,쿠어,4790537,세미오버핏 코튼 크로셰 가디건 (다크브라운),0.0,0,200000,200000,200000,0,0,0.0,100.0,1,high,24.56,5,2,none,,9,https://www.musinsa.com/products/4790537
2026-09-03,파르티멘토우먼,4791433,오픈워크 어시매트릭 집업 후디 니트_아이보리,0.0,0,68400,68400,76950,1,-8550,-11.11,100.0,1,medium,24.35,5,2,none,,9,https://www.musinsa.com/products/4791433
2026-09-03,프리즘웍스,4791753,HOMEWARD BOUND SWEATSHIRT _ OATMEAL,0.0,0,37200,37200,37200,0,0,0.0,100.0,1,high,24.02,7,3,none,,9,https://www.musinsa.com/products/4791753
2026-09-03,미드나잇무브,4792713,cut sl pants (blue),0.0,0,26400,26400,,0,,,27.25,0,low,7.49,3,1,none,,9,https://www.musinsa.com/products/4792713
2026-09-03,내셔널지오그래픽,4794249,N252UFT840 경량 우븐 후드 풀집업 TURQUOISE,0.0,0,105840,105840,,0,,,24.71,0,low,12.7,3,1,none,,9,https://www.musinsa.com/products/4794249
2026-09-03,링서울,4794697,slub v-neck knit cardigan-oatmeal,0.0,0,72800,72800,81900,1,-9100,-11.11,100.0,1,medium,23.99,7,3,none,,9,https://www.musinsa.com/products/4794697
2026-09-03,니티드,4797641,(W) 베이직 에센셜 워셔블 브이넥 가디건 BEIGE,0.0,0,39700,39700,39700,0,0,0.0,82.08,0,low,25.2,4,1,none,,9,https://www.musinsa.com/products/4797641
2026-09-03,커버낫,4797833,C 로고 다잉 옥스포드 셔츠 Ivory,0.0,0,44100,44100,44100,0,0,0.0,100.0,1,high,24.39,5,2,none,,9,https://www.musinsa.com/products/4797833
2026-09-03,커버낫,4797897,워크 자켓 Charcoal,0.0,0,107100,107100,107100,0,0,0.0,100.0,1,high,24.39,5,2,none,,9,https://www.musinsa.com/products/4797897
2026-09-03,아캄,4798601,Western Vintage Check Shirts (Black),0.0,0,115500,115500,115500,0,0,0.0,100.0,1,high,24.56,5,2,none,,9,https://www.musinsa.com/products/4798601
2026-09-03,아캄,4798729,Camouflage Knit Zip-Up Cardigan (Khaki),0.0,0,117600,117600,117600,0,0,0.0,100.0,1,high,24.56,5,2,none,,9,https://www.musinsa.com/products/4798729
2026-09-03,인사일런스우먼,4800905,사이드라인 컷 데님 BLACK,0.0,0,111200,111200,111200,0,0,0.0,100.0,1,high,24.02,7,3,none,,9,https://www.musinsa.com/products/4800905
2026-09-03,엠엠엘지,4802953,[Mmlg] WE LOGO POCKET HF-T (POWDER PINK),0.0,0,31500,31500,,0,,,30.73,0,low,8.32,3,1,none,,9,https://www.musinsa.com/products/4802953
2026-09-03,데상트,4803401,영애슬릿 크론 슬립온 화이트(SQ12JLSN31),0.0,0,84550,84550,,0,,,30.73,0,low,8.32,3,1,none,,9,https://www.musinsa.com/products/4803401
2026-09-03,로우클래식,4808073,HENRY NECK LONG SLEEVE T-SHIRT_MELANGE GREY_LC253TS03MG,0.0,0,61750,61750,55580,1,6170,11.1,100.0,1,medium,24.02,7,3,none,,9,https://www.musinsa.com/products/4808073
2026-09-03,필루미네이트,4808777,어반 라이트 백 팩-핑크,0.0,0,49000,49000,49000,0,0,0.0,100.0,1,high,23.99,7,3,none,,9,https://www.musinsa.com/products/4808777
2026-09-03,라이프워크,4812041,실루엣 라독 에코백,0.0,0,49000,49000,,0,,,30.72,0,low,8.32,3,1,none,,9,https://www.musinsa.com/products/4812041
2026-09-03,앤더슨벨,4813577,유니섹스 웨스턴 메리제인 로퍼 aaa465u(LEOPARD/BROWN),0.0,0,296460,296460,,0,,,30.71,0,low,8.32,3,1,none,,9,https://www.musinsa.com/products/4813577
2026-09-03,디스이즈네버댓,4813641,TNT International Hoodie Black,0.0,0,59500,59500,59500,0,0,0.0,100.0,1,high,24.4,5,2,none,,9,https://www.musinsa.com/products/4813641
2026-09-03,트위,4816009,루니아 시스루 라운드 배색 티셔츠,0.0,0,44910,44910,,0,,,27.24,0,low,10.31,2,1,none,,9,https://www.musinsa.com/products/4816009
2026-09-03,해칭룸,4816073,Raglan Tee Black/Moss Charcoal,1.0,78000,78000,78000,78000,0,0,0.0,91.08,0,low,9.52,8,5,none,,9,https://www.musinsa.com/products/4816073
2026-09-03,디앤에스알,4816265,솔트 워싱 크롭 후드집업 네이비,0.0,0,39600,39600,39600,0,0,0.0,35.43,0,low,24.56,4,1,none,,9,https://www.musinsa.com/products/4816265
2026-09-03,브룩스브라더스,4817417,슬림핏 코튼 스트레치 어드밴티지 치노 (그린) (BBPCMF8879IFS),0.0,0,89400,89400,89400,0,0,0.0,100.0,1,high,23.99,8,3,none,,9,https://www.musinsa.com/products/4817417
2026-09-03,유니폼브릿지,4817737,cotton fatigue pants wide fit navy,3.08,194599,63200,63200,63200,0,0,0.0,100.0,1,low,14.01,10,4,none,,9,https://www.musinsa.com/products/4817737
2026-09-03,유니폼브릿지,4817801,ubc stripe pocket s/s tee navy,0.0,0,41400,41400,41400,0,0,0.0,100.0,1,high,23.99,6,3,none,,9,https://www.musinsa.com/products/4817801
2026-09-03,유니폼브릿지,4818121,baseball two tone l/s tee(womens) charcoal,0.0,0,35600,35600,35600,0,0,0.0,100.0,1,high,23.99,6,3,none,,9,https://www.musinsa.com/products/4818121
2026-09-03,지프,4821193,[WOMEN] M-Logo 그래픽 반팔 티셔츠 (JQ5TSF173LV),0.0,0,23310,23310,,0,,,30.71,0,low,8.32,3,1,none,,9,https://www.musinsa.com/products/4821193
2026-09-03,넌블랭크,4824329,[여름]코튼 컴포트 셋업 수트_DARK GREY,0.0,0,199840,199840,199840,0,0,0.0,100.0,1,high,23.99,7,3,none,,9,https://www.musinsa.com/products/4824329
2026-09-03,노드유,4824521,마일드 헨리넥 라운드 니트 티셔츠 [블랙],0.0,0,35000,35000,,0,,,30.7,0,low,8.32,3,1,none,,9,https://www.musinsa.com/products/4824521
2026-09-03,인사일런스,4825097,TYPE-2 데님 자켓 BLUE,0.0,0,127440,127440,127440,0,0,0.0,100.0,1,high,24.4,5,2,none,,9,https://www.musinsa.com/products/4825097
2026-09-03,다이브인,4826569,LOOSED WIDE DENIM PANTS (RIBBED BLACK),0.0,0,79200,79200,79200,0,0,0.0,100.0,1,high,24.4,5,2,none,,9,https://www.musinsa.com/products/4826569
2026-09-03,팬시클럽,4827785,빈티지 데님 숏 팬츠 (SAND BROWN) FQD879,0.0,0,47810,47810,,0,,,24.69,0,low,12.7,3,1,none,,9,https://www.musinsa.com/products/4827785
2026-09-03,꼼파뇨,4829001,Bubble Heart 피그먼트 반팔티 바질그린,0.0,0,33800,33800,33800,0,0,0.0,91.09,0,low,24.36,4,1,none,,9,https://www.musinsa.com/products/4829001
2026-09-03,르바,4831625,Crochet Lace Skirt - Off White,0.0,0,139500,139500,139500,0,0,0.0,82.11,0,low,25.2,4,1,none,,9,https://www.musinsa.com/products/4831625
2026-09-03,제멋,4834185,워크맨 클래식 헤링턴 자켓 브라운 SOJK2605,0.0,0,67410,67410,67410,0,0,0.0,100.0,1,high,24.02,7,3,none,,9,https://www.musinsa.com/products/4834185
2026-09-03,이미스,4834633,MINI CORSAGE APPLIQUE SHOULDER BAG-SKY BLUE,0.0,0,80100,80100,,0,,,27.23,0,low,10.31,2,1,none,,9,https://www.musinsa.com/products/4834633
2026-09-03,유라고,4837065,[예리 착용] Tension ribbed sleeveless,0.0,0,26600,26600,26600,0,0,0.0,100.0,1,high,24.57,5,2,none,,9,https://www.musinsa.com/products/4837065
2026-09-03,밀로아카이브,4837641,더블 레이어드 디테일 팬츠 [에크루],0.0,0,76450,76450,76800,1,-350,-0.46,91.1,0,low,23.99,7,3,none,,9,https://www.musinsa.com/products/4837641
2026-09-03,제이엘브,4845385,제이엘브 빅로고 볼캡,0.0,0,28800,28800,28800,0,0,0.0,100.0,1,high,23.99,7,3,none,,9,https://www.musinsa.com/products/4845385
2026-09-03,시야쥬,4846345,SIOT4140 코어 트렌치 자켓_Cream,0.0,0,167000,167000,167000,0,0,0.0,100.0,1,high,24.4,5,2,none,,9,https://www.musinsa.com/products/4846345
2026-09-03,리메인세컨드,4846473,버뮤다 와이드 원턱 카펜터 스웨트 쇼츠 [그레이],2.35,60762,25900,25900,25900,0,0,0.0,100.0,1,high,24.57,10,7,none,,9,https://www.musinsa.com/products/4846473
2026-09-03,키르시,4850249,키르시 플레인 체리 슬림핏 슬리브리스 드레스 [다크 네이비],0.0,0,29400,29400,29400,0,0,0.0,100.0,1,high,24.41,5,2,none,,9,https://www.musinsa.com/products/4850249
2026-09-03,레터리,4850505,LR LACE RIBBON T-SHIRT_PINK,0.0,0,56960,56960,,0,,,30.68,0,low,8.32,3,1,none,,9,https://www.musinsa.com/products/4850505
2026-09-03,레터리,4850569,FLOWER PUNCHING MIDI SKIRT_2COLOR,0.0,0,60800,60800,,0,,,30.68,0,low,8.32,3,1,none,,9,https://www.musinsa.com/products/4850569
2026-09-03,에스피오나지,4852105,91 Denim Trucker Jacket Light Black,0.0,0,95400,95400,95400,0,0,0.0,100.0,1,high,24.02,7,3,none,,9,https://www.musinsa.com/products/4852105
2026-09-03,프리즘웍스,4853897,OVERSIZED WAFFLE POCKET TEE 002 _ LIGHT OLIVE,0.0,0,40600,40600,40600,0,0,0.0,100.0,1,high,24.02,7,3,none,,9,https://www.musinsa.com/products/4853897
2026-09-03,디스이즈네버댓,4854793,T.N.T. Classic HDP Sweatshort Shadow Plaid,0.0,0,63200,63200,63200,0,0,0.0,100.0,1,high,24.41,5,2,none,,9,https://www.musinsa.com/products/4854793
2026-09-03,디스이즈네버댓,4854857,(SS25) INTL. Logo Tee Dark Grey,0.0,0,47200,47200,47200,0,0,0.0,100.0,1,high,24.41,5,2,none,,9,https://www.musinsa.com/products/4854857
2026-09-03,디스이즈네버댓,4854921,Faded Stadium Jacket Beige,0.0,0,104500,104500,104500,0,0,0.0,100.0,1,high,24.41,5,2,none,,9,https://www.musinsa.com/products/4854921
2026-09-03,1993스튜디오,4855049,뉴 어센틱 로고 티셔츠_화이트,0.0,0,27300,27300,27300,0,0,0.0,100.0,1,high,24.41,5,2,none,,9,https://www.musinsa.com/products/4855049
2026-09-03,1993스튜디오,4855177,90S 아치 트랙 티셔츠_그레이,0.0,0,44100,44100,44100,0,0,0.0,100.0,1,high,24.41,5,2,none,,9,https://www.musinsa.com/products/4855177
2026-09-03,트립르센스,4859209,시드 스톤 네크리스_터키 블루,0.0,0,58400,58400,58400,0,0,0.0,100.0,1,high,23.99,7,3,none,,9,https://www.musinsa.com/products/4859209
2026-09-03,낫포너드,4861449,Stripe Cargo Flare Fit Pants - Red,0.0,0,46500,46500,46500,0,0,0.0,82.14,0,low,25.21,4,1,none,,9,https://www.musinsa.com/products/4861449
2026-09-03,유희,4863113,GRAPHIC TRACK JERSEY SMOKING T-SHIRT NAVY,0.0,0,60520,60520,,0,,,30.67,0,low,8.32,3,1,none,,9,https://www.musinsa.com/products/4863113
2026-09-03,로제프란츠,4864201,Bridal Ball Cap [Black],0.0,0,41800,41800,41800,0,0,0.0,82.14,0,low,25.21,4,1,none,,9,https://www.musinsa.com/products/4864201
2026-09-03,론론,4865481,HEART STAR HAND STITCH OVERFIT CROP KNIT BLACK,0.0,0,71280,71280,80190,1,-8910,-11.11,100.0,1,medium,24.02,7,3,none,,9,https://www.musinsa.com/products/4865481
2026-09-03,아티스트웨어,4866313,[ATW] 웰컴 반팔티,0.0,0,44100,44100,,0,,,24.67,0,low,12.7,3,1,none,,9,https://www.musinsa.com/products/4866313
2026-09-03,엘무드,4873801,쥬얼 트리밍 하프 티셔츠 블랙,0.0,0,29500,29500,29500,0,0,0.0,100.0,1,high,24.41,5,2,none,,9,https://www.musinsa.com/products/4873801
2026-09-03,그레이버,4875017,[UNISEX]GT_DUSTY 빈티지 래글런 롱슬리브 티셔츠_3color,0.0,0,36400,36400,,0,,,30.65,0,low,8.33,3,1,none,,9,https://www.musinsa.com/products/4875017
2026-09-03,칙스,4875337,유원 트랙 팬츠 블랙 (기본/양기모ver),0.0,0,55920,55920,62910,1,-6990,-11.11,100.0,1,medium,24.02,7,3,none,,9,https://www.musinsa.com/products/4875337
2026-09-03,오픈야드(오와이),4875465,WIDE BERMUDA DENIM SHORTS - BLACK,0.0,0,71200,71200,,0,,,24.67,0,low,12.7,3,1,none,,9,https://www.musinsa.com/products/4875465
2026-09-03,디스이즈네버댓,4875721,TNT_Mickey_Two Tone Cap Navy/Yellow,0.0,0,41300,41300,41300,0,0,0.0,100.0,1,high,24.41,5,2,none,,9,https://www.musinsa.com/products/4875721
2026-09-03,썬러브투어,4876937,PERTEX® Total Shell Jacket Charcoal,0.0,0,118440,118440,118440,0,0,0.0,100.0,1,high,23.99,7,3,none,,9,https://www.musinsa.com/products/4876937
2026-09-03,이티씨이,4881289,FEATHER DAMAGE KNIT (BLACK),0.0,0,91200,91200,,0,,,24.66,0,low,12.7,3,1,none,,9,https://www.musinsa.com/products/4881289
2026-09-03,몰든,4885961,텍스트 스트랩 크롭탑,0.0,0,22240,22240,22240,0,0,0.0,100.0,1,high,23.99,7,3,none,,9,https://www.musinsa.com/products/4885961
2026-09-03,키뮤어,4886217,써머 와이드 데님 팬츠_빈티지 블루,0.0,0,27450,27450,27450,0,0,0.0,100.0,1,high,24.02,7,3,none,,9,https://www.musinsa.com/products/4886217
2026-09-03,썸웨어버터,4888777,Nylon Fle Backpack - 3Color,0.0,0,127200,127200,127200,0,0,0.0,100.0,1,high,23.99,7,3,none,,9,https://www.musinsa.com/products/4888777
2026-09-03,더콜디스트모먼트,4895241,TCM next T (grey),0.0,0,37260,37260,,0,,,24.65,0,low,12.7,3,1,none,,9,https://www.musinsa.com/products/4895241
2026-09-03,더바넷,4895753,Candy Tuft Flower Case_Mint,0.0,0,31500,31500,31500,0,0,0.0,82.16,0,low,25.21,4,1,none,,9,https://www.musinsa.com/products/4895753
2026-09-03,배드블러드,4896777,미스틱 1/2 프린트 티셔츠 슬림핏 - 그레이,0.0,0,44000,44000,44000,0,0,0.0,100.0,1,high,24.02,7,3,none,,9,https://www.musinsa.com/products/4896777
2026-09-03,마인드브릿지,4898697,[쿨]테이퍼드 트리코트 밴딩 팬츠,0.0,0,49900,49900,49900,0,0,0.0,91.14,0,low,24.36,4,1,none,,9,https://www.musinsa.com/products/4898697
2026-09-03,마인드브릿지,4898825,두굿_소로나 쿨 터치 슬리브리스 - 2color,0.0,0,19900,19900,19900,0,0,0.0,91.14,0,low,24.37,4,1,none,,9,https://www.musinsa.com/products/4898825
2026-09-03,마인드브릿지우먼,4898953,[W]데님반바지_DG,0.0,0,39900,39900,39900,0,0,0.0,100.0,1,high,24.0,6,2,none,,9,https://www.musinsa.com/products/4898953
2026-09-03,마인드브릿지우먼,4899081,[W][쿨]슬림 테이퍼드 밴딩 슬랙스 - 2color,0.0,0,39900,39900,39900,0,0,0.0,100.0,1,high,24.0,6,2,none,,9,https://www.musinsa.com/products/4899081
2026-09-03,키르시,4904585,데미지 워싱 데님 스커트 [브라운],0.0,0,53400,53400,53400,0,0,0.0,100.0,1,high,24.42,5,2,none,,9,https://www.musinsa.com/products/4904585
2026-09-03,일리고,4908233,러플 배색 스커트 팬츠 블랙,0.0,0,78000,78000,78000,0,0,0.0,91.16,0,low,24.37,4,1,none,,9,https://www.musinsa.com/products/4908233
2026-09-03,세터,4910089,(W) 클래식 크루 넥 하프 니트 레드,0.0,0,119000,119000,119000,0,0,0.0,100.0,1,high,24.57,5,2,none,,9,https://www.musinsa.com/products/4910089
2026-09-03,1993스튜디오,4912329,심볼 로고 나일론 트랙 팬츠_네이비,2.17,106450,49000,49000,49000,0,0,0.0,100.0,1,high,24.42,5,2,none,,9,https://www.musinsa.com/products/4912329
2026-09-03,커버낫,4914505,스몰 어센틱 오픈 카라 하프 니트 Dark Navy,0.0,0,44100,44100,44100,0,0,0.0,100.0,1,high,24.42,5,2,none,,9,https://www.musinsa.com/products/4914505
2026-09-03,낫포너드,4915209,Curved Incision Flare Fit Denim Pants - Deep Blue,0.0,0,62100,62100,62100,0,0,0.0,82.16,0,low,25.21,4,1,none,,9,https://www.musinsa.com/products/4915209
2026-09-03,메종미네드,4918345,RUGGED CARPENTER DENIM PANTS BLUE,0.0,0,71400,71400,71400,0,0,0.0,91.17,0,low,24.37,4,1,none,,9,https://www.musinsa.com/products/4918345
2026-09-03,더그린랩,4924297,썸머 크로셰 니트 버킷햇 [아이보리],0.0,0,30600,30600,,0,,,30.61,0,low,8.33,3,1,none,,9,https://www.musinsa.com/products/4924297
2026-09-03,피지컬가먼츠,4928969,P2526 피그다잉 절개 버뮤다팬츠 [4COLOR],0.47,22792,49000,49000,,0,,,24.62,0,low,12.7,3,1,none,1,9,https://www.musinsa.com/products/4928969
2026-09-03,칙스,4932425,스탠다드 골지 홀터넥 블랙,0.02,404,17910,15920,17910,1,-1990,-11.11,100.0,1,low,24.02,6,3,none,,9,https://www.musinsa.com/products/4932425
2026-09-03,플랙,4933449,[메르고X플랙] 스트레이트 데님팬츠 K52 미드 블루,0.0,0,69000,69000,69000,0,0,0.0,100.0,1,high,24.42,5,2,none,,9,https://www.musinsa.com/products/4933449
2026-09-03,아워데이즈,4933897,웨이비 커브드 버뮤다 데님 팬츠 [BLUE],0.0,0,39200,39200,39200,0,0,0.0,82.16,0,low,25.21,4,1,none,,9,https://www.musinsa.com/products/4933897
2026-09-03,이미스,4935369,ORGANZA CORSAGE KEYRING,0.0,0,37800,37800,,0,,,27.2,0,low,10.31,2,1,none,,9,https://www.musinsa.com/products/4935369
2026-09-03,버던트,4935497,스크레치 워시드 벌룬 데님 팬츠 [샌드인디고],0.0,0,42000,42000,,0,,,24.62,0,low,12.7,3,1,none,,9,https://www.musinsa.com/products/4935497
2026-09-03,유라고,4935817,Daisy layered skirt set,0.0,0,88160,88160,88160,0,0,0.0,100.0,1,high,24.58,5,2,none,,9,https://www.musinsa.com/products/4935817
2026-09-03,유라고,4935881,Pleats banding pants,0.35,20749,60040,60040,60040,0,0,0.0,100.0,1,high,24.58,5,2,none,,9,https://www.musinsa.com/products/4935881
2026-09-03,던스트,4941705,UNISEX CUPID ARCH LOGO T-SHIRT_UDTS6B129_FRENCH NAVY,0.0,0,30800,30800,38500,1,-7700,-20.0,100.0,1,medium,23.99,7,3,none,,9,https://www.musinsa.com/products/4941705
2026-09-03,필루미네이트,4942409,레가시 메세지 티셔츠-화이트,0.0,0,23000,23000,23000,0,0,0.0,100.0,1,high,23.99,7,3,none,,9,https://www.musinsa.com/products/4942409
2026-09-03,더그린랩,4943049,피그먼트 뮤직캣 오버핏 반팔 티셔츠 [카키],0.0,0,30800,30800,,0,,,30.6,0,low,8.33,3,1,none,,9,https://www.musinsa.com/products/4943049
2026-09-03,엠엠엘지,4943561,[Mmlg] SUMMER TIME HF-T (EVERY WHITE),0.0,0,29400,29400,,0,,,30.6,0,low,8.33,3,1,none,,9,https://www.musinsa.com/products/4943561
2026-09-03,아웃스탠딩,4947081,LINEN COTTON COMFORT PANTS_CHARCOAL,1.0,84600,84600,84600,84600,0,0,0.0,85.58,0,low,14.01,5,2,none,,9,https://www.musinsa.com/products/4947081
2026-09-03,어반드레스,4949001,Dyed Bermuda Denim Pants KHAKI,0.0,0,16980,16980,16980,0,0,0.0,100.0,1,high,24.02,7,3,none,,9,https://www.musinsa.com/products/4949001
2026-09-03,넌블랭크,4951561,래글런 HS 니트_DARK GREY/BLACK,0.0,0,68720,68720,68720,0,0,0.0,100.0,1,high,23.99,7,3,none,,9,https://www.musinsa.com/products/4951561
2026-09-03,언탭트스튜디오,4951689,[2PACK]워셔블 쿨 코튼 케이블 반팔 라운드 버튼 니트 3Color,0.0,0,54900,54900,54900,0,0,0.0,100.0,1,high,23.99,7,3,none,,9,https://www.musinsa.com/products/4951689
2026-09-03,예스아이씨,4954569,Y.E.S Palm Tree Tee White,0.0,0,34300,34300,,0,,,30.58,0,low,8.33,3,1,none,,9,https://www.musinsa.com/products/4954569
2026-09-03,카멜워크,4955785,라이트닝 핸드 반팔티셔츠(블랙),0.0,0,32000,32000,,0,,,27.19,0,low,10.31,2,1,none,,9,https://www.musinsa.com/products/4955785
2026-09-03,에이치덱스,4958409,메인 스몰 로고 슬리브리스 (White),1.56,48821,31200,31200,31200,0,0,0.0,82.2,0,low,25.21,4,1,none,,9,https://www.musinsa.com/products/4958409
2026-09-03,락케이크,4959177,[젤라비 PICK] 96 Track Line Jogger - Black,1.8,141645,78480,78480,78480,0,0,0.0,71.77,0,low,23.99,13,2,none,,9,https://www.musinsa.com/products/4959177
2026-09-03,그레이버,4959305,[UNISEX]도트하트 래글런 롱슬리브 티셔츠_2color,0.0,0,29400,29400,,0,,,30.58,0,low,8.33,3,1,none,,9,https://www.musinsa.com/products/4959305
2026-09-03,플레어업,4963273,Muta Waffle Raglan T-Shirt (FL-154_White),0.0,0,19600,19600,19600,0,0,0.0,91.2,0,low,24.37,4,1,none,,9,https://www.musinsa.com/products/4963273
2026-09-03,어반에이지,4968713,HIGH STREET 링거 나그랑 오버 반팔 크림,0.0,0,24000,24000,,0,,,27.19,0,low,10.31,2,1,none,,9,https://www.musinsa.com/products/4968713
2026-09-03,베이직하우스,4969545,[2PACK] UNI 면20수 고밀도 레귤러핏 반팔티셔츠 2팩(5컬러) LATS0115,0.0,0,23800,23800,,0,,,30.57,0,low,8.33,3,1,none,,9,https://www.musinsa.com/products/4969545
2026-09-03,필루미네이트,4969801,F 아플리케 로고 볼 캡-블랙,0.0,0,25000,25000,25000,0,0,0.0,100.0,1,high,23.99,7,3,none,,9,https://www.musinsa.com/products/4969801
2026-09-03,어반에이지,4972745,버뮤다 피그먼트 원턱 스웨트 숏 팬츠 차콜,0.0,0,29990,29990,,0,,,27.18,0,low,10.31,2,1,none,,9,https://www.musinsa.com/products/4972745
2026-09-03,론론,4972809,PATCHWORK RUFFLE SHORT SLEEVE T SHIRT WHITE,0.0,0,47520,47520,53460,1,-5940,-11.11,100.0,1,medium,24.02,7,3,none,,9,https://www.musinsa.com/products/4972809
2026-09-03,커버낫,4974345,스몰 어센틱 맨투맨 Black,0.59,26051,44100,44100,44100,0,0,0.0,100.0,1,high,24.42,10,2,none,,9,https://www.musinsa.com/products/4974345
2026-09-03,아틀리에나인,4983241,ONE SHOULDER STRING TEE(T-6818),0.0,0,23400,23400,23400,0,0,0.0,100.0,1,high,24.0,6,2,none,,9,https://www.musinsa.com/products/4983241
2026-09-03,이미스,4985545,WRINKLE CORSAGE HAIRPIN,0.0,0,35100,35100,,0,,,27.17,0,low,10.31,2,1,none,,9,https://www.musinsa.com/products/4985545
2026-09-03,로라로라,4987273,PUFF CAP SLEEVE T-SHIRT WHITE,0.0,0,61750,61750,,0,,,27.16,0,low,10.31,2,1,none,,9,https://www.musinsa.com/products/4987273
2026-09-03,커버낫,4988873,크리즈 이펙트 티셔츠 Heather Gray,0.4,10416,26100,26100,26100,0,0,0.0,100.0,1,high,24.43,5,2,none,,9,https://www.musinsa.com/products/4988873
2026-09-03,지프,4993481,DUSTY 메탈 오픈카라 반팔티 (JQ5TSU127IV),0.0,0,34110,34110,,0,,,30.55,0,low,8.33,3,1,none,,9,https://www.musinsa.com/products/4993481
2026-09-03,바우프,4995145,스타 심볼 팬츠 [블랙],0.0,0,92650,92650,92650,0,0,0.0,82.22,0,low,25.22,4,1,none,,9,https://www.musinsa.com/products/4995145
2026-09-03,세컨모놀로그,4996617,키홀 로고 케이블 카라 하프 니트 [LAVENDER]_SEKT024LAVENDER,0.0,0,17150,17150,17150,0,0,0.0,100.0,1,high,24.43,5,2,none,,9,https://www.musinsa.com/products/4996617
2026-09-03,르아브,4999881,Wild Dreamer 프린트 티셔츠 그레이,0.0,0,41300,41300,41300,0,0,0.0,100.0,1,high,23.99,7,3,none,,9,https://www.musinsa.com/products/4999881
2026-09-03,무센트,5000137,하링 시그니처 로고 스냅 버튼 유넥 슬리브리스 (5컬러),0.0,0,26910,26910,26910,0,0,0.0,100.0,1,high,24.43,5,2,none,,9,https://www.musinsa.com/products/5000137
2026-09-03,튜드먼트,5002185,SATIN STRAP MIDI DRESS CREAM,0.0,0,121680,121680,,0,,,27.15,0,low,10.31,2,1,none,,9,https://www.musinsa.com/products/5002185
2026-09-03,나이스고스트클럽,5002889,JUNJI ITO MANIAC TOMIE TUMBLER_BLACK(NG2FMUAB79B),0.0,0,24570,24570,24570,0,0,0.0,100.0,1,high,23.99,7,3,none,,9,https://www.musinsa.com/products/5002889
2026-09-03,더뮤지엄비지터,5005001,MESH MOUNTAINEERING BACKPACK (PINK),0.0,0,76800,76800,76800,0,0,0.0,100.0,1,high,23.99,6,3,none,,9,https://www.musinsa.com/products/5005001
2026-09-03,트래블,5007881,제로쓰리 져지 레이스 쇼츠 라이트 베이지,0.0,0,22500,22500,22500,0,0,0.0,100.0,1,high,23.99,7,3,none,,9,https://www.musinsa.com/products/5007881
2026-09-03,에스피오나지,5007945,Jungle Fatigue S/S Outer Shirt Steel Grey,0.88,65458,74400,74400,74400,0,0,0.0,100.0,1,high,24.02,7,3,none,,9,https://www.musinsa.com/products/5007945
2026-09-03,스컬프터,5008393,Eyelet Knit Shorts Red,0.0,0,42240,42240,42240,0,0,0.0,100.0,1,high,23.99,6,3,none,,9,https://www.musinsa.com/products/5008393
2026-09-03,레더리,5008649,썸하우 오버핏 반팔티 [BLACK],0.0,0,20280,20280,20280,0,0,0.0,91.25,0,low,24.38,4,1,none,,9,https://www.musinsa.com/products/5008649
2026-09-03,언더오프,5011721,오버핏 크루넥 1992아치 반팔 티셔츠 화이트레드,0.0,0,17900,17900,17900,0,0,0.0,100.0,1,high,24.44,5,2,none,,9,https://www.musinsa.com/products/5011721
2026-09-03,와르,5015369,M264 코튼 숏 팬츠_베이지,0.0,0,26000,26000,26000,0,0,0.0,100.0,1,high,23.99,6,3,none,,9,https://www.musinsa.com/products/5015369
2026-09-03,레더리,5016009,글로시 슬링 앤 미니 백팩 [BACK],0.0,0,38080,38080,38080,0,0,0.0,91.25,0,low,24.38,4,1,none,,9,https://www.musinsa.com/products/5016009
2026-09-03,더콜디스트모먼트,5022601,TCM mini logo stripe ringer T (lime),0.0,0,48600,48600,,0,,,24.58,0,low,12.71,3,1,none,,9,https://www.musinsa.com/products/5022601
2026-09-03,커버낫,5024457,블록코어 아치 티셔츠 White,0.0,0,56880,56880,56880,0,0,0.0,100.0,1,high,24.44,5,2,none,,9,https://www.musinsa.com/products/5024457
2026-09-03,엔와이엑스엑스,5028361,TOUGH BEAR CAMO HALF PANTS LIGHT GRAY,0.0,0,37260,37260,,0,,,30.51,0,low,8.33,3,1,none,,9,https://www.musinsa.com/products/5028361
2026-09-03,웬즈데이오아시스,5030409,썸머 시어서커 루즈 ST 셔츠_IVORY(W25-TP23),0.0,0,43400,43400,43400,0,0,0.0,26.84,0,low,23.99,6,1,none,,9,https://www.musinsa.com/products/5030409
2026-09-03,유라고,5031241,[무신사 단독] Day stripe half t-shirt,0.0,0,26600,26600,26600,0,0,0.0,100.0,1,high,24.59,5,2,none,,9,https://www.musinsa.com/products/5031241
2026-09-03,시야쥬,5031497,SITP5208 시스루 내추럴 ST 셔츠_White,0.0,0,70970,70970,70970,0,0,0.0,100.0,1,high,24.44,5,2,none,,9,https://www.musinsa.com/products/5031497
2026-09-03,스키즘인듀싱,5033737,MALICE PISTOLS T SHIRT WHITE,0.0,0,52000,52000,52000,0,0,0.0,100.0,1,high,24.02,8,3,none,,9,https://www.musinsa.com/products/5033737
2026-09-03,에스피오나지,5034633,Vintage Stripe Flap Pocket S/S Shirt Light Blue,0.88,53788,61200,61200,61200,0,0,0.0,100.0,1,high,24.02,7,3,none,,9,https://www.musinsa.com/products/5034633
2026-09-03,비바셔스,5034761,Flower Mini Onepiece CREAM,0.0,0,39000,39000,,0,,,24.56,0,low,12.71,3,1,none,,9,https://www.musinsa.com/products/5034761
2026-09-03,커버낫,5035145,크로셰 하프 니트 셔츠 Black,0.0,0,53100,53100,53100,0,0,0.0,100.0,1,high,24.44,5,2,none,,9,https://www.musinsa.com/products/5035145
2026-09-03,썸웨어버터,5035465,Shell Button Round Shirt - Blue,0.0,0,91040,91040,91040,0,0,0.0,100.0,1,high,23.99,7,3,none,,9,https://www.musinsa.com/products/5035465
2026-09-03,쿠어,5035721,립스탑 오버 다잉 커브드 스윔 쇼츠 (워시드퍼플),0.0,0,90000,90000,90000,0,0,0.0,100.0,1,high,24.59,5,2,none,,9,https://www.musinsa.com/products/5035721
2026-09-03,어반에이지,5035849,[2PACK] CONTROL TOWER 피그먼트 오버 반팔 4color,0.0,0,46000,46000,,0,,,27.13,0,low,10.31,2,1,none,,9,https://www.musinsa.com/products/5035849
2026-09-03,무센트,5036617,바논 은장 사각 숄더백 남녀공용,0.4,14344,35910,34720,35910,1,-1190,-3.31,100.0,1,medium,24.44,5,2,none,,9,https://www.musinsa.com/products/5036617
2026-09-03,로제프란츠,5037769,Wrap Pumpkin Blouse [White],0.0,0,46280,46280,46280,0,0,0.0,82.26,0,low,25.22,4,1,none,,9,https://www.musinsa.com/products/5037769
2026-09-03,제멋,5046217,스킬 워시드 버뮤다 팬츠 그레이 NSSP2623,0.0,0,42900,42900,42900,0,0,0.0,100.0,1,high,24.02,7,3,none,,9,https://www.musinsa.com/products/5046217
2026-09-03,에이치덱스,5046665,에센셜 리브드 피그먼트 크롭 숏 슬리브 (Pigment Khaki),0.0,0,36750,36750,36750,0,0,0.0,82.27,0,low,25.22,4,1,none,,9,https://www.musinsa.com/products/5046665
2026-09-03,밀로아카이브,5054281,크롭 이지 니트 [아이보리],0.0,0,70400,70400,70400,0,0,0.0,91.29,0,low,23.99,7,3,none,,9,https://www.musinsa.com/products/5054281
2026-09-03,데상트,5055369,워터 래쉬가드 네이비(SQ223EKT52),0.0,0,69500,69500,,0,,,30.5,0,low,8.33,3,1,none,,9,https://www.musinsa.com/products/5055369
2026-09-03,데상트,5055497,우먼스 커버업 긴팔 티셔츠 화이트(SQ222ETL51),0.0,0,44500,44500,,0,,,30.5,0,low,8.33,3,1,none,,9,https://www.musinsa.com/products/5055497
2026-09-03,카고브로스포우먼,5060809,아메리칸 스토어 반팔 티셔츠 (네이비),0.0,0,18900,18900,,0,,,24.55,0,low,12.71,3,1,none,,9,https://www.musinsa.com/products/5060809
2026-09-03,아티스트웨어,5061513,[ATW] 커세어 반팔티,0.0,0,34300,34300,,0,,,24.55,0,low,12.71,3,1,none,,9,https://www.musinsa.com/products/5061513
2026-09-03,론론,5063625,PUFF SHIRRING SHORT SLEEVE T SHIRT BLACK,0.0,0,31680,31680,35640,1,-3960,-11.11,100.0,1,medium,24.02,7,3,none,,9,https://www.musinsa.com/products/5063625
2026-09-03,론론,5064137,LAYERED SLEEVELESS HOODIE DRESS GREY,0.0,0,63360,63360,71280,1,-7920,-11.11,100.0,1,medium,24.02,7,3,none,,9,https://www.musinsa.com/products/5064137
2026-09-03,커버낫,5066441,서핑 모션 그래픽 슬리브리스 Charcoal,0.0,0,35280,35280,35280,0,0,0.0,100.0,1,high,24.45,5,2,none,,9,https://www.musinsa.com/products/5066441
2026-09-03,카고브로스포우먼,5067593,프레쉬 베이직 셔츠 (블랙),0.0,0,28500,28500,,0,,,24.54,0,low,12.71,3,1,none,,9,https://www.musinsa.com/products/5067593
2026-09-03,브라운야드,5069129,"빈티지 코튼 피케 셔츠, 오프 화이트",0.0,0,78000,78000,78000,0,0,0.0,100.0,1,high,23.99,7,3,none,,9,https://www.musinsa.com/products/5069129
2026-09-03,무센트,5069193,시에라 호피 하트 반팔 티 남녀공용 (8컬러),1.52,39668,26133,26020,26910,1,-890,-3.31,100.0,1,medium,10.55,26,5,none,,9,https://www.musinsa.com/products/5069193
2026-09-03,이티씨이,5071945,CROSS GRADATION T-SHIRT (GRAY),0.0,0,52500,52500,,0,,,24.54,0,low,12.71,3,1,none,,9,https://www.musinsa.com/products/5071945
2026-09-03,제너럴아이디어,5072585,UNISEX 뉴아이디어 레귤러 반팔티 [SKY BLUE] / SBE2U01012,0.0,0,25600,25600,25600,0,0,0.0,100.0,1,high,23.99,6,3,none,,9,https://www.musinsa.com/products/5072585
2026-09-03,테이크이지,5072777,퓨리티 아플리케 슬림 티셔츠 (블랙),0.0,0,19500,19500,19500,0,0,0.0,60.06,0,low,24.45,5,1,none,,9,https://www.musinsa.com/products/5072777
2026-09-03,파르티멘토,5073033,버뮤다 카고 팬츠 타이거 카모,0.0,0,67300,67300,67300,0,0,0.0,100.0,1,high,24.45,5,2,none,,9,https://www.musinsa.com/products/5073033
2026-09-03,다이닛,5077385,DEINET FLATFORM SNEAKERS IN BEIGE,0.0,0,97600,97600,,0,,,24.53,0,low,12.71,3,1,none,,9,https://www.musinsa.com/products/5077385
2026-09-03,헬레네파리스,5078665,[니들 PICK] 피그먼트 부츠컷 카고 팬츠 [스모크 그레이],1.7,88404,52125,52170,51510,1,660,1.28,100.0,1,low,10.08,13,6,none,,9,https://www.musinsa.com/products/5078665
2026-09-03,999휴머니티,5078985,공존 하프 티 (터콰이즈),0.0,0,68000,68000,68000,0,0,0.0,35.34,0,low,24.6,4,1,none,,9,https://www.musinsa.com/products/5078985
2026-09-03,로템버,5079625,카고 버뮤다 와이드 코튼 팬츠 [차콜],0.0,0,53280,53280,53280,0,0,0.0,100.0,1,high,23.99,7,3,none,,9,https://www.musinsa.com/products/5079625
2026-09-03,브룩스브라더스,5080521,슬림핏 논아이론 에인즐리 숏슬리브 드레스셔츠 (라이트블루) (BBTDMM0244M),0.0,0,159000,159000,159000,0,0,0.0,100.0,1,high,23.99,7,3,none,,9,https://www.musinsa.com/products/5080521
2026-09-03,기철,5081481,Hem button wide denim pants (raw black),0.0,0,55800,55800,55800,0,0,0.0,100.0,1,high,24.6,5,2,none,,9,https://www.musinsa.com/products/5081481
2026-09-03,세터,5081673,크로셰 오픈 칼라 하프 셔츠 크림,0.0,0,139000,139000,139000,0,0,0.0,100.0,1,high,24.6,5,2,none,,9,https://www.musinsa.com/products/5081673
2026-09-03,토마스모어,5082057,트윈포켓 반팔셔츠 - 네이비,0.0,0,63700,63700,63700,0,0,0.0,100.0,1,high,23.99,7,3,none,,9,https://www.musinsa.com/products/5082057
2026-09-03,아틀리에나인,5090953,BUSTIER LAYERD LONG DRESS(OP-6270),0.0,0,151200,151200,151200,0,0,0.0,100.0,1,high,24.0,6,2,none,,9,https://www.musinsa.com/products/5090953
2026-09-03,파르티멘토우먼,5091913,메탈 포인티드 웨이스트 진_라이트 블루,0.0,0,92160,92160,103680,1,-11520,-11.11,100.0,1,medium,24.39,5,2,none,,9,https://www.musinsa.com/products/5091913
2026-09-03,파르티멘토우먼,5091977,레글런 퍼프 숏슬리브 티_레드,0.0,0,30240,30240,34020,1,-3780,-11.11,100.0,1,medium,24.39,5,2,none,,9,https://www.musinsa.com/products/5091977
2026-09-03,프리즘웍스,5097929,CIGARETTE POCKET PIGMENT DYEING TEE _ BEIGE,0.0,0,27000,27000,27000,0,0,0.0,100.0,1,high,24.02,7,3,none,,9,https://www.musinsa.com/products/5097929
2026-09-03,몽돌,5097993,버클 스트랩 레인부츠 숏 MDAC056_3 Colors,0.63,15441,24500,24500,24500,0,0,0.0,100.0,1,high,14.03,17,4,none,,9,https://www.musinsa.com/products/5097993
2026-09-03,노아,5103369,(U) 클래식 롱 슬리브 포켓 티 블랙 CLASSIC LONG SLEEVE POCKET TEE BLACK,0.0,0,109000,109000,,0,,,24.52,0,low,12.71,3,1,none,,9,https://www.musinsa.com/products/5103369
2026-09-03,노아,5103433,(U) 코어 로고 6 패널 블랙 CORE LOGO 6-PANEL BLACK,0.0,0,99000,99000,,0,,,24.52,0,low,12.71,3,1,none,,9,https://www.musinsa.com/products/5103433
2026-09-03,소버먼트,5104073,460G 컷 헤비 피그먼트 티셔츠-더스티 블루 그레이-,1.57,57532,36600,36600,36600,0,0,0.0,100.0,1,high,23.99,11,5,none,,9,https://www.musinsa.com/products/5104073
2026-09-03,라이프워크,5107081,와플 조직 지퍼프론트 반팔 티셔츠,0.0,0,56050,56050,,0,,,30.45,0,low,8.33,3,1,none,,9,https://www.musinsa.com/products/5107081
2026-09-03,제이엘브,5107145,올드스쿨 오버핏 숏슬리브,0.0,0,32480,32480,32480,0,0,0.0,100.0,1,high,23.99,7,3,none,,9,https://www.musinsa.com/products/5107145
2026-09-03,브라운야드,5109705,"빈티지 트러커 캡, 베이지",0.0,0,41300,41300,41300,0,0,0.0,100.0,1,high,23.99,7,3,none,,9,https://www.musinsa.com/products/5109705
2026-09-03,드로우핏우먼,5110857,썸머 린넨 보트넥 니트 [WHITE],0.0,0,47520,47520,47520,0,0,0.0,100.0,1,high,23.99,7,3,none,,9,https://www.musinsa.com/products/5110857
2026-09-03,니티드,5114633,[2PACK] (W) 베이직 에센셜 워셔블 카라 니트,0.0,0,70240,70240,70240,0,0,0.0,82.31,0,low,25.23,4,1,none,,9,https://www.musinsa.com/products/5114633
2026-09-03,1993스튜디오,5117513,[CHODAN] 스티치 배색 티셔츠_그레이,0.0,0,39900,39900,39900,0,0,0.0,100.0,1,high,24.46,5,2,none,,9,https://www.musinsa.com/products/5117513
2026-09-03,글로니,5119369,LOVE CRUSH MINI DRESS (MONO),0.0,0,428000,428000,428000,0,0,0.0,100.0,1,high,24.02,7,3,none,,9,https://www.musinsa.com/products/5119369
2026-09-03,트립르센스,5120713,로고 플레이트 모달코튼 슬리브리스_네이비,0.0,0,29600,29600,29600,0,0,0.0,100.0,1,high,23.99,7,3,none,,9,https://www.musinsa.com/products/5120713
2026-09-03,트립르센스,5120777,로고 플레이트 모달코튼 슬리브리스_그레이,0.0,0,29600,29600,29600,0,0,0.0,100.0,1,low,23.99,6,3,none,,9,https://www.musinsa.com/products/5120777
2026-09-03,제너럴아이디어,5123849,시스루 플라워 스카프 블라우스 [CREAM] / WBE2L03528,0.0,0,50400,50400,46110,1,4290,9.3,100.0,1,medium,23.99,6,3,none,,9,https://www.musinsa.com/products/5123849
2026-09-03,커버낫,5124169,[SET] 우븐 유틸리티 티셔츠 Beige,0.0,0,93240,93240,93240,0,0,0.0,100.0,1,high,24.46,5,2,none,,9,https://www.musinsa.com/products/5124169
2026-09-03,가까이유니언즈,5127433,원턱 8부 썬스턴 버뮤다 카고팬츠 그레이,0.0,0,34900,34900,34900,0,0,0.0,100.0,1,high,24.0,6,2,none,,9,https://www.musinsa.com/products/5127433
2026-09-03,아틀리에나인,5128137,LIT PLEATS SHIRT BLOUSE(BL-4312),0.0,0,95200,95200,95200,0,0,0.0,100.0,1,high,24.0,6,2,none,,9,https://www.musinsa.com/products/5128137
2026-09-03,맥우드건,5131977,헤드웨어 9318 서퍼 화이트 배색 코튼 볼캡,0.0,0,34300,34300,,0,,,30.42,0,low,8.33,3,1,none,,9,https://www.musinsa.com/products/5131977
2026-09-03,더콜디스트모먼트,5135497,TCM 4trait T (burgundy),0.0,0,39690,39690,,0,,,24.51,0,low,12.71,3,1,none,,9,https://www.musinsa.com/products/5135497
2026-09-03,미나브,5135689,더 크루 반팔 티셔츠 [화이트],0.0,0,26100,26100,26100,0,0,0.0,100.0,1,high,23.99,7,3,none,,9,https://www.musinsa.com/products/5135689
2026-09-03,레이지비,5136009,[2PACK] 원턱 와이드 핏 프레시 스웨트 팬츠 M 멜란지그레이,0.0,0,54900,54900,,0,,,30.42,0,low,8.33,3,1,none,,9,https://www.musinsa.com/products/5136009
2026-09-03,드리프트아웃,5138697,레벨 브랙퍼스트 반팔 티셔츠 (3color),0.0,0,26500,26500,,0,,,30.42,0,low,8.33,3,1,none,,9,https://www.musinsa.com/products/5138697
2026-09-03,프렌다,5138889,PRDA SPRAY BIG PATCH CHECK STAR CREWNECK TEE BLACK,1.0,14700,14700,14700,17640,1,-2940,-16.67,100.0,1,medium,23.99,7,3,none,,9,https://www.musinsa.com/products/5138889
2026-09-03,주앙옴므,5143561,스트라이프 하프 슬리브 카라 니트 (차콜),0.0,0,62400,62400,62400,0,0,0.0,91.38,0,low,24.4,4,1,none,,9,https://www.musinsa.com/products/5143561
2026-09-03,룩캐스트,5148361,프레야 밴딩 레이스 쇼츠 / FREYA BANDING LACE SHORTS_3colors,0.0,0,29160,29160,29160,0,0,0.0,91.38,0,low,24.4,4,1,none,,9,https://www.musinsa.com/products/5148361
2026-09-03,코드그라피,5149513,터치드 워싱 와이드 데님팬츠_그레이,0.0,0,29710,29710,29710,0,0,0.0,82.33,0,low,25.23,4,1,none,,9,https://www.musinsa.com/products/5149513
2026-09-03,제멋,5152393,사이드 트랙 원턱 하프팬츠 블랙 OYSP2627,0.0,0,34900,34900,34900,0,0,0.0,100.0,1,high,24.02,7,3,none,,9,https://www.musinsa.com/products/5152393
2026-09-03,낫포너드,5152969,Ashen Dawn Incision Mesh Sleeveless - White,0.0,0,31000,31000,31000,0,0,0.0,82.33,0,low,25.23,4,1,none,,9,https://www.musinsa.com/products/5152969
2026-09-03,론론,5155209,PUMPKIN LAYERED SLEEVELESS WHITE DOT,0.0,0,47520,47520,53460,1,-5940,-11.11,100.0,1,medium,24.02,7,3,none,,9,https://www.musinsa.com/products/5155209
2026-09-03,레이지비,5155977,에어쿨링 2in1 레깅스 쇼츠 스포츠 (워터 러닝 운동 헬스) 투인원 반바지 W (3컬러),0.0,0,43110,43110,,0,,,30.38,0,low,8.34,3,1,none,,9,https://www.musinsa.com/products/5155977
2026-09-03,카고브로스포우먼,5157321,아메리칸 체크 오버핏 반팔셔츠 (블랙),0.0,0,49000,49000,,0,,,24.49,0,low,12.71,3,1,none,,9,https://www.musinsa.com/products/5157321
2026-09-03,제멋,5161161,[2PACK] 프로퍼 스트라이프 반팔티셔츠 OYST2637,0.0,0,47900,47900,47900,0,0,0.0,100.0,1,high,24.02,7,3,none,,9,https://www.musinsa.com/products/5161161
2026-09-03,어반에이지,5165257,[2PACK] 린넨라이크 밴딩 세미와이드 데님 팬츠 (2COLOR),0.0,0,59990,59990,,0,,,27.06,0,low,10.32,2,1,none,,9,https://www.musinsa.com/products/5165257
2026-09-03,아캄,5167433,Double Knee Denim Pants (Dark Blue),0.0,0,103600,103600,103600,0,0,0.0,100.0,1,high,24.61,5,2,none,,9,https://www.musinsa.com/products/5167433
2026-09-03,노이어,5167497,멀티 리브드 헨리넥 슬리브리스 (블랙),0.0,0,35100,35100,35100,0,0,0.0,100.0,1,high,24.02,7,3,none,,9,https://www.musinsa.com/products/5167497
2026-09-03,파르티멘토우먼,5170121,PWC 오버사이즈드 에브리데이 티_차콜,0.0,0,23760,23760,26730,1,-2970,-11.11,100.0,1,medium,24.41,5,2,none,,9,https://www.musinsa.com/products/5170121
2026-09-03,데상트,5175369,쿨링 반팔 티셔츠 레몬 옐로우(SP223XTS43),0.0,0,55300,55300,,0,,,30.37,0,low,8.34,3,1,none,,9,https://www.musinsa.com/products/5175369
2026-09-03,꼼파뇨,5175881,엔젤 브로치 크롭 반팔티 화이트,0.0,0,33800,33800,33800,0,0,0.0,91.4,0,low,24.41,4,1,none,,9,https://www.musinsa.com/products/5175881
2026-09-03,카키포인트,5176073,Cotton Balloon Pants (khaki),0.0,0,138510,138510,116640,1,21870,18.75,100.0,1,medium,23.99,7,3,none,,9,https://www.musinsa.com/products/5176073
2026-09-03,로제프란츠,5177225,Sheer Layered Shirring Dress [Black],0.0,0,61360,61360,61360,0,0,0.0,82.34,0,low,25.23,4,1,none,,9,https://www.musinsa.com/products/5177225
2026-09-03,레이지비,5177737,에어파스텔 스트링 루즈핏 여성 롱슬리브 래쉬가드 (4컬러),0.0,0,38700,38700,,0,,,30.36,0,low,8.34,3,1,none,,9,https://www.musinsa.com/products/5177737
2026-09-03,노드유,5178633,플레인 헨리넥 반팔 니트 [검정],0.0,0,38500,38500,,0,,,30.36,0,low,8.34,3,1,none,,9,https://www.musinsa.com/products/5178633
2026-09-03,스케이터락,5179081,Cross Patchwork Keyring Necklace,0.0,0,32450,32450,,0,,,24.48,0,low,12.71,3,1,none,,9,https://www.musinsa.com/products/5179081
2026-09-03,비바셔스,5180425,Sillage See-Through Stripe Shirt BLUE,0.0,0,32500,32500,,0,,,24.47,0,low,12.71,3,1,none,,9,https://www.musinsa.com/products/5180425
2026-09-03,론론,5180937,PUPPY TAILS BASIC FIT T SHIRT WHITE PINK,0.0,0,31680,31680,35640,1,-3960,-11.11,100.0,1,medium,24.02,7,3,none,,9,https://www.musinsa.com/products/5180937
2026-09-03,다이닛,5186185,DEINET FLATFORM SNEAKERS IN CHARCOAL,0.0,0,97600,97600,,0,,,24.47,0,low,12.71,3,1,none,,9,https://www.musinsa.com/products/5186185
2026-09-03,드헤베,5192905,Floral Long Dress [Ivory],0.0,0,127300,127300,127300,0,0,0.0,82.35,0,low,25.23,4,1,none,,9,https://www.musinsa.com/products/5192905
2026-09-03,하이스쿨디스코,5198025,스타 큐빅 토글바 목걸이,0.0,0,23200,23200,,0,,,30.35,0,low,8.34,3,1,none,,9,https://www.musinsa.com/products/5198025
2026-09-03,데상트,5199881,스포츠테리 니트 스트레이트핏 팬츠 블랙(SQ323UKP71),0.0,0,71400,71400,,0,,,30.35,0,low,8.34,3,1,none,,9,https://www.musinsa.com/products/5199881
2026-09-03,론론,5205897,RUFFLE TEM TIE KNIT CARDIGAN SOFT YELLOW,0.0,0,71280,71280,80190,1,-8910,-11.11,100.0,1,medium,24.02,7,3,none,,9,https://www.musinsa.com/products/5205897
2026-09-03,론론,5205961,PUFF SLEEVE RUFFLE KNIT BLACK,0.0,0,63360,63360,71280,1,-7920,-11.11,100.0,1,medium,24.02,7,3,none,,9,https://www.musinsa.com/products/5205961
2026-09-03,엔와이엑스엑스,5209737,LETTER N TEE WHITE,0.0,0,24300,24300,,0,,,30.34,0,low,8.34,3,1,none,,9,https://www.musinsa.com/products/5209737
2026-09-03,러프사이드,5209929,Baker Blouson Dark Grey,0.0,0,378000,378000,378000,0,0,0.0,100.0,1,high,24.62,5,2,none,,9,https://www.musinsa.com/products/5209929
2026-09-03,리브레너,5211721,DTF 리브레너스타 피그먼트 오버핏 반팔티셔츠 카키,0.0,0,26900,26900,,0,,,24.47,0,low,12.71,3,1,none,,9,https://www.musinsa.com/products/5211721
2026-09-03,파르티멘토우먼,5213641,팀 76 패치 숏슬리브 티_멜란지,0.0,0,28080,28080,31590,1,-3510,-11.11,100.0,1,medium,24.41,5,2,none,,9,https://www.musinsa.com/products/5213641
2026-09-03,데상트,5215753,심실링 볼캡 화이트(SQ323UCP74),0.0,0,55300,55300,,0,,,30.33,0,low,8.34,3,1,none,,9,https://www.musinsa.com/products/5215753
2026-09-03,썸웨어버터,5216137,Ketchup Butteree Over-Fit Top - Ivory,0.0,0,49000,49000,49000,0,0,0.0,100.0,1,high,23.99,7,3,none,,9,https://www.musinsa.com/products/5216137
2026-09-03,와이케이,5229897,YK 체크 아플리케 반팔티셔츠 네이비,0.0,0,34300,34300,34300,0,0,0.0,100.0,1,high,23.99,7,3,none,,9,https://www.musinsa.com/products/5229897
2026-09-03,테켓,5231753,T37 Overtone Rugby Shirt Burgundy,0.0,0,85000,85000,,0,,,30.32,0,low,8.34,3,1,none,,9,https://www.musinsa.com/products/5231753
2026-09-03,게인스보로,5232969,L’esprit 링거 티셔츠(세미크롭) 3COLOR,0.0,0,19900,19900,,0,,,24.46,0,low,12.71,3,1,none,,9,https://www.musinsa.com/products/5232969
2026-09-03,해칭룸,5234121,Angel Flash Man Tee 1/2 Brown Charcoal,0.0,0,78000,78000,78000,0,0,0.0,91.44,0,low,24.41,4,1,none,,9,https://www.musinsa.com/products/5234121
2026-09-03,피마다지윈,5238857,Thanos Belt_[Black],0.0,0,39800,39800,,0,,,30.31,0,low,8.34,3,1,none,,9,https://www.musinsa.com/products/5238857
2026-09-03,데상트,5242377,영애슬릿 트레이닝 플리스 팬츠 블랙(SQ32JTFP71),0.0,0,53400,53400,,0,,,30.31,0,low,8.34,3,1,none,,9,https://www.musinsa.com/products/5242377
2026-09-03,노매뉴얼,5242441,GEAR PATTERN JACQUARD MUFFLER - BLACK,0.0,0,50400,50400,50400,0,0,0.0,91.45,0,low,24.41,4,1,none,,9,https://www.musinsa.com/products/5242441
2026-09-03,노매뉴얼,5242505,RAW JACQUARD BEANIE - BEIGE,0.0,0,33600,33600,33600,0,0,0.0,91.45,0,low,24.41,4,1,none,,9,https://www.musinsa.com/products/5242505
2026-09-03,노매뉴얼,5243017,R.C DENIM BDU JACKET - WASHED BLACK,0.0,0,173250,173250,173250,0,0,0.0,91.46,0,low,24.41,4,1,none,,9,https://www.musinsa.com/products/5243017
2026-09-03,노매뉴얼,5243145,FLANNEL CHECK SHIRT - BLACK,0.0,0,94500,94500,94500,0,0,0.0,91.46,0,low,24.41,4,1,none,,9,https://www.musinsa.com/products/5243145
2026-09-03,노매뉴얼,5243209,HEAVY WAFFLE HALF ZIP-UP - GRAY,0.0,0,89300,89300,89300,0,0,0.0,91.46,0,low,24.41,9,1,none,,9,https://www.musinsa.com/products/5243209
2026-09-03,노매뉴얼,5243337,SPRAY DYEING KNIT - BEIGE,0.0,0,80500,80500,80500,0,0,0.0,91.47,0,low,24.41,4,1,none,,9,https://www.musinsa.com/products/5243337
2026-09-03,노매뉴얼,5243465,CREST LIGHT DUCK DOWN - BLACK,0.0,0,188100,188100,188100,0,0,0.0,91.47,0,low,24.41,4,1,none,,9,https://www.musinsa.com/products/5243465
2026-09-03,굿라이프웍스,5250377,비건레더 싱글 자켓 블랙,0.0,0,76300,76300,76300,0,0,0.0,100.0,1,high,24.64,5,2,none,,9,https://www.musinsa.com/products/5250377
2026-09-03,굿라이프웍스,5250441,그라데이션 브러쉬드 니트 차콜,0.0,0,43400,43400,43400,0,0,0.0,100.0,1,high,24.64,5,2,none,,9,https://www.musinsa.com/products/5250441
2026-09-03,코드그라피,5254217,(우먼) 스퀘어 로고 배색 반소매 맨투맨_네이비,0.0,0,47200,47200,47200,0,0,0.0,82.38,0,low,25.24,4,1,none,,9,https://www.musinsa.com/products/5254217
2026-09-03,유희,5259081,HALTER NECK LAYERED LONG SLEEVE WHITE,0.0,0,49680,49680,,0,,,30.29,0,low,8.34,3,1,none,,9,https://www.musinsa.com/products/5259081
2026-09-03,튜드먼트,5259465,GLITTER BOATNECK RIB KNIT_PINK,0.0,0,50560,50560,,0,,,27.01,0,low,10.32,2,1,none,,9,https://www.musinsa.com/products/5259465
2026-09-03,무센트,5259785,엔도 슬림핏 카라 반팔 티,0.0,0,41310,41310,41310,0,0,0.0,100.0,1,high,24.47,5,2,none,,9,https://www.musinsa.com/products/5259785
2026-09-03,레더리,5260745,체크 웨스턴 슬림 셔츠 [AUTUMN BROWN],0.0,0,59400,59400,59400,0,0,0.0,91.48,0,low,24.41,4,1,none,,9,https://www.musinsa.com/products/5260745
2026-09-03,썸플레이스,5270345,러플 레이어드 단가라 프릴 롱 슬리브리스 후드 티셔츠 _2COLOR,0.0,0,32300,32300,,0,,,24.45,0,low,12.71,3,1,none,,9,https://www.musinsa.com/products/5270345
2026-09-03,낫포너드,5272329,Patched Leather Side Zipper Card Wallet - Red,0.0,0,59000,59000,59000,0,0,0.0,82.39,0,low,25.24,4,1,none,,9,https://www.musinsa.com/products/5272329
2026-09-03,다이닛,5273225,DEINET OLD MONEY LINEN PANTS IN NAVY,0.0,0,150400,150400,,0,,,24.45,0,low,12.71,3,1,none,,9,https://www.musinsa.com/products/5273225
2026-09-03,트릴리온,5276041,레더 패치 스웨이드 워크 후드 집업_브라운,0.9,43085,47900,47900,47900,0,0,0.0,91.51,0,low,24.42,4,1,none,,9,https://www.musinsa.com/products/5276041
2026-09-03,트릴리온,5276105,울 엘보우 패치 투 포켓 버튼 자켓_크림,0.0,0,84000,84000,84000,0,0,0.0,91.51,0,low,24.42,4,1,none,,9,https://www.musinsa.com/products/5276105
2026-09-03,9999아카이브,5276361,Technical Curved Denim Jeans,3.43,316763,92380,92380,92380,0,0,0.0,66.72,0,low,6.63,25,6,none,,9,https://www.musinsa.com/products/5276361
2026-09-03,테이크이지,5279945,플란넬 플리스 하프집업 (그린),0.0,0,24900,24900,24900,0,0,0.0,100.0,1,high,24.48,5,2,none,,9,https://www.musinsa.com/products/5279945
2026-09-03,파브레가,5287113,드리즐 스트라이프 데님 팬츠 (미디엄 블루),0.78,68401,87300,87300,87300,0,0,0.0,82.39,0,low,25.24,4,1,none,,9,https://www.musinsa.com/products/5287113
2026-09-03,파브레가,5287561,본 피그다잉 체크 셔츠 (인디 핑크),0.0,0,74700,74700,74700,0,0,0.0,82.39,0,low,25.24,4,1,none,,9,https://www.musinsa.com/products/5287561
2026-09-03,내셔널지오그래픽,5288585,N253UTS100 [NRN] 그래픽 반팔 티셔츠 IVORY,0.0,0,55300,55300,,0,,,24.45,0,low,12.71,3,1,none,,9,https://www.musinsa.com/products/5288585
2026-09-03,마인드브릿지우먼,5289481,[W]루즈핏 타이 셔츠 - 2color,1.0,34900,34900,34900,34900,0,0,0.0,100.0,1,high,9.53,17,7,none,,9,https://www.musinsa.com/products/5289481
2026-09-03,마인드브릿지,5289673,스트레이트 사이드 밴딩 팬츠 - 2color,0.0,0,29900,29900,29900,0,0,0.0,91.53,0,low,24.42,4,1,none,,9,https://www.musinsa.com/products/5289673
2026-09-03,마인드브릿지우먼,5290761,[W]셔츠 레이어드 스트라이프 니트,0.0,0,49900,49900,49900,0,0,0.0,100.0,1,high,24.0,6,2,none,,9,https://www.musinsa.com/products/5290761
2026-09-03,샌드릭,5291273,LAYERED STRING MINI SKIRT_BLACK,0.0,0,75050,75050,,0,,,30.27,0,low,8.34,3,1,none,,9,https://www.musinsa.com/products/5291273
2026-09-03,샌드릭,5291529,TWO WAY LEATHER BAG_DARK BROWN,0.0,0,226100,226100,,0,,,30.27,0,low,8.34,3,1,none,,9,https://www.musinsa.com/products/5291529
2026-09-03,다이브인,5293065,LIGHT CROP HOOD ZIP-UP (CHARCOAL),0.0,0,71200,71200,71200,0,0,0.0,100.0,1,high,24.48,5,2,none,,9,https://www.musinsa.com/products/5293065
2026-09-03,다이브인,5294601,UNIFORM LONG SLEEVE (WHITE),0.0,0,29600,29600,29600,0,0,0.0,100.0,1,high,24.48,5,2,none,,9,https://www.musinsa.com/products/5294601
2026-09-03,로제프란츠,5298441,Fringe Crop Tweed Jacket [Ivory],0.0,0,107520,107520,107520,0,0,0.0,82.4,0,low,25.24,4,1,none,,9,https://www.musinsa.com/products/5298441
2026-09-03,로제프란츠,5298633,See-through Lace Long Sleeve [Black],0.0,0,43120,43120,43120,0,0,0.0,82.41,0,low,25.24,4,1,none,,9,https://www.musinsa.com/products/5298633
2026-09-03,비긴202,5299849,커브라이트 다운 점퍼 [블랙],0.0,0,161850,161850,161850,0,0,0.0,82.41,0,low,25.24,4,1,none,,9,https://www.musinsa.com/products/5299849
2026-09-03,디앤에스알,5300041,리브드 헨리넥 롱슬리브 차콜,0.0,0,39960,39960,39960,0,0,0.0,100.0,1,high,24.64,5,2,none,,9,https://www.musinsa.com/products/5300041
2026-09-03,플랙,5302409,ESSENTIAL M61 STRAIGHT BLUE BLACK,0.4,31301,78210,78210,78210,0,0,0.0,100.0,1,high,24.48,5,2,none,,9,https://www.musinsa.com/products/5302409
2026-09-03,디스이즈네버댓,5304329,City & Park Tee Dark Grey,0.0,0,38500,38500,38500,0,0,0.0,100.0,1,high,24.48,5,2,none,,9,https://www.musinsa.com/products/5304329
2026-09-03,인사일런스,5304777,가먼트다잉 워크 셔츠 CHARCOAL,0.0,0,116100,116100,116100,0,0,0.0,100.0,1,high,24.48,5,2,none,,9,https://www.musinsa.com/products/5304777
2026-09-03,커버낫,5305353,[커버낫X하이다나] 럭키 씨리얼 맨투맨 Oatmeal,0.0,0,64080,64080,64080,0,0,0.0,100.0,1,high,24.48,5,2,none,,9,https://www.musinsa.com/products/5305353
2026-09-03,아메스월드와이드,5306249,HOODIE LAYERED LONGSLEEVE TEE GREY,0.0,0,37800,37800,37800,0,0,0.0,100.0,1,high,24.42,5,2,none,,9,https://www.musinsa.com/products/5306249
2026-09-03,아메스월드와이드,5306313,52 HOBO BAG NAVY,0.9,39677,44100,44100,44100,0,0,0.0,100.0,1,high,24.42,5,2,none,,9,https://www.musinsa.com/products/5306313
2026-09-03,트리밍버드,5306825,Belted Cargo Skirt [ Black ],0.0,0,215100,215100,215100,0,0,0.0,100.0,1,high,24.02,7,3,none,,9,https://www.musinsa.com/products/5306825
2026-09-03,플랙,5308489,스트라이프 워시드 진 T41 블랙,0.0,0,86900,86900,86900,0,0,0.0,100.0,1,high,24.48,5,2,none,,9,https://www.musinsa.com/products/5308489
2026-09-03,코드그라피,5309513,CGP 로손 후디_멜란지그레이,0.0,0,23600,23600,23600,0,0,0.0,82.42,0,low,25.24,4,1,none,,9,https://www.musinsa.com/products/5309513
2026-09-03,언더오프,5309641,언더스모크 자카드 니트 블랙,0.0,0,26500,26500,26500,0,0,0.0,100.0,1,high,24.49,5,2,none,,9,https://www.musinsa.com/products/5309641
2026-09-03,내셔널지오그래픽,5310089,N253USN022 로버 저니 SILVER,0.0,0,90300,90300,,0,,,24.42,0,low,12.71,3,1,none,,9,https://www.musinsa.com/products/5310089
2026-09-03,유니폼브릿지,5310665,multi color stripe l/s t-shirt blue,0.0,0,44500,44500,44500,0,0,0.0,100.0,1,high,23.99,6,3,none,,9,https://www.musinsa.com/products/5310665
2026-09-03,썸웨어버터,5310793,Casual Wave Logo Knit - Burgundy,0.0,0,119000,119000,119000,0,0,0.0,100.0,1,high,23.99,7,3,none,,9,https://www.musinsa.com/products/5310793
2026-09-03,일리고,5310985,엔젤링 코위찬 니트 집업 브라운,0.0,0,102000,102000,102000,0,0,0.0,91.57,0,low,24.43,4,1,none,,9,https://www.musinsa.com/products/5310985
2026-09-03,웬즈데이오아시스,5311049,레이어드 위드 레오파드 볼캡_BROWN(W25-ACC06),0.0,0,38500,38500,38500,0,0,0.0,100.0,1,high,23.99,7,3,none,,9,https://www.musinsa.com/products/5311049
2026-09-03,일리고,5311113,프릴 도트 벌룬 스커트 화이트,0.0,0,58000,58000,58000,0,0,0.0,91.58,0,low,24.43,4,1,none,,9,https://www.musinsa.com/products/5311113
2026-09-03,언탭트스튜디오,5311305,오버핏 아란 케이블 라운드 니트 5Color,2.29,84507,36900,36900,36900,0,0,0.0,100.0,1,high,7.92,19,8,none,,9,https://www.musinsa.com/products/5311305
2026-09-03,카키포인트,5311369,Cancan Skirt Pants (ivory),0.54,51876,96390,107730,96390,1,11340,11.76,100.0,1,medium,23.99,7,3,none,,9,https://www.musinsa.com/products/5311369
2026-09-03,유희,5312393,FLUFFY FUR BIG BAG BLACK,0.0,0,107280,107280,,0,,,30.25,0,low,8.34,3,1,none,,9,https://www.musinsa.com/products/5312393
2026-09-03,브라운브레스,5312777,[25FALL] TAG HOOD ZIP UP - MELANGE GREY,0.0,0,99000,99000,99000,0,0,0.0,100.0,1,high,23.99,7,3,none,,9,https://www.musinsa.com/products/5312777
2026-09-03,로템버,5314505,레이어드 모크넥 니트 티셔츠 [블랙],0.0,0,44460,44460,44460,0,0,0.0,100.0,1,high,23.99,7,3,none,,9,https://www.musinsa.com/products/5314505
2026-09-03,로템버,5314633,리브드 헨리넥 니트 티셔츠 [블랙],0.0,0,44460,44460,44460,0,0,0.0,100.0,1,high,23.99,7,3,none,,9,https://www.musinsa.com/products/5314633
2026-09-03,소버먼트,5316297,780G 솔리드 크롭 후디 집업-8%멜란지 그레이-,13.89,764121,55000,55000,55000,0,0,0.0,70.69,0,low,7.91,25,6,none,,9,https://www.musinsa.com/products/5316297
2026-09-03,아캄,5316425,Camo Contrast Hooded Long Sleeve (White),0.65,40351,62300,66750,62300,1,4450,7.14,100.0,1,medium,24.64,5,2,none,,9,https://www.musinsa.com/products/5316425
2026-09-03,엘무드,5316681,에센셜 실켓 후드 집업 멜란지 그레이,0.0,0,75000,75000,75000,0,0,0.0,100.0,1,high,24.49,5,2,none,,9,https://www.musinsa.com/products/5316681
2026-09-03,엘무드,5316873,포마드 클래식 램 무스탕 자켓 블랙,0.0,0,898200,898200,898200,0,0,0.0,100.0,1,high,24.49,5,2,none,,9,https://www.musinsa.com/products/5316873
2026-09-03,파르티멘토우먼,5318409,PW 프린티드 언발란스 티_멜란지,0.0,0,37800,37800,37800,0,0,0.0,100.0,1,high,24.43,5,2,none,,9,https://www.musinsa.com/products/5318409
2026-09-03,버던트,5320009,절개 빅 포켓 자수 와이드 스웨트 팬츠 [블랙],1.84,33468,18160,18160,,0,,,24.4,0,low,12.71,3,1,none,4,9,https://www.musinsa.com/products/5320009
2026-09-03,버던트,5320073,프리미엄 세미와이드 스판 데님 팬츠 [샌드블루],0.0,0,33500,33500,,0,,,24.39,0,low,12.71,3,1,none,,9,https://www.musinsa.com/products/5320073
2026-09-03,버던트,5320201,가먼트다잉 하프 집업 플리스 스웨트 티셔츠 [그레이],0.92,16590,18010,18010,,0,,,24.39,0,low,12.71,3,1,none,2,9,https://www.musinsa.com/products/5320201
2026-09-03,커버낫,5320713,[최윤지 착용] 미들 C로고 니트 Ivory,0.0,0,58860,58860,58860,0,0,0.0,100.0,1,high,24.49,5,2,none,,9,https://www.musinsa.com/products/5320713
2026-09-03,커버낫,5320777,센터 로고 맨투맨 Melange Gray,0.0,0,44190,44190,44190,0,0,0.0,100.0,1,low,24.49,4,2,none,,9,https://www.musinsa.com/products/5320777
2026-09-03,커버낫,5321225,레귤러핏 데님 팬츠 Blue,0.0,0,57920,57920,57920,0,0,0.0,100.0,1,high,24.49,5,2,none,,9,https://www.musinsa.com/products/5321225
2026-09-03,비바셔스,5321737,Croissant V Long Sleeve - 2COL,0.0,0,39000,39000,,0,,,24.39,0,low,12.71,3,1,none,,9,https://www.musinsa.com/products/5321737
2026-09-03,프리즘웍스,5321929,DESTROYED COWHIDE LEATHER JACKET _ WASHED OLIVE,0.0,0,295200,295200,295200,0,0,0.0,100.0,1,high,24.02,7,3,none,,9,https://www.musinsa.com/products/5321929
2026-09-03,커버낫,5322057,벨루아 스트라이프 롱슬리브 Gray,0.0,0,53330,53330,53330,0,0,0.0,100.0,1,high,24.49,5,2,none,,9,https://www.musinsa.com/products/5322057
2026-09-03,팬시클럽,5322121,[FANCY X DUSTY] 브러쉬 카라비너 키링 (WHITE) F25NM1013,0.0,0,16910,16910,,0,,,24.39,0,low,12.71,3,1,none,,9,https://www.musinsa.com/products/5322121
2026-09-03,팬시클럽,5322249,에어리 슬리브리스 (NAVY) F26QB042,0.0,0,20650,20650,,0,,,24.38,0,low,12.71,3,1,none,,9,https://www.musinsa.com/products/5322249
2026-09-03,스컬프터,5322697,Snowflake Knit Zip-Up Ladybug,0.0,0,82560,82560,82560,0,0,0.0,100.0,1,high,23.99,6,3,none,,9,https://www.musinsa.com/products/5322697
2026-09-03,도프제이슨,5323465,패널드 스포티 레더 자켓 DARK BROWN,0.0,0,179000,179000,179000,0,0,0.0,100.0,1,high,23.99,7,3,none,,9,https://www.musinsa.com/products/5323465
2026-09-03,데상트,5324745,러닝 패커블 에어타스틱 베스트 블랙(SQ311RVE71),0.0,0,89400,89400,,0,,,30.23,0,low,8.34,3,1,none,,9,https://www.musinsa.com/products/5324745
2026-09-03,키르시,5325385,키르시 멜로우 러플 레이어드 숏 팬츠 [라이트 옐로우],0.0,0,48300,48300,48300,0,0,0.0,100.0,1,high,24.49,5,2,none,,9,https://www.musinsa.com/products/5325385
2026-09-03,키르시,5325833,키르시 멜로우 스캘럽 니트 쇼츠 [라이트 옐로우],0.0,0,63200,63200,63200,0,0,0.0,100.0,1,high,24.49,5,2,none,,9,https://www.musinsa.com/products/5325833
2026-09-03,메종미네드,5326281,DOODLE HEART VINTAGE WASHED BALL CAP NAVY,0.0,0,34300,34300,34300,0,0,0.0,91.6,0,low,24.43,4,1,none,,9,https://www.musinsa.com/products/5326281
2026-09-03,세터,5327241,와플 헨리넥 롱 슬리브 블랙,3.87,344699,89000,89000,89000,0,0,0.0,100.0,1,high,10.24,16,7,none,,9,https://www.musinsa.com/products/5327241
2026-09-03,오픈야드(오와이),5327561,DIRTY SPRAY MELTING DOLLY HOODIE ZIP UP - BLACK,0.0,0,125100,125100,,0,,,24.37,0,low,12.71,3,1,none,,9,https://www.musinsa.com/products/5327561
2026-09-03,효지,5328137,25 FW 2버튼 크롭 자켓_레더 (스모키 카키),0.0,0,79000,79000,79000,0,0,0.0,100.0,1,high,24.64,5,2,none,,9,https://www.musinsa.com/products/5328137
2026-09-03,데상트,5329353,러닝 터프 후드형 바람막이 라이트 그레이(SQ323RWB82),0.0,0,153300,153300,,0,,,30.22,0,low,8.34,3,1,none,,9,https://www.musinsa.com/products/5329353
2026-09-03,그레이버,5331465,[UNISEX]베리 END OF TIME 롱슬리브 티셔츠_3color,0.0,0,25000,25000,,0,,,30.22,0,low,8.34,3,1,none,,9,https://www.musinsa.com/products/5331465
2026-09-03,코드그라피,5332681,(우먼) 스트라이프 카라 맨투맨_버건디,0.0,0,55300,55300,55300,0,0,0.0,82.47,0,low,25.25,4,1,none,,9,https://www.musinsa.com/products/5332681
2026-09-03,아이돈워너셀,5333897,Linchpin Shirt Jacket Blue,0.0,0,96750,96750,96750,0,0,0.0,100.0,1,high,24.49,5,2,none,,9,https://www.musinsa.com/products/5333897
2026-09-03,아이돈워너셀,5334025,Mega Coil Boston Bag Brown,0.0,0,104250,104250,104250,0,0,0.0,100.0,1,high,24.49,5,2,none,,9,https://www.musinsa.com/products/5334025
2026-09-03,제너럴아이디어,5336073,MAN 클래식 크루넥 니트 베스트 [MUSTARD] / SBE3M06004,0.0,0,49600,49600,49600,0,0,0.0,100.0,1,high,23.99,6,3,none,,9,https://www.musinsa.com/products/5336073
2026-09-03,슈퍼서브,5338825,크로스 카운트 오버핏 후디 - 멜란지,0.0,0,62900,62900,62900,0,0,0.0,82.48,0,low,25.25,4,1,none,,9,https://www.musinsa.com/products/5338825
2026-09-03,러브이즈트루,5340297,SHUGO CHARA! RINGER TEE(WHITE),0.0,0,49000,49000,49000,0,0,0.0,100.0,1,high,23.99,7,3,none,,9,https://www.musinsa.com/products/5340297
2026-09-03,러브이즈트루,5340361,BASIC COLLAR TAPE TEE(GRAY),0.0,0,56100,56100,56100,0,0,0.0,100.0,1,high,23.99,5,3,none,,9,https://www.musinsa.com/products/5340361
2026-09-03,본투윈,5340809,SILVER BRN MUSCLE FIT T-SHIRTS [3COL],2.01,98711,49000,49000,49000,0,0,0.0,100.0,1,high,10.17,22,8,none,,9,https://www.musinsa.com/products/5340809
2026-09-03,와르,5341065,M1072 후드 헨리넥 티셔츠_레드,0.0,0,62400,62400,62400,0,0,0.0,100.0,1,high,23.99,6,3,none,,9,https://www.musinsa.com/products/5341065
2026-09-03,밀로아카이브,5341513,다이애그널 셔츠 [시멘트 그레이],0.0,0,68600,68600,68600,0,0,0.0,91.63,0,low,23.99,7,3,none,,9,https://www.musinsa.com/products/5341513
2026-09-03,어나더오피스,5342281,Commuter Silk Tie (Twill black),0.0,0,84000,84000,84000,0,0,0.0,82.48,0,low,24.02,5,3,none,,9,https://www.musinsa.com/products/5342281
2026-09-03,룩캐스트,5342345,바이올렛 모헤어 스카프 / VIOLET MOHAIR SCARF_3colors,0.0,0,25440,25440,25440,0,0,0.0,91.64,0,low,24.43,4,1,none,,9,https://www.musinsa.com/products/5342345
2026-09-03,지프,5343369,에센셜 스몰로고 세미와이드핏 스웻팬츠 (JQ5TSF901IV),0.0,0,41900,41900,,0,,,30.21,0,low,8.34,3,1,none,,9,https://www.musinsa.com/products/5343369
2026-09-03,인사일런스우먼,5343561,체크 셔링 셔츠 BLACK CHECK,0.0,0,129200,129200,129200,0,0,0.0,100.0,1,high,24.02,7,3,none,,9,https://www.musinsa.com/products/5343561
2026-09-03,모즈모즈,5345097,윙즈기타 그래픽 피그먼트 롱 슬리브 챠콜,0.0,0,23500,23500,23500,0,0,0.0,100.0,1,high,24.65,5,2,none,,9,https://www.musinsa.com/products/5345097
2026-09-03,워크온바디오프,5345481,[젠플록스 PICK] 레스티드 세미 오버핏 헨리넥 니트 [차콜],4.85,118146,24339,24900,23660,1,1240,5.24,100.0,1,medium,10.53,17,5,none,,9,https://www.musinsa.com/products/5345481
2026-09-03,오픈야드(오와이),5345801,STRIPE BOLD LETTER L/S TEE - NAVY,0.0,0,47200,47200,,0,,,24.35,0,low,12.71,3,1,none,,9,https://www.musinsa.com/products/5345801
2026-09-03,필루미네이트,5345865,밀리터리 아플리케 볼캡-블랙,0.0,0,20900,20900,20900,0,0,0.0,100.0,1,high,23.99,7,3,none,,9,https://www.musinsa.com/products/5345865
2026-09-03,디스이즈네버댓,5350025,T-Logo Crewneck Light Green,0.0,0,79200,79200,79200,0,0,0.0,100.0,1,high,24.49,5,2,none,,9,https://www.musinsa.com/products/5350025
2026-09-03,쿠어,5350473,에센셜 후디 스웻셔츠 (블랙),0.0,0,117000,117000,117000,0,0,0.0,100.0,1,high,24.65,5,2,none,,9,https://www.musinsa.com/products/5350473
2026-09-03,커스텀어클락,5351625,소프트 케이블 라운드 가디건 오트밀 COOSCD021OATMEAL,0.0,0,47200,47200,47200,0,0,0.0,100.0,1,high,24.49,5,2,none,,9,https://www.musinsa.com/products/5351625
2026-09-03,1993스튜디오,5352009,[LG트윈스x1993스튜디오] 브이넥 나일론 피스테_레드,0.0,0,74000,74000,89000,1,-15000,-16.85,100.0,1,medium,24.49,5,2,none,,9,https://www.musinsa.com/products/5352009
2026-09-03,비터셀즈,5354761,에센셜 리브드 니트 후드 집업-베이지,0.0,0,65480,65480,65480,0,0,0.0,91.67,0,low,24.44,4,1,none,,9,https://www.musinsa.com/products/5354761
2026-09-03,지프,5355273,레트로 마운틴 코지 플리스 가디건 (JR5TZU193BK),0.0,0,61200,61200,,0,,,30.2,0,low,8.34,3,1,none,,9,https://www.musinsa.com/products/5355273
2026-09-03,썬러브투어,5355849,Crescent Brushed Hoodie Ivory,0.46,31941,69500,69500,56990,1,12510,21.95,100.0,1,medium,23.99,7,3,none,,9,https://www.musinsa.com/products/5355849
2026-09-03,썬러브투어,5356105,W Patch Track Jacket Black,0.0,0,84500,84500,69290,1,15210,21.95,100.0,1,medium,23.99,7,3,none,,9,https://www.musinsa.com/products/5356105
2026-09-03,내셔널지오그래픽,5357129,N254USW901 트레져 컨셉 크루 그래픽 기모 맨투맨 WHITE,0.0,0,56960,56960,,0,,,24.34,0,low,12.71,3,1,none,,9,https://www.musinsa.com/products/5357129
2026-09-03,론론,5357705,MIX STAR APPLIQUE OVER FIT LONG SLEEVE WHITE,0.02,1165,47520,42240,47520,1,-5280,-11.11,100.0,1,medium,24.02,7,3,none,,9,https://www.musinsa.com/products/5357705
2026-09-03,디앤에스알,5358025,리브드 롱슬리브 아이보리,0.0,0,49600,49600,49600,0,0,0.0,100.0,1,high,24.65,5,2,none,,9,https://www.musinsa.com/products/5358025
2026-09-03,제너럴아이디어,5358281,브이넥 타이 블라우스 [BLACK] / WBE3L03503,0.0,0,47200,47200,47200,0,0,0.0,100.0,1,high,23.99,6,3,none,,9,https://www.musinsa.com/products/5358281
2026-09-03,스키즘인듀싱,5358537,CURVED ZIPPER SWEATPANTS BLACK,0.0,0,124200,124200,124200,0,0,0.0,100.0,1,high,24.02,8,3,none,,9,https://www.musinsa.com/products/5358537
2026-09-03,드로우핏,5358729,워시드 코튼 샴브레이 워크 셔츠 [BLUE],0.0,0,49500,49500,49500,0,0,0.0,82.49,0,low,25.25,4,1,none,,9,https://www.musinsa.com/products/5358729
2026-09-03,엠엘비,5359497,피치 트윌 스트럭쳐 볼캡 NY (Charcoal Grey),0.63,25592,40850,40850,,0,,,26.93,0,low,10.32,2,1,none,1,9,https://www.musinsa.com/products/5359497
2026-09-03,더바넷,5359881,Maro Pigment Pocket T-Shirt_Khaki,0.0,0,72250,72250,72250,0,0,0.0,82.49,0,low,25.25,4,1,none,,9,https://www.musinsa.com/products/5359881
2026-09-03,썬러브투어,5359945,Heather Boucle Beanie Charcoal,0.0,0,22550,22550,22550,0,0,0.0,100.0,1,high,23.99,7,3,none,,9,https://www.musinsa.com/products/5359945
2026-09-03,키르시,5360521,듀이 체리 유니 루즈핏 후디 [오트밀],0.0,0,69300,69300,69300,0,0,0.0,100.0,1,high,24.5,5,2,none,,9,https://www.musinsa.com/products/5360521
2026-09-03,키르시,5360585,피그먼트 다잉 니트 집업 [차콜],0.0,0,70900,70900,70900,0,0,0.0,100.0,1,high,24.5,5,2,none,,9,https://www.musinsa.com/products/5360585
2026-09-03,아틀리에나인,5361225,ESSENTIAL INDIGO WIDE PANTS(PT-5703),0.0,0,95060,95060,95060,0,0,0.0,100.0,1,high,24.0,6,2,none,,9,https://www.musinsa.com/products/5361225
2026-09-03,엑스컨테이너,5361929,미니멀 하이넥 니트 집업 (KHAKI GREEN),0.0,0,79000,79000,79000,0,0,0.0,91.67,0,low,24.44,4,1,none,,9,https://www.musinsa.com/products/5361929
2026-09-03,드로우핏,5364425,스트라이프 슬림 모던 타이 [2COLORS],0.78,17644,22500,22500,22500,0,0,0.0,82.5,0,low,25.25,12,1,none,,9,https://www.musinsa.com/products/5364425
2026-09-03,파르티멘토우먼,5366793,PWC 저지 셔링 티어드 미디 스커트_차콜 멜란지,0.0,0,33390,33390,33390,0,0,0.0,91.68,0,low,24.44,3,1,none,,9,https://www.musinsa.com/products/5366793
2026-09-03,파르티멘토우먼,5366857,PWC 하이넥 백 버튼업 니트 탑_블랙 스트라이프,0.0,0,42480,42480,47790,1,-5310,-11.11,100.0,1,medium,24.44,5,2,none,,9,https://www.musinsa.com/products/5366857
2026-09-03,데상트,5367113,퓨텍트 화이트 SR123LCR24,0.0,0,160550,160550,,0,,,30.19,0,low,8.35,3,1,none,,9,https://www.musinsa.com/products/5367113
2026-09-03,로라로라,5371017,MAISON DE ROLA LEOPARD SHOULDER BAG BROWN,0.0,0,38700,38700,,0,,,26.91,0,low,10.32,2,1,none,,9,https://www.musinsa.com/products/5371017
2026-09-03,데상트,5372105,코튼 기모 맨투맨 아이보리(SQ323UHT91),0.0,0,76300,76300,,0,,,30.18,0,low,8.35,3,1,none,,9,https://www.musinsa.com/products/5372105
2026-09-03,필루미네이트,5374665,올드 스쿨 플란넬 체크 셔츠-레드,0.0,0,33000,33000,33000,0,0,0.0,100.0,1,high,23.99,7,3,none,,9,https://www.musinsa.com/products/5374665
2026-09-03,엘엠알,5375113,심볼 로고 드로잉 스트링 스웻 팬츠 CHARCOAL,0.0,0,28700,28700,,0,,,30.17,0,low,8.35,3,1,none,,9,https://www.musinsa.com/products/5375113
2026-09-03,엔와이엑스엑스,5375945,NYGD FACE WARMER GREY,0.0,0,18900,18900,,0,,,30.17,0,low,8.35,3,1,none,,9,https://www.musinsa.com/products/5375945
2026-09-03,르바,5376329,Overdyed Wide Denim - Stone Navy,0.0,0,98100,98100,98100,0,0,0.0,82.51,0,low,25.25,4,1,none,,9,https://www.musinsa.com/products/5376329
2026-09-03,르바,5376393,Standard Soft T-Shirt - Off White,0.0,0,46800,46800,46800,0,0,0.0,82.51,0,low,25.25,4,1,none,,9,https://www.musinsa.com/products/5376393
2026-09-03,르바,5376457,Fuzzy Eyelet Layered Wrap Knit - Rustic Brown,0.0,0,71100,71100,71100,0,0,0.0,82.52,0,low,25.25,4,1,none,,9,https://www.musinsa.com/products/5376457
2026-09-03,인사일런스,5376585,코튼 포켓 자켓 BROWN,0.0,0,178200,178200,178200,0,0,0.0,100.0,1,high,24.5,5,2,none,,9,https://www.musinsa.com/products/5376585
2026-09-03,레터리,5378057,LEOPARD HEART STUD LOGO CAP_KHAKI,0.0,0,37760,37760,,0,,,30.17,0,low,8.35,3,1,none,,9,https://www.musinsa.com/products/5378057
2026-09-03,이미스,5378953,SMALL LOGO BALL CAP-PINK,0.0,0,44100,44100,,0,,,26.9,0,low,10.32,2,1,none,,9,https://www.musinsa.com/products/5378953
2026-09-03,레터리,5379145,DOUBLE LAYERED LONGSLEEVE TEE_BLACK,0.0,0,48000,48000,,0,,,30.17,0,low,8.35,3,1,none,,9,https://www.musinsa.com/products/5379145
2026-09-03,예스아이씨,5380233,Y.E.S Star Logo Hoodie Sky Blue,0.0,0,69300,69300,,0,,,30.16,0,low,8.35,3,1,none,,9,https://www.musinsa.com/products/5380233
2026-09-03,세컨모놀로그,5380297,에어플로우 와플 트랙 자켓 [BROWN]_SEJK022BROWN,0.0,0,43600,43600,43600,0,0,0.0,100.0,1,high,24.5,5,2,none,,9,https://www.musinsa.com/products/5380297
2026-09-03,제너럴아이디어,5380617,하이넥 사파리 하프 자켓 [LIGHT KHAKI] / WBE3L09504,0.0,0,101650,101650,101650,0,0,0.0,100.0,1,high,23.99,6,3,none,,9,https://www.musinsa.com/products/5380617
2026-09-03,오픈야드(오와이),5381257,LAYERED STUD HOODIE ZIP UP - CAMO,0.0,0,104300,104300,,0,,,24.32,0,low,12.71,3,1,none,,9,https://www.musinsa.com/products/5381257
2026-09-03,프리즘웍스,5381321,ARMY AIRFIELD SWEATSHIRT _ BLACK,0.87,33303,38400,38400,38400,0,0,0.0,100.0,1,high,24.02,7,3,none,,9,https://www.musinsa.com/products/5381321
2026-09-03,드로우핏우먼,5382537,코어 스트레이트 핏 데님 팬츠 [LIGHT BLUE],0.0,0,66600,66600,66600,0,0,0.0,100.0,1,high,23.99,7,3,none,,9,https://www.musinsa.com/products/5382537
2026-09-03,드로우핏우먼,5382601,루어 스웨이드 미니 토트 백 [BLACK],0.0,0,59400,59400,59400,0,0,0.0,100.0,1,high,23.99,7,3,none,,9,https://www.musinsa.com/products/5382601
2026-09-03,비터셀즈,5384265,헤어리 넥 라이트푸퍼 자켓-그레이,0.0,0,116350,116350,116350,0,0,0.0,91.7,0,low,24.44,4,1,none,,9,https://www.musinsa.com/products/5384265
2026-09-03,언더오프,5385097,어센틱 릴렉스드 나인티나인 맨투맨 스웨트 블랙,0.0,0,34900,34900,34900,0,0,0.0,100.0,1,high,24.5,5,2,none,,9,https://www.musinsa.com/products/5385097
2026-09-03,칙스,5386313,원드랍 플리츠 레이어드 스커트 브라운,0.0,0,43120,43120,48510,1,-5390,-11.11,100.0,1,medium,24.02,7,3,none,,9,https://www.musinsa.com/products/5386313
2026-09-03,웬즈데이오아시스,5388425,페이드 그라데이션 체크 셔츠_BURGUNDY(W25-SH04),0.0,0,68600,68600,68600,0,0,0.0,100.0,1,high,23.99,7,3,none,,9,https://www.musinsa.com/products/5388425
2026-09-03,어반드레스,5390025,Pigment Felt Crop Hoody PIGMENT WASHING BLACK,0.0,0,55500,55500,55500,0,0,0.0,100.0,1,high,24.02,7,3,none,,9,https://www.musinsa.com/products/5390025
2026-09-03,트위,5391433,피츄 퍼프 브이넥 가디건,0.0,0,42660,42660,,0,,,26.89,0,low,10.32,2,1,none,,9,https://www.musinsa.com/products/5391433
2026-09-03,아틀리에나인,5391945,CUTOUT OBLIQUE KNIT (Z-T-7131),0.0,0,71200,71200,69070,1,2130,3.08,100.0,1,medium,24.0,6,2,none,,9,https://www.musinsa.com/products/5391945
2026-09-03,일꼬르소,5393289,빈티지 신드롬 스웻셔츠 화이트 IETS5F004WT,0.0,0,48300,48300,48300,0,0,0.0,100.0,1,high,24.5,5,2,none,,9,https://www.musinsa.com/products/5393289
2026-09-03,트릴리온,5393353,워셔블 울 헤어리 스트라이프 후드 집업 니트_카키,0.0,0,47800,47800,47800,0,0,0.0,91.71,0,low,24.44,4,1,none,,9,https://www.musinsa.com/products/5393353
2026-09-03,유니폼브릿지,5393545,cashmere blended cable half knit(womens) camel,0.0,0,32710,32710,32710,0,0,0.0,100.0,1,high,23.99,6,3,none,,9,https://www.musinsa.com/products/5393545
2026-09-03,트리밍버드,5393673,Tied Scarf Shirt [ Black ],0.0,0,198000,198000,198000,0,0,0.0,100.0,1,high,24.02,7,3,none,,9,https://www.musinsa.com/products/5393673
2026-09-03,세터,5393737,(W) 클래식 로고 헤어핀 세트 블랙,0.0,0,19000,19000,19000,0,0,0.0,100.0,1,high,24.66,5,2,none,,9,https://www.musinsa.com/products/5393737
2026-09-03,테이크이지,5395273,[2PACK] 크롭 리얼트리 후드집업 카키 (+솔리드 크롭 티셔츠 증정),0.0,0,49900,49900,49900,0,0,0.0,100.0,1,low,24.5,4,2,none,,9,https://www.musinsa.com/products/5395273
2026-09-03,엠엘비,5395785,클래식 모노그램 빈티지 데님 미니 버킷백 NY (L.Blue),0.0,0,98100,98100,,0,,,26.88,0,low,10.32,2,1,none,,9,https://www.musinsa.com/products/5395785
2026-09-03,세터,5395849,코튼 크루 삭스 화이트,0.0,0,9900,9900,9900,0,0,0.0,100.0,1,high,24.66,5,2,none,,9,https://www.musinsa.com/products/5395849
2026-09-03,틸아이다이,5396041,Double button jacket TIFA03JK02_Black,0.0,0,115350,115350,115350,0,0,0.0,100.0,1,high,23.99,6,3,none,,9,https://www.musinsa.com/products/5396041
2026-09-03,세터,5397129,(W) 소프트 터치 케이블 크루 넥 니트 차콜,0.0,0,139000,139000,139000,0,0,0.0,100.0,1,high,24.66,5,2,none,,9,https://www.musinsa.com/products/5397129
2026-09-03,엠엠엘지,5399625,[Mmlg] WASHED APPLIQUE HOOD ZIPUP (SOLAR RED),0.0,0,89400,89400,,0,,,30.14,0,low,8.35,3,1,none,,9,https://www.musinsa.com/products/5399625
2026-09-03,더콜디스트모먼트,5404873,TCM mini logo corduroy pants (navy),0.0,0,83790,83790,,0,,,24.29,0,low,12.71,3,1,none,,9,https://www.musinsa.com/products/5404873
2026-09-03,그레이버,5405129,[UNISEX]GRAE DOT SET 후드티_3color,0.0,0,41500,41500,,0,,,30.12,0,low,8.35,3,1,none,,9,https://www.musinsa.com/products/5405129
2026-09-03,후드후드,5406857,스타 아플리케 자수 후드 차콜,0.0,0,50900,50900,50900,0,0,0.0,82.55,0,low,25.25,4,1,none,,9,https://www.musinsa.com/products/5406857
2026-09-03,와이케이,5407241,YK 체크 아플리케 후드티셔츠 멜란지화이트,0.0,0,59250,59250,59250,0,0,0.0,100.0,1,high,23.99,7,3,none,,9,https://www.musinsa.com/products/5407241
2026-09-03,르아브,5408649,세그먼트 체크 크롭 긴팔 셔츠 버건디,0.39,28432,73500,73500,73500,0,0,0.0,100.0,1,high,23.99,7,3,none,,9,https://www.musinsa.com/products/5408649
2026-09-03,커버낫,5409929,어센틱 로고 코듀로이 5패널 캡 Brown,0.0,0,36450,36450,36450,0,0,0.0,100.0,1,high,24.5,5,2,none,,9,https://www.musinsa.com/products/5409929
2026-09-03,디스이즈네버댓,5414217,Light Duffle Bag (S) White,0.0,0,36000,36000,36000,0,0,0.0,100.0,1,high,24.5,5,2,none,,9,https://www.musinsa.com/products/5414217
2026-09-03,디스이즈네버댓,5414281,TN Applique Cap Black/Beige,0.0,0,34300,34300,34300,0,0,0.0,100.0,1,high,24.5,5,2,none,,9,https://www.musinsa.com/products/5414281
2026-09-03,디스이즈네버댓,5414345,Chino Pant Dark Green,0.0,0,95200,95200,95200,0,0,0.0,100.0,1,high,24.5,5,2,none,,9,https://www.musinsa.com/products/5414345
2026-09-03,어반에이지,5417289,DESIGN STUDIO 로고 오버핏 맨투맨_차콜,0.0,0,26800,26800,,0,,,26.87,0,low,10.32,2,1,none,,9,https://www.musinsa.com/products/5417289
2026-09-03,드릭스,5417609,스트라이프 머슬핏 헨리넥 롱 슬리브_4color,0.87,21931,25330,25330,25330,0,0,0.0,100.0,1,high,16.18,11,3,none,,9,https://www.musinsa.com/products/5417609
2026-09-03,배드블러드,5420553,미스틱 빅패치 볼캡 - 더스티그린카모,0.02,1675,67500,67500,67500,0,0,0.0,100.0,1,high,24.02,7,3,none,,9,https://www.musinsa.com/products/5420553
2026-09-03,솔트앤초콜릿,5424329,레니스 슬링백 412532003 (5cm),0.0,0,47400,47400,47400,0,0,0.0,100.0,1,high,23.99,6,3,none,,9,https://www.musinsa.com/products/5424329
2026-09-03,밀로아카이브,5424585,소이 스트라이프 후드 집업 [딥 브라운],0.0,0,94400,94400,94400,0,0,0.0,91.73,0,low,23.99,7,3,none,,9,https://www.musinsa.com/products/5424585
2026-09-03,슬로우애시드,5425033,아웃 포켓 핀턱 팬츠 [베이지],0.0,0,50700,50700,50700,0,0,0.0,82.57,0,low,25.25,4,1,none,,9,https://www.musinsa.com/products/5425033
2026-09-03,슬로우애시드,5425545,메탈릭 심볼 키링 [실버],0.0,0,22100,22100,22100,0,0,0.0,82.57,0,low,25.25,4,1,none,,9,https://www.musinsa.com/products/5425545
2026-09-03,론론,5426313,DOT PANEL SLIM HOODIE LONG SLEEVE NAVY,0.0,0,47520,47520,53460,1,-5940,-11.11,100.0,1,medium,24.02,7,3,none,,9,https://www.musinsa.com/products/5426313
2026-09-03,니티드,5429001,(W) 베이직 에센셜 워셔블 라운드 니트 MOCHA,0.0,0,31840,31840,31840,0,0,0.0,82.57,0,low,25.25,4,1,none,,9,https://www.musinsa.com/products/5429001
2026-09-03,탄산마그네슘,5430409,도트 패턴 후드집업 (화이트/레드),0.0,0,120080,120080,120080,0,0,0.0,100.0,1,high,24.66,5,2,none,,9,https://www.musinsa.com/products/5430409
2026-09-03,노이어,5432329,식스 포켓 와이드 슬랙스 (차콜),0.0,0,141700,141700,141700,0,0,0.0,100.0,1,high,24.02,7,3,none,,9,https://www.musinsa.com/products/5432329
2026-09-03,썬러브투어,5432649,Flannel Club Cap Green,0.0,0,28290,28290,28290,0,0,0.0,100.0,1,high,23.99,7,3,none,,9,https://www.musinsa.com/products/5432649
2026-09-03,론론,5434249,MULTI PATTERN HEART STRIPE LONG SLEEVE NAVY,0.03,1338,53460,47520,53460,1,-5940,-11.11,100.0,1,medium,24.02,7,3,none,,9,https://www.musinsa.com/products/5434249
2026-09-03,노이어,5434313,멀티 웨일 코듀로이 해링턴 자켓 (블랙),0.0,0,208200,208200,208200,0,0,0.0,100.0,1,high,24.03,7,3,none,,9,https://www.musinsa.com/products/5434313
2026-09-03,트립르센스,5436041,커버 스티치 크롭 와플 맨투맨_크림아이보리,0.0,0,59200,59200,59200,0,0,0.0,100.0,1,high,23.99,7,3,none,,9,https://www.musinsa.com/products/5436041
2026-09-03,제멋,5436361,누와 피그먼트 와이드 스웨트 팬츠 애쉬그레이 SJLP2655,0.0,0,33900,33900,33900,0,0,0.0,100.0,1,high,24.02,7,3,none,,9,https://www.musinsa.com/products/5436361
2026-09-03,디스이즈네버댓,5438089,Open Collar Sweatshirt Navy,0.0,0,79200,79200,79200,0,0,0.0,100.0,1,high,24.5,5,2,none,,9,https://www.musinsa.com/products/5438089
2026-09-03,아캄,5439433,Side Camo Raglan Long Sleeve (Khaki),0.0,0,71400,71400,71400,0,0,0.0,100.0,1,high,24.67,5,2,none,,9,https://www.musinsa.com/products/5439433
2026-09-03,미세키서울,5439881,double button knit one piece BLACK,0.0,0,140600,140600,140600,0,0,0.0,91.76,0,low,16.04,4,3,none,,9,https://www.musinsa.com/products/5439881
2026-09-03,시눈,5443785,Sinoon Striped Polo Knit (Ivory),0.0,0,85760,85760,85760,0,0,0.0,100.0,1,high,24.67,5,2,none,,9,https://www.musinsa.com/products/5443785
2026-09-03,일꼬르소,5443913,첼시 숏 다운 점퍼 페일 카키 IEJU5F006K4,0.0,0,161400,161400,161400,0,0,0.0,100.0,1,high,24.5,5,2,none,,9,https://www.musinsa.com/products/5443913
2026-09-03,렌세,5445321,Bootcut Skirt Pants Melange Gray,0.0,0,44640,44640,,0,,,26.86,0,low,10.32,2,1,none,,9,https://www.musinsa.com/products/5445321
2026-09-03,스컬프터,5448521,Brass Napoleon Jacket Beige,1.62,291279,179280,179280,179280,0,0,0.0,100.0,1,high,23.99,6,3,none,,9,https://www.musinsa.com/products/5448521
2026-09-03,몽돌,5449097,언발란스 케이블 랩 니트 탑 그레이 MDKT114GRAY,0.0,0,62050,62050,62050,0,0,0.0,100.0,1,high,23.99,6,3,none,,9,https://www.musinsa.com/products/5449097
2026-09-03,에이이에이이,5453193,ROUND POCKET CORDUROY PANTS [NAVY],0.0,0,100080,100080,111200,1,-11120,-10.0,91.77,0,low,24.45,4,1,none,,9,https://www.musinsa.com/products/5453193
2026-09-03,에이이에이이,5453321,LAYERED KNIT HOODIE [CHARCOAL],0.0,0,92880,92880,103200,1,-10320,-10.0,91.77,0,low,24.45,4,1,none,,9,https://www.musinsa.com/products/5453321
2026-09-03,필루미네이트,5458505,[패션플래닛×필루미네이트] 코어 스탠다드 패딩-2Color,0.0,0,69000,69000,69000,0,0,0.0,100.0,1,high,23.99,7,3,none,,9,https://www.musinsa.com/products/5458505
2026-09-03,밀로아카이브,5459593,버튼 라이너 퀼티드 자켓 [블랙],0.53,58128,110600,110600,110600,0,0,0.0,91.77,0,low,23.99,7,3,none,,9,https://www.musinsa.com/products/5459593
2026-09-03,어나더오피스,5462473,American Standard Belt (Brown),0.0,0,98000,98000,98000,0,0,0.0,82.59,0,low,24.03,6,3,none,,9,https://www.musinsa.com/products/5462473
2026-09-03,테이크이지,5467017,코튼 커브드 제이 팬츠 (블랙),0.0,0,37400,37400,37400,0,0,0.0,59.83,0,low,24.5,4,1,none,,9,https://www.musinsa.com/products/5467017
2026-09-03,디스이즈네버댓,5468809,Flannel Country Shirt Khaki,0.0,0,97300,97300,97300,0,0,0.0,100.0,1,high,24.51,5,2,none,,9,https://www.musinsa.com/products/5468809
2026-09-03,디스이즈네버댓,5468937,Overdyed Hooded Jacket Brown,0.0,0,146300,146300,146300,0,0,0.0,100.0,1,high,24.5,5,2,none,,9,https://www.musinsa.com/products/5468937
2026-09-03,예스아이씨,5473353,Y.E.S Taped Sweatshirt Light Navy,0.0,0,62300,62300,,0,,,30.05,0,low,8.35,3,1,none,,9,https://www.musinsa.com/products/5473353
2026-09-03,아캄,5476873,Basic Logo Camouflage Zip-Up Hoodie (Khaki),0.0,0,107100,107100,107100,0,0,0.0,100.0,1,high,24.67,5,2,none,,9,https://www.musinsa.com/products/5476873
2026-09-03,일꼬르소,5480969,TAKE IT EASY 코듀로이 볼캡 다크 네이비 IEHE5F001N3,0.0,0,27300,27300,27300,0,0,0.0,100.0,1,high,24.51,5,2,none,,9,https://www.musinsa.com/products/5480969
2026-09-03,엠엘비,5481097,커브 러너 GTX NY (Black),0.0,0,189000,189000,,0,,,26.82,0,low,10.32,2,1,none,,9,https://www.musinsa.com/products/5481097
2026-09-03,본투윈,5482441,W SYMBOL B FLEECE LONG LEGGINGS [CHARCOAL],0.0,0,71100,71100,75000,1,-3900,-5.2,100.0,1,medium,23.99,6,3,none,,9,https://www.musinsa.com/products/5482441
2026-09-03,카멜워크,5484361,NO.457 카멜 RD 에센셜 후드티셔츠(네이비),0.0,0,19800,19800,,0,,,26.82,0,low,10.32,2,1,none,,9,https://www.musinsa.com/products/5484361
2026-09-03,세터,5489417,로프 로고 자수 브이넥 니트 브라운,0.0,0,149000,149000,149000,0,0,0.0,100.0,1,high,24.68,5,2,none,,9,https://www.musinsa.com/products/5489417
2026-09-03,마인드브릿지,5489801,[웜]퍼티그 조직 변형 밴딩 팬츠 - 2color,0.0,0,94050,94050,94050,0,0,0.0,91.8,0,low,24.46,4,1,none,,9,https://www.musinsa.com/products/5489801
2026-09-03,마인드브릿지,5489929,캐시가공 울 라이크 하프 코트 - 3color,0.9,107228,119040,119040,119040,0,0,0.0,91.8,0,low,24.46,4,1,none,,9,https://www.musinsa.com/products/5489929
2026-09-03,길라아카이브,5495049,BOLD LOGO POCKET KNIT SHORTS_BLACK,0.0,0,56880,56880,56880,0,0,0.0,100.0,1,low,23.98,19,11,rebase,900,9,https://www.musinsa.com/products/5495049
2026-09-03,론론,5503625,BACK EMBROIDERY PINTUCK SHIRT WHITE,0.0,0,79200,79200,89100,1,-9900,-11.11,100.0,1,medium,24.02,7,3,none,,9,https://www.musinsa.com/products/5503625
2026-09-03,언더오프,5506313,오버핏 세미 크롭 스냅 후드 카모 프린트 화이트멜란지,0.0,0,36720,36720,36720,0,0,0.0,100.0,1,high,24.51,5,2,none,,9,https://www.musinsa.com/products/5506313
2026-09-03,커버낫,5506441,세미와이드 스몰 로고 기모 스웻 팬츠 Oatmeal,0.0,0,64080,64080,64080,0,0,0.0,100.0,1,high,24.51,5,2,none,,9,https://www.musinsa.com/products/5506441
2026-09-03,밀로아카이브,5506569,벤 스톤 브레이슬릿 [브라운],0.0,0,38400,38400,36480,1,1920,5.26,91.82,0,low,23.99,7,3,none,,9,https://www.musinsa.com/products/5506569
2026-09-03,르아르,5506761,그라데이션 크롭 오버핏 니트 [브릭 브라운],0.0,0,39000,39000,39000,0,0,0.0,100.0,1,high,24.68,5,2,none,,9,https://www.musinsa.com/products/5506761
2026-09-03,아메스월드와이드,5507209,BASIC SMALL LOGO SWEATSHIRT NAVY,0.0,0,43200,43200,43200,0,0,0.0,100.0,1,high,24.46,5,2,none,,9,https://www.musinsa.com/products/5507209
2026-09-03,나인제트,5508041,[SET] 크롭 리버스 하프집업 맨투맨 셋업 (2color) ANZSW02W ANZLPT04W,0.0,0,119700,119700,119700,0,0,0.0,91.83,0,low,24.46,4,1,none,,9,https://www.musinsa.com/products/5508041
2026-09-03,오호스,5511497,Knit Back Hoodie / Mint Grey,0.0,0,125300,125300,,0,,,30.02,0,low,8.35,3,1,none,,9,https://www.musinsa.com/products/5511497
2026-09-03,에이치덱스,5512521,애슬레틱 85 스웨트 팬츠 (Melange Gray),0.0,0,71200,71200,71200,0,0,0.0,82.61,0,low,25.26,4,1,none,,9,https://www.musinsa.com/products/5512521
2026-09-03,브라운야드,5512969,"W 워시드 워크 셔츠, 블랙",0.0,0,178000,178000,178000,0,0,0.0,100.0,1,high,23.99,7,3,none,,9,https://www.musinsa.com/products/5512969
2026-09-03,오픈야드(오와이),5513097,METAL LOGO BOUCLE BEANIE - BLACK,0.0,0,37100,37100,,0,,,24.24,0,low,12.71,3,1,none,,9,https://www.musinsa.com/products/5513097
2026-09-03,오픈야드(오와이),5513161,BLOCK POCKET FLEECE JACKET - IVORY,0.0,0,127200,127200,,0,,,24.24,0,low,12.71,3,1,none,,9,https://www.musinsa.com/products/5513161
2026-09-03,레이지비,5513545,코튼캔디 스트링 오버핏 여성 롱슬리브 래쉬가드 (2컬러),0.0,0,38600,38600,,0,,,30.02,0,low,8.35,3,1,none,,9,https://www.musinsa.com/products/5513545
2026-09-03,이알티알,5513865,Gemini Emanate Logo Double Knee Pants Brown,0.0,0,119200,119200,,0,,,30.02,0,low,8.35,3,1,none,,9,https://www.musinsa.com/products/5513865
2026-09-03,다이브인,5514057,VERN ONE TUCK CHINO PANTS V2 (BEIGE),0.0,0,95200,95200,95200,0,0,0.0,100.0,1,high,24.51,5,2,none,,9,https://www.musinsa.com/products/5514057
2026-09-03,아티스트웨어,5514121,[ATW] 퓨처리즘 후드티,0.0,0,69300,69300,,0,,,24.24,0,low,12.71,3,1,none,,9,https://www.musinsa.com/products/5514121
2026-09-03,이알티알,5515273,Reversible Check Hoodie Zip-Up Skyblue,0.0,0,159200,159200,,0,,,30.02,0,low,8.35,3,1,none,,9,https://www.musinsa.com/products/5515273
2026-09-03,카멜워크,5519881,NO.057 롱 드랍 후드티셔츠(다크그린),0.0,0,59000,59000,,0,,,26.81,0,low,10.32,2,1,none,,9,https://www.musinsa.com/products/5519881
2026-09-03,에이이에이이,5521289,BALLOON FLEECE SKIRT [NAVY],0.0,0,85680,85680,95200,1,-9520,-10.0,91.83,0,low,24.46,4,1,none,,9,https://www.musinsa.com/products/5521289
2026-09-03,론론,5523593,DOT LOGO SWEATSHIRT BLACK,0.0,0,63360,63360,71280,1,-7920,-11.11,100.0,1,medium,24.03,7,3,none,,9,https://www.musinsa.com/products/5523593
2026-09-03,브룩스브라더스,5524297,울 케이블 패턴 베스트 (그린) (BBWVMMF401),0.0,0,188370,188370,188370,0,0,0.0,100.0,1,high,23.99,7,3,none,,9,https://www.musinsa.com/products/5524297
2026-09-03,나인제트,5525513,파이핑 스웻 후드 집업,0.0,0,119000,119000,119000,0,0,0.0,91.84,0,low,24.47,4,1,none,,9,https://www.musinsa.com/products/5525513
2026-09-03,마인드브릿지,5526281,[ON][SET][COMFY]울 혼방 라운드넥 세미 오버핏 가디건 - 5color,0.0,0,119000,119000,119000,0,0,0.0,91.84,0,low,24.47,4,1,none,,9,https://www.musinsa.com/products/5526281
2026-09-03,아메스월드와이드,5529737,QWER WORLD TOUR TEE BLACK,0.0,0,24500,24500,34300,1,-9800,-28.57,100.0,1,medium,24.47,5,2,none,,9,https://www.musinsa.com/products/5529737
2026-09-03,아티스트웨어,5531529,[16COLORS] 와이드 플레인 머플러,0.0,0,23400,23400,,0,,,24.23,0,low,12.71,3,1,none,,9,https://www.musinsa.com/products/5531529
2026-09-03,라이프워크,5531721,여성) 플러피 리버시블 후드 다운 점퍼,0.0,0,299000,299000,,0,,,30.0,0,low,8.36,3,1,none,,9,https://www.musinsa.com/products/5531721
2026-09-03,배드블러드,5535433,빈티지 클럽 져지 링거 롱슬리브 - 블랙,0.86,61344,71200,71200,71200,0,0,0.0,100.0,1,high,24.03,7,3,none,,9,https://www.musinsa.com/products/5535433
2026-09-03,배드블러드,5535497,빈티지 져지 폴로 셔츠 - 브라운,0.0,0,90100,90100,90100,0,0,0.0,100.0,1,high,24.02,7,3,none,,9,https://www.musinsa.com/products/5535497
2026-09-03,제너럴아이디어,5537609,이지 캔버스 토트 크로스백 [IVORY] / SBE3U92002,0.0,0,51200,51200,51200,0,0,0.0,100.0,1,high,23.99,6,3,none,,9,https://www.musinsa.com/products/5537609
2026-09-03,더그린랩,5537865,FAUX 스웨이드 블루종 무스탕 [블랙],0.0,0,119400,119400,,0,,,29.99,0,low,8.36,3,1,none,,9,https://www.musinsa.com/products/5537865
2026-09-03,더바이닐하우스,5539593,PADDED WORK JACKET CHARCOAL,0.0,0,165760,165760,165760,0,0,0.0,100.0,1,high,24.51,5,2,none,,9,https://www.musinsa.com/products/5539593
2026-09-03,칙스,5542217,드롭아웃 포켓 레이어드 스커트 화이트,0.86,33004,38320,38320,43110,1,-4790,-11.11,100.0,1,medium,24.03,7,3,none,,9,https://www.musinsa.com/products/5542217
2026-09-03,키르시,5546633,빅 체리 아플리케 기모 후디 [다크 네이비],0.0,0,71200,71200,71200,0,0,0.0,100.0,1,high,24.52,5,2,none,,9,https://www.musinsa.com/products/5546633
2026-09-03,세터,5546697,오르타 벨트 백 블랙,0.0,0,139000,139000,139000,0,0,0.0,100.0,1,high,24.68,5,2,none,,9,https://www.musinsa.com/products/5546697
2026-09-03,유니폼브릿지,5546761,heavy wool cable cardigan charcoal,0.0,0,131400,131400,131400,0,0,0.0,100.0,1,high,23.99,6,3,none,,9,https://www.musinsa.com/products/5546761
2026-09-03,세터,5546953,(W) 클래식 터틀넥 니트 카키,0.0,0,159000,159000,159000,0,0,0.0,100.0,1,high,24.68,5,2,none,,9,https://www.musinsa.com/products/5546953
2026-09-03,세터,5547145,로렌 울 블렌드 크루 넥 니트 가디건 블랙,0.34,61080,179000,179000,179000,0,0,0.0,100.0,1,high,24.68,5,2,none,,9,https://www.musinsa.com/products/5547145
2026-09-03,낫포너드,5549001,W Incision Knit Sleeve Denim Jacket - Deep Blue,0.0,0,87000,87000,87000,0,0,0.0,82.62,0,low,25.26,4,1,none,,9,https://www.musinsa.com/products/5549001
2026-09-03,디스이즈네버댓,5549577,T.N.T. Classic HDP Sweatpant Black,0.0,0,79200,79200,79200,0,0,0.0,100.0,1,high,24.52,5,2,none,,9,https://www.musinsa.com/products/5549577
2026-09-03,엠엠엘지,5550409,[Mmlg] EARFLAP FLEECE CAP (BROWN),0.0,0,53100,53100,,0,,,29.98,0,low,8.36,3,1,none,,9,https://www.musinsa.com/products/5550409
2026-09-03,레이지비,5551817,에어로 터치 스탠다드핏 숏 반팔 W 티셔츠 상의 슬리브 다크네이비,0.0,0,25900,25900,,0,,,29.98,0,low,8.36,3,1,none,,9,https://www.musinsa.com/products/5551817
2026-09-03,라이프워크,5553033,온라인전용) 공용) 뉴 코인 와펜 오버핏 후드 집업,0.0,0,89000,89000,,0,,,29.98,0,low,8.36,3,1,none,,9,https://www.musinsa.com/products/5553033
2026-09-03,레이지비,5553289,자이언트 핏 져지 버뮤다 반바지 W 팬츠 네이비,0.0,0,23700,23700,,0,,,29.98,0,low,8.36,3,1,none,,9,https://www.musinsa.com/products/5553289
2026-09-03,파르티멘토우먼,5553929,발레 슬라우치 롱 부츠_다크 브라운,0.0,0,303200,303200,341100,1,-37900,-11.11,100.0,1,medium,24.47,5,2,none,,9,https://www.musinsa.com/products/5553929
2026-09-03,꼼파뇨,5555145,러브유 체인 자수 스웨트셔츠 멜란지화이트,0.0,0,41250,41250,41250,0,0,0.0,91.88,0,low,24.47,4,1,none,,9,https://www.musinsa.com/products/5555145
2026-09-03,더콜디스트모먼트,5558729,TCM starfish logo puffer jacket (ivory),0.0,0,230000,230000,,0,,,24.21,0,low,12.71,3,1,none,,9,https://www.musinsa.com/products/5558729
2026-09-03,피인오,5559177,라이트 워머 패디드 쉘자켓 - 차콜,0.0,0,86100,86100,86100,0,0,0.0,100.0,1,high,23.99,7,3,none,,9,https://www.musinsa.com/products/5559177
2026-09-03,더블유엠씨,5560009,스웨이드 라이크 카라 블루종_BLACK,0.0,0,104500,104500,104500,0,0,0.0,100.0,1,high,23.99,7,3,none,,9,https://www.musinsa.com/products/5560009
2026-09-03,스케이터락,5560073,Cross Tassel Check Shirt ((khaki)),0.0,0,95200,95200,,0,,,24.21,0,low,12.71,3,1,none,,9,https://www.musinsa.com/products/5560073
2026-09-03,드로우핏우먼,5560201,로티 투웨이 니트 후드 집업 [MILK PINK],0.0,0,79200,79200,79200,0,0,0.0,100.0,1,high,23.99,7,3,none,,9,https://www.musinsa.com/products/5560201
2026-09-03,드로우핏우먼,5560265,캐시 울 슬릿 터틀넥 풀오버 니트 [M.GREY],0.0,0,73800,73800,73800,0,0,0.0,100.0,1,high,23.99,7,3,none,,9,https://www.musinsa.com/products/5560265
2026-09-03,인사일런스우먼,5561417,브러쉬드 스트레이트핏 데님 BLACK,0.0,0,115200,115200,115200,0,0,0.0,100.0,1,high,24.03,7,3,none,,9,https://www.musinsa.com/products/5561417
2026-09-03,인사일런스우먼,5562697,디스트레스드 니트 넥워머 BEIGE,0.0,0,43550,43550,47790,1,-4240,-8.87,100.0,1,medium,24.03,7,3,none,,9,https://www.musinsa.com/products/5562697
2026-09-03,무드인사이드,5566985,스티치 페이크 스웨이드 자켓_Brown,0.0,0,59900,59900,59900,0,0,0.0,100.0,1,high,23.99,7,3,none,,9,https://www.musinsa.com/products/5566985
2026-09-03,브라운야드,5567241,"W 스탠다드 데님, 에크루",0.0,0,152600,152600,152600,0,0,0.0,100.0,1,high,23.99,7,3,none,,9,https://www.musinsa.com/products/5567241
2026-09-03,어반드레스,5567305,Alpine Fair-isle Knit_3Colors,0.0,0,73500,73500,49000,1,24500,50.0,100.0,1,medium,24.03,7,3,none,,9,https://www.musinsa.com/products/5567305
2026-09-03,유라고,5567369,Banding boots cut pants,0.0,0,81320,81320,81320,0,0,0.0,100.0,1,high,24.69,5,2,none,,9,https://www.musinsa.com/products/5567369
2026-09-03,세터,5570889,플리스 하프 넥 니트 집업 네이비,0.0,0,179000,179000,179000,0,0,0.0,100.0,1,high,24.69,5,2,none,,9,https://www.musinsa.com/products/5570889
2026-09-03,세터,5570953,오르타 2-Way 칼라 덕 다운 패딩 블랙,0.0,0,359000,359000,359000,0,0,0.0,100.0,1,high,24.69,5,2,none,,9,https://www.musinsa.com/products/5570953
2026-09-03,카키포인트,5572617,Stud Backpack (red),0.0,0,160740,160740,135360,1,25380,18.75,100.0,1,medium,23.99,7,3,none,,9,https://www.musinsa.com/products/5572617
2026-09-03,유니폼브릿지,5581385,wool one tuck cropped slacks charcoal,0.0,0,99000,99000,99000,0,0,0.0,100.0,1,high,23.99,6,3,none,,9,https://www.musinsa.com/products/5581385
2026-09-03,더그린랩,5582025,핸두워머 [베이지],0.0,0,18560,18560,,0,,,29.95,0,low,8.36,3,1,none,,9,https://www.musinsa.com/products/5582025
2026-09-03,제너럴아이디어,5585417,코지 울 블렌드 집업 가디건 [IVORY] / WBE4L04538,0.0,0,83200,83200,84000,1,-800,-0.95,100.0,1,medium,23.99,6,3,none,,9,https://www.musinsa.com/products/5585417
2026-09-03,더그린랩,5586825,체크 머플러 [로얄 블루],0.0,0,35200,35200,,0,,,29.95,0,low,8.36,3,1,none,,9,https://www.musinsa.com/products/5586825
2026-09-03,브라운브레스,5587145,TAG GRADATION WASHED HOODIE - BEIGE,0.0,0,119000,119000,119000,0,0,0.0,100.0,1,high,23.99,7,3,none,,9,https://www.musinsa.com/products/5587145
2026-09-03,에이치덱스,5588361,우먼스 케이블 니트 크롭 후디 집업 (Melange Gray),0.0,0,86330,86330,86330,0,0,0.0,82.65,0,low,25.26,4,1,none,,9,https://www.musinsa.com/products/5588361
2026-09-03,에이치덱스,5589129,[HDEX X PHYSICAL: ASIA] 코어 후디 (Black),0.0,0,73500,73500,73500,0,0,0.0,82.65,0,low,25.26,4,1,none,,9,https://www.musinsa.com/products/5589129
2026-09-03,레더리,5593545,포켓 스티치 스트레이트 코듀로이 팬츠 [BLACK],0.0,0,39600,39600,39600,0,0,0.0,91.91,0,low,24.48,4,1,none,,9,https://www.musinsa.com/products/5593545
2026-09-03,몰든,5597641,더블 니트 스프레드 후드티,0.0,0,56880,56880,56880,0,0,0.0,100.0,1,high,23.99,7,3,none,,9,https://www.musinsa.com/products/5597641
2026-09-03,내셔널지오그래픽,5601481,N254WDW860 여성 카이만 프로 롱기장 구스다운 점퍼 BROWN,0.0,0,220000,220000,,0,,,24.17,0,low,12.71,3,1,none,,9,https://www.musinsa.com/products/5601481
2026-09-03,내셔널지오그래픽,5601673,N254UDW210 토르니에 속사시 중경량 덕다운 점퍼 L/GREY,0.0,0,209300,209300,,0,,,24.17,0,low,12.71,3,1,none,,9,https://www.musinsa.com/products/5601673
2026-09-03,다이닛,5603273,ZIGZAG LOGO MINI BAR DETAIL CAP IN BURGUNDY,0.0,0,36000,36000,,0,,,24.17,0,low,12.71,3,1,none,,9,https://www.musinsa.com/products/5603273
2026-09-03,라이프워크,5604105,공용) LW 빈티지 코듀로이 바시티 점퍼,0.0,0,228420,228420,,0,,,29.92,0,low,8.36,3,1,none,,9,https://www.musinsa.com/products/5604105
2026-09-03,무드인사이드,5607177,소프트 웜 버튼 카라 니트_Black,0.0,0,49900,49900,49900,0,0,0.0,100.0,1,high,23.99,7,3,none,,9,https://www.musinsa.com/products/5607177
2026-09-03,벨리에,5607305,(W) 유틸리티 후디 집업 - 멜란지 그레이,0.0,0,139650,139650,139650,0,0,0.0,100.0,1,high,24.7,5,2,none,,9,https://www.musinsa.com/products/5607305
2026-09-03,틸아이다이,5608201,Flower coloring point dumble jumper [TIWT02JP05]_2color,0.0,0,152620,152620,152620,0,0,0.0,100.0,1,high,23.99,6,3,none,,9,https://www.musinsa.com/products/5608201
2026-09-03,디스이즈네버댓,5611593,Textured Knit Zip Hoodie Navy,0.99,137548,139300,139300,139300,0,0,0.0,100.0,1,high,24.53,5,2,none,,9,https://www.musinsa.com/products/5611593
2026-09-03,데상트,5612233,[세리나&소빈 착용] 엣지 코트 빈티지 페일 그레이 SR123LSN32,0.0,0,116100,116100,,0,,,29.92,0,low,8.36,3,1,none,,9,https://www.musinsa.com/products/5612233
2026-09-03,꼼파뇨,5613193,우먼 세미 와이드 데님 팬츠 인디고블루,0.0,0,50610,50610,50610,0,0,0.0,91.93,0,low,24.48,4,1,none,,9,https://www.musinsa.com/products/5613193
2026-09-03,어나더오피스,5615497,Cloudy Paneled Down Jacket (Almost Black),0.0,0,262400,262400,262400,0,0,0.0,82.66,0,low,24.03,5,3,none,,9,https://www.musinsa.com/products/5615497
2026-09-03,레더리,5616201,멜로우 플리츠 코듀로이 스커트 [BLACK],0.0,0,44100,44100,44100,0,0,0.0,91.93,0,low,24.48,4,1,none,,9,https://www.musinsa.com/products/5616201
2026-09-03,제너럴아이디어,5616713,라운드 카라 프릴 블라우스 [SKY BLUE] / WBE3L03513,0.0,0,50400,50400,50350,1,50,0.1,100.0,1,medium,23.99,6,3,none,,9,https://www.musinsa.com/products/5616713
2026-09-03,시눈,5617545,Flatty Girl Multi Pin (Silver),0.0,0,25460,25460,25460,0,0,0.0,100.0,1,high,24.7,5,2,none,,9,https://www.musinsa.com/products/5617545
2026-09-03,로제프란츠,5617865,Crop Leather Mustang [Black],0.0,0,165120,165120,165120,0,0,0.0,82.67,0,low,25.27,4,1,none,,9,https://www.musinsa.com/products/5617865
2026-09-03,로제프란츠,5618441,Eyelet Henley-neck Long Sleeve [Beige],0.0,0,31680,31680,31680,0,0,0.0,82.67,0,low,25.27,4,1,none,,9,https://www.musinsa.com/products/5618441
2026-09-03,로제프란츠,5618633,Cozy Fur Muffler [Ivory],0.0,0,30720,30720,30720,0,0,0.0,82.67,0,low,25.27,4,1,none,,9,https://www.musinsa.com/products/5618633
2026-09-03,트위,5621065,아포드 스웨이드 플리츠 미니 스커트(벨트set),0.0,0,59900,59900,,0,,,26.74,0,low,10.32,2,1,none,,9,https://www.musinsa.com/products/5621065
2026-09-03,헬레네파리스,5623113,셀러브리즈 니팅 슬립 [블랙],0.0,0,31920,31920,38400,1,-6480,-16.88,100.0,1,medium,24.03,7,3,none,,9,https://www.musinsa.com/products/5623113
2026-09-03,썸웨어버터,5626249,Square Logo Half Zip-Up Sweatshirt - Grey,0.0,0,129000,129000,129000,0,0,0.0,100.0,1,high,24.0,7,3,none,,9,https://www.musinsa.com/products/5626249
2026-09-03,엠엘비,5627337,[TWS 착용] 베이직 팔레트 크로스백 BOS (D.Yellow),0.0,0,98100,98100,,0,,,26.73,0,low,10.32,2,1,none,,9,https://www.musinsa.com/products/5627337
2026-09-03,시야쥬,5631305,SIPT7180 헤비 트윌 클린 와이드 슬랙스_Melange gray,0.0,0,103000,103000,103000,0,0,0.0,100.0,1,high,24.53,5,2,none,,9,https://www.musinsa.com/products/5631305
2026-09-03,시야쥬,5632841,SIKN2129 캐시미어 블렌드 터틀넥 니트_Ivory,0.0,0,133000,133000,133000,0,0,0.0,100.0,1,high,24.53,5,2,none,,9,https://www.musinsa.com/products/5632841
2026-09-03,아틀리에나인,5635529,(JK-3057)TWO TONE FLOW FUR JACKET,0.0,0,270630,270630,270630,0,0,0.0,100.0,1,high,24.0,6,2,none,,9,https://www.musinsa.com/products/5635529
2026-09-03,테켓,5641033,Hide Hoodie Melange Gray,0.0,0,109000,109000,,0,,,29.89,0,low,8.36,3,1,none,,9,https://www.musinsa.com/products/5641033
2026-09-03,테켓,5646217,Imagiscript Easy Shorts White,0.0,0,79000,79000,,0,,,29.89,0,low,8.36,3,1,none,,9,https://www.musinsa.com/products/5646217
2026-09-03,스켈리웩,5646921,프론트 포켓 파라슈트 워싱 데님 팬츠[블랙],0.0,0,61000,61000,61000,0,0,0.0,73.01,0,low,12.71,6,2,none,,9,https://www.musinsa.com/products/5646921
2026-09-03,내셔널지오그래픽,5648201,[ 나나 착용 ] N254WPT220 여성 마르스 트레이닝 팬츠 LAVENDER,0.0,0,90300,90300,,0,,,24.14,0,low,12.71,3,1,none,,9,https://www.musinsa.com/products/5648201
2026-09-03,제너럴아이디어,5652425,UNISEX 스웨이드 카라 블루종 [CAMEL] / SBE3U07010,0.0,0,105600,105600,105450,1,150,0.14,100.0,1,medium,23.99,6,3,none,,9,https://www.musinsa.com/products/5652425
2026-09-03,코드그라피,5653897,기모 스퀘어 로고 후디_그레이쉬블루,0.0,0,62300,62300,62300,0,0,0.0,82.69,0,low,25.27,4,1,none,,9,https://www.musinsa.com/products/5653897
2026-09-03,더블유엠씨,5658249,플리스 아노락_NAVY,0.0,0,57120,57120,57120,0,0,0.0,100.0,1,high,24.01,7,3,none,,9,https://www.musinsa.com/products/5658249
2026-09-03,배드블러드,5662217,바이퍼 모헤어 스웨터 - 블랙레오파드,0.0,0,111200,111200,111200,0,0,0.0,100.0,1,high,24.03,7,3,none,,9,https://www.musinsa.com/products/5662217
2026-09-03,배드블러드,5662281,바이퍼 젬스톤 커브드 팬츠 - 더스티베이지,0.0,0,314100,314100,314100,0,0,0.0,100.0,1,high,24.03,7,3,none,,9,https://www.musinsa.com/products/5662281
2026-09-03,내셔널지오그래픽,5663817,N261ABG600 퓨전 백팩 GREY,0.0,0,189000,189000,,0,,,24.13,0,low,12.71,3,1,none,,9,https://www.musinsa.com/products/5663817
2026-09-03,트위,5672585,리엣 체크 오버핏 긴팔 셔츠,0.0,0,26910,26910,,0,,,26.7,0,low,10.32,2,1,none,,9,https://www.musinsa.com/products/5672585
2026-09-03,브라운야드,5675657,"실크 니트 타이, 블랙",0.0,0,88000,88000,88000,0,0,0.0,100.0,1,high,24.01,7,3,none,,9,https://www.musinsa.com/products/5675657
2026-09-03,무센트,5681865,시그니처 로고 핀버튼 뱃지 세트 남녀공용,0.0,0,17380,17380,17910,1,-530,-2.96,100.0,1,medium,24.54,5,2,none,,9,https://www.musinsa.com/products/5681865
2026-09-03,론론,5684233,HEART POCKET CORDUROY SKIRT LAYERED PANTS NAVY,0.0,0,95760,95760,107730,1,-11970,-11.11,100.0,1,medium,24.03,7,3,none,,9,https://www.musinsa.com/products/5684233
2026-09-03,제너럴아이디어,5685513,스티치 바라클라바 [4COL] / WBE4L91526,0.0,0,38220,38220,39200,1,-980,-2.5,100.0,1,medium,23.99,6,3,none,,9,https://www.musinsa.com/products/5685513
2026-09-03,무드인사이드우먼,5685705,(woman) 리버시블 무스탕 하프 코트_Brown,0.0,0,75900,75900,75900,0,0,0.0,40.3,0,low,23.98,4,1,none,,9,https://www.musinsa.com/products/5685705
2026-09-03,그레이버,5688137,[1PACK]백 퍼피 맨즈 드로즈_블랙,0.0,0,12780,12780,,0,,,29.84,0,low,8.36,3,1,none,,9,https://www.musinsa.com/products/5688137
2026-09-03,라티젠,5689609,L21 SNOW PLUFFY MINI DRESS TOP(BEIGE),0.0,0,41400,41400,,0,,,26.69,0,low,10.32,2,1,none,,9,https://www.musinsa.com/products/5689609
2026-09-03,더뮤지엄비지터,5692105,RABBIT EMBROIDERY CAP (DEEP NAVY),0.0,0,40950,40950,40950,0,0,0.0,100.0,1,high,23.99,6,3,none,,9,https://www.musinsa.com/products/5692105
2026-09-03,썸웨어버터,5694217,Henley Frill Top - Ivory,0.0,0,62400,62400,62400,0,0,0.0,100.0,1,high,24.01,7,3,none,,9,https://www.musinsa.com/products/5694217
2026-09-03,아모우,5701449,AMOU Fur Hoodie Zip-Up BLACK,0.0,0,98340,98340,98340,0,0,0.0,100.0,1,high,24.03,7,3,none,,9,https://www.musinsa.com/products/5701449
2026-09-03,디스이즈네버댓,5711881,GORE-TEX WINDSTOPPER Cord Jacket Navy,0.0,0,195300,195300,195300,0,0,0.0,100.0,1,high,24.54,5,2,none,,9,https://www.musinsa.com/products/5711881
2026-09-03,제너럴아이디어,5711945,히트젯 히트 U넥 티셔츠 [BLACK] / WBE4L01516,0.0,0,22620,22620,23200,1,-580,-2.5,100.0,1,medium,23.99,6,3,none,,9,https://www.musinsa.com/products/5711945
2026-09-03,파르티멘토우먼,5712585,레이어드 슬리브 니트 크루넥_블랙 스트라이프,0.0,0,46080,46080,51840,1,-5760,-11.11,100.0,1,medium,24.49,5,2,none,,9,https://www.musinsa.com/products/5712585
2026-09-03,글로니,5713289,EVERYDAY G SOCKS (NAVY),0.0,0,15000,15000,15000,0,0,0.0,100.0,1,high,24.03,7,3,none,,9,https://www.musinsa.com/products/5713289
2026-09-03,2000아카이브스,5715401,TEDDY STUD FLEECE JACKET (BLACK),0.0,0,215820,215820,215820,0,0,0.0,100.0,1,high,23.99,6,3,none,,9,https://www.musinsa.com/products/5715401
2026-09-03,가까이유니언즈,5717705,힐즈 피그먼트 후드 집업 차콜,0.0,0,57400,57400,57400,0,0,0.0,100.0,1,high,24.0,6,2,none,,9,https://www.musinsa.com/products/5717705
2026-09-03,제너럴아이디어,5720585,MAN 울 클래식 투턱 슬랙스 [KHAKI] / SBE4M11011,0.0,0,71200,71200,71200,0,0,0.0,100.0,1,high,23.99,6,3,none,,9,https://www.musinsa.com/products/5720585
2026-09-03,바이모노,5730697,[빅사이즈 XL-6XL] 모노 따스한 기모 맨투맨,0.0,0,39900,39900,39900,0,0,0.0,100.0,1,high,24.54,5,2,none,,9,https://www.musinsa.com/products/5730697
2026-09-03,바이모노,5734089,[빅사이즈 XL-6XL] 모노진 오버핏 데님자켓,0.0,0,79900,79900,79900,0,0,0.0,100.0,1,high,24.54,5,2,none,,9,https://www.musinsa.com/products/5734089
2026-09-03,레이지비,5734793,[2PACK] 에어라이트 스트레치 멀티스포츠 러닝 바람막이 아노락 자켓 W (2컬러),0.0,0,79100,79100,,0,,,29.83,0,low,8.36,3,1,none,,9,https://www.musinsa.com/products/5734793
2026-09-03,무센트,5735817,웨건 메탈 로고 하트 패치 아일렛 데미지 니트,0.0,0,43420,43420,44910,1,-1490,-3.32,100.0,1,medium,24.54,5,2,none,,9,https://www.musinsa.com/products/5735817
2026-09-03,트립르센스,5742793,[F/W]커스텀 울 세미 오버 블레이저_브라운,0.0,0,189000,189000,189000,0,0,0.0,100.0,1,high,24.04,7,3,none,,9,https://www.musinsa.com/products/5742793
2026-09-03,락케이크,5743689,Defined Zip Up Sweatshirt - Black,0.0,0,93100,93100,93100,0,0,0.0,100.0,1,high,23.99,7,3,none,,9,https://www.musinsa.com/products/5743689
2026-09-03,다이닛,5749129,[GGUM X DEINET] LOOSE FIT S/S T-SHIRT IN GREY,0.0,0,48000,48000,,0,,,24.1,0,low,12.71,3,1,none,,9,https://www.musinsa.com/products/5749129
2026-09-03,무센트,5752969,시에라 호피 하트 니트 남녀공용,0.0,0,49510,49510,51210,1,-1700,-3.32,100.0,1,medium,24.55,5,2,none,,9,https://www.musinsa.com/products/5752969
2026-09-03,노이어,5753097,캐시미어 코튼 딥 브이넥 니트 (딥브라운),0.0,0,88000,88000,88000,0,0,0.0,100.0,1,high,24.03,7,3,none,,9,https://www.musinsa.com/products/5753097
2026-09-03,언타이틀 서울,5756041,크로스 스켈레톤 퍼 후드 집업 블랙,0.0,0,86400,86400,86400,0,0,0.0,100.0,1,high,24.72,5,2,none,,9,https://www.musinsa.com/products/5756041
2026-09-03,썸웨어버터,5762057,Turtleneck Emma Half Puff Knit - Vintage Red,0.0,0,89000,89000,89000,0,0,0.0,100.0,1,high,24.04,7,3,none,,9,https://www.musinsa.com/products/5762057
2026-09-03,썸웨어버터,5762377,Fog Fleece String Pants - Black,0.0,0,139000,139000,139000,0,0,0.0,100.0,1,high,24.04,7,3,none,,9,https://www.musinsa.com/products/5762377
2026-09-03,키르시,5770185,키르시 X 피투 폼폼 니트 비니 [멜란지 그레이],0.0,0,41300,41300,41300,0,0,0.0,100.0,1,high,24.55,5,2,none,,9,https://www.musinsa.com/products/5770185
2026-09-03,브랜디드,5777033,[SUPERIOR] CLOUD SUPERFINE V-NECK KNIT [RED],0.0,0,125800,125800,125800,0,0,0.0,82.72,0,low,19.03,5,3,none,,9,https://www.musinsa.com/products/5777033
2026-09-03,시야쥬,5780553,SIAC3099 클라우드 벨벳 헤어 밴드_Black,0.0,0,37000,37000,37000,0,0,0.0,100.0,1,high,24.55,5,2,none,,9,https://www.musinsa.com/products/5780553
2026-09-03,더블유엠씨,5785417,링클 호보백_BLACK,0.0,0,47400,47400,47400,0,0,0.0,47.37,0,low,24.04,6,2,none,,9,https://www.musinsa.com/products/5785417
2026-09-03,로우그,5796745,포켓 로고 코튼 팬츠_브라운,0.0,0,47930,47930,,0,,,26.65,0,low,10.32,2,1,none,,9,https://www.musinsa.com/products/5796745
2026-09-03,로우그,5796873,컷팅 워시드 데님 팬츠_블랙,0.0,0,41850,41850,,0,,,26.65,0,low,10.32,2,1,none,,9,https://www.musinsa.com/products/5796873
2026-09-03,데상트,5799241,우먼스 스몰 2WAY 실린더백 블루 SR122UBG14,0.0,0,84550,84550,,0,,,29.81,0,low,8.36,3,1,none,,9,https://www.musinsa.com/products/5799241
2026-09-03,니티드,5800649,벌키 울 다이아몬드 집업 IVORY,0.0,0,128600,128600,128600,0,0,0.0,82.73,0,low,25.27,4,1,none,,9,https://www.musinsa.com/products/5800649
2026-09-03,유니온블루,5801225,STRUCTURED CROP CARDIGAN [MELANGE GRAY],0.0,0,105570,105570,105570,0,0,0.0,85.27,0,low,14.07,5,2,none,,9,https://www.musinsa.com/products/5801225
2026-09-03,지프,5811593,[360g] M-Logo 반집업 맨투맨 (JR5TSU838CB) 카모폴라쥬,0.86,32330,37800,37800,,0,,,29.8,0,low,8.36,3,1,none,1,9,https://www.musinsa.com/products/5811593
2026-09-03,모드나인,5811657,Mr. Blackstone - Jacket,0.0,0,309000,309000,,0,,,24.09,0,low,12.71,3,1,none,,9,https://www.musinsa.com/products/5811657
2026-09-03,9999아카이브,5819273,Fire Hook Curved Bomber Jacket,0.0,0,137970,137970,137970,0,0,0.0,100.0,1,high,24.05,7,3,none,,9,https://www.musinsa.com/products/5819273
2026-09-03,앤더슨벨,5820169,TOM ARGYLE CREW-NECK SWEATER atb1415m(BLACK),0.0,0,142560,142560,,0,,,29.8,0,low,8.36,3,1,none,,9,https://www.musinsa.com/products/5820169
2026-09-03,언더오프,5834761,빈티지 워싱 패디드 M65 필드 자켓 브라운,0.0,0,62500,62500,62500,0,0,0.0,100.0,1,high,24.55,5,2,none,,9,https://www.musinsa.com/products/5834761
2026-09-03,유희,5835401,CAMO CROP HOOD ZIP-UP_KHAKI,0.0,0,43960,43960,,0,,,29.79,0,low,8.36,3,1,none,,9,https://www.musinsa.com/products/5835401
2026-09-03,유희,5835465,CAMO TIERED LAYERED MIDI SKIRT_KHAKI,0.0,0,35960,35960,,0,,,29.79,0,low,8.36,3,1,none,,9,https://www.musinsa.com/products/5835465
2026-09-03,9999아카이브,5835593,W Archive Short Sleeves,1.44,50714,35280,35280,35280,0,0,0.0,100.0,1,high,24.05,7,3,none,,9,https://www.musinsa.com/products/5835593
2026-09-03,나이스고스트클럽,5839113,MULTI STRIPE 3STAR V NECK KNIT_BROWN(NG2GSUM600A),0.0,0,49770,49770,49770,0,0,0.0,100.0,1,high,24.05,7,3,none,,9,https://www.musinsa.com/products/5839113
2026-09-03,데상트,5839625,크론 콜라보 후드 티셔츠 SP123HHD21,0.0,0,74500,74500,,0,,,29.78,0,low,8.36,3,1,none,,9,https://www.musinsa.com/products/5839625
2026-09-03,코드그라피,5839881,피그먼트 25 엠블럼 후디_차콜,0.0,0,62300,62300,62300,0,0,0.0,82.74,0,low,25.27,4,1,none,,9,https://www.musinsa.com/products/5839881
2026-09-03,튜드먼트,5841033,50s EMBROIDERED SLEEVELESS T-SHIRT_WHITE,0.0,0,24220,24220,,0,,,26.63,0,low,10.32,2,1,none,,9,https://www.musinsa.com/products/5841033
2026-09-03,엠엘비,5843081,[TWS 착용] 위너 청키 DT NY (White),0.0,0,151200,151200,,0,,,26.62,0,low,10.32,2,1,none,,9,https://www.musinsa.com/products/5843081
2026-09-03,코이리스,5845705,에른 라운드넥 케이블 니트 가디건 (3컬러),0.0,0,30520,30520,,0,,,29.78,0,low,8.36,3,1,none,,9,https://www.musinsa.com/products/5845705
2026-09-03,노매뉴얼,5848969,N.P DAMAGED BALL CAP - CHARCOAL,0.0,0,33600,33600,33600,0,0,0.0,92.05,0,low,24.5,4,1,none,,9,https://www.musinsa.com/products/5848969
2026-09-03,리메인세컨드,5849033,잔 스트라이프 오버핏 반팔 티셔츠 [블랙],3.95,109690,27800,27800,27800,0,0,0.0,100.0,1,high,10.18,25,7,none,,9,https://www.musinsa.com/products/5849033
2026-09-03,노매뉴얼,5849161,ROOMY LOOSE COTTON PANTS - BLACK,0.0,0,80500,80500,80500,0,0,0.0,92.05,0,low,24.5,4,1,none,,9,https://www.musinsa.com/products/5849161
2026-09-03,노매뉴얼,5849225,W.C HOODED JACKET - BEIGE,0.0,0,142400,142400,142400,0,0,0.0,92.06,0,low,24.5,4,1,none,,9,https://www.musinsa.com/products/5849225
2026-09-03,노매뉴얼,5849289,NM WIDE TRACK TOP - BROWN,0.0,0,94500,94500,94500,0,0,0.0,92.06,0,low,24.5,4,1,none,,9,https://www.musinsa.com/products/5849289
2026-09-03,노매뉴얼,5849417,無規則 ORBIT CROSS T-SHIRT - BLACK,0.9,28411,31500,31500,31500,0,0,0.0,92.07,0,low,24.5,4,1,none,,9,https://www.musinsa.com/products/5849417
2026-09-03,노매뉴얼,5849481,RAWMARK T-SHIRT - WASHED KHAKI,0.0,0,49500,49500,49500,0,0,0.0,92.07,0,low,24.5,4,1,none,,9,https://www.musinsa.com/products/5849481
2026-09-03,노매뉴얼,5849545,M.F JACQUARD POLO SHIRT - BLACK,0.0,0,58800,58800,58800,0,0,0.0,92.07,0,low,24.5,4,1,none,,9,https://www.musinsa.com/products/5849545
2026-09-03,탄산마그네슘,5852361,마운틴 롱슬리브 (화이트/블랙),13.61,765570,56240,56240,56240,0,0,0.0,100.0,1,low,10.18,27,12,none,,9,https://www.musinsa.com/products/5852361
2026-09-03,이지노이지,5853513,니들 워크 후드 집업 - 블랙,1.67,115679,69300,69300,69300,0,0,0.0,100.0,1,high,24.73,5,2,none,,9,https://www.musinsa.com/products/5853513
2026-09-03,코드그라피,5853641,세미와이드 베이직 슬렉스-블랙,0.0,0,48300,48300,48300,0,0,0.0,82.75,0,low,25.27,4,1,none,,9,https://www.musinsa.com/products/5853641
2026-09-03,데상트,5857481,우먼스 마이크로 플리스 자켓 블랙 SR122PKT11,0.0,0,160550,160550,,0,,,29.78,0,low,8.36,3,1,none,,9,https://www.musinsa.com/products/5857481
2026-09-03,글로니,5859145,G CLASSIC KNIT CAMISOLE (NAVY),0.0,0,55080,55080,55080,0,0,0.0,100.0,1,high,24.03,7,3,none,,9,https://www.musinsa.com/products/5859145
2026-09-03,데상트,5860873,액티브 우븐 팬츠 블랙 SR121UPT11,0.0,0,103550,103550,,0,,,29.76,0,low,8.36,3,1,none,,9,https://www.musinsa.com/products/5860873
2026-09-03,데상트,5860937,크론템포 클래식 그린 화이트 SR113LSN12,0.0,0,132050,132050,,0,,,29.76,0,low,8.36,3,1,none,,9,https://www.musinsa.com/products/5860937
2026-09-03,노아,5861385,(U) 바버 코튼 비데일 자켓 쿠에로 BARBOUR COTTON BEDALE JACKET CUERO,0.0,0,1150000,1150000,,0,,,24.08,0,low,12.71,3,1,none,,9,https://www.musinsa.com/products/5861385
2026-09-03,트릴리온,5861705,레이어드 케이블 니트_블랙,0.0,0,42800,42800,42800,0,0,0.0,92.09,0,low,24.5,4,1,none,,9,https://www.musinsa.com/products/5861705
2026-09-03,마하그리드,5862345,TWO TONE ZIP UP CARDIGAN BLUE(MG2GSMK686A),0.0,0,87200,87200,,0,,,24.08,0,low,12.71,3,1,none,,9,https://www.musinsa.com/products/5862345
2026-09-03,키르시,5869385,플레인 슬림핏 스웻팬츠 [라이트 스카이],0.0,0,63200,63200,63200,0,0,0.0,100.0,1,high,24.56,5,2,none,,9,https://www.musinsa.com/products/5869385
2026-09-03,마인드브릿지,5871817,[ON]100%소가죽 블랙&브라운 양면 벨트,2.0,51800,25900,25900,25900,0,0,0.0,92.09,0,low,9.52,12,5,none,,9,https://www.musinsa.com/products/5871817
2026-09-03,앤더슨벨,5875593,UNISEX NEW FANTASIA COLLAR CARDIGAN atb1414u(BLACK),0.0,0,208600,208600,,0,,,29.74,0,low,8.37,3,1,none,,9,https://www.musinsa.com/products/5875593
2026-09-03,토피,5876489,스트라이프 데님 트러커 자켓 (VINTAGE BLUE),0.0,0,55900,55900,55900,0,0,0.0,100.0,1,high,23.99,6,3,none,,9,https://www.musinsa.com/products/5876489
2026-09-03,세터,5877769,홀스슈 키링 차콜,0.0,0,29000,29000,29000,0,0,0.0,100.0,1,high,24.74,5,2,none,,9,https://www.musinsa.com/products/5877769
2026-09-03,브라운브레스,5878473,PATCHWORK CHECK TAG LONGSLEEVE - CREAM,0.0,0,69000,69000,69000,0,0,0.0,100.0,1,high,23.99,7,3,none,,9,https://www.musinsa.com/products/5878473
2026-09-03,세터,5879497,(W) 로렌 베이직 크루넥 파인 가디건 옐로우,0.0,0,159000,159000,159000,0,0,0.0,100.0,1,high,24.74,5,2,none,,9,https://www.musinsa.com/products/5879497
2026-09-03,제너럴아이디어,5880841,코튼 레이어드 브이넥 니트 풀오버 [WHITE] / GF1LKP506,0.15,6489,44000,44000,44000,0,0,0.0,100.0,1,high,23.99,6,3,none,,9,https://www.musinsa.com/products/5880841
2026-09-03,카네이테이,5884489,PIGMENT CLASSIC CREWNECK (OLIVE DRAB),0.0,0,68400,68400,68400,0,0,0.0,100.0,1,high,23.99,6,3,none,,9,https://www.musinsa.com/products/5884489
2026-09-03,노이즈,5894089,스트라이프 더블 핀턱 와이드 슬랙스 - 블랙,0.0,0,64260,64260,,0,,,29.72,0,low,8.37,3,1,none,,9,https://www.musinsa.com/products/5894089
2026-09-03,엠엘비,5894153,베이직 헤비웨이트 오버핏 반팔 티셔츠 PHI (Black),0.0,0,44100,44100,,0,,,26.59,0,low,10.32,2,1,none,,9,https://www.musinsa.com/products/5894153
2026-09-03,그루브라임,5895049,면쭈리 피그먼트 뉴욕 아치 레터링 맨투맨 (LRSFCTM123M),0.0,0,21800,21800,21800,0,0,0.0,100.0,1,high,23.99,7,3,none,,9,https://www.musinsa.com/products/5895049
2026-09-03,내셔널지오그래픽,5896521,N261WFT990 여성 리오 스트레치 후드 풀집업 ROSE,0.0,0,179000,179000,,0,,,24.02,0,low,12.71,3,1,none,,9,https://www.musinsa.com/products/5896521
2026-09-03,내셔널지오그래픽,5896585,N261MJP920 [NRN] 유틸리티 점퍼 BLACK,0.0,0,251100,251100,,0,,,24.01,0,low,12.71,3,1,none,,9,https://www.musinsa.com/products/5896585
2026-09-03,토피,5897481,버클 빅 숄더 백 (BLACK),1.0,37900,37900,37900,37900,0,0,0.0,100.0,1,high,23.99,6,3,none,,9,https://www.musinsa.com/products/5897481
2026-09-03,그레이버,5898953,[UNISEX]ROCK G.O.C.A.T 후드티_4color,0.0,0,58100,58100,,0,,,29.71,0,low,8.37,3,1,none,,9,https://www.musinsa.com/products/5898953
2026-09-03,드로우핏,5899785,울 헤어리 브로드 스트라이프 가디건 [BROWN],0.0,0,66600,66600,66600,0,0,0.0,82.78,0,low,25.27,4,1,none,,9,https://www.musinsa.com/products/5899785
2026-09-03,일리고,5901385,세일러 카라 원피스 화이트,0.0,0,80000,80000,80000,0,0,0.0,100.0,1,high,24.5,6,2,none,,9,https://www.musinsa.com/products/5901385
2026-09-03,밀로아카이브,5902665,보르트 덤브 캡 [네이비],0.0,0,41600,41600,41600,0,0,0.0,92.15,0,low,23.99,7,3,none,,9,https://www.musinsa.com/products/5902665
2026-09-03,비터셀즈,5905033,에센셜 리버스 스웨트 팬츠-카키,0.0,0,55200,55200,55200,0,0,0.0,92.16,0,low,24.5,4,1,none,,9,https://www.musinsa.com/products/5905033
2026-09-03,해비즘,5905673,WP CHECKED COLLAR SWEATSHIRT(NAVY),0.0,0,44200,44200,44200,0,0,0.0,100.0,1,high,24.06,7,3,none,,9,https://www.musinsa.com/products/5905673
2026-09-03,스컬프터,5909961,Napoleon Stud Hoodie Acid Pink,0.0,0,118800,118800,118800,0,0,0.0,100.0,1,high,23.99,6,3,none,,9,https://www.musinsa.com/products/5909961
2026-09-03,스컬프터,5910025,Grumpy Girl Nylon Backpack Metallic Navy,0.0,0,63360,63360,63360,0,0,0.0,100.0,1,high,14.08,17,4,none,,9,https://www.musinsa.com/products/5910025
2026-09-03,던스트,5911241,RELAXED FLARED JEANS_UDPA6A211_CLASSIC BLUE,0.0,0,78480,78480,98100,1,-19620,-20.0,100.0,1,medium,24.06,7,3,none,,9,https://www.musinsa.com/products/5911241
2026-09-03,시그니처,5911497,커브드 워시드 데님 팬츠[블랙],0.79,31368,39900,39900,39900,0,0,0.0,82.79,0,low,25.27,4,1,none,,9,https://www.musinsa.com/products/5911497
2026-09-03,데상트,5912265,크론 레이서 그레이 SR313LCR71,0.0,0,141550,141550,,0,,,29.69,0,low,8.37,3,1,none,,9,https://www.musinsa.com/products/5912265
2026-09-03,렌세,5913289,Henley Neck Layered T-Shirt Charcoal,0.0,0,41600,41600,,0,,,26.57,0,low,10.32,2,1,none,,9,https://www.musinsa.com/products/5913289
2026-09-03,언탭트스튜디오,5919305,[2PACK]나일론 카펜터 와이드 벌룬팬츠 4Color,2.58,128798,49900,49900,49900,0,0,0.0,100.0,1,high,23.99,16,5,none,,9,https://www.musinsa.com/products/5919305
2026-09-03,룩캐스트,5919689,레아 스트랩 슬링백_블랙 / LEA STRAP SLINGBACK_BLACK,0.0,0,38690,38690,38690,0,0,0.0,92.17,0,low,24.51,4,1,none,,9,https://www.musinsa.com/products/5919689
2026-09-03,룩캐스트,5920329,세레나 트위드 하프 자켓_아이보리 / SERENA TWEED HALF JACKET_IVORY,0.0,0,113090,113090,113090,0,0,0.0,92.18,0,low,24.51,4,1,none,,9,https://www.musinsa.com/products/5920329
2026-09-03,피마다지윈,5922185,Signature Cow Belt_[Black],0.0,0,45000,45000,,0,,,29.67,0,low,8.37,3,1,none,,9,https://www.musinsa.com/products/5922185
2026-09-03,피인오,5923209,울 하이넥 레이어드 니트 집업 - 그레이,0.0,0,61200,61200,61200,0,0,0.0,100.0,1,high,24.06,7,3,none,,9,https://www.musinsa.com/products/5923209
2026-09-03,데상트,5923593,듀얼리스 후크형 스트레치 슬랙스 블랙 SR121DPT22,0.0,0,151050,151050,,0,,,29.66,0,low,8.37,3,1,none,,9,https://www.musinsa.com/products/5923593
2026-09-03,코드그라피,5924233,BERRY CUTE 맨투맨-멜란지 그레이,0.0,0,55300,55300,55300,0,0,0.0,82.8,0,low,25.28,4,1,none,,9,https://www.musinsa.com/products/5924233
2026-09-03,와이케이,5925321,MELLOW DREAM 오프숄더 맨투맨 차콜,0.0,0,59250,59250,59250,0,0,0.0,100.0,1,high,24.06,7,3,none,,9,https://www.musinsa.com/products/5925321
2026-09-03,레더리,5925769,하프 밴딩 코튼 카고 팬츠 [KHAKI],0.0,0,56440,56440,56440,0,0,0.0,92.19,0,low,24.51,4,1,none,,9,https://www.musinsa.com/products/5925769
2026-09-03,에이치덱스,5926217,LVS 클럽 숏 슬리브 (Charcoal),0.0,0,42750,42750,42750,0,0,0.0,82.81,0,low,25.28,4,1,none,,9,https://www.musinsa.com/products/5926217
2026-09-03,라티젠,5927817,L22 DOT LACE TRIMMING SLEEVELESS(BLACK),0.0,0,26330,26330,,0,,,26.56,0,low,10.32,2,1,none,,9,https://www.musinsa.com/products/5927817
2026-09-03,아모우,5928521,SPIRAL 5PANNEL CAP BROWN,0.0,0,37800,37800,37800,0,0,0.0,100.0,1,high,24.03,7,3,none,,9,https://www.musinsa.com/products/5928521
2026-09-03,디앤에스알,5929545,와플 후디드 핑거홀 롱슬리브 블랙,0.0,0,69300,69300,69300,0,0,0.0,100.0,1,high,24.75,5,2,none,,9,https://www.musinsa.com/products/5929545
2026-09-03,아틀리에나인,5929801,OVER FIT SINGLE LEATHER JACKET (JK-3061),0.0,0,207200,207200,200990,1,6210,3.09,100.0,1,medium,24.0,6,2,none,,9,https://www.musinsa.com/products/5929801
2026-09-03,워크온바디오프,5930441,에센셜 세미 오버핏 헤링턴 자켓 [블랙],0.0,0,99900,99900,89910,1,9990,11.11,100.0,1,medium,24.57,5,2,none,,9,https://www.musinsa.com/products/5930441
2026-09-03,낫포너드,5930697,Cathedral Oil Washed Hood Zip Up - Grey,0.0,0,73890,73890,73890,0,0,0.0,82.83,0,low,25.28,4,1,none,,9,https://www.musinsa.com/products/5930697
2026-09-03,러프사이드,5933705,Skipper Half Knit Black,0.0,0,138000,138000,138000,0,0,0.0,100.0,1,high,24.75,5,2,none,,9,https://www.musinsa.com/products/5933705
2026-09-03,제너럴아이디어,5935177,[2PACK] GNRL 에센셜 가디건 [6COL] / WBD3L04503SET,1.3,78233,60381,60020,61600,1,-1580,-2.56,100.0,1,medium,23.99,9,5,none,,9,https://www.musinsa.com/products/5935177
2026-09-03,스켈리웩,5935497,오픈 플라이 논페이드 커브드 생지 데님[블랙],0.0,0,103550,103550,103550,0,0,0.0,100.0,1,high,23.99,7,3,none,,9,https://www.musinsa.com/products/5935497
2026-09-03,아웃스탠딩,5935689,V.S.C SWEAT(MICHIGAN INDIANS)_NAVY,0.0,0,71100,71100,71100,0,0,0.0,100.0,1,high,23.99,6,3,none,,9,https://www.musinsa.com/products/5935689
2026-09-03,아웃스탠딩,5936073,LINEN FISHERMAN CREW NECK KNIT_NAVY,0.0,0,66600,66600,66600,0,0,0.0,85.21,0,low,14.08,6,2,none,,9,https://www.musinsa.com/products/5936073
2026-09-03,드헤베,5936329,Pocket Cotton Jumper [Black],0.0,0,178200,178200,178200,0,0,0.0,82.84,0,low,25.28,4,1,none,,9,https://www.musinsa.com/products/5936329
2026-09-03,노아,5937353,(U) 클래식 리사이클 코튼 티 블랙 CLASSIC RECYCLED COTTON TEE BLACK,0.0,0,85000,85000,,0,,,23.97,0,low,12.71,3,1,none,,9,https://www.musinsa.com/products/5937353
2026-09-03,쿠어,5937545,울 브이넥 스웨터 (블랙),0.65,87815,135000,135000,135000,0,0,0.0,100.0,1,high,24.75,5,2,none,,9,https://www.musinsa.com/products/5937545
2026-09-03,쿠어,5940553,샌디드 레더 브레이드 벨트 (브라운),0.0,0,58500,58500,58500,0,0,0.0,100.0,1,high,24.75,5,2,none,,9,https://www.musinsa.com/products/5940553
2026-09-03,쿠어,5940617,클래식 원 턱 치노 팬츠 V2 (다크브라운),0.0,0,148500,148500,148500,0,0,0.0,100.0,1,high,24.75,5,2,none,,9,https://www.musinsa.com/products/5940617
2026-09-03,세터,5940745,루고 패널 후드 티셔츠 브라운,0.0,0,159000,159000,159000,0,0,0.0,100.0,1,high,24.75,5,2,none,,9,https://www.musinsa.com/products/5940745
2026-09-03,루에브르,5941449,Plie Shoulder Medium FA6SB365-FH,0.27,80985,299000,299000,299000,0,0,0.0,100.0,1,high,23.99,7,3,none,,9,https://www.musinsa.com/products/5941449
2026-09-03,엘엠알,5942729,슬림 골지 레이어드 긴팔 티셔츠 GREY,0.85,18636,21940,21940,,0,,,29.63,0,low,8.37,3,1,none,1,9,https://www.musinsa.com/products/5942729
2026-09-03,비긴202,5943369,묘독 크롭 티셔츠 [워시드 차콜],0.0,0,31850,31850,31850,0,0,0.0,82.85,0,low,25.28,4,1,none,,9,https://www.musinsa.com/products/5943369
2026-09-03,르아르,5944329,커브드 라인 워싱 팬츠 [블랙],0.65,25771,39600,39600,39600,0,0,0.0,100.0,1,high,24.76,5,2,none,,9,https://www.musinsa.com/products/5944329
2026-09-03,트리밍버드,5944521,Raw Cut Belt-Line Brushed Denim Pants [ Black ],0.0,0,189000,189000,189000,0,0,0.0,100.0,1,high,24.03,7,3,none,,9,https://www.musinsa.com/products/5944521
2026-09-03,커버낫,5944713,링사 레귤러 데님 팬츠 더스티 블루,0.0,0,80190,80190,80190,0,0,0.0,100.0,1,high,24.58,5,2,none,,9,https://www.musinsa.com/products/5944713
2026-09-03,커버낫,5944777,스몰 로고 와플 후드집업 블루,0.0,0,104490,104490,104490,0,0,0.0,100.0,1,high,24.58,5,2,none,,9,https://www.musinsa.com/products/5944777
2026-09-03,커버낫,5944841,시그니처 심볼 카라 하프집업 맨투맨 블랙,0.0,0,64080,64080,64080,0,0,0.0,100.0,1,high,24.58,5,2,none,,9,https://www.musinsa.com/products/5944841
2026-09-03,무센트,5947209,미스티 레더 패치 캣 비니,0.81,21762,26910,26910,26910,0,0,0.0,100.0,1,high,24.58,5,2,none,,9,https://www.musinsa.com/products/5947209
2026-09-03,아캄,5948041,Cross Paper Long Sleeve (White),0.0,0,69300,69300,69300,0,0,0.0,100.0,1,high,24.76,5,2,none,,9,https://www.musinsa.com/products/5948041
2026-09-03,제너럴아이디어,5948169,더블 레이어드 크루넥 가디건 [BLACK] / GF7LKC509,1.0,63200,63200,63200,63200,0,0,0.0,100.0,1,high,23.99,6,3,none,,9,https://www.musinsa.com/products/5948169
2026-09-03,아캄,5948361,Torque Motor Jacket (Gray),0.0,0,167200,167200,167200,0,0,0.0,100.0,1,high,24.76,5,2,none,,9,https://www.musinsa.com/products/5948361
2026-09-03,더바넷,5949321,Verta Square Neck Blouse,0.0,0,88200,88200,88200,0,0,0.0,82.86,0,low,25.28,4,1,none,,9,https://www.musinsa.com/products/5949321
2026-09-03,그루브라임,5950985,HYPER SCRIPT SWEATSHIRT (LRSSCTM711M),0.0,0,20800,20800,20800,0,0,0.0,100.0,1,high,23.99,7,3,none,,9,https://www.musinsa.com/products/5950985
2026-09-03,카키포인트,5951305,Sheer V-neck Top (black),0.27,14303,52790,59000,52790,1,6210,11.76,100.0,1,medium,23.99,10,3,none,,9,https://www.musinsa.com/products/5951305
2026-09-03,벨리에,5952905,(W) 웨이비 포켓 블루종 점퍼 - 베이지,0.0,0,269800,269800,269800,0,0,0.0,100.0,1,high,24.76,5,2,none,,9,https://www.musinsa.com/products/5952905
2026-09-03,탄산마그네슘,5955465,버튼 캣 비니 (블랙),0.0,0,52440,52440,52440,0,0,0.0,100.0,1,high,24.76,5,2,none,,9,https://www.musinsa.com/products/5955465
2026-09-03,유니폼브릿지,5957641,curved denim pants wide fit(womens) black,0.0,0,90350,90350,90350,0,0,0.0,100.0,1,high,23.99,6,3,none,,9,https://www.musinsa.com/products/5957641
2026-09-03,프리즘웍스,5958409,BLOCK STRIPE LONG SLEEVE TEE _ MUD,0.85,28876,34020,34020,34020,0,0,0.0,100.0,1,high,24.03,7,3,none,,9,https://www.musinsa.com/products/5958409
2026-09-03,트래블,5960585,다트 포켓 데님 버뮤다 쇼츠 인디고,0.0,0,56960,56960,56960,0,0,0.0,100.0,1,high,23.99,7,3,none,,9,https://www.musinsa.com/products/5960585
2026-09-03,그루브라임,5962057,EAGLE EAGLE  CAP (GC014E23),0.0,0,12400,12400,12400,0,0,0.0,100.0,1,high,23.99,7,3,none,,9,https://www.musinsa.com/products/5962057
2026-09-03,모드나인,5963401,Sun Down 01 Gray - Sweat Shirt,0.0,0,175000,175000,,0,,,23.92,0,low,12.71,3,1,none,,9,https://www.musinsa.com/products/5963401
2026-09-03,2000아카이브스,5964361,ROUX KNIT ZIP-UP (VINTAGE BLACK),0.0,0,149690,149690,149690,0,0,0.0,100.0,1,high,23.99,6,3,none,,9,https://www.musinsa.com/products/5964361
2026-09-03,2000아카이브스,5964425,LIN UNBALANCED TOP (SKIN),0.0,0,69700,69700,69700,0,0,0.0,100.0,1,high,23.99,6,3,none,,9,https://www.musinsa.com/products/5964425
2026-09-03,무드인사이드,5964873,컴팩트 리브드 헨리넥 롱슬리브_3Color,0.0,0,29900,29900,29900,0,0,0.0,100.0,1,high,23.99,7,3,none,,9,https://www.musinsa.com/products/5964873
2026-09-03,아티스트웨어,5965769,[ATW] 넥스트씬 이지후드 - 2COLOR,0.0,0,55300,55300,,0,,,23.92,0,low,12.71,3,1,none,,9,https://www.musinsa.com/products/5965769
2026-09-03,데상트,5966473,듀얼리스 스탠드넥 바람막이 블랙 SR121DWB22,0.0,0,236550,236550,,0,,,29.61,0,low,8.37,3,1,none,,9,https://www.musinsa.com/products/5966473
2026-09-03,파르티멘토,5967369,[14oz] 스트레이트 플레어 데님 팬츠 딤 블루,0.0,0,75100,75100,75100,0,0,0.0,100.0,1,high,24.58,5,2,none,,9,https://www.musinsa.com/products/5967369
2026-09-03,더콜디스트모먼트,5967689,TCM box long sleeve (melange grey),0.0,0,39690,39690,,0,,,23.91,0,low,12.71,3,1,none,,9,https://www.musinsa.com/products/5967689
2026-09-03,더콜디스트모먼트,5967945,TCM diagonal hoodie (melange grey),0.0,0,76140,76140,,0,,,23.91,0,low,12.71,3,1,none,,9,https://www.musinsa.com/products/5967945
2026-09-03,제너럴아이디어,5968393,UNISEX 더블 스트라이프 티셔츠 [NAVY] / GF1UTS001,0.0,0,33540,33540,35200,1,-1660,-4.72,100.0,1,medium,23.99,6,3,none,,9,https://www.musinsa.com/products/5968393
2026-09-03,르바,5968457,Trigger Pleated Denim Long Skirt - Light Blue,0.0,0,107100,107100,107100,0,0,0.0,82.87,0,low,25.28,4,1,none,,9,https://www.musinsa.com/products/5968457
2026-09-03,제로,5969353,헤링본 오버 커브드 데님 팬츠 [블랙],6.95,289295,41650,41650,41650,0,0,0.0,100.0,1,high,10.15,19,7,none,,9,https://www.musinsa.com/products/5969353
2026-09-03,토피,5970121,사이드라인 데님 팬츠 (BLACK),0.0,0,36500,36500,36500,0,0,0.0,100.0,1,high,23.99,6,3,none,,9,https://www.musinsa.com/products/5970121
2026-09-03,999휴머니티,5970761,AV 소프트 후디 (탄),0.0,0,128000,128000,128000,0,0,0.0,100.0,1,high,24.76,5,2,none,,9,https://www.musinsa.com/products/5970761
2026-09-03,밀로아카이브,5970889,샤토 엔지니어드 팬츠 [데님 블랙],0.0,0,102400,102400,102400,0,0,0.0,92.25,0,low,23.99,7,3,none,,9,https://www.musinsa.com/products/5970889
2026-09-03,필루미네이트,5972809,(W) 데미지드 벨벳 크롭 니트-차콜,0.0,0,37900,37900,37900,0,0,0.0,100.0,1,high,24.07,7,3,none,,9,https://www.musinsa.com/products/5972809
2026-09-03,엠엘비,5974665,[카리나 착용] 슬릭 파우더 NY (Black),0.0,0,116100,116100,,0,,,26.5,0,low,10.32,2,1,none,,9,https://www.musinsa.com/products/5974665
2026-09-03,에이치덱스,5975305,서포트 트랙 부츠컷 레깅스 (Black),0.0,0,52000,52000,52000,0,0,0.0,82.88,0,low,25.28,4,1,none,,9,https://www.musinsa.com/products/5975305
2026-09-03,에이치덱스,5975433,넘버8 피쉬네트 럭비 니트 (White),0.0,0,65550,65550,65550,0,0,0.0,82.88,0,low,25.28,4,1,none,,9,https://www.musinsa.com/products/5975433
2026-09-03,1993스튜디오,5975753,스튜디오 볼륨 자수 캠프캡_블랙,0.0,0,27000,27000,27000,0,0,0.0,100.0,1,high,24.58,5,2,none,,9,https://www.musinsa.com/products/5975753
2026-09-03,시야쥬,5976009,SIAC3103 빈티지 코튼 볼캡_Charcoal,0.0,0,35100,35100,35100,0,0,0.0,100.0,1,high,24.58,5,2,none,,9,https://www.musinsa.com/products/5976009
2026-09-03,플리즈노팔로우,5976969,Vera Lace Shirring Long Sleeve Top (Ivory),1.23,81682,66300,66300,66300,0,0,0.0,26.5,0,low,10.32,5,1,none,,9,https://www.musinsa.com/products/5976969
2026-09-03,엑스트라오디너리,5977225,CAMO PANEL DOUBLE KNEE PANTS BEIGE,0.0,0,101400,101400,101400,0,0,0.0,92.27,0,low,24.52,4,1,none,,9,https://www.musinsa.com/products/5977225
2026-09-03,로제프란츠,5977737,Sheer Grace Slim Long Dress [Black],0.0,0,88800,88800,88800,0,0,0.0,82.89,0,low,25.28,4,1,none,,9,https://www.musinsa.com/products/5977737
2026-09-03,코드그라피,5978057,(우먼) 와이드 핏 써머 데님-빈티지 블루,0.0,0,89100,89100,89100,0,0,0.0,82.9,0,low,25.28,4,1,none,,9,https://www.musinsa.com/products/5978057
2026-09-03,도프제이슨,5978825,인시전 크롭 레더 자켓 KHAKI BROWN,0.0,0,169000,169000,169000,0,0,0.0,100.0,1,high,24.07,7,3,none,,9,https://www.musinsa.com/products/5978825
2026-09-03,몽돌,5982921,[SET] 사이드 셔링 레이어드 티셔츠 모카브라운 MDTS067MOCHABROWN,0.0,0,24960,24960,24960,0,0,0.0,100.0,1,high,23.99,6,3,none,,9,https://www.musinsa.com/products/5982921
2026-09-03,와이케이,5983113,YK 아플리케 데님 스웨트팬츠 미디엄블루,0.0,0,73500,73500,73500,0,0,0.0,100.0,1,high,24.08,7,3,none,,9,https://www.musinsa.com/products/5983113
2026-09-03,아웃스탠딩,5983753,NEWSPAPER BAG(INDEPENDENT)_OLIVE,0.0,0,57600,57600,57600,0,0,0.0,100.0,1,high,23.99,6,3,none,,9,https://www.musinsa.com/products/5983753
2026-09-03,아틀리에나인,5984649,SOFT SLIMFIT BOAT NECK TEE (T-7171),0.0,0,31200,31200,30270,1,930,3.07,100.0,1,medium,24.0,6,2,none,,9,https://www.musinsa.com/products/5984649
2026-09-03,앤더슨벨,5985289,BRAD LAYERED T-SHIRT atb1531m(LEMON/BROWN),0.0,0,97200,97200,,0,,,29.58,0,low,8.38,3,1,none,,9,https://www.musinsa.com/products/5985289
2026-09-03,그레이버,5986697,[UNISEX]STAR H 와이드 커브드 진_3color,0.0,0,69300,69300,,0,,,29.57,0,low,8.38,3,1,none,,9,https://www.musinsa.com/products/5986697
2026-09-03,던스트,5987529,UNISEX LAYERED SET-UP T-SHIRT_UDTS6A117_NAVY / BLACK STRIPE,0.0,0,78480,78480,98100,1,-19620,-20.0,100.0,1,medium,24.08,7,3,none,,9,https://www.musinsa.com/products/5987529
2026-09-03,오픈야드(오와이),5988169,PATCH DOLLY TEE - BLACK,0.0,0,53100,53100,,0,,,23.9,0,low,12.71,3,1,none,,9,https://www.musinsa.com/products/5988169
2026-09-03,노이어,5988233,헤링본 투 턱 슬라우치 슬랙스 (그레이),0.0,0,131200,131200,131200,0,0,0.0,100.0,1,high,24.03,7,3,none,,9,https://www.musinsa.com/products/5988233
2026-09-03,샌드릭,5988297,High Neck Cotton Jacket_Beige,0.0,0,236550,236550,,0,,,29.57,0,low,8.38,3,1,none,,9,https://www.musinsa.com/products/5988297
2026-09-03,맥우드건,5990217,스웩버 3591 레터링 세미오버핏 오프화이트 링거 반팔티,0.0,0,41400,41400,,0,,,29.56,0,low,8.38,3,1,none,,9,https://www.musinsa.com/products/5990217
2026-09-03,노이스,5991753,M HEAVY-GAUGE WOOL-BLEND CARDIGAN - DARK NAVY,0.0,0,161400,161400,,0,,,23.89,0,low,12.71,3,1,none,,9,https://www.musinsa.com/products/5991753
2026-09-03,디스이즈네버댓,5992329,T-Logo L/S Tee Taffy,0.0,0,52000,52000,52000,0,0,0.0,100.0,1,high,24.59,5,2,none,,9,https://www.musinsa.com/products/5992329
2026-09-03,썬러브투어,5992713,PERTEX® 3L Coach Jacket Blue,0.0,0,258300,258300,258300,0,0,0.0,100.0,1,high,23.99,7,3,none,,9,https://www.musinsa.com/products/5992713
2026-09-03,노이스,5993737,DISTORTED CORDUROY JACKET - BROWN,0.0,0,429000,429000,,0,,,23.87,0,low,12.71,3,1,none,,9,https://www.musinsa.com/products/5993737
2026-09-03,노이스,5993801,W COLLARED VELVET BOMBER - CAMEL,0.0,0,419000,419000,,0,,,23.86,0,low,12.71,3,1,none,,9,https://www.musinsa.com/products/5993801
2026-09-03,모즈모즈,5996105,투에잇 피그먼트 크롭 반팔티셔츠 버건디,0.0,0,27650,27650,27650,0,0,0.0,100.0,1,high,24.77,5,2,none,,9,https://www.musinsa.com/products/5996105
2026-09-03,스케이터락,5998729,Cut Off Camouflage Sweat Wide Pants ((gray)),0.0,0,79200,79200,,0,,,23.86,0,low,12.71,3,1,none,,9,https://www.musinsa.com/products/5998729
2026-09-03,몰든,5999881,나일론 크롭 트랙 자켓,0.0,0,64080,64080,64080,0,0,0.0,100.0,1,high,23.99,7,3,none,,9,https://www.musinsa.com/products/5999881
2026-09-03,길라아카이브,6000009,TWIST BELT BOOTCUT DENIM PANTS_BLUE,0.0,0,69660,69660,69660,0,0,0.0,100.0,1,high,24.09,7,3,none,,9,https://www.musinsa.com/products/6000009
2026-09-03,무드인사이드우먼,6000393,(woman) 에센셜 무드 크롭 브이넥 니트_Ivory,0.0,0,29900,29900,29900,0,0,0.0,100.0,1,high,24.59,6,2,none,,9,https://www.musinsa.com/products/6000393
2026-09-03,기철,6001993,Square Patch Cut Wide Denim Pants (Mid Blue),0.0,0,65400,65400,65400,0,0,0.0,100.0,1,high,24.77,5,2,none,,9,https://www.musinsa.com/products/6001993
2026-09-03,브렌슨,6002185,플루이드 스트라이프 원턱 슬랙스 ( 블랙 ),0.0,0,49900,49900,49900,0,0,0.0,100.0,1,high,24.59,5,2,none,,9,https://www.musinsa.com/products/6002185
2026-09-03,기철,6002377,Double Waist Bermuda Cotton Pants (Beige),0.0,0,45000,45000,45000,0,0,0.0,100.0,1,high,24.77,5,2,none,,9,https://www.musinsa.com/products/6002377
2026-09-03,더바이닐하우스,6007113,CUT-OFF OVER SLUB HOODIE LS TEE (W) KHAKI,0.0,0,44160,44160,44160,0,0,0.0,100.0,1,high,24.59,5,2,none,,9,https://www.musinsa.com/products/6007113
2026-09-03,더바이닐하우스,6008777,LOVE TWO-WAY HOODIE GREY,0.0,0,61040,61040,61040,0,0,0.0,100.0,1,high,24.59,5,2,none,,9,https://www.musinsa.com/products/6008777
2026-09-03,스파오,6011081,[산리오캐릭터즈] 반팔 티셔츠(MINT)_SPRLG25U05,0.45,7156,15900,15900,,0,,,23.84,0,low,12.71,3,1,none,1,9,https://www.musinsa.com/products/6011081
2026-09-03,이미스,6012233,PACKABLE CHECK CROSSBODY BAG-BROWN,0.0,0,67500,67500,,0,,,26.45,0,low,10.32,2,1,none,,9,https://www.musinsa.com/products/6012233
2026-09-03,인사일런스우먼,6013577,빈티지 헤링턴 점퍼 BEIGE,0.0,0,209700,209700,209700,0,0,0.0,100.0,1,high,24.03,7,3,none,,9,https://www.musinsa.com/products/6013577
2026-09-03,인사일런스우먼,6013641,코튼 스터드 자켓 BLACK,0.0,0,211510,211510,206910,1,4600,2.22,100.0,1,medium,24.03,7,3,none,,9,https://www.musinsa.com/products/6013641
2026-09-03,유희,6013961,LACE LAYERED SHORTS_WHITE,0.0,0,40740,40740,,0,,,29.54,0,low,8.38,3,1,none,,9,https://www.musinsa.com/products/6013961
2026-09-03,샌드뮤지엄,6014345,CASSETTE BAG [Silver],0.0,0,98330,98330,,0,,,26.45,0,low,10.32,2,1,none,,9,https://www.musinsa.com/products/6014345
2026-09-03,워크온바디오프,6015497,코튼 세미 오버핏 피케 티셔츠 [네이비],2.15,75634,35223,35900,32310,1,3590,11.11,100.0,1,medium,24.59,8,2,none,,9,https://www.musinsa.com/products/6015497
2026-09-03,바우로프로덕트,6017993,미니멀 플리츠 크롭 자켓 [베이지],0.0,0,149000,149000,149000,0,0,0.0,100.0,1,high,25.29,6,2,none,,9,https://www.musinsa.com/products/6017993
2026-09-03,엠엘비,6018505,[TWS 착용] 셰리프 스몰레터링 로고 레귤러핏 반팔 티셔츠 LA (L.SKY BLUE),0.0,0,47200,47200,,0,,,26.44,0,low,10.32,2,1,none,,9,https://www.musinsa.com/products/6018505
2026-09-03,디스이즈네버댓,6019721,Active Light Backpack Black,0.0,0,90300,90300,90300,0,0,0.0,100.0,1,high,24.59,5,2,none,,9,https://www.musinsa.com/products/6019721
2026-09-03,디스이즈네버댓,6019849,Arch-Logo Tee White,0.58,22353,38500,38500,38500,0,0,0.0,100.0,1,high,24.59,5,2,none,,9,https://www.musinsa.com/products/6019849
2026-09-03,오헤시오,6021449,"DUAL POCKET BACKPACK, WHITE",0.0,0,150100,150100,150100,0,0,0.0,100.0,1,high,23.99,6,3,none,,9,https://www.musinsa.com/products/6021449
2026-09-03,세터,6024201,[라이즈PICK] 크레스트 로고 니트 타이 차콜,0.0,0,29000,29000,29000,0,0,0.0,100.0,1,high,24.78,5,2,none,,9,https://www.musinsa.com/products/6024201
2026-09-03,예스아이씨,6026825,Fond Trek Pants Grey,0.0,0,159000,159000,,0,,,29.52,0,low,8.38,3,1,none,,9,https://www.musinsa.com/products/6026825
2026-09-03,엠엘비,6028745,여성 고프코어 슬림핏 바람막이 NY (L.Grey),0.0,0,161100,161100,,0,,,26.44,0,low,10.32,2,1,none,,9,https://www.musinsa.com/products/6028745
2026-09-03,제로,6029449,파라슈트 카고 오버 스트링 팬츠 [카키],0.0,0,49000,49000,49000,0,0,0.0,100.0,1,high,24.78,5,2,none,,9,https://www.musinsa.com/products/6029449
2026-09-03,파르티멘토,6029961,V 넥 니트 스웨터 아이보리,0.0,0,39300,39300,39300,0,0,0.0,100.0,1,high,24.6,5,2,none,,9,https://www.musinsa.com/products/6029961
2026-09-03,벨리에,6031433,시티 그런지 스트라이프 롱 슬리브 - 다잉 브라운,0.0,0,109250,109250,109250,0,0,0.0,100.0,1,high,24.79,5,2,none,,9,https://www.musinsa.com/products/6031433
2026-09-03,에스피오나지,6031689,Washed Drizzler Jacket Greige,0.0,0,117600,117600,117600,0,0,0.0,100.0,1,high,24.03,7,3,none,,9,https://www.musinsa.com/products/6031689
2026-09-03,레이지비,6031753,에어라이트 스트레치 러닝 바람막이 아노락 자켓 상의 M (2컬러),0.0,0,44100,44100,,0,,,29.51,0,low,8.38,3,1,none,,9,https://www.musinsa.com/products/6031753
2026-09-03,파르티멘토우먼,6033929,클래식 와이드 레그 루즈 진_라이트 블루,0.0,0,68400,68400,76950,1,-8550,-11.11,100.0,1,medium,24.54,5,2,none,,9,https://www.musinsa.com/products/6033929
2026-09-03,일꼬르소,6034185,코어 스웻 팬츠 라이트 블루,0.0,0,50560,50560,50560,0,0,0.0,100.0,1,high,24.6,5,2,none,,9,https://www.musinsa.com/products/6034185
2026-09-03,더뮤지엄비지터,6034889,ART FLOWER CHAIN BLOUSON (WHITE),0.0,0,298000,298000,298000,0,0,0.0,100.0,1,high,23.99,6,3,none,,9,https://www.musinsa.com/products/6034889
2026-09-03,디앤에스알,6036617,Feather Beaded Necklace,0.0,0,35200,35200,35200,0,0,0.0,100.0,1,high,24.79,5,2,none,,9,https://www.musinsa.com/products/6036617
2026-09-03,인사일런스,6038217,링클 체크 집업 자켓 BROWN,0.0,0,197100,197100,197100,0,0,0.0,100.0,1,high,24.6,5,2,none,,9,https://www.musinsa.com/products/6038217
2026-09-03,브룩스브라더스,6039881,논아이론 옥스포드 셔츠 (블루) (BBTHMNZ501),0.0,0,169000,169000,169000,0,0,0.0,100.0,1,high,24.1,7,3,none,,9,https://www.musinsa.com/products/6039881
2026-09-03,슬로우애시드,6040137,리버시블 플란넬 체크 후드 집업 [블루],0.0,0,82800,82800,82800,0,0,0.0,82.96,0,low,25.29,4,1,none,,9,https://www.musinsa.com/products/6040137
2026-09-03,슬로우애시드,6040265,레이어드 헨리넥 니트 [스카이블루],0.0,0,54600,54600,54600,0,0,0.0,82.96,0,low,25.29,4,1,none,,9,https://www.musinsa.com/products/6040265
2026-09-03,브룩스브라더스,6040585,코튼 케이블 크루넥 스웨터 (네이비) (BBWRMBG102),0.0,0,139300,139300,139300,0,0,0.0,100.0,1,high,24.1,8,3,none,,9,https://www.musinsa.com/products/6040585
2026-09-03,내셔널지오그래픽,6041097,N262UJP910 월리스 후드 풀집업 바람막이 G/KHAKI,0.0,0,129000,129000,,0,,,23.81,0,low,12.71,3,1,none,,9,https://www.musinsa.com/products/6041097
2026-09-03,나이스고스트클럽,6041993,MOVING SYMBOL TEE_WHITE/GREY(NG2EMUT522A),1.38,33958,24570,24570,24570,0,0,0.0,100.0,1,high,24.1,7,3,none,,9,https://www.musinsa.com/products/6041993
2026-09-03,썬러브투어,6042313,Crescent Windbreaker Taupe,0.0,0,160300,160300,160300,0,0,0.0,100.0,1,high,23.99,7,3,none,,9,https://www.musinsa.com/products/6042313
2026-09-03,본투윈,6042377,W B-SOFT EASY LONG SLEEVE [IVORY],0.0,0,56000,56000,56000,0,0,0.0,100.0,1,high,23.99,6,3,none,,9,https://www.musinsa.com/products/6042377
2026-09-03,본투윈,6042441,W BRN RELAX FIT SWEATSHIRTS [WHITE MELANGE],0.0,0,65500,65500,65500,0,0,0.0,100.0,1,high,23.99,6,3,none,,9,https://www.musinsa.com/products/6042441
2026-09-03,본투윈,6042633,B PENDANT PIGMENT RIBBED SLEEVELESS [KHAKI],0.0,0,46500,46500,46500,0,0,0.0,100.0,1,high,23.99,6,3,none,,9,https://www.musinsa.com/products/6042633
2026-09-03,제너럴아이디어,6043401,MAN 스트라이프 코튼 크루넥 니트 [IVORY] / GF1MKP004,0.0,0,48800,48800,48800,0,0,0.0,100.0,1,high,23.99,6,3,none,,9,https://www.musinsa.com/products/6043401
2026-09-03,제너럴아이디어,6043913,멀티 스트라이프 럭비 티셔츠 [BRICK] / GF1LTS514,0.0,0,52800,52800,52800,0,0,0.0,100.0,1,high,23.99,6,3,none,,9,https://www.musinsa.com/products/6043913
2026-09-03,코이리스,6043977,모르딘 하이넥 후드 티 남녀공용 (2컬러),0.0,0,59420,59420,,0,,,29.5,0,low,8.38,3,1,none,,9,https://www.musinsa.com/products/6043977
2026-09-03,이미스,6044105,NYLON COLOR-BLOCK BACKPACK-BEIGE,0.0,0,98100,98100,,0,,,26.42,0,low,10.32,2,1,none,,9,https://www.musinsa.com/products/6044105
2026-09-03,유라고,6044745,Tencel wool V-neck knit,0.0,0,66120,66120,66120,0,0,0.0,100.0,1,high,24.79,5,2,none,,9,https://www.musinsa.com/products/6044745
2026-09-03,내셔널지오그래픽,6045385,N262UHP140 프리즈 스트레치 5부 카고 쇼츠 BLACK,0.0,0,84000,84000,,0,,,23.81,0,low,12.71,3,1,none,,9,https://www.musinsa.com/products/6045385
2026-09-03,시야쥬,6047753,SIKN2178 카울 스카프 니트 탑_Beige,0.0,0,88070,88070,88070,0,0,0.0,100.0,1,high,24.6,5,2,none,,9,https://www.musinsa.com/products/6047753
2026-09-03,엑스오엑스,6048841,피그먼트 워싱 뒷절개 반팔 티셔츠 (5color),4.08,90213,22100,22100,22100,0,0,0.0,100.0,1,high,24.0,8,2,none,,9,https://www.musinsa.com/products/6048841
2026-09-03,에이치덱스,6049545,사이드 컬러 블럭 숏 슬리브 (Melange Gray),0.0,0,39200,39200,39200,0,0,0.0,82.97,0,low,25.29,4,1,none,,9,https://www.musinsa.com/products/6049545
2026-09-03,에이치덱스,6049609,스쿼드 숏 슬리브 (Black),0.0,0,39900,39900,39900,0,0,0.0,82.98,0,low,25.29,4,1,none,,9,https://www.musinsa.com/products/6049609
2026-09-03,르아브,6050633,[ X HELET]로파 더블 니팅 지퍼 크롭  니트 그레이,0.0,0,111300,111300,111300,0,0,0.0,100.0,1,high,24.1,7,3,none,,9,https://www.musinsa.com/products/6050633
2026-09-03,플랙,6050697,페퍼유 X 플랙 루즈핏 데님 팬츠 R21 미드블루,0.0,0,89100,89100,89100,0,0,0.0,100.0,1,high,24.6,5,2,none,,9,https://www.musinsa.com/products/6050697
2026-09-03,로우클래식,6051081,Lc OFF-SHOULDER SWEATSHIRT_CHARCOAL NAVY [LC263TS07HN],0.0,0,94050,94050,84650,1,9400,11.1,100.0,1,medium,24.03,7,3,none,,9,https://www.musinsa.com/products/6051081
2026-09-03,더뮤지엄비지터,6053769,W MULTI PATCH MIDI SKIRT (BLACK),0.0,0,90300,90300,90300,0,0,0.0,100.0,1,high,23.99,6,3,none,,9,https://www.musinsa.com/products/6053769
2026-09-03,더뮤지엄비지터,6053897,ART PIGMENT HOODIE (PURPLE),0.0,0,59400,59400,59400,0,0,0.0,100.0,1,high,23.99,6,3,none,,9,https://www.musinsa.com/products/6053897
2026-09-03,시눈,6054985,Flower Sheer Skirt (Blue),0.0,0,134570,134570,134570,0,0,0.0,100.0,1,high,24.8,5,2,none,,9,https://www.musinsa.com/products/6054985
2026-09-03,엘무드,6056073,세르노 나일론 와이드 트랙팬츠 베이지,0.0,0,93700,93700,93700,0,0,0.0,100.0,1,high,24.6,5,2,none,,9,https://www.musinsa.com/products/6056073
2026-09-03,데상트,6057225,[홍태준 착용] 러닝 브리프 라인드 쇼츠 퍼플 SR223RHP41,0.0,0,94050,94050,,0,,,29.47,0,low,8.38,3,1,none,,9,https://www.musinsa.com/products/6057225
2026-09-03,트위,6058057,아콘 베이직 라운드 긴팔 니트 가디건(스트랩set),0.0,0,26910,26910,,0,,,26.4,0,low,10.32,2,1,none,,9,https://www.musinsa.com/products/6058057
2026-09-03,브라운브레스,6058441,TAG LIGHT WINDBREAKER - BURGUNDY,0.0,0,109000,109000,109000,0,0,0.0,100.0,1,high,23.99,7,3,none,,9,https://www.musinsa.com/products/6058441
2026-09-03,브룩스브라더스,6058889,[여성] 코튼 라운드 가디건 (블랙) (BBWCWBG102),0.0,0,153300,153300,153300,0,0,0.0,100.0,1,high,24.1,8,3,none,,9,https://www.musinsa.com/products/6058889
2026-09-03,브룩스브라더스,6059081,[여성] 리넨 싱글재킷 (화이트) (BBJSWBG101),0.0,0,419300,419300,419300,0,0,0.0,100.0,1,high,24.1,7,3,none,,9,https://www.musinsa.com/products/6059081
2026-09-03,다이닛,6062537,BELTED TUNNEL SKIRT IN KHAKI,0.0,0,107440,107440,,0,,,23.78,0,low,12.71,3,1,none,,9,https://www.musinsa.com/products/6062537
2026-09-03,노이어,6065481,린넨 버뮤다 하프 팬츠 (블랙),0.0,0,50000,50000,50000,0,0,0.0,100.0,1,high,24.03,7,3,none,,9,https://www.musinsa.com/products/6065481
2026-09-03,카고브로스포우먼,6065865,[기모선택] 레트로 빈티지 스타 스트링 후드티셔츠 (와인),0.0,0,32000,32000,,0,,,23.78,0,low,12.71,3,1,none,,9,https://www.musinsa.com/products/6065865
2026-09-03,플리즈노팔로우,6067849,Halo Unbal Shirring Long Sleeve Top (Melange Grey),0.0,0,67150,67150,67150,0,0,0.0,100.0,1,high,23.99,6,3,none,,9,https://www.musinsa.com/products/6067849
2026-09-03,999휴머니티,6068745,워시드 캔버스 빅 토트백 (라이트 그린),0.0,0,128000,128000,128000,0,0,0.0,100.0,1,high,24.81,5,2,none,,9,https://www.musinsa.com/products/6068745
2026-09-03,제너럴아이디어,6070345,셔링 롱슬리브 티셔츠 [BROWN] / GF2LTS517,0.0,0,24960,24960,26400,1,-1440,-5.45,100.0,1,medium,23.99,6,3,none,,9,https://www.musinsa.com/products/6070345
2026-09-03,글로니,6071241,HONEY EYELET BUTTON LONG SLEEVE (WHITE),0.03,1746,63180,63180,63180,0,0,0.0,2.77,0,low,24.03,6,1,none,,9,https://www.musinsa.com/products/6071241
2026-09-03,후드후드,6072649,COME CLOSER 데미지 링거 반팔티셔츠 옐로우,0.0,0,41300,41300,41300,0,0,0.0,82.99,0,low,25.29,4,1,none,,9,https://www.musinsa.com/products/6072649
2026-09-03,플레어업,6073097,Layered Bustier T-Shirt (FL-108_Cloud White),6.8,403202,59271,62320,59040,1,3280,5.56,100.0,1,medium,24.55,15,2,none,,9,https://www.musinsa.com/products/6073097
2026-09-03,이알티알,6073737,Two Skull T-Shirt Melange White,0.0,0,52000,52000,,0,,,29.45,0,low,8.38,3,1,none,,9,https://www.musinsa.com/products/6073737
2026-09-03,더바이닐하우스,6075529,RAW WASHED VERTICAL SHIRTS NAVY,0.0,0,108160,108160,108160,0,0,0.0,100.0,1,high,24.61,5,2,none,,9,https://www.musinsa.com/products/6075529
2026-09-03,프리즘웍스,6075593,MICRO RIPSTOP ANORAK _ LIGHT OLIVE,0.0,0,86940,86940,86940,0,0,0.0,100.0,1,high,24.03,7,3,none,,9,https://www.musinsa.com/products/6075593
2026-09-03,미나브,6078537,알파카 라운드 넥 가디건 [7COLOR],0.0,0,77400,77400,77400,0,0,0.0,100.0,1,high,23.99,7,3,none,,9,https://www.musinsa.com/products/6078537
2026-09-03,유니폼브릿지,6081545,ubc multi stripe s/s t-shirt blue,0.0,0,34500,34500,34500,0,0,0.0,100.0,1,high,23.99,6,3,none,,9,https://www.musinsa.com/products/6081545
2026-09-03,데상트,6083849,우먼스 쿨링 우븐 폴로 반팔 티셔츠 화이트 SR122PPS31,0.0,0,113050,113050,,0,,,29.43,0,low,8.38,3,1,none,,9,https://www.musinsa.com/products/6083849
2026-09-03,노이스,6084873,HARRINGTON ENGLISH FAUX LEATHER BLOUSON - BLACK,0.0,0,379000,379000,,0,,,23.75,0,low,12.72,3,1,none,,9,https://www.musinsa.com/products/6084873
2026-09-03,노이스,6085513,M YARN DYED WASHER CHECK SHIRT - LIGHT BEIGE,0.0,0,215000,215000,,0,,,23.75,0,low,12.72,3,1,none,,9,https://www.musinsa.com/products/6085513
2026-09-03,노이스,6085641,W REBELLION DESTROYED JEANS - BLUE,0.0,0,195000,195000,,0,,,23.75,0,low,12.72,3,1,none,,9,https://www.musinsa.com/products/6085641
2026-09-03,엠엘비,6086793,베이직 스몰로고 쿨링 와이드 트랙 팬츠 NY (Black),0.0,0,125100,125100,,0,,,26.37,0,low,10.33,2,1,none,,9,https://www.musinsa.com/products/6086793
2026-09-03,디스이즈네버댓,6087305,T.N.T. Classic HDP L/S Tee Heather Grey,0.41,22415,55200,55200,55200,0,0,0.0,100.0,1,high,24.61,5,2,none,,9,https://www.musinsa.com/products/6087305
2026-09-03,라이프워크,6088649,데님 스티치 트러커 자켓,0.0,0,119200,119200,,0,,,29.43,0,low,8.38,3,1,none,,9,https://www.musinsa.com/products/6088649
2026-09-03,나이스고스트클럽,6089993,SANCTUM SOCIETY PIGMENT DYED TEE_CHARCOAL(NG2GMUT518A),0.0,0,32760,32760,32760,0,0,0.0,100.0,1,high,24.11,7,3,none,,9,https://www.musinsa.com/products/6089993
2026-09-03,나이스고스트클럽,6091081,HEAD SYMBOL CAP_BLACK(NG2GSUAB24A),0.0,0,30870,30870,30870,0,0,0.0,100.0,1,high,24.11,7,3,none,,9,https://www.musinsa.com/products/6091081
2026-09-03,마인드브릿지,6091145,[ON]스트라이프 크림 오버핏 긴팔 셔츠,3.39,169072,49900,49900,49900,0,0,0.0,100.0,1,high,9.52,22,6,none,,9,https://www.musinsa.com/products/6091145
2026-09-03,배드블러드,6091913,Arc Curved Fit Cargo Pants - Camo,0.0,0,152150,152150,152150,0,0,0.0,100.0,1,high,24.03,7,3,none,,9,https://www.musinsa.com/products/6091913
2026-09-03,코드그라피,6091977,8부 버뮤다 코튼 쇼츠-차콜,0.0,0,80100,80100,80100,0,0,0.0,83.0,0,low,25.3,4,1,none,,9,https://www.musinsa.com/products/6091977
2026-09-03,몽돌,6093001,드레이프 넥 레이어드 반팔 티셔츠 라벤더 MDTS094LAVENDER,0.0,0,24000,24000,24000,0,0,0.0,100.0,1,high,23.99,6,3,none,,9,https://www.musinsa.com/products/6093001
2026-09-03,마하그리드,6097417,MADNESS CAT TEE WHITE(MG2GMMT521A),0.0,0,35100,35100,,0,,,23.73,0,low,12.72,3,1,none,,9,https://www.musinsa.com/products/6097417
2026-09-03,제너럴아이디어,6097993,시어 부클 보트넥 풀오버 [PINK] / GF1LKP511,0.15,5724,38400,36660,38400,1,-1740,-4.53,100.0,1,medium,23.99,6,3,none,,9,https://www.musinsa.com/products/6097993
2026-09-03,브룩스브라더스,6099145,멀티 스트라이프 반팔 티셔츠 (오렌지) (BBNPMBG203),0.0,0,107100,107100,107100,0,0,0.0,100.0,1,high,24.11,7,3,none,,9,https://www.musinsa.com/products/6099145
2026-09-03,르바,6099337,[2PACK] All-day Cotton Rib T-shirt - 12colors,0.0,0,70200,70200,70200,0,0,0.0,83.02,0,low,25.3,4,1,none,,9,https://www.musinsa.com/products/6099337
2026-09-03,비헤비어,6099785,DISTRESSED LAMBSKIN WALLET black,0.0,0,160550,160550,160550,0,0,0.0,92.43,0,low,24.55,4,1,none,,9,https://www.musinsa.com/products/6099785
2026-09-03,베이직하우스,6099849,UNI 쿨 COOL 메쉬 냉감 통기성 기능성 반팔티셔츠 블랙,0.0,0,10900,10900,,0,,,29.41,0,low,8.38,3,1,none,,9,https://www.musinsa.com/products/6099849
2026-09-03,비헤비어,6100873,CREWNECK STRIPE L/S SHIRTS oatmeal/black,0.0,0,93100,93100,93100,0,0,0.0,92.43,0,low,24.55,4,1,none,,9,https://www.musinsa.com/products/6100873
2026-09-03,마하그리드,6101193,CROSS STUD TANK TOP BLACK(MG2GMFT546A),0.0,0,39000,39000,,0,,,23.72,0,low,12.72,3,1,none,,9,https://www.musinsa.com/products/6101193
2026-09-03,마인드브릿지,6102537,[COUTURE]와이드 원턱 나일론 혼방 스트링 밴딩 팬츠 - 2color,0.0,0,44900,44900,44900,0,0,0.0,92.44,0,low,24.55,4,1,none,,9,https://www.musinsa.com/products/6102537
2026-09-03,마인드브릿지,6102729,[쿨]라운드 데일리 티셔츠 - 5color,0.0,0,24900,24900,24900,0,0,0.0,92.44,0,low,24.55,4,1,none,,9,https://www.musinsa.com/products/6102729
2026-09-03,마인드브릿지,6103241,두굿_소로나 쿨 터치 레귤러 핏 슬리브리스 - 2color,0.0,0,19900,19900,19900,0,0,0.0,92.44,0,low,24.55,4,1,none,,9,https://www.musinsa.com/products/6103241
2026-09-03,마인드브릿지,6103305,[COUTURE]카라 세미 오버핏 미니멀 반팔 니트  - 2color,0.0,0,62900,62900,62900,0,0,0.0,92.44,0,low,24.55,4,1,none,,9,https://www.musinsa.com/products/6103305
2026-09-03,마인드브릿지,6103369,[에어쿨]메쉬 세미 와이드 카고 풀 밴딩 블랙 하프 팬츠,0.0,0,35900,35900,35900,0,0,0.0,92.45,0,low,24.55,4,1,none,,9,https://www.musinsa.com/products/6103369
2026-09-03,썬러브투어,6103433,W 1872 Button Up Hoodie Floral,0.0,0,104300,104300,104300,0,0,0.0,100.0,1,high,23.99,7,3,none,,9,https://www.musinsa.com/products/6103433
2026-09-03,키르시,6108105,키르시 멜로우 숏 파자마 세트 [아이보리],0.0,0,55200,55200,55200,0,0,0.0,100.0,1,high,24.62,5,2,none,,9,https://www.musinsa.com/products/6108105
2026-09-03,비바라비다,6108937,Lovers 반팔 티셔츠,4.0,103600,25900,25900,25900,0,0,0.0,100.0,1,high,10.09,26,8,none,,9,https://www.musinsa.com/products/6108937
2026-09-03,마인드브릿지우먼,6109897,[W]스티치 배색 반팔 집업 자켓,0.0,0,89100,89100,89100,0,0,0.0,100.0,1,high,24.0,6,2,none,,9,https://www.musinsa.com/products/6109897
2026-09-03,더콜디스트모먼트,6110089,TCM X HANRORO graphic T (black),0.0,0,54000,54000,,0,,,23.71,0,low,12.72,3,1,none,,9,https://www.musinsa.com/products/6110089
2026-09-03,이미스,6114825,(W) COASTAL RAGLAN T-SHIRT-YELLOW,0.0,0,53100,53100,,0,,,26.35,0,low,10.33,2,1,none,,9,https://www.musinsa.com/products/6114825
2026-09-03,어나더오피스,6115017,Lumberjack Jacket (Black),0.0,0,368000,368000,368000,0,0,0.0,83.03,0,low,24.03,6,3,none,,9,https://www.musinsa.com/products/6115017
2026-09-03,인사일런스우먼,6115849,빈티지 텍스쳐드 원피스 BLACK,0.0,0,114730,114730,114730,0,0,0.0,100.0,1,high,24.03,7,3,none,,9,https://www.musinsa.com/products/6115849
2026-09-03,브라운브레스,6116297,CROP TAG TEE - MELANGE GREY,0.27,10597,39000,39000,39000,0,0,0.0,100.0,1,high,23.99,7,3,none,,9,https://www.musinsa.com/products/6116297
2026-09-03,트위,6117129,릿츠 스트라이프 긴팔 셔츠(헤어밴드set),0.0,0,48510,48510,,0,,,26.34,0,low,10.33,2,1,none,,9,https://www.musinsa.com/products/6117129
2026-09-03,오픈야드(오와이),6118601,WIDE VOLUME SHORTS - LIGHT BLUE,0.0,0,71200,71200,,0,,,23.71,0,low,12.72,3,1,none,,9,https://www.musinsa.com/products/6118601
2026-09-03,커버낫,6125577,체커보드 그래픽 티셔츠 화이트,0.0,0,35280,35280,35280,0,0,0.0,100.0,1,high,24.62,5,2,none,,9,https://www.musinsa.com/products/6125577
2026-09-03,커버낫,6125641,워크 나일론 쇼츠 브라운,0.0,0,64080,64080,64080,0,0,0.0,100.0,1,high,24.62,5,2,none,,9,https://www.musinsa.com/products/6125641
2026-09-03,오퍼스 0012,6128457,Op. 03 OMEN VELVET DENIM JACKET BLACK,0.0,0,197100,197100,197100,0,0,0.0,100.0,1,high,23.99,6,3,none,,9,https://www.musinsa.com/products/6128457
2026-09-03,스파오,6134601,[BRA-IN] 헨리넥 끈나시_SPRNG37G03,0.45,6398,14310,14310,,0,,,23.69,0,low,12.72,3,1,none,1,9,https://www.musinsa.com/products/6134601
2026-09-03,앤더슨벨,6135561,UNISEX BURNOUT CAMOUFLAGE-PRINTED CARGO JEANS apa907u(GREEN),0.0,0,243600,243600,,0,,,29.37,0,low,8.38,3,1,none,,9,https://www.musinsa.com/products/6135561
2026-09-03,낫포너드,6136265,W Rib Panel Twill Zipper Jacket - Black,0.79,58209,73890,73890,73890,0,0,0.0,83.05,0,low,25.3,4,1,none,,9,https://www.musinsa.com/products/6136265
2026-09-03,노티카,6139657,오션 트라이벌 티셔츠(3colors) NTS5556,0.0,0,29400,29400,29400,0,0,0.0,100.0,1,high,24.84,11,2,none,,9,https://www.musinsa.com/products/6139657
2026-09-03,오헤시오,6141385,"BASIC STANDARD T-SHIRT, WHITE",0.0,0,40850,40850,40850,0,0,0.0,100.0,1,high,23.99,7,3,none,,9,https://www.musinsa.com/products/6141385
2026-09-03,미니멀프로젝트,6143241,선플라워 블루밍 피그먼트 반팔 티셔츠 MST184 [DARKGRAY],0.0,0,32800,32800,,0,,,26.32,0,low,10.33,2,1,none,,9,https://www.musinsa.com/products/6143241
2026-09-03,일리고,6149065,도트 보트넥 탑 블랙,0.0,0,56000,56000,56000,0,0,0.0,92.5,0,low,24.56,4,1,none,,9,https://www.musinsa.com/products/6149065
2026-09-03,파르티멘토우먼,6151561,레이어드 슬리브 타이 롱슬리브 탑_블랙,0.0,0,35280,35280,39690,1,-4410,-11.11,100.0,1,medium,24.56,5,2,none,,9,https://www.musinsa.com/products/6151561
2026-09-03,파르티멘토우먼,6151817,디컨스트럭티드 레이어드 티_네이비,0.0,0,56880,56880,63990,1,-7110,-11.11,100.0,1,medium,24.56,5,2,none,,9,https://www.musinsa.com/products/6151817
2026-09-03,키르시,6153673,워딩 크롭 피그먼트 티셔츠 [라이트 핑크],0.0,0,34820,34820,34820,0,0,0.0,100.0,1,high,24.63,5,2,none,,9,https://www.musinsa.com/products/6153673
2026-09-03,언더오프,6154633,라이트웨이트 칼라드 윈드브레이커 라이트베이지,0.0,0,36900,36900,36900,0,0,0.0,100.0,1,high,24.63,5,2,none,,9,https://www.musinsa.com/products/6154633
2026-09-03,키뮤어,6154825,[크롭] 스트라이프 레이어드 헨리넥 반팔 티셔츠_멜란지 그레이,3.41,165585,48600,48600,48600,0,0,0.0,100.0,1,high,9.96,15,6,none,,9,https://www.musinsa.com/products/6154825
2026-09-03,르아르,6156297,90s 빈티지핏 피그먼트 티셔츠 [그레이],0.99,26586,26900,26900,26900,0,0,0.0,100.0,1,high,24.84,5,2,none,,9,https://www.musinsa.com/products/6156297
2026-09-03,내셔널지오그래픽,6156937,N262MHP350 에어플로우 카고 4부 쇼츠 URBAN LIGHT BEIGE,0.0,0,75650,75650,,0,,,23.66,0,low,12.72,3,1,none,,9,https://www.musinsa.com/products/6156937
2026-09-03,내셔널지오그래픽,6157001,N262UTS930 토르콰투스 반팔 티셔츠 OAK BEIGE,0.0,0,54000,54000,,0,,,23.66,0,low,12.72,3,1,none,,9,https://www.musinsa.com/products/6157001
2026-09-03,튜드먼트,6161225,GAUZE SLEEVELESS BLOUSE_WHITE,0.0,0,63940,63940,,0,,,26.31,0,low,10.33,2,1,none,,9,https://www.musinsa.com/products/6161225
2026-09-03,아메스월드와이드,6162377,CLASSIC GRACE TYPO TEE WHITE,0.0,0,19040,19040,19040,0,0,0.0,7.48,0,low,12.18,9,1,none,,9,https://www.musinsa.com/products/6162377
2026-09-03,아메스월드와이드,6162761,STRIPE EASY PANTS BLUE,0.0,0,47040,47040,47040,0,0,0.0,100.0,1,high,24.56,5,2,none,,9,https://www.musinsa.com/products/6162761
2026-09-03,아메스월드와이드,6162953,SHINING AMES ROUND HEM CROP TEE BLUE,0.0,0,19500,19500,19500,0,0,0.0,100.0,1,high,24.56,5,2,none,,9,https://www.musinsa.com/products/6162953
2026-09-03,더뮤지엄비지터,6165513,RABBIT EMBROIDERY CAP (BLACK),0.61,25021,40950,40950,40950,0,0,0.0,100.0,1,high,23.99,6,3,none,,9,https://www.musinsa.com/products/6165513
2026-09-03,로템버,6165641,워시드 데님 포켓 하프 셔츠 [워시드 블랙],0.0,0,59940,59940,59940,0,0,0.0,100.0,1,high,23.99,7,3,none,,9,https://www.musinsa.com/products/6165641
2026-09-03,주앙옴므,6167305,크롭핏 컬러블록 하프 슬리브 (차콜),0.0,0,42400,42400,42400,0,0,0.0,92.53,0,low,24.56,4,1,none,,9,https://www.musinsa.com/products/6167305
2026-09-03,인사일런스우먼,6171017,워시드 립 홀터 슬리브리스 DUST ROSE,0.0,0,39300,39300,48000,1,-8700,-18.12,100.0,1,medium,24.03,7,3,none,,9,https://www.musinsa.com/products/6171017
2026-09-03,레이지비,6171273,에어로 글라이드 리플렉티브 숏 슬리브 러닝 반팔 W 페일블루,0.0,0,33900,33900,,0,,,29.32,0,low,8.38,3,1,none,,9,https://www.musinsa.com/products/6171273
2026-09-03,스케이터락,6172809,Cross Painting Grunge T-Shirt ((melange gray)),0.0,0,79200,79200,,0,,,23.64,0,low,12.72,3,1,none,,9,https://www.musinsa.com/products/6172809
2026-09-03,999휴머니티,6172937,커팅 엣지 버뮤다 데님 쇼츠 (라이트 블루),0.0,0,148000,148000,148000,0,0,0.0,100.0,1,high,24.85,5,2,none,,9,https://www.musinsa.com/products/6172937
2026-09-03,엘무드,6174281,할리 웨스턴 데님 하프 셔츠 (2 COLOR),1.19,114643,96000,96000,96000,0,0,0.0,100.0,1,high,10.4,12,5,none,,9,https://www.musinsa.com/products/6174281
2026-09-03,아틀리에나인,6174345,MULTI STRIPE BOXY TEE (T-7216),0.0,0,47200,47200,47200,0,0,0.0,100.0,1,high,24.0,6,2,none,,9,https://www.musinsa.com/products/6174345
2026-09-03,토마스모어,6175689,하이 소프트 라운드티 - 쏠트네이비,0.0,0,29500,29500,29500,0,0,0.0,100.0,1,low,24.14,6,3,none,,9,https://www.musinsa.com/products/6175689
2026-09-03,어반스터프,6175753,크랙 아트워크 베이비 티 (블랙),0.0,0,35700,35700,,0,,,29.32,0,low,8.38,3,1,none,,9,https://www.musinsa.com/products/6175753
2026-09-03,제멋,6175817,보이 크롭 U넥 반팔티셔츠 화이트 KJST2691,3.0,65700,21900,21900,21900,0,0,0.0,100.0,1,high,24.03,9,4,none,,9,https://www.musinsa.com/products/6175817
2026-09-03,룩캐스트,6176201,제제 언발란스 티셔츠 / ZEZE UNBLANCE T-SHIRT_6colors,4.0,110400,27600,27720,27600,1,120,0.43,68.21,0,low,9.53,18,4,none,,9,https://www.musinsa.com/products/6176201
2026-09-03,그루브라임,6176329,말리부 피치 클럽 반팔 티셔츠 (LRSMCTR707M),0.0,0,14800,14800,14800,0,0,0.0,100.0,1,high,23.99,7,3,none,,9,https://www.musinsa.com/products/6176329
2026-09-03,그루브라임,6176457,배색 번개 레터링 반팔 티셔츠(2COLOR) (LRRMCTA366M),0.0,0,13100,13100,13100,0,0,0.0,100.0,1,high,23.99,7,3,none,,9,https://www.musinsa.com/products/6176457
2026-09-03,더바이닐하우스,6178505,SHEER COLLAR CARDIGAN CHARCOAL,0.0,0,47040,47040,47040,0,0,0.0,100.0,1,high,24.64,5,2,none,,9,https://www.musinsa.com/products/6178505
2026-09-03,스켈리웩,6178825,[류정란 × 스켈리웩] PULL UP 크롭 티셔츠[그레이],0.0,0,29900,29900,29900,0,0,0.0,93.18,0,low,12.72,11,4,none,,9,https://www.musinsa.com/products/6178825
2026-09-03,이알티알,6179337,Dont Panic Denim Pants Sand,0.0,0,118400,118400,,0,,,29.31,0,low,8.38,3,1,none,,9,https://www.musinsa.com/products/6179337
2026-09-03,이알티알,6179849,42 T-Shirt Melange Grey,0.84,40940,48800,48800,,0,,,29.31,0,low,8.38,3,1,none,1,9,https://www.musinsa.com/products/6179849
2026-09-03,락피쉬웨더웨어,6182537,COLOR BLOCK UMBRELLA SHORT - 5 colors,0.0,0,42300,42300,42300,0,0,0.0,83.09,0,low,25.31,4,1,none,,9,https://www.musinsa.com/products/6182537
2026-09-03,론론,6185353,RUCHED SLIM FIT T SHIRT GREY DOT,0.0,0,47520,47520,53460,1,-5940,-11.11,100.0,1,medium,24.03,7,3,none,,9,https://www.musinsa.com/products/6185353
2026-09-03,본투윈,6188617,SYMBOL B ACTIVE 2 IN 1 SHORTS [BEIGE],0.0,0,89000,89000,89000,0,0,0.0,100.0,1,high,23.99,6,3,none,,9,https://www.musinsa.com/products/6188617
2026-09-03,낫포너드,6191241,W Open Shoulder Stripe T-Shirts - Black,0.0,0,30690,30690,30690,0,0,0.0,83.09,0,low,25.31,4,1,none,,9,https://www.musinsa.com/products/6191241
2026-09-03,비터셀즈,6199689,핀 메쉬 트랙 팬츠-브라운,0.0,0,63200,63200,63200,0,0,0.0,100.0,1,high,24.56,14,2,none,,9,https://www.musinsa.com/products/6199689
2026-09-03,아웃스탠딩,6201353,HS CROCHET KNIT CARDIGAN_BLACK,0.0,0,80100,80100,80100,0,0,0.0,85.06,0,low,14.11,12,2,none,,9,https://www.musinsa.com/products/6201353
2026-09-03,세터,6201481,로턴 콘트라스트 미니 크로스 백 레드,0.0,0,99000,99000,99000,0,0,0.0,100.0,1,high,24.86,5,2,none,,9,https://www.musinsa.com/products/6201481
2026-09-03,아웃스탠딩,6202185,[LOONEY TUNES] HALF SLEEVE TEE(COWBOY)_OFF WHITE,0.0,0,40500,40500,40500,0,0,0.0,85.06,0,low,14.11,6,2,none,,9,https://www.musinsa.com/products/6202185
2026-09-03,무드인사이드,6202697,스페셜 후드 바람막이_Wine,0.27,8135,29900,29900,29900,0,0,0.0,100.0,1,high,23.99,7,3,none,,9,https://www.musinsa.com/products/6202697
2026-09-03,무드인사이드,6202761,스페셜 후드 바람막이_Light Beige,0.0,0,29900,29900,29900,0,0,0.0,100.0,1,high,23.99,7,3,none,,9,https://www.musinsa.com/products/6202761
2026-09-03,스컬프터,6204361,Wander Girl Off-Shoulder Tee Baby Pink,0.76,33537,44160,44160,44160,0,0,0.0,100.0,1,high,23.99,6,3,none,,9,https://www.musinsa.com/products/6204361
2026-09-03,스컬프터,6205001,NPC Metallic Bag Icy Pink,0.0,0,88320,88320,88320,0,0,0.0,100.0,1,high,23.99,6,3,none,,9,https://www.musinsa.com/products/6205001
2026-09-03,코드그라피,6207561,(우먼) 스몰 스퀘어 자수 로고 링거 반소매 티셔츠-다크 네이비,0.0,0,44100,44100,44100,0,0,0.0,83.1,0,low,25.31,4,1,none,,9,https://www.musinsa.com/products/6207561
2026-09-03,라이프워크,6208009,여성) 레터링 로고 자수 썸머 니트햇,0.0,0,59000,59000,,0,,,29.29,0,low,8.39,3,1,none,,9,https://www.musinsa.com/products/6208009
2026-09-03,스컬프터,6208393,Studded Bermuda Pants Dirty White,0.0,0,88320,88320,88320,0,0,0.0,100.0,1,high,23.99,6,3,none,,9,https://www.musinsa.com/products/6208393
2026-09-03,던스트,6208457,STRIPE EASY SHOPPER_UDBA6E213_OLIVE STRIPE,0.0,0,33040,33040,41300,1,-8260,-20.0,100.0,1,medium,24.15,7,3,none,,9,https://www.musinsa.com/products/6208457
2026-09-03,던스트,6208585,UNISEX CHORE JACKET_UDJA6B122_WHITE,0.0,0,119520,119520,149400,1,-29880,-20.0,100.0,1,medium,24.15,7,3,none,,9,https://www.musinsa.com/products/6208585
2026-09-03,세터,6208841,오픈 칼라 하프 데님 셔츠 블랙,0.0,0,109000,109000,109000,0,0,0.0,100.0,1,high,24.86,5,2,none,,9,https://www.musinsa.com/products/6208841
2026-09-03,스컬프터,6209225,Dot Lace Halter Top Melange Gray,0.0,0,46080,46080,46080,0,0,0.0,100.0,1,high,23.99,6,3,none,,9,https://www.musinsa.com/products/6209225
2026-09-03,스컬프터,6210313,Angelic Hobo Bag Gun Metal,0.15,12257,81920,81920,81920,0,0,0.0,100.0,1,high,23.99,6,3,none,,9,https://www.musinsa.com/products/6210313
2026-09-03,파브레가,6217737,라이트 위브 스카프 (블랙),0.0,0,43200,43200,43200,0,0,0.0,83.11,0,low,25.31,4,1,none,,9,https://www.musinsa.com/products/6217737
2026-09-03,노아,6218761,(U) 클래식 크루넥 플레임 CLASSIC CREWNECK ORANGE,0.0,0,143400,143400,,0,,,23.6,0,low,12.72,3,1,none,,9,https://www.musinsa.com/products/6218761
2026-09-03,트래블,6219017,레이서 피그먼트 반팔티 크림,0.0,0,23200,23200,23200,0,0,0.0,100.0,1,high,23.99,7,3,none,,9,https://www.musinsa.com/products/6219017
2026-09-03,디스이즈네버댓,6219273,Relaxed Denim Short Blue,0.0,0,83300,83300,83300,0,0,0.0,100.0,1,high,24.64,5,2,none,,9,https://www.musinsa.com/products/6219273
2026-09-03,파브레가,6221449,누아 스트라이프 하프 셔츠 (라이트 베이지),0.0,0,66600,66600,66600,0,0,0.0,83.12,0,low,25.31,4,1,none,,9,https://www.musinsa.com/products/6221449
2026-09-03,팬시클럽,6222089,핫픽스 셔링 스커트 레깅스 (BLACK) F26QD148,0.0,0,38880,38880,,0,,,23.59,0,low,12.72,3,1,none,,9,https://www.musinsa.com/products/6222089
2026-09-03,에스피오나지,6225289,Vintage Washed Border Tee Charcoal,0.0,0,49600,49600,49600,0,0,0.0,29.28,0,low,8.38,5,1,none,,9,https://www.musinsa.com/products/6225289
2026-09-03,브라운브레스,6235337,W TAG FRICE SLEEVELESS - BLACK,0.0,0,32000,32000,32000,0,0,0.0,100.0,1,high,23.99,7,3,none,,9,https://www.musinsa.com/products/6235337
2026-09-03,브라운브레스,6235529,DELIVERY TAG TEE - BROWN,0.0,0,55000,55000,55000,0,0,0.0,100.0,1,high,23.99,7,3,none,,9,https://www.musinsa.com/products/6235529
2026-09-03,브라운브레스,6235977,STEPDYED WINDBREAKER JACKET - GREEN,0.0,0,159000,159000,159000,0,0,0.0,100.0,1,high,23.99,7,3,none,,9,https://www.musinsa.com/products/6235977
2026-09-03,1993스튜디오,6237961,[FC서울x1993스튜디오] 폴리 블록형 오버핏 저지 티셔츠_블랙,0.0,0,69000,69000,79000,1,-10000,-12.66,100.0,1,medium,24.64,5,2,none,,9,https://www.musinsa.com/products/6237961
2026-09-03,세컨모놀로그,6247113,Washed String Cargo [KBROWN]_SEWPT015KBROWN,0.0,0,67150,67150,47400,1,19750,41.67,100.0,1,medium,24.65,5,2,none,,9,https://www.musinsa.com/products/6247113
2026-09-03,엠엘비,6249673,썸머 리본 미야옹 비니 LA (Lavender),0.0,0,49000,49000,,0,,,26.24,0,low,10.34,2,1,none,,9,https://www.musinsa.com/products/6249673
2026-09-03,브룩스브라더스,6252745,로고 코튼 피케 폴로셔츠 (화이트) (BBNTMOG201),0.0,0,83300,83300,83300,0,0,0.0,100.0,1,high,24.15,8,3,none,,9,https://www.musinsa.com/products/6252745
2026-09-03,브룩스브라더스,6253257,가먼트다잉 팬츠 (차콜) (BBPCMBG202),0.0,0,207200,207200,207200,0,0,0.0,100.0,1,high,24.15,7,3,none,,9,https://www.musinsa.com/products/6253257
2026-09-03,제너럴아이디어,6253577,아세테이트 꼬임 반팔 티셔츠 [CHARCOAL] / GF2LTS520,0.0,0,26520,26520,28000,1,-1480,-5.29,100.0,1,medium,23.99,6,3,none,,9,https://www.musinsa.com/products/6253577
2026-09-03,아웃스탠딩,6253961,V.S.C TEE(VIRGINIA PARK)_CHARCOAL,0.0,0,40500,40500,40500,0,0,0.0,85.02,0,low,14.11,6,2,none,,9,https://www.musinsa.com/products/6253961
2026-09-03,썬러브투어,6254793,Light Swing Pants Blue,0.0,0,153300,153300,153300,0,0,0.0,100.0,1,high,23.99,7,3,none,,9,https://www.musinsa.com/products/6254793
2026-09-03,오호스,6255561,Star raglan T-shirt / Charcoal,0.0,0,48000,48000,,0,,,29.25,0,low,8.39,3,1,none,,9,https://www.musinsa.com/products/6255561
2026-09-03,룩캐스트,6255945,에리카 썸머 울 클레식 미니 드레스_블랙 / ERICA SUMMER WOOL CLASSIC MINI DRESS_BLACK,0.0,0,68450,68450,68450,0,0,0.0,92.6,0,low,24.56,4,1,none,,9,https://www.musinsa.com/products/6255945
2026-09-03,웬즈데이오아시스,6259529,워셔블 에어리 레글런 하프 니트_IVORY(WC26KN48),0.0,0,37100,37100,37100,0,0,0.0,100.0,1,high,23.99,7,3,none,,9,https://www.musinsa.com/products/6259529
2026-09-03,웬즈데이오아시스,6260489,요루 이지 쇼츠_IVORY(WB6PT22),0.0,0,40600,40600,40600,0,0,0.0,100.0,1,high,23.99,7,3,none,,9,https://www.musinsa.com/products/6260489
2026-09-03,디스이즈네버댓,6262601,Relaxed Nylon Short Navy,0.0,0,62300,62300,62300,0,0,0.0,100.0,1,high,24.65,5,2,none,,9,https://www.musinsa.com/products/6262601
2026-09-03,썬러브투어,6262793,Quiet Mesh Trucker Cap Navy,0.0,0,48300,48300,48300,0,0,0.0,100.0,1,high,23.99,7,3,none,,9,https://www.musinsa.com/products/6262793
2026-09-03,길라아카이브,6263177,LACE-UP COTTON SHORTS_BLACK,0.0,0,62370,62370,62370,0,0,0.0,100.0,1,high,24.15,7,3,none,,9,https://www.musinsa.com/products/6263177
2026-09-03,꼼파뇨,6264073,드림 아일랜드 피그먼트 반팔티 고스트그레이,0.0,0,28610,28610,28610,0,0,0.0,92.62,0,low,24.56,4,1,none,,9,https://www.musinsa.com/products/6264073
2026-09-03,제너럴아이디어,6266313,체크 시어 롱 스커트 [KHAKI] / GF2LSK510,0.0,0,40800,40800,40800,0,0,0.0,100.0,1,high,23.99,6,3,none,,9,https://www.musinsa.com/products/6266313
2026-09-03,데상트,6269705,트레이닝 스피릿 반팔 티셔츠 블루 SR221TTS42,0.0,0,84550,84550,,0,,,29.24,0,low,8.39,3,1,none,,9,https://www.musinsa.com/products/6269705
2026-09-03,제이엘브,6270025,우먼스 와이드 밴딩 팬츠,0.0,0,48600,48600,48600,0,0,0.0,100.0,1,high,24.16,7,3,none,,9,https://www.musinsa.com/products/6270025
2026-09-03,르아르,6270537,에센셜 리브드 슬리브리스 [그레이],2.01,39908,19900,19900,19900,0,0,0.0,100.0,1,high,24.87,19,7,none,,9,https://www.musinsa.com/products/6270537
2026-09-03,트릴리온,6271049,워셔블 리조트 케이블 카라 반팔 니트_아이보리,0.0,0,14990,14990,14990,0,0,0.0,92.62,0,low,24.56,4,1,none,,9,https://www.musinsa.com/products/6271049
2026-09-03,던스트,6271369,UNISEX LINEN CREWNECK KNIT_UDSW6B128_MELANGE GREY,0.0,0,47520,47520,59400,1,-11880,-20.0,100.0,1,medium,24.16,7,3,none,,9,https://www.musinsa.com/products/6271369
2026-09-03,몽돌,6274633,비즈 스트랩 나시 블라우스 화이트 MDBL007WHITE,0.0,0,49200,49200,49200,0,0,0.0,100.0,1,high,23.99,6,3,none,,9,https://www.musinsa.com/products/6274633
2026-09-03,유니폼브릿지,6275145,boat assoc s/s t-shirt green,0.0,0,47200,47200,47200,0,0,0.0,100.0,1,high,23.99,6,3,none,,9,https://www.musinsa.com/products/6275145
2026-09-03,유니폼브릿지,6275209,western check s/s shirt sky blue,0.0,0,71400,71400,71400,0,0,0.0,100.0,1,high,23.99,6,3,none,,9,https://www.musinsa.com/products/6275209
2026-09-03,아틀리에나인,6278281,STRIPE SHIRRING TUBE TOP (T-7234),0.0,0,36000,36000,36000,0,0,0.0,100.0,1,high,24.0,6,2,none,,9,https://www.musinsa.com/products/6278281
2026-09-03,레더리,6278857,스텔라 레더 팔찌 [BLACK],0.0,0,21760,21760,21760,0,0,0.0,92.63,0,low,24.57,4,1,none,,9,https://www.musinsa.com/products/6278857
2026-09-03,나인제트,6282057,소프트 새깅 헤비메쉬 롱 팬츠 (2color),0.0,0,54900,54900,54900,0,0,0.0,92.64,0,low,24.57,4,1,none,,9,https://www.musinsa.com/products/6282057
2026-09-03,더엣지,6284681,[6PACK] 26SS 시스루 양말 (글리터3종+크로셰3종),0.0,0,44900,44900,,0,,,23.51,0,low,12.72,3,1,none,,9,https://www.musinsa.com/products/6284681
2026-09-03,세터,6285641,(W) 가봉 와이드 데님 쇼츠 라이트 블루,0.0,0,129000,129000,129000,0,0,0.0,100.0,1,high,24.87,5,2,none,,9,https://www.musinsa.com/products/6285641
2026-09-03,브라운야드,6286601,"W 와이드 울 팬츠, 브라운",0.0,0,131600,131600,131600,0,0,0.0,100.0,1,high,24.16,7,3,none,,9,https://www.musinsa.com/products/6286601
2026-09-03,브라운야드,6286729,"워시드 워크 자켓, 블랙",0.0,0,243600,243600,243600,0,0,0.0,100.0,1,high,24.16,7,3,none,,9,https://www.musinsa.com/products/6286729
2026-09-03,세터,6289289,(W) 로턴 스티치 링거 반팔 티셔츠 블랙,0.0,0,69000,69000,69000,0,0,0.0,100.0,1,high,24.88,5,2,none,,9,https://www.musinsa.com/products/6289289
2026-09-03,세터,6292233,(W) 카프리 시트론 드로잉 썸머 그래픽 반팔 티셔츠 마젠타 퍼플,0.0,0,79000,79000,79000,0,0,0.0,100.0,1,high,24.88,5,2,none,,9,https://www.musinsa.com/products/6292233
2026-09-03,앤더슨벨,6292745,FORD KNIT SLEEVELESS atb1535m(BLACK),0.0,0,83390,83390,,0,,,29.23,0,low,8.39,3,1,none,,9,https://www.musinsa.com/products/6292745
2026-09-03,더콜디스트모먼트,6299593,TCM ee T (black),0.0,0,36450,36450,,0,,,23.51,0,low,12.72,3,1,none,,9,https://www.musinsa.com/products/6299593
2026-09-03,드리프트아웃,6301193,베이비 리프터 기능성 반팔 티셔츠 (5color),0.0,0,26500,26500,,0,,,29.22,0,low,8.39,3,1,none,,9,https://www.musinsa.com/products/6301193
2026-09-03,플랙,6301769,밴딩 퍼티그 데님 팬츠 M06 블랙,0.0,0,71200,71200,71200,0,0,0.0,100.0,1,high,24.66,5,2,none,,9,https://www.musinsa.com/products/6301769
2026-09-03,썸플레이스,6301833,레오파드 멀티 배색 포인트 카고 와이드 코튼 밴딩 팬츠 [브라운],0.44,20933,47200,47200,,0,,,23.5,0,low,12.72,3,1,none,1,9,https://www.musinsa.com/products/6301833
2026-09-03,디앤에스알,6301897,엔지니어 버뮤다 데님 팬츠 블루,0.0,0,99000,99000,99000,0,0,0.0,100.0,1,high,24.88,5,2,none,,9,https://www.musinsa.com/products/6301897
2026-09-03,데상트,6304073,우먼스 원피스 스윔 수트 블랙 SR222EOP51,0.0,0,103550,103550,,0,,,29.22,0,low,8.39,3,1,none,,9,https://www.musinsa.com/products/6304073
2026-09-03,키르시,6307209,키르시 X 챠미키티 미니 숄더백 [화이트],0.0,0,55200,55200,55200,0,0,0.0,100.0,1,high,24.66,5,2,none,,9,https://www.musinsa.com/products/6307209
2026-09-03,노매뉴얼,6307337,우산은...,0.0,0,19000,19000,19000,0,0,0.0,92.67,0,low,24.57,4,1,none,,9,https://www.musinsa.com/products/6307337
2026-09-03,해칭룸,6307401,Base Hoodie Grey,0.0,0,78000,78000,78000,0,0,0.0,92.67,0,low,24.57,4,1,none,,9,https://www.musinsa.com/products/6307401
2026-09-03,아틀리에나인,6308169,CLASSIC STRIPE SLIM T (T-7262),0.0,0,39200,39200,39200,0,0,0.0,100.0,1,high,24.0,6,2,none,,9,https://www.musinsa.com/products/6308169
2026-09-03,드로우핏우먼,6309769,썸머 슬림 부츠컷 슬랙스 [BLACK],0.0,0,49680,49680,49680,0,0,0.0,100.0,1,high,23.99,7,3,none,,9,https://www.musinsa.com/products/6309769
2026-09-03,러브이즈트루,6310601,SY SHINING CHAIN BELT(WHITE),0.0,0,33460,33460,33460,0,0,0.0,100.0,1,high,24.16,7,3,none,,9,https://www.musinsa.com/products/6310601
2026-09-03,노디,6310729,System Error Horse crop Tee ivory,0.61,14777,24300,24300,,0,,,26.19,0,low,10.34,2,1,none,1,9,https://www.musinsa.com/products/6310729
2026-09-03,르바,6313225,Whenever Overdyed Ball Cap - Marshmallow Pink,0.0,0,39600,39600,39600,0,0,0.0,83.17,0,low,25.32,4,1,none,,9,https://www.musinsa.com/products/6313225
2026-09-03,제로,6313609,와플 딥 원 턱 스웨트 쇼츠 [멜란지 그레이],0.0,0,39000,39000,39000,0,0,0.0,100.0,1,high,24.89,5,2,none,,9,https://www.musinsa.com/products/6313609
2026-09-03,드로우핏우먼,6313673,베이 헨리넥 반팔 티셔츠 [BLACK],0.0,0,28650,28650,28650,0,0,0.0,100.0,1,high,23.99,7,3,none,,9,https://www.musinsa.com/products/6313673
2026-09-03,피지컬가먼츠,6315401,P5071 우먼 레이어드 버뮤다팬츠 [3COLOR],0.0,0,48440,48440,,0,,,23.48,0,low,12.72,3,1,none,,9,https://www.musinsa.com/products/6315401
2026-09-03,피지컬가먼츠,6315593,P5079 밴드 레이어드 반바지 [2COLOR],0.0,0,34000,34000,,0,,,23.48,0,low,12.72,3,1,none,,9,https://www.musinsa.com/products/6315593
2026-09-03,브라운야드,6316297,"캐시미어 하프 슬리브, 베이지",0.0,0,88000,88000,88000,0,0,0.0,100.0,1,high,24.16,7,3,none,,9,https://www.musinsa.com/products/6316297
2026-09-03,르바,6317961,Classic Staple Denim Shorts - Off White,0.0,0,80100,80100,80100,0,0,0.0,83.17,0,low,25.32,4,1,none,,9,https://www.musinsa.com/products/6317961
2026-09-03,본투윈,6318409,W V-NECK FOOTBALL TRACK T-SHIRTS [BLACK],0.0,0,65000,65000,65000,0,0,0.0,100.0,1,high,14.11,17,4,none,,9,https://www.musinsa.com/products/6318409
2026-09-03,본투윈,6318473,B PENDANT CUT LINE SLEEVELESS [BLACK],0.45,24791,55000,55000,55000,0,0,0.0,100.0,1,high,23.99,11,7,none,,9,https://www.musinsa.com/products/6318473
2026-09-03,드헤베,6319945,Summer Knit Cardigan Set [Sky Blue],0.0,0,108300,108300,108300,0,0,0.0,83.18,0,low,25.32,4,1,none,,9,https://www.musinsa.com/products/6319945
2026-09-03,내셔널지오그래픽,6323657,N262UTS910 네이쳐 다잉 세미오버핏 티셔츠 BLACK,0.0,0,74000,74000,,0,,,23.48,0,low,12.72,3,1,none,,9,https://www.musinsa.com/products/6323657
2026-09-03,르아르,6324681,썸머 스트라이프 반팔 티셔츠 [블루],0.0,0,33600,33600,33600,0,0,0.0,100.0,1,high,24.89,5,2,none,,9,https://www.musinsa.com/products/6324681
2026-09-03,카고브로스포우먼,6325385,CFW 도트 로고 숏 반팔 티셔츠 (화이트),0.0,0,17900,17900,,0,,,23.48,0,low,12.72,3,1,none,,9,https://www.musinsa.com/products/6325385
2026-09-03,와이케이,6330249,말티즈 아카이브 링거 반팔티셔츠 Ver.2 화이트,0.0,0,31500,31500,31500,0,0,0.0,100.0,1,high,24.17,7,3,none,,9,https://www.musinsa.com/products/6330249
2026-09-03,아틀리에나인,6330377,CROCHER CROP V-NECK KNIT (T-7252),0.0,0,63200,63200,63200,0,0,0.0,100.0,1,high,24.0,5,2,none,,9,https://www.musinsa.com/products/6330377
2026-09-03,비바라비다,6330505,Sync 에코백,0.0,0,33530,33530,33530,0,0,0.0,100.0,1,high,23.99,6,3,none,,9,https://www.musinsa.com/products/6330505
2026-09-03,플리즈노팔로우,6331529,Zuri Lace Sleeveless Top (Black),1.6,133382,83300,83300,83300,0,0,0.0,100.0,1,high,23.99,11,7,none,,9,https://www.musinsa.com/products/6331529
2026-09-03,글로니,6331849,G RUFFLED BUTTON BLOUSE (BEIGE),0.0,0,125000,125000,125000,0,0,0.0,100.0,1,high,24.03,7,3,none,,9,https://www.musinsa.com/products/6331849
2026-09-03,인사일런스우먼,6334089,텍스쳐드 셔링 후드 셔켓 LIGHT BEIGE,0.0,0,128700,128700,128700,0,0,0.0,100.0,1,high,24.03,7,3,none,,9,https://www.musinsa.com/products/6334089
2026-09-03,미세키서울맨,6334153,Two-tone raglan short sleeve CHARCOAL,0.0,0,57800,57800,57800,0,0,0.0,100.0,1,high,24.0,5,2,none,,9,https://www.musinsa.com/products/6334153
2026-09-03,로라로라,6336137,CUT OUT SLEEVELESS TOP OLIVE,0.0,0,49000,49000,,0,,,26.16,0,low,10.34,2,1,none,,9,https://www.musinsa.com/products/6336137
2026-09-03,유니온블루,6344585,ARCHON TWILL CHINO PANTS [STONE BEIGE],0.0,0,103680,103680,103680,0,0,0.0,100.0,1,high,23.99,6,3,none,,9,https://www.musinsa.com/products/6344585
2026-09-03,제너럴아이디어,6345609,에어리 브이넥 케이블 가디건 [GREEN] / WBD2L43545,0.0,0,50400,50400,50400,0,0,0.0,100.0,1,high,23.99,6,3,none,,9,https://www.musinsa.com/products/6345609
2026-09-03,예스아이씨,6350281,Corner Twin Swing Plush Keychain Blue,0.0,0,55000,55000,,0,,,29.16,0,low,8.39,3,1,none,,9,https://www.musinsa.com/products/6350281
2026-09-03,다이닛,6350857,BI GRAPHIC SLIMSIZED T-SHIRT IN NAVY,0.0,0,25520,25520,,0,,,23.47,0,low,12.72,3,1,none,,9,https://www.musinsa.com/products/6350857
2026-09-03,필루미네이트,6352777,세미 크롭 멀티 스트라이프 티셔츠-블랙,0.0,0,32000,32000,32000,0,0,0.0,100.0,1,high,24.17,7,3,none,,9,https://www.musinsa.com/products/6352777
2026-09-03,데상트,6352841,영애슬릿 쿨링 트리코트 반팔 티셔츠 핑크 SR21JETS57,0.0,0,46550,46550,,0,,,29.15,0,low,8.39,3,1,none,,9,https://www.musinsa.com/products/6352841
2026-09-03,로라로라,6361801,LAYERED SLEEVELESS SET MT+PK,0.0,0,59000,59000,,0,,,26.14,0,low,10.34,2,1,none,,9,https://www.musinsa.com/products/6361801
2026-09-03,시야쥬,6366857,SIAC3122 Mode Bag_Black,0.0,0,118850,118850,118850,0,0,0.0,100.0,1,high,24.67,5,2,none,,9,https://www.musinsa.com/products/6366857
2026-09-03,시야쥬,6367241,SIPT7153 컴포트 라인 카프리 팬츠 (여름 ver)_Black,0.0,0,80100,80100,80100,0,0,0.0,100.0,1,high,24.67,5,2,none,,9,https://www.musinsa.com/products/6367241
2026-09-03,시야쥬,6367561,SITP5298 젠틀 리트리버 반팔 티셔츠_White,0.0,0,36770,36770,36770,0,0,0.0,100.0,1,high,24.67,5,2,none,,9,https://www.musinsa.com/products/6367561
2026-09-03,시야쥬,6367625,SITP5286 캡소매 슬림 반팔 티셔츠_Black,0.0,0,34830,34830,34830,0,0,0.0,100.0,1,high,24.67,5,2,none,,9,https://www.musinsa.com/products/6367625
2026-09-03,시야쥬,6367689,SITP5278 소프트 쉬어 썸머 셔츠_Black,0.0,0,83700,83700,83700,0,0,0.0,100.0,1,high,24.68,5,2,none,,9,https://www.musinsa.com/products/6367689
2026-09-03,에스피오나지,6370505,ESP Letter Washed Denim Cap Letter S,0.0,0,38400,38400,38400,0,0,0.0,100.0,1,high,24.03,7,3,none,,9,https://www.musinsa.com/products/6370505
2026-09-03,더블유엠씨,6375817,BASKET 롱슬리브_WHITE,0.0,0,39500,39500,39500,0,0,0.0,100.0,1,high,24.17,7,3,none,,9,https://www.musinsa.com/products/6375817
2026-09-03,락케이크,6376201,Leather Zipper Mini Skirt - Black,0.0,0,106560,106560,106560,0,0,0.0,100.0,1,high,23.99,7,3,none,,9,https://www.musinsa.com/products/6376201
2026-09-03,렌세,6380361,Oversized Logo Stripe Tee Blue,0.0,0,36800,36800,,0,,,26.13,0,low,10.34,2,1,none,,9,https://www.musinsa.com/products/6380361
2026-09-03,밀로아카이브,6386441,텍스처 크롭 U넥 티셔츠 [크림],0.0,0,38500,38500,38500,0,0,0.0,92.73,0,low,23.99,7,3,none,,9,https://www.musinsa.com/products/6386441
2026-09-03,비바셔스,6388553,메로우 시스루 골지 티_7Colors,0.0,0,19000,19000,,0,,,23.45,0,low,12.72,3,1,none,,9,https://www.musinsa.com/products/6388553
2026-09-03,제너럴아이디어,6389129,멀티 스트라이프 U넥 슬리브리스 [CHARCOAL] / GF2LTS530,0.0,0,21060,21060,22400,1,-1340,-5.98,100.0,1,medium,23.99,6,3,none,,9,https://www.musinsa.com/products/6389129
2026-09-03,브렌슨,6390793,[코튼] 트윌 원턱 밴딩 버뮤다 팬츠 ( 5Color ),0.0,0,26900,26900,26900,0,0,0.0,100.0,1,high,24.68,5,2,none,,9,https://www.musinsa.com/products/6390793
2026-09-03,니티드,6391689,팜트리 로고 자수 볼캡 BLACK,0.0,0,31320,31320,31320,0,0,0.0,83.23,0,low,25.32,4,1,none,,9,https://www.musinsa.com/products/6391689
2026-09-03,루에브르,6391945,Flower-Jacquard Linear Seam T-Shirt SW6ME763_2color,0.0,0,89000,89000,89000,0,0,0.0,100.0,1,high,23.99,7,3,none,,9,https://www.musinsa.com/products/6391945
2026-09-03,파르티멘토우먼,6394185,PWC 포켓 스트라이프 레귤러 티_올리브,0.0,0,20880,20880,23490,1,-2610,-11.11,100.0,1,medium,24.58,5,2,none,,9,https://www.musinsa.com/products/6394185
2026-09-03,파르티멘토우먼,6394249,PWC 레이스 트림 투인원 슬리브리스 드레스 탑_스톤,0.0,0,31680,31680,35640,1,-3960,-11.11,100.0,1,medium,24.58,5,2,none,,9,https://www.musinsa.com/products/6394249
2026-09-03,필루미네이트,6394441,세미 크롭 링클 체크 하프 셔츠-블랙,0.38,12123,32000,32000,32000,0,0,0.0,47.04,0,low,24.18,6,2,none,,9,https://www.musinsa.com/products/6394441
2026-09-03,미드나잇무브,6395721,ex silver t (black),0.0,0,14400,14400,,0,,,26.12,0,low,7.67,3,1,none,,9,https://www.musinsa.com/products/6395721
2026-09-03,시눈,6397513,Rose Petal Mini Cross Bag (Cream),0.0,0,110540,110540,110540,0,0,0.0,100.0,1,high,24.91,5,2,none,,9,https://www.musinsa.com/products/6397513
2026-09-03,더바이닐하우스,6397769,FADED STAR TEE RED,0.0,0,32480,32480,32480,0,0,0.0,100.0,1,high,24.68,5,2,none,,9,https://www.musinsa.com/products/6397769
2026-09-03,더바이닐하우스,6397897,UNBALANCE LAYERED ONE-PIECE (W) CHARCOAL,0.0,0,33040,33040,33040,0,0,0.0,100.0,1,high,24.68,5,2,none,,9,https://www.musinsa.com/products/6397897
2026-09-03,시눈,6398025,Braided One-Shoulder T-Shirt (Navy),0.0,0,60080,60080,60080,0,0,0.0,100.0,1,high,24.91,5,2,none,,9,https://www.musinsa.com/products/6398025
2026-09-03,에스피오나지,6400009,Vintage Cotton Work Shirt Jacket Charcoal,0.0,0,82600,82600,82600,0,0,0.0,100.0,1,high,24.03,7,3,none,,9,https://www.musinsa.com/products/6400009
2026-09-03,스키즘인듀싱,6402761,SHOEGAZER T SHIRT BLACK,0.0,0,57800,57800,57800,0,0,0.0,100.0,1,high,24.03,8,3,none,,9,https://www.musinsa.com/products/6402761
2026-09-03,레이지비,6402953,[SET] 스트라이드 쿨링 반팔 + 5인치 쇼츠 반바지 세트 M 화이트,0.0,0,64500,64500,,0,,,29.12,0,low,8.39,3,1,none,,9,https://www.musinsa.com/products/6402953
2026-09-03,워크온바디오프,6403017,리네아 세미 오버핏 스트라이프 반팔 셔츠 [블루],0.0,0,37900,37900,34110,1,3790,11.11,59.27,0,low,24.68,4,1,none,,9,https://www.musinsa.com/products/6403017
2026-09-03,다이닛,6403081,CONTEMPORARY LONG SLEEVE IN MINT,0.0,0,88000,88000,,0,,,23.44,0,low,12.72,3,1,none,,9,https://www.musinsa.com/products/6403081
2026-09-03,노티카,6406217,83플래그 6패널 볼캡(3colors) NCA1436,0.65,18296,28000,28000,28000,0,0,0.0,100.0,1,high,24.91,5,2,none,,9,https://www.musinsa.com/products/6406217
2026-09-03,바이모노,6408649,[빅사이즈 32-48] 모노 인생 히든밴딩 치노팬츠,0.0,0,36470,36470,36470,0,0,0.0,100.0,1,high,24.68,5,2,none,,9,https://www.musinsa.com/products/6408649
2026-09-03,브룩스브라더스,6410441,[여성] 로고 코튼 피케 원피스 (다크네이비) (BBDZWBG203),0.0,0,159200,159200,159200,0,0,0.0,100.0,1,high,24.18,8,3,none,,9,https://www.musinsa.com/products/6410441
2026-09-03,미드나잇무브,6414345,89 short skirt (black),0.0,0,62320,62320,,0,,,26.1,0,low,7.67,3,1,none,,9,https://www.musinsa.com/products/6414345
2026-09-03,미드나잇무브,6414409,ld lace top (black),0.0,0,21280,21280,,0,,,26.1,0,low,7.67,3,1,none,,9,https://www.musinsa.com/products/6414409
2026-09-03,데상트,6414985,트레이닝 7인치 워싱 쇼츠 블랙 SR221TKH51,0.0,0,84550,84550,,0,,,29.1,0,low,8.39,3,1,none,,9,https://www.musinsa.com/products/6414985
2026-09-03,언더오프,6415625,멀티 스트라이프 크로쉐 반팔 니트 셔츠,0.0,0,39900,39900,39900,0,0,0.0,100.0,1,high,24.69,5,2,none,,9,https://www.musinsa.com/products/6415625
2026-09-03,굿라이프웍스,6417545,[unisex] 스트라이프 카라 하프 니트 차콜,0.0,0,34000,34000,34000,0,0,0.0,100.0,1,high,24.91,5,2,none,,9,https://www.musinsa.com/products/6417545
2026-09-03,에이이에이이,6418825,CHECK STAR TEE [NAVY],0.0,0,46800,46800,46800,0,0,0.0,92.77,0,low,24.59,4,1,none,,9,https://www.musinsa.com/products/6418825
2026-09-03,프리즘웍스,6419145,OG STRIPE SEERSUCKER HALF SHIRT _ GREEN,0.0,0,58500,58500,58500,0,0,0.0,100.0,1,high,24.03,7,3,none,,9,https://www.musinsa.com/products/6419145
2026-09-03,바우프,6425097,셔링 플레어 티셔츠 [네이비],0.79,59029,74800,74800,74800,0,0,0.0,83.28,0,low,25.33,4,1,none,,9,https://www.musinsa.com/products/6425097
2026-09-03,아워데이즈,6426057,[임서진 PICK] 필드 카고 버뮤다 코튼 팬츠 [KHAKI],0.0,0,29400,29400,29400,0,0,0.0,83.28,0,low,25.33,4,1,none,,9,https://www.musinsa.com/products/6426057
2026-09-03,어널러코드,6426505,하이프 하프 데님팬츠 (블랙),0.0,0,39200,39200,39200,0,0,0.0,100.0,1,high,24.03,7,3,none,,9,https://www.musinsa.com/products/6426505
2026-09-03,스파오,6431241,스트라이프 레이어드 반팔티_SPRWG25G06,0.0,0,21230,21230,,0,,,23.42,0,low,12.72,3,1,none,,9,https://www.musinsa.com/products/6431241
2026-09-03,아캄,6435273,Big Patch CROS2 Half Top (Black),0.0,0,55200,55200,55200,0,0,0.0,100.0,1,high,24.92,5,2,none,,9,https://www.musinsa.com/products/6435273
2026-09-03,아캄,6435593,Flare Ripstop Cargo Pants (Black),0.0,0,132300,132300,132300,0,0,0.0,100.0,1,high,24.92,5,2,none,,9,https://www.musinsa.com/products/6435593
2026-09-03,다이닛,6436873,HORSESHOE PRINT SLEEVELESS IN WHITE,0.0,0,48000,48000,,0,,,23.42,0,low,12.72,3,1,none,,9,https://www.musinsa.com/products/6436873
2026-09-03,드로우핏우먼,6437321,수피마 실켓 슬림 반팔 티셔츠 [CREAM],0.0,0,23760,23760,23760,0,0,0.0,100.0,1,high,23.99,7,3,none,,9,https://www.musinsa.com/products/6437321
2026-09-03,이미스,6437449,MESH CROSSBODY BAG-YELLOW,0.0,0,58500,58500,,0,,,26.09,0,low,10.34,2,1,none,,9,https://www.musinsa.com/products/6437449
2026-09-03,밀로아카이브,6438281,파인 하프 셔츠 [카키 그레이],0.0,0,68600,68600,68600,0,0,0.0,92.79,0,low,23.99,7,3,none,,9,https://www.musinsa.com/products/6438281
2026-09-03,비바셔스,6442249,라피네 프릴 레이어드 팬츠_2Colors,0.0,0,47600,47600,,0,,,23.41,0,low,12.72,3,1,none,,9,https://www.musinsa.com/products/6442249
2026-09-03,코이리스,6442825,베아 밴딩 롱 스커트 (2컬러),0.0,0,42420,42420,,0,,,29.09,0,low,8.39,3,1,none,,9,https://www.musinsa.com/products/6442825
2026-09-03,론론,6444105,BETTY BOOP CAT PLUSH LONG SLEEVE WHITE,0.0,0,55440,55440,62370,1,-6930,-11.11,100.0,1,medium,24.03,7,3,none,,9,https://www.musinsa.com/products/6444105
2026-09-03,더뮤지엄비지터,6445001,COLOR TYPO SLUB T-SHIRT (BLACK),0.0,0,32400,32400,32400,0,0,0.0,100.0,1,high,23.99,6,3,none,,9,https://www.musinsa.com/products/6445001
2026-09-03,엘엠알,6453833,빈티지 스타 슬럽 핀턱 반팔 티셔츠 CREAM,0.0,0,44000,44000,,0,,,29.07,0,low,8.39,3,1,none,,9,https://www.musinsa.com/products/6453833
2026-09-03,카키포인트,6454089,Stud Boston Bag (black),0.0,0,158180,158180,141530,1,16650,11.76,100.0,1,medium,23.99,7,3,none,,9,https://www.musinsa.com/products/6454089
2026-09-03,브라운브레스,6454345,TAG PALM CIRCUIT TEE - MELANGE GREY,0.0,0,55000,55000,55000,0,0,0.0,100.0,1,high,23.99,10,4,none,,9,https://www.musinsa.com/products/6454345
2026-09-03,토피,6454409,커브드 와이드 코튼 팬츠 (BEIGE),10.54,342653,32500,32500,32500,0,0,0.0,100.0,1,low,10.03,27,9,none,,9,https://www.musinsa.com/products/6454409
2026-09-03,미니멀프로젝트,6454665,소프트 립 바인딩 캐미 탑 MSL102 [KHAKI],0.0,0,24800,24800,,0,,,26.07,0,low,10.34,2,1,none,,9,https://www.musinsa.com/products/6454665
2026-09-03,트리밍버드,6457993,Eyelet Strap Flip Flops [ Silver ],0.0,0,219000,219000,219000,0,0,0.0,100.0,1,high,24.03,7,3,none,,9,https://www.musinsa.com/products/6457993
2026-09-03,제너럴아이디어,6458185,시어서커  라운드 카라 블라우스 [WHITE] / GF2LBL528,0.0,0,32800,32800,36330,1,-3530,-9.72,100.0,1,medium,23.99,6,3,none,,9,https://www.musinsa.com/products/6458185
2026-09-03,카키포인트,6459081,Eyelet Mini Shorts (black),0.0,0,47880,47880,42840,1,5040,11.76,100.0,1,medium,23.99,7,3,none,,9,https://www.musinsa.com/products/6459081
2026-09-03,미나브,6460105,폭스 레더 하프 팬츠 [더스티브라운],0.0,0,44100,44100,44100,0,0,0.0,100.0,1,high,23.99,7,3,none,,9,https://www.musinsa.com/products/6460105
2026-09-03,노이어,6462473,수피마 코튼 럭스 티셔츠 (레드),0.0,0,29200,29200,29200,0,0,0.0,100.0,1,high,24.03,7,3,none,,9,https://www.musinsa.com/products/6462473
2026-09-03,노이어,6462537,코튼 리브드 슬림핏 하프 티셔츠 (레몬),1.0,29200,29200,29200,29200,0,0,0.0,70.95,0,low,24.03,6,2,none,,9,https://www.musinsa.com/products/6462537
2026-09-03,노이즈,6462793,배색 롤업 스트라이프 반팔 티셔츠 - 아이보리,0.0,0,30240,30240,,0,,,29.05,0,low,8.39,3,1,none,,9,https://www.musinsa.com/products/6462793
2026-09-03,스파오,6468361,[ACTIVE] 후드 베스트_SPJJG26C01,0.0,0,19900,19900,,0,,,23.39,0,low,12.72,3,1,none,,9,https://www.musinsa.com/products/6468361
2026-09-03,시야쥬,6472265,SIAC3130 Mid ST Marine Tote_Navy,0.0,0,74390,74390,74390,0,0,0.0,100.0,1,high,24.7,5,2,none,,9,https://www.musinsa.com/products/6472265
2026-09-03,시야쥬,6472393,SIA8042 릴렉스 져지 랩 원피스_Charcoal,0.0,0,53100,53100,53100,0,0,0.0,100.0,1,high,24.7,5,2,none,,9,https://www.musinsa.com/products/6472393
2026-09-03,시야쥬,6472457,SIKN2193 시어 루즈핏 니트 가디건_Blue,0.0,0,110300,110300,110300,0,0,0.0,100.0,1,high,24.7,5,2,none,,9,https://www.musinsa.com/products/6472457
2026-09-03,파르티멘토우먼,6473673,배트 슬리브 ILT 프린티드 티_네온 그린,0.0,0,28080,28080,31590,1,-3510,-11.11,100.0,1,medium,24.6,5,2,none,,9,https://www.musinsa.com/products/6473673
2026-09-03,다이닛,6476297,[YOON SOAP X DEINET] DETAIL SLEVELESS IN WHITE,0.0,0,58000,58000,,0,,,23.38,0,low,12.72,3,1,none,,9,https://www.musinsa.com/products/6476297
2026-09-03,유라고,6477769,Sommeil ringer t-shirt,0.0,0,31920,31920,31920,0,0,0.0,100.0,1,high,24.92,5,2,none,,9,https://www.musinsa.com/products/6477769
2026-09-03,미나브,6480585,코튼 집업 하프 니트 [그레이],0.0,0,44100,44100,44100,0,0,0.0,100.0,1,high,23.99,7,3,none,,9,https://www.musinsa.com/products/6480585
2026-09-03,이지노이지,6481993,이지 페인팅 크롭 티셔츠 - 화이트,0.0,0,69300,69300,69300,0,0,0.0,100.0,1,high,24.92,5,2,none,,9,https://www.musinsa.com/products/6481993
2026-09-03,비바라비다,6487497,Prickle 맨즈 크롭 반팔 티셔츠,0.0,0,19900,19900,19900,0,0,0.0,100.0,1,high,23.99,6,3,none,,9,https://www.musinsa.com/products/6487497
2026-09-03,드로우핏우먼,6489161,셔링 볼륨 슬리브리스 원피스 [WHITE],0.0,0,74880,74880,74880,0,0,0.0,100.0,1,high,23.99,7,3,none,,9,https://www.musinsa.com/products/6489161
2026-09-03,예스아이씨,6489993,Y.E.S Easy Tote Blue,0.0,0,69000,69000,,0,,,29.03,0,low,8.39,3,1,none,,9,https://www.musinsa.com/products/6489993
2026-09-03,제멋,6491913,맨즈 크롭 실켓 반팔티셔츠 다크그레이 KJST2709,0.0,0,28900,28900,28900,0,0,0.0,100.0,1,high,24.03,7,3,none,,9,https://www.musinsa.com/products/6491913
2026-09-03,더바넷,6491977,Herringbone Fatigue Pants_Navy,0.0,0,125100,125100,125100,0,0,0.0,83.32,0,low,25.33,4,1,none,,9,https://www.musinsa.com/products/6491977
2026-09-03,내셔널지오그래픽,6492489,N262UPT100 샌드웨이브 세미루즈핏 벨티드 팬츠 MILITARY KHAKI,0.0,0,159000,159000,,0,,,23.37,0,low,12.72,3,1,none,,9,https://www.musinsa.com/products/6492489
2026-09-03,썸웨어버터,6500105,Cartoon Pompompurin Over-Fit Top - Ivory,1.06,39502,37240,37240,37240,0,0,0.0,100.0,1,high,24.2,7,3,none,,9,https://www.musinsa.com/products/6500105
2026-09-03,썸웨어버터,6500361,Pochacco Stripe Pajama Shorts - Light Blue,0.0,0,44840,44840,44840,0,0,0.0,100.0,1,high,24.2,7,3,none,,9,https://www.musinsa.com/products/6500361
2026-09-03,코이리스,6506825,[원 숄더] 로라 스몰 로고 원 숄더 반팔 티 (13컬러),0.0,0,25420,25420,,0,,,29.02,0,low,8.4,3,1,none,,9,https://www.musinsa.com/products/6506825
2026-09-03,테켓,6507273,TEKET X UNCOMMON Focus Eyewear Purple,0.0,0,171000,171000,,0,,,29.02,0,low,8.4,3,1,none,,9,https://www.musinsa.com/products/6507273
2026-09-03,테켓,6507465,Distortion Cap Pink,0.0,0,52250,52250,,0,,,29.02,0,low,8.39,3,1,none,,9,https://www.musinsa.com/products/6507465
2026-09-03,테켓,6507529,Incur Denim Pants Light Blue,0.0,0,141550,141550,,0,,,29.02,0,low,8.4,3,1,none,,9,https://www.musinsa.com/products/6507529
2026-09-03,르아르,6507913,카고 포켓 워시드 버뮤다 쇼츠 [카키],0.33,13298,39900,39900,39900,0,0,0.0,100.0,1,high,24.93,5,2,none,,9,https://www.musinsa.com/products/6507913
2026-09-03,렌세,6508105,Side Shirring Boat Neck Knit Ivory,0.6,21676,35840,35840,,0,,,26.05,0,low,10.34,2,1,none,1,9,https://www.musinsa.com/products/6508105
2026-09-03,렌세,6508489,Wide Sweat Shorts Green,0.0,0,29600,29600,,0,,,26.04,0,low,10.34,2,1,none,,9,https://www.musinsa.com/products/6508489
2026-09-03,라이프워크,6510857,여성) 벤츄리 V넥 반팔 티셔츠,0.0,0,79000,79000,,0,,,29.02,0,low,8.4,3,1,none,,9,https://www.musinsa.com/products/6510857
2026-09-03,스파오,6516233,[한화생명e스포츠] 유니폼 반팔 티셔츠(Black)_SPRLG37U25,0.44,17588,39900,39900,,0,,,23.37,0,low,12.72,3,1,none,1,9,https://www.musinsa.com/products/6516233
2026-09-03,테켓,6517385,Incur Rain Jacket Light Blue,0.0,0,141550,141550,,0,,,29.01,0,low,8.4,3,1,none,,9,https://www.musinsa.com/products/6517385
2026-09-03,꼼파뇨,6518281,벨리 가든 반팔티 화이트,0.0,0,28610,28610,28610,0,0,0.0,92.88,0,low,24.6,4,1,none,,9,https://www.musinsa.com/products/6518281
2026-09-03,본투윈,6520393,W SYMBOL B QUICK DRY SINGLET [WHITE],0.0,0,49000,49000,49000,0,0,0.0,100.0,1,high,23.99,6,3,none,,9,https://www.musinsa.com/products/6520393
2026-09-03,본투윈,6520457,BRN RUNNERS CORE SHORTS [BROWN],0.0,0,85000,85000,85000,0,0,0.0,100.0,1,high,23.99,6,3,none,,9,https://www.musinsa.com/products/6520457
2026-09-03,그레이버,6525705,[UNISEX]NEON ATTITUDE 반팔티_2color,0.0,0,35700,35700,,0,,,29.01,0,low,8.4,3,1,none,,9,https://www.musinsa.com/products/6525705
2026-09-03,브라운야드,6529545,"체크 쇼츠, 블루",0.0,0,103600,103600,103600,0,0,0.0,100.0,1,high,24.21,7,3,none,,9,https://www.musinsa.com/products/6529545
2026-09-03,더니트컴퍼니,6530441,라이트 쿨링 레귤러 팬츠 5color,0.0,0,41880,41880,41880,0,0,0.0,83.32,0,low,25.33,4,1,none,,9,https://www.musinsa.com/products/6530441
2026-09-03,칙스,6533449,체크 포인트 카라 반팔 티셔츠 카키,0.0,0,22320,22320,25110,1,-2790,-11.11,100.0,1,medium,24.03,7,3,none,,9,https://www.musinsa.com/products/6533449
2026-09-03,오호스,6535049,Side Neck Over Collar Tee / Off White,0.0,0,168000,168000,,0,,,29.0,0,low,8.4,3,1,none,,9,https://www.musinsa.com/products/6535049
2026-09-03,로라로라,6537225,JERSEY BALLOON LAYERED ONE PIECE GRAY,0.0,0,109000,109000,,0,,,26.03,0,low,10.34,2,1,none,,9,https://www.musinsa.com/products/6537225
2026-09-03,브라운브레스,6543241,ENDLESS WAVE TEE - CHARCOAL,0.0,0,69000,69000,69000,0,0,0.0,100.0,1,high,23.99,7,3,none,,9,https://www.musinsa.com/products/6543241
2026-09-03,제너럴아이디어,6547657,링클프리 라인 셔츠 [SKY BLUE] / GF1LSH508,0.0,0,36800,36800,36800,0,0,0.0,100.0,1,high,23.99,6,3,none,,9,https://www.musinsa.com/products/6547657
2026-09-03,파르티멘토,6551177,버팔로 체크 롤업 오픈 카라 셔츠 네이비,0.0,0,46800,46800,46800,0,0,0.0,100.0,1,high,24.71,5,2,none,,9,https://www.musinsa.com/products/6551177
2026-09-03,아캄,6553801,Patch Cargo Bermuda Pants (Brown),0.0,0,83850,83850,83850,0,0,0.0,100.0,1,high,24.94,5,2,none,,9,https://www.musinsa.com/products/6553801
2026-09-03,아캄,6553993,Metal Piercing Sleeveless (White),0.0,0,47200,47200,47200,0,0,0.0,100.0,1,high,24.94,5,2,none,,9,https://www.musinsa.com/products/6553993
2026-09-03,아캄,6554057,Dirty Mist Roll-up Half Top (Dark Gray),0.65,36100,55200,55200,55200,0,0,0.0,100.0,1,high,24.94,5,2,none,,9,https://www.musinsa.com/products/6554057
2026-09-03,웨이브걸,6554697,Soccer Lace Sleeveless Shirt (2COLOR),0.0,0,40370,40370,,0,,,26.02,0,low,10.34,2,1,none,,9,https://www.musinsa.com/products/6554697
2026-09-03,웨이브걸,6554761,Chinese Character Embroidery T-Shirt (4COLOR),0.0,0,26330,26330,,0,,,26.02,0,low,10.34,2,1,none,,9,https://www.musinsa.com/products/6554761
2026-09-03,언타이틀 서울,6561801,언타이틀 심볼 버뮤다 쇼츠 블랙,1.64,53827,32800,32800,32800,0,0,0.0,100.0,1,high,24.94,5,2,none,,9,https://www.musinsa.com/products/6561801
2026-09-03,오도어,6565705,Shaped vail skirt - Black,0.0,0,155000,155000,155000,0,0,0.0,100.0,1,high,23.99,7,3,none,,9,https://www.musinsa.com/products/6565705
2026-09-03,놈브레,6573001,뒷밴딩 버뮤다 투턱 코튼 슬랙스 [베이지],0.0,0,38520,38520,,0,,,26.01,0,low,10.34,2,1,none,,9,https://www.musinsa.com/products/6573001
2026-09-03,언더오프,6575113,스웨이드 클로그 블랙,0.0,0,27920,27920,27920,0,0,0.0,59.21,0,low,24.71,4,1,none,,9,https://www.musinsa.com/products/6575113
2026-09-03,르바,6576457,Below Capri Denim - Snow White,0.0,0,89100,89100,89100,0,0,0.0,83.34,0,low,25.33,4,1,none,,9,https://www.musinsa.com/products/6576457
2026-09-03,트리밍버드,6583945,Fluid Wide Denim Pants [ Blue ],0.0,0,169000,169000,169000,0,0,0.0,100.0,1,high,24.03,7,3,none,,9,https://www.musinsa.com/products/6583945
2026-09-03,소버먼트,6585929,투톤 숄더 버튼 래글런 티셔츠-멜란지 그레이-,0.0,0,39000,39000,39000,0,0,0.0,100.0,1,high,24.21,7,3,none,,9,https://www.musinsa.com/products/6585929
2026-09-03,마인드브릿지,6590793,3-버튼 헨리넥 오버핏 반팔 티셔츠 - 2color,0.0,0,24900,24900,24900,0,0,0.0,92.91,0,low,24.61,3,1,none,,9,https://www.musinsa.com/products/6590793
2026-09-03,제너럴아이디어,6591369,투턱 코튼 하프 팬츠 [BLACK] / GF2LHP518,0.0,0,40800,40800,40800,0,0,0.0,100.0,1,high,23.99,6,3,none,,9,https://www.musinsa.com/products/6591369
2026-09-03,론론,6592265,HEART BUTTON ROLL UP LAYERED T SHIRT SOFT YELLOW,0.0,0,39600,39600,44550,1,-4950,-11.11,100.0,1,medium,24.03,7,3,none,,9,https://www.musinsa.com/products/6592265
2026-09-03,론론,6592329,PATTERN PATCHWORK BUTTON SLEEVELESS CHARCOAL,0.0,0,39600,39600,44550,1,-4950,-11.11,100.0,1,medium,24.03,7,3,none,,9,https://www.musinsa.com/products/6592329
2026-09-03,썸웨어버터,6593801,Poet Cardigan Set - Mint,0.0,0,139000,139000,139000,0,0,0.0,100.0,1,high,24.21,7,3,none,,9,https://www.musinsa.com/products/6593801
2026-09-03,프렌다,6595209,LOODY SEMI CROP TEE NAVY,0.0,0,15750,15750,18900,1,-3150,-16.67,100.0,1,medium,23.99,7,3,none,,9,https://www.musinsa.com/products/6595209
2026-09-03,썸웨어버터,6595849,See-Through Open-Toed Knit Socks - Ivory,0.0,0,58000,58000,58000,0,0,0.0,100.0,1,high,24.21,7,3,none,,9,https://www.musinsa.com/products/6595849
2026-09-03,무드인사이드,6607561,시어 쿨 새들 브이넥 니트_Black,0.0,0,49900,49900,49900,0,0,0.0,100.0,1,high,23.99,7,3,none,,9,https://www.musinsa.com/products/6607561
2026-09-03,트립르센스,6609929,포켓 더블 플리츠 슬랙스_블랙,0.0,0,79200,79200,79200,0,0,0.0,100.0,1,high,24.22,7,3,none,,9,https://www.musinsa.com/products/6609929
2026-09-03,다이닛,6613513,DESSERT GRAPHIC T-SHIRT IN RED,0.0,0,25520,25520,,0,,,23.33,0,low,12.72,3,1,none,,9,https://www.musinsa.com/products/6613513
2026-09-03,엠엠엘지,6613897,MELGE DUNK HF-T (SOFT NEON),0.0,0,47200,47200,,0,,,28.97,0,low,8.4,3,1,none,,9,https://www.musinsa.com/products/6613897
2026-09-03,언더오프,6615945,에센셜 스탠다드 반팔 링거 티셔츠 쿨캣츠클럽 버건디,0.0,0,23120,23120,28900,1,-5780,-20.0,100.0,1,medium,24.72,5,2,none,,9,https://www.musinsa.com/products/6615945
2026-09-03,피지컬가먼츠,6616329,P5086 골지 홀터넥 카라 집업 [4COLOR],0.0,0,36000,36000,,0,,,23.32,0,low,12.72,3,1,none,,9,https://www.musinsa.com/products/6616329
2026-09-03,레이지비,6619593,드라이쿨링 오버핏 상의 롱 슬리브 래쉬가드 W 화이트2,0.0,0,29670,29670,,0,,,28.96,0,low,8.4,3,1,none,,9,https://www.musinsa.com/products/6619593
2026-09-03,마인드브릿지,6624713,[COUTURE]크리즈 오버핏 반팔 주름 셔츠 - 2color,0.0,0,89100,89100,89100,0,0,0.0,92.93,0,low,24.61,4,1,none,,9,https://www.musinsa.com/products/6624713
2026-09-03,다이브인,6629193,CUPRA HALF SHIRTS (BLACK),0.0,0,80100,80100,80100,0,0,0.0,100.0,1,high,24.72,5,2,none,,9,https://www.musinsa.com/products/6629193
2026-09-03,데상트,6631945,퀵드라이 반팔 티셔츠 블루 SR323RTS77,0.0,0,65550,65550,,0,,,28.96,0,low,8.4,3,1,none,,9,https://www.musinsa.com/products/6631945
2026-09-03,데상트,6632009,[홍태준 착용] 에너자이트 라이드 V3 라벤더 SR313RRN74,0.0,0,189050,189050,,0,,,28.95,0,low,8.4,3,1,none,,9,https://www.musinsa.com/products/6632009
2026-09-03,더뮤지엄비지터,6635529,W FLOWER BLOCK GRAPHIC T-SHIRT (WHITE),0.0,0,34300,34300,34300,0,0,0.0,100.0,1,high,23.99,6,3,none,,9,https://www.musinsa.com/products/6635529
2026-09-03,더뮤지엄비지터,6635849,DOT HORSE GRAPHIC T-SHIRT (WHITE),0.0,0,41300,41300,41300,0,0,0.0,100.0,1,high,23.99,6,3,none,,9,https://www.musinsa.com/products/6635849
2026-09-03,플리즈노팔로우,6645961,Nia Camo Lace Bikini (Pink),0.0,0,117300,117300,117300,0,0,0.0,100.0,1,high,23.99,6,3,none,,9,https://www.musinsa.com/products/6645961
2026-09-03,플리즈노팔로우,6646089,Selby Button Sleeveless Top (White),0.0,0,89600,89600,89600,0,0,0.0,100.0,1,high,23.99,6,3,none,,9,https://www.musinsa.com/products/6646089
2026-09-03,탄산마그네슘,6650953,원티드 아일렛 티셔츠 (화이트),0.0,0,55480,55480,55480,0,0,0.0,100.0,1,high,24.95,5,2,none,,9,https://www.musinsa.com/products/6650953
2026-09-03,유니온블루,6652553,CANVAS WORK SHORTS [BLACK],0.0,0,59670,59670,59670,0,0,0.0,100.0,1,high,23.99,6,3,none,,9,https://www.musinsa.com/products/6652553
2026-09-03,밀로아카이브,6656585,[Pokémon] 카툰 피카츄 후드 [멜란지 그레이],0.0,0,106200,106200,106200,0,0,0.0,92.94,0,low,23.99,7,3,none,,9,https://www.musinsa.com/products/6656585
2026-09-03,트위,6658505,르딜 베이직 슬리브리스,0.0,0,28710,28710,,0,,,25.97,0,low,10.34,2,1,none,,9,https://www.musinsa.com/products/6658505
2026-09-03,제이엘브,6666697,우먼스 액티브 로고 2.5 바이커 쇼츠,0.0,0,44000,44000,44000,0,0,0.0,100.0,1,high,24.22,7,3,none,,9,https://www.musinsa.com/products/6666697
2026-09-03,데상트,6667017,엣지 코트 빈티지 베이지 화이트 SR323LSN73,0.0,0,122550,122550,,0,,,28.92,0,low,8.4,3,1,none,,9,https://www.musinsa.com/products/6667017
2026-09-03,꼼파뇨,6668105,DPT 레모니 키스 반팔티 화이트,0.0,0,28610,28610,28610,0,0,0.0,92.94,0,low,24.61,4,1,none,,9,https://www.musinsa.com/products/6668105
2026-09-03,카고브로스포우먼,6671497,내츄럴 링클 블라우스 (소라),0.0,0,69300,69300,,0,,,23.31,0,low,12.72,3,1,none,,9,https://www.musinsa.com/products/6671497
2026-09-03,커버낫,6679753,라이트 미니 파우치 키링 브라운,0.0,0,25000,25000,25000,0,0,0.0,100.0,1,high,24.73,5,2,none,,9,https://www.musinsa.com/products/6679753
2026-09-03,베이직하우스,6680521,여성 모달 스판 보트넥 슬림핏 반팔티셔츠 블랙,0.0,0,12900,12900,,0,,,28.92,0,low,8.4,3,1,none,,9,https://www.musinsa.com/products/6680521
2026-09-03,무드인사이드,6686025,스트라이프 텐션 하프티_3Color,0.71,24880,34900,34900,34900,0,0,0.0,100.0,1,high,23.99,7,3,none,,9,https://www.musinsa.com/products/6686025
2026-09-03,레이지비,6688137,[2PACK] 이지 스킨 보아 러닝 트레일런 (런닝 등산 스포츠)경량 베스트,0.0,0,129290,129290,,0,,,28.91,0,low,8.4,3,1,none,,9,https://www.musinsa.com/products/6688137
2026-09-03,유라고,6689481,Minimal swim shorts_2colors,0.0,0,40280,40280,40280,0,0,0.0,100.0,1,high,24.95,5,2,none,,9,https://www.musinsa.com/products/6689481
2026-09-03,샌드뮤지엄,6708489,HOWDY BAG MINI [Mocha],0.0,0,144500,144500,,0,,,25.96,0,low,10.34,2,1,none,,9,https://www.musinsa.com/products/6708489
2026-09-03,레이지비,6729737,[SET] 드라이쿨링 오버핏 긴팔 래쉬가드 + 수영복 반바지 세트 M 다크그레이,0.0,0,50150,50150,,0,,,28.89,0,low,8.4,3,1,none,,9,https://www.musinsa.com/products/6729737
2026-09-03,앵글런,6732041,Herringbone Fatigue Balloon Pants - Black,0.0,0,134100,134100,,0,,,25.95,0,low,10.34,2,1,none,,9,https://www.musinsa.com/products/6732041
2026-09-03,무센트,6737353,틴 시그니처 로고 에코백 남녀공용,0.0,0,26910,26910,26910,0,0,0.0,100.0,1,high,24.75,5,2,none,,9,https://www.musinsa.com/products/6737353
2026-09-03,해칭룸,6748489,VTG Still Life Tee Black,0.0,0,78000,78000,78000,0,0,0.0,92.96,0,low,24.62,4,1,none,,9,https://www.musinsa.com/products/6748489
2026-09-03,로우클래식,6774921,UNIVERSAL SLEEVELESS_NAVY [LC262TS82NV],0.0,0,69000,69000,69000,0,0,0.0,100.0,1,high,24.03,7,3,none,,9,https://www.musinsa.com/products/6774921
2026-09-03,아메스월드와이드,6778697,PPG 52 ROUND HEM CROP TEE BLACK,0.0,0,27000,27000,31500,1,-4500,-14.29,100.0,1,medium,24.62,5,2,none,,9,https://www.musinsa.com/products/6778697
2026-09-03,아메스월드와이드,6778761,PPG VINTAGE CARTOON TEE SKY BLUE,0.0,0,27000,27000,31500,1,-4500,-14.29,100.0,1,medium,24.62,5,2,none,,9,https://www.musinsa.com/products/6778761
2026-09-03,글로니,6786761,G BOX MIDI SKIRT (BLACK),0.29,32485,111780,111780,111780,0,0,0.0,3.05,0,low,5.04,12,1,none,,9,https://www.musinsa.com/products/6786761
2026-09-03,노디,6787593,System Error Horse crop Tee lemon yellow,0.0,0,24300,24300,,0,,,25.94,0,low,10.34,2,1,none,,9,https://www.musinsa.com/products/6787593
2026-09-03,데상트,6788553,남성 스위스 스키 팀그래픽 폴로 반팔 티셔츠 화이트 SR321SPS81,0.0,0,103550,103550,,0,,,28.87,0,low,8.4,3,1,none,,9,https://www.musinsa.com/products/6788553
2026-09-03,배드블러드,6791177,Everyday U-Neck Tank Bodysuit - Mint,0.0,0,55200,55200,55200,0,0,0.0,100.0,1,high,24.03,7,3,none,,9,https://www.musinsa.com/products/6791177
2026-09-03,웨이브걸,6795529,Hailey Skirt (4color),0.0,0,28670,28670,,0,,,25.94,0,low,10.34,2,1,none,,9,https://www.musinsa.com/products/6795529
2026-09-03,바이모노,6798409,[빅사이즈 S-8XL] 모노 베이직 코튼100% 오버핏 반팔티,0.0,0,24900,24900,24900,0,0,0.0,100.0,1,high,24.76,4,2,none,,9,https://www.musinsa.com/products/6798409
2026-09-03,데상트,6804425,여성 파라수트 와이드핏 우븐 팬츠 블랙 SR322PPT73,0.0,0,132050,132050,,0,,,28.85,0,low,8.4,3,1,none,,9,https://www.musinsa.com/products/6804425
2026-09-03,더그린랩,6808329,LOVE 스판 반팔티 [민트],0.0,0,25800,25800,,0,,,28.85,0,low,8.4,3,1,none,,9,https://www.musinsa.com/products/6808329
2026-09-03,그루브라임,6811977,유니 시어서커 체크 긴팔 셔츠 - 브라운 (LRBMCIV792M),0.0,0,24900,24900,24900,0,0,0.0,100.0,1,high,23.99,7,3,none,,9,https://www.musinsa.com/products/6811977
2026-09-03,트위,6812745,리트 데미지 세미 부츠컷 롱 데님 팬츠,0.0,0,64710,64710,,0,,,25.94,0,low,10.34,2,1,none,,9,https://www.musinsa.com/products/6812745
2026-09-03,필루미네이트,6818121,[NUNUSSI] 덕희 페이스 드로우스트링 백-화이트,0.0,0,24900,24900,24900,0,0,0.0,100.0,1,high,24.24,7,3,none,,9,https://www.musinsa.com/products/6818121
2026-09-03,다이닛,6820745,CONTRAST T-SHIRT IN CHARCOAL,0.0,0,40800,40800,,0,,,23.28,0,low,12.72,3,1,none,,9,https://www.musinsa.com/products/6820745
2026-09-03,트리밍버드,6830921,Raw-Cut Hooded Long Sleeve T-Shirt [ Charcoal ],0.0,0,75050,75050,75050,0,0,0.0,100.0,1,high,24.03,7,3,none,,9,https://www.musinsa.com/products/6830921
2026-09-03,오퍼스 0012,6832393,Op.07 RODEO BABY SLIM TOP L/PURPLE,0.0,0,40300,40300,40300,0,0,0.0,100.0,1,high,23.99,6,3,none,,9,https://www.musinsa.com/products/6832393
2026-09-03,튜드먼트,6832457,CROP HODDIE ZIP-UP_MELANGE GREY,0.0,0,59940,59940,,0,,,25.93,0,low,10.34,2,1,none,,9,https://www.musinsa.com/products/6832457
2026-09-03,오퍼스 0012,6833609,Op.08 MOTOBACK CAPRI PANTS BLACK,0.0,0,93000,93000,93000,0,0,0.0,100.0,1,high,23.99,6,3,none,,9,https://www.musinsa.com/products/6833609
2026-09-03,파브레가,6833929,보이드 L-2B 플라이트 자켓 (블랙),0.0,0,196200,196200,196200,0,0,0.0,83.4,0,low,25.34,4,1,none,,9,https://www.musinsa.com/products/6833929
2026-09-03,앤더슨벨,6840009,(ESSENTIAL) UNISEX SPRAY WASHED HEART MESSAGE SWEATSHIRT (SKY BLUE),0.0,0,167000,167000,,0,,,28.83,0,low,8.4,3,1,none,,9,https://www.musinsa.com/products/6840009
2026-09-03,앤더슨벨,6840073,RAW CHAIN-EDGE TWEED JACKET (BLACK),0.0,0,398000,398000,,0,,,28.83,0,low,8.4,3,1,none,,9,https://www.musinsa.com/products/6840073
2026-09-03,탄산마그네슘,6840265,마운틴 티셔츠 (블랙/블루),1.0,49400,49400,49400,49400,0,0,0.0,93.21,0,low,24.99,15,5,none,,9,https://www.musinsa.com/products/6840265
2026-09-03,언더오프,6848521,[SET] 롤업 슬리브 크롭 반팔 & 링클 크롭 포켓 반팔 셔츠,0.0,0,57900,57900,57900,0,0,0.0,100.0,1,high,24.77,5,2,none,,9,https://www.musinsa.com/products/6848521
2026-09-03,언타이틀 서울,6851209,싱글 유니콘 헨리넥 롱슬리브 그레이,10.56,420379,39800,39800,39800,0,0,0.0,87.54,0,low,10.07,40,10,none,,9,https://www.musinsa.com/products/6851209
2026-09-03,꼼파뇨,6853449,DTP 피크닉 데이 반팔티 크립,0.0,0,28610,28610,28610,0,0,0.0,92.99,0,low,24.62,4,1,none,,9,https://www.musinsa.com/products/6853449
2026-09-03,유희,6855113,RAW-EDGE BAGGY CAPRI PANTS_MELANGE GREY,0.0,0,76870,76870,,0,,,28.82,0,low,8.4,3,1,none,,9,https://www.musinsa.com/products/6855113
2026-09-03,엠엘비,6858313,베이직 스트릿 헤비웨이트 레이어드 긴팔 티셔츠 NY (Cream),0.0,0,79000,79000,,0,,,25.92,0,low,10.34,2,1,none,,9,https://www.musinsa.com/products/6858313
2026-09-03,더그린랩,6859465,체크 프릴 레이어드 블라우스 [블랙],0.0,0,47360,47360,,0,,,28.82,0,low,8.4,3,1,none,,9,https://www.musinsa.com/products/6859465
2026-09-03,비바라비다,6862217,Cools 슬림 반팔 티셔츠,0.0,0,27900,27900,27900,0,0,0.0,100.0,1,high,23.99,6,3,none,,9,https://www.musinsa.com/products/6862217
2026-09-03,아모우,6878153,Run the mile Long Sleeve LEMON,0.0,0,55300,55300,55300,0,0,0.0,100.0,1,high,24.03,7,3,none,,9,https://www.musinsa.com/products/6878153
2026-09-03,아캄,6879945,Slant Studded Leather Jacket (Burgundy),0.0,0,206100,206100,206100,0,0,0.0,100.0,1,high,25.0,5,2,none,,9,https://www.musinsa.com/products/6879945
2026-09-03,드헤베,6884425,Slim Stripe Shirt [Navy],0.0,0,102890,102890,102890,0,0,0.0,83.41,0,low,25.34,4,1,none,,9,https://www.musinsa.com/products/6884425
2026-09-03,드헤베,6884617,Slim Rib Cardigan [Gray],0.0,0,84840,84840,84840,0,0,0.0,83.41,0,low,25.34,4,1,none,,9,https://www.musinsa.com/products/6884617
2026-09-03,노티카,6886217,[15% 쿠폰] 프리즘 라이너 다운 자켓(2colors) NDW1566,0.0,0,169150,169150,169150,0,0,0.0,100.0,1,high,25.0,5,2,none,,9,https://www.musinsa.com/products/6886217
2026-09-03,데상트,6893833,듀오레스트 슬라이드 블랙 화이트 SR323LSD73,0.0,0,75050,75050,,0,,,28.8,0,low,8.4,3,1,none,,9,https://www.musinsa.com/products/6893833
2026-09-03,벨리에,6897161,프래그먼트 펄 네클리스,0.0,0,89300,89300,89300,0,0,0.0,100.0,1,high,25.0,5,2,none,,9,https://www.musinsa.com/products/6897161
2026-09-03,디스이즈네버댓,6910153,Basic Pocket Tee Navy,0.0,0,59000,59000,59000,0,0,0.0,100.0,1,high,24.78,5,2,none,,9,https://www.musinsa.com/products/6910153
2026-09-03,언더오프,6910409,로우컷 아웃포켓 버뮤다 팬츠 다이노 카키,0.0,0,30320,30320,30320,0,0,0.0,100.0,1,high,24.78,5,2,none,,9,https://www.musinsa.com/products/6910409
2026-09-03,낫포너드,6910665,Distressed Layered Henley Long Sleeve - Charcoal,0.0,0,71100,71100,71100,0,0,0.0,83.42,0,low,25.34,4,1,none,,9,https://www.musinsa.com/products/6910665
2026-09-03,낫포너드,6910729,Shattered Echo Dirty Washed Stripe Shirt - Beige,41.08,3068819,74700,74700,74700,0,0,0.0,100.0,1,high,25.34,11,4,none,,9,https://www.musinsa.com/products/6910729
2026-09-03,엠엘비,6929929,시그니처 컬시브 스트럭쳐 볼캡 LA (Pink),0.0,0,46000,46000,,0,,,25.91,0,low,10.34,2,1,none,,9,https://www.musinsa.com/products/6929929
2026-09-03,로제프란츠,6947337,Rose Embroidery Wide Sweatpants [Pink],0.0,0,66560,66560,66560,0,0,0.0,83.43,0,low,25.34,4,1,none,,9,https://www.musinsa.com/products/6947337
2026-09-03,노디,6965065,시스템 에러 슬럽 라이트 후드 집업 아이보리,0.0,0,54600,54600,,0,,,25.89,0,low,10.34,2,1,none,,9,https://www.musinsa.com/products/6965065
2026-09-03,로제프란츠,6966281,Fringe Pocket Tweed Jacket [Ivory],0.0,0,181440,181440,181440,0,0,0.0,83.44,0,low,25.34,4,1,none,,9,https://www.musinsa.com/products/6966281
2026-09-03,미세키서울,6968137,[레이 PICK] Asymmetric draped skirt BLACK,0.0,0,152190,152190,152190,0,0,0.0,93.02,0,low,24.62,4,1,none,,9,https://www.musinsa.com/products/6968137
2026-09-03,와르,6968585,M2600 가먼트 워싱 블루종_베이지,0.0,0,183170,183170,183170,0,0,0.0,100.0,1,high,23.99,6,3,none,,9,https://www.musinsa.com/products/6968585
2026-09-03,카네이테이,6969353,PIGMENT DAMAGE HOODIE ZIP-UP (CHARCOAL),0.0,0,89000,89000,89000,0,0,0.0,100.0,1,high,23.99,6,3,none,,9,https://www.musinsa.com/products/6969353
2026-09-03,브라운브레스,6977481,BB 20TH MESSAGE TAG LONGSLEEVE - BROWN,0.0,0,69000,69000,69000,0,0,0.0,100.0,1,high,23.99,7,3,none,,9,https://www.musinsa.com/products/6977481
2026-09-03,마인드브릿지,6978057,코튼100% 잔 스트라이프 오버핏 긴팔 셔츠,0.0,0,55900,55900,55900,0,0,0.0,93.02,0,low,24.62,4,1,none,,9,https://www.musinsa.com/products/6978057
2026-09-03,일리고,6979593,도트 핀턱 카라 롱슬리브 핑크,0.0,0,72000,72000,72000,0,0,0.0,93.03,0,low,24.62,4,1,none,,9,https://www.musinsa.com/products/6979593
2026-09-03,카키포인트,6979721,Extended Strap Top (black),0.0,0,78660,78660,74520,1,4140,5.56,100.0,1,medium,23.99,7,3,none,,9,https://www.musinsa.com/products/6979721
2026-09-03,지프,6979849,무스 코듀로이 빅로고 맨투맨 (JR5TSU826BG),0.0,0,49410,49410,,0,,,28.78,0,low,8.41,3,1,none,,9,https://www.musinsa.com/products/6979849
2026-09-03,필루미네이트,6981129,릴렉스드 스트라이프 셔츠-3Color,0.0,0,35900,35900,35900,0,0,0.0,100.0,1,high,24.26,7,3,none,,9,https://www.musinsa.com/products/6981129
2026-09-03,비터셀즈,6982601,헤링본 절개 와이드 팬츠-블랙,0.0,0,71280,71280,71280,0,0,0.0,93.03,0,low,24.62,4,1,none,,9,https://www.musinsa.com/products/6982601
2026-09-03,비터셀즈,6983177,쟈키 와플 후드집업-그레이,0.0,0,76140,76140,76140,0,0,0.0,93.04,0,low,24.62,4,1,none,,9,https://www.musinsa.com/products/6983177
2026-09-03,비터셀즈,6983305,오버사이즈드 페이브 스트라이프 셔츠-아이보리,0.0,0,52650,52650,52650,0,0,0.0,93.04,0,low,24.62,4,1,none,,9,https://www.musinsa.com/products/6983305
2026-09-03,로라로라,6986889,LAYERED HENRYNECK LONG SLEEVE M/GY+TE/GR,0.0,0,57760,57760,,0,,,25.87,0,low,10.34,2,1,none,,9,https://www.musinsa.com/products/6986889
2026-09-03,트리밍버드,6987529,Lettering Raw-Cut Set-Up Sweat Pants [ Black ],0.0,0,179550,179550,179550,0,0,0.0,100.0,1,high,24.03,7,3,none,,9,https://www.musinsa.com/products/6987529
2026-09-03,트리밍버드,6987593,String Ribbed Mock Neck Long Sleeve T-Shirt [ Black ],0.0,0,98000,98000,98000,0,0,0.0,100.0,1,high,24.03,7,3,none,,9,https://www.musinsa.com/products/6987593
2026-09-03,아웃스탠딩,6989193,MOT SERIES LONG SLEEVE(SPEED DUST)_BLACK,0.0,0,55800,55800,55800,0,0,0.0,100.0,1,high,23.99,6,3,none,,9,https://www.musinsa.com/products/6989193
2026-09-03,벨리에,6996425,(W) 웨스턴 베어 스웨이드 자켓 - 투톤 브라운,0.0,0,599450,599450,599450,0,0,0.0,100.0,1,high,25.02,5,2,none,,9,https://www.musinsa.com/products/6996425
2026-09-03,테이크이지,6996681,[DMD] PRIMAL ST KNIT - Wine,0.0,0,55900,55900,55900,0,0,0.0,100.0,1,high,23.98,5,4,none,,9,https://www.musinsa.com/products/6996681
2026-09-03,더엣지,6998473,[3PACK] 26FW 워셔블 울혼방 딥 브이넥 니트,0.0,0,71910,71910,,0,,,23.21,0,low,12.72,3,1,none,,9,https://www.musinsa.com/products/6998473
2026-09-03,제로,7000585,레이어드 헨리 넥 티셔츠 [버건디],0.0,0,40500,40500,40500,0,0,0.0,100.0,1,high,25.02,5,2,none,,9,https://www.musinsa.com/products/7000585
2026-09-03,론론,7002569,PATCHWORK QUILTED JUMPER MULTI,0.0,0,111600,111600,125550,1,-13950,-11.11,100.0,1,medium,24.03,7,3,none,,9,https://www.musinsa.com/products/7002569
2026-09-03,론론,7002697,SHIRRING PUFF LONG SLEEVE WHITE,0.0,0,47520,47520,53460,1,-5940,-11.11,100.0,1,medium,24.03,7,3,none,,9,https://www.musinsa.com/products/7002697
2026-09-03,로라로라,7007369,HIGH NECK KNIT HALF ZIP-UP BURGUNDY,0.0,0,88200,88200,,0,,,25.86,0,low,10.34,2,1,none,,9,https://www.musinsa.com/products/7007369
2026-09-03,마인드브릿지우먼,7008137,[W]핀 스트라이프오버핏 포켓 셔츠 - 2color,0.0,0,63900,63900,63900,0,0,0.0,100.0,1,high,24.0,6,2,none,,9,https://www.musinsa.com/products/7008137
2026-09-03,마인드브릿지우먼,7008329,[W]블랙 체크 플레어 언밸러스 스커트,0.0,0,79200,79200,79200,0,0,0.0,100.0,1,high,24.0,6,2,none,,9,https://www.musinsa.com/products/7008329
2026-09-03,프리버07,7009225,Check ruffle tie blouse [FRFA05BL03]_Charcoal,0.0,0,77600,77600,,0,,,23.2,0,low,12.73,3,1,none,,9,https://www.musinsa.com/products/7009225
2026-09-03,언더오프,7010889,마이크로 체크 크롭 셔츠 레드,0.0,0,35910,35910,35910,0,0,0.0,100.0,1,high,24.8,5,2,none,,9,https://www.musinsa.com/products/7010889
2026-09-03,본투윈,7013769,CENTER SYMBOL B QUICK DRY T-SHIRTS [BLACK],0.0,0,47200,47200,47200,0,0,0.0,100.0,1,high,23.99,5,3,none,,9,https://www.musinsa.com/products/7013769
2026-09-03,브라운브레스,7019785,WASHING TAG CAP,0.0,0,59000,59000,59000,0,0,0.0,100.0,1,high,23.99,7,3,none,,9,https://www.musinsa.com/products/7019785
2026-09-03,락케이크,7020489,Distressed Open Shoulder Knit - Black,0.0,0,87200,87200,87200,0,0,0.0,100.0,1,high,23.99,7,3,none,,9,https://www.musinsa.com/products/7020489
2026-09-03,유니폼브릿지,7020809,001 denim pants wide fit 12oz(womens) indigo blue,0.0,0,107100,107100,107100,0,0,0.0,100.0,1,high,23.99,6,3,none,,9,https://www.musinsa.com/products/7020809
2026-09-03,허그본,7023177,Hug 오버핏 크롭 숏슬리브 2컬러,0.0,0,23750,23750,23750,0,0,0.0,83.47,0,low,25.35,4,1,none,,9,https://www.musinsa.com/products/7023177
2026-09-03,인사일런스,7023625,수피마 코튼 롱슬리브 WHITE,0.0,0,62000,62000,62000,0,0,0.0,100.0,1,high,24.8,5,2,none,,9,https://www.musinsa.com/products/7023625
2026-09-03,헬레네파리스,7024585,리브드 슬릿 저지 스커트 [그레이-블랙],0.0,0,59840,59840,59840,0,0,0.0,100.0,1,high,24.03,7,3,none,,9,https://www.musinsa.com/products/7024585
2026-09-03,리,7024777,투포켓 데님 워싱 셔츠 인디고 라이트,0.0,0,119000,119000,,0,,,23.19,0,low,12.73,3,1,none,,9,https://www.musinsa.com/products/7024777
2026-09-03,라이프워크,7024841,여성) 링거 라독 와펜 긴팔 티셔츠,0.0,0,49000,49000,,0,,,28.75,0,low,8.41,3,1,none,,9,https://www.musinsa.com/products/7024841
2026-09-03,리,7024905,스프레이 로고 긴팔 티셔츠 버건디,0.0,0,53100,53100,,0,,,23.18,0,low,12.73,3,1,none,,9,https://www.musinsa.com/products/7024905
2026-09-03,리,7024969,로코 포켓 데님 셔츠 인디고 라이트,0.0,0,89100,89100,,0,,,23.18,0,low,12.73,3,1,none,,9,https://www.musinsa.com/products/7024969
2026-09-03,더콜디스트모먼트,7032009,TCM stitch cross hooded long sleeve (melange grey),0.0,0,67640,67640,,0,,,23.17,0,low,12.73,3,1,none,,9,https://www.musinsa.com/products/7032009
2026-09-03,제로,7032841,사선 풀 오픈 롱 슬리브 [버건디],0.0,0,31500,31500,31500,0,0,0.0,100.0,1,high,25.02,5,2,none,,9,https://www.musinsa.com/products/7032841
2026-09-03,쿠어,7033033,메리노 울 크루넥 스웨터 (멜란지차콜),0.0,0,135000,135000,135000,0,0,0.0,100.0,1,high,25.02,5,2,none,,9,https://www.musinsa.com/products/7033033
2026-09-03,쿠어,7033417,린넨 실크 컷티드 셔츠 (아이보리),0.0,0,171000,171000,171000,0,0,0.0,100.0,1,high,25.02,5,2,none,,9,https://www.musinsa.com/products/7033417
2026-09-03,쿠어,7033545,플라이트 B-15 봄버 (블랙),0.0,0,261000,261000,261000,0,0,0.0,100.0,1,high,25.02,5,2,none,,9,https://www.musinsa.com/products/7033545
2026-09-03,드로우핏우먼,7035017,누보 트위드 블루종 [BLACK],0.0,0,125280,125280,125280,0,0,0.0,100.0,1,high,23.99,7,3,none,,9,https://www.musinsa.com/products/7035017
2026-09-03,드로우핏우먼,7035337,넬리아 레이어드 브이넥 니트 가디건 [CHARCOAL],0.0,0,49680,49680,49680,0,0,0.0,100.0,1,high,23.99,7,3,none,,9,https://www.musinsa.com/products/7035337
2026-09-03,데상트,7036233,스트레치 기모 안감 자켓 SQ323XJK91,4.1,599915,146300,146300,,0,,,28.74,0,low,8.41,4,1,none,5,9,https://www.musinsa.com/products/7036233
2026-09-03,내셔널지오그래픽,7036873,후디드 레이어드 티셔츠 TEAL GREEN,0.0,0,98000,98000,,0,,,23.16,0,low,12.73,3,1,none,,9,https://www.musinsa.com/products/7036873
2026-09-03,엠엘비,7037001,베이직 스몰로고 반집업 맨투맨 LA (Black),0.0,0,109000,109000,,0,,,25.84,0,low,10.34,2,1,none,,9,https://www.musinsa.com/products/7037001
2026-09-03,길라아카이브,7037065,RUNAWAY GIRL VINTAGE CAP_BLACK,0.0,0,53100,53100,53100,0,0,0.0,100.0,1,high,24.27,7,3,none,,9,https://www.musinsa.com/products/7037065
2026-09-03,드로우핏,7037385,플러피 브러쉬 카라 니트 [GREYISH BLUE],0.0,0,59400,59400,59400,0,0,0.0,83.48,0,low,25.35,4,1,none,,9,https://www.musinsa.com/products/7037385
2026-09-03,길라아카이브,7037897,STITCHED SMALL LOGO HOOD ZIP-UP_BLUE,0.0,0,116100,116100,116100,0,0,0.0,100.0,1,high,24.27,7,3,none,,9,https://www.musinsa.com/products/7037897
2026-09-03,어반디타입,7039305,8 스타 볼캡_블랙,0.0,0,39000,39000,39000,0,0,0.0,100.0,1,high,24.27,7,3,none,,9,https://www.musinsa.com/products/7039305
2026-09-03,시눈,7041033,Puffed Raglan Knit (Ivory),0.0,0,102530,102530,102530,0,0,0.0,100.0,1,high,25.03,5,2,none,,9,https://www.musinsa.com/products/7041033
2026-09-03,샌드릭,7044361,LINE.02 high neck leather jacket_black,0.0,0,269000,269000,,0,,,28.72,0,low,8.41,3,1,none,,9,https://www.musinsa.com/products/7044361
2026-09-03,코드그라피,7045321,CGP 아치 로고 반소매 맨투맨_네이비,0.0,0,37800,37800,37800,0,0,0.0,83.48,0,low,25.35,4,1,none,,9,https://www.musinsa.com/products/7045321
2026-09-03,러프사이드,7046601,Union Denim Pants Dark Blue,0.0,0,169100,169100,169100,0,0,0.0,100.0,1,high,25.03,5,2,none,,9,https://www.musinsa.com/products/7046601
2026-09-03,비헤비어,7047113,DISTRESSED GLOVE FULL ZIP PARKA ash,0.0,0,179550,179550,179550,0,0,0.0,93.1,0,low,24.63,4,1,none,,9,https://www.musinsa.com/products/7047113
2026-09-03,리,7047241,우먼 니티드 트랙 집업 브라운,0.0,0,116100,116100,,0,,,23.16,0,low,12.73,3,1,none,,9,https://www.musinsa.com/products/7047241
2026-09-03,오픈야드(오와이),7047305,STITCHED WIDE HEM PANTS - DARK GREY,0.0,0,122550,122550,,0,,,23.16,0,low,12.73,3,1,none,,9,https://www.musinsa.com/products/7047305
2026-09-03,오픈야드(오와이),7047625,DIVISION ZIP BEANIE - BLACK,0.0,0,37050,37050,,0,,,23.15,0,low,12.73,3,1,none,,9,https://www.musinsa.com/products/7047625
2026-09-03,오픈야드(오와이),7047689,HAIRY KNIT CARDIGAN - NAVY,0.0,0,103550,103550,,0,,,23.14,0,low,12.73,3,1,none,,9,https://www.musinsa.com/products/7047689
2026-09-03,드로우핏우먼,7048713,클래식 크롭 스트레이트 진 [LIGHT BLUE],0.0,0,53280,53280,53280,0,0,0.0,100.0,1,high,23.99,7,3,none,,9,https://www.musinsa.com/products/7048713
2026-09-03,웬즈데이오아시스,7050825,워셔블 소프트 브이넥 니트_GRAY(WCB6KN104),0.0,0,38500,38500,38500,0,0,0.0,100.0,1,high,23.99,7,3,none,,9,https://www.musinsa.com/products/7050825
2026-09-03,웬즈데이오아시스,7050889,로우 엣지 롱 슬리브 티셔츠_IVORY(WB6TP54),0.0,0,44800,44800,44800,0,0,0.0,100.0,1,high,23.99,7,3,none,,9,https://www.musinsa.com/products/7050889
2026-09-03,프리즘웍스,7054601,ARMY POCKET CARGO PANTS _ NAVY,0.0,0,115200,115200,115200,0,0,0.0,100.0,1,high,24.03,7,3,none,,9,https://www.musinsa.com/products/7054601
2026-09-03,유니온블루,7054921,ACCORD V-NECK KNIT [DARK NAVY],0.0,0,75650,75650,75650,0,0,0.0,100.0,1,high,23.99,6,3,none,,9,https://www.musinsa.com/products/7054921
2026-09-03,아메스월드와이드,7058185,STANDARD LOGO HOODIE ZIP-UP GREY,0.0,0,62300,62300,62300,0,0,0.0,100.0,1,high,24.64,5,2,none,,9,https://www.musinsa.com/products/7058185
2026-09-03,비긴202,7061129,씨엘루프 레이어드 롱슬리브 [블랙 x 레몬],0.0,0,92650,92650,92650,0,0,0.0,83.49,0,low,25.35,4,1,none,,9,https://www.musinsa.com/products/7061129
2026-09-03,라티젠,7062217,L23 SLIM TENCEL T-SHIRT(YELLOW),0.0,0,44640,44640,,0,,,25.83,0,low,10.34,2,1,none,,9,https://www.musinsa.com/products/7062217
2026-09-03,마하그리드,7066889,[철님보석함 컬래버] SLASH LOGO WAFFLE LONG SLEEVE[CHARCOAL],0.0,0,63200,63200,,0,,,23.13,0,low,12.73,3,1,none,,9,https://www.musinsa.com/products/7066889
2026-09-03,로라로라,7070601,BAGUETTE BAG BURGUNDY,0.0,0,170100,170100,,0,,,25.83,0,low,10.34,2,1,none,,9,https://www.musinsa.com/products/7070601
2026-09-03,데이,7072073,립 스웨이드 셔츠_2 COLOR,0.0,0,41500,41500,41500,0,0,0.0,83.5,0,low,25.35,4,1,none,,9,https://www.musinsa.com/products/7072073
2026-09-03,틸아이다이,7078409,CASHMERE BLENDED V-NECK WOOL KNIT [TIFA04SW09]_Butter,0.0,0,97710,97710,97710,0,0,0.0,100.0,1,high,23.99,6,3,none,,9,https://www.musinsa.com/products/7078409
2026-09-03,바우프,7079561,프릴 포켓 체크 스커트 [브라운],0.0,0,134100,134100,134100,0,0,0.0,83.5,0,low,25.35,4,1,none,,9,https://www.musinsa.com/products/7079561
2026-09-03,벨리에,7079753,시티 코어 트러커 자켓 - 로우 인디고,0.0,0,269800,269800,269800,0,0,0.0,100.0,1,high,25.03,5,2,none,,9,https://www.musinsa.com/products/7079753
2026-09-03,노이즈,7079817,사선 지퍼 레더 바이커 자켓_[BLACK],0.0,0,102870,102870,,0,,,28.71,0,low,8.41,3,1,none,,9,https://www.musinsa.com/products/7079817
2026-09-03,틸아이다이,7079881,High neck belted leather jacket [TIFA05LE01]_Brown,0.0,0,209150,209150,209150,0,0,0.0,100.0,1,high,23.99,6,3,none,,9,https://www.musinsa.com/products/7079881
2026-09-03,틸아이다이,7080009,One-button collar trench coat [TIFA05CT02]_Charcoal,0.0,0,255550,255550,217220,1,38330,17.65,100.0,1,medium,23.99,5,3,none,,9,https://www.musinsa.com/products/7080009
2026-09-03,디앤에스알,7083913,나이트폴 체크 크롭 셔츠 블랙,0.0,0,89100,89100,89100,0,0,0.0,100.0,1,high,25.03,5,2,none,,9,https://www.musinsa.com/products/7083913
2026-09-03,1989스탠다드,7088777,ROUTE 1989 맨투맨 (STMSTD-0273),0.0,0,40250,40250,,0,,,28.71,0,low,8.41,3,1,none,,9,https://www.musinsa.com/products/7088777
2026-09-03,하이스쿨디스코,7089033,벨벳 미디 플리츠_그레이,0.0,0,63360,63360,,0,,,28.7,0,low,8.41,3,1,none,,9,https://www.musinsa.com/products/7089033
2026-09-03,썸웨어버터,7090569,Silk Button Henly Neck Knit - Light Pink,0.0,0,79380,79380,79380,0,0,0.0,100.0,1,high,24.28,7,3,none,,9,https://www.musinsa.com/products/7090569
2026-09-03,썸웨어버터,7091145,Moti Raglan Top - Grey(Black),0.0,0,31590,31590,31590,0,0,0.0,100.0,1,high,24.28,7,3,none,,9,https://www.musinsa.com/products/7091145
2026-09-03,다이닛,7092361,LOVE IS THE LACE LONG SLEEVE IN NAVY,0.0,0,70200,70200,,0,,,23.12,0,low,12.73,3,1,none,,9,https://www.musinsa.com/products/7092361
2026-09-03,썬러브투어,7093769,Jersey Piping Cap Charcoal,0.0,0,69000,69000,69000,0,0,0.0,100.0,1,high,23.99,7,3,none,,9,https://www.musinsa.com/products/7093769
2026-09-03,레더리,7095305,헨리넥 레이어드 롱슬리브 [CHARCOAL],0.0,0,37440,37440,37440,0,0,0.0,93.16,0,low,24.65,4,1,none,,9,https://www.musinsa.com/products/7095305
2026-09-03,브라운야드,7095433,"컷 오프 래글런 롱 슬리브, 블랙",0.0,0,78000,78000,78000,0,0,0.0,100.0,1,high,24.29,7,3,none,,9,https://www.musinsa.com/products/7095433
2026-09-03,파르티멘토우먼,7096137,PWC 버튼 이지 트라우저_네온 그린,0.0,0,25840,25840,29070,1,-3230,-11.11,100.0,1,medium,24.65,5,2,none,,9,https://www.musinsa.com/products/7096137
2026-09-03,파르티멘토우먼,7096201,PWC 엠브로이더리 하이넥 니트 탑_블랙,0.0,0,30060,30060,33820,1,-3760,-11.12,100.0,1,medium,24.65,5,2,none,,9,https://www.musinsa.com/products/7096201
2026-09-03,유라고,7097033,Classic flap bag_2colors,0.0,0,243040,243040,243040,0,0,0.0,100.0,1,high,25.04,5,2,none,,9,https://www.musinsa.com/products/7097033
2026-09-03,로우클래식,7098121,POSTCARD LAYERED TEE_NAVY [LC263TS11NV],0.0,0,84550,84550,,0,,,96.87,0,medium,12.87,6,4,none,,9,https://www.musinsa.com/products/7098121
2026-09-03,로우클래식,7098249,Lc OVERSIZED SWEATPANTS_MELANGE GREY [LC263PT02MG],0.0,0,122550,122550,,0,,,28.68,0,low,8.41,3,1,none,,9,https://www.musinsa.com/products/7098249
2026-09-03,더니트컴퍼니,7102985,(우먼) 브러시드 울 캐시미어 카라 니트 3color,0.0,0,151200,151200,151200,0,0,0.0,83.53,0,low,25.35,4,1,none,,9,https://www.musinsa.com/products/7102985
2026-09-03,제로,7103369,와플 핑거 홀 후드 집업 [블랙],0.0,0,40500,40500,40500,0,0,0.0,100.0,1,high,25.04,5,2,none,,9,https://www.musinsa.com/products/7103369
2026-09-03,썸플레이스,7104585,체크 배색 레이어드 밴딩 미디 언발란스 플레어 미디 스커트 [브라운],0.0,0,42400,42400,,0,,,23.1,0,low,12.73,3,1,none,,9,https://www.musinsa.com/products/7104585
2026-09-03,디스이즈네버댓,7104649,Striped Flow Pant Red,0.0,0,139000,139000,139000,0,0,0.0,100.0,1,high,24.82,5,2,none,,9,https://www.musinsa.com/products/7104649
2026-09-03,디스이즈네버댓,7104713,DSN Striped Oxford Shirt Navy,0.0,0,129000,129000,129000,0,0,0.0,100.0,1,high,24.82,5,2,none,,9,https://www.musinsa.com/products/7104713
2026-09-03,다이브인,7105353,UNIFORM WAFFLE LONG SLEEVE (MELANGE GRAY),0.0,0,49000,49000,49000,0,0,0.0,100.0,1,high,24.82,5,2,none,,9,https://www.musinsa.com/products/7105353
2026-09-03,나이스고스트클럽,7106569,STITCHED CROP HOODIE ZIP UP_BROWN(NG2GFUM484A),0.0,0,80190,80190,80190,0,0,0.0,100.0,1,high,24.29,7,3,none,,9,https://www.musinsa.com/products/7106569
2026-09-03,나이스고스트클럽,7106633,DOODLE COTTON WASHED PANTS_BROWN(NG2GFUPA10A),0.0,0,96390,96390,96390,0,0,0.0,100.0,1,high,24.29,7,3,none,,9,https://www.musinsa.com/products/7106633
2026-09-03,비바라비다,7107017,[기모선택] Rhythm 헤비테리 후드,0.0,0,57900,57900,57900,0,0,0.0,100.0,1,high,23.99,6,3,none,,9,https://www.musinsa.com/products/7107017
2026-09-03,굿라이프웍스,7107401,[unisex] 더블 레이어드 롱슬리브티 브라운,0.0,0,31430,31430,31430,0,0,0.0,100.0,1,high,25.05,5,2,none,,9,https://www.musinsa.com/products/7107401
2026-09-03,썸웨어버터,7108105,Brody Wool Knit - Ivory,0.0,0,88290,88290,88290,0,0,0.0,100.0,1,high,24.29,7,3,none,,9,https://www.musinsa.com/products/7108105
2026-09-03,내셔널지오그래픽,7108425,코스토니 스탠드넥 플리스 베스트 O/WHITE,0.0,0,149000,149000,,0,,,23.1,0,low,12.73,3,1,none,,9,https://www.musinsa.com/products/7108425
2026-09-03,가까이유니언즈,7114825,에스닉 슬리브 피그먼트 후드 티 차콜,0.0,0,54600,54600,54600,0,0,0.0,100.0,1,high,24.0,5,2,none,,9,https://www.musinsa.com/products/7114825
2026-09-03,가까이유니언즈,7117129,오리진 와이드 스웨트 팬츠 애쉬 브라운,0.0,0,28500,28500,28500,0,0,0.0,100.0,1,high,24.0,5,2,none,,9,https://www.musinsa.com/products/7117129
2026-09-03,라티젠,7117449,L27 HEAVEN RAGLAN T-SHIRT(BROWN),0.0,0,59040,59040,,0,,,25.78,0,low,10.34,2,1,none,,9,https://www.musinsa.com/products/7117449
2026-09-03,다이브인,7121033,WASHED VINTAGE FIELD JACKET (BLACK),0.0,0,177650,177650,177650,0,0,0.0,100.0,1,high,24.82,5,2,none,,9,https://www.musinsa.com/products/7121033
2026-09-03,다이브인,7124937,[DIVEIN X 무민서] LAYERING LONG SLEEVE T-SHIRTS (MELANGE GRAY),0.0,0,37800,37800,37800,0,0,0.0,100.0,1,high,24.82,5,2,none,,9,https://www.musinsa.com/products/7124937
2026-09-03,브룩스브라더스,7126537,스트라이프 렙 타이 (버건디) (BBATMNZ501),0.0,0,159000,159000,159000,0,0,0.0,100.0,1,high,24.29,8,3,none,,9,https://www.musinsa.com/products/7126537
2026-09-03,아웃스탠딩,7127817,THERMAL PIGMENT WASHED HOOD ZIP_PIGMENT NAVY,0.0,0,106200,106200,106200,0,0,0.0,100.0,1,high,23.99,5,3,none,,9,https://www.musinsa.com/products/7127817
2026-09-03,일꼬르소,7128649,모헤어 울 카라넥 니트 블랙,0.0,0,84650,84650,84650,0,0,0.0,100.0,1,high,24.83,5,2,none,,9,https://www.musinsa.com/products/7128649
2026-09-03,엠엘비,7130313,클래식 모노그램 톤톤 자카드 맨투맨 NY (Cream),0.0,0,169000,169000,,0,,,25.77,0,low,10.34,2,1,none,,9,https://www.musinsa.com/products/7130313
2026-09-03,드릭스,7131273,절개 라이트 후디 패딩 자켓_3color,0.0,0,50830,50830,,0,,,28.66,0,low,8.41,3,1,none,,9,https://www.musinsa.com/products/7131273
2026-09-03,더바이닐하우스,7133641,TRUNK LAYERED LOOSE PANTS LIGHT BLUE,0.0,0,151050,151050,151050,0,0,0.0,100.0,1,high,24.83,5,2,none,,9,https://www.musinsa.com/products/7133641
2026-09-03,더바이닐하우스,7134217,TWISTED DRAPE TOP(W) BLACK,0.0,0,65550,65550,65550,0,0,0.0,100.0,1,high,24.83,5,2,none,,9,https://www.musinsa.com/products/7134217
2026-09-03,데상트,7141385,에센셜 숏 푸퍼 컴포트핏 다운 베스트 스카이 블루 SR423UDVO1,0.0,0,217550,217550,,0,,,28.65,0,low,8.41,3,1,none,,9,https://www.musinsa.com/products/7141385
2026-09-03,데상트,7141449,남성 캐논 후드 디테처블 중경량 다운 베스트 블랙 SR321SDV92,0.0,0,303050,303050,,0,,,28.65,0,low,8.41,3,1,none,,9,https://www.musinsa.com/products/7141449
2026-09-03,프리즘웍스,7147337,NEEDLE STITCH PULLOVER HOODY _ GRAY,0.0,0,109000,109000,109000,0,0,0.0,100.0,1,high,24.03,6,3,none,,9,https://www.musinsa.com/products/7147337
2026-09-03,꼼파뇨,7147465,러브 프렌즈 피그먼트 레글런 맨투맨 스모크블랙,0.0,0,41800,41800,41800,0,0,0.0,93.22,0,low,24.65,4,1,none,,9,https://www.musinsa.com/products/7147465
2026-09-03,꼼파뇨,7147529,라인 워크 자수 후드집업 블랙,0.0,0,49510,49510,49510,0,0,0.0,93.22,0,low,24.65,4,1,none,,9,https://www.musinsa.com/products/7147529
2026-09-03,커버낫,7148105,카라 하프집업 맨투맨 멜란지 그레이,0.0,0,89000,89000,89000,0,0,0.0,100.0,1,high,24.83,4,2,none,,9,https://www.musinsa.com/products/7148105
2026-09-03,데상트,7151369,남성 스트레이트핏 트레이닝 팬츠 라이트 멜란지 그레이 SR321TFP91,0.0,0,141550,141550,,0,,,28.64,0,low,8.41,3,1,none,,9,https://www.musinsa.com/products/7151369
2026-09-03,나이스고스트클럽,7152649,3STAR APPLIQUE HOODIE ZIP UP_GREY(NG2GSUM490A),0.0,0,80190,80190,80190,0,0,0.0,100.0,1,high,24.3,7,3,none,,9,https://www.musinsa.com/products/7152649
2026-09-03,파르티멘토,7156745,M-65 필드 자켓 차콜 그레이,0.0,0,126900,126900,126900,0,0,0.0,100.0,1,high,24.83,5,2,none,,9,https://www.musinsa.com/products/7156745
2026-09-03,비바라비다,7157001,후드 롱 슬리브 티셔츠,0.0,0,39900,39900,54900,1,-15000,-27.32,100.0,1,medium,23.99,6,3,none,,9,https://www.musinsa.com/products/7157001
2026-09-03,내셔널지오그래픽,7157641,코듀로이 릴렉스핏 스트레이트 단품 팬츠 NEW BEIGE N264UPT070,0.0,0,159000,159000,,0,,,23.07,0,low,12.73,3,1,none,,9,https://www.musinsa.com/products/7157641
2026-09-03,탄산마그네슘,7160905,다이노 스켈레톤 팬츠 (블랙),0.0,0,150480,150480,150480,0,0,0.0,100.0,1,high,25.06,5,2,none,,9,https://www.musinsa.com/products/7160905
2026-09-03,디미트리블랙,7161033,2WAY 에센셜 해링턴 자켓_P/U 2 COLOR,0.0,0,64900,64900,64900,0,0,0.0,100.0,1,high,24.83,5,2,none,,9,https://www.musinsa.com/products/7161033
2026-09-03,더블유엠씨,7161097,포켓 후디드 집업 (GREY/BLACK/BROWN/NAVY),0.0,0,59500,59500,59500,0,0,0.0,100.0,1,high,24.3,7,3,none,,9,https://www.musinsa.com/products/7161097
2026-09-03,노매뉴얼,7180297,DYED STRIPED SHIRT - DYED PURPLE,0.0,0,144400,144400,144400,0,0,0.0,93.24,0,low,24.65,4,1,none,,9,https://www.musinsa.com/products/7180297
2026-09-03,노매뉴얼,7180361,VISION RECORDS RAGLAN LONG SLEEVE TEE - NAVY,0.0,0,54150,54150,54150,0,0,0.0,93.25,0,low,24.65,4,1,none,,9,https://www.musinsa.com/products/7180361
2026-09-03,탄산마그네슘,7186249,빈티지 체크 스카프 (블루),0.0,0,22040,22040,22040,0,0,0.0,100.0,1,high,25.07,5,2,none,,9,https://www.musinsa.com/products/7186249
2026-09-03,예스아이씨,7194697,RC950 Y.E.S Rival Cap Navy,0.0,0,59000,59000,,0,,,28.62,0,low,8.41,3,1,none,,9,https://www.musinsa.com/products/7194697
2026-09-03,엠엘비,7200201,라이트 스포티브 크로스백 BOS (D.Brown),0.0,0,99000,99000,,0,,,25.74,0,low,10.34,2,1,none,,9,https://www.musinsa.com/products/7200201
2026-09-03,페인오어플레져,7204873,SWAN SKIRT pink,0.0,0,198000,198000,,0,,,25.74,0,low,10.34,2,1,none,,9,https://www.musinsa.com/products/7204873
2026-09-03,트위,7212617,데잇 카라 지퍼 크롭 자켓,0.0,0,149000,149000,,0,,,25.74,0,low,10.34,2,1,none,,9,https://www.musinsa.com/products/7212617
2026-09-03,트위,7213001,오벨 유넥 롱 긴팔 티셔츠,0.0,0,49900,49900,,0,,,25.74,0,low,10.34,2,1,none,,9,https://www.musinsa.com/products/7213001
2026-09-03,고스트리퍼블릭,7213385,V가젯 세미크롭 맨투맨 4Color GMT-164,0.0,0,34900,34900,34900,0,0,0.0,83.56,0,low,18.93,4,3,none,,9,https://www.musinsa.com/products/7213385
2026-09-03,리,7219657,스몰 트위치 체크 볼캡 레드,0.0,0,49000,49000,,0,,,23.05,0,low,12.73,3,1,none,,9,https://www.musinsa.com/products/7219657
2026-09-03,리,7219785,우먼 카고 팬츠 그린,0.0,0,109000,109000,,0,,,23.05,0,low,12.73,3,1,none,,9,https://www.musinsa.com/products/7219785
2026-09-03,엠엘비,7221641,고어텍스 언스트럭쳐 볼캡 NY (Ptn.Cream),0.0,0,79000,79000,,0,,,25.73,0,low,10.34,2,1,none,,9,https://www.musinsa.com/products/7221641
2026-09-03,데상트,7222729,에어로플리스 오버핏 반팔 티셔츠 블랙 SR423UTSO5,0.0,0,103550,103550,,0,,,28.61,0,low,8.41,3,1,none,,9,https://www.musinsa.com/products/7222729
2026-09-03,썸플레이스,7229129,셔링 스냅 버튼 포잍트 라운드 카라 오버핏 긴팔 코튼 투웨이 베이직 집업 자켓 [네이비],0.0,0,66600,66600,,0,,,23.04,0,low,12.73,3,1,none,,9,https://www.musinsa.com/products/7229129
2026-09-03,데상트,7235977,캐논 경량 퍼텍스 다운 자켓 퍼플 SR323SDJ95,0.0,0,284050,284050,,0,,,28.61,0,low,8.41,3,1,none,,9,https://www.musinsa.com/products/7235977
2026-09-03,데상트,7236169,경량 퀼팅 후드형 컴포트핏 다운 자켓 블랙 SR423UDJO4,0.0,0,246050,246050,,0,,,28.61,0,low,8.41,3,1,none,,9,https://www.musinsa.com/products/7236169
