date,brand_name,goods_no,product_name,estimated_sales,estimated_gmv,estimated_avg_price,display_price,previous_display_price,price_change_detected,price_change_amount,price_change_pct,coverage_pct,calendar_complete,confidence,max_interval_hours,observation_count,contributing_intervals,initial_delta_status,initial_delta_value,history_bucket,product_url
2026-09-01,드로우핏,407067,릴렉스드 미니멀 라운드 티셔츠 [WHITE],2.13,62271,29250,29250,29250,0,0,0.0,100.0,1,high,9.04,21,6,none,,27,https://www.musinsa.com/products/407067
2026-09-01,프리즘웍스,621275,10S SOLID HENLEY NECK TEE _ GRAY,1.0,34123,34247,34200,38000,1,-3800,-10.0,100.0,1,medium,24.09,7,2,none,,27,https://www.musinsa.com/products/621275
2026-09-01,프리즘웍스,983195,CARGO STRING PANTS _ OLIVE,0.98,54901,55800,55800,62000,1,-6200,-10.0,100.0,1,medium,24.09,7,2,none,,27,https://www.musinsa.com/products/983195
2026-09-01,카네이테이,1061851,TIGER FLAT POUCH M (OLIVE DRAB) / UPCYCLED,0.0,0,49000,49000,55900,1,-6900,-12.34,100.0,1,medium,24.08,7,2,none,,27,https://www.musinsa.com/products/1061851
2026-09-01,엘무드,1139099,화란 세미오버 니트 모카 베이지,0.0,0,44900,44900,40410,1,4490,11.11,100.0,1,medium,24.08,6,2,none,,27,https://www.musinsa.com/products/1139099
2026-09-01,제멋,1242459,제이윈 덤블 기모후드 다크네이비 (KHHD0748),0.0,0,34900,34900,34900,0,0,0.0,1.25,0,low,24.0,6,1,none,,27,https://www.musinsa.com/products/1242459
2026-09-01,브론슨,1437851,10.5 oz USA Cotton Tubular Gusset Tee Black,4.22,150797,35700,35700,35700,0,0,0.0,100.0,1,low,24.09,24,2,none,,27,https://www.musinsa.com/products/1437851
2026-09-01,하 아카이브,1453531,블랙 나일론 아이패드백,2.66,116948,43900,49390,43900,1,5490,12.51,100.0,1,medium,24.09,11,2,none,,27,https://www.musinsa.com/products/1453531
2026-09-01,가까이 유니언즈,1553371,와이드 스웨트팬츠 그레이,1.72,63647,37100,37100,37100,0,0,0.0,100.0,1,high,24.09,11,2,none,,27,https://www.musinsa.com/products/1553371
2026-09-01,모즈모즈,1592475,피그먼트 유령자수 트레이닝 빅사이즈 조거팬츠 챠콜,0.0,0,33900,33900,33900,0,0,0.0,100.0,1,high,24.09,6,2,none,,27,https://www.musinsa.com/products/1592475
2026-09-01,파르티멘토,1593755,레더 필드 자켓 블랙,5.77,538734,93443,94700,85230,1,9470,11.11,100.0,1,medium,10.23,27,6,none,,27,https://www.musinsa.com/products/1593755
2026-09-01,러브이즈트루,1594011,PO NORMAL PIN(SILVER),0.0,0,22100,22100,22100,0,0,0.0,100.0,1,high,24.01,8,2,none,,27,https://www.musinsa.com/products/1594011
2026-09-01,제멋,1617883,카디 오버핏 MA-1 자켓 블랙 YHJK2319,0.0,0,79800,79800,79800,0,0,0.0,100.0,1,high,24.09,7,2,none,,27,https://www.musinsa.com/products/1617883
2026-09-01,어반드레스,1620635,유니섹스 데이즈 오버핏 체크셔츠-블랙,0.0,0,27000,27000,27000,0,0,0.0,100.0,1,high,24.09,7,2,none,,27,https://www.musinsa.com/products/1620635
2026-09-01,미나브,1651803,울리치 히든 싱글 롱 체크 코트 [포레스트그린],0.0,0,89100,89100,138600,1,-49500,-35.71,100.0,1,medium,24.09,8,2,none,,27,https://www.musinsa.com/products/1651803
2026-09-01,노이어,1702427,오버핏 후드 더플 코트 (블랙),0.0,0,310000,310000,527000,1,-217000,-41.18,100.0,1,medium,24.09,7,2,none,,27,https://www.musinsa.com/products/1702427
2026-09-01,제멋,1733275,로그 오버핏 기모 후드 다크그레이 YHHD2302,0.0,0,39800,39800,39800,0,0,0.0,100.0,1,high,24.09,7,2,none,,27,https://www.musinsa.com/products/1733275
2026-09-01,토피,1778523,모어 와이드 데님 팬츠 (BLEACH),1.0,38427,38545,39200,34450,1,4750,13.79,100.0,1,low,24.08,10,2,none,,27,https://www.musinsa.com/products/1778523
2026-09-01,프리즘웍스,1811227,OG OXFORD OVERSIZED SHIRT _ BLUE,0.01,861,68000,61200,68000,1,-6800,-10.0,100.0,1,medium,24.09,7,2,none,,27,https://www.musinsa.com/products/1811227
2026-09-01,시야쥬,1824731,SIPT7022 One Tuck Side Banding Slacks_Black,0.0,0,72090,72090,89000,1,-16910,-19.0,100.0,1,medium,24.08,6,2,none,,27,https://www.musinsa.com/products/1824731
2026-09-01,메인부스,1874843,University Skirt(CREAM),0.0,0,17400,17400,17400,0,0,0.0,100.0,1,high,24.09,6,2,none,,27,https://www.musinsa.com/products/1874843
2026-09-01,가까이 유니언즈,1902619,베이거스 반팔 티셔츠 블랙,0.0,0,27300,27300,27300,0,0,0.0,100.0,1,high,24.09,6,2,none,,27,https://www.musinsa.com/products/1902619
2026-09-01,메인부스,1927579,[MNBTH x Where is Wally] Class Package,0.0,0,19900,19900,19900,0,0,0.0,100.0,1,high,24.09,6,2,none,,27,https://www.musinsa.com/products/1927579
2026-09-01,도프제이슨,1964699,로고 스퀘어 하드레더 벨트,0.0,0,32300,32300,32300,0,0,0.0,100.0,1,high,24.01,8,2,none,,27,https://www.musinsa.com/products/1964699
2026-09-01,코드그라피,2037467,CGP 아치 로고 후디_그린,0.0,0,48300,48300,39900,1,8400,21.05,100.0,1,medium,24.09,6,2,none,,27,https://www.musinsa.com/products/2037467
2026-09-01,코드그라피,2037723,CGP 아치 로고 트레이닝 팬츠_네이비,0.76,31539,41300,41300,41300,0,0,0.0,100.0,1,high,24.09,6,2,none,,27,https://www.musinsa.com/products/2037723
2026-09-01,트래블,2053531,트래블러 버튼 아노락 그레이,0.0,0,41400,41400,41400,0,0,0.0,100.0,1,high,24.09,8,2,none,,27,https://www.musinsa.com/products/2053531
2026-09-01,브랜디드,2072091,[WOMAN] 104 LUCY JEANS [CROP STRAIGHT],0.0,0,44100,44100,44100,0,0,0.0,100.0,1,high,24.09,6,2,none,,27,https://www.musinsa.com/products/2072091
2026-09-01,제멋,2101659,스콘(F/W용) 와이드 벌룬팬츠 카키 YHLP2386,0.0,0,39800,39800,39800,0,0,0.0,100.0,1,high,24.09,7,2,none,,27,https://www.musinsa.com/products/2101659
2026-09-01,어반드레스,2189851,STRAIGHT WIDE DENIM PANTS BLUE,0.0,0,28010,28010,28010,0,0,0.0,100.0,1,high,24.09,7,2,none,,27,https://www.musinsa.com/products/2189851
2026-09-01,트립르센스,2258843,유니섹스 플리스 다잉 카라 니트_브라운,0.0,0,54500,54500,54500,0,0,0.0,100.0,1,high,24.01,8,2,none,,27,https://www.musinsa.com/products/2258843
2026-09-01,어반드레스,2303643,Divided training pants BLACK,0.0,0,20400,20400,20400,0,0,0.0,100.0,1,high,24.09,7,2,none,,27,https://www.musinsa.com/products/2303643
2026-09-01,모즈모즈,2379355,스퀘어자수 기능성 반집업 후드 버건디,0.0,0,18760,18760,18760,0,0,0.0,100.0,1,high,24.09,6,2,none,,27,https://www.musinsa.com/products/2379355
2026-09-01,모즈모즈,2379675,센터자수 백라벨 기능성 아노락 블랙,0.0,0,17560,17560,17560,0,0,0.0,100.0,1,high,24.09,6,2,none,,27,https://www.musinsa.com/products/2379675
2026-09-01,프리즘웍스,2387355,OG HEAVYWEIGHT HOOD ZIPUP PARKA _ NAVY,0.0,0,80100,80100,89000,1,-8900,-10.0,100.0,1,medium,24.09,7,2,none,,27,https://www.musinsa.com/products/2387355
2026-09-01,테이크이지,2408603,자이언트핏 피케티셔츠(화이트),0.0,0,24500,24500,18900,1,5600,29.63,100.0,1,low,24.08,5,2,none,,27,https://www.musinsa.com/products/2408603
2026-09-01,드로우핏,2422235,밴딩 테이퍼드 슬랙스 [BLACK],1.64,81505,49800,49800,49800,0,0,0.0,23.34,0,low,6.85,20,1,none,,27,https://www.musinsa.com/products/2422235
2026-09-01,링서울,2433179,cable cotton blended knit vest-navy,0.0,0,61970,61970,48200,1,13770,28.57,100.0,1,medium,24.01,8,2,none,,27,https://www.musinsa.com/products/2433179
2026-09-01,어반드레스,2437275,나나 오버핏 체크셔츠 블루,0.0,0,31200,31200,31200,0,0,0.0,100.0,1,high,24.09,7,2,none,,27,https://www.musinsa.com/products/2437275
2026-09-01,프렌다,2461851,PCF SHORTS GRAY,0.0,0,24500,24500,24500,0,0,0.0,100.0,1,high,24.09,8,2,none,,27,https://www.musinsa.com/products/2461851
2026-09-01,던스트,2491931,[슈멍 pick] CLASSIC 28 LEATHER BAG_UDBA6F201_BLACK,0.0,0,199000,199000,199000,0,0,0.0,100.0,1,high,24.01,8,2,none,,27,https://www.musinsa.com/products/2491931
2026-09-01,디앤에스알,2572827,딥 포턱 플로우 밴딩 팬츠 블랙,0.0,0,84000,84000,84000,0,0,0.0,100.0,1,high,24.09,6,2,none,,27,https://www.musinsa.com/products/2572827
2026-09-01,카네이테이,2576347,SAWTOOTH SNAP WRIST STRAP (ORANGE),0.86,9797,11400,11400,11400,0,0,0.0,100.0,1,high,24.08,7,2,none,,27,https://www.musinsa.com/products/2576347
2026-09-01,어반드레스,2583579,쿨링 데님 와이드 팬츠 - 3COL,2.98,58332,19600,19600,19600,0,0,0.0,100.0,1,low,24.09,10,2,none,,27,https://www.musinsa.com/products/2583579
2026-09-01,링서울,2593051,"[기장선택] sleeveless stripe dress-(medium, long)",0.0,0,31590,31590,24570,1,7020,28.57,100.0,1,medium,24.01,8,2,none,,27,https://www.musinsa.com/products/2593051
2026-09-01,솔트앤초콜릿,2599771,[스웨이드 ver.추가] 포인티드 토 웨스턴 롱부츠 412148003 (6cm/3colors),0.0,0,71400,71400,89250,1,-17850,-20.0,100.0,1,medium,24.08,7,2,none,,27,https://www.musinsa.com/products/2599771
2026-09-01,솔트앤초콜릿,2625563,스퀘어 토 쪼리 스트랩 슬리퍼 412223022 (1.2cm/2colors),0.0,0,37920,37920,47400,1,-9480,-20.0,100.0,1,medium,24.08,7,2,none,,27,https://www.musinsa.com/products/2625563
2026-09-01,꼼파뇨,2628187,[20수] DTP Peony bloom 반팔티 화이트,0.0,0,32500,32500,25000,1,7500,30.0,100.0,1,medium,24.09,6,2,none,,27,https://www.musinsa.com/products/2628187
2026-09-01,유라고,2628955,Waffle half t-shirt,0.0,0,26600,26600,26600,0,0,0.0,100.0,1,high,24.09,6,2,none,,27,https://www.musinsa.com/products/2628955
2026-09-01,테이크이지,2680731,메리노울 페어아일 베스트(베이지),0.0,0,39900,39900,39900,0,0,0.0,39.19,0,low,24.08,6,1,none,,27,https://www.musinsa.com/products/2680731
2026-09-01,코드그라피,2681307,(우먼) CDGP 트레이닝 팬츠_오트밀,0.0,0,34300,34300,34300,0,0,0.0,100.0,1,high,24.09,6,2,none,,27,https://www.musinsa.com/products/2681307
2026-09-01,어반드레스,2711515,AV LOGO BASIC LONG SLEEVE T-SHIRT BLACK,0.0,0,20800,20800,20800,0,0,0.0,100.0,1,high,24.09,7,2,none,,27,https://www.musinsa.com/products/2711515
2026-09-01,어반드레스,2711963,UNISEX AV OVERSIZED MTM - 3COL,0.0,0,39000,39000,39000,0,0,0.0,100.0,1,high,24.09,7,2,none,,27,https://www.musinsa.com/products/2711963
2026-09-01,데케트,2723035,Arvind Selvage Regular Straight Jeans DCPT016RawIndigo,0.0,0,59500,59500,59500,0,0,0.0,100.0,1,high,24.09,4,2,none,,27,https://www.musinsa.com/products/2723035
2026-09-01,아메스 월드와이드,2723355,BASIC LOGO BALL CAP GREEN,0.0,0,24570,24570,31200,1,-6630,-21.25,100.0,1,medium,24.09,6,2,none,,27,https://www.musinsa.com/products/2723355
2026-09-01,코드그라피,2744539,[PRIMALOFT] 몬스터 롱파카_카키,0.0,0,128800,128800,128800,0,0,0.0,100.0,1,high,24.09,6,2,none,,27,https://www.musinsa.com/products/2744539
2026-09-01,세컨모놀로그,2748059,Heavyweight Cable Crew Neck Knit [GRAY]_COOSKT040GRAY,0.0,0,51600,51600,51600,0,0,0.0,100.0,1,high,24.08,6,2,none,,27,https://www.musinsa.com/products/2748059
2026-09-01,넌블랭크,2778395,그라데이션 라운드 니트_OLIVE BROWN,0.0,0,71920,71920,71920,0,0,0.0,100.0,1,high,24.01,8,2,none,,27,https://www.musinsa.com/products/2778395
2026-09-01,키르시,2780699,두들 체리 컷 오프 스웻 팬츠 [멜란지 그레이],0.0,0,20000,20000,23700,1,-3700,-15.61,100.0,1,medium,24.08,6,2,none,,27,https://www.musinsa.com/products/2780699
2026-09-01,인템포무드,2792859,오블리크 라인 메리노 울 풀 집업_코발트블루,0.0,0,56400,56400,56400,0,0,0.0,100.0,1,high,24.08,6,2,none,,27,https://www.musinsa.com/products/2792859
2026-09-01,키뮤어,2834587,오버핏 2-WAY 더플 롱패딩_블랙,0.0,0,118300,118300,118300,0,0,0.0,100.0,1,high,24.09,7,2,none,,27,https://www.musinsa.com/products/2834587
2026-09-01,세터,2836187,누오로 3-Way 백 글로시 블랙,0.0,0,249000,249000,249000,0,0,0.0,100.0,1,high,24.09,6,2,none,,27,https://www.musinsa.com/products/2836187
2026-09-01,노이어,2851099,코튼 플리츠 포켓 팬츠 (카키),0.0,0,67500,67500,60700,1,6800,11.2,100.0,1,medium,24.09,7,2,none,,27,https://www.musinsa.com/products/2851099
2026-09-01,슈퍼서브,2855195,테니스 하프 집업 조거 세트 -라이트그레이,0.0,0,67900,67900,67900,0,0,0.0,100.0,1,high,24.09,6,2,none,,27,https://www.musinsa.com/products/2855195
2026-09-01,어반드레스,2886235,비즈 루즈핏 니트 - 6col,0.0,0,29500,29500,29500,0,0,0.0,100.0,1,high,24.09,7,2,none,,27,https://www.musinsa.com/products/2886235
2026-09-01,솔트앤초콜릿,2930139,SAC 로고 네츄럴 베이직 데님 스커트 4W223Z101,0.0,0,39760,39760,49700,1,-9940,-20.0,100.0,1,medium,24.08,7,2,none,,27,https://www.musinsa.com/products/2930139
2026-09-01,시눈,2933275,CORDUROY WIDE PANTS (VINTAGE PINK),0.0,0,63200,63200,63200,0,0,0.0,100.0,1,high,24.09,6,2,none,,27,https://www.musinsa.com/products/2933275
2026-09-01,키르시,3004891,두들 체리 스티치 우븐 조거 팬츠 [블랙],0.0,0,29700,29700,29700,0,0,0.0,100.0,1,high,24.08,6,2,none,,27,https://www.musinsa.com/products/3004891
2026-09-01,더블유엠씨,3011611,클래식로고 롱슬리브_NAVY,0.0,0,19600,19600,19600,0,0,0.0,100.0,1,high,24.01,8,2,none,,27,https://www.musinsa.com/products/3011611
2026-09-01,트래블,3012571,워크샵 디비전 피그먼트 후드티 다크 블루,0.0,0,40290,40290,40290,0,0,0.0,100.0,1,high,24.09,8,2,none,,27,https://www.musinsa.com/products/3012571
2026-09-01,엘무드,3019675,메탈릭 더블 메쉬 보머 자켓 그레이,0.0,0,89200,89200,89200,0,0,0.0,100.0,1,high,24.08,6,2,none,,27,https://www.musinsa.com/products/3019675
2026-09-01,가까이 유니언즈,3025115,더블 핀턱 와이드 스웨트팬츠 화이트 멜란지,0.0,0,41600,41600,41600,0,0,0.0,100.0,1,high,24.09,6,2,none,,27,https://www.musinsa.com/products/3025115
2026-09-01,솔트앤초콜릿,3033947,스퀘어 토 메리제인 펌프스 412311003 (6cm/3color),0.86,45877,53400,53400,66750,1,-13350,-20.0,100.0,1,medium,24.08,7,2,none,,27,https://www.musinsa.com/products/3033947
2026-09-01,알리스,3037915,오블리크 패널 스웻 팬츠 [블랙],0.0,0,72000,72000,72000,0,0,0.0,100.0,1,high,24.09,6,2,none,,27,https://www.musinsa.com/products/3037915
2026-09-01,니티드,3039323,코튼 버튼 카라 니트 MINT,0.0,0,38800,38800,38800,0,0,0.0,100.0,1,high,24.09,6,2,none,,27,https://www.musinsa.com/products/3039323
2026-09-01,제멋,3039451,리퀴드 와이드 벌룬 데님팬츠 웨스턴블루 SOLP2460,0.01,717,53900,53900,53900,0,0,0.0,100.0,1,high,24.09,7,2,none,,27,https://www.musinsa.com/products/3039451
2026-09-01,키르시,3047707,체리 코튼 후드 자켓 [네이비],0.0,0,75600,75600,75600,0,0,0.0,100.0,1,high,24.08,6,2,none,,27,https://www.musinsa.com/products/3047707
2026-09-01,나이스고스트클럽,3051099,SKULL CAP_NAVY(NG2DSUAB22A),0.0,0,15600,15600,15600,0,0,0.0,100.0,1,high,24.01,8,2,none,,27,https://www.musinsa.com/products/3051099
2026-09-01,드로우핏,3052059,오버사이즈 벌룬 피케 스웨트 셔츠 [BRICK],0.0,0,49500,49500,49500,0,0,0.0,100.0,1,high,24.09,6,2,none,,27,https://www.musinsa.com/products/3052059
2026-09-01,도프제이슨,3070491,빈티지 하드레더 벨트 BROWN,3.15,176426,56050,56050,56050,0,0,0.0,100.0,1,high,23.5,23,4,none,,27,https://www.musinsa.com/products/3070491
2026-09-01,슬로우애시드,3074267,3라인 스타 로고 나일론 볼캡 [라이트핑크],0.23,4894,21000,21000,21000,0,0,0.0,100.0,1,high,24.09,6,2,none,,27,https://www.musinsa.com/products/3074267
2026-09-01,프리즘웍스,3081499,OG HEAVYWEIGHT SWEATSHIRT 002 _ BRICK,0.0,0,55800,55800,62000,1,-6200,-10.0,100.0,1,medium,24.09,7,2,none,,27,https://www.musinsa.com/products/3081499
2026-09-01,쿠어,3082779,크링클 플리츠 싱글코트 (크림),0.0,0,248000,248000,248000,0,0,0.0,100.0,1,high,24.09,6,2,none,,27,https://www.musinsa.com/products/3082779
2026-09-01,시눈,3083227,OUT-POCKET CARPENTER PANTS (OLIVE BEIGE),0.0,0,48180,48180,48180,0,0,0.0,100.0,1,high,24.09,6,2,none,,27,https://www.musinsa.com/products/3083227
2026-09-01,틸아이다이,3089755,Monica knit vest_Ivory,0.0,0,59760,59760,59760,0,0,0.0,100.0,1,high,24.09,7,2,none,,27,https://www.musinsa.com/products/3089755
2026-09-01,가까이 유니언즈,3095387,[여름 or 기모 or 사계절 원단 선택] 원턱 와이드 스웨트 카고팬츠 블랙,9.72,328485,33807,28600,39900,1,-11300,-28.32,100.0,1,medium,24.09,17,2,none,,27,https://www.musinsa.com/products/3095387
2026-09-01,르바,3113371,Blending Tape Yarn Cardigan - Ivory,0.0,0,142600,142600,142600,0,0,0.0,100.0,1,high,24.09,6,2,none,,27,https://www.musinsa.com/products/3113371
2026-09-01,와르,3125211,M194 워싱 세미 와이드 데님 팬츠_블랙 [숏기장 추가],4.57,243268,53222,53430,49980,1,3450,6.9,100.0,1,low,24.08,11,2,none,,27,https://www.musinsa.com/products/3125211
2026-09-01,트래블,3132891,리즌 트레일 피그먼트 반팔티 마젠타,0.73,18959,25800,25800,25800,0,0,0.0,100.0,1,high,24.09,8,2,none,,27,https://www.musinsa.com/products/3132891
2026-09-01,드로우핏,3154715,페이퍼 코튼 오버핏 셔츠 [SKY BLUE],0.0,0,49500,49500,49500,0,0,0.0,100.0,1,high,24.09,6,2,none,,27,https://www.musinsa.com/products/3154715
2026-09-01,어반드레스,3155035,Sopy Collar Short-Sleeve WHITE,0.01,483,35900,35900,35900,0,0,0.0,100.0,1,high,24.09,7,2,none,,27,https://www.musinsa.com/products/3155035
2026-09-01,더블유엠씨,3167451,오로라 블러 티셔츠_WHITE,0.0,0,17200,17200,17200,0,0,0.0,100.0,1,high,24.01,8,2,none,,27,https://www.musinsa.com/products/3167451
2026-09-01,마인드브릿지,3196315,릴랙스핏풀밴딩하프팬츠 - 2color MYHP3132,0.0,0,29900,29900,29900,0,0,0.0,100.0,1,high,24.09,6,2,none,,27,https://www.musinsa.com/products/3196315
2026-09-01,어반드레스,3204699,AV LOGO CROP HOOD ZIP-UP IVORY,0.98,48161,49000,49000,49000,0,0,0.0,100.0,1,high,24.09,7,2,none,,27,https://www.musinsa.com/products/3204699
2026-09-01,어반드레스,3205019,royal hoody - 8COL,0.0,0,47400,47400,47400,0,0,0.0,100.0,1,high,24.09,7,2,none,,27,https://www.musinsa.com/products/3205019
2026-09-01,플랙,3232283,썸머 데님 쇼츠 K42 로우,0.0,0,62300,62300,62300,0,0,0.0,100.0,1,high,24.08,6,2,none,,27,https://www.musinsa.com/products/3232283
2026-09-01,트래블,3232859,워크샵 셔링 스커트 베이지,0.0,0,29500,29500,29500,0,0,0.0,100.0,1,high,24.09,8,2,none,,27,https://www.musinsa.com/products/3232859
2026-09-01,제멋,3244827,플레시 썸머 원턱 하프팬츠 8종 시더브라운 SOSP2483,0.0,0,26900,26900,26900,0,0,0.0,100.0,1,high,24.09,7,2,none,,27,https://www.musinsa.com/products/3244827
2026-09-01,엑스컨테이너,3252699,핀턱 와이드 코튼 하프 팬츠 (3 COLOR),0.0,0,39000,39000,39000,0,0,0.0,100.0,1,high,24.09,6,2,none,,27,https://www.musinsa.com/products/3252699
2026-09-01,효지,3255899,에센셜 코튼 여행 보스턴 백,0.64,42164,65900,65900,65900,0,0,0.0,100.0,1,high,24.09,6,2,none,,27,https://www.musinsa.com/products/3255899
2026-09-01,미나브,3272603,2PACK 쿨코튼 유넥 반팔 티셔츠,3.05,137363,45000,45000,45000,0,0,0.0,100.0,1,high,10.33,20,6,none,,27,https://www.musinsa.com/products/3272603
2026-09-01,론론,3281947,BOATNECK SLEEVELESS BLACK,0.0,0,35640,35640,28160,1,7480,26.56,100.0,1,medium,24.09,7,2,none,,27,https://www.musinsa.com/products/3281947
2026-09-01,프리즘웍스,3283547,OG ATHLETIC T-SHIRT 2PACK _ WHITE + BLACK,0.03,1142,42000,37800,42000,1,-4200,-10.0,100.0,1,medium,24.09,7,2,none,,27,https://www.musinsa.com/products/3283547
2026-09-01,엑스트라오디너리,3286043,B.S.C I-RING Mag  WHITE,0.0,0,16000,16000,16000,0,0,0.0,100.0,1,high,24.09,6,2,none,,27,https://www.musinsa.com/products/3286043
2026-09-01,제멋,3289755,피넛 와이드 워싱팬츠 5종 다크네이비 YHLP2470,0.0,0,48900,48900,48900,0,0,0.0,100.0,1,high,24.09,7,2,none,,27,https://www.musinsa.com/products/3289755
2026-09-01,제이엘브,3299035,[2PACK] 스탠다드 머슬핏 카라티,1.45,112910,78000,78000,78000,0,0,0.0,100.0,1,high,24.01,27,4,none,,27,https://www.musinsa.com/products/3299035
2026-09-01,시야쥬,3301595,SIKN2071 리조트 니트 드레스_Black,0.0,0,73440,73440,71400,1,2040,2.86,100.0,1,medium,24.08,6,2,none,,27,https://www.musinsa.com/products/3301595
2026-09-01,러브이즈트루,3306011,PY STAR COLLAR KNIT(BLACK),0.0,0,33000,33000,33000,0,0,0.0,100.0,1,high,24.01,8,2,none,,27,https://www.musinsa.com/products/3306011
2026-09-01,알리스,3306075,폴디드 레더 패치 와이드 버뮤다 팬츠 [베이지],0.89,60351,67900,67900,67900,0,0,0.0,100.0,1,high,24.09,6,2,none,,27,https://www.musinsa.com/products/3306075
2026-09-01,링서울,3306395,stripe sleeveless-navy,0.0,0,23170,23170,18020,1,5150,28.58,100.0,1,medium,24.01,8,2,none,,27,https://www.musinsa.com/products/3306395
2026-09-01,가까이 유니언즈,3355035,원턱 사이드 절개 피그먼트 버뮤다 팬츠 옐로우,0.0,0,34400,34400,34400,0,0,0.0,100.0,1,high,24.09,6,2,none,,27,https://www.musinsa.com/products/3355035
2026-09-01,유라고,3373211,Garden shirring skirt,0.0,0,70680,70680,70680,0,0,0.0,100.0,1,high,24.09,6,2,none,,27,https://www.musinsa.com/products/3373211
2026-09-01,트래블,3437915,라인 테이프 다트 팬츠 사파이어 블루,0.0,0,39500,39500,39500,0,0,0.0,100.0,1,high,24.09,8,2,none,,27,https://www.musinsa.com/products/3437915
2026-09-01,커버낫,3439963,오버핏 스몰 어센틱 로고 후디 다크 블루,0.0,0,62300,62300,62300,0,0,0.0,100.0,1,high,24.08,6,2,none,,27,https://www.musinsa.com/products/3439963
2026-09-01,밀로아카이브,3442331,리플렉트 커브드 팬츠 [워시드 브라운],1.01,64434,63746,65550,62100,1,3450,5.56,100.0,1,medium,24.01,9,2,none,,27,https://www.musinsa.com/products/3442331
2026-09-01,와이케이,3452187,말티즈 아카이브 라인 그래픽 맨투맨 멜란지화이트,0.0,0,51750,51750,51750,0,0,0.0,100.0,1,high,24.01,8,2,none,,27,https://www.musinsa.com/products/3452187
2026-09-01,엑스트라오디너리,3453787,ANYTIME ECO BAG,0.0,0,19500,19500,19500,0,0,0.0,100.0,1,high,24.09,6,2,none,,27,https://www.musinsa.com/products/3453787
2026-09-01,더뮤지엄비지터,3461723,REFLECTIVE LINE RAGLAN WINDBREAKER (NAVY),0.0,0,118400,118400,118400,0,0,0.0,100.0,1,high,24.08,7,2,none,,27,https://www.musinsa.com/products/3461723
2026-09-01,더뮤지엄비지터,3461851,STUD BACK LOGO CARPENTER JACKET (BLACK),0.0,0,167600,167600,167600,0,0,0.0,100.0,1,high,24.08,7,2,none,,27,https://www.musinsa.com/products/3461851
2026-09-01,후브스,3476379,플러 반 집업 카라 스웻 [차콜],0.0,0,56800,56800,56800,0,0,0.0,100.0,1,high,24.08,6,2,none,,27,https://www.musinsa.com/products/3476379
2026-09-01,쿠어,3480987,울 블루종 점퍼 (블랙),0.64,155531,243000,243000,243000,0,0,0.0,100.0,1,low,24.09,4,2,none,,27,https://www.musinsa.com/products/3480987
2026-09-01,아틀리에 나인,3481051,슬림 라인 세미 부츠컷 데님 팬츠(S-PT-5483),0.0,0,71200,71200,80100,1,-8900,-11.11,100.0,1,medium,24.09,6,2,none,,27,https://www.musinsa.com/products/3481051
2026-09-01,아틀리에 나인,3488347,ESSENTIAL STRAIGHT PANTS(PT-5452),0.0,0,107100,107100,107100,0,0,0.0,100.0,1,high,24.09,6,2,none,,27,https://www.musinsa.com/products/3488347
2026-09-01,드로우핏,3489627,패디드 스트링 백 [BLACK],0.0,0,59200,59200,59200,0,0,0.0,100.0,1,high,24.09,6,2,none,,27,https://www.musinsa.com/products/3489627
2026-09-01,아이돈워너셀,3492059,Logo Embroidered Hoodie Gray,0.0,0,49500,49500,49500,0,0,0.0,100.0,1,high,24.08,6,2,none,,27,https://www.musinsa.com/products/3492059
2026-09-01,더블유엠씨,3492635,뉴모던 바시티 점퍼_GREEN,0.0,0,71600,71600,71600,0,0,0.0,100.0,1,high,24.01,8,2,none,,27,https://www.musinsa.com/products/3492635
2026-09-01,밀로아카이브,3496475,홀리데이 시그니처 볼 캡 [퓨어 화이트],0.0,0,29640,29640,35100,1,-5460,-15.56,100.0,1,medium,24.01,9,2,none,,27,https://www.musinsa.com/products/3496475
2026-09-01,아틀리에 나인,3504475,클래식 스티치 포켓 셔츠(BL-4183),0.0,0,62100,62100,62100,0,0,0.0,100.0,1,high,24.09,6,2,none,,27,https://www.musinsa.com/products/3504475
2026-09-01,모즈모즈,3509531,소프트 메쉬 아노락 자켓 블랙,0.0,0,55200,55200,55200,0,0,0.0,100.0,1,high,24.09,6,2,none,,27,https://www.musinsa.com/products/3509531
2026-09-01,어반드레스,3510235,Diagonal Turtleneck Tee WHITE,0.0,0,16000,16000,16000,0,0,0.0,100.0,1,high,24.09,7,2,none,,27,https://www.musinsa.com/products/3510235
2026-09-01,어반드레스,3511131,Amelie Pleated Skirt BLACK,0.01,472,34000,34000,34000,0,0,0.0,100.0,1,high,24.09,7,2,none,,27,https://www.musinsa.com/products/3511131
2026-09-01,나이스고스트클럽,3511387,3STARS LOGO KNIT HOODIE_IVORY(NG2DFUK610A),1.06,46111,43610,56070,43610,1,12460,28.57,100.0,1,low,24.01,9,2,none,,27,https://www.musinsa.com/products/3511387
2026-09-01,나이스고스트클럽,3511579,CARPENTER CARGO WASHED JEANS_BROWN(NG2DFUD104A),0.0,0,51600,51600,51600,0,0,0.0,100.0,1,high,24.01,8,2,none,,27,https://www.musinsa.com/products/3511579
2026-09-01,브라운야드,3511643,"W 라인 셔츠, 에크루",0.0,0,96600,96600,96600,0,0,0.0,100.0,1,high,24.01,8,2,none,,27,https://www.musinsa.com/products/3511643
2026-09-01,프리즘웍스,3511899,FACTA NON VERBA HOODY _ CAMEL,0.0,0,44500,44500,44500,0,0,0.0,100.0,1,high,24.09,7,2,none,,27,https://www.musinsa.com/products/3511899
2026-09-01,제멋,3516251,스톤 헤비웨이트 투웨이 후드집업 6종 달리아퍼플 KJHD2474,0.0,0,53900,53900,53900,0,0,0.0,100.0,1,high,24.09,7,2,none,,27,https://www.musinsa.com/products/3516251
2026-09-01,디앤에스알,3522011,시그니처 와이드 데님 팬츠 블랙,0.36,24884,69600,69600,69600,0,0,0.0,35.75,0,low,23.99,5,1,none,,27,https://www.musinsa.com/products/3522011
2026-09-01,아이돈워너셀,3528475,Circle Shirring Logo Ma-1 Black,0.0,0,183200,183200,183200,0,0,0.0,100.0,1,high,24.08,6,2,none,,27,https://www.musinsa.com/products/3528475
2026-09-01,스컬프터,3537115,Irregular Stripe Sweatshirt Berry/Khaki,0.0,0,49840,49840,62300,1,-12460,-20.0,100.0,1,medium,24.08,7,2,none,,27,https://www.musinsa.com/products/3537115
2026-09-01,세컨모놀로그,3542491,헤비웨이트 키홀 케이블 머플러 [BLACK]_SEAC004BLACK,0.0,0,20800,20800,20800,0,0,0.0,100.0,1,high,24.08,6,2,none,,27,https://www.musinsa.com/products/3542491
2026-09-01,키르시,3542875,키르시 스포츠 윈드브레이커 [다크 퍼플],0.0,0,62600,62600,71600,1,-9000,-12.57,100.0,1,medium,24.08,6,2,none,,27,https://www.musinsa.com/products/3542875
2026-09-01,브론슨,3550811,17.5 oz Terry Cloth 2Way Zip-Up Hoodie Kr Ver. Vintage Black,0.45,37928,84600,84600,84600,0,0,0.0,100.0,1,high,24.0,10,6,none,,27,https://www.musinsa.com/products/3550811
2026-09-01,커버낫,3555035,RDS 씨빅 숏 푸퍼 레드,0.0,0,139300,139300,139300,0,0,0.0,100.0,1,high,24.08,6,2,none,,27,https://www.musinsa.com/products/3555035
2026-09-01,엑스트라오디너리,3560219,BASIC LONGSLEEVE BLACK,0.0,0,26500,26500,26500,0,0,0.0,100.0,1,high,24.09,6,2,none,,27,https://www.musinsa.com/products/3560219
2026-09-01,브라운야드,3561051,"니트 하프 집업, 에크루",0.0,0,109000,109000,109000,0,0,0.0,100.0,1,high,24.01,8,2,none,,27,https://www.musinsa.com/products/3561051
2026-09-01,코드그라피,3575259,WAVE 로고 레그 워머_2color,0.0,0,10210,10210,10210,0,0,0.0,100.0,1,high,24.09,6,2,none,,27,https://www.musinsa.com/products/3575259
2026-09-01,꼼파뇨,3579675,MA-1 오버 절개 자켓 카키,0.0,0,91000,91000,70000,1,21000,30.0,100.0,1,medium,24.09,6,2,none,,27,https://www.musinsa.com/products/3579675
2026-09-01,어반드레스,3599387,Ribbed Cut-out Knit MOCHA,0.0,0,46500,46500,46500,0,0,0.0,100.0,1,high,24.09,7,2,none,,27,https://www.musinsa.com/products/3599387
2026-09-01,밀로아카이브,3600603,커브 자카드 비니 [베이지],0.0,0,24000,24000,19200,1,4800,25.0,100.0,1,medium,24.01,9,2,none,,27,https://www.musinsa.com/products/3600603
2026-09-01,코드그라피,3603227,(우먼) WAVE 로고 빅카라 크롭 하프집업 니트_네이비,0.0,0,27600,27600,27600,0,0,0.0,100.0,1,high,24.09,6,2,none,,27,https://www.musinsa.com/products/3603227
2026-09-01,에이치덱스,3609755,우먼스 고트 스웨트셔츠 3 color,0.0,0,44800,44800,44800,0,0,0.0,100.0,1,high,24.09,6,2,none,,27,https://www.musinsa.com/products/3609755
2026-09-01,커버낫,3618907,레이어드 플리스 후디 집업 자켓 블랙,0.39,32683,83400,83400,83400,0,0,0.0,100.0,1,high,24.08,6,2,none,,27,https://www.musinsa.com/products/3618907
2026-09-01,낫포너드,3619035,W Wild Logo Knit Zip up - Pink,0.0,0,40100,40100,40100,0,0,0.0,100.0,1,high,24.09,6,2,none,,27,https://www.musinsa.com/products/3619035
2026-09-01,니티드,3626651,터틀넥 롱 슬리브 니트 CHARCOAL,0.0,0,17820,17820,17820,0,0,0.0,100.0,1,high,24.09,6,2,none,,27,https://www.musinsa.com/products/3626651
2026-09-01,파르티멘토 우먼,3649755,스티치 포인티드 넥 워머 후디_블루,0.0,0,47790,47790,37170,1,10620,28.57,100.0,1,medium,24.09,6,2,none,,27,https://www.musinsa.com/products/3649755
2026-09-01,러브이즈트루,3654491,AM CUTE RABBIT KNIT (PINK),0.0,0,37400,37400,37400,0,0,0.0,100.0,1,high,24.01,8,2,none,,27,https://www.musinsa.com/products/3654491
2026-09-01,론론,3654747,HIGH NECK HALF ZIP UP KNIT RED,0.0,0,98820,98820,109800,1,-10980,-10.0,100.0,1,medium,24.09,7,2,none,,27,https://www.musinsa.com/products/3654747
2026-09-01,어반드레스,3655387,Boyfriend Single Blazer CHARCOAL,0.0,0,89700,89700,89700,0,0,0.0,100.0,1,high,24.09,7,2,none,,27,https://www.musinsa.com/products/3655387
2026-09-01,어반드레스,3667803,[SET] 커브드 투버튼 블레이저 & Two-Tuck Slacks 101 - 3COL,0.0,0,143250,143250,143250,0,0,0.0,100.0,1,high,24.09,7,2,none,,27,https://www.musinsa.com/products/3667803
2026-09-01,시그니처,3690587,소프트 헤비 코듀로이 원턱 밴딩 팬츠[블랙],0.0,0,29900,29900,29900,0,0,0.0,100.0,1,high,24.09,6,2,none,,27,https://www.musinsa.com/products/3690587
2026-09-01,아틀리에 나인,3691547,헤어리 오버핏 캐주얼 니트 자켓(JK-2885),0.0,0,107100,107100,107100,0,0,0.0,100.0,1,high,24.09,6,2,none,,27,https://www.musinsa.com/products/3691547
2026-09-01,시야쥬,3693979,SIJN6067 기모 뉴와이드 카펜터 팬츠_Light Beige,0.0,0,89000,89000,89000,0,0,0.0,100.0,1,high,24.08,6,2,none,,27,https://www.musinsa.com/products/3693979
2026-09-01,에이이에이이,3708379,Daisy Knit Hoodie - [BLACK],0.11,16995,158180,158180,158180,0,0,0.0,100.0,1,high,24.09,6,2,none,,27,https://www.musinsa.com/products/3708379
2026-09-01,트리밍버드,3728603,Curved Pocket Cut Denim Pants [ Blue ],0.0,0,179000,179000,179000,0,0,0.0,100.0,1,high,24.09,7,2,none,,27,https://www.musinsa.com/products/3728603
2026-09-01,아웃스탠딩,3773723,LAMBSWOOL ROUND NECK CARDIGAN_GRAY MELANGE,0.14,16075,116100,116100,116100,0,0,0.0,100.0,1,high,24.08,7,2,none,,27,https://www.musinsa.com/products/3773723
2026-09-01,무드인사이드,3780891,남여공용 푸퍼 숏패딩_White,0.0,0,49900,49900,49900,0,0,0.0,100.0,1,high,24.09,8,2,none,,27,https://www.musinsa.com/products/3780891
2026-09-01,무드인사이드,3782939,꽈배기 후드 반집업 니트_Beige,0.0,0,39900,39900,45900,1,-6000,-13.07,100.0,1,medium,24.09,8,2,none,,27,https://www.musinsa.com/products/3782939
2026-09-01,테이크이지,3783003,우먼스 아플리케 와이드 팬츠(멜란지그레이),0.0,0,24500,24500,19400,1,5100,26.29,100.0,1,medium,24.08,6,2,none,,27,https://www.musinsa.com/products/3783003
2026-09-01,더뮤지엄비지터,3786459,VISITOR ABSTRACT SHIRTS (MULTI),0.0,0,210000,210000,168000,1,42000,25.0,100.0,1,medium,24.08,7,2,none,,27,https://www.musinsa.com/products/3786459
2026-09-01,코드그라피,3790747,블록코어 자카드 배색 라운드 니트_블랙,0.0,0,62300,62300,62300,0,0,0.0,100.0,1,high,24.09,6,2,none,,27,https://www.musinsa.com/products/3790747
2026-09-01,필루미네이트,3792539,스프레드 프린트 스웨트 셔츠-와인,0.0,0,25000,25000,25000,0,0,0.0,100.0,1,high,24.01,8,2,none,,27,https://www.musinsa.com/products/3792539
2026-09-01,가까이 유니언즈,3796571,데미지 와이드 데님팬츠 라이트 인디고,0.0,0,49600,49600,49600,0,0,0.0,100.0,1,high,24.09,6,2,none,,27,https://www.musinsa.com/products/3796571
2026-09-01,키르시,3799835,포켓 유틸리티 슬링백 [블랙],0.0,0,35500,35500,39500,1,-4000,-10.13,100.0,1,medium,24.08,6,2,none,,27,https://www.musinsa.com/products/3799835
2026-09-01,나이스고스트클럽,3800667,DOLL AND THE GIRL WAFFLE L/S TEE_CHARCOAL(NG2ESUT550A),0.0,0,53460,53460,41580,1,11880,28.57,100.0,1,medium,24.01,8,2,none,,27,https://www.musinsa.com/products/3800667
2026-09-01,세컨모놀로그,3801179,나일론 투톤 믹스 히든 스냅 후디 [LGRAY]_SETS033LGRAY,0.0,0,35600,35600,35600,0,0,0.0,100.0,1,high,24.08,6,2,none,,27,https://www.musinsa.com/products/3801179
2026-09-01,레더리,3804059,듀얼 미니 볼링 토트백 [BLACK],0.0,0,36960,36960,32340,1,4620,14.29,100.0,1,medium,24.09,6,2,none,,27,https://www.musinsa.com/products/3804059
2026-09-01,노매뉴얼,3816027,CURSIVE LOGO BALL CAP - LIGHT KHAKI,0.0,0,27300,27300,27300,0,0,0.0,100.0,1,high,24.09,6,2,none,,27,https://www.musinsa.com/products/3816027
2026-09-01,필루미네이트,3816859,시그니처 로고 쿠션-2 Color,0.0,0,22900,22900,22900,0,0,0.0,100.0,1,high,24.01,8,2,none,,27,https://www.musinsa.com/products/3816859
2026-09-01,유니폼브릿지,3818459,argyle collar knit cardigan(womens) crimson,0.0,0,39800,39800,39800,0,0,0.0,100.0,1,high,24.08,7,2,none,,27,https://www.musinsa.com/products/3818459
2026-09-01,러브이즈트루,3820827,NM COW BOOTSCUT PANTS(KHAKI),0.0,0,70200,70200,70200,0,0,0.0,100.0,1,high,24.01,8,2,none,,27,https://www.musinsa.com/products/3820827
2026-09-01,유니폼브릿지,3822811,og fatigue denim pants 12oz black washed,0.0,0,32710,32710,32710,0,0,0.0,100.0,1,high,24.08,7,2,none,,27,https://www.musinsa.com/products/3822811
2026-09-01,웬즈데이오아시스,3824219,시그니처 나일론 레글런 스웨트셔츠(3color),0.0,0,35000,35000,35000,0,0,0.0,100.0,1,high,24.09,8,2,none,,27,https://www.musinsa.com/products/3824219
2026-09-01,노티카,3824411,[JP Line]포켓 로고 티셔츠,0.0,0,47400,47400,47400,0,0,0.0,100.0,1,low,24.09,5,2,none,,27,https://www.musinsa.com/products/3824411
2026-09-01,트래블,3826267,베이직 워싱 데님 팬츠 라이트 그레이,0.0,0,32500,32500,32500,0,0,0.0,100.0,1,high,24.09,8,2,none,,27,https://www.musinsa.com/products/3826267
2026-09-01,트래블,3826331,나일론 라운드 카고 쇼츠 버건디,0.0,0,33000,33000,33000,0,0,0.0,100.0,1,high,24.09,8,2,none,,27,https://www.musinsa.com/products/3826331
2026-09-01,미나브,3830107,스트라이프 니트 카라 티셔츠 [베이지],0.0,0,44100,44100,63200,1,-19100,-30.22,100.0,1,medium,24.09,8,2,none,,27,https://www.musinsa.com/products/3830107
2026-09-01,커버낫,3830363,C 로고 크루넥 니트 레드,0.0,0,59400,59400,59400,0,0,0.0,100.0,1,high,24.08,6,2,none,,27,https://www.musinsa.com/products/3830363
2026-09-01,키뮤어,3832795,[수피마 코튼] 컴포트 셔츠_4 COLOR,0.0,0,41300,41300,41300,0,0,0.0,100.0,1,high,24.09,7,2,none,,27,https://www.musinsa.com/products/3832795
2026-09-01,1993스튜디오,3834971,글로시 스트링 롱 스커트_크림,0.0,0,39900,39900,39900,0,0,0.0,100.0,1,high,24.08,6,2,none,,27,https://www.musinsa.com/products/3834971
2026-09-01,제멋,3837851,[2PACK] 헤븐 피그먼트 투웨이 후드집업 2PACK KJHD2540,0.0,0,75800,75800,75800,0,0,0.0,100.0,1,low,24.09,6,2,none,,27,https://www.musinsa.com/products/3837851
2026-09-01,유니폼브릿지,3840859,3layer light hood jacket olive,0.0,0,79800,79800,79800,0,0,0.0,100.0,1,high,24.08,7,2,none,,27,https://www.musinsa.com/products/3840859
2026-09-01,스컬프터,3845019,Shoelace Shirring Shirt Classic Blue,0.0,0,61040,61040,76300,1,-15260,-20.0,100.0,1,medium,24.08,7,2,none,,27,https://www.musinsa.com/products/3845019
2026-09-01,모즈모즈,3847451,오버핏 코튼 하프 오픈셔츠 베이지,0.0,0,41600,41600,41600,0,0,0.0,100.0,1,high,24.09,6,2,none,,27,https://www.musinsa.com/products/3847451
2026-09-01,마인드브릿지,3847643,슬림 넥타이 - 3color MATI00A1,1.0,19837,19900,19900,19900,0,0,0.0,100.0,1,high,24.09,6,2,none,,27,https://www.musinsa.com/products/3847643
2026-09-01,메인부스,3848667,Spark Denim Shorts(BLUE),0.23,15155,65400,65400,65400,0,0,0.0,100.0,1,high,24.09,6,2,none,,27,https://www.musinsa.com/products/3848667
2026-09-01,넌블랭크,3848987,니트 베스트_WHITE HILL,0.0,0,111600,111600,111600,0,0,0.0,100.0,1,high,24.01,8,2,none,,27,https://www.musinsa.com/products/3848987
2026-09-01,썸웨어버터,3850459,Classic cotton shirt - pink,0.0,0,87200,87200,87200,0,0,0.0,100.0,1,high,24.01,8,2,none,,27,https://www.musinsa.com/products/3850459
2026-09-01,커버낫,3851227,어센틱 로고 티셔츠 네이비,0.0,0,29950,29950,29950,0,0,0.0,100.0,1,high,24.08,6,2,none,,27,https://www.musinsa.com/products/3851227
2026-09-01,엑스트라오디너리,3851675,LAST CHANCE PRINT HOODIE  M/GREY,0.0,0,69500,69500,69500,0,0,0.0,100.0,1,high,24.09,6,2,none,,27,https://www.musinsa.com/products/3851675
2026-09-01,본투윈,3855067,BORNTOWIN PATCH MUSCLE FIT HOODIE [WHITE],0.0,0,68600,68600,68600,0,0,0.0,100.0,1,high,24.08,7,2,none,,27,https://www.musinsa.com/products/3855067
2026-09-01,후드후드,3861147,엠보싱 데님 바이커 팬츠 블랙,0.0,0,54800,54800,54800,0,0,0.0,100.0,1,high,24.09,6,2,none,,27,https://www.musinsa.com/products/3861147
2026-09-01,일리고,3862235,페탈 프릴 봄버 자켓 블랙,0.0,0,38000,38000,38000,0,0,0.0,100.0,1,high,24.09,6,2,none,,27,https://www.musinsa.com/products/3862235
2026-09-01,썬러브투어,3863707,Pace-up S/S Half Zip Pullover Grey,0.0,0,95600,95600,64530,1,31070,48.15,100.0,1,medium,24.09,8,2,none,,27,https://www.musinsa.com/products/3863707
2026-09-01,커버낫,3864411,멀티 체크 셔츠 멀티,0.0,0,49000,49000,49000,0,0,0.0,100.0,1,high,24.08,6,2,none,,27,https://www.musinsa.com/products/3864411
2026-09-01,프리즘웍스,3870107,CIGARETTE POCKET CHAMBRAY SHIRT _ GREEN,0.0,0,80100,80100,89000,1,-8900,-10.0,100.0,1,medium,24.09,7,2,none,,27,https://www.musinsa.com/products/3870107
2026-09-01,르바,3870939,Pocket V-neck Knit Cardigan - Green,0.0,0,134100,134100,134100,0,0,0.0,100.0,1,high,24.09,6,2,none,,27,https://www.musinsa.com/products/3870939
2026-09-01,더뮤지엄비지터,3886363,BNG PRINTED CURVERD ZIPPER HOODY (GREY),0.0,0,58800,58800,58800,0,0,0.0,100.0,1,high,24.08,7,2,none,,27,https://www.musinsa.com/products/3886363
2026-09-01,커버낫,3887835,써머 투턱 세미와이드 슬랙스 블랙,0.61,21537,35550,35550,35550,0,0,0.0,100.0,1,high,24.08,6,2,none,,27,https://www.musinsa.com/products/3887835
2026-09-01,썬러브투어,3888027,W Element Polo Light Blue,0.0,0,59600,59600,40230,1,19370,48.15,100.0,1,medium,24.09,8,2,none,,27,https://www.musinsa.com/products/3888027
2026-09-01,브라운야드,3891739,"W 울 와이드 팬츠, 차콜",0.0,0,99000,99000,99000,0,0,0.0,100.0,1,high,24.01,8,2,none,,27,https://www.musinsa.com/products/3891739
2026-09-01,브라운야드,3891867,"워시드 트렌치 코트, 워시드 블랙",0.0,0,199000,199000,199000,0,0,0.0,100.0,1,high,24.01,8,2,none,,27,https://www.musinsa.com/products/3891867
2026-09-01,999휴머니티,3892315,워크 발란스 코트 (퍼플 그레이),0.0,0,318000,318000,318000,0,0,0.0,100.0,1,high,24.09,6,2,none,,27,https://www.musinsa.com/products/3892315
2026-09-01,트립르센스,3892955,[유튜버 PICK] 매트 커브드 버클 레더 벨트_브라운,0.0,0,38400,38400,38400,0,0,0.0,100.0,1,high,24.01,8,2,none,,27,https://www.musinsa.com/products/3892955
2026-09-01,어반드레스,3901595,High-neck Half Zip-up Crop Knit -3COL,0.0,0,44500,44500,44500,0,0,0.0,100.0,1,high,24.09,7,2,none,,27,https://www.musinsa.com/products/3901595
2026-09-01,디스이즈네버댓,3904795,2010 Original Crewneck Forest,0.0,0,44500,44500,44500,0,0,0.0,100.0,1,high,24.08,6,2,none,,27,https://www.musinsa.com/products/3904795
2026-09-01,커버낫,3905051,스트라이프 크로셰 하프 니트 블랙,0.0,0,49000,49000,49000,0,0,0.0,100.0,1,high,24.08,6,2,none,,27,https://www.musinsa.com/products/3905051
2026-09-01,아캄,3905755,Studded Cotton Blazer (Khaki),0.0,0,132300,132300,132300,0,0,0.0,100.0,1,high,24.09,6,2,none,,27,https://www.musinsa.com/products/3905755
2026-09-01,솔트앤초콜릿,3907547,와이드 밴딩 슬랙스 블랙 4W241V002,0.0,0,69440,69440,86800,1,-17360,-20.0,100.0,1,medium,24.08,7,2,none,,27,https://www.musinsa.com/products/3907547
2026-09-01,디스이즈네버댓,3920603,Flight Cargo Short - Olive Green,0.0,0,39600,39600,39600,0,0,0.0,100.0,1,high,24.08,6,2,none,,27,https://www.musinsa.com/products/3920603
2026-09-01,디스이즈네버댓,3920667,Torn Rayon S/S Shirt Multi,0.0,0,50000,50000,50000,0,0,0.0,100.0,1,high,24.08,6,2,none,,27,https://www.musinsa.com/products/3920667
2026-09-01,링서울,3922203,leather blouson jacket-black,7.22,948693,131389,148320,115360,1,32960,28.57,100.0,1,medium,23.5,18,4,none,,27,https://www.musinsa.com/products/3922203
2026-09-01,브라운야드,3922843,"파라슈트 팬츠, 올리브 그레이",0.0,0,124600,124600,124600,0,0,0.0,100.0,1,high,24.01,8,2,none,,27,https://www.musinsa.com/products/3922843
2026-09-01,브라운야드,3922971,"마운틴 파카, 올리브",0.0,0,199000,199000,199000,0,0,0.0,100.0,1,high,24.01,8,2,none,,27,https://www.musinsa.com/products/3922971
2026-09-01,999휴머니티,3925659,EVD 스웻 맨투맨 (핑크),0.0,0,89000,89000,89000,0,0,0.0,100.0,1,high,24.09,6,2,none,,27,https://www.musinsa.com/products/3925659
2026-09-01,커버낫,3926683,그라데이션 스트라이프 티셔츠 베이지,0.0,0,29000,29000,29000,0,0,0.0,100.0,1,high,24.08,6,2,none,,27,https://www.musinsa.com/products/3926683
2026-09-01,론론,3937307,SNAP OPEN SWEAT CARDIGAN MELANGE GREY,0.0,0,62370,62370,43120,1,19250,44.64,100.0,1,medium,24.09,7,2,none,,27,https://www.musinsa.com/products/3937307
2026-09-01,프렌다,3939227,ROUND LOGO RAGLAN SWEATSHIRT BLACK,0.0,0,34500,34500,34500,0,0,0.0,100.0,1,high,24.09,8,2,none,,27,https://www.musinsa.com/products/3939227
2026-09-01,어나더오피스,3939803,[SS] Santiago Chino Pants (Black),0.0,0,165000,165000,165000,0,0,0.0,100.0,1,high,24.09,8,2,none,,27,https://www.musinsa.com/products/3939803
2026-09-01,에이치덱스,3940187,팀 85 슬리브리스 (Yellow),0.46,11737,25350,25350,25350,0,0,0.0,100.0,1,high,24.09,6,2,none,,27,https://www.musinsa.com/products/3940187
2026-09-01,키르시,3940571,컬렉션 하프 슬리브 크롭 니트 [핑크],0.0,0,39500,39500,39500,0,0,0.0,100.0,1,high,24.08,6,2,none,,27,https://www.musinsa.com/products/3940571
2026-09-01,썬러브투어,3942235,Polartec® Delta Mockneck L/S Tee Ivory,0.0,0,47680,47680,44700,1,2980,6.67,100.0,1,medium,24.09,8,2,none,,27,https://www.musinsa.com/products/3942235
2026-09-01,틸아이다이,3947739,Race texured frill blouse_Ivory,0.0,0,83980,83980,83980,0,0,0.0,100.0,1,high,24.08,7,2,none,,27,https://www.musinsa.com/products/3947739
2026-09-01,더니트컴퍼니,3949979,수피마 코튼 하프 셔츠 [미드그레이],0.0,0,21200,21200,21200,0,0,0.0,23.14,0,low,24.0,5,1,none,,27,https://www.musinsa.com/products/3949979
2026-09-01,브라운야드,3956571,"니트 피케 셔츠, 라이트 그레이",0.0,0,99000,99000,99000,0,0,0.0,100.0,1,high,24.01,8,2,none,,27,https://www.musinsa.com/products/3956571
2026-09-01,무드인사이드,3958939,(summer)스톤 아이스 세미오버 RN셔츠 _Blue,0.0,0,35900,35900,35900,0,0,0.0,100.0,1,high,24.09,8,2,none,,27,https://www.musinsa.com/products/3958939
2026-09-01,마인드브릿지,3963035,유틸리티나일론트러커 MYJP3141,0.0,0,59900,59900,59900,0,0,0.0,100.0,1,high,24.09,6,2,none,,27,https://www.musinsa.com/products/3963035
2026-09-01,락케이크,3964379,Lace Line 2way Jogger - Gray,3.46,136526,39428,38590,44100,1,-5510,-12.49,100.0,1,medium,24.09,13,2,none,,27,https://www.musinsa.com/products/3964379
2026-09-01,슈퍼서브,3966427,샌드 워싱 데님 쇼츠 - 라이트 블루,0.59,5877,9900,9900,9900,0,0,0.0,100.0,1,high,24.0,10,6,none,,27,https://www.musinsa.com/products/3966427
2026-09-01,파르티멘토 우먼,3973723,더블 레이어드 웨이스트 카고 팬츠_라이트 카키,0.0,0,112590,112590,87570,1,25020,28.57,100.0,1,medium,24.09,6,2,none,,27,https://www.musinsa.com/products/3973723
2026-09-01,파르티멘토 우먼,3973915,레이스 플레어 맥시 스커트_차콜,0.0,0,50220,50220,39060,1,11160,28.57,100.0,1,medium,24.09,6,2,none,,27,https://www.musinsa.com/products/3973915
2026-09-01,키뮤어,3974619,하프집업 반팔 니트_그레이쉬 블루,0.0,0,20700,20700,20700,0,0,0.0,100.0,1,high,24.09,7,2,none,,27,https://www.musinsa.com/products/3974619
2026-09-01,키뮤어,3976539,린넨 체크 웨스턴 라인 반팔 셔츠_네이비,0.0,0,34500,34500,34500,0,0,0.0,100.0,1,high,24.09,7,2,none,,27,https://www.musinsa.com/products/3976539
2026-09-01,마인드브릿지,3989403,[쿨]테이퍼드투톤밴딩팬츠 - 2color MYPT3102,0.0,0,39900,39900,39900,0,0,0.0,100.0,1,high,24.09,6,2,none,,27,https://www.musinsa.com/products/3989403
2026-09-01,시눈,3997531,[지현서 착용] Pattern Scrunch (Apricot),0.0,0,17920,17920,17920,0,0,0.0,100.0,1,high,24.09,6,2,none,,27,https://www.musinsa.com/products/3997531
2026-09-01,키르시,3997915,핫픽스 트럼펫 데님 스커트 [블루],0.0,0,64500,64500,64500,0,0,0.0,100.0,1,high,24.08,6,2,none,,27,https://www.musinsa.com/products/3997915
2026-09-01,아웃스탠딩,3997979,V.S.C TEE(GOLD COAST RUNNERS)_NAVY,0.14,5378,38700,38700,38700,0,0,0.0,100.0,1,low,24.08,7,2,none,,27,https://www.musinsa.com/products/3997979
2026-09-01,에스피오나지,4008283,Wyoming Cowboys Heavyweight Tee Off White,1.98,65063,32900,32900,32900,0,0,0.0,100.0,1,high,24.09,7,2,none,,27,https://www.musinsa.com/products/4008283
2026-09-01,썸웨어버터,4012699,PP mini backpack - silver,0.0,0,139000,139000,97300,1,41700,42.86,100.0,1,medium,24.01,8,2,none,,27,https://www.musinsa.com/products/4012699
2026-09-01,가까이 유니언즈,4013019,샌드 비치 피그먼트 버뮤다 팬츠 다이브 블루,0.0,0,34400,34400,34400,0,0,0.0,100.0,1,high,24.09,6,2,none,,27,https://www.musinsa.com/products/4013019
2026-09-01,코드그라피,4023835,(우먼) COOL 절개 4부 쇼츠_스카이블루,0.0,0,14710,14710,14710,0,0,0.0,100.0,1,high,24.09,6,2,none,,27,https://www.musinsa.com/products/4023835
2026-09-01,커버낫,4024667,린넨 쇼츠 아이보리,0.61,17554,29000,29000,29000,0,0,0.0,100.0,1,high,24.08,6,2,none,,27,https://www.musinsa.com/products/4024667
2026-09-01,해비즘,4036507,LLF UNIFORM S/S TEE(SKY BLUE),0.48,9732,20250,20250,20250,0,0,0.0,100.0,1,high,24.01,8,2,none,,27,https://www.musinsa.com/products/4036507
2026-09-01,디스이즈네버댓,4037019,Old Truck Tee Lemon,0.0,0,19600,19600,19600,0,0,0.0,100.0,1,high,24.08,6,2,none,,27,https://www.musinsa.com/products/4037019
2026-09-01,꼼파뇨,4038043,스크림 피그먼트 반팔티 다크블루,0.0,0,32500,32500,25000,1,7500,30.0,100.0,1,medium,24.09,6,2,none,,27,https://www.musinsa.com/products/4038043
2026-09-01,언더오프,4038299,오버핏 크루넥 그래피티 백로고 반팔 티셔츠 화이트그린,0.0,0,23900,23900,23900,0,0,0.0,100.0,1,high,24.08,6,2,none,,27,https://www.musinsa.com/products/4038299
2026-09-01,필루미네이트,4042523,태그 로고 피그먼트 티셔츠-3Color,0.0,0,25000,25000,25000,0,0,0.0,100.0,1,high,24.01,8,2,none,,27,https://www.musinsa.com/products/4042523
2026-09-01,유니폼브릿지,4047835,open collar roll-up shirt(womens) pink,0.0,0,41710,41710,27800,1,13910,50.04,100.0,1,medium,24.08,7,2,none,,27,https://www.musinsa.com/products/4047835
2026-09-01,디미트리블랙,4055771,VLAD 피그먼트 슬래쉬 반팔 티셔츠_차콜,0.0,0,26900,26900,26900,0,0,0.0,100.0,1,high,24.08,6,2,none,,27,https://www.musinsa.com/products/4055771
2026-09-01,어나더오피스,4063643,Volume Shirt (Mild Brown),0.0,0,80600,80600,111600,1,-31000,-27.78,100.0,1,medium,24.09,8,2,none,,27,https://www.musinsa.com/products/4063643
2026-09-01,시눈,4065051,Flower Puff T-Shirt (White),0.0,0,29680,29680,29680,0,0,0.0,100.0,1,high,24.09,6,2,none,,27,https://www.musinsa.com/products/4065051
2026-09-01,론론,4065371,PINTUCK LACE PUFF MINI DRESS IVORY,0.0,0,89100,89100,61600,1,27500,44.64,100.0,1,medium,24.09,7,2,none,,27,https://www.musinsa.com/products/4065371
2026-09-01,레더리,4067611,카고 데님 미니 스커트 [VINTAGE BLUE],0.0,0,34080,34080,29820,1,4260,14.29,100.0,1,medium,24.09,6,2,none,,27,https://www.musinsa.com/products/4067611
2026-09-01,브라운야드,4069595,"에센셜 티셔츠, 베이지",0.0,0,38000,38000,38000,0,0,0.0,100.0,1,high,24.01,8,2,none,,27,https://www.musinsa.com/products/4069595
2026-09-01,제멋,4080155,에픽 라이크 린넨 반팔 카라 니트 블루 SOKN2562,0.0,0,38900,38900,38900,0,0,0.0,100.0,1,high,24.09,7,2,none,,27,https://www.musinsa.com/products/4080155
2026-09-01,코드그라피,4083739,SUNNY DAYS 반팔 티셔츠_블루,0.0,0,17600,17600,17600,0,0,0.0,100.0,1,high,24.09,6,2,none,,27,https://www.musinsa.com/products/4083739
2026-09-01,에이치덱스,4089691,아쿠아 롱 슬리브 래쉬가드 (White),0.0,0,41300,41300,41300,0,0,0.0,100.0,1,high,24.09,6,2,none,,27,https://www.musinsa.com/products/4089691
2026-09-01,엑스트라오디너리,4090075,LAYERD SHORTS   IVORY,0.0,0,64500,64500,64500,0,0,0.0,100.0,1,high,24.09,6,2,none,,27,https://www.musinsa.com/products/4090075
2026-09-01,프리즘웍스,4095899,POUCH POCKET SWEAT SHORTS _ BLACK BROWN,0.0,0,39000,39000,39000,0,0,0.0,100.0,1,high,24.09,7,2,none,,27,https://www.musinsa.com/products/4095899
2026-09-01,어나더오피스,4098331,Current Silk V-neck Knit (Mild Brown),0.0,0,124200,124200,124200,0,0,0.0,100.0,1,high,24.09,8,2,none,,27,https://www.musinsa.com/products/4098331
2026-09-01,더블유엠씨,4101915,라인 윈드브레이커_PINK,0.0,0,71550,71550,71550,0,0,0.0,100.0,1,high,24.01,8,2,none,,27,https://www.musinsa.com/products/4101915
2026-09-01,마인드브릿지,4104603,하프집업카라니트 - 3color MYKT31N2,0.0,0,29900,29900,29900,0,0,0.0,100.0,1,high,24.09,6,2,none,,27,https://www.musinsa.com/products/4104603
2026-09-01,시야쥬,4107099,SIAC3046 소가죽 우드굽 샌들_Cream,0.0,0,177300,177300,137900,1,39400,28.57,100.0,1,medium,24.08,6,2,none,,27,https://www.musinsa.com/products/4107099
2026-09-01,유라고,4109915,Edition eco bag,0.0,0,26600,26600,26600,0,0,0.0,100.0,1,high,24.09,6,2,none,,27,https://www.musinsa.com/products/4109915
2026-09-01,와이케이,4117595,체크 복서 쇼츠 블루,0.0,0,23600,23600,23600,0,0,0.0,100.0,1,high,24.01,8,2,none,,27,https://www.musinsa.com/products/4117595
2026-09-01,더블유엠씨,4120731,[히나‘s pick] 복서 돌핀 팬츠_BROWN,0.0,0,20700,20700,20700,0,0,0.0,100.0,1,high,24.01,8,2,none,,27,https://www.musinsa.com/products/4120731
2026-09-01,슈퍼서브,4122331,[2PACK]컷 오프 그런지 체크 셔츠,0.0,0,69900,69900,69900,0,0,0.0,76.91,0,low,24.08,5,1,none,,27,https://www.musinsa.com/products/4122331
2026-09-01,테이크이지,4125787,자이언트핏 8부 워시드 데님팬츠 (라이트블루),0.0,0,29500,29500,25900,1,3600,13.9,100.0,1,low,24.08,5,2,none,,27,https://www.musinsa.com/products/4125787
2026-09-01,언더오프,4126683,오버핏 크루넥 나인티스팝 로고 반팔 티셔츠 블랙,0.39,7045,17900,17900,17900,0,0,0.0,100.0,1,high,24.08,6,2,none,,27,https://www.musinsa.com/products/4126683
2026-09-01,메인부스,4132187,[패트와매트] QnA 티셔츠(블랙),1.99,53656,26900,26900,26900,0,0,0.0,100.0,1,high,24.09,6,2,none,,27,https://www.musinsa.com/products/4132187
2026-09-01,썸웨어버터,4132763,May Lace Mini Dress - Ivory,0.0,0,159000,159000,111300,1,47700,42.86,100.0,1,medium,24.01,8,2,none,,27,https://www.musinsa.com/products/4132763
2026-09-01,파르티멘토 우먼,4137435,쉬어 아노락 크루넥_네이비,0.0,0,61560,61560,47880,1,13680,28.57,100.0,1,medium,24.09,6,2,none,,27,https://www.musinsa.com/products/4137435
2026-09-01,제이엘브,4138523,APLQ 바스켓볼 쇼츠,0.0,0,37800,37800,37800,0,0,0.0,100.0,1,high,24.01,8,2,none,,27,https://www.musinsa.com/products/4138523
2026-09-01,워크온바디오프,4141851,WOBO 제로 슬랙스 [샌드베이지],0.0,0,31800,31800,31800,0,0,0.0,100.0,1,high,24.08,6,2,none,,27,https://www.musinsa.com/products/4141851
2026-09-01,어나더오피스,4149467,Volume Garment Shirt (Almost Black),0.0,0,118000,118000,112100,1,5900,5.26,100.0,1,medium,24.09,8,2,none,,27,https://www.musinsa.com/products/4149467
2026-09-01,바이젝,4161691,퍼펙트 특양면 로고 오버핏 긴팔 티셔츠_2Color,0.0,0,41400,41400,32000,1,9400,29.38,100.0,1,medium,24.08,6,2,none,,27,https://www.musinsa.com/products/4161691
2026-09-01,론론,4167195,BANDING TUBE TOP SLEEVELESS MINI DRESS BLACK,0.0,0,39600,39600,69300,1,-29700,-42.86,100.0,1,medium,24.09,7,2,none,,27,https://www.musinsa.com/products/4167195
2026-09-01,아틀리에 나인,4186523,BACK OPEN MINIMAL DRESS(OP-6168),0.0,0,83400,83400,83400,0,0,0.0,100.0,1,high,24.09,6,2,none,,27,https://www.musinsa.com/products/4186523
2026-09-01,링서울,4193051,soft banded shorts-pink,0.0,0,49410,49410,38430,1,10980,28.57,100.0,1,medium,24.01,8,2,none,,27,https://www.musinsa.com/products/4193051
2026-09-01,파르티멘토 우먼,4204507,쉬어 미디 스커트_퍼플 베이지,0.0,0,39690,39690,30870,1,8820,28.57,100.0,1,medium,24.09,6,2,none,,27,https://www.musinsa.com/products/4204507
2026-09-01,제멋,4214427,이지썸머 나일론 하프팬츠 차콜 OYSP2566,0.0,0,25900,25900,25900,0,0,0.0,100.0,1,high,24.09,7,2,none,,27,https://www.musinsa.com/products/4214427
2026-09-01,유라고,4236507,"URAGO x fi,ore Square keyring",0.0,0,60040,60040,60040,0,0,0.0,100.0,1,high,24.09,6,2,none,,27,https://www.musinsa.com/products/4236507
2026-09-01,파르티멘토 우먼,4245467,스터디드 오프숄더 니트 탑_레드,0.0,0,62100,62100,48300,1,13800,28.57,100.0,1,medium,24.09,6,2,none,,27,https://www.musinsa.com/products/4245467
2026-09-01,레더리,4249691,브루클린 스웨이드 쇼퍼백 [BLACK],0.0,0,36480,36480,31920,1,4560,14.29,100.0,1,medium,24.09,6,2,none,,27,https://www.musinsa.com/products/4249691
2026-09-01,디앤에스알,4252635,(우먼) 헤리티지 크롭 티셔츠 네이비,0.0,0,36000,36000,36000,0,0,0.0,100.0,1,high,24.09,6,2,none,,27,https://www.musinsa.com/products/4252635
2026-09-01,필루미네이트,4256347,브러쉬 워시드 데님 팬츠-블랙,0.0,0,37000,37000,37000,0,0,0.0,100.0,1,high,24.01,8,2,none,,27,https://www.musinsa.com/products/4256347
2026-09-01,1993스튜디오,4258779,엔젤 코듀로이 볼캡_브릭,0.0,0,38500,38500,38500,0,0,0.0,100.0,1,high,24.08,6,2,none,,27,https://www.musinsa.com/products/4258779
2026-09-01,1993스튜디오,4259035,드로잉 그래픽 스웨트 셔츠_오트베이지,0.0,0,44500,44500,44500,0,0,0.0,100.0,1,high,24.08,6,2,none,,27,https://www.musinsa.com/products/4259035
2026-09-01,러프사이드,4259227,Wool Field Jacket Dark Navy,0.0,0,288000,288000,288000,0,0,0.0,100.0,1,high,24.09,6,2,none,,27,https://www.musinsa.com/products/4259227
2026-09-01,1993스튜디오,4259291,빈티지 피그먼트 벌룬핏 후드 집업_더스티핑크,0.0,0,79200,79200,79200,0,0,0.0,100.0,1,high,24.08,6,2,none,,27,https://www.musinsa.com/products/4259291
2026-09-01,언더오프,4261979,어센틱 릴렉스드 유니버시티 맨투맨 스웨트 그린,0.0,0,34900,34900,28900,1,6000,20.76,100.0,1,medium,24.08,6,2,none,,27,https://www.musinsa.com/products/4261979
2026-09-01,제너럴아이디어,4266587,에센셜 리브드 브이넥 가디건 [BLACK] / WBD3L04502,0.0,0,47000,47000,47000,0,0,0.0,100.0,1,high,24.08,7,2,none,,27,https://www.musinsa.com/products/4266587
2026-09-01,리메인세컨드,4272219,오버핏 하프집업 카라넥 스웨트 셔츠 [그레이],0.71,18156,25500,25500,25500,0,0,0.0,100.0,1,high,24.09,6,2,none,,27,https://www.musinsa.com/products/4272219
2026-09-01,드로우핏 우먼,4274011,미니멀 케이블 브이넥 가디건 [PINK],0.0,0,66600,66600,66600,0,0,0.0,100.0,1,high,24.09,8,2,none,,27,https://www.musinsa.com/products/4274011
2026-09-01,노매뉴얼,4279515,NM HAIRY BEANIE - KHAKI,0.0,0,35100,35100,35100,0,0,0.0,100.0,1,high,24.09,6,2,none,,27,https://www.musinsa.com/products/4279515
2026-09-01,노매뉴얼,4279899,RAW EDGE DOUBLE KNEE PANTS - WASHED BLACK,0.0,0,51600,51600,51600,0,0,0.0,100.0,1,high,24.09,6,2,none,,27,https://www.musinsa.com/products/4279899
2026-09-01,나인제트,4284379,피그먼트 포커스 오버핏 긴팔 티셔츠 (베이지) 24TL02,0.0,0,44100,44100,44100,0,0,0.0,100.0,1,high,24.09,6,2,none,,27,https://www.musinsa.com/products/4284379
2026-09-01,헬레네파리스,4285019,리브드 롱 슬리브 [화이트],0.0,0,24020,24020,24020,0,0,0.0,100.0,1,high,24.09,7,2,none,,27,https://www.musinsa.com/products/4285019
2026-09-01,트릴리온,4287323,스케이트보드 피그먼트 그래픽 레글런 롱 슬리브 (CHARCOAL),0.0,0,27900,27900,27900,0,0,0.0,100.0,1,high,24.09,6,2,none,,27,https://www.musinsa.com/products/4287323
2026-09-01,유니폼브릿지,4290267,denim pocket shirt 7.5oz black,0.0,0,41710,41710,41710,0,0,0.0,100.0,1,high,24.08,7,2,none,,27,https://www.musinsa.com/products/4290267
2026-09-01,데케트,4300635,Half Bleach Wide Jeans DCPT053BlackB,0.0,0,31000,31000,31000,0,0,0.0,100.0,1,high,24.09,6,2,none,,27,https://www.musinsa.com/products/4300635
2026-09-01,드로우핏,4306075,콘스탄트 벌키 라운드 집업 니트 [BLACK],0.0,0,69300,69300,69300,0,0,0.0,100.0,1,high,24.08,6,2,none,,27,https://www.musinsa.com/products/4306075
2026-09-01,디미트리블랙,4308187,VLAD 원턱 피그먼트 페이드 워싱 스웻 팬츠_블랙,2.81,95365,33900,33900,33900,0,0,0.0,100.0,1,high,24.0,16,4,none,,27,https://www.musinsa.com/products/4308187
2026-09-01,코드그라피,4309979,럭비 메쉬 져지 롱슬리브_화이트,0.23,11139,48300,48300,39900,1,8400,21.05,100.0,1,medium,24.08,6,2,none,,27,https://www.musinsa.com/products/4309979
2026-09-01,마인드브릿지,4312795,[COUTURE]조직변형오버핏맨투맨 - 2color MYTS6170,0.0,0,19900,19900,19900,0,0,0.0,100.0,1,high,24.08,6,2,none,,27,https://www.musinsa.com/products/4312795
2026-09-01,마인드브릿지,4313179,체크세미오버핏셔츠 MYWS6155,0.0,0,19900,19900,19900,0,0,0.0,100.0,1,high,24.09,6,2,none,,27,https://www.musinsa.com/products/4313179
2026-09-01,비긴202,4316187,코튼 드릴 투턱 팬츠 [빈티지 블랙],1.92,85924,44700,44700,44700,0,0,0.0,100.0,1,high,24.0,17,6,none,,27,https://www.musinsa.com/products/4316187
2026-09-01,커버낫,4322651,빅 C 로고 크루넥 니트 멜란지 그레이,0.0,0,49500,49500,49500,0,0,0.0,100.0,1,high,24.08,6,2,none,,27,https://www.musinsa.com/products/4322651
2026-09-01,스키즘 인듀싱,4323355,BANDANA CHAIN BLACK,0.02,824,52200,46400,52200,1,-5800,-11.11,100.0,1,medium,24.09,7,2,none,,27,https://www.musinsa.com/products/4323355
2026-09-01,틸아이다이,4324379,Dolphin line cotton shirt_Ivory,0.86,69230,80750,80750,80750,0,0,0.0,100.0,1,high,24.08,7,2,none,,27,https://www.musinsa.com/products/4324379
2026-09-01,나이스고스트클럽,4324635,GRAFFITI BAD HOODIE_GREY(NG2EFUM405A),0.0,0,48060,48060,37380,1,10680,28.57,100.0,1,medium,24.01,8,2,none,,27,https://www.musinsa.com/products/4324635
2026-09-01,나이스고스트클럽,4324763,SKULL RIBBON WAFFLE L/S TEE_CHARCOAL(NG2EFUT557A),0.0,0,53460,53460,41580,1,11880,28.57,100.0,1,medium,24.01,8,2,none,,27,https://www.musinsa.com/products/4324763
2026-09-01,후드후드,4325275,에일리언 그래픽 오버핏 롱슬리브 티셔츠 블랙,0.77,30955,40370,40370,40370,0,0,0.0,100.0,1,high,24.08,6,2,none,,27,https://www.musinsa.com/products/4325275
2026-09-01,러브이즈트루,4326235,BASIC COLOR SCHEME PANTS(CAMO),0.0,0,48450,48450,39900,1,8550,21.43,100.0,1,medium,24.01,8,2,none,,27,https://www.musinsa.com/products/4326235
2026-09-01,드로우핏,4327323,타이디 미니멀 스트라이프 셔츠 [WHITE],2.3,113869,49500,49500,49500,0,0,0.0,100.0,1,high,24.08,11,2,none,,27,https://www.musinsa.com/products/4327323
2026-09-01,트릴리온,4328603,스케이트보드 그래픽 오버핏 후드 (NAVY),0.0,0,29700,29700,29700,0,0,0.0,100.0,1,high,24.09,6,2,none,,27,https://www.musinsa.com/products/4328603
2026-09-01,트립르센스,4329755,소프트 앤 마일드 미니멀 체크 셔츠 _베이지,0.0,0,62400,62400,62400,0,0,0.0,100.0,1,high,24.01,8,2,none,,27,https://www.musinsa.com/products/4329755
2026-09-01,에이치덱스,4329883,우먼스 피그먼트 하이넥 집업 (Pigment Charcoal),0.23,12307,53400,53400,53400,0,0,0.0,100.0,1,high,24.08,6,2,none,,27,https://www.musinsa.com/products/4329883
2026-09-01,프리즘웍스,4333531,SERVICE LABEL SWEATSHIRT _ OLIVE,0.0,0,31000,31000,31000,0,0,0.0,100.0,1,high,24.09,7,2,none,,27,https://www.musinsa.com/products/4333531
2026-09-01,트리밍버드,4344027,Back-less Strap Long Sleeve [ White ],0.0,0,109000,109000,109000,0,0,0.0,100.0,1,high,24.09,7,2,none,,27,https://www.musinsa.com/products/4344027
2026-09-01,드헤베,4344923,Out Pocket Single Tweed Jacket [Gray],0.0,0,98690,98690,98690,0,0,0.0,100.0,1,high,24.08,6,2,none,,27,https://www.musinsa.com/products/4344923
2026-09-01,디스이즈네버댓,4344987,Originals Overdyed Pant Grey,0.0,0,79500,79500,79500,0,0,0.0,100.0,1,high,24.08,6,2,none,,27,https://www.musinsa.com/products/4344987
2026-09-01,로우로우,4345115,R TRUNK PRO&PILOT 커버 [2size],0.0,0,35100,35100,35100,0,0,0.0,100.0,1,high,24.01,8,2,none,,27,https://www.musinsa.com/products/4345115
2026-09-01,어나더오피스,4349339,Legacy Knit Tie (Black),0.0,0,68000,68000,68000,0,0,0.0,100.0,1,high,24.09,8,2,none,,27,https://www.musinsa.com/products/4349339
2026-09-01,스키즘 인듀싱,4349851,CRAZY PATCHWORK TOP BEIGE,0.0,0,64800,64800,75600,1,-10800,-14.29,100.0,1,medium,24.09,7,2,none,,27,https://www.musinsa.com/products/4349851
2026-09-01,노이어,4353499,클래식 스트라이프 셔츠 (화이트),0.98,72062,73500,73500,73500,0,0,0.0,100.0,1,high,24.09,7,2,none,,27,https://www.musinsa.com/products/4353499
2026-09-01,무센트,4358555,하트 레터링 후드 티 남녀공용 (3컬러),1.21,42196,34930,34930,42420,1,-7490,-17.66,100.0,1,medium,24.08,6,2,none,,27,https://www.musinsa.com/products/4358555
2026-09-01,무센트,4359003,아이코닉 체크 후드 셔츠 (남녀공용),0.0,0,41930,41930,59900,1,-17970,-30.0,100.0,1,medium,24.08,6,2,none,,27,https://www.musinsa.com/products/4359003
2026-09-01,카네이테이,4361691,WEST POINT N.Y. NYLON JERSY (BLACK),0.0,0,46480,46480,62250,1,-15770,-25.33,100.0,1,medium,24.08,7,2,none,,27,https://www.musinsa.com/products/4361691
2026-09-01,소버먼트,4365851,980G 피그먼트 스웨트 팬츠-스톤 네이비-,0.0,0,64200,64200,64200,0,0,0.0,100.0,1,high,24.01,8,2,none,,27,https://www.musinsa.com/products/4365851
2026-09-01,시야쥬,4369307,SIOT4114 캐서린 오버핏 트위드 자켓_Black,0.0,0,177840,177840,208000,1,-30160,-14.5,100.0,1,medium,24.08,6,2,none,,27,https://www.musinsa.com/products/4369307
2026-09-01,시야쥬,4369947,SIKN2126 메리노 울 미니멀 가디건_Red,0.0,0,110300,110300,129000,1,-18700,-14.5,100.0,1,medium,24.08,6,2,none,,27,https://www.musinsa.com/products/4369947
2026-09-01,더바이닐하우스,4371675,CORDUROY WESTERN SHIRTS KHAKI,0.0,0,47320,47320,82850,1,-35530,-42.88,100.0,1,medium,24.08,6,2,none,,27,https://www.musinsa.com/products/4371675
2026-09-01,더바이닐하우스,4371803,ROUND POCKET KNIT ZIP-UP GREY,0.0,0,82810,82810,109860,1,-27050,-24.62,100.0,1,medium,24.08,6,2,none,,27,https://www.musinsa.com/products/4371803
2026-09-01,넌블랭크,4373339,[CARREMAN] 세미 와이드 핏 슬랙스_GREY,1.01,47709,47200,47200,47200,0,0,0.0,100.0,1,low,24.01,7,2,none,,27,https://www.musinsa.com/products/4373339
2026-09-01,노티카,4373915,아치로고 스웨트셔츠(라이트베이지),0.0,0,69300,69300,69300,0,0,0.0,100.0,1,high,24.09,6,2,none,,27,https://www.musinsa.com/products/4373915
2026-09-01,어반드레스,4376539,Ribbon Wide Cargo Pants BLUE,0.0,0,66000,66000,66000,0,0,0.0,100.0,1,high,24.09,7,2,none,,27,https://www.musinsa.com/products/4376539
2026-09-01,브라운야드,4379675,"스윙 자켓, 다크 네이비",0.0,0,378000,378000,378000,0,0,0.0,100.0,1,high,24.01,8,2,none,,27,https://www.musinsa.com/products/4379675
2026-09-01,인템포무드,4380123,범프 워시드 카고 팬츠_차콜,0.0,0,48000,48000,48000,0,0,0.0,100.0,1,high,24.08,6,2,none,,27,https://www.musinsa.com/products/4380123
2026-09-01,미나브,4380187,논페이드 데님 워크 자켓 [인디고],0.0,0,79200,79200,103200,1,-24000,-23.26,100.0,1,medium,24.09,8,2,none,,27,https://www.musinsa.com/products/4380187
2026-09-01,인사일런스 우먼,4383323,빈티지 카펜터 데님 DARK GREY,0.0,0,125600,125600,125600,0,0,0.0,100.0,1,high,24.09,7,2,none,,27,https://www.musinsa.com/products/4383323
2026-09-01,아틀리에 나인,4387611,LUNA SET-UP CHECK JACKET(JK-2960),0.0,0,178200,178200,178200,0,0,0.0,100.0,1,high,24.09,6,2,none,,27,https://www.musinsa.com/products/4387611
2026-09-01,세터,4387739,스크런치 미니 토트 앤 크로스 백 블랙,0.0,0,109000,109000,109000,0,0,0.0,100.0,1,high,24.09,6,2,none,,27,https://www.musinsa.com/products/4387739
2026-09-01,브룩스 브라더스,4388443,1818 스톰 시스템 탑 코트 (네이비) (BBCSMM5002QEF),0.0,0,1094000,1094000,1193000,1,-99000,-8.3,100.0,1,medium,24.01,8,2,none,,27,https://www.musinsa.com/products/4388443
2026-09-01,제로,4392795,Washed Wide Denim Pants [2 Colors],0.0,0,38500,38500,38500,0,0,0.0,100.0,1,high,24.09,6,2,none,,27,https://www.musinsa.com/products/4392795
2026-09-01,나이스고스트클럽,4393563,PANEL STITCH JEANS_BLACK(NG2EFUD113A),0.0,0,80460,80460,62580,1,17880,28.57,100.0,1,medium,24.01,8,2,none,,27,https://www.musinsa.com/products/4393563
2026-09-01,나이스고스트클럽,4393627,MANIAC GIRL CAP_BLACK(NG2EFUAB27A),0.0,0,26460,26460,20580,1,5880,28.57,100.0,1,medium,24.01,8,2,none,,27,https://www.musinsa.com/products/4393627
2026-09-01,유라고,4400155,Knit scrunchie,0.0,0,33440,33440,33440,0,0,0.0,100.0,1,high,24.09,6,2,none,,27,https://www.musinsa.com/products/4400155
2026-09-01,유라고,4402715,Satin banding pants,0.0,0,95760,95760,95760,0,0,0.0,100.0,1,high,24.09,6,2,none,,27,https://www.musinsa.com/products/4402715
2026-09-01,브라운야드,4403163,"퓨어 울 투 턱 팬츠, 블랙",0.0,0,338000,338000,338000,0,0,0.0,100.0,1,high,24.01,8,2,none,,27,https://www.musinsa.com/products/4403163
2026-09-01,디스이즈네버댓,4403483,Striped Waffle Knit Hoodie Grey,0.0,0,79500,79500,79500,0,0,0.0,100.0,1,high,24.08,6,2,none,,27,https://www.musinsa.com/products/4403483
2026-09-01,어반드레스,4403675,Raven Art Leather Long Jacket BLACK X WHITE,0.0,0,126000,126000,126000,0,0,0.0,100.0,1,high,24.09,7,2,none,,27,https://www.musinsa.com/products/4403675
2026-09-01,어반드레스,4403803,V Vegan Leather Short Jacket BLACK,0.0,0,84000,84000,84000,0,0,0.0,100.0,1,high,24.09,7,2,none,,27,https://www.musinsa.com/products/4403803
2026-09-01,니티드,4409115,(W) 미니멀 AND 라운드 니트 BLACK,0.0,0,42240,42240,42240,0,0,0.0,100.0,1,high,24.08,6,2,none,,27,https://www.musinsa.com/products/4409115
2026-09-01,로제프란츠,4410523,Sketch Ribbon Hood Zip-up [Gray],0.0,0,71400,71400,62480,1,8920,14.28,100.0,1,medium,24.08,6,2,none,,27,https://www.musinsa.com/products/4410523
2026-09-01,로제프란츠,4411099,Two-way Bolero Sweatshirt [White],0.0,0,49400,49400,43230,1,6170,14.27,100.0,1,medium,24.08,6,2,none,,27,https://www.musinsa.com/products/4411099
2026-09-01,파르티멘토 우먼,4417243,93 차오 프린티드 롱 슬리브 티_화이트,0.0,0,44100,44100,34300,1,9800,28.57,100.0,1,medium,24.08,6,2,none,,27,https://www.musinsa.com/products/4417243
2026-09-01,파르티멘토 우먼,4417371,트랜스폼 레이어드 저지 롱슬리브 드레스_블랙,0.0,0,53100,53100,41300,1,11800,28.57,100.0,1,medium,24.08,6,2,none,,27,https://www.musinsa.com/products/4417371
2026-09-01,스키즘 인듀싱,4419419,FR ZIP UP HOODIE BLACK,0.0,0,142800,142800,190400,1,-47600,-25.0,100.0,1,medium,24.09,7,2,none,,27,https://www.musinsa.com/products/4419419
2026-09-01,밀로 아카이브,4419931,글로리 텍스트 니트 [그레이],0.0,0,82800,82800,77280,1,5520,7.14,100.0,1,medium,24.01,8,2,none,,27,https://www.musinsa.com/products/4419931
2026-09-01,세터,4420507,(W) 블러프 라쿤 칼라 니트 가디건 네이비,0.0,0,189000,189000,189000,0,0,0.0,100.0,1,high,24.09,6,2,none,,27,https://www.musinsa.com/products/4420507
2026-09-01,엘무드,4422427,LD 리브드 슬리브리스 ( 3 COLOR ),2.21,63256,28677,29200,26280,1,2920,11.11,100.0,1,medium,24.08,10,2,none,,27,https://www.musinsa.com/products/4422427
2026-09-01,프리즘웍스,4422939,PATCH ROUND PULLOVER KNIT _ OATMEAL,0.0,0,80100,80100,89000,1,-8900,-10.0,100.0,1,medium,24.09,7,2,none,,27,https://www.musinsa.com/products/4422939
2026-09-01,아틀리에 나인,4424923,LOND2 WAIST TUCK BLOUSE (Z-BL-4287),2.78,127146,45790,45790,53350,1,-7560,-14.17,100.0,1,medium,23.99,17,5,none,,27,https://www.musinsa.com/products/4424923
2026-09-01,제멋,4429339,[2PACK] 와이즈 오버핏 투웨이 후드집업 KJHD2594,0.0,0,74900,74900,74900,0,0,0.0,100.0,1,high,24.09,7,2,none,,27,https://www.musinsa.com/products/4429339
2026-09-01,필루미네이트,4430299,시그니처 웨이브 로고 후드 집 업-블랙,0.0,0,43000,43000,43000,0,0,0.0,100.0,1,high,24.01,8,2,none,,27,https://www.musinsa.com/products/4430299
2026-09-01,무센트,4431707,미아 레이어드 탑 가디건 티셔츠 (2컬러),0.6,12634,20930,20930,27810,1,-6880,-24.74,100.0,1,medium,24.08,6,2,none,,27,https://www.musinsa.com/products/4431707
2026-09-01,브룩스 브라더스,4433051,시어링 칼라 항공 점퍼 (올리브) (BBOJMM4869KEF),0.0,0,974000,974000,1053000,1,-79000,-7.5,100.0,1,medium,24.01,8,2,none,,27,https://www.musinsa.com/products/4433051
2026-09-01,칙스,4439515,Forget 롱 슬리브 티셔츠 White melange,0.0,0,27900,27900,27900,0,0,0.0,100.0,1,high,24.09,7,2,none,,27,https://www.musinsa.com/products/4439515
2026-09-01,아메스 월드와이드,4440027,BIG TYPO HOODIE BLACK,3.15,134254,42660,41440,44030,1,-2590,-5.88,100.0,1,medium,9.05,25,6,none,,27,https://www.musinsa.com/products/4440027
2026-09-01,어반드레스,4443675,Crover Handmade Wool Coat IVORY,0.0,0,99200,99200,99200,0,0,0.0,100.0,1,low,24.09,6,2,none,,27,https://www.musinsa.com/products/4443675
2026-09-01,어반드레스,4444187,Meryle Chain Mini Bag - 7COL,0.0,0,28460,28460,28460,0,0,0.0,100.0,1,high,24.09,7,2,none,,27,https://www.musinsa.com/products/4444187
2026-09-01,마인드브릿지,4448283,[호이테]카고 팬츠,0.0,0,47410,47410,47410,0,0,0.0,100.0,1,high,24.08,6,2,none,,27,https://www.musinsa.com/products/4448283
2026-09-01,세터,4452443,세터 키링 레더 에어팟 케이스 스카이 블루,0.0,0,59000,59000,59000,0,0,0.0,100.0,1,high,24.09,6,2,none,,27,https://www.musinsa.com/products/4452443
2026-09-01,스컬프터,4454747,Beaded Faux Fur Robe Black,0.0,0,204400,204400,255500,1,-51100,-20.0,100.0,1,medium,24.08,7,2,none,,27,https://www.musinsa.com/products/4454747
2026-09-01,밀로 아카이브,4456539,아카이브 에센스 가디건 [다크 마룬],0.0,0,84000,84000,84000,0,0,0.0,100.0,1,high,24.01,8,2,none,,27,https://www.musinsa.com/products/4456539
2026-09-01,브라운야드,4457947,"W 하이넥 스웨터, 블랙",0.0,0,152600,152600,152600,0,0,0.0,100.0,1,high,24.01,8,2,none,,27,https://www.musinsa.com/products/4457947
2026-09-01,피인오,4459995,9130  원턱 세미와이드 슬랙스-검정,1.0,53600,53600,48240,53600,1,-5360,-10.0,100.0,1,medium,24.01,11,4,none,,27,https://www.musinsa.com/products/4459995
2026-09-01,디스이즈네버댓,4460507,Multicolor Knit Beanie Grey,0.0,0,24500,24500,24500,0,0,0.0,100.0,1,high,24.08,6,2,none,,27,https://www.musinsa.com/products/4460507
2026-09-01,낫포너드,4461723,Vegan Leather Thorns Side Line Pants - Khaki,0.0,0,49000,49000,49000,0,0,0.0,100.0,1,high,24.08,6,2,none,,27,https://www.musinsa.com/products/4461723
2026-09-01,배드블러드,4465883,비욘드 소프트 롱슬리브 - 토바코,0.0,0,47200,47200,47200,0,0,0.0,100.0,1,high,24.09,7,2,none,,27,https://www.musinsa.com/products/4465883
2026-09-01,파르티멘토 우먼,4469083,코튼 워시드 워크 자켓_아이보리,0.0,0,152100,152100,118300,1,33800,28.57,100.0,1,medium,24.08,6,2,none,,27,https://www.musinsa.com/products/4469083
2026-09-01,파르티멘토 우먼,4469339,스터디드 니트 슬리브리스 탑_네이비,0.0,0,50220,50220,39060,1,11160,28.57,100.0,1,medium,24.09,6,2,none,,27,https://www.musinsa.com/products/4469339
2026-09-01,브렌슨,4473179,(Renew Ver.) 오버핏 긴팔티셔츠 ( 5Color ),0.0,0,20900,20900,20900,0,0,0.0,100.0,1,high,24.08,6,2,none,,27,https://www.musinsa.com/products/4473179
2026-09-01,아메스 월드와이드,4478107,CROP COWICHAN CARDIGAN IVORY,0.0,0,53760,53760,76800,1,-23040,-30.0,100.0,1,medium,24.08,6,2,none,,27,https://www.musinsa.com/products/4478107
2026-09-01,에이치덱스,4480987,우먼스 리브드 하이넥 하프 집업 (Brown),0.0,0,65600,65600,65600,0,0,0.0,100.0,1,high,24.08,6,2,none,,27,https://www.musinsa.com/products/4480987
2026-09-01,후드후드,4481627,에일리언 패디드 워싱 후드 점퍼 더스트블루,0.0,0,122270,122270,122270,0,0,0.0,100.0,1,high,24.08,6,2,none,,27,https://www.musinsa.com/products/4481627
2026-09-01,브라운야드,4485275,"스웨이드 하프 코트, 샌드",0.0,0,758000,758000,758000,0,0,0.0,100.0,1,high,24.01,8,2,none,,27,https://www.musinsa.com/products/4485275
2026-09-01,트립르센스,4485851,[AUSTRALIAN W90]오스트리안 울 원 사이드 코트_베이지,0.0,0,318400,318400,318400,0,0,0.0,100.0,1,high,24.01,8,2,none,,27,https://www.musinsa.com/products/4485851
2026-09-01,제너럴아이디어,4486427,UNISEX 뉴클래식 포플린 셔츠 [OLIVE] / SBD3U03002,0.0,0,53000,53000,53000,0,0,0.0,100.0,1,high,24.08,7,2,none,,27,https://www.musinsa.com/products/4486427
2026-09-01,키르시,4490203,컬렉션 빈티지 프린트 가디건 [그린],0.0,0,58000,58000,64500,1,-6500,-10.08,100.0,1,medium,24.08,6,2,none,,27,https://www.musinsa.com/products/4490203
2026-09-01,키르시,4490267,로우키 북클럽 레터링 래글런 후드 [레드],0.0,0,35500,35500,39500,1,-4000,-10.13,100.0,1,medium,24.08,6,2,none,,27,https://www.musinsa.com/products/4490267
2026-09-01,바우로 프로덕트,4491291,울 TR 와이드 슬랙스[차콜],0.0,0,89000,89000,89000,0,0,0.0,100.0,1,high,24.08,6,2,none,,27,https://www.musinsa.com/products/4491291
2026-09-01,더바이닐하우스,4493851,GRUNGE CARDIGAN GREY,0.0,0,72520,72520,155400,1,-82880,-53.33,100.0,1,medium,24.08,6,2,none,,27,https://www.musinsa.com/products/4493851
2026-09-01,후브스,4496219,플리스 밴딩 후드티 [5-Col],0.0,0,27500,27500,19200,1,8300,43.23,100.0,1,medium,24.08,6,2,none,,27,https://www.musinsa.com/products/4496219
2026-09-01,러브이즈트루,4497563,LVTR KNIT(BLACK),0.0,0,39890,39890,32850,1,7040,21.43,100.0,1,medium,24.01,8,2,none,,27,https://www.musinsa.com/products/4497563
2026-09-01,트리밍버드,4500123,Wide Knit Leg Warmer [ Black ],0.0,0,71200,71200,89000,1,-17800,-20.0,100.0,1,medium,24.09,7,2,none,,27,https://www.musinsa.com/products/4500123
2026-09-01,플랙,4500827,웰론 패딩 푸퍼 아이보리,0.0,0,89000,89000,89000,0,0,0.0,100.0,1,high,24.08,6,2,none,,27,https://www.musinsa.com/products/4500827
2026-09-01,무드인사이드,4505179,피그다잉 워크 자켓 블루종_Brown,0.0,0,79900,79900,79900,0,0,0.0,100.0,1,high,24.09,8,2,none,,27,https://www.musinsa.com/products/4505179
2026-09-01,인사일런스,4505307,[MERLOT] Paneled Fleece Jacket IVORY,0.0,0,167760,167760,167760,0,0,0.0,100.0,1,high,24.09,6,2,none,,27,https://www.musinsa.com/products/4505307
2026-09-01,코드그라피,4507739,(우먼) 포인트 라벨 삭스_2COLOR,0.77,2732,3560,3560,3560,0,0,0.0,100.0,1,high,24.08,6,2,none,,27,https://www.musinsa.com/products/4507739
2026-09-01,파르티멘토 우먼,4509787,타이 넥 스트랩 언발란스드 니트 탑_브라운,0.0,0,63990,63990,49770,1,14220,28.57,100.0,1,medium,24.08,6,2,none,,27,https://www.musinsa.com/products/4509787
2026-09-01,시그니처,4511899,브이넥 릴렉스 니트[블랙],0.0,0,39900,39900,39900,0,0,0.0,100.0,1,high,24.08,6,2,none,,27,https://www.musinsa.com/products/4511899
2026-09-01,더블유엠씨,4513819,비죠 하프 카라 니트 (4color),0.0,0,54500,54500,54500,0,0,0.0,100.0,1,high,24.01,8,2,none,,27,https://www.musinsa.com/products/4513819
2026-09-01,트릴리온,4514395,코듀로이 카라 스웨이드 집업 워크 자켓 [블랙],0.0,0,59000,59000,59000,0,0,0.0,10.5,0,low,24.0,5,1,none,,27,https://www.musinsa.com/products/4514395
2026-09-01,로제프란츠,4517019,Fur Round Cardigan [Beige],0.0,0,51680,51680,45220,1,6460,14.29,100.0,1,medium,24.08,6,2,none,,27,https://www.musinsa.com/products/4517019
2026-09-01,제너럴아이디어,4518427,UNISEX 퍼피 오버핏 기모 맨투맨 [WHITE MELANGE] / SBD4U02012,0.0,0,53000,53000,47200,1,5800,12.29,100.0,1,medium,24.08,7,2,none,,27,https://www.musinsa.com/products/4518427
2026-09-01,에이치덱스,4520731,우먼스 서포트 웜업 레깅스 (Black),0.0,0,36750,36750,36750,0,0,0.0,100.0,1,high,24.08,6,2,none,,27,https://www.musinsa.com/products/4520731
2026-09-01,더블유엠씨,4520923,몬스터 아치 맨투맨_NAVY,0.0,0,35550,35550,35550,0,0,0.0,100.0,1,high,24.01,8,2,none,,27,https://www.musinsa.com/products/4520923
2026-09-01,바이젝,4525787,F-22 머슬 브레이커 자켓,0.0,0,90000,90000,70000,1,20000,28.57,100.0,1,medium,24.08,6,2,none,,27,https://www.musinsa.com/products/4525787
2026-09-01,솔트앤초콜릿,4527003,라운드 토 바이커 미들 부츠 412446008 (4cm/2colors),0.0,0,77400,77400,96750,1,-19350,-20.0,100.0,1,medium,24.08,7,2,none,,27,https://www.musinsa.com/products/4527003
2026-09-01,웬즈데이오아시스,4537051,올웨이즈 아틀리에 퀼팅 니트 가디건 2COLOR,0.0,0,81200,81200,81200,0,0,0.0,100.0,1,high,24.09,8,2,none,,27,https://www.musinsa.com/products/4537051
2026-09-01,무센트,4546587,사이드 원형 로고 후드 티 남녀공용 (2컬러),0.0,0,47090,47090,49900,1,-2810,-5.63,100.0,1,medium,24.08,6,2,none,,27,https://www.musinsa.com/products/4546587
2026-09-01,아틀리에 나인,4547995,BOUCLE WOOL OVERSIZED JACKET(JK-2993),0.0,0,268200,268200,268200,0,0,0.0,100.0,1,high,24.09,6,2,none,,27,https://www.musinsa.com/products/4547995
2026-09-01,제너럴아이디어,4563099,레더 핀턱 미디스커트 [BLACK] / WBD4L13513,0.0,0,39900,39900,39900,0,0,0.0,100.0,1,high,24.08,7,2,none,,27,https://www.musinsa.com/products/4563099
2026-09-01,와이케이,4563867,톤온톤 체크 머플러 베이지,0.0,0,27300,27300,27300,0,0,0.0,100.0,1,high,24.01,8,2,none,,27,https://www.musinsa.com/products/4563867
2026-09-01,후드후드,4569435,에일리언 카라 집업 가디건 라이트퍼플,0.0,0,80460,80460,80460,0,0,0.0,100.0,1,high,24.08,6,2,none,,27,https://www.musinsa.com/products/4569435
2026-09-01,배드블러드,4572443,비욘드 소프트 오프숄더 탑 - 토바코,0.0,0,52000,52000,49730,1,2270,4.56,100.0,1,medium,24.09,7,2,none,,27,https://www.musinsa.com/products/4572443
2026-09-01,더바이닐하우스,4573723,DYING STAR HOODIE BLACK,0.0,0,62580,62580,81280,1,-18700,-23.01,100.0,1,medium,24.08,6,2,none,,27,https://www.musinsa.com/products/4573723
2026-09-01,파르티멘토 우먼,4576219,3M 신슐레이트 2WAY 리버시블 후디드 파카_아이보리,0.0,0,177390,177390,137970,1,39420,28.57,100.0,1,medium,24.08,6,2,none,,27,https://www.musinsa.com/products/4576219
2026-09-01,파르티멘토 우먼,4576411,후디드 포켓 니트 머플러_멜란지,0.0,0,54190,54190,54190,0,0,0.0,100.0,1,high,24.08,6,2,none,,27,https://www.musinsa.com/products/4576411
2026-09-01,다이브인,4583771,WIDE CURVED DENIM PANTS (WASHED BLACK),0.6,59160,98100,98100,109000,1,-10900,-10.0,100.0,1,medium,24.08,6,2,none,,27,https://www.musinsa.com/products/4583771
2026-09-01,디스이즈네버댓,4588699,TNT TEMBEA Pass Case Navy/Camo,0.0,0,59500,59500,59500,0,0,0.0,100.0,1,high,24.08,6,2,none,,27,https://www.musinsa.com/products/4588699
2026-09-01,아틀리에 나인,4595099,FLOWER EMBROIDE VEST(VT-0273),0.0,0,71100,71100,71100,0,0,0.0,100.0,1,high,24.09,6,2,none,,27,https://www.musinsa.com/products/4595099
2026-09-01,어나더오피스,4595291,Scape Polo Wool Cardigan (Mole),0.0,0,148500,148500,,0,,,98.32,0,medium,24.09,5,1,none,,27,https://www.musinsa.com/products/4595291
2026-09-01,어나더오피스,4595355,Snowman Hooded Down Jacket (Light Purple),0.0,0,236600,236600,,0,,,98.32,0,medium,24.09,5,1,none,,27,https://www.musinsa.com/products/4595355
2026-09-01,트리밍버드,4598299,Traum Balmacaan Long Coat [ Khaki Brown ],0.0,0,489000,489000,489000,0,0,0.0,100.0,1,high,24.09,7,2,none,,27,https://www.musinsa.com/products/4598299
2026-09-01,와르,4604187,M243 플레어 핏 데님 팬츠_블랙,0.14,4546,32400,32400,32400,0,0,0.0,100.0,1,high,24.08,7,2,none,,27,https://www.musinsa.com/products/4604187
2026-09-01,파르티멘토,4612443,VTG 워시드 보아 플리스 무톤 자켓 블루쉬 차콜,0.0,0,93600,93600,84240,1,9360,11.11,100.0,1,medium,24.0,9,4,none,,27,https://www.musinsa.com/products/4612443
2026-09-01,어나더오피스,4614747,Santiago Cashmere Sports Jacket (Heather Charcoal),0.0,0,276000,276000,,0,,,98.32,0,medium,24.09,5,1,none,,27,https://www.musinsa.com/products/4614747
2026-09-01,트리밍버드,4616027,Solid Velour Corduroy Back Pocket Logo Pants [ Black ],0.0,0,151200,151200,189000,1,-37800,-20.0,100.0,1,medium,24.09,7,2,none,,27,https://www.musinsa.com/products/4616027
2026-09-01,썸웨어버터,4638107,Square Tote Bag - 4Color,0.0,0,87200,87200,87200,0,0,0.0,100.0,1,high,24.01,8,2,none,,27,https://www.musinsa.com/products/4638107
2026-09-01,아틀리에 나인,4644891,SHINE SATIN LAYERED SKIRT(SK-4984),0.0,0,143100,143100,143100,0,0,0.0,100.0,1,high,24.09,6,2,none,,27,https://www.musinsa.com/products/4644891
2026-09-01,니티드,4645595,캣츠 밴드 라운드 니트 BLACK,0.0,0,41580,41580,41580,0,0,0.0,100.0,1,high,24.08,6,2,none,,27,https://www.musinsa.com/products/4645595
2026-09-01,키르시,4646299,키즈 자카드 니트 팬츠 [멜란지 그레이],0.0,0,44500,44500,44500,0,0,0.0,100.0,1,high,24.08,6,2,none,,27,https://www.musinsa.com/products/4646299
2026-09-01,무센트,4647195,투 핫 후드 티 (남녀공용),0.0,0,41930,41930,59900,1,-17970,-30.0,100.0,1,medium,24.08,6,2,none,,27,https://www.musinsa.com/products/4647195
2026-09-01,트리밍버드,4656219,Layered Wrap Skirt Denim Cargo Pants [ Dark navy ],0.0,0,191200,191200,239000,1,-47800,-20.0,100.0,1,medium,24.09,7,2,none,,27,https://www.musinsa.com/products/4656219
2026-09-01,썸웨어버터,4672283,Heart Alpaca Nordic Cardigan - Ivory,0.0,0,135200,135200,135200,0,0,0.0,100.0,1,high,24.01,8,2,none,,27,https://www.musinsa.com/products/4672283
2026-09-01,바우로 프로덕트,4681307,헤비 울 크롭 가디건 [차콜],0.0,0,119000,119000,119000,0,0,0.0,100.0,1,high,24.08,6,2,none,,27,https://www.musinsa.com/products/4681307
2026-09-01,유니폼브릿지,4687579,plaid check shirt orange,0.0,0,64500,64500,64500,0,0,0.0,100.0,1,high,24.08,7,2,none,,27,https://www.musinsa.com/products/4687579
2026-09-01,헬레네파리스,4694299,언벨런스 플레어 스커트 [블랙],0.98,58139,59360,59360,59360,0,0,0.0,100.0,1,high,24.09,7,2,none,,27,https://www.musinsa.com/products/4694299
2026-09-01,일리고,4694811,체크 아플리케 후드 집업 블랙,0.0,0,76000,76000,76000,0,0,0.0,100.0,1,high,24.08,6,2,none,,27,https://www.musinsa.com/products/4694811
2026-09-01,드로우핏 우먼,4696923,칼라리스 투웨이 벨트 블레이저 [BEIGE],0.0,0,149600,149600,149600,0,0,0.0,100.0,1,high,24.09,8,2,none,,27,https://www.musinsa.com/products/4696923
2026-09-01,로제프란츠,4697627,Unbalance Eyelet Top [Black],0.0,0,37400,37400,32730,1,4670,14.27,100.0,1,medium,24.08,6,2,none,,27,https://www.musinsa.com/products/4697627
2026-09-01,커버낫,4702619,실키 와샤 스트링백 Khaki,0.0,0,48060,48060,37380,1,10680,28.57,100.0,1,medium,24.08,6,2,none,,27,https://www.musinsa.com/products/4702619
2026-09-01,해비즘,4704219,ROSE HALF NECK ZIP UP JACKET(PINK),0.0,0,25900,25900,25900,0,0,0.0,100.0,1,high,24.01,8,2,none,,27,https://www.musinsa.com/products/4704219
2026-09-01,더블유엠씨,4704475,아가일 펀칭 롱슬리브_PALE KHAKI,0.0,0,48300,48300,48300,0,0,0.0,100.0,1,high,24.01,8,2,none,,27,https://www.musinsa.com/products/4704475
2026-09-01,마인드브릿지 우먼,4705435,[W][COUTURE]보트넥 립 배색 슬림핏 니트,0.0,0,29900,29900,34900,1,-5000,-14.33,100.0,1,medium,24.09,6,2,none,,27,https://www.musinsa.com/products/4705435
2026-09-01,헬레네파리스,4705691,웨이스트 체인 벨트,0.0,0,49600,49600,49600,0,0,0.0,100.0,1,high,24.09,7,2,none,,27,https://www.musinsa.com/products/4705691
2026-09-01,마인드브릿지,4705755,[수피마]라운드넥 분또 티셔츠 - 3color,0.0,0,35900,35900,35900,0,0,0.0,100.0,1,high,24.08,6,2,none,,27,https://www.musinsa.com/products/4705755
2026-09-01,비터셀즈,4706651,스포티 하트 롱 슬리브-아이보리,2.0,70400,35200,35200,35200,0,0,0.0,100.0,1,high,24.0,10,6,none,,27,https://www.musinsa.com/products/4706651
2026-09-01,프렌다,4708571,PRDA BIG PATCH SPRAY HOODIE BLACK,0.0,0,34500,34500,34500,0,0,0.0,100.0,1,high,24.09,8,2,none,,27,https://www.musinsa.com/products/4708571
2026-09-01,아웃스탠딩,4710555,LAMBSWOOL FISHERMAN COLLAR CARDIGAN_BLACK,0.0,0,54000,54000,54000,0,0,0.0,100.0,1,high,24.08,7,2,none,,27,https://www.musinsa.com/products/4710555
2026-09-01,아틀리에 나인,4715739,STANDARD BIKER LEATHER JACKET(JK-3013),0.0,0,178200,178200,192060,1,-13860,-7.22,100.0,1,medium,24.09,6,2,none,,27,https://www.musinsa.com/products/4715739
2026-09-01,유니폼브릿지,4717019,half zip-up sweatshirt(womens) dusty yellow,0.0,0,63600,63600,63600,0,0,0.0,100.0,1,high,24.08,7,2,none,,27,https://www.musinsa.com/products/4717019
2026-09-01,더뮤지엄비지터,4717531,STAR LINING POINT FUR JACKET (BEIGE),0.0,0,127800,127800,127800,0,0,0.0,100.0,1,high,24.08,7,2,none,,27,https://www.musinsa.com/products/4717531
2026-09-01,일꼬르소,4722715,파라슈트 왁스 코팅 패디드 점퍼 블랙 IEJU5E204BK,0.0,0,114500,114500,114500,0,0,0.0,100.0,1,high,24.08,6,2,none,,27,https://www.musinsa.com/products/4722715
2026-09-01,레더리,4727515,글로시 나일론 버킷 백팩 [BLACK],4.14,225385,54420,60800,53200,1,7600,14.29,100.0,1,medium,9.05,22,6,none,,27,https://www.musinsa.com/products/4727515
2026-09-01,노매뉴얼,4727579,NM X MP SWEATPANTS - WASHED BLACK,0.0,0,149000,149000,149000,0,0,0.0,100.0,1,high,24.08,6,2,none,,27,https://www.musinsa.com/products/4727579
2026-09-01,필루미네이트,4728667,피그먼트 카펜터 스웨트 팬츠-네이비,0.0,0,39000,39000,39000,0,0,0.0,100.0,1,high,24.01,8,2,none,,27,https://www.musinsa.com/products/4728667
2026-09-01,카네이테이,4728859,RIDGEWOOD CREWNECK (IVORY),0.0,0,48300,48300,59250,1,-10950,-18.48,100.0,1,medium,24.08,7,2,none,,27,https://www.musinsa.com/products/4728859
2026-09-01,미나브,4729819,맨다운 와이드 데님팬츠 [미드블루],0.0,0,31680,31680,39650,1,-7970,-20.1,100.0,1,medium,24.09,8,2,none,,27,https://www.musinsa.com/products/4729819
2026-09-01,일리고,4730971,레이어드 스커트 머플러 블랙,0.0,0,44000,44000,44000,0,0,0.0,100.0,1,high,24.08,6,2,none,,27,https://www.musinsa.com/products/4730971
2026-09-01,제너럴아이디어,4731355,스트랩 레이어드 가디건 [CHARCOAL] / WBE1L04506,0.0,0,60000,60000,60000,0,0,0.0,100.0,1,high,24.08,7,2,none,,27,https://www.musinsa.com/products/4731355
2026-09-01,미세키서울,4732827,Shirring knee socks IVORY,0.1,2284,21850,21850,21850,0,0,0.0,100.0,1,high,24.08,6,2,none,,27,https://www.musinsa.com/products/4732827
2026-09-01,노매뉴얼,4734107,NM ANGEL NYLON BALL CAP - GRAY,0.0,0,31200,31200,31200,0,0,0.0,100.0,1,high,24.08,6,2,none,,27,https://www.musinsa.com/products/4734107
2026-09-01,노매뉴얼,4734299,D.P CARGO BERMUDA PANTS - CAMOUFLAGE,0.0,0,80500,80500,80500,0,0,0.0,100.0,1,high,24.08,6,2,none,,27,https://www.musinsa.com/products/4734299
2026-09-01,노매뉴얼,4734427,ROADRUNNER T-SHIRT - BLACK,0.0,0,27300,27300,27300,0,0,0.0,100.0,1,high,24.08,6,2,none,,27,https://www.musinsa.com/products/4734427
2026-09-01,노매뉴얼,4734555,MULTI PANEL WORK JACKET - WASHED BLACK,0.0,0,218400,218400,218400,0,0,0.0,100.0,1,high,24.08,6,2,none,,27,https://www.musinsa.com/products/4734555
2026-09-01,디스이즈네버댓,4735323,T-Logo Cap Grey,0.0,0,36000,36000,36000,0,0,0.0,100.0,1,high,24.08,6,2,none,,27,https://www.musinsa.com/products/4735323
2026-09-01,디스이즈네버댓,4735387,Overdyed Embroidery Hoodie Purple Grey,0.0,0,59500,59500,59500,0,0,0.0,100.0,1,high,24.08,6,2,none,,27,https://www.musinsa.com/products/4735387
2026-09-01,아웃스탠딩,4736027,MIL SERIES CAP(456th)_BRICK,0.86,37766,44100,44100,44100,0,0,0.0,100.0,1,high,24.08,7,2,none,,27,https://www.musinsa.com/products/4736027
2026-09-01,썸웨어버터,4738331,Dewey Lace Mini Dress - Ivory,0.0,0,136000,136000,95200,1,40800,42.86,100.0,1,medium,24.01,8,2,none,,27,https://www.musinsa.com/products/4738331
2026-09-01,트리밍버드,4745755,Horizon Logo Long Sleeves [ Black ],0.0,0,89000,89000,89000,0,0,0.0,100.0,1,high,24.09,7,2,none,,27,https://www.musinsa.com/products/4745755
2026-09-01,르아르,4747227,퓨어 코튼 브이넥 니트 [그레이],3.44,161083,46800,46800,46800,0,0,0.0,100.0,1,high,24.09,12,2,none,,27,https://www.musinsa.com/products/4747227
2026-09-01,시야쥬,4747931,SITP5181 DURER 헤리티지 자수 맨투맨_Melange gray,0.0,0,79000,79000,79000,0,0,0.0,100.0,1,high,24.08,6,2,none,,27,https://www.musinsa.com/products/4747931
2026-09-01,9999아카이브,4749211,Crooked Sied Ribbon Vest,0.0,0,23400,23400,23400,0,0,0.0,100.0,1,high,24.01,8,2,none,,27,https://www.musinsa.com/products/4749211
2026-09-01,키르시,4749339,펑크 트랙 돌핀 팬츠 [아이보리],0.0,0,29400,29400,29400,0,0,0.0,100.0,1,high,24.08,6,2,none,,27,https://www.musinsa.com/products/4749339
2026-09-01,키르시,4749403,코듀로이 카라 워크 자켓 [블랙],0.0,0,111300,111300,111300,0,0,0.0,100.0,1,high,24.08,6,2,none,,27,https://www.musinsa.com/products/4749403
2026-09-01,론론,4749915,SMOCKED LACE CANCAN RUFFLE PANTSKIRT WHITE,0.02,1087,63360,49280,63360,1,-14080,-22.22,100.0,1,medium,24.09,7,2,none,,27,https://www.musinsa.com/products/4749915
2026-09-01,와이케이,4752347,리버시블 체크 윈드브레이커 아이보리,0.0,0,104250,104250,72980,1,31270,42.85,100.0,1,medium,24.01,8,2,none,,27,https://www.musinsa.com/products/4752347
2026-09-01,던스트,4755675,2-WAY ESSENTIAL STRIPED SHIRT_UDSH6A202_GREY STRIPE,0.0,0,78480,78480,78480,0,0,0.0,100.0,1,high,24.01,8,2,none,,27,https://www.musinsa.com/products/4755675
2026-09-01,커버낫,4756315,세미와이드 어센틱 스웻 팬츠 Sky Blue,0.0,0,64080,64080,44060,1,20020,45.44,100.0,1,medium,24.08,6,2,none,,27,https://www.musinsa.com/products/4756315
2026-09-01,커버낫,4756507,C 로고 다잉 맨투맨 Dark Navy,0.0,0,44100,44100,31150,1,12950,41.57,100.0,1,medium,24.08,6,2,none,,27,https://www.musinsa.com/products/4756507
2026-09-01,커버낫,4756571,어센틱 로고 후디 Dark Navy,0.0,0,68000,68000,68000,0,0,0.0,100.0,1,high,24.08,6,2,none,,27,https://www.musinsa.com/products/4756571
2026-09-01,트래블,4756827,롤업 버뮤다 데님 쇼츠 블루,0.0,0,39500,39500,39500,0,0,0.0,100.0,1,high,24.09,8,2,none,,27,https://www.musinsa.com/products/4756827
2026-09-01,커스텀어클락,4757403,소프트 베이직 라운드 가디건 라이트그레이 COOSCD020LGRAY,0.6,28423,47200,47200,44250,1,2950,6.67,100.0,1,medium,24.08,6,2,none,,27,https://www.musinsa.com/products/4757403
2026-09-01,트릴리온,4758043,컬러 워크 카라 집업 니트 자켓 [퍼플 브라운],0.0,0,39900,39900,39900,0,0,0.0,100.0,1,high,24.08,6,2,none,,27,https://www.musinsa.com/products/4758043
2026-09-01,언탭트 스튜디오,4758875,트랙 럭비 카라 오버핏 맨투맨 스웻 티셔츠 3 COLOR,0.0,0,35910,35910,35910,0,0,0.0,100.0,1,high,24.01,8,2,none,,27,https://www.musinsa.com/products/4758875
2026-09-01,언탭트 스튜디오,4759707,US 트랙 스포티 오버핏 맨투맨 3Color,0.0,0,34970,34970,34970,0,0,0.0,100.0,1,high,24.01,8,2,none,,27,https://www.musinsa.com/products/4759707
2026-09-01,미세키서울,4760155,Draped shirt skirt pants SET CHARCOAL,0.0,0,208000,208000,208000,0,0,0.0,100.0,1,high,24.08,6,2,none,,27,https://www.musinsa.com/products/4760155
2026-09-01,노이어,4760987,에센셜 루즈핏 대디 가디건 (그레이),48.96,4700090,96000,96000,96000,0,0,0.0,100.0,1,high,24.09,22,2,none,,27,https://www.musinsa.com/products/4760987
2026-09-01,엑스트라오디너리,4763099,QUEEN TAROT LONG SLEEVE L.M/GREY,0.0,0,39500,39500,39500,0,0,0.0,100.0,1,high,24.08,6,2,none,,27,https://www.musinsa.com/products/4763099
2026-09-01,에이치덱스,4763675,우먼스 레터링 모달 커버업 탱크탑 (Light Pink),0.0,0,23400,23400,23400,0,0,0.0,100.0,1,high,24.08,6,2,none,,27,https://www.musinsa.com/products/4763675
2026-09-01,도프제이슨,4767451,워커스 레더 블루종 BLACK,0.0,0,159000,159000,159000,0,0,0.0,100.0,1,high,24.01,8,2,none,,27,https://www.musinsa.com/products/4767451
2026-09-01,디스이즈네버댓,4767515,Script-Logo No Cuff Beanie Lavender,0.0,0,22500,22500,22500,0,0,0.0,100.0,1,high,24.08,6,2,none,,27,https://www.musinsa.com/products/4767515
2026-09-01,모즈모즈,4778587,뒷절개 오버핏 피그먼트 반팔티셔츠 블랙,1.93,57515,29800,29800,29800,0,0,0.0,100.0,1,high,24.09,12,2,none,,27,https://www.musinsa.com/products/4778587
2026-09-01,모즈모즈,4781595,브러시로고 더블 위브 반팔 티셔츠 카키,0.0,0,28800,28800,28800,0,0,0.0,100.0,1,high,24.09,6,2,none,,27,https://www.musinsa.com/products/4781595
2026-09-01,모즈모즈,4782107,고스트 드로잉 오버핏 반팔티셔츠 챠콜,0.0,0,23800,23800,23800,0,0,0.0,100.0,1,high,24.09,6,2,none,,27,https://www.musinsa.com/products/4782107
2026-09-01,제너럴아이디어,4782363,포켓 블루종 셔츠 [BLUE] / WBE1L03511,0.0,0,47200,47200,47200,0,0,0.0,100.0,1,high,24.08,7,2,none,,27,https://www.musinsa.com/products/4782363
2026-09-01,카키포인트,4782875,Washing Wide Denim (gray),0.73,71745,97920,97920,87040,1,10880,12.5,100.0,1,medium,24.09,8,2,none,,27,https://www.musinsa.com/products/4782875
2026-09-01,모즈모즈,4783771,[SET] 고스트드로잉 반팔+더블코튼 와이드 원턱 반바지 셋업 네이비,0.0,0,34220,34220,34220,0,0,0.0,100.0,1,high,24.09,6,2,none,,27,https://www.musinsa.com/products/4783771
2026-09-01,웬즈데이오아시스,4783899,브러쉬 워시드 세미와이드 데님_Blue(WC25-PT01),0.0,0,61600,61600,61600,0,0,0.0,100.0,1,high,24.09,8,2,none,,27,https://www.musinsa.com/products/4783899
2026-09-01,기철,4786715,Tidy oxford shirt (sky blue),0.0,0,41400,41400,41400,0,0,0.0,100.0,1,high,24.09,6,2,none,,27,https://www.musinsa.com/products/4786715
2026-09-01,기철,4786843,Worker standard t-shirt (black),0.0,0,33600,33600,33600,0,0,0.0,100.0,1,high,24.09,6,2,none,,27,https://www.musinsa.com/products/4786843
2026-09-01,낫포너드,4787675,4 Cross Symbol Stripe Hood Zip Up - Pink,0.0,0,49000,49000,49000,0,0,0.0,100.0,1,high,24.08,6,2,none,,27,https://www.musinsa.com/products/4787675
2026-09-01,스컬프터,4787739,Puff Tailored Jacket Black,0.0,0,134400,134400,168000,1,-33600,-20.0,100.0,1,medium,24.08,7,2,none,,27,https://www.musinsa.com/products/4787739
2026-09-01,파르티멘토 우먼,4791579,워시드 데미지 초어 코트_차콜,0.0,0,160380,160380,124740,1,35640,28.57,100.0,1,medium,24.08,6,2,none,,27,https://www.musinsa.com/products/4791579
2026-09-01,니티드,4797019,버뮤다 트레이닝 하프 팬츠 BLACK,12.78,397354,31100,31100,31100,0,0,0.0,46.55,0,low,6.73,32,4,none,,27,https://www.musinsa.com/products/4797019
2026-09-01,커버낫,4797787,레귤러 백사틴 퍼티그 팬츠 Dark Khaki,0.0,0,53100,53100,44550,1,8550,19.19,100.0,1,medium,24.08,6,2,none,,27,https://www.musinsa.com/products/4797787
2026-09-01,커버낫,4797851,루즈핏 린넨 셔츠 Yellow,0.0,0,44100,44100,40100,1,4000,9.98,100.0,1,medium,24.08,6,2,none,,27,https://www.musinsa.com/products/4797851
2026-09-01,무센트,4798555,뫼비우스 레터링 나그랑 배색 맨투맨 남녀공용 (2Color),0.0,0,27930,27930,37110,1,-9180,-24.74,100.0,1,medium,24.09,6,2,none,,27,https://www.musinsa.com/products/4798555
2026-09-01,본투윈,4799131,W NUMBER PIN-TUCK SNAP HOODIE [WHITE MELANGE GREY],0.14,9718,69000,48300,69000,1,-20700,-30.0,100.0,1,medium,24.08,7,2,none,,27,https://www.musinsa.com/products/4799131
2026-09-01,본투윈,4799195,SQUARE ARCH SEMI OVER FIT T-SHIRTS [MELANGE GREY],0.0,0,54000,54000,54000,0,0,0.0,100.0,1,high,24.08,7,2,none,,27,https://www.musinsa.com/products/4799195
2026-09-01,루에브르,4799899,[SET] Knit Cardigan + Bustier top SS5SD135_2color,0.0,0,199000,199000,199000,0,0,0.0,100.0,1,high,24.09,8,2,none,,27,https://www.musinsa.com/products/4799899
2026-09-01,그루브라임,4805147,남) C100 3단쭈리 원턱 와이드 (25년)(3COLOR) [LRARCYW172P],0.0,0,44900,44900,34900,1,10000,28.65,100.0,1,medium,24.09,8,2,none,,27,https://www.musinsa.com/products/4805147
2026-09-01,르아브,4806235,코브 후크 헨리넥 티셔츠 바이올렛,0.48,19726,41300,41300,41300,0,0,0.0,100.0,1,high,24.01,8,2,none,,27,https://www.musinsa.com/products/4806235
2026-09-01,세컨모놀로그,4810651,스냅 체크 후드 셔츠 자켓 [PINK]_SEJK011PINK,0.6,21422,35600,35600,35600,0,0,0.0,100.0,1,high,24.08,6,2,none,,27,https://www.musinsa.com/products/4810651
2026-09-01,론론,4812443,DOT PATTERN LAYERED KNIT CARDIGAN CHARCOAL BLACK,0.0,0,98820,98820,68320,1,30500,44.64,100.0,1,medium,24.09,7,2,none,,27,https://www.musinsa.com/products/4812443
2026-09-01,디스이즈네버댓,4813659,Oxford Shirt Blue,0.0,0,59500,59500,59500,0,0,0.0,100.0,1,high,24.08,6,2,none,,27,https://www.musinsa.com/products/4813659
2026-09-01,와이케이,4816731,빅 아가일 부클 니트 스카이블루,0.0,0,53300,53300,53300,0,0,0.0,100.0,1,high,24.01,8,2,none,,27,https://www.musinsa.com/products/4816731
2026-09-01,시눈,4817819,Rose Frill Mini Skirt (Cream Yellow),0.0,0,149520,149520,149520,0,0,0.0,100.0,1,high,24.09,6,2,none,,27,https://www.musinsa.com/products/4817819
2026-09-01,유니폼브릿지,4818139,vintage linen pocket shirt brick,0.0,0,63600,63600,63600,0,0,0.0,100.0,1,high,24.08,7,2,none,,27,https://www.musinsa.com/products/4818139
2026-09-01,베르만 어패럴,4823003,우먼즈 애슬레틱 크롭 후드집업 2colors,0.0,0,59400,59400,59400,0,0,0.0,100.0,1,high,24.09,7,2,none,,27,https://www.musinsa.com/products/4823003
2026-09-01,인사일런스,4824987,시어드 아노락 BLACK,0.0,0,135360,135360,135360,0,0,0.0,100.0,1,high,24.08,6,2,none,,27,https://www.musinsa.com/products/4824987
2026-09-01,인사일런스,4825051,라이트웨이트 필드 자켓 BLACK,0.0,0,167760,167760,167760,0,0,0.0,100.0,1,high,24.08,6,2,none,,27,https://www.musinsa.com/products/4825051
2026-09-01,르바,4826267,Light Slim Knit Cardigan - Black,0.0,0,116100,116100,116100,0,0,0.0,100.0,1,high,24.08,6,2,none,,27,https://www.musinsa.com/products/4826267
2026-09-01,필루미네이트,4826459,이지 카고 스웨트 팬츠-카키,0.0,0,28900,28900,28900,0,0,0.0,100.0,1,high,24.01,8,2,none,,27,https://www.musinsa.com/products/4826459
2026-09-01,시야쥬,4826779,SITP5187 오버 핏 멀티 ST 셔츠_Light blue,0.0,0,80100,80100,89000,1,-8900,-10.0,100.0,1,medium,24.08,6,2,none,,27,https://www.musinsa.com/products/4826779
2026-09-01,인사일런스,4832347,워시드 하이 덴시티 셔츠 BROWN,0.0,0,89000,89000,89000,0,0,0.0,100.0,1,high,24.09,6,2,none,,27,https://www.musinsa.com/products/4832347
2026-09-01,어나더오피스,4834971,Utility Cargo Slacks (Charcoal),0.0,0,123200,123200,176000,1,-52800,-30.0,100.0,1,medium,24.09,8,2,none,,27,https://www.musinsa.com/products/4834971
2026-09-01,밀로아카이브,4837787,크롭 브이넥 니트 [네이비],0.0,0,75600,75600,86400,1,-10800,-12.5,100.0,1,medium,24.01,9,2,none,,27,https://www.musinsa.com/products/4837787
2026-09-01,브라운브레스,4840219,DOUBLE KNEE BALLON PANTS - BEIGE,0.0,0,83300,83300,83300,0,0,0.0,100.0,1,high,24.09,8,2,none,,27,https://www.musinsa.com/products/4840219
2026-09-01,배드블러드,4840283,클래식 로고 맨투맨 - 블랙,0.0,0,71200,71200,71200,0,0,0.0,100.0,1,high,24.09,7,2,none,,27,https://www.musinsa.com/products/4840283
2026-09-01,배드블러드,4840347,클래식 체크 2 Way 조거 트라우져 - 그린,0.0,0,106400,106400,106400,0,0,0.0,100.0,1,high,24.09,7,2,none,,27,https://www.musinsa.com/products/4840347
2026-09-01,웬즈데이오아시스,4850139,올웨이즈 노아 투웨이 니트 집업_Mint(WC25-KN08),0.0,0,55300,55300,55300,0,0,0.0,100.0,1,high,24.09,8,2,none,,27,https://www.musinsa.com/products/4850139
2026-09-01,1993스튜디오,4854875,더블니 카펜터 워싱 카모 버뮤다 팬츠_카모,0.0,0,51450,51450,51450,0,0,0.0,100.0,1,high,24.08,6,2,none,,27,https://www.musinsa.com/products/4854875
2026-09-01,무드인사이드,4860059,소브 카바링 헨리넥 롱 슬리브_Charcoal,0.0,0,25900,25900,35900,1,-10000,-27.86,100.0,1,medium,24.09,8,2,none,,27,https://www.musinsa.com/products/4860059
2026-09-01,필루미네이트,4860123,벨루어 칼라 롱 슬리브-브라운,0.0,0,32000,32000,32000,0,0,0.0,100.0,1,high,24.01,8,2,none,,27,https://www.musinsa.com/products/4860123
2026-09-01,낫포너드,4861467,N4ND Drip Logo Denim Pants - White,0.0,0,70740,70740,70740,0,0,0.0,100.0,1,high,24.08,6,2,none,,27,https://www.musinsa.com/products/4861467
2026-09-01,필루미네이트,4862811,시어 에어 윈드브레이커-블랙,0.0,0,43900,43900,43900,0,0,0.0,100.0,1,high,24.01,8,2,none,,27,https://www.musinsa.com/products/4862811
2026-09-01,론론,4865499,BACK LABEL SLIMFIT KNIT CARDIGAN BLACK,0.0,0,80190,80190,55440,1,24750,44.64,100.0,1,medium,24.09,7,2,none,,27,https://www.musinsa.com/products/4865499
2026-09-01,론론,4865563,DOT RINGER PUFF T SHIRT BLACK,0.0,0,44550,44550,30800,1,13750,44.64,100.0,1,medium,24.09,7,2,none,,27,https://www.musinsa.com/products/4865563
2026-09-01,프리즘웍스,4871323,CLIPPING POCKET SHIRT _ STRIPE,0.0,0,58800,58800,58800,0,0,0.0,100.0,1,high,24.09,7,2,none,,27,https://www.musinsa.com/products/4871323
2026-09-01,엘무드,4873755,크로셰 실켓코튼 헨리넥 하프 니트 블랙,0.0,0,47500,47500,42750,1,4750,11.11,100.0,1,medium,24.08,6,2,none,,27,https://www.musinsa.com/products/4873755
2026-09-01,썬러브투어,4877147,Capital Tee Black,0.73,32407,44240,44240,44240,0,0,0.0,100.0,1,high,24.09,8,2,none,,27,https://www.musinsa.com/products/4877147
2026-09-01,노이어,4882459,레이어드 헨리넥 롱 슬리브 티셔츠 (블랙네이비),0.0,0,53300,53300,53300,0,0,0.0,100.0,1,high,24.09,7,2,none,,27,https://www.musinsa.com/products/4882459
2026-09-01,키뮤어,4886043,(우먼) 버뮤다 데님 카펜터 쇼츠_스카이블루,0.0,0,20700,20700,20700,0,0,0.0,100.0,1,high,24.09,7,2,none,,27,https://www.musinsa.com/products/4886043
2026-09-01,더바넷,4890907,Tweed Drawstring Chain Backpack_Ivory,1.54,269744,175500,175500,175500,0,0,0.0,100.0,1,high,24.08,6,2,none,,27,https://www.musinsa.com/products/4890907
2026-09-01,오퍼스 0012,4896731,Op. 07 GLORY CROP T-SHIRTS WHITE,0.0,0,26000,26000,26000,0,0,0.0,100.0,1,high,24.08,7,2,none,,27,https://www.musinsa.com/products/4896731
2026-09-01,제너럴아이디어,4898523,레이스 트리밍 스웨트 팬츠 [BLACK] / WBE2L11505,0.86,47242,55200,55200,49600,1,5600,11.29,100.0,1,medium,24.08,7,2,none,,27,https://www.musinsa.com/products/4898523
2026-09-01,마인드브릿지 우먼,4899099,[W]원턱 와이드 크리즈 밴딩 팬츠,0.0,0,49900,49900,39900,1,10000,25.06,100.0,1,medium,24.09,6,2,none,,27,https://www.musinsa.com/products/4899099
2026-09-01,마인드브릿지 우먼,4899291,[W]크리즈 오픈 카라 반팔 셔츠 - 2color,0.0,0,49900,49900,39900,1,10000,25.06,100.0,1,medium,24.09,6,2,none,,27,https://www.musinsa.com/products/4899291
2026-09-01,키르시,4904667,락 체리 그래픽 루즈핏 티셔츠 [화이트],0.0,0,25200,25200,25200,0,0,0.0,100.0,1,high,24.08,6,2,none,,27,https://www.musinsa.com/products/4904667
2026-09-01,디스이즈네버댓,4905563,TNT CHAMPS Cap Charcoal,0.0,0,26000,26000,26000,0,0,0.0,100.0,1,high,24.08,6,2,none,,27,https://www.musinsa.com/products/4905563
2026-09-01,넌블랭크,4905627,[여름]울 텐셀 언컨 자켓_BLACK,0.0,0,127200,127200,127200,0,0,0.0,100.0,1,high,24.01,8,2,none,,27,https://www.musinsa.com/products/4905627
2026-09-01,본투윈,4909467,BRNTW TRACK LINE T-SHIRTS [WHITE],7.51,443153,59000,59000,59000,0,0,0.0,100.0,1,high,10.23,25,7,none,,27,https://www.musinsa.com/products/4909467
2026-09-01,틸아이다이,4909787,Backslit detail soft cotton shirt_Butter,0.0,0,81560,81560,81560,0,0,0.0,100.0,1,high,24.08,7,2,none,,27,https://www.musinsa.com/products/4909787
2026-09-01,인템포무드,4911195,스터드 벨트 커브 데님 _인디고,0.0,0,63200,63200,63200,0,0,0.0,100.0,1,high,24.08,6,2,none,,27,https://www.musinsa.com/products/4911195
2026-09-01,커버낫,4913947,버뮤다 코튼 쇼츠 Dark Navy,0.0,0,56070,56070,48060,1,8010,16.67,100.0,1,medium,24.08,6,2,none,,27,https://www.musinsa.com/products/4913947
2026-09-01,낫포너드,4915163,Double Knee Carpenter Flare Fit Cotton Pants - Black,1.54,85911,55890,55890,55890,0,0,0.0,100.0,1,high,24.08,6,2,none,,27,https://www.musinsa.com/products/4915163
2026-09-01,트리밍버드,4916379,Glitter Crew Socks [ Gray ],0.0,0,23000,23000,23000,0,0,0.0,100.0,1,high,24.09,7,2,none,,27,https://www.musinsa.com/products/4916379
2026-09-01,카네이테이,4919067,ARMEE FRANCAISE RINGER SHORT SLEEVE (NAVY),0.0,0,23610,23610,42870,1,-19260,-44.93,100.0,1,medium,24.08,7,2,none,,27,https://www.musinsa.com/products/4919067
2026-09-01,브라운야드,4920347,"W 시스루 롱 슬리브, 브라운",0.0,0,69000,69000,69000,0,0,0.0,100.0,1,high,24.01,8,2,none,,27,https://www.musinsa.com/products/4920347
2026-09-01,무센트,4923419,데이리시 투웨이 스트라이프 크롭 후드 집업 (2컬러),0.0,0,27930,27930,37110,1,-9180,-24.74,100.0,1,medium,24.08,6,2,none,,27,https://www.musinsa.com/products/4923419
2026-09-01,브룩스 브라더스,4935963,로고 코튼 피케 폴로셔츠 (올리브) (BBNTMO201AKFM),0.0,0,66640,66640,66640,0,0,0.0,100.0,1,high,24.01,8,2,none,,27,https://www.musinsa.com/products/4935963
2026-09-01,벨리에,4936027,오피서 프로치다 백 - 그레이,0.0,0,259350,259350,259350,0,0,0.0,100.0,1,high,24.09,6,2,none,,27,https://www.musinsa.com/products/4936027
2026-09-01,에이치덱스,4941851,우먼스 어시스트 컨트라스트 탱크탑 (Black),1.0,29322,29400,29400,29400,0,0,0.0,100.0,1,high,24.08,6,2,none,,27,https://www.musinsa.com/products/4941851
2026-09-01,세컨모놀로그,4942043,W. 릴렉스핏 레터링 자가드 라운드 하프 니트 [CREAM]_SEWKT004CREAM,0.0,0,17150,17150,17150,0,0,0.0,100.0,1,high,24.08,6,2,none,,27,https://www.musinsa.com/products/4942043
2026-09-01,트래블,4946843,프렌드쉽 피그먼트 반팔티 크림,0.0,0,20930,20930,25800,1,-4870,-18.88,100.0,1,medium,24.09,8,2,none,,27,https://www.musinsa.com/products/4946843
2026-09-01,어반드레스,4949147,Dia Stitch Taslan Pants - 2COL,1.96,93139,47600,47600,47600,0,0,0.0,100.0,1,low,24.09,6,2,none,,27,https://www.musinsa.com/products/4949147
2026-09-01,필루미네이트,4952667,버닝 하트 티셔츠-화이트,0.0,0,29000,29000,29000,0,0,0.0,100.0,1,high,24.01,8,2,none,,27,https://www.musinsa.com/products/4952667
2026-09-01,고스트리퍼블릭,4953179,럭비 카라 래글런 트랙 타슬란 반팔티 GT-377_블랙,0.69,20509,29900,29900,29900,0,0,0.0,100.0,1,high,24.08,16,2,none,,27,https://www.musinsa.com/products/4953179
2026-09-01,제너럴아이디어,4958747,패커블 시어 롱 슬리브 가디건 [BLACK] / WBE2L04540,0.86,26955,31500,31500,36800,1,-5300,-14.4,100.0,1,medium,24.08,7,2,none,,27,https://www.musinsa.com/products/4958747
2026-09-01,더니트컴퍼니,4958811,(M) 소프트 실크 블렌드 폴로 가디건 2color,0.0,0,219000,219000,219000,0,0,0.0,100.0,1,high,24.08,4,2,none,,27,https://www.musinsa.com/products/4958811
2026-09-01,플레어업,4963291,Asymmetrical Draped Midi Skirt (FL-248_White),0.0,0,93200,93200,68670,1,24530,35.72,100.0,1,medium,24.08,6,2,none,,27,https://www.musinsa.com/products/4963291
2026-09-01,제이엘브,4982747,원모어 헤비 스웻 하프 집업,0.0,0,64800,64800,64800,0,0,0.0,100.0,1,high,24.01,8,2,none,,27,https://www.musinsa.com/products/4982747
2026-09-01,언탭트 스튜디오,4983003,코튼 폴로 반팔 피케 카라 반팔 티셔츠 5Color,23.3,318657,13675,12280,17970,1,-5690,-31.66,100.0,1,low,10.08,33,6,none,,27,https://www.musinsa.com/products/4983003
2026-09-01,아틀리에 나인,4983259,SILLIN CASUAL SHINY SKIRT(SK-4891),0.0,0,78320,78320,86330,1,-8010,-9.28,100.0,1,medium,24.09,6,2,none,,27,https://www.musinsa.com/products/4983259
2026-09-01,유니폼브릿지,4986715,slub henly neck s/s tee khakish grey,0.0,0,39500,39500,31600,1,7900,25.0,100.0,1,medium,24.08,7,2,none,,27,https://www.musinsa.com/products/4986715
2026-09-01,프렌다,4992923,LETTERING 97 RAGLAN RINGER TEE SKY BLUE,0.0,0,24500,24500,24500,0,0,0.0,100.0,1,high,24.09,8,2,none,,27,https://www.musinsa.com/products/4992923
2026-09-01,바우프,4993179,레오파드 퍼피 맨투맨 [차콜],0.0,0,75650,75650,75650,0,0,0.0,100.0,1,high,24.08,6,2,none,,27,https://www.musinsa.com/products/4993179
2026-09-01,파르티멘토 우먼,4996827,폴카 도트 올오버 프린티드 이지 트라우저_네이비,0.0,0,55080,55080,42840,1,12240,28.57,100.0,1,medium,24.08,6,2,none,,27,https://www.musinsa.com/products/4996827
2026-09-01,파르티멘토 우먼,4996891,레이어드 크로스 바디랩 가디건_화이트,0.0,0,66420,66420,51660,1,14760,28.57,100.0,1,medium,24.08,6,2,none,,27,https://www.musinsa.com/products/4996891
2026-09-01,굿라이프웍스,4999963,코튼 버뮤다 팬츠 베이지,1.29,33376,25900,25900,25900,0,0,0.0,100.0,1,high,24.09,6,2,none,,27,https://www.musinsa.com/products/4999963
2026-09-01,인사일런스 우먼,5000603,하프 슬리브 후드 집업 니트 BLACK,0.0,0,121500,121500,121500,0,0,0.0,100.0,1,high,24.09,7,2,none,,27,https://www.musinsa.com/products/5000603
2026-09-01,제이엘브,5004059,[2PACK] 숄더 라인 절개 머슬핏 숏슬리브,0.0,0,68000,68000,68000,0,0,0.0,100.0,1,high,24.01,8,2,none,,27,https://www.musinsa.com/products/5004059
2026-09-01,드로우핏 우먼,5007131,린넨 반팔 테일러드 자켓 [OATMEAL],0.0,0,109800,109800,109800,0,0,0.0,100.0,1,high,24.09,8,2,none,,27,https://www.musinsa.com/products/5007131
2026-09-01,레더리,5008667,레이스 캡 슬리브 탑 [BLACK],0.0,0,32640,32640,28560,1,4080,14.29,100.0,1,medium,24.08,6,2,none,,27,https://www.musinsa.com/products/5008667
2026-09-01,엑스트라오디너리,5012059,DICE LOGO TEE CHARCOAL,0.0,0,20000,20000,,0,,,10.33,0,low,24.0,5,1,none,,27,https://www.musinsa.com/products/5012059
2026-09-01,디미트리블랙,5012379,VLAD 스몰 로고 페이드 워싱 반팔 티셔츠_피그먼트 네이비,1.2,43115,35900,35900,35900,0,0,0.0,100.0,1,high,24.09,6,2,none,,27,https://www.musinsa.com/products/5012379
2026-09-01,제너럴아이디어,5015579,퍼피 프렌즈 자카드 하프 니트 [PEACH] / WBE2L05539,0.0,0,33600,33600,33600,0,0,0.0,100.0,1,high,24.08,7,2,none,,27,https://www.musinsa.com/products/5015579
2026-09-01,드로우핏,5016411,데이팩 시어 스트링 백팩 [BLACK],0.77,53289,69300,69300,69300,0,0,0.0,100.0,1,high,24.08,6,2,none,,27,https://www.musinsa.com/products/5016411
2026-09-01,드로우핏,5016475,엠버 그레이 브레이슬릿 [SILVER],0.0,0,29700,29700,29700,0,0,0.0,100.0,1,high,24.08,6,2,none,,27,https://www.musinsa.com/products/5016475
2026-09-01,더니트컴퍼니,5016859,(M) 오레아 헤링본 폴로 니트 3color,0.0,0,139000,139000,139000,0,0,0.0,100.0,1,high,24.08,4,2,none,,27,https://www.musinsa.com/products/5016859
2026-09-01,아캄,5017563,Studded Sun Half Top (White),0.0,0,45500,45500,52000,1,-6500,-12.5,100.0,1,medium,24.09,6,2,none,,27,https://www.musinsa.com/products/5017563
2026-09-01,아캄,5017819,Washed Double Knee Bermuda Denim Pants (Black),0.0,0,121100,121100,138400,1,-17300,-12.5,100.0,1,medium,24.09,6,2,none,,27,https://www.musinsa.com/products/5017819
2026-09-01,트리밍버드,5018267,Ethereal Lace Wrap Layered Skirt [ Black ],0.0,0,98000,98000,98000,0,0,0.0,100.0,1,high,24.09,7,2,none,,27,https://www.musinsa.com/products/5018267
2026-09-01,쿠어,5022427,워시드 더블 포켓 데님 하프 셔츠 (워시드블루),0.0,0,134100,134100,134100,0,0,0.0,100.0,1,high,24.09,6,2,none,,27,https://www.musinsa.com/products/5022427
2026-09-01,넌블랭크,5028699,포켓 티셔츠_LIGHT GREY,0.0,0,53520,53520,53520,0,0,0.0,100.0,1,high,24.01,8,2,none,,27,https://www.musinsa.com/products/5028699
2026-09-01,에이지오디,5030363,카펜터 퍼티그 트윌 버뮤다 쇼츠 [블랙],0.0,0,36300,36300,20200,1,16100,79.7,100.0,1,medium,24.09,8,2,none,,27,https://www.musinsa.com/products/5030363
2026-09-01,웬즈데이오아시스,5030683,보헤미안 스트라이프 밴딩 팬츠_BEIGE(W25-PT10),0.0,0,34300,34300,34300,0,0,0.0,100.0,1,high,24.09,8,2,none,,27,https://www.musinsa.com/products/5030683
2026-09-01,시야쥬,5031067,SIJN6092 퍼티그 컬러 데님 쇼츠_Ivory,0.0,0,66560,66560,60900,1,5660,9.29,100.0,1,medium,24.08,6,2,none,,27,https://www.musinsa.com/products/5031067
2026-09-01,시야쥬,5031643,SITP5198 린넨 블렌드 퓨어 셔츠_White,0.0,0,91490,91490,74900,1,16590,22.15,100.0,1,medium,24.08,6,2,none,,27,https://www.musinsa.com/products/5031643
2026-09-01,브렌슨,5032923,버뮤다 카펜더 반바지 ( 4Color ),1.2,32297,26900,26900,26900,0,0,0.0,100.0,1,high,24.09,6,2,none,,27,https://www.musinsa.com/products/5032923
2026-09-01,파브레가,5034971,퍼티그 카치온 커브드 팬츠 (워시드 블랙),0.23,22198,97200,97200,97200,0,0,0.0,100.0,1,high,24.08,6,2,none,,27,https://www.musinsa.com/products/5034971
2026-09-01,유니폼브릿지,5037723,double knee short pants khaki beige,0.0,0,51600,51600,38710,1,12890,33.3,100.0,1,medium,24.09,7,2,none,,27,https://www.musinsa.com/products/5037723
2026-09-01,유니폼브릿지,5038747,boucle polo s/s knit(womens) black,0.0,0,49500,49500,39600,1,9900,25.0,100.0,1,medium,24.08,7,2,none,,27,https://www.musinsa.com/products/5038747
2026-09-01,일리고,5041179,스터드 크로스 반지갑 실버,0.0,0,50000,50000,50000,0,0,0.0,100.0,1,high,24.08,6,2,none,,27,https://www.musinsa.com/products/5041179
2026-09-01,인사일런스,5041243,스트라이프 부클 폴로 카디건 LIGHT BEIGE,0.0,0,87840,87840,97600,1,-9760,-10.0,100.0,1,medium,24.09,6,2,none,,27,https://www.musinsa.com/products/5041243
2026-09-01,프렌다,5047899,HOTFIX SLIM BASIC SLEEVE LESS PALE BEIGE,0.0,0,24500,24500,24500,0,0,0.0,100.0,1,high,24.09,8,2,none,,27,https://www.musinsa.com/products/5047899
2026-09-01,언탭트 스튜디오,5050459,머슬핏 워셔블 케이블 반팔 라운드 니트 3Color,4.87,100224,20578,16900,29900,1,-13000,-43.48,100.0,1,medium,10.09,23,6,none,,27,https://www.musinsa.com/products/5050459
2026-09-01,밀로아카이브,5054363,리플렉트 커브드 스웻 팬츠 [워시드 퍼플],0.0,0,66240,66240,66240,0,0,0.0,100.0,1,high,24.01,9,2,none,,27,https://www.musinsa.com/products/5054363
2026-09-01,트리밍버드,5059163,Textured Knit Vest [ Black ],0.0,0,169000,169000,169000,0,0,0.0,100.0,1,high,24.09,7,2,none,,27,https://www.musinsa.com/products/5059163
2026-09-01,론론,5063579,MULTI STRIPE HEART POCKET BASIC FIT T SHIRT RED,0.0,0,44550,44550,30800,1,13750,44.64,100.0,1,medium,24.09,7,2,none,1,27,https://www.musinsa.com/products/5063579
2026-09-01,론론,5063899,BIG HEART SHORT SLEEVE KNIT SOFT BLUE,0.0,0,71280,71280,49280,1,22000,44.64,100.0,1,medium,24.09,7,2,none,,27,https://www.musinsa.com/products/5063899
2026-09-01,론론,5064155,HALF MOON SHOULDER BAG DOT BLACK,0.02,1028,55440,80190,55440,1,24750,44.64,100.0,1,medium,24.09,7,2,none,,27,https://www.musinsa.com/products/5064155
2026-09-01,데꼬로소,5064667,썸머 쿨 터치 헨리넥 반팔 니트 [블랙],0.53,23300,43600,43600,43600,0,0,0.0,100.0,1,high,24.01,8,2,none,,27,https://www.musinsa.com/products/5064667
2026-09-01,필루미네이트,5064987,캐피탈 로고 볼 캡-블랙,0.0,0,20900,20900,20900,0,0,0.0,100.0,1,high,24.01,8,2,none,,27,https://www.musinsa.com/products/5064987
2026-09-01,테이크이지,5072731,엄브렐라 그래픽 오버 티셔츠 (화이트레드),0.0,0,19500,19500,13900,1,5600,40.29,100.0,1,low,24.08,5,2,none,,27,https://www.musinsa.com/products/5072731
2026-09-01,시눈,5079259,Stripe Cap (Yellow),0.0,0,32160,32160,32160,0,0,0.0,100.0,1,high,24.09,6,2,none,,27,https://www.musinsa.com/products/5079259
2026-09-01,세터,5081243,클래식 스몰 로고 볼캡 블루,0.0,0,69000,69000,69000,0,0,0.0,100.0,1,high,24.09,6,2,none,,27,https://www.musinsa.com/products/5081243
2026-09-01,시눈,5081307,Stripe Cap Sleeve T-shirt (Blue),0.0,0,30150,30150,30150,0,0,0.0,100.0,1,high,24.09,6,2,none,,27,https://www.musinsa.com/products/5081307
2026-09-01,아틀리에 나인,5081627,ESSENTIAL NORA SET-UP PANTS(PT-5659),0.0,0,87200,87200,98100,1,-10900,-11.11,100.0,1,medium,24.09,6,2,none,,27,https://www.musinsa.com/products/5081627
2026-09-01,세터,5081755,올 데이 크루 넥 레이어드 슬리브리스 탑 멜란지 화이트,0.0,0,59000,59000,59000,0,0,0.0,100.0,1,high,24.09,6,2,none,,27,https://www.musinsa.com/products/5081755
2026-09-01,세터,5082331,파인 하프 피케 폴로 니트 크림,0.0,0,149000,149000,149000,0,0,0.0,100.0,1,high,24.09,6,2,none,,27,https://www.musinsa.com/products/5082331
2026-09-01,프리즘웍스,5082651,BELTED DENIM SHORTS _ BLACK,0.0,0,51000,51000,51000,0,0,0.0,100.0,1,high,24.09,7,2,none,,27,https://www.musinsa.com/products/5082651
2026-09-01,배드블러드,5082843,[AQUA] 빈티지 클럽 트랙 집업 - 체크브라운,0.0,0,95200,95200,85680,1,9520,11.11,100.0,1,medium,24.09,7,2,none,,27,https://www.musinsa.com/products/5082843
2026-09-01,어나더오피스,5084571,A/O. Multi Fragrance (TIDE),0.98,28159,28800,28800,28800,0,0,0.0,100.0,1,high,24.09,8,2,none,,27,https://www.musinsa.com/products/5084571
2026-09-01,유라고,5090075,Breeze pleat long skirt,0.0,0,120080,120080,120080,0,0,0.0,100.0,1,high,24.09,6,2,none,,27,https://www.musinsa.com/products/5090075
2026-09-01,드로우핏 우먼,5095323,턱 퍼프 반팔 타이 블라우스 [BLACK],0.0,0,59400,59400,59400,0,0,0.0,100.0,1,high,24.09,8,2,none,,27,https://www.musinsa.com/products/5095323
2026-09-01,데꼬로소,5095707,남녀공용 미니멀 자개 비즈 팔찌 [블랙],18.66,492670,26400,26400,26400,0,0,0.0,100.0,1,high,10.06,32,6,none,,27,https://www.musinsa.com/products/5095707
2026-09-01,론론,5109723,BACK LOGO BASIC FIT T SHIRT WHITE MELNAGE,0.0,0,44550,44550,35200,1,9350,26.56,100.0,1,medium,24.09,7,2,none,,27,https://www.musinsa.com/products/5109723
2026-09-01,론론,5109787,ALL OVER PRINT SLIM CROP T SHIRT WHITE,0.0,0,44550,44550,30800,1,13750,44.64,100.0,1,medium,24.09,7,2,none,,27,https://www.musinsa.com/products/5109787
2026-09-01,파르티멘토,5110939,엔지니어드 스트라이프 링거 티 카키,0.0,0,23490,23490,23490,0,0,0.0,100.0,1,high,24.08,6,2,none,,27,https://www.musinsa.com/products/5110939
2026-09-01,언탭트 스튜디오,5111579,[2PACK]나일론 와이드 쿨 쇼츠 4부 반바지 6Color,0.0,0,34790,34790,34790,0,0,0.0,100.0,1,high,24.01,8,2,none,,27,https://www.musinsa.com/products/5111579
2026-09-01,썸웨어버터,5114907,Sweetie Skashi Cardigan - Ivory,0.0,0,98000,98000,68600,1,29400,42.86,100.0,1,medium,24.01,8,2,none,,27,https://www.musinsa.com/products/5114907
2026-09-01,디앤에스알,5115739,[DNSR X R.M] 맘모스 헤어리 더비 슈즈 베이지,0.0,0,297500,297500,297500,0,0,0.0,100.0,1,high,24.09,6,2,none,,27,https://www.musinsa.com/products/5115739
2026-09-01,2000아카이브스,5116699,ADDICTED CONTOUR T (WHITE),0.0,0,40890,40890,37170,1,3720,10.01,100.0,1,medium,24.09,7,2,none,,27,https://www.musinsa.com/products/5116699
2026-09-01,아틀리에 나인,5117339,FAUX LEATHER 2WAY POUTCH BAG(Z-B-2437),0.0,0,71200,71200,80100,1,-8900,-11.11,100.0,1,medium,24.09,6,2,none,,27,https://www.musinsa.com/products/5117339
2026-09-01,더블유엠씨,5117723,트로피칼 티셔츠_NAVY,0.0,0,24500,24500,24500,0,0,0.0,100.0,1,high,24.01,8,2,none,,27,https://www.musinsa.com/products/5117723
2026-09-01,글로니,5119643,RODEO MICRO MINI SKIRT (3 Colors),0.0,0,148000,148000,148000,0,0,0.0,100.0,1,high,24.09,7,2,none,,27,https://www.musinsa.com/products/5119643
2026-09-01,프리즘웍스,5120475,WASHED OFFICER CHINO SHORTS _ OLIVE,0.0,0,36720,36720,40800,1,-4080,-10.0,100.0,1,medium,24.09,7,2,none,,27,https://www.musinsa.com/products/5120475
2026-09-01,프리즘웍스,5120539,STRING NYLON TRACK PANTS _ BLACK,0.0,0,53400,53400,53400,0,0,0.0,100.0,1,high,24.09,7,2,none,,27,https://www.musinsa.com/products/5120539
2026-09-01,에이치덱스,5130011,몬드 백 스트링 모노키니 (Black),0.0,0,48300,48300,48300,0,0,0.0,100.0,1,high,24.08,6,2,none,,27,https://www.musinsa.com/products/5130011
2026-09-01,로우클래식,5136987,Lc FLIP-FLOP_BLACK [LC262SO01BK],0.02,1252,66220,57940,66220,1,-8280,-12.5,100.0,1,medium,24.09,7,2,none,,27,https://www.musinsa.com/products/5136987
2026-09-01,프렌다,5138907,STAR CUT-OFF COLORING RAGLAN TEE GRAY,0.0,0,18060,18060,25800,1,-7740,-30.0,100.0,1,medium,24.09,8,2,none,,27,https://www.musinsa.com/products/5138907
2026-09-01,세터,5139163,로잔 메쉬 풋볼 셔츠 스카이 블루,0.0,0,159000,159000,159000,0,0,0.0,100.0,1,high,24.09,6,2,none,,27,https://www.musinsa.com/products/5139163
2026-09-01,어반드레스,5140123,Abel Tube Top - 4COL,0.0,0,22500,22500,22500,0,0,0.0,100.0,1,high,24.09,7,2,none,,27,https://www.musinsa.com/products/5140123
2026-09-01,아틀리에 나인,5146523,ROOMY TEXTURE BOOTCUT PANTS(PT-5646),0.0,0,95200,95200,107100,1,-11900,-11.11,100.0,1,medium,24.09,6,2,none,,27,https://www.musinsa.com/products/5146523
2026-09-01,레더리,5147099,보더 에스닉 스터드 키링,0.0,0,24480,24480,21420,1,3060,14.29,100.0,1,medium,24.08,6,2,none,,27,https://www.musinsa.com/products/5147099
2026-09-01,바우로 프로덕트,5149147,써머 리브드 보트넥 니트티 [베이지],0.0,0,34900,34900,34900,0,0,0.0,100.0,1,high,24.08,6,2,none,,27,https://www.musinsa.com/products/5149147
2026-09-01,스컬프터,5156571,Cottage Cotton Capri Pants Sky Blue,0.0,0,91520,91520,114400,1,-22880,-20.0,100.0,1,medium,24.09,7,2,none,,27,https://www.musinsa.com/products/5156571
2026-09-01,키르시,5161563,키르시 X 썬원버드 풀 프린트 빅 오버 사이즈 티셔츠 [핑크],0.0,0,41300,41300,41300,0,0,0.0,100.0,1,high,24.08,6,2,none,,27,https://www.musinsa.com/products/5161563
2026-09-01,루에브르,5162395,Shirring See-through Blouse SW5XB637-22,0.0,0,139000,139000,139000,0,0,0.0,100.0,1,high,24.09,8,2,none,,27,https://www.musinsa.com/products/5162395
2026-09-01,아캄,5167451,AKM Rhinestone Raglan Half Top (Gray),0.0,0,48300,48300,55200,1,-6900,-12.5,100.0,1,medium,24.09,6,2,none,,27,https://www.musinsa.com/products/5167451
2026-09-01,노이어,5167515,멀티 리브드 슬리브리스 티셔츠 (화이트),0.0,0,29200,29200,29200,0,0,0.0,100.0,1,high,24.09,7,2,none,,27,https://www.musinsa.com/products/5167515
2026-09-01,파르티멘토 우먼,5170139,PWC (세트) 디테처블 랩스커트 팬츠_7컬러,0.0,0,39780,39780,39780,0,0,0.0,100.0,1,high,24.08,6,2,none,,27,https://www.musinsa.com/products/5170139
2026-09-01,어반드레스,5173147,Pigment Back Hole T-shirt - 4COL,0.0,0,18550,18550,18550,0,0,0.0,100.0,1,high,24.09,7,2,none,,27,https://www.musinsa.com/products/5173147
2026-09-01,트리밍버드,5175579,Apron Pleated One-piece [ Gray ],0.0,0,239000,239000,239000,0,0,0.0,100.0,1,high,24.09,7,2,none,,27,https://www.musinsa.com/products/5175579
2026-09-01,카키포인트,5176091,Ethnic Scarf Top (brown),0.73,60464,82620,82620,73440,1,9180,12.5,100.0,1,medium,24.09,8,2,none,,27,https://www.musinsa.com/products/5176091
2026-09-01,로제프란츠,5177243,Check Drop Mini Skirt [Navy],0.0,0,47840,47840,41860,1,5980,14.29,100.0,1,medium,24.08,6,2,none,,27,https://www.musinsa.com/products/5177243
2026-09-01,드헤베,5192923,Lace Frill Sleeveless [White],0.0,0,42750,42750,42750,0,0,0.0,100.0,1,high,24.08,6,2,none,,27,https://www.musinsa.com/products/5192923
2026-09-01,유라고,5198491,Tailored Linen blend jacket,0.0,0,207480,207480,207480,0,0,0.0,100.0,1,high,24.09,6,2,none,,27,https://www.musinsa.com/products/5198491
2026-09-01,세터,5201179,(W) 케이블 니트 하프 가디건 옐로우,0.0,0,119000,119000,119000,0,0,0.0,100.0,1,high,24.09,6,2,none,,27,https://www.musinsa.com/products/5201179
2026-09-01,스컬프터,5207515,[Sculptor X Fantasia] Twilight Bikini Navy,0.0,0,98560,98560,123200,1,-24640,-20.0,100.0,1,medium,24.09,7,2,none,,27,https://www.musinsa.com/products/5207515
2026-09-01,브룩스 브라더스,5209563,시어서커 스포츠셔츠 (네이비) (BBTHMM0005QFM),0.0,0,159200,159200,159200,0,0,0.0,100.0,1,high,24.01,8,2,none,,27,https://www.musinsa.com/products/5209563
2026-09-01,엑스오엑스,5214107,(우먼) 코튼 크롭 티셔츠 [WHITE],0.0,0,26400,26400,26400,0,0,0.0,100.0,1,high,24.09,6,2,none,,27,https://www.musinsa.com/products/5214107
2026-09-01,디앤에스알,5216475,스트라이프 크롭 하프 슬리브 블루,0.0,0,59200,59200,59200,0,0,0.0,100.0,1,high,24.1,6,2,none,,27,https://www.musinsa.com/products/5216475
2026-09-01,르아르,5216987,에센셜 스트라이프 크롭 티셔츠 [멀티 그레이 ST],0.65,15041,23310,23310,23310,0,0,0.0,100.0,1,high,24.09,6,2,none,,27,https://www.musinsa.com/products/5216987
2026-09-01,소버먼트,5233435,460G 크롭 컷 헤비 피그먼트 티셔츠-내츄럴 아이보리-,9.67,353853,36600,36600,36600,0,0,0.0,100.0,1,high,10.06,23,6,none,,27,https://www.musinsa.com/products/5233435
2026-09-01,해칭룸,5234139,Over Shirt Denim Grey,0.0,0,173000,173000,173000,0,0,0.0,100.0,1,high,24.08,6,2,none,,27,https://www.musinsa.com/products/5234139
2026-09-01,노매뉴얼,5242971,REVERSED CARPENTER DENIM PANTS - WASHED BLACK,0.0,0,102000,102000,102000,0,0,0.0,100.0,1,high,24.08,6,2,none,,27,https://www.musinsa.com/products/5242971
2026-09-01,코드그라피,5243163,래글런 배색 트랙 반소매 티셔츠_크림,0.0,0,37800,37800,37800,0,0,0.0,100.0,1,high,24.08,6,2,none,,27,https://www.musinsa.com/products/5243163
2026-09-01,노매뉴얼,5243291,OVERLAY LOGO HOODED ZIP-UP - CHARCOAL,0.0,0,103500,103500,103500,0,0,0.0,100.0,1,high,24.08,6,2,none,,27,https://www.musinsa.com/products/5243291
2026-09-01,노매뉴얼,5243419,DETACHABLE HOODED VEST - BLACK,0.0,0,143650,143650,143650,0,0,0.0,100.0,1,high,24.08,6,2,none,,27,https://www.musinsa.com/products/5243419
2026-09-01,비터셀즈,5243483,제미니 스트라이프 카라 티-그레이,0.0,0,63360,63360,63360,0,0,0.0,100.0,1,high,24.08,6,2,none,,27,https://www.musinsa.com/products/5243483
2026-09-01,비터셀즈,5245403,글레이즈 미니 크로스 백 & 카드 월렛 세트-크림,0.0,0,64080,64080,64080,0,0,0.0,100.0,1,high,24.08,6,2,none,,27,https://www.musinsa.com/products/5245403
2026-09-01,브랜디드,5245531,SOFT CROP T-SHIRT [MELANGE GRAY],1.77,69267,39200,39200,39200,0,0,0.0,100.0,1,high,24.08,6,2,none,,27,https://www.musinsa.com/products/5245531
2026-09-01,글로니,5247707,G BUTTON FLY PANTS (BUTTER),0.0,0,82000,82000,82000,0,0,0.0,100.0,1,high,24.09,7,2,none,,27,https://www.musinsa.com/products/5247707
2026-09-01,필루미네이트,5248667,시그니처 어센틱 로고 후디-4Color,0.0,0,41000,41000,41000,0,0,0.0,100.0,1,high,24.01,8,2,none,,27,https://www.musinsa.com/products/5248667
2026-09-01,더블유엠씨,5253979,백넘버 티셔츠_YELLOW,0.0,0,22050,22050,22050,0,0,0.0,100.0,1,high,24.01,8,2,none,,27,https://www.musinsa.com/products/5253979
2026-09-01,코드그라피,5254107,(우먼) 심플 스퀘어 반소매 티셔츠_화이트,0.0,0,30800,30800,30800,0,0,0.0,100.0,1,high,24.08,6,2,none,,27,https://www.musinsa.com/products/5254107
2026-09-01,유니폼브릿지,5260955,chambray shirt black,0.0,0,47600,47600,47600,0,0,0.0,100.0,1,high,24.08,7,2,none,,27,https://www.musinsa.com/products/5260955
2026-09-01,레더리,5267803,더블라인 스터드 아플리케 후디 [MELANGE],0.89,44712,49980,57120,49980,1,7140,14.29,100.0,1,medium,24.08,6,2,none,,27,https://www.musinsa.com/products/5267803
2026-09-01,에스피오나지,5268251,Lightweight Border Sweatshirt Navy,0.02,1738,89100,89100,89100,0,0,0.0,100.0,1,high,24.09,7,2,none,,27,https://www.musinsa.com/products/5268251
2026-09-01,트릴리온,5276059,투 포켓 버튼 스웨이드 봄버 자켓_브라운,0.1,5203,50900,50900,50900,0,0,0.0,100.0,1,high,24.08,6,2,none,,27,https://www.musinsa.com/products/5276059
2026-09-01,테이크이지,5279963,메릴랜드 오버 맨투맨 (빈티지네이비),0.0,0,29500,29500,29500,0,0,0.0,100.0,1,high,24.09,6,2,none,,27,https://www.musinsa.com/products/5279963
2026-09-01,파브레가,5286619,로크 카치온 카펜터 팬츠 (스모크 그레이),0.0,0,97200,97200,97200,0,0,0.0,100.0,1,high,24.08,6,2,none,,27,https://www.musinsa.com/products/5286619
2026-09-01,마인드브릿지,5289755,[COUTURE]멀티 스트라이프 카라 세미 오버핏니트 - 2color,0.0,0,39900,39900,39900,0,0,0.0,100.0,1,high,24.08,6,2,none,,27,https://www.musinsa.com/products/5289755
2026-09-01,틸아이다이,5293851,Stripe loose fit t-shirt TIFA01LT07_Pink,0.0,0,83980,83980,83980,0,0,0.0,100.0,1,high,24.09,7,2,none,,27,https://www.musinsa.com/products/5293851
2026-09-01,틸아이다이,5294043,Oversized tweed jacket TIFA01JK03_Ivory,0.0,0,176850,176850,176850,0,0,0.0,100.0,1,high,24.09,7,2,none,,27,https://www.musinsa.com/products/5294043
2026-09-01,굿라이프웍스,5295259,헤리티지 커버 헌팅 자켓 카키,0.0,0,59500,59500,59500,0,0,0.0,100.0,1,high,24.09,6,2,none,,27,https://www.musinsa.com/products/5295259
2026-09-01,리메인세컨드,5296283,오버핏 빈티지 피그먼트 후디_2COLOR,0.0,0,29800,29800,29800,0,0,0.0,100.0,1,high,24.1,6,2,none,,27,https://www.musinsa.com/products/5296283
2026-09-01,아웃스탠딩,5296603,AUTHENTIC COMFORT HOOD ZIP SWEAT_VINTAGE CHARCOAL,0.14,13824,97200,97200,97200,0,0,0.0,100.0,1,high,24.09,7,2,none,,27,https://www.musinsa.com/products/5296603
2026-09-01,브라운브레스,5299291,PIGMENT TAG HOODIE - CHARCOAL,0.0,0,99000,99000,99000,0,0,0.0,100.0,1,high,24.09,8,2,none,,27,https://www.musinsa.com/products/5299291
2026-09-01,로템버,5301339,[데일리룸 X 로템버] 벌룬 레그 밀 데님 카고 팬츠 [워시드 블랙],0.0,0,75240,75240,75240,0,0,0.0,100.0,1,low,24.09,7,2,none,,27,https://www.musinsa.com/products/5301339
2026-09-01,데케트,5302363,[골지데님]Balloon Wide Rib Jeans DCPT067LightBlue,0.0,0,51800,51800,51800,0,0,0.0,100.0,1,high,24.08,6,2,none,,27,https://www.musinsa.com/products/5302363
2026-09-01,몽돌,5303387,루즈 알파카 보트넥 니트 탑 그레이 MDKT119GRAY,0.0,0,50100,50100,38950,1,11150,28.63,100.0,1,medium,24.09,7,2,none,,27,https://www.musinsa.com/products/5303387
2026-09-01,디스이즈네버댓,5304283,T-Logo Cap Navy/Green,0.0,0,36000,36000,36000,0,0,0.0,100.0,1,high,24.09,6,2,none,,27,https://www.musinsa.com/products/5304283
2026-09-01,커버낫,5306523,[최윤지 착용] C로고 코듀로이 백팩 Black,0.0,0,80190,80190,89100,1,-8910,-10.0,100.0,1,medium,24.09,6,2,none,,27,https://www.musinsa.com/products/5306523
2026-09-01,아워데이즈,5307611,오퍼스 슬림 타이 [2COLORS],0.0,0,21600,21600,21600,0,0,0.0,100.0,1,high,24.08,6,2,none,,27,https://www.musinsa.com/products/5307611
2026-09-01,칙스,5308955,프릴 레이어드 롱 슬리브 화이트,0.98,38974,39900,39900,31920,1,7980,25.0,100.0,1,medium,24.09,7,2,none,,27,https://www.musinsa.com/products/5308955
2026-09-01,나이스고스트클럽,5310235,GIRL GANG EYE LOGO HOODIE_BLUE(NG2FFFT556A),0.0,0,48300,48300,33810,1,14490,42.86,100.0,1,medium,24.01,8,2,none,,27,https://www.musinsa.com/products/5310235
2026-09-01,오헤시오,5310939,"LAYERED SHEER FRILL SKIRT, KHAKI CHECK",0.0,0,188100,188100,142560,1,45540,31.94,100.0,1,medium,24.09,8,2,none,,27,https://www.musinsa.com/products/5310939
2026-09-01,일리고,5311003,체크 하트 아일렛 후드 집업 화이트,0.0,0,59000,59000,59000,0,0,0.0,100.0,1,high,24.08,6,2,none,,27,https://www.musinsa.com/products/5311003
2026-09-01,꼼파뇨,5311131,윌리 레이어드 피그먼트 롱슬리브 스모크블랙,0.0,0,32460,32460,32460,0,0,0.0,100.0,1,high,24.08,6,2,none,,27,https://www.musinsa.com/products/5311131
2026-09-01,1993스튜디오,5312603,스트라이프 머플러_차콜 블랙,0.0,0,49500,49500,49500,0,0,0.0,100.0,1,high,24.08,6,2,none,,27,https://www.musinsa.com/products/5312603
2026-09-01,브라운브레스,5312667,W BROKEN TAG DIRTY CROP HOOD ZIP UP - BROWN,0.0,0,116100,116100,116100,0,0,0.0,100.0,1,high,24.09,8,2,none,,27,https://www.musinsa.com/products/5312667
2026-09-01,웬즈데이오아시스,5313051,아란 케이블 헤어리 울 니트 가디건_OLIVE(WC25-KN69),0.0,0,63700,63700,63700,0,0,0.0,100.0,1,high,24.09,8,2,none,,27,https://www.musinsa.com/products/5313051
2026-09-01,시그니처,5313499,트위스트 커브드 코튼 팬츠[브라운],12.96,465276,35900,35900,35900,0,0,0.0,100.0,1,low,9.04,29,6,none,,27,https://www.musinsa.com/products/5313499
2026-09-01,시그니처,5313563,사이드 딥 원턱 슬랙스[블랙스트라이프],0.45,18148,39900,39900,39900,0,0,0.0,100.0,1,low,24.08,8,2,none,,27,https://www.musinsa.com/products/5313563
2026-09-01,시그니처,5314395,투웨이 크롭 후드 집업[블랙],3.08,122790,39900,39900,39900,0,0,0.0,100.0,1,high,9.04,21,6,none,,27,https://www.musinsa.com/products/5314395
2026-09-01,후드후드,5315419,에일리언 그래픽 후드 그레이,0.0,0,50900,50900,50900,0,0,0.0,100.0,1,high,24.08,6,2,none,,27,https://www.musinsa.com/products/5315419
2026-09-01,소버먼트,5316443,980G 크롭 피그먼트 맨투맨-오크 브라운-,0.0,0,50730,50730,50730,0,0,0.0,100.0,1,high,24.01,8,2,none,,27,https://www.musinsa.com/products/5316443
2026-09-01,아캄,5316507,High-Neck Leather Jacket (Black),14.25,1803843,126600,126600,126600,0,0,0.0,100.0,1,high,9.37,34,9,none,,27,https://www.musinsa.com/products/5316507
2026-09-01,엘무드,5316891,프랭크 린넨 롱슬리브 바이올렛 그레이,1.4,92807,66400,66400,66400,0,0,0.0,100.0,1,high,24.09,6,2,none,,27,https://www.musinsa.com/products/5316891
2026-09-01,플레어업,5317083,Layered Dot Scarf Long Sleeve (FL-182_White),0.0,0,89000,89000,62300,1,26700,42.86,100.0,1,medium,24.08,6,2,none,,27,https://www.musinsa.com/products/5317083
2026-09-01,에이지오디,5319963,사이드 절개 포켓 피치스킨 코튼 팬츠 [라이트카키],2.73,106855,39200,39200,39200,0,0,0.0,100.0,1,high,24.09,22,2,none,,27,https://www.musinsa.com/products/5319963
2026-09-01,에스피오나지,5321883,Vintage Plaid Work Shirt Mustard,0.02,1504,76300,76300,76300,0,0,0.0,100.0,1,high,24.09,7,2,none,,27,https://www.musinsa.com/products/5321883
2026-09-01,커버낫,5322075,[최윤지 착용] 피그먼트 아치로고 후드집업 Light Purple,0.0,0,85680,85680,85680,0,0,0.0,100.0,1,high,24.09,6,2,none,,27,https://www.musinsa.com/products/5322075
2026-09-01,스컬프터,5322715,String Parachute Pants Washed Black,0.0,0,112640,112640,140800,1,-28160,-20.0,100.0,1,medium,24.09,7,2,none,,27,https://www.musinsa.com/products/5322715
2026-09-01,효지,5328219,FW 워셔블 에센셜 라운드 크롭 니트 가디건 (7컬러),9.48,501488,52900,52900,52900,0,0,0.0,56.92,0,low,3.04,44,7,none,,27,https://www.musinsa.com/products/5328219
2026-09-01,코드그라피,5332571,스퀘어 로고 미니 슬링백팩_라이트카키,0.0,0,48300,48300,48300,0,0,0.0,100.0,1,high,24.08,6,2,none,,27,https://www.musinsa.com/products/5332571
2026-09-01,코드그라피,5332699,(우먼) 스퀘어 로고 니트_차콜,0.0,0,69300,69300,69300,0,0,0.0,100.0,1,high,24.08,6,2,none,,27,https://www.musinsa.com/products/5332699
2026-09-01,코드그라피,5332763,라운드 C.GRAPHY 배색 캠프캡_다크 베이지,0.0,0,34300,34300,34300,0,0,0.0,100.0,1,high,24.08,6,2,none,,27,https://www.musinsa.com/products/5332763
2026-09-01,필루미네이트,5333979,심볼 스트라이프 후드 집업-카키,0.54,22433,41900,41900,41900,0,0,0.0,100.0,1,high,24.01,8,2,none,,27,https://www.musinsa.com/products/5333979
2026-09-01,와이케이,5337307,YK 체크 아플리케 볼캡 브라운,0.0,0,44250,44250,30980,1,13270,42.83,100.0,1,medium,24.01,8,2,none,,27,https://www.musinsa.com/products/5337307
2026-09-01,에이치덱스,5337435,크랙 프린티드 후디 (Black),2.68,116287,43450,43450,43450,0,0,0.0,100.0,1,high,24.08,10,2,none,,27,https://www.musinsa.com/products/5337435
2026-09-01,더뮤지엄비지터,5339611,RIBBON BRACELET (PINK),0.0,0,19000,19000,22800,1,-3800,-16.67,100.0,1,medium,24.09,7,2,none,,27,https://www.musinsa.com/products/5339611
2026-09-01,와르,5341083,M1065 니트 가디건_블랙,0.0,0,34860,34860,34860,0,0,0.0,100.0,1,high,24.09,7,2,none,,27,https://www.musinsa.com/products/5341083
2026-09-01,밀로아카이브,5341723,트위스티드 오프너 키링 [실버],0.0,0,20880,20880,26100,1,-5220,-20.0,100.0,1,medium,24.01,9,2,none,,27,https://www.musinsa.com/products/5341723
2026-09-01,룩캐스트,5342363,아멜라 울 슬림 핏 탑 / AMELA WOOL SLIM FIT TOP_3colors,1.99,92515,46400,46400,46400,0,0,0.0,100.0,1,high,24.08,6,2,none,,27,https://www.musinsa.com/products/5342363
2026-09-01,몽돌,5344411,소프트 코튼 V넥 니트 탑 MDKT127_8 Colors,0.14,7041,49390,54870,49390,1,5480,11.1,100.0,1,medium,24.09,7,2,none,,27,https://www.musinsa.com/products/5344411
2026-09-01,시야쥬,5344603,SIOT4148 울 블렌드 오버 핏 더블 블레이저_Dark brown,0.0,0,223000,223000,223000,0,0,0.0,100.0,1,high,24.09,6,2,none,,27,https://www.musinsa.com/products/5344603
2026-09-01,디스이즈네버댓,5349979,Blurred Flow Pant Olive,0.0,0,104300,104300,104300,0,0,0.0,100.0,1,high,24.09,6,2,none,,27,https://www.musinsa.com/products/5349979
2026-09-01,쿠어,5350491,울 블렌드 이지 슬랙스 (차콜그레이),0.0,0,198000,198000,198000,0,0,0.0,100.0,1,high,24.1,6,2,none,,27,https://www.musinsa.com/products/5350491
2026-09-01,쿠어,5350683,페이크 스웨이드 커브 라인 점퍼 (다크브라운),0.0,0,269100,269100,269100,0,0,0.0,100.0,1,high,24.1,6,2,none,,27,https://www.musinsa.com/products/5350683
2026-09-01,커스텀어클락,5351643,소프트 케이블 라운드 가디건 빈티지브라운 COOSCD021VBROWN,0.0,0,47200,47200,47200,0,0,0.0,100.0,1,high,24.09,6,2,none,,27,https://www.musinsa.com/products/5351643
2026-09-01,모즈모즈,5351899,컷오프 레글런 테리 기모 피그먼트 오버핏 맨투맨 베이지,0.0,0,59900,59900,59900,0,0,0.0,100.0,1,high,24.1,6,2,none,,27,https://www.musinsa.com/products/5351899
2026-09-01,1993스튜디오,5352091,[LG트윈스x1993스튜디오] 키즈 라글란 배색 트랙 후드집업_블랙,0.0,0,79000,79000,79000,0,0,0.0,100.0,1,high,24.09,6,2,none,,27,https://www.musinsa.com/products/5352091
2026-09-01,후러브스아트,5354587,스트라이프 와이드 밴딩 슬랙스 그레이,1.55,43297,28000,28000,28000,0,0,0.0,100.0,1,low,24.01,7,2,none,,27,https://www.musinsa.com/products/5354587
2026-09-01,아모우,5357659,AMOU 60s Western Wind Breaker CREAM,0.98,75158,76960,76960,76960,0,0,0.0,100.0,1,high,24.09,7,2,none,,27,https://www.musinsa.com/products/5357659
2026-09-01,데꼬로소,5357723,모드 헤라시 하프넥 니트 [차콜],0.0,0,53600,53600,53600,0,0,0.0,100.0,1,high,24.01,8,2,none,,27,https://www.musinsa.com/products/5357723
2026-09-01,썬러브투어,5358107,Crescent Brushed Sweatpants Heather Grey,0.0,0,61920,61920,61920,0,0,0.0,100.0,1,high,24.09,8,2,none,,27,https://www.musinsa.com/products/5358107
2026-09-01,유니폼브릿지,5360091,fisherman wool knit cardigan green,0.0,0,107400,107400,89500,1,17900,20.0,100.0,1,medium,24.09,7,2,none,,27,https://www.musinsa.com/products/5360091
2026-09-01,더바넷,5360475,Canvas Baren Tote Bag_Burgundy,2.22,152911,68824,63900,71000,1,-7100,-10.0,100.0,1,low,24.08,12,2,none,,27,https://www.musinsa.com/products/5360475
2026-09-01,키르시,5360539,아이러브 키르시 와펜 크롭 후디 [화이트],0.0,0,62300,62300,62300,0,0,0.0,100.0,1,high,24.09,6,2,none,,27,https://www.musinsa.com/products/5360539
2026-09-01,아틀리에 나인,5361179,MUFFLER SET KNIT CARDIGAN S(CD-2222),0.0,0,92350,92350,103890,1,-11540,-11.11,100.0,1,medium,24.1,6,2,none,,27,https://www.musinsa.com/products/5361179
2026-09-01,엑스컨테이너,5362203,라이트 웨이트 후드 패딩 자켓 (BLACK),0.0,0,67080,67080,67080,0,0,0.0,100.0,1,high,24.08,6,2,none,,27,https://www.musinsa.com/products/5362203
2026-09-01,브룩스 브라더스,5363611,셔틀랜드 케이블 풀오버 (그레이) (BBWRMOF410),0.0,0,145040,145040,145040,0,0,0.0,100.0,1,high,24.01,16,7,none,,27,https://www.musinsa.com/products/5363611
2026-09-01,브룩스 브라더스,5363995,슬림핏 8W 코듀로이 팬츠 (그린) (BBPCMNF402),0.0,0,127360,127360,127360,0,0,0.0,100.0,1,high,24.01,8,2,none,,27,https://www.musinsa.com/products/5363995
2026-09-01,브룩스 브라더스,5364315,[여성] 울 케이블 가디건 (네이비) (BBWCWBF402),0.0,0,167440,167440,165760,1,1680,1.01,100.0,1,medium,24.01,8,2,none,,27,https://www.musinsa.com/products/5364315
2026-09-01,더바넷,5365339,Panele Check Ruffled Blouse_Navy,0.0,0,115200,115200,115200,0,0,0.0,100.0,1,high,24.08,6,2,none,,27,https://www.musinsa.com/products/5365339
2026-09-01,세컨모놀로그,5365467,W. 솔리드 립 슬림핏 하이넥 가디건 [DTBEIGE]_SEWCD006DTBEIGE,0.0,0,24800,24800,24800,0,0,0.0,100.0,1,high,24.08,6,2,none,,27,https://www.musinsa.com/products/5365467
2026-09-01,썸웨어버터,5365851,Button Shirring Long Skirt - Ivory,0.0,0,119200,119200,119200,0,0,0.0,100.0,1,high,24.01,8,2,none,,27,https://www.musinsa.com/products/5365851
2026-09-01,파르티멘토 우먼,5366811,PWC 언발란스드 보우타이 랩 저지 탑_브라운,0.0,0,40500,40500,31500,1,9000,28.57,100.0,1,medium,24.08,6,2,none,,27,https://www.musinsa.com/products/5366811
2026-09-01,효지,5366939,커스터마이징 셋업 수트 세트 (F01-브라운),0.0,0,169000,169000,169000,0,0,0.0,100.0,1,high,24.1,6,2,none,,27,https://www.musinsa.com/products/5366939
2026-09-01,니티드,5367707,코튼 헨리넥 와플 니트 BROWN,0.77,30695,39840,39840,39840,0,0,0.0,100.0,1,high,24.08,6,2,none,,27,https://www.musinsa.com/products/5367707
2026-09-01,나이스고스트클럽,5369435,DARK FANTASY FUR HOODIE ZIP UP_BLACK(NG2FFUM491A),0.0,0,69300,69300,48510,1,20790,42.86,100.0,1,medium,24.01,8,2,none,,27,https://www.musinsa.com/products/5369435
2026-09-01,엑스트라오디너리,5371355,BLACKLETTER II SWEAT PANTS M/GREY,0.0,0,59500,59500,59500,0,0,0.0,100.0,1,high,24.08,6,2,none,,27,https://www.musinsa.com/products/5371355
2026-09-01,워크온바디오프,5371483,트레소 세미 오버핏 케이블 긴팔 니트 [블랙],0.0,0,31260,31260,32900,1,-1640,-4.98,100.0,1,medium,24.09,6,2,none,,27,https://www.musinsa.com/products/5371483
2026-09-01,9999아카이브,5372635,Vintage Reversible Oxford Vest,0.0,0,113400,113400,113400,0,0,0.0,100.0,1,high,24.01,8,2,none,,27,https://www.musinsa.com/products/5372635
2026-09-01,필루미네이트,5374683,88 자가드 라운드 니트-블랙,0.0,0,31900,31900,31900,0,0,0.0,100.0,1,high,24.01,8,2,none,,27,https://www.musinsa.com/products/5374683
2026-09-01,르바,5376347,Layered Check Wrap Skirt - Check Burgundy,0.0,0,108000,108000,108000,0,0,0.0,100.0,1,high,24.08,6,2,none,,27,https://www.musinsa.com/products/5376347
2026-09-01,제너럴아이디어,5380699,UNISEX 하찌 빅보더 니트 풀오버 [LIGHT KHAKI] / SBE3U05005,0.0,0,59200,59200,59200,0,0,0.0,100.0,1,high,24.09,7,2,none,,27,https://www.musinsa.com/products/5380699
2026-09-01,프리즘웍스,5381339,STRIPE QUILTED MIL LINER VEST _ OLIVE,0.0,0,51660,51660,57400,1,-5740,-10.0,100.0,1,medium,24.09,7,2,none,,27,https://www.musinsa.com/products/5381339
2026-09-01,비터셀즈,5383835,디어 부클 니트-라이트 그레이,0.0,0,71280,71280,71280,0,0,0.0,100.0,1,high,24.08,6,2,none,,27,https://www.musinsa.com/products/5383835
2026-09-01,링서울,5385563,button corduroy pants-brown,0.0,0,95100,95100,73970,1,21130,28.57,100.0,1,medium,24.01,8,2,none,,27,https://www.musinsa.com/products/5385563
2026-09-01,밀로아카이브,5387227,네오 커브드 팬츠 [데님 블루],0.54,42012,78400,78400,78400,0,0,0.0,100.0,1,high,24.01,9,2,none,,27,https://www.musinsa.com/products/5387227
2026-09-01,에스피오나지,5387291,[Vegetable Leather] Washed Sheepskin Coach Jacket Black,0.0,0,569050,569050,569050,0,0,0.0,100.0,1,high,24.09,7,2,none,,27,https://www.musinsa.com/products/5387291
2026-09-01,어반드레스,5389915,Snap Fit Relax Pants_3Colors,0.0,0,34900,34900,34900,0,0,0.0,100.0,1,high,24.09,7,2,none,,27,https://www.musinsa.com/products/5389915
2026-09-01,어반드레스,5390427,Ink Drop Layered T-shirt_3Colors,0.0,0,32000,32000,32000,0,0,0.0,100.0,1,high,24.09,7,2,none,,27,https://www.musinsa.com/products/5390427
2026-09-01,미나브,5390811,코튼 와이드 플레어 팬츠 [블랙],2.49,150088,60182,55000,71200,1,-16200,-22.75,100.0,1,medium,24.01,14,4,none,,27,https://www.musinsa.com/products/5390811
2026-09-01,로우로우,5391067,큐브 백 772 Dot [2color],1.49,65740,44250,44250,44250,0,0,0.0,100.0,1,high,24.01,8,2,none,,27,https://www.musinsa.com/products/5391067
2026-09-01,미나브,5391259,리브드 헨리넥 롱슬리브 [차콜],0.0,0,35100,35100,55200,1,-20100,-36.41,100.0,1,medium,24.09,8,2,none,,27,https://www.musinsa.com/products/5391259
2026-09-01,유니폼브릿지,5393499,UBC sweatpants black,0.0,0,54500,54500,54500,0,0,0.0,100.0,1,high,24.09,7,2,none,,27,https://www.musinsa.com/products/5393499
2026-09-01,유니폼브릿지,5393563,faux suede jacket(womens) beige,0.0,0,139500,139500,139500,0,0,0.0,100.0,1,high,24.09,7,2,none,,27,https://www.musinsa.com/products/5393563
2026-09-01,더뮤지엄비지터,5394395,DOT RUNNING BELT BAG (BROWN),0.0,0,31800,31800,37100,1,-5300,-14.29,100.0,1,medium,24.09,7,2,none,,27,https://www.musinsa.com/products/5394395
2026-09-01,테이크이지,5395163,[2PACK] 울 크롭 니트 카키멜 (+솔리드 크롭 티셔츠 증정),0.6,25064,41900,41900,41900,0,0,0.0,100.0,1,high,24.09,6,2,none,,27,https://www.musinsa.com/products/5395163
2026-09-01,틸아이다이,5395931,Belt set pleats skirt_Mocha,0.0,0,88020,88020,88020,0,0,0.0,100.0,1,high,24.09,7,2,none,,27,https://www.musinsa.com/products/5395931
2026-09-01,틸아이다이,5395995,Crinkle textured tie blouse TIFA03BL03_Butter,0.0,0,103550,103550,88020,1,15530,17.64,100.0,1,medium,24.08,7,2,none,,27,https://www.musinsa.com/products/5395995
2026-09-01,낫포너드,5396443,Stitch Double Knee Denim Pants - Black,0.0,0,67500,67500,60750,1,6750,11.11,100.0,1,medium,24.08,6,2,none,,27,https://www.musinsa.com/products/5396443
2026-09-01,세터,5397275,테오 신세틱 레더 칼라 자켓 브라운,0.0,0,279000,279000,279000,0,0,0.0,100.0,1,high,24.1,6,2,none,,27,https://www.musinsa.com/products/5397275
2026-09-01,코드그라피,5398875,하트 와펜 레글런 배색 롱슬리브_다크네이비,0.0,0,44800,44800,44800,0,0,0.0,100.0,1,high,24.08,6,2,none,,27,https://www.musinsa.com/products/5398875
2026-09-01,언탭트 스튜디오,5401755,2WAY 오버사이즈 더플 후드 헤비 숏패딩 3Color,0.0,0,78890,78890,78890,0,0,0.0,100.0,1,high,24.01,8,2,none,,27,https://www.musinsa.com/products/5401755
2026-09-01,카네이테이,5404955,CLASSIC CHINO PANTS (BLACK),0.0,0,55300,55300,93990,1,-38690,-41.16,100.0,1,medium,24.09,7,2,none,,27,https://www.musinsa.com/products/5404955
2026-09-01,로제프란츠,5405019,Lace Cancan Mini Skirt [Black],0.0,0,80960,80960,70840,1,10120,14.29,100.0,1,medium,24.08,6,2,none,,27,https://www.musinsa.com/products/5405019
2026-09-01,시야쥬,5405083,SIAC3076 Lambskin Flow Bag L_Black,0.0,0,195300,195300,195300,0,0,0.0,100.0,1,high,24.09,6,2,none,,27,https://www.musinsa.com/products/5405083
2026-09-01,더바이닐하우스,5409179,DOUBLE KNEE DENIM PANTS LIGHT BLUE,0.0,0,52920,52920,80400,1,-27480,-34.18,100.0,1,medium,24.09,6,2,none,,27,https://www.musinsa.com/products/5409179
2026-09-01,탄산마그네슘,5413147,손뼈 사선 팬츠 (블루),0.0,0,150480,150480,150480,0,0,0.0,100.0,1,high,24.1,6,2,none,,27,https://www.musinsa.com/products/5413147
2026-09-01,디스이즈네버댓,5414171,TNT Black Diamond SPOT 400-R Headlamp Camo,0.0,0,76300,76300,76300,0,0,0.0,100.0,1,high,24.08,6,2,none,,27,https://www.musinsa.com/products/5414171
2026-09-01,밀로아카이브,5424475,세이렌 핑거 홀 슬리브 [차콜],0.0,0,39000,39000,52000,1,-13000,-25.0,100.0,1,medium,24.02,9,2,none,,27,https://www.musinsa.com/products/5424475
2026-09-01,배드블러드,5424539,미스틱11 리버시블 퍼 후드 자켓 - 블랙/브라운레오파드,0.0,0,199200,199200,201690,1,-2490,-1.23,100.0,1,medium,24.09,7,2,none,,27,https://www.musinsa.com/products/5424539
2026-09-01,슬로우애시드,5424923,다이애그널 하프집업 [블랙],0.0,0,57400,57400,57400,0,0,0.0,100.0,1,high,24.08,6,2,none,,27,https://www.musinsa.com/products/5424923
2026-09-01,배드블러드,5424987,미스틱 캡슐 1/2 티셔츠 슬림핏 - 라이트리얼트리,0.0,0,73100,73100,69660,1,3440,4.94,100.0,1,medium,24.09,7,2,none,,27,https://www.musinsa.com/products/5424987
2026-09-01,플레어업,5429659,Ruffle Zip Hoodie (FL-193_Gray),0.0,0,101150,101150,70810,1,30340,42.85,100.0,1,medium,24.08,6,2,none,,27,https://www.musinsa.com/products/5429659
2026-09-01,노이어,5432347,로우 게이지 헤비 크롭 니트 (네이비),0.0,0,88000,88000,88000,0,0,0.0,100.0,1,high,24.09,7,2,none,,27,https://www.musinsa.com/products/5432347
2026-09-01,제멋,5436379,메이커라인 긴팔티셔츠 아이보리 JILT2652,0.0,0,23900,23900,23900,0,0,0.0,100.0,1,high,24.09,7,2,none,,27,https://www.musinsa.com/products/5436379
2026-09-01,디스이즈네버댓,5438107,Arch-Logo Hoodie Plum,0.0,0,87200,87200,87200,0,0,0.0,100.0,1,high,24.09,6,2,none,,27,https://www.musinsa.com/products/5438107
2026-09-01,디스이즈네버댓,5438171,Velvet Track Jacket Brown,0.0,0,167300,167300,167300,0,0,0.0,100.0,1,high,24.09,6,2,none,,27,https://www.musinsa.com/products/5438171
2026-09-01,카네이테이,5438491,DUSTY HENLEY LONG SLEEVES (VINTAGE WHITE),0.0,0,41300,41300,71250,1,-29950,-42.04,100.0,1,medium,24.09,7,2,none,,27,https://www.musinsa.com/products/5438491
2026-09-01,솔트앤초콜릿,5439131,어뉴 롱부츠 412548009 (3.5cm),0.0,0,77400,77400,96750,1,-19350,-20.0,100.0,1,medium,24.08,7,2,none,,27,https://www.musinsa.com/products/5439131
2026-09-01,미세키서울,5439899,Wabi origami pleats midi skirt CHARCOAL,0.0,0,93100,93100,93100,0,0,0.0,100.0,1,high,24.08,4,2,none,,27,https://www.musinsa.com/products/5439899
2026-09-01,시눈,5443739,Wrinkle H-Line Skirt (Cream),0.0,0,92460,92460,92460,0,0,0.0,100.0,1,high,24.1,6,2,none,,27,https://www.musinsa.com/products/5443739
2026-09-01,브라운브레스,5450267,TAG OG HOODIE - ASH,1.46,130141,89000,89000,89000,0,0,0.0,93.42,0,low,24.09,11,2,none,,27,https://www.musinsa.com/products/5450267
2026-09-01,벨리에,5451867,베어 스웨이드 블레이저 - 투톤 브라운,0.0,0,599450,599450,599450,0,0,0.0,100.0,1,high,24.1,6,2,none,,27,https://www.musinsa.com/products/5451867
2026-09-01,스컬프터,5452379,Ankh Boucle Knit Cardigan Ivory,0.0,0,82560,82560,103200,1,-20640,-20.0,100.0,1,medium,24.09,7,2,none,,27,https://www.musinsa.com/products/5452379
2026-09-01,9999아카이브,5453019,Archive Long Sleeves,0.0,0,46800,46800,46800,0,0,0.0,100.0,1,high,24.02,8,2,none,,27,https://www.musinsa.com/products/5453019
2026-09-01,인사일런스,5453275,카펜터 데님 팬츠 GREY,0.0,0,125100,125100,111600,1,13500,12.1,100.0,1,medium,24.09,6,2,none,,27,https://www.musinsa.com/products/5453275
2026-09-01,브라운야드,5458075,"W 하프 니트, 그레이",0.0,0,117600,117600,117600,0,0,0.0,100.0,1,high,24.02,8,2,none,,27,https://www.musinsa.com/products/5458075
2026-09-01,밀로아카이브,5458843,크레니 레더 스터드 자켓 [블랙],0.0,0,136800,136800,182400,1,-45600,-25.0,100.0,1,medium,24.02,9,2,none,,27,https://www.musinsa.com/products/5458843
2026-09-01,브라운야드,5458971,"스테디 셔츠, 블루",0.0,0,198000,198000,198000,0,0,0.0,100.0,1,high,24.02,8,2,none,,27,https://www.musinsa.com/products/5458971
2026-09-01,커스텀어클락,5462299,커브드 기모 후드 티셔츠 3 COLOR COOSTS262,0.0,0,52800,52800,52800,0,0,0.0,100.0,1,high,24.09,6,2,none,,27,https://www.musinsa.com/products/5462299
2026-09-01,어나더오피스,5462555,Mountaineer Garment Jacket (Smoky indigo),0.0,0,229600,229600,262400,1,-32800,-12.5,100.0,1,medium,24.09,8,2,none,,27,https://www.musinsa.com/products/5462555
2026-09-01,워크온바디오프,5463195,베르노 세미 오버핏 카라 니트 [아이보리],0.0,0,29610,29610,32900,1,-3290,-10.0,100.0,1,medium,24.09,6,2,none,,27,https://www.musinsa.com/products/5463195
2026-09-01,무드인사이드,5463707,드럭스 오버 체크셔츠_Navy,0.0,0,49900,49900,49900,0,0,0.0,100.0,1,high,24.09,8,2,none,,27,https://www.musinsa.com/products/5463707
2026-09-01,밀로아카이브,5466779,페이딩 플레어 후디 [멜란지 그레이],0.0,0,70800,70800,94400,1,-23600,-25.0,100.0,1,medium,24.02,9,2,none,,27,https://www.musinsa.com/products/5466779
2026-09-01,디스이즈네버댓,5468635,Velvet Track Pant Brown,0.0,0,97300,97300,97300,0,0,0.0,100.0,1,high,24.09,6,2,none,,27,https://www.musinsa.com/products/5468635
2026-09-01,미세키서울 맨,5477659,Slash line knit CHARCOAL,0.0,0,71280,71280,71280,0,0,0.0,100.0,1,high,24.1,6,2,none,,27,https://www.musinsa.com/products/5477659
2026-09-01,더뮤지엄비지터,5480347,DOT DUCK DOWN JACKET (BLACK),0.0,0,160800,160800,160800,0,0,0.0,100.0,1,high,24.09,7,2,none,,27,https://www.musinsa.com/products/5480347
2026-09-01,커버낫,5480539,웜온 시그니처 심볼 플리스 후디 Dark Navy,0.0,0,53100,53100,59950,1,-6850,-11.43,100.0,1,medium,24.09,6,2,none,,27,https://www.musinsa.com/products/5480539
2026-09-01,일꼬르소,5480987,피처 스트라이프 (릴렉스)셔츠 베이지 IESH5F004I2,0.0,0,69300,69300,69300,0,0,0.0,100.0,1,high,24.09,6,2,none,,27,https://www.musinsa.com/products/5480987
2026-09-01,본투윈,5482523,W BRN RACER BACK SLEEVELESS [BLACK],0.0,0,51300,51300,51300,0,0,0.0,100.0,1,high,24.09,7,2,none,,27,https://www.musinsa.com/products/5482523
2026-09-01,바우로 프로덕트,5486939,스트레치 코튼 세미플레어 팬츠 [블랙],0.0,0,99000,99000,99000,0,0,0.0,100.0,1,high,24.08,6,2,none,,27,https://www.musinsa.com/products/5486939
2026-09-01,제로,5487963,래글런 크롭 롱 슬리브 [카키/차콜],0.0,0,29000,29000,29000,0,0,0.0,100.0,1,high,24.1,6,2,none,,27,https://www.musinsa.com/products/5487963
2026-09-01,세터,5490459,(W) 오르타 후드 패딩 베스트 블랙,0.0,0,179000,179000,179000,0,0,0.0,100.0,1,high,24.1,6,2,none,,27,https://www.musinsa.com/products/5490459
2026-09-01,워크온바디오프,5497115,인트레 세미 오버핏 케이블 니티드 후드집업 [차콜],0.0,0,40410,40410,44900,1,-4490,-10.0,100.0,1,medium,24.09,6,2,none,,27,https://www.musinsa.com/products/5497115
2026-09-01,유니폼브릿지,5497563,silk blended polo knit melange grey,0.0,0,89000,89000,79000,1,10000,12.66,100.0,1,medium,24.09,7,2,none,,27,https://www.musinsa.com/products/5497563
2026-09-01,론론,5505563,SPORTY SLIM LAYERED LONG SLEEVE WHITE GREY,0.0,0,62370,62370,43120,1,19250,44.64,100.0,1,medium,24.09,7,2,none,,27,https://www.musinsa.com/products/5505563
2026-09-01,아메스 월드와이드,5506971,BASIC SMALL LOGO SWEAT PANTS CREAM,0.0,0,63200,63200,55300,1,7900,14.29,100.0,1,medium,24.08,6,2,none,,27,https://www.musinsa.com/products/5506971
2026-09-01,밀로아카이브,5508315,[MA X 데릭] 렌 스트라이프 자켓 [애쉬 브라운],0.0,0,145600,145600,166400,1,-20800,-12.5,100.0,1,medium,24.02,9,2,none,,27,https://www.musinsa.com/products/5508315
2026-09-01,무센트,5514331,마돌 브이넥 크롭 골지 니트 (3컬러),0.0,0,27930,27930,39900,1,-11970,-30.0,100.0,1,medium,24.09,6,2,none,,27,https://www.musinsa.com/products/5514331
2026-09-01,다이브인,5514843,WASHED COTTON MAC COAT (GRAY),0.0,0,191200,191200,239000,1,-47800,-20.0,100.0,1,medium,24.09,6,2,none,,27,https://www.musinsa.com/products/5514843
2026-09-01,루에브르,5515099,Vallon Bottes HA5AD017-FH,0.0,0,339000,339000,339000,0,0,0.0,100.0,1,high,24.09,8,2,none,,27,https://www.musinsa.com/products/5515099
2026-09-01,다이브인,5515291,[무민서 콜라보] LOOSED LIGHT PADDED JACKET (BLACK),0.4,99852,249000,249000,249000,0,0,0.0,100.0,1,high,24.09,6,2,none,,27,https://www.musinsa.com/products/5515291
2026-09-01,디앤에스알,5516123,코듀로이 플레어 데님 팬츠 블루,0.0,0,66000,66000,66000,0,0,0.0,100.0,1,high,24.1,6,2,none,,27,https://www.musinsa.com/products/5516123
2026-09-01,마인드브릿지 우먼,5526363,[W]울 혼방 체크 싱글 자켓,0.0,0,131500,131500,131500,0,0,0.0,100.0,1,high,24.1,6,2,none,,27,https://www.musinsa.com/products/5526363
2026-09-01,언탭트 스튜디오,5534619,[5PACK]남성 쿨에어 스판 드로즈 3Color,1.07,26720,24900,24900,24900,0,0,0.0,52.55,0,low,23.51,7,1,none,,27,https://www.musinsa.com/products/5534619
2026-09-01,제멋,5535067,시에나 블러 피그먼트 후드 먹퍼플 ISHD2670,0.0,0,39800,39800,39800,0,0,0.0,100.0,1,high,24.09,7,2,none,,27,https://www.musinsa.com/products/5535067
2026-09-01,배드블러드,5536027,바이퍼 로고 맨투맨 - 블랙레오파드,0.0,0,79200,79200,71280,1,7920,11.11,100.0,1,medium,24.09,7,2,none,,27,https://www.musinsa.com/products/5536027
2026-09-01,더바이닐하우스,5539547,VINTAGE TWO-TONE HOODIE GREY,0.0,0,66640,66640,89940,1,-23300,-25.91,100.0,1,medium,24.09,6,2,none,,27,https://www.musinsa.com/products/5539547
2026-09-01,해비즘,5541147,FLOWER STRIPE RIB SWEATSHIRT(BLACK),0.0,0,24900,24900,24900,0,0,0.0,100.0,1,high,24.02,8,2,none,,27,https://www.musinsa.com/products/5541147
2026-09-01,플리즈노팔로우,5546267,Becky Fur Hoodie Jacket (Mocha Brown),0.0,0,203150,203150,203150,0,0,0.0,100.0,1,high,24.09,7,2,none,,27,https://www.musinsa.com/products/5546267
2026-09-01,키르시,5546523,사이드 슬릿 디테일 레그워머 [멜란지 그레이],0.0,0,34300,34300,34300,0,0,0.0,100.0,1,high,24.09,6,2,none,,27,https://www.musinsa.com/products/5546523
2026-09-01,유니폼브릿지,5546715,anchor print sweatshirt(womens) dark navy,0.0,0,49800,49800,39800,1,10000,25.13,100.0,1,medium,24.09,7,2,none,,27,https://www.musinsa.com/products/5546715
2026-09-01,제너럴아이디어,5549275,벌룬 헤어리 케이블 가디건 [IVORY] / WBE4L04536,0.0,0,55200,55200,52700,1,2500,4.74,100.0,1,medium,24.09,7,2,none,,27,https://www.musinsa.com/products/5549275
2026-09-01,디스이즈네버댓,5549595,Reversible Air Pullover Black,0.0,0,94500,94500,94500,0,0,0.0,100.0,1,high,24.09,6,2,none,,27,https://www.musinsa.com/products/5549595
2026-09-01,밀로아카이브,5550427,루드 부클레 하프 코트 [미드나잇 블랙],0.0,0,241200,241200,241200,0,0,0.0,100.0,1,high,24.02,9,2,none,,27,https://www.musinsa.com/products/5550427
2026-09-01,파르티멘토,5551579,[써모라이트] 라이트 패딩 자켓 브라운,0.0,0,112900,112900,101610,1,11290,11.11,100.0,1,medium,24.09,6,2,none,,27,https://www.musinsa.com/products/5551579
2026-09-01,제멋,5552795,[2PACK] 어센틱 아카이브 후드 KJHD2666,0.0,0,76220,76220,76220,0,0,0.0,100.0,1,high,24.09,7,2,none,,27,https://www.musinsa.com/products/5552795
2026-09-01,파르티멘토 우먼,5554267,올인원 스모크드 롱슬리브 탑_스톤,0.0,0,39690,39690,30870,1,8820,28.57,100.0,1,medium,24.08,6,2,none,,27,https://www.musinsa.com/products/5554267
2026-09-01,아틀리에 나인,5559643,FAITH WIDE SLEEVE DOWN JUMPER(JP-575),0.0,0,158400,158400,178200,1,-19800,-11.11,100.0,1,medium,24.1,6,2,none,,27,https://www.musinsa.com/products/5559643
2026-09-01,드로우핏 우먼,5559963,래빗 앙고라 울 핸드메이드 플레어 하프 코트 [M.BROWN],0.0,0,251100,251100,251100,0,0,0.0,100.0,1,high,24.09,8,2,none,,27,https://www.musinsa.com/products/5559963
2026-09-01,인사일런스 우먼,5562395,헤어리 알파카 하프 코트 CAMEL,0.0,0,359100,359100,359100,0,0,0.0,100.0,1,high,24.09,7,2,none,,27,https://www.musinsa.com/products/5562395
2026-09-01,프리즘웍스,5563291,ALTAVIA DOWN PARKA _ LIGHT OLIVE,0.0,0,260100,260100,289000,1,-28900,-10.0,100.0,1,medium,24.09,7,2,none,,27,https://www.musinsa.com/products/5563291
2026-09-01,유라고,5567387,Real suede long skirt,0.0,0,228000,228000,228000,0,0,0.0,100.0,1,high,24.1,6,2,none,,27,https://www.musinsa.com/products/5567387
2026-09-01,어반드레스,5567963,Bronze Grain Jacket BROWN,0.0,0,96000,96000,96000,0,0,0.0,100.0,1,high,24.09,7,2,none,,27,https://www.musinsa.com/products/5567963
2026-09-01,키르시,5569115,무스탕 스웨이드 퍼 호보백 [블랙],0.0,0,59900,59900,65400,1,-5500,-8.41,100.0,1,medium,24.09,6,2,none,,27,https://www.musinsa.com/products/5569115
2026-09-01,세터,5570715,벨트 미니 숄더 백 블랙,0.0,0,139000,139000,139000,0,0,0.0,100.0,1,high,24.1,6,2,none,,27,https://www.musinsa.com/products/5570715
2026-09-01,세터,5570843,카마로 코듀로이 페이드 팬츠 그레이,0.0,0,159000,159000,159000,0,0,0.0,100.0,1,high,24.1,6,2,none,,27,https://www.musinsa.com/products/5570843
2026-09-01,디스이즈네버댓,5573851,GD Lightning Velvet Knit Polo Light Pink,0.0,0,104300,104300,104300,0,0,0.0,100.0,1,high,24.09,6,2,none,,27,https://www.musinsa.com/products/5573851
2026-09-01,와이케이,5576475,스타 스웨트팬츠 그레이,0.54,25079,46730,66750,46730,1,20020,42.84,100.0,1,medium,24.02,8,2,none,,27,https://www.musinsa.com/products/5576475
2026-09-01,유니폼브릿지,5581339,cable crew neck knit brown,0.0,0,99000,99000,89500,1,9500,10.61,100.0,1,medium,24.09,7,2,none,,27,https://www.musinsa.com/products/5581339
2026-09-01,후드후드,5583387,클로버 로고 아티피셜 스웨이드 숄더백 카키,0.0,0,98870,98870,98870,0,0,0.0,100.0,1,high,24.08,6,2,none,,27,https://www.musinsa.com/products/5583387
2026-09-01,2000아카이브스,5584027,AGEL STRIPED GARTER TOP (BLACK),0.0,0,116820,116820,74340,1,42480,57.14,100.0,1,medium,24.09,7,2,none,,27,https://www.musinsa.com/products/5584027
2026-09-01,시그니처,5584155,커브드 코듀로이 밴딩 팬츠[브라운],0.0,0,39900,39900,39900,0,0,0.0,100.0,1,high,24.08,6,2,none,,27,https://www.musinsa.com/products/5584155
2026-09-01,제너럴아이디어,5585435,뉴애티튜드 클래식 플랫 [BLACK] / WBE3L97508,0.0,0,82000,82000,65600,1,16400,25.0,100.0,1,medium,24.09,7,2,none,,27,https://www.musinsa.com/products/5585435
2026-09-01,1993스튜디오,5588315,W 베이직 슬림 후드 (4colors),0.0,0,43000,43000,49000,1,-6000,-12.24,100.0,1,medium,24.09,7,2,none,,27,https://www.musinsa.com/products/5588315
2026-09-01,웬즈데이오아시스,5593307,[아틀리에 에디션] 헤리티지 패디드 자켓_CHARCOAL(WC25-OT06),0.0,0,174300,174300,174300,0,0,0.0,100.0,1,high,24.09,8,2,none,,27,https://www.musinsa.com/products/5593307
2026-09-01,웬즈데이오아시스,5593435,클래식 아가일 브이넥 니트 가디건_NAVY(WC25-KN64),0.0,0,60900,60900,60900,0,0,0.0,100.0,1,high,24.09,8,2,none,,27,https://www.musinsa.com/products/5593435
2026-09-01,론론,5594139,HEART POCKET ROLL UP BERMUDA DENIM PANTS BLACK,0.0,0,80190,80190,55440,1,24750,44.64,100.0,1,medium,24.09,7,2,none,,27,https://www.musinsa.com/products/5594139
2026-09-01,론론,5594267,HEART ZIP POCKET WRAP PANTS BLACK,0.0,0,107730,107730,74480,1,33250,44.64,100.0,1,medium,24.09,7,2,none,,27,https://www.musinsa.com/products/5594267
2026-09-01,코드그라피,5595419,폴라플리스 집업_레드,0.0,0,76300,76300,76300,0,0,0.0,100.0,1,high,24.08,6,2,none,,27,https://www.musinsa.com/products/5595419
2026-09-01,탄산마그네슘,5604507,아일렛 스몰로고 후드집업 (스트라이프 그레이),0.0,0,120080,120080,120080,0,0,0.0,100.0,1,high,24.1,6,2,none,,27,https://www.musinsa.com/products/5604507
2026-09-01,알리스,5607195,스트라이프 코튼 플로우 머플러 [3COLOR],0.0,0,28520,28520,28520,0,0,0.0,100.0,1,high,24.08,6,2,none,,27,https://www.musinsa.com/products/5607195
2026-09-01,벨리에,5607323,(W) 트루 스트레이트 데님팬츠 - 그레이,0.0,0,139650,139650,139650,0,0,0.0,100.0,1,high,24.1,6,2,none,,27,https://www.musinsa.com/products/5607323
2026-09-01,시눈,5617499,Tiny Rabbit Charm Necklace (Silver),0.0,0,72360,72360,72360,0,0,0.0,100.0,1,high,24.1,6,2,none,,27,https://www.musinsa.com/products/5617499
2026-09-01,시눈,5617755,Balloon Mini Dress (White),0.0,0,105860,105860,105860,0,0,0.0,100.0,1,high,24.1,6,2,none,,27,https://www.musinsa.com/products/5617755
2026-09-01,시눈,5617819,SN Wool Blend Straight Pants (Brown),0.0,0,105860,105860,105860,0,0,0.0,100.0,1,high,24.1,6,2,none,,27,https://www.musinsa.com/products/5617819
2026-09-01,로제프란츠,5618203,Hairy Slim Fur Cardigan [Ivory],0.0,0,42560,42560,37240,1,5320,14.29,100.0,1,medium,24.08,6,2,none,,27,https://www.musinsa.com/products/5618203
2026-09-01,바우로 프로덕트,5619931,소프트 이중직 라운드 니트 [그레이],0.77,38493,49900,49900,49900,0,0,0.0,100.0,1,high,24.08,6,2,none,,27,https://www.musinsa.com/products/5619931
2026-09-01,헬레네파리스,5623067,스트라이프 믹스 콤비 머플러 [그레이],0.0,0,19840,19840,17270,1,2570,14.88,100.0,1,medium,24.09,7,2,none,,27,https://www.musinsa.com/products/5623067
2026-09-01,트리밍버드,5623323,Oversized Off-Shoulder Knit [ Black ],0.0,0,197100,197100,219000,1,-21900,-10.0,100.0,1,medium,24.09,7,2,none,,27,https://www.musinsa.com/products/5623323
2026-09-01,드헤베,5625371,Basic Round Knit Cardigan [Beige],0.0,0,61200,61200,61200,0,0,0.0,100.0,1,high,24.08,6,2,none,,27,https://www.musinsa.com/products/5625371
2026-09-01,드헤베,5625499,Wool Double Half Coat [Gray],0.0,0,145280,145280,173660,1,-28380,-16.34,100.0,1,medium,24.08,6,2,none,,27,https://www.musinsa.com/products/5625499
2026-09-01,브랜디드,5625883,FAKE LEATHER A-2 JACKET [BLACK],0.0,0,168300,168300,168300,0,0,0.0,100.0,1,high,24.08,6,2,none,,27,https://www.musinsa.com/products/5625883
2026-09-01,썸웨어버터,5626523,Bold Logo Button Hoodie - Pistachio,0.0,0,112590,112590,112590,0,0,0.0,100.0,1,high,24.02,8,2,none,,27,https://www.musinsa.com/products/5626523
2026-09-01,본투윈,5631259,B-SYMBOL LOGO SEMI WIDE PANTS [BLACK],7.11,619579,87200,87200,87200,0,0,0.0,100.0,1,high,24.01,22,6,none,,27,https://www.musinsa.com/products/5631259
2026-09-01,시야쥬,5634267,SIOT4167 헤어리 벨티드 하프 코트_Black,0.0,0,319000,319000,319000,0,0,0.0,100.0,1,high,24.09,6,2,none,,27,https://www.musinsa.com/products/5634267
2026-09-01,아틀리에 나인,5635483,(PT-5726)ESEENTIAL WARM STRAIGHT PANTS,0.0,0,76050,76050,85560,1,-9510,-11.12,100.0,1,medium,24.1,6,2,none,,27,https://www.musinsa.com/products/5635483
2026-09-01,아메스 월드와이드,5636315,MINI BOWLING TOTE BAG BLACK,0.0,0,76300,76300,76300,0,0,0.0,100.0,1,high,24.08,6,2,none,,27,https://www.musinsa.com/products/5636315
2026-09-01,아메스 월드와이드,5636443,COWICHAN KNIT HOODIE ZIP-UP CHARCOAL,0.0,0,111200,111200,111200,0,0,0.0,100.0,1,high,24.08,6,2,none,,27,https://www.musinsa.com/products/5636443
2026-09-01,아메스 월드와이드,5636507,LIGHT WEIGHT HOODED PADDING BLACK,0.0,0,87200,87200,87200,0,0,0.0,100.0,1,high,24.08,6,2,none,,27,https://www.musinsa.com/products/5636507
2026-09-01,해칭룸,5641115,Hairy Deep Pleats Trousers Stripe Black,0.0,0,238000,238000,238000,0,0,0.0,100.0,1,high,24.08,6,2,none,,27,https://www.musinsa.com/products/5641115
2026-09-01,해칭룸,5641243,Curve Jeans Deep Blue,0.0,0,178000,178000,178000,0,0,0.0,100.0,1,high,24.08,6,2,none,,27,https://www.musinsa.com/products/5641243
2026-09-01,세터,5641883,(W) 아가일 브이넥 풀오버 니트 레드,0.0,0,159000,159000,159000,0,0,0.0,100.0,1,high,24.1,6,2,none,,27,https://www.musinsa.com/products/5641883
2026-09-01,해칭룸,5645275,Overlay Sweatshirt Dark Navy,0.0,0,128000,128000,128000,0,0,0.0,100.0,1,high,24.08,6,2,none,,27,https://www.musinsa.com/products/5645275
2026-09-01,제너럴아이디어,5648155,울 블렌드 더플 롱코트 [DARK NAVY] / WBE4L10521,0.0,0,187200,187200,187200,0,0,0.0,100.0,1,high,24.09,7,2,none,,27,https://www.musinsa.com/products/5648155
2026-09-01,제너럴아이디어,5652571,부클 미니 스커트 [BLACK] / WBE4L56506,0.0,0,64400,64400,65600,1,-1200,-1.83,100.0,1,medium,24.09,7,2,none,,27,https://www.musinsa.com/products/5652571
2026-09-01,러브이즈트루,5653595,LUVISTRUE X MEANINGLESS SLIMFIT HOOD ZIPUP(GRAY),0.0,0,95200,95200,95200,0,0,0.0,100.0,1,high,24.02,8,2,none,,27,https://www.musinsa.com/products/5653595
2026-09-01,코드그라피,5653851,(우먼) 코곰이 후디_다크네이비,0.0,0,62300,62300,62300,0,0,0.0,100.0,1,high,24.08,6,2,none,,27,https://www.musinsa.com/products/5653851
2026-09-01,브룩스 브라더스,5659867,레귤러핏 코튼 스트레치 어드밴티지 치노 (스톤) (BBPCMFZ502),0.0,0,152100,152100,169000,1,-16900,-10.0,100.0,1,medium,24.02,8,2,none,,27,https://www.musinsa.com/products/5659867
2026-09-01,러브이즈트루,5666203,EV DOT SKIRT PANTS(GRAY),0.0,0,64970,64970,45480,1,19490,42.85,100.0,1,medium,24.02,8,2,none,,27,https://www.musinsa.com/products/5666203
2026-09-01,더바이닐하우스,5668955,HOODED MUFFLER KHAKI,0.0,0,49840,49840,71200,1,-21360,-30.0,100.0,1,medium,24.09,6,2,none,,27,https://www.musinsa.com/products/5668955
2026-09-01,테이크이지,5677787,드레이프 크롭 터틀넥 (차콜),0.0,0,19900,19900,19900,0,0,0.0,100.0,1,high,24.09,6,2,none,,27,https://www.musinsa.com/products/5677787
2026-09-01,아틀리에 나인,5678171,(JP-578)URBAN HOODED STRING DOWN,0.0,0,231250,231250,260160,1,-28910,-11.11,100.0,1,medium,24.1,6,2,none,,27,https://www.musinsa.com/products/5678171
2026-09-01,유라고,5680091,Corduroy wide pants,0.0,0,59280,59280,59280,0,0,0.0,100.0,1,high,24.1,6,2,none,,27,https://www.musinsa.com/products/5680091
2026-09-01,유라고,5680155,Super fine raccoon V-neck knit,0.0,0,163400,163400,163400,0,0,0.0,100.0,1,high,24.1,6,2,none,,27,https://www.musinsa.com/products/5680155
2026-09-01,제너럴아이디어,5682203,울 블랜드 코위찬 니트 점퍼 [NAVY] / WBE4L07535,0.0,0,92800,92800,92800,0,0,0.0,100.0,1,high,24.09,7,2,none,,27,https://www.musinsa.com/products/5682203
2026-09-01,론론,5684507,[유소정 pick] NORDIC FAIR ISLE KNIT CARDIGAN NAVY,0.0,0,107730,107730,74480,1,33250,44.64,100.0,1,medium,24.09,7,2,none,,27,https://www.musinsa.com/products/5684507
2026-09-01,무드인사이드 우먼,5685403,(woman) 더스크 하이 무스탕 하프 코트_Black,1.19,116824,97930,97930,129900,1,-31970,-24.61,100.0,1,medium,24.09,6,2,none,,27,https://www.musinsa.com/products/5685403
2026-09-01,썸웨어버터,5694491,Poco Handmade Cowhichan Sweater - Ivory(Blue),0.0,0,298000,298000,298000,0,0,0.0,100.0,1,high,24.02,8,2,none,,27,https://www.musinsa.com/products/5694491
2026-09-01,에이치덱스,5694619,어시스트 파텔라 니 슬리브 (Black),0.0,0,17400,17400,17400,0,0,0.0,100.0,1,high,24.08,6,2,none,,27,https://www.musinsa.com/products/5694619
2026-09-01,본투윈,5696411,BRN ARCH HALF ZIP UP SWEATSHIRTS [WHITE MELANGE],0.0,0,92600,92600,109000,1,-16400,-15.05,100.0,1,medium,24.09,7,2,none,,27,https://www.musinsa.com/products/5696411
2026-09-01,커버낫,5697179,로고 라벨 슬림 램스울 머플러 Brown,0.0,0,39600,39600,44000,1,-4400,-10.0,100.0,1,medium,24.09,6,2,none,,27,https://www.musinsa.com/products/5697179
2026-09-01,꼼파뇨,5702171,코코 스트라이프 머플러 그레이,0.0,0,24760,24760,24760,0,0,0.0,100.0,1,high,24.08,6,2,none,,27,https://www.musinsa.com/products/5702171
2026-09-01,본투윈,5721627,SYMBOL B LOGO SOCKS 3PACK [BLACK],3.81,72390,19000,19000,19000,0,0,0.0,100.0,1,high,24.01,18,6,none,,27,https://www.musinsa.com/products/5721627
2026-09-01,브룩스 브라더스,5722267,메리노울 로고 폴로 스웨터 (차콜) (BBWTMNF301),0.0,0,143280,143280,159200,1,-15920,-10.0,100.0,1,medium,24.02,8,2,none,,27,https://www.musinsa.com/products/5722267
2026-09-01,언더오프,5726235,피치스킨 에센셜 리퍼블릭 기모 맨투맨 네이비,0.0,0,29520,29520,34900,1,-5380,-15.42,100.0,1,medium,24.09,6,2,none,,27,https://www.musinsa.com/products/5726235
2026-09-01,바이모노,5735259,[-5kg팬츠 32-50] 모노 점보 코듀로이 와이드 굵대팬츠,0.0,0,42900,42900,42900,0,0,0.0,100.0,1,high,24.09,6,2,none,,27,https://www.musinsa.com/products/5735259
2026-09-01,키르시,5740699,빅체리 잔디자수 크롭 스웻셔츠 [멜란지 그레이],0.0,0,48300,48300,48300,0,0,0.0,100.0,1,high,24.09,6,2,none,,27,https://www.musinsa.com/products/5740699
2026-09-01,트립르센스,5742811,[F/W]커스텀 울 세미 오버 블레이저_차콜,0.0,0,189000,189000,189000,0,0,0.0,100.0,1,high,24.02,8,2,none,,27,https://www.musinsa.com/products/5742811
2026-09-01,락케이크,5743579,Essential Crewneck Cardigan - Ivory,0.0,0,73600,73600,73600,0,0,0.0,100.0,1,high,24.09,8,2,none,,27,https://www.musinsa.com/products/5743579
2026-09-01,꼼파뇨,5749083,[2-WAY] 러스트 패치 피그먼트 후드 집업 더스티핑크,0.0,0,50610,50610,50610,0,0,0.0,100.0,1,high,24.08,6,2,none,,27,https://www.musinsa.com/products/5749083
2026-09-01,썬러브투어,5749147,[HOME ALONe] Muffler Brown,0.0,0,37920,37920,37920,0,0,0.0,100.0,1,high,24.09,8,2,none,,27,https://www.musinsa.com/products/5749147
2026-09-01,노티카,5755995,소프트 에센셜 머플러 - [라이트 그린],0.0,0,29940,29940,,0,,,34.96,0,low,23.99,5,1,none,,27,https://www.musinsa.com/products/5755995
2026-09-01,썸웨어버터,5762011,Lettering Turtleneck Top - Grey,0.0,0,43000,43000,43000,0,0,0.0,100.0,1,high,24.02,8,2,none,,27,https://www.musinsa.com/products/5762011
2026-09-01,썸웨어버터,5762075,Hayden Handmade Cardigan Sweater - Cream,0.0,0,269000,269000,188300,1,80700,42.86,100.0,1,medium,24.02,8,2,none,,27,https://www.musinsa.com/products/5762075
2026-09-01,썸웨어버터,5762331,Corduroy Dave Short Pants - Brown,0.0,0,95200,95200,95200,0,0,0.0,100.0,1,high,24.02,8,2,none,,27,https://www.musinsa.com/products/5762331
2026-09-01,아캄,5793755,AKM Patch Fur Trapper Hat (Black),0.0,0,57600,57600,57600,0,0,0.0,65.05,0,low,24.1,5,1,none,,27,https://www.musinsa.com/products/5793755
2026-09-01,일리고,5806171,오블리크 프릴 후드 자켓 체크 그린,0.0,0,92000,92000,92000,0,0,0.0,100.0,1,high,24.08,6,2,none,,27,https://www.musinsa.com/products/5806171
2026-09-01,슬로우애시드,5811547,블리치드 심볼 후디 [네이비],0.0,0,62720,62720,62720,0,0,0.0,100.0,1,high,24.08,6,2,none,,27,https://www.musinsa.com/products/5811547
2026-09-01,비바라비다,5818075,[기모선택] Element 헤비테리 후드 집업,0.0,0,62900,62900,64900,1,-2000,-3.08,100.0,1,medium,24.09,7,2,none,,27,https://www.musinsa.com/products/5818075
2026-09-01,꼼파뇨,5822171,가타코코 레글런 피그먼트 맨투맨 스모크블랙,0.0,0,41800,41800,41800,0,0,0.0,100.0,1,high,24.08,6,2,none,,27,https://www.musinsa.com/products/5822171
2026-09-01,탄산마그네슘,5845979,링거 후드집업 솔리드 (블랙),0.0,0,120080,120080,120080,0,0,0.0,100.0,1,high,24.1,6,2,none,,27,https://www.musinsa.com/products/5845979
2026-09-01,노매뉴얼,5848987,U.O TRUCKER CAP - BLACK,0.3,10744,35700,35700,35700,0,0,0.0,100.0,1,high,24.08,13,2,none,,27,https://www.musinsa.com/products/5848987
2026-09-01,리메인세컨드,5849051,잔 스트라이프 오버핏 반팔 티셔츠 [아이보리],3.0,83400,27800,27800,27800,0,0,0.0,65.05,0,low,9.3,17,4,none,,27,https://www.musinsa.com/products/5849051
2026-09-01,노매뉴얼,5849499,LAYERED ARCH GRAPHIC T-SHIRT - WASHED NAVY,0.0,0,41250,41250,41250,0,0,0.0,100.0,1,high,24.08,6,2,none,,27,https://www.musinsa.com/products/5849499
2026-09-01,에이치덱스,5855323,프로 밴딩 브라탑 (Black),0.77,34040,44100,44100,44100,0,0,0.0,100.0,1,high,24.08,6,2,none,,27,https://www.musinsa.com/products/5855323
2026-09-01,9999아카이브,5860571,Music Note Print T,0.0,0,30870,30870,30870,0,0,0.0,100.0,1,high,24.02,8,2,none,,27,https://www.musinsa.com/products/5860571
2026-09-01,엑스컨테이너,5861531,미니멀 버튼 라운드넥 크롭 가디건 (BLUE),0.1,3658,36570,36570,36570,0,0,0.0,100.0,1,high,24.08,6,2,none,,27,https://www.musinsa.com/products/5861531
2026-09-01,드릭스,5862171,메탈 심볼 포켓 배색 맨투맨_네이비,0.0,0,33830,33830,39800,1,-5970,-15.0,100.0,1,medium,24.09,7,2,none,,27,https://www.musinsa.com/products/5862171
2026-09-01,디미트리블랙,5864283,포시즌 에센셜 스웻 맨투맨 티셔츠_크롭 멜란지,0.0,0,28900,28900,30900,1,-2000,-6.47,100.0,1,medium,24.09,6,2,none,,27,https://www.musinsa.com/products/5864283
2026-09-01,트릴리온,5866651,스톤 워시드 카고 포켓 코튼 팬츠_카키,0.0,0,37850,37850,37850,0,0,0.0,100.0,1,high,24.08,6,2,none,,27,https://www.musinsa.com/products/5866651
2026-09-01,키르시,5869339,체리 그래픽 볼캡 [화이트],0.0,0,46550,46550,46550,0,0,0.0,100.0,1,high,24.09,6,2,none,,27,https://www.musinsa.com/products/5869339
2026-09-01,론론,5870811,SOFT STRIPE V NECK BASIC KNIT BLUE,0.0,0,69300,69300,79200,1,-9900,-12.5,100.0,1,medium,24.09,7,2,none,,27,https://www.musinsa.com/products/5870811
2026-09-01,마인드브릿지,5871835,트윌 카라 오버핏 맨투맨,0.0,0,59900,59900,59900,0,0,0.0,100.0,1,high,24.08,6,2,none,,27,https://www.musinsa.com/products/5871835
2026-09-01,파브레가,5873819,버티컬 원턱 치노 팬츠 (카키 브라운),0.77,75032,97200,97200,97200,0,0,0.0,100.0,1,high,24.08,6,2,none,,27,https://www.musinsa.com/products/5873819
2026-09-01,파브레가,5874779,키스토 스트라이프 셔츠 (버건디),0.0,0,69300,69300,69300,0,0,0.0,100.0,1,high,24.08,6,2,none,,27,https://www.musinsa.com/products/5874779
2026-09-01,와이케이,5876251,말티즈 아카이브 롱슬리브 티셔츠 Ver.2 차콜,0.0,0,44250,44250,30980,1,13270,42.83,100.0,1,medium,24.02,8,2,none,,27,https://www.musinsa.com/products/5876251
2026-09-01,토피,5876507,원턱 로우 데님 팬츠 (INDIGO),0.85,27201,31900,31900,31900,0,0,0.0,100.0,1,high,24.09,7,2,none,,27,https://www.musinsa.com/products/5876507
2026-09-01,엑스컨테이너,5876699,빈티지 다이드 카고 팬츠 (BEIGE),1.0,57574,57750,57750,57750,0,0,0.0,100.0,1,high,24.08,6,2,none,,27,https://www.musinsa.com/products/5876699
2026-09-01,그루브라임,5876763,유니) 기모쭈리 풀밴딩 5부 쇼츠 (LRPMCPH703M),0.0,0,24900,24900,14900,1,10000,67.11,100.0,1,medium,24.09,8,2,none,,27,https://www.musinsa.com/products/5876763
2026-09-01,그루브라임,5877083,컴포터블 밴딩 카고 테이퍼드 조거 팬츠 (LRRSCPJ104M),0.27,6908,25900,16800,25900,1,-9100,-35.14,100.0,1,medium,24.09,8,2,none,,27,https://www.musinsa.com/products/5877083
2026-09-01,세터,5877787,오르타 스몰 숄더 백 차콜,0.0,0,149000,149000,149000,0,0,0.0,100.0,1,high,24.1,6,2,none,,27,https://www.musinsa.com/products/5877787
2026-09-01,브라운브레스,5878491,TAG HOODIE - BLACK,1.0,88750,89000,89000,89000,0,0,0.0,100.0,1,high,24.09,8,2,none,,27,https://www.musinsa.com/products/5878491
2026-09-01,엑스컨테이너,5878683,사이드 라인 와이드 팬츠 (SLATE KHAKI),0.0,0,52920,52920,52920,0,0,0.0,100.0,1,high,24.08,6,2,none,,27,https://www.musinsa.com/products/5878683
2026-09-01,디앤에스알,5880539,커브드 데님 팬츠 라이트 블루,0.0,0,89600,89600,89600,0,0,0.0,100.0,1,high,24.1,6,2,none,,27,https://www.musinsa.com/products/5880539
2026-09-01,로템버,5882203,더블 브레스티드 블레이저 [블랙],0.0,0,147060,147060,147060,0,0,0.0,100.0,1,high,24.09,8,2,none,,27,https://www.musinsa.com/products/5882203
2026-09-01,카네이테이,5884443,CURVED PINTUCK SWEAT PANTS (WHITE MELANGE),0.0,0,36500,36500,72620,1,-36120,-49.74,100.0,1,medium,24.09,7,2,none,,27,https://www.musinsa.com/products/5884443
2026-09-01,아웃스탠딩,5885915,CHAIN STITCH DRIZZLER JACKET_BLACK,0.29,34409,119200,134100,119200,1,14900,12.5,100.0,1,low,24.09,7,2,none,,27,https://www.musinsa.com/products/5885915
2026-09-01,드로우핏 우먼,5885979,컴포트 라운드 니트 가디건 (커치프 세트) [M.GREY],0.0,0,69300,69300,69300,0,0,0.0,100.0,1,high,24.09,8,2,none,,27,https://www.musinsa.com/products/5885979
2026-09-01,아웃스탠딩,5886363,USAF UTILITY TROUSERS_SAGE GREEN,0.29,24017,83200,93600,83200,1,10400,12.5,100.0,1,low,24.09,7,2,none,,27,https://www.musinsa.com/products/5886363
2026-09-01,아웃스탠딩,5886619,MIL SERIES SWEAT(CAROLINA)_GREEN,1.85,122110,66022,66600,59200,1,7400,12.5,100.0,1,low,24.09,7,2,none,,27,https://www.musinsa.com/products/5886619
2026-09-01,아웃스탠딩,5886747,BACK SATIN FATIGUE SHIRT_OLIVE GREEN,0.0,0,106200,106200,94400,1,11800,12.5,100.0,1,medium,24.09,7,2,none,,27,https://www.musinsa.com/products/5886747
2026-09-01,미세키서울,5888667,[레이 PICK] Omoi pleats wrap skirt BLACK,0.0,0,124200,124200,124200,0,0,0.0,100.0,1,low,24.08,5,2,none,,27,https://www.musinsa.com/products/5888667
2026-09-01,미세키서울,5888987,[레이 PICK] Button slit leg warmer BLACK,0.0,0,38700,38700,38700,0,0,0.0,100.0,1,high,24.08,6,2,none,,27,https://www.musinsa.com/products/5888987
2026-09-01,미세키서울,5889179,[레이 PICK] Layered line sheer long sleeve BLACK,0.0,0,70200,70200,70200,0,0,0.0,100.0,1,high,24.08,6,2,none,,27,https://www.musinsa.com/products/5889179
2026-09-01,트리밍버드,5891547,Scratch Damage Boat Neck Sweat Shirt [ Beige ],0.0,0,149000,149000,149000,0,0,0.0,100.0,1,high,24.09,7,2,none,,27,https://www.musinsa.com/products/5891547
2026-09-01,언더오프,5892699,2way 크롭핏 타이포 후드 집업 그레이 기모선택,1.0,39855,39920,39920,39920,0,0,0.0,100.0,1,high,24.09,6,2,none,,27,https://www.musinsa.com/products/5892699
2026-09-01,바우프,5895323,스타 하우스 후드집업 [빈티지 퍼플],0.0,0,101150,101150,101150,0,0,0.0,100.0,1,high,24.08,6,2,none,,27,https://www.musinsa.com/products/5895323
2026-09-01,토피,5898267,VTG 폴로 티셔츠 (BLACK),0.0,0,25900,25900,25900,0,0,0.0,14.45,0,low,24.0,6,1,none,,27,https://www.musinsa.com/products/5898267
2026-09-01,디미트리블랙,5899291,VLAD 턴오버 아트웍 로고 럭비 후드 티셔츠_피그먼트 차콜,0.0,0,42900,42900,38900,1,4000,10.28,100.0,1,medium,24.09,6,2,none,,27,https://www.musinsa.com/products/5899291
2026-09-01,필루미네이트,5900187,[SET]피드 체크 트랙 셋 업-그레이,0.0,0,83000,83000,83000,0,0,0.0,100.0,1,high,24.02,8,2,none,,27,https://www.musinsa.com/products/5900187
2026-09-01,일리고,5901403,셔링 부츠컷 팬츠 화이트,0.0,0,84000,84000,84000,0,0,0.0,100.0,1,high,24.08,6,2,none,,27,https://www.musinsa.com/products/5901403
2026-09-01,테이크이지,5901915,원턱 배럴핏 코튼팬츠 (블랙),0.0,0,39900,39900,39900,0,0,0.0,100.0,1,high,24.09,6,2,none,,27,https://www.musinsa.com/products/5901915
2026-09-01,에이지오디,5909915,커버 포켓 후드 아노락 [베이지],0.0,0,44000,44000,44000,0,0,0.0,100.0,1,high,24.09,8,2,none,,27,https://www.musinsa.com/products/5909915
2026-09-01,에이지오디,5910107,스트라이프 니트 가디건 [네이비],0.0,0,49600,49600,49600,0,0,0.0,100.0,1,high,24.09,8,2,none,,27,https://www.musinsa.com/products/5910107
2026-09-01,던스트,5911131,UNISEX RELAXED HALF ZIP-UP SWEATSHIRT_UDTS6A102_LIGHT MELANGE GREY,0.0,0,114480,114480,114480,0,0,0.0,100.0,1,high,24.02,8,2,none,,27,https://www.musinsa.com/products/5911131
2026-09-01,언타이틀 서울,5911323,유니콘 바시티 엠블럼 후드집업 네이비,2.9,153943,53000,53000,53000,0,0,0.0,100.0,1,high,9.69,18,5,none,,27,https://www.musinsa.com/products/5911323
2026-09-01,칙스,5911451,슬림 크롭 셔츠 블랙,0.0,0,34900,34900,27920,1,6980,25.0,100.0,1,medium,24.09,7,2,none,,27,https://www.musinsa.com/products/5911451
2026-09-01,해칭룸,5916379,Zip Cardigan Black,0.0,0,150400,150400,150400,0,0,0.0,100.0,1,high,24.08,6,2,none,,27,https://www.musinsa.com/products/5916379
2026-09-01,룩캐스트,5919835,시아 카라 가디건 슬리브리스 셋업 니트 / SIA COLLAR CARDIGAN SLEEVELESS SET UP KNIT_4colors,0.0,0,58530,58530,58530,0,0,0.0,100.0,1,high,24.08,6,2,none,,27,https://www.musinsa.com/products/5919835
2026-09-01,룩캐스트,5919899,[2PACK] 에린 베이직 티셔츠 / ELIN BAISIC T-SHIRT_3colors,0.0,0,33400,33400,33400,0,0,0.0,100.0,1,high,24.08,6,2,none,,27,https://www.musinsa.com/products/5919899
2026-09-01,스키즘 인듀싱,5920411,HUSSAR ZIP HOODIE BLACK,0.97,172315,176800,176800,187200,1,-10400,-5.56,100.0,1,medium,24.09,7,2,none,,27,https://www.musinsa.com/products/5920411
2026-09-01,드로우핏,5922139,리벳 포인트 크롭 후드 집업 [BLACK],0.0,0,59400,59400,59400,0,0,0.0,100.0,1,high,24.08,6,2,none,,27,https://www.musinsa.com/products/5922139
2026-09-01,피인오,5923227,하이넥 플라이트 자켓 - 브라운,0.0,0,84600,84600,84600,0,0,0.0,100.0,1,high,24.02,8,2,none,,27,https://www.musinsa.com/products/5923227
2026-09-01,와이케이,5925339,도트 래글런 트랙 져지 자켓 네이비,0.0,0,89250,89250,62480,1,26770,42.85,100.0,1,medium,24.02,8,2,none,,27,https://www.musinsa.com/products/5925339
2026-09-01,헬레네파리스,5925787,[SET] 레이서 브라탑 스터드 롱 슬리브 [스트라이프-블랙],0.0,0,39160,39160,43160,1,-4000,-9.27,100.0,1,medium,24.09,7,2,none,,27,https://www.musinsa.com/products/5925787
2026-09-01,헬레네파리스,5925915,크리즈 체크 오버핏 셔츠 [그레이 바이올렛],0.0,0,57850,57850,60560,1,-2710,-4.47,100.0,1,medium,24.09,7,2,none,,27,https://www.musinsa.com/products/5925915
2026-09-01,러브이즈트루,5927963,EL PATCH HOOD T-SHIRT(BLACK),0.0,0,52280,52280,43050,1,9230,21.44,100.0,1,medium,24.02,8,2,none,,27,https://www.musinsa.com/products/5927963
2026-09-01,트릴리온,5928539,투턱 라이크 데님 와이드 슬랙스_인디고,1.99,79557,39900,39900,39900,0,0,0.0,100.0,1,high,24.08,10,2,none,,27,https://www.musinsa.com/products/5928539
2026-09-01,아모우,5928667,D-Star One Tuck Sweat Pants BLACK,0.0,0,55300,55300,55300,0,0,0.0,100.0,1,high,24.09,7,2,none,,27,https://www.musinsa.com/products/5928667
2026-09-01,디앤에스알,5929371,[프리미엄] 람포 베지터블 램스킨 백플리츠 자켓 레드,0.0,0,569700,569700,569700,0,0,0.0,100.0,1,high,24.1,6,2,none,,27,https://www.musinsa.com/products/5929371
2026-09-01,아틀리에 나인,5929819,CRINCLE LEATHER OVERSIZED JUMPER (JP-601),0.0,0,202290,202290,234840,1,-32550,-13.86,100.0,1,medium,24.1,6,2,none,,27,https://www.musinsa.com/products/5929819
2026-09-01,로제프란츠,5930139,Essential Rose Label T-Shirt [Red],0.0,0,27600,27600,24150,1,3450,14.29,100.0,1,medium,24.08,6,2,none,,27,https://www.musinsa.com/products/5930139
2026-09-01,낫포너드,5930331,Hidden Symbol Distressed Denim Pants - Deep Blue,0.0,0,65700,65700,65700,0,0,0.0,22.5,0,low,6.71,14,1,none,,27,https://www.musinsa.com/products/5930331
2026-09-01,워크온바디오프,5930651,이지온 세미 오버핏 헨리넥 니트 [네이비],0.0,0,30510,30510,33900,1,-3390,-10.0,100.0,1,medium,24.09,6,2,none,,27,https://www.musinsa.com/products/5930651
2026-09-01,브라운브레스,5930715,DENIM HOOD ZIP UP - BLUE,0.0,0,179000,179000,179000,0,0,0.0,100.0,1,high,24.09,8,2,none,,27,https://www.musinsa.com/products/5930715
2026-09-01,미나브,5932699,[패션플래닛X미나브] 슬라우치 캔버스백 [워시드차콜],5.44,375225,69000,69000,69000,0,0,0.0,100.0,1,high,10.23,31,6,none,,27,https://www.musinsa.com/products/5932699
2026-09-01,러프사이드,5933275,All Weather T-Shirt Oatmeal,0.0,0,39000,39000,39000,0,0,0.0,100.0,1,high,24.1,6,2,none,,27,https://www.musinsa.com/products/5933275
2026-09-01,후드후드,5935515,Three 에일리언 데미지 반팔티셔츠 화이트,0.0,0,46500,46500,46500,0,0,0.0,100.0,1,high,24.08,4,2,none,,27,https://www.musinsa.com/products/5935515
2026-09-01,아웃스탠딩,5936091,LS STRIPE COLLAR KNIT CARDIGAN_MELANGE GRAY,0.14,11344,78400,88200,78400,1,9800,12.5,100.0,1,low,24.09,7,2,none,,27,https://www.musinsa.com/products/5936091
2026-09-01,웬즈데이오아시스,5936411,워셔블 더블 레이어드 라운드 가디건_BLACK(WC26KN28),1.0,46070,46200,46200,46200,0,0,0.0,100.0,1,high,24.09,8,2,none,,27,https://www.musinsa.com/products/5936411
2026-09-01,파르티멘토 우먼,5937243,PWC 쉬어 레글런 스티치 숏슬리브 티_틸,0.0,0,21870,21870,17010,1,4860,28.57,100.0,1,medium,24.08,6,2,none,,27,https://www.musinsa.com/products/5937243
2026-09-01,파르티멘토 우먼,5937307,PWC 90s 포켓 폴로 숏슬리브 티_멜란지,0.0,0,29160,29160,22680,1,6480,28.57,100.0,1,medium,24.08,6,2,none,,27,https://www.musinsa.com/products/5937307
2026-09-01,파르티멘토 우먼,5937371,PWC 언발란스드 드로스트링 맥시 드레스_블랙,0.0,0,46170,46170,35910,1,10260,28.57,100.0,1,medium,24.08,6,2,none,,27,https://www.musinsa.com/products/5937371
2026-09-01,파르티멘토 우먼,5937435,PWC 쉬어 브이넥 니트 스웨터_틸 스트라이프,0.0,0,46980,46980,36540,1,10440,28.57,100.0,1,medium,24.08,6,2,none,,27,https://www.musinsa.com/products/5937435
2026-09-01,쿠어,5937563,헤어리 알파카 블렌드 카라 가디건 (다크네이비),0.0,0,157500,157500,157500,0,0,0.0,100.0,1,high,24.1,6,2,none,,27,https://www.musinsa.com/products/5937563
2026-09-01,드헤베,5937755,Classic Pintuck Wide Slacks [Black],0.0,0,88200,88200,88200,0,0,0.0,100.0,1,high,24.08,6,2,none,,27,https://www.musinsa.com/products/5937755
2026-09-01,미나브,5938395,크롭 롱 슬리브 [그레이],0.0,0,27550,27550,31200,1,-3650,-11.7,100.0,1,medium,24.09,8,2,none,,27,https://www.musinsa.com/products/5938395
2026-09-01,굿라이프웍스,5938651,컴포트 와이드 투턱 스웨트 팬츠 블랙,0.0,0,27860,27860,27860,0,0,0.0,100.0,1,high,24.1,6,2,none,,27,https://www.musinsa.com/products/5938651
2026-09-01,세터,5938971,로렌 베이직 크루넥 니트 크림,0.0,0,119000,119000,119000,0,0,0.0,100.0,1,high,24.1,6,2,none,,27,https://www.musinsa.com/products/5938971
2026-09-01,쿠어,5940635,세미오버핏 링클 스트라이프 셔츠 (스카이블루),0.0,0,153000,153000,153000,0,0,0.0,100.0,1,high,24.1,6,2,none,,27,https://www.musinsa.com/products/5940635
2026-09-01,쿠어,5940891,가먼트 다이드 바이커 자켓 (워시드더스티핑크),0.0,0,270000,270000,270000,0,0,0.0,100.0,1,high,24.1,6,2,none,,27,https://www.musinsa.com/products/5940891
2026-09-01,커버낫,5944731,스트라이프 카라 니트 그린,0.0,0,74970,74970,83300,1,-8330,-10.0,100.0,1,medium,24.09,6,2,none,,27,https://www.musinsa.com/products/5944731
2026-09-01,드로우핏,5947291,마일즈 워싱 데님 카고 팬츠 [BLACK INDIGO],0.0,0,66600,66600,66600,0,0,0.0,22.47,0,low,24.0,5,1,none,,27,https://www.musinsa.com/products/5947291
2026-09-01,드로우핏,5947867,카우 위빙 레더 벨트 [BLACK],1.0,37701,37800,37800,37800,0,0,0.0,100.0,1,high,24.08,6,2,none,,27,https://www.musinsa.com/products/5947867
2026-09-01,브라운야드,5948699,"퍼포먼스 롱 레깅스, 블랙",0.0,0,118000,118000,118000,0,0,0.0,100.0,1,high,24.02,8,2,none,,27,https://www.musinsa.com/products/5948699
2026-09-01,더바넷,5948955,Raw Raglan T-Shirt_Brown,0.0,0,52200,52200,58000,1,-5800,-10.0,100.0,1,medium,24.08,6,2,none,,27,https://www.musinsa.com/products/5948955
2026-09-01,루에브르,5949723,Douceur Moccasins HA6SA018_3color,0.0,0,259000,259000,259000,0,0,0.0,100.0,1,high,24.09,8,2,none,,27,https://www.musinsa.com/products/5949723
2026-09-01,배드블러드,5951963,BS Cotton Jersey Fitted Short Sleeve T-Shirt - Brown,0.0,0,44000,44000,39600,1,4400,11.11,100.0,1,medium,24.09,7,2,none,,27,https://www.musinsa.com/products/5951963
2026-09-01,벨리에,5952475,트루 와이드 데님 팬츠 - 스모크 레일 인디고,0.65,102934,158650,158650,158650,0,0,0.0,100.0,1,high,24.1,6,2,none,,27,https://www.musinsa.com/products/5952475
2026-09-01,벨리에,5952539,(W) 트루 벌룬 데님 팬츠 - 스모크 인디고,0.0,0,148200,148200,148200,0,0,0.0,100.0,1,high,24.1,6,2,none,,27,https://www.musinsa.com/products/5952539
2026-09-01,노티카,5953435,[UV차단]덱 트랜싯 스탠드 자켓(2colors) NJK0946,0.0,0,69300,69300,69300,0,0,0.0,100.0,1,high,24.1,6,2,none,,27,https://www.musinsa.com/products/5953435
2026-09-01,나이스고스트클럽,5955547,GHOST BITMAP HOODIE ZIP UP_YELLOW(NG2GSUM482A),0.0,0,62370,62370,62370,0,0,0.0,100.0,1,high,24.02,8,2,none,,27,https://www.musinsa.com/products/5955547
2026-09-01,유니폼브릿지,5957659,raw cut western denim shirt 8oz(womens) blue,0.0,0,95400,95400,95400,0,0,0.0,100.0,1,high,24.09,7,2,none,,27,https://www.musinsa.com/products/5957659
2026-09-01,트래블,5960539,체크 롤업 데님 팬츠 블랙,0.0,0,61040,61040,65400,1,-4360,-6.67,100.0,1,medium,24.09,8,2,none,,27,https://www.musinsa.com/products/5960539
2026-09-01,트래블,5960795,스트라이프 레이어드 롱 슬리브 차콜,0.0,0,27440,27440,29400,1,-1960,-6.67,100.0,1,medium,24.09,8,2,none,,27,https://www.musinsa.com/products/5960795
2026-09-01,트래블,5960859,베이스볼 래글런 후드 집업 그레이,0.0,0,49840,49840,53400,1,-3560,-6.67,100.0,1,medium,24.09,8,2,none,,27,https://www.musinsa.com/products/5960859
2026-09-01,어반디타입,5964891,산토리니 선 메쉬 쇼츠_네이비,0.0,0,34900,34900,34900,0,0,0.0,100.0,1,high,24.02,8,2,none,,27,https://www.musinsa.com/products/5964891
2026-09-01,일꼬르소,5965915,슬럽 롱 슬리브 티셔츠 카키,0.0,0,37760,37760,42480,1,-4720,-11.11,100.0,1,medium,24.09,6,2,none,,27,https://www.musinsa.com/products/5965915
2026-09-01,파르티멘토,5967387,스테인 카모 필드 자켓 차콜,0.0,0,130400,130400,117360,1,13040,11.11,100.0,1,medium,24.09,6,2,none,,27,https://www.musinsa.com/products/5967387
2026-09-01,루에브르,5967771,Oversized Faux Suede Jacket SL6XJ112-91,0.0,0,239000,239000,239000,0,0,0.0,100.0,1,high,24.09,8,2,none,,27,https://www.musinsa.com/products/5967771
2026-09-01,제로,5969627,코어 크롭 핑거 홀 후드 [멜란지 오트밀],0.0,0,45000,45000,45000,0,0,0.0,100.0,1,high,24.1,6,2,none,,27,https://www.musinsa.com/products/5969627
2026-09-01,아이돈워너셀,5970651,Bomin Curved Denim Pants Black,0.0,0,95200,95200,95200,0,0,0.0,100.0,1,high,24.09,6,2,none,,27,https://www.musinsa.com/products/5970651
2026-09-01,론론,5972891,BUTTON POCKET OVERSIZED SHIRT SOFT PINK,0.0,0,55440,55440,63360,1,-7920,-12.5,100.0,1,medium,24.09,7,2,none,,27,https://www.musinsa.com/products/5972891
2026-09-01,론론,5973083,CHECK SHIRT POINTED KNIT CARDIGAN PINK,0.0,0,61600,61600,79200,1,-17600,-22.22,100.0,1,medium,24.09,7,2,none,,27,https://www.musinsa.com/products/5973083
2026-09-01,인사일런스 우먼,5974427,레이스업 롱슬리브 BROWN,0.0,0,94000,94000,94000,0,0,0.0,100.0,1,high,24.09,7,2,none,,27,https://www.musinsa.com/products/5974427
2026-09-01,인사일런스 우먼,5974939,친츠 오버사이즈 점퍼 ASH IVORY,0.0,0,159600,159600,159600,0,0,0.0,100.0,1,high,24.09,7,2,none,,27,https://www.musinsa.com/products/5974939
2026-09-01,에이치덱스,5975387,이지 에어리 트랙 나일론 팬츠 (Gray),0.0,0,67150,67150,67150,0,0,0.0,100.0,1,high,24.08,6,2,none,,27,https://www.musinsa.com/products/5975387
2026-09-01,1993스튜디오,5975515,심볼 로고 나일론 와이드 벌룬 팬츠_아이보리,0.0,0,59000,59000,59000,0,0,0.0,100.0,1,high,24.09,6,2,none,,27,https://www.musinsa.com/products/5975515
2026-09-01,엑스컨테이너,5975963,나일론 이지 턱 와이드 팬츠 (CHARCOAL),0.1,4595,46360,46360,46360,0,0,0.0,9.91,0,low,24.0,5,1,none,,27,https://www.musinsa.com/products/5975963
2026-09-01,시야쥬,5976347,SITP5242 슬림 레귤러 반팔 티셔츠_Black,0.0,0,30780,30780,25200,1,5580,22.14,100.0,1,medium,24.09,6,2,none,,27,https://www.musinsa.com/products/5976347
2026-09-01,플리즈노팔로우,5976923,New Hailey Jogger (Khaki),0.0,0,102400,102400,96000,1,6400,6.67,100.0,1,medium,24.09,7,2,none,,27,https://www.musinsa.com/products/5976923
2026-09-01,플리즈노팔로우,5976987,Devon Ribbed Hoodie (Black),0.0,0,125800,125800,125800,0,0,0.0,100.0,1,high,24.09,7,2,none,,27,https://www.musinsa.com/products/5976987
2026-09-01,엑스트라오디너리,5977243,STUDIO LOGO POCKET TEE BLACK,0.0,0,38350,38350,38350,0,0,0.0,100.0,1,high,24.08,6,2,none,,27,https://www.musinsa.com/products/5977243
2026-09-01,커버낫,5981787,베이직 포켓 티셔츠 차콜,0.0,0,35280,35280,35280,0,0,0.0,100.0,1,high,24.09,6,2,none,,27,https://www.musinsa.com/products/5981787
2026-09-01,커버낫,5981851,쿨맥스® C 로고 옥스포드 셔츠 그레이,0.0,0,60520,60520,64790,1,-4270,-6.59,100.0,1,medium,24.09,6,2,none,,27,https://www.musinsa.com/products/5981851
2026-09-01,와이케이,5983067,돌핀 라벨 삭스 블랙,0.0,0,11900,11900,11900,0,0,0.0,100.0,1,high,24.02,8,2,none,,27,https://www.musinsa.com/products/5983067
2026-09-01,틸아이다이,5983835,Soft touch long skirt [TISP05SK01]_Black,0.0,0,88020,88020,89880,1,-1860,-2.07,100.0,1,medium,24.09,7,2,none,,27,https://www.musinsa.com/products/5983835
2026-09-01,아틀리에 나인,5984603,LACE LAYERED MIDI SKIRT (SK-5081),0.0,0,71200,71200,80100,1,-8900,-11.11,100.0,1,medium,24.1,6,2,none,,27,https://www.musinsa.com/products/5984603
2026-09-01,던스트,5987611,UNISEX LOGO WINDBREAKER_UDJU6A113_RED,0.0,0,133920,133920,133920,0,0,0.0,100.0,1,high,24.02,8,2,none,,27,https://www.musinsa.com/products/5987611
2026-09-01,노이어,5988251,실키 라운드넥 니트 (다크그레이),0.0,0,60000,60000,60000,0,0,0.0,100.0,1,high,24.09,7,2,none,,27,https://www.musinsa.com/products/5988251
2026-09-01,제멋,5990363,블랭크 맨투맨 틸블루 KJMT2689,0.0,0,35900,35900,35900,0,0,0.0,100.0,1,high,24.09,7,2,none,,27,https://www.musinsa.com/products/5990363
2026-09-01,디스이즈네버댓,5992347,OL-Logo Crewneck Faded Navy,0.0,0,69300,69300,69300,0,0,0.0,100.0,1,high,24.09,6,2,none,,27,https://www.musinsa.com/products/5992347
2026-09-01,인사일런스,5993115,오가닉 코튼 코드 로데오 자켓 DARK BROWN,0.0,0,206100,206100,206100,0,0,0.0,100.0,1,high,24.09,6,2,none,,27,https://www.musinsa.com/products/5993115
2026-09-01,르아르,5994907,슬림핏 라이트 후드 집업 [블랙],1.44,76514,53100,53100,53100,0,0,0.0,100.0,1,high,23.99,12,5,none,,27,https://www.musinsa.com/products/5994907
2026-09-01,제너럴아이디어,5996251,MAN 레귤러 핏 컴포트 슬랙스 [CHARCOAL] / GF1MPT003,0.0,0,48300,48300,48800,1,-500,-1.02,100.0,1,medium,24.09,7,2,none,,27,https://www.musinsa.com/products/5996251
2026-09-01,링서울,5999003,standard bio shirt-ivory,0.0,0,83840,83840,65210,1,18630,28.57,100.0,1,medium,24.02,8,2,none,,27,https://www.musinsa.com/products/5999003
2026-09-01,몰든,5999963,파이핑 우먼 쇼츠,0.0,0,32400,32400,40500,1,-8100,-20.0,100.0,1,medium,24.09,8,2,none,,27,https://www.musinsa.com/products/5999963
2026-09-01,길라아카이브,6000027,GRAPHIC RAGLAN LONG SLEEVE_BLUE,0.0,0,37170,37170,37170,0,0,0.0,100.0,1,high,24.02,8,2,none,,27,https://www.musinsa.com/products/6000027
2026-09-01,기철,6002011,Square Patch Cut Wide Denim Pants (Light Grey),0.0,0,65400,65400,65400,0,0,0.0,100.0,1,high,24.1,6,2,none,,27,https://www.musinsa.com/products/6002011
2026-09-01,배드블러드,6002075,Star-Studded Barrel Jeans - Mid Blue,0.0,0,183200,183200,185490,1,-2290,-1.23,100.0,1,medium,24.09,7,2,none,,27,https://www.musinsa.com/products/6002075
2026-09-01,커버낫,6011483,아치 로고 코지 핏 볼캡 블루,0.0,0,31590,31590,35100,1,-3510,-10.0,100.0,1,medium,24.09,6,2,none,,27,https://www.musinsa.com/products/6011483
2026-09-01,바우로 프로덕트,6012955,캐티오닉 코튼 크롭 자켓 [차콜],0.0,0,189000,189000,189000,0,0,0.0,100.0,1,high,24.08,6,2,none,,27,https://www.musinsa.com/products/6012955
2026-09-01,인사일런스 우먼,6013531,루즈핏 레이어드 니트 GREY BEIGE,0.0,0,157700,157700,157700,0,0,0.0,100.0,1,high,24.09,7,2,none,,27,https://www.musinsa.com/products/6013531
2026-09-01,탄산마그네슘,6014683,나그랑 본 롱슬리브 (화이트),8.88,485651,54720,54720,54720,0,0,0.0,100.0,1,high,9.59,29,5,none,,27,https://www.musinsa.com/products/6014683
2026-09-01,칙스,6015515,멀티 스터드 카고 버뮤다 팬츠 카키베이지,0.02,1042,46320,57900,46320,1,11580,25.0,100.0,1,medium,24.09,7,2,none,,27,https://www.musinsa.com/products/6015515
2026-09-01,바이모노,6016731,[빅사이즈 M-6XL] 모노 U.S 오버핏 개파카 야상(ver.롱&숏),0.0,0,89900,89900,89900,0,0,0.0,100.0,1,high,24.09,6,2,none,,27,https://www.musinsa.com/products/6016731
2026-09-01,비헤비어,6016795,WASHED WOOL SOUVENIR JACKET black,0.0,0,350550,350550,350550,0,0,0.0,100.0,1,high,24.08,6,2,none,,27,https://www.musinsa.com/products/6016795
2026-09-01,디스이즈네버댓,6019739,Times Cap Blue/Charcoal,0.0,0,45000,45000,45000,0,0,0.0,100.0,1,high,24.09,6,2,none,,27,https://www.musinsa.com/products/6019739
2026-09-01,디스이즈네버댓,6019867,Loose Gauge Knit Crew Light Brown,0.0,0,83300,83300,83300,0,0,0.0,100.0,1,high,24.09,6,2,none,,27,https://www.musinsa.com/products/6019867
2026-09-01,세터,6024987,크레스트 로고 루프 볼캡 베이지,0.0,0,79000,79000,79000,0,0,0.0,100.0,1,high,24.1,6,2,none,,27,https://www.musinsa.com/products/6024987
2026-09-01,제로,6029467,사선 투웨이 크롭 후드 집업 [블랙],1.04,51179,49000,49000,49000,0,0,0.0,100.0,1,high,24.1,14,2,none,,27,https://www.musinsa.com/products/6029467
2026-09-01,벨리에,6031707,어반 드레이프 카고 팬츠 - 블랙,0.0,0,189050,189050,189050,0,0,0.0,100.0,1,high,24.1,6,2,none,,27,https://www.musinsa.com/products/6031707
2026-09-01,유니온블루,6033371,VOYAGER COLLAR KNIT [MELANGE GRAY],0.29,24578,84550,72090,84550,1,-12460,-14.74,100.0,1,medium,24.09,7,2,none,,27,https://www.musinsa.com/products/6033371
2026-09-01,파르티멘토 우먼,6033883,워시드 PW 엠브로이더드 그랜대드 캡_카키 브라운,0.0,0,29160,29160,22680,1,6480,28.57,100.0,1,medium,24.08,6,2,none,,27,https://www.musinsa.com/products/6033883
2026-09-01,다이브인,6035867,HIDDEN BUTTON SHIRTS (WHITE),0.0,0,79200,79200,99000,1,-19800,-20.0,100.0,1,medium,24.09,6,2,none,,27,https://www.musinsa.com/products/6035867
2026-09-01,다이브인,6035995,WASHED COTTON SWING TOP JACKET (BEIGE),0.0,0,119200,119200,149000,1,-29800,-20.0,100.0,1,medium,24.09,6,2,none,,27,https://www.musinsa.com/products/6035995
2026-09-01,밀로아카이브,6036763,리셋 더 룰 점보 티셔츠 [화이트],0.0,0,46400,46400,52200,1,-5800,-11.11,100.0,1,medium,24.02,9,2,none,,27,https://www.musinsa.com/products/6036763
2026-09-01,인사일런스,6038235,라이트웨이트 컷 오프 코튼 니트 BLACK,0.0,0,116100,116100,129000,1,-12900,-10.0,100.0,1,medium,24.09,6,2,none,,27,https://www.musinsa.com/products/6038235
2026-09-01,일꼬르소,6039515,핀 버클 벨트 브라운,0.0,0,31360,31360,35280,1,-3920,-11.11,100.0,1,medium,24.09,6,2,none,,27,https://www.musinsa.com/products/6039515
2026-09-01,브룩스 브라더스,6040731,플리츠 코튼 스트레치 어드밴티지 쇼츠 (스톤) (BBPSMFZ502),0.0,0,83440,83440,83440,0,0,0.0,100.0,1,high,24.02,8,2,none,,27,https://www.musinsa.com/products/6040731
2026-09-01,아틀리에 나인,6042139,AN HOODY BLOUSON BLOUSE (BL-4395),0.0,0,81970,81970,95160,1,-13190,-13.86,100.0,1,medium,24.1,6,2,none,,27,https://www.musinsa.com/products/6042139
2026-09-01,유라고,6044763,Check hoodie anorak,0.0,0,102600,102600,102600,0,0,0.0,100.0,1,high,24.1,6,2,none,,27,https://www.musinsa.com/products/6044763
2026-09-01,프리즘웍스,6044955,GATHERED CHECK SHIRT _ BLACK,0.0,0,68670,68670,76300,1,-7630,-10.0,100.0,1,medium,24.09,7,2,none,,27,https://www.musinsa.com/products/6044955
2026-09-01,노이어,6045787,플루이드 스윙탑 자켓 (애쉬핑크),0.0,0,186100,186100,186100,0,0,0.0,100.0,1,high,24.09,7,2,none,,27,https://www.musinsa.com/products/6045787
2026-09-01,시야쥬,6047259,SIJN6111 발란스 커브드 컬러 데님_Vintage beige,0.0,0,86670,86670,107000,1,-20330,-19.0,100.0,1,medium,24.09,6,2,none,,27,https://www.musinsa.com/products/6047259
2026-09-01,시야쥬,6047323,SITP5255 스트링 플리츠 탑_Black,0.0,0,65700,65700,73000,1,-7300,-10.0,100.0,1,medium,24.09,6,2,none,,27,https://www.musinsa.com/products/6047323
2026-09-01,엑스오엑스,6048539,피그먼트 워싱 뒷절개 반팔 티셔츠[BLUE],0.0,0,22100,22100,22100,0,0,0.0,100.0,1,high,24.1,6,2,none,,27,https://www.musinsa.com/products/6048539
2026-09-01,에이치덱스,6049179,델타 스트링 백팩 17L (Black),0.0,0,119200,119200,119200,0,0,0.0,100.0,1,high,24.08,6,2,none,,27,https://www.musinsa.com/products/6049179
2026-09-01,더뮤지엄비지터,6050139,ART ICON EMBROIDERY CAP (DEEP NAVY),0.0,0,44850,44850,48300,1,-3450,-7.14,100.0,1,medium,24.09,7,2,none,,27,https://www.musinsa.com/products/6050139
2026-09-01,바우로 프로덕트,6050331,슬랜트 카고 팬츠 [차콜브라운],0.0,0,119000,119000,119000,0,0,0.0,100.0,1,high,24.08,6,2,none,,27,https://www.musinsa.com/products/6050331
2026-09-01,로우클래식,6051099,[한삐우 PICK] SLEEVELESS HENLEY TEE_IVORY [LC267TS08IV],1.0,41800,41950,41900,44100,1,-2200,-4.99,100.0,1,medium,24.09,17,2,none,,27,https://www.musinsa.com/products/6051099
2026-09-01,더뮤지엄비지터,6053851,FIVE FLOWER BLUR T-SHIRTS (BLACK),0.0,0,35400,35400,41300,1,-5900,-14.29,100.0,1,medium,24.09,7,2,none,,27,https://www.musinsa.com/products/6053851
2026-09-01,커버낫,6054299,레귤러 카고 스웻 쇼츠 에크루,0.0,0,44640,44640,55200,1,-10560,-19.13,100.0,1,medium,24.09,6,2,none,,27,https://www.musinsa.com/products/6054299
2026-09-01,커버낫,6054363,블랭크 로고 하프 니트 아이보리,0.0,0,62370,62370,69300,1,-6930,-10.0,100.0,1,medium,24.09,6,2,none,,27,https://www.musinsa.com/products/6054363
2026-09-01,커버낫,6054427,쿨 코튼 서핑 모션 그래픽 티셔츠 블랙,0.0,0,42480,42480,42480,0,0,0.0,100.0,1,high,24.09,6,2,none,,27,https://www.musinsa.com/products/6054427
2026-09-01,썸웨어버터,6054875,Wave Logo Flip-Flops - 3Color,0.0,0,69000,69000,69000,0,0,0.0,100.0,1,high,24.02,8,2,none,,27,https://www.musinsa.com/products/6054875
2026-09-01,링서울,6055131,v-neck cotton shirt-navy,0.0,0,77760,77760,60480,1,17280,28.57,100.0,1,medium,24.02,8,2,none,,27,https://www.musinsa.com/products/6055131
2026-09-01,시눈,6055323,Ruffle Easy Pants (Dusty Pink),0.0,0,96120,96120,96120,0,0,0.0,100.0,1,high,24.1,6,2,none,,27,https://www.musinsa.com/products/6055323
2026-09-01,더블유엠씨,6055387,하프 집업 스웨트_BLACK,0.0,0,64500,64500,64500,0,0,0.0,100.0,1,high,24.02,8,2,none,,27,https://www.musinsa.com/products/6055387
2026-09-01,더블유엠씨,6055579,워시드 와이드 데님팬츠_BLACK,0.0,0,38080,38080,38080,0,0,0.0,100.0,1,high,24.02,8,2,none,,27,https://www.musinsa.com/products/6055579
2026-09-01,시눈,6055643,Off Shoulder Frill Sweatshirt (Charcoal),0.0,0,78320,78320,78320,0,0,0.0,100.0,1,high,24.1,6,2,none,,27,https://www.musinsa.com/products/6055643
2026-09-01,엘무드,6056091,슬러지 체크 셔츠 블랙,0.0,0,126000,126000,126000,0,0,0.0,100.0,1,high,24.09,6,2,none,,27,https://www.musinsa.com/products/6056091
2026-09-01,카네이테이,6056923,CROP SHORT SLEEVES (WHITE),0.29,12444,42750,21600,42750,1,-21150,-49.47,100.0,1,medium,24.09,7,2,none,,27,https://www.musinsa.com/products/6056923
2026-09-01,언타이틀 서울,6058011,유니콘 바시티 엠블럼 스웻 자켓 그레이,1.3,89388,68800,68800,68800,0,0,0.0,100.0,1,high,24.1,12,2,none,,27,https://www.musinsa.com/products/6058011
2026-09-01,세터,6062171,원 턱 밴딩 데님 팬츠 블루,0.0,0,129000,129000,129000,0,0,0.0,100.0,1,high,24.1,6,2,none,,27,https://www.musinsa.com/products/6062171
2026-09-01,어나더 오피스,6066587,French Drill Chino Pants (Urban Khaki),0.0,0,189000,189000,189000,0,0,0.0,100.0,1,high,24.09,7,2,none,,27,https://www.musinsa.com/products/6066587
2026-09-01,플리즈노팔로우,6067803,Lua Garter Lace Halter Sleeveless Top (Brown),0.0,0,41600,41600,44200,1,-2600,-5.88,100.0,1,medium,24.09,7,2,none,,27,https://www.musinsa.com/products/6067803
2026-09-01,미세키서울 맨,6068443,Anywhere two tone ball cap DARK NAVY,0.0,0,42930,42930,42930,0,0,0.0,100.0,1,high,24.1,6,2,none,,27,https://www.musinsa.com/products/6068443
2026-09-01,브라운야드,6069851,"라운드 버클 벨트, 블랙 골드",0.0,0,148000,148000,148000,0,0,0.0,100.0,1,high,24.02,8,2,none,,27,https://www.musinsa.com/products/6069851
2026-09-01,에스피오나지,6070299,Pleated Wide Army Pants Light Olive,0.0,0,81200,81200,81200,0,0,0.0,100.0,1,high,24.09,7,2,none,,27,https://www.musinsa.com/products/6070299
2026-09-01,무드인사이드,6072219,필드 나일론 후드 윈드브레이커_3Color,0.0,0,69900,69900,72900,1,-3000,-4.12,100.0,1,medium,24.09,8,2,none,,27,https://www.musinsa.com/products/6072219
2026-09-01,어반디타입,6072987,라운드 크롭 반팔 니트_3color,0.0,0,19900,19900,39900,1,-20000,-50.13,52.78,0,low,23.51,8,1,none,,27,https://www.musinsa.com/products/6072987
2026-09-01,유니폼브릿지,6081563,anchor boy stripe s/s t-shirt pigment blue,0.0,0,55300,55300,55300,0,0,0.0,100.0,1,high,24.09,7,2,none,,27,https://www.musinsa.com/products/6081563
2026-09-01,트래블,6083611,아르떼 스트라이프 반팔티 아이보리,0.0,0,23800,23800,25800,1,-2000,-7.75,100.0,1,medium,24.09,8,2,none,,27,https://www.musinsa.com/products/6083611
2026-09-01,디스이즈네버댓,6087195,Doggo Socks White,0.0,0,12000,12000,12000,0,0,0.0,100.0,1,high,24.09,6,2,none,,27,https://www.musinsa.com/products/6087195
2026-09-01,디스이즈네버댓,6087259,Capture Tee Faded Navy,0.0,0,44000,44000,44000,0,0,0.0,100.0,1,high,24.09,6,2,none,,27,https://www.musinsa.com/products/6087259
2026-09-01,디스이즈네버댓,6087323,Damaged Zip Up Hoodie Khaki Grey,0.0,0,111200,111200,111200,0,0,0.0,100.0,1,high,24.09,6,2,none,,27,https://www.musinsa.com/products/6087323
2026-09-01,마인드브릿지,6091355,[에어쿨]원 턱 릴랙스 핏 시어서커 팬츠 - 2color,0.0,0,55900,55900,55900,0,0,0.0,100.0,1,high,24.08,6,2,none,,27,https://www.musinsa.com/products/6091355
2026-09-01,테이크이지,6091419,헬로우본 크롭 티셔츠 - 3 COLOR,0.0,0,19500,19500,17900,1,1600,8.94,100.0,1,low,24.09,5,2,none,,27,https://www.musinsa.com/products/6091419
2026-09-01,르바,6095259,Sheer Stripe Over-Shirt - Ivory Stripe,0.0,0,116100,116100,90300,1,25800,28.57,100.0,1,medium,24.08,6,2,none,,27,https://www.musinsa.com/products/6095259
2026-09-01,에이지오디,6097883,백 인시전 스트라이프 하프 티셔츠 [아이보리],0.0,0,9900,9900,24800,1,-14900,-60.08,100.0,1,medium,24.09,8,2,none,,27,https://www.musinsa.com/products/6097883
2026-09-01,에이지오디,6098075,린넨 라이크 밴딩 와이드 데님 팬츠 [로우 인디고],2.92,64161,22000,22000,22000,0,0,0.0,96.5,0,low,24.09,19,3,none,,27,https://www.musinsa.com/products/6098075
2026-09-01,에이지오디,6098651,투턱 버뮤다 슬랙스 [차콜 스트라이프],0.0,0,33600,33600,33600,0,0,0.0,100.0,1,high,24.09,8,2,none,,27,https://www.musinsa.com/products/6098651
2026-09-01,썬러브투어,6103387,Vector Cargo Pants Red,0.0,0,174300,174300,149400,1,24900,16.67,100.0,1,medium,24.09,8,2,none,,27,https://www.musinsa.com/products/6103387
2026-09-01,아메스 월드와이드,6106459,BASIC STRIPE COLLAR TEE GREY,1.0,33183,33284,24010,34300,1,-10290,-30.0,100.0,1,medium,24.08,6,2,none,,27,https://www.musinsa.com/products/6106459
2026-09-01,스키즘 인듀싱,6107611,ASSYMETRIC SHIRRED TOP BLACK,0.0,0,57800,57800,61200,1,-3400,-5.56,100.0,1,medium,24.09,7,2,none,,27,https://www.musinsa.com/products/6107611
2026-09-01,비헤비어,6108123,DISTRESSED TYPE-1 DENIM JACKET bleached,0.0,0,236550,236550,236550,0,0,0.0,100.0,1,high,24.08,6,2,none,,27,https://www.musinsa.com/products/6108123
2026-09-01,필루미네이트,6108955,키체인 그래픽 티셔츠-멜란지그레이,0.0,0,29000,29000,29000,0,0,0.0,100.0,1,high,24.02,8,2,none,,27,https://www.musinsa.com/products/6108955
2026-09-01,메종미네드,6110299,PARACHUTE VELCRO PANTS KHAKI,0.0,0,75470,75470,83850,1,-8380,-9.99,100.0,1,medium,24.08,6,2,none,,27,https://www.musinsa.com/products/6110299
2026-09-01,소버먼트,6110683,데일리 투턱 와이드 팬츠-치노 베이지-,0.0,0,46000,46000,46000,0,0,0.0,100.0,1,high,24.02,8,2,none,,27,https://www.musinsa.com/products/6110683
2026-09-01,어나더오피스,6114907,Zephyr Washed Scarf (Charcoal Brown Check),0.0,0,68000,68000,68000,0,0,0.0,100.0,1,high,24.09,8,2,none,,27,https://www.musinsa.com/products/6114907
2026-09-01,러브이즈트루,6117275,SHUGO CHARA! RAGLAN LONG SLEEVE(BLACK),0.0,0,74000,74000,74000,0,0,0.0,100.0,1,high,24.02,8,2,none,,27,https://www.musinsa.com/products/6117275
2026-09-01,플랙,6121627,블록 그래픽 반팔 티셔츠 5colors,0.0,0,35100,35100,31200,1,3900,12.5,100.0,1,medium,24.09,6,2,none,,27,https://www.musinsa.com/products/6121627
2026-09-01,커버낫,6125659,팜트리 그래픽 하프 셔츠 네이비,0.0,0,80190,80190,79200,1,990,1.25,100.0,1,medium,24.09,6,2,none,,27,https://www.musinsa.com/products/6125659
2026-09-01,드릭스,6125787,우먼스 로고 크롭 링거 하프 슬리브_네이비,0.0,0,24650,24650,25990,1,-1340,-5.16,100.0,1,medium,24.09,7,2,none,,27,https://www.musinsa.com/products/6125787
2026-09-01,아웃스탠딩,6132059,AUTHENTIC COMFORT HALF SWEAT_BLACK,0.0,0,52200,52200,46400,1,5800,12.5,100.0,1,low,24.09,7,2,none,,27,https://www.musinsa.com/products/6132059
2026-09-01,1993스튜디오,6138139,[혜리 PICK] 웨이브 스튜디오 오리지널 타이포 티셔츠 (7colors),4.25,80590,18982,18900,19000,1,-100,-0.53,58.64,0,low,5.58,16,4,none,,27,https://www.musinsa.com/products/6138139
2026-09-01,필루미네이트,6140763,(W) 투 턱 와이드 팬츠-크림,0.0,0,39000,39000,39000,0,0,0.0,100.0,1,high,24.02,8,2,none,,27,https://www.musinsa.com/products/6140763
2026-09-01,론론,6141019,MINI POCKET STRIPE LAYERED PANTSKIRT BLACK,0.0,0,80190,80190,71280,1,8910,12.5,100.0,1,medium,24.09,7,2,none,,27,https://www.musinsa.com/products/6141019
2026-09-01,오헤시오,6141275,"SLIM BUTTON POINT LEGGINGS, WHITE",0.0,0,51300,51300,54000,1,-2700,-5.0,100.0,1,medium,24.09,8,2,none,,27,https://www.musinsa.com/products/6141275
2026-09-01,오헤시오,6141339,"BASIC U-NECK SLEEVELESS, WHITE",0.0,0,37050,37050,28080,1,8970,31.94,100.0,1,medium,24.09,8,2,none,,27,https://www.musinsa.com/products/6141339
2026-09-01,일리고,6148699,레이스 리본 헌팅캡 차콜,1.1,52573,48000,48000,48000,0,0,0.0,100.0,1,high,24.08,10,2,none,,27,https://www.musinsa.com/products/6148699
2026-09-01,일리고,6149083,컷아웃 로제트 티셔츠 화이트,0.0,0,56000,56000,39200,1,16800,42.86,100.0,1,medium,24.08,6,2,none,,27,https://www.musinsa.com/products/6149083
2026-09-01,모즈모즈,6150683,매드캣 레글런 그래픽 반팔 티셔츠 브라운,0.0,0,27800,27800,27800,0,0,0.0,100.0,1,high,24.1,6,2,none,,27,https://www.musinsa.com/products/6150683
2026-09-01,파르티멘토 우먼,6151451,드로스트링 루즈 진_다크 블루,0.0,0,77760,77760,60480,1,17280,28.57,100.0,1,medium,24.08,6,2,none,,27,https://www.musinsa.com/products/6151451
2026-09-01,브룩스 브라더스,6152411,코튼 케이블 크루넥 반팔 스웨터 (화이트) (BBWRMOG203),0.0,0,100240,100240,100240,0,0,0.0,100.0,1,high,24.02,8,2,none,,27,https://www.musinsa.com/products/6152411
2026-09-01,키르시,6153691,워딩 피그먼트 스웻쇼츠 [라이트 핑크],0.0,0,49680,49680,49680,0,0,0.0,100.0,1,high,24.09,6,2,none,,27,https://www.musinsa.com/products/6153691
2026-09-01,본투윈,6155419,SILVER B COMFORT FIT SLEEVELESS [BLACK],7.9,334320,42329,41800,44000,1,-2200,-5.0,100.0,1,low,24.0,22,6,none,,27,https://www.musinsa.com/products/6155419
2026-09-01,아메스 월드와이드,6162331,CLASSIC SEE-THROUGH DOT LACE SOCKS MULTI,0.0,0,21840,21840,31200,1,-9360,-30.0,100.0,1,medium,24.08,6,2,none,,27,https://www.musinsa.com/products/6162331
2026-09-01,아메스 월드와이드,6162395,CLASSIC 3/4 SLEEVE RUFFLE CARDIGAN BLACK,0.0,0,38640,38640,51750,1,-13110,-25.33,100.0,1,medium,24.08,6,2,none,,27,https://www.musinsa.com/products/6162395
2026-09-01,유라고,6171227,Wrinkle layered blouse set,0.35,23486,67640,67640,67640,0,0,0.0,100.0,1,high,24.1,6,2,none,,27,https://www.musinsa.com/products/6171227
2026-09-01,더바넷,6174491,Pale Logo Duffle Bag Small_Navy,0.0,0,40500,40500,40500,0,0,0.0,100.0,1,high,24.08,14,2,none,,27,https://www.musinsa.com/products/6174491
2026-09-01,아웃스탠딩,6175771,OFFICER CHINO SHORTS_OLIVE GREEN,1.0,66396,66600,66600,66600,0,0,0.0,100.0,1,low,24.09,7,2,none,,27,https://www.musinsa.com/products/6175771
2026-09-01,꼼파뇨,6176091,DTP 케이크 베어 반팔티 블랙,0.0,0,28610,28610,28610,0,0,0.0,100.0,1,high,24.08,6,2,none,,27,https://www.musinsa.com/products/6176091
2026-09-01,모즈모즈,6178395,[2PACK] 컴포트 썸머 와이드 팬츠 6color,6.51,285826,43920,43920,43920,0,0,0.0,100.0,1,low,24.1,16,2,none,,27,https://www.musinsa.com/products/6178395
2026-09-01,더바이닐하우스,6178651,EARLY BIRD DIES TEE PINK,0.0,0,28420,28420,40600,1,-12180,-30.0,100.0,1,medium,24.09,6,2,none,,27,https://www.musinsa.com/products/6178651
2026-09-01,썬러브투어,6179483,Daybreak Logo Tee White,1.27,61131,48300,48300,48300,0,0,0.0,100.0,1,low,24.09,7,2,none,,27,https://www.musinsa.com/products/6179483
2026-09-01,론론,6185371,BACK OPEN WAIST BELT LONG SLEEVE T SHIRT BLACK,0.0,0,53460,53460,36960,1,16500,44.64,100.0,1,medium,24.09,7,2,none,,27,https://www.musinsa.com/products/6185371
2026-09-01,낫포너드,6191387,4 Symbol Stud Enamel Bowling Bag - Black,0.0,0,41310,41310,41310,0,0,0.0,100.0,1,high,24.08,6,2,none,,27,https://www.musinsa.com/products/6191387
2026-09-01,비터셀즈,6200155,스웰 브이 넥 가디건-아이보리,0.0,0,53100,53100,53100,0,0,0.0,100.0,1,high,24.08,6,2,none,,27,https://www.musinsa.com/products/6200155
2026-09-01,세터,6201371,나일론 트라페즈 숄더 백 레드,0.0,0,119000,119000,119000,0,0,0.0,100.0,1,high,24.1,6,2,none,,27,https://www.musinsa.com/products/6201371
2026-09-01,세터,6202587,로우 엣지 데님 쇼츠 라이트 블루,0.0,0,119000,119000,119000,0,0,0.0,100.0,1,high,24.1,6,2,none,,27,https://www.musinsa.com/products/6202587
2026-09-01,세터,6203099,코튼 립스탑 카고 팬츠 차콜,0.0,0,129000,129000,129000,0,0,0.0,100.0,1,high,24.1,6,2,none,,27,https://www.musinsa.com/products/6203099
2026-09-01,트래블,6204891,데님 크로스 체크 하프 셔츠  블랙,0.0,0,61040,61040,65400,1,-4360,-6.67,100.0,1,medium,24.09,8,2,none,,27,https://www.musinsa.com/products/6204891
2026-09-01,배드블러드,6205339,Lonely Girl Short Sleeve T-Shirt - White,0.0,0,55200,55200,49680,1,5520,11.11,100.0,1,medium,24.09,7,2,none,,27,https://www.musinsa.com/products/6205339
2026-09-01,코드그라피,6207515,스몰 스퀘어 로고 레이스업 럭비 맨투맨-다크 네이비,0.0,0,69300,69300,69300,0,0,0.0,100.0,1,high,24.08,6,2,none,,27,https://www.musinsa.com/products/6207515
2026-09-01,코드그라피,6207643,(우먼) 트레이닝 쇼츠-멜란지 그레이,0.0,0,44100,44100,44100,0,0,0.0,100.0,1,high,24.08,6,2,none,,27,https://www.musinsa.com/products/6207643
2026-09-01,스컬프터,6208411,Second Skin Tank Top Leopard,0.0,0,31360,31360,39200,1,-7840,-20.0,100.0,1,medium,24.09,7,2,none,,27,https://www.musinsa.com/products/6208411
2026-09-01,던스트,6208539,UNISEX CLASSIC STRIPED BD OVERSHIRT_UDSH6B125_BLUE,0.0,0,78480,78480,78480,0,0,0.0,100.0,1,high,24.02,8,2,none,,27,https://www.musinsa.com/products/6208539
2026-09-01,던스트,6208603,UNISEX SUMMER HARRINGTON JACKET_UDJU6B122_CREAM STRIPE,0.0,0,109920,109920,109920,0,0,0.0,100.0,1,high,24.02,8,2,none,,27,https://www.musinsa.com/products/6208603
2026-09-01,스컬프터,6211099,Miss Grumpy Button-Up Top Lemon,1.0,25135,25213,24320,30400,1,-6080,-20.0,100.0,1,medium,24.09,7,2,none,,27,https://www.musinsa.com/products/6211099
2026-09-01,제너럴아이디어,6217179,MAN 시어서커 체크 하프 밴딩 팬츠 [BLACK] / GF1UHP009,0.0,0,40800,40800,40800,0,0,0.0,100.0,1,high,24.09,7,2,none,,27,https://www.musinsa.com/products/6217179
2026-09-01,론론,6218587,MINI LABEL DIAGONAL KNIT CARDIGAN BLACK,0.0,0,55440,55440,71280,1,-15840,-22.22,100.0,1,medium,24.09,7,2,none,,27,https://www.musinsa.com/products/6218587
2026-09-01,디스이즈네버댓,6219483,OL-Logo Tee Black,0.0,0,44000,44000,44000,0,0,0.0,100.0,1,high,24.09,6,2,none,,27,https://www.musinsa.com/products/6219483
2026-09-01,파브레가,6221339,로렌 스트라이프 크롭 하프 셔츠 (화이트),0.0,0,66600,66600,66600,0,0,0.0,22.35,0,low,6.6,13,1,none,,27,https://www.musinsa.com/products/6221339
2026-09-01,넌블랭크,6221403,깅엄 체크 크롭 HS 셔츠_DARK BEIGE,0.0,0,93520,93520,93520,0,0,0.0,100.0,1,high,24.02,8,2,none,,27,https://www.musinsa.com/products/6221403
2026-09-01,락케이크,6221851,Essential Seam Line Sleeveless - Black,0.0,0,24480,24480,24480,0,0,0.0,100.0,1,high,24.09,8,2,none,,27,https://www.musinsa.com/products/6221851
2026-09-01,락케이크,6221915,Shoulder Cutout Top - Beige,0.0,0,40120,40120,40120,0,0,0.0,100.0,1,high,24.09,8,2,none,,27,https://www.musinsa.com/products/6221915
2026-09-01,고스트리퍼블릭,6224347,럭비 카라 반팔티 GT-389_화이트(블루),0.0,0,25600,25600,25600,0,0,0.0,100.0,1,high,24.08,6,2,none,,27,https://www.musinsa.com/products/6224347
2026-09-01,에스피오나지,6225755,NY Pizza Heavyweight Tee Vintage Black,0.0,0,32900,32900,32900,0,0,0.0,100.0,1,high,24.09,7,2,none,,27,https://www.musinsa.com/products/6225755
2026-09-01,에이이에이이,6226715,FLOWER PATCHWORK DENIM PANTS [LIGHT BLUE],0.0,0,114480,114480,89040,1,25440,28.57,100.0,1,medium,24.08,6,2,none,,27,https://www.musinsa.com/products/6226715
2026-09-01,트리밍버드,6227035,Minimal Button-Detail Set-Up Wide Pants [ Black ],0.0,0,189000,189000,189000,0,0,0.0,100.0,1,high,24.09,7,2,none,,27,https://www.musinsa.com/products/6227035
2026-09-01,브라운야드,6227675,"워시드 셔츠, 베이지",0.0,0,148000,148000,148000,0,0,0.0,100.0,1,high,24.02,8,2,none,,27,https://www.musinsa.com/products/6227675
2026-09-01,커버낫,6229019,스몰 C로고 플랫자수 스탠다드 핏 볼캡 아이보리,0.0,0,31590,31590,35100,1,-3510,-10.0,100.0,1,medium,24.09,6,2,none,,27,https://www.musinsa.com/products/6229019
2026-09-01,1993스튜디오,6238043,[FC서울x1993스튜디오] 폴리 트랙 파이핑 저지 티셔츠_화이트,0.0,0,79000,79000,79000,0,0,0.0,100.0,1,high,24.09,6,2,none,,27,https://www.musinsa.com/products/6238043
2026-09-01,더블유엠씨,6238811,체크 셔켓 블루종_GREYISH BLUE,0.0,0,95400,95400,95400,0,0,0.0,100.0,1,high,24.02,8,2,none,,27,https://www.musinsa.com/products/6238811
2026-09-01,프렌다,6243995,THREE STAR PIGMENT SHORT SLEEVE NAVY,0.0,0,20580,20580,29400,1,-8820,-30.0,100.0,1,medium,24.09,8,2,none,,27,https://www.musinsa.com/products/6243995
2026-09-01,커버낫,6245403,[커버낫 X 미즈노] 빅 로고 다잉 티셔츠 터스크,0.0,0,47200,47200,47200,0,0,0.0,100.0,1,high,24.09,6,2,none,,27,https://www.musinsa.com/products/6245403
2026-09-01,세컨모놀로그,6247131,V Neck Layered Knit Set [GRAY]_SEWKT011GRAY,0.0,0,26000,26000,32500,1,-6500,-20.0,100.0,1,medium,24.09,6,2,none,,27,https://www.musinsa.com/products/6247131
2026-09-01,가까이 유니언즈,6248155,빌리지 스웨트 버뮤다 팬츠 블랙,0.0,0,34990,34990,34990,0,0,0.0,100.0,1,high,24.1,6,2,none,,27,https://www.musinsa.com/products/6248155
2026-09-01,2000아카이브스,6250075,ASHY JEANS (BLUE),0.15,24258,165600,159390,165600,1,-6210,-3.75,100.0,1,medium,24.09,7,2,none,,27,https://www.musinsa.com/products/6250075
2026-09-01,2000아카이브스,6250139,XEN TOP (ASH),0.0,0,40200,40200,41760,1,-1560,-3.74,100.0,1,medium,24.09,7,2,none,,27,https://www.musinsa.com/products/6250139
2026-09-01,해칭룸,6257243,Reversible Bomber Black,0.0,0,308000,308000,308000,0,0,0.0,100.0,1,high,24.08,6,2,none,,27,https://www.musinsa.com/products/6257243
2026-09-01,웬즈데이오아시스,6258907,레토 워시드 자켓_WHITE(WB6OT11),0.0,0,74200,74200,74200,0,0,0.0,100.0,1,high,24.09,8,2,none,,27,https://www.musinsa.com/products/6258907
2026-09-01,웬즈데이오아시스,6259867,[Atelier Standard] 하프 라운드 티셔츠_MELANGE GRAY(WB6TP43),0.0,0,30800,30800,30800,0,0,0.0,100.0,1,high,24.09,8,2,none,,27,https://www.musinsa.com/products/6259867
2026-09-01,디스이즈네버댓,6262619,Cargo Short Black,0.0,0,90300,90300,90300,0,0,0.0,100.0,1,high,24.09,6,2,none,,27,https://www.musinsa.com/products/6262619
2026-09-01,길라아카이브,6263259,RAW CUT-OFF CROP TANK TOP_BEIGE,1.01,28655,28350,28350,28350,0,0,0.0,100.0,1,high,24.02,8,2,none,,27,https://www.musinsa.com/products/6263259
2026-09-01,길라아카이브,6263707,LEOPARD LETTERING LOGO BACKLESS SHEER CROP TOP_BEIGE,0.0,0,28350,28350,28350,0,0,0.0,100.0,1,high,24.02,8,2,none,,27,https://www.musinsa.com/products/6263707
2026-09-01,브라운브레스,6266011,RUGBY STRIPE TEE - BLUE,0.0,0,79000,79000,79000,0,0,0.0,100.0,1,high,24.09,8,2,none,,27,https://www.musinsa.com/products/6266011
2026-09-01,제너럴아이디어,6266331,이지 밴딩 맥시 스커트 [BLACK] / GF2LSK514,0.15,5747,39200,34300,39200,1,-4900,-12.5,100.0,1,medium,24.09,7,2,none,,27,https://www.musinsa.com/products/6266331
2026-09-01,아틀리에 나인,6269083,BOUCLE SHIRRING BOLERO TOP SET (CD-2265),0.0,0,103200,103200,116100,1,-12900,-11.11,100.0,1,medium,24.1,6,2,none,,27,https://www.musinsa.com/products/6269083
2026-09-01,던스트,6271387,UNISEX STRIPED CREWNECK KNIT_UDSW6B129_MINT / CREAM,0.0,0,55440,55440,55440,0,0,0.0,100.0,1,high,24.02,8,2,none,,27,https://www.musinsa.com/products/6271387
2026-09-01,던스트,6271451,UNISEX OPEN COLLARED SHIRT_UDSH6B130_SOFT PINK,0.0,0,69760,69760,69760,0,0,0.0,100.0,1,high,24.02,8,2,none,,27,https://www.musinsa.com/products/6271451
2026-09-01,던스트,6271579,SUMMER WIDE JOGGER PANTS_UDPA6B225_BLUE,0.0,0,55440,55440,55440,0,0,0.0,100.0,1,high,24.02,8,2,none,,27,https://www.musinsa.com/products/6271579
2026-09-01,유니폼브릿지,6275291,boucle crewneck s/s knit brown,0.0,0,59400,59400,59400,0,0,0.0,100.0,1,high,24.09,7,2,none,,27,https://www.musinsa.com/products/6275291
2026-09-01,던스트,6275803,UNISEX CUPID ARCH BACK LOGO T-SHIRT_UDTS6B128_BLACK,0.0,0,35200,35200,35200,0,0,0.0,100.0,1,high,24.02,8,2,none,,27,https://www.musinsa.com/products/6275803
2026-09-01,던스트,6275867,COTTON SAFARI SHORTS_UDPA6B245_KHAKI BEIGE,0.0,0,47520,47520,47520,0,0,0.0,100.0,1,high,24.02,8,2,none,,27,https://www.musinsa.com/products/6275867
2026-09-01,드로우핏 우먼,6276059,스쿱넥 프릴 슬리브리스 블라우스 [WHITE],0.0,0,56700,56700,56700,0,0,0.0,100.0,1,high,24.09,8,2,none,,27,https://www.musinsa.com/products/6276059
2026-09-01,레더리,6278427,더스티 스트라이프 오버핏 티셔츠 [BLACK],0.0,0,29240,29240,25590,1,3650,14.26,100.0,1,medium,24.08,6,2,none,,27,https://www.musinsa.com/products/6278427
2026-09-01,미세키서울 맨,6279323,Compass patch short sleeve CHARCOAL,0.0,0,49300,49300,49300,0,0,0.0,100.0,1,high,24.1,6,2,none,,27,https://www.musinsa.com/products/6279323
2026-09-01,세터,6289115,그래디언트 빅 로고 반팔 티셔츠 블랙,0.0,0,69000,69000,69000,0,0,0.0,100.0,1,high,24.1,6,2,none,,27,https://www.musinsa.com/products/6289115
2026-09-01,세터,6289243,(W) 에센셜 슬림 핏 반팔 티셔츠 레드,0.0,0,59000,59000,59000,0,0,0.0,100.0,1,high,24.1,6,2,none,,27,https://www.musinsa.com/products/6289243
2026-09-01,아웃스탠딩,6291611,MIL SERIES COLLAR TEE(MARCH FIELD)_CHARCOAL,0.15,5636,38400,43200,38400,1,4800,12.5,100.0,1,low,24.09,7,2,none,,27,https://www.musinsa.com/products/6291611
2026-09-01,썸웨어버터,6299803,Small Wave Logo Layered Top - White Melange,0.0,0,49000,49000,49000,0,0,0.0,100.0,1,high,24.02,8,2,none,,27,https://www.musinsa.com/products/6299803
2026-09-01,꼼파뇨,6301275,체리 캣츠 CROP 링거티 블랙,0.0,0,28610,28610,28610,0,0,0.0,100.0,1,high,24.08,6,2,none,,27,https://www.musinsa.com/products/6301275
2026-09-01,락피쉬웨더웨어,6307163,MESH BUCKET HAT - 4 colors,0.0,0,62100,62100,62100,0,0,0.0,100.0,1,high,24.08,6,2,none,,27,https://www.musinsa.com/products/6307163
2026-09-01,락피쉬웨더웨어,6307355,FLORAL FEATHER LIGHT UMBRELLA - CREAM,0.0,0,42300,42300,42300,0,0,0.0,100.0,1,high,24.08,6,2,none,,27,https://www.musinsa.com/products/6307355
2026-09-01,트릴리온,6307547,스톤 워싱 워크 패치 버뮤다 쇼츠_3color,0.9,30493,33900,33900,33900,0,0,0.0,100.0,1,high,24.08,6,2,none,,27,https://www.musinsa.com/products/6307547
2026-09-01,루에브르,6308507,Shirred Drawstring Jacket SW6MM705_2color,0.0,0,219000,219000,219000,0,0,0.0,100.0,1,high,24.09,8,2,none,,27,https://www.musinsa.com/products/6308507
2026-09-01,러브이즈트루,6310619,SY LACE NET KNIT(WHITE),0.0,0,56290,56290,46360,1,9930,21.42,100.0,1,medium,24.02,8,2,none,,27,https://www.musinsa.com/products/6310619
2026-09-01,러브이즈트루,6310747,SY ONE-SHOULDER HORSE TEE(WHITE),0.0,0,39940,39940,32890,1,7050,21.44,100.0,1,medium,24.02,8,2,none,,27,https://www.musinsa.com/products/6310747
2026-09-01,유니폼브릿지,6313435,sulfa polo s/s t-shirt black,0.0,0,71200,71200,71200,0,0,0.0,100.0,1,high,24.09,7,2,none,,27,https://www.musinsa.com/products/6313435
2026-09-01,오헤시오,6313499,"SUMMER WRINKLE SCARF, BROWN",0.0,0,30400,30400,23040,1,7360,31.94,100.0,1,medium,24.09,8,2,none,,27,https://www.musinsa.com/products/6313499
2026-09-01,본투윈,6318555,BRNTW LOGO T-SHIRTS [MELANGE GREY],0.85,46750,55000,55000,55000,0,0,0.0,100.0,1,high,24.09,7,2,none,,27,https://www.musinsa.com/products/6318555
2026-09-01,로제프란츠,6319451,Daily Label Long Socks [Ivory],0.0,0,11400,11400,9980,1,1420,14.23,100.0,1,medium,24.08,6,2,none,,27,https://www.musinsa.com/products/6319451
2026-09-01,드헤베,6319963,Airy Raglan Cardigan [Gray],0.77,59582,76950,76950,76950,0,0,0.0,100.0,1,high,24.08,6,2,none,,27,https://www.musinsa.com/products/6319963
2026-09-01,필루미네이트,6322651,풀사이드 스프레이 티셔츠-아이보리,0.0,0,29000,29000,29000,0,0,0.0,100.0,1,high,24.02,8,2,none,,27,https://www.musinsa.com/products/6322651
2026-09-01,르아르,6324635,사선 헨리넥 반팔 니트 [블랙],2.6,85674,32900,32900,32900,0,0,0.0,100.0,1,high,24.1,12,2,none,,27,https://www.musinsa.com/products/6324635
2026-09-01,오헤시오,6326427,"STRAIGHT COLOR COTTON PANTS, LIGHT BEIGE",0.0,0,112100,112100,118000,1,-5900,-5.0,100.0,1,medium,24.09,8,2,none,,27,https://www.musinsa.com/products/6326427
2026-09-01,브렌슨,6327963,[쿨링] 글렌 세미 크롭 링거 반팔티 ( 4Color ),1.35,32244,23900,23900,23900,0,0,0.0,100.0,1,low,24.01,12,4,none,,27,https://www.musinsa.com/products/6327963
2026-09-01,무드인사이드 우먼,6328411,(woman) 허쉬 크롭 블루종 자켓_Red,0.0,0,75900,75900,53910,1,21990,40.79,100.0,1,medium,24.09,6,2,none,,27,https://www.musinsa.com/products/6328411
2026-09-01,글로니,6331867,G CLASSIC RIB V-NECK KNIT (BLUE),0.0,0,95580,95580,84960,1,10620,12.5,100.0,1,medium,24.09,7,2,none,,27,https://www.musinsa.com/products/6331867
2026-09-01,더니트컴퍼니,6332699,오레아 스카시 폴로 가디건 - 아스트랄 블루,0.0,0,79500,79500,79500,0,0,0.0,100.0,1,high,24.08,6,2,none,,27,https://www.musinsa.com/products/6332699
2026-09-01,나이스고스트클럽,6333723,X JIMMIZO COLOR BLOCK TEE_NAVY(NG2GMFT502B),0.0,0,39200,39200,39200,0,0,0.0,100.0,1,high,24.02,8,2,none,,27,https://www.musinsa.com/products/6333723
2026-09-01,론론,6333851,LAYERED OPEN TOE LEG WARMERS WHITE FLOWER,1.0,26563,26658,26730,23760,1,2970,12.5,100.0,1,medium,24.09,7,2,none,,27,https://www.musinsa.com/products/6333851
2026-09-01,인사일런스 우먼,6333979,체크 미니 원피스 BEIGE,0.0,0,156700,156700,156700,0,0,0.0,100.0,1,high,24.09,7,2,none,,27,https://www.musinsa.com/products/6333979
2026-09-01,틸아이다이,6336795,Crispy compact wind breaker jumper_Cream,0.0,0,145350,145350,153000,1,-7650,-5.0,100.0,1,medium,24.09,7,2,none,,27,https://www.musinsa.com/products/6336795
2026-09-01,레더리,6340315,체인 로고 데미지 데님 쇼츠 [WASHED BLACK],0.0,0,35160,35160,32130,1,3030,9.43,100.0,1,medium,24.08,6,2,none,,27,https://www.musinsa.com/products/6340315
2026-09-01,유니온블루,6344603,AMBIENT V-NECK HALF KNIT [NAVY],0.0,0,60440,60440,71100,1,-10660,-14.99,100.0,1,medium,24.09,7,2,none,,27,https://www.musinsa.com/products/6344603
2026-09-01,세터,6359323,[라이즈 PICK] [2PACK] 수피마 베이직 크루넥 반팔 티셔츠,0.0,0,98000,98000,98000,0,0,0.0,100.0,1,high,24.1,6,2,none,,27,https://www.musinsa.com/products/6359323
2026-09-01,로제프란츠,6364571,Star Lettering T-shirt [Charcoal],0.0,0,27840,27840,24360,1,3480,14.29,100.0,1,medium,24.08,6,2,none,,27,https://www.musinsa.com/products/6364571
2026-09-01,커버낫,6366043,C 로고 스윔 쇼츠 라이트그레이,0.0,0,44640,44640,55200,1,-10560,-19.13,100.0,1,medium,24.09,6,2,none,,27,https://www.musinsa.com/products/6366043
2026-09-01,시야쥬,6367003,SIAC3105 리얼 레더 플립플랍_Red,0.0,0,129290,129290,169000,1,-39710,-23.5,100.0,1,medium,24.09,6,2,none,,27,https://www.musinsa.com/products/6367003
2026-09-01,시야쥬,6367515,SIA8040 컴포터블 다이마루 롱 원피스_Charcoal,0.0,0,71100,71100,55300,1,15800,28.57,100.0,1,medium,24.09,6,2,none,,27,https://www.musinsa.com/products/6367515
2026-09-01,에스피오나지,6370459,ESP Letter Washed Denim Cap Letter P,0.0,0,38400,38400,38400,0,0,0.0,100.0,1,high,24.09,7,2,none,,27,https://www.musinsa.com/products/6370459
2026-09-01,메인부스,6372699,[KISS] 슈팅스타 티셔츠(차콜),0.0,0,29900,29900,29900,0,0,0.0,100.0,1,high,24.08,6,2,none,,27,https://www.musinsa.com/products/6372699
2026-09-01,메인부스,6372763,[KISS] 포스터,0.0,0,12500,12500,12500,0,0,0.0,100.0,1,high,24.08,6,2,none,,27,https://www.musinsa.com/products/6372763
2026-09-01,몰든,6375707,하이텐션 파이핑 브라탑,0.0,0,36720,36720,45900,1,-9180,-20.0,100.0,1,medium,24.09,8,2,none,,27,https://www.musinsa.com/products/6375707
2026-09-01,슬로우애시드,6375835,실린더 윈드브레이커 [블랙],0.0,0,88320,88320,88320,0,0,0.0,100.0,1,high,24.08,6,2,none,,27,https://www.musinsa.com/products/6375835
2026-09-01,락케이크,6376155,Back Line Strap Sleeveless - Ivory,0.0,0,35280,35280,35280,0,0,0.0,100.0,1,high,24.09,8,2,none,,27,https://www.musinsa.com/products/6376155
2026-09-01,디앤에스알,6379739,크리즈 버뮤다 팬츠 브라운,0.0,0,69300,69300,69300,0,0,0.0,100.0,1,high,24.1,6,2,none,,27,https://www.musinsa.com/products/6379739
2026-09-01,데꼬로소,6385627,남녀공용 에센셜 레귤러핏 로고 자수 반팔 티셔츠 [블랙],2.02,74392,36800,36800,36800,0,0,0.0,100.0,1,high,24.02,8,2,none,,27,https://www.musinsa.com/products/6385627
2026-09-01,후드후드,6385819,NEVER SAY NEVER 스트링백 네이비,0.0,0,43470,43470,43470,0,0,0.0,100.0,1,high,24.08,6,2,none,,27,https://www.musinsa.com/products/6385819
2026-09-01,밀로아카이브,6386459,[2PACK] 스탠다드 챕터 로고 티셔츠 [믹스],0.0,0,33600,33600,43200,1,-9600,-22.22,100.0,1,medium,24.02,9,2,none,,27,https://www.musinsa.com/products/6386459
2026-09-01,밀로아카이브,6386523,치제 레더 브레이슬릿 [브라운],0.0,0,30400,30400,34200,1,-3800,-11.11,100.0,1,medium,24.02,9,2,none,,27,https://www.musinsa.com/products/6386523
2026-09-01,후드후드,6389915,HD 카펜터 핀스트라이프 버뮤다 데님 팬츠 블랙,0.0,0,64400,64400,64400,0,0,0.0,100.0,1,high,24.08,6,2,none,,27,https://www.musinsa.com/products/6389915
2026-09-01,바이모노,6391259,[남녀공용 M-8XL] 쏙쏙숨티 자동넣입 드롭 반팔티,0.0,0,29900,29900,29900,0,0,0.0,100.0,1,high,24.09,6,2,none,,27,https://www.musinsa.com/products/6391259
2026-09-01,드릭스,6391387,링거 그래픽 오버핏 슬리브리스_차콜,0.0,0,25330,25330,29800,1,-4470,-15.0,100.0,1,medium,24.09,7,2,none,,27,https://www.musinsa.com/products/6391387
2026-09-01,틸아이다이,6393947,Floral halter neck blouse [TISU06BL16]_Beige,0.0,0,61180,61180,74290,1,-13110,-17.65,100.0,1,medium,24.09,7,2,none,,27,https://www.musinsa.com/products/6393947
2026-09-01,파르티멘토 우먼,6394075,PWC 커튼 스커트 레이어드 하렘 팬츠_미드나잇 플럼,0.0,0,36540,36540,36540,0,0,0.0,100.0,1,high,24.08,6,2,none,,27,https://www.musinsa.com/products/6394075
2026-09-01,파르티멘토 우먼,6394139,PWC 브리프 디테일 미니 스커트_멜란지,0.0,0,21870,21870,17010,1,4860,28.57,100.0,1,medium,24.08,6,2,none,,27,https://www.musinsa.com/products/6394139
2026-09-01,파르티멘토 우먼,6394203,PWC 가먼트 다이드 포켓 티_애플 민트,0.0,0,28350,28350,22050,1,6300,28.57,100.0,1,medium,24.08,6,2,none,,27,https://www.musinsa.com/products/6394203
2026-09-01,시눈,6397531,Ribbon Tie Swim Wrap Skirt (Orange),0.0,0,56070,56070,56070,0,0,0.0,100.0,1,high,24.1,6,2,none,,27,https://www.musinsa.com/products/6397531
2026-09-01,더바이닐하우스,6397723,VINYL ARC LOGO SLEEVELESS CHARCOAL,0.0,0,26500,26500,37100,1,-10600,-28.57,100.0,1,medium,24.09,6,2,none,,27,https://www.musinsa.com/products/6397723
2026-09-01,시눈,6397979,High-Waist Crop Denim (Blue),0.0,0,113920,113920,113920,0,0,0.0,100.0,1,high,24.1,6,2,none,,27,https://www.musinsa.com/products/6397979
2026-09-01,세터,6398811,폴린 딥그린,0.0,0,99000,99000,99000,0,0,0.0,100.0,1,high,24.1,6,2,none,,27,https://www.musinsa.com/products/6398811
2026-09-01,피인오,6398875,웨스턴 오픈 카라 하프 셔츠 - 네이비,0.0,0,54000,54000,54000,0,0,0.0,100.0,1,high,24.02,8,2,none,,27,https://www.musinsa.com/products/6398875
2026-09-01,에스피오나지,6399835,Double Pocket Gingham S/S Shirt Grey,0.0,0,72800,72800,72800,0,0,0.0,100.0,1,low,24.09,6,2,none,,27,https://www.musinsa.com/products/6399835
2026-09-01,길라아카이브,6400027,LAYERED DOODLE SHEER CROP T-SHIRTS_GREY,0.0,0,39060,39060,39060,0,0,0.0,100.0,1,high,24.02,8,2,none,,27,https://www.musinsa.com/products/6400027
2026-09-01,아워데이즈,6401307,스머크 오버핏 반팔 티셔츠 [3COLORS],0.0,0,24840,24840,24840,0,0,0.0,100.0,1,high,24.08,6,2,none,,27,https://www.musinsa.com/products/6401307
2026-09-01,알리스,6401691,솔리드 투 포켓 롤 업 크롭 하프 셔츠 [네이비],0.1,5374,55250,55250,57850,1,-2600,-4.49,100.0,1,low,24.08,5,2,none,,27,https://www.musinsa.com/products/6401691
2026-09-01,굿라이프웍스,6401755,[w] 나일론 링클 파라슈트 팬츠 아이보리,0.0,0,44880,44880,44880,0,0,0.0,100.0,1,high,24.1,6,2,none,,27,https://www.musinsa.com/products/6401755
2026-09-01,알리스,6402651,로어드 웨이스트 버뮤다 팬츠 [코튼 베이지],0.0,0,58650,58650,61410,1,-2760,-4.49,100.0,1,medium,24.08,6,2,none,,27,https://www.musinsa.com/products/6402651
2026-09-01,브라운야드,6402971,"릴렉스 슬리브리스, 블랙",0.0,0,48000,48000,48000,0,0,0.0,100.0,1,high,24.02,8,2,none,,27,https://www.musinsa.com/products/6402971
2026-09-01,바우로 프로덕트,6403291,컷오프 코튼 하프 팬츠[아이보리],0.0,0,99000,99000,99000,0,0,0.0,100.0,1,high,24.08,6,2,none,,27,https://www.musinsa.com/products/6403291
2026-09-01,드헤베,6407451,Minimal Logo Stripe T-shirt [Ivory],0.0,0,53200,53200,53200,0,0,0.0,100.0,1,high,24.08,6,2,none,,27,https://www.musinsa.com/products/6407451
2026-09-01,드헤베,6407643,Wrap Drape Blouse [Black],0.0,0,87400,87400,87400,0,0,0.0,100.0,1,high,24.08,6,2,none,,27,https://www.musinsa.com/products/6407643
2026-09-01,굿라이프웍스,6407707,[unisex] 버튼 헨리넥 반팔 티셔츠 그레이,0.0,0,27040,27040,27040,0,0,0.0,100.0,1,high,24.1,6,2,none,,27,https://www.musinsa.com/products/6407707
2026-09-01,노매뉴얼,6407899,NM PLAIN CROP T-SHIRT - WHITE,0.1,2260,23250,23250,23250,0,0,0.0,100.0,1,high,24.08,6,2,none,,27,https://www.musinsa.com/products/6407899
2026-09-01,굿라이프웍스,6409115,립스탑 버뮤다 카고 팬츠 카키,0.0,0,44880,44880,44880,0,0,0.0,100.0,1,high,24.1,6,2,none,,27,https://www.musinsa.com/products/6409115
2026-09-01,제멋,6410395,라운드 헨리넥 반팔티셔츠 블랙 KJST2707,0.0,0,24900,24900,24900,0,0,0.0,100.0,1,high,24.09,7,2,none,,27,https://www.musinsa.com/products/6410395
2026-09-01,썬러브투어,6411483,W Polartec® Delta™ FlexAir Hooded Tee Black,0.0,0,76300,76300,65400,1,10900,16.67,100.0,1,medium,24.09,8,2,none,,27,https://www.musinsa.com/products/6411483
2026-09-01,바우로 프로덕트,6411675,립 카라 반팔 니트 [차콜],0.0,0,79900,79900,79900,0,0,0.0,100.0,1,high,24.08,6,2,none,,27,https://www.musinsa.com/products/6411675
2026-09-01,론론,6414299,MINI LABEL SLIM SLEEVELESS YELLOW,0.0,0,26730,26730,23760,1,2970,12.5,100.0,1,medium,24.09,7,2,none,,27,https://www.musinsa.com/products/6414299
2026-09-01,브라운브레스,6415259,TAG SACOSHE BAG - BLACK,0.0,0,31500,31500,31500,0,0,0.0,100.0,1,high,24.09,8,2,none,,27,https://www.musinsa.com/products/6415259
2026-09-01,와이케이,6415771,비즈 셔링 쇼츠 오트밀,0.0,0,41300,41300,41300,0,0,0.0,100.0,1,high,24.02,8,2,none,,27,https://www.musinsa.com/products/6415771
2026-09-01,프리즘웍스,6419099,VINTAGE POCKET HALF TEE _ IVORY,0.0,0,26460,26460,29400,1,-2940,-10.0,100.0,1,medium,24.09,7,2,none,,27,https://www.musinsa.com/products/6419099
2026-09-01,프리즘웍스,6419163,OG DOBBY WEAVE SEERSUCKER HALF SHIRT _ OLIVE,0.0,0,58500,58500,65000,1,-6500,-10.0,100.0,1,medium,24.09,7,2,none,,27,https://www.musinsa.com/products/6419163
2026-09-01,룩캐스트,6425819,디아 빈티지 그래픽 티셔츠 / DIA VINTAGE GRAPHIC T-SHIRT_2colors,3.6,98149,27270,27270,27270,0,0,0.0,100.0,1,low,24.08,16,2,none,,27,https://www.musinsa.com/products/6425819
2026-09-01,제너럴아이디어,6432411,시스루 넥 스트링 니트 풀오버 [WHITE] / GF2LKP543,0.0,0,44800,44800,44800,0,0,0.0,100.0,1,high,24.09,7,2,none,,27,https://www.musinsa.com/products/6432411
2026-09-01,토마스모어,6435483,린넨 반팔 셔츠 - 틸그린,0.0,0,79500,79500,79500,0,0,0.0,100.0,1,low,24.02,8,2,none,,27,https://www.musinsa.com/products/6435483
2026-09-01,플랙,6436635,스카시 셔츠 가디건 아이보리,0.0,0,80100,80100,71200,1,8900,12.5,100.0,1,medium,24.09,6,2,none,,27,https://www.musinsa.com/products/6436635
2026-09-01,밀로아카이브,6438363,세퍼레이트 데님 팬츠 [데님 블랙],0.0,0,110400,110400,124200,1,-13800,-11.11,100.0,1,medium,24.02,9,2,none,,27,https://www.musinsa.com/products/6438363
2026-09-01,더뮤지엄비지터,6442715,ART ICON EMBROIDERY CAP (LEMON),0.0,0,44850,44850,44850,0,0,0.0,100.0,1,high,24.09,7,2,none,,27,https://www.musinsa.com/products/6442715
2026-09-01,더뮤지엄비지터,6445019,SAME ROOM APPLIQUE T-SHIRT (MELANGE GREY),0.0,0,41300,41300,35400,1,5900,16.67,100.0,1,medium,24.09,7,2,none,,27,https://www.musinsa.com/products/6445019
2026-09-01,엑스트라오디너리,6450779,WASHED OXFORD DOUBLE KNEE SHORT BLACK,0.0,0,65450,65450,65450,0,0,0.0,100.0,1,high,24.08,6,2,none,,27,https://www.musinsa.com/products/6450779
2026-09-01,더니트컴퍼니,6454747,오레아 슬리브리스 - 루센트 화이트,0.0,0,53900,53900,53900,0,0,0.0,100.0,1,high,24.08,6,2,none,,27,https://www.musinsa.com/products/6454747
2026-09-01,일리고,6455131,플레르 프릴 홀터 탑 핑크,0.0,0,48000,48000,33600,1,14400,42.86,100.0,1,medium,24.08,6,2,none,,27,https://www.musinsa.com/products/6455131
2026-09-01,글로니,6457563,ROCKY WAFFLE SLEEVELESS TOP 2.0 (WHITE),0.0,0,50220,50220,50220,0,0,0.0,100.0,1,high,24.09,7,2,none,,27,https://www.musinsa.com/products/6457563
2026-09-01,헬레네파리스,6458267,[브라캡 내장] 레이서 탑 가드너 [블랙],0.0,0,19840,19840,19840,0,0,0.0,100.0,1,high,24.09,7,2,none,,27,https://www.musinsa.com/products/6458267
2026-09-01,제너럴아이디어,6458395,MAN 오픈 카라 니트 베스트 [IVORY] / GF2MKV015,0.0,0,40800,40800,40800,0,0,0.0,100.0,1,high,24.09,7,2,none,,27,https://www.musinsa.com/products/6458395
2026-09-01,제너럴아이디어,6458523,돌먼 슬리브 벨티드 롱 원피스 [WHITE] / GF2LOP513,0.0,0,68000,68000,68000,0,0,0.0,100.0,1,high,24.09,7,2,none,,27,https://www.musinsa.com/products/6458523
2026-09-01,제너럴아이디어,6458651,온도컷 쿨 에센셜 하프 가디건 [SAGE MINT] / GF2LKC541,0.0,0,31200,31200,31200,0,0,0.0,100.0,1,high,24.09,7,2,none,,27,https://www.musinsa.com/products/6458651
2026-09-01,로제프란츠,6459995,Chiffon Ribbon Crinkle Sleeveless [Ivory],0.0,0,59520,59520,52080,1,7440,14.29,100.0,1,medium,24.08,6,2,none,,27,https://www.musinsa.com/products/6459995
2026-09-01,노이어,6462555,코튼 브이넥 베이직 티셔츠 (네이비),0.0,0,29200,29200,29200,0,0,0.0,100.0,1,high,24.09,7,2,none,,27,https://www.musinsa.com/products/6462555
2026-09-01,노이어,6462683,로우 게이지 크롭 하프 니트 (민트그린),0.0,0,62300,62300,62300,0,0,0.0,100.0,1,high,24.09,7,2,none,,27,https://www.musinsa.com/products/6462683
2026-09-01,파르티멘토 우먼,6471771,PW 심볼 필박스 캡_네이비,0.0,0,26740,26740,26740,0,0,0.0,100.0,1,high,24.08,6,2,none,,27,https://www.musinsa.com/products/6471771
2026-09-01,파르티멘토 우먼,6473691,스쿱넥 배트 슬리브 탑_화이트,0.0,0,32400,32400,25200,1,7200,28.57,100.0,1,medium,24.08,6,2,none,,27,https://www.musinsa.com/products/6473691
2026-09-01,유라고,6479003,Buddy stripe shirt,0.0,0,121600,121600,121600,0,0,0.0,100.0,1,high,24.1,6,2,none,,27,https://www.musinsa.com/products/6479003
2026-09-01,유라고,6479195,Linen blend crop cardigan,0.0,0,60040,60040,60040,0,0,0.0,100.0,1,high,24.1,6,2,none,,27,https://www.musinsa.com/products/6479195
2026-09-01,제너럴아이디어,6479835,MAN WHEE 레터링 링거티 [BLACK] / GF2MTS011,0.0,0,29600,29600,29600,0,0,0.0,100.0,1,high,24.09,7,2,none,,27,https://www.musinsa.com/products/6479835
2026-09-01,배드블러드,6481755,미스틱 나일론 트랙 자켓 - 블루그레이,0.0,0,151200,151200,153090,1,-1890,-1.23,100.0,1,medium,24.09,7,2,none,,27,https://www.musinsa.com/products/6481755
2026-09-01,배드블러드,6482971,델타 유틸리티 코튼립 크루넥 티셔츠 - 밀리터리 그린,0.0,0,76800,76800,77760,1,-960,-1.23,100.0,1,medium,24.09,7,2,none,,27,https://www.musinsa.com/products/6482971
2026-09-01,테이크이지,6486939,미니체크 크롭 셔츠 (레드),0.0,0,27000,27000,22700,1,4300,18.94,100.0,1,low,24.09,5,2,none,,27,https://www.musinsa.com/products/6486939
2026-09-01,언타이틀 서울,6487899,심볼 스트라이프 헨리 후드 크롭 반팔 멜란지 화이트,0.0,0,33800,33800,33800,0,0,0.0,34.54,0,low,23.98,5,1,none,,27,https://www.musinsa.com/products/6487899
2026-09-01,드로우핏 우먼,6489755,썸머 펀칭 크로셰 버킷햇 [IVORY],0.0,0,33300,33300,33300,0,0,0.0,100.0,1,high,24.09,8,2,none,,27,https://www.musinsa.com/products/6489755
2026-09-01,더바넷,6491739,Canvas Baren Tote Bag_Navy,0.78,55028,71000,63900,71000,1,-7100,-10.0,100.0,1,medium,24.08,6,2,none,,27,https://www.musinsa.com/products/6491739
2026-09-01,제멋,6491931,에어리 시어 자켓 라이트블루 ISOT2684,0.0,0,32900,32900,32900,0,0,0.0,100.0,1,high,24.09,7,2,none,,27,https://www.musinsa.com/products/6491931
2026-09-01,미세키서울,6498395,Hannah button layered short sleeve CHARCOAL,0.0,0,97200,97200,97200,0,0,0.0,100.0,1,high,24.08,6,2,none,,27,https://www.musinsa.com/products/6498395
2026-09-01,트립르센스,6502235,썸머 트위드 하프 셔츠_화이트,0.0,0,66400,66400,66400,0,0,0.0,100.0,1,high,24.02,8,2,none,,27,https://www.musinsa.com/products/6502235
2026-09-01,제너럴아이디어,6506651,UNISEX 온도컷 쿨링 로고 반팔 티셔츠 [2COL] / GF2UTS017,0.0,0,11900,11900,13600,1,-1700,-12.5,100.0,1,medium,24.09,7,2,none,,27,https://www.musinsa.com/products/6506651
2026-09-01,파르티멘토,6516699,퍼커링 코듀로이 쇼츠 딥 네이비,0.0,0,45900,45900,41310,1,4590,11.11,100.0,1,medium,24.09,6,2,none,,27,https://www.musinsa.com/products/6516699
2026-09-01,본투윈,6520795,BRN RUNNERS CLUB T-SHIRTS [BLACK],0.0,0,59000,59000,59000,0,0,0.0,100.0,1,high,24.09,7,2,none,,27,https://www.musinsa.com/products/6520795
2026-09-01,본투윈,6529691,CURVE B AIRFLOW MESH T-SHIRTS [CHARCOAL],0.0,0,59000,59000,59000,0,0,0.0,100.0,1,high,24.09,7,2,none,,27,https://www.musinsa.com/products/6529691
2026-09-01,언더오프,6532763,슬럽 헨리넥 크롭 티셔츠 유니언잭 블랙,0.0,0,27920,27920,30900,1,-2980,-9.64,100.0,1,medium,24.09,6,2,none,,27,https://www.musinsa.com/products/6532763
2026-09-01,알리스,6537115,엠브로이더리 카우 스웨이드 클로그 [카멜],0.0,0,83000,83000,83000,0,0,0.0,100.0,1,high,24.08,6,2,none,,27,https://www.musinsa.com/products/6537115
2026-09-01,파르티멘토,6551323,보타니컬 스케치 티 아이보리,0.0,0,37400,37400,33660,1,3740,11.11,100.0,1,medium,24.09,6,2,none,,27,https://www.musinsa.com/products/6551323
2026-09-01,아캄,6554011,Splatter Painted CROS2 Half Top (Charcoal),0.0,0,55200,55200,55200,0,0,0.0,100.0,1,high,24.1,6,2,none,,27,https://www.musinsa.com/products/6554011
2026-09-01,아캄,6557147,ChaCha Freestyle Sleeveless (Black),0.0,0,53100,53100,53100,0,0,0.0,100.0,1,high,24.1,6,2,none,,27,https://www.musinsa.com/products/6557147
2026-09-01,제너럴아이디어,6562523,레이어드 나일론 밴딩 팬츠 [WHITE] / GF2LPT525,0.0,0,54400,54400,54400,0,0,0.0,100.0,1,high,24.09,7,2,none,,27,https://www.musinsa.com/products/6562523
2026-09-01,오도어,6565403,Chamude basic belt - Camel beige,0.0,0,39000,39000,36270,1,2730,7.53,100.0,1,medium,24.09,8,2,none,,27,https://www.musinsa.com/products/6565403
2026-09-01,해비즘,6579995,NAME CARD S/S TEE(WHITE),1.62,28638,17640,22680,17640,1,5040,28.57,100.0,1,medium,23.51,13,4,none,,27,https://www.musinsa.com/products/6579995
2026-09-01,어반드레스,6586651,모리 소로나 베이직 티셔츠_5Colors,0.0,0,24650,24650,24650,0,0,0.0,100.0,1,high,24.09,7,2,none,,27,https://www.musinsa.com/products/6586651
2026-09-01,론론,6592219,HOTFIX KEYRING WIDE DENIM PANTS MEDIUM BLUE,0.0,0,68320,68320,87840,1,-19520,-22.22,100.0,1,medium,24.09,7,2,none,,27,https://www.musinsa.com/products/6592219
2026-09-01,론론,6592283,SCALLOP TRIM KNIT SLEEVELESS CARDIGAN IVORY,0.0,0,80190,80190,71280,1,8910,12.5,100.0,1,medium,24.09,7,2,none,,27,https://www.musinsa.com/products/6592283
2026-09-01,썸웨어버터,6593691,Bay Halter Blouse - Light Blue,0.0,0,89000,89000,62300,1,26700,42.86,100.0,1,medium,24.02,8,2,none,,27,https://www.musinsa.com/products/6593691
2026-09-01,프렌다,6594843,TRACK-LINE POLO SHORT SLEEVE GRAY,0.0,0,20580,20580,29400,1,-8820,-30.0,100.0,1,medium,24.09,8,2,none,,27,https://www.musinsa.com/products/6594843
2026-09-01,파르티멘토 우먼,6607707,레이스업 플립 플랍_네이비,0.0,0,242100,242100,188300,1,53800,28.57,100.0,1,medium,24.08,6,2,none,,27,https://www.musinsa.com/products/6607707
2026-09-01,파르티멘토 우먼,6609563,드레이프 핀턱 언발란스드 탑_스카이,0.0,0,38070,38070,29610,1,8460,28.57,100.0,1,medium,24.08,6,2,none,,27,https://www.musinsa.com/products/6609563
2026-09-01,제너럴아이디어,6633819,워싱 코튼 밴딩 쇼츠 [WHITE] / GF2LHP523,0.0,0,33600,33600,33600,0,0,0.0,100.0,1,high,24.09,7,2,none,,27,https://www.musinsa.com/products/6633819
2026-09-01,더뮤지엄비지터,6635675,LETTERING HEART OVERFIT T-SHIRT (LEMON),0.0,0,38350,38350,38350,0,0,0.0,100.0,1,high,24.09,7,2,none,,27,https://www.musinsa.com/products/6635675
2026-09-01,어널러코드,6642075,스톤 워시드 반팔티 (3color),0.0,0,23100,23100,23100,0,0,0.0,100.0,1,high,24.09,7,2,none,,27,https://www.musinsa.com/products/6642075
2026-09-01,나이스고스트클럽,6644699,CHECK 3STAR BASIC RINGER TEE_CHARCOAL(NG2GMUT537A),0.47,14492,30870,30870,30870,0,0,0.0,100.0,1,high,24.02,8,2,none,,27,https://www.musinsa.com/products/6644699
2026-09-01,플리즈노팔로우,6645979,Jane Knit Bikini (Ivory),0.0,0,81600,81600,81600,0,0,0.0,100.0,1,high,24.09,7,2,none,,27,https://www.musinsa.com/products/6645979
2026-09-01,플리즈노팔로우,6646107,Zeline Layered Short Sleeve Top (Baby Pink),0.0,0,71400,71400,71400,0,0,0.0,100.0,1,high,24.09,7,2,none,,27,https://www.musinsa.com/products/6646107
2026-09-01,탄산마그네슘,6650971,탄산 스타 로고 폴로 티셔츠 (네이비),0.0,0,64600,64600,64600,0,0,0.0,100.0,1,high,24.1,6,2,none,,27,https://www.musinsa.com/products/6650971
2026-09-01,밀로아카이브,6656795,[Pokémon] 아이덴티티 로고 반다나 [블랙],0.0,0,22500,22500,22500,0,0,0.0,100.0,1,high,24.02,12,2,none,,27,https://www.musinsa.com/products/6656795
2026-09-01,배드블러드,6663579,앰버서더 26 라이트웨이트 나일론 쇼츠 - 민트,0.0,0,73100,73100,65790,1,7310,11.11,100.0,1,medium,24.09,7,2,none,,27,https://www.musinsa.com/products/6663579
2026-09-01,배드블러드,6664155,H.B.B. 로얄 레이스 라인스톤 라이트웨이트 조거 팬츠 - 블루,0.94,132966,141940,143100,128790,1,14310,11.11,100.0,1,medium,24.0,21,5,none,,27,https://www.musinsa.com/products/6664155
2026-09-01,배드블러드,6664219,H.B.B. 라인스톤 1/2 후드 집업 - 민트,0.0,0,103200,103200,104490,1,-1290,-1.23,100.0,1,medium,24.09,7,2,none,,27,https://www.musinsa.com/products/6664219
2026-09-01,무센트,6677915,아빅스 비비드 민트 실버 프린트 슬림핏 반팔 티,0.59,9893,16730,16730,23900,1,-7170,-30.0,100.0,1,medium,24.09,6,2,none,,27,https://www.musinsa.com/products/6677915
2026-09-01,와이케이,6686683,말티즈 크루 라인 그래픽 반팔티셔츠 화이트레드,0.0,0,29400,29400,29400,0,0,0.0,100.0,1,high,24.02,8,2,none,,27,https://www.musinsa.com/products/6686683
2026-09-01,탄산마그네슘,6688091,안녕자두야X탄산 뱃지 (12 Color),2.82,14997,5320,5320,5320,0,0,0.0,100.0,1,high,24.1,12,2,none,,27,https://www.musinsa.com/products/6688091
2026-09-01,글로니,6715227,GLOWNY X MY MELODY CAMISOLE (MELANGE GRAY),0.0,0,37440,37440,37440,0,0,0.0,100.0,1,high,24.09,7,2,none,,27,https://www.musinsa.com/products/6715227
2026-09-01,카키포인트,6716187,Damage Stud Halter Top (gray),0.0,0,51030,51030,51030,0,0,0.0,100.0,1,high,24.09,8,2,none,,27,https://www.musinsa.com/products/6716187
2026-09-01,코드그라피,6725723,스퀘어 로고 후디_라이트카키,0.0,0,55300,55300,55300,0,0,0.0,100.0,1,high,24.08,6,2,none,,27,https://www.musinsa.com/products/6725723
2026-09-01,무센트,6726043,에르바 뱀피 패턴 숄더백 남녀공용,0.0,0,41930,41930,59900,1,-17970,-30.0,100.0,1,medium,24.09,6,2,none,,27,https://www.musinsa.com/products/6726043
2026-09-01,언더오프,6769819,로우컷 아웃포켓 버뮤다 팬츠 레오파드 블랙,0.0,0,29900,29900,35900,1,-6000,-16.71,100.0,1,medium,24.09,6,2,none,,27,https://www.musinsa.com/products/6769819
2026-09-01,아메스 월드와이드,6778651,PPG RUFFLE MINI DRESS WHITE,0.0,0,35400,35400,47200,1,-11800,-25.0,100.0,1,medium,24.08,6,2,none,,27,https://www.musinsa.com/products/6778651
2026-09-01,아메스 월드와이드,6778715,PPG SHOOTING STAR TEE WHITE,0.1,2601,27000,27000,36000,1,-9000,-25.0,9.64,0,low,24.01,5,1,none,,27,https://www.musinsa.com/products/6778715
2026-09-01,키르시,6800923,전판 프린트 유넥 링거 티셔츠 [화이트],0.0,0,39200,39200,39200,0,0,0.0,100.0,1,high,24.09,6,2,none,,27,https://www.musinsa.com/products/6800923
2026-09-01,파브레가,6830747,토브 스트라이프 셔츠 (스카이 블루),0.0,0,69300,69300,69300,0,0,0.0,100.0,1,high,24.08,6,2,none,,27,https://www.musinsa.com/products/6830747
2026-09-01,트리밍버드,6830875,Linear Contrast Track Set-Up Pants [ Gray ],0.0,0,198000,198000,198000,0,0,0.0,100.0,1,high,24.09,7,2,none,,27,https://www.musinsa.com/products/6830875
2026-09-01,무드인사이드 우먼,6853019,(woman) ST 워머 후드 티셔츠_2Color,0.0,0,39900,39900,41310,1,-1410,-3.41,100.0,1,medium,24.09,6,2,none,,27,https://www.musinsa.com/products/6853019
2026-09-01,꼼파뇨,6853467,스위트 부케 반팔티 크림,0.0,0,28610,28610,28610,0,0,0.0,100.0,1,high,24.08,6,2,none,,27,https://www.musinsa.com/products/6853467
2026-09-01,999휴머니티,6869851,어드벤처 블리치드 카고 팬츠 (페이디드 카키),0.0,0,228000,228000,228000,0,0,0.0,100.0,1,high,24.1,6,2,none,,27,https://www.musinsa.com/products/6869851
2026-09-01,아모우,6878171,Molly Shell Long Sleeve WHITE,0.0,0,55300,55300,55300,0,0,0.0,100.0,1,high,24.09,7,2,none,,27,https://www.musinsa.com/products/6878171
2026-09-01,아모우,6878619,Lion Hoodie Zip-up GRAY,0.0,0,71400,71400,71400,0,0,0.0,100.0,1,high,24.09,7,2,none,,27,https://www.musinsa.com/products/6878619
2026-09-01,아캄,6879067,Glazed Wax Denim Pants (Indigo),0.0,0,170100,170100,170100,0,0,0.0,100.0,1,high,24.1,6,2,none,,27,https://www.musinsa.com/products/6879067
2026-09-01,아캄,6879579,Gothic Chain Printed Long Sleeve (Black),0.0,0,80100,80100,80100,0,0,0.0,100.0,1,high,24.1,6,2,none,,27,https://www.musinsa.com/products/6879579
2026-09-01,드헤베,6884187,Soft Layer Slim Long Sleeve [Ivory],0.0,0,58140,58140,58140,0,0,0.0,100.0,1,high,24.08,6,2,none,,27,https://www.musinsa.com/products/6884187
2026-09-01,드헤베,6884379,Frill Neck Check Blouse [Brown],0.0,0,115430,115430,115430,0,0,0.0,100.0,1,high,24.08,6,2,none,,27,https://www.musinsa.com/products/6884379
2026-09-01,코드그라피,6884827,(우먼) 빈티지 체크 배색 후디 자켓-카키,0.0,0,152100,152100,152100,0,0,0.0,100.0,1,high,24.08,6,2,none,,27,https://www.musinsa.com/products/6884827
2026-09-01,해비즘,6899611,LVER OFF SHOULDER L/S TEE(CHARCOAL),0.0,0,41850,41850,32550,1,9300,28.57,100.0,1,medium,24.02,8,2,none,,27,https://www.musinsa.com/products/6899611
2026-09-01,칙스,6904347,롤업 배색 레이어드 슬림 반팔 티셔츠 화이트,0.0,0,23920,23920,23920,0,0,0.0,100.0,1,high,24.09,7,2,none,,27,https://www.musinsa.com/products/6904347
2026-09-01,바이모노,6908059,[빅사이즈 M-6XL] 모노 이지케어 텐셀데님 반팔 공기셔츠,0.0,0,42900,42900,42900,0,0,0.0,100.0,1,high,24.09,6,2,none,,27,https://www.musinsa.com/products/6908059
2026-09-01,디스이즈네버댓,6910107,Loose Jeans Washed Blue,0.0,0,139000,139000,139000,0,0,0.0,100.0,1,high,24.09,6,2,none,,27,https://www.musinsa.com/products/6910107
2026-09-01,락피쉬웨더웨어,6926043,CHECK VOLUME  DRESS - DARK GREEN,0.0,0,177600,177600,177600,0,0,0.0,100.0,1,high,24.08,6,2,none,,27,https://www.musinsa.com/products/6926043
2026-09-01,썸웨어버터,6936987,Miffy Iphone Case - Stripe Blue,0.0,0,22040,22040,22040,0,0,0.0,100.0,1,high,24.02,8,2,none,,27,https://www.musinsa.com/products/6936987
2026-09-01,로제프란츠,6948635,High Neck Eyelet Cardigan [Gray],0.0,0,71680,71680,62720,1,8960,14.29,100.0,1,medium,24.08,6,2,none,,27,https://www.musinsa.com/products/6948635
2026-09-01,오헤시오,6952923,"VINTAGE DOT BUTTON CAPRI PANTS, CHARCOAL",0.0,0,124550,124550,131100,1,-6550,-5.0,100.0,1,medium,24.09,8,2,none,,27,https://www.musinsa.com/products/6952923
2026-09-01,썬러브투어,6956955,Fly Light Down Jacket Purple,0.0,0,299000,299000,299000,0,0,0.0,100.0,1,high,24.09,8,2,none,,27,https://www.musinsa.com/products/6956955
2026-09-01,언탭트 스튜디오,6961115,코듀로이 워시드 오버 와이드 데님팬츠 3Color,0.0,0,30550,30550,38890,1,-8340,-21.45,100.0,1,medium,24.02,8,2,none,,27,https://www.musinsa.com/products/6961115
2026-09-01,미세키서울,6968475,[레이 PICK] Asymmetric shirring button shirt BLACK,0.0,0,109440,109440,96000,1,13440,14.0,100.0,1,medium,24.08,6,2,none,,27,https://www.musinsa.com/products/6968475
2026-09-01,러브이즈트루,6970459,RL DISTORTED LETTERING TEE(GRAY),0.0,0,40400,40400,40400,0,0,0.0,100.0,1,high,24.02,8,2,none,,27,https://www.musinsa.com/products/6970459
2026-09-01,러브이즈트루,6970715,RL LETTERING FILLBOX CAP(NAVY),0.0,0,51940,51940,51940,0,0,0.0,100.0,1,high,24.02,8,2,none,,27,https://www.musinsa.com/products/6970715
2026-09-01,효지,6976411,26 FW 골지 풀밴딩 커브드 팬츠 (2컬러),0.0,0,37100,37100,37100,0,0,0.0,100.0,1,high,24.1,6,2,none,,27,https://www.musinsa.com/products/6976411
2026-09-01,마인드브릿지,6978395,워시드 데님 오버핏 셔츠형 자켓 - 2color,0.0,0,79200,79200,79200,0,0,0.0,100.0,1,high,24.08,6,2,none,,27,https://www.musinsa.com/products/6978395
2026-09-01,필루미네이트,6981083,빈티지 워시드 셔츠-3Color,0.0,0,39900,39900,39900,0,0,0.0,100.0,1,high,24.02,6,2,none,,27,https://www.musinsa.com/products/6981083
2026-09-01,필루미네이트,6981467,핀 스트라이프 헨리넥 롱 슬리브-3Color,0.0,0,39000,39000,39000,0,0,0.0,100.0,1,high,24.02,8,2,none,,27,https://www.musinsa.com/products/6981467
2026-09-01,필루미네이트,6982363,[필루미네이트 × 패션플래닛] 헤비 코튼 세미 크롭 후드 집 업-3Color,454.34,17673718,38900,38900,38900,0,0,0.0,100.0,1,high,23.51,40,8,none,,27,https://www.musinsa.com/products/6982363
2026-09-01,비터셀즈,6982939,[2 PACK]에센셜 브이 넥 티&에센셜 골지 브이 넥 티,0.0,0,84000,84000,84000,0,0,0.0,100.0,1,high,24.08,6,2,none,,27,https://www.musinsa.com/products/6982939
2026-09-01,제로,7000475,헤링본 와이드 커브드 데님 팬츠 [블랙],0.0,0,49500,49500,49500,0,0,0.0,100.0,1,high,24.1,6,2,none,,27,https://www.musinsa.com/products/7000475
2026-09-01,론론,7002779,RIBBON PIN SET SHEER TULLE SKIRT MINT,0.0,0,48510,48510,55440,1,-6930,-12.5,100.0,1,medium,24.09,7,2,none,,27,https://www.musinsa.com/products/7002779
2026-09-01,마인드브릿지 우먼,7008155,[W]화이트 하프넥 타이 레귤러핏 블라우스,0.0,0,71900,71900,80900,1,-9000,-11.12,100.0,1,medium,24.1,6,2,none,,27,https://www.musinsa.com/products/7008155
2026-09-01,마인드브릿지 우먼,7008283,[W]셔츠 믹스 풀 오픈 레귤러 핏 니트 - 3color,0.0,0,71900,71900,80900,1,-9000,-11.12,100.0,1,medium,24.1,6,2,none,,27,https://www.musinsa.com/products/7008283
2026-09-01,더니트컴퍼니,7011611,워셔블 에센셜 크루넥 니트 10color,657.01,19644592,29900,29900,29900,0,0,0.0,100.0,1,high,3.93,45,13,none,,27,https://www.musinsa.com/products/7011611
2026-09-01,베르만 어패럴,7011867,에센셜 머슬핏 반팔 티셔츠 3colors,0.0,0,29800,29800,29800,0,0,0.0,100.0,1,high,24.09,7,2,none,,27,https://www.musinsa.com/products/7011867
2026-09-01,9999아카이브,7011931,Curved Line Technical T,0.0,0,46800,46800,46800,0,0,0.0,100.0,1,high,24.02,8,2,none,,27,https://www.musinsa.com/products/7011931
2026-09-01,브라운브레스,7019547,BB METAL KEYRING,0.0,0,35000,35000,35000,0,0,0.0,100.0,1,high,24.09,8,2,none,,27,https://www.musinsa.com/products/7019547
2026-09-01,넌블랭크,7020187,루즈 와이드 웨일 데님 팬츠_BLACK,0.0,0,107910,107910,107910,0,0,0.0,100.0,1,high,24.02,8,2,none,,27,https://www.musinsa.com/products/7020187
2026-09-01,락케이크,7020443,Hook Collar Shirt - Gray,0.0,0,75200,75200,67680,1,7520,11.11,100.0,1,medium,24.09,8,2,none,,27,https://www.musinsa.com/products/7020443
2026-09-01,헬레네파리스,7024219,스파킹 큐빅 벤트넥 롱 슬리브 [블랙],0.0,0,39840,39840,39840,0,0,0.0,100.0,1,high,24.09,7,2,none,,27,https://www.musinsa.com/products/7024219
2026-09-01,쿠어,7033307,멀티핀 스트라이프 포켓 티셔츠 (베이지),0.0,0,76500,76500,76500,0,0,0.0,100.0,1,high,24.1,6,2,none,,27,https://www.musinsa.com/products/7033307
2026-09-01,쿠어,7033563,파일럿 레더 카라 점퍼 (다크네이비),0.0,0,297000,297000,297000,0,0,0.0,100.0,1,high,24.1,6,2,none,,27,https://www.musinsa.com/products/7033563
2026-09-01,엘무드,7033883,트레버 울 블렌드 롱슬리브 (2 COLOR),0.0,0,71100,71100,71100,0,0,0.0,100.0,1,high,24.09,6,2,none,,27,https://www.musinsa.com/products/7033883
2026-09-01,엘무드,7033947,실리언 오스트리치 엠보 레더 벨트 브라운,0.0,0,74700,74700,83000,1,-8300,-10.0,100.0,1,medium,24.09,6,2,none,,27,https://www.musinsa.com/products/7033947
2026-09-01,드로우핏 우먼,7035163,스플릿 넥 리브드 슬림 니트 탑 [IVORY],0.0,0,62100,62100,62100,0,0,0.0,100.0,1,high,24.09,8,2,none,,27,https://www.musinsa.com/products/7035163
2026-09-01,어반디타입,7038619,올드 피렌체 스웻셔츠_멜란지 그레이,0.0,0,59000,59000,59000,0,0,0.0,100.0,1,high,24.02,8,2,none,,27,https://www.musinsa.com/products/7038619
2026-09-01,시눈,7040667,Bloom Brush Keyring (Silver Gold),0.0,0,41660,41660,41660,0,0,0.0,100.0,1,high,24.1,6,2,none,,27,https://www.musinsa.com/products/7040667
2026-09-01,로우클래식,7040987,STRIPED REGULAR-FIT TEE_PURPLE [LC267TS09PP],0.0,0,59000,59000,62100,1,-3100,-4.99,100.0,1,medium,24.09,7,2,none,,27,https://www.musinsa.com/products/7040987
2026-09-01,비바라비다,7042779,Ranch 반팔 티셔츠,0.0,0,25900,25900,25900,0,0,0.0,100.0,1,high,24.09,7,2,none,,27,https://www.musinsa.com/products/7042779
2026-09-01,드로우핏,7048539,[오정규X드로우핏] 애프터 세미 크롭 데님 셔츠 [3color],10.0,496000,49600,49600,49600,0,0,0.0,22.16,0,low,3.93,55,3,none,,27,https://www.musinsa.com/products/7048539
2026-09-01,아메스 월드와이드,7050651,CLASSIC WAFFLE HENLEY NECK DRESS NAVY,0.0,0,42480,42480,47200,1,-4720,-10.0,100.0,1,medium,24.08,6,2,none,,27,https://www.musinsa.com/products/7050651
2026-09-01,프리즘웍스,7054619,KUROKI CHAMBRAY HALF ZIP SHIRT _ WASHED BLUE,0.0,0,133200,133200,148000,1,-14800,-10.0,100.0,1,medium,24.09,7,2,none,,27,https://www.musinsa.com/products/7054619
2026-09-01,파르티멘토,7059291,로우 엣지 포켓 롱 슬리브 아이보리,0.0,0,32900,32900,29610,1,3290,11.11,100.0,1,medium,24.09,6,2,none,,27,https://www.musinsa.com/products/7059291
2026-09-01,비긴202,7060443,BnB 루즈 와이드 플레어 데님 팬츠 [워시드 블랙],0.0,0,109650,109650,109650,0,0,0.0,100.0,1,high,24.08,6,2,none,,27,https://www.musinsa.com/products/7060443
2026-09-01,999휴머니티,7078875,어드벤처 워시드 숏 자켓 (카키),0.0,0,258000,258000,258000,0,0,0.0,100.0,1,high,24.1,6,2,none,,27,https://www.musinsa.com/products/7078875
2026-09-01,바우프,7079195,퍼피 이어 스타 후드집업 [플라워 메란지],0.0,0,134100,134100,134100,0,0,0.0,100.0,1,high,24.08,6,2,none,,27,https://www.musinsa.com/products/7079195
2026-09-01,틸아이다이,7080219,Raglan tie layered blouse [TIFA05BL04]_Mint,0.0,0,89640,89640,89640,0,0,0.0,100.0,1,high,24.09,7,2,none,,27,https://www.musinsa.com/products/7080219
2026-09-01,디앤에스알,7084059,플라워 버튼 레이어드 헨리넥 롱슬리브 올리브,0.0,0,79200,79200,79200,0,0,0.0,100.0,1,high,24.1,6,2,none,,27,https://www.musinsa.com/products/7084059
2026-09-01,인사일런스,7084187,오버사이즈 체크 셔츠 GREY,0.0,0,119000,119000,133000,1,-14000,-10.53,100.0,1,medium,24.09,6,2,none,,27,https://www.musinsa.com/products/7084187
2026-09-01,브라운야드,7095003,"스무스 저지 후드 집업, 블루",0.0,0,148000,148000,148000,0,0,0.0,100.0,1,high,24.02,8,2,none,,27,https://www.musinsa.com/products/7095003
2026-09-01,인사일런스 우먼,7095515,빈티지 코튼 카고 팬츠 WASHED KHAKI,0.0,0,176000,176000,176000,0,0,0.0,100.0,1,high,24.09,7,2,none,,27,https://www.musinsa.com/products/7095515
2026-09-01,브라운야드,7095579,"빈티지 HBT 팬츠, 블랙",0.0,0,248000,248000,248000,0,0,0.0,100.0,1,high,24.02,8,2,none,,27,https://www.musinsa.com/products/7095579
2026-09-01,파르티멘토 우먼,7096155,PWC 사이드 집업 리브드 레깅스 팬츠_카키 그레이,0.0,0,41310,41310,41310,0,0,0.0,100.0,1,high,24.08,4,2,none,,27,https://www.musinsa.com/products/7096155
2026-09-01,파르티멘토 우먼,7096219,PWC 클래식 트윈 니트 가디건_차콜 멜란지,0.0,0,36720,36720,28560,1,8160,28.57,100.0,1,medium,24.08,4,2,none,,27,https://www.musinsa.com/products/7096219
2026-09-01,유라고,7097051,Quarter sleeve maxi dress_2colors,0.0,0,129360,129360,132000,1,-2640,-2.0,100.0,1,medium,24.1,6,2,none,,27,https://www.musinsa.com/products/7097051
2026-09-01,제너럴아이디어,7097563,체크 셔츠 레이어드 가디건 [NAVY] / GF7LKC530,0.0,0,54400,54400,55200,1,-800,-1.45,100.0,1,medium,24.09,7,2,none,,27,https://www.musinsa.com/products/7097563
2026-09-01,바우프,7100635,체크 리버시블 숄더백 [그린],0.0,0,84600,84600,84600,0,0,0.0,100.0,1,high,24.08,6,2,none,,27,https://www.musinsa.com/products/7100635
2026-09-01,에이치덱스,7100763,디비전 카모 볼캡 (Khaki Camo),0.0,0,39600,39600,39600,0,0,0.0,100.0,1,high,24.08,6,2,none,,27,https://www.musinsa.com/products/7100763
2026-09-01,더니트컴퍼니,7102811,(우먼) 울 캐시미어 브이넥 스웨터 6color,0.0,0,103200,103200,103200,0,0,0.0,100.0,1,high,24.08,6,2,none,,27,https://www.musinsa.com/products/7102811
2026-09-01,제너럴아이디어,7103131,딥 브이넥 루즈핏 니트 풀오버 [MELANGE GREY] / GF3LKP506,0.0,0,54400,54400,55200,1,-800,-1.45,100.0,1,medium,24.09,7,2,none,,27,https://www.musinsa.com/products/7103131
2026-09-01,비바라비다,7103387,Seestern 롱 슬리브 티셔츠,0.0,0,34900,34900,34900,0,0,0.0,100.0,1,high,24.09,7,2,none,,27,https://www.musinsa.com/products/7103387
2026-09-01,제너럴아이디어,7103579,시스루 플로럴 보트넥 티셔츠 [WHITE] / GF3LTS502,0.0,0,38400,38400,44000,1,-5600,-12.73,100.0,1,medium,24.09,7,2,none,,27,https://www.musinsa.com/products/7103579
2026-09-01,디스이즈네버댓,7104667,Bingo Doggy Tee Berry,0.0,0,59000,59000,59000,0,0,0.0,100.0,1,high,24.09,6,2,none,,27,https://www.musinsa.com/products/7104667
2026-09-01,디스이즈네버댓,7104731,Denim Blouson Jacket Navy,0.0,0,189000,189000,189000,0,0,0.0,100.0,1,high,24.09,6,2,none,,27,https://www.musinsa.com/products/7104731
2026-09-01,나이스고스트클럽,7106587,LAYERED COLOR LS TEE_OLIVE(NG2GFFT556A),0.0,0,42120,42120,42120,0,0,0.0,100.0,1,high,24.02,8,2,none,,27,https://www.musinsa.com/products/7106587
2026-09-01,칙스,7117019,체크 셔츠 레이어드 브이넥 골지 니트 티셔츠 차콜,0.0,0,69900,69900,55920,1,13980,25.0,100.0,1,medium,24.09,7,2,none,,27,https://www.musinsa.com/products/7117019
2026-09-01,다이브인,7118299,[DIVEIN X 무민서] VINTAGE CROP HOOD (BLACK),0.0,0,89100,89100,99000,1,-9900,-10.0,100.0,1,medium,24.09,6,2,none,,27,https://www.musinsa.com/products/7118299
2026-09-01,칙스,7118363,글렌 체크셔츠 레이어드 브이넥 가디건 블랙,0.0,0,59900,59900,47920,1,11980,25.0,100.0,1,medium,24.09,7,2,none,,27,https://www.musinsa.com/products/7118363
2026-09-01,다이브인,7118491,[DIVEIN X 무민서] WASHED VERN CARGO PANTS (BLUE),167.05,17890709,107100,107100,119000,1,-11900,-10.0,100.0,1,medium,24.09,26,2,none,,27,https://www.musinsa.com/products/7118491
2026-09-01,비바라비다,7119323,Feather 우먼 롱 슬리브 티셔츠,0.0,0,32900,32900,32900,0,0,0.0,100.0,1,high,24.09,7,2,none,,27,https://www.musinsa.com/products/7119323
2026-09-01,비바라비다,7124763,[기모선택] Weed 헤비테리 후드 집업,0.0,0,62900,62900,65900,1,-3000,-4.55,100.0,1,medium,24.09,7,2,none,,27,https://www.musinsa.com/products/7124763
2026-09-01,브룩스 브라더스,7126107,프라이데이 포플린 스트라이프 패턴 셔츠 (블루) (BBTHMMG301),0.0,0,179000,179000,179000,0,0,0.0,100.0,1,high,24.02,8,2,none,,27,https://www.musinsa.com/products/7126107
2026-09-01,일꼬르소,7128539,모크넥 롱 슬리브 티셔츠 블랙,0.0,0,35910,35910,39900,1,-3990,-10.0,100.0,1,medium,24.09,6,2,none,,27,https://www.musinsa.com/products/7128539
2026-09-01,일꼬르소,7128731,램스울 롤업 브이넥 니트 버건디,0.0,0,84650,84650,94050,1,-9400,-9.99,100.0,1,medium,24.09,6,2,none,,27,https://www.musinsa.com/products/7128731
2026-09-01,데꼬로소,7130715,믹스 리브드 라운드 가디건 [차콜],0.0,0,50760,50760,50760,0,0,0.0,100.0,1,high,24.02,8,2,none,,27,https://www.musinsa.com/products/7130715
2026-09-01,비바라비다,7132635,Amulet 와이드 스웻 팬츠,0.0,0,76900,76900,76900,0,0,0.0,100.0,1,high,24.09,7,2,none,,27,https://www.musinsa.com/products/7132635
2026-09-01,더바이닐하우스,7134235,DRAPED LAYERED LS TEE(W) PURPLE,0.0,0,65550,65550,69000,1,-3450,-5.0,100.0,1,medium,24.09,6,2,none,,27,https://www.musinsa.com/products/7134235
2026-09-01,하 아카이브,7140187,[WITH 유카이브] 브리오슈 나일론 크로스백 (블랙),0.0,0,62100,62100,48300,1,13800,28.57,100.0,1,medium,24.08,6,2,none,,27,https://www.musinsa.com/products/7140187
2026-09-01,프리즘웍스,7147419,UTILITY FLAP POCKET DENIM WORK SHIRT _ BLACK,0.0,0,109000,109000,,0,,,97.35,0,medium,24.09,4,1,none,,27,https://www.musinsa.com/products/7147419
2026-09-01,커버낫,7147995,루즈 스트레이트 카고 워크 팬츠 블랙,0.0,0,116430,116430,,0,,,59.04,0,low,24.01,3,1,none,,27,https://www.musinsa.com/products/7147995
2026-09-01,브룩스 브라더스,7158619,[여성] 울 케이블 하프집업 (네이비) (BBWZWBG406),0.0,0,299000,299000,299000,0,0,0.0,100.0,1,high,24.02,8,2,none,,27,https://www.musinsa.com/products/7158619
2026-09-01,탄산마그네슘,7160987,초롱초롱 스터드 토트백 (블랙),0.0,0,128440,128440,128440,0,0,0.0,100.0,1,high,24.1,6,2,none,,27,https://www.musinsa.com/products/7160987
2026-09-01,더블유엠씨,7161371,커브드 스웨트팬츠_NAVY,0.0,0,47200,47200,47200,0,0,0.0,100.0,1,high,24.02,6,2,none,,27,https://www.musinsa.com/products/7161371
2026-09-01,워크온바디오프,7166427,라누고 세미 오버핏 브러쉬 라운드넥 니트 [블랙],0.0,0,41310,41310,66000,1,-24690,-37.41,100.0,1,medium,24.09,4,2,none,,27,https://www.musinsa.com/products/7166427
2026-09-01,노매뉴얼,7180187,DESTROYED KNIT ZIP-UP - KHAKI,0.0,0,129200,129200,129200,0,0,0.0,100.0,1,high,24.08,4,2,none,,27,https://www.musinsa.com/products/7180187
2026-09-01,노매뉴얼,7180315,EMBROIDERED TRIBAL TRACK TOP - NAVY,0.0,0,124450,124450,124450,0,0,0.0,100.0,1,high,24.08,4,2,none,,27,https://www.musinsa.com/products/7180315
2026-09-01,탄산마그네슘,7186267,스타 스트라이프 니트 스카프 (블랙/퍼플),0.0,0,44840,44840,44840,0,0,0.0,100.0,1,high,24.1,6,2,none,,27,https://www.musinsa.com/products/7186267
2026-09-01,더니트컴퍼니,7193947,(M) 울 부클레 스웨터 4color,0.0,0,169000,169000,169000,0,0,0.0,100.0,1,high,24.08,6,2,none,,27,https://www.musinsa.com/products/7193947
2026-09-02,드로우핏,407067,릴렉스드 미니멀 라운드 티셔츠 [WHITE],1.0,29250,29250,29250,29250,0,0,0.0,100.0,1,high,25.11,17,7,none,,27,https://www.musinsa.com/products/407067
2026-09-02,프리즘웍스,621275,10S SOLID HENLEY NECK TEE _ GRAY,0.02,550,34200,34200,34200,0,0,0.0,100.0,1,high,24.09,8,2,none,,27,https://www.musinsa.com/products/621275
2026-09-02,프리즘웍스,983195,CARGO STRING PANTS _ OLIVE,1.0,55757,55800,55800,55800,0,0,0.0,100.0,1,high,24.09,8,2,none,,27,https://www.musinsa.com/products/983195
2026-09-02,카네이테이,1061851,TIGER FLAT POUCH M (OLIVE DRAB) / UPCYCLED,0.0,0,49000,49000,49000,0,0,0.0,100.0,1,high,24.08,7,2,none,,27,https://www.musinsa.com/products/1061851
2026-09-02,엘무드,1139099,화란 세미오버 니트 모카 베이지,0.0,0,44900,44900,44900,0,0,0.0,100.0,1,high,24.0,6,2,none,,27,https://www.musinsa.com/products/1139099
2026-09-02,브론슨,1437851,10.5 oz USA Cotton Tubular Gusset Tee Black,2.33,83108,35700,35700,35700,0,0,0.0,100.0,1,low,8.99,19,7,none,,27,https://www.musinsa.com/products/1437851
2026-09-02,하 아카이브,1453531,블랙 나일론 아이패드백,0.0,0,49390,49390,49390,0,0,0.0,100.0,1,high,24.18,10,7,none,,27,https://www.musinsa.com/products/1453531
2026-09-02,가까이유니언즈,1553371,와이드 스웨트팬츠 그레이,1.92,71352,37100,37100,37100,0,0,0.0,100.0,1,high,24.0,12,2,none,,27,https://www.musinsa.com/products/1553371
2026-09-02,모즈모즈,1592475,피그먼트 유령자수 트레이닝 빅사이즈 조거팬츠 챠콜,1.8,60865,33900,33900,33900,0,0,0.0,100.0,1,high,24.0,8,2,none,,27,https://www.musinsa.com/products/1592475
2026-09-02,파르티멘토,1593755,레더 필드 자켓 블랙,3.0,284100,94700,94700,94700,0,0,0.0,100.0,1,high,10.23,26,7,none,,27,https://www.musinsa.com/products/1593755
2026-09-02,러브이즈트루,1594011,PO NORMAL PIN(SILVER),0.0,0,22100,22100,22100,0,0,0.0,100.0,1,high,24.01,7,2,none,,27,https://www.musinsa.com/products/1594011
2026-09-02,제멋,1617883,카디 오버핏 MA-1 자켓 블랙 YHJK2319,0.0,0,79800,79800,79800,0,0,0.0,100.0,1,high,24.09,8,2,none,,27,https://www.musinsa.com/products/1617883
2026-09-02,어반드레스,1620635,유니섹스 데이즈 오버핏 체크셔츠-블랙,0.0,0,27000,27000,27000,0,0,0.0,100.0,1,high,24.09,8,2,none,,27,https://www.musinsa.com/products/1620635
2026-09-02,미나브,1651803,울리치 히든 싱글 롱 체크 코트 [포레스트그린],0.0,0,89100,89100,89100,0,0,0.0,100.0,1,high,24.09,8,2,none,,27,https://www.musinsa.com/products/1651803
2026-09-02,노이어,1702427,오버핏 후드 더플 코트 (블랙),0.0,0,310000,310000,310000,0,0,0.0,100.0,1,high,24.09,8,2,none,,27,https://www.musinsa.com/products/1702427
2026-09-02,제멋,1733275,로그 오버핏 기모 후드 다크그레이 YHHD2302,0.0,0,39800,39800,39800,0,0,0.0,100.0,1,high,24.09,8,2,none,,27,https://www.musinsa.com/products/1733275
2026-09-02,토피,1778523,모어 와이드 데님 팬츠 (BLEACH),1.0,39206,39200,39200,39200,0,0,0.0,100.0,1,low,24.08,9,2,none,,27,https://www.musinsa.com/products/1778523
2026-09-02,프리즘웍스,1811227,OG OXFORD OVERSIZED SHIRT _ BLUE,0.0,0,61200,61200,61200,0,0,0.0,100.0,1,high,24.09,8,2,none,,27,https://www.musinsa.com/products/1811227
2026-09-02,시야쥬,1824731,SIPT7022 One Tuck Side Banding Slacks_Black,0.0,0,72090,72090,72090,0,0,0.0,100.0,1,high,24.0,6,2,none,,27,https://www.musinsa.com/products/1824731
2026-09-02,메인부스,1874843,University Skirt(CREAM),0.0,0,17400,17400,17400,0,0,0.0,100.0,1,high,25.12,5,2,none,,27,https://www.musinsa.com/products/1874843
2026-09-02,가까이유니언즈,1902619,베이거스 반팔 티셔츠 블랙,0.0,0,27300,27300,27300,0,0,0.0,100.0,1,high,24.0,7,2,none,,27,https://www.musinsa.com/products/1902619
2026-09-02,메인부스,1927579,[MNBTH x Where is Wally] Class Package,0.0,0,19900,19900,19900,0,0,0.0,100.0,1,high,25.12,5,2,none,,27,https://www.musinsa.com/products/1927579
2026-09-02,도프제이슨,1964699,로고 스퀘어 하드레더 벨트,0.48,15618,32300,32300,32300,0,0,0.0,100.0,1,high,24.01,7,2,none,,27,https://www.musinsa.com/products/1964699
2026-09-02,코드그라피,2037467,CGP 아치 로고 후디_그린,0.0,0,48300,48300,48300,0,0,0.0,100.0,1,high,25.12,5,2,none,,27,https://www.musinsa.com/products/2037467
2026-09-02,코드그라피,2037723,CGP 아치 로고 트레이닝 팬츠_네이비,0.0,0,41300,41300,41300,0,0,0.0,100.0,1,high,25.12,5,2,none,,27,https://www.musinsa.com/products/2037723
2026-09-02,트래블,2053531,트래블러 버튼 아노락 그레이,0.0,0,41400,41400,41400,0,0,0.0,100.0,1,high,24.09,8,2,none,,27,https://www.musinsa.com/products/2053531
2026-09-02,브랜디드,2072091,[WOMAN] 104 LUCY JEANS [CROP STRAIGHT],0.0,0,44100,44100,44100,0,0,0.0,100.0,1,high,25.12,5,2,none,,27,https://www.musinsa.com/products/2072091
2026-09-02,제멋,2101659,스콘(F/W용) 와이드 벌룬팬츠 카키 YHLP2386,0.0,0,39800,39800,39800,0,0,0.0,100.0,1,high,24.09,8,2,none,,27,https://www.musinsa.com/products/2101659
2026-09-02,어반드레스,2189851,STRAIGHT WIDE DENIM PANTS BLUE,0.0,0,28010,28010,28010,0,0,0.0,100.0,1,high,24.09,8,2,none,,27,https://www.musinsa.com/products/2189851
2026-09-02,트립르센스,2258843,유니섹스 플리스 다잉 카라 니트_브라운,0.0,0,54500,54500,54500,0,0,0.0,100.0,1,high,24.01,7,2,none,,27,https://www.musinsa.com/products/2258843
2026-09-02,어반드레스,2303643,Divided training pants BLACK,0.0,0,20400,20400,20400,0,0,0.0,100.0,1,high,24.09,8,2,none,,27,https://www.musinsa.com/products/2303643
2026-09-02,모즈모즈,2379355,스퀘어자수 기능성 반집업 후드 버건디,0.0,0,18760,18760,18760,0,0,0.0,100.0,1,high,24.0,5,2,none,,27,https://www.musinsa.com/products/2379355
2026-09-02,모즈모즈,2379675,센터자수 백라벨 기능성 아노락 블랙,0.0,0,17560,17560,17560,0,0,0.0,100.0,1,high,24.0,5,2,none,,27,https://www.musinsa.com/products/2379675
2026-09-02,프리즘웍스,2387355,OG HEAVYWEIGHT HOOD ZIPUP PARKA _ NAVY,0.0,0,80100,80100,80100,0,0,0.0,100.0,1,high,24.09,8,2,none,,27,https://www.musinsa.com/products/2387355
2026-09-02,테이크이지,2408603,자이언트핏 피케티셔츠(화이트),0.0,0,24500,24500,24500,0,0,0.0,39.18,0,low,24.0,6,1,none,,27,https://www.musinsa.com/products/2408603
2026-09-02,드로우핏,2422235,밴딩 테이퍼드 슬랙스 [BLACK],2.36,117695,49800,49800,49800,0,0,0.0,100.0,1,low,9.04,18,7,none,,27,https://www.musinsa.com/products/2422235
2026-09-02,링서울,2433179,cable cotton blended knit vest-navy,0.0,0,61970,61970,61970,0,0,0.0,100.0,1,high,24.01,7,2,none,,27,https://www.musinsa.com/products/2433179
2026-09-02,어반드레스,2437275,나나 오버핏 체크셔츠 블루,0.0,0,31200,31200,31200,0,0,0.0,100.0,1,high,24.09,8,2,none,,27,https://www.musinsa.com/products/2437275
2026-09-02,프렌다,2461851,PCF SHORTS GRAY,0.0,0,24500,24500,24500,0,0,0.0,100.0,1,high,24.09,8,2,none,,27,https://www.musinsa.com/products/2461851
2026-09-02,던스트,2491931,[슈멍 pick] CLASSIC 28 LEATHER BAG_UDBA6F201_BLACK,0.0,0,199000,199000,199000,0,0,0.0,100.0,1,high,24.01,7,2,none,,27,https://www.musinsa.com/products/2491931
2026-09-02,디앤에스알,2572827,딥 포턱 플로우 밴딩 팬츠 블랙,0.0,0,84000,84000,84000,0,0,0.0,100.0,1,high,24.0,5,2,none,,27,https://www.musinsa.com/products/2572827
2026-09-02,카네이테이,2576347,SAWTOOTH SNAP WRIST STRAP (ORANGE),0.14,1603,11400,11400,11400,0,0,0.0,100.0,1,high,24.08,7,2,none,,27,https://www.musinsa.com/products/2576347
2026-09-02,어반드레스,2583579,쿨링 데님 와이드 팬츠 - 3COL,1.05,20578,19600,19600,19600,0,0,0.0,100.0,1,low,24.09,11,6,none,,27,https://www.musinsa.com/products/2583579
2026-09-02,링서울,2593051,"[기장선택] sleeveless stripe dress-(medium, long)",0.0,0,31590,31590,31590,0,0,0.0,100.0,1,high,24.01,7,2,none,,27,https://www.musinsa.com/products/2593051
2026-09-02,솔트앤초콜릿,2599771,[스웨이드 ver.추가] 포인티드 토 웨스턴 롱부츠 412148003 (6cm/3colors),0.0,0,71400,71400,71400,0,0,0.0,100.0,1,high,24.08,7,2,none,,27,https://www.musinsa.com/products/2599771
2026-09-02,솔트앤초콜릿,2625563,스퀘어 토 쪼리 스트랩 슬리퍼 412223022 (1.2cm/2colors),0.0,0,37920,37920,37920,0,0,0.0,100.0,1,high,24.08,7,2,none,,27,https://www.musinsa.com/products/2625563
2026-09-02,꼼파뇨,2628187,[20수] DTP Peony bloom 반팔티 화이트,0.0,0,32500,32500,32500,0,0,0.0,100.0,1,high,24.2,5,2,none,,27,https://www.musinsa.com/products/2628187
2026-09-02,유라고,2628955,Waffle half t-shirt,0.0,0,26600,26600,26600,0,0,0.0,100.0,1,high,24.0,5,2,none,,27,https://www.musinsa.com/products/2628955
2026-09-02,테이크이지,2680731,메리노울 페어아일 베스트(베이지),0.0,0,39900,39900,39900,0,0,0.0,60.81,0,low,23.99,6,1,none,,27,https://www.musinsa.com/products/2680731
2026-09-02,코드그라피,2681307,(우먼) CDGP 트레이닝 팬츠_오트밀,0.0,0,34300,34300,34300,0,0,0.0,100.0,1,high,25.12,5,2,none,,27,https://www.musinsa.com/products/2681307
2026-09-02,어반드레스,2711515,AV LOGO BASIC LONG SLEEVE T-SHIRT BLACK,0.0,0,20800,20800,20800,0,0,0.0,100.0,1,high,24.09,8,2,none,,27,https://www.musinsa.com/products/2711515
2026-09-02,어반드레스,2711963,UNISEX AV OVERSIZED MTM - 3COL,0.0,0,39000,39000,39000,0,0,0.0,100.0,1,high,24.09,8,2,none,,27,https://www.musinsa.com/products/2711963
2026-09-02,데케트,2723035,Arvind Selvage Regular Straight Jeans DCPT016RawIndigo,0.0,0,59500,59500,59500,0,0,0.0,100.0,1,high,24.2,4,2,none,,27,https://www.musinsa.com/products/2723035
2026-09-02,아메스월드와이드,2723355,BASIC LOGO BALL CAP GREEN,0.0,0,28080,28080,24570,1,3510,14.29,100.0,1,medium,24.2,6,2,none,,27,https://www.musinsa.com/products/2723355
2026-09-02,코드그라피,2744539,[PRIMALOFT] 몬스터 롱파카_카키,0.0,0,128800,128800,128800,0,0,0.0,100.0,1,high,25.12,5,2,none,,27,https://www.musinsa.com/products/2744539
2026-09-02,세컨모놀로그,2748059,Heavyweight Cable Crew Neck Knit [GRAY]_COOSKT040GRAY,0.0,0,51600,51600,51600,0,0,0.0,100.0,1,high,24.0,6,2,none,,27,https://www.musinsa.com/products/2748059
2026-09-02,넌블랭크,2778395,그라데이션 라운드 니트_OLIVE BROWN,0.0,0,71920,71920,71920,0,0,0.0,100.0,1,high,24.01,7,2,none,,27,https://www.musinsa.com/products/2778395
2026-09-02,키르시,2780699,두들 체리 컷 오프 스웻 팬츠 [멜란지 그레이],0.0,0,20000,20000,20000,0,0,0.0,100.0,1,high,24.0,6,2,none,,27,https://www.musinsa.com/products/2780699
2026-09-02,인템포무드,2792859,오블리크 라인 메리노 울 풀 집업_코발트블루,0.0,0,56400,56400,56400,0,0,0.0,100.0,1,high,24.0,6,2,none,,27,https://www.musinsa.com/products/2792859
2026-09-02,키뮤어,2834587,오버핏 2-WAY 더플 롱패딩_블랙,0.0,0,118300,118300,118300,0,0,0.0,100.0,1,high,24.09,8,2,none,,27,https://www.musinsa.com/products/2834587
2026-09-02,세터,2836187,누오로 3-Way 백 글로시 블랙,0.0,0,249000,249000,249000,0,0,0.0,100.0,1,high,24.0,5,2,none,,27,https://www.musinsa.com/products/2836187
2026-09-02,노이어,2851099,코튼 플리츠 포켓 팬츠 (카키),0.0,0,67500,67500,67500,0,0,0.0,100.0,1,high,24.09,8,2,none,,27,https://www.musinsa.com/products/2851099
2026-09-02,슈퍼서브,2855195,테니스 하프 집업 조거 세트 -라이트그레이,0.0,0,67900,67900,67900,0,0,0.0,100.0,1,high,25.12,5,2,none,,27,https://www.musinsa.com/products/2855195
2026-09-02,어반드레스,2886235,비즈 루즈핏 니트 - 6col,0.0,0,29500,29500,29500,0,0,0.0,100.0,1,high,24.09,8,2,none,,27,https://www.musinsa.com/products/2886235
2026-09-02,솔트앤초콜릿,2930139,SAC 로고 네츄럴 베이직 데님 스커트 4W223Z101,0.0,0,39760,39760,39760,0,0,0.0,100.0,1,high,24.08,7,2,none,,27,https://www.musinsa.com/products/2930139
2026-09-02,시눈,2933275,CORDUROY WIDE PANTS (VINTAGE PINK),0.0,0,42660,42660,63200,1,-20540,-32.5,100.0,1,medium,24.0,5,2,none,,27,https://www.musinsa.com/products/2933275
2026-09-02,키르시,3004891,두들 체리 스티치 우븐 조거 팬츠 [블랙],0.0,0,29700,29700,29700,0,0,0.0,100.0,1,high,24.0,6,2,none,,27,https://www.musinsa.com/products/3004891
2026-09-02,더블유엠씨,3011611,클래식로고 롱슬리브_NAVY,0.0,0,19600,19600,19600,0,0,0.0,100.0,1,high,24.01,7,2,none,,27,https://www.musinsa.com/products/3011611
2026-09-02,트래블,3012571,워크샵 디비전 피그먼트 후드티 다크 블루,0.0,0,40290,40290,40290,0,0,0.0,100.0,1,high,24.09,8,2,none,,27,https://www.musinsa.com/products/3012571
2026-09-02,엘무드,3019675,메탈릭 더블 메쉬 보머 자켓 그레이,0.0,0,89200,89200,89200,0,0,0.0,100.0,1,high,24.0,6,2,none,,27,https://www.musinsa.com/products/3019675
2026-09-02,가까이유니언즈,3025115,더블 핀턱 와이드 스웨트팬츠 화이트 멜란지,0.0,0,41600,41600,41600,0,0,0.0,100.0,1,high,24.0,7,2,none,,27,https://www.musinsa.com/products/3025115
2026-09-02,솔트앤초콜릿,3033947,스퀘어 토 메리제인 펌프스 412311003 (6cm/3color),0.14,7523,53400,53400,53400,0,0,0.0,100.0,1,high,24.08,7,2,none,,27,https://www.musinsa.com/products/3033947
2026-09-02,알리스,3037915,오블리크 패널 스웻 팬츠 [블랙],0.0,0,72000,72000,72000,0,0,0.0,100.0,1,high,24.21,5,2,none,,27,https://www.musinsa.com/products/3037915
2026-09-02,니티드,3039323,코튼 버튼 카라 니트 MINT,0.0,0,38800,38800,38800,0,0,0.0,100.0,1,high,25.13,5,2,none,,27,https://www.musinsa.com/products/3039323
2026-09-02,제멋,3039451,리퀴드 와이드 벌룬 데님팬츠 웨스턴블루 SOLP2460,0.0,0,53900,53900,53900,0,0,0.0,100.0,1,high,24.09,8,2,none,,27,https://www.musinsa.com/products/3039451
2026-09-02,키르시,3047707,체리 코튼 후드 자켓 [네이비],0.0,0,75600,75600,75600,0,0,0.0,100.0,1,high,24.0,6,2,none,,27,https://www.musinsa.com/products/3047707
2026-09-02,나이스고스트클럽,3051099,SKULL CAP_NAVY(NG2DSUAB22A),0.0,0,15600,15600,15600,0,0,0.0,100.0,1,high,24.01,7,2,none,,27,https://www.musinsa.com/products/3051099
2026-09-02,드로우핏,3052059,오버사이즈 벌룬 피케 스웨트 셔츠 [BRICK],0.0,0,49500,49500,49500,0,0,0.0,100.0,1,high,25.13,5,2,none,,27,https://www.musinsa.com/products/3052059
2026-09-02,도프제이슨,3070491,빈티지 하드레더 벨트 BROWN,3.49,195732,56050,56050,56050,0,0,0.0,100.0,1,high,10.22,21,7,none,,27,https://www.musinsa.com/products/3070491
2026-09-02,슬로우애시드,3074267,3라인 스타 로고 나일론 볼캡 [라이트핑크],0.77,16106,21000,21000,21000,0,0,0.0,100.0,1,high,25.13,5,2,none,,27,https://www.musinsa.com/products/3074267
2026-09-02,프리즘웍스,3081499,OG HEAVYWEIGHT SWEATSHIRT 002 _ BRICK,0.0,0,55800,55800,55800,0,0,0.0,100.0,1,high,24.09,8,2,none,,27,https://www.musinsa.com/products/3081499
2026-09-02,쿠어,3082779,크링클 플리츠 싱글코트 (크림),0.0,0,248000,248000,248000,0,0,0.0,100.0,1,high,24.0,5,2,none,,27,https://www.musinsa.com/products/3082779
2026-09-02,시눈,3083227,OUT-POCKET CARPENTER PANTS (OLIVE BEIGE),0.0,0,43370,43370,48180,1,-4810,-9.98,100.0,1,medium,24.0,5,2,none,,27,https://www.musinsa.com/products/3083227
2026-09-02,틸아이다이,3089755,Monica knit vest_Ivory,0.0,0,59760,59760,59760,0,0,0.0,100.0,1,high,24.09,7,2,none,,27,https://www.musinsa.com/products/3089755
2026-09-02,가까이유니언즈,3095387,[여름 or 기모 or 사계절 원단 선택] 원턱 와이드 스웨트 카고팬츠 블랙,6.45,184511,28600,28600,28600,0,0,0.0,100.0,1,high,9.84,21,8,none,,27,https://www.musinsa.com/products/3095387
2026-09-02,르바,3113371,Blending Tape Yarn Cardigan - Ivory,0.0,0,142600,142600,142600,0,0,0.0,100.0,1,high,25.13,5,2,none,,27,https://www.musinsa.com/products/3113371
2026-09-02,와르,3125211,M194 워싱 세미 와이드 데님 팬츠_블랙 [숏기장 추가],1.27,67913,53430,53430,53430,0,0,0.0,62.5,0,low,24.08,11,4,none,,27,https://www.musinsa.com/products/3125211
2026-09-02,트래블,3132891,리즌 트레일 피그먼트 반팔티 마젠타,0.27,6841,25800,25800,25800,0,0,0.0,100.0,1,high,24.09,8,2,none,,27,https://www.musinsa.com/products/3132891
2026-09-02,드로우핏,3154651,투턱 밴딩 와이드 슬랙스 [CREAM],0.0,0,49770,49770,49770,0,0,0.0,23.31,0,low,25.13,4,1,none,,27,https://www.musinsa.com/products/3154651
2026-09-02,드로우핏,3154715,페이퍼 코튼 오버핏 셔츠 [SKY BLUE],0.22,11019,49500,49500,49500,0,0,0.0,100.0,1,high,25.13,5,2,none,,27,https://www.musinsa.com/products/3154715
2026-09-02,어반드레스,3155035,Sopy Collar Short-Sleeve WHITE,0.0,0,35900,35900,35900,0,0,0.0,100.0,1,high,24.09,8,2,none,,27,https://www.musinsa.com/products/3155035
2026-09-02,더블유엠씨,3167451,오로라 블러 티셔츠_WHITE,0.0,0,17200,17200,17200,0,0,0.0,100.0,1,high,24.01,7,2,none,,27,https://www.musinsa.com/products/3167451
2026-09-02,마인드브릿지,3196315,릴랙스핏풀밴딩하프팬츠 - 2color MYHP3132,0.0,0,29900,29900,29900,0,0,0.0,100.0,1,high,24.22,5,2,none,,27,https://www.musinsa.com/products/3196315
2026-09-02,어반드레스,3204699,AV LOGO CROP HOOD ZIP-UP IVORY,1.0,48960,49000,49000,49000,0,0,0.0,100.0,1,high,24.09,8,2,none,,27,https://www.musinsa.com/products/3204699
2026-09-02,어반드레스,3205019,royal hoody - 8COL,0.0,0,47400,47400,47400,0,0,0.0,100.0,1,high,24.09,8,2,none,,27,https://www.musinsa.com/products/3205019
2026-09-02,플랙,3232283,썸머 데님 쇼츠 K42 로우,0.0,0,62300,62300,62300,0,0,0.0,100.0,1,high,24.0,6,2,none,,27,https://www.musinsa.com/products/3232283
2026-09-02,트래블,3232859,워크샵 셔링 스커트 베이지,0.0,0,29500,29500,29500,0,0,0.0,100.0,1,high,24.09,8,2,none,,27,https://www.musinsa.com/products/3232859
2026-09-02,제멋,3244827,플레시 썸머 원턱 하프팬츠 8종 시더브라운 SOSP2483,0.0,0,26900,26900,26900,0,0,0.0,100.0,1,high,24.09,8,2,none,,27,https://www.musinsa.com/products/3244827
2026-09-02,엑스컨테이너,3252699,핀턱 와이드 코튼 하프 팬츠 (3 COLOR),0.0,0,39000,39000,39000,0,0,0.0,100.0,1,high,24.22,5,2,none,,27,https://www.musinsa.com/products/3252699
2026-09-02,효지,3255899,에센셜 코튼 여행 보스턴 백,0.36,23597,65900,65900,65900,0,0,0.0,100.0,1,high,24.0,5,2,none,,27,https://www.musinsa.com/products/3255899
2026-09-02,미나브,3272603,2PACK 쿨코튼 유넥 반팔 티셔츠,0.15,6683,45000,45000,45000,0,0,0.0,100.0,1,high,23.99,21,6,none,,27,https://www.musinsa.com/products/3272603
2026-09-02,론론,3281947,BOATNECK SLEEVELESS BLACK,0.0,0,35640,35640,35640,0,0,0.0,100.0,1,high,24.09,8,2,none,,27,https://www.musinsa.com/products/3281947
2026-09-02,프리즘웍스,3283547,OG ATHLETIC T-SHIRT 2PACK _ WHITE + BLACK,0.0,0,37800,37800,37800,0,0,0.0,100.0,1,high,24.09,8,2,none,,27,https://www.musinsa.com/products/3283547
2026-09-02,엑스트라오디너리,3286043,B.S.C I-RING Mag  WHITE,0.0,0,16000,16000,16000,0,0,0.0,100.0,1,high,24.22,5,2,none,,27,https://www.musinsa.com/products/3286043
2026-09-02,제멋,3289755,피넛 와이드 워싱팬츠 5종 다크네이비 YHLP2470,0.0,0,48900,48900,48900,0,0,0.0,100.0,1,high,24.09,8,2,none,,27,https://www.musinsa.com/products/3289755
2026-09-02,제이엘브,3299035,[2PACK] 스탠다드 머슬핏 카라티,1.55,121090,78000,78000,78000,0,0,0.0,100.0,1,high,24.01,24,4,none,,27,https://www.musinsa.com/products/3299035
2026-09-02,시야쥬,3301595,SIKN2071 리조트 니트 드레스_Black,0.0,0,73440,73440,73440,0,0,0.0,100.0,1,high,24.0,6,2,none,,27,https://www.musinsa.com/products/3301595
2026-09-02,러브이즈트루,3306011,PY STAR COLLAR KNIT(BLACK),0.0,0,33000,33000,33000,0,0,0.0,100.0,1,high,24.01,7,2,none,,27,https://www.musinsa.com/products/3306011
2026-09-02,알리스,3306075,폴디드 레더 패치 와이드 버뮤다 팬츠 [베이지],0.0,0,67900,67900,67900,0,0,0.0,100.0,1,high,24.22,5,2,none,,27,https://www.musinsa.com/products/3306075
2026-09-02,링서울,3306395,stripe sleeveless-navy,0.0,0,23170,23170,23170,0,0,0.0,100.0,1,high,24.01,7,2,none,,27,https://www.musinsa.com/products/3306395
2026-09-02,가까이유니언즈,3355035,원턱 사이드 절개 피그먼트 버뮤다 팬츠 옐로우,0.0,0,34400,34400,34400,0,0,0.0,100.0,1,high,24.0,7,2,none,,27,https://www.musinsa.com/products/3355035
2026-09-02,유라고,3373211,Garden shirring skirt,0.0,0,70680,70680,70680,0,0,0.0,100.0,1,high,24.0,5,2,none,,27,https://www.musinsa.com/products/3373211
2026-09-02,트래블,3437915,라인 테이프 다트 팬츠 사파이어 블루,0.0,0,39500,39500,39500,0,0,0.0,100.0,1,high,24.09,8,2,none,,27,https://www.musinsa.com/products/3437915
2026-09-02,커버낫,3439963,오버핏 스몰 어센틱 로고 후디 다크 블루,0.0,0,62300,62300,62300,0,0,0.0,100.0,1,high,24.0,6,2,none,,27,https://www.musinsa.com/products/3439963
2026-09-02,밀로아카이브,3442331,리플렉트 커브드 팬츠 [워시드 브라운],0.52,33934,65550,65550,65550,0,0,0.0,100.0,1,high,24.01,8,2,none,,27,https://www.musinsa.com/products/3442331
2026-09-02,와이케이,3452187,말티즈 아카이브 라인 그래픽 맨투맨 멜란지화이트,0.0,0,51750,51750,51750,0,0,0.0,100.0,1,high,24.01,7,2,none,,27,https://www.musinsa.com/products/3452187
2026-09-02,엑스트라오디너리,3453787,ANYTIME ECO BAG,0.0,0,19500,19500,19500,0,0,0.0,100.0,1,high,24.22,5,2,none,,27,https://www.musinsa.com/products/3453787
2026-09-02,더뮤지엄비지터,3461723,REFLECTIVE LINE RAGLAN WINDBREAKER (NAVY),0.0,0,88800,88800,118400,1,-29600,-25.0,100.0,1,medium,24.08,7,2,none,,27,https://www.musinsa.com/products/3461723
2026-09-02,더뮤지엄비지터,3461851,STUD BACK LOGO CARPENTER JACKET (BLACK),0.0,0,167600,167600,167600,0,0,0.0,100.0,1,high,24.08,7,2,none,,27,https://www.musinsa.com/products/3461851
2026-09-02,후브스,3476379,플러 반 집업 카라 스웻 [차콜],0.0,0,56800,56800,56800,0,0,0.0,100.0,1,high,24.0,6,2,none,,27,https://www.musinsa.com/products/3476379
2026-09-02,쿠어,3480987,울 블루종 점퍼 (블랙),0.0,0,243000,243000,243000,0,0,0.0,64.22,0,low,23.99,4,1,none,,27,https://www.musinsa.com/products/3480987
2026-09-02,아틀리에나인,3481051,슬림 라인 세미 부츠컷 데님 팬츠(S-PT-5483),0.0,0,71200,71200,71200,0,0,0.0,100.0,1,high,24.0,7,2,none,,27,https://www.musinsa.com/products/3481051
2026-09-02,아틀리에나인,3488347,ESSENTIAL STRAIGHT PANTS(PT-5452),0.0,0,107100,107100,107100,0,0,0.0,100.0,1,high,24.0,7,2,none,,27,https://www.musinsa.com/products/3488347
2026-09-02,드로우핏,3489627,패디드 스트링 백 [BLACK],0.0,0,59200,59200,59200,0,0,0.0,100.0,1,high,25.14,5,2,none,,27,https://www.musinsa.com/products/3489627
2026-09-02,아이돈워너셀,3492059,Logo Embroidered Hoodie Gray,0.0,0,49500,49500,49500,0,0,0.0,100.0,1,high,24.0,6,2,none,,27,https://www.musinsa.com/products/3492059
2026-09-02,더블유엠씨,3492635,뉴모던 바시티 점퍼_GREEN,0.0,0,71600,71600,71600,0,0,0.0,100.0,1,high,24.01,7,2,none,,27,https://www.musinsa.com/products/3492635
2026-09-02,밀로아카이브,3496475,홀리데이 시그니처 볼 캡 [퓨어 화이트],0.48,14289,29640,29640,29640,0,0,0.0,100.0,1,high,24.01,8,2,none,,27,https://www.musinsa.com/products/3496475
2026-09-02,아틀리에나인,3504475,클래식 스티치 포켓 셔츠(BL-4183),0.0,0,62100,62100,62100,0,0,0.0,100.0,1,high,24.0,7,2,none,,27,https://www.musinsa.com/products/3504475
2026-09-02,모즈모즈,3509531,소프트 메쉬 아노락 자켓 블랙,0.0,0,55200,55200,55200,0,0,0.0,100.0,1,high,24.0,5,2,none,,27,https://www.musinsa.com/products/3509531
2026-09-02,어반드레스,3510235,Diagonal Turtleneck Tee WHITE,0.0,0,16000,16000,16000,0,0,0.0,100.0,1,high,24.09,8,2,none,,27,https://www.musinsa.com/products/3510235
2026-09-02,어반드레스,3511131,Amelie Pleated Skirt BLACK,0.0,0,34000,34000,34000,0,0,0.0,100.0,1,high,24.09,8,2,none,,27,https://www.musinsa.com/products/3511131
2026-09-02,나이스고스트클럽,3511387,3STARS LOGO KNIT HOODIE_IVORY(NG2DFUK610A),1.45,81081,56070,56070,56070,0,0,0.0,100.0,1,low,24.01,10,2,none,,27,https://www.musinsa.com/products/3511387
2026-09-02,나이스고스트클럽,3511579,CARPENTER CARGO WASHED JEANS_BROWN(NG2DFUD104A),0.0,0,51600,51600,51600,0,0,0.0,100.0,1,high,24.01,7,2,none,,27,https://www.musinsa.com/products/3511579
2026-09-02,브라운야드,3511643,"W 라인 셔츠, 에크루",0.0,0,96600,96600,96600,0,0,0.0,100.0,1,high,24.01,7,2,none,,27,https://www.musinsa.com/products/3511643
2026-09-02,프리즘웍스,3511899,FACTA NON VERBA HOODY _ CAMEL,0.0,0,44500,44500,44500,0,0,0.0,100.0,1,high,24.09,8,2,none,,27,https://www.musinsa.com/products/3511899
2026-09-02,제멋,3516251,스톤 헤비웨이트 투웨이 후드집업 6종 달리아퍼플 KJHD2474,0.0,0,53900,53900,53900,0,0,0.0,100.0,1,high,24.09,8,2,none,,27,https://www.musinsa.com/products/3516251
2026-09-02,디앤에스알,3522011,시그니처 와이드 데님 팬츠 블랙,1.72,119408,69600,69600,69600,0,0,0.0,100.0,1,low,24.0,7,2,none,,27,https://www.musinsa.com/products/3522011
2026-09-02,아이돈워너셀,3528475,Circle Shirring Logo Ma-1 Black,0.0,0,183200,183200,183200,0,0,0.0,100.0,1,high,24.0,6,2,none,,27,https://www.musinsa.com/products/3528475
2026-09-02,스컬프터,3537115,Irregular Stripe Sweatshirt Berry/Khaki,0.0,0,49840,49840,49840,0,0,0.0,100.0,1,high,24.08,7,2,none,,27,https://www.musinsa.com/products/3537115
2026-09-02,세컨모놀로그,3542491,헤비웨이트 키홀 케이블 머플러 [BLACK]_SEAC004BLACK,0.0,0,20800,20800,20800,0,0,0.0,100.0,1,high,24.0,6,2,none,,27,https://www.musinsa.com/products/3542491
2026-09-02,키르시,3542875,키르시 스포츠 윈드브레이커 [다크 퍼플],0.0,0,62600,62600,62600,0,0,0.0,100.0,1,high,24.0,6,2,none,,27,https://www.musinsa.com/products/3542875
2026-09-02,브론슨,3550811,17.5 oz Terry Cloth 2Way Zip-Up Hoodie Kr Ver. Vintage Black,2.0,169060,84600,84600,84600,0,0,0.0,100.0,1,high,24.23,9,2,none,,27,https://www.musinsa.com/products/3550811
2026-09-02,커버낫,3555035,RDS 씨빅 숏 푸퍼 레드,0.0,0,139300,139300,139300,0,0,0.0,100.0,1,high,24.0,6,2,none,,27,https://www.musinsa.com/products/3555035
2026-09-02,엑스트라오디너리,3560219,BASIC LONGSLEEVE BLACK,0.0,0,26500,26500,26500,0,0,0.0,100.0,1,high,24.23,5,2,none,,27,https://www.musinsa.com/products/3560219
2026-09-02,브라운야드,3561051,"니트 하프 집업, 에크루",0.0,0,109000,109000,109000,0,0,0.0,100.0,1,high,24.01,7,2,none,,27,https://www.musinsa.com/products/3561051
2026-09-02,코드그라피,3575259,WAVE 로고 레그 워머_2color,0.0,0,10210,10210,10210,0,0,0.0,100.0,1,high,25.14,5,2,none,,27,https://www.musinsa.com/products/3575259
2026-09-02,꼼파뇨,3579675,MA-1 오버 절개 자켓 카키,0.0,0,91000,91000,91000,0,0,0.0,100.0,1,high,24.23,5,2,none,,27,https://www.musinsa.com/products/3579675
2026-09-02,어반드레스,3599387,Ribbed Cut-out Knit MOCHA,0.0,0,46500,46500,46500,0,0,0.0,100.0,1,high,24.09,8,2,none,,27,https://www.musinsa.com/products/3599387
2026-09-02,밀로아카이브,3600603,커브 자카드 비니 [베이지],0.0,0,24000,24000,24000,0,0,0.0,100.0,1,high,24.01,8,2,none,,27,https://www.musinsa.com/products/3600603
2026-09-02,코드그라피,3603227,(우먼) WAVE 로고 빅카라 크롭 하프집업 니트_네이비,0.0,0,27600,27600,27600,0,0,0.0,100.0,1,high,25.14,5,2,none,,27,https://www.musinsa.com/products/3603227
2026-09-02,에이치덱스,3609755,우먼스 고트 스웨트셔츠 3 color,0.0,0,44800,44800,44800,0,0,0.0,100.0,1,high,25.14,5,2,none,,27,https://www.musinsa.com/products/3609755
2026-09-02,커버낫,3618907,레이어드 플리스 후디 집업 자켓 블랙,0.0,0,83400,83400,83400,0,0,0.0,100.0,1,high,24.0,6,2,none,,27,https://www.musinsa.com/products/3618907
2026-09-02,낫포너드,3619035,W Wild Logo Knit Zip up - Pink,0.0,0,40100,40100,40100,0,0,0.0,100.0,1,high,25.14,5,2,none,,27,https://www.musinsa.com/products/3619035
2026-09-02,니티드,3626651,터틀넥 롱 슬리브 니트 CHARCOAL,0.0,0,17820,17820,17820,0,0,0.0,100.0,1,high,25.14,5,2,none,,27,https://www.musinsa.com/products/3626651
2026-09-02,파르티멘토 우먼,3649755,스티치 포인티드 넥 워머 후디_블루,0.0,0,47790,47790,47790,0,0,0.0,100.0,1,high,24.23,5,2,none,,27,https://www.musinsa.com/products/3649755
2026-09-02,러브이즈트루,3654491,AM CUTE RABBIT KNIT (PINK),0.0,0,37400,37400,37400,0,0,0.0,100.0,1,high,24.01,7,2,none,,27,https://www.musinsa.com/products/3654491
2026-09-02,론론,3654747,HIGH NECK HALF ZIP UP KNIT RED,0.0,0,98820,98820,98820,0,0,0.0,100.0,1,high,24.09,8,2,none,,27,https://www.musinsa.com/products/3654747
2026-09-02,어반드레스,3655387,Boyfriend Single Blazer CHARCOAL,0.0,0,89700,89700,89700,0,0,0.0,100.0,1,high,24.09,8,2,none,,27,https://www.musinsa.com/products/3655387
2026-09-02,어반드레스,3667803,[SET] 커브드 투버튼 블레이저 & Two-Tuck Slacks 101 - 3COL,0.0,0,143250,143250,143250,0,0,0.0,100.0,1,high,24.09,8,2,none,,27,https://www.musinsa.com/products/3667803
2026-09-02,시그니처,3690587,소프트 헤비 코듀로이 원턱 밴딩 팬츠[블랙],0.0,0,29900,29900,29900,0,0,0.0,100.0,1,high,25.15,5,2,none,,27,https://www.musinsa.com/products/3690587
2026-09-02,아틀리에나인,3691547,헤어리 오버핏 캐주얼 니트 자켓(JK-2885),0.0,0,107100,107100,107100,0,0,0.0,100.0,1,high,24.0,7,2,none,,27,https://www.musinsa.com/products/3691547
2026-09-02,시야쥬,3693979,SIJN6067 기모 뉴와이드 카펜터 팬츠_Light Beige,0.0,0,89000,89000,89000,0,0,0.0,100.0,1,high,24.0,6,2,none,,27,https://www.musinsa.com/products/3693979
2026-09-02,에이이에이이,3708379,Daisy Knit Hoodie - [BLACK],0.89,141185,158180,158180,158180,0,0,0.0,100.0,1,high,24.24,5,2,none,,27,https://www.musinsa.com/products/3708379
2026-09-02,트리밍버드,3728603,Curved Pocket Cut Denim Pants [ Blue ],0.0,0,179000,179000,179000,0,0,0.0,100.0,1,high,24.09,8,2,none,,27,https://www.musinsa.com/products/3728603
2026-09-02,아웃스탠딩,3773723,LAMBSWOOL ROUND NECK CARDIGAN_GRAY MELANGE,0.0,0,116100,116100,116100,0,0,0.0,100.0,1,high,24.08,7,2,none,,27,https://www.musinsa.com/products/3773723
2026-09-02,무드인사이드,3780891,남여공용 푸퍼 숏패딩_White,0.0,0,49900,49900,49900,0,0,0.0,100.0,1,high,24.09,8,2,none,,27,https://www.musinsa.com/products/3780891
2026-09-02,무드인사이드,3782939,꽈배기 후드 반집업 니트_Beige,0.0,0,39900,39900,39900,0,0,0.0,100.0,1,high,24.09,8,2,none,,27,https://www.musinsa.com/products/3782939
2026-09-02,테이크이지,3783003,우먼스 아플리케 와이드 팬츠(멜란지그레이),0.0,0,24500,24500,24500,0,0,0.0,100.0,1,high,24.0,6,2,none,,27,https://www.musinsa.com/products/3783003
2026-09-02,더뮤지엄비지터,3786459,VISITOR ABSTRACT SHIRTS (MULTI),0.0,0,210000,210000,210000,0,0,0.0,100.0,1,high,24.08,7,2,none,,27,https://www.musinsa.com/products/3786459
2026-09-02,코드그라피,3790747,블록코어 자카드 배색 라운드 니트_블랙,0.0,0,62300,62300,62300,0,0,0.0,100.0,1,high,25.15,5,2,none,,27,https://www.musinsa.com/products/3790747
2026-09-02,필루미네이트,3792539,스프레드 프린트 스웨트 셔츠-와인,0.0,0,25000,25000,25000,0,0,0.0,100.0,1,high,24.01,7,2,none,,27,https://www.musinsa.com/products/3792539
2026-09-02,가까이유니언즈,3796571,데미지 와이드 데님팬츠 라이트 인디고,0.0,0,49600,49600,49600,0,0,0.0,100.0,1,high,24.0,7,2,none,,27,https://www.musinsa.com/products/3796571
2026-09-02,키르시,3799835,포켓 유틸리티 슬링백 [블랙],0.0,0,35500,35500,35500,0,0,0.0,100.0,1,high,24.0,6,2,none,,27,https://www.musinsa.com/products/3799835
2026-09-02,나이스고스트클럽,3800667,DOLL AND THE GIRL WAFFLE L/S TEE_CHARCOAL(NG2ESUT550A),0.0,0,53460,53460,53460,0,0,0.0,100.0,1,high,24.01,7,2,none,,27,https://www.musinsa.com/products/3800667
2026-09-02,세컨모놀로그,3801179,나일론 투톤 믹스 히든 스냅 후디 [LGRAY]_SETS033LGRAY,0.0,0,35600,35600,35600,0,0,0.0,100.0,1,high,24.0,6,2,none,,27,https://www.musinsa.com/products/3801179
2026-09-02,레더리,3804059,듀얼 미니 볼링 토트백 [BLACK],0.0,0,36960,36960,36960,0,0,0.0,100.0,1,high,24.24,5,2,none,,27,https://www.musinsa.com/products/3804059
2026-09-02,노매뉴얼,3816027,CURSIVE LOGO BALL CAP - LIGHT KHAKI,0.0,0,27300,27300,27300,0,0,0.0,100.0,1,high,24.24,5,2,none,,27,https://www.musinsa.com/products/3816027
2026-09-02,필루미네이트,3816859,시그니처 로고 쿠션-2 Color,0.0,0,22900,22900,22900,0,0,0.0,100.0,1,high,24.01,7,2,none,,27,https://www.musinsa.com/products/3816859
2026-09-02,유니폼브릿지,3818459,argyle collar knit cardigan(womens) crimson,0.0,0,39800,39800,39800,0,0,0.0,100.0,1,high,24.08,7,2,none,,27,https://www.musinsa.com/products/3818459
2026-09-02,러브이즈트루,3820827,NM COW BOOTSCUT PANTS(KHAKI),0.0,0,70200,70200,70200,0,0,0.0,100.0,1,high,24.01,7,2,none,,27,https://www.musinsa.com/products/3820827
2026-09-02,유니폼브릿지,3822811,og fatigue denim pants 12oz black washed,0.0,0,32710,32710,32710,0,0,0.0,100.0,1,high,24.08,7,2,none,,27,https://www.musinsa.com/products/3822811
2026-09-02,웬즈데이오아시스,3824219,시그니처 나일론 레글런 스웨트셔츠(3color),0.0,0,35000,35000,35000,0,0,0.0,100.0,1,high,24.09,8,2,none,,27,https://www.musinsa.com/products/3824219
2026-09-02,노티카,3824411,[JP Line]포켓 로고 티셔츠,0.0,0,47400,47400,47400,0,0,0.0,64.28,0,low,23.99,4,1,none,,27,https://www.musinsa.com/products/3824411
2026-09-02,트래블,3826267,베이직 워싱 데님 팬츠 라이트 그레이,0.0,0,32500,32500,32500,0,0,0.0,100.0,1,high,24.09,8,2,none,,27,https://www.musinsa.com/products/3826267
2026-09-02,트래블,3826331,나일론 라운드 카고 쇼츠 버건디,0.0,0,33000,33000,33000,0,0,0.0,100.0,1,high,24.09,8,2,none,,27,https://www.musinsa.com/products/3826331
2026-09-02,미나브,3830107,스트라이프 니트 카라 티셔츠 [베이지],0.0,0,44100,44100,44100,0,0,0.0,100.0,1,high,24.09,8,2,none,,27,https://www.musinsa.com/products/3830107
2026-09-02,커버낫,3830363,C 로고 크루넥 니트 레드,0.0,0,59400,59400,59400,0,0,0.0,100.0,1,high,24.0,6,2,none,,27,https://www.musinsa.com/products/3830363
2026-09-02,키뮤어,3832795,[수피마 코튼] 컴포트 셔츠_4 COLOR,0.0,0,41300,41300,41300,0,0,0.0,100.0,1,high,24.09,8,2,none,,27,https://www.musinsa.com/products/3832795
2026-09-02,1993스튜디오,3834971,글로시 스트링 롱 스커트_크림,0.0,0,39900,39900,39900,0,0,0.0,100.0,1,high,24.0,6,2,none,,27,https://www.musinsa.com/products/3834971
2026-09-02,제멋,3837851,[2PACK] 헤븐 피그먼트 투웨이 후드집업 2PACK KJHD2540,0.0,0,75800,75800,75800,0,0,0.0,100.0,1,low,24.09,7,2,none,,27,https://www.musinsa.com/products/3837851
2026-09-02,유니폼브릿지,3840859,3layer light hood jacket olive,0.0,0,79800,79800,79800,0,0,0.0,100.0,1,high,24.08,7,2,none,,27,https://www.musinsa.com/products/3840859
2026-09-02,스컬프터,3845019,Shoelace Shirring Shirt Classic Blue,0.0,0,61040,61040,61040,0,0,0.0,100.0,1,high,24.08,7,2,none,,27,https://www.musinsa.com/products/3845019
2026-09-02,모즈모즈,3847451,오버핏 코튼 하프 오픈셔츠 베이지,0.0,0,41600,41600,41600,0,0,0.0,100.0,1,high,24.0,5,2,none,,27,https://www.musinsa.com/products/3847451
2026-09-02,마인드브릿지,3847643,슬림 넥타이 - 3color MATI00A1,0.89,17769,19900,19900,19900,0,0,0.0,100.0,1,high,24.24,5,2,none,,27,https://www.musinsa.com/products/3847643
2026-09-02,메인부스,3848667,Spark Denim Shorts(BLUE),0.77,50245,65400,65400,65400,0,0,0.0,100.0,1,high,25.15,5,2,none,,27,https://www.musinsa.com/products/3848667
2026-09-02,넌블랭크,3848987,니트 베스트_WHITE HILL,0.0,0,111600,111600,111600,0,0,0.0,100.0,1,high,24.01,7,2,none,,27,https://www.musinsa.com/products/3848987
2026-09-02,썸웨어버터,3850459,Classic cotton shirt - pink,0.0,0,87200,87200,87200,0,0,0.0,100.0,1,high,24.01,7,2,none,,27,https://www.musinsa.com/products/3850459
2026-09-02,커버낫,3851227,어센틱 로고 티셔츠 네이비,0.61,18154,29950,29950,29950,0,0,0.0,100.0,1,high,24.0,6,2,none,,27,https://www.musinsa.com/products/3851227
2026-09-02,엑스트라오디너리,3851675,LAST CHANCE PRINT HOODIE  M/GREY,0.0,0,69500,69500,69500,0,0,0.0,100.0,1,high,24.24,5,2,none,,27,https://www.musinsa.com/products/3851675
2026-09-02,본투윈,3855067,BORNTOWIN PATCH MUSCLE FIT HOODIE [WHITE],0.0,0,68600,68600,68600,0,0,0.0,100.0,1,high,24.08,7,2,none,,27,https://www.musinsa.com/products/3855067
2026-09-02,후드후드,3861147,엠보싱 데님 바이커 팬츠 블랙,0.0,0,54800,54800,54800,0,0,0.0,100.0,1,high,25.15,5,2,none,,27,https://www.musinsa.com/products/3861147
2026-09-02,일리고,3862235,페탈 프릴 봄버 자켓 블랙,0.0,0,38000,38000,38000,0,0,0.0,100.0,1,high,24.24,5,2,none,,27,https://www.musinsa.com/products/3862235
2026-09-02,썬러브투어,3863707,Pace-up S/S Half Zip Pullover Grey,0.0,0,78400,78400,95600,1,-17200,-17.99,100.0,1,medium,24.09,8,2,none,,27,https://www.musinsa.com/products/3863707
2026-09-02,커버낫,3864411,멀티 체크 셔츠 멀티,0.0,0,49000,49000,49000,0,0,0.0,100.0,1,high,24.0,6,2,none,,27,https://www.musinsa.com/products/3864411
2026-09-02,프리즘웍스,3870107,CIGARETTE POCKET CHAMBRAY SHIRT _ GREEN,0.0,0,80100,80100,80100,0,0,0.0,100.0,1,high,24.09,8,2,none,,27,https://www.musinsa.com/products/3870107
2026-09-02,르바,3870939,Pocket V-neck Knit Cardigan - Green,0.0,0,134100,134100,134100,0,0,0.0,100.0,1,high,25.15,5,2,none,,27,https://www.musinsa.com/products/3870939
2026-09-02,더뮤지엄비지터,3886363,BNG PRINTED CURVERD ZIPPER HOODY (GREY),0.0,0,58800,58800,58800,0,0,0.0,100.0,1,high,24.08,7,2,none,,27,https://www.musinsa.com/products/3886363
2026-09-02,커버낫,3887835,써머 투턱 세미와이드 슬랙스 블랙,0.39,14013,35550,35550,35550,0,0,0.0,100.0,1,high,24.0,6,2,none,,27,https://www.musinsa.com/products/3887835
2026-09-02,썬러브투어,3888027,W Element Polo Light Blue,0.0,0,53640,53640,59600,1,-5960,-10.0,100.0,1,medium,24.09,8,2,none,,27,https://www.musinsa.com/products/3888027
2026-09-02,브라운야드,3891739,"W 울 와이드 팬츠, 차콜",0.0,0,99000,99000,99000,0,0,0.0,100.0,1,high,24.01,7,2,none,,27,https://www.musinsa.com/products/3891739
2026-09-02,브라운야드,3891867,"워시드 트렌치 코트, 워시드 블랙",0.0,0,199000,199000,199000,0,0,0.0,100.0,1,high,24.01,7,2,none,,27,https://www.musinsa.com/products/3891867
2026-09-02,999휴머니티,3892315,워크 발란스 코트 (퍼플 그레이),0.0,0,318000,318000,318000,0,0,0.0,100.0,1,high,24.0,5,2,none,,27,https://www.musinsa.com/products/3892315
2026-09-02,트립르센스,3892955,[유튜버 PICK] 매트 커브드 버클 레더 벨트_브라운,0.0,0,38400,38400,38400,0,0,0.0,100.0,1,high,24.01,7,2,none,,27,https://www.musinsa.com/products/3892955
2026-09-02,어반드레스,3901595,High-neck Half Zip-up Crop Knit -3COL,0.0,0,44500,44500,44500,0,0,0.0,100.0,1,high,24.09,8,2,none,,27,https://www.musinsa.com/products/3901595
2026-09-02,디스이즈네버댓,3904795,2010 Original Crewneck Forest,0.0,0,44500,44500,44500,0,0,0.0,100.0,1,high,24.0,6,2,none,,27,https://www.musinsa.com/products/3904795
2026-09-02,커버낫,3905051,스트라이프 크로셰 하프 니트 블랙,0.0,0,49000,49000,49000,0,0,0.0,100.0,1,high,24.0,6,2,none,,27,https://www.musinsa.com/products/3905051
2026-09-02,아캄,3905755,Studded Cotton Blazer (Khaki),0.0,0,132300,132300,132300,0,0,0.0,100.0,1,high,24.0,5,2,none,,27,https://www.musinsa.com/products/3905755
2026-09-02,솔트앤초콜릿,3907547,와이드 밴딩 슬랙스 블랙 4W241V002,0.0,0,65100,65100,69440,1,-4340,-6.25,100.0,1,medium,24.08,7,2,none,,27,https://www.musinsa.com/products/3907547
2026-09-02,디스이즈네버댓,3920603,Flight Cargo Short - Olive Green,0.0,0,39600,39600,39600,0,0,0.0,100.0,1,high,24.0,6,2,none,,27,https://www.musinsa.com/products/3920603
2026-09-02,디스이즈네버댓,3920667,Torn Rayon S/S Shirt Multi,0.0,0,50000,50000,50000,0,0,0.0,100.0,1,high,24.0,6,2,none,,27,https://www.musinsa.com/products/3920667
2026-09-02,링서울,3922203,leather blouson jacket-black,1.49,220788,148320,148320,148320,0,0,0.0,100.0,1,high,10.17,17,7,none,,27,https://www.musinsa.com/products/3922203
2026-09-02,브라운야드,3922843,"파라슈트 팬츠, 올리브 그레이",0.0,0,124600,124600,124600,0,0,0.0,100.0,1,high,24.01,7,2,none,,27,https://www.musinsa.com/products/3922843
2026-09-02,브라운야드,3922971,"마운틴 파카, 올리브",0.0,0,199000,199000,199000,0,0,0.0,100.0,1,high,24.01,7,2,none,,27,https://www.musinsa.com/products/3922971
2026-09-02,999휴머니티,3925659,EVD 스웻 맨투맨 (핑크),0.0,0,89000,89000,89000,0,0,0.0,100.0,1,high,24.0,5,2,none,,27,https://www.musinsa.com/products/3925659
2026-09-02,커버낫,3926683,그라데이션 스트라이프 티셔츠 베이지,0.0,0,29000,29000,29000,0,0,0.0,100.0,1,high,24.0,6,2,none,,27,https://www.musinsa.com/products/3926683
2026-09-02,론론,3937307,SNAP OPEN SWEAT CARDIGAN MELANGE GREY,0.0,0,62370,62370,62370,0,0,0.0,100.0,1,high,24.09,8,2,none,,27,https://www.musinsa.com/products/3937307
2026-09-02,프렌다,3939227,ROUND LOGO RAGLAN SWEATSHIRT BLACK,0.0,0,34500,34500,34500,0,0,0.0,100.0,1,high,24.09,8,2,none,,27,https://www.musinsa.com/products/3939227
2026-09-02,어나더오피스,3939803,[SS] Santiago Chino Pants (Black),0.0,0,165000,165000,165000,0,0,0.0,100.0,1,high,24.09,7,2,none,,27,https://www.musinsa.com/products/3939803
2026-09-02,에이치덱스,3940187,팀 85 슬리브리스 (Yellow),1.54,38963,25350,25350,25350,0,0,0.0,100.0,1,high,25.16,5,2,none,,27,https://www.musinsa.com/products/3940187
2026-09-02,키르시,3940571,컬렉션 하프 슬리브 크롭 니트 [핑크],0.0,0,39500,39500,39500,0,0,0.0,100.0,1,high,24.0,6,2,none,,27,https://www.musinsa.com/products/3940571
2026-09-02,썬러브투어,3942235,Polartec® Delta Mockneck L/S Tee Ivory,0.0,0,48880,48880,47680,1,1200,2.52,100.0,1,medium,24.09,8,2,none,,27,https://www.musinsa.com/products/3942235
2026-09-02,틸아이다이,3947739,Race texured frill blouse_Ivory,0.0,0,75140,75140,83980,1,-8840,-10.53,100.0,1,medium,24.08,7,2,none,,27,https://www.musinsa.com/products/3947739
2026-09-02,더니트컴퍼니,3949979,수피마 코튼 하프 셔츠 [미드그레이],0.0,0,21200,21200,21200,0,0,0.0,100.0,1,low,25.16,4,2,none,,27,https://www.musinsa.com/products/3949979
2026-09-02,브라운야드,3956571,"니트 피케 셔츠, 라이트 그레이",0.0,0,99000,99000,99000,0,0,0.0,100.0,1,high,24.01,7,2,none,,27,https://www.musinsa.com/products/3956571
2026-09-02,무드인사이드,3958939,(summer)스톤 아이스 세미오버 RN셔츠 _Blue,0.0,0,35900,35900,35900,0,0,0.0,100.0,1,high,24.09,8,2,none,,27,https://www.musinsa.com/products/3958939
2026-09-02,마인드브릿지,3963035,유틸리티나일론트러커 MYJP3141,0.0,0,59900,59900,59900,0,0,0.0,100.0,1,high,24.25,5,2,none,,27,https://www.musinsa.com/products/3963035
2026-09-02,락케이크,3964379,Lace Line 2way Jogger - Gray,2.06,85148,41260,44100,38590,1,5510,14.28,100.0,1,medium,24.09,13,4,none,,27,https://www.musinsa.com/products/3964379
2026-09-02,슈퍼서브,3966427,샌드 워싱 데님 쇼츠 - 라이트 블루,1.76,17405,9900,9900,9900,0,0,0.0,100.0,1,high,25.16,9,2,none,,27,https://www.musinsa.com/products/3966427
2026-09-02,파르티멘토 우먼,3973723,더블 레이어드 웨이스트 카고 팬츠_라이트 카키,0.0,0,112590,112590,112590,0,0,0.0,100.0,1,high,24.25,5,2,none,,27,https://www.musinsa.com/products/3973723
2026-09-02,파르티멘토 우먼,3973915,레이스 플레어 맥시 스커트_차콜,0.0,0,50220,50220,50220,0,0,0.0,100.0,1,high,24.25,5,2,none,,27,https://www.musinsa.com/products/3973915
2026-09-02,키뮤어,3974619,하프집업 반팔 니트_그레이쉬 블루,0.0,0,20700,20700,20700,0,0,0.0,100.0,1,high,24.09,8,2,none,,27,https://www.musinsa.com/products/3974619
2026-09-02,키뮤어,3976539,린넨 체크 웨스턴 라인 반팔 셔츠_네이비,0.0,0,34500,34500,34500,0,0,0.0,100.0,1,high,24.09,8,2,none,,27,https://www.musinsa.com/products/3976539
2026-09-02,마인드브릿지,3989403,[쿨]테이퍼드투톤밴딩팬츠 - 2color MYPT3102,0.0,0,39900,39900,39900,0,0,0.0,100.0,1,high,24.25,5,2,none,,27,https://www.musinsa.com/products/3989403
2026-09-02,시눈,3997531,[지현서 착용] Pattern Scrunch (Apricot),0.0,0,16130,16130,17920,1,-1790,-9.99,100.0,1,medium,24.0,5,2,none,,27,https://www.musinsa.com/products/3997531
2026-09-02,키르시,3997915,핫픽스 트럼펫 데님 스커트 [블루],0.0,0,64500,64500,64500,0,0,0.0,100.0,1,high,24.0,6,2,none,,27,https://www.musinsa.com/products/3997915
2026-09-02,아웃스탠딩,3997979,V.S.C TEE(GOLD COAST RUNNERS)_NAVY,0.0,0,38700,38700,38700,0,0,0.0,14.25,0,low,24.08,7,1,none,,27,https://www.musinsa.com/products/3997979
2026-09-02,에스피오나지,4008283,Wyoming Cowboys Heavyweight Tee Off White,0.04,1236,32900,32900,32900,0,0,0.0,100.0,1,high,24.09,8,2,none,,27,https://www.musinsa.com/products/4008283
2026-09-02,썸웨어버터,4012699,PP mini backpack - silver,0.0,0,139000,139000,139000,0,0,0.0,100.0,1,high,24.01,7,2,none,,27,https://www.musinsa.com/products/4012699
2026-09-02,가까이유니언즈,4013019,샌드 비치 피그먼트 버뮤다 팬츠 다이브 블루,0.0,0,34400,34400,34400,0,0,0.0,100.0,1,high,24.0,7,2,none,,27,https://www.musinsa.com/products/4013019
2026-09-02,코드그라피,4023835,(우먼) COOL 절개 4부 쇼츠_스카이블루,0.0,0,14710,14710,14710,0,0,0.0,100.0,1,high,25.16,5,2,none,,27,https://www.musinsa.com/products/4023835
2026-09-02,커버낫,4024667,린넨 쇼츠 아이보리,0.39,11446,29000,29000,29000,0,0,0.0,100.0,1,high,24.0,6,2,none,,27,https://www.musinsa.com/products/4024667
2026-09-02,해비즘,4036507,LLF UNIFORM S/S TEE(SKY BLUE),0.52,10518,20250,20250,20250,0,0,0.0,100.0,1,high,24.01,7,2,none,,27,https://www.musinsa.com/products/4036507
2026-09-02,디스이즈네버댓,4037019,Old Truck Tee Lemon,0.61,11868,19600,19600,19600,0,0,0.0,100.0,1,high,24.0,6,2,none,,27,https://www.musinsa.com/products/4037019
2026-09-02,꼼파뇨,4038043,스크림 피그먼트 반팔티 다크블루,0.0,0,32500,32500,32500,0,0,0.0,100.0,1,high,24.25,5,2,none,,27,https://www.musinsa.com/products/4038043
2026-09-02,언더오프,4038299,오버핏 크루넥 그래피티 백로고 반팔 티셔츠 화이트그린,0.0,0,23900,23900,23900,0,0,0.0,100.0,1,high,24.0,6,2,none,,27,https://www.musinsa.com/products/4038299
2026-09-02,필루미네이트,4042523,태그 로고 피그먼트 티셔츠-3Color,0.0,0,25000,25000,25000,0,0,0.0,100.0,1,high,24.01,7,2,none,,27,https://www.musinsa.com/products/4042523
2026-09-02,유니폼브릿지,4047835,open collar roll-up shirt(womens) pink,0.0,0,41710,41710,41710,0,0,0.0,100.0,1,high,24.08,7,2,none,,27,https://www.musinsa.com/products/4047835
2026-09-02,디미트리블랙,4055771,VLAD 피그먼트 슬래쉬 반팔 티셔츠_차콜,0.0,0,26900,26900,26900,0,0,0.0,100.0,1,high,24.0,6,2,none,,27,https://www.musinsa.com/products/4055771
2026-09-02,어나더오피스,4063643,Volume Shirt (Mild Brown),0.0,0,80600,80600,80600,0,0,0.0,100.0,1,high,24.09,7,2,none,,27,https://www.musinsa.com/products/4063643
2026-09-02,시눈,4065051,Flower Puff T-Shirt (White),0.0,0,26720,26720,29680,1,-2960,-9.97,100.0,1,medium,24.0,5,2,none,,27,https://www.musinsa.com/products/4065051
2026-09-02,론론,4065371,PINTUCK LACE PUFF MINI DRESS IVORY,0.0,0,89100,89100,89100,0,0,0.0,100.0,1,high,24.09,8,2,none,,27,https://www.musinsa.com/products/4065371
2026-09-02,레더리,4067611,카고 데님 미니 스커트 [VINTAGE BLUE],0.11,3599,34080,34080,34080,0,0,0.0,100.0,1,high,24.26,5,2,none,,27,https://www.musinsa.com/products/4067611
2026-09-02,브라운야드,4069595,"에센셜 티셔츠, 베이지",0.0,0,38000,38000,38000,0,0,0.0,100.0,1,high,24.01,7,2,none,,27,https://www.musinsa.com/products/4069595
2026-09-02,제멋,4080155,에픽 라이크 린넨 반팔 카라 니트 블루 SOKN2562,0.0,0,38900,38900,38900,0,0,0.0,100.0,1,high,24.09,8,2,none,,27,https://www.musinsa.com/products/4080155
2026-09-02,코드그라피,4083739,SUNNY DAYS 반팔 티셔츠_블루,0.0,0,17600,17600,17600,0,0,0.0,100.0,1,high,25.16,5,2,none,,27,https://www.musinsa.com/products/4083739
2026-09-02,에이치덱스,4089691,아쿠아 롱 슬리브 래쉬가드 (White),0.0,0,41300,41300,41300,0,0,0.0,100.0,1,high,25.16,5,2,none,,27,https://www.musinsa.com/products/4089691
2026-09-02,엑스트라오디너리,4090075,LAYERD SHORTS   IVORY,0.0,0,64500,64500,64500,0,0,0.0,100.0,1,high,24.26,5,2,none,,27,https://www.musinsa.com/products/4090075
2026-09-02,프리즘웍스,4095899,POUCH POCKET SWEAT SHORTS _ BLACK BROWN,0.0,0,39000,39000,39000,0,0,0.0,100.0,1,high,24.09,8,2,none,,27,https://www.musinsa.com/products/4095899
2026-09-02,어나더오피스,4098331,Current Silk V-neck Knit (Mild Brown),0.0,0,124200,124200,124200,0,0,0.0,100.0,1,high,24.09,7,2,none,,27,https://www.musinsa.com/products/4098331
2026-09-02,더블유엠씨,4101915,라인 윈드브레이커_PINK,0.0,0,71550,71550,71550,0,0,0.0,100.0,1,high,24.01,7,2,none,,27,https://www.musinsa.com/products/4101915
2026-09-02,시야쥬,4103707,SITP5154 실켓 루즈핏 U넥 반팔티_Ivory,0.0,0,30600,30600,30600,0,0,0.0,60.5,0,low,23.99,5,1,none,,27,https://www.musinsa.com/products/4103707
2026-09-02,마인드브릿지,4104603,하프집업카라니트 - 3color MYKT31N2,0.0,0,29900,29900,29900,0,0,0.0,100.0,1,high,24.26,5,2,none,,27,https://www.musinsa.com/products/4104603
2026-09-02,시야쥬,4107099,SIAC3046 소가죽 우드굽 샌들_Cream,0.0,0,177300,177300,177300,0,0,0.0,100.0,1,high,24.0,6,2,none,,27,https://www.musinsa.com/products/4107099
2026-09-02,유라고,4109915,Edition eco bag,0.0,0,26600,26600,26600,0,0,0.0,100.0,1,high,24.0,5,2,none,,27,https://www.musinsa.com/products/4109915
2026-09-02,와이케이,4117595,체크 복서 쇼츠 블루,0.0,0,23600,23600,23600,0,0,0.0,100.0,1,high,24.01,7,2,none,,27,https://www.musinsa.com/products/4117595
2026-09-02,더블유엠씨,4120731,[히나‘s pick] 복서 돌핀 팬츠_BROWN,0.0,0,20700,20700,20700,0,0,0.0,100.0,1,high,24.01,7,2,none,,27,https://www.musinsa.com/products/4120731
2026-09-02,테이크이지,4125787,자이언트핏 8부 워시드 데님팬츠 (라이트블루),0.0,0,29500,29500,29500,0,0,0.0,39.51,0,low,24.0,6,1,none,,27,https://www.musinsa.com/products/4125787
2026-09-02,언더오프,4126683,오버핏 크루넥 나인티스팝 로고 반팔 티셔츠 블랙,0.0,0,17900,17900,17900,0,0,0.0,100.0,1,high,24.0,6,2,none,,27,https://www.musinsa.com/products/4126683
2026-09-02,메인부스,4132187,[패트와매트] QnA 티셔츠(블랙),2.64,71011,26900,26900,26900,0,0,0.0,100.0,1,high,25.16,7,2,none,,27,https://www.musinsa.com/products/4132187
2026-09-02,썸웨어버터,4132763,May Lace Mini Dress - Ivory,0.0,0,159000,159000,159000,0,0,0.0,100.0,1,high,24.01,7,2,none,,27,https://www.musinsa.com/products/4132763
2026-09-02,파르티멘토 우먼,4137435,쉬어 아노락 크루넥_네이비,0.0,0,61560,61560,61560,0,0,0.0,100.0,1,high,24.27,5,2,none,,27,https://www.musinsa.com/products/4137435
2026-09-02,제이엘브,4138523,APLQ 바스켓볼 쇼츠,0.0,0,37800,37800,37800,0,0,0.0,100.0,1,high,24.01,7,2,none,,27,https://www.musinsa.com/products/4138523
2026-09-02,워크온바디오프,4141851,WOBO 제로 슬랙스 [샌드베이지],0.0,0,31800,31800,31800,0,0,0.0,100.0,1,high,24.0,6,2,none,,27,https://www.musinsa.com/products/4141851
2026-09-02,어나더오피스,4149467,Volume Garment Shirt (Almost Black),0.0,0,118000,118000,118000,0,0,0.0,100.0,1,high,24.09,7,2,none,,27,https://www.musinsa.com/products/4149467
2026-09-02,바이젝,4161691,퍼펙트 특양면 로고 오버핏 긴팔 티셔츠_2Color,0.0,0,41400,41400,41400,0,0,0.0,100.0,1,high,24.0,6,2,none,,27,https://www.musinsa.com/products/4161691
2026-09-02,론론,4167195,BANDING TUBE TOP SLEEVELESS MINI DRESS BLACK,0.0,0,39600,39600,39600,0,0,0.0,100.0,1,high,24.09,8,2,none,,27,https://www.musinsa.com/products/4167195
2026-09-02,아틀리에나인,4186523,BACK OPEN MINIMAL DRESS(OP-6168),0.0,0,83400,83400,83400,0,0,0.0,100.0,1,high,24.0,7,2,none,,27,https://www.musinsa.com/products/4186523
2026-09-02,링서울,4193051,soft banded shorts-pink,0.0,0,49410,49410,49410,0,0,0.0,100.0,1,high,24.01,7,2,none,,27,https://www.musinsa.com/products/4193051
2026-09-02,파르티멘토 우먼,4204507,쉬어 미디 스커트_퍼플 베이지,0.0,0,39690,39690,39690,0,0,0.0,100.0,1,high,24.28,5,2,none,,27,https://www.musinsa.com/products/4204507
2026-09-02,제멋,4214427,이지썸머 나일론 하프팬츠 차콜 OYSP2566,0.0,0,25900,25900,25900,0,0,0.0,100.0,1,high,24.09,8,2,none,,27,https://www.musinsa.com/products/4214427
2026-09-02,유라고,4236507,"URAGO x fi,ore Square keyring",0.0,0,60040,60040,60040,0,0,0.0,100.0,1,high,24.0,5,2,none,,27,https://www.musinsa.com/products/4236507
2026-09-02,파르티멘토 우먼,4245467,스터디드 오프숄더 니트 탑_레드,0.0,0,62100,62100,62100,0,0,0.0,100.0,1,high,24.28,5,2,none,,27,https://www.musinsa.com/products/4245467
2026-09-02,레더리,4249691,브루클린 스웨이드 쇼퍼백 [BLACK],0.0,0,36480,36480,36480,0,0,0.0,100.0,1,high,24.28,5,2,none,,27,https://www.musinsa.com/products/4249691
2026-09-02,수아레,4252507,디트로이드 트러커 데님 자켓,0.0,0,57500,57500,57500,0,0,0.0,10.63,0,low,24.28,4,1,none,,27,https://www.musinsa.com/products/4252507
2026-09-02,디앤에스알,4252635,(우먼) 헤리티지 크롭 티셔츠 네이비,0.0,0,36000,36000,36000,0,0,0.0,100.0,1,high,24.0,5,2,none,,27,https://www.musinsa.com/products/4252635
2026-09-02,필루미네이트,4256347,브러쉬 워시드 데님 팬츠-블랙,0.0,0,37000,37000,37000,0,0,0.0,100.0,1,high,24.01,7,2,none,,27,https://www.musinsa.com/products/4256347
2026-09-02,1993스튜디오,4258779,엔젤 코듀로이 볼캡_브릭,0.0,0,38500,38500,38500,0,0,0.0,100.0,1,high,24.0,6,2,none,,27,https://www.musinsa.com/products/4258779
2026-09-02,1993스튜디오,4259035,드로잉 그래픽 스웨트 셔츠_오트베이지,0.0,0,44500,44500,44500,0,0,0.0,100.0,1,high,24.0,6,2,none,,27,https://www.musinsa.com/products/4259035
2026-09-02,러프사이드,4259227,Wool Field Jacket Dark Navy,0.0,0,288000,288000,288000,0,0,0.0,100.0,1,high,24.0,5,2,none,,27,https://www.musinsa.com/products/4259227
2026-09-02,1993스튜디오,4259291,빈티지 피그먼트 벌룬핏 후드 집업_더스티핑크,0.0,0,79200,79200,79200,0,0,0.0,100.0,1,high,24.0,6,2,none,,27,https://www.musinsa.com/products/4259291
2026-09-02,아웃스탠딩,4260763,VINTAGE COTTON BALL CAP(BACKCAST)_BROWN/BEIGE,0.0,0,22500,22500,,0,,,85.71,0,low,23.98,6,1,none,,27,https://www.musinsa.com/products/4260763
2026-09-02,언더오프,4261979,어센틱 릴렉스드 유니버시티 맨투맨 스웨트 그린,0.0,0,34900,34900,34900,0,0,0.0,100.0,1,high,24.0,6,2,none,,27,https://www.musinsa.com/products/4261979
2026-09-02,제너럴아이디어,4266587,에센셜 리브드 브이넥 가디건 [BLACK] / WBD3L04502,0.0,0,47000,47000,47000,0,0,0.0,100.0,1,high,24.08,7,2,none,,27,https://www.musinsa.com/products/4266587
2026-09-02,리메인세컨드,4272219,오버핏 하프집업 카라넥 스웨트 셔츠 [그레이],1.29,32844,25500,25500,25500,0,0,0.0,100.0,1,high,24.0,5,2,none,,27,https://www.musinsa.com/products/4272219
2026-09-02,드로우핏우먼,4274011,미니멀 케이블 브이넥 가디건 [PINK],0.0,0,66600,66600,66600,0,0,0.0,100.0,1,high,24.09,8,2,none,,27,https://www.musinsa.com/products/4274011
2026-09-02,노매뉴얼,4279515,NM HAIRY BEANIE - KHAKI,0.0,0,35100,35100,35100,0,0,0.0,100.0,1,high,24.28,5,2,none,,27,https://www.musinsa.com/products/4279515
2026-09-02,노매뉴얼,4279899,RAW EDGE DOUBLE KNEE PANTS - WASHED BLACK,0.0,0,51600,51600,51600,0,0,0.0,100.0,1,high,24.28,5,2,none,,27,https://www.musinsa.com/products/4279899
2026-09-02,나인제트,4284379,피그먼트 포커스 오버핏 긴팔 티셔츠 (베이지) 24TL02,0.0,0,44100,44100,44100,0,0,0.0,100.0,1,high,24.28,5,2,none,,27,https://www.musinsa.com/products/4284379
2026-09-02,헬레네파리스,4285019,리브드 롱 슬리브 [화이트],0.0,0,24020,24020,24020,0,0,0.0,100.0,1,high,24.09,8,2,none,,27,https://www.musinsa.com/products/4285019
2026-09-02,트릴리온,4287323,스케이트보드 피그먼트 그래픽 레글런 롱 슬리브 (CHARCOAL),0.0,0,27900,27900,27900,0,0,0.0,100.0,1,high,24.28,5,2,none,,27,https://www.musinsa.com/products/4287323
2026-09-02,유니폼브릿지,4290267,denim pocket shirt 7.5oz black,0.0,0,41710,41710,41710,0,0,0.0,100.0,1,high,24.08,7,2,none,,27,https://www.musinsa.com/products/4290267
2026-09-02,데케트,4300635,Half Bleach Wide Jeans DCPT053BlackB,0.0,0,31000,31000,31000,0,0,0.0,100.0,1,high,24.29,5,2,none,,27,https://www.musinsa.com/products/4300635
2026-09-02,드로우핏,4306075,콘스탄트 벌키 라운드 집업 니트 [BLACK],0.22,15248,69300,69300,69300,0,0,0.0,100.0,1,high,25.17,5,2,none,,27,https://www.musinsa.com/products/4306075
2026-09-02,디미트리블랙,4308187,VLAD 원턱 피그먼트 페이드 워싱 스웻 팬츠_블랙,4.79,162539,33900,33900,33900,0,0,0.0,100.0,1,high,24.0,16,4,none,,27,https://www.musinsa.com/products/4308187
2026-09-02,코드그라피,4309979,럭비 메쉬 져지 롱슬리브_화이트,0.77,37161,48300,48300,48300,0,0,0.0,100.0,1,high,25.17,5,2,none,,27,https://www.musinsa.com/products/4309979
2026-09-02,마인드브릿지,4312795,[COUTURE]조직변형오버핏맨투맨 - 2color MYTS6170,0.0,0,19900,19900,19900,0,0,0.0,100.0,1,high,24.29,5,2,none,,27,https://www.musinsa.com/products/4312795
2026-09-02,마인드브릿지,4313179,체크세미오버핏셔츠 MYWS6155,0.0,0,19900,19900,19900,0,0,0.0,100.0,1,high,24.29,5,2,none,,27,https://www.musinsa.com/products/4313179
2026-09-02,비긴202,4316187,코튼 드릴 투턱 팬츠 [빈티지 블랙],3.92,175279,44700,44700,44700,0,0,0.0,100.0,1,high,24.0,18,2,none,,27,https://www.musinsa.com/products/4316187
2026-09-02,커버낫,4322651,빅 C 로고 크루넥 니트 멜란지 그레이,0.0,0,49500,49500,49500,0,0,0.0,100.0,1,high,24.0,6,2,none,,27,https://www.musinsa.com/products/4322651
2026-09-02,스키즘 인듀싱,4323355,BANDANA CHAIN BLACK,0.0,0,46400,46400,46400,0,0,0.0,100.0,1,high,24.09,8,2,none,,27,https://www.musinsa.com/products/4323355
2026-09-02,틸아이다이,4324379,Dolphin line cotton shirt_Ivory,0.14,11520,80750,72250,80750,1,-8500,-10.53,100.0,1,medium,24.08,7,2,none,,27,https://www.musinsa.com/products/4324379
2026-09-02,나이스고스트클럽,4324635,GRAFFITI BAD HOODIE_GREY(NG2EFUM405A),0.0,0,48060,48060,48060,0,0,0.0,100.0,1,high,24.01,7,2,none,,27,https://www.musinsa.com/products/4324635
2026-09-02,나이스고스트클럽,4324763,SKULL RIBBON WAFFLE L/S TEE_CHARCOAL(NG2EFUT557A),0.0,0,53460,53460,53460,0,0,0.0,100.0,1,high,24.01,7,2,none,,27,https://www.musinsa.com/products/4324763
2026-09-02,후드후드,4325275,에일리언 그래픽 오버핏 롱슬리브 티셔츠 블랙,0.0,0,40370,40370,40370,0,0,0.0,100.0,1,high,25.17,5,2,none,,27,https://www.musinsa.com/products/4325275
2026-09-02,러브이즈트루,4326235,BASIC COLOR SCHEME PANTS(CAMO),0.0,0,48450,48450,48450,0,0,0.0,100.0,1,high,24.01,7,2,none,,27,https://www.musinsa.com/products/4326235
2026-09-02,드로우핏,4327323,타이디 미니멀 스트라이프 셔츠 [WHITE],0.22,10884,49500,49500,49500,0,0,0.0,100.0,1,high,25.17,10,7,none,,27,https://www.musinsa.com/products/4327323
2026-09-02,트릴리온,4328603,스케이트보드 그래픽 오버핏 후드 (NAVY),0.0,0,29700,29700,29700,0,0,0.0,100.0,1,high,24.29,5,2,none,,27,https://www.musinsa.com/products/4328603
2026-09-02,트립르센스,4329755,소프트 앤 마일드 미니멀 체크 셔츠 _베이지,0.0,0,62400,62400,62400,0,0,0.0,100.0,1,high,24.01,7,2,none,,27,https://www.musinsa.com/products/4329755
2026-09-02,에이치덱스,4329883,우먼스 피그먼트 하이넥 집업 (Pigment Charcoal),0.99,52832,53400,53400,53400,0,0,0.0,100.0,1,high,25.17,5,2,none,,27,https://www.musinsa.com/products/4329883
2026-09-02,프리즘웍스,4333531,SERVICE LABEL SWEATSHIRT _ OLIVE,0.0,0,31000,31000,31000,0,0,0.0,100.0,1,high,24.09,8,2,none,,27,https://www.musinsa.com/products/4333531
2026-09-02,트리밍버드,4344027,Back-less Strap Long Sleeve [ White ],0.0,0,109000,109000,109000,0,0,0.0,100.0,1,high,24.09,8,2,none,,27,https://www.musinsa.com/products/4344027
2026-09-02,드헤베,4344923,Out Pocket Single Tweed Jacket [Gray],0.0,0,98690,98690,98690,0,0,0.0,100.0,1,high,25.18,5,2,none,,27,https://www.musinsa.com/products/4344923
2026-09-02,디스이즈네버댓,4344987,Originals Overdyed Pant Grey,0.0,0,79500,79500,79500,0,0,0.0,100.0,1,high,24.0,6,2,none,,27,https://www.musinsa.com/products/4344987
2026-09-02,로우로우,4345115,R TRUNK PRO&PILOT 커버 [2size],0.0,0,35100,35100,35100,0,0,0.0,100.0,1,high,24.01,7,2,none,,27,https://www.musinsa.com/products/4345115
2026-09-02,어나더오피스,4349339,Legacy Knit Tie (Black),0.0,0,68000,68000,68000,0,0,0.0,100.0,1,high,24.09,7,2,none,,27,https://www.musinsa.com/products/4349339
2026-09-02,스키즘 인듀싱,4349851,CRAZY PATCHWORK TOP BEIGE,0.0,0,64800,64800,64800,0,0,0.0,100.0,1,high,24.09,8,2,none,,27,https://www.musinsa.com/products/4349851
2026-09-02,미세키서울,4351643,Side button knit GREY,0.0,0,117990,117990,,0,,,10.58,0,low,16.15,4,1,none,,27,https://www.musinsa.com/products/4351643
2026-09-02,노이어,4353499,클래식 스트라이프 셔츠 (화이트),0.02,1438,73500,73500,73500,0,0,0.0,100.0,1,high,24.09,8,2,none,,27,https://www.musinsa.com/products/4353499
2026-09-02,무센트,4358555,하트 레터링 후드 티 남녀공용 (3컬러),1.4,53900,38604,43420,34930,1,8490,24.31,100.0,1,medium,24.0,6,2,none,,27,https://www.musinsa.com/products/4358555
2026-09-02,무센트,4359003,아이코닉 체크 후드 셔츠 (남녀공용),0.0,0,53910,53910,41930,1,11980,28.57,100.0,1,medium,24.0,6,2,none,,27,https://www.musinsa.com/products/4359003
2026-09-02,카네이테이,4361691,WEST POINT N.Y. NYLON JERSY (BLACK),0.0,0,66400,66400,46480,1,19920,42.86,100.0,1,medium,24.08,7,2,none,,27,https://www.musinsa.com/products/4361691
2026-09-02,소버먼트,4365851,980G 피그먼트 스웨트 팬츠-스톤 네이비-,0.0,0,64200,64200,64200,0,0,0.0,100.0,1,high,24.01,7,2,none,,27,https://www.musinsa.com/products/4365851
2026-09-02,시야쥬,4369307,SIOT4114 캐서린 오버핏 트위드 자켓_Black,0.0,0,177840,177840,177840,0,0,0.0,100.0,1,high,24.0,6,2,none,,27,https://www.musinsa.com/products/4369307
2026-09-02,시야쥬,4369947,SIKN2126 메리노 울 미니멀 가디건_Red,0.0,0,110300,110300,110300,0,0,0.0,100.0,1,high,24.0,6,2,none,,27,https://www.musinsa.com/products/4369947
2026-09-02,더바이닐하우스,4371675,CORDUROY WESTERN SHIRTS KHAKI,0.0,0,54080,54080,47320,1,6760,14.29,100.0,1,medium,24.0,6,2,none,,27,https://www.musinsa.com/products/4371675
2026-09-02,더바이닐하우스,4371803,ROUND POCKET KNIT ZIP-UP GREY,0.0,0,86200,86200,82810,1,3390,4.09,100.0,1,medium,24.0,6,2,none,,27,https://www.musinsa.com/products/4371803
2026-09-02,넌블랭크,4373339,[CARREMAN] 세미 와이드 핏 슬랙스_GREY,0.52,24573,47200,47200,47200,0,0,0.0,52.08,0,low,24.01,6,1,none,,27,https://www.musinsa.com/products/4373339
2026-09-02,노티카,4373915,아치로고 스웨트셔츠(라이트베이지),0.0,0,69300,69300,69300,0,0,0.0,100.0,1,high,24.0,5,2,none,,27,https://www.musinsa.com/products/4373915
2026-09-02,어반드레스,4376539,Ribbon Wide Cargo Pants BLUE,0.0,0,66000,66000,66000,0,0,0.0,100.0,1,high,24.09,8,2,none,,27,https://www.musinsa.com/products/4376539
2026-09-02,브라운야드,4379675,"스윙 자켓, 다크 네이비",0.0,0,378000,378000,378000,0,0,0.0,100.0,1,high,24.01,7,2,none,,27,https://www.musinsa.com/products/4379675
2026-09-02,인템포무드,4380123,범프 워시드 카고 팬츠_차콜,0.0,0,48000,48000,48000,0,0,0.0,100.0,1,high,24.0,6,2,none,,27,https://www.musinsa.com/products/4380123
2026-09-02,미나브,4380187,논페이드 데님 워크 자켓 [인디고],0.73,58029,79200,79200,79200,0,0,0.0,100.0,1,high,24.09,8,2,none,,27,https://www.musinsa.com/products/4380187
2026-09-02,인사일런스우먼,4383323,빈티지 카펜터 데님 DARK GREY,0.0,0,109900,109900,125600,1,-15700,-12.5,100.0,1,medium,24.09,8,2,none,,27,https://www.musinsa.com/products/4383323
2026-09-02,아틀리에나인,4387611,LUNA SET-UP CHECK JACKET(JK-2960),0.0,0,178200,178200,178200,0,0,0.0,100.0,1,high,24.0,7,2,none,,27,https://www.musinsa.com/products/4387611
2026-09-02,세터,4387739,스크런치 미니 토트 앤 크로스 백 블랙,0.0,0,109000,109000,109000,0,0,0.0,100.0,1,high,24.0,5,2,none,,27,https://www.musinsa.com/products/4387739
2026-09-02,브룩스 브라더스,4388443,1818 스톰 시스템 탑 코트 (네이비) (BBCSMM5002QEF),0.0,0,1094000,1094000,1094000,0,0,0.0,100.0,1,high,24.01,7,2,none,,27,https://www.musinsa.com/products/4388443
2026-09-02,제로,4392795,Washed Wide Denim Pants [2 Colors],0.0,0,38500,38500,38500,0,0,0.0,100.0,1,high,24.0,5,2,none,,27,https://www.musinsa.com/products/4392795
2026-09-02,나이스고스트클럽,4393563,PANEL STITCH JEANS_BLACK(NG2EFUD113A),0.0,0,80460,80460,80460,0,0,0.0,100.0,1,high,24.01,7,2,none,,27,https://www.musinsa.com/products/4393563
2026-09-02,나이스고스트클럽,4393627,MANIAC GIRL CAP_BLACK(NG2EFUAB27A),0.0,0,26460,26460,26460,0,0,0.0,100.0,1,high,24.01,7,2,none,,27,https://www.musinsa.com/products/4393627
2026-09-02,유라고,4400155,Knit scrunchie,0.0,0,33440,33440,33440,0,0,0.0,100.0,1,high,24.0,5,2,none,,27,https://www.musinsa.com/products/4400155
2026-09-02,유라고,4402715,Satin banding pants,0.0,0,95760,95760,95760,0,0,0.0,100.0,1,high,24.0,5,2,none,,27,https://www.musinsa.com/products/4402715
2026-09-02,브라운야드,4403163,"퓨어 울 투 턱 팬츠, 블랙",0.0,0,338000,338000,338000,0,0,0.0,100.0,1,high,24.01,7,2,none,,27,https://www.musinsa.com/products/4403163
2026-09-02,디스이즈네버댓,4403483,Striped Waffle Knit Hoodie Grey,0.0,0,79500,79500,79500,0,0,0.0,100.0,1,high,24.0,6,2,none,,27,https://www.musinsa.com/products/4403483
2026-09-02,어반드레스,4403675,Raven Art Leather Long Jacket BLACK X WHITE,0.0,0,126000,126000,126000,0,0,0.0,100.0,1,high,24.09,8,2,none,,27,https://www.musinsa.com/products/4403675
2026-09-02,어반드레스,4403803,V Vegan Leather Short Jacket BLACK,0.0,0,84000,84000,84000,0,0,0.0,100.0,1,high,24.09,8,2,none,,27,https://www.musinsa.com/products/4403803
2026-09-02,니티드,4409115,(W) 미니멀 AND 라운드 니트 BLACK,0.0,0,26550,26550,42240,1,-15690,-37.14,100.0,1,medium,25.18,5,2,none,,27,https://www.musinsa.com/products/4409115
2026-09-02,로제프란츠,4410523,Sketch Ribbon Hood Zip-up [Gray],0.22,15672,71400,71400,71400,0,0,0.0,100.0,1,high,25.18,5,2,none,,27,https://www.musinsa.com/products/4410523
2026-09-02,로제프란츠,4411099,Two-way Bolero Sweatshirt [White],0.0,0,49400,49400,49400,0,0,0.0,100.0,1,high,25.18,5,2,none,,27,https://www.musinsa.com/products/4411099
2026-09-02,파르티멘토 우먼,4417243,93 차오 프린티드 롱 슬리브 티_화이트,0.0,0,44100,44100,44100,0,0,0.0,100.0,1,high,24.3,5,2,none,,27,https://www.musinsa.com/products/4417243
2026-09-02,파르티멘토 우먼,4417371,트랜스폼 레이어드 저지 롱슬리브 드레스_블랙,0.0,0,53100,53100,53100,0,0,0.0,100.0,1,high,24.3,5,2,none,,27,https://www.musinsa.com/products/4417371
2026-09-02,스키즘 인듀싱,4419419,FR ZIP UP HOODIE BLACK,0.0,0,142800,142800,142800,0,0,0.0,100.0,1,high,24.09,8,2,none,,27,https://www.musinsa.com/products/4419419
2026-09-02,밀로 아카이브,4419931,글로리 텍스트 니트 [그레이],0.0,0,82800,82800,82800,0,0,0.0,100.0,1,high,24.01,7,2,none,,27,https://www.musinsa.com/products/4419931
2026-09-02,세터,4420507,(W) 블러프 라쿤 칼라 니트 가디건 네이비,0.0,0,189000,189000,189000,0,0,0.0,100.0,1,high,24.0,5,2,none,,27,https://www.musinsa.com/products/4420507
2026-09-02,엘무드,4422427,LD 리브드 슬리브리스 ( 3 COLOR ),2.19,63922,29200,29200,29200,0,0,0.0,100.0,1,high,24.0,10,4,none,,27,https://www.musinsa.com/products/4422427
2026-09-02,프리즘웍스,4422939,PATCH ROUND PULLOVER KNIT _ OATMEAL,0.0,0,80100,80100,80100,0,0,0.0,100.0,1,high,24.09,8,2,none,,27,https://www.musinsa.com/products/4422939
2026-09-02,아틀리에나인,4424923,LOND2 WAIST TUCK BLOUSE (Z-BL-4287),3.22,147594,45790,45790,45790,0,0,0.0,100.0,1,high,23.99,18,2,none,,27,https://www.musinsa.com/products/4424923
2026-09-02,제멋,4429339,[2PACK] 와이즈 오버핏 투웨이 후드집업 KJHD2594,0.0,0,74900,74900,74900,0,0,0.0,100.0,1,high,24.09,8,2,none,,27,https://www.musinsa.com/products/4429339
2026-09-02,필루미네이트,4430299,시그니처 웨이브 로고 후드 집 업-블랙,0.0,0,43000,43000,43000,0,0,0.0,100.0,1,high,24.01,7,2,none,,27,https://www.musinsa.com/products/4430299
2026-09-02,무센트,4431707,미아 레이어드 탑 가디건 티셔츠 (2컬러),0.4,8296,20930,26910,20930,1,5980,28.57,100.0,1,medium,24.0,6,2,none,,27,https://www.musinsa.com/products/4431707
2026-09-02,브룩스 브라더스,4433051,시어링 칼라 항공 점퍼 (올리브) (BBOJMM4869KEF),0.0,0,974000,974000,974000,0,0,0.0,100.0,1,high,24.01,7,2,none,,27,https://www.musinsa.com/products/4433051
2026-09-02,칙스,4439515,Forget 롱 슬리브 티셔츠 White melange,0.0,0,27900,27900,27900,0,0,0.0,100.0,1,high,24.09,8,2,none,,27,https://www.musinsa.com/products/4439515
2026-09-02,아메스월드와이드,4440027,BIG TYPO HOODIE BLACK,1.96,90877,46346,47360,41440,1,5920,14.29,100.0,1,medium,24.31,23,7,none,,27,https://www.musinsa.com/products/4440027
2026-09-02,어반드레스,4443675,Crover Handmade Wool Coat IVORY,0.0,0,99200,99200,99200,0,0,0.0,100.0,1,low,24.09,7,2,none,,27,https://www.musinsa.com/products/4443675
2026-09-02,어반드레스,4444187,Meryle Chain Mini Bag - 7COL,0.0,0,28460,28460,28460,0,0,0.0,100.0,1,high,24.09,8,2,none,,27,https://www.musinsa.com/products/4444187
2026-09-02,마인드브릿지,4448283,[호이테]카고 팬츠,0.0,0,47410,47410,47410,0,0,0.0,100.0,1,high,24.31,5,2,none,,27,https://www.musinsa.com/products/4448283
2026-09-02,세터,4452443,세터 키링 레더 에어팟 케이스 스카이 블루,0.0,0,59000,59000,59000,0,0,0.0,100.0,1,high,24.0,5,2,none,,27,https://www.musinsa.com/products/4452443
2026-09-02,스컬프터,4454747,Beaded Faux Fur Robe Black,0.0,0,204400,204400,204400,0,0,0.0,100.0,1,high,24.08,7,2,none,,27,https://www.musinsa.com/products/4454747
2026-09-02,밀로 아카이브,4456539,아카이브 에센스 가디건 [다크 마룬],0.0,0,84000,84000,84000,0,0,0.0,100.0,1,high,24.01,7,2,none,,27,https://www.musinsa.com/products/4456539
2026-09-02,브라운야드,4457947,"W 하이넥 스웨터, 블랙",0.0,0,152600,152600,152600,0,0,0.0,100.0,1,high,24.01,7,2,none,,27,https://www.musinsa.com/products/4457947
2026-09-02,피인오,4459995,9130  원턱 세미와이드 슬랙스-검정,0.48,23093,48240,48240,48240,0,0,0.0,100.0,1,high,24.01,10,2,none,,27,https://www.musinsa.com/products/4459995
2026-09-02,디스이즈네버댓,4460507,Multicolor Knit Beanie Grey,0.0,0,24500,24500,24500,0,0,0.0,100.0,1,high,24.0,6,2,none,,27,https://www.musinsa.com/products/4460507
2026-09-02,낫포너드,4461723,Vegan Leather Thorns Side Line Pants - Khaki,0.0,0,49000,49000,49000,0,0,0.0,100.0,1,high,25.18,5,2,none,,27,https://www.musinsa.com/products/4461723
2026-09-02,배드블러드,4465883,비욘드 소프트 롱슬리브 - 토바코,0.0,0,47200,47200,47200,0,0,0.0,100.0,1,high,24.09,8,2,none,,27,https://www.musinsa.com/products/4465883
2026-09-02,파르티멘토 우먼,4469083,코튼 워시드 워크 자켓_아이보리,0.0,0,152100,152100,152100,0,0,0.0,100.0,1,high,24.31,5,2,none,,27,https://www.musinsa.com/products/4469083
2026-09-02,파르티멘토 우먼,4469339,스터디드 니트 슬리브리스 탑_네이비,0.0,0,50220,50220,50220,0,0,0.0,100.0,1,high,24.31,5,2,none,,27,https://www.musinsa.com/products/4469339
2026-09-02,브렌슨,4473179,(Renew Ver.) 오버핏 긴팔티셔츠 ( 5Color ),0.6,12617,20900,20900,20900,0,0,0.0,100.0,1,high,24.0,6,2,none,,27,https://www.musinsa.com/products/4473179
2026-09-02,아메스월드와이드,4478107,CROP COWICHAN CARDIGAN IVORY,0.0,0,61440,61440,53760,1,7680,14.29,100.0,1,medium,24.31,6,2,none,,27,https://www.musinsa.com/products/4478107
2026-09-02,에이치덱스,4480987,우먼스 리브드 하이넥 하프 집업 (Brown),0.0,0,65600,65600,65600,0,0,0.0,100.0,1,high,25.19,5,2,none,,27,https://www.musinsa.com/products/4480987
2026-09-02,후드후드,4481627,에일리언 패디드 워싱 후드 점퍼 더스트블루,0.0,0,122270,122270,122270,0,0,0.0,100.0,1,high,25.19,5,2,none,,27,https://www.musinsa.com/products/4481627
2026-09-02,브라운야드,4485275,"스웨이드 하프 코트, 샌드",0.0,0,758000,758000,758000,0,0,0.0,100.0,1,high,24.01,7,2,none,,27,https://www.musinsa.com/products/4485275
2026-09-02,트립르센스,4485851,[AUSTRALIAN W90]오스트리안 울 원 사이드 코트_베이지,0.0,0,318400,318400,318400,0,0,0.0,100.0,1,high,24.01,7,2,none,,27,https://www.musinsa.com/products/4485851
2026-09-02,제너럴아이디어,4486427,UNISEX 뉴클래식 포플린 셔츠 [OLIVE] / SBD3U03002,0.0,0,53000,53000,53000,0,0,0.0,100.0,1,high,24.08,7,2,none,,27,https://www.musinsa.com/products/4486427
2026-09-02,키르시,4490203,컬렉션 빈티지 프린트 가디건 [그린],0.0,0,58000,58000,58000,0,0,0.0,100.0,1,high,24.0,6,2,none,,27,https://www.musinsa.com/products/4490203
2026-09-02,키르시,4490267,로우키 북클럽 레터링 래글런 후드 [레드],0.0,0,35500,35500,35500,0,0,0.0,100.0,1,high,24.0,6,2,none,,27,https://www.musinsa.com/products/4490267
2026-09-02,바우로프로덕트,4491291,울 TR 와이드 슬랙스[차콜],0.0,0,89000,89000,89000,0,0,0.0,100.0,1,high,25.19,7,2,none,,27,https://www.musinsa.com/products/4491291
2026-09-02,더바이닐하우스,4493851,GRUNGE CARDIGAN GREY,0.0,0,82880,82880,72520,1,10360,14.29,100.0,1,medium,24.0,6,2,none,,27,https://www.musinsa.com/products/4493851
2026-09-02,후브스,4496219,플리스 밴딩 후드티 [5-Col],0.0,0,27500,27500,27500,0,0,0.0,100.0,1,high,24.0,6,2,none,,27,https://www.musinsa.com/products/4496219
2026-09-02,러브이즈트루,4497563,LVTR KNIT(BLACK),0.0,0,39890,39890,39890,0,0,0.0,100.0,1,high,24.01,7,2,none,,27,https://www.musinsa.com/products/4497563
2026-09-02,트리밍버드,4500123,Wide Knit Leg Warmer [ Black ],0.0,0,71200,71200,71200,0,0,0.0,100.0,1,high,24.09,8,2,none,,27,https://www.musinsa.com/products/4500123
2026-09-02,플랙,4500827,웰론 패딩 푸퍼 아이보리,0.0,0,89000,89000,89000,0,0,0.0,100.0,1,high,24.0,6,2,none,,27,https://www.musinsa.com/products/4500827
2026-09-02,무드인사이드,4505179,피그다잉 워크 자켓 블루종_Brown,0.0,0,79900,79900,79900,0,0,0.0,100.0,1,high,24.09,8,2,none,,27,https://www.musinsa.com/products/4505179
2026-09-02,인사일런스,4505307,[MERLOT] Paneled Fleece Jacket IVORY,0.0,0,167760,167760,167760,0,0,0.0,100.0,1,high,24.0,6,2,none,,27,https://www.musinsa.com/products/4505307
2026-09-02,코드그라피,4507739,(우먼) 포인트 라벨 삭스_2COLOR,0.0,0,3560,3560,3560,0,0,0.0,100.0,1,high,25.19,5,2,none,,27,https://www.musinsa.com/products/4507739
2026-09-02,파르티멘토 우먼,4509787,타이 넥 스트랩 언발란스드 니트 탑_브라운,0.0,0,63990,63990,63990,0,0,0.0,100.0,1,high,24.31,5,2,none,,27,https://www.musinsa.com/products/4509787
2026-09-02,시그니처,4511899,브이넥 릴렉스 니트[블랙],0.0,0,39900,39900,39900,0,0,0.0,100.0,1,high,25.19,5,2,none,,27,https://www.musinsa.com/products/4511899
2026-09-02,더블유엠씨,4513819,비죠 하프 카라 니트 (4color),0.0,0,54500,54500,54500,0,0,0.0,100.0,1,high,24.01,7,2,none,,27,https://www.musinsa.com/products/4513819
2026-09-02,트릴리온,4514395,코듀로이 카라 스웨이드 집업 워크 자켓 [블랙],0.0,0,59000,59000,59000,0,0,0.0,100.0,1,low,24.31,4,2,none,,27,https://www.musinsa.com/products/4514395
2026-09-02,로제프란츠,4517019,Fur Round Cardigan [Beige],0.0,0,51680,51680,51680,0,0,0.0,100.0,1,high,25.19,5,2,none,,27,https://www.musinsa.com/products/4517019
2026-09-02,제너럴아이디어,4518427,UNISEX 퍼피 오버핏 기모 맨투맨 [WHITE MELANGE] / SBD4U02012,0.0,0,46020,46020,53000,1,-6980,-13.17,100.0,1,medium,24.08,7,2,none,,27,https://www.musinsa.com/products/4518427
2026-09-02,에이치덱스,4520731,우먼스 서포트 웜업 레깅스 (Black),0.0,0,36750,36750,36750,0,0,0.0,100.0,1,high,25.19,5,2,none,,27,https://www.musinsa.com/products/4520731
2026-09-02,더블유엠씨,4520923,몬스터 아치 맨투맨_NAVY,0.0,0,35550,35550,35550,0,0,0.0,100.0,1,high,24.01,7,2,none,,27,https://www.musinsa.com/products/4520923
2026-09-02,바이젝,4525787,F-22 머슬 브레이커 자켓,0.0,0,90000,90000,90000,0,0,0.0,100.0,1,high,24.0,6,2,none,,27,https://www.musinsa.com/products/4525787
2026-09-02,솔트앤초콜릿,4527003,라운드 토 바이커 미들 부츠 412446008 (4cm/2colors),0.0,0,77400,77400,77400,0,0,0.0,100.0,1,high,24.08,7,2,none,,27,https://www.musinsa.com/products/4527003
2026-09-02,웬즈데이오아시스,4537051,올웨이즈 아틀리에 퀼팅 니트 가디건 2COLOR,0.0,0,81200,81200,81200,0,0,0.0,100.0,1,high,24.09,8,2,none,,27,https://www.musinsa.com/products/4537051
2026-09-02,무센트,4546587,사이드 원형 로고 후드 티 남녀공용 (2컬러),0.0,0,51650,51650,47090,1,4560,9.68,100.0,1,medium,24.0,6,2,none,,27,https://www.musinsa.com/products/4546587
2026-09-02,아틀리에나인,4547995,BOUCLE WOOL OVERSIZED JACKET(JK-2993),0.0,0,268200,268200,268200,0,0,0.0,100.0,1,high,24.0,7,2,none,,27,https://www.musinsa.com/products/4547995
2026-09-02,제너럴아이디어,4563099,레더 핀턱 미디스커트 [BLACK] / WBD4L13513,0.0,0,39900,39900,39900,0,0,0.0,100.0,1,high,24.08,7,2,none,,27,https://www.musinsa.com/products/4563099
2026-09-02,와이케이,4563867,톤온톤 체크 머플러 베이지,0.0,0,27300,27300,27300,0,0,0.0,100.0,1,high,24.01,7,2,none,,27,https://www.musinsa.com/products/4563867
2026-09-02,후드후드,4569435,에일리언 카라 집업 가디건 라이트퍼플,0.0,0,80460,80460,80460,0,0,0.0,100.0,1,high,25.19,5,2,none,,27,https://www.musinsa.com/products/4569435
2026-09-02,배드블러드,4572443,비욘드 소프트 오프숄더 탑 - 토바코,0.0,0,52000,52000,52000,0,0,0.0,100.0,1,high,24.09,8,2,none,,27,https://www.musinsa.com/products/4572443
2026-09-02,더바이닐하우스,4573723,DYING STAR HOODIE BLACK,0.0,0,63400,63400,62580,1,820,1.31,100.0,1,medium,24.0,6,2,none,,27,https://www.musinsa.com/products/4573723
2026-09-02,파르티멘토 우먼,4576219,3M 신슐레이트 2WAY 리버시블 후디드 파카_아이보리,0.0,0,177390,177390,177390,0,0,0.0,100.0,1,high,24.32,5,2,none,,27,https://www.musinsa.com/products/4576219
2026-09-02,파르티멘토 우먼,4576411,후디드 포켓 니트 머플러_멜란지,0.0,0,54190,54190,54190,0,0,0.0,100.0,1,high,24.32,5,2,none,,27,https://www.musinsa.com/products/4576411
2026-09-02,다이브인,4583771,WIDE CURVED DENIM PANTS (WASHED BLACK),0.4,38940,98100,98100,98100,0,0,0.0,100.0,1,high,24.0,6,2,none,,27,https://www.musinsa.com/products/4583771
2026-09-02,디스이즈네버댓,4588699,TNT TEMBEA Pass Case Navy/Camo,0.0,0,59500,59500,59500,0,0,0.0,100.0,1,high,24.0,6,2,none,,27,https://www.musinsa.com/products/4588699
2026-09-02,아틀리에나인,4595099,FLOWER EMBROIDE VEST(VT-0273),0.0,0,71100,71100,71100,0,0,0.0,100.0,1,high,24.0,7,2,none,,27,https://www.musinsa.com/products/4595099
2026-09-02,어나더오피스,4595291,Scape Polo Wool Cardigan (Mole),0.0,0,148500,148500,148500,0,0,0.0,100.0,1,high,24.09,5,2,none,,27,https://www.musinsa.com/products/4595291
2026-09-02,어나더오피스,4595355,Snowman Hooded Down Jacket (Light Purple),0.0,0,236600,236600,236600,0,0,0.0,100.0,1,high,24.09,5,2,none,,27,https://www.musinsa.com/products/4595355
2026-09-02,트리밍버드,4598299,Traum Balmacaan Long Coat [ Khaki Brown ],0.0,0,489000,489000,489000,0,0,0.0,100.0,1,high,24.09,8,2,none,,27,https://www.musinsa.com/products/4598299
2026-09-02,와르,4604187,M243 플레어 핏 데님 팬츠_블랙,0.0,0,37440,37440,32400,1,5040,15.56,100.0,1,medium,24.08,7,2,none,,27,https://www.musinsa.com/products/4604187
2026-09-02,파르티멘토,4612443,VTG 워시드 보아 플리스 무톤 자켓 블루쉬 차콜,0.0,0,93600,93600,93600,0,0,0.0,100.0,1,high,24.0,9,2,none,,27,https://www.musinsa.com/products/4612443
2026-09-02,어나더오피스,4614747,Santiago Cashmere Sports Jacket (Heather Charcoal),0.0,0,276000,276000,276000,0,0,0.0,100.0,1,high,24.09,5,2,none,,27,https://www.musinsa.com/products/4614747
2026-09-02,트리밍버드,4616027,Solid Velour Corduroy Back Pocket Logo Pants [ Black ],0.0,0,151200,151200,151200,0,0,0.0,100.0,1,high,24.09,8,2,none,,27,https://www.musinsa.com/products/4616027
2026-09-02,썸웨어버터,4638107,Square Tote Bag - 4Color,0.0,0,87200,87200,87200,0,0,0.0,100.0,1,high,24.01,7,2,none,,27,https://www.musinsa.com/products/4638107
2026-09-02,아틀리에나인,4644891,SHINE SATIN LAYERED SKIRT(SK-4984),0.0,0,143100,143100,143100,0,0,0.0,100.0,1,high,24.0,7,2,none,,27,https://www.musinsa.com/products/4644891
2026-09-02,니티드,4645595,캣츠 밴드 라운드 니트 BLACK,0.0,0,41580,41580,41580,0,0,0.0,100.0,1,high,25.19,5,2,none,,27,https://www.musinsa.com/products/4645595
2026-09-02,키르시,4646299,키즈 자카드 니트 팬츠 [멜란지 그레이],0.0,0,44500,44500,44500,0,0,0.0,100.0,1,high,24.0,6,2,none,,27,https://www.musinsa.com/products/4646299
2026-09-02,무센트,4647195,투 핫 후드 티 (남녀공용),0.0,0,53910,53910,41930,1,11980,28.57,100.0,1,medium,24.0,6,2,none,,27,https://www.musinsa.com/products/4647195
2026-09-02,트리밍버드,4656219,Layered Wrap Skirt Denim Cargo Pants [ Dark navy ],0.0,0,191200,191200,191200,0,0,0.0,100.0,1,high,24.09,8,2,none,,27,https://www.musinsa.com/products/4656219
2026-09-02,썸웨어버터,4672283,Heart Alpaca Nordic Cardigan - Ivory,0.0,0,135200,135200,135200,0,0,0.0,100.0,1,high,24.01,7,2,none,,27,https://www.musinsa.com/products/4672283
2026-09-02,바우로프로덕트,4681307,헤비 울 크롭 가디건 [차콜],0.0,0,119000,119000,119000,0,0,0.0,100.0,1,high,25.2,7,2,none,,27,https://www.musinsa.com/products/4681307
2026-09-02,유니폼브릿지,4687579,plaid check shirt orange,0.0,0,64500,64500,64500,0,0,0.0,100.0,1,high,24.08,7,2,none,,27,https://www.musinsa.com/products/4687579
2026-09-02,헬레네파리스,4694299,언벨런스 플레어 스커트 [블랙],0.02,1221,59360,59360,59360,0,0,0.0,100.0,1,high,24.09,8,2,none,,27,https://www.musinsa.com/products/4694299
2026-09-02,일리고,4694811,체크 아플리케 후드 집업 블랙,0.0,0,76000,76000,76000,0,0,0.0,100.0,1,high,24.33,5,2,none,,27,https://www.musinsa.com/products/4694811
2026-09-02,드로우핏우먼,4696923,칼라리스 투웨이 벨트 블레이저 [BEIGE],0.0,0,149600,149600,149600,0,0,0.0,100.0,1,high,24.09,8,2,none,,27,https://www.musinsa.com/products/4696923
2026-09-02,로제프란츠,4697627,Unbalance Eyelet Top [Black],0.0,0,37400,37400,37400,0,0,0.0,100.0,1,high,25.2,5,2,none,,27,https://www.musinsa.com/products/4697627
2026-09-02,커버낫,4702619,실키 와샤 스트링백 Khaki,0.0,0,48060,48060,48060,0,0,0.0,100.0,1,high,24.0,6,2,none,,27,https://www.musinsa.com/products/4702619
2026-09-02,해비즘,4704219,ROSE HALF NECK ZIP UP JACKET(PINK),0.0,0,25900,25900,25900,0,0,0.0,100.0,1,high,24.01,7,2,none,,27,https://www.musinsa.com/products/4704219
2026-09-02,더블유엠씨,4704475,아가일 펀칭 롱슬리브_PALE KHAKI,0.0,0,48300,48300,48300,0,0,0.0,100.0,1,high,24.01,7,2,none,,27,https://www.musinsa.com/products/4704475
2026-09-02,마인드브릿지우먼,4705435,[W][COUTURE]보트넥 립 배색 슬림핏 니트,0.0,0,29900,29900,29900,0,0,0.0,100.0,1,high,24.0,7,2,none,,27,https://www.musinsa.com/products/4705435
2026-09-02,헬레네파리스,4705691,웨이스트 체인 벨트,0.0,0,49600,49600,49600,0,0,0.0,100.0,1,high,24.09,8,2,none,,27,https://www.musinsa.com/products/4705691
2026-09-02,마인드브릿지,4705755,[수피마]라운드넥 분또 티셔츠 - 3color,0.0,0,35900,35900,35900,0,0,0.0,100.0,1,high,24.33,5,2,none,,27,https://www.musinsa.com/products/4705755
2026-09-02,비터셀즈,4706651,스포티 하트 롱 슬리브-아이보리,0.0,0,35200,35200,35200,0,0,0.0,100.0,1,high,24.33,9,2,none,,27,https://www.musinsa.com/products/4706651
2026-09-02,프렌다,4708571,PRDA BIG PATCH SPRAY HOODIE BLACK,0.0,0,34500,34500,34500,0,0,0.0,100.0,1,high,24.09,8,2,none,,27,https://www.musinsa.com/products/4708571
2026-09-02,아웃스탠딩,4710555,LAMBSWOOL FISHERMAN COLLAR CARDIGAN_BLACK,0.0,0,54000,54000,54000,0,0,0.0,100.0,1,high,24.08,7,2,none,,27,https://www.musinsa.com/products/4710555
2026-09-02,아틀리에나인,4715739,STANDARD BIKER LEATHER JACKET(JK-3013),0.0,0,178200,178200,178200,0,0,0.0,100.0,1,high,24.0,7,2,none,,27,https://www.musinsa.com/products/4715739
2026-09-02,유니폼브릿지,4717019,half zip-up sweatshirt(womens) dusty yellow,0.0,0,63600,63600,63600,0,0,0.0,100.0,1,high,24.08,7,2,none,,27,https://www.musinsa.com/products/4717019
2026-09-02,더뮤지엄비지터,4717531,STAR LINING POINT FUR JACKET (BEIGE),0.0,0,127800,127800,127800,0,0,0.0,100.0,1,high,24.08,7,2,none,,27,https://www.musinsa.com/products/4717531
2026-09-02,일꼬르소,4722715,파라슈트 왁스 코팅 패디드 점퍼 블랙 IEJU5E204BK,0.0,0,114500,114500,114500,0,0,0.0,100.0,1,high,24.0,6,2,none,,27,https://www.musinsa.com/products/4722715
2026-09-02,레더리,4727515,글로시 나일론 버킷 백팩 [BLACK],4.75,289064,60800,60800,60800,0,0,0.0,100.0,1,high,8.99,23,7,none,,27,https://www.musinsa.com/products/4727515
2026-09-02,노매뉴얼,4727579,NM X MP SWEATPANTS - WASHED BLACK,0.0,0,149000,149000,149000,0,0,0.0,100.0,1,high,24.33,5,2,none,,27,https://www.musinsa.com/products/4727579
2026-09-02,필루미네이트,4728667,피그먼트 카펜터 스웨트 팬츠-네이비,0.0,0,39000,39000,39000,0,0,0.0,100.0,1,high,24.01,7,2,none,,27,https://www.musinsa.com/products/4728667
2026-09-02,카네이테이,4728859,RIDGEWOOD CREWNECK (IVORY),0.0,0,69000,69000,48300,1,20700,42.86,100.0,1,medium,24.08,7,2,none,,27,https://www.musinsa.com/products/4728859
2026-09-02,미나브,4729819,맨다운 와이드 데님팬츠 [미드블루],0.0,0,31680,31680,31680,0,0,0.0,100.0,1,high,24.09,8,2,none,,27,https://www.musinsa.com/products/4729819
2026-09-02,일리고,4730971,레이어드 스커트 머플러 블랙,0.0,0,44000,44000,44000,0,0,0.0,100.0,1,high,24.33,5,2,none,,27,https://www.musinsa.com/products/4730971
2026-09-02,제너럴아이디어,4731355,스트랩 레이어드 가디건 [CHARCOAL] / WBE1L04506,0.0,0,55200,55200,60000,1,-4800,-8.0,100.0,1,medium,24.08,7,2,none,,27,https://www.musinsa.com/products/4731355
2026-09-02,미세키서울,4732827,Shirring knee socks IVORY,1.0,21596,21625,19670,21850,1,-2180,-9.98,100.0,1,medium,24.33,5,2,none,,27,https://www.musinsa.com/products/4732827
2026-09-02,노매뉴얼,4734107,NM ANGEL NYLON BALL CAP - GRAY,0.0,0,31200,31200,31200,0,0,0.0,100.0,1,high,24.33,5,2,none,,27,https://www.musinsa.com/products/4734107
2026-09-02,노매뉴얼,4734299,D.P CARGO BERMUDA PANTS - CAMOUFLAGE,0.0,0,80500,80500,80500,0,0,0.0,100.0,1,high,24.33,5,2,none,,27,https://www.musinsa.com/products/4734299
2026-09-02,노매뉴얼,4734427,ROADRUNNER T-SHIRT - BLACK,0.0,0,27300,27300,27300,0,0,0.0,100.0,1,high,24.33,5,2,none,,27,https://www.musinsa.com/products/4734427
2026-09-02,노매뉴얼,4734555,MULTI PANEL WORK JACKET - WASHED BLACK,0.0,0,218400,218400,218400,0,0,0.0,100.0,1,high,24.33,5,2,none,,27,https://www.musinsa.com/products/4734555
2026-09-02,디스이즈네버댓,4735323,T-Logo Cap Grey,0.0,0,36000,36000,36000,0,0,0.0,100.0,1,high,24.0,6,2,none,,27,https://www.musinsa.com/products/4735323
2026-09-02,디스이즈네버댓,4735387,Overdyed Embroidery Hoodie Purple Grey,0.0,0,59500,59500,59500,0,0,0.0,100.0,1,high,24.0,6,2,none,,27,https://www.musinsa.com/products/4735387
2026-09-02,아웃스탠딩,4736027,MIL SERIES CAP(456th)_BRICK,0.14,6334,44100,44100,44100,0,0,0.0,100.0,1,high,24.08,7,2,none,,27,https://www.musinsa.com/products/4736027
2026-09-02,썸웨어버터,4738331,Dewey Lace Mini Dress - Ivory,0.0,0,136000,136000,136000,0,0,0.0,100.0,1,high,24.01,7,2,none,,27,https://www.musinsa.com/products/4738331
2026-09-02,트리밍버드,4745755,Horizon Logo Long Sleeves [ Black ],0.0,0,89000,89000,89000,0,0,0.0,100.0,1,high,24.09,8,2,none,,27,https://www.musinsa.com/products/4745755
2026-09-02,르아르,4747227,퓨어 코튼 브이넥 니트 [그레이],0.84,39325,46800,46800,46800,0,0,0.0,100.0,1,high,24.0,11,8,none,,27,https://www.musinsa.com/products/4747227
2026-09-02,시야쥬,4747931,SITP5181 DURER 헤리티지 자수 맨투맨_Melange gray,0.0,0,79000,79000,79000,0,0,0.0,100.0,1,high,24.0,6,2,none,,27,https://www.musinsa.com/products/4747931
2026-09-02,9999아카이브,4749211,Crooked Sied Ribbon Vest,0.0,0,23400,23400,23400,0,0,0.0,100.0,1,high,24.01,7,2,none,,27,https://www.musinsa.com/products/4749211
2026-09-02,키르시,4749339,펑크 트랙 돌핀 팬츠 [아이보리],0.0,0,29400,29400,29400,0,0,0.0,100.0,1,high,24.0,6,2,none,,27,https://www.musinsa.com/products/4749339
2026-09-02,키르시,4749403,코듀로이 카라 워크 자켓 [블랙],0.0,0,111300,111300,111300,0,0,0.0,100.0,1,high,24.0,6,2,none,,27,https://www.musinsa.com/products/4749403
2026-09-02,론론,4749915,SMOCKED LACE CANCAN RUFFLE PANTSKIRT WHITE,0.0,0,63360,63360,49280,1,14080,28.57,100.0,1,medium,24.09,8,2,none,,27,https://www.musinsa.com/products/4749915
2026-09-02,와이케이,4752347,리버시블 체크 윈드브레이커 아이보리,0.0,0,104250,104250,104250,0,0,0.0,100.0,1,high,24.01,7,2,none,,27,https://www.musinsa.com/products/4752347
2026-09-02,던스트,4755675,2-WAY ESSENTIAL STRIPED SHIRT_UDSH6A202_GREY STRIPE,0.0,0,98100,98100,78480,1,19620,25.0,100.0,1,medium,24.01,7,2,none,,27,https://www.musinsa.com/products/4755675
2026-09-02,커버낫,4756315,세미와이드 어센틱 스웻 팬츠 Sky Blue,0.0,0,64080,64080,64080,0,0,0.0,100.0,1,high,24.0,6,2,none,,27,https://www.musinsa.com/products/4756315
2026-09-02,커버낫,4756507,C 로고 다잉 맨투맨 Dark Navy,0.0,0,44100,44100,44100,0,0,0.0,100.0,1,high,24.0,6,2,none,,27,https://www.musinsa.com/products/4756507
2026-09-02,커버낫,4756571,어센틱 로고 후디 Dark Navy,0.0,0,68000,68000,68000,0,0,0.0,100.0,1,high,24.0,6,2,none,,27,https://www.musinsa.com/products/4756571
2026-09-02,트래블,4756827,롤업 버뮤다 데님 쇼츠 블루,0.0,0,39500,39500,39500,0,0,0.0,100.0,1,high,24.09,8,2,none,,27,https://www.musinsa.com/products/4756827
2026-09-02,커스텀어클락,4757403,소프트 베이직 라운드 가디건 라이트그레이 COOSCD020LGRAY,0.4,18777,47200,47200,47200,0,0,0.0,100.0,1,high,24.0,6,2,none,,27,https://www.musinsa.com/products/4757403
2026-09-02,트릴리온,4758043,컬러 워크 카라 집업 니트 자켓 [퍼플 브라운],0.0,0,39900,39900,39900,0,0,0.0,100.0,1,high,24.34,5,2,none,,27,https://www.musinsa.com/products/4758043
2026-09-02,언탭트스튜디오,4758875,트랙 럭비 카라 오버핏 맨투맨 스웻 티셔츠 3 COLOR,0.0,0,35910,35910,35910,0,0,0.0,100.0,1,high,24.01,8,2,none,,27,https://www.musinsa.com/products/4758875
2026-09-02,언탭트스튜디오,4759707,US 트랙 스포티 오버핏 맨투맨 3Color,0.0,0,34970,34970,34970,0,0,0.0,100.0,1,high,24.01,8,2,none,,27,https://www.musinsa.com/products/4759707
2026-09-02,미세키서울,4760155,Draped shirt skirt pants SET CHARCOAL,0.0,0,187200,187200,208000,1,-20800,-10.0,100.0,1,medium,24.34,5,2,none,,27,https://www.musinsa.com/products/4760155
2026-09-02,노이어,4760987,에센셜 루즈핏 대디 가디건 (그레이),1.04,99910,96000,96000,96000,0,0,0.0,100.0,1,high,24.09,24,14,none,,27,https://www.musinsa.com/products/4760987
2026-09-02,엑스트라오디너리,4763099,QUEEN TAROT LONG SLEEVE L.M/GREY,0.0,0,39500,39500,39500,0,0,0.0,100.0,1,high,24.34,5,2,none,,27,https://www.musinsa.com/products/4763099
2026-09-02,에이치덱스,4763675,우먼스 레터링 모달 커버업 탱크탑 (Light Pink),0.0,0,23400,23400,23400,0,0,0.0,100.0,1,high,25.2,5,2,none,,27,https://www.musinsa.com/products/4763675
2026-09-02,도프제이슨,4767451,워커스 레더 블루종 BLACK,0.0,0,159000,159000,159000,0,0,0.0,100.0,1,high,24.01,7,2,none,,27,https://www.musinsa.com/products/4767451
2026-09-02,디스이즈네버댓,4767515,Script-Logo No Cuff Beanie Lavender,0.0,0,22500,22500,22500,0,0,0.0,100.0,1,high,24.0,6,2,none,,27,https://www.musinsa.com/products/4767515
2026-09-02,모즈모즈,4778587,뒷절개 오버핏 피그먼트 반팔티셔츠 블랙,0.0,0,29800,29800,29800,0,0,0.0,100.0,1,high,24.0,11,8,none,,27,https://www.musinsa.com/products/4778587
2026-09-02,모즈모즈,4781595,브러시로고 더블 위브 반팔 티셔츠 카키,0.0,0,28800,28800,28800,0,0,0.0,100.0,1,high,24.0,5,2,none,,27,https://www.musinsa.com/products/4781595
2026-09-02,모즈모즈,4782107,고스트 드로잉 오버핏 반팔티셔츠 챠콜,0.0,0,23800,23800,23800,0,0,0.0,100.0,1,high,24.0,5,2,none,,27,https://www.musinsa.com/products/4782107
2026-09-02,제너럴아이디어,4782363,포켓 블루종 셔츠 [BLUE] / WBE1L03511,0.0,0,47200,47200,47200,0,0,0.0,100.0,1,high,24.08,7,2,none,,27,https://www.musinsa.com/products/4782363
2026-09-02,카키포인트,4782875,Washing Wide Denim (gray),0.27,26175,97920,97920,97920,0,0,0.0,100.0,1,high,24.09,8,2,none,,27,https://www.musinsa.com/products/4782875
2026-09-02,모즈모즈,4783771,[SET] 고스트드로잉 반팔+더블코튼 와이드 원턱 반바지 셋업 네이비,0.0,0,34220,34220,34220,0,0,0.0,100.0,1,high,24.0,5,2,none,,27,https://www.musinsa.com/products/4783771
2026-09-02,웬즈데이오아시스,4783899,브러쉬 워시드 세미와이드 데님_Blue(WC25-PT01),0.0,0,61600,61600,61600,0,0,0.0,100.0,1,high,24.09,8,2,none,,27,https://www.musinsa.com/products/4783899
2026-09-02,기철,4786715,Tidy oxford shirt (sky blue),0.0,0,41400,41400,41400,0,0,0.0,100.0,1,high,24.0,5,2,none,,27,https://www.musinsa.com/products/4786715
2026-09-02,기철,4786843,Worker standard t-shirt (black),0.0,0,33600,33600,33600,0,0,0.0,100.0,1,high,24.0,5,2,none,,27,https://www.musinsa.com/products/4786843
2026-09-02,낫포너드,4787675,4 Cross Symbol Stripe Hood Zip Up - Pink,0.0,0,49000,49000,49000,0,0,0.0,100.0,1,high,25.2,5,2,none,,27,https://www.musinsa.com/products/4787675
2026-09-02,스컬프터,4787739,Puff Tailored Jacket Black,0.0,0,134400,134400,134400,0,0,0.0,100.0,1,high,24.08,7,2,none,,27,https://www.musinsa.com/products/4787739
2026-09-02,파르티멘토 우먼,4791579,워시드 데미지 초어 코트_차콜,0.0,0,160380,160380,160380,0,0,0.0,100.0,1,high,24.35,5,2,none,,27,https://www.musinsa.com/products/4791579
2026-09-02,니티드,4797019,버뮤다 트레이닝 하프 팬츠 BLACK,12.85,399772,31100,31100,31100,0,0,0.0,100.0,1,low,9.04,25,7,none,,27,https://www.musinsa.com/products/4797019
2026-09-02,커버낫,4797787,레귤러 백사틴 퍼티그 팬츠 Dark Khaki,0.0,0,53100,53100,53100,0,0,0.0,100.0,1,high,24.0,6,2,none,,27,https://www.musinsa.com/products/4797787
2026-09-02,커버낫,4797851,루즈핏 린넨 셔츠 Yellow,0.0,0,44100,44100,44100,0,0,0.0,100.0,1,high,24.0,6,2,none,,27,https://www.musinsa.com/products/4797851
2026-09-02,무센트,4798555,뫼비우스 레터링 나그랑 배색 맨투맨 남녀공용 (2Color),0.0,0,34720,34720,27930,1,6790,24.31,100.0,1,medium,24.0,6,2,none,,27,https://www.musinsa.com/products/4798555
2026-09-02,본투윈,4799131,W NUMBER PIN-TUCK SNAP HOODIE [WHITE MELANGE GREY],0.0,0,48300,48300,48300,0,0,0.0,100.0,1,high,24.08,7,2,none,,27,https://www.musinsa.com/products/4799131
2026-09-02,본투윈,4799195,SQUARE ARCH SEMI OVER FIT T-SHIRTS [MELANGE GREY],0.0,0,54000,54000,54000,0,0,0.0,100.0,1,high,24.08,7,2,none,,27,https://www.musinsa.com/products/4799195
2026-09-02,루에브르,4799899,[SET] Knit Cardigan + Bustier top SS5SD135_2color,0.0,0,199000,199000,199000,0,0,0.0,100.0,1,high,24.09,8,2,none,,27,https://www.musinsa.com/products/4799899
2026-09-02,그루브라임,4805147,남) C100 3단쭈리 원턱 와이드 (25년)(3COLOR) [LRARCYW172P],0.0,0,44900,44900,44900,0,0,0.0,100.0,1,high,24.09,8,2,none,,27,https://www.musinsa.com/products/4805147
2026-09-02,르아브,4806235,코브 후크 헨리넥 티셔츠 바이올렛,0.52,21574,41300,41300,41300,0,0,0.0,100.0,1,high,24.01,7,2,none,,27,https://www.musinsa.com/products/4806235
2026-09-02,세컨모놀로그,4810651,스냅 체크 후드 셔츠 자켓 [PINK]_SEJK011PINK,0.4,14178,35600,35600,35600,0,0,0.0,100.0,1,high,24.0,6,2,none,,27,https://www.musinsa.com/products/4810651
2026-09-02,론론,4812443,DOT PATTERN LAYERED KNIT CARDIGAN CHARCOAL BLACK,0.0,0,98820,98820,98820,0,0,0.0,100.0,1,high,24.09,8,2,none,,27,https://www.musinsa.com/products/4812443
2026-09-02,디스이즈네버댓,4813659,Oxford Shirt Blue,0.0,0,59500,59500,59500,0,0,0.0,100.0,1,high,24.0,6,2,none,,27,https://www.musinsa.com/products/4813659
2026-09-02,와이케이,4816731,빅 아가일 부클 니트 스카이블루,0.0,0,53300,53300,53300,0,0,0.0,100.0,1,high,24.01,7,2,none,,27,https://www.musinsa.com/products/4816731
2026-09-02,시눈,4817819,Rose Frill Mini Skirt (Cream Yellow),0.0,0,134570,134570,149520,1,-14950,-10.0,100.0,1,medium,24.0,5,2,none,,27,https://www.musinsa.com/products/4817819
2026-09-02,유니폼브릿지,4818139,vintage linen pocket shirt brick,0.0,0,63600,63600,63600,0,0,0.0,100.0,1,high,24.08,7,2,none,,27,https://www.musinsa.com/products/4818139
2026-09-02,베르만어패럴,4823003,우먼즈 애슬레틱 크롭 후드집업 2colors,0.0,0,59400,59400,59400,0,0,0.0,100.0,1,high,24.09,8,2,none,,27,https://www.musinsa.com/products/4823003
2026-09-02,인사일런스,4824987,시어드 아노락 BLACK,0.0,0,135360,135360,135360,0,0,0.0,100.0,1,high,24.0,6,2,none,,27,https://www.musinsa.com/products/4824987
2026-09-02,인사일런스,4825051,라이트웨이트 필드 자켓 BLACK,0.0,0,167760,167760,167760,0,0,0.0,100.0,1,high,24.0,6,2,none,,27,https://www.musinsa.com/products/4825051
2026-09-02,르바,4826267,Light Slim Knit Cardigan - Black,0.0,0,116100,116100,116100,0,0,0.0,100.0,1,high,25.2,5,2,none,,27,https://www.musinsa.com/products/4826267
2026-09-02,필루미네이트,4826459,이지 카고 스웨트 팬츠-카키,0.0,0,28900,28900,28900,0,0,0.0,100.0,1,high,24.01,7,2,none,,27,https://www.musinsa.com/products/4826459
2026-09-02,시야쥬,4826779,SITP5187 오버 핏 멀티 ST 셔츠_Light blue,0.0,0,80100,80100,80100,0,0,0.0,100.0,1,high,24.0,6,2,none,,27,https://www.musinsa.com/products/4826779
2026-09-02,인사일런스,4832347,워시드 하이 덴시티 셔츠 BROWN,0.0,0,89000,89000,89000,0,0,0.0,100.0,1,high,24.0,6,2,none,,27,https://www.musinsa.com/products/4832347
2026-09-02,어나더오피스,4834971,Utility Cargo Slacks (Charcoal),0.0,0,123200,123200,123200,0,0,0.0,100.0,1,high,24.09,7,2,none,,27,https://www.musinsa.com/products/4834971
2026-09-02,밀로아카이브,4837787,크롭 브이넥 니트 [네이비],0.0,0,75600,75600,75600,0,0,0.0,100.0,1,high,24.01,8,2,none,,27,https://www.musinsa.com/products/4837787
2026-09-02,브라운브레스,4840219,DOUBLE KNEE BALLON PANTS - BEIGE,0.0,0,83300,83300,83300,0,0,0.0,100.0,1,high,24.09,8,2,none,,27,https://www.musinsa.com/products/4840219
2026-09-02,배드블러드,4840283,클래식 로고 맨투맨 - 블랙,0.0,0,71200,71200,71200,0,0,0.0,100.0,1,high,24.09,8,2,none,,27,https://www.musinsa.com/products/4840283
2026-09-02,배드블러드,4840347,클래식 체크 2 Way 조거 트라우져 - 그린,0.0,0,106400,106400,106400,0,0,0.0,100.0,1,high,24.09,8,2,none,,27,https://www.musinsa.com/products/4840347
2026-09-02,웬즈데이오아시스,4850139,올웨이즈 노아 투웨이 니트 집업_Mint(WC25-KN08),0.0,0,55300,55300,55300,0,0,0.0,100.0,1,high,24.09,8,2,none,,27,https://www.musinsa.com/products/4850139
2026-09-02,1993스튜디오,4854875,더블니 카펜터 워싱 카모 버뮤다 팬츠_카모,0.0,0,51450,51450,51450,0,0,0.0,100.0,1,high,24.0,6,2,none,,27,https://www.musinsa.com/products/4854875
2026-09-02,무드인사이드,4860059,소브 카바링 헨리넥 롱 슬리브_Charcoal,0.0,0,25900,25900,25900,0,0,0.0,100.0,1,high,24.09,8,2,none,,27,https://www.musinsa.com/products/4860059
2026-09-02,필루미네이트,4860123,벨루어 칼라 롱 슬리브-브라운,0.0,0,32000,32000,32000,0,0,0.0,100.0,1,high,24.01,7,2,none,,27,https://www.musinsa.com/products/4860123
2026-09-02,낫포너드,4861467,N4ND Drip Logo Denim Pants - White,0.0,0,70740,70740,70740,0,0,0.0,100.0,1,high,25.21,5,2,none,,27,https://www.musinsa.com/products/4861467
2026-09-02,필루미네이트,4862811,시어 에어 윈드브레이커-블랙,0.0,0,43900,43900,43900,0,0,0.0,100.0,1,high,24.01,7,2,none,,27,https://www.musinsa.com/products/4862811
2026-09-02,론론,4865499,BACK LABEL SLIMFIT KNIT CARDIGAN BLACK,0.0,0,80190,80190,80190,0,0,0.0,100.0,1,high,24.09,8,2,none,,27,https://www.musinsa.com/products/4865499
2026-09-02,론론,4865563,DOT RINGER PUFF T SHIRT BLACK,0.0,0,44550,44550,44550,0,0,0.0,100.0,1,high,24.09,8,2,none,,27,https://www.musinsa.com/products/4865563
2026-09-02,프리즘웍스,4871323,CLIPPING POCKET SHIRT _ STRIPE,0.0,0,58800,58800,58800,0,0,0.0,100.0,1,high,24.09,8,2,none,,27,https://www.musinsa.com/products/4871323
2026-09-02,엘무드,4873755,크로셰 실켓코튼 헨리넥 하프 니트 블랙,0.0,0,47500,47500,47500,0,0,0.0,100.0,1,high,24.01,6,2,none,,27,https://www.musinsa.com/products/4873755
2026-09-02,썬러브투어,4877147,Capital Tee Black,0.27,11833,44240,45350,44240,1,1110,2.51,100.0,1,medium,24.09,8,2,none,,27,https://www.musinsa.com/products/4877147
2026-09-02,노이어,4882459,레이어드 헨리넥 롱 슬리브 티셔츠 (블랙네이비),0.0,0,53300,53300,53300,0,0,0.0,100.0,1,high,24.09,8,2,none,,27,https://www.musinsa.com/products/4882459
2026-09-02,키뮤어,4886043,(우먼) 버뮤다 데님 카펜터 쇼츠_스카이블루,0.0,0,20700,20700,20700,0,0,0.0,100.0,1,high,24.09,8,2,none,,27,https://www.musinsa.com/products/4886043
2026-09-02,더바넷,4890907,Tweed Drawstring Chain Backpack_Ivory,0.0,0,175500,175500,175500,0,0,0.0,100.0,1,high,25.21,5,2,none,,27,https://www.musinsa.com/products/4890907
2026-09-02,오퍼스 0012,4896731,Op. 07 GLORY CROP T-SHIRTS WHITE,0.0,0,26000,26000,26000,0,0,0.0,100.0,1,high,24.08,7,2,none,,27,https://www.musinsa.com/products/4896731
2026-09-02,제너럴아이디어,4898523,레이스 트리밍 스웨트 팬츠 [BLACK] / WBE2L11505,0.14,7958,55200,55200,55200,0,0,0.0,100.0,1,high,24.08,7,2,none,,27,https://www.musinsa.com/products/4898523
2026-09-02,마인드브릿지우먼,4899099,[W]원턱 와이드 크리즈 밴딩 팬츠,0.0,0,49900,49900,49900,0,0,0.0,100.0,1,high,24.0,7,2,none,,27,https://www.musinsa.com/products/4899099
2026-09-02,마인드브릿지우먼,4899291,[W]크리즈 오픈 카라 반팔 셔츠 - 2color,0.0,0,49900,49900,49900,0,0,0.0,100.0,1,high,24.0,7,2,none,,27,https://www.musinsa.com/products/4899291
2026-09-02,키르시,4904667,락 체리 그래픽 루즈핏 티셔츠 [화이트],0.0,0,25200,25200,25200,0,0,0.0,100.0,1,high,24.01,6,2,none,,27,https://www.musinsa.com/products/4904667
2026-09-02,디스이즈네버댓,4905563,TNT CHAMPS Cap Charcoal,0.0,0,26000,26000,26000,0,0,0.0,100.0,1,high,24.01,6,2,none,,27,https://www.musinsa.com/products/4905563
2026-09-02,넌블랭크,4905627,[여름]울 텐셀 언컨 자켓_BLACK,0.0,0,127200,127200,127200,0,0,0.0,100.0,1,high,24.01,7,2,none,,27,https://www.musinsa.com/products/4905627
2026-09-02,본투윈,4909467,BRNTW TRACK LINE T-SHIRTS [WHITE],1.0,59000,59000,59000,59000,0,0,0.0,100.0,1,high,10.17,26,8,none,,27,https://www.musinsa.com/products/4909467
2026-09-02,틸아이다이,4909787,Backslit detail soft cotton shirt_Butter,0.0,0,81560,81560,81560,0,0,0.0,100.0,1,high,24.08,7,2,none,,27,https://www.musinsa.com/products/4909787
2026-09-02,인템포무드,4911195,스터드 벨트 커브 데님 _인디고,0.0,0,63200,63200,63200,0,0,0.0,100.0,1,high,24.01,6,2,none,,27,https://www.musinsa.com/products/4911195
2026-09-02,커버낫,4913947,버뮤다 코튼 쇼츠 Dark Navy,0.0,0,56070,56070,56070,0,0,0.0,100.0,1,high,24.01,6,2,none,,27,https://www.musinsa.com/products/4913947
2026-09-02,낫포너드,4915163,Double Knee Carpenter Flare Fit Cotton Pants - Black,0.0,0,55890,55890,55890,0,0,0.0,100.0,1,high,25.21,5,2,none,,27,https://www.musinsa.com/products/4915163
2026-09-02,트리밍버드,4916379,Glitter Crew Socks [ Gray ],0.0,0,23000,23000,23000,0,0,0.0,100.0,1,high,24.09,8,2,none,,27,https://www.musinsa.com/products/4916379
2026-09-02,카네이테이,4919067,ARMEE FRANCAISE RINGER SHORT SLEEVE (NAVY),0.0,0,23610,23610,23610,0,0,0.0,100.0,1,high,24.08,7,2,none,,27,https://www.musinsa.com/products/4919067
2026-09-02,브라운야드,4920347,"W 시스루 롱 슬리브, 브라운",0.0,0,69000,69000,69000,0,0,0.0,100.0,1,high,24.01,7,2,none,,27,https://www.musinsa.com/products/4920347
2026-09-02,무센트,4923419,데이리시 투웨이 스트라이프 크롭 후드 집업 (2컬러),0.0,0,34720,34720,27930,1,6790,24.31,100.0,1,medium,24.0,6,2,none,,27,https://www.musinsa.com/products/4923419
2026-09-02,브룩스 브라더스,4935963,로고 코튼 피케 폴로셔츠 (올리브) (BBNTMO201AKFM),0.0,0,83300,83300,66640,1,16660,25.0,100.0,1,medium,24.01,7,2,none,,27,https://www.musinsa.com/products/4935963
2026-09-02,벨리에,4936027,오피서 프로치다 백 - 그레이,0.0,0,259350,259350,259350,0,0,0.0,100.0,1,high,24.0,5,2,none,,27,https://www.musinsa.com/products/4936027
2026-09-02,에이치덱스,4941851,우먼스 어시스트 컨트라스트 탱크탑 (Black),0.77,22677,29400,29400,29400,0,0,0.0,100.0,1,high,25.21,5,2,none,,27,https://www.musinsa.com/products/4941851
2026-09-02,세컨모놀로그,4942043,W. 릴렉스핏 레터링 자가드 라운드 하프 니트 [CREAM]_SEWKT004CREAM,0.0,0,17150,17150,17150,0,0,0.0,100.0,1,high,24.01,6,2,none,,27,https://www.musinsa.com/products/4942043
2026-09-02,트래블,4946843,프렌드쉽 피그먼트 반팔티 크림,0.0,0,23920,23920,20930,1,2990,14.29,100.0,1,medium,24.09,8,2,none,,27,https://www.musinsa.com/products/4946843
2026-09-02,어반드레스,4949147,Dia Stitch Taslan Pants - 2COL,0.04,2061,47600,47600,47600,0,0,0.0,2.17,0,low,24.09,7,1,none,,27,https://www.musinsa.com/products/4949147
2026-09-02,필루미네이트,4952667,버닝 하트 티셔츠-화이트,0.0,0,29000,29000,29000,0,0,0.0,100.0,1,high,24.01,7,2,none,,27,https://www.musinsa.com/products/4952667
2026-09-02,고스트리퍼블릭,4953179,럭비 카라 래글런 트랙 타슬란 반팔티 GT-377_블랙,2.31,69191,29900,29900,29900,0,0,0.0,100.0,1,high,24.0,15,2,none,,27,https://www.musinsa.com/products/4953179
2026-09-02,제너럴아이디어,4958747,패커블 시어 롱 슬리브 가디건 [BLACK] / WBE2L04540,1.0,36035,36035,36800,31500,1,5300,16.83,100.0,1,medium,24.08,7,2,none,,27,https://www.musinsa.com/products/4958747
2026-09-02,더니트컴퍼니,4958811,(M) 소프트 실크 블렌드 폴로 가디건 2color,0.0,0,219000,219000,219000,0,0,0.0,100.0,1,high,25.22,4,2,none,,27,https://www.musinsa.com/products/4958811
2026-09-02,플레어업,4963291,Asymmetrical Draped Midi Skirt (FL-248_White),0.0,0,78480,78480,93200,1,-14720,-15.79,100.0,1,medium,24.37,5,2,none,,27,https://www.musinsa.com/products/4963291
2026-09-02,제이엘브,4982747,원모어 헤비 스웻 하프 집업,0.0,0,64800,64800,64800,0,0,0.0,100.0,1,high,24.01,7,2,none,,27,https://www.musinsa.com/products/4982747
2026-09-02,언탭트스튜디오,4983003,코튼 폴로 반팔 피케 카라 반팔 티셔츠 5Color,21.99,269987,12280,12280,12280,0,0,0.0,100.0,1,high,10.05,32,7,none,,27,https://www.musinsa.com/products/4983003
2026-09-02,아틀리에나인,4983259,SILLIN CASUAL SHINY SKIRT(SK-4891),0.0,0,78320,78320,78320,0,0,0.0,100.0,1,high,24.0,7,2,none,,27,https://www.musinsa.com/products/4983259
2026-09-02,유니폼브릿지,4986715,slub henly neck s/s tee khakish grey,0.0,0,39500,39500,39500,0,0,0.0,100.0,1,high,24.08,7,2,none,,27,https://www.musinsa.com/products/4986715
2026-09-02,프렌다,4992923,LETTERING 97 RAGLAN RINGER TEE SKY BLUE,0.0,0,24500,24500,24500,0,0,0.0,100.0,1,high,24.09,8,2,none,,27,https://www.musinsa.com/products/4992923
2026-09-02,바우프,4993179,레오파드 퍼피 맨투맨 [차콜],0.0,0,75650,75650,75650,0,0,0.0,100.0,1,high,25.22,5,2,none,,27,https://www.musinsa.com/products/4993179
2026-09-02,파르티멘토 우먼,4996827,폴카 도트 올오버 프린티드 이지 트라우저_네이비,0.0,0,55080,55080,55080,0,0,0.0,100.0,1,high,24.38,5,2,none,,27,https://www.musinsa.com/products/4996827
2026-09-02,파르티멘토 우먼,4996891,레이어드 크로스 바디랩 가디건_화이트,0.0,0,66420,66420,66420,0,0,0.0,100.0,1,high,24.38,5,2,none,,27,https://www.musinsa.com/products/4996891
2026-09-02,굿라이프웍스,4999963,코튼 버뮤다 팬츠 베이지,0.0,0,25900,25900,25900,0,0,0.0,100.0,1,high,24.0,5,2,none,,27,https://www.musinsa.com/products/4999963
2026-09-02,인사일런스우먼,5000603,하프 슬리브 후드 집업 니트 BLACK,0.0,0,108000,108000,121500,1,-13500,-11.11,100.0,1,medium,24.09,8,2,none,,27,https://www.musinsa.com/products/5000603
2026-09-02,제이엘브,5004059,[2PACK] 숄더 라인 절개 머슬핏 숏슬리브,0.0,0,68000,68000,68000,0,0,0.0,100.0,1,high,24.01,7,2,none,,27,https://www.musinsa.com/products/5004059
2026-09-02,드로우핏우먼,5007131,린넨 반팔 테일러드 자켓 [OATMEAL],0.0,0,85400,85400,109800,1,-24400,-22.22,100.0,1,medium,24.09,8,2,none,,27,https://www.musinsa.com/products/5007131
2026-09-02,레더리,5008667,레이스 캡 슬리브 탑 [BLACK],0.0,0,32640,32640,32640,0,0,0.0,100.0,1,high,24.38,5,2,none,,27,https://www.musinsa.com/products/5008667
2026-09-02,엑스트라오디너리,5012059,DICE LOGO TEE CHARCOAL,0.0,0,20000,20000,20000,0,0,0.0,100.0,1,high,24.0,5,2,none,,27,https://www.musinsa.com/products/5012059
2026-09-02,디미트리블랙,5012379,VLAD 스몰 로고 페이드 워싱 반팔 티셔츠_피그먼트 네이비,0.8,28685,35900,35900,35900,0,0,0.0,100.0,1,high,24.01,6,2,none,,27,https://www.musinsa.com/products/5012379
2026-09-02,제너럴아이디어,5015579,퍼피 프렌즈 자카드 하프 니트 [PEACH] / WBE2L05539,0.0,0,33600,33600,33600,0,0,0.0,100.0,1,high,24.08,7,2,none,,27,https://www.musinsa.com/products/5015579
2026-09-02,드로우핏,5016411,데이팩 시어 스트링 백팩 [BLACK],0.0,0,69300,69300,69300,0,0,0.0,100.0,1,high,25.22,5,2,none,,27,https://www.musinsa.com/products/5016411
2026-09-02,드로우핏,5016475,엠버 그레이 브레이슬릿 [SILVER],0.0,0,29700,29700,29700,0,0,0.0,100.0,1,high,25.22,5,2,none,,27,https://www.musinsa.com/products/5016475
2026-09-02,더니트컴퍼니,5016859,(M) 오레아 헤링본 폴로 니트 3color,0.0,0,139000,139000,139000,0,0,0.0,100.0,1,high,25.22,4,2,none,,27,https://www.musinsa.com/products/5016859
2026-09-02,아캄,5017563,Studded Sun Half Top (White),0.0,0,45500,45500,45500,0,0,0.0,100.0,1,high,24.0,5,2,none,,27,https://www.musinsa.com/products/5017563
2026-09-02,아캄,5017819,Washed Double Knee Bermuda Denim Pants (Black),0.0,0,121100,121100,121100,0,0,0.0,100.0,1,high,24.0,5,2,none,,27,https://www.musinsa.com/products/5017819
2026-09-02,트리밍버드,5018267,Ethereal Lace Wrap Layered Skirt [ Black ],0.0,0,98000,98000,98000,0,0,0.0,100.0,1,high,24.09,8,2,none,,27,https://www.musinsa.com/products/5018267
2026-09-02,쿠어,5022427,워시드 더블 포켓 데님 하프 셔츠 (워시드블루),0.0,0,134100,134100,134100,0,0,0.0,100.0,1,high,24.0,5,2,none,,27,https://www.musinsa.com/products/5022427
2026-09-02,넌블랭크,5028699,포켓 티셔츠_LIGHT GREY,0.0,0,53520,53520,53520,0,0,0.0,100.0,1,high,24.01,7,2,none,,27,https://www.musinsa.com/products/5028699
2026-09-02,에이지오디,5030363,카펜터 퍼티그 트윌 버뮤다 쇼츠 [블랙],0.0,0,36300,36300,36300,0,0,0.0,100.0,1,high,24.09,8,2,none,,27,https://www.musinsa.com/products/5030363
2026-09-02,웬즈데이오아시스,5030683,보헤미안 스트라이프 밴딩 팬츠_BEIGE(W25-PT10),0.0,0,34300,34300,34300,0,0,0.0,100.0,1,high,24.09,8,2,none,,27,https://www.musinsa.com/products/5030683
2026-09-02,시야쥬,5031067,SIJN6092 퍼티그 컬러 데님 쇼츠_Ivory,0.0,0,66560,66560,66560,0,0,0.0,100.0,1,high,24.01,6,2,none,,27,https://www.musinsa.com/products/5031067
2026-09-02,시야쥬,5031643,SITP5198 린넨 블렌드 퓨어 셔츠_White,0.0,0,91490,91490,91490,0,0,0.0,100.0,1,high,24.01,6,2,none,,27,https://www.musinsa.com/products/5031643
2026-09-02,브렌슨,5032923,버뮤다 카펜더 반바지 ( 4Color ),0.8,21503,26900,26900,26900,0,0,0.0,100.0,1,high,24.01,6,2,none,,27,https://www.musinsa.com/products/5032923
2026-09-02,파브레가,5034971,퍼티그 카치온 커브드 팬츠 (워시드 블랙),0.77,75002,97200,97200,97200,0,0,0.0,100.0,1,high,25.22,5,2,none,,27,https://www.musinsa.com/products/5034971
2026-09-02,유니폼브릿지,5037723,double knee short pants khaki beige,0.0,0,51600,51600,51600,0,0,0.0,100.0,1,high,24.09,7,2,none,,27,https://www.musinsa.com/products/5037723
2026-09-02,유니폼브릿지,5038747,boucle polo s/s knit(womens) black,0.0,0,49500,49500,49500,0,0,0.0,100.0,1,high,24.08,7,2,none,,27,https://www.musinsa.com/products/5038747
2026-09-02,일리고,5041179,스터드 크로스 반지갑 실버,0.0,0,50000,50000,50000,0,0,0.0,100.0,1,high,24.39,5,2,none,,27,https://www.musinsa.com/products/5041179
2026-09-02,인사일런스,5041243,스트라이프 부클 폴로 카디건 LIGHT BEIGE,0.0,0,87840,87840,87840,0,0,0.0,100.0,1,high,24.01,6,2,none,,27,https://www.musinsa.com/products/5041243
2026-09-02,프렌다,5047899,HOTFIX SLIM BASIC SLEEVE LESS PALE BEIGE,0.0,0,24500,24500,24500,0,0,0.0,100.0,1,high,24.09,8,2,none,,27,https://www.musinsa.com/products/5047899
2026-09-02,언탭트스튜디오,5050459,머슬핏 워셔블 케이블 반팔 라운드 니트 3Color,3.51,59280,16900,16900,16900,0,0,0.0,100.0,1,high,10.06,23,7,none,,27,https://www.musinsa.com/products/5050459
2026-09-02,밀로아카이브,5054363,리플렉트 커브드 스웻 팬츠 [워시드 퍼플],0.0,0,67900,67900,66240,1,1660,2.51,100.0,1,medium,24.01,8,2,none,,27,https://www.musinsa.com/products/5054363
2026-09-02,트리밍버드,5059163,Textured Knit Vest [ Black ],0.0,0,169000,169000,169000,0,0,0.0,100.0,1,high,24.09,8,2,none,,27,https://www.musinsa.com/products/5059163
2026-09-02,론론,5063579,MULTI STRIPE HEART POCKET BASIC FIT T SHIRT RED,0.0,0,44550,44550,44550,0,0,0.0,100.0,1,high,24.09,8,2,none,,27,https://www.musinsa.com/products/5063579
2026-09-02,론론,5063899,BIG HEART SHORT SLEEVE KNIT SOFT BLUE,0.0,0,71280,71280,71280,0,0,0.0,100.0,1,high,24.09,8,2,none,,27,https://www.musinsa.com/products/5063899
2026-09-02,론론,5064155,HALF MOON SHOULDER BAG DOT BLACK,0.0,0,80190,80190,80190,0,0,0.0,100.0,1,high,24.09,8,2,none,,27,https://www.musinsa.com/products/5064155
2026-09-02,데꼬로소,5064667,썸머 쿨 터치 헨리넥 반팔 니트 [블랙],0.48,20765,43600,43600,43600,0,0,0.0,100.0,1,high,24.01,7,2,none,,27,https://www.musinsa.com/products/5064667
2026-09-02,필루미네이트,5064987,캐피탈 로고 볼 캡-블랙,0.0,0,20900,20900,20900,0,0,0.0,100.0,1,high,24.01,7,2,none,,27,https://www.musinsa.com/products/5064987
2026-09-02,테이크이지,5072731,엄브렐라 그래픽 오버 티셔츠 (화이트레드),0.0,0,19500,19500,19500,0,0,0.0,39.99,0,low,24.01,6,1,none,,27,https://www.musinsa.com/products/5072731
2026-09-02,시눈,5079259,Stripe Cap (Yellow),0.0,0,28950,28950,32160,1,-3210,-9.98,100.0,1,medium,24.0,5,2,none,,27,https://www.musinsa.com/products/5079259
2026-09-02,세터,5081243,클래식 스몰 로고 볼캡 블루,0.0,0,69000,69000,69000,0,0,0.0,100.0,1,high,24.0,5,2,none,,27,https://www.musinsa.com/products/5081243
2026-09-02,시눈,5081307,Stripe Cap Sleeve T-shirt (Blue),0.0,0,27140,27140,30150,1,-3010,-9.98,100.0,1,medium,24.0,5,2,none,,27,https://www.musinsa.com/products/5081307
2026-09-02,아틀리에나인,5081627,ESSENTIAL NORA SET-UP PANTS(PT-5659),0.0,0,87200,87200,87200,0,0,0.0,100.0,1,high,24.0,7,2,none,,27,https://www.musinsa.com/products/5081627
2026-09-02,세터,5081755,올 데이 크루 넥 레이어드 슬리브리스 탑 멜란지 화이트,0.0,0,59000,59000,59000,0,0,0.0,100.0,1,high,24.0,5,2,none,,27,https://www.musinsa.com/products/5081755
2026-09-02,세터,5082331,파인 하프 피케 폴로 니트 크림,0.0,0,149000,149000,149000,0,0,0.0,100.0,1,high,24.0,5,2,none,,27,https://www.musinsa.com/products/5082331
2026-09-02,프리즘웍스,5082651,BELTED DENIM SHORTS _ BLACK,0.0,0,51000,51000,51000,0,0,0.0,100.0,1,high,24.09,8,2,none,,27,https://www.musinsa.com/products/5082651
2026-09-02,배드블러드,5082843,[AQUA] 빈티지 클럽 트랙 집업 - 체크브라운,0.0,0,95200,95200,95200,0,0,0.0,100.0,1,high,24.09,8,2,none,,27,https://www.musinsa.com/products/5082843
2026-09-02,어나더오피스,5084571,A/O. Multi Fragrance (TIDE),0.02,641,28800,28800,28800,0,0,0.0,100.0,1,high,24.09,7,2,none,,27,https://www.musinsa.com/products/5084571
2026-09-02,유라고,5090075,Breeze pleat long skirt,0.0,0,120080,120080,120080,0,0,0.0,100.0,1,high,24.0,5,2,none,,27,https://www.musinsa.com/products/5090075
2026-09-02,드로우핏우먼,5095323,턱 퍼프 반팔 타이 블라우스 [BLACK],0.0,0,46200,46200,59400,1,-13200,-22.22,100.0,1,medium,24.09,8,2,none,,27,https://www.musinsa.com/products/5095323
2026-09-02,데꼬로소,5095707,남녀공용 미니멀 자개 비즈 팔찌 [블랙],15.56,410886,26400,26400,26400,0,0,0.0,100.0,1,high,10.04,29,7,none,,27,https://www.musinsa.com/products/5095707
2026-09-02,론론,5109723,BACK LOGO BASIC FIT T SHIRT WHITE MELNAGE,0.0,0,44550,44550,44550,0,0,0.0,100.0,1,high,24.09,8,2,none,,27,https://www.musinsa.com/products/5109723
2026-09-02,론론,5109787,ALL OVER PRINT SLIM CROP T SHIRT WHITE,0.0,0,44550,44550,44550,0,0,0.0,100.0,1,high,24.09,8,2,none,,27,https://www.musinsa.com/products/5109787
2026-09-02,파르티멘토,5110939,엔지니어드 스트라이프 링거 티 카키,0.0,0,23490,23490,23490,0,0,0.0,100.0,1,high,24.01,6,2,none,,27,https://www.musinsa.com/products/5110939
2026-09-02,언탭트스튜디오,5111579,[2PACK]나일론 와이드 쿨 쇼츠 4부 반바지 6Color,0.0,0,34790,34790,34790,0,0,0.0,100.0,1,high,24.01,8,2,none,,27,https://www.musinsa.com/products/5111579
2026-09-02,썸웨어버터,5114907,Sweetie Skashi Cardigan - Ivory,0.0,0,98000,98000,98000,0,0,0.0,100.0,1,high,24.01,7,2,none,,27,https://www.musinsa.com/products/5114907
2026-09-02,디앤에스알,5115739,[DNSR X R.M] 맘모스 헤어리 더비 슈즈 베이지,0.0,0,297500,297500,297500,0,0,0.0,100.0,1,high,24.0,5,2,none,,27,https://www.musinsa.com/products/5115739
2026-09-02,2000아카이브스,5116699,ADDICTED CONTOUR T (WHITE),0.0,0,46730,46730,40890,1,5840,14.28,100.0,1,medium,24.09,7,2,none,,27,https://www.musinsa.com/products/5116699
2026-09-02,아틀리에나인,5117339,FAUX LEATHER 2WAY POUTCH BAG(Z-B-2437),0.0,0,71200,71200,71200,0,0,0.0,100.0,1,high,24.0,7,2,none,,27,https://www.musinsa.com/products/5117339
2026-09-02,더블유엠씨,5117723,트로피칼 티셔츠_NAVY,0.0,0,24500,24500,24500,0,0,0.0,100.0,1,high,24.01,7,2,none,,27,https://www.musinsa.com/products/5117723
2026-09-02,글로니,5119643,RODEO MICRO MINI SKIRT (3 Colors),0.0,0,148000,148000,148000,0,0,0.0,100.0,1,high,24.09,8,2,none,,27,https://www.musinsa.com/products/5119643
2026-09-02,프리즘웍스,5120475,WASHED OFFICER CHINO SHORTS _ OLIVE,0.0,0,36720,36720,36720,0,0,0.0,100.0,1,high,24.09,8,2,none,,27,https://www.musinsa.com/products/5120475
2026-09-02,프리즘웍스,5120539,STRING NYLON TRACK PANTS _ BLACK,0.0,0,53400,53400,53400,0,0,0.0,100.0,1,high,24.09,8,2,none,,27,https://www.musinsa.com/products/5120539
2026-09-02,에이치덱스,5130011,몬드 백 스트링 모노키니 (Black),0.0,0,48300,48300,48300,0,0,0.0,100.0,1,high,25.23,5,2,none,,27,https://www.musinsa.com/products/5130011
2026-09-02,로우클래식,5136987,Lc FLIP-FLOP_BLACK [LC262SO01BK],0.0,0,66220,66220,57940,1,8280,14.29,100.0,1,medium,24.09,8,2,none,,27,https://www.musinsa.com/products/5136987
2026-09-02,프렌다,5138907,STAR CUT-OFF COLORING RAGLAN TEE GRAY,0.0,0,18060,18060,18060,0,0,0.0,100.0,1,high,24.09,8,2,none,,27,https://www.musinsa.com/products/5138907
2026-09-02,세터,5139163,로잔 메쉬 풋볼 셔츠 스카이 블루,0.0,0,159000,159000,159000,0,0,0.0,100.0,1,high,24.0,5,2,none,,27,https://www.musinsa.com/products/5139163
2026-09-02,어반드레스,5140123,Abel Tube Top - 4COL,0.0,0,22500,22500,22500,0,0,0.0,100.0,1,high,24.09,8,2,none,,27,https://www.musinsa.com/products/5140123
2026-09-02,아틀리에나인,5146523,ROOMY TEXTURE BOOTCUT PANTS(PT-5646),0.0,0,95200,95200,95200,0,0,0.0,100.0,1,high,24.0,7,2,none,,27,https://www.musinsa.com/products/5146523
2026-09-02,레더리,5147099,보더 에스닉 스터드 키링,0.0,0,24480,24480,24480,0,0,0.0,100.0,1,high,24.4,5,2,none,,27,https://www.musinsa.com/products/5147099
2026-09-02,바우로프로덕트,5149147,써머 리브드 보트넥 니트티 [베이지],0.0,0,34900,34900,34900,0,0,0.0,100.0,1,high,25.23,7,2,none,,27,https://www.musinsa.com/products/5149147
2026-09-02,스컬프터,5156571,Cottage Cotton Capri Pants Sky Blue,0.0,0,91520,91520,91520,0,0,0.0,100.0,1,high,24.09,7,2,none,,27,https://www.musinsa.com/products/5156571
2026-09-02,키르시,5161563,키르시 X 썬원버드 풀 프린트 빅 오버 사이즈 티셔츠 [핑크],0.0,0,41300,41300,41300,0,0,0.0,100.0,1,high,24.0,6,2,none,,27,https://www.musinsa.com/products/5161563
2026-09-02,루에브르,5162395,Shirring See-through Blouse SW5XB637-22,0.0,0,139000,139000,139000,0,0,0.0,100.0,1,high,24.09,8,2,none,,27,https://www.musinsa.com/products/5162395
2026-09-02,아캄,5167451,AKM Rhinestone Raglan Half Top (Gray),0.0,0,48300,48300,48300,0,0,0.0,100.0,1,high,24.0,5,2,none,,27,https://www.musinsa.com/products/5167451
2026-09-02,노이어,5167515,멀티 리브드 슬리브리스 티셔츠 (화이트),0.0,0,29200,29200,29200,0,0,0.0,100.0,1,high,24.09,8,2,none,,27,https://www.musinsa.com/products/5167515
2026-09-02,파르티멘토 우먼,5170139,PWC (세트) 디테처블 랩스커트 팬츠_7컬러,0.0,0,39780,39780,39780,0,0,0.0,100.0,1,high,24.41,5,2,none,,27,https://www.musinsa.com/products/5170139
2026-09-02,어반드레스,5173147,Pigment Back Hole T-shirt - 4COL,0.0,0,18550,18550,18550,0,0,0.0,100.0,1,high,24.09,8,2,none,,27,https://www.musinsa.com/products/5173147
2026-09-02,트리밍버드,5175579,Apron Pleated One-piece [ Gray ],0.0,0,239000,239000,239000,0,0,0.0,100.0,1,high,24.09,8,2,none,,27,https://www.musinsa.com/products/5175579
2026-09-02,카키포인트,5176091,Ethnic Scarf Top (brown),0.27,22156,82620,82620,82620,0,0,0.0,100.0,1,high,24.09,8,2,none,,27,https://www.musinsa.com/products/5176091
2026-09-02,로제프란츠,5177243,Check Drop Mini Skirt [Navy],0.0,0,47840,47840,47840,0,0,0.0,100.0,1,high,25.23,5,2,none,,27,https://www.musinsa.com/products/5177243
2026-09-02,드헤베,5192923,Lace Frill Sleeveless [White],0.0,0,42750,42750,42750,0,0,0.0,100.0,1,high,25.23,5,2,none,,27,https://www.musinsa.com/products/5192923
2026-09-02,유라고,5198491,Tailored Linen blend jacket,0.0,0,207480,207480,207480,0,0,0.0,100.0,1,high,24.0,5,2,none,,27,https://www.musinsa.com/products/5198491
2026-09-02,세터,5201179,(W) 케이블 니트 하프 가디건 옐로우,0.0,0,119000,119000,119000,0,0,0.0,100.0,1,high,24.0,5,2,none,,27,https://www.musinsa.com/products/5201179
2026-09-02,스컬프터,5207515,[Sculptor X Fantasia] Twilight Bikini Navy,0.0,0,98560,98560,98560,0,0,0.0,100.0,1,high,24.09,7,2,none,,27,https://www.musinsa.com/products/5207515
2026-09-02,브룩스 브라더스,5209563,시어서커 스포츠셔츠 (네이비) (BBTHMM0005QFM),0.0,0,199000,199000,159200,1,39800,25.0,100.0,1,medium,24.01,7,2,none,,27,https://www.musinsa.com/products/5209563
2026-09-02,엑스오엑스,5214107,(우먼) 코튼 크롭 티셔츠 [WHITE],0.0,0,26400,26400,26400,0,0,0.0,100.0,1,high,24.0,5,2,none,,27,https://www.musinsa.com/products/5214107
2026-09-02,디앤에스알,5216475,스트라이프 크롭 하프 슬리브 블루,0.0,0,59200,59200,59200,0,0,0.0,100.0,1,high,24.0,5,2,none,,27,https://www.musinsa.com/products/5216475
2026-09-02,르아르,5216987,에센셜 스트라이프 크롭 티셔츠 [멀티 그레이 ST],0.0,0,23310,23310,23310,0,0,0.0,100.0,1,high,24.0,5,2,none,,27,https://www.musinsa.com/products/5216987
2026-09-02,소버먼트,5233435,460G 크롭 컷 헤비 피그먼트 티셔츠-내츄럴 아이보리-,11.61,425055,36600,36600,36600,0,0,0.0,100.0,1,high,10.03,24,7,none,,27,https://www.musinsa.com/products/5233435
2026-09-02,해칭룸,5234139,Over Shirt Denim Grey,0.0,0,173000,173000,173000,0,0,0.0,100.0,1,high,24.41,5,2,none,,27,https://www.musinsa.com/products/5234139
2026-09-02,노매뉴얼,5242971,REVERSED CARPENTER DENIM PANTS - WASHED BLACK,0.0,0,102000,102000,102000,0,0,0.0,100.0,1,high,24.41,5,2,none,,27,https://www.musinsa.com/products/5242971
2026-09-02,코드그라피,5243163,래글런 배색 트랙 반소매 티셔츠_크림,0.0,0,37800,37800,37800,0,0,0.0,100.0,1,high,25.23,5,2,none,,27,https://www.musinsa.com/products/5243163
2026-09-02,노매뉴얼,5243291,OVERLAY LOGO HOODED ZIP-UP - CHARCOAL,0.0,0,103500,103500,103500,0,0,0.0,100.0,1,high,24.41,5,2,none,,27,https://www.musinsa.com/products/5243291
2026-09-02,노매뉴얼,5243419,DETACHABLE HOODED VEST - BLACK,0.0,0,143650,143650,143650,0,0,0.0,100.0,1,high,24.41,5,2,none,,27,https://www.musinsa.com/products/5243419
2026-09-02,비터셀즈,5243483,제미니 스트라이프 카라 티-그레이,0.0,0,63360,63360,63360,0,0,0.0,100.0,1,high,24.41,5,2,none,,27,https://www.musinsa.com/products/5243483
2026-09-02,비터셀즈,5245403,글레이즈 미니 크로스 백 & 카드 월렛 세트-크림,0.0,0,64080,64080,64080,0,0,0.0,100.0,1,high,24.41,5,2,none,,27,https://www.musinsa.com/products/5245403
2026-09-02,브랜디드,5245531,SOFT CROP T-SHIRT [MELANGE GRAY],0.99,38764,39200,39200,39200,0,0,0.0,100.0,1,high,25.23,5,2,none,,27,https://www.musinsa.com/products/5245531
2026-09-02,글로니,5247707,G BUTTON FLY PANTS (BUTTER),0.0,0,82000,82000,82000,0,0,0.0,100.0,1,high,24.09,8,2,none,,27,https://www.musinsa.com/products/5247707
2026-09-02,필루미네이트,5248667,시그니처 어센틱 로고 후디-4Color,0.48,19500,41000,41000,41000,0,0,0.0,100.0,1,high,24.01,7,2,none,,27,https://www.musinsa.com/products/5248667
2026-09-02,더블유엠씨,5253979,백넘버 티셔츠_YELLOW,0.0,0,22050,22050,22050,0,0,0.0,100.0,1,high,24.01,7,2,none,,27,https://www.musinsa.com/products/5253979
2026-09-02,코드그라피,5254107,(우먼) 심플 스퀘어 반소매 티셔츠_화이트,0.0,0,30800,30800,30800,0,0,0.0,100.0,1,high,25.24,5,2,none,,27,https://www.musinsa.com/products/5254107
2026-09-02,유니폼브릿지,5260955,chambray shirt black,0.0,0,47600,47600,47600,0,0,0.0,100.0,1,high,24.08,7,2,none,,27,https://www.musinsa.com/products/5260955
2026-09-02,레더리,5267803,더블라인 스터드 아플리케 후디 [MELANGE],0.0,0,57120,57120,57120,0,0,0.0,100.0,1,high,24.41,5,2,none,,27,https://www.musinsa.com/products/5267803
2026-09-02,에스피오나지,5268251,Lightweight Border Sweatshirt Navy,0.98,86946,89100,89100,89100,0,0,0.0,100.0,1,high,24.09,8,2,none,,27,https://www.musinsa.com/products/5268251
2026-09-02,트릴리온,5276059,투 포켓 버튼 스웨이드 봄버 자켓_브라운,0.9,45697,50900,50900,50900,0,0,0.0,100.0,1,high,24.42,5,2,none,,27,https://www.musinsa.com/products/5276059
2026-09-02,테이크이지,5279963,메릴랜드 오버 맨투맨 (빈티지네이비),0.0,0,24900,24900,29500,1,-4600,-15.59,100.0,1,medium,24.01,6,2,none,,27,https://www.musinsa.com/products/5279963
2026-09-02,파브레가,5286619,로크 카치온 카펜터 팬츠 (스모크 그레이),0.0,0,97200,97200,97200,0,0,0.0,100.0,1,high,25.24,5,2,none,,27,https://www.musinsa.com/products/5286619
2026-09-02,마인드브릿지,5289755,[COUTURE]멀티 스트라이프 카라 세미 오버핏니트 - 2color,0.2,8012,39900,39900,39900,0,0,0.0,100.0,1,high,24.42,5,2,none,,27,https://www.musinsa.com/products/5289755
2026-09-02,틸아이다이,5293851,Stripe loose fit t-shirt TIFA01LT07_Pink,0.0,0,83980,83980,83980,0,0,0.0,100.0,1,high,24.09,7,2,none,,27,https://www.musinsa.com/products/5293851
2026-09-02,틸아이다이,5294043,Oversized tweed jacket TIFA01JK03_Ivory,0.0,0,176850,176850,176850,0,0,0.0,100.0,1,high,24.09,7,2,none,,27,https://www.musinsa.com/products/5294043
2026-09-02,굿라이프웍스,5295259,헤리티지 커버 헌팅 자켓 카키,0.0,0,59500,59500,59500,0,0,0.0,100.0,1,high,24.0,5,2,none,,27,https://www.musinsa.com/products/5295259
2026-09-02,리메인세컨드,5296283,오버핏 빈티지 피그먼트 후디_2COLOR,0.0,0,29800,29800,29800,0,0,0.0,100.0,1,high,24.0,5,2,none,,27,https://www.musinsa.com/products/5296283
2026-09-02,아웃스탠딩,5296603,AUTHENTIC COMFORT HOOD ZIP SWEAT_VINTAGE CHARCOAL,0.0,0,97200,97200,97200,0,0,0.0,100.0,1,high,24.09,7,2,none,,27,https://www.musinsa.com/products/5296603
2026-09-02,브라운브레스,5299291,PIGMENT TAG HOODIE - CHARCOAL,0.0,0,99000,99000,99000,0,0,0.0,100.0,1,high,24.09,8,2,none,,27,https://www.musinsa.com/products/5299291
2026-09-02,로템버,5301339,[데일리룸 X 로템버] 벌룬 레그 밀 데님 카고 팬츠 [워시드 블랙],0.0,0,75240,75240,75240,0,0,0.0,26.93,0,low,24.09,7,1,none,,27,https://www.musinsa.com/products/5301339
2026-09-02,데케트,5302363,[골지데님]Balloon Wide Rib Jeans DCPT067LightBlue,0.0,0,51800,51800,51800,0,0,0.0,100.0,1,high,24.42,5,2,none,,27,https://www.musinsa.com/products/5302363
2026-09-02,몽돌,5303387,루즈 알파카 보트넥 니트 탑 그레이 MDKT119GRAY,0.0,0,50100,50100,50100,0,0,0.0,100.0,1,high,24.09,7,2,none,,27,https://www.musinsa.com/products/5303387
2026-09-02,디스이즈네버댓,5304283,T-Logo Cap Navy/Green,0.0,0,36000,36000,36000,0,0,0.0,100.0,1,high,24.01,6,2,none,,27,https://www.musinsa.com/products/5304283
2026-09-02,커버낫,5306523,[최윤지 착용] C로고 코듀로이 백팩 Black,0.0,0,80190,80190,80190,0,0,0.0,100.0,1,high,24.0,6,2,none,,27,https://www.musinsa.com/products/5306523
2026-09-02,아워데이즈,5307611,오퍼스 슬림 타이 [2COLORS],0.0,0,21600,21600,21600,0,0,0.0,100.0,1,high,25.24,5,2,none,,27,https://www.musinsa.com/products/5307611
2026-09-02,칙스,5308955,프릴 레이어드 롱 슬리브 화이트,0.02,926,39900,35910,39900,1,-3990,-10.0,100.0,1,medium,24.09,8,2,none,,27,https://www.musinsa.com/products/5308955
2026-09-02,나이스고스트클럽,5310235,GIRL GANG EYE LOGO HOODIE_BLUE(NG2FFFT556A),0.0,0,48300,48300,48300,0,0,0.0,100.0,1,high,24.01,7,2,none,,27,https://www.musinsa.com/products/5310235
2026-09-02,오헤시오,5310939,"LAYERED SHEER FRILL SKIRT, KHAKI CHECK",0.0,0,188100,188100,188100,0,0,0.0,100.0,1,high,24.09,8,2,none,,27,https://www.musinsa.com/products/5310939
2026-09-02,일리고,5311003,체크 하트 아일렛 후드 집업 화이트,0.0,0,59000,59000,59000,0,0,0.0,100.0,1,high,24.43,5,2,none,,27,https://www.musinsa.com/products/5311003
2026-09-02,꼼파뇨,5311131,윌리 레이어드 피그먼트 롱슬리브 스모크블랙,0.0,0,32460,32460,32460,0,0,0.0,100.0,1,high,24.43,5,2,none,,27,https://www.musinsa.com/products/5311131
2026-09-02,1993스튜디오,5312603,스트라이프 머플러_차콜 블랙,0.0,0,49500,49500,49500,0,0,0.0,100.0,1,high,24.01,6,2,none,,27,https://www.musinsa.com/products/5312603
2026-09-02,브라운브레스,5312667,W BROKEN TAG DIRTY CROP HOOD ZIP UP - BROWN,0.0,0,116100,116100,116100,0,0,0.0,100.0,1,high,24.09,8,2,none,,27,https://www.musinsa.com/products/5312667
2026-09-02,웬즈데이오아시스,5313051,아란 케이블 헤어리 울 니트 가디건_OLIVE(WC25-KN69),0.0,0,63700,63700,63700,0,0,0.0,100.0,1,high,24.09,8,2,none,,27,https://www.musinsa.com/products/5313051
2026-09-02,시그니처,5313499,트위스트 커브드 코튼 팬츠[브라운],13.91,499191,35900,35900,35900,0,0,0.0,100.0,1,low,9.04,30,7,none,,27,https://www.musinsa.com/products/5313499
2026-09-02,시그니처,5313563,사이드 딥 원턱 슬랙스[블랙스트라이프],1.55,61652,39900,39900,39900,0,0,0.0,77.26,0,low,24.0,7,1,none,,27,https://www.musinsa.com/products/5313563
2026-09-02,시그니처,5314395,투웨이 크롭 후드 집업[블랙],0.84,33472,39900,39900,39900,0,0,0.0,100.0,1,high,25.24,19,7,none,,27,https://www.musinsa.com/products/5314395
2026-09-02,후드후드,5315419,에일리언 그래픽 후드 그레이,0.0,0,50900,50900,50900,0,0,0.0,100.0,1,high,25.24,5,2,none,,27,https://www.musinsa.com/products/5315419
2026-09-02,소버먼트,5316443,980G 크롭 피그먼트 맨투맨-오크 브라운-,0.0,0,50730,50730,50730,0,0,0.0,100.0,1,high,24.01,7,2,none,,27,https://www.musinsa.com/products/5316443
2026-09-02,아캄,5316507,High-Neck Leather Jacket (Black),7.79,986351,126600,126600,126600,0,0,0.0,100.0,1,low,9.44,35,12,none,,27,https://www.musinsa.com/products/5316507
2026-09-02,엘무드,5316891,프랭크 린넨 롱슬리브 바이올렛 그레이,0.4,26615,66400,66400,66400,0,0,0.0,100.0,1,high,24.01,6,2,none,,27,https://www.musinsa.com/products/5316891
2026-09-02,플레어업,5317083,Layered Dot Scarf Long Sleeve (FL-182_White),0.0,0,89000,89000,89000,0,0,0.0,100.0,1,high,24.43,5,2,none,,27,https://www.musinsa.com/products/5317083
2026-09-02,에이지오디,5319963,사이드 절개 포켓 피치스킨 코튼 팬츠 [라이트카키],2.81,109980,39200,39200,39200,0,0,0.0,100.0,1,high,24.09,21,4,none,,27,https://www.musinsa.com/products/5319963
2026-09-02,에스피오나지,5321883,Vintage Plaid Work Shirt Mustard,0.0,0,76300,76300,76300,0,0,0.0,100.0,1,high,24.09,8,2,none,,27,https://www.musinsa.com/products/5321883
2026-09-02,커버낫,5322075,[최윤지 착용] 피그먼트 아치로고 후드집업 Light Purple,0.0,0,85680,85680,85680,0,0,0.0,100.0,1,high,24.01,6,2,none,,27,https://www.musinsa.com/products/5322075
2026-09-02,스컬프터,5322715,String Parachute Pants Washed Black,0.0,0,112640,112640,112640,0,0,0.0,100.0,1,high,24.09,7,2,none,,27,https://www.musinsa.com/products/5322715
2026-09-02,효지,5328219,FW 워셔블 에센셜 라운드 크롭 니트 가디건 (7컬러),6.09,322266,52900,52900,52900,0,0,0.0,35.21,0,low,4.06,45,5,none,,27,https://www.musinsa.com/products/5328219
2026-09-02,코드그라피,5332571,스퀘어 로고 미니 슬링백팩_라이트카키,0.0,0,48300,48300,48300,0,0,0.0,100.0,1,high,25.25,5,2,none,,27,https://www.musinsa.com/products/5332571
2026-09-02,코드그라피,5332699,(우먼) 스퀘어 로고 니트_차콜,0.0,0,69300,69300,69300,0,0,0.0,100.0,1,high,25.25,5,2,none,,27,https://www.musinsa.com/products/5332699
2026-09-02,코드그라피,5332763,라운드 C.GRAPHY 배색 캠프캡_다크 베이지,0.0,0,34300,34300,34300,0,0,0.0,100.0,1,high,25.25,5,2,none,,27,https://www.musinsa.com/products/5332763
2026-09-02,필루미네이트,5333979,심볼 스트라이프 후드 집업-카키,0.0,0,41900,41900,41900,0,0,0.0,100.0,1,high,24.01,7,2,none,,27,https://www.musinsa.com/products/5333979
2026-09-02,와이케이,5337307,YK 체크 아플리케 볼캡 브라운,0.0,0,44250,44250,44250,0,0,0.0,100.0,1,high,24.01,7,2,none,,27,https://www.musinsa.com/products/5337307
2026-09-02,에이치덱스,5337435,크랙 프린티드 후디 (Black),4.71,204510,43450,43450,43450,0,0,0.0,100.0,1,high,24.0,11,2,none,,27,https://www.musinsa.com/products/5337435
2026-09-02,더뮤지엄비지터,5339611,RIBBON BRACELET (PINK),0.0,0,19000,19000,19000,0,0,0.0,100.0,1,high,24.09,7,2,none,,27,https://www.musinsa.com/products/5339611
2026-09-02,와르,5341083,M1065 니트 가디건_블랙,0.0,0,34860,34860,34860,0,0,0.0,100.0,1,high,24.09,7,2,none,,27,https://www.musinsa.com/products/5341083
2026-09-02,밀로아카이브,5341723,트위스티드 오프너 키링 [실버],0.0,0,23200,23200,20880,1,2320,11.11,100.0,1,medium,24.01,8,2,none,,27,https://www.musinsa.com/products/5341723
2026-09-02,룩캐스트,5342363,아멜라 울 슬림 핏 탑 / AMELA WOOL SLIM FIT TOP_3colors,1.8,83362,46400,46400,46400,0,0,0.0,100.0,1,high,24.43,5,2,none,,27,https://www.musinsa.com/products/5342363
2026-09-02,몽돌,5344411,소프트 코튼 V넥 니트 탑 MDKT127_8 Colors,0.0,0,54870,54870,54870,0,0,0.0,100.0,1,high,24.09,7,2,none,,27,https://www.musinsa.com/products/5344411
2026-09-02,시야쥬,5344603,SIOT4148 울 블렌드 오버 핏 더블 블레이저_Dark brown,0.0,0,223000,223000,223000,0,0,0.0,100.0,1,high,24.01,6,2,none,,27,https://www.musinsa.com/products/5344603
2026-09-02,디스이즈네버댓,5349979,Blurred Flow Pant Olive,0.0,0,104300,104300,104300,0,0,0.0,100.0,1,high,24.01,6,2,none,,27,https://www.musinsa.com/products/5349979
2026-09-02,쿠어,5350491,울 블렌드 이지 슬랙스 (차콜그레이),0.0,0,198000,198000,198000,0,0,0.0,100.0,1,high,24.0,5,2,none,,27,https://www.musinsa.com/products/5350491
2026-09-02,쿠어,5350683,페이크 스웨이드 커브 라인 점퍼 (다크브라운),0.0,0,269100,269100,269100,0,0,0.0,100.0,1,high,24.0,5,2,none,,27,https://www.musinsa.com/products/5350683
2026-09-02,커스텀어클락,5351643,소프트 케이블 라운드 가디건 빈티지브라운 COOSCD021VBROWN,0.6,28267,47200,47200,47200,0,0,0.0,100.0,1,high,24.01,6,2,none,,27,https://www.musinsa.com/products/5351643
2026-09-02,모즈모즈,5351899,컷오프 레글런 테리 기모 피그먼트 오버핏 맨투맨 베이지,0.0,0,59900,59900,59900,0,0,0.0,100.0,1,high,24.0,5,2,none,,27,https://www.musinsa.com/products/5351899
2026-09-02,1993스튜디오,5352091,[LG트윈스x1993스튜디오] 키즈 라글란 배색 트랙 후드집업_블랙,0.0,0,79000,79000,79000,0,0,0.0,100.0,1,high,24.01,6,2,none,,27,https://www.musinsa.com/products/5352091
2026-09-02,후러브스아트,5354587,스트라이프 와이드 밴딩 슬랙스 그레이,0.52,14694,28000,28000,28000,0,0,0.0,52.51,0,low,24.01,6,1,none,,27,https://www.musinsa.com/products/5354587
2026-09-02,아모우,5357659,AMOU 60s Western Wind Breaker CREAM,0.02,1802,76960,76960,76960,0,0,0.0,100.0,1,high,24.09,8,2,none,,27,https://www.musinsa.com/products/5357659
2026-09-02,데꼬로소,5357723,모드 헤라시 하프넥 니트 [차콜],0.0,0,53600,53600,53600,0,0,0.0,100.0,1,high,24.01,7,2,none,,27,https://www.musinsa.com/products/5357723
2026-09-02,썬러브투어,5358107,Crescent Brushed Sweatpants Heather Grey,0.0,0,52890,52890,61920,1,-9030,-14.58,100.0,1,medium,24.09,8,2,none,,27,https://www.musinsa.com/products/5358107
2026-09-02,유니폼브릿지,5360091,fisherman wool knit cardigan green,0.0,0,107400,107400,107400,0,0,0.0,100.0,1,high,24.09,7,2,none,,27,https://www.musinsa.com/products/5360091
2026-09-02,더바넷,5360475,Canvas Baren Tote Bag_Burgundy,2.32,148179,63900,63900,63900,0,0,0.0,100.0,1,low,24.0,11,2,none,,27,https://www.musinsa.com/products/5360475
2026-09-02,키르시,5360539,아이러브 키르시 와펜 크롭 후디 [화이트],0.0,0,62300,62300,62300,0,0,0.0,100.0,1,high,24.01,6,2,none,,27,https://www.musinsa.com/products/5360539
2026-09-02,아틀리에나인,5361179,MUFFLER SET KNIT CARDIGAN S(CD-2222),0.0,0,115430,115430,92350,1,23080,24.99,100.0,1,medium,24.0,7,2,none,,27,https://www.musinsa.com/products/5361179
2026-09-02,엑스컨테이너,5362203,라이트 웨이트 후드 패딩 자켓 (BLACK),0.0,0,67080,67080,67080,0,0,0.0,100.0,1,high,24.44,5,2,none,,27,https://www.musinsa.com/products/5362203
2026-09-02,브룩스 브라더스,5363611,셔틀랜드 케이블 풀오버 (그레이) (BBWRMOF410),0.0,0,163170,163170,145040,1,18130,12.5,100.0,1,medium,24.01,15,2,none,,27,https://www.musinsa.com/products/5363611
2026-09-02,브룩스 브라더스,5363995,슬림핏 8W 코듀로이 팬츠 (그린) (BBPCMNF402),0.0,0,127360,127360,127360,0,0,0.0,100.0,1,high,24.01,7,2,none,,27,https://www.musinsa.com/products/5363995
2026-09-02,브룩스 브라더스,5364315,[여성] 울 케이블 가디건 (네이비) (BBWCWBF402),0.0,0,188370,188370,167440,1,20930,12.5,100.0,1,medium,24.01,7,2,none,,27,https://www.musinsa.com/products/5364315
2026-09-02,더바넷,5365339,Panele Check Ruffled Blouse_Navy,0.0,0,115200,115200,115200,0,0,0.0,100.0,1,high,25.25,5,2,none,,27,https://www.musinsa.com/products/5365339
2026-09-02,세컨모놀로그,5365467,W. 솔리드 립 슬림핏 하이넥 가디건 [DTBEIGE]_SEWCD006DTBEIGE,0.0,0,24800,24800,24800,0,0,0.0,100.0,1,high,24.01,6,2,none,,27,https://www.musinsa.com/products/5365467
2026-09-02,썸웨어버터,5365851,Button Shirring Long Skirt - Ivory,0.0,0,119200,119200,119200,0,0,0.0,100.0,1,high,24.01,7,2,none,,27,https://www.musinsa.com/products/5365851
2026-09-02,파르티멘토 우먼,5366811,PWC 언발란스드 보우타이 랩 저지 탑_브라운,0.0,0,40500,40500,40500,0,0,0.0,100.0,1,high,24.44,5,2,none,,27,https://www.musinsa.com/products/5366811
2026-09-02,효지,5366939,커스터마이징 셋업 수트 세트 (F01-브라운),0.0,0,169000,169000,169000,0,0,0.0,100.0,1,high,24.0,5,2,none,,27,https://www.musinsa.com/products/5366939
2026-09-02,니티드,5367707,코튼 헨리넥 와플 니트 BROWN,0.22,8594,39840,39840,39840,0,0,0.0,100.0,1,high,25.25,5,2,none,,27,https://www.musinsa.com/products/5367707
2026-09-02,나이스고스트클럽,5369435,DARK FANTASY FUR HOODIE ZIP UP_BLACK(NG2FFUM491A),0.0,0,69300,69300,69300,0,0,0.0,100.0,1,high,24.01,7,2,none,,27,https://www.musinsa.com/products/5369435
2026-09-02,엑스트라오디너리,5371355,BLACKLETTER II SWEAT PANTS M/GREY,0.0,0,59500,59500,59500,0,0,0.0,100.0,1,high,24.44,5,2,none,,27,https://www.musinsa.com/products/5371355
2026-09-02,워크온바디오프,5371483,트레소 세미 오버핏 케이블 긴팔 니트 [블랙],0.0,0,31260,31260,31260,0,0,0.0,100.0,1,high,24.01,6,2,none,,27,https://www.musinsa.com/products/5371483
2026-09-02,9999아카이브,5372635,Vintage Reversible Oxford Vest,0.0,0,113400,113400,113400,0,0,0.0,100.0,1,high,24.01,7,2,none,,27,https://www.musinsa.com/products/5372635
2026-09-02,필루미네이트,5374683,88 자가드 라운드 니트-블랙,0.0,0,31900,31900,31900,0,0,0.0,100.0,1,high,24.01,7,2,none,,27,https://www.musinsa.com/products/5374683
2026-09-02,르바,5376347,Layered Check Wrap Skirt - Check Burgundy,0.0,0,108000,108000,108000,0,0,0.0,100.0,1,high,25.25,5,2,none,,27,https://www.musinsa.com/products/5376347
2026-09-02,제너럴아이디어,5380699,UNISEX 하찌 빅보더 니트 풀오버 [LIGHT KHAKI] / SBE3U05005,0.0,0,59200,59200,59200,0,0,0.0,100.0,1,high,24.09,7,2,none,,27,https://www.musinsa.com/products/5380699
2026-09-02,프리즘웍스,5381339,STRIPE QUILTED MIL LINER VEST _ OLIVE,0.0,0,57400,57400,51660,1,5740,11.11,100.0,1,medium,24.09,8,2,none,,27,https://www.musinsa.com/products/5381339
2026-09-02,비터셀즈,5383835,디어 부클 니트-라이트 그레이,0.0,0,71280,71280,71280,0,0,0.0,100.0,1,high,24.44,5,2,none,,27,https://www.musinsa.com/products/5383835
2026-09-02,링서울,5385563,button corduroy pants-brown,0.0,0,95100,95100,95100,0,0,0.0,100.0,1,high,24.01,7,2,none,,27,https://www.musinsa.com/products/5385563
2026-09-02,밀로아카이브,5387227,네오 커브드 팬츠 [데님 블루],0.0,0,78400,78400,78400,0,0,0.0,100.0,1,high,24.01,8,2,none,,27,https://www.musinsa.com/products/5387227
2026-09-02,에스피오나지,5387291,[Vegetable Leather] Washed Sheepskin Coach Jacket Black,0.0,0,569050,569050,569050,0,0,0.0,100.0,1,high,24.09,8,2,none,,27,https://www.musinsa.com/products/5387291
2026-09-02,어반드레스,5389915,Snap Fit Relax Pants_3Colors,0.98,34040,34900,34900,34900,0,0,0.0,100.0,1,high,24.09,8,2,none,,27,https://www.musinsa.com/products/5389915
2026-09-02,어반드레스,5390427,Ink Drop Layered T-shirt_3Colors,0.0,0,32000,32000,32000,0,0,0.0,100.0,1,high,24.09,8,2,none,,27,https://www.musinsa.com/products/5390427
2026-09-02,미나브,5390811,코튼 와이드 플레어 팬츠 [블랙],1.77,97079,55000,55000,55000,0,0,0.0,100.0,1,high,23.99,14,6,none,,27,https://www.musinsa.com/products/5390811
2026-09-02,로우로우,5391067,큐브 백 772 Dot [2color],1.05,46472,44250,44250,44250,0,0,0.0,100.0,1,high,24.01,7,2,none,,27,https://www.musinsa.com/products/5391067
2026-09-02,미나브,5391259,리브드 헨리넥 롱슬리브 [차콜],0.0,0,35100,35100,35100,0,0,0.0,100.0,1,high,24.09,8,2,none,,27,https://www.musinsa.com/products/5391259
2026-09-02,유니폼브릿지,5393499,UBC sweatpants black,0.0,0,54500,54500,54500,0,0,0.0,100.0,1,high,24.09,7,2,none,,27,https://www.musinsa.com/products/5393499
2026-09-02,유니폼브릿지,5393563,faux suede jacket(womens) beige,0.0,0,139500,139500,139500,0,0,0.0,100.0,1,high,24.09,7,2,none,,27,https://www.musinsa.com/products/5393563
2026-09-02,더뮤지엄비지터,5394395,DOT RUNNING BELT BAG (BROWN),0.0,0,31800,31800,31800,0,0,0.0,100.0,1,high,24.09,7,2,none,,27,https://www.musinsa.com/products/5394395
2026-09-02,테이크이지,5395163,[2PACK] 울 크롭 니트 카키멜 (+솔리드 크롭 티셔츠 증정),0.4,16836,41900,41900,41900,0,0,0.0,100.0,1,high,24.01,6,2,none,,27,https://www.musinsa.com/products/5395163
2026-09-02,틸아이다이,5395931,Belt set pleats skirt_Mocha,0.0,0,88020,88020,88020,0,0,0.0,100.0,1,high,24.09,7,2,none,,27,https://www.musinsa.com/products/5395931
2026-09-02,틸아이다이,5395995,Crinkle textured tie blouse TIFA03BL03_Butter,0.0,0,103550,103550,103550,0,0,0.0,100.0,1,high,24.08,7,2,none,,27,https://www.musinsa.com/products/5395995
2026-09-02,낫포너드,5396443,Stitch Double Knee Denim Pants - Black,0.0,0,67500,67500,67500,0,0,0.0,100.0,1,high,25.25,5,2,none,,27,https://www.musinsa.com/products/5396443
2026-09-02,세터,5397275,테오 신세틱 레더 칼라 자켓 브라운,0.0,0,279000,279000,279000,0,0,0.0,100.0,1,high,24.0,5,2,none,,27,https://www.musinsa.com/products/5397275
2026-09-02,코드그라피,5398875,하트 와펜 레글런 배색 롱슬리브_다크네이비,0.0,0,44800,44800,44800,0,0,0.0,100.0,1,high,25.25,5,2,none,,27,https://www.musinsa.com/products/5398875
2026-09-02,언탭트스튜디오,5401755,2WAY 오버사이즈 더플 후드 헤비 숏패딩 3Color,0.0,0,78890,78890,78890,0,0,0.0,100.0,1,high,24.01,8,2,none,,27,https://www.musinsa.com/products/5401755
2026-09-02,카네이테이,5404955,CLASSIC CHINO PANTS (BLACK),0.0,0,79000,79000,55300,1,23700,42.86,100.0,1,medium,24.09,7,2,none,,27,https://www.musinsa.com/products/5404955
2026-09-02,로제프란츠,5405019,Lace Cancan Mini Skirt [Black],0.0,0,80960,80960,80960,0,0,0.0,100.0,1,high,25.25,5,2,none,,27,https://www.musinsa.com/products/5405019
2026-09-02,시야쥬,5405083,SIAC3076 Lambskin Flow Bag L_Black,0.6,116862,195300,195300,195300,0,0,0.0,100.0,1,high,24.01,6,2,none,,27,https://www.musinsa.com/products/5405083
2026-09-02,더바이닐하우스,5409179,DOUBLE KNEE DENIM PANTS LIGHT BLUE,0.0,0,60480,60480,52920,1,7560,14.29,100.0,1,medium,24.01,6,2,none,,27,https://www.musinsa.com/products/5409179
2026-09-02,탄산마그네슘,5413147,손뼈 사선 팬츠 (블루),0.0,0,150480,150480,150480,0,0,0.0,100.0,1,high,24.0,5,2,none,,27,https://www.musinsa.com/products/5413147
2026-09-02,디스이즈네버댓,5414171,TNT Black Diamond SPOT 400-R Headlamp Camo,0.0,0,76300,76300,76300,0,0,0.0,100.0,1,high,24.01,6,2,none,,27,https://www.musinsa.com/products/5414171
2026-09-02,밀로아카이브,5424475,세이렌 핑거 홀 슬리브 [차콜],0.0,0,39000,39000,39000,0,0,0.0,100.0,1,high,24.02,8,2,none,,27,https://www.musinsa.com/products/5424475
2026-09-02,배드블러드,5424539,미스틱11 리버시블 퍼 후드 자켓 - 블랙/브라운레오파드,0.0,0,199200,199200,199200,0,0,0.0,100.0,1,high,24.09,8,2,none,,27,https://www.musinsa.com/products/5424539
2026-09-02,슬로우애시드,5424923,다이애그널 하프집업 [블랙],0.0,0,57400,57400,57400,0,0,0.0,100.0,1,high,25.25,5,2,none,,27,https://www.musinsa.com/products/5424923
2026-09-02,배드블러드,5424987,미스틱 캡슐 1/2 티셔츠 슬림핏 - 라이트리얼트리,0.0,0,73100,73100,73100,0,0,0.0,100.0,1,high,24.09,8,2,none,,27,https://www.musinsa.com/products/5424987
2026-09-02,플레어업,5429659,Ruffle Zip Hoodie (FL-193_Gray),0.0,0,101150,101150,101150,0,0,0.0,100.0,1,high,24.45,5,2,none,,27,https://www.musinsa.com/products/5429659
2026-09-02,노이어,5432347,로우 게이지 헤비 크롭 니트 (네이비),0.0,0,88000,88000,88000,0,0,0.0,100.0,1,high,24.09,8,2,none,,27,https://www.musinsa.com/products/5432347
2026-09-02,제멋,5436379,메이커라인 긴팔티셔츠 아이보리 JILT2652,0.0,0,23900,23900,23900,0,0,0.0,100.0,1,high,24.09,8,2,none,,27,https://www.musinsa.com/products/5436379
2026-09-02,디스이즈네버댓,5438107,Arch-Logo Hoodie Plum,0.0,0,87200,87200,87200,0,0,0.0,100.0,1,high,24.01,6,2,none,,27,https://www.musinsa.com/products/5438107
2026-09-02,디스이즈네버댓,5438171,Velvet Track Jacket Brown,0.0,0,167300,167300,167300,0,0,0.0,100.0,1,high,24.01,6,2,none,,27,https://www.musinsa.com/products/5438171
2026-09-02,카네이테이,5438491,DUSTY HENLEY LONG SLEEVES (VINTAGE WHITE),0.0,0,59000,59000,41300,1,17700,42.86,100.0,1,medium,24.09,7,2,none,,27,https://www.musinsa.com/products/5438491
2026-09-02,솔트앤초콜릿,5439131,어뉴 롱부츠 412548009 (3.5cm),0.0,0,77400,77400,77400,0,0,0.0,100.0,1,high,24.08,7,2,none,,27,https://www.musinsa.com/products/5439131
2026-09-02,미세키서울,5439899,Wabi origami pleats midi skirt CHARCOAL,0.0,0,83790,83790,93100,1,-9310,-10.0,100.0,1,medium,24.45,4,2,none,,27,https://www.musinsa.com/products/5439899
2026-09-02,시눈,5443739,Wrinkle H-Line Skirt (Cream),0.0,0,92460,92460,92460,0,0,0.0,100.0,1,high,24.0,5,2,none,,27,https://www.musinsa.com/products/5443739
2026-09-02,브라운브레스,5450267,TAG OG HOODIE - ASH,2.73,242884,89000,89000,89000,0,0,0.0,100.0,1,low,24.09,13,2,none,,27,https://www.musinsa.com/products/5450267
2026-09-02,벨리에,5451867,베어 스웨이드 블레이저 - 투톤 브라운,0.0,0,599450,599450,599450,0,0,0.0,100.0,1,high,24.0,5,2,none,,27,https://www.musinsa.com/products/5451867
2026-09-02,스컬프터,5452379,Ankh Boucle Knit Cardigan Ivory,0.0,0,82560,82560,82560,0,0,0.0,100.0,1,high,24.09,7,2,none,,27,https://www.musinsa.com/products/5452379
2026-09-02,9999아카이브,5453019,Archive Long Sleeves,0.0,0,46800,46800,46800,0,0,0.0,100.0,1,high,24.02,7,2,none,,27,https://www.musinsa.com/products/5453019
2026-09-02,인사일런스,5453275,카펜터 데님 팬츠 GREY,0.0,0,125100,125100,125100,0,0,0.0,100.0,1,high,24.01,6,2,none,,27,https://www.musinsa.com/products/5453275
2026-09-02,브라운야드,5458075,"W 하프 니트, 그레이",0.0,0,117600,117600,117600,0,0,0.0,100.0,1,high,24.02,7,2,none,,27,https://www.musinsa.com/products/5458075
2026-09-02,밀로아카이브,5458843,크레니 레더 스터드 자켓 [블랙],0.0,0,136800,136800,136800,0,0,0.0,100.0,1,high,24.02,8,2,none,,27,https://www.musinsa.com/products/5458843
2026-09-02,브라운야드,5458971,"스테디 셔츠, 블루",0.0,0,198000,198000,198000,0,0,0.0,100.0,1,high,24.02,7,2,none,,27,https://www.musinsa.com/products/5458971
2026-09-02,커스텀어클락,5462299,커브드 기모 후드 티셔츠 3 COLOR COOSTS262,0.0,0,52800,52800,52800,0,0,0.0,100.0,1,high,24.01,6,2,none,,27,https://www.musinsa.com/products/5462299
2026-09-02,어나더오피스,5462555,Mountaineer Garment Jacket (Smoky indigo),0.0,0,229600,229600,229600,0,0,0.0,100.0,1,high,24.09,7,2,none,,27,https://www.musinsa.com/products/5462555
2026-09-02,워크온바디오프,5463195,베르노 세미 오버핏 카라 니트 [아이보리],0.0,0,29610,29610,29610,0,0,0.0,100.0,1,high,24.01,6,2,none,,27,https://www.musinsa.com/products/5463195
2026-09-02,무드인사이드,5463707,드럭스 오버 체크셔츠_Navy,0.0,0,49900,49900,49900,0,0,0.0,100.0,1,high,24.09,8,2,none,,27,https://www.musinsa.com/products/5463707
2026-09-02,밀로아카이브,5466779,페이딩 플레어 후디 [멜란지 그레이],0.0,0,70800,70800,70800,0,0,0.0,100.0,1,high,24.02,8,2,none,,27,https://www.musinsa.com/products/5466779
2026-09-02,디스이즈네버댓,5468635,Velvet Track Pant Brown,0.0,0,97300,97300,97300,0,0,0.0,100.0,1,high,24.01,6,2,none,,27,https://www.musinsa.com/products/5468635
2026-09-02,미세키서울 맨,5477659,Slash line knit CHARCOAL,0.0,0,71280,71280,71280,0,0,0.0,100.0,1,high,24.0,5,2,none,,27,https://www.musinsa.com/products/5477659
2026-09-02,더뮤지엄비지터,5480347,DOT DUCK DOWN JACKET (BLACK),0.0,0,160800,160800,160800,0,0,0.0,100.0,1,high,24.09,7,2,none,,27,https://www.musinsa.com/products/5480347
2026-09-02,커버낫,5480539,웜온 시그니처 심볼 플리스 후디 Dark Navy,0.0,0,53100,53100,53100,0,0,0.0,100.0,1,high,24.01,6,2,none,,27,https://www.musinsa.com/products/5480539
2026-09-02,일꼬르소,5480987,피처 스트라이프 (릴렉스)셔츠 베이지 IESH5F004I2,0.0,0,69300,69300,69300,0,0,0.0,100.0,1,high,24.01,6,2,none,,27,https://www.musinsa.com/products/5480987
2026-09-02,본투윈,5482523,W BRN RACER BACK SLEEVELESS [BLACK],0.0,0,51300,51300,51300,0,0,0.0,100.0,1,high,24.09,7,2,none,,27,https://www.musinsa.com/products/5482523
2026-09-02,바우로프로덕트,5486939,스트레치 코튼 세미플레어 팬츠 [블랙],0.0,0,99000,99000,99000,0,0,0.0,100.0,1,high,25.26,7,2,none,,27,https://www.musinsa.com/products/5486939
2026-09-02,제로,5487963,래글런 크롭 롱 슬리브 [카키/차콜],0.0,0,29000,29000,29000,0,0,0.0,100.0,1,high,24.0,5,2,none,,27,https://www.musinsa.com/products/5487963
2026-09-02,세터,5490459,(W) 오르타 후드 패딩 베스트 블랙,0.0,0,179000,179000,179000,0,0,0.0,100.0,1,high,24.0,5,2,none,,27,https://www.musinsa.com/products/5490459
2026-09-02,워크온바디오프,5497115,인트레 세미 오버핏 케이블 니티드 후드집업 [차콜],0.0,0,40410,40410,40410,0,0,0.0,100.0,1,high,24.01,6,2,none,,27,https://www.musinsa.com/products/5497115
2026-09-02,유니폼브릿지,5497563,silk blended polo knit melange grey,0.0,0,89000,89000,89000,0,0,0.0,100.0,1,high,24.09,7,2,none,,27,https://www.musinsa.com/products/5497563
2026-09-02,론론,5505563,SPORTY SLIM LAYERED LONG SLEEVE WHITE GREY,0.0,0,62370,62370,62370,0,0,0.0,100.0,1,high,24.09,8,2,none,,27,https://www.musinsa.com/products/5505563
2026-09-02,아메스월드와이드,5506971,BASIC SMALL LOGO SWEAT PANTS CREAM,0.0,0,63200,63200,63200,0,0,0.0,100.0,1,high,24.46,6,2,none,,27,https://www.musinsa.com/products/5506971
2026-09-02,밀로아카이브,5508315,[MA X 데릭] 렌 스트라이프 자켓 [애쉬 브라운],0.0,0,145600,145600,145600,0,0,0.0,100.0,1,high,24.02,8,2,none,,27,https://www.musinsa.com/products/5508315
2026-09-02,무센트,5514331,마돌 브이넥 크롭 골지 니트 (3컬러),0.0,0,35910,35910,27930,1,7980,28.57,100.0,1,medium,24.01,6,2,none,,27,https://www.musinsa.com/products/5514331
2026-09-02,다이브인,5514843,WASHED COTTON MAC COAT (GRAY),0.0,0,191200,191200,191200,0,0,0.0,100.0,1,high,24.01,6,2,none,,27,https://www.musinsa.com/products/5514843
2026-09-02,루에브르,5515099,Vallon Bottes HA5AD017-FH,0.0,0,339000,339000,339000,0,0,0.0,100.0,1,high,24.09,8,2,none,,27,https://www.musinsa.com/products/5515099
2026-09-02,다이브인,5515291,[무민서 콜라보] LOOSED LIGHT PADDED JACKET (BLACK),0.0,0,249000,249000,249000,0,0,0.0,100.0,1,high,24.01,6,2,none,,27,https://www.musinsa.com/products/5515291
2026-09-02,디앤에스알,5516123,코듀로이 플레어 데님 팬츠 블루,0.0,0,66000,66000,66000,0,0,0.0,100.0,1,high,24.0,5,2,none,,27,https://www.musinsa.com/products/5516123
2026-09-02,마인드브릿지우먼,5526363,[W]울 혼방 체크 싱글 자켓,0.0,0,131500,131500,131500,0,0,0.0,100.0,1,high,24.0,7,2,none,,27,https://www.musinsa.com/products/5526363
2026-09-02,제멋,5535067,시에나 블러 피그먼트 후드 먹퍼플 ISHD2670,0.0,0,39800,39800,39800,0,0,0.0,100.0,1,high,24.09,8,2,none,,27,https://www.musinsa.com/products/5535067
2026-09-02,배드블러드,5536027,바이퍼 로고 맨투맨 - 블랙레오파드,0.0,0,79200,79200,79200,0,0,0.0,100.0,1,high,24.09,8,2,none,,27,https://www.musinsa.com/products/5536027
2026-09-02,더바이닐하우스,5539547,VINTAGE TWO-TONE HOODIE GREY,0.0,0,70900,70900,66640,1,4260,6.39,100.0,1,medium,24.01,6,2,none,,27,https://www.musinsa.com/products/5539547
2026-09-02,해비즘,5541147,FLOWER STRIPE RIB SWEATSHIRT(BLACK),0.0,0,24900,24900,24900,0,0,0.0,100.0,1,high,24.02,7,2,none,,27,https://www.musinsa.com/products/5541147
2026-09-02,플리즈노팔로우,5546267,Becky Fur Hoodie Jacket (Mocha Brown),0.0,0,203150,203150,203150,0,0,0.0,100.0,1,high,24.09,7,2,none,,27,https://www.musinsa.com/products/5546267
2026-09-02,키르시,5546523,사이드 슬릿 디테일 레그워머 [멜란지 그레이],0.0,0,34300,34300,34300,0,0,0.0,100.0,1,high,24.01,6,2,none,,27,https://www.musinsa.com/products/5546523
2026-09-02,유니폼브릿지,5546715,anchor print sweatshirt(womens) dark navy,0.0,0,49800,49800,49800,0,0,0.0,100.0,1,high,24.09,7,2,none,,27,https://www.musinsa.com/products/5546715
2026-09-02,제너럴아이디어,5549275,벌룬 헤어리 케이블 가디건 [IVORY] / WBE4L04536,0.0,0,54560,54560,55200,1,-640,-1.16,100.0,1,medium,24.09,7,2,none,,27,https://www.musinsa.com/products/5549275
2026-09-02,디스이즈네버댓,5549595,Reversible Air Pullover Black,0.0,0,94500,94500,94500,0,0,0.0,100.0,1,high,24.01,6,2,none,,27,https://www.musinsa.com/products/5549595
2026-09-02,밀로아카이브,5550427,루드 부클레 하프 코트 [미드나잇 블랙],0.0,0,241200,241200,241200,0,0,0.0,100.0,1,high,24.02,8,2,none,,27,https://www.musinsa.com/products/5550427
2026-09-02,파르티멘토,5551579,[써모라이트] 라이트 패딩 자켓 브라운,0.0,0,112900,112900,112900,0,0,0.0,100.0,1,high,24.01,6,2,none,,27,https://www.musinsa.com/products/5551579
2026-09-02,제멋,5552795,[2PACK] 어센틱 아카이브 후드 KJHD2666,0.0,0,76220,76220,76220,0,0,0.0,100.0,1,high,24.09,8,2,none,,27,https://www.musinsa.com/products/5552795
2026-09-02,파르티멘토 우먼,5554267,올인원 스모크드 롱슬리브 탑_스톤,0.0,0,39690,39690,39690,0,0,0.0,100.0,1,high,24.47,5,2,none,,27,https://www.musinsa.com/products/5554267
2026-09-02,아틀리에나인,5559643,FAITH WIDE SLEEVE DOWN JUMPER(JP-575),0.0,0,158400,158400,158400,0,0,0.0,100.0,1,high,24.0,7,2,none,,27,https://www.musinsa.com/products/5559643
2026-09-02,드로우핏우먼,5559963,래빗 앙고라 울 핸드메이드 플레어 하프 코트 [M.BROWN],0.0,0,251100,251100,251100,0,0,0.0,100.0,1,high,24.09,8,2,none,,27,https://www.musinsa.com/products/5559963
2026-09-02,인사일런스우먼,5562395,헤어리 알파카 하프 코트 CAMEL,0.0,0,359100,359100,359100,0,0,0.0,100.0,1,high,24.09,8,2,none,,27,https://www.musinsa.com/products/5562395
2026-09-02,프리즘웍스,5563291,ALTAVIA DOWN PARKA _ LIGHT OLIVE,0.0,0,260100,260100,260100,0,0,0.0,100.0,1,high,24.09,8,2,none,,27,https://www.musinsa.com/products/5563291
2026-09-02,유라고,5567387,Real suede long skirt,0.0,0,228000,228000,228000,0,0,0.0,100.0,1,high,24.0,5,2,none,,27,https://www.musinsa.com/products/5567387
2026-09-02,어반드레스,5567963,Bronze Grain Jacket BROWN,0.0,0,96000,96000,96000,0,0,0.0,100.0,1,high,24.09,8,2,none,,27,https://www.musinsa.com/products/5567963
2026-09-02,키르시,5569115,무스탕 스웨이드 퍼 호보백 [블랙],0.0,0,59900,59900,59900,0,0,0.0,100.0,1,high,24.01,6,2,none,,27,https://www.musinsa.com/products/5569115
2026-09-02,세터,5570715,벨트 미니 숄더 백 블랙,0.0,0,139000,139000,139000,0,0,0.0,100.0,1,high,24.0,5,2,none,,27,https://www.musinsa.com/products/5570715
2026-09-02,세터,5570843,카마로 코듀로이 페이드 팬츠 그레이,0.0,0,159000,159000,159000,0,0,0.0,100.0,1,high,24.0,5,2,none,,27,https://www.musinsa.com/products/5570843
2026-09-02,디스이즈네버댓,5573851,GD Lightning Velvet Knit Polo Light Pink,0.0,0,104300,104300,104300,0,0,0.0,100.0,1,high,24.01,6,2,none,,27,https://www.musinsa.com/products/5573851
2026-09-02,와이케이,5576475,스타 스웨트팬츠 그레이,0.0,0,66750,66750,66750,0,0,0.0,100.0,1,high,24.02,7,2,none,,27,https://www.musinsa.com/products/5576475
2026-09-02,유니폼브릿지,5581339,cable crew neck knit brown,0.0,0,99000,99000,99000,0,0,0.0,100.0,1,high,24.09,7,2,none,,27,https://www.musinsa.com/products/5581339
2026-09-02,후드후드,5583387,클로버 로고 아티피셜 스웨이드 숄더백 카키,0.0,0,98870,98870,98870,0,0,0.0,100.0,1,high,25.26,5,2,none,,27,https://www.musinsa.com/products/5583387
2026-09-02,2000아카이브스,5584027,AGEL STRIPED GARTER TOP (BLACK),0.0,0,116820,116820,116820,0,0,0.0,100.0,1,high,24.09,7,2,none,,27,https://www.musinsa.com/products/5584027
2026-09-02,시그니처,5584155,커브드 코듀로이 밴딩 팬츠[브라운],0.0,0,39900,39900,39900,0,0,0.0,100.0,1,high,25.26,5,2,none,,27,https://www.musinsa.com/products/5584155
2026-09-02,제너럴아이디어,5585435,뉴애티튜드 클래식 플랫 [BLACK] / WBE3L97508,0.0,0,82000,82000,82000,0,0,0.0,100.0,1,high,24.09,7,2,none,,27,https://www.musinsa.com/products/5585435
2026-09-02,1993스튜디오,5588315,W 베이직 슬림 후드 (4colors),1.79,77035,43000,43000,43000,0,0,0.0,100.0,1,high,24.01,9,2,none,,27,https://www.musinsa.com/products/5588315
2026-09-02,웬즈데이오아시스,5593307,[아틀리에 에디션] 헤리티지 패디드 자켓_CHARCOAL(WC25-OT06),0.0,0,174300,174300,174300,0,0,0.0,100.0,1,high,24.09,8,2,none,,27,https://www.musinsa.com/products/5593307
2026-09-02,웬즈데이오아시스,5593435,클래식 아가일 브이넥 니트 가디건_NAVY(WC25-KN64),0.0,0,60900,60900,60900,0,0,0.0,100.0,1,high,24.09,8,2,none,,27,https://www.musinsa.com/products/5593435
2026-09-02,론론,5594139,HEART POCKET ROLL UP BERMUDA DENIM PANTS BLACK,0.0,0,80190,80190,80190,0,0,0.0,100.0,1,high,24.09,8,2,none,,27,https://www.musinsa.com/products/5594139
2026-09-02,론론,5594267,HEART ZIP POCKET WRAP PANTS BLACK,0.0,0,107730,107730,107730,0,0,0.0,100.0,1,high,24.09,8,2,none,,27,https://www.musinsa.com/products/5594267
2026-09-02,코드그라피,5595419,폴라플리스 집업_레드,0.0,0,76300,76300,76300,0,0,0.0,100.0,1,high,25.26,5,2,none,,27,https://www.musinsa.com/products/5595419
2026-09-02,코드그라피,5597787,CGP 아치 로고 보아 후드 집업_다크그레이,0.0,0,76300,76300,76300,0,0,0.0,22.61,0,low,25.26,4,1,none,,27,https://www.musinsa.com/products/5597787
2026-09-02,탄산마그네슘,5604507,아일렛 스몰로고 후드집업 (스트라이프 그레이),0.0,0,120080,120080,120080,0,0,0.0,100.0,1,high,24.0,5,2,none,,27,https://www.musinsa.com/products/5604507
2026-09-02,알리스,5607195,스트라이프 코튼 플로우 머플러 [3COLOR],0.0,0,28520,28520,28520,0,0,0.0,100.0,1,high,24.48,5,2,none,,27,https://www.musinsa.com/products/5607195
2026-09-02,벨리에,5607323,(W) 트루 스트레이트 데님팬츠 - 그레이,0.0,0,139650,139650,139650,0,0,0.0,100.0,1,high,24.0,5,2,none,,27,https://www.musinsa.com/products/5607323
2026-09-02,시눈,5617499,Tiny Rabbit Charm Necklace (Silver),0.0,0,72360,72360,72360,0,0,0.0,100.0,1,high,24.0,5,2,none,,27,https://www.musinsa.com/products/5617499
2026-09-02,시눈,5617755,Balloon Mini Dress (White),0.0,0,105860,105860,105860,0,0,0.0,100.0,1,high,24.0,5,2,none,,27,https://www.musinsa.com/products/5617755
2026-09-02,시눈,5617819,SN Wool Blend Straight Pants (Brown),0.0,0,105860,105860,105860,0,0,0.0,100.0,1,high,24.0,5,2,none,,27,https://www.musinsa.com/products/5617819
2026-09-02,로제프란츠,5618203,Hairy Slim Fur Cardigan [Ivory],0.0,0,42560,42560,42560,0,0,0.0,100.0,1,high,25.27,5,2,none,,27,https://www.musinsa.com/products/5618203
2026-09-02,바우로프로덕트,5619931,소프트 이중직 라운드 니트 [그레이],0.0,0,49900,49900,49900,0,0,0.0,100.0,1,high,25.27,7,2,none,,27,https://www.musinsa.com/products/5619931
2026-09-02,헬레네파리스,5623067,스트라이프 믹스 콤비 머플러 [그레이],0.0,0,19840,19840,19840,0,0,0.0,100.0,1,high,24.09,8,2,none,,27,https://www.musinsa.com/products/5623067
2026-09-02,트리밍버드,5623323,Oversized Off-Shoulder Knit [ Black ],0.0,0,197100,197100,197100,0,0,0.0,100.0,1,high,24.09,8,2,none,,27,https://www.musinsa.com/products/5623323
2026-09-02,드헤베,5625371,Basic Round Knit Cardigan [Beige],0.0,0,65030,65030,61200,1,3830,6.26,100.0,1,medium,25.27,5,2,none,,27,https://www.musinsa.com/products/5625371
2026-09-02,드헤베,5625499,Wool Double Half Coat [Gray],0.0,0,154470,154470,145280,1,9190,6.33,100.0,1,medium,25.27,5,2,none,,27,https://www.musinsa.com/products/5625499
2026-09-02,브랜디드,5625883,FAKE LEATHER A-2 JACKET [BLACK],0.0,0,168300,168300,168300,0,0,0.0,100.0,1,high,25.27,5,2,none,,27,https://www.musinsa.com/products/5625883
2026-09-02,썸웨어버터,5626523,Bold Logo Button Hoodie - Pistachio,0.0,0,112590,112590,112590,0,0,0.0,100.0,1,high,24.02,7,2,none,,27,https://www.musinsa.com/products/5626523
2026-09-02,본투윈,5631259,B-SYMBOL LOGO SEMI WIDE PANTS [BLACK],7.05,614435,87200,87200,87200,0,0,0.0,100.0,1,high,10.09,23,8,none,,27,https://www.musinsa.com/products/5631259
2026-09-02,시야쥬,5634267,SIOT4167 헤어리 벨티드 하프 코트_Black,0.0,0,319000,319000,319000,0,0,0.0,100.0,1,high,24.01,6,2,none,,27,https://www.musinsa.com/products/5634267
2026-09-02,아틀리에나인,5635483,(PT-5726)ESEENTIAL WARM STRAIGHT PANTS,0.0,0,95060,95060,76050,1,19010,25.0,100.0,1,medium,24.0,7,2,none,,27,https://www.musinsa.com/products/5635483
2026-09-02,아메스월드와이드,5636315,MINI BOWLING TOTE BAG BLACK,0.0,0,76300,76300,76300,0,0,0.0,100.0,1,high,24.48,6,2,none,,27,https://www.musinsa.com/products/5636315
2026-09-02,아메스월드와이드,5636443,COWICHAN KNIT HOODIE ZIP-UP CHARCOAL,0.0,0,111200,111200,111200,0,0,0.0,100.0,1,high,24.48,6,2,none,,27,https://www.musinsa.com/products/5636443
2026-09-02,아메스월드와이드,5636507,LIGHT WEIGHT HOODED PADDING BLACK,0.0,0,87200,87200,87200,0,0,0.0,100.0,1,high,24.48,6,2,none,,27,https://www.musinsa.com/products/5636507
2026-09-02,해칭룸,5641115,Hairy Deep Pleats Trousers Stripe Black,0.0,0,238000,238000,238000,0,0,0.0,100.0,1,high,24.48,5,2,none,,27,https://www.musinsa.com/products/5641115
2026-09-02,해칭룸,5641243,Curve Jeans Deep Blue,0.0,0,178000,178000,178000,0,0,0.0,100.0,1,high,24.48,5,2,none,,27,https://www.musinsa.com/products/5641243
2026-09-02,세터,5641883,(W) 아가일 브이넥 풀오버 니트 레드,0.0,0,159000,159000,159000,0,0,0.0,100.0,1,high,24.0,5,2,none,,27,https://www.musinsa.com/products/5641883
2026-09-02,해칭룸,5645275,Overlay Sweatshirt Dark Navy,0.0,0,128000,128000,128000,0,0,0.0,100.0,1,high,24.48,5,2,none,,27,https://www.musinsa.com/products/5645275
2026-09-02,제너럴아이디어,5648155,울 블렌드 더플 롱코트 [DARK NAVY] / WBE4L10521,0.0,0,187200,187200,187200,0,0,0.0,100.0,1,high,24.09,7,2,none,,27,https://www.musinsa.com/products/5648155
2026-09-02,제너럴아이디어,5652571,부클 미니 스커트 [BLACK] / WBE4L56506,0.0,0,69700,69700,64400,1,5300,8.23,100.0,1,medium,24.09,7,2,none,,27,https://www.musinsa.com/products/5652571
2026-09-02,러브이즈트루,5653595,LUVISTRUE X MEANINGLESS SLIMFIT HOOD ZIPUP(GRAY),0.0,0,95200,95200,95200,0,0,0.0,100.0,1,high,24.02,7,2,none,,27,https://www.musinsa.com/products/5653595
2026-09-02,코드그라피,5653851,(우먼) 코곰이 후디_다크네이비,0.0,0,62300,62300,62300,0,0,0.0,100.0,1,high,25.27,5,2,none,,27,https://www.musinsa.com/products/5653851
2026-09-02,브룩스 브라더스,5659867,레귤러핏 코튼 스트레치 어드밴티지 치노 (스톤) (BBPCMFZ502),0.0,0,152100,152100,152100,0,0,0.0,100.0,1,high,24.02,7,2,none,,27,https://www.musinsa.com/products/5659867
2026-09-02,러브이즈트루,5666203,EV DOT SKIRT PANTS(GRAY),0.0,0,64970,64970,64970,0,0,0.0,100.0,1,high,24.02,7,2,none,,27,https://www.musinsa.com/products/5666203
2026-09-02,더바이닐하우스,5668955,HOODED MUFFLER KHAKI,0.0,0,56960,56960,49840,1,7120,14.29,100.0,1,medium,24.01,6,2,none,,27,https://www.musinsa.com/products/5668955
2026-09-02,테이크이지,5677787,드레이프 크롭 터틀넥 (차콜),0.0,0,14900,14900,19900,1,-5000,-25.13,100.0,1,medium,24.01,6,2,none,,27,https://www.musinsa.com/products/5677787
2026-09-02,아틀리에나인,5678171,(JP-578)URBAN HOODED STRING DOWN,0.0,0,289060,289060,231250,1,57810,25.0,100.0,1,medium,24.0,7,2,none,,27,https://www.musinsa.com/products/5678171
2026-09-02,유라고,5680091,Corduroy wide pants,0.0,0,59280,59280,59280,0,0,0.0,100.0,1,high,24.0,5,2,none,,27,https://www.musinsa.com/products/5680091
2026-09-02,유라고,5680155,Super fine raccoon V-neck knit,0.0,0,163400,163400,163400,0,0,0.0,100.0,1,high,24.0,5,2,none,,27,https://www.musinsa.com/products/5680155
2026-09-02,제너럴아이디어,5682203,울 블랜드 코위찬 니트 점퍼 [NAVY] / WBE4L07535,0.0,0,92800,92800,92800,0,0,0.0,100.0,1,high,24.09,7,2,none,,27,https://www.musinsa.com/products/5682203
2026-09-02,론론,5684507,[유소정 pick] NORDIC FAIR ISLE KNIT CARDIGAN NAVY,0.0,0,107730,107730,107730,0,0,0.0,100.0,1,high,24.09,8,2,none,,27,https://www.musinsa.com/products/5684507
2026-09-02,무드인사이드 우먼,5685403,(woman) 더스크 하이 무스탕 하프 코트_Black,0.81,79036,97930,111920,97930,1,13990,14.29,100.0,1,medium,24.01,6,2,none,,27,https://www.musinsa.com/products/5685403
2026-09-02,썸웨어버터,5694491,Poco Handmade Cowhichan Sweater - Ivory(Blue),0.0,0,298000,298000,298000,0,0,0.0,100.0,1,high,24.02,7,2,none,,27,https://www.musinsa.com/products/5694491
2026-09-02,에이치덱스,5694619,어시스트 파텔라 니 슬리브 (Black),0.0,0,17400,17400,17400,0,0,0.0,100.0,1,high,25.27,5,2,none,,27,https://www.musinsa.com/products/5694619
2026-09-02,본투윈,5696411,BRN ARCH HALF ZIP UP SWEATSHIRTS [WHITE MELANGE],0.0,0,92600,92600,92600,0,0,0.0,100.0,1,high,24.09,7,2,none,,27,https://www.musinsa.com/products/5696411
2026-09-02,커버낫,5697179,로고 라벨 슬림 램스울 머플러 Brown,0.0,0,39600,39600,39600,0,0,0.0,100.0,1,high,24.01,6,2,none,,27,https://www.musinsa.com/products/5697179
2026-09-02,꼼파뇨,5702171,코코 스트라이프 머플러 그레이,0.0,0,24760,24760,24760,0,0,0.0,100.0,1,high,24.48,5,2,none,,27,https://www.musinsa.com/products/5702171
2026-09-02,본투윈,5721627,SYMBOL B LOGO SOCKS 3PACK [BLACK],1.49,28247,19000,19000,19000,0,0,0.0,100.0,1,high,10.1,18,8,none,,27,https://www.musinsa.com/products/5721627
2026-09-02,브룩스 브라더스,5722267,메리노울 로고 폴로 스웨터 (차콜) (BBWTMNF301),0.0,0,179100,179100,143280,1,35820,25.0,100.0,1,medium,24.02,7,2,none,,27,https://www.musinsa.com/products/5722267
2026-09-02,언더오프,5726235,피치스킨 에센셜 리퍼블릭 기모 맨투맨 네이비,0.0,0,29520,29520,29520,0,0,0.0,100.0,1,high,24.01,6,2,none,,27,https://www.musinsa.com/products/5726235
2026-09-02,바이모노,5735259,[-5kg팬츠 32-50] 모노 점보 코듀로이 와이드 굵대팬츠,0.0,0,42900,42900,42900,0,0,0.0,100.0,1,high,24.01,6,2,none,,27,https://www.musinsa.com/products/5735259
2026-09-02,키르시,5740699,빅체리 잔디자수 크롭 스웻셔츠 [멜란지 그레이],0.0,0,48300,48300,48300,0,0,0.0,100.0,1,high,24.01,6,2,none,,27,https://www.musinsa.com/products/5740699
2026-09-02,트립르센스,5742811,[F/W]커스텀 울 세미 오버 블레이저_차콜,0.0,0,189000,189000,189000,0,0,0.0,100.0,1,high,24.02,7,2,none,,27,https://www.musinsa.com/products/5742811
2026-09-02,락케이크,5743579,Essential Crewneck Cardigan - Ivory,0.0,0,73600,73600,73600,0,0,0.0,100.0,1,high,24.09,8,2,none,,27,https://www.musinsa.com/products/5743579
2026-09-02,꼼파뇨,5749083,[2-WAY] 러스트 패치 피그먼트 후드 집업 더스티핑크,0.0,0,50610,50610,50610,0,0,0.0,100.0,1,high,24.49,5,2,none,,27,https://www.musinsa.com/products/5749083
2026-09-02,썬러브투어,5749147,[HOME ALONe] Muffler Brown,0.0,0,32390,32390,37920,1,-5530,-14.58,100.0,1,medium,24.09,8,2,none,,27,https://www.musinsa.com/products/5749147
2026-09-02,노티카,5755995,소프트 에센셜 머플러 - [라이트 그린],0.0,0,29940,29940,29940,0,0,0.0,100.0,1,high,23.99,5,2,none,,27,https://www.musinsa.com/products/5755995
2026-09-02,썸웨어버터,5762011,Lettering Turtleneck Top - Grey,0.0,0,43000,43000,43000,0,0,0.0,100.0,1,high,24.02,7,2,none,,27,https://www.musinsa.com/products/5762011
2026-09-02,썸웨어버터,5762075,Hayden Handmade Cardigan Sweater - Cream,0.0,0,269000,269000,269000,0,0,0.0,100.0,1,high,24.02,7,2,none,,27,https://www.musinsa.com/products/5762075
2026-09-02,썸웨어버터,5762331,Corduroy Dave Short Pants - Brown,0.0,0,95200,95200,95200,0,0,0.0,100.0,1,high,24.02,7,2,none,,27,https://www.musinsa.com/products/5762331
2026-09-02,일리고,5806171,오블리크 프릴 후드 자켓 체크 그린,0.0,0,92000,92000,92000,0,0,0.0,100.0,1,high,24.49,5,2,none,,27,https://www.musinsa.com/products/5806171
2026-09-02,슬로우애시드,5811547,블리치드 심볼 후디 [네이비],0.0,0,62720,62720,62720,0,0,0.0,100.0,1,high,25.27,5,2,none,,27,https://www.musinsa.com/products/5811547
2026-09-02,비바라비다,5818075,[기모선택] Element 헤비테리 후드 집업,0.0,0,62900,62900,62900,0,0,0.0,100.0,1,high,24.09,7,2,none,,27,https://www.musinsa.com/products/5818075
2026-09-02,꼼파뇨,5822171,가타코코 레글런 피그먼트 맨투맨 스모크블랙,0.0,0,41800,41800,41800,0,0,0.0,100.0,1,high,24.49,5,2,none,,27,https://www.musinsa.com/products/5822171
2026-09-02,탄산마그네슘,5845979,링거 후드집업 솔리드 (블랙),0.0,0,120080,120080,120080,0,0,0.0,100.0,1,high,24.0,5,2,none,,27,https://www.musinsa.com/products/5845979
2026-09-02,노매뉴얼,5848987,U.O TRUCKER CAP - BLACK,3.39,121151,35700,35700,35700,0,0,0.0,100.0,1,high,24.0,12,2,none,,27,https://www.musinsa.com/products/5848987
2026-09-02,리메인세컨드,5849051,잔 스트라이프 오버핏 반팔 티셔츠 [아이보리],0.0,0,27800,27800,27800,0,0,0.0,93.69,0,low,24.0,13,6,none,,27,https://www.musinsa.com/products/5849051
2026-09-02,노매뉴얼,5849243,DUNE LIGHT NYLON JACKET - MARINA,0.1,7380,75200,75200,75200,0,0,0.0,10.02,0,low,24.5,4,1,none,,27,https://www.musinsa.com/products/5849243
2026-09-02,노매뉴얼,5849499,LAYERED ARCH GRAPHIC T-SHIRT - WASHED NAVY,0.0,0,41250,41250,41250,0,0,0.0,100.0,1,high,24.5,5,2,none,,27,https://www.musinsa.com/products/5849499
2026-09-02,에이치덱스,5855323,프로 밴딩 브라탑 (Black),0.21,9444,44100,44100,44100,0,0,0.0,100.0,1,high,25.27,5,2,none,,27,https://www.musinsa.com/products/5855323
2026-09-02,9999아카이브,5860571,Music Note Print T,0.0,0,30870,30870,30870,0,0,0.0,100.0,1,high,24.02,7,2,none,,27,https://www.musinsa.com/products/5860571
2026-09-02,엑스컨테이너,5861531,미니멀 버튼 라운드넥 크롭 가디건 (BLUE),1.1,40074,36570,36570,36570,0,0,0.0,100.0,1,high,24.5,5,2,none,,27,https://www.musinsa.com/products/5861531
2026-09-02,드릭스,5862171,메탈 심볼 포켓 배색 맨투맨_네이비,0.0,0,33830,33830,33830,0,0,0.0,100.0,1,high,24.09,8,2,none,,27,https://www.musinsa.com/products/5862171
2026-09-02,디미트리블랙,5864283,포시즌 에센셜 스웻 맨투맨 티셔츠_크롭 멜란지,0.0,0,28900,28900,28900,0,0,0.0,100.0,1,high,24.01,6,2,none,,27,https://www.musinsa.com/products/5864283
2026-09-02,트릴리온,5866651,스톤 워시드 카고 포켓 코튼 팬츠_카키,0.0,0,37850,37850,37850,0,0,0.0,100.0,1,high,24.5,5,2,none,,27,https://www.musinsa.com/products/5866651
2026-09-02,키르시,5869339,체리 그래픽 볼캡 [화이트],0.0,0,46550,46550,46550,0,0,0.0,100.0,1,high,24.01,6,2,none,,27,https://www.musinsa.com/products/5869339
2026-09-02,론론,5870811,SOFT STRIPE V NECK BASIC KNIT BLUE,0.0,0,89100,89100,69300,1,19800,28.57,100.0,1,medium,24.09,8,2,none,,27,https://www.musinsa.com/products/5870811
2026-09-02,마인드브릿지,5871835,트윌 카라 오버핏 맨투맨,0.0,0,59900,59900,59900,0,0,0.0,100.0,1,high,24.5,5,2,none,,27,https://www.musinsa.com/products/5871835
2026-09-02,파브레가,5873819,버티컬 원턱 치노 팬츠 (카키 브라운),0.0,0,97200,97200,97200,0,0,0.0,100.0,1,high,25.27,5,2,none,,27,https://www.musinsa.com/products/5873819
2026-09-02,파브레가,5874779,키스토 스트라이프 셔츠 (버건디),0.0,0,69300,69300,69300,0,0,0.0,100.0,1,high,25.27,5,2,none,,27,https://www.musinsa.com/products/5874779
2026-09-02,와이케이,5876251,말티즈 아카이브 롱슬리브 티셔츠 Ver.2 차콜,0.0,0,44250,44250,44250,0,0,0.0,100.0,1,high,24.02,7,2,none,,27,https://www.musinsa.com/products/5876251
2026-09-02,토피,5876507,원턱 로우 데님 팬츠 (INDIGO),0.15,4699,31900,31900,31900,0,0,0.0,100.0,1,high,24.09,7,2,none,,27,https://www.musinsa.com/products/5876507
2026-09-02,엑스컨테이너,5876699,빈티지 다이드 카고 팬츠 (BEIGE),0.9,51983,57750,57750,57750,0,0,0.0,100.0,1,high,24.5,5,2,none,,27,https://www.musinsa.com/products/5876699
2026-09-02,그루브라임,5876763,유니) 기모쭈리 풀밴딩 5부 쇼츠 (LRPMCPH703M),0.0,0,24900,24900,24900,0,0,0.0,100.0,1,high,24.09,8,2,none,,27,https://www.musinsa.com/products/5876763
2026-09-02,그루브라임,5877083,컴포터블 밴딩 카고 테이퍼드 조거 팬츠 (LRRSCPJ104M),0.73,12260,16800,16800,16800,0,0,0.0,100.0,1,high,24.09,8,2,none,,27,https://www.musinsa.com/products/5877083
2026-09-02,세터,5877787,오르타 스몰 숄더 백 차콜,0.0,0,149000,149000,149000,0,0,0.0,100.0,1,high,24.0,5,2,none,,27,https://www.musinsa.com/products/5877787
2026-09-02,브라운브레스,5878491,TAG HOODIE - BLACK,1.73,153883,89000,89000,89000,0,0,0.0,100.0,1,high,24.09,8,2,none,,27,https://www.musinsa.com/products/5878491
2026-09-02,엑스컨테이너,5878683,사이드 라인 와이드 팬츠 (SLATE KHAKI),0.0,0,52920,52920,52920,0,0,0.0,100.0,1,high,24.5,5,2,none,,27,https://www.musinsa.com/products/5878683
2026-09-02,디앤에스알,5880539,커브드 데님 팬츠 라이트 블루,0.0,0,89600,89600,89600,0,0,0.0,100.0,1,high,24.0,5,2,none,,27,https://www.musinsa.com/products/5880539
2026-09-02,로템버,5882203,더블 브레스티드 블레이저 [블랙],0.0,0,147060,147060,147060,0,0,0.0,100.0,1,high,24.09,8,2,none,,27,https://www.musinsa.com/products/5882203
2026-09-02,카네이테이,5884443,CURVED PINTUCK SWEAT PANTS (WHITE MELANGE),0.0,0,36500,36500,36500,0,0,0.0,100.0,1,high,24.09,7,2,none,,27,https://www.musinsa.com/products/5884443
2026-09-02,아웃스탠딩,5885915,CHAIN STITCH DRIZZLER JACKET_BLACK,0.0,0,134100,134100,134100,0,0,0.0,14.79,0,low,24.09,7,1,none,,27,https://www.musinsa.com/products/5885915
2026-09-02,드로우핏우먼,5885979,컴포트 라운드 니트 가디건 (커치프 세트) [M.GREY],0.0,0,55440,55440,69300,1,-13860,-20.0,100.0,1,medium,24.09,8,2,none,,27,https://www.musinsa.com/products/5885979
2026-09-02,아웃스탠딩,5886363,USAF UTILITY TROUSERS_SAGE GREEN,0.0,0,93600,93600,93600,0,0,0.0,14.79,0,low,24.09,7,1,none,,27,https://www.musinsa.com/products/5886363
2026-09-02,아웃스탠딩,5886619,MIL SERIES SWEAT(CAROLINA)_GREEN,0.29,19636,66600,66600,66600,0,0,0.0,14.79,0,low,24.09,7,1,none,,27,https://www.musinsa.com/products/5886619
2026-09-02,아웃스탠딩,5886747,BACK SATIN FATIGUE SHIRT_OLIVE GREEN,0.0,0,106200,106200,106200,0,0,0.0,100.0,1,high,24.09,7,2,none,,27,https://www.musinsa.com/products/5886747
2026-09-02,미세키서울,5888667,[레이 PICK] Omoi pleats wrap skirt BLACK,0.0,0,124200,124200,124200,0,0,0.0,90.02,0,low,24.0,4,1,none,,27,https://www.musinsa.com/products/5888667
2026-09-02,미세키서울,5888987,[레이 PICK] Button slit leg warmer BLACK,0.0,0,38700,38700,38700,0,0,0.0,100.0,1,high,24.5,5,2,none,,27,https://www.musinsa.com/products/5888987
2026-09-02,미세키서울,5889179,[레이 PICK] Layered line sheer long sleeve BLACK,0.0,0,70200,70200,70200,0,0,0.0,100.0,1,high,24.5,5,2,none,,27,https://www.musinsa.com/products/5889179
2026-09-02,트리밍버드,5891547,Scratch Damage Boat Neck Sweat Shirt [ Beige ],0.0,0,149000,149000,149000,0,0,0.0,100.0,1,high,24.09,8,2,none,,27,https://www.musinsa.com/products/5891547
2026-09-02,언더오프,5892699,2way 크롭핏 타이포 후드 집업 그레이 기모선택,0.4,16133,39920,39920,39920,0,0,0.0,100.0,1,high,24.01,6,2,none,,27,https://www.musinsa.com/products/5892699
2026-09-02,바우프,5895323,스타 하우스 후드집업 [빈티지 퍼플],0.0,0,101150,101150,101150,0,0,0.0,100.0,1,high,25.27,5,2,none,,27,https://www.musinsa.com/products/5895323
2026-09-02,디미트리블랙,5899291,VLAD 턴오버 아트웍 로고 럭비 후드 티셔츠_피그먼트 차콜,0.0,0,42900,42900,42900,0,0,0.0,100.0,1,high,24.01,6,2,none,,27,https://www.musinsa.com/products/5899291
2026-09-02,필루미네이트,5900187,[SET]피드 체크 트랙 셋 업-그레이,0.0,0,83000,83000,83000,0,0,0.0,100.0,1,high,24.02,7,2,none,,27,https://www.musinsa.com/products/5900187
2026-09-02,일리고,5901403,셔링 부츠컷 팬츠 화이트,0.0,0,84000,84000,84000,0,0,0.0,100.0,1,high,24.5,5,2,none,,27,https://www.musinsa.com/products/5901403
2026-09-02,테이크이지,5901915,원턱 배럴핏 코튼팬츠 (블랙),0.0,0,39900,39900,39900,0,0,0.0,100.0,1,high,24.01,6,2,none,,27,https://www.musinsa.com/products/5901915
2026-09-02,에이지오디,5909915,커버 포켓 후드 아노락 [베이지],0.0,0,44000,44000,44000,0,0,0.0,100.0,1,high,24.09,8,2,none,,27,https://www.musinsa.com/products/5909915
2026-09-02,에이지오디,5910107,스트라이프 니트 가디건 [네이비],0.0,0,49600,49600,49600,0,0,0.0,100.0,1,high,24.09,8,2,none,,27,https://www.musinsa.com/products/5910107
2026-09-02,던스트,5911131,UNISEX RELAXED HALF ZIP-UP SWEATSHIRT_UDTS6A102_LIGHT MELANGE GREY,0.0,0,143100,143100,114480,1,28620,25.0,100.0,1,medium,24.02,7,2,none,,27,https://www.musinsa.com/products/5911131
2026-09-02,언타이틀 서울,5911323,유니콘 바시티 엠블럼 후드집업 네이비,2.02,107061,53000,53000,53000,0,0,0.0,100.0,1,high,24.0,20,8,none,,27,https://www.musinsa.com/products/5911323
2026-09-02,칙스,5911451,슬림 크롭 셔츠 블랙,0.0,0,31410,31410,34900,1,-3490,-10.0,100.0,1,medium,24.09,8,2,none,,27,https://www.musinsa.com/products/5911451
2026-09-02,해칭룸,5916379,Zip Cardigan Black,0.0,0,150400,150400,150400,0,0,0.0,100.0,1,high,24.51,5,2,none,,27,https://www.musinsa.com/products/5916379
2026-09-02,룩캐스트,5919835,시아 카라 가디건 슬리브리스 셋업 니트 / SIA COLLAR CARDIGAN SLEEVELESS SET UP KNIT_4colors,0.0,0,58530,58530,58530,0,0,0.0,100.0,1,high,24.51,5,2,none,,27,https://www.musinsa.com/products/5919835
2026-09-02,룩캐스트,5919899,[2PACK] 에린 베이직 티셔츠 / ELIN BAISIC T-SHIRT_3colors,0.0,0,33400,33400,33400,0,0,0.0,100.0,1,high,24.51,5,2,none,,27,https://www.musinsa.com/products/5919899
2026-09-02,스키즘 인듀싱,5920411,HUSSAR ZIP HOODIE BLACK,0.03,4485,176800,176800,176800,0,0,0.0,100.0,1,high,24.09,8,2,none,,27,https://www.musinsa.com/products/5920411
2026-09-02,드로우핏,5922139,리벳 포인트 크롭 후드 집업 [BLACK],0.0,0,59400,59400,59400,0,0,0.0,100.0,1,high,25.28,5,2,none,,27,https://www.musinsa.com/products/5922139
2026-09-02,피인오,5923227,하이넥 플라이트 자켓 - 브라운,0.0,0,84600,84600,84600,0,0,0.0,100.0,1,high,24.02,7,2,none,,27,https://www.musinsa.com/products/5923227
2026-09-02,와이케이,5925339,도트 래글런 트랙 져지 자켓 네이비,0.0,0,89250,89250,89250,0,0,0.0,100.0,1,high,24.02,7,2,none,,27,https://www.musinsa.com/products/5925339
2026-09-02,헬레네파리스,5925787,[SET] 레이서 브라탑 스터드 롱 슬리브 [스트라이프-블랙],0.0,0,39160,39160,39160,0,0,0.0,100.0,1,high,24.09,8,2,none,,27,https://www.musinsa.com/products/5925787
2026-09-02,헬레네파리스,5925915,크리즈 체크 오버핏 셔츠 [그레이 바이올렛],0.0,0,60560,60560,57850,1,2710,4.68,100.0,1,medium,24.09,8,2,none,,27,https://www.musinsa.com/products/5925915
2026-09-02,러브이즈트루,5927963,EL PATCH HOOD T-SHIRT(BLACK),0.0,0,52280,52280,52280,0,0,0.0,100.0,1,high,24.02,7,2,none,,27,https://www.musinsa.com/products/5927963
2026-09-02,트릴리온,5928539,투턱 라이크 데님 와이드 슬랙스_인디고,1.8,71874,39900,39900,39900,0,0,0.0,100.0,1,high,24.51,5,2,none,,27,https://www.musinsa.com/products/5928539
2026-09-02,아모우,5928667,D-Star One Tuck Sweat Pants BLACK,0.97,53818,55300,55300,55300,0,0,0.0,100.0,1,high,24.09,8,2,none,,27,https://www.musinsa.com/products/5928667
2026-09-02,디앤에스알,5929371,[프리미엄] 람포 베지터블 램스킨 백플리츠 자켓 레드,0.0,0,569700,569700,569700,0,0,0.0,100.0,1,high,24.0,5,2,none,,27,https://www.musinsa.com/products/5929371
2026-09-02,아틀리에나인,5929819,CRINCLE LEATHER OVERSIZED JUMPER (JP-601),0.0,0,202290,202290,202290,0,0,0.0,100.0,1,high,24.0,7,2,none,,27,https://www.musinsa.com/products/5929819
2026-09-02,로제프란츠,5930139,Essential Rose Label T-Shirt [Red],0.0,0,27600,27600,27600,0,0,0.0,100.0,1,high,25.28,5,2,none,,27,https://www.musinsa.com/products/5930139
2026-09-02,낫포너드,5930331,Hidden Symbol Distressed Denim Pants - Deep Blue,3.0,197100,65700,65700,65700,0,0,0.0,100.0,1,low,9.03,13,7,none,,27,https://www.musinsa.com/products/5930331
2026-09-02,워크온바디오프,5930651,이지온 세미 오버핏 헨리넥 니트 [네이비],0.0,0,30510,30510,30510,0,0,0.0,100.0,1,high,24.01,6,2,none,,27,https://www.musinsa.com/products/5930651
2026-09-02,브라운브레스,5930715,DENIM HOOD ZIP UP - BLUE,0.0,0,179000,179000,179000,0,0,0.0,100.0,1,high,24.09,8,2,none,,27,https://www.musinsa.com/products/5930715
2026-09-02,미나브,5932699,[패션플래닛X미나브] 슬라우치 캔버스백 [워시드차콜],5.64,389268,69000,69000,69000,0,0,0.0,100.0,1,high,10.12,30,8,none,,27,https://www.musinsa.com/products/5932699
2026-09-02,러프사이드,5933275,All Weather T-Shirt Oatmeal,0.0,0,39000,39000,39000,0,0,0.0,100.0,1,high,24.0,5,2,none,,27,https://www.musinsa.com/products/5933275
2026-09-02,후드후드,5935515,Three 에일리언 데미지 반팔티셔츠 화이트,0.0,0,46500,46500,46500,0,0,0.0,100.0,1,high,25.28,4,2,none,,27,https://www.musinsa.com/products/5935515
2026-09-02,아웃스탠딩,5936091,LS STRIPE COLLAR KNIT CARDIGAN_MELANGE GRAY,0.0,0,88200,88200,88200,0,0,0.0,14.83,0,low,24.09,7,1,none,,27,https://www.musinsa.com/products/5936091
2026-09-02,웬즈데이오아시스,5936411,워셔블 더블 레이어드 라운드 가디건_BLACK(WC26KN28),0.27,12473,46200,46200,46200,0,0,0.0,100.0,1,high,24.09,8,2,none,,27,https://www.musinsa.com/products/5936411
2026-09-02,파르티멘토 우먼,5937243,PWC 쉬어 레글런 스티치 숏슬리브 티_틸,0.1,2123,21870,21870,21870,0,0,0.0,100.0,1,high,24.51,5,2,none,,27,https://www.musinsa.com/products/5937243
2026-09-02,파르티멘토 우먼,5937307,PWC 90s 포켓 폴로 숏슬리브 티_멜란지,0.0,0,29160,29160,29160,0,0,0.0,100.0,1,high,24.51,5,2,none,,27,https://www.musinsa.com/products/5937307
2026-09-02,파르티멘토 우먼,5937371,PWC 언발란스드 드로스트링 맥시 드레스_블랙,0.0,0,46170,46170,46170,0,0,0.0,100.0,1,high,24.51,5,2,none,,27,https://www.musinsa.com/products/5937371
2026-09-02,파르티멘토 우먼,5937435,PWC 쉬어 브이넥 니트 스웨터_틸 스트라이프,0.0,0,46980,46980,46980,0,0,0.0,100.0,1,high,24.51,5,2,none,,27,https://www.musinsa.com/products/5937435
2026-09-02,쿠어,5937563,헤어리 알파카 블렌드 카라 가디건 (다크네이비),0.0,0,157500,157500,157500,0,0,0.0,100.0,1,high,24.0,5,2,none,,27,https://www.musinsa.com/products/5937563
2026-09-02,드헤베,5937755,Classic Pintuck Wide Slacks [Black],0.0,0,88200,88200,88200,0,0,0.0,100.0,1,high,25.28,5,2,none,,27,https://www.musinsa.com/products/5937755
2026-09-02,미나브,5938395,크롭 롱 슬리브 [그레이],0.0,0,27550,27550,27550,0,0,0.0,100.0,1,high,24.09,8,2,none,,27,https://www.musinsa.com/products/5938395
2026-09-02,굿라이프웍스,5938651,컴포트 와이드 투턱 스웨트 팬츠 블랙,0.0,0,27860,27860,27860,0,0,0.0,100.0,1,high,24.0,5,2,none,,27,https://www.musinsa.com/products/5938651
2026-09-02,세터,5938971,로렌 베이직 크루넥 니트 크림,0.0,0,119000,119000,119000,0,0,0.0,100.0,1,high,24.0,5,2,none,,27,https://www.musinsa.com/products/5938971
2026-09-02,쿠어,5940635,세미오버핏 링클 스트라이프 셔츠 (스카이블루),0.0,0,153000,153000,153000,0,0,0.0,100.0,1,high,24.0,5,2,none,,27,https://www.musinsa.com/products/5940635
2026-09-02,쿠어,5940891,가먼트 다이드 바이커 자켓 (워시드더스티핑크),0.0,0,270000,270000,270000,0,0,0.0,100.0,1,high,24.0,5,2,none,,27,https://www.musinsa.com/products/5940891
2026-09-02,커버낫,5944731,스트라이프 카라 니트 그린,0.0,0,74970,74970,74970,0,0,0.0,100.0,1,high,24.01,6,2,none,,27,https://www.musinsa.com/products/5944731
2026-09-02,드로우핏,5947291,마일즈 워싱 데님 카고 팬츠 [BLACK INDIGO],0.21,14209,66600,66600,66600,0,0,0.0,100.0,1,low,25.28,4,2,none,,27,https://www.musinsa.com/products/5947291
2026-09-02,드로우핏,5947867,카우 위빙 레더 벨트 [BLACK],0.78,29305,37800,37800,37800,0,0,0.0,100.0,1,high,25.28,5,2,none,,27,https://www.musinsa.com/products/5947867
2026-09-02,브라운야드,5948699,"퍼포먼스 롱 레깅스, 블랙",0.0,0,118000,118000,118000,0,0,0.0,100.0,1,high,24.02,7,2,none,,27,https://www.musinsa.com/products/5948699
2026-09-02,더바넷,5948955,Raw Raglan T-Shirt_Brown,0.0,0,52200,52200,52200,0,0,0.0,100.0,1,high,25.28,5,2,none,,27,https://www.musinsa.com/products/5948955
2026-09-02,루에브르,5949723,Douceur Moccasins HA6SA018_3color,0.0,0,259000,259000,259000,0,0,0.0,100.0,1,high,24.09,8,2,none,,27,https://www.musinsa.com/products/5949723
2026-09-02,배드블러드,5951963,BS Cotton Jersey Fitted Short Sleeve T-Shirt - Brown,0.0,0,44000,44000,44000,0,0,0.0,100.0,1,high,24.09,8,2,none,,27,https://www.musinsa.com/products/5951963
2026-09-02,벨리에,5952475,트루 와이드 데님 팬츠 - 스모크 레일 인디고,0.7,110783,158650,158650,158650,0,0,0.0,100.0,1,high,24.0,5,2,none,,27,https://www.musinsa.com/products/5952475
2026-09-02,벨리에,5952539,(W) 트루 벌룬 데님 팬츠 - 스모크 인디고,0.0,0,148200,148200,148200,0,0,0.0,100.0,1,high,24.0,5,2,none,,27,https://www.musinsa.com/products/5952539
2026-09-02,노티카,5953435,[UV차단]덱 트랜싯 스탠드 자켓(2colors) NJK0946,0.0,0,69300,69300,69300,0,0,0.0,100.0,1,high,24.0,5,2,none,,27,https://www.musinsa.com/products/5953435
2026-09-02,나이스고스트클럽,5955547,GHOST BITMAP HOODIE ZIP UP_YELLOW(NG2GSUM482A),0.0,0,62370,62370,62370,0,0,0.0,100.0,1,high,24.02,7,2,none,,27,https://www.musinsa.com/products/5955547
2026-09-02,유니폼브릿지,5957659,raw cut western denim shirt 8oz(womens) blue,0.0,0,95400,95400,95400,0,0,0.0,100.0,1,high,24.09,7,2,none,,27,https://www.musinsa.com/products/5957659
2026-09-02,트래블,5960539,체크 롤업 데님 팬츠 블랙,0.0,0,69760,69760,61040,1,8720,14.29,100.0,1,medium,24.09,8,2,none,,27,https://www.musinsa.com/products/5960539
2026-09-02,트래블,5960795,스트라이프 레이어드 롱 슬리브 차콜,0.0,0,31360,31360,27440,1,3920,14.29,100.0,1,medium,24.09,8,2,none,,27,https://www.musinsa.com/products/5960795
2026-09-02,트래블,5960859,베이스볼 래글런 후드 집업 그레이,0.0,0,56960,56960,49840,1,7120,14.29,100.0,1,medium,24.09,8,2,none,,27,https://www.musinsa.com/products/5960859
2026-09-02,어반디타입,5964891,산토리니 선 메쉬 쇼츠_네이비,0.0,0,34900,34900,34900,0,0,0.0,100.0,1,high,24.02,7,2,none,,27,https://www.musinsa.com/products/5964891
2026-09-02,일꼬르소,5965915,슬럽 롱 슬리브 티셔츠 카키,0.0,0,37760,37760,37760,0,0,0.0,100.0,1,high,24.01,6,2,none,,27,https://www.musinsa.com/products/5965915
2026-09-02,파르티멘토,5967387,스테인 카모 필드 자켓 차콜,0.0,0,130400,130400,130400,0,0,0.0,100.0,1,high,24.01,6,2,none,,27,https://www.musinsa.com/products/5967387
2026-09-02,루에브르,5967771,Oversized Faux Suede Jacket SL6XJ112-91,0.0,0,239000,239000,239000,0,0,0.0,100.0,1,high,24.09,8,2,none,,27,https://www.musinsa.com/products/5967771
2026-09-02,제로,5969627,코어 크롭 핑거 홀 후드 [멜란지 오트밀],0.0,0,45000,45000,45000,0,0,0.0,100.0,1,high,24.0,5,2,none,,27,https://www.musinsa.com/products/5969627
2026-09-02,아이돈워너셀,5970651,Bomin Curved Denim Pants Black,0.0,0,95200,95200,95200,0,0,0.0,100.0,1,high,24.01,6,2,none,,27,https://www.musinsa.com/products/5970651
2026-09-02,론론,5972891,BUTTON POCKET OVERSIZED SHIRT SOFT PINK,0.0,0,71280,71280,55440,1,15840,28.57,100.0,1,medium,24.09,8,2,none,,27,https://www.musinsa.com/products/5972891
2026-09-02,론론,5973083,CHECK SHIRT POINTED KNIT CARDIGAN PINK,0.0,0,79200,79200,61600,1,17600,28.57,100.0,1,medium,24.09,8,2,none,,27,https://www.musinsa.com/products/5973083
2026-09-02,인사일런스우먼,5974427,레이스업 롱슬리브 BROWN,0.0,0,89100,89100,94000,1,-4900,-5.21,100.0,1,medium,24.09,8,2,none,,27,https://www.musinsa.com/products/5974427
2026-09-02,인사일런스우먼,5974939,친츠 오버사이즈 점퍼 ASH IVORY,0.0,0,117600,117600,159600,1,-42000,-26.32,100.0,1,medium,24.09,8,2,none,,27,https://www.musinsa.com/products/5974939
2026-09-02,에이치덱스,5975387,이지 에어리 트랙 나일론 팬츠 (Gray),0.0,0,67150,67150,67150,0,0,0.0,100.0,1,high,25.28,5,2,none,,27,https://www.musinsa.com/products/5975387
2026-09-02,1993스튜디오,5975515,심볼 로고 나일론 와이드 벌룬 팬츠_아이보리,0.0,0,59000,59000,59000,0,0,0.0,100.0,1,high,24.01,6,2,none,,27,https://www.musinsa.com/products/5975515
2026-09-02,엑스컨테이너,5975963,나일론 이지 턱 와이드 팬츠 (CHARCOAL),0.9,41765,46360,46360,46360,0,0,0.0,100.0,1,low,24.52,4,2,none,,27,https://www.musinsa.com/products/5975963
2026-09-02,시야쥬,5976347,SITP5242 슬림 레귤러 반팔 티셔츠_Black,0.0,0,30780,30780,30780,0,0,0.0,100.0,1,high,24.01,6,2,none,,27,https://www.musinsa.com/products/5976347
2026-09-02,플리즈노팔로우,5976923,New Hailey Jogger (Khaki),0.0,0,102400,102400,102400,0,0,0.0,100.0,1,high,24.09,7,2,none,,27,https://www.musinsa.com/products/5976923
2026-09-02,플리즈노팔로우,5976987,Devon Ribbed Hoodie (Black),0.0,0,125800,125800,125800,0,0,0.0,100.0,1,high,24.09,7,2,none,,27,https://www.musinsa.com/products/5976987
2026-09-02,엑스트라오디너리,5977243,STUDIO LOGO POCKET TEE BLACK,0.0,0,38350,38350,38350,0,0,0.0,100.0,1,high,24.52,5,2,none,,27,https://www.musinsa.com/products/5977243
2026-09-02,커버낫,5981787,베이직 포켓 티셔츠 차콜,0.0,0,35280,35280,35280,0,0,0.0,100.0,1,high,24.01,6,2,none,,27,https://www.musinsa.com/products/5981787
2026-09-02,커버낫,5981851,쿨맥스® C 로고 옥스포드 셔츠 그레이,0.0,0,56290,56290,60520,1,-4230,-6.99,100.0,1,medium,24.01,6,2,none,,27,https://www.musinsa.com/products/5981851
2026-09-02,와이케이,5983067,돌핀 라벨 삭스 블랙,0.0,0,11900,11900,11900,0,0,0.0,100.0,1,high,24.02,7,2,none,,27,https://www.musinsa.com/products/5983067
2026-09-02,틸아이다이,5983835,Soft touch long skirt [TISP05SK01]_Black,0.0,0,88020,88020,88020,0,0,0.0,100.0,1,high,24.09,7,2,none,,27,https://www.musinsa.com/products/5983835
2026-09-02,아틀리에나인,5984603,LACE LAYERED MIDI SKIRT (SK-5081),0.0,0,71200,71200,71200,0,0,0.0,100.0,1,high,24.0,7,2,none,,27,https://www.musinsa.com/products/5984603
2026-09-02,던스트,5987611,UNISEX LOGO WINDBREAKER_UDJU6A113_RED,0.0,0,167400,167400,133920,1,33480,25.0,100.0,1,medium,24.02,7,2,none,,27,https://www.musinsa.com/products/5987611
2026-09-02,노이어,5988251,실키 라운드넥 니트 (다크그레이),0.0,0,60000,60000,60000,0,0,0.0,100.0,1,high,24.09,8,2,none,,27,https://www.musinsa.com/products/5988251
2026-09-02,제멋,5990363,블랭크 맨투맨 틸블루 KJMT2689,0.0,0,35900,35900,35900,0,0,0.0,100.0,1,high,24.09,8,2,none,,27,https://www.musinsa.com/products/5990363
2026-09-02,디스이즈네버댓,5992347,OL-Logo Crewneck Faded Navy,0.0,0,69300,69300,69300,0,0,0.0,100.0,1,high,24.01,6,2,none,,27,https://www.musinsa.com/products/5992347
2026-09-02,인사일런스,5993115,오가닉 코튼 코드 로데오 자켓 DARK BROWN,0.0,0,206100,206100,206100,0,0,0.0,100.0,1,high,24.01,6,2,none,,27,https://www.musinsa.com/products/5993115
2026-09-02,르아르,5994907,슬림핏 라이트 후드 집업 [블랙],5.19,275427,53100,53100,53100,0,0,0.0,100.0,1,high,24.0,11,2,none,,27,https://www.musinsa.com/products/5994907
2026-09-02,제너럴아이디어,5996251,MAN 레귤러 핏 컴포트 슬랙스 [CHARCOAL] / GF1MPT003,0.0,0,48800,48800,48300,1,500,1.04,100.0,1,medium,24.09,7,2,none,,27,https://www.musinsa.com/products/5996251
2026-09-02,링서울,5999003,standard bio shirt-ivory,0.0,0,83840,83840,83840,0,0,0.0,100.0,1,high,24.02,7,2,none,,27,https://www.musinsa.com/products/5999003
2026-09-02,몰든,5999963,파이핑 우먼 쇼츠,0.0,0,32400,32400,32400,0,0,0.0,100.0,1,high,24.09,8,2,none,,27,https://www.musinsa.com/products/5999963
2026-09-02,길라아카이브,6000027,GRAPHIC RAGLAN LONG SLEEVE_BLUE,0.0,0,37170,37170,37170,0,0,0.0,100.0,1,high,24.02,7,2,none,,27,https://www.musinsa.com/products/6000027
2026-09-02,기철,6002011,Square Patch Cut Wide Denim Pants (Light Grey),0.0,0,65400,65400,65400,0,0,0.0,100.0,1,high,24.0,5,2,none,,27,https://www.musinsa.com/products/6002011
2026-09-02,배드블러드,6002075,Star-Studded Barrel Jeans - Mid Blue,0.0,0,183200,183200,183200,0,0,0.0,100.0,1,high,24.09,8,2,none,,27,https://www.musinsa.com/products/6002075
2026-09-02,커버낫,6011483,아치 로고 코지 핏 볼캡 블루,0.0,0,31590,31590,31590,0,0,0.0,100.0,1,high,24.01,6,2,none,,27,https://www.musinsa.com/products/6011483
2026-09-02,바우로프로덕트,6012955,캐티오닉 코튼 크롭 자켓 [차콜],0.0,0,189000,189000,189000,0,0,0.0,100.0,1,high,25.29,7,2,none,,27,https://www.musinsa.com/products/6012955
2026-09-02,인사일런스우먼,6013531,루즈핏 레이어드 니트 GREY BEIGE,0.0,0,149400,149400,157700,1,-8300,-5.26,100.0,1,medium,24.09,8,2,none,,27,https://www.musinsa.com/products/6013531
2026-09-02,탄산마그네슘,6014683,나그랑 본 롱슬리브 (화이트),5.43,306784,56470,60040,54720,1,5320,9.72,100.0,1,medium,9.59,28,8,none,,27,https://www.musinsa.com/products/6014683
2026-09-02,칙스,6015515,멀티 스터드 카고 버뮤다 팬츠 카키베이지,0.0,0,52110,52110,57900,1,-5790,-10.0,100.0,1,medium,24.09,8,2,none,,27,https://www.musinsa.com/products/6015515
2026-09-02,바이모노,6016731,[빅사이즈 M-6XL] 모노 U.S 오버핏 개파카 야상(ver.롱&숏),0.0,0,89900,89900,89900,0,0,0.0,100.0,1,high,24.01,6,2,none,,27,https://www.musinsa.com/products/6016731
2026-09-02,비헤비어,6016795,WASHED WOOL SOUVENIR JACKET black,0.0,0,350550,350550,350550,0,0,0.0,100.0,1,high,24.53,5,2,none,,27,https://www.musinsa.com/products/6016795
2026-09-02,디스이즈네버댓,6019739,Times Cap Blue/Charcoal,0.0,0,45000,45000,45000,0,0,0.0,100.0,1,high,24.01,6,2,none,,27,https://www.musinsa.com/products/6019739
2026-09-02,디스이즈네버댓,6019867,Loose Gauge Knit Crew Light Brown,0.0,0,83300,83300,83300,0,0,0.0,100.0,1,high,24.01,6,2,none,,27,https://www.musinsa.com/products/6019867
2026-09-02,세터,6024987,크레스트 로고 루프 볼캡 베이지,0.0,0,79000,79000,79000,0,0,0.0,100.0,1,high,24.0,5,2,none,,27,https://www.musinsa.com/products/6024987
2026-09-02,제로,6029467,사선 투웨이 크롭 후드 집업 [블랙],1.96,95821,49000,49000,49000,0,0,0.0,100.0,1,high,23.98,13,2,none,,27,https://www.musinsa.com/products/6029467
2026-09-02,벨리에,6031707,어반 드레이프 카고 팬츠 - 블랙,0.0,0,189050,189050,189050,0,0,0.0,100.0,1,high,24.0,5,2,none,,27,https://www.musinsa.com/products/6031707
2026-09-02,유니온블루,6033371,VOYAGER COLLAR KNIT [MELANGE GRAY],0.85,61377,72090,72090,72090,0,0,0.0,100.0,1,high,24.09,7,2,none,,27,https://www.musinsa.com/products/6033371
2026-09-02,파르티멘토 우먼,6033883,워시드 PW 엠브로이더드 그랜대드 캡_카키 브라운,0.0,0,29160,29160,29160,0,0,0.0,100.0,1,high,24.54,5,2,none,,27,https://www.musinsa.com/products/6033883
2026-09-02,다이브인,6035867,HIDDEN BUTTON SHIRTS (WHITE),0.0,0,79200,79200,79200,0,0,0.0,100.0,1,high,24.01,6,2,none,,27,https://www.musinsa.com/products/6035867
2026-09-02,다이브인,6035995,WASHED COTTON SWING TOP JACKET (BEIGE),0.0,0,119200,119200,119200,0,0,0.0,100.0,1,high,24.01,6,2,none,,27,https://www.musinsa.com/products/6035995
2026-09-02,밀로아카이브,6036763,리셋 더 룰 점보 티셔츠 [화이트],0.0,0,46400,46400,46400,0,0,0.0,100.0,1,high,24.02,8,2,none,,27,https://www.musinsa.com/products/6036763
2026-09-02,인사일런스,6038235,라이트웨이트 컷 오프 코튼 니트 BLACK,0.0,0,116100,116100,116100,0,0,0.0,100.0,1,high,24.01,6,2,none,,27,https://www.musinsa.com/products/6038235
2026-09-02,일꼬르소,6039515,핀 버클 벨트 브라운,0.0,0,31360,31360,31360,0,0,0.0,100.0,1,high,24.01,6,2,none,,27,https://www.musinsa.com/products/6039515
2026-09-02,브룩스 브라더스,6040731,플리츠 코튼 스트레치 어드밴티지 쇼츠 (스톤) (BBPSMFZ502),0.0,0,149000,149000,83440,1,65560,78.57,100.0,1,medium,24.02,7,2,none,,27,https://www.musinsa.com/products/6040731
2026-09-02,아틀리에나인,6042139,AN HOODY BLOUSON BLOUSE (BL-4395),0.0,0,81970,81970,81970,0,0,0.0,100.0,1,high,24.0,7,2,none,,27,https://www.musinsa.com/products/6042139
2026-09-02,유라고,6044763,Check hoodie anorak,0.0,0,102600,102600,102600,0,0,0.0,100.0,1,high,24.0,5,2,none,,27,https://www.musinsa.com/products/6044763
2026-09-02,프리즘웍스,6044955,GATHERED CHECK SHIRT _ BLACK,0.0,0,68670,68670,68670,0,0,0.0,100.0,1,high,24.09,8,2,none,,27,https://www.musinsa.com/products/6044955
2026-09-02,노이어,6045787,플루이드 스윙탑 자켓 (애쉬핑크),0.0,0,186100,186100,186100,0,0,0.0,100.0,1,high,24.09,8,2,none,,27,https://www.musinsa.com/products/6045787
2026-09-02,시야쥬,6047259,SIJN6111 발란스 커브드 컬러 데님_Vintage beige,0.0,0,86670,86670,86670,0,0,0.0,100.0,1,high,24.01,6,2,none,,27,https://www.musinsa.com/products/6047259
2026-09-02,시야쥬,6047323,SITP5255 스트링 플리츠 탑_Black,0.0,0,65700,65700,65700,0,0,0.0,100.0,1,high,24.01,6,2,none,,27,https://www.musinsa.com/products/6047323
2026-09-02,엑스오엑스,6048539,피그먼트 워싱 뒷절개 반팔 티셔츠[BLUE],0.0,0,22100,22100,22100,0,0,0.0,100.0,1,high,24.0,5,2,none,,27,https://www.musinsa.com/products/6048539
2026-09-02,에이치덱스,6049179,델타 스트링 백팩 17L (Black),0.0,0,119200,119200,119200,0,0,0.0,100.0,1,high,25.29,5,2,none,,27,https://www.musinsa.com/products/6049179
2026-09-02,더뮤지엄비지터,6050139,ART ICON EMBROIDERY CAP (DEEP NAVY),0.0,0,44850,44850,44850,0,0,0.0,100.0,1,high,24.09,7,2,none,,27,https://www.musinsa.com/products/6050139
2026-09-02,바우로프로덕트,6050331,슬랜트 카고 팬츠 [차콜브라운],0.0,0,119000,119000,119000,0,0,0.0,100.0,1,high,25.29,7,2,none,,27,https://www.musinsa.com/products/6050331
2026-09-02,로우클래식,6051035,[한삐우 PICK] CARAMEL BOX SHOULDER BAG_CHOCOLATE PLUM [LC267BA06D3],0.97,148848,153050,153050,,0,,,97.37,0,medium,24.03,7,1,none,1,27,https://www.musinsa.com/products/6051035
2026-09-02,로우클래식,6051099,[한삐우 PICK] SLEEVELESS HENLEY TEE_IVORY [LC267TS08IV],0.03,1101,41900,41900,41900,0,0,0.0,100.0,1,high,24.09,19,2,none,,27,https://www.musinsa.com/products/6051099
2026-09-02,더뮤지엄비지터,6053851,FIVE FLOWER BLUR T-SHIRTS (BLACK),0.0,0,35400,35400,35400,0,0,0.0,100.0,1,high,24.09,7,2,none,,27,https://www.musinsa.com/products/6053851
2026-09-02,커버낫,6054299,레귤러 카고 스웻 쇼츠 에크루,0.0,0,44640,44640,44640,0,0,0.0,100.0,1,high,24.01,6,2,none,,27,https://www.musinsa.com/products/6054299
2026-09-02,커버낫,6054363,블랭크 로고 하프 니트 아이보리,0.0,0,62370,62370,62370,0,0,0.0,100.0,1,high,24.01,6,2,none,,27,https://www.musinsa.com/products/6054363
2026-09-02,커버낫,6054427,쿨 코튼 서핑 모션 그래픽 티셔츠 블랙,0.0,0,42480,42480,42480,0,0,0.0,100.0,1,high,24.01,6,2,none,,27,https://www.musinsa.com/products/6054427
2026-09-02,썸웨어버터,6054875,Wave Logo Flip-Flops - 3Color,0.0,0,69000,69000,69000,0,0,0.0,100.0,1,high,24.02,7,2,none,,27,https://www.musinsa.com/products/6054875
2026-09-02,링서울,6055131,v-neck cotton shirt-navy,0.0,0,77760,77760,77760,0,0,0.0,100.0,1,high,24.02,7,2,none,,27,https://www.musinsa.com/products/6055131
2026-09-02,시눈,6055323,Ruffle Easy Pants (Dusty Pink),0.0,0,86510,86510,96120,1,-9610,-10.0,100.0,1,medium,24.0,5,2,none,,27,https://www.musinsa.com/products/6055323
2026-09-02,더블유엠씨,6055387,하프 집업 스웨트_BLACK,0.0,0,64500,64500,64500,0,0,0.0,100.0,1,high,24.02,7,2,none,,27,https://www.musinsa.com/products/6055387
2026-09-02,더블유엠씨,6055579,워시드 와이드 데님팬츠_BLACK,0.0,0,38080,38080,38080,0,0,0.0,100.0,1,high,24.02,7,2,none,,27,https://www.musinsa.com/products/6055579
2026-09-02,시눈,6055643,Off Shoulder Frill Sweatshirt (Charcoal),0.0,0,70490,70490,78320,1,-7830,-10.0,100.0,1,medium,24.0,5,2,none,,27,https://www.musinsa.com/products/6055643
2026-09-02,엘무드,6056091,슬러지 체크 셔츠 블랙,0.0,0,126000,126000,126000,0,0,0.0,100.0,1,high,24.01,6,2,none,,27,https://www.musinsa.com/products/6056091
2026-09-02,카네이테이,6056923,CROP SHORT SLEEVES (WHITE),0.0,0,21600,21600,21600,0,0,0.0,100.0,1,high,24.09,7,2,none,,27,https://www.musinsa.com/products/6056923
2026-09-02,언타이틀 서울,6058011,유니콘 바시티 엠블럼 스웻 자켓 그레이,0.35,23966,68800,68800,68800,0,0,0.0,100.0,1,high,24.0,8,2,none,,27,https://www.musinsa.com/products/6058011
2026-09-02,세터,6062171,원 턱 밴딩 데님 팬츠 블루,0.0,0,129000,129000,129000,0,0,0.0,100.0,1,high,24.0,5,2,none,,27,https://www.musinsa.com/products/6062171
2026-09-02,어나더 오피스,6066587,French Drill Chino Pants (Urban Khaki),0.0,0,189000,189000,189000,0,0,0.0,100.0,1,high,24.09,8,2,none,,27,https://www.musinsa.com/products/6066587
2026-09-02,플리즈노팔로우,6067803,Lua Garter Lace Halter Sleeveless Top (Brown),0.0,0,41600,41600,41600,0,0,0.0,100.0,1,high,24.09,7,2,none,,27,https://www.musinsa.com/products/6067803
2026-09-02,미세키서울 맨,6068443,Anywhere two tone ball cap DARK NAVY,0.0,0,42930,42930,42930,0,0,0.0,100.0,1,high,24.0,5,2,none,,27,https://www.musinsa.com/products/6068443
2026-09-02,브라운야드,6069851,"라운드 버클 벨트, 블랙 골드",0.0,0,148000,148000,148000,0,0,0.0,100.0,1,high,24.02,7,2,none,,27,https://www.musinsa.com/products/6069851
2026-09-02,에스피오나지,6070299,Pleated Wide Army Pants Light Olive,0.0,0,81200,81200,81200,0,0,0.0,100.0,1,high,24.09,8,2,none,,27,https://www.musinsa.com/products/6070299
2026-09-02,무드인사이드,6072219,필드 나일론 후드 윈드브레이커_3Color,0.0,0,69900,69900,69900,0,0,0.0,100.0,1,high,24.09,8,2,none,,27,https://www.musinsa.com/products/6072219
2026-09-02,어반디타입,6072987,라운드 크롭 반팔 니트_3color,0.0,0,19900,19900,19900,0,0,0.0,47.15,0,low,23.99,7,1,none,,27,https://www.musinsa.com/products/6072987
2026-09-02,유니폼브릿지,6081563,anchor boy stripe s/s t-shirt pigment blue,0.0,0,55300,55300,55300,0,0,0.0,100.0,1,high,24.09,7,2,none,,27,https://www.musinsa.com/products/6081563
2026-09-02,트래블,6083611,아르떼 스트라이프 반팔티 아이보리,0.0,0,27200,27200,23800,1,3400,14.29,100.0,1,medium,24.09,8,2,none,,27,https://www.musinsa.com/products/6083611
2026-09-02,디스이즈네버댓,6087195,Doggo Socks White,0.0,0,12000,12000,12000,0,0,0.0,100.0,1,high,24.01,6,2,none,,27,https://www.musinsa.com/products/6087195
2026-09-02,디스이즈네버댓,6087259,Capture Tee Faded Navy,0.0,0,44000,44000,44000,0,0,0.0,100.0,1,low,24.01,5,2,none,,27,https://www.musinsa.com/products/6087259
2026-09-02,디스이즈네버댓,6087323,Damaged Zip Up Hoodie Khaki Grey,0.0,0,111200,111200,111200,0,0,0.0,100.0,1,high,24.01,6,2,none,,27,https://www.musinsa.com/products/6087323
2026-09-02,마인드브릿지,6091355,[에어쿨]원 턱 릴랙스 핏 시어서커 팬츠 - 2color,0.0,0,55900,55900,55900,0,0,0.0,100.0,1,high,24.55,5,2,none,,27,https://www.musinsa.com/products/6091355
2026-09-02,테이크이지,6091419,헬로우본 크롭 티셔츠 - 3 COLOR,0.0,0,19500,19500,19500,0,0,0.0,40.65,0,low,24.01,6,1,none,,27,https://www.musinsa.com/products/6091419
2026-09-02,르바,6095259,Sheer Stripe Over-Shirt - Ivory Stripe,0.0,0,116100,116100,116100,0,0,0.0,100.0,1,high,25.3,5,2,none,,27,https://www.musinsa.com/products/6095259
2026-09-02,에이지오디,6097883,백 인시전 스트라이프 하프 티셔츠 [아이보리],0.0,0,24800,24800,9900,1,14900,150.51,100.0,1,medium,24.09,8,2,none,,27,https://www.musinsa.com/products/6097883
2026-09-02,에이지오디,6098075,린넨 라이크 밴딩 와이드 데님 팬츠 [로우 인디고],3.96,87115,22000,22000,22000,0,0,0.0,100.0,1,low,24.09,21,4,none,,27,https://www.musinsa.com/products/6098075
2026-09-02,에이지오디,6098651,투턱 버뮤다 슬랙스 [차콜 스트라이프],0.0,0,33600,33600,33600,0,0,0.0,100.0,1,high,24.09,8,2,none,,27,https://www.musinsa.com/products/6098651
2026-09-02,썬러브투어,6103387,Vector Cargo Pants Red,0.0,0,174300,174300,174300,0,0,0.0,100.0,1,high,24.09,8,2,none,,27,https://www.musinsa.com/products/6103387
2026-09-02,아메스월드와이드,6106459,BASIC STRIPE COLLAR TEE GREY,0.9,21646,24010,27440,24010,1,3430,14.29,100.0,1,medium,24.55,6,2,none,,27,https://www.musinsa.com/products/6106459
2026-09-02,스키즘 인듀싱,6107611,ASSYMETRIC SHIRRED TOP BLACK,0.0,0,57800,57800,57800,0,0,0.0,100.0,1,high,24.09,8,2,none,,27,https://www.musinsa.com/products/6107611
2026-09-02,비헤비어,6108123,DISTRESSED TYPE-1 DENIM JACKET bleached,0.0,0,236550,236550,236550,0,0,0.0,100.0,1,high,24.55,5,2,none,,27,https://www.musinsa.com/products/6108123
2026-09-02,필루미네이트,6108955,키체인 그래픽 티셔츠-멜란지그레이,0.0,0,29000,29000,29000,0,0,0.0,100.0,1,high,24.02,7,2,none,,27,https://www.musinsa.com/products/6108955
2026-09-02,메종미네드,6110299,PARACHUTE VELCRO PANTS KHAKI,0.0,0,75470,75470,75470,0,0,0.0,100.0,1,high,24.55,5,2,none,,27,https://www.musinsa.com/products/6110299
2026-09-02,소버먼트,6110683,데일리 투턱 와이드 팬츠-치노 베이지-,0.0,0,46000,46000,46000,0,0,0.0,100.0,1,high,24.02,7,2,none,,27,https://www.musinsa.com/products/6110683
2026-09-02,어나더오피스,6114907,Zephyr Washed Scarf (Charcoal Brown Check),0.0,0,68000,68000,68000,0,0,0.0,100.0,1,high,24.09,7,2,none,,27,https://www.musinsa.com/products/6114907
2026-09-02,러브이즈트루,6117275,SHUGO CHARA! RAGLAN LONG SLEEVE(BLACK),0.0,0,74000,74000,74000,0,0,0.0,100.0,1,high,24.02,7,2,none,,27,https://www.musinsa.com/products/6117275
2026-09-02,플랙,6121627,블록 그래픽 반팔 티셔츠 5colors,0.0,0,35100,35100,35100,0,0,0.0,100.0,1,high,24.01,6,2,none,,27,https://www.musinsa.com/products/6121627
2026-09-02,커버낫,6125659,팜트리 그래픽 하프 셔츠 네이비,0.0,0,80190,80190,80190,0,0,0.0,100.0,1,high,24.01,6,2,none,,27,https://www.musinsa.com/products/6125659
2026-09-02,드릭스,6125787,우먼스 로고 크롭 링거 하프 슬리브_네이비,0.0,0,24650,24650,24650,0,0,0.0,100.0,1,high,24.09,8,2,none,,27,https://www.musinsa.com/products/6125787
2026-09-02,아웃스탠딩,6132059,AUTHENTIC COMFORT HALF SWEAT_BLACK,0.0,0,52200,52200,52200,0,0,0.0,14.95,0,low,24.09,7,1,none,,27,https://www.musinsa.com/products/6132059
2026-09-02,1993스튜디오,6138139,[혜리 PICK] 웨이브 스튜디오 오리지널 타이포 티셔츠 (7colors),7.16,135370,18900,18900,18900,0,0,0.0,100.0,1,low,23.98,16,5,none,,27,https://www.musinsa.com/products/6138139
2026-09-02,필루미네이트,6140763,(W) 투 턱 와이드 팬츠-크림,0.0,0,39000,39000,39000,0,0,0.0,100.0,1,high,24.02,7,2,none,,27,https://www.musinsa.com/products/6140763
2026-09-02,론론,6141019,MINI POCKET STRIPE LAYERED PANTSKIRT BLACK,0.0,0,80190,80190,80190,0,0,0.0,100.0,1,high,24.09,8,2,none,,27,https://www.musinsa.com/products/6141019
2026-09-02,오헤시오,6141275,"SLIM BUTTON POINT LEGGINGS, WHITE",0.0,0,51300,51300,51300,0,0,0.0,100.0,1,high,24.09,8,2,none,,27,https://www.musinsa.com/products/6141275
2026-09-02,오헤시오,6141339,"BASIC U-NECK SLEEVELESS, WHITE",0.0,0,37050,37050,37050,0,0,0.0,100.0,1,high,24.09,8,2,none,,27,https://www.musinsa.com/products/6141339
2026-09-02,일리고,6148699,레이스 리본 헌팅캡 차콜,1.8,86562,48000,48000,48000,0,0,0.0,100.0,1,high,24.55,5,2,none,,27,https://www.musinsa.com/products/6148699
2026-09-02,일리고,6148763,로즈 러플 슬리브리스 핑크,0.0,0,44000,44000,44000,0,0,0.0,9.82,0,low,24.56,4,1,none,,27,https://www.musinsa.com/products/6148763
2026-09-02,일리고,6149083,컷아웃 로제트 티셔츠 화이트,0.0,0,56000,56000,56000,0,0,0.0,100.0,1,high,24.56,5,2,none,,27,https://www.musinsa.com/products/6149083
2026-09-02,모즈모즈,6150683,매드캣 레글런 그래픽 반팔 티셔츠 브라운,0.0,0,27800,27800,27800,0,0,0.0,100.0,1,high,24.0,5,2,none,,27,https://www.musinsa.com/products/6150683
2026-09-02,파르티멘토 우먼,6151451,드로스트링 루즈 진_다크 블루,0.0,0,77760,77760,77760,0,0,0.0,100.0,1,high,24.56,5,2,none,,27,https://www.musinsa.com/products/6151451
2026-09-02,브룩스 브라더스,6152411,코튼 케이블 크루넥 반팔 스웨터 (화이트) (BBWRMOG203),0.47,59055,125300,125300,100240,1,25060,25.0,100.0,1,medium,24.02,7,2,none,,27,https://www.musinsa.com/products/6152411
2026-09-02,키르시,6153691,워딩 피그먼트 스웻쇼츠 [라이트 핑크],0.0,0,46210,46210,49680,1,-3470,-6.98,100.0,1,medium,24.01,6,2,none,,27,https://www.musinsa.com/products/6153691
2026-09-02,본투윈,6155419,SILVER B COMFORT FIT SLEEVELESS [BLACK],2.0,83600,41800,41800,41800,0,0,0.0,100.0,1,low,10.04,23,8,none,,27,https://www.musinsa.com/products/6155419
2026-09-02,아메스월드와이드,6162331,CLASSIC SEE-THROUGH DOT LACE SOCKS MULTI,0.0,0,24960,24960,21840,1,3120,14.29,100.0,1,medium,24.56,6,2,none,,27,https://www.musinsa.com/products/6162331
2026-09-02,아메스월드와이드,6162395,CLASSIC 3/4 SLEEVE RUFFLE CARDIGAN BLACK,0.0,0,44160,44160,38640,1,5520,14.29,100.0,1,medium,24.56,6,2,none,,27,https://www.musinsa.com/products/6162395
2026-09-02,유라고,6171227,Wrinkle layered blouse set,0.65,44154,67640,67640,67640,0,0,0.0,100.0,1,high,24.0,5,2,none,,27,https://www.musinsa.com/products/6171227
2026-09-02,더바넷,6174491,Pale Logo Duffle Bag Small_Navy,0.0,0,40500,40500,40500,0,0,0.0,100.0,1,high,25.31,14,2,none,,27,https://www.musinsa.com/products/6174491
2026-09-02,아웃스탠딩,6175771,OFFICER CHINO SHORTS_OLIVE GREEN,0.15,9930,66600,66600,66600,0,0,0.0,14.96,0,low,24.09,7,1,none,,27,https://www.musinsa.com/products/6175771
2026-09-02,꼼파뇨,6176091,DTP 케이크 베어 반팔티 블랙,0.0,0,28610,28610,28610,0,0,0.0,100.0,1,high,24.56,5,2,none,,27,https://www.musinsa.com/products/6176091
2026-09-02,모즈모즈,6178395,[2PACK] 컴포트 썸머 와이드 팬츠 6color,0.39,17320,43920,43920,43920,0,0,0.0,65.25,0,low,9.59,15,7,none,,27,https://www.musinsa.com/products/6178395
2026-09-02,더바이닐하우스,6178651,EARLY BIRD DIES TEE PINK,0.0,0,32480,32480,28420,1,4060,14.29,100.0,1,medium,24.01,6,2,none,,27,https://www.musinsa.com/products/6178651
2026-09-02,썬러브투어,6179483,Daybreak Logo Tee White,1.0,48266,48300,48300,48300,0,0,0.0,100.0,1,low,24.09,7,2,none,,27,https://www.musinsa.com/products/6179483
2026-09-02,론론,6185371,BACK OPEN WAIST BELT LONG SLEEVE T SHIRT BLACK,0.0,0,53460,53460,53460,0,0,0.0,100.0,1,high,24.09,8,2,none,,27,https://www.musinsa.com/products/6185371
2026-09-02,낫포너드,6191387,4 Symbol Stud Enamel Bowling Bag - Black,0.0,0,41310,41310,41310,0,0,0.0,100.0,1,high,25.31,5,2,none,,27,https://www.musinsa.com/products/6191387
2026-09-02,비터셀즈,6200155,스웰 브이 넥 가디건-아이보리,0.1,5073,53100,53100,53100,0,0,0.0,100.0,1,high,24.56,5,2,none,,27,https://www.musinsa.com/products/6200155
2026-09-02,세터,6201371,나일론 트라페즈 숄더 백 레드,0.0,0,119000,119000,119000,0,0,0.0,100.0,1,high,24.0,5,2,none,,27,https://www.musinsa.com/products/6201371
2026-09-02,세터,6202587,로우 엣지 데님 쇼츠 라이트 블루,0.0,0,119000,119000,119000,0,0,0.0,100.0,1,high,24.0,5,2,none,,27,https://www.musinsa.com/products/6202587
2026-09-02,세터,6203099,코튼 립스탑 카고 팬츠 차콜,0.0,0,129000,129000,129000,0,0,0.0,100.0,1,high,24.0,5,2,none,,27,https://www.musinsa.com/products/6203099
2026-09-02,트래블,6204891,데님 크로스 체크 하프 셔츠  블랙,0.0,0,69760,69760,61040,1,8720,14.29,100.0,1,medium,24.09,8,2,none,,27,https://www.musinsa.com/products/6204891
2026-09-02,배드블러드,6205339,Lonely Girl Short Sleeve T-Shirt - White,0.0,0,55200,55200,55200,0,0,0.0,100.0,1,high,24.09,8,2,none,,27,https://www.musinsa.com/products/6205339
2026-09-02,코드그라피,6207515,스몰 스퀘어 로고 레이스업 럭비 맨투맨-다크 네이비,0.0,0,69300,69300,69300,0,0,0.0,100.0,1,high,25.31,5,2,none,,27,https://www.musinsa.com/products/6207515
2026-09-02,코드그라피,6207643,(우먼) 트레이닝 쇼츠-멜란지 그레이,0.0,0,44100,44100,44100,0,0,0.0,100.0,1,high,25.31,5,2,none,,27,https://www.musinsa.com/products/6207643
2026-09-02,스컬프터,6208411,Second Skin Tank Top Leopard,0.0,0,31360,31360,31360,0,0,0.0,100.0,1,high,24.09,7,2,none,,27,https://www.musinsa.com/products/6208411
2026-09-02,던스트,6208539,UNISEX CLASSIC STRIPED BD OVERSHIRT_UDSH6B125_BLUE,0.0,0,98100,98100,78480,1,19620,25.0,100.0,1,medium,24.02,7,2,none,,27,https://www.musinsa.com/products/6208539
2026-09-02,던스트,6208603,UNISEX SUMMER HARRINGTON JACKET_UDJU6B122_CREAM STRIPE,0.0,0,137400,137400,109920,1,27480,25.0,100.0,1,medium,24.02,7,2,none,,27,https://www.musinsa.com/products/6208603
2026-09-02,스컬프터,6211099,Miss Grumpy Button-Up Top Lemon,0.15,3634,24320,24320,24320,0,0,0.0,100.0,1,high,24.09,7,2,none,,27,https://www.musinsa.com/products/6211099
2026-09-02,제너럴아이디어,6217179,MAN 시어서커 체크 하프 밴딩 팬츠 [BLACK] / GF1UHP009,0.0,0,40800,40800,40800,0,0,0.0,100.0,1,high,24.09,7,2,none,,27,https://www.musinsa.com/products/6217179
2026-09-02,론론,6218587,MINI LABEL DIAGONAL KNIT CARDIGAN BLACK,0.0,0,71280,71280,55440,1,15840,28.57,100.0,1,medium,24.09,8,2,none,,27,https://www.musinsa.com/products/6218587
2026-09-02,디스이즈네버댓,6219483,OL-Logo Tee Black,0.0,0,44000,44000,44000,0,0,0.0,100.0,1,high,24.01,6,2,none,,27,https://www.musinsa.com/products/6219483
2026-09-02,파브레가,6221339,로렌 스트라이프 크롭 하프 셔츠 (화이트),0.42,28220,66600,66600,66600,0,0,0.0,100.0,1,low,25.31,12,7,none,,27,https://www.musinsa.com/products/6221339
2026-09-02,넌블랭크,6221403,깅엄 체크 크롭 HS 셔츠_DARK BEIGE,0.0,0,93520,93520,93520,0,0,0.0,100.0,1,high,24.02,7,2,none,,27,https://www.musinsa.com/products/6221403
2026-09-02,락케이크,6221851,Essential Seam Line Sleeveless - Black,0.0,0,24480,24480,24480,0,0,0.0,100.0,1,high,24.09,8,2,none,,27,https://www.musinsa.com/products/6221851
2026-09-02,락케이크,6221915,Shoulder Cutout Top - Beige,0.0,0,40120,40120,40120,0,0,0.0,100.0,1,high,24.09,8,2,none,,27,https://www.musinsa.com/products/6221915
2026-09-02,고스트리퍼블릭,6224347,럭비 카라 반팔티 GT-389_화이트(블루),0.21,5423,25600,25600,25600,0,0,0.0,100.0,1,high,25.31,5,2,none,,27,https://www.musinsa.com/products/6224347
2026-09-02,에스피오나지,6225755,NY Pizza Heavyweight Tee Vintage Black,0.0,0,32900,32900,32900,0,0,0.0,100.0,1,high,24.09,8,2,none,,27,https://www.musinsa.com/products/6225755
2026-09-02,에이이에이이,6226715,FLOWER PATCHWORK DENIM PANTS [LIGHT BLUE],0.0,0,114480,114480,114480,0,0,0.0,100.0,1,high,24.56,5,2,none,,27,https://www.musinsa.com/products/6226715
2026-09-02,트리밍버드,6227035,Minimal Button-Detail Set-Up Wide Pants [ Black ],0.0,0,189000,189000,189000,0,0,0.0,100.0,1,high,24.09,8,2,none,,27,https://www.musinsa.com/products/6227035
2026-09-02,브라운야드,6227675,"워시드 셔츠, 베이지",0.0,0,148000,148000,148000,0,0,0.0,100.0,1,high,24.02,7,2,none,,27,https://www.musinsa.com/products/6227675
2026-09-02,커버낫,6229019,스몰 C로고 플랫자수 스탠다드 핏 볼캡 아이보리,0.0,0,31590,31590,31590,0,0,0.0,100.0,1,high,24.01,6,2,none,,27,https://www.musinsa.com/products/6229019
2026-09-02,1993스튜디오,6238043,[FC서울x1993스튜디오] 폴리 트랙 파이핑 저지 티셔츠_화이트,0.0,0,79000,79000,79000,0,0,0.0,100.0,1,high,24.01,6,2,none,,27,https://www.musinsa.com/products/6238043
2026-09-02,더블유엠씨,6238811,체크 셔켓 블루종_GREYISH BLUE,0.0,0,95400,95400,95400,0,0,0.0,100.0,1,high,24.02,7,2,none,,27,https://www.musinsa.com/products/6238811
2026-09-02,프렌다,6243995,THREE STAR PIGMENT SHORT SLEEVE NAVY,0.0,0,20580,20580,20580,0,0,0.0,100.0,1,high,24.09,8,2,none,,27,https://www.musinsa.com/products/6243995
2026-09-02,커버낫,6245403,[커버낫 X 미즈노] 빅 로고 다잉 티셔츠 터스크,0.0,0,47200,47200,47200,0,0,0.0,100.0,1,high,24.01,6,2,none,,27,https://www.musinsa.com/products/6245403
2026-09-02,세컨모놀로그,6247131,V Neck Layered Knit Set [GRAY]_SEWKT011GRAY,0.0,0,26000,26000,26000,0,0,0.0,100.0,1,high,24.01,6,2,none,,27,https://www.musinsa.com/products/6247131
2026-09-02,가까이유니언즈,6248155,빌리지 스웨트 버뮤다 팬츠 블랙,0.0,0,34990,34990,34990,0,0,0.0,100.0,1,high,24.0,7,2,none,,27,https://www.musinsa.com/products/6248155
2026-09-02,2000아카이브스,6250075,ASHY JEANS (BLUE),0.0,0,182160,182160,159390,1,22770,14.29,100.0,1,medium,24.09,7,2,none,,27,https://www.musinsa.com/products/6250075
2026-09-02,2000아카이브스,6250139,XEN TOP (ASH),0.0,0,45940,45940,40200,1,5740,14.28,100.0,1,medium,24.09,7,2,none,,27,https://www.musinsa.com/products/6250139
2026-09-02,해칭룸,6257243,Reversible Bomber Black,0.0,0,308000,308000,308000,0,0,0.0,100.0,1,high,24.56,5,2,none,,27,https://www.musinsa.com/products/6257243
2026-09-02,웬즈데이오아시스,6258907,레토 워시드 자켓_WHITE(WB6OT11),0.0,0,74200,74200,74200,0,0,0.0,100.0,1,high,24.09,8,2,none,,27,https://www.musinsa.com/products/6258907
2026-09-02,웬즈데이오아시스,6259867,[Atelier Standard] 하프 라운드 티셔츠_MELANGE GRAY(WB6TP43),0.0,0,30800,30800,30800,0,0,0.0,100.0,1,high,24.09,8,2,none,,27,https://www.musinsa.com/products/6259867
2026-09-02,디스이즈네버댓,6262619,Cargo Short Black,0.0,0,90300,90300,90300,0,0,0.0,100.0,1,high,24.01,6,2,none,,27,https://www.musinsa.com/products/6262619
2026-09-02,길라아카이브,6263259,RAW CUT-OFF CROP TANK TOP_BEIGE,0.53,14995,28350,28350,28350,0,0,0.0,100.0,1,high,24.02,7,2,none,,27,https://www.musinsa.com/products/6263259
2026-09-02,길라아카이브,6263707,LEOPARD LETTERING LOGO BACKLESS SHEER CROP TOP_BEIGE,0.0,0,28350,28350,28350,0,0,0.0,100.0,1,high,24.02,7,2,none,,27,https://www.musinsa.com/products/6263707
2026-09-02,브라운브레스,6266011,RUGBY STRIPE TEE - BLUE,0.0,0,79000,79000,79000,0,0,0.0,100.0,1,high,24.09,8,2,none,,27,https://www.musinsa.com/products/6266011
2026-09-02,제너럴아이디어,6266331,이지 밴딩 맥시 스커트 [BLACK] / GF2LSK514,0.0,0,39200,39200,34300,1,4900,14.29,100.0,1,medium,24.09,7,2,none,,27,https://www.musinsa.com/products/6266331
2026-09-02,아틀리에나인,6269083,BOUCLE SHIRRING BOLERO TOP SET (CD-2265),0.0,0,103200,103200,103200,0,0,0.0,100.0,1,high,24.0,7,2,none,,27,https://www.musinsa.com/products/6269083
2026-09-02,던스트,6271387,UNISEX STRIPED CREWNECK KNIT_UDSW6B129_MINT / CREAM,0.0,0,69300,69300,55440,1,13860,25.0,100.0,1,medium,24.02,7,2,none,,27,https://www.musinsa.com/products/6271387
2026-09-02,던스트,6271451,UNISEX OPEN COLLARED SHIRT_UDSH6B130_SOFT PINK,0.0,0,87200,87200,69760,1,17440,25.0,100.0,1,medium,24.02,7,2,none,,27,https://www.musinsa.com/products/6271451
2026-09-02,던스트,6271579,SUMMER WIDE JOGGER PANTS_UDPA6B225_BLUE,0.0,0,69300,69300,55440,1,13860,25.0,100.0,1,medium,24.02,7,2,none,,27,https://www.musinsa.com/products/6271579
2026-09-02,유니폼브릿지,6275291,boucle crewneck s/s knit brown,0.0,0,59400,59400,59400,0,0,0.0,100.0,1,high,24.09,7,2,none,,27,https://www.musinsa.com/products/6275291
2026-09-02,던스트,6275803,UNISEX CUPID ARCH BACK LOGO T-SHIRT_UDTS6B128_BLACK,0.0,0,44000,44000,35200,1,8800,25.0,100.0,1,medium,24.02,7,2,none,,27,https://www.musinsa.com/products/6275803
2026-09-02,던스트,6275867,COTTON SAFARI SHORTS_UDPA6B245_KHAKI BEIGE,0.0,0,59400,59400,47520,1,11880,25.0,100.0,1,medium,24.02,7,2,none,,27,https://www.musinsa.com/products/6275867
2026-09-02,드로우핏우먼,6276059,스쿱넥 프릴 슬리브리스 블라우스 [WHITE],0.0,0,45360,45360,56700,1,-11340,-20.0,100.0,1,medium,24.09,8,2,none,,27,https://www.musinsa.com/products/6276059
2026-09-02,레더리,6278427,더스티 스트라이프 오버핏 티셔츠 [BLACK],0.0,0,29240,29240,29240,0,0,0.0,100.0,1,high,24.56,5,2,none,,27,https://www.musinsa.com/products/6278427
2026-09-02,미세키서울 맨,6279323,Compass patch short sleeve CHARCOAL,0.0,0,49300,49300,49300,0,0,0.0,100.0,1,high,24.0,5,2,none,,27,https://www.musinsa.com/products/6279323
2026-09-02,세터,6289115,그래디언트 빅 로고 반팔 티셔츠 블랙,0.0,0,69000,69000,69000,0,0,0.0,100.0,1,high,24.0,5,2,none,,27,https://www.musinsa.com/products/6289115
2026-09-02,세터,6289243,(W) 에센셜 슬림 핏 반팔 티셔츠 레드,0.0,0,59000,59000,59000,0,0,0.0,100.0,1,high,24.0,5,2,none,,27,https://www.musinsa.com/products/6289243
2026-09-02,아웃스탠딩,6291611,MIL SERIES COLLAR TEE(MARCH FIELD)_CHARCOAL,0.0,0,43200,43200,43200,0,0,0.0,15.04,0,low,24.09,7,1,none,,27,https://www.musinsa.com/products/6291611
2026-09-02,썸웨어버터,6299803,Small Wave Logo Layered Top - White Melange,0.0,0,49000,49000,49000,0,0,0.0,100.0,1,high,24.02,7,2,none,,27,https://www.musinsa.com/products/6299803
2026-09-02,꼼파뇨,6301275,체리 캣츠 CROP 링거티 블랙,0.0,0,28610,28610,28610,0,0,0.0,100.0,1,high,24.57,5,2,none,,27,https://www.musinsa.com/products/6301275
2026-09-02,락피쉬웨더웨어,6307163,MESH BUCKET HAT - 4 colors,0.0,0,62100,62100,62100,0,0,0.0,100.0,1,high,25.32,5,2,none,,27,https://www.musinsa.com/products/6307163
2026-09-02,락피쉬웨더웨어,6307355,FLORAL FEATHER LIGHT UMBRELLA - CREAM,0.0,0,42300,42300,42300,0,0,0.0,100.0,1,high,25.32,5,2,none,,27,https://www.musinsa.com/products/6307355
2026-09-02,트릴리온,6307547,스톤 워싱 워크 패치 버뮤다 쇼츠_3color,0.0,0,33900,33900,33900,0,0,0.0,100.0,1,high,24.57,5,2,none,,27,https://www.musinsa.com/products/6307547
2026-09-02,루에브르,6308507,Shirred Drawstring Jacket SW6MM705_2color,0.0,0,219000,219000,219000,0,0,0.0,100.0,1,high,24.09,8,2,none,,27,https://www.musinsa.com/products/6308507
2026-09-02,러브이즈트루,6310619,SY LACE NET KNIT(WHITE),0.0,0,56290,56290,56290,0,0,0.0,100.0,1,high,24.02,7,2,none,,27,https://www.musinsa.com/products/6310619
2026-09-02,러브이즈트루,6310747,SY ONE-SHOULDER HORSE TEE(WHITE),0.0,0,39940,39940,39940,0,0,0.0,100.0,1,high,24.02,7,2,none,,27,https://www.musinsa.com/products/6310747
2026-09-02,유니폼브릿지,6313435,sulfa polo s/s t-shirt black,0.0,0,71200,71200,71200,0,0,0.0,100.0,1,high,24.09,7,2,none,,27,https://www.musinsa.com/products/6313435
2026-09-02,오헤시오,6313499,"SUMMER WRINKLE SCARF, BROWN",0.0,0,30400,30400,30400,0,0,0.0,100.0,1,high,24.09,8,2,none,,27,https://www.musinsa.com/products/6313499
2026-09-02,본투윈,6318555,BRNTW LOGO T-SHIRTS [MELANGE GREY],0.15,8250,55000,55000,55000,0,0,0.0,100.0,1,high,24.09,7,2,none,,27,https://www.musinsa.com/products/6318555
2026-09-02,로제프란츠,6319451,Daily Label Long Socks [Ivory],0.0,0,11400,11400,11400,0,0,0.0,100.0,1,high,25.32,5,2,none,,27,https://www.musinsa.com/products/6319451
2026-09-02,드헤베,6319963,Airy Raglan Cardigan [Gray],0.0,0,76950,76950,76950,0,0,0.0,100.0,1,high,25.32,5,2,none,,27,https://www.musinsa.com/products/6319963
2026-09-02,필루미네이트,6322651,풀사이드 스프레이 티셔츠-아이보리,0.0,0,29000,29000,29000,0,0,0.0,100.0,1,high,24.02,7,2,none,,27,https://www.musinsa.com/products/6322651
2026-09-02,르아르,6324635,사선 헨리넥 반팔 니트 [블랙],0.0,0,32900,32900,32900,0,0,0.0,100.0,1,high,24.0,11,8,none,,27,https://www.musinsa.com/products/6324635
2026-09-02,오헤시오,6326427,"STRAIGHT COLOR COTTON PANTS, LIGHT BEIGE",0.0,0,112100,112100,112100,0,0,0.0,100.0,1,high,24.09,8,2,none,,27,https://www.musinsa.com/products/6326427
2026-09-02,브렌슨,6327963,[쿨링] 글렌 세미 크롭 링거 반팔티 ( 4Color ),2.59,61982,23900,23900,23900,0,0,0.0,100.0,1,low,24.01,13,2,none,,27,https://www.musinsa.com/products/6327963
2026-09-02,무드인사이드 우먼,6328411,(woman) 허쉬 크롭 블루종 자켓_Red,0.0,0,75900,75900,75900,0,0,0.0,100.0,1,high,24.01,6,2,none,,27,https://www.musinsa.com/products/6328411
2026-09-02,글로니,6331867,G CLASSIC RIB V-NECK KNIT (BLUE),0.0,0,95580,95580,95580,0,0,0.0,100.0,1,high,24.09,8,2,none,,27,https://www.musinsa.com/products/6331867
2026-09-02,테이크이지,6331931,[기획] (냉감·쿨링 소재) 소로나 크롭 티셔츠 - 3COLOR,0.0,0,17900,17900,17900,0,0,0.0,59.23,0,low,23.98,5,1,none,,27,https://www.musinsa.com/products/6331931
2026-09-02,더니트컴퍼니,6332699,오레아 스카시 폴로 가디건 - 아스트랄 블루,0.0,0,79500,79500,79500,0,0,0.0,100.0,1,high,25.32,5,2,none,,27,https://www.musinsa.com/products/6332699
2026-09-02,나이스고스트클럽,6333723,X JIMMIZO COLOR BLOCK TEE_NAVY(NG2GMFT502B),0.0,0,39200,39200,39200,0,0,0.0,100.0,1,high,24.02,7,2,none,,27,https://www.musinsa.com/products/6333723
2026-09-02,론론,6333851,LAYERED OPEN TOE LEG WARMERS WHITE FLOWER,1.0,26696,26730,26730,26730,0,0,0.0,100.0,1,high,24.09,8,2,none,,27,https://www.musinsa.com/products/6333851
2026-09-02,인사일런스우먼,6333979,체크 미니 원피스 BEIGE,0.0,0,148500,148500,156700,1,-8200,-5.23,100.0,1,medium,24.09,8,2,none,,27,https://www.musinsa.com/products/6333979
2026-09-02,틸아이다이,6336795,Crispy compact wind breaker jumper_Cream,0.0,0,145350,145350,145350,0,0,0.0,100.0,1,high,24.09,7,2,none,,27,https://www.musinsa.com/products/6336795
2026-09-02,레더리,6340315,체인 로고 데미지 데님 쇼츠 [WASHED BLACK],0.0,0,35160,35160,35160,0,0,0.0,100.0,1,high,24.58,5,2,none,,27,https://www.musinsa.com/products/6340315
2026-09-02,유니온블루,6344603,AMBIENT V-NECK HALF KNIT [NAVY],0.0,0,60440,60440,60440,0,0,0.0,100.0,1,high,24.09,7,2,none,,27,https://www.musinsa.com/products/6344603
2026-09-02,세터,6359323,[라이즈 PICK] [2PACK] 수피마 베이직 크루넥 반팔 티셔츠,0.0,0,98000,98000,98000,0,0,0.0,100.0,1,high,24.0,5,2,none,,27,https://www.musinsa.com/products/6359323
2026-09-02,로제프란츠,6364571,Star Lettering T-shirt [Charcoal],0.0,0,27840,27840,27840,0,0,0.0,100.0,1,high,25.32,5,2,none,,27,https://www.musinsa.com/products/6364571
2026-09-02,커버낫,6366043,C 로고 스윔 쇼츠 라이트그레이,0.0,0,44640,44640,44640,0,0,0.0,100.0,1,high,24.01,6,2,none,,27,https://www.musinsa.com/products/6366043
2026-09-02,시야쥬,6367003,SIAC3105 리얼 레더 플립플랍_Red,0.0,0,129290,129290,129290,0,0,0.0,100.0,1,high,24.01,6,2,none,,27,https://www.musinsa.com/products/6367003
2026-09-02,시야쥬,6367515,SIA8040 컴포터블 다이마루 롱 원피스_Charcoal,0.0,0,71100,71100,71100,0,0,0.0,100.0,1,high,24.01,6,2,none,,27,https://www.musinsa.com/products/6367515
2026-09-02,에스피오나지,6370459,ESP Letter Washed Denim Cap Letter P,0.0,0,38400,38400,38400,0,0,0.0,100.0,1,high,24.09,8,2,none,,27,https://www.musinsa.com/products/6370459
2026-09-02,메인부스,6372699,[KISS] 슈팅스타 티셔츠(차콜),0.0,0,29900,29900,29900,0,0,0.0,100.0,1,high,25.32,5,2,none,,27,https://www.musinsa.com/products/6372699
2026-09-02,메인부스,6372763,[KISS] 포스터,0.0,0,12500,12500,12500,0,0,0.0,100.0,1,high,25.32,5,2,none,,27,https://www.musinsa.com/products/6372763
2026-09-02,몰든,6375707,하이텐션 파이핑 브라탑,0.0,0,36720,36720,36720,0,0,0.0,100.0,1,high,24.09,8,2,none,,27,https://www.musinsa.com/products/6375707
2026-09-02,슬로우애시드,6375835,실린더 윈드브레이커 [블랙],0.0,0,88320,88320,88320,0,0,0.0,100.0,1,high,25.32,5,2,none,,27,https://www.musinsa.com/products/6375835
2026-09-02,락케이크,6376155,Back Line Strap Sleeveless - Ivory,0.0,0,35280,35280,35280,0,0,0.0,100.0,1,high,24.09,8,2,none,,27,https://www.musinsa.com/products/6376155
2026-09-02,디앤에스알,6379739,크리즈 버뮤다 팬츠 브라운,0.0,0,69300,69300,69300,0,0,0.0,100.0,1,high,24.0,5,2,none,,27,https://www.musinsa.com/products/6379739
2026-09-02,데꼬로소,6385627,남녀공용 에센셜 레귤러핏 로고 자수 반팔 티셔츠 [블랙],1.06,38985,36800,36800,36800,0,0,0.0,100.0,1,high,24.02,7,2,none,,27,https://www.musinsa.com/products/6385627
2026-09-02,후드후드,6385819,NEVER SAY NEVER 스트링백 네이비,0.0,0,43470,43470,43470,0,0,0.0,100.0,1,high,25.32,5,2,none,,27,https://www.musinsa.com/products/6385819
2026-09-02,밀로아카이브,6386459,[2PACK] 스탠다드 챕터 로고 티셔츠 [믹스],0.0,0,33600,33600,33600,0,0,0.0,100.0,1,high,24.02,8,2,none,,27,https://www.musinsa.com/products/6386459
2026-09-02,밀로아카이브,6386523,치제 레더 브레이슬릿 [브라운],0.0,0,30400,30400,30400,0,0,0.0,100.0,1,high,24.02,8,2,none,,27,https://www.musinsa.com/products/6386523
2026-09-02,후드후드,6389915,HD 카펜터 핀스트라이프 버뮤다 데님 팬츠 블랙,0.0,0,64400,64400,64400,0,0,0.0,100.0,1,high,25.32,5,2,none,,27,https://www.musinsa.com/products/6389915
2026-09-02,바이모노,6391259,[남녀공용 M-8XL] 쏙쏙숨티 자동넣입 드롭 반팔티,0.0,0,29900,29900,29900,0,0,0.0,100.0,1,high,24.01,6,2,none,,27,https://www.musinsa.com/products/6391259
2026-09-02,드릭스,6391387,링거 그래픽 오버핏 슬리브리스_차콜,0.0,0,25330,25330,25330,0,0,0.0,100.0,1,high,24.09,8,2,none,,27,https://www.musinsa.com/products/6391387
2026-09-02,틸아이다이,6393947,Floral halter neck blouse [TISU06BL16]_Beige,0.0,0,46140,46140,61180,1,-15040,-24.58,100.0,1,medium,24.09,7,2,none,,27,https://www.musinsa.com/products/6393947
2026-09-02,파르티멘토 우먼,6394075,PWC 커튼 스커트 레이어드 하렘 팬츠_미드나잇 플럼,0.0,0,36540,36540,36540,0,0,0.0,100.0,1,high,24.58,5,2,none,,27,https://www.musinsa.com/products/6394075
2026-09-02,파르티멘토 우먼,6394139,PWC 브리프 디테일 미니 스커트_멜란지,0.0,0,21870,21870,21870,0,0,0.0,100.0,1,high,24.58,5,2,none,,27,https://www.musinsa.com/products/6394139
2026-09-02,파르티멘토 우먼,6394203,PWC 가먼트 다이드 포켓 티_애플 민트,0.0,0,28350,28350,28350,0,0,0.0,100.0,1,high,24.58,5,2,none,,27,https://www.musinsa.com/products/6394203
2026-09-02,시눈,6397531,Ribbon Tie Swim Wrap Skirt (Orange),0.0,0,50470,50470,56070,1,-5600,-9.99,100.0,1,medium,24.0,5,2,none,,27,https://www.musinsa.com/products/6397531
2026-09-02,더바이닐하우스,6397723,VINYL ARC LOGO SLEEVELESS CHARCOAL,0.0,0,26500,26500,26500,0,0,0.0,100.0,1,high,24.01,6,2,none,,27,https://www.musinsa.com/products/6397723
2026-09-02,시눈,6397979,High-Waist Crop Denim (Blue),0.0,0,102530,102530,113920,1,-11390,-10.0,100.0,1,medium,24.0,5,2,none,,27,https://www.musinsa.com/products/6397979
2026-09-02,세터,6398811,폴린 딥그린,0.0,0,99000,99000,99000,0,0,0.0,100.0,1,high,24.0,5,2,none,,27,https://www.musinsa.com/products/6398811
2026-09-02,피인오,6398875,웨스턴 오픈 카라 하프 셔츠 - 네이비,0.0,0,54000,54000,54000,0,0,0.0,100.0,1,high,24.02,7,2,none,,27,https://www.musinsa.com/products/6398875
2026-09-02,에스피오나지,6399835,Double Pocket Gingham S/S Shirt Grey,0.0,0,72800,72800,72800,0,0,0.0,2.8,0,low,24.09,7,1,none,,27,https://www.musinsa.com/products/6399835
2026-09-02,길라아카이브,6400027,LAYERED DOODLE SHEER CROP T-SHIRTS_GREY,0.0,0,39060,39060,39060,0,0,0.0,100.0,1,high,24.02,7,2,none,,27,https://www.musinsa.com/products/6400027
2026-09-02,아워데이즈,6401307,스머크 오버핏 반팔 티셔츠 [3COLORS],0.0,0,24840,24840,24840,0,0,0.0,100.0,1,high,25.32,5,2,none,,27,https://www.musinsa.com/products/6401307
2026-09-02,알리스,6401691,솔리드 투 포켓 롤 업 크롭 하프 셔츠 [네이비],0.9,49876,55250,55250,55250,0,0,0.0,90.31,0,low,24.01,4,1,none,,27,https://www.musinsa.com/products/6401691
2026-09-02,굿라이프웍스,6401755,[w] 나일론 링클 파라슈트 팬츠 아이보리,0.0,0,44880,44880,44880,0,0,0.0,100.0,1,high,24.0,5,2,none,,27,https://www.musinsa.com/products/6401755
2026-09-02,알리스,6402651,로어드 웨이스트 버뮤다 팬츠 [코튼 베이지],0.0,0,58650,58650,58650,0,0,0.0,100.0,1,high,24.58,5,2,none,,27,https://www.musinsa.com/products/6402651
2026-09-02,브라운야드,6402971,"릴렉스 슬리브리스, 블랙",0.0,0,48000,48000,48000,0,0,0.0,100.0,1,high,24.02,7,2,none,,27,https://www.musinsa.com/products/6402971
2026-09-02,바우로프로덕트,6403291,컷오프 코튼 하프 팬츠[아이보리],0.0,0,99000,99000,99000,0,0,0.0,100.0,1,high,25.32,7,2,none,,27,https://www.musinsa.com/products/6403291
2026-09-02,드헤베,6407451,Minimal Logo Stripe T-shirt [Ivory],0.0,0,53200,53200,53200,0,0,0.0,100.0,1,high,25.33,5,2,none,,27,https://www.musinsa.com/products/6407451
2026-09-02,드헤베,6407643,Wrap Drape Blouse [Black],0.0,0,87400,87400,87400,0,0,0.0,100.0,1,high,25.33,5,2,none,,27,https://www.musinsa.com/products/6407643
2026-09-02,굿라이프웍스,6407707,[unisex] 버튼 헨리넥 반팔 티셔츠 그레이,0.0,0,27040,27040,27040,0,0,0.0,100.0,1,high,24.0,5,2,none,,27,https://www.musinsa.com/products/6407707
2026-09-02,노매뉴얼,6407899,NM PLAIN CROP T-SHIRT - WHITE,1.19,27585,23250,23250,23250,0,0,0.0,100.0,1,high,24.59,7,2,none,,27,https://www.musinsa.com/products/6407899
2026-09-02,굿라이프웍스,6409115,립스탑 버뮤다 카고 팬츠 카키,0.0,0,44880,44880,44880,0,0,0.0,100.0,1,high,24.0,5,2,none,,27,https://www.musinsa.com/products/6409115
2026-09-02,제멋,6410395,라운드 헨리넥 반팔티셔츠 블랙 KJST2707,0.0,0,24900,24900,24900,0,0,0.0,100.0,1,high,24.09,8,2,none,,27,https://www.musinsa.com/products/6410395
2026-09-02,썬러브투어,6411483,W Polartec® Delta™ FlexAir Hooded Tee Black,0.0,0,76300,76300,76300,0,0,0.0,100.0,1,high,24.09,8,2,none,,27,https://www.musinsa.com/products/6411483
2026-09-02,바우로프로덕트,6411675,립 카라 반팔 니트 [차콜],0.0,0,79900,79900,79900,0,0,0.0,100.0,1,high,25.33,7,2,none,,27,https://www.musinsa.com/products/6411675
2026-09-02,론론,6414299,MINI LABEL SLIM SLEEVELESS YELLOW,0.0,0,26730,26730,26730,0,0,0.0,100.0,1,high,24.09,8,2,none,,27,https://www.musinsa.com/products/6414299
2026-09-02,브라운브레스,6415259,TAG SACOSHE BAG - BLACK,0.0,0,31500,31500,31500,0,0,0.0,100.0,1,high,24.09,8,2,none,,27,https://www.musinsa.com/products/6415259
2026-09-02,와이케이,6415771,비즈 셔링 쇼츠 오트밀,0.0,0,41300,41300,41300,0,0,0.0,100.0,1,high,24.02,7,2,none,,27,https://www.musinsa.com/products/6415771
2026-09-02,프리즘웍스,6419099,VINTAGE POCKET HALF TEE _ IVORY,0.0,0,26460,26460,26460,0,0,0.0,100.0,1,high,24.09,8,2,none,,27,https://www.musinsa.com/products/6419099
2026-09-02,프리즘웍스,6419163,OG DOBBY WEAVE SEERSUCKER HALF SHIRT _ OLIVE,0.0,0,58500,58500,58500,0,0,0.0,100.0,1,high,24.09,8,2,none,,27,https://www.musinsa.com/products/6419163
2026-09-02,룩캐스트,6425819,디아 빈티지 그래픽 티셔츠 / DIA VINTAGE GRAPHIC T-SHIRT_2colors,0.0,0,27270,27270,27270,0,0,0.0,62.32,0,low,24.59,11,5,none,,27,https://www.musinsa.com/products/6425819
2026-09-02,제너럴아이디어,6432411,시스루 넥 스트링 니트 풀오버 [WHITE] / GF2LKP543,0.0,0,44800,44800,44800,0,0,0.0,100.0,1,high,24.09,7,2,none,,27,https://www.musinsa.com/products/6432411
2026-09-02,토마스모어,6435483,린넨 반팔 셔츠 - 틸그린,0.0,0,79500,79500,79500,0,0,0.0,100.0,1,low,24.02,7,2,none,,27,https://www.musinsa.com/products/6435483
2026-09-02,플랙,6436635,스카시 셔츠 가디건 아이보리,0.0,0,80100,80100,80100,0,0,0.0,100.0,1,high,24.01,6,2,none,,27,https://www.musinsa.com/products/6436635
2026-09-02,밀로아카이브,6438363,세퍼레이트 데님 팬츠 [데님 블랙],0.0,0,110400,110400,110400,0,0,0.0,100.0,1,high,24.02,8,2,none,,27,https://www.musinsa.com/products/6438363
2026-09-02,더뮤지엄비지터,6442715,ART ICON EMBROIDERY CAP (LEMON),0.0,0,44850,44850,44850,0,0,0.0,100.0,1,high,24.09,7,2,none,,27,https://www.musinsa.com/products/6442715
2026-09-02,더뮤지엄비지터,6445019,SAME ROOM APPLIQUE T-SHIRT (MELANGE GREY),0.0,0,41300,41300,41300,0,0,0.0,100.0,1,high,24.09,7,2,none,,27,https://www.musinsa.com/products/6445019
2026-09-02,엑스트라오디너리,6450779,WASHED OXFORD DOUBLE KNEE SHORT BLACK,0.0,0,65450,65450,65450,0,0,0.0,100.0,1,high,24.59,5,2,none,,27,https://www.musinsa.com/products/6450779
2026-09-02,더니트컴퍼니,6454747,오레아 슬리브리스 - 루센트 화이트,0.0,0,53900,53900,53900,0,0,0.0,100.0,1,high,25.33,5,2,none,,27,https://www.musinsa.com/products/6454747
2026-09-02,일리고,6455131,플레르 프릴 홀터 탑 핑크,0.0,0,48000,48000,48000,0,0,0.0,100.0,1,high,24.59,5,2,none,,27,https://www.musinsa.com/products/6455131
2026-09-02,글로니,6457563,ROCKY WAFFLE SLEEVELESS TOP 2.0 (WHITE),0.0,0,50220,50220,50220,0,0,0.0,100.0,1,high,24.09,8,2,none,,27,https://www.musinsa.com/products/6457563
2026-09-02,헬레네파리스,6458267,[브라캡 내장] 레이서 탑 가드너 [블랙],0.0,0,19840,19840,19840,0,0,0.0,100.0,1,high,24.09,8,2,none,,27,https://www.musinsa.com/products/6458267
2026-09-02,제너럴아이디어,6458395,MAN 오픈 카라 니트 베스트 [IVORY] / GF2MKV015,0.0,0,40800,40800,40800,0,0,0.0,100.0,1,high,24.09,7,2,none,,27,https://www.musinsa.com/products/6458395
2026-09-02,제너럴아이디어,6458523,돌먼 슬리브 벨티드 롱 원피스 [WHITE] / GF2LOP513,0.0,0,68000,68000,68000,0,0,0.0,100.0,1,high,24.09,7,2,none,,27,https://www.musinsa.com/products/6458523
2026-09-02,제너럴아이디어,6458651,온도컷 쿨 에센셜 하프 가디건 [SAGE MINT] / GF2LKC541,0.0,0,31200,31200,31200,0,0,0.0,100.0,1,high,24.09,7,2,none,,27,https://www.musinsa.com/products/6458651
2026-09-02,로제프란츠,6459995,Chiffon Ribbon Crinkle Sleeveless [Ivory],0.0,0,59520,59520,59520,0,0,0.0,100.0,1,high,25.33,5,2,none,,27,https://www.musinsa.com/products/6459995
2026-09-02,노이어,6462555,코튼 브이넥 베이직 티셔츠 (네이비),0.0,0,29200,29200,29200,0,0,0.0,100.0,1,high,24.09,8,2,none,,27,https://www.musinsa.com/products/6462555
2026-09-02,노이어,6462683,로우 게이지 크롭 하프 니트 (민트그린),0.0,0,62300,62300,62300,0,0,0.0,100.0,1,high,24.09,8,2,none,,27,https://www.musinsa.com/products/6462683
2026-09-02,파르티멘토 우먼,6471771,PW 심볼 필박스 캡_네이비,0.0,0,26740,26740,26740,0,0,0.0,100.0,1,high,24.6,5,2,none,,27,https://www.musinsa.com/products/6471771
2026-09-02,파르티멘토 우먼,6473691,스쿱넥 배트 슬리브 탑_화이트,0.0,0,32400,32400,32400,0,0,0.0,100.0,1,high,24.6,5,2,none,,27,https://www.musinsa.com/products/6473691
2026-09-02,유라고,6479003,Buddy stripe shirt,0.0,0,121600,121600,121600,0,0,0.0,100.0,1,high,24.0,5,2,none,,27,https://www.musinsa.com/products/6479003
2026-09-02,유라고,6479195,Linen blend crop cardigan,0.0,0,60040,60040,60040,0,0,0.0,100.0,1,high,24.0,5,2,none,,27,https://www.musinsa.com/products/6479195
2026-09-02,제너럴아이디어,6479835,MAN WHEE 레터링 링거티 [BLACK] / GF2MTS011,0.0,0,29600,29600,29600,0,0,0.0,100.0,1,high,24.09,7,2,none,,27,https://www.musinsa.com/products/6479835
2026-09-02,배드블러드,6481755,미스틱 나일론 트랙 자켓 - 블루그레이,0.0,0,151200,151200,151200,0,0,0.0,100.0,1,high,24.09,8,2,none,,27,https://www.musinsa.com/products/6481755
2026-09-02,배드블러드,6482971,델타 유틸리티 코튼립 크루넥 티셔츠 - 밀리터리 그린,0.0,0,76800,76800,76800,0,0,0.0,100.0,1,high,24.09,8,2,none,,27,https://www.musinsa.com/products/6482971
2026-09-02,테이크이지,6486939,미니체크 크롭 셔츠 (레드),0.0,0,27000,27000,27000,0,0,0.0,40.84,0,low,24.01,6,1,none,,27,https://www.musinsa.com/products/6486939
2026-09-02,언타이틀 서울,6487899,심볼 스트라이프 헨리 후드 크롭 반팔 멜란지 화이트,0.0,0,33800,33800,33800,0,0,0.0,100.0,1,low,24.0,4,2,none,,27,https://www.musinsa.com/products/6487899
2026-09-02,드로우핏우먼,6489755,썸머 펀칭 크로셰 버킷햇 [IVORY],0.0,0,26640,26640,33300,1,-6660,-20.0,100.0,1,medium,24.09,8,2,none,,27,https://www.musinsa.com/products/6489755
2026-09-02,더바넷,6491739,Canvas Baren Tote Bag_Navy,0.0,0,63900,63900,63900,0,0,0.0,100.0,1,high,25.33,5,2,none,,27,https://www.musinsa.com/products/6491739
2026-09-02,제멋,6491931,에어리 시어 자켓 라이트블루 ISOT2684,0.0,0,32900,32900,32900,0,0,0.0,100.0,1,high,24.09,8,2,none,,27,https://www.musinsa.com/products/6491931
2026-09-02,미세키서울,6498395,Hannah button layered short sleeve CHARCOAL,0.0,0,97200,97200,97200,0,0,0.0,100.0,1,high,24.6,5,2,none,,27,https://www.musinsa.com/products/6498395
2026-09-02,트립르센스,6502235,썸머 트위드 하프 셔츠_화이트,0.0,0,66400,66400,66400,0,0,0.0,100.0,1,high,24.02,7,2,none,,27,https://www.musinsa.com/products/6502235
2026-09-02,제너럴아이디어,6506651,UNISEX 온도컷 쿨링 로고 반팔 티셔츠 [2COL] / GF2UTS017,0.85,11548,13600,13600,11900,1,1700,14.29,100.0,1,medium,24.09,7,2,none,,27,https://www.musinsa.com/products/6506651
2026-09-02,파르티멘토,6516699,퍼커링 코듀로이 쇼츠 딥 네이비,0.0,0,45900,45900,45900,0,0,0.0,100.0,1,high,24.01,6,2,none,,27,https://www.musinsa.com/products/6516699
2026-09-02,본투윈,6520795,BRN RUNNERS CLUB T-SHIRTS [BLACK],0.0,0,59000,59000,59000,0,0,0.0,100.0,1,high,24.09,7,2,none,,27,https://www.musinsa.com/products/6520795
2026-09-02,본투윈,6529691,CURVE B AIRFLOW MESH T-SHIRTS [CHARCOAL],0.0,0,59000,59000,59000,0,0,0.0,100.0,1,high,24.09,7,2,none,,27,https://www.musinsa.com/products/6529691
2026-09-02,언더오프,6532763,슬럽 헨리넥 크롭 티셔츠 유니언잭 블랙,0.0,0,27920,27920,27920,0,0,0.0,100.0,1,high,24.01,6,2,none,,27,https://www.musinsa.com/products/6532763
2026-09-02,알리스,6537115,엠브로이더리 카우 스웨이드 클로그 [카멜],0.0,0,83000,83000,83000,0,0,0.0,100.0,1,high,24.61,5,2,none,,27,https://www.musinsa.com/products/6537115
2026-09-02,파르티멘토,6551323,보타니컬 스케치 티 아이보리,0.0,0,37400,37400,37400,0,0,0.0,100.0,1,high,24.01,6,2,none,,27,https://www.musinsa.com/products/6551323
2026-09-02,아캄,6554011,Splatter Painted CROS2 Half Top (Charcoal),0.0,0,55200,55200,55200,0,0,0.0,100.0,1,high,24.0,5,2,none,,27,https://www.musinsa.com/products/6554011
2026-09-02,아캄,6557147,ChaCha Freestyle Sleeveless (Black),0.0,0,53100,53100,53100,0,0,0.0,100.0,1,high,24.0,5,2,none,,27,https://www.musinsa.com/products/6557147
2026-09-02,제너럴아이디어,6562523,레이어드 나일론 밴딩 팬츠 [WHITE] / GF2LPT525,0.0,0,54400,54400,54400,0,0,0.0,100.0,1,high,24.09,7,2,none,,27,https://www.musinsa.com/products/6562523
2026-09-02,오도어,6565403,Chamude basic belt - Camel beige,0.0,0,39000,39000,39000,0,0,0.0,100.0,1,high,24.09,8,2,none,,27,https://www.musinsa.com/products/6565403
2026-09-02,해비즘,6579995,NAME CARD S/S TEE(WHITE),0.0,0,22680,22680,22680,0,0,0.0,100.0,1,high,23.99,12,5,none,,27,https://www.musinsa.com/products/6579995
2026-09-02,어반드레스,6586651,모리 소로나 베이직 티셔츠_5Colors,0.0,0,24650,24650,24650,0,0,0.0,100.0,1,high,24.09,8,2,none,,27,https://www.musinsa.com/products/6586651
2026-09-02,론론,6592219,HOTFIX KEYRING WIDE DENIM PANTS MEDIUM BLUE,0.0,0,87840,87840,68320,1,19520,28.57,100.0,1,medium,24.09,8,2,none,,27,https://www.musinsa.com/products/6592219
2026-09-02,론론,6592283,SCALLOP TRIM KNIT SLEEVELESS CARDIGAN IVORY,0.0,0,80190,80190,80190,0,0,0.0,100.0,1,high,24.09,8,2,none,,27,https://www.musinsa.com/products/6592283
2026-09-02,썸웨어버터,6593691,Bay Halter Blouse - Light Blue,0.0,0,89000,89000,89000,0,0,0.0,100.0,1,high,24.02,7,2,none,,27,https://www.musinsa.com/products/6593691
2026-09-02,프렌다,6594843,TRACK-LINE POLO SHORT SLEEVE GRAY,0.0,0,20580,20580,20580,0,0,0.0,100.0,1,high,24.09,8,2,none,,27,https://www.musinsa.com/products/6594843
2026-09-02,파르티멘토 우먼,6607707,레이스업 플립 플랍_네이비,0.0,0,242100,242100,242100,0,0,0.0,100.0,1,high,24.61,5,2,none,,27,https://www.musinsa.com/products/6607707
2026-09-02,파르티멘토 우먼,6609563,드레이프 핀턱 언발란스드 탑_스카이,0.0,0,38070,38070,38070,0,0,0.0,100.0,1,high,24.61,5,2,none,,27,https://www.musinsa.com/products/6609563
2026-09-02,제너럴아이디어,6633819,워싱 코튼 밴딩 쇼츠 [WHITE] / GF2LHP523,0.0,0,33600,33600,33600,0,0,0.0,100.0,1,high,24.09,7,2,none,,27,https://www.musinsa.com/products/6633819
2026-09-02,더뮤지엄비지터,6635675,LETTERING HEART OVERFIT T-SHIRT (LEMON),0.0,0,38350,38350,38350,0,0,0.0,100.0,1,high,24.09,7,2,none,,27,https://www.musinsa.com/products/6635675
2026-09-02,어널러코드,6642075,스톤 워시드 반팔티 (3color),0.0,0,23100,23100,23100,0,0,0.0,100.0,1,high,24.09,8,2,none,,27,https://www.musinsa.com/products/6642075
2026-09-02,나이스고스트클럽,6644699,CHECK 3STAR BASIC RINGER TEE_CHARCOAL(NG2GMUT537A),0.53,16378,30870,30870,30870,0,0,0.0,100.0,1,high,24.02,7,2,none,,27,https://www.musinsa.com/products/6644699
2026-09-02,플리즈노팔로우,6645979,Jane Knit Bikini (Ivory),0.0,0,81600,81600,81600,0,0,0.0,100.0,1,high,24.09,7,2,none,,27,https://www.musinsa.com/products/6645979
2026-09-02,플리즈노팔로우,6646107,Zeline Layered Short Sleeve Top (Baby Pink),0.0,0,71400,71400,71400,0,0,0.0,100.0,1,high,24.09,7,2,none,,27,https://www.musinsa.com/products/6646107
2026-09-02,탄산마그네슘,6650971,탄산 스타 로고 폴로 티셔츠 (네이비),0.0,0,64600,64600,64600,0,0,0.0,100.0,1,high,24.0,5,2,none,,27,https://www.musinsa.com/products/6650971
2026-09-02,밀로아카이브,6656795,[Pokémon] 아이덴티티 로고 반다나 [블랙],0.0,0,22500,22500,22500,0,0,0.0,100.0,1,high,24.02,10,2,none,,27,https://www.musinsa.com/products/6656795
2026-09-02,배드블러드,6663579,앰버서더 26 라이트웨이트 나일론 쇼츠 - 민트,0.0,0,73100,73100,73100,0,0,0.0,100.0,1,high,24.09,8,2,none,,27,https://www.musinsa.com/products/6663579
2026-09-02,배드블러드,6664155,H.B.B. 로얄 레이스 라인스톤 라이트웨이트 조거 팬츠 - 블루,0.14,19911,143100,128790,143100,1,-14310,-10.0,100.0,1,medium,24.03,15,2,none,,27,https://www.musinsa.com/products/6664155
2026-09-02,배드블러드,6664219,H.B.B. 라인스톤 1/2 후드 집업 - 민트,0.0,0,103200,103200,103200,0,0,0.0,100.0,1,high,24.09,8,2,none,,27,https://www.musinsa.com/products/6664219
2026-09-02,무센트,6677915,아빅스 비비드 민트 실버 프린트 슬림핏 반팔 티,0.41,6837,16730,21510,16730,1,4780,28.57,100.0,1,medium,24.01,6,2,none,,27,https://www.musinsa.com/products/6677915
2026-09-02,와이케이,6686683,말티즈 크루 라인 그래픽 반팔티셔츠 화이트레드,0.0,0,29400,29400,29400,0,0,0.0,100.0,1,high,24.02,7,2,none,,27,https://www.musinsa.com/products/6686683
2026-09-02,탄산마그네슘,6688091,안녕자두야X탄산 뱃지 (12 Color),0.14,733,5320,5320,5320,0,0,0.0,100.0,1,high,24.0,11,8,none,,27,https://www.musinsa.com/products/6688091
2026-09-02,글로니,6715227,GLOWNY X MY MELODY CAMISOLE (MELANGE GRAY),0.0,0,37440,37440,37440,0,0,0.0,100.0,1,high,24.09,8,2,none,,27,https://www.musinsa.com/products/6715227
2026-09-02,카키포인트,6716187,Damage Stud Halter Top (gray),0.0,0,51030,51030,51030,0,0,0.0,100.0,1,high,24.09,8,2,none,,27,https://www.musinsa.com/products/6716187
2026-09-02,코드그라피,6725723,스퀘어 로고 후디_라이트카키,0.0,0,55300,55300,55300,0,0,0.0,100.0,1,high,25.34,5,2,none,,27,https://www.musinsa.com/products/6725723
2026-09-02,무센트,6726043,에르바 뱀피 패턴 숄더백 남녀공용,0.0,0,53910,53910,41930,1,11980,28.57,100.0,1,medium,24.01,6,2,none,,27,https://www.musinsa.com/products/6726043
2026-09-02,언더오프,6769819,로우컷 아웃포켓 버뮤다 팬츠 레오파드 블랙,0.0,0,29900,29900,29900,0,0,0.0,100.0,1,high,24.01,6,2,none,,27,https://www.musinsa.com/products/6769819
2026-09-02,아메스월드와이드,6778651,PPG RUFFLE MINI DRESS WHITE,0.0,0,41300,41300,35400,1,5900,16.67,100.0,1,medium,24.62,6,2,none,,27,https://www.musinsa.com/products/6778651
2026-09-02,아메스월드와이드,6778715,PPG SHOOTING STAR TEE WHITE,1.0,27345,27422,31500,27000,1,4500,16.67,100.0,1,low,24.62,5,2,none,,27,https://www.musinsa.com/products/6778715
2026-09-02,키르시,6800923,전판 프린트 유넥 링거 티셔츠 [화이트],0.0,0,36740,36740,39200,1,-2460,-6.28,100.0,1,medium,24.01,6,2,none,,27,https://www.musinsa.com/products/6800923
2026-09-02,파브레가,6830747,토브 스트라이프 셔츠 (스카이 블루),0.0,0,69300,69300,69300,0,0,0.0,100.0,1,high,25.34,5,2,none,,27,https://www.musinsa.com/products/6830747
2026-09-02,트리밍버드,6830875,Linear Contrast Track Set-Up Pants [ Gray ],0.0,0,198000,198000,198000,0,0,0.0,100.0,1,high,24.09,8,2,none,,27,https://www.musinsa.com/products/6830875
2026-09-02,무드인사이드 우먼,6853019,(woman) ST 워머 후드 티셔츠_2Color,0.0,0,39900,39900,39900,0,0,0.0,100.0,1,high,24.01,6,2,none,,27,https://www.musinsa.com/products/6853019
2026-09-02,꼼파뇨,6853467,스위트 부케 반팔티 크림,0.0,0,28610,28610,28610,0,0,0.0,100.0,1,high,24.62,5,2,none,,27,https://www.musinsa.com/products/6853467
2026-09-02,999휴머니티,6869851,어드벤처 블리치드 카고 팬츠 (페이디드 카키),0.0,0,228000,228000,228000,0,0,0.0,100.0,1,high,24.0,5,2,none,,27,https://www.musinsa.com/products/6869851
2026-09-02,아모우,6878171,Molly Shell Long Sleeve WHITE,0.0,0,55300,55300,55300,0,0,0.0,100.0,1,high,24.09,8,2,none,,27,https://www.musinsa.com/products/6878171
2026-09-02,아모우,6878619,Lion Hoodie Zip-up GRAY,0.0,0,71400,71400,71400,0,0,0.0,100.0,1,high,24.09,8,2,none,,27,https://www.musinsa.com/products/6878619
2026-09-02,아캄,6879067,Glazed Wax Denim Pants (Indigo),0.0,0,170100,170100,170100,0,0,0.0,100.0,1,high,24.0,5,2,none,,27,https://www.musinsa.com/products/6879067
2026-09-02,아캄,6879579,Gothic Chain Printed Long Sleeve (Black),0.0,0,80100,80100,80100,0,0,0.0,100.0,1,high,24.0,5,2,none,,27,https://www.musinsa.com/products/6879579
2026-09-02,드헤베,6884187,Soft Layer Slim Long Sleeve [Ivory],0.0,0,61370,61370,58140,1,3230,5.56,100.0,1,medium,25.34,5,2,none,,27,https://www.musinsa.com/products/6884187
2026-09-02,드헤베,6884379,Frill Neck Check Blouse [Brown],0.0,0,121840,121840,115430,1,6410,5.55,100.0,1,medium,25.34,5,2,none,,27,https://www.musinsa.com/products/6884379
2026-09-02,코드그라피,6884827,(우먼) 빈티지 체크 배색 후디 자켓-카키,0.0,0,152100,152100,152100,0,0,0.0,100.0,1,high,25.34,5,2,none,,27,https://www.musinsa.com/products/6884827
2026-09-02,해비즘,6899611,LVER OFF SHOULDER L/S TEE(CHARCOAL),0.0,0,41850,41850,41850,0,0,0.0,100.0,1,high,24.02,7,2,none,,27,https://www.musinsa.com/products/6899611
2026-09-02,칙스,6904347,롤업 배색 레이어드 슬림 반팔 티셔츠 화이트,0.0,0,23920,23920,23920,0,0,0.0,100.0,1,high,24.09,8,2,none,,27,https://www.musinsa.com/products/6904347
2026-09-02,바이모노,6908059,[빅사이즈 M-6XL] 모노 이지케어 텐셀데님 반팔 공기셔츠,0.0,0,42900,42900,42900,0,0,0.0,100.0,1,high,24.01,6,2,none,,27,https://www.musinsa.com/products/6908059
2026-09-02,디스이즈네버댓,6910107,Loose Jeans Washed Blue,0.0,0,139000,139000,139000,0,0,0.0,100.0,1,high,24.01,6,2,none,,27,https://www.musinsa.com/products/6910107
2026-09-02,락피쉬웨더웨어,6926043,CHECK VOLUME  DRESS - DARK GREEN,0.0,0,177600,177600,177600,0,0,0.0,100.0,1,high,25.34,5,2,none,,27,https://www.musinsa.com/products/6926043
2026-09-02,러프사이드,6929691,Nomad Jacket Mortar Grey,0.0,0,248000,248000,,0,,,34.53,0,low,21.9,4,1,none,,27,https://www.musinsa.com/products/6929691
2026-09-02,스컬프터,6931355,Lace Trim Henley Top Lemon,0.0,0,56430,56430,,0,,,84.82,0,low,23.99,6,1,none,,27,https://www.musinsa.com/products/6931355
2026-09-02,스컬프터,6931419,Napoleon Bomber Jacket Beige,0.0,0,212900,212900,,0,,,84.82,0,low,23.99,6,1,none,,27,https://www.musinsa.com/products/6931419
2026-09-02,썸웨어버터,6936987,Miffy Iphone Case - Stripe Blue,0.0,0,22040,22040,22040,0,0,0.0,100.0,1,high,24.02,7,2,none,,27,https://www.musinsa.com/products/6936987
2026-09-02,로제프란츠,6948635,High Neck Eyelet Cardigan [Gray],0.0,0,71680,71680,71680,0,0,0.0,100.0,1,high,25.34,5,2,none,,27,https://www.musinsa.com/products/6948635
2026-09-02,오헤시오,6952923,"VINTAGE DOT BUTTON CAPRI PANTS, CHARCOAL",0.0,0,124550,124550,124550,0,0,0.0,100.0,1,high,24.09,8,2,none,,27,https://www.musinsa.com/products/6952923
2026-09-02,썬러브투어,6956955,Fly Light Down Jacket Purple,0.0,0,299000,299000,299000,0,0,0.0,100.0,1,high,24.09,8,2,none,,27,https://www.musinsa.com/products/6956955
2026-09-02,언탭트스튜디오,6961115,코듀로이 워시드 오버 와이드 데님팬츠 3Color,0.0,0,35010,35010,30550,1,4460,14.6,100.0,1,medium,24.02,11,2,none,,27,https://www.musinsa.com/products/6961115
2026-09-02,미세키서울,6968475,[레이 PICK] Asymmetric shirring button shirt BLACK,0.0,0,115200,115200,109440,1,5760,5.26,100.0,1,medium,24.62,5,2,none,,27,https://www.musinsa.com/products/6968475
2026-09-02,러브이즈트루,6970459,RL DISTORTED LETTERING TEE(GRAY),0.0,0,40400,40400,40400,0,0,0.0,100.0,1,high,24.02,7,2,none,,27,https://www.musinsa.com/products/6970459
2026-09-02,러브이즈트루,6970715,RL LETTERING FILLBOX CAP(NAVY),0.0,0,51940,51940,51940,0,0,0.0,100.0,1,high,24.02,7,2,none,,27,https://www.musinsa.com/products/6970715
2026-09-02,효지,6976411,26 FW 골지 풀밴딩 커브드 팬츠 (2컬러),0.0,0,37100,37100,37100,0,0,0.0,100.0,1,high,24.0,5,2,none,,27,https://www.musinsa.com/products/6976411
2026-09-02,마인드브릿지,6978395,워시드 데님 오버핏 셔츠형 자켓 - 2color,0.0,0,79200,79200,79200,0,0,0.0,100.0,1,high,24.62,5,2,none,,27,https://www.musinsa.com/products/6978395
2026-09-02,필루미네이트,6981083,빈티지 워시드 셔츠-3Color,0.0,0,39900,39900,39900,0,0,0.0,100.0,1,high,24.02,6,2,none,,27,https://www.musinsa.com/products/6981083
2026-09-02,필루미네이트,6981467,핀 스트라이프 헨리넥 롱 슬리브-3Color,0.0,0,39000,39000,39000,0,0,0.0,100.0,1,high,24.02,7,2,none,,27,https://www.musinsa.com/products/6981467
2026-09-02,필루미네이트,6982363,[필루미네이트 × 패션플래닛] 헤비 코튼 세미 크롭 후드 집 업-3Color,203.28,7907569,38900,38900,38900,0,0,0.0,100.0,1,high,3.85,44,16,none,,27,https://www.musinsa.com/products/6982363
2026-09-02,비터셀즈,6982939,[2 PACK]에센셜 브이 넥 티&에센셜 골지 브이 넥 티,0.0,0,61600,61600,84000,1,-22400,-26.67,100.0,1,medium,24.62,5,2,none,,27,https://www.musinsa.com/products/6982939
2026-09-02,테이크이지,6996827,[DMD] PRIMAL ST KNIT - Cream,0.0,0,55900,55900,,0,,,59.07,0,low,23.98,5,1,none,,27,https://www.musinsa.com/products/6996827
2026-09-02,테이크이지,6997915,[DMD] VEIL WS SLACKS - Black,0.0,0,74900,74900,,0,,,59.07,0,low,23.98,5,1,none,,27,https://www.musinsa.com/products/6997915
2026-09-02,제로,7000475,헤링본 와이드 커브드 데님 팬츠 [블랙],0.0,0,49500,49500,49500,0,0,0.0,100.0,1,high,24.0,5,2,none,,27,https://www.musinsa.com/products/7000475
2026-09-02,론론,7002779,RIBBON PIN SET SHEER TULLE SKIRT MINT,0.0,0,62370,62370,48510,1,13860,28.57,100.0,1,medium,24.09,8,2,none,,27,https://www.musinsa.com/products/7002779
2026-09-02,마인드브릿지우먼,7008155,[W]화이트 하프넥 타이 레귤러핏 블라우스,0.0,0,71900,71900,71900,0,0,0.0,100.0,1,high,24.0,7,2,none,,27,https://www.musinsa.com/products/7008155
2026-09-02,마인드브릿지우먼,7008283,[W]셔츠 믹스 풀 오픈 레귤러 핏 니트 - 3color,0.0,0,71900,71900,71900,0,0,0.0,100.0,1,high,24.0,7,2,none,,27,https://www.musinsa.com/products/7008283
2026-09-02,더니트컴퍼니,7011611,워셔블 에센셜 크루넥 니트 10color,475.36,14213336,29900,29900,29900,0,0,0.0,100.0,1,high,3.92,49,16,none,,27,https://www.musinsa.com/products/7011611
2026-09-02,베르만어패럴,7011867,에센셜 머슬핏 반팔 티셔츠 3colors,0.0,0,29800,29800,29800,0,0,0.0,100.0,1,high,24.09,8,2,none,,27,https://www.musinsa.com/products/7011867
2026-09-02,아카이브,7011931,Curved Line Technical T,0.0,0,46800,46800,46800,0,0,0.0,100.0,1,high,24.02,8,2,none,,27,https://www.musinsa.com/products/7011931
2026-09-02,브라운브레스,7019547,BB METAL KEYRING,0.0,0,35000,35000,35000,0,0,0.0,100.0,1,high,24.09,8,2,none,,27,https://www.musinsa.com/products/7019547
2026-09-02,넌블랭크,7020187,루즈 와이드 웨일 데님 팬츠_BLACK,0.0,0,107910,107910,107910,0,0,0.0,100.0,1,high,24.02,7,2,none,,27,https://www.musinsa.com/products/7020187
2026-09-02,락케이크,7020443,Hook Collar Shirt - Gray,0.0,0,75200,75200,75200,0,0,0.0,100.0,1,high,24.09,8,2,none,,27,https://www.musinsa.com/products/7020443
2026-09-02,헬레네파리스,7024219,스파킹 큐빅 벤트넥 롱 슬리브 [블랙],0.0,0,39840,39840,39840,0,0,0.0,100.0,1,high,24.09,8,2,none,,27,https://www.musinsa.com/products/7024219
2026-09-02,쿠어,7033307,멀티핀 스트라이프 포켓 티셔츠 (베이지),0.0,0,76500,76500,76500,0,0,0.0,100.0,1,high,24.0,5,2,none,,27,https://www.musinsa.com/products/7033307
2026-09-02,쿠어,7033563,파일럿 레더 카라 점퍼 (다크네이비),0.0,0,297000,297000,297000,0,0,0.0,100.0,1,high,24.0,5,2,none,,27,https://www.musinsa.com/products/7033563
2026-09-02,엘무드,7033883,트레버 울 블렌드 롱슬리브 (2 COLOR),0.0,0,71100,71100,71100,0,0,0.0,100.0,1,high,24.01,6,2,none,,27,https://www.musinsa.com/products/7033883
2026-09-02,엘무드,7033947,실리언 오스트리치 엠보 레더 벨트 브라운,0.0,0,74700,74700,74700,0,0,0.0,100.0,1,high,24.01,6,2,none,,27,https://www.musinsa.com/products/7033947
2026-09-02,드로우핏우먼,7035163,스플릿 넥 리브드 슬림 니트 탑 [IVORY],0.0,0,49680,49680,62100,1,-12420,-20.0,100.0,1,medium,24.09,8,2,none,,27,https://www.musinsa.com/products/7035163
2026-09-02,어반디타입,7038619,올드 피렌체 스웻셔츠_멜란지 그레이,0.0,0,59000,59000,59000,0,0,0.0,100.0,1,high,24.02,7,2,none,,27,https://www.musinsa.com/products/7038619
2026-09-02,시눈,7040667,Bloom Brush Keyring (Silver Gold),0.0,0,41660,41660,41660,0,0,0.0,100.0,1,high,24.0,5,2,none,,27,https://www.musinsa.com/products/7040667
2026-09-02,로우클래식,7040987,STRIPED REGULAR-FIT TEE_PURPLE [LC267TS09PP],0.0,0,59000,59000,59000,0,0,0.0,100.0,1,high,24.09,8,2,none,,27,https://www.musinsa.com/products/7040987
2026-09-02,비바라비다,7042779,Ranch 반팔 티셔츠,0.0,0,25900,25900,25900,0,0,0.0,100.0,1,high,24.09,7,2,none,,27,https://www.musinsa.com/products/7042779
2026-09-02,러프사이드,7047707,Easy Para Pants Greige,0.0,0,168000,168000,,0,,,34.48,0,low,21.9,4,1,none,,27,https://www.musinsa.com/products/7047707
2026-09-02,드로우핏,7048539,[오정규X드로우핏] 애프터 세미 크롭 데님 셔츠 [3color],27.63,1370494,49600,49600,49600,0,0,0.0,100.0,1,low,3.93,50,16,none,,27,https://www.musinsa.com/products/7048539
2026-09-02,아메스월드와이드,7050651,CLASSIC WAFFLE HENLEY NECK DRESS NAVY,0.0,0,42480,42480,42480,0,0,0.0,100.0,1,high,24.64,6,2,none,,27,https://www.musinsa.com/products/7050651
2026-09-02,프리즘웍스,7054619,KUROKI CHAMBRAY HALF ZIP SHIRT _ WASHED BLUE,0.0,0,133200,133200,133200,0,0,0.0,100.0,1,high,24.09,8,2,none,,27,https://www.musinsa.com/products/7054619
2026-09-02,파르티멘토,7059291,로우 엣지 포켓 롱 슬리브 아이보리,0.0,0,32900,32900,32900,0,0,0.0,100.0,1,high,24.01,6,2,none,,27,https://www.musinsa.com/products/7059291
2026-09-02,비긴202,7060443,BnB 루즈 와이드 플레어 데님 팬츠 [워시드 블랙],0.0,0,109650,109650,109650,0,0,0.0,100.0,1,high,25.35,5,2,none,,27,https://www.musinsa.com/products/7060443
2026-09-02,999휴머니티,7078875,어드벤처 워시드 숏 자켓 (카키),0.0,0,258000,258000,258000,0,0,0.0,100.0,1,high,24.0,5,2,none,,27,https://www.musinsa.com/products/7078875
2026-09-02,바우프,7079195,퍼피 이어 스타 후드집업 [플라워 메란지],0.0,0,134100,134100,134100,0,0,0.0,100.0,1,high,25.35,5,2,none,,27,https://www.musinsa.com/products/7079195
2026-09-02,틸아이다이,7080219,Raglan tie layered blouse [TIFA05BL04]_Mint,0.0,0,89640,89640,89640,0,0,0.0,100.0,1,high,24.09,7,2,none,,27,https://www.musinsa.com/products/7080219
2026-09-02,디앤에스알,7084059,플라워 버튼 레이어드 헨리넥 롱슬리브 올리브,0.0,0,79200,79200,79200,0,0,0.0,100.0,1,high,24.0,5,2,none,,27,https://www.musinsa.com/products/7084059
2026-09-02,인사일런스,7084187,오버사이즈 체크 셔츠 GREY,0.0,0,119000,119000,119000,0,0,0.0,100.0,1,high,24.01,6,2,none,,27,https://www.musinsa.com/products/7084187
2026-09-02,브라운야드,7095003,"스무스 저지 후드 집업, 블루",0.0,0,148000,148000,148000,0,0,0.0,100.0,1,high,24.02,7,2,none,,27,https://www.musinsa.com/products/7095003
2026-09-02,인사일런스우먼,7095515,빈티지 코튼 카고 팬츠 WASHED KHAKI,0.0,0,167200,167200,176000,1,-8800,-5.0,100.0,1,medium,24.09,8,2,none,,27,https://www.musinsa.com/products/7095515
2026-09-02,브라운야드,7095579,"빈티지 HBT 팬츠, 블랙",0.0,0,248000,248000,248000,0,0,0.0,100.0,1,high,24.02,7,2,none,,27,https://www.musinsa.com/products/7095579
2026-09-02,파르티멘토 우먼,7096155,PWC 사이드 집업 리브드 레깅스 팬츠_카키 그레이,0.0,0,41310,41310,41310,0,0,0.0,100.0,1,high,24.65,4,2,none,,27,https://www.musinsa.com/products/7096155
2026-09-02,파르티멘토 우먼,7096219,PWC 클래식 트윈 니트 가디건_차콜 멜란지,0.0,0,36720,36720,36720,0,0,0.0,100.0,1,high,24.64,4,2,none,,27,https://www.musinsa.com/products/7096219
2026-09-02,유라고,7097051,Quarter sleeve maxi dress_2colors,0.0,0,129360,129360,129360,0,0,0.0,100.0,1,high,24.0,5,2,none,,27,https://www.musinsa.com/products/7097051
2026-09-02,제너럴아이디어,7097563,체크 셔츠 레이어드 가디건 [NAVY] / GF7LKC530,0.0,0,54400,54400,54400,0,0,0.0,100.0,1,high,24.09,7,2,none,,27,https://www.musinsa.com/products/7097563
2026-09-02,바우프,7100635,체크 리버시블 숄더백 [그린],0.0,0,84600,84600,84600,0,0,0.0,100.0,1,high,25.35,5,2,none,,27,https://www.musinsa.com/products/7100635
2026-09-02,에이치덱스,7100763,디비전 카모 볼캡 (Khaki Camo),0.0,0,39600,39600,39600,0,0,0.0,100.0,1,high,25.35,5,2,none,,27,https://www.musinsa.com/products/7100763
2026-09-02,더니트컴퍼니,7102811,(우먼) 울 캐시미어 브이넥 스웨터 6color,0.0,0,103200,103200,103200,0,0,0.0,100.0,1,high,25.35,5,2,none,,27,https://www.musinsa.com/products/7102811
2026-09-02,제너럴아이디어,7103131,딥 브이넥 루즈핏 니트 풀오버 [MELANGE GREY] / GF3LKP506,0.0,0,54400,54400,54400,0,0,0.0,100.0,1,high,24.09,7,2,none,,27,https://www.musinsa.com/products/7103131
2026-09-02,비바라비다,7103387,Seestern 롱 슬리브 티셔츠,0.0,0,34900,34900,34900,0,0,0.0,100.0,1,high,24.09,7,2,none,,27,https://www.musinsa.com/products/7103387
2026-09-02,제너럴아이디어,7103579,시스루 플로럴 보트넥 티셔츠 [WHITE] / GF3LTS502,0.0,0,38400,38400,38400,0,0,0.0,100.0,1,high,24.09,7,2,none,,27,https://www.musinsa.com/products/7103579
2026-09-02,디스이즈네버댓,7104667,Bingo Doggy Tee Berry,0.0,0,59000,59000,59000,0,0,0.0,100.0,1,high,24.01,6,2,none,,27,https://www.musinsa.com/products/7104667
2026-09-02,디스이즈네버댓,7104731,Denim Blouson Jacket Navy,0.0,0,189000,189000,189000,0,0,0.0,100.0,1,high,24.01,6,2,none,,27,https://www.musinsa.com/products/7104731
2026-09-02,나이스고스트클럽,7106587,LAYERED COLOR LS TEE_OLIVE(NG2GFFT556A),0.0,0,42120,42120,42120,0,0,0.0,100.0,1,high,24.02,7,2,none,,27,https://www.musinsa.com/products/7106587
2026-09-02,칙스,7117019,체크 셔츠 레이어드 브이넥 골지 니트 티셔츠 차콜,0.0,0,62910,62910,69900,1,-6990,-10.0,100.0,1,medium,24.09,8,2,none,,27,https://www.musinsa.com/products/7117019
2026-09-02,다이브인,7118299,[DIVEIN X 무민서] VINTAGE CROP HOOD (BLACK),0.0,0,89100,89100,89100,0,0,0.0,100.0,1,high,24.01,6,2,none,,27,https://www.musinsa.com/products/7118299
2026-09-02,칙스,7118363,글렌 체크셔츠 레이어드 브이넥 가디건 블랙,0.0,0,53910,53910,59900,1,-5990,-10.0,100.0,1,medium,24.09,8,2,none,,27,https://www.musinsa.com/products/7118363
2026-09-02,다이브인,7118491,[DIVEIN X 무민서] WASHED VERN CARGO PANTS (BLUE),161.04,17247347,107100,107100,107100,0,0,0.0,100.0,1,high,24.01,30,10,none,,27,https://www.musinsa.com/products/7118491
2026-09-02,비바라비다,7119323,Feather 우먼 롱 슬리브 티셔츠,0.0,0,32900,32900,32900,0,0,0.0,100.0,1,high,24.09,7,2,none,,27,https://www.musinsa.com/products/7119323
2026-09-02,비바라비다,7124763,[기모선택] Weed 헤비테리 후드 집업,0.0,0,62900,62900,62900,0,0,0.0,100.0,1,high,24.09,7,2,none,,27,https://www.musinsa.com/products/7124763
2026-09-02,브룩스 브라더스,7126107,프라이데이 포플린 스트라이프 패턴 셔츠 (블루) (BBTHMMG301),0.0,0,179000,179000,179000,0,0,0.0,100.0,1,high,24.02,7,2,none,,27,https://www.musinsa.com/products/7126107
2026-09-02,일꼬르소,7128539,모크넥 롱 슬리브 티셔츠 블랙,0.0,0,35910,35910,35910,0,0,0.0,100.0,1,high,24.01,6,2,none,,27,https://www.musinsa.com/products/7128539
2026-09-02,일꼬르소,7128731,램스울 롤업 브이넥 니트 버건디,0.0,0,84650,84650,84650,0,0,0.0,100.0,1,high,24.01,6,2,none,,27,https://www.musinsa.com/products/7128731
2026-09-02,데꼬로소,7130715,믹스 리브드 라운드 가디건 [차콜],0.0,0,50760,50760,50760,0,0,0.0,100.0,1,high,24.02,7,2,none,,27,https://www.musinsa.com/products/7130715
2026-09-02,비바라비다,7132635,Amulet 와이드 스웻 팬츠,0.0,0,76900,76900,76900,0,0,0.0,100.0,1,high,24.09,7,2,none,,27,https://www.musinsa.com/products/7132635
2026-09-02,더바이닐하우스,7134235,DRAPED LAYERED LS TEE(W) PURPLE,0.0,0,65550,65550,65550,0,0,0.0,100.0,1,high,24.01,6,2,none,,27,https://www.musinsa.com/products/7134235
2026-09-02,하 아카이브,7140187,[WITH 유카이브] 브리오슈 나일론 크로스백 (블랙),0.0,0,62100,62100,62100,0,0,0.0,100.0,1,high,24.65,5,2,none,,27,https://www.musinsa.com/products/7140187
2026-09-02,프리즘웍스,7147419,UTILITY FLAP POCKET DENIM WORK SHIRT _ BLACK,0.0,0,109000,109000,109000,0,0,0.0,100.0,1,high,24.09,6,2,none,,27,https://www.musinsa.com/products/7147419
2026-09-02,커버낫,7147995,루즈 스트레이트 카고 워크 팬츠 블랙,0.0,0,116430,116430,116430,0,0,0.0,100.0,1,high,24.01,4,2,none,,27,https://www.musinsa.com/products/7147995
2026-09-02,브룩스 브라더스,7158619,[여성] 울 케이블 하프집업 (네이비) (BBWZWBG406),0.0,0,299000,299000,299000,0,0,0.0,100.0,1,high,24.02,7,2,none,,27,https://www.musinsa.com/products/7158619
2026-09-02,탄산마그네슘,7160987,초롱초롱 스터드 토트백 (블랙),0.0,0,128440,128440,128440,0,0,0.0,100.0,1,high,24.0,5,2,none,,27,https://www.musinsa.com/products/7160987
2026-09-02,더블유엠씨,7161371,커브드 스웨트팬츠_NAVY,0.0,0,47200,47200,47200,0,0,0.0,100.0,1,high,24.02,6,2,none,,27,https://www.musinsa.com/products/7161371
2026-09-02,워크온바디오프,7166427,라누고 세미 오버핏 브러쉬 라운드넥 니트 [블랙],0.0,0,41310,41310,41310,0,0,0.0,100.0,1,high,24.01,5,2,none,,27,https://www.musinsa.com/products/7166427
2026-09-02,노매뉴얼,7180187,DESTROYED KNIT ZIP-UP - KHAKI,0.0,0,129200,129200,129200,0,0,0.0,100.0,1,high,24.65,4,2,none,,27,https://www.musinsa.com/products/7180187
2026-09-02,노매뉴얼,7180315,EMBROIDERED TRIBAL TRACK TOP - NAVY,0.0,0,124450,124450,124450,0,0,0.0,100.0,1,high,24.65,4,2,none,,27,https://www.musinsa.com/products/7180315
2026-09-02,탄산마그네슘,7186267,스타 스트라이프 니트 스카프 (블랙/퍼플),0.0,0,44840,44840,44840,0,0,0.0,100.0,1,high,24.0,5,2,none,,27,https://www.musinsa.com/products/7186267
2026-09-02,더니트컴퍼니,7193947,(M) 울 부클레 스웨터 4color,0.0,0,169000,169000,169000,0,0,0.0,100.0,1,high,25.36,5,2,none,,27,https://www.musinsa.com/products/7193947
2026-09-02,언더오프,7207515,투웨이 크롭 후드 집업 세븐유니콘 블랙,0.0,0,49900,49900,,0,,,58.96,0,low,23.98,5,1,none,,27,https://www.musinsa.com/products/7207515
2026-09-03,드로우핏,407067,릴렉스드 미니멀 라운드 티셔츠 [WHITE],0.0,0,29250,29250,29250,0,0,0.0,81.24,0,low,25.11,16,1,none,,27,https://www.musinsa.com/products/407067
2026-09-03,프리즘웍스,621275,10S SOLID HENLEY NECK TEE _ GRAY,0.0,0,34200,34200,34200,0,0,0.0,100.0,1,high,24.02,7,3,none,,27,https://www.musinsa.com/products/621275
2026-09-03,데비웨어,980123,Edge Croptee DEVI-T0010-블랙,0.0,0,33250,33250,,0,,,10.15,0,low,7.07,2,1,none,,27,https://www.musinsa.com/products/980123
2026-09-03,프리즘웍스,983195,CARGO STRING PANTS _ OLIVE,0.02,942,55800,55800,55800,0,0,0.0,100.0,1,high,24.02,7,3,none,,27,https://www.musinsa.com/products/983195
2026-09-03,어텐션로우,1021595,위드로고 스틸 가로 브로치 (실버),0.0,0,9000,9000,,0,,,27.97,0,low,10.31,3,1,none,,27,https://www.musinsa.com/products/1021595
2026-09-03,카네이테이,1061851,TIGER FLAT POUCH M (OLIVE DRAB) / UPCYCLED,0.0,0,49000,49000,49000,0,0,0.0,100.0,1,high,23.98,6,3,none,,27,https://www.musinsa.com/products/1061851
2026-09-03,엘무드,1139099,화란 세미오버 니트 모카 베이지,0.0,0,44900,44900,44900,0,0,0.0,100.0,1,high,24.2,5,2,none,,27,https://www.musinsa.com/products/1139099
2026-09-03,제멋,1242459,제이윈 덤블 기모후드 다크네이비 (KHHD0748),0.0,0,34900,34900,34900,0,0,0.0,98.31,0,low,15.93,6,2,none,,27,https://www.musinsa.com/products/1242459
2026-09-03,엠엘비,1296603,[카리나 착용] 에이스 언스트럭쳐 볼캡 NY (Grey),0.0,0,32400,32400,,0,,,27.96,0,low,10.31,3,1,none,,27,https://www.musinsa.com/products/1296603
2026-09-03,맥우드건,1334555,페이트로 7601 세미와이드핏 크림 데님팬츠,0.0,0,41700,41700,,0,,,31.94,0,low,8.29,4,1,none,,27,https://www.musinsa.com/products/1334555
2026-09-03,브론슨,1437851,10.5 oz USA Cotton Tubular Gusset Tee Black,0.0,0,35700,35700,35700,0,0,0.0,71.76,0,low,9.53,15,4,none,,27,https://www.musinsa.com/products/1437851
2026-09-03,하 아카이브,1453531,블랙 나일론 아이패드백,0.0,0,49390,49390,49390,0,0,0.0,89.86,0,low,24.18,9,1,none,,27,https://www.musinsa.com/products/1453531
2026-09-03,그레이버,1473435,[UNISEX]도트 서핑 보드 반팔티_블랙,0.0,0,29960,29960,,0,,,31.94,0,low,8.29,4,1,none,,27,https://www.musinsa.com/products/1473435
2026-09-03,가까이유니언즈,1553371,와이드 스웨트팬츠 그레이,0.0,0,37100,37100,37100,0,0,0.0,100.0,1,high,9.66,11,7,none,,27,https://www.musinsa.com/products/1553371
2026-09-03,어텐션로우,1564827,인사인스 라이너 오버핏 맨투맨 (다크그레이),0.0,0,19900,19900,,0,,,27.96,0,low,10.31,3,1,none,,27,https://www.musinsa.com/products/1564827
2026-09-03,모즈모즈,1592475,피그먼트 유령자수 트레이닝 빅사이즈 조거팬츠 챠콜,4.03,116839,28969,9900,33900,1,-24000,-70.8,100.0,1,medium,24.0,7,2,none,,27,https://www.musinsa.com/products/1592475
2026-09-03,파르티멘토,1593755,레더 필드 자켓 블랙,0.0,0,94700,94700,94700,0,0,0.0,100.0,1,high,10.75,22,5,none,,27,https://www.musinsa.com/products/1593755
2026-09-03,러브이즈트루,1594011,PO NORMAL PIN(SILVER),0.0,0,22100,22100,22100,0,0,0.0,60.45,0,low,24.0,6,2,none,,27,https://www.musinsa.com/products/1594011
2026-09-03,제멋,1617883,카디 오버핏 MA-1 자켓 블랙 YHJK2319,1.0,79800,79800,79800,79800,0,0,0.0,100.0,1,high,24.02,7,3,none,,27,https://www.musinsa.com/products/1617883
2026-09-03,어반드레스,1620635,유니섹스 데이즈 오버핏 체크셔츠-블랙,0.0,0,27000,27000,27000,0,0,0.0,100.0,1,high,24.02,7,3,none,,27,https://www.musinsa.com/products/1620635
2026-09-03,미나브,1651803,울리치 히든 싱글 롱 체크 코트 [포레스트그린],0.0,0,89100,89100,89100,0,0,0.0,100.0,1,high,23.99,7,3,none,,27,https://www.musinsa.com/products/1651803
2026-09-03,그레이버,1694363,[UNISEX]엘보우 스마일 썬더 맨투맨_네이비,0.0,0,46900,46900,,0,,,31.92,0,low,8.29,4,1,none,,27,https://www.musinsa.com/products/1694363
2026-09-03,노이어,1702427,오버핏 후드 더플 코트 (블랙),0.0,0,310000,310000,310000,0,0,0.0,100.0,1,high,24.02,7,3,none,,27,https://www.musinsa.com/products/1702427
2026-09-03,제멋,1733275,로그 오버핏 기모 후드 다크그레이 YHHD2302,0.0,0,39800,39800,39800,0,0,0.0,100.0,1,high,24.02,7,3,none,,27,https://www.musinsa.com/products/1733275
2026-09-03,데비웨어,1734491,Edge Croptee DEVI-T0010-에쉬그레이,0.0,0,33250,33250,,0,,,10.13,0,low,7.07,2,1,none,,27,https://www.musinsa.com/products/1734491
2026-09-03,그레이버,1774683,[UNISEX]엘보우 OF 드로잉 플라워 맨투맨_블랙,0.0,0,46900,46900,,0,,,31.91,0,low,8.29,4,1,none,,27,https://www.musinsa.com/products/1774683
2026-09-03,토피,1778523,모어 와이드 데님 팬츠 (BLEACH),0.79,31017,39200,39200,39200,0,0,0.0,100.0,1,high,23.98,7,3,none,,27,https://www.musinsa.com/products/1778523
2026-09-03,미니멀프로젝트,1781595,피그먼트 워시드 오버핏 롱 슬리브 티셔츠 MLT105 [KHAKI],0.0,0,22800,22800,,0,,,27.95,0,low,10.31,3,1,none,,27,https://www.musinsa.com/products/1781595
2026-09-03,그레이버,1785051,[UNISEX]제임스 스마일 레드폰트 맨투맨_블랙,0.0,0,47600,47600,,0,,,31.91,0,low,8.29,4,1,none,,27,https://www.musinsa.com/products/1785051
2026-09-03,그레이버,1797915,[UNISEX]하트 스네이크 하프 스마일 맨투맨_코발트블루,0.0,0,46900,46900,,0,,,31.9,0,low,8.29,4,1,none,,27,https://www.musinsa.com/products/1797915
2026-09-03,프리즘웍스,1811227,OG OXFORD OVERSIZED SHIRT _ BLUE,0.0,0,61200,61200,61200,0,0,0.0,100.0,1,high,24.02,7,3,none,,27,https://www.musinsa.com/products/1811227
2026-09-03,시야쥬,1824731,SIPT7022 One Tuck Side Banding Slacks_Black,0.0,0,72090,72090,72090,0,0,0.0,100.0,1,high,24.21,5,2,none,,27,https://www.musinsa.com/products/1824731
2026-09-03,데비웨어,1846491,코지 긴팔 티셔츠 DEVI-T0053-핑크,0.0,0,24700,24700,,0,,,10.13,0,low,7.07,2,1,none,,27,https://www.musinsa.com/products/1846491
2026-09-03,메인부스,1874843,University Skirt(CREAM),0.0,0,17400,17400,17400,0,0,0.0,81.26,0,low,25.12,4,1,none,,27,https://www.musinsa.com/products/1874843
2026-09-03,가까이유니언즈,1902619,베이거스 반팔 티셔츠 블랙,0.0,0,27300,27300,27300,0,0,0.0,100.0,1,high,24.0,6,2,none,,27,https://www.musinsa.com/products/1902619
2026-09-03,메인부스,1927579,[MNBTH x Where is Wally] Class Package,0.0,0,19900,19900,19900,0,0,0.0,81.27,0,low,25.12,4,1,none,,27,https://www.musinsa.com/products/1927579
2026-09-03,데비웨어,1960347,여성 요가복 DEVI-TS0024-딥핑크 필라테스 엣지크롭 슬리브리스 나시,0.0,0,33250,33250,,0,,,10.12,0,low,7.07,2,1,none,,27,https://www.musinsa.com/products/1960347
2026-09-03,도프제이슨,1964699,로고 스퀘어 하드레더 벨트,0.52,16682,32300,32300,32300,0,0,0.0,60.46,0,low,24.0,6,2,none,,27,https://www.musinsa.com/products/1964699
2026-09-03,어텐션로우,1977499,21S5M012 프론트 스티치 엠브로이더리 세미 오버핏 반팔 티셔츠 (민트),0.0,0,20250,20250,,0,,,27.94,0,low,10.31,3,1,none,,27,https://www.musinsa.com/products/1977499
2026-09-03,그레이버,1997211,[UNISEX]퍼플 플라워도트 자수 피케 반팔티셔츠_블랙,0.0,0,37800,37800,,0,,,31.89,0,low,8.29,4,1,none,,27,https://www.musinsa.com/products/1997211
2026-09-03,코드그라피,2037467,CGP 아치 로고 후디_그린,0.0,0,48300,48300,48300,0,0,0.0,81.27,0,low,25.12,4,1,none,,27,https://www.musinsa.com/products/2037467
2026-09-03,코드그라피,2037723,CGP 아치 로고 트레이닝 팬츠_네이비,0.0,0,41300,41300,41300,0,0,0.0,81.27,0,low,25.12,4,1,none,,27,https://www.musinsa.com/products/2037723
2026-09-03,트래블,2053531,트래블러 버튼 아노락 그레이,0.0,0,41400,41400,41400,0,0,0.0,100.0,1,high,23.99,7,3,none,,27,https://www.musinsa.com/products/2053531
2026-09-03,브랜디드,2072091,[WOMAN] 104 LUCY JEANS [CROP STRAIGHT],0.0,0,44100,44100,44100,0,0,0.0,81.27,0,low,25.12,4,1,none,,27,https://www.musinsa.com/products/2072091
2026-09-03,피아네르,2081435,에센셜 오버핏 맨투맨 (oatmeal),0.0,0,23310,23310,,0,,,10.1,0,low,7.07,2,1,none,,27,https://www.musinsa.com/products/2081435
2026-09-03,제멋,2101659,스콘(F/W용) 와이드 벌룬팬츠 카키 YHLP2386,1.92,76545,39800,39800,39800,0,0,0.0,100.0,1,high,24.02,7,3,none,,27,https://www.musinsa.com/products/2101659
2026-09-03,그레이버,2115355,[UNISEX]리버스 스마일 드로잉 맨투맨_블랙(화이트 프린트),0.0,0,46900,46900,,0,,,31.87,0,low,8.29,4,1,none,,27,https://www.musinsa.com/products/2115355
2026-09-03,비디알,2116891,COZY HENLYNECK LONG SLEEVE [Black],0.0,0,65550,65550,,0,,,10.1,0,low,7.07,2,1,none,,27,https://www.musinsa.com/products/2116891
2026-09-03,그레이버,2141723,[UNISEX]퍼플 플라워 스마일 자수 맨투맨_그레이,0.0,0,46900,46900,,0,,,31.87,0,low,8.29,4,1,none,,27,https://www.musinsa.com/products/2141723
2026-09-03,어반드레스,2189851,STRAIGHT WIDE DENIM PANTS BLUE,0.92,25847,28010,28010,28010,0,0,0.0,100.0,1,high,24.02,7,3,none,,27,https://www.musinsa.com/products/2189851
2026-09-03,트립르센스,2258843,유니섹스 플리스 다잉 카라 니트_브라운,0.0,0,54500,54500,54500,0,0,0.0,60.47,0,low,24.0,6,2,none,,27,https://www.musinsa.com/products/2258843
2026-09-03,어텐션로우,2292635,크롭 후드 티셔츠 (베이지),0.0,0,46000,46000,,0,,,27.93,0,low,10.31,3,1,none,,27,https://www.musinsa.com/products/2292635
2026-09-03,어반드레스,2303643,Divided training pants BLACK,0.0,0,20400,20400,20400,0,0,0.0,100.0,1,high,24.02,7,3,none,,27,https://www.musinsa.com/products/2303643
2026-09-03,데비웨어,2311643,에어핏 카라 크롭 숏슬리브 DEVI-T0075-딥그린,0.0,0,37050,37050,,0,,,10.07,0,low,7.07,2,1,none,,27,https://www.musinsa.com/products/2311643
2026-09-03,지프,2317275,럭비 맨투맨 (JP5TSU824MG),0.0,0,30990,30990,,0,,,31.85,0,low,8.29,4,1,none,,27,https://www.musinsa.com/products/2317275
2026-09-03,오픈야드(오와이),2320923,체크 로고 리버시블 자켓-블랙,0.0,0,99000,99000,,0,,,25.35,0,low,12.69,3,1,none,,27,https://www.musinsa.com/products/2320923
2026-09-03,퍼스텝,2369755,마운트업 헤비 후드집업 검정 JUHD4468,0.0,0,46900,46900,,0,,,10.06,0,low,7.07,2,1,none,,27,https://www.musinsa.com/products/2369755
2026-09-03,비디알,2371227,Lot 110 Black Cavalry,0.0,0,152100,152100,,0,,,10.06,0,low,7.07,2,1,none,,27,https://www.musinsa.com/products/2371227
2026-09-03,모즈모즈,2379355,스퀘어자수 기능성 반집업 후드 버건디,0.0,0,18760,18760,18760,0,0,0.0,64.11,0,low,24.0,4,1,none,,27,https://www.musinsa.com/products/2379355
2026-09-03,모즈모즈,2379675,센터자수 백라벨 기능성 아노락 블랙,0.0,0,17560,17560,17560,0,0,0.0,64.11,0,low,24.0,4,1,none,,27,https://www.musinsa.com/products/2379675
2026-09-03,프리즘웍스,2387355,OG HEAVYWEIGHT HOOD ZIPUP PARKA _ NAVY,0.0,0,80100,80100,80100,0,0,0.0,100.0,1,high,24.02,7,3,none,,27,https://www.musinsa.com/products/2387355
2026-09-03,테이크이지,2408603,자이언트핏 피케티셔츠(화이트),0.0,0,24500,24500,24500,0,0,0.0,60.86,0,low,24.21,5,1,none,,27,https://www.musinsa.com/products/2408603
2026-09-03,미니멀프로젝트,2412763,스테디 우븐 집업 자켓 MJK109 / 5COLOR,0.0,0,79800,79800,,0,,,27.92,0,low,10.31,3,1,none,,27,https://www.musinsa.com/products/2412763
2026-09-03,드로우핏,2422235,밴딩 테이퍼드 슬랙스 [BLACK],3.69,183703,49800,49800,49800,0,0,0.0,100.0,1,low,9.06,17,6,none,,27,https://www.musinsa.com/products/2422235
2026-09-03,링서울,2433179,cable cotton blended knit vest-navy,0.0,0,55080,55080,61970,1,-6890,-11.12,60.49,0,low,24.0,6,2,none,,27,https://www.musinsa.com/products/2433179
2026-09-03,언노운플라넷,2436443,데일리 쇼츠 다잉팬츠,0.0,0,42000,42000,,0,,,10.06,0,low,7.07,2,1,none,,27,https://www.musinsa.com/products/2436443
2026-09-03,어반드레스,2437275,나나 오버핏 체크셔츠 블루,0.0,0,31200,31200,31200,0,0,0.0,100.0,1,high,24.02,7,3,none,,27,https://www.musinsa.com/products/2437275
2026-09-03,프렌다,2461851,PCF SHORTS GRAY,0.0,0,19600,19600,24500,1,-4900,-20.0,100.0,1,medium,23.99,7,3,none,,27,https://www.musinsa.com/products/2461851
2026-09-03,그레이버,2469147,[UNISEX]플라워 베어 자수 피케 반팔티셔츠_화이트,61.76,409498,6630,6630,,0,,,31.83,0,low,8.29,6,1,none,67,27,https://www.musinsa.com/products/2469147
2026-09-03,던스트,2491931,[슈멍 pick] CLASSIC 28 LEATHER BAG_UDBA6F201_BLACK,0.0,0,159200,159200,199000,1,-39800,-20.0,60.49,0,low,24.0,6,2,none,,27,https://www.musinsa.com/products/2491931
2026-09-03,원헌드레드퍼센트,2508507,OHP X NORRIS b6720 no.2 오버사이즈 반팔티W,0.0,0,25200,25200,,0,,,10.05,0,low,7.07,2,1,none,,27,https://www.musinsa.com/products/2508507
2026-09-03,원헌드레드퍼센트,2540379,OHP X BJ.KO b트로이 오버사이즈 반팔티W,0.0,0,34200,34200,,0,,,10.04,0,low,7.07,2,1,none,,27,https://www.musinsa.com/products/2540379
2026-09-03,디앤에스알,2572827,딥 포턱 플로우 밴딩 팬츠 블랙,0.0,0,84000,84000,84000,0,0,0.0,64.12,0,low,24.0,4,1,none,,27,https://www.musinsa.com/products/2572827
2026-09-03,카네이테이,2576347,SAWTOOTH SNAP WRIST STRAP (ORANGE),0.0,0,11400,11400,11400,0,0,0.0,100.0,1,high,23.98,6,3,none,,27,https://www.musinsa.com/products/2576347
2026-09-03,어반드레스,2583579,쿨링 데님 와이드 팬츠 - 3COL,0.0,0,19600,19600,19600,0,0,0.0,1.74,0,low,4.72,10,1,none,,27,https://www.musinsa.com/products/2583579
2026-09-03,데비웨어,2592219,웨던 데일리 숏 슬리브 DEVI-T0084-화이트,0.0,0,33250,33250,,0,,,10.03,0,low,7.07,2,1,none,,27,https://www.musinsa.com/products/2592219
2026-09-03,링서울,2593051,"[기장선택] sleeveless stripe dress-(medium, long)",0.0,0,28080,28080,31590,1,-3510,-11.11,60.5,0,low,24.0,6,2,none,,27,https://www.musinsa.com/products/2593051
2026-09-03,솔트앤초콜릿,2599771,[스웨이드 ver.추가] 포인티드 토 웨스턴 롱부츠 412148003 (6cm/3colors),0.0,0,71400,71400,71400,0,0,0.0,100.0,1,high,23.98,6,3,none,,27,https://www.musinsa.com/products/2599771
2026-09-03,솔트앤초콜릿,2625563,스퀘어 토 쪼리 스트랩 슬리퍼 412223022 (1.2cm/2colors),0.0,0,37920,37920,37920,0,0,0.0,100.0,1,high,23.98,6,3,none,,27,https://www.musinsa.com/products/2625563
2026-09-03,꼼파뇨,2628187,[20수] DTP Peony bloom 반팔티 화이트,0.0,0,32500,32500,32500,0,0,0.0,89.97,0,low,24.2,4,1,none,,27,https://www.musinsa.com/products/2628187
2026-09-03,유라고,2628955,Waffle half t-shirt,0.0,0,26600,26600,26600,0,0,0.0,64.12,0,low,24.0,4,1,none,,27,https://www.musinsa.com/products/2628955
2026-09-03,그레이버,2636507,[UNISEX]빅 G플라워 스마일 반팔티_블랙,0.0,0,32200,32200,,0,,,31.8,0,low,8.29,4,1,none,,27,https://www.musinsa.com/products/2636507
2026-09-03,그레이버,2636571,[UNISEX]스몰 G플라워 스마일 반팔티_네이비,0.0,0,29960,29960,,0,,,31.8,0,low,8.29,4,1,none,,27,https://www.musinsa.com/products/2636571
2026-09-03,퍼스텝,2637339,파인더 반팔 7종 JUST4509,0.0,0,20800,20800,,0,,,10.03,0,low,7.07,2,1,none,,27,https://www.musinsa.com/products/2637339
2026-09-03,하이스쿨디스코,2641883,Waist point pants_Lavender gray,0.0,0,39500,39500,,0,,,31.8,0,low,8.29,4,1,none,,27,https://www.musinsa.com/products/2641883
2026-09-03,세릭,2666651,LIGHT COLORING PANTS / BEIGE,0.0,0,118300,118300,,0,,,10.02,0,low,7.07,2,1,none,,27,https://www.musinsa.com/products/2666651
2026-09-03,밈더워드로브,2668827,몬타 크랙 레더 메신저백_블랙,0.0,0,95200,95200,,0,,,18.69,0,low,6.3,2,1,none,,27,https://www.musinsa.com/products/2668827
2026-09-03,테이크이지,2680731,메리노울 페어아일 베스트(베이지),0.0,0,39900,39900,39900,0,0,0.0,100.0,1,low,24.22,5,2,none,,27,https://www.musinsa.com/products/2680731
2026-09-03,코드그라피,2681307,(우먼) CDGP 트레이닝 팬츠_오트밀,0.0,0,34300,34300,34300,0,0,0.0,81.31,0,low,25.12,4,1,none,,27,https://www.musinsa.com/products/2681307
2026-09-03,베이직하우스,2708123,UNI 그래픽 기모 맨투맨 멜란지베이지 LWTS7151,0.0,0,19900,19900,,0,,,31.8,0,low,8.29,4,1,none,,27,https://www.musinsa.com/products/2708123
2026-09-03,오픈야드(오와이),2708699,스텐실 로고 자켓-화이트,0.0,0,55600,55600,,0,,,25.33,0,low,12.69,3,1,none,,27,https://www.musinsa.com/products/2708699
2026-09-03,마하그리드,2711003,MICRO FLEECE JACKET IVORY(MG2CFMB960A),0.0,0,39500,39500,,0,,,25.33,0,low,12.69,3,1,none,,27,https://www.musinsa.com/products/2711003
2026-09-03,어반드레스,2711515,AV LOGO BASIC LONG SLEEVE T-SHIRT BLACK,0.0,0,20800,20800,20800,0,0,0.0,100.0,1,high,24.02,7,3,none,,27,https://www.musinsa.com/products/2711515
2026-09-03,어반드레스,2711963,UNISEX AV OVERSIZED MTM - 3COL,0.0,0,39000,39000,39000,0,0,0.0,100.0,1,high,24.02,7,3,none,,27,https://www.musinsa.com/products/2711963
2026-09-03,데케트,2723035,Arvind Selvage Regular Straight Jeans DCPT016RawIndigo,0.0,0,59500,59500,59500,0,0,0.0,89.98,0,low,24.2,4,1,none,,27,https://www.musinsa.com/products/2723035
2026-09-03,아메스월드와이드,2723355,BASIC LOGO BALL CAP GREEN,0.0,0,28080,28080,28080,0,0,0.0,100.0,1,high,24.2,5,2,none,,27,https://www.musinsa.com/products/2723355
2026-09-03,매스노운,2740827,디지털 드러그 롱 슬리브 긴팔티 MFTLS003-WT,0.0,0,34500,34500,,0,,,18.68,0,low,6.3,2,1,none,,27,https://www.musinsa.com/products/2740827
2026-09-03,코드그라피,2744539,[PRIMALOFT] 몬스터 롱파카_카키,0.0,0,128800,128800,128800,0,0,0.0,81.32,0,low,25.12,4,1,none,,27,https://www.musinsa.com/products/2744539
2026-09-03,세컨모놀로그,2748059,Heavyweight Cable Crew Neck Knit [GRAY]_COOSKT040GRAY,0.0,0,51600,51600,51600,0,0,0.0,100.0,1,high,24.22,5,2,none,,27,https://www.musinsa.com/products/2748059
2026-09-03,그레이버,2754267,[UNISEX]트윈 플라워 스마일 맨투맨_블랙,0.0,0,46900,46900,,0,,,31.78,0,low,8.29,4,1,none,,27,https://www.musinsa.com/products/2754267
2026-09-03,하이스쿨디스코,2754715,STAR RIVET VEGAN LEATHER SKIRT_PURPLE,0.0,0,29500,29500,,0,,,31.79,0,low,8.29,4,1,none,,27,https://www.musinsa.com/products/2754715
2026-09-03,디키즈,2760731,플리스 릴렉스드 후드 티셔츠 White,0.0,0,37500,37500,,0,,,18.67,0,low,6.3,2,1,none,,27,https://www.musinsa.com/products/2760731
2026-09-03,넌블랭크,2778395,그라데이션 라운드 니트_OLIVE BROWN,0.0,0,71920,71920,71920,0,0,0.0,60.52,0,low,24.0,6,2,none,,27,https://www.musinsa.com/products/2778395
2026-09-03,키르시,2780699,두들 체리 컷 오프 스웻 팬츠 [멜란지 그레이],0.0,0,20000,20000,20000,0,0,0.0,100.0,1,high,24.22,5,2,none,,27,https://www.musinsa.com/products/2780699
2026-09-03,언노운플라넷,2789275,UP-325 크롭 집업후드 블랙,0.0,0,56100,56100,,0,,,10.01,0,low,7.07,2,1,none,,27,https://www.musinsa.com/products/2789275
2026-09-03,인템포무드,2792859,오블리크 라인 메리노 울 풀 집업_코발트블루,0.0,0,56400,56400,56400,0,0,0.0,100.0,1,high,24.22,5,2,none,,27,https://www.musinsa.com/products/2792859
2026-09-03,라이프워크,2802587,메탈 라독 벨벳 볼캡,0.0,0,29000,29000,,0,,,31.78,0,low,8.29,4,1,none,,27,https://www.musinsa.com/products/2802587
2026-09-03,디키즈,2811995,플리스 OX 칼라 로고 릴렉스드 크루넥 Ashley Blue,0.0,0,27600,27600,,0,,,18.67,0,low,6.3,2,1,none,,27,https://www.musinsa.com/products/2811995
2026-09-03,지프,2818715,[기모]럭비 맨투맨 (JP5TSU724NA),0.0,0,58900,58900,,0,,,31.77,0,low,8.29,4,1,none,,27,https://www.musinsa.com/products/2818715
2026-09-03,라이프워크,2821339,코인 와펜 맨투맨,0.0,0,49000,49000,,0,,,31.77,0,low,8.29,4,1,none,,27,https://www.musinsa.com/products/2821339
2026-09-03,비디알,2830171,VIRGIN WOOL NAVY ORIGINAL COAT [Black Night],0.0,0,567000,567000,,0,,,10.0,0,low,7.07,2,1,none,,27,https://www.musinsa.com/products/2830171
2026-09-03,키뮤어,2834587,오버핏 2-WAY 더플 롱패딩_블랙,0.0,0,118300,118300,118300,0,0,0.0,100.0,1,high,24.02,7,3,none,,27,https://www.musinsa.com/products/2834587
2026-09-03,세터,2836187,누오로 3-Way 백 글로시 블랙,0.0,0,249000,249000,249000,0,0,0.0,64.14,0,low,24.0,4,1,none,,27,https://www.musinsa.com/products/2836187
2026-09-03,매스노운,2846491,미라지 오버핏 헤비 맨투맨 티셔츠 MFTCR004-BK,0.0,0,41000,41000,,0,,,18.66,0,low,6.3,2,1,none,,27,https://www.musinsa.com/products/2846491
2026-09-03,노이어,2851099,코튼 플리츠 포켓 팬츠 (카키),0.0,0,67500,67500,67500,0,0,0.0,100.0,1,high,24.02,7,3,none,,27,https://www.musinsa.com/products/2851099
2026-09-03,슈퍼서브,2855195,테니스 하프 집업 조거 세트 -라이트그레이,0.0,0,67900,67900,67900,0,0,0.0,81.34,0,low,25.12,4,1,none,,27,https://www.musinsa.com/products/2855195
2026-09-03,어반드레스,2886235,비즈 루즈핏 니트 - 6col,0.0,0,29500,29500,29500,0,0,0.0,100.0,1,high,24.02,7,3,none,,27,https://www.musinsa.com/products/2886235
2026-09-03,그레이버,2888219,[UNISEX]플라워 베어 자수 스마일 후드티_블랙,0.0,0,56000,56000,,0,,,31.75,0,low,8.29,4,1,none,,27,https://www.musinsa.com/products/2888219
2026-09-03,그레이버,2927643,[UNISEX]플라워도트 자수 볼드 체크 머플러_베이지,0.0,0,14700,14700,,0,,,31.75,0,low,8.29,4,1,none,,27,https://www.musinsa.com/products/2927643
2026-09-03,솔트앤초콜릿,2930139,SAC 로고 네츄럴 베이직 데님 스커트 4W223Z101,0.0,0,39760,39760,39760,0,0,0.0,100.0,1,high,23.98,6,3,none,,27,https://www.musinsa.com/products/2930139
2026-09-03,시눈,2933275,CORDUROY WIDE PANTS (VINTAGE PINK),0.0,0,42660,42660,42660,0,0,0.0,64.14,0,low,24.0,4,1,none,,27,https://www.musinsa.com/products/2933275
2026-09-03,누아트스튜디오,2943771,[SPRING 002] 아이폰/갤럭시 지오메트릭 컬렉션 디자인 하드케이스,0.0,0,20000,20000,,0,,,18.65,0,low,5.15,4,1,none,,27,https://www.musinsa.com/products/2943771
2026-09-03,원헌드레드퍼센트,2956251,OHP X GOODD b스케치 시리즈 NO.2 기모 후드,0.0,0,57500,57500,,0,,,9.99,0,low,7.07,2,1,none,,27,https://www.musinsa.com/products/2956251
2026-09-03,데비웨어,2971419,컴포터블 부츠컷 팬츠 DEVI-B0060-블랙,0.0,0,42750,42750,,0,,,9.98,0,low,7.07,2,1,none,,27,https://www.musinsa.com/products/2971419
2026-09-03,라이프워크,2972059,스탠딩 라독 버킷햇,0.0,0,49000,49000,,0,,,31.74,0,low,8.29,4,1,none,,27,https://www.musinsa.com/products/2972059
2026-09-03,원헌드레드퍼센트,2981403,OHP X CUBMENT 커브로드 기모 맨투맨,0.0,0,54000,54000,,0,,,9.98,0,low,7.07,2,1,none,,27,https://www.musinsa.com/products/2981403
2026-09-03,키르시,3004891,두들 체리 스티치 우븐 조거 팬츠 [블랙],0.0,0,29700,29700,29700,0,0,0.0,100.0,1,high,24.22,5,2,none,,27,https://www.musinsa.com/products/3004891
2026-09-03,더블유엠씨,3011611,클래식로고 롱슬리브_NAVY,0.0,0,19600,19600,19600,0,0,0.0,60.53,0,low,24.0,6,2,none,,27,https://www.musinsa.com/products/3011611
2026-09-03,트래블,3012571,워크샵 디비전 피그먼트 후드티 다크 블루,0.0,0,40290,40290,40290,0,0,0.0,100.0,1,high,23.99,7,3,none,,27,https://www.musinsa.com/products/3012571
2026-09-03,베이직하우스,3018459,UNI 60수 오버핏 반팔셔츠 스카이블루 LXWS3101,0.0,0,29900,29900,,0,,,31.73,0,low,8.29,4,1,none,,27,https://www.musinsa.com/products/3018459
2026-09-03,엘무드,3019675,메탈릭 더블 메쉬 보머 자켓 그레이,0.0,0,89200,89200,89200,0,0,0.0,100.0,1,high,24.22,5,2,none,,27,https://www.musinsa.com/products/3019675
2026-09-03,가까이유니언즈,3025115,더블 핀턱 와이드 스웨트팬츠 화이트 멜란지,0.0,0,41600,41600,41600,0,0,0.0,100.0,1,high,24.0,6,2,none,,27,https://www.musinsa.com/products/3025115
2026-09-03,솔트앤초콜릿,3033947,스퀘어 토 메리제인 펌프스 412311003 (6cm/3color),0.0,0,53400,53400,53400,0,0,0.0,100.0,1,high,23.98,6,3,none,,27,https://www.musinsa.com/products/3033947
2026-09-03,알리스,3037915,오블리크 패널 스웻 팬츠 [블랙],0.0,0,72000,72000,72000,0,0,0.0,90.03,0,low,24.21,4,1,none,,27,https://www.musinsa.com/products/3037915
2026-09-03,니티드,3039323,코튼 버튼 카라 니트 MINT,0.0,0,38800,38800,38800,0,0,0.0,81.36,0,low,25.13,4,1,none,,27,https://www.musinsa.com/products/3039323
2026-09-03,제멋,3039451,리퀴드 와이드 벌룬 데님팬츠 웨스턴블루 SOLP2460,0.0,0,53900,53900,53900,0,0,0.0,100.0,1,high,24.02,7,3,none,,27,https://www.musinsa.com/products/3039451
2026-09-03,엠엠엘지,3039643,[Mmlg] PLAY KNIT VEST (PINK),0.0,0,64400,64400,,0,,,31.72,0,low,8.29,4,1,none,,27,https://www.musinsa.com/products/3039643
2026-09-03,로라로라,3046363,ROLA V NECK CABLE KNIT BEIGE,0.0,0,45000,45000,,0,,,27.87,0,low,10.31,3,1,none,,27,https://www.musinsa.com/products/3046363
2026-09-03,키르시,3047707,체리 코튼 후드 자켓 [네이비],0.0,0,75600,75600,75600,0,0,0.0,100.0,1,high,24.23,5,2,none,,27,https://www.musinsa.com/products/3047707
2026-09-03,매스노운,3049563,라운드 그래피티 헤비 오버핏 맨투맨 티셔츠 MSHCR001-SK,0.0,0,43500,43500,,0,,,18.63,0,low,6.29,2,1,none,,27,https://www.musinsa.com/products/3049563
2026-09-03,나이스고스트클럽,3051099,SKULL CAP_NAVY(NG2DSUAB22A),0.0,0,15600,15600,15600,0,0,0.0,60.54,0,low,24.0,6,2,none,,27,https://www.musinsa.com/products/3051099
2026-09-03,드로우핏,3052059,오버사이즈 벌룬 피케 스웨트 셔츠 [BRICK],0.0,0,49500,49500,49500,0,0,0.0,81.38,0,low,25.13,4,1,none,,27,https://www.musinsa.com/products/3052059
2026-09-03,어반스터프,3065371,버블 로고 후디 (네이비),0.92,57767,62900,62900,,0,,,31.72,0,low,8.29,4,1,none,1,27,https://www.musinsa.com/products/3065371
2026-09-03,엘엠씨,3066203,FLOWER OVAL SWEATSHIRT light heather gray,0.0,0,44500,44500,,0,,,18.62,0,low,6.29,2,1,none,,27,https://www.musinsa.com/products/3066203
2026-09-03,도프제이슨,3070491,빈티지 하드레더 벨트 BROWN,5.39,302177,56050,56050,56050,0,0,0.0,100.0,1,high,8.12,20,8,none,,27,https://www.musinsa.com/products/3070491
2026-09-03,슬로우애시드,3074267,3라인 스타 로고 나일론 볼캡 [라이트핑크],0.0,0,21000,21000,21000,0,0,0.0,81.38,0,low,25.13,4,1,none,,27,https://www.musinsa.com/products/3074267
2026-09-03,로라로라,3080603,VOLUME SLEEVE CARDIGAN BLACK,0.0,0,75050,75050,,0,,,27.86,0,low,10.31,3,1,none,,27,https://www.musinsa.com/products/3080603
2026-09-03,프리즘웍스,3081499,OG HEAVYWEIGHT SWEATSHIRT 002 _ BRICK,0.0,0,55800,55800,55800,0,0,0.0,100.0,1,high,24.02,7,3,none,,27,https://www.musinsa.com/products/3081499
2026-09-03,쿠어,3082779,크링클 플리츠 싱글코트 (크림),0.0,0,248000,248000,248000,0,0,0.0,64.16,0,low,24.0,4,1,none,,27,https://www.musinsa.com/products/3082779
2026-09-03,시눈,3083227,OUT-POCKET CARPENTER PANTS (OLIVE BEIGE),0.0,0,43370,43370,43370,0,0,0.0,64.16,0,low,24.0,4,1,none,,27,https://www.musinsa.com/products/3083227
2026-09-03,틸아이다이,3089755,Monica knit vest_Ivory,0.0,0,59760,59760,59760,0,0,0.0,100.0,1,high,23.98,6,3,none,,27,https://www.musinsa.com/products/3089755
2026-09-03,가까이유니언즈,3095387,[여름 or 기모 or 사계절 원단 선택] 원턱 와이드 스웨트 카고팬츠 블랙,2.24,63972,28600,28600,28600,0,0,0.0,100.0,1,high,9.59,20,7,none,,27,https://www.musinsa.com/products/3095387
2026-09-03,라티젠,3096859,L2 COLLAR JERSEY TOP(WHITE),0.0,0,37200,37200,,0,,,27.85,0,low,10.31,3,1,none,,27,https://www.musinsa.com/products/3096859
2026-09-03,엘엠씨,3108507,THORNS LAMB CORDUROY 6PANEL CAP black,0.0,0,27500,27500,,0,,,18.61,0,low,6.29,2,1,none,,27,https://www.musinsa.com/products/3108507
2026-09-03,르바,3113371,Blending Tape Yarn Cardigan - Ivory,0.0,0,142600,142600,142600,0,0,0.0,81.39,0,low,25.13,4,1,none,,27,https://www.musinsa.com/products/3113371
2026-09-03,레이브,3116059,Fabric Luke Bag in Silver VX3SG001-15,0.0,0,124200,124200,,0,,,9.95,0,low,7.07,2,1,none,,27,https://www.musinsa.com/products/3116059
2026-09-03,와르,3125211,M194 워싱 세미 와이드 데님 팬츠_블랙 [숏기장 추가],0.43,23188,53430,53430,53430,0,0,0.0,100.0,1,low,13.94,10,4,none,,27,https://www.musinsa.com/products/3125211
2026-09-03,트래블,3132891,리즌 트레일 피그먼트 반팔티 마젠타,0.0,0,25800,25800,25800,0,0,0.0,100.0,1,high,23.99,7,3,none,,27,https://www.musinsa.com/products/3132891
2026-09-03,드로우핏,3154651,투턱 밴딩 와이드 슬랙스 [CREAM],0.0,0,49770,49770,49770,0,0,0.0,81.41,0,low,25.13,3,1,none,,27,https://www.musinsa.com/products/3154651
2026-09-03,드로우핏,3154715,페이퍼 코튼 오버핏 셔츠 [SKY BLUE],0.78,38481,49500,49500,49500,0,0,0.0,81.41,0,low,25.13,4,1,none,,27,https://www.musinsa.com/products/3154715
2026-09-03,어반드레스,3155035,Sopy Collar Short-Sleeve WHITE,0.0,0,35900,35900,35900,0,0,0.0,100.0,1,high,24.02,7,3,none,,27,https://www.musinsa.com/products/3155035
2026-09-03,더블유엠씨,3167451,오로라 블러 티셔츠_WHITE,0.0,0,17200,17200,17200,0,0,0.0,60.56,0,low,24.0,6,2,none,,27,https://www.musinsa.com/products/3167451
2026-09-03,피아네르,3178011,쿨 스판 조거 트레이닝 팬츠 (네이비),0.0,0,18390,18390,,0,,,9.94,0,low,7.07,2,1,none,,27,https://www.musinsa.com/products/3178011
2026-09-03,원헌드레드퍼센트,3184603,OHP X NORRIS b반고흐 no.5 세미오버 반팔티2,0.0,0,34200,34200,,0,,,9.94,0,low,7.07,2,1,none,,27,https://www.musinsa.com/products/3184603
2026-09-03,마인드브릿지,3196315,릴랙스핏풀밴딩하프팬츠 - 2color MYHP3132,0.0,0,29900,29900,29900,0,0,0.0,90.06,0,low,24.22,4,1,none,,27,https://www.musinsa.com/products/3196315
2026-09-03,퍼스텝,3203611,파인더(사계절용) 트레이닝 팬츠 버건디 JULP4502,0.34,9546,28300,28300,,0,,,9.94,0,low,7.07,3,1,none,1,27,https://www.musinsa.com/products/3203611
2026-09-03,어반드레스,3204699,AV LOGO CROP HOOD ZIP-UP IVORY,0.02,879,49000,49000,49000,0,0,0.0,100.0,1,high,24.02,7,3,none,,27,https://www.musinsa.com/products/3204699
2026-09-03,어반드레스,3205019,royal hoody - 8COL,0.0,0,47400,47400,47400,0,0,0.0,100.0,1,high,24.02,7,3,none,,27,https://www.musinsa.com/products/3205019
2026-09-03,라이크더모스트,3210715,베이직 크루넥 포켓 반팔티셔츠 머스타드,0.0,0,15900,15900,,0,,,18.58,0,low,6.29,2,1,none,,27,https://www.musinsa.com/products/3210715
2026-09-03,라이프워크,3215451,L3 쿨 라독 와이드팬츠,0.0,0,49000,49000,,0,,,31.67,0,low,8.29,4,1,none,,27,https://www.musinsa.com/products/3215451
2026-09-03,브이투,3223259,부클 카라 니트_그린,0.0,0,29900,29900,,0,,,18.58,0,low,6.29,2,1,none,,27,https://www.musinsa.com/products/3223259
2026-09-03,원헌드레드퍼센트,3223387,OHP X NORRIS b광기 세미오버 반팔티2,0.0,0,37100,37100,,0,,,9.93,0,low,7.07,2,1,none,,27,https://www.musinsa.com/products/3223387
2026-09-03,플랙,3232283,썸머 데님 쇼츠 K42 로우,0.0,0,62300,62300,62300,0,0,0.0,100.0,1,high,24.24,5,2,none,,27,https://www.musinsa.com/products/3232283
2026-09-03,트래블,3232859,워크샵 셔링 스커트 베이지,0.0,0,29500,29500,29500,0,0,0.0,100.0,1,high,23.99,7,3,none,,27,https://www.musinsa.com/products/3232859
2026-09-03,트래드클럽,3241243,캔터베리 에센셜 레귤러 셋업수트 4컬러,0.0,0,149000,149000,,0,,,9.93,0,low,7.07,2,1,none,,27,https://www.musinsa.com/products/3241243
2026-09-03,제멋,3244827,플레시 썸머 원턱 하프팬츠 8종 시더브라운 SOSP2483,0.0,0,26900,26900,26900,0,0,0.0,100.0,1,high,24.02,7,3,none,,27,https://www.musinsa.com/products/3244827
2026-09-03,엑스컨테이너,3252699,핀턱 와이드 코튼 하프 팬츠 (3 COLOR),0.0,0,39000,39000,39000,0,0,0.0,90.08,0,low,24.22,4,1,none,,27,https://www.musinsa.com/products/3252699
2026-09-03,피아네르,3253083,에센셜 원 턱 와이드 스웨트 팬츠 (멜란지),0.0,0,26910,26910,,0,,,9.92,0,low,7.07,2,1,none,,27,https://www.musinsa.com/products/3253083
2026-09-03,효지,3255899,에센셜 코튼 여행 보스턴 백,0.64,42303,65900,65900,65900,0,0,0.0,64.19,0,low,24.0,4,1,none,,27,https://www.musinsa.com/products/3255899
2026-09-03,그레이버,3262235,[UNISEX]크롭 도그 스트리버 반팔티_네이비,0.0,0,29900,29900,,0,,,31.66,0,low,8.29,4,1,none,,27,https://www.musinsa.com/products/3262235
2026-09-03,미니멀프로젝트,3267995,서클 로고 플라워 오버핏 반팔티셔츠 MST151 [BLACK],0.0,0,20640,20640,,0,,,27.83,0,low,10.31,3,1,none,,27,https://www.musinsa.com/products/3267995
2026-09-03,미나브,3272603,2PACK 쿨코튼 유넥 반팔 티셔츠,3.54,159477,45000,45000,45000,0,0,0.0,100.0,1,high,23.99,18,3,none,,27,https://www.musinsa.com/products/3272603
2026-09-03,론론,3281947,BOATNECK SLEEVELESS BLACK,0.0,0,31680,31680,35640,1,-3960,-11.11,100.0,1,medium,24.02,7,3,none,,27,https://www.musinsa.com/products/3281947
2026-09-03,프리즘웍스,3283547,OG ATHLETIC T-SHIRT 2PACK _ WHITE + BLACK,0.92,34633,37800,37800,37800,0,0,0.0,100.0,1,high,24.02,7,3,none,,27,https://www.musinsa.com/products/3283547
2026-09-03,엑스트라오디너리,3286043,B.S.C I-RING Mag  WHITE,0.0,0,16000,16000,16000,0,0,0.0,90.09,0,low,24.22,4,1,none,,27,https://www.musinsa.com/products/3286043
2026-09-03,제멋,3289755,피넛 와이드 워싱팬츠 5종 다크네이비 YHLP2470,0.0,0,48900,48900,48900,0,0,0.0,100.0,1,high,24.02,7,3,none,,27,https://www.musinsa.com/products/3289755
2026-09-03,제이엘브,3299035,[2PACK] 스탠다드 머슬핏 카라티,1.0,78000,78000,78000,78000,0,0,0.0,100.0,1,high,8.11,20,8,none,,27,https://www.musinsa.com/products/3299035
2026-09-03,시야쥬,3301595,SIKN2071 리조트 니트 드레스_Black,0.0,0,73440,73440,73440,0,0,0.0,100.0,1,high,24.24,5,2,none,,27,https://www.musinsa.com/products/3301595
2026-09-03,러브이즈트루,3306011,PY STAR COLLAR KNIT(BLACK),0.0,0,33000,33000,33000,0,0,0.0,60.58,0,low,24.0,6,2,none,,27,https://www.musinsa.com/products/3306011
2026-09-03,알리스,3306075,폴디드 레더 패치 와이드 버뮤다 팬츠 [베이지],0.0,0,67900,67900,67900,0,0,0.0,90.1,0,low,24.22,4,1,none,,27,https://www.musinsa.com/products/3306075
2026-09-03,링서울,3306395,stripe sleeveless-navy,0.0,0,20600,20600,23170,1,-2570,-11.09,60.58,0,low,24.0,6,2,none,,27,https://www.musinsa.com/products/3306395
2026-09-03,언노운플라넷,3313179,디스트로이드 데님 쇼츠 샌드워싱,0.0,0,46500,46500,,0,,,9.9,0,low,7.07,2,1,none,,27,https://www.musinsa.com/products/3313179
2026-09-03,유희,3320731,LOGO LACE SLEEVELESS WHITE,0.0,0,31200,31200,,0,,,31.64,0,low,8.29,4,1,none,,27,https://www.musinsa.com/products/3320731
2026-09-03,라티젠,3325083,L3 JADORE FLOWER KNIT BAG(BEIGE),0.0,0,31200,31200,,0,,,27.81,0,low,10.31,3,1,none,,27,https://www.musinsa.com/products/3325083
2026-09-03,가까이유니언즈,3355035,원턱 사이드 절개 피그먼트 버뮤다 팬츠 옐로우,0.0,0,34400,34400,34400,0,0,0.0,100.0,1,high,24.0,6,2,none,,27,https://www.musinsa.com/products/3355035
2026-09-03,유라고,3373211,Garden shirring skirt,0.0,0,70680,70680,70680,0,0,0.0,64.2,0,low,24.0,4,1,none,,27,https://www.musinsa.com/products/3373211
2026-09-03,레이지비,3384923,[SET] 밸런스 핏 여성 원피스 수영복세트(이너팬츠 포함) 화이트,0.0,0,46000,46000,,0,,,31.62,0,low,8.29,4,1,none,,27,https://www.musinsa.com/products/3384923
2026-09-03,스탠다드에러,3390555,87-STAN016 필드 포켓 레더 자켓 아이보리,0.0,0,34900,34900,,0,,,9.89,0,low,7.07,2,1,none,,27,https://www.musinsa.com/products/3390555
2026-09-03,라이크더모스트,3399259,A에비뉴 우먼 언발란스 크롭티셔츠,0.0,0,15900,15900,,0,,,18.55,0,low,6.29,2,1,none,,27,https://www.musinsa.com/products/3399259
2026-09-03,라이크더모스트,3401499,스카이 하트 우먼 레귤러 베이직 티셔츠,0.0,0,15200,15200,,0,,,18.55,0,low,6.29,2,1,none,,27,https://www.musinsa.com/products/3401499
2026-09-03,그레이버,3415515,[UNISEX]빅 드로잉 레터 플라워 반팔티_화이트/블루 로고,0.0,0,29900,29900,,0,,,31.61,0,low,8.29,4,1,none,,27,https://www.musinsa.com/products/3415515
2026-09-03,트래블,3437915,라인 테이프 다트 팬츠 사파이어 블루,0.0,0,39500,39500,39500,0,0,0.0,100.0,1,high,23.99,7,3,none,,27,https://www.musinsa.com/products/3437915
2026-09-03,커버낫,3439963,오버핏 스몰 어센틱 로고 후디 다크 블루,0.0,0,62300,62300,62300,0,0,0.0,100.0,1,high,24.24,5,2,none,,27,https://www.musinsa.com/products/3439963
2026-09-03,레이지비,3440347,[SET] 멀티쿨링 에센셜 루즈핏 집업 래쉬가드 + 반바지 세트 M 카키그레이,0.0,0,50920,50920,,0,,,31.6,0,low,8.29,4,1,none,,27,https://www.musinsa.com/products/3440347
2026-09-03,밀로아카이브,3442331,리플렉트 커브드 팬츠 [워시드 브라운],0.0,0,68690,68690,65550,1,3140,4.79,90.12,0,low,24.0,7,3,none,,27,https://www.musinsa.com/products/3442331
2026-09-03,와이케이,3452187,말티즈 아카이브 라인 그래픽 맨투맨 멜란지화이트,0.0,0,51750,51750,51750,0,0,0.0,60.6,0,low,24.0,6,2,none,,27,https://www.musinsa.com/products/3452187
2026-09-03,예스아이씨,3452571,Y.E.S Dyed Single Hoodie Black,0.0,0,47400,47400,,0,,,31.6,0,low,8.29,4,1,none,,27,https://www.musinsa.com/products/3452571
2026-09-03,엑스트라오디너리,3453787,ANYTIME ECO BAG,0.0,0,19500,19500,19500,0,0,0.0,90.13,0,low,24.22,4,1,none,,27,https://www.musinsa.com/products/3453787
2026-09-03,오픈야드(오와이),3460059,POLA ZIPPER PAINT KNIT MTM-GREY,0.0,0,64500,64500,,0,,,25.22,0,low,12.7,3,1,none,,27,https://www.musinsa.com/products/3460059
2026-09-03,라이크더모스트,3461083,에비뉴스튜디오 언발셔츠 럭비맨투맨 블랙,0.0,0,26900,26900,,0,,,18.53,0,low,6.29,2,1,none,,27,https://www.musinsa.com/products/3461083
2026-09-03,더뮤지엄비지터,3461723,REFLECTIVE LINE RAGLAN WINDBREAKER (NAVY),0.0,0,88800,88800,88800,0,0,0.0,100.0,1,high,23.98,6,3,none,,27,https://www.musinsa.com/products/3461723
2026-09-03,더뮤지엄비지터,3461851,STUD BACK LOGO CARPENTER JACKET (BLACK),0.0,0,167600,167600,167600,0,0,0.0,100.0,1,high,23.98,6,3,none,,27,https://www.musinsa.com/products/3461851
2026-09-03,아티스트웨어,3464347,[ATW] 다이스 맨투맨,0.0,0,55300,55300,,0,,,25.22,0,low,12.7,3,1,none,,27,https://www.musinsa.com/products/3464347
2026-09-03,오픈야드(오와이),3470939,OPYD LOGO HOODIE ZIP UP-GREY,0.0,0,59500,59500,,0,,,25.22,0,low,12.7,3,1,none,,27,https://www.musinsa.com/products/3470939
2026-09-03,리브레너,3475291,오버핏 피그먼트 러브도그 롱슬리브 퍼플,0.0,0,32900,32900,,0,,,25.22,0,low,12.7,3,1,none,,27,https://www.musinsa.com/products/3475291
2026-09-03,후브스,3476379,플러 반 집업 카라 스웻 [차콜],0.0,0,56800,56800,56800,0,0,0.0,100.0,1,high,24.25,5,2,none,,27,https://www.musinsa.com/products/3476379
2026-09-03,예스아이씨,3480347,Y.E.S Yacht Sweatshirt Slate,0.0,0,62300,62300,,0,,,31.58,0,low,8.29,4,1,none,,27,https://www.musinsa.com/products/3480347
2026-09-03,아틀리에나인,3481051,슬림 라인 세미 부츠컷 데님 팬츠(S-PT-5483),0.0,0,71200,71200,71200,0,0,0.0,100.0,1,high,24.0,6,2,none,,27,https://www.musinsa.com/products/3481051
2026-09-03,아틀리에나인,3488347,ESSENTIAL STRAIGHT PANTS(PT-5452),0.0,0,107100,107100,107100,0,0,0.0,100.0,1,high,24.0,6,2,none,,27,https://www.musinsa.com/products/3488347
2026-09-03,드로우핏,3489627,패디드 스트링 백 [BLACK],0.0,0,59200,59200,59200,0,0,0.0,81.49,0,low,25.14,4,1,none,,27,https://www.musinsa.com/products/3489627
2026-09-03,아이돈워너셀,3492059,Logo Embroidered Hoodie Gray,0.0,0,49500,49500,49500,0,0,0.0,100.0,1,high,24.25,5,2,none,,27,https://www.musinsa.com/products/3492059
2026-09-03,더블유엠씨,3492635,뉴모던 바시티 점퍼_GREEN,0.0,0,71600,71600,71600,0,0,0.0,60.61,0,low,24.0,6,2,none,,27,https://www.musinsa.com/products/3492635
2026-09-03,그레이버,3496219,[UNISEX]ODDSMILE 레인보우 스마일 후드티_멜란지화이트,0.0,0,56000,56000,,0,,,31.57,0,low,8.29,4,1,none,,27,https://www.musinsa.com/products/3496219
2026-09-03,밀로아카이브,3496475,홀리데이 시그니처 볼 캡 [퓨어 화이트],0.52,15351,29640,31200,29640,1,1560,5.26,90.15,0,low,24.0,7,3,none,,27,https://www.musinsa.com/products/3496475
2026-09-03,팬시클럽,3498395,[NF] 코듀로이 버클 플리츠 스커트 (KHAKI)_F23ZC860,0.0,0,48580,48580,,0,,,25.21,0,low,12.7,3,1,none,,27,https://www.musinsa.com/products/3498395
2026-09-03,라티젠,3499547,L6 WOOL BOMBER JACKET(OATMEAL),0.0,0,160800,160800,,0,,,27.79,0,low,10.31,3,1,none,,27,https://www.musinsa.com/products/3499547
2026-09-03,아틀리에나인,3504475,클래식 스티치 포켓 셔츠(BL-4183),0.0,0,62100,62100,62100,0,0,0.0,100.0,1,high,24.0,6,2,none,,27,https://www.musinsa.com/products/3504475
2026-09-03,모즈모즈,3509531,소프트 메쉬 아노락 자켓 블랙,0.0,0,55200,55200,55200,0,0,0.0,64.22,0,low,24.0,4,1,none,,27,https://www.musinsa.com/products/3509531
2026-09-03,어반드레스,3510235,Diagonal Turtleneck Tee WHITE,0.0,0,16000,16000,16000,0,0,0.0,100.0,1,high,24.02,7,3,none,,27,https://www.musinsa.com/products/3510235
2026-09-03,어반드레스,3511131,Amelie Pleated Skirt BLACK,0.0,0,34000,34000,34000,0,0,0.0,100.0,1,high,24.02,7,3,none,,27,https://www.musinsa.com/products/3511131
2026-09-03,나이스고스트클럽,3511387,3STARS LOGO KNIT HOODIE_IVORY(NG2DFUK610A),1.55,87129,56070,56070,56070,0,0,0.0,65.97,0,low,24.0,9,3,none,,27,https://www.musinsa.com/products/3511387
2026-09-03,나이스고스트클럽,3511579,CARPENTER CARGO WASHED JEANS_BROWN(NG2DFUD104A),0.0,0,51600,51600,51600,0,0,0.0,60.62,0,low,24.0,6,2,none,,27,https://www.musinsa.com/products/3511579
2026-09-03,브라운야드,3511643,"W 라인 셔츠, 에크루",0.0,0,96600,96600,96600,0,0,0.0,60.62,0,low,24.0,6,2,none,,27,https://www.musinsa.com/products/3511643
2026-09-03,프리즘웍스,3511899,FACTA NON VERBA HOODY _ CAMEL,0.0,0,44500,44500,44500,0,0,0.0,100.0,1,high,24.02,7,3,none,,27,https://www.musinsa.com/products/3511899
2026-09-03,꼬모니노즈,3515419,BASIC CREW NECK KNIT [CREAM],0.0,0,19600,19600,,0,,,9.85,0,low,7.06,2,1,none,,27,https://www.musinsa.com/products/3515419
2026-09-03,제멋,3516251,스톤 헤비웨이트 투웨이 후드집업 6종 달리아퍼플 KJHD2474,0.0,0,53900,53900,53900,0,0,0.0,100.0,1,high,24.02,7,3,none,,27,https://www.musinsa.com/products/3516251
2026-09-03,그레이버,3517339,[UNISEX]ODDSMILE 68 플라워스마일 맨투맨_멜란지화이트,0.0,0,46900,46900,,0,,,31.56,0,low,8.29,4,1,none,,27,https://www.musinsa.com/products/3517339
2026-09-03,로라로라,3518619,DOUBLE BUTTON JACKET BLACK,0.0,0,131400,131400,,0,,,27.78,0,low,10.31,3,1,none,,27,https://www.musinsa.com/products/3518619
2026-09-03,디앤에스알,3522011,시그니처 와이드 데님 팬츠 블랙,2.75,191694,69600,69600,69600,0,0,0.0,100.0,1,high,24.0,7,2,none,,27,https://www.musinsa.com/products/3522011
2026-09-03,아이돈워너셀,3528475,Circle Shirring Logo Ma-1 Black,0.6,110119,183200,183200,183200,0,0,0.0,100.0,1,high,24.25,5,2,none,,27,https://www.musinsa.com/products/3528475
2026-09-03,라이크더모스트,3533467,맨 핀턱 오버 하프팬츠 2colors,0.0,0,25950,25950,,0,,,18.5,0,low,6.28,2,1,none,,27,https://www.musinsa.com/products/3533467
2026-09-03,어반에이지,3534235,로고 포인트 오버 후드 화이트멜란지,0.0,0,29800,29800,,0,,,27.77,0,low,10.31,3,1,none,,27,https://www.musinsa.com/products/3534235
2026-09-03,스컬프터,3537115,Irregular Stripe Sweatshirt Berry/Khaki,0.0,0,49840,49840,49840,0,0,0.0,100.0,1,high,23.98,6,3,none,,27,https://www.musinsa.com/products/3537115
2026-09-03,세컨모놀로그,3542491,헤비웨이트 키홀 케이블 머플러 [BLACK]_SEAC004BLACK,0.0,0,20800,20800,20800,0,0,0.0,100.0,1,high,24.25,5,2,none,,27,https://www.musinsa.com/products/3542491
2026-09-03,키르시,3542875,키르시 스포츠 윈드브레이커 [다크 퍼플],0.0,0,62600,62600,62600,0,0,0.0,100.0,1,high,24.25,5,2,none,,27,https://www.musinsa.com/products/3542875
2026-09-03,비디알,3544539,Lot 003 Railroad Stripe Pants,0.0,0,151050,151050,,0,,,9.84,0,low,7.06,2,1,none,,27,https://www.musinsa.com/products/3544539
2026-09-03,브론슨,3550811,17.5 oz Terry Cloth 2Way Zip-Up Hoodie Kr Ver. Vintage Black,1.79,151122,84600,84600,84600,0,0,0.0,90.16,0,low,24.23,8,1,none,,27,https://www.musinsa.com/products/3550811
2026-09-03,그레이버,3552283,[UNISEX]엘보우 플레임 스마일 맨투맨_크림,0.0,0,46900,46900,,0,,,31.55,0,low,8.3,4,1,none,,27,https://www.musinsa.com/products/3552283
2026-09-03,엘엠알,3553243,심볼 로고 투웨이 타이벡 패딩백 BLACK,0.0,0,49500,49500,,0,,,31.55,0,low,8.3,4,1,none,,27,https://www.musinsa.com/products/3553243
2026-09-03,커버낫,3555035,RDS 씨빅 숏 푸퍼 레드,0.0,0,139300,139300,139300,0,0,0.0,100.0,1,high,24.25,5,2,none,,27,https://www.musinsa.com/products/3555035
2026-09-03,라티젠,3558683,L6 RIBBON SHIRT(PINK),0.0,0,49800,49800,,0,,,27.76,0,low,10.31,3,1,none,,27,https://www.musinsa.com/products/3558683
2026-09-03,라티젠,3558747,L6 CROP VARSITY JACKET(BLACK),0.0,0,148800,148800,,0,,,27.75,0,low,10.31,3,1,none,,27,https://www.musinsa.com/products/3558747
2026-09-03,엑스트라오디너리,3560219,BASIC LONGSLEEVE BLACK,0.0,0,26500,26500,26500,0,0,0.0,90.17,0,low,24.23,4,1,none,,27,https://www.musinsa.com/products/3560219
2026-09-03,브라운야드,3561051,"니트 하프 집업, 에크루",0.0,0,109000,109000,109000,0,0,0.0,60.62,0,low,24.0,6,2,none,,27,https://www.musinsa.com/products/3561051
2026-09-03,퍼스텝,3571163,그레인 피그먼트 와이드 후드 크림베이지 SMHD4585,0.0,0,46900,46900,,0,,,9.82,0,low,7.06,2,1,none,,27,https://www.musinsa.com/products/3571163
2026-09-03,코드그라피,3575259,WAVE 로고 레그 워머_2color,0.0,0,10210,10210,10210,0,0,0.0,81.52,0,low,25.14,4,1,none,,27,https://www.musinsa.com/products/3575259
2026-09-03,꼼파뇨,3579675,MA-1 오버 절개 자켓 카키,0.0,0,91000,91000,91000,0,0,0.0,90.18,0,low,24.23,4,1,none,,27,https://www.musinsa.com/products/3579675
2026-09-03,퍼스텝,3581915,비스트롱 헤비웨이트 맨투맨 크림 SMMT4589,0.0,0,42900,42900,,0,,,9.82,0,low,7.06,2,1,none,,27,https://www.musinsa.com/products/3581915
2026-09-03,퍼스텝,3587483,비커밍 바시티 자켓 블랙 JUOT4592,0.0,0,129000,129000,,0,,,9.82,0,low,7.06,2,1,none,,27,https://www.musinsa.com/products/3587483
2026-09-03,어반에이지,3591067,[2PACK] 로고 포인트 오버 후드 (4 Colors),0.0,0,65000,65000,,0,,,27.75,0,low,10.31,3,1,none,,27,https://www.musinsa.com/products/3591067
2026-09-03,어반드레스,3599387,Ribbed Cut-out Knit MOCHA,0.0,0,46500,46500,46500,0,0,0.0,100.0,1,high,24.02,7,3,none,,27,https://www.musinsa.com/products/3599387
2026-09-03,밀로아카이브,3600603,커브 자카드 비니 [베이지],0.0,0,24000,24000,24000,0,0,0.0,90.19,0,low,24.0,7,3,none,,27,https://www.musinsa.com/products/3600603
2026-09-03,지프,3600987,체로키 인사이드 후리스 스웻 집업 (JO5TZU839BK),0.0,0,63900,63900,,0,,,31.52,0,low,8.3,4,1,none,,27,https://www.musinsa.com/products/3600987
2026-09-03,라이프워크,3602267,퀼팅 리버시블 빅 버킷백,0.0,0,62300,62300,,0,,,31.51,0,low,8.3,4,1,none,,27,https://www.musinsa.com/products/3602267
2026-09-03,코드그라피,3603227,(우먼) WAVE 로고 빅카라 크롭 하프집업 니트_네이비,0.0,0,27600,27600,27600,0,0,0.0,81.52,0,low,25.14,4,1,none,,27,https://www.musinsa.com/products/3603227
2026-09-03,에이치덱스,3609755,우먼스 고트 스웨트셔츠 3 color,0.0,0,44800,44800,44800,0,0,0.0,81.53,0,low,25.14,4,1,none,,27,https://www.musinsa.com/products/3609755
2026-09-03,커버낫,3618907,레이어드 플리스 후디 집업 자켓 블랙,0.0,0,83400,83400,83400,0,0,0.0,100.0,1,high,24.26,5,2,none,,27,https://www.musinsa.com/products/3618907
2026-09-03,낫포너드,3619035,W Wild Logo Knit Zip up - Pink,0.0,0,40100,40100,40100,0,0,0.0,81.53,0,low,25.14,4,1,none,,27,https://www.musinsa.com/products/3619035
2026-09-03,카멜워크,3624539,카멜 런 클럽 스웨트셔츠(애쉬그레이),0.0,0,14400,14400,,0,,,27.74,0,low,10.31,3,1,none,,27,https://www.musinsa.com/products/3624539
2026-09-03,라이프워크,3626203,L2 더블업 포켓 피치 팬츠,0.0,0,89000,89000,,0,,,31.5,0,low,8.3,4,1,none,,27,https://www.musinsa.com/products/3626203
2026-09-03,더콜디스트모먼트,3626395,TCM pole cap (brown),0.0,0,27000,27000,,0,,,25.18,0,low,12.7,3,1,none,,27,https://www.musinsa.com/products/3626395
2026-09-03,니티드,3626651,터틀넥 롱 슬리브 니트 CHARCOAL,0.0,0,17820,17820,17820,0,0,0.0,81.53,0,low,25.14,4,1,none,,27,https://www.musinsa.com/products/3626651
2026-09-03,드리프트아웃,3632667,CHH-102 바이에른뮌헨 서포터즈 베어,0.0,0,58000,58000,,0,,,31.49,0,low,8.3,4,1,none,,27,https://www.musinsa.com/products/3632667
2026-09-03,데비웨어,3633243,신디 와이백 브라탑 DEVI-TS0041-블랙,0.0,0,34200,34200,,0,,,9.81,0,low,7.06,2,1,none,,27,https://www.musinsa.com/products/3633243
2026-09-03,그레이버,3644891,[UNISEX]웨이브 로고 플라워 후드티_코발트블루,0.0,0,48000,48000,,0,,,31.48,0,low,8.3,4,1,none,,27,https://www.musinsa.com/products/3644891
2026-09-03,파르티멘토 우먼,3649755,스티치 포인티드 넥 워머 후디_블루,0.0,0,42480,42480,47790,1,-5310,-11.11,90.2,0,low,24.23,4,1,none,,27,https://www.musinsa.com/products/3649755
2026-09-03,라이프워크,3650523,여성) 셔닐벨벳 스트링 후드집업,0.0,0,99000,99000,,0,,,31.48,0,low,8.3,4,1,none,,27,https://www.musinsa.com/products/3650523
2026-09-03,그레이버,3654043,[UNISEX]드로잉 해피 럭키 스마일 맨투맨_크림,0.0,0,36850,36850,,0,,,31.48,0,low,8.3,4,1,none,,27,https://www.musinsa.com/products/3654043
2026-09-03,러브이즈트루,3654491,AM CUTE RABBIT KNIT (PINK),0.0,0,37400,37400,37400,0,0,0.0,60.66,0,low,24.0,6,2,none,,27,https://www.musinsa.com/products/3654491
2026-09-03,론론,3654747,HIGH NECK HALF ZIP UP KNIT RED,0.91,79990,87840,87840,98820,1,-10980,-11.11,100.0,1,medium,24.02,7,3,none,,27,https://www.musinsa.com/products/3654747
2026-09-03,라이프워크,3655259,트리플 아트웍 후드 티셔츠,0.0,0,69000,69000,,0,,,31.48,0,low,8.3,4,1,none,,27,https://www.musinsa.com/products/3655259
2026-09-03,어반드레스,3655387,Boyfriend Single Blazer CHARCOAL,0.0,0,89700,89700,89700,0,0,0.0,100.0,1,high,24.02,7,3,none,,27,https://www.musinsa.com/products/3655387
2026-09-03,킴지수,3658395,Pinched Slit Pants _ Grey,0.0,0,124600,124600,,0,,,9.79,0,low,7.06,2,1,none,,27,https://www.musinsa.com/products/3658395
2026-09-03,그레이버,3662171,[UNISEX]백 데이지플라워 스마일 맨투맨_코발트블루,0.0,0,40200,40200,,0,,,31.47,0,low,8.3,4,1,none,,27,https://www.musinsa.com/products/3662171
2026-09-03,어반드레스,3667803,[SET] 커브드 투버튼 블레이저 & Two-Tuck Slacks 101 - 3COL,0.0,0,143250,143250,143250,0,0,0.0,100.0,1,high,24.02,7,3,none,,27,https://www.musinsa.com/products/3667803
2026-09-03,시그니처,3690587,소프트 헤비 코듀로이 원턱 밴딩 팬츠[블랙],0.0,0,29900,29900,29900,0,0,0.0,81.55,0,low,25.15,4,1,none,,27,https://www.musinsa.com/products/3690587
2026-09-03,아틀리에나인,3691547,헤어리 오버핏 캐주얼 니트 자켓(JK-2885),0.0,0,107100,107100,107100,0,0,0.0,100.0,1,high,24.0,6,2,none,,27,https://www.musinsa.com/products/3691547
2026-09-03,시야쥬,3693979,SIJN6067 기모 뉴와이드 카펜터 팬츠_Light Beige,0.0,0,89000,89000,89000,0,0,0.0,100.0,1,high,24.27,5,2,none,,27,https://www.musinsa.com/products/3693979
2026-09-03,에이이에이이,3708379,Daisy Knit Hoodie - [BLACK],0.0,0,158180,158180,158180,0,0,0.0,90.22,0,low,24.24,4,1,none,,27,https://www.musinsa.com/products/3708379
2026-09-03,라티젠,3718235,L7 BLOCK VELOUR TOP(BLACK),0.0,0,87000,87000,,0,,,27.73,0,low,10.31,3,1,none,,27,https://www.musinsa.com/products/3718235
2026-09-03,라티젠,3718491,L7 RACCOON SHOULDER BAG(BLACK),0.0,0,55800,55800,,0,,,27.73,0,low,10.31,3,1,none,,27,https://www.musinsa.com/products/3718491
2026-09-03,트리밍버드,3728603,Curved Pocket Cut Denim Pants [ Blue ],0.0,0,179000,179000,179000,0,0,0.0,100.0,1,high,24.02,7,3,none,,27,https://www.musinsa.com/products/3728603
2026-09-03,원헌드레드퍼센트,3735387,OHP X HARMONIA b눈맞는백호 기모 후드 + 조거팬츠 SET 2color,0.0,0,98500,98500,,0,,,9.77,0,low,7.06,2,1,none,,27,https://www.musinsa.com/products/3735387
2026-09-03,데상트,3754459,[세리나&소빈 착용] 디마라톤 블랙 화이트 SR123LCR29,0.0,0,113050,113050,,0,,,31.45,0,low,8.3,4,1,none,,27,https://www.musinsa.com/products/3754459
2026-09-03,슬로우레코드하우스,3760283,기거클 나일론 브이넥 스웻셔츠_그린,0.0,0,69000,69000,,0,,,18.44,0,low,6.28,2,1,none,,27,https://www.musinsa.com/products/3760283
2026-09-03,퍼스텝,3770203,지피크루 후드 버건디 BJHD4599,0.0,0,43900,43900,,0,,,9.76,0,low,7.06,2,1,none,,27,https://www.musinsa.com/products/3770203
2026-09-03,내셔널지오그래픽,3771291,N241MPT920 제이폴 카고 팬츠 CARBON BLACK,0.0,0,101400,101400,,0,,,25.17,0,low,12.7,3,1,none,,27,https://www.musinsa.com/products/3771291
2026-09-03,엔와이엑스엑스,3771803,NYX BASEBALL LOGO BALLCAP BLACK,0.0,0,24000,24000,,0,,,31.45,0,low,8.3,4,1,none,,27,https://www.musinsa.com/products/3771803
2026-09-03,엔와이엑스엑스,3771995,EMBLEM HALF PANTS GRAY,0.0,0,27600,27600,,0,,,31.45,0,low,8.3,4,1,none,,27,https://www.musinsa.com/products/3771995
2026-09-03,아웃스탠딩,3773723,LAMBSWOOL ROUND NECK CARDIGAN_GRAY MELANGE,0.0,0,116100,116100,116100,0,0,0.0,100.0,1,high,23.98,6,3,none,,27,https://www.musinsa.com/products/3773723
2026-09-03,마하그리드,3773787,MULTI-LOGO PIGMENT SWEATSHIRT_2colors,0.0,0,35000,35000,,0,,,25.17,0,low,12.7,3,1,none,,27,https://www.musinsa.com/products/3773787
2026-09-03,카비시,3779355,CITY BLUES SWEATSHIRT NAVY(CV2ESUM441A),0.0,0,34500,34500,,0,,,18.43,0,low,6.28,2,1,none,,27,https://www.musinsa.com/products/3779355
2026-09-03,무드인사이드,3780891,남여공용 푸퍼 숏패딩_White,0.0,0,49900,49900,49900,0,0,0.0,100.0,1,high,23.99,7,3,none,,27,https://www.musinsa.com/products/3780891
2026-09-03,무드인사이드,3782939,꽈배기 후드 반집업 니트_Beige,0.0,0,39900,39900,39900,0,0,0.0,100.0,1,high,23.99,7,3,none,,27,https://www.musinsa.com/products/3782939
2026-09-03,테이크이지,3783003,우먼스 아플리케 와이드 팬츠(멜란지그레이),0.0,0,24500,24500,24500,0,0,0.0,100.0,1,high,24.27,5,2,none,,27,https://www.musinsa.com/products/3783003
2026-09-03,더뮤지엄비지터,3786459,VISITOR ABSTRACT SHIRTS (MULTI),0.0,0,210000,210000,210000,0,0,0.0,100.0,1,high,23.98,6,3,none,,27,https://www.musinsa.com/products/3786459
2026-09-03,마하그리드,3787163,DAGGER MESH HOOD ZIP UP KNIT OLIVE(MG2ESMK685A),0.0,0,59000,59000,,0,,,25.16,0,low,12.7,3,1,none,,27,https://www.musinsa.com/products/3787163
2026-09-03,코드그라피,3790747,블록코어 자카드 배색 라운드 니트_블랙,0.0,0,62300,62300,62300,0,0,0.0,81.58,0,low,25.15,4,1,none,,27,https://www.musinsa.com/products/3790747
2026-09-03,필루미네이트,3792539,스프레드 프린트 스웨트 셔츠-와인,0.0,0,25000,25000,25000,0,0,0.0,60.68,0,low,24.0,6,2,none,,27,https://www.musinsa.com/products/3792539
2026-09-03,지프,3792795,허리케인 양말 (JP5GSU190BL),0.0,0,8010,8010,,0,,,31.43,0,low,8.3,4,1,none,,27,https://www.musinsa.com/products/3792795
2026-09-03,가까이유니언즈,3796571,데미지 와이드 데님팬츠 라이트 인디고,0.0,0,49600,49600,49600,0,0,0.0,100.0,1,high,24.0,6,2,none,,27,https://www.musinsa.com/products/3796571
2026-09-03,키르시,3799835,포켓 유틸리티 슬링백 [블랙],0.0,0,35500,35500,35500,0,0,0.0,100.0,1,high,24.27,5,2,none,,27,https://www.musinsa.com/products/3799835
2026-09-03,나이스고스트클럽,3800667,DOLL AND THE GIRL WAFFLE L/S TEE_CHARCOAL(NG2ESUT550A),0.0,0,53460,53460,53460,0,0,0.0,60.69,0,low,24.0,6,2,none,,27,https://www.musinsa.com/products/3800667
2026-09-03,세컨모놀로그,3801179,나일론 투톤 믹스 히든 스냅 후디 [LGRAY]_SETS033LGRAY,0.0,0,35600,35600,35600,0,0,0.0,100.0,1,high,24.27,5,2,none,,27,https://www.musinsa.com/products/3801179
2026-09-03,이알티알,3801307,ERRATOR Team Winter Jacket (Black),0.0,0,215200,215200,,0,,,31.42,0,low,8.3,4,1,none,,27,https://www.musinsa.com/products/3801307
2026-09-03,레더리,3804059,듀얼 미니 볼링 토트백 [BLACK],0.0,0,36960,36960,36960,0,0,0.0,90.26,0,low,24.24,4,1,none,,27,https://www.musinsa.com/products/3804059
2026-09-03,마하그리드,3811419,STAR LOGO SWEATSHIRT CHARCOAL(MG2ESMM454A),0.0,0,29000,29000,,0,,,25.15,0,low,12.7,3,1,none,,27,https://www.musinsa.com/products/3811419
2026-09-03,노매뉴얼,3816027,CURSIVE LOGO BALL CAP - LIGHT KHAKI,0.0,0,27300,27300,27300,0,0,0.0,90.27,0,low,24.24,4,1,none,,27,https://www.musinsa.com/products/3816027
2026-09-03,필루미네이트,3816859,시그니처 로고 쿠션-2 Color,0.0,0,22900,22900,22900,0,0,0.0,60.7,0,low,24.0,6,2,none,,27,https://www.musinsa.com/products/3816859
2026-09-03,유니폼브릿지,3818459,argyle collar knit cardigan(womens) crimson,0.0,0,39800,39800,39800,0,0,0.0,100.0,1,high,23.98,6,3,none,,27,https://www.musinsa.com/products/3818459
2026-09-03,러브이즈트루,3820827,NM COW BOOTSCUT PANTS(KHAKI),0.0,0,70200,70200,70200,0,0,0.0,60.7,0,low,24.0,6,2,none,,27,https://www.musinsa.com/products/3820827
2026-09-03,유니폼브릿지,3822811,og fatigue denim pants 12oz black washed,0.0,0,32710,32710,32710,0,0,0.0,100.0,1,high,23.98,6,3,none,,27,https://www.musinsa.com/products/3822811
2026-09-03,로라로라,3823643,PUFF SLEEVE STRIPE KNIT BK+IV,0.0,0,75050,75050,,0,,,27.69,0,low,10.31,3,1,none,,27,https://www.musinsa.com/products/3823643
2026-09-03,웬즈데이오아시스,3824219,시그니처 나일론 레글런 스웨트셔츠(3color),0.0,0,35000,35000,35000,0,0,0.0,100.0,1,high,23.99,7,3,none,,27,https://www.musinsa.com/products/3824219
2026-09-03,트래블,3826267,베이직 워싱 데님 팬츠 라이트 그레이,0.0,0,32500,32500,32500,0,0,0.0,100.0,1,high,23.99,7,3,none,,27,https://www.musinsa.com/products/3826267
2026-09-03,트래블,3826331,나일론 라운드 카고 쇼츠 버건디,0.0,0,33000,33000,33000,0,0,0.0,100.0,1,high,23.99,7,3,none,,27,https://www.musinsa.com/products/3826331
2026-09-03,미나브,3830107,스트라이프 니트 카라 티셔츠 [베이지],0.0,0,44100,44100,44100,0,0,0.0,100.0,1,high,23.99,7,3,none,,27,https://www.musinsa.com/products/3830107
2026-09-03,커버낫,3830363,C 로고 크루넥 니트 레드,0.0,0,59400,59400,59400,0,0,0.0,100.0,1,high,24.27,5,2,none,,27,https://www.musinsa.com/products/3830363
2026-09-03,베이직하우스,3830427,UNI 베이직 하프 집업 맨투맨 블랙 LYTS0102,0.0,0,35900,35900,,0,,,31.41,0,low,8.3,4,1,none,,27,https://www.musinsa.com/products/3830427
2026-09-03,라티젠,3830555,L9 RIBBON T-SHIRT(BLACK),0.0,0,21060,21060,,0,,,27.68,0,low,10.31,3,1,none,,27,https://www.musinsa.com/products/3830555
2026-09-03,라티젠,3830619,L9 GLOSSY STRING OPS(BLACK),0.0,0,87000,87000,,0,,,27.68,0,low,10.31,3,1,none,,27,https://www.musinsa.com/products/3830619
2026-09-03,노앙,3830747,MARINE LACE-UP KNIT BEIGE,0.0,0,154800,154800,,0,,,18.4,0,low,6.27,2,1,none,,27,https://www.musinsa.com/products/3830747
2026-09-03,키뮤어,3832795,[수피마 코튼] 컴포트 셔츠_4 COLOR,0.0,0,41300,41300,41300,0,0,0.0,100.0,1,high,24.02,7,3,none,,27,https://www.musinsa.com/products/3832795
2026-09-03,1993스튜디오,3834971,글로시 스트링 롱 스커트_크림,0.0,0,39900,39900,39900,0,0,0.0,100.0,1,high,24.27,5,2,none,,27,https://www.musinsa.com/products/3834971
2026-09-03,예스아이씨,3836251,C-Logo sweatshirt Lavender,0.0,0,55300,55300,,0,,,31.41,0,low,8.3,4,1,none,,27,https://www.musinsa.com/products/3836251
2026-09-03,제멋,3837851,[2PACK] 헤븐 피그먼트 투웨이 후드집업 2PACK KJHD2540,0.0,0,75800,75800,75800,0,0,0.0,1.91,0,low,24.02,6,1,none,,27,https://www.musinsa.com/products/3837851
2026-09-03,유니폼브릿지,3840859,3layer light hood jacket olive,0.0,0,79800,79800,79800,0,0,0.0,100.0,1,high,23.98,6,3,none,,27,https://www.musinsa.com/products/3840859
2026-09-03,스컬프터,3845019,Shoelace Shirring Shirt Classic Blue,0.64,39327,61040,61040,61040,0,0,0.0,100.0,1,high,23.98,6,3,none,,27,https://www.musinsa.com/products/3845019
2026-09-03,위캔더스,3845723,SKULL WASHED PANTS (S.DENIM),0.0,0,63860,63860,,0,,,18.39,0,low,6.27,2,1,none,,27,https://www.musinsa.com/products/3845723
2026-09-03,모즈모즈,3847451,오버핏 코튼 하프 오픈셔츠 베이지,0.0,0,41600,41600,41600,0,0,0.0,64.28,0,low,24.0,4,1,none,,27,https://www.musinsa.com/products/3847451
2026-09-03,마인드브릿지,3847643,슬림 넥타이 - 3color MATI00A1,0.0,0,19900,19900,19900,0,0,0.0,90.29,0,low,24.24,4,1,none,,27,https://www.musinsa.com/products/3847643
2026-09-03,메인부스,3848667,Spark Denim Shorts(BLUE),0.0,0,65400,65400,65400,0,0,0.0,81.61,0,low,25.15,4,1,none,,27,https://www.musinsa.com/products/3848667
2026-09-03,넌블랭크,3848987,니트 베스트_WHITE HILL,0.0,0,111600,111600,111600,0,0,0.0,60.71,0,low,24.0,6,2,none,,27,https://www.musinsa.com/products/3848987
2026-09-03,썸웨어버터,3850459,Classic cotton shirt - pink,0.0,0,87200,87200,87200,0,0,0.0,60.71,0,low,24.0,6,2,none,,27,https://www.musinsa.com/products/3850459
2026-09-03,커버낫,3851227,어센틱 로고 티셔츠 네이비,0.39,11796,29950,29950,29950,0,0,0.0,100.0,1,high,24.28,5,2,none,,27,https://www.musinsa.com/products/3851227
2026-09-03,엑스트라오디너리,3851675,LAST CHANCE PRINT HOODIE  M/GREY,0.0,0,69500,69500,69500,0,0,0.0,90.3,0,low,24.24,4,1,none,,27,https://www.musinsa.com/products/3851675
2026-09-03,아티스트웨어,3853211,[ATW] 킵고잉 맨투맨,0.0,0,63200,63200,,0,,,25.13,0,low,12.7,3,1,none,,27,https://www.musinsa.com/products/3853211
2026-09-03,본투윈,3855067,BORNTOWIN PATCH MUSCLE FIT HOODIE [WHITE],0.0,0,68600,68600,68600,0,0,0.0,100.0,1,high,23.98,6,3,none,,27,https://www.musinsa.com/products/3855067
2026-09-03,후드후드,3861147,엠보싱 데님 바이커 팬츠 블랙,0.0,0,54800,54800,54800,0,0,0.0,81.62,0,low,25.15,4,1,none,,27,https://www.musinsa.com/products/3861147
2026-09-03,일리고,3862235,페탈 프릴 봄버 자켓 블랙,0.0,0,38000,38000,38000,0,0,0.0,90.3,0,low,24.24,4,1,none,,27,https://www.musinsa.com/products/3862235
2026-09-03,썬러브투어,3863707,Pace-up S/S Half Zip Pullover Grey,0.0,0,95600,95600,78400,1,17200,21.94,100.0,1,medium,23.99,7,3,none,,27,https://www.musinsa.com/products/3863707
2026-09-03,커버낫,3864411,멀티 체크 셔츠 멀티,0.0,0,49000,49000,49000,0,0,0.0,100.0,1,high,24.28,5,2,none,,27,https://www.musinsa.com/products/3864411
2026-09-03,프리즘웍스,3870107,CIGARETTE POCKET CHAMBRAY SHIRT _ GREEN,0.0,0,80100,80100,80100,0,0,0.0,100.0,1,high,24.02,7,3,none,,27,https://www.musinsa.com/products/3870107
2026-09-03,르바,3870939,Pocket V-neck Knit Cardigan - Green,0.0,0,134100,134100,134100,0,0,0.0,81.63,0,low,25.15,4,1,none,,27,https://www.musinsa.com/products/3870939
2026-09-03,더뮤지엄비지터,3886363,BNG PRINTED CURVERD ZIPPER HOODY (GREY),0.0,0,58800,58800,58800,0,0,0.0,100.0,1,high,23.98,6,3,none,,27,https://www.musinsa.com/products/3886363
2026-09-03,커버낫,3887835,써머 투턱 세미와이드 슬랙스 블랙,0.0,0,35550,35550,35550,0,0,0.0,100.0,1,high,24.28,5,2,none,,27,https://www.musinsa.com/products/3887835
2026-09-03,썬러브투어,3888027,W Element Polo Light Blue,0.0,0,53640,53640,53640,0,0,0.0,100.0,1,high,23.99,7,3,none,,27,https://www.musinsa.com/products/3888027
2026-09-03,브라운야드,3891739,"W 울 와이드 팬츠, 차콜",0.0,0,99000,99000,99000,0,0,0.0,60.72,0,low,24.0,6,2,none,,27,https://www.musinsa.com/products/3891739
2026-09-03,브라운야드,3891867,"워시드 트렌치 코트, 워시드 블랙",0.0,0,199000,199000,199000,0,0,0.0,60.73,0,low,24.0,6,2,none,,27,https://www.musinsa.com/products/3891867
2026-09-03,999휴머니티,3892315,워크 발란스 코트 (퍼플 그레이),0.0,0,318000,318000,318000,0,0,0.0,64.3,0,low,24.0,4,1,none,,27,https://www.musinsa.com/products/3892315
2026-09-03,트립르센스,3892955,[유튜버 PICK] 매트 커브드 버클 레더 벨트_브라운,0.0,0,38400,38400,38400,0,0,0.0,60.73,0,low,24.0,6,2,none,,27,https://www.musinsa.com/products/3892955
2026-09-03,어반드레스,3901595,High-neck Half Zip-up Crop Knit -3COL,0.0,0,44500,44500,44500,0,0,0.0,100.0,1,high,24.02,7,3,none,,27,https://www.musinsa.com/products/3901595
2026-09-03,디스이즈네버댓,3904795,2010 Original Crewneck Forest,0.0,0,44500,44500,44500,0,0,0.0,100.0,1,high,24.28,5,2,none,,27,https://www.musinsa.com/products/3904795
2026-09-03,커버낫,3905051,스트라이프 크로셰 하프 니트 블랙,0.0,0,49000,49000,49000,0,0,0.0,100.0,1,high,24.28,5,2,none,,27,https://www.musinsa.com/products/3905051
2026-09-03,아캄,3905755,Studded Cotton Blazer (Khaki),0.0,0,132300,132300,132300,0,0,0.0,64.3,0,low,24.0,4,1,none,,27,https://www.musinsa.com/products/3905755
2026-09-03,솔트앤초콜릿,3907547,와이드 밴딩 슬랙스 블랙 4W241V002,0.0,0,69440,69440,65100,1,4340,6.67,100.0,1,medium,23.98,6,3,none,,27,https://www.musinsa.com/products/3907547
2026-09-03,카비시,3910683,W HOODED VEST WIND BREAKER SKY BLUE(CV2EMFB962A),0.0,0,59500,59500,,0,,,18.35,0,low,6.27,2,1,none,,27,https://www.musinsa.com/products/3910683
2026-09-03,디스이즈네버댓,3920603,Flight Cargo Short - Olive Green,0.0,0,39600,39600,39600,0,0,0.0,100.0,1,high,24.29,5,2,none,,27,https://www.musinsa.com/products/3920603
2026-09-03,디스이즈네버댓,3920667,Torn Rayon S/S Shirt Multi,0.0,0,50000,50000,50000,0,0,0.0,100.0,1,high,24.29,5,2,none,,27,https://www.musinsa.com/products/3920667
2026-09-03,링서울,3922203,leather blouson jacket-black,1.0,148320,148320,131840,148320,1,-16480,-11.11,60.74,0,low,6.61,16,5,none,,27,https://www.musinsa.com/products/3922203
2026-09-03,브라운야드,3922843,"파라슈트 팬츠, 올리브 그레이",0.0,0,124600,124600,124600,0,0,0.0,60.74,0,low,24.0,6,2,none,,27,https://www.musinsa.com/products/3922843
2026-09-03,브라운야드,3922971,"마운틴 파카, 올리브",0.0,0,199000,199000,199000,0,0,0.0,60.74,0,low,24.0,6,2,none,,27,https://www.musinsa.com/products/3922971
2026-09-03,999휴머니티,3925659,EVD 스웻 맨투맨 (핑크),0.0,0,89000,89000,89000,0,0,0.0,64.3,0,low,24.0,4,1,none,,27,https://www.musinsa.com/products/3925659
2026-09-03,커버낫,3926683,그라데이션 스트라이프 티셔츠 베이지,0.0,0,29000,29000,29000,0,0,0.0,100.0,1,high,24.29,5,2,none,,27,https://www.musinsa.com/products/3926683
2026-09-03,예스아이씨,3928923,Tulrexx Air Brushed L/S Slate,0.0,0,45000,45000,,0,,,31.34,0,low,8.3,3,1,none,,27,https://www.musinsa.com/products/3928923
2026-09-03,론론,3937307,SNAP OPEN SWEAT CARDIGAN MELANGE GREY,0.0,0,55440,55440,62370,1,-6930,-11.11,100.0,1,medium,24.02,7,3,none,,27,https://www.musinsa.com/products/3937307
2026-09-03,프렌다,3939227,ROUND LOGO RAGLAN SWEATSHIRT BLACK,0.0,0,27600,27600,34500,1,-6900,-20.0,100.0,1,medium,23.99,7,3,none,,27,https://www.musinsa.com/products/3939227
2026-09-03,어나더오피스,3939803,[SS] Santiago Chino Pants (Black),0.0,0,165000,165000,165000,0,0,0.0,81.66,0,low,24.02,6,3,none,,27,https://www.musinsa.com/products/3939803
2026-09-03,에이치덱스,3940187,팀 85 슬리브리스 (Yellow),0.0,0,25350,25350,25350,0,0,0.0,81.66,0,low,25.16,4,1,none,,27,https://www.musinsa.com/products/3940187
2026-09-03,키르시,3940571,컬렉션 하프 슬리브 크롭 니트 [핑크],0.0,0,39500,39500,39500,0,0,0.0,100.0,1,high,24.29,5,2,none,,27,https://www.musinsa.com/products/3940571
2026-09-03,피지컬가먼츠,3940827,P5022 우먼 라인 브이넥 크롭긴팔 [3 COLOR],0.0,0,38000,38000,,0,,,25.09,0,low,12.7,3,1,none,,27,https://www.musinsa.com/products/3940827
2026-09-03,디키즈,3940891,토마스빌 루즈핏 데님팬츠 Black,0.0,0,64080,64080,,0,,,18.34,0,low,6.27,2,1,none,,27,https://www.musinsa.com/products/3940891
2026-09-03,썬러브투어,3942235,Polartec® Delta Mockneck L/S Tee Ivory,0.0,0,59600,59600,48880,1,10720,21.93,100.0,1,medium,23.99,7,3,none,,27,https://www.musinsa.com/products/3942235
2026-09-03,틸아이다이,3947739,Race texured frill blouse_Ivory,0.0,0,75140,75140,75140,0,0,0.0,100.0,1,high,23.98,6,3,none,,27,https://www.musinsa.com/products/3947739
2026-09-03,더니트컴퍼니,3949979,수피마 코튼 하프 셔츠 [미드그레이],0.0,0,21200,21200,21200,0,0,0.0,81.66,0,low,25.16,4,1,none,,27,https://www.musinsa.com/products/3949979
2026-09-03,데비웨어,3954267,이븐 스퀘어넥 티셔츠 DEVI-T0101-머스타드,0.0,0,24700,24700,,0,,,9.66,0,low,7.05,2,1,none,,27,https://www.musinsa.com/products/3954267
2026-09-03,브라운야드,3956571,"니트 피케 셔츠, 라이트 그레이",0.0,0,99000,99000,99000,0,0,0.0,60.75,0,low,24.0,6,2,none,,27,https://www.musinsa.com/products/3956571
2026-09-03,무드인사이드,3958939,(summer)스톤 아이스 세미오버 RN셔츠 _Blue,0.0,0,35900,35900,35900,0,0,0.0,100.0,1,high,23.99,7,3,none,,27,https://www.musinsa.com/products/3958939
2026-09-03,마인드브릿지,3963035,유틸리티나일론트러커 MYJP3141,0.0,0,59900,59900,59900,0,0,0.0,90.35,0,low,24.25,4,1,none,,27,https://www.musinsa.com/products/3963035
2026-09-03,락케이크,3964379,Lace Line 2way Jogger - Gray,1.0,44100,44100,44100,44100,0,0,0.0,100.0,1,high,12.7,12,6,none,,27,https://www.musinsa.com/products/3964379
2026-09-03,슈퍼서브,3966427,샌드 워싱 데님 쇼츠 - 라이트 블루,0.78,7713,9900,9900,9900,0,0,0.0,81.67,0,low,25.16,8,1,none,,27,https://www.musinsa.com/products/3966427
2026-09-03,오픈야드(오와이),3967259,BOX STAMP T-WHITE,0.0,0,27600,27600,,0,,,25.08,0,low,12.7,3,1,none,,27,https://www.musinsa.com/products/3967259
2026-09-03,팬시클럽,3967771,[NF] 마일드 하찌 니트 가디건_(KHAKI)_F24QB302,0.0,0,39000,39000,,0,,,25.08,0,low,12.7,3,1,none,,27,https://www.musinsa.com/products/3967771
2026-09-03,파르티멘토 우먼,3973723,더블 레이어드 웨이스트 카고 팬츠_라이트 카키,0.0,0,100080,100080,112590,1,-12510,-11.11,90.35,0,low,24.25,4,1,none,,27,https://www.musinsa.com/products/3973723
2026-09-03,라티젠,3973787,L10 STRIPE PUFF KNIT(BLACK),0.0,0,56400,56400,,0,,,27.64,0,low,10.31,3,1,none,,27,https://www.musinsa.com/products/3973787
2026-09-03,파르티멘토 우먼,3973915,레이스 플레어 맥시 스커트_차콜,0.0,0,44640,44640,50220,1,-5580,-11.11,90.35,0,low,24.25,4,1,none,,27,https://www.musinsa.com/products/3973915
2026-09-03,키뮤어,3974619,하프집업 반팔 니트_그레이쉬 블루,0.0,0,20700,20700,20700,0,0,0.0,100.0,1,high,24.02,7,3,none,,27,https://www.musinsa.com/products/3974619
2026-09-03,내셔널지오그래픽,3976411,하바나 캐리어 28형 VIOLET,0.0,0,299000,299000,,0,,,25.08,0,low,12.7,3,1,none,,27,https://www.musinsa.com/products/3976411
2026-09-03,밈더워드로브,3976475,에이지 원턱 데님 팬츠_베이지,0.0,0,103200,103200,,0,,,18.33,0,low,6.27,2,1,none,,27,https://www.musinsa.com/products/3976475
2026-09-03,키뮤어,3976539,린넨 체크 웨스턴 라인 반팔 셔츠_네이비,0.0,0,34500,34500,34500,0,0,0.0,100.0,1,high,24.02,7,3,none,,27,https://www.musinsa.com/products/3976539
2026-09-03,어반에이지,3985243,버뮤다 와이드 스웨트 숏 팬츠_그레이,0.0,0,15120,15120,,0,,,27.63,0,low,10.31,3,1,none,,27,https://www.musinsa.com/products/3985243
2026-09-03,어반에이지,3985883,Summer Night 오버 반팔_마젠타핑크,0.0,0,18000,18000,,0,,,27.63,0,low,10.31,3,1,none,,27,https://www.musinsa.com/products/3985883
2026-09-03,마인드브릿지,3989403,[쿨]테이퍼드투톤밴딩팬츠 - 2color MYPT3102,0.0,0,39900,39900,39900,0,0,0.0,90.36,0,low,24.25,4,1,none,,27,https://www.musinsa.com/products/3989403
2026-09-03,리브레너,3993179,선샤인 피그먼트 오버핏 반팔티셔츠 핫핑크,0.0,0,24900,24900,,0,,,25.07,0,low,12.7,3,1,none,,27,https://www.musinsa.com/products/3993179
2026-09-03,유니온스튜디오,3996891,( 2Pack ) 루즈핏 베이직 실키 긴팔티 ( 4Color ),1.42,41091,28900,28900,,0,,,25.07,0,low,12.7,3,1,none,3,27,https://www.musinsa.com/products/3996891
2026-09-03,유니온스튜디오,3997083,( 2Pack ) 루즈핏 베이직 실키 반팔티 ( 6Color ),0.47,11800,24900,24900,,0,,,25.07,0,low,12.7,3,1,none,1,27,https://www.musinsa.com/products/3997083
2026-09-03,시눈,3997531,[지현서 착용] Pattern Scrunch (Apricot),0.0,0,16130,16130,16130,0,0,0.0,64.32,0,low,24.0,4,1,none,,27,https://www.musinsa.com/products/3997531
2026-09-03,키르시,3997915,핫픽스 트럼펫 데님 스커트 [블루],0.0,0,64500,64500,64500,0,0,0.0,100.0,1,high,24.3,5,2,none,,27,https://www.musinsa.com/products/3997915
2026-09-03,아웃스탠딩,3997979,V.S.C TEE(GOLD COAST RUNNERS)_NAVY,0.0,0,38700,38700,38700,0,0,0.0,85.81,0,low,13.97,6,2,none,,27,https://www.musinsa.com/products/3997979
2026-09-03,유희,3998619,ONE SHOULDER LOGO SLEEVELESS WHITE,0.0,0,33320,33320,,0,,,31.3,0,low,8.3,3,1,none,,27,https://www.musinsa.com/products/3998619
2026-09-03,로라로라,4002331,MAISON DE ROLA EMBROIDERY T-SHIRT BLACK,0.0,0,30960,30960,,0,,,27.62,0,low,10.31,3,1,none,,27,https://www.musinsa.com/products/4002331
2026-09-03,에스피오나지,4008283,Wyoming Cowboys Heavyweight Tee Off White,0.9,29773,32900,32900,32900,0,0,0.0,100.0,1,high,24.02,7,3,none,,27,https://www.musinsa.com/products/4008283
2026-09-03,그레이버,4009563,베어 헤드 스마일 맨즈 드로즈 1팩_블랙,0.0,0,9950,9950,,0,,,31.3,0,low,8.3,3,1,none,,27,https://www.musinsa.com/products/4009563
2026-09-03,썸웨어버터,4012699,PP mini backpack - silver,0.0,0,139000,139000,139000,0,0,0.0,60.76,0,low,24.0,6,2,none,,27,https://www.musinsa.com/products/4012699
2026-09-03,가까이유니언즈,4013019,샌드 비치 피그먼트 버뮤다 팬츠 다이브 블루,0.0,0,34400,34400,34400,0,0,0.0,100.0,1,high,24.0,6,2,none,,27,https://www.musinsa.com/products/4013019
2026-09-03,라이프워크,4019867,스페이스런 블랙 뮬,0.0,0,46550,46550,,0,,,31.29,0,low,8.3,3,1,none,,27,https://www.musinsa.com/products/4019867
2026-09-03,데비웨어,4020763,줄리아 골지 롱슬리브 DEVI-T0092-살몬핑크,0.0,0,23370,23370,,0,,,9.63,0,low,7.05,2,1,none,,27,https://www.musinsa.com/products/4020763
2026-09-03,코드그라피,4023835,(우먼) COOL 절개 4부 쇼츠_스카이블루,0.0,0,14710,14710,14710,0,0,0.0,81.69,0,low,25.16,4,1,none,,27,https://www.musinsa.com/products/4023835
2026-09-03,엘엠씨,4024603,THE CITY MESH 5PANEL CAP dark pink,0.0,0,27000,27000,,0,,,18.31,0,low,6.26,2,1,none,,27,https://www.musinsa.com/products/4024603
2026-09-03,커버낫,4024667,린넨 쇼츠 아이보리,0.0,0,29000,29000,29000,0,0,0.0,100.0,1,high,24.3,5,2,none,,27,https://www.musinsa.com/products/4024667
2026-09-03,오픈야드(오와이),4024731,N/C SNAP PANTS-KHAKI,0.0,0,74500,74500,,0,,,25.06,0,low,12.7,3,1,none,,27,https://www.musinsa.com/products/4024731
2026-09-03,해비즘,4036507,LLF UNIFORM S/S TEE(SKY BLUE),0.0,0,20250,20250,20250,0,0,0.0,60.77,0,low,23.99,6,2,none,,27,https://www.musinsa.com/products/4036507
2026-09-03,디스이즈네버댓,4037019,Old Truck Tee Lemon,0.39,7732,19600,19600,19600,0,0,0.0,100.0,1,high,24.3,5,2,none,,27,https://www.musinsa.com/products/4037019
2026-09-03,꼼파뇨,4038043,스크림 피그먼트 반팔티 다크블루,0.0,0,32500,32500,32500,0,0,0.0,90.38,0,low,24.25,4,1,none,,27,https://www.musinsa.com/products/4038043
2026-09-03,언더오프,4038299,오버핏 크루넥 그래피티 백로고 반팔 티셔츠 화이트그린,0.0,0,23900,23900,23900,0,0,0.0,100.0,1,high,24.3,5,2,none,,27,https://www.musinsa.com/products/4038299
2026-09-03,필루미네이트,4042523,태그 로고 피그먼트 티셔츠-3Color,0.0,0,25000,25000,25000,0,0,0.0,60.78,0,low,24.0,6,2,none,,27,https://www.musinsa.com/products/4042523
2026-09-03,라이프워크,4044379,여성) 인디고 베이직 9부 데님 팬츠,0.0,0,119000,119000,,0,,,31.28,0,low,8.3,3,1,none,,27,https://www.musinsa.com/products/4044379
2026-09-03,유니폼브릿지,4047835,open collar roll-up shirt(womens) pink,0.0,0,41710,41710,41710,0,0,0.0,100.0,1,high,23.98,6,3,none,,27,https://www.musinsa.com/products/4047835
2026-09-03,원헌드레드퍼센트,4049307,OHPxHARMONIA 하마 피그먼트 반팔티,0.0,0,43500,43500,,0,,,9.62,0,low,7.05,2,1,none,,27,https://www.musinsa.com/products/4049307
2026-09-03,킴지수,4049755,Chain Link Ring Bracelet - Heart _ BLUE,0.0,0,37700,37700,,0,,,9.62,0,low,7.05,2,1,none,,27,https://www.musinsa.com/products/4049755
2026-09-03,라이프워크,4053083,여성) 릴렉싱 스트레치 점프수트,0.0,0,89000,89000,,0,,,31.28,0,low,8.3,3,1,none,,27,https://www.musinsa.com/products/4053083
2026-09-03,디미트리블랙,4055771,VLAD 피그먼트 슬래쉬 반팔 티셔츠_차콜,0.0,0,26900,26900,26900,0,0,0.0,100.0,1,high,24.3,5,2,none,,27,https://www.musinsa.com/products/4055771
2026-09-03,미니멀프로젝트,4062555,로버스트 헤비 오버핏 피그먼트 반팔티셔츠 MST153 [GREEN],0.0,0,28900,28900,,0,,,27.59,0,low,10.31,3,1,none,,27,https://www.musinsa.com/products/4062555
2026-09-03,어나더오피스,4063643,Volume Shirt (Mild Brown),0.0,0,80600,80600,80600,0,0,0.0,81.72,0,low,24.02,6,3,none,,27,https://www.musinsa.com/products/4063643
2026-09-03,시눈,4065051,Flower Puff T-Shirt (White),0.0,0,26720,26720,26720,0,0,0.0,64.34,0,low,24.0,4,1,none,,27,https://www.musinsa.com/products/4065051
2026-09-03,튜드먼트,4065115,FLORAL MOTIF T-SHIRT IVORY,0.0,0,37760,37760,,0,,,27.59,0,low,10.31,3,1,none,,27,https://www.musinsa.com/products/4065115
2026-09-03,론론,4065371,PINTUCK LACE PUFF MINI DRESS IVORY,0.0,0,79200,79200,89100,1,-9900,-11.11,100.0,1,medium,24.02,7,3,none,,27,https://www.musinsa.com/products/4065371
2026-09-03,예스아이씨,4066779,Y.E.S Eagles Park Kids Tee White,0.0,0,39200,39200,,0,,,31.27,0,low,8.3,3,1,none,,27,https://www.musinsa.com/products/4066779
2026-09-03,비디알,4067035,FISHERMAN T-SHIRT [Sailor Blue],0.0,0,69000,69000,,0,,,9.61,0,low,7.05,2,1,none,,27,https://www.musinsa.com/products/4067035
2026-09-03,레더리,4067611,카고 데님 미니 스커트 [VINTAGE BLUE],0.89,30481,34080,34080,34080,0,0,0.0,90.39,0,low,24.26,4,1,none,,27,https://www.musinsa.com/products/4067611
2026-09-03,브라운야드,4069595,"에센셜 티셔츠, 베이지",0.0,0,38000,38000,38000,0,0,0.0,60.79,0,low,23.99,6,2,none,,27,https://www.musinsa.com/products/4069595
2026-09-03,매스노운,4074779,스네이크 리얼 오버핏 반팔티 티셔츠 MSFTS004-BR,0.0,0,34300,34300,,0,,,18.27,0,low,6.26,2,1,none,,27,https://www.musinsa.com/products/4074779
2026-09-03,언노운플라넷,4076187,라인 슬릿 데님 팬츠 블루,0.0,0,59800,59800,,0,,,9.6,0,low,7.05,2,1,none,,27,https://www.musinsa.com/products/4076187
2026-09-03,미니멀프로젝트,4077339,시그니처 실리콘 로고 반팔티셔츠 MST160 [WHITE],0.0,0,24900,24900,,0,,,27.58,0,low,10.31,3,1,none,,27,https://www.musinsa.com/products/4077339
2026-09-03,더콜디스트모먼트,4078107,TCM shirring half pants (brown),0.0,0,54500,54500,,0,,,25.05,0,low,12.7,3,1,none,,27,https://www.musinsa.com/products/4078107
2026-09-03,제멋,4080155,에픽 라이크 린넨 반팔 카라 니트 블루 SOKN2562,0.0,0,38900,38900,38900,0,0,0.0,100.0,1,high,24.02,7,3,none,,27,https://www.musinsa.com/products/4080155
2026-09-03,코드그라피,4083739,SUNNY DAYS 반팔 티셔츠_블루,0.0,0,17600,17600,17600,0,0,0.0,81.74,0,low,25.16,4,1,none,,27,https://www.musinsa.com/products/4083739
2026-09-03,어반에이지,4084891,[2PACK] 오리지날 어반에이지 2017 오버 반팔 (4COLOR),0.0,0,31000,31000,,0,,,27.58,0,low,10.31,3,1,none,,27,https://www.musinsa.com/products/4084891
2026-09-03,에이치덱스,4089691,아쿠아 롱 슬리브 래쉬가드 (White),0.0,0,41300,41300,41300,0,0,0.0,81.74,0,low,25.16,4,1,none,,27,https://www.musinsa.com/products/4089691
2026-09-03,엑스트라오디너리,4090075,LAYERD SHORTS   IVORY,0.0,0,64500,64500,64500,0,0,0.0,90.41,0,low,24.26,4,1,none,,27,https://www.musinsa.com/products/4090075
2026-09-03,레이지비,4091227,드라이쿨링 레터링 루즈핏 롱 슬리브 래쉬가드 W 화이트,0.0,0,29900,29900,,0,,,31.26,0,low,8.3,3,1,none,,27,https://www.musinsa.com/products/4091227
2026-09-03,게인스보로,4092443,[쿨코튼] 레터링 뉴로고 티셔츠_블랙,0.0,0,21500,21500,,0,,,25.04,0,low,12.7,3,1,none,,27,https://www.musinsa.com/products/4092443
2026-09-03,퍼스텝,4092571,스노우 워시드 반팔 다크그레이 KHST4628,0.0,0,27900,27900,,0,,,9.59,0,low,7.05,2,1,none,,27,https://www.musinsa.com/products/4092571
2026-09-03,원헌드레드퍼센트,4093723,OHPxHARMONIA4 호랭로즈 피그먼트 반팔티Pn,0.0,0,43500,43500,,0,,,9.59,0,low,7.05,2,1,none,,27,https://www.musinsa.com/products/4093723
2026-09-03,트래드클럽,4094875,하트 로고 캡,0.0,0,55000,55000,,0,,,9.58,0,low,7.05,2,1,none,,27,https://www.musinsa.com/products/4094875
2026-09-03,프리즘웍스,4095899,POUCH POCKET SWEAT SHORTS _ BLACK BROWN,0.0,0,39000,39000,39000,0,0,0.0,100.0,1,high,24.02,7,3,none,,27,https://www.musinsa.com/products/4095899
2026-09-03,핍스모터사이클,4097883,Original Wing Small logo T-shirt Dark pink,0.0,0,42000,42000,,0,,,9.58,0,low,7.05,2,1,none,,27,https://www.musinsa.com/products/4097883
2026-09-03,어나더오피스,4098331,Current Silk V-neck Knit (Mild Brown),0.0,0,124200,124200,124200,0,0,0.0,81.75,0,low,24.02,6,3,none,,27,https://www.musinsa.com/products/4098331
2026-09-03,더블유엠씨,4101915,라인 윈드브레이커_PINK,0.0,0,71550,71550,71550,0,0,0.0,60.8,0,low,24.0,6,2,none,,27,https://www.musinsa.com/products/4101915
2026-09-03,시야쥬,4103707,SITP5154 실켓 루즈핏 U넥 반팔티_Ivory,0.0,0,30600,30600,30600,0,0,0.0,100.0,1,low,24.31,4,2,none,,27,https://www.musinsa.com/products/4103707
2026-09-03,마인드브릿지,4104603,하프집업카라니트 - 3color MYKT31N2,0.0,0,29900,29900,29900,0,0,0.0,90.42,0,low,24.26,4,1,none,,27,https://www.musinsa.com/products/4104603
2026-09-03,시야쥬,4107099,SIAC3046 소가죽 우드굽 샌들_Cream,0.0,0,177300,177300,177300,0,0,0.0,100.0,1,high,24.31,5,2,none,,27,https://www.musinsa.com/products/4107099
2026-09-03,유라고,4109915,Edition eco bag,0.0,0,26600,26600,26600,0,0,0.0,64.35,0,low,24.0,4,1,none,,27,https://www.musinsa.com/products/4109915
2026-09-03,라이프워크,4112539,와샤 라독 와펜 버킷햇,0.0,0,69000,69000,,0,,,31.25,0,low,8.3,3,1,none,,27,https://www.musinsa.com/products/4112539
2026-09-03,그레이버,4115163,[UNISEX-24]스몰 드로잉스마일 반팔티_블랙/레드 로고,0.0,0,27820,27820,,0,,,31.24,0,low,8.3,3,1,none,,27,https://www.musinsa.com/products/4115163
2026-09-03,지프,4116123,[에디션] 캠핑 나일론 반바지 (JP5PTU851NA),0.0,0,54900,54900,,0,,,31.24,0,low,8.3,3,1,none,,27,https://www.musinsa.com/products/4116123
2026-09-03,와이케이,4117595,체크 복서 쇼츠 블루,0.0,0,23600,23600,23600,0,0,0.0,60.8,0,low,24.0,6,2,none,,27,https://www.musinsa.com/products/4117595
2026-09-03,더블유엠씨,4120731,[히나‘s pick] 복서 돌핀 팬츠_BROWN,0.0,0,20700,20700,20700,0,0,0.0,60.8,0,low,24.0,6,2,none,,27,https://www.musinsa.com/products/4120731
2026-09-03,테이크이지,4125787,자이언트핏 8부 워시드 데님팬츠 (라이트블루),0.0,0,29500,29500,29500,0,0,0.0,60.54,0,low,24.31,5,1,none,,27,https://www.musinsa.com/products/4125787
2026-09-03,언더오프,4126683,오버핏 크루넥 나인티스팝 로고 반팔 티셔츠 블랙,0.0,0,17900,17900,17900,0,0,0.0,100.0,1,high,24.31,5,2,none,,27,https://www.musinsa.com/products/4126683
2026-09-03,엔와이엑스엑스,4128091,GLOW P.O.M TEE CHARCOAL,0.0,0,29400,29400,,0,,,31.23,0,low,8.3,3,1,none,,27,https://www.musinsa.com/products/4128091
2026-09-03,메인부스,4132187,[패트와매트] QnA 티셔츠(블랙),3.9,104868,26900,26900,26900,0,0,0.0,100.0,1,high,25.16,6,2,none,,27,https://www.musinsa.com/products/4132187
2026-09-03,브이투,4132699,바이오 박시 오버핏 롤업 하프 셔츠_화이트,0.0,0,10200,10200,,0,,,18.25,0,low,6.25,2,1,none,,27,https://www.musinsa.com/products/4132699
2026-09-03,썸웨어버터,4132763,May Lace Mini Dress - Ivory,0.0,0,159000,159000,159000,0,0,0.0,60.81,0,low,23.99,6,2,none,,27,https://www.musinsa.com/products/4132763
2026-09-03,커버낫우먼,4133915,우먼 아치 클로버하트 셋업 맨투맨 Black,0.0,0,48300,48300,,0,,,9.56,0,low,7.05,2,1,none,,27,https://www.musinsa.com/products/4133915
2026-09-03,리브레너,4133979,유니버시티 오버사이즈 쿨코튼 반팔티셔츠 그린화이트,0.0,0,21900,21900,,0,,,25.02,0,low,12.7,3,1,none,,27,https://www.musinsa.com/products/4133979
2026-09-03,커버낫우먼,4134235,클로버하트 엠마 라운드 토트백 Black,0.0,0,55300,55300,,0,,,9.56,0,low,7.05,2,1,none,,27,https://www.musinsa.com/products/4134235
2026-09-03,커버낫우먼,4134619,우먼 부클 하프 니트 Blue,0.0,0,62300,62300,,0,,,9.55,0,low,7.05,2,1,none,,27,https://www.musinsa.com/products/4134619
2026-09-03,커버낫우먼,4134747,클로버하트 PU 헤어밴드 Ivory,0.0,0,17500,17500,,0,,,9.55,0,low,7.05,2,1,none,,27,https://www.musinsa.com/products/4134747
2026-09-03,앵글런,4136603,Around Canvas Big Tote Bag - Burgundy,0.0,0,113400,113400,,0,,,27.57,0,low,10.31,3,1,none,,27,https://www.musinsa.com/products/4136603
2026-09-03,파르티멘토 우먼,4137435,쉬어 아노락 크루넥_네이비,0.0,0,54720,54720,61560,1,-6840,-11.11,90.46,0,low,24.27,4,1,none,,27,https://www.musinsa.com/products/4137435
2026-09-03,제이엘브,4138523,APLQ 바스켓볼 쇼츠,0.0,0,37800,37800,37800,0,0,0.0,60.82,0,low,23.99,6,2,none,,27,https://www.musinsa.com/products/4138523
2026-09-03,렌세,4139099,Silver Heart Keyring T-Shirt White,0.0,0,24840,24840,,0,,,27.57,0,low,10.31,3,1,none,,27,https://www.musinsa.com/products/4139099
2026-09-03,워크온바디오프,4141851,WOBO 제로 슬랙스 [샌드베이지],0.0,0,31800,31800,31800,0,0,0.0,100.0,1,high,24.31,5,2,none,,27,https://www.musinsa.com/products/4141851
2026-09-03,노앙,4141915,TAPING LINEN SHIRT BEIGE,0.0,0,124800,124800,,0,,,18.24,0,low,6.26,2,1,none,,27,https://www.musinsa.com/products/4141915
2026-09-03,어나더오피스,4149467,Volume Garment Shirt (Almost Black),0.0,0,118000,118000,118000,0,0,0.0,81.76,0,low,24.02,6,3,none,,27,https://www.musinsa.com/products/4149467
2026-09-03,레이지비,4151835,에어브리드 남녀 반바지 멀티스포츠 웨어 W 쇼츠(3컬러),0.0,0,12900,12900,,0,,,31.2,0,low,8.3,3,1,none,,27,https://www.musinsa.com/products/4151835
2026-09-03,레터리,4154203,VOLUME CABLE HALF CARDIGAN_PINK,0.0,0,82560,82560,,0,,,31.2,0,low,8.3,3,1,none,,27,https://www.musinsa.com/products/4154203
2026-09-03,라이크더모스트,4161179,[SET] 글로브 티셔츠 & 버뮤다 핀턱팬츠,0.0,0,48600,48600,,0,,,18.23,0,low,6.25,2,1,none,,27,https://www.musinsa.com/products/4161179
2026-09-03,바이젝,4161691,퍼펙트 특양면 로고 오버핏 긴팔 티셔츠_2Color,0.0,0,41400,41400,41400,0,0,0.0,100.0,1,high,24.31,5,2,none,,27,https://www.musinsa.com/products/4161691
2026-09-03,그레이버,4162395,[UNISEX]블루 페인팅 빅 베어스마일 반팔티_블랙,0.0,0,29900,29900,,0,,,31.2,0,low,8.3,3,1,none,,27,https://www.musinsa.com/products/4162395
2026-09-03,론론,4167195,BANDING TUBE TOP SLEEVELESS MINI DRESS BLACK,0.0,0,39600,39600,39600,0,0,0.0,100.0,1,high,24.02,7,3,none,,27,https://www.musinsa.com/products/4167195
2026-09-03,아틀리에나인,4186523,BACK OPEN MINIMAL DRESS(OP-6168),0.0,0,83400,83400,83400,0,0,0.0,100.0,1,high,24.0,6,2,none,,27,https://www.musinsa.com/products/4186523
2026-09-03,링서울,4193051,soft banded shorts-pink,0.0,0,43920,43920,49410,1,-5490,-11.11,60.84,0,low,23.99,6,2,none,,27,https://www.musinsa.com/products/4193051
2026-09-03,아티스트웨어,4198043,[ATW] 썸머비치 반팔티,0.0,0,34300,34300,,0,,,25.0,0,low,12.7,3,1,none,,27,https://www.musinsa.com/products/4198043
2026-09-03,파르티멘토 우먼,4204507,쉬어 미디 스커트_퍼플 베이지,0.0,0,35280,35280,39690,1,-4410,-11.11,90.51,0,low,24.28,4,1,none,,27,https://www.musinsa.com/products/4204507
2026-09-03,제멋,4214427,이지썸머 나일론 하프팬츠 차콜 OYSP2566,0.0,0,25900,25900,25900,0,0,0.0,100.0,1,high,24.02,7,3,none,,27,https://www.musinsa.com/products/4214427
2026-09-03,엠엘비,4228443,커브 러너 NY (Grey),0.0,0,125100,125100,,0,,,27.55,0,low,10.31,3,1,none,,27,https://www.musinsa.com/products/4228443
2026-09-03,유라고,4236507,"URAGO x fi,ore Square keyring",0.0,0,60040,60040,60040,0,0,0.0,64.36,0,low,24.0,4,1,none,,27,https://www.musinsa.com/products/4236507
2026-09-03,튜드먼트,4238683,V NECK KNIT VEST PINK,0.0,0,50560,50560,,0,,,27.55,0,low,10.31,3,1,none,,27,https://www.musinsa.com/products/4238683
2026-09-03,파르티멘토 우먼,4245467,스터디드 오프숄더 니트 탑_레드,0.0,0,55200,55200,62100,1,-6900,-11.11,90.53,0,low,24.28,4,1,none,,27,https://www.musinsa.com/products/4245467
2026-09-03,케이엔드,4246619,터키석 & 호건비즈 목걸이,0.0,0,29400,29400,,0,,,18.22,0,low,6.25,2,1,none,,27,https://www.musinsa.com/products/4246619
2026-09-03,레더리,4249691,브루클린 스웨이드 쇼퍼백 [BLACK],0.0,0,36480,36480,36480,0,0,0.0,90.54,0,low,24.28,4,1,none,,27,https://www.musinsa.com/products/4249691
2026-09-03,수아레,4252507,디트로이드 트러커 데님 자켓,0.0,0,57500,57500,57500,0,0,0.0,90.55,0,low,24.28,3,1,none,,27,https://www.musinsa.com/products/4252507
2026-09-03,디앤에스알,4252635,(우먼) 헤리티지 크롭 티셔츠 네이비,0.0,0,36000,36000,36000,0,0,0.0,64.37,0,low,24.0,4,1,none,,27,https://www.musinsa.com/products/4252635
2026-09-03,데상트,4252827,시티 리프트 슬립온 베이지(SP323LCR84),0.0,0,84500,84500,,0,,,31.17,0,low,8.3,3,1,none,,27,https://www.musinsa.com/products/4252827
2026-09-03,필루미네이트,4256347,브러쉬 워시드 데님 팬츠-블랙,0.0,0,37000,37000,37000,0,0,0.0,60.85,0,low,23.99,6,2,none,,27,https://www.musinsa.com/products/4256347
2026-09-03,1993스튜디오,4258779,엔젤 코듀로이 볼캡_브릭,0.0,0,38500,38500,38500,0,0,0.0,100.0,1,high,24.32,5,2,none,,27,https://www.musinsa.com/products/4258779
2026-09-03,1993스튜디오,4259035,드로잉 그래픽 스웨트 셔츠_오트베이지,0.0,0,19000,19000,44500,1,-25500,-57.3,100.0,1,medium,24.32,5,2,none,,27,https://www.musinsa.com/products/4259035
2026-09-03,러프사이드,4259227,Wool Field Jacket Dark Navy,0.0,0,288000,288000,288000,0,0,0.0,64.37,0,low,24.0,4,1,none,,27,https://www.musinsa.com/products/4259227
2026-09-03,1993스튜디오,4259291,빈티지 피그먼트 벌룬핏 후드 집업_더스티핑크,0.0,0,79200,79200,79200,0,0,0.0,100.0,1,high,24.32,5,2,none,,27,https://www.musinsa.com/products/4259291
2026-09-03,아웃스탠딩,4260763,VINTAGE COTTON BALL CAP(BACKCAST)_BROWN/BEIGE,0.0,0,22500,22500,22500,0,0,0.0,100.0,1,high,23.98,6,5,none,,27,https://www.musinsa.com/products/4260763
2026-09-03,언더오프,4261979,어센틱 릴렉스드 유니버시티 맨투맨 스웨트 그린,0.0,0,34900,34900,34900,0,0,0.0,100.0,1,high,24.32,5,2,none,,27,https://www.musinsa.com/products/4261979
2026-09-03,테켓,4265179,Plan L/S Tee Melange Gray,0.9,55621,61750,61750,,0,,,31.16,0,low,8.3,3,1,none,1,27,https://www.musinsa.com/products/4265179
2026-09-03,제너럴아이디어,4266587,에센셜 리브드 브이넥 가디건 [BLACK] / WBD3L04502,0.0,0,47000,47000,47000,0,0,0.0,100.0,1,high,23.98,6,3,none,,27,https://www.musinsa.com/products/4266587
2026-09-03,데상트,4268315,러닝 힙색 M 베이지(SP323RBG70),0.0,0,39500,39500,,0,,,31.16,0,low,8.3,3,1,none,,27,https://www.musinsa.com/products/4268315
2026-09-03,리메인세컨드,4272219,오버핏 하프집업 카라넥 스웨트 셔츠 [그레이],0.0,0,25500,25500,25500,0,0,0.0,64.37,0,low,24.0,4,1,none,,27,https://www.musinsa.com/products/4272219
2026-09-03,드로우핏우먼,4274011,미니멀 케이블 브이넥 가디건 [PINK],0.0,0,66600,66600,66600,0,0,0.0,100.0,1,high,23.99,7,3,none,,27,https://www.musinsa.com/products/4274011
2026-09-03,노매뉴얼,4279515,NM HAIRY BEANIE - KHAKI,0.0,0,35100,35100,35100,0,0,0.0,90.55,0,low,24.28,4,1,none,,27,https://www.musinsa.com/products/4279515
2026-09-03,노매뉴얼,4279899,RAW EDGE DOUBLE KNEE PANTS - WASHED BLACK,0.0,0,51600,51600,51600,0,0,0.0,90.56,0,low,24.28,4,1,none,,27,https://www.musinsa.com/products/4279899
2026-09-03,나인제트,4284379,피그먼트 포커스 오버핏 긴팔 티셔츠 (베이지) 24TL02,0.0,0,44100,44100,44100,0,0,0.0,90.57,0,low,24.28,4,1,none,,27,https://www.musinsa.com/products/4284379
2026-09-03,헬레네파리스,4285019,리브드 롱 슬리브 [화이트],0.0,0,22930,22930,24020,1,-1090,-4.54,100.0,1,medium,24.02,7,3,none,,27,https://www.musinsa.com/products/4285019
2026-09-03,더콜디스트모먼트,4285467,(w) TCM rag hoodie (indi pink),0.0,0,44500,44500,,0,,,24.97,0,low,12.7,3,1,none,,27,https://www.musinsa.com/products/4285467
2026-09-03,트릴리온,4287323,스케이트보드 피그먼트 그래픽 레글런 롱 슬리브 (CHARCOAL),0.0,0,27900,27900,27900,0,0,0.0,90.57,0,low,24.28,4,1,none,,27,https://www.musinsa.com/products/4287323
2026-09-03,디키즈,4288219,1939 덕 캔버스 카펜터 팬츠 Brown Duck,0.0,0,67500,67500,,0,,,18.21,0,low,6.25,2,1,none,,27,https://www.musinsa.com/products/4288219
2026-09-03,디키즈,4288347,우먼스 슬림핏 모크넥 니트 Black,0.0,0,61430,61430,,0,,,18.21,0,low,6.25,2,1,none,,27,https://www.musinsa.com/products/4288347
2026-09-03,유니폼브릿지,4290267,denim pocket shirt 7.5oz black,0.0,0,41710,41710,41710,0,0,0.0,100.0,1,high,23.98,6,3,none,,27,https://www.musinsa.com/products/4290267
2026-09-03,예스아이씨,4297691,Y.E.S Sweepy Backpack Black,0.0,0,90300,90300,,0,,,31.14,0,low,8.3,3,1,none,,27,https://www.musinsa.com/products/4297691
2026-09-03,예스아이씨,4297819,Fishing Sponsors L/S Black,0.9,37174,41300,41300,,0,,,31.14,0,low,8.3,3,1,none,1,27,https://www.musinsa.com/products/4297819
2026-09-03,데케트,4300635,Half Bleach Wide Jeans DCPT053BlackB,0.0,0,31000,31000,31000,0,0,0.0,90.58,0,low,24.29,4,1,none,,27,https://www.musinsa.com/products/4300635
2026-09-03,위캔더스,4302299,APPLE DENIM PANTS (BLACK),0.0,0,87080,87080,,0,,,18.2,0,low,6.25,2,1,none,,27,https://www.musinsa.com/products/4302299
2026-09-03,마하그리드,4305947,GRUNGE SLOGAN PIGMENT SWEATSHIRT CHARCOAL(MG2EFMM451A),0.0,0,35000,35000,,0,,,24.95,0,low,12.7,3,1,none,,27,https://www.musinsa.com/products/4305947
2026-09-03,드로우핏,4306075,콘스탄트 벌키 라운드 집업 니트 [BLACK],0.78,54052,69300,69300,69300,0,0,0.0,81.8,0,low,25.17,4,1,none,,27,https://www.musinsa.com/products/4306075
2026-09-03,카비시,4307099,SELLER LOGO SWEATSHIRT BLACK(CV2EFUM441A),0.0,0,27200,27200,,0,,,18.2,0,low,6.25,2,1,none,,27,https://www.musinsa.com/products/4307099
2026-09-03,디미트리블랙,4308187,VLAD 원턱 피그먼트 페이드 워싱 스웻 팬츠_블랙,0.39,13296,33900,33900,33900,0,0,0.0,100.0,1,high,10.66,15,5,none,,27,https://www.musinsa.com/products/4308187
2026-09-03,코드그라피,4309979,럭비 메쉬 져지 롱슬리브_화이트,0.0,0,48300,48300,48300,0,0,0.0,81.81,0,low,25.17,4,1,none,,27,https://www.musinsa.com/products/4309979
2026-09-03,엠엠엘지,4310171,[Mmlg] SPORTS HALF SWEAT (MIDNIGHT BLUE),0.0,0,39500,39500,,0,,,31.13,0,low,8.3,3,1,none,,27,https://www.musinsa.com/products/4310171
2026-09-03,그레이버,4310747,[UNISEX]블랙 오드플라워 자수 후드티_블랙,0.0,0,48000,48000,,0,,,31.13,0,low,8.3,3,1,none,,27,https://www.musinsa.com/products/4310747
2026-09-03,라우디,4311387,주짓수 유술 타이포 집업후디_헤더그레이,0.0,0,26710,26710,,0,,,18.19,0,low,6.25,2,1,none,,27,https://www.musinsa.com/products/4311387
2026-09-03,라티젠,4312347,L13 WHISPER JERSEY T-SHIRT(BLACK),0.0,0,37800,37800,,0,,,27.52,0,low,10.31,3,1,none,,27,https://www.musinsa.com/products/4312347
2026-09-03,라티젠,4312411,L13 RIBBON SHIRT(WHITE),0.0,0,82800,82800,,0,,,27.52,0,low,10.31,3,1,none,,27,https://www.musinsa.com/products/4312411
2026-09-03,마인드브릿지,4312795,[COUTURE]조직변형오버핏맨투맨 - 2color MYTS6170,0.0,0,19900,19900,19900,0,0,0.0,90.6,0,low,24.29,4,1,none,,27,https://www.musinsa.com/products/4312795
2026-09-03,마인드브릿지,4313179,체크세미오버핏셔츠 MYWS6155,0.0,0,19900,19900,19900,0,0,0.0,90.6,0,low,24.29,4,1,none,,27,https://www.musinsa.com/products/4313179
2026-09-03,로라로라,4313819,LACE BUSTIER ONEPIECE BEIGE,0.0,0,118300,118300,,0,,,27.51,0,low,10.31,3,1,none,,27,https://www.musinsa.com/products/4313819
2026-09-03,엘엠씨,4314075,SURPRISE BEAR SWEATSHIRT heather gray,0.0,0,43450,43450,,0,,,18.18,0,low,6.25,2,1,none,,27,https://www.musinsa.com/products/4314075
2026-09-03,비긴202,4316187,코튼 드릴 투턱 팬츠 [빈티지 블랙],5.89,263333,44700,44700,44700,0,0,0.0,100.0,1,high,9.06,14,6,none,,27,https://www.musinsa.com/products/4316187
2026-09-03,더엣지,4320539,배색 스트라이프 셔츠,0.0,0,39920,39920,,0,,,24.94,0,low,12.7,3,1,none,,27,https://www.musinsa.com/products/4320539
2026-09-03,지프,4321243,빅로고 맨투맨 (JP5TSU801LB),0.0,0,28900,28900,,0,,,31.12,0,low,8.3,3,1,none,,27,https://www.musinsa.com/products/4321243
2026-09-03,커버낫,4322651,빅 C 로고 크루넥 니트 멜란지 그레이,0.0,0,49500,49500,49500,0,0,0.0,100.0,1,high,24.33,5,2,none,,27,https://www.musinsa.com/products/4322651
2026-09-03,스키즘 인듀싱,4323355,BANDANA CHAIN BLACK,0.0,0,46400,46400,46400,0,0,0.0,100.0,1,high,24.02,7,3,none,,27,https://www.musinsa.com/products/4323355
2026-09-03,틸아이다이,4324379,Dolphin line cotton shirt_Ivory,0.0,0,72250,72250,72250,0,0,0.0,100.0,1,high,23.98,6,3,none,,27,https://www.musinsa.com/products/4324379
2026-09-03,나이스고스트클럽,4324635,GRAFFITI BAD HOODIE_GREY(NG2EFUM405A),0.0,0,48060,48060,48060,0,0,0.0,60.86,0,low,23.99,6,2,none,,27,https://www.musinsa.com/products/4324635
2026-09-03,나이스고스트클럽,4324763,SKULL RIBBON WAFFLE L/S TEE_CHARCOAL(NG2EFUT557A),0.0,0,53460,53460,53460,0,0,0.0,60.86,0,low,23.99,6,2,none,,27,https://www.musinsa.com/products/4324763
2026-09-03,후드후드,4325275,에일리언 그래픽 오버핏 롱슬리브 티셔츠 블랙,0.0,0,40370,40370,40370,0,0,0.0,81.83,0,low,25.17,4,1,none,,27,https://www.musinsa.com/products/4325275
2026-09-03,러브이즈트루,4326235,BASIC COLOR SCHEME PANTS(CAMO),1.0,48450,48450,48450,48450,0,0,0.0,60.87,0,low,23.99,6,2,none,,27,https://www.musinsa.com/products/4326235
2026-09-03,드로우핏,4327323,타이디 미니멀 스트라이프 셔츠 [WHITE],0.78,38616,49500,49500,49500,0,0,0.0,81.83,0,low,25.17,9,1,none,,27,https://www.musinsa.com/products/4327323
2026-09-03,트릴리온,4328603,스케이트보드 그래픽 오버핏 후드 (NAVY),0.0,0,29700,29700,29700,0,0,0.0,90.63,0,low,24.29,4,1,none,,27,https://www.musinsa.com/products/4328603
2026-09-03,트립르센스,4329755,소프트 앤 마일드 미니멀 체크 셔츠 _베이지,0.0,0,62400,62400,62400,0,0,0.0,60.87,0,low,23.99,6,2,none,,27,https://www.musinsa.com/products/4329755
2026-09-03,에이치덱스,4329883,우먼스 피그먼트 하이넥 집업 (Pigment Charcoal),0.78,41662,53400,53400,53400,0,0,0.0,81.83,0,low,25.17,4,1,none,,27,https://www.musinsa.com/products/4329883
2026-09-03,마하그리드,4332187,MAHAGRID PARTY SWEATSHIRT GREEN(MG2EFMM458A),0.0,0,29000,29000,,0,,,24.93,0,low,12.7,3,1,none,,27,https://www.musinsa.com/products/4332187
2026-09-03,뚜오미오,4332763,FRILL LAYERED VEST [BLACK],0.0,0,35600,35600,,0,,,18.16,0,low,6.25,2,1,none,,27,https://www.musinsa.com/products/4332763
2026-09-03,뚜오미오,4332827,KNIT STRAP BONNET [CHARCOAL],0.0,0,35280,35280,,0,,,18.15,0,low,6.25,2,1,none,,27,https://www.musinsa.com/products/4332827
2026-09-03,프리즘웍스,4333531,SERVICE LABEL SWEATSHIRT _ OLIVE,0.0,0,31000,31000,31000,0,0,0.0,100.0,1,high,24.02,7,3,none,,27,https://www.musinsa.com/products/4333531
2026-09-03,노드유,4335067,메이플 베이직 라운드 니트 [네이비],0.0,0,34300,34300,,0,,,31.1,0,low,8.3,3,1,none,,27,https://www.musinsa.com/products/4335067
2026-09-03,브이투,4340699,빈티지 코팅 레더 자켓_브라운,0.0,0,79900,79900,,0,,,18.15,0,low,6.25,2,1,none,,27,https://www.musinsa.com/products/4340699
2026-09-03,트리밍버드,4344027,Back-less Strap Long Sleeve [ White ],0.0,0,109000,109000,109000,0,0,0.0,100.0,1,high,24.02,7,3,none,,27,https://www.musinsa.com/products/4344027
2026-09-03,카비시,4344091,W DUST CLASSIC ROSE KNIT SWEATER IVORY(CV2EFFK605A),0.0,0,39500,39500,,0,,,18.14,0,low,6.25,2,1,none,,27,https://www.musinsa.com/products/4344091
2026-09-03,카비시,4344155,UNICORN SWEATSHIRT LIGHT GREY(CV2EFUM443A),0.0,0,32000,32000,,0,,,18.14,0,low,6.25,2,1,none,,27,https://www.musinsa.com/products/4344155
2026-09-03,드헤베,4344923,Out Pocket Single Tweed Jacket [Gray],0.0,0,98690,98690,98690,0,0,0.0,81.86,0,low,25.18,4,1,none,,27,https://www.musinsa.com/products/4344923
2026-09-03,디스이즈네버댓,4344987,Originals Overdyed Pant Grey,0.0,0,79500,79500,79500,0,0,0.0,100.0,1,high,24.33,5,2,none,,27,https://www.musinsa.com/products/4344987
2026-09-03,로우로우,4345115,R TRUNK PRO&PILOT 커버 [2size],0.0,0,35100,35100,35100,0,0,0.0,60.88,0,low,23.99,6,2,none,,27,https://www.musinsa.com/products/4345115
2026-09-03,더콜디스트모먼트,4348635,TCM mini logo stripe long sleeve (pink/red),0.94,41178,43740,43740,,0,,,24.91,0,low,12.7,3,1,none,2,27,https://www.musinsa.com/products/4348635
2026-09-03,어나더오피스,4349339,Legacy Knit Tie (Black),0.0,0,68000,68000,68000,0,0,0.0,81.86,0,low,24.02,6,3,none,,27,https://www.musinsa.com/products/4349339
2026-09-03,스키즘 인듀싱,4349851,CRAZY PATCHWORK TOP BEIGE,0.0,0,64800,64800,64800,0,0,0.0,100.0,1,high,24.02,7,3,none,,27,https://www.musinsa.com/products/4349851
2026-09-03,미세키서울,4351643,Side button knit GREY,0.0,0,117990,117990,117990,0,0,0.0,90.66,0,low,16.15,4,3,none,,27,https://www.musinsa.com/products/4351643
2026-09-03,노이어,4353499,클래식 스트라이프 셔츠 (화이트),0.0,0,73500,73500,73500,0,0,0.0,100.0,1,high,24.02,7,3,none,,27,https://www.musinsa.com/products/4353499
2026-09-03,내셔널지오그래픽,4354843,N243UPT060 카프라 조거 팬츠 AGATE GREY,0.0,0,71520,71520,,0,,,24.91,0,low,12.7,3,1,none,,27,https://www.musinsa.com/products/4354843
2026-09-03,무센트,4358555,하트 레터링 후드 티 남녀공용 (3컬러),0.99,43075,43420,43420,43420,0,0,0.0,100.0,1,high,24.33,5,2,none,,27,https://www.musinsa.com/products/4358555
2026-09-03,무센트,4359003,아이코닉 체크 후드 셔츠 (남녀공용),0.0,0,53910,53910,53910,0,0,0.0,100.0,1,high,24.33,5,2,none,,27,https://www.musinsa.com/products/4359003
2026-09-03,카네이테이,4361691,WEST POINT N.Y. NYLON JERSY (BLACK),0.0,0,66400,66400,66400,0,0,0.0,100.0,1,high,23.98,6,3,none,,27,https://www.musinsa.com/products/4361691
2026-09-03,엠엠엘지,4364315,[Mmlg] MELGE WALK HOODIE (ASH GREY),0.0,0,44500,44500,,0,,,31.08,0,low,8.3,3,1,none,,27,https://www.musinsa.com/products/4364315
2026-09-03,소버먼트,4365851,980G 피그먼트 스웨트 팬츠-스톤 네이비-,0.0,0,64200,64200,64200,0,0,0.0,60.88,0,low,23.99,6,2,none,,27,https://www.musinsa.com/products/4365851
2026-09-03,시야쥬,4369307,SIOT4114 캐서린 오버핏 트위드 자켓_Black,0.0,0,177840,177840,177840,0,0,0.0,100.0,1,high,24.33,5,2,none,,27,https://www.musinsa.com/products/4369307
2026-09-03,시야쥬,4369947,SIKN2126 메리노 울 미니멀 가디건_Red,0.0,0,110300,110300,110300,0,0,0.0,100.0,1,high,24.33,5,2,none,,27,https://www.musinsa.com/products/4369947
2026-09-03,트위,4371291,프레다 코듀로이 미니스커트(벨트set),0.0,0,26910,26910,,0,,,27.48,0,low,10.31,3,1,none,,27,https://www.musinsa.com/products/4371291
2026-09-03,더바이닐하우스,4371675,CORDUROY WESTERN SHIRTS KHAKI,0.0,0,54080,54080,54080,0,0,0.0,100.0,1,high,24.33,5,2,none,,27,https://www.musinsa.com/products/4371675
2026-09-03,더바이닐하우스,4371803,ROUND POCKET KNIT ZIP-UP GREY,0.0,0,94640,94640,86200,1,8440,9.79,100.0,1,medium,24.33,5,2,none,,27,https://www.musinsa.com/products/4371803
2026-09-03,노티카,4373915,아치로고 스웨트셔츠(라이트베이지),0.0,0,69300,69300,69300,0,0,0.0,64.41,0,low,24.0,4,1,none,,27,https://www.musinsa.com/products/4373915
2026-09-03,엘엠씨,4374939,OG QUARTER ZIP SWEATSHIRT black,0.0,0,54450,54450,,0,,,18.13,0,low,6.25,2,1,none,,27,https://www.musinsa.com/products/4374939
2026-09-03,어반드레스,4376539,Ribbon Wide Cargo Pants BLUE,0.0,0,66000,66000,66000,0,0,0.0,100.0,1,high,24.02,7,3,none,,27,https://www.musinsa.com/products/4376539
2026-09-03,오픈야드(오와이),4377819,IRREGULAR RIVET CARPENTER PANTS - SAND,0.0,0,50400,50400,,0,,,24.9,0,low,12.7,3,1,none,,27,https://www.musinsa.com/products/4377819
2026-09-03,더그린랩,4378971,스트라이프 럭비 카라 맨투맨 [멜란지그레이],0.0,0,44160,44160,,0,,,31.07,0,low,8.31,3,1,none,,27,https://www.musinsa.com/products/4378971
2026-09-03,브라운야드,4379675,"스윙 자켓, 다크 네이비",0.0,0,378000,378000,378000,0,0,0.0,60.9,0,low,23.99,6,2,none,,27,https://www.musinsa.com/products/4379675
2026-09-03,인템포무드,4380123,범프 워시드 카고 팬츠_차콜,0.0,0,48000,48000,48000,0,0,0.0,100.0,1,high,24.33,5,2,none,,27,https://www.musinsa.com/products/4380123
2026-09-03,미나브,4380187,논페이드 데님 워크 자켓 [인디고],0.27,21171,79200,79200,79200,0,0,0.0,100.0,1,high,23.99,7,3,none,,27,https://www.musinsa.com/products/4380187
2026-09-03,라이크더모스트,4381211,유니엠 피치스킨 오버 스웨트셔츠_차콜,0.0,0,26700,26700,,0,,,18.13,0,low,6.25,2,1,none,,27,https://www.musinsa.com/products/4381211
2026-09-03,밈더워드로브,4382747,솔라 리벳 카펜터 팬츠_그레이,0.0,0,86400,86400,,0,,,18.13,0,low,6.25,2,1,none,,27,https://www.musinsa.com/products/4382747
2026-09-03,인사일런스우먼,4383323,빈티지 카펜터 데님 DARK GREY,0.0,0,109900,109900,109900,0,0,0.0,100.0,1,high,24.02,7,3,none,,27,https://www.musinsa.com/products/4383323
2026-09-03,데상트,4383899,여성 셔링 엠보 반집업 맨투맨 블랙(SP322UAN89),0.0,0,74500,74500,,0,,,31.06,0,low,8.31,3,1,none,,27,https://www.musinsa.com/products/4383899
2026-09-03,디키즈,4387227,x 브라운야드 드리즐러 워크 재킷 Khaki,0.0,0,144720,144720,,0,,,18.13,0,low,6.25,2,1,none,,27,https://www.musinsa.com/products/4387227
2026-09-03,아틀리에나인,4387611,LUNA SET-UP CHECK JACKET(JK-2960),0.0,0,178200,178200,178200,0,0,0.0,100.0,1,high,24.0,6,2,none,,27,https://www.musinsa.com/products/4387611
2026-09-03,세터,4387739,스크런치 미니 토트 앤 크로스 백 블랙,0.0,0,109000,109000,109000,0,0,0.0,64.41,0,low,24.0,4,1,none,,27,https://www.musinsa.com/products/4387739
2026-09-03,브룩스 브라더스,4388443,1818 스톰 시스템 탑 코트 (네이비) (BBCSMM5002QEF),0.0,0,1094000,1094000,1094000,0,0,0.0,60.9,0,low,23.99,6,2,none,,27,https://www.musinsa.com/products/4388443
2026-09-03,제로,4392795,Washed Wide Denim Pants [2 Colors],0.0,0,38500,38500,38500,0,0,0.0,64.42,0,low,24.0,4,1,none,,27,https://www.musinsa.com/products/4392795
2026-09-03,나이스고스트클럽,4393563,PANEL STITCH JEANS_BLACK(NG2EFUD113A),0.0,0,80460,80460,80460,0,0,0.0,60.91,0,low,23.99,6,2,none,,27,https://www.musinsa.com/products/4393563
2026-09-03,나이스고스트클럽,4393627,MANIAC GIRL CAP_BLACK(NG2EFUAB27A),0.0,0,26460,26460,26460,0,0,0.0,60.91,0,low,23.99,6,2,none,,27,https://www.musinsa.com/products/4393627
2026-09-03,엘엠씨,4398491,WM BLUR LOGO LONG SLEEVE white,0.0,0,26950,26950,,0,,,18.12,0,low,6.25,2,1,none,,27,https://www.musinsa.com/products/4398491
2026-09-03,유라고,4400155,Knit scrunchie,0.0,0,33440,33440,33440,0,0,0.0,64.42,0,low,24.0,4,1,none,,27,https://www.musinsa.com/products/4400155
2026-09-03,엘리메노,4401755,EL NEW 베이직 2WAY 후드집업 2Color,0.0,0,33900,33900,,0,,,18.12,0,low,6.25,2,1,none,,27,https://www.musinsa.com/products/4401755
2026-09-03,유라고,4402715,Satin banding pants,0.0,0,95760,95760,95760,0,0,0.0,64.42,0,low,24.0,4,1,none,,27,https://www.musinsa.com/products/4402715
2026-09-03,브라운야드,4403163,"퓨어 울 투 턱 팬츠, 블랙",0.0,0,338000,338000,338000,0,0,0.0,60.91,0,low,23.99,6,2,none,,27,https://www.musinsa.com/products/4403163
2026-09-03,디스이즈네버댓,4403483,Striped Waffle Knit Hoodie Grey,0.0,0,79500,79500,79500,0,0,0.0,100.0,1,high,24.33,5,2,none,,27,https://www.musinsa.com/products/4403483
2026-09-03,어반드레스,4403675,Raven Art Leather Long Jacket BLACK X WHITE,0.0,0,126000,126000,126000,0,0,0.0,100.0,1,high,24.02,7,3,none,,27,https://www.musinsa.com/products/4403675
2026-09-03,어반드레스,4403803,V Vegan Leather Short Jacket BLACK,0.0,0,84000,84000,84000,0,0,0.0,100.0,1,high,24.02,7,3,none,,27,https://www.musinsa.com/products/4403803
2026-09-03,예스아이씨,4405851,SN World Sweat Pants Black,0.0,0,76300,76300,,0,,,31.03,0,low,8.31,3,1,none,,27,https://www.musinsa.com/products/4405851
2026-09-03,예스아이씨,4405979,Utility Field Jacket Navy,0.0,0,125300,125300,,0,,,31.03,0,low,8.31,3,1,none,,27,https://www.musinsa.com/products/4405979
2026-09-03,니티드,4409115,(W) 미니멀 AND 라운드 니트 BLACK,0.0,0,42240,42240,26550,1,15690,59.1,81.89,0,low,25.18,4,1,none,,27,https://www.musinsa.com/products/4409115
2026-09-03,로제프란츠,4410523,Sketch Ribbon Hood Zip-up [Gray],0.78,55728,71400,71400,71400,0,0,0.0,81.89,0,low,25.18,4,1,none,,27,https://www.musinsa.com/products/4410523
2026-09-03,로제프란츠,4411099,Two-way Bolero Sweatshirt [White],0.0,0,49400,49400,49400,0,0,0.0,81.89,0,low,25.18,4,1,none,,27,https://www.musinsa.com/products/4411099
2026-09-03,트위,4411547,루이드 절개 데님 부츠컷 팬츠,0.0,0,42660,42660,,0,,,27.47,0,low,10.31,3,1,none,,27,https://www.musinsa.com/products/4411547
2026-09-03,엘엠씨,4413275,LMC X NEWERA TEAM LOGO HOODIE heather gray,0.0,0,70950,70950,,0,,,18.11,0,low,6.25,2,1,none,,27,https://www.musinsa.com/products/4413275
2026-09-03,엘리메노,4414939,[SET] EL 시티 래글런 라인 후드티셔츠 2종 세트,0.0,0,62900,62900,,0,,,18.11,0,low,6.25,2,1,none,,27,https://www.musinsa.com/products/4414939
2026-09-03,파르티멘토 우먼,4417243,93 차오 프린티드 롱 슬리브 티_화이트,0.0,0,39200,39200,44100,1,-4900,-11.11,90.7,0,low,24.3,4,1,none,,27,https://www.musinsa.com/products/4417243
2026-09-03,파르티멘토 우먼,4417371,트랜스폼 레이어드 저지 롱슬리브 드레스_블랙,0.0,0,47200,47200,53100,1,-5900,-11.11,90.7,0,low,24.3,4,1,none,,27,https://www.musinsa.com/products/4417371
2026-09-03,이미스,4418587,NEW LEATHER HOBO BAG-LIGHT PINK,0.0,0,46800,46800,,0,,,27.46,0,low,10.31,3,1,none,,27,https://www.musinsa.com/products/4418587
2026-09-03,이미스,4418651,EMIS HOBO BAG-BLACK,0.64,24158,37800,37800,,0,,,27.45,0,low,10.31,3,1,none,1,27,https://www.musinsa.com/products/4418651
2026-09-03,스키즘 인듀싱,4419419,FR ZIP UP HOODIE BLACK,0.0,0,142800,142800,142800,0,0,0.0,100.0,1,high,24.02,7,3,none,,27,https://www.musinsa.com/products/4419419
2026-09-03,밀로 아카이브,4419931,글로리 텍스트 니트 [그레이],0.0,0,82800,82800,82800,0,0,0.0,60.92,0,low,23.99,6,2,none,,27,https://www.musinsa.com/products/4419931
2026-09-03,세터,4420507,(W) 블러프 라쿤 칼라 니트 가디건 네이비,0.0,0,189000,189000,189000,0,0,0.0,64.43,0,low,24.0,4,1,none,,27,https://www.musinsa.com/products/4420507
2026-09-03,엘무드,4422427,LD 리브드 슬리브리스 ( 3 COLOR ),0.0,0,29200,29200,29200,0,0,0.0,100.0,1,high,24.34,9,4,none,,27,https://www.musinsa.com/products/4422427
2026-09-03,프리즘웍스,4422939,PATCH ROUND PULLOVER KNIT _ OATMEAL,1.0,80100,80100,80100,80100,0,0,0.0,100.0,1,high,24.02,7,3,none,,27,https://www.musinsa.com/products/4422939
2026-09-03,아틀리에나인,4424923,LOND2 WAIST TUCK BLOUSE (Z-BL-4287),6.63,313043,47200,47200,45790,1,1410,3.08,100.0,1,medium,9.55,17,7,none,,27,https://www.musinsa.com/products/4424923
2026-09-03,제멋,4429339,[2PACK] 와이즈 오버핏 투웨이 후드집업 KJHD2594,0.0,0,74900,74900,74900,0,0,0.0,100.0,1,high,24.02,7,3,none,,27,https://www.musinsa.com/products/4429339
2026-09-03,필루미네이트,4430299,시그니처 웨이브 로고 후드 집 업-블랙,0.0,0,43000,43000,43000,0,0,0.0,60.93,0,low,23.99,6,2,none,,27,https://www.musinsa.com/products/4430299
2026-09-03,내셔널지오그래픽,4431067,N244UFT940 핀테일 폴리샤 트레이닝 후드 집업 CARBON BLACK,0.0,0,95400,95400,,0,,,24.88,0,low,12.7,3,1,none,,27,https://www.musinsa.com/products/4431067
2026-09-03,무센트,4431707,미아 레이어드 탑 가디건 티셔츠 (2컬러),0.0,0,26020,26020,26910,1,-890,-3.31,100.0,1,medium,24.34,5,2,none,,27,https://www.musinsa.com/products/4431707
2026-09-03,브룩스 브라더스,4433051,시어링 칼라 항공 점퍼 (올리브) (BBOJMM4869KEF),0.0,0,974000,974000,974000,0,0,0.0,60.93,0,low,23.99,6,2,none,,27,https://www.musinsa.com/products/4433051
2026-09-03,칙스,4439515,Forget 롱 슬리브 티셔츠 White melange,0.0,0,27900,27900,27900,0,0,0.0,100.0,1,high,24.02,7,3,none,,27,https://www.musinsa.com/products/4439515
2026-09-03,디키즈,4439835,부츠컷 워시드 데님 팬츠 Gray,0.0,0,57850,57850,,0,,,18.09,0,low,6.24,2,1,none,,27,https://www.musinsa.com/products/4439835
2026-09-03,아메스월드와이드,4440027,BIG TYPO HOODIE BLACK,6.96,329501,47360,47360,47360,0,0,0.0,100.0,1,high,24.31,19,2,none,,27,https://www.musinsa.com/products/4440027
2026-09-03,어반드레스,4443675,Crover Handmade Wool Coat IVORY,0.0,0,99200,99200,99200,0,0,0.0,2.09,0,low,24.02,6,1,none,,27,https://www.musinsa.com/products/4443675
2026-09-03,어반드레스,4444187,Meryle Chain Mini Bag - 7COL,0.0,0,28460,28460,28460,0,0,0.0,100.0,1,high,24.02,7,3,none,,27,https://www.musinsa.com/products/4444187
2026-09-03,라이프워크,4448155,공용) L3 파라슈트 카고 팬츠,0.0,0,94050,94050,,0,,,30.99,0,low,8.31,3,1,none,,27,https://www.musinsa.com/products/4448155
2026-09-03,마인드브릿지,4448283,[호이테]카고 팬츠,0.0,0,47410,47410,47410,0,0,0.0,90.73,0,low,24.31,4,1,none,,27,https://www.musinsa.com/products/4448283
2026-09-03,오픈야드(오와이),4451803,MEANING POLA ZIPPER MTM - WHITE,0.0,0,38000,38000,,0,,,24.87,0,low,12.7,3,1,none,,27,https://www.musinsa.com/products/4451803
2026-09-03,세터,4452443,세터 키링 레더 에어팟 케이스 스카이 블루,0.0,0,59000,59000,59000,0,0,0.0,64.44,0,low,24.0,4,1,none,,27,https://www.musinsa.com/products/4452443
2026-09-03,스컬프터,4454747,Beaded Faux Fur Robe Black,0.0,0,204400,204400,204400,0,0,0.0,100.0,1,high,23.99,6,3,none,,27,https://www.musinsa.com/products/4454747
2026-09-03,예스아이씨,4456155,Rib Knit Half Zip up Blue,0.0,0,97300,97300,,0,,,30.98,0,low,8.31,3,1,none,,27,https://www.musinsa.com/products/4456155
2026-09-03,밀로 아카이브,4456539,아카이브 에센스 가디건 [다크 마룬],0.0,0,84000,84000,84000,0,0,0.0,60.95,0,low,23.99,6,2,none,,27,https://www.musinsa.com/products/4456539
2026-09-03,브라운야드,4457947,"W 하이넥 스웨터, 블랙",0.0,0,152600,152600,152600,0,0,0.0,60.95,0,low,23.99,6,2,none,,27,https://www.musinsa.com/products/4457947
2026-09-03,피인오,4459995,9130  원턱 세미와이드 슬랙스-검정,0.52,25147,48240,48240,48240,0,0,0.0,60.95,0,low,23.99,9,2,none,,27,https://www.musinsa.com/products/4459995
2026-09-03,엘엠씨,4460059,WASHED CANVAS WORK EASY PANTS sand,0.0,0,70950,70950,,0,,,18.08,0,low,6.24,2,1,none,,27,https://www.musinsa.com/products/4460059
2026-09-03,디스이즈네버댓,4460507,Multicolor Knit Beanie Grey,0.0,0,24500,24500,24500,0,0,0.0,100.0,1,high,24.34,5,2,none,,27,https://www.musinsa.com/products/4460507
2026-09-03,낫포너드,4461723,Vegan Leather Thorns Side Line Pants - Khaki,0.0,0,49000,49000,49000,0,0,0.0,81.92,0,low,25.18,4,1,none,,27,https://www.musinsa.com/products/4461723
2026-09-03,이알티알,4464347,Reversible Hoodie Zip-Up Check Blue,0.0,0,159200,159200,,0,,,30.97,0,low,8.31,3,1,none,,27,https://www.musinsa.com/products/4464347
2026-09-03,위캔더스,4465563,FLEECE CAMP CAP (IVORY),0.0,0,24500,24500,,0,,,18.07,0,low,6.24,2,1,none,,27,https://www.musinsa.com/products/4465563
2026-09-03,위캔더스,4465627,DENIM SHERPA JK (BLACK),0.0,0,181300,181300,,0,,,18.07,0,low,6.24,2,1,none,,27,https://www.musinsa.com/products/4465627
2026-09-03,배드블러드,4465883,비욘드 소프트 롱슬리브 - 토바코,0.0,0,47200,47200,47200,0,0,0.0,100.0,1,high,24.02,7,3,none,,27,https://www.musinsa.com/products/4465883
2026-09-03,튜드먼트,4466907,WOOL ONE-TUCK WIDE SLACKS BEIGE,0.0,0,95360,95360,,0,,,27.43,0,low,10.31,3,1,none,,27,https://www.musinsa.com/products/4466907
2026-09-03,더그린랩,4467419,부클 울 파우치 숄더백 세트 [멜란지 그레이],0.0,0,39000,39000,,0,,,30.97,0,low,8.31,3,1,none,,27,https://www.musinsa.com/products/4467419
2026-09-03,이미스,4468315,HEART WAPPEN BALL CAP-BROWN,0.0,0,44100,44100,,0,,,27.43,0,low,10.31,3,1,none,,27,https://www.musinsa.com/products/4468315
2026-09-03,비바셔스,4468507,Gwyneth Bucket Bag - 7COL,0.0,0,36000,36000,,0,,,24.87,0,low,12.7,3,1,none,,27,https://www.musinsa.com/products/4468507
2026-09-03,파르티멘토 우먼,4469083,코튼 워시드 워크 자켓_아이보리,0.0,0,135200,135200,152100,1,-16900,-11.11,90.75,0,low,24.31,4,1,none,,27,https://www.musinsa.com/products/4469083
2026-09-03,파르티멘토 우먼,4469339,스터디드 니트 슬리브리스 탑_네이비,0.0,0,44640,44640,50220,1,-5580,-11.11,90.75,0,low,24.31,4,1,none,,27,https://www.musinsa.com/products/4469339
2026-09-03,브렌슨,4473179,(Renew Ver.) 오버핏 긴팔티셔츠 ( 5Color ),0.4,8283,20900,20900,20900,0,0,0.0,100.0,1,high,24.34,5,2,none,,27,https://www.musinsa.com/products/4473179
2026-09-03,어반에이지,4477787,Holiday 어반에이지 오버 기모 후드_오트밀,0.0,0,29990,29990,,0,,,27.42,0,low,10.31,3,1,none,,27,https://www.musinsa.com/products/4477787
2026-09-03,아메스월드와이드,4478107,CROP COWICHAN CARDIGAN IVORY,0.0,0,61440,61440,61440,0,0,0.0,100.0,1,high,24.31,5,2,none,,27,https://www.musinsa.com/products/4478107
2026-09-03,에이치덱스,4480987,우먼스 리브드 하이넥 하프 집업 (Brown),0.0,0,65600,65600,65600,0,0,0.0,81.93,0,low,25.19,4,1,none,,27,https://www.musinsa.com/products/4480987
2026-09-03,후드후드,4481627,에일리언 패디드 워싱 후드 점퍼 더스트블루,0.0,0,122270,122270,122270,0,0,0.0,81.93,0,low,25.19,4,1,none,,27,https://www.musinsa.com/products/4481627
2026-09-03,더콜디스트모먼트,4483611,TCM starfish sweat pants (black),2.82,223705,79380,79380,,0,,,24.86,0,low,12.7,3,1,none,6,27,https://www.musinsa.com/products/4483611
2026-09-03,브라운야드,4485275,"스웨이드 하프 코트, 샌드",0.0,0,758000,758000,758000,0,0,0.0,60.96,0,low,23.99,6,2,none,,27,https://www.musinsa.com/products/4485275
2026-09-03,트립르센스,4485851,[AUSTRALIAN W90]오스트리안 울 원 사이드 코트_베이지,0.0,0,318400,318400,318400,0,0,0.0,60.97,0,low,23.99,6,2,none,,27,https://www.musinsa.com/products/4485851
2026-09-03,마하그리드,4485915,CURVED SHERPA FLEECE JACKET BLACK(MG2EFMJ230A),0.0,0,62000,62000,,0,,,24.86,0,low,12.7,3,1,none,,27,https://www.musinsa.com/products/4485915
2026-09-03,제너럴아이디어,4486427,UNISEX 뉴클래식 포플린 셔츠 [OLIVE] / SBD3U03002,0.0,0,53000,53000,53000,0,0,0.0,100.0,1,high,23.98,6,3,none,,27,https://www.musinsa.com/products/4486427
2026-09-03,키르시,4490203,컬렉션 빈티지 프린트 가디건 [그린],0.0,0,58000,58000,58000,0,0,0.0,100.0,1,high,24.34,5,2,none,,27,https://www.musinsa.com/products/4490203
2026-09-03,키르시,4490267,로우키 북클럽 레터링 래글런 후드 [레드],0.0,0,35500,35500,35500,0,0,0.0,100.0,1,high,24.34,5,2,none,,27,https://www.musinsa.com/products/4490267
2026-09-03,바우로프로덕트,4491291,울 TR 와이드 슬랙스[차콜],0.0,0,89000,89000,89000,0,0,0.0,100.0,1,high,25.19,6,2,none,,27,https://www.musinsa.com/products/4491291
2026-09-03,더바이닐하우스,4493851,GRUNGE CARDIGAN GREY,0.0,0,82880,82880,82880,0,0,0.0,100.0,1,high,24.34,5,2,none,,27,https://www.musinsa.com/products/4493851
2026-09-03,후브스,4496219,플리스 밴딩 후드티 [5-Col],0.0,0,27500,27500,27500,0,0,0.0,100.0,1,high,24.35,5,2,none,,27,https://www.musinsa.com/products/4496219
2026-09-03,러브이즈트루,4497563,LVTR KNIT(BLACK),0.0,0,39890,39890,39890,0,0,0.0,60.97,0,low,23.99,6,2,none,,27,https://www.musinsa.com/products/4497563
2026-09-03,트리밍버드,4500123,Wide Knit Leg Warmer [ Black ],0.0,0,71200,71200,71200,0,0,0.0,100.0,1,high,24.02,7,3,none,,27,https://www.musinsa.com/products/4500123
2026-09-03,로라로라,4500635,HAND FLOWER EMBROIDERY KNIT NAVY,0.0,0,76300,76300,,0,,,27.4,0,low,10.31,3,1,none,,27,https://www.musinsa.com/products/4500635
2026-09-03,플랙,4500827,웰론 패딩 푸퍼 아이보리,0.0,0,89000,89000,89000,0,0,0.0,100.0,1,high,24.35,5,2,none,,27,https://www.musinsa.com/products/4500827
2026-09-03,렌세,4501915,Melange Fleece Pullover Hoodie Gray Pink,0.64,28159,44160,44160,,0,,,27.39,0,low,10.31,3,1,none,1,27,https://www.musinsa.com/products/4501915
2026-09-03,무드인사이드,4505179,피그다잉 워크 자켓 블루종_Brown,0.0,0,79900,79900,79900,0,0,0.0,100.0,1,high,23.99,7,3,none,,27,https://www.musinsa.com/products/4505179
2026-09-03,인사일런스,4505307,[MERLOT] Paneled Fleece Jacket IVORY,0.0,0,167760,167760,167760,0,0,0.0,100.0,1,high,24.35,5,2,none,,27,https://www.musinsa.com/products/4505307
2026-09-03,코드그라피,4507739,(우먼) 포인트 라벨 삭스_2COLOR,0.0,0,3560,3560,3560,0,0,0.0,81.94,0,low,25.19,4,1,none,,27,https://www.musinsa.com/products/4507739
2026-09-03,라이프워크,4509339,여성) 데일리 코듀로이 점프수트,0.0,0,132050,132050,,0,,,30.92,0,low,8.31,3,1,none,,27,https://www.musinsa.com/products/4509339
2026-09-03,파르티멘토 우먼,4509787,타이 넥 스트랩 언발란스드 니트 탑_브라운,0.0,0,56880,56880,63990,1,-7110,-11.11,90.79,0,low,24.31,4,1,none,,27,https://www.musinsa.com/products/4509787
2026-09-03,시그니처,4511899,브이넥 릴렉스 니트[블랙],0.0,0,39900,39900,39900,0,0,0.0,81.95,0,low,25.19,4,1,none,,27,https://www.musinsa.com/products/4511899
2026-09-03,더블유엠씨,4513819,비죠 하프 카라 니트 (4color),0.0,0,54500,54500,54500,0,0,0.0,60.97,0,low,23.99,6,2,none,,27,https://www.musinsa.com/products/4513819
2026-09-03,트릴리온,4514395,코듀로이 카라 스웨이드 집업 워크 자켓 [블랙],0.0,0,59000,59000,59000,0,0,0.0,90.8,0,low,24.31,4,1,none,,27,https://www.musinsa.com/products/4514395
2026-09-03,로제프란츠,4517019,Fur Round Cardigan [Beige],0.0,0,51680,51680,51680,0,0,0.0,81.95,0,low,25.19,4,1,none,,27,https://www.musinsa.com/products/4517019
2026-09-03,제너럴아이디어,4518427,UNISEX 퍼피 오버핏 기모 맨투맨 [WHITE MELANGE] / SBD4U02012,0.0,0,46020,46020,46020,0,0,0.0,100.0,1,high,23.99,6,3,none,,27,https://www.musinsa.com/products/4518427
2026-09-03,에이치덱스,4520731,우먼스 서포트 웜업 레깅스 (Black),0.0,0,36750,36750,36750,0,0,0.0,81.95,0,low,25.19,4,1,none,,27,https://www.musinsa.com/products/4520731
2026-09-03,더블유엠씨,4520923,몬스터 아치 맨투맨_NAVY,0.0,0,35550,35550,35550,0,0,0.0,60.98,0,low,23.99,6,2,none,,27,https://www.musinsa.com/products/4520923
2026-09-03,바이젝,4525787,F-22 머슬 브레이커 자켓,2.38,214178,90000,90000,90000,0,0,0.0,100.0,1,high,24.35,5,2,none,,27,https://www.musinsa.com/products/4525787
2026-09-03,솔트앤초콜릿,4527003,라운드 토 바이커 미들 부츠 412446008 (4cm/2colors),0.0,0,77400,77400,77400,0,0,0.0,100.0,1,high,23.99,6,3,none,,27,https://www.musinsa.com/products/4527003
2026-09-03,이미스,4531739,DOUBLE POCKET BACKPACK-PINK,0.0,0,134100,134100,,0,,,27.37,0,low,10.31,3,1,none,,27,https://www.musinsa.com/products/4531739
2026-09-03,카멜워크,4531931,칩 딜루전 그런지 스웨트셔츠(피그먼트 브라운),0.0,0,20800,20800,,0,,,27.37,0,low,10.31,3,1,none,,27,https://www.musinsa.com/products/4531931
2026-09-03,웬즈데이오아시스,4537051,올웨이즈 아틀리에 퀼팅 니트 가디건 2COLOR,0.0,0,81200,81200,81200,0,0,0.0,100.0,1,high,23.99,7,3,none,,27,https://www.musinsa.com/products/4537051
2026-09-03,무센트,4546587,사이드 원형 로고 후드 티 남녀공용 (2컬러),0.0,0,51650,51650,51650,0,0,0.0,100.0,1,high,24.35,5,2,none,,27,https://www.musinsa.com/products/4546587
2026-09-03,아틀리에나인,4547995,BOUCLE WOOL OVERSIZED JACKET(JK-2993),0.0,0,268200,268200,268200,0,0,0.0,100.0,1,high,24.0,6,2,none,,27,https://www.musinsa.com/products/4547995
2026-09-03,베이직하우스,4550235,여성 면싱글 레이어드 롱 반팔티셔츠 화이트 LATS0216,0.0,0,11900,11900,,0,,,30.91,0,low,8.31,3,1,none,,27,https://www.musinsa.com/products/4550235
2026-09-03,브이투,4551131,코듀로이 카고 카펜터 와이드 팬츠_블랙,0.0,0,35900,35900,,0,,,18.03,0,low,6.24,2,1,none,,27,https://www.musinsa.com/products/4551131
2026-09-03,오픈야드(오와이),4552347,C.T KNIT-BLACK,0.0,0,47600,47600,,0,,,24.84,0,low,12.7,3,1,none,,27,https://www.musinsa.com/products/4552347
2026-09-03,제너럴아이디어,4563099,레더 핀턱 미디스커트 [BLACK] / WBD4L13513,0.0,0,39900,39900,39900,0,0,0.0,100.0,1,high,23.99,6,3,none,,27,https://www.musinsa.com/products/4563099
2026-09-03,와이케이,4563867,톤온톤 체크 머플러 베이지,0.0,0,27300,27300,27300,0,0,0.0,60.98,0,low,23.99,6,2,none,,27,https://www.musinsa.com/products/4563867
2026-09-03,라이프워크,4565595,본딩 패브릭 조거 팬츠,0.0,0,103550,103550,,0,,,30.9,0,low,8.31,3,1,none,,27,https://www.musinsa.com/products/4565595
2026-09-03,미니멀프로젝트,4568027,소프트 체크 머플러 MMF102 [BROWN],0.0,0,47800,47800,,0,,,27.36,0,low,10.31,3,1,none,,27,https://www.musinsa.com/products/4568027
2026-09-03,후드후드,4569435,에일리언 카라 집업 가디건 라이트퍼플,0.0,0,80460,80460,80460,0,0,0.0,81.97,0,low,25.19,4,1,none,,27,https://www.musinsa.com/products/4569435
2026-09-03,배드블러드,4572443,비욘드 소프트 오프숄더 탑 - 토바코,0.0,0,52000,52000,52000,0,0,0.0,100.0,1,high,24.02,7,3,none,,27,https://www.musinsa.com/products/4572443
2026-09-03,더바이닐하우스,4573723,DYING STAR HOODIE BLACK,0.0,0,71520,71520,63400,1,8120,12.81,100.0,1,medium,24.35,5,2,none,,27,https://www.musinsa.com/products/4573723
2026-09-03,파르티멘토 우먼,4576219,3M 신슐레이트 2WAY 리버시블 후디드 파카_아이보리,0.0,0,157680,157680,177390,1,-19710,-11.11,90.82,0,low,24.32,4,1,none,,27,https://www.musinsa.com/products/4576219
2026-09-03,파르티멘토 우먼,4576411,후디드 포켓 니트 머플러_멜란지,0.0,0,54190,54190,54190,0,0,0.0,90.82,0,low,24.32,4,1,none,,27,https://www.musinsa.com/products/4576411
2026-09-03,다이브인,4583771,WIDE CURVED DENIM PANTS (WASHED BLACK),0.59,58341,98100,98100,98100,0,0,0.0,100.0,1,high,24.35,5,2,none,,27,https://www.musinsa.com/products/4583771
2026-09-03,노드유,4584155,소프트 헨리넥 라운드 긴팔 니트 [네이비],0.0,0,43400,43400,,0,,,30.89,0,low,8.31,3,1,none,,27,https://www.musinsa.com/products/4584155
2026-09-03,디스이즈네버댓,4588699,TNT TEMBEA Pass Case Navy/Camo,0.0,0,59500,59500,59500,0,0,0.0,100.0,1,high,24.35,5,2,none,,27,https://www.musinsa.com/products/4588699
2026-09-03,지프,4592027,캠핑 베어 라인 오버핏 맨투맨 (JQ5TSU816MW),0.0,0,43110,43110,,0,,,30.89,0,low,8.31,3,1,none,,27,https://www.musinsa.com/products/4592027
2026-09-03,이미스,4593499,CORDUROY TWO-TONE BALL CAP-WINE,0.0,0,44100,44100,,0,,,27.35,0,low,10.31,3,1,none,,27,https://www.musinsa.com/products/4593499
2026-09-03,아틀리에나인,4595099,FLOWER EMBROIDE VEST(VT-0273),0.0,0,71100,71100,71100,0,0,0.0,100.0,1,high,24.0,6,2,none,,27,https://www.musinsa.com/products/4595099
2026-09-03,어나더오피스,4595291,Scape Polo Wool Cardigan (Mole),0.0,0,148500,148500,148500,0,0,0.0,81.98,0,low,24.02,5,3,none,,27,https://www.musinsa.com/products/4595291
2026-09-03,어나더오피스,4595355,Snowman Hooded Down Jacket (Light Purple),0.0,0,236600,236600,236600,0,0,0.0,81.98,0,low,24.02,5,3,none,,27,https://www.musinsa.com/products/4595355
2026-09-03,셋업이엑스이,4595867,CHECK WRAP SKIRT / BLACK,0.0,0,97920,97920,,0,,,18.02,0,low,6.24,2,1,none,,27,https://www.musinsa.com/products/4595867
2026-09-03,트리밍버드,4598299,Traum Balmacaan Long Coat [ Khaki Brown ],0.0,0,489000,489000,489000,0,0,0.0,100.0,1,high,24.02,7,3,none,,27,https://www.musinsa.com/products/4598299
2026-09-03,테켓,4599579,Hi Jacket Cream,0.0,0,179000,179000,,0,,,30.88,0,low,8.31,3,1,none,,27,https://www.musinsa.com/products/4599579
2026-09-03,와르,4604187,M243 플레어 핏 데님 팬츠_블랙,0.0,0,37440,37440,37440,0,0,0.0,100.0,1,high,23.99,6,3,none,,27,https://www.musinsa.com/products/4604187
2026-09-03,그레이버,4606299,[UNISEX]멀티 베어스마일 맨투맨_블랙,0.0,0,40200,40200,,0,,,30.88,0,low,8.31,3,1,none,,27,https://www.musinsa.com/products/4606299
2026-09-03,그레이버,4612123,[UNISEX]멀티 베어스마일 후드티_크림,0.0,0,52000,52000,,0,,,30.88,0,low,8.31,3,1,none,,27,https://www.musinsa.com/products/4612123
2026-09-03,샌드뮤지엄,4612379,CACTUS HOBO BAG [Suede Brown],0.0,0,132530,132530,,0,,,27.35,0,low,10.31,3,1,none,,27,https://www.musinsa.com/products/4612379
2026-09-03,파르티멘토,4612443,VTG 워시드 보아 플리스 무톤 자켓 블루쉬 차콜,0.0,0,93600,93600,93600,0,0,0.0,100.0,1,high,24.36,8,2,none,,27,https://www.musinsa.com/products/4612443
2026-09-03,어나더오피스,4614747,Santiago Cashmere Sports Jacket (Heather Charcoal),0.0,0,276000,276000,276000,0,0,0.0,81.98,0,low,24.02,5,3,none,,27,https://www.musinsa.com/products/4614747
2026-09-03,트리밍버드,4616027,Solid Velour Corduroy Back Pocket Logo Pants [ Black ],0.0,0,151200,151200,151200,0,0,0.0,100.0,1,high,24.02,7,3,none,,27,https://www.musinsa.com/products/4616027
2026-09-03,라이크더모스트,4616987,카라 럭비 오버 스웨트셔츠_멜란지,0.0,0,29100,29100,,0,,,18.02,0,low,6.24,2,1,none,,27,https://www.musinsa.com/products/4616987
2026-09-03,라이크더모스트,4620507,배색 니트패턴 오버 후디_화이트멜란지,0.0,0,31950,31950,,0,,,18.02,0,low,6.24,2,1,none,,27,https://www.musinsa.com/products/4620507
2026-09-03,노드유,4627547,바시티 트랙 라인 자카드 투웨이 보카시 집업 니트 지켓 [네이비],0.0,0,43400,43400,,0,,,30.87,0,low,8.32,3,1,none,,27,https://www.musinsa.com/products/4627547
2026-09-03,누아트스튜디오,4633819,[젤라비 Pick] 클래식 미니멀 스트라이프 머플러 4color,0.0,0,13500,13500,,0,,,18.01,0,low,5.23,4,1,none,,27,https://www.musinsa.com/products/4633819
2026-09-03,썸웨어버터,4638107,Square Tote Bag - 4Color,0.0,0,87200,87200,87200,0,0,0.0,61.01,0,low,23.99,6,2,none,,27,https://www.musinsa.com/products/4638107
2026-09-03,데상트,4640091,[DUALIS] 빅 호보백 블랙(SP323DBG73),0.0,0,69500,69500,,0,,,30.87,0,low,8.32,3,1,none,,27,https://www.musinsa.com/products/4640091
2026-09-03,아틀리에나인,4644891,SHINE SATIN LAYERED SKIRT(SK-4984),0.0,0,143100,143100,143100,0,0,0.0,100.0,1,high,24.0,6,2,none,,27,https://www.musinsa.com/products/4644891
2026-09-03,니티드,4645595,캣츠 밴드 라운드 니트 BLACK,0.0,0,41580,41580,41580,0,0,0.0,81.99,0,low,25.19,4,1,none,,27,https://www.musinsa.com/products/4645595
2026-09-03,키르시,4646299,키즈 자카드 니트 팬츠 [멜란지 그레이],0.0,0,44500,44500,44500,0,0,0.0,100.0,1,high,24.36,5,2,none,,27,https://www.musinsa.com/products/4646299
2026-09-03,무센트,4647195,투 핫 후드 티 (남녀공용),0.0,0,53910,53910,53910,0,0,0.0,100.0,1,high,24.36,5,2,none,,27,https://www.musinsa.com/products/4647195
2026-09-03,예스아이씨,4652059,Tenga x Y.E.S Stripe Socks (2pack) Multi,0.0,0,8550,8550,,0,,,30.86,0,low,8.32,3,1,none,,27,https://www.musinsa.com/products/4652059
2026-09-03,하이스쿨디스코,4654491,포켓 카고 부츠컷 팬츠_브라운,0.0,0,64080,64080,,0,,,30.85,0,low,8.32,3,1,none,,27,https://www.musinsa.com/products/4654491
2026-09-03,트리밍버드,4656219,Layered Wrap Skirt Denim Cargo Pants [ Dark navy ],0.0,0,191200,191200,191200,0,0,0.0,100.0,1,high,24.02,7,3,none,,27,https://www.musinsa.com/products/4656219
2026-09-03,누아트스튜디오,4659483,[SET] 클래식 라인 장갑 머플러 SET 9color,0.0,0,27350,27350,,0,,,18.0,0,low,5.24,4,1,none,,27,https://www.musinsa.com/products/4659483
2026-09-03,데상트,4667355,엣지 코트 빈티지 블랙 베이지 SR323LSN73,0.0,0,122550,122550,,0,,,30.84,0,low,8.32,3,1,none,,27,https://www.musinsa.com/products/4667355
2026-09-03,썸웨어버터,4672283,Heart Alpaca Nordic Cardigan - Ivory,0.0,0,135200,135200,135200,0,0,0.0,61.01,0,low,23.99,6,2,none,,27,https://www.musinsa.com/products/4672283
2026-09-03,엘엠씨,4672923,STAR WESTERN SWEATSHIRT sand,0.0,0,57850,57850,,0,,,17.99,0,low,6.24,2,1,none,,27,https://www.musinsa.com/products/4672923
2026-09-03,엘엠씨,4673051,STRIPE GOTHIC NAME RUGBY SHIRT black,0.0,0,62300,62300,,0,,,17.98,0,low,6.24,2,1,none,,27,https://www.musinsa.com/products/4673051
2026-09-03,바우로프로덕트,4681307,헤비 울 크롭 가디건 [차콜],0.0,0,119000,119000,119000,0,0,0.0,100.0,1,high,25.2,6,2,none,,27,https://www.musinsa.com/products/4681307
2026-09-03,엔와이엑스엑스,4681883,COLOR BLOCK RUGBY LONG SLEEVE NAVY,0.0,0,32500,32500,,0,,,30.84,0,low,8.32,3,1,none,,27,https://www.musinsa.com/products/4681883
2026-09-03,데상트,4687323,스포츠테리 아노락 맨투맨 오트밀(SQ123UAN11),0.0,0,64500,64500,,0,,,30.84,0,low,8.32,3,1,none,,27,https://www.musinsa.com/products/4687323
2026-09-03,유니폼브릿지,4687579,plaid check shirt orange,0.0,0,64500,64500,64500,0,0,0.0,100.0,1,high,23.99,6,3,none,,27,https://www.musinsa.com/products/4687579
2026-09-03,노이즈,4693467,필치 데님 와이드 핏 팬츠 - 블루 인디고,0.0,0,24840,24840,,0,,,30.84,0,low,8.32,3,1,none,,27,https://www.musinsa.com/products/4693467
2026-09-03,헬레네파리스,4694299,언벨런스 플레어 스커트 [블랙],0.0,0,47710,47710,59360,1,-11650,-19.63,100.0,1,medium,24.02,7,3,none,,27,https://www.musinsa.com/products/4694299
2026-09-03,일리고,4694811,체크 아플리케 후드 집업 블랙,0.0,0,76000,76000,76000,0,0,0.0,90.88,0,low,24.33,4,1,none,,27,https://www.musinsa.com/products/4694811
2026-09-03,드로우핏우먼,4696923,칼라리스 투웨이 벨트 블레이저 [BEIGE],0.0,0,149600,149600,149600,0,0,0.0,100.0,1,high,23.99,7,3,none,,27,https://www.musinsa.com/products/4696923
2026-09-03,로제프란츠,4697627,Unbalance Eyelet Top [Black],0.0,0,37400,37400,37400,0,0,0.0,82.02,0,low,25.2,4,1,none,,27,https://www.musinsa.com/products/4697627
2026-09-03,커버낫,4702619,실키 와샤 스트링백 Khaki,0.0,0,48060,48060,48060,0,0,0.0,100.0,1,high,24.36,5,2,none,,27,https://www.musinsa.com/products/4702619
2026-09-03,해비즘,4704219,ROSE HALF NECK ZIP UP JACKET(PINK),0.0,0,25900,25900,25900,0,0,0.0,61.02,0,low,23.99,6,2,none,,27,https://www.musinsa.com/products/4704219
2026-09-03,더블유엠씨,4704475,아가일 펀칭 롱슬리브_PALE KHAKI,0.0,0,48300,48300,48300,0,0,0.0,61.02,0,low,23.99,6,2,none,,27,https://www.musinsa.com/products/4704475
2026-09-03,마인드브릿지우먼,4705435,[W][COUTURE]보트넥 립 배색 슬림핏 니트,0.0,0,29900,29900,29900,0,0,0.0,100.0,1,high,24.0,6,2,none,,27,https://www.musinsa.com/products/4705435
2026-09-03,헬레네파리스,4705691,웨이스트 체인 벨트,0.0,0,49600,49600,49600,0,0,0.0,100.0,1,high,24.02,7,3,none,,27,https://www.musinsa.com/products/4705691
2026-09-03,마인드브릿지,4705755,[수피마]라운드넥 분또 티셔츠 - 3color,0.0,0,35900,35900,35900,0,0,0.0,90.89,0,low,24.33,4,1,none,,27,https://www.musinsa.com/products/4705755
2026-09-03,내셔널지오그래픽,4706075,N251UJP860 아틀라스 윈드스토퍼 BY GORE-TEX LABS 2L 블록 자켓 GREEN OLIVE,0.0,0,209300,209300,,0,,,24.79,0,low,12.7,3,1,none,,27,https://www.musinsa.com/products/4706075
2026-09-03,비터셀즈,4706651,스포티 하트 롱 슬리브-아이보리,0.0,0,35200,35200,35200,0,0,0.0,90.9,0,low,24.33,8,1,none,,27,https://www.musinsa.com/products/4706651
2026-09-03,프렌다,4708571,PRDA BIG PATCH SPRAY HOODIE BLACK,0.0,0,27600,27600,34500,1,-6900,-20.0,100.0,1,medium,23.99,7,3,none,,27,https://www.musinsa.com/products/4708571
2026-09-03,아웃스탠딩,4710555,LAMBSWOOL FISHERMAN COLLAR CARDIGAN_BLACK,0.0,0,54000,54000,54000,0,0,0.0,100.0,1,high,23.99,6,3,none,,27,https://www.musinsa.com/products/4710555
2026-09-03,아틀리에나인,4715739,STANDARD BIKER LEATHER JACKET(JK-3013),0.0,0,178200,178200,178200,0,0,0.0,100.0,1,high,24.0,6,2,none,,27,https://www.musinsa.com/products/4715739
2026-09-03,유니폼브릿지,4717019,half zip-up sweatshirt(womens) dusty yellow,0.0,0,63600,63600,63600,0,0,0.0,100.0,1,high,23.99,6,3,none,,27,https://www.musinsa.com/products/4717019
2026-09-03,더뮤지엄비지터,4717531,STAR LINING POINT FUR JACKET (BEIGE),0.0,0,127800,127800,127800,0,0,0.0,100.0,1,high,23.99,6,3,none,,27,https://www.musinsa.com/products/4717531
2026-09-03,마하그리드,4722459,mah CUT OFF APPLIQUE SWEATPANT BLACK(MG2FSMPA01A),0.0,0,71200,71200,,0,,,24.77,0,low,12.7,3,1,none,,27,https://www.musinsa.com/products/4722459
2026-09-03,일꼬르소,4722715,파라슈트 왁스 코팅 패디드 점퍼 블랙 IEJU5E204BK,0.0,0,114500,114500,114500,0,0,0.0,100.0,1,high,24.37,5,2,none,,27,https://www.musinsa.com/products/4722715
2026-09-03,아티스트웨어,4725979,[ATW] 아디오스 맨투맨,0.0,0,55300,55300,,0,,,24.77,0,low,12.7,3,1,none,,27,https://www.musinsa.com/products/4725979
2026-09-03,레더리,4727515,글로시 나일론 버킷 백팩 [BLACK],3.1,188481,60800,60800,60800,0,0,0.0,100.0,1,high,9.52,22,6,none,,27,https://www.musinsa.com/products/4727515
2026-09-03,노매뉴얼,4727579,NM X MP SWEATPANTS - WASHED BLACK,0.0,0,149000,149000,149000,0,0,0.0,90.92,0,low,24.33,4,1,none,,27,https://www.musinsa.com/products/4727579
2026-09-03,내셔널지오그래픽,4728411,N251WFT084 여성 시그너스 우븐 후드 아노락 CARBON BLACK,0.0,0,100240,100240,,0,,,24.77,0,low,12.7,3,1,none,,27,https://www.musinsa.com/products/4728411
2026-09-03,필루미네이트,4728667,피그먼트 카펜터 스웨트 팬츠-네이비,0.0,0,39000,39000,39000,0,0,0.0,61.03,0,low,23.99,6,2,none,,27,https://www.musinsa.com/products/4728667
2026-09-03,카네이테이,4728859,RIDGEWOOD CREWNECK (IVORY),0.0,0,39500,39500,69000,1,-29500,-42.75,100.0,1,medium,23.99,6,3,none,,27,https://www.musinsa.com/products/4728859
2026-09-03,미나브,4729819,맨다운 와이드 데님팬츠 [미드블루],0.0,0,31680,31680,31680,0,0,0.0,100.0,1,high,23.99,7,3,none,,27,https://www.musinsa.com/products/4729819
2026-09-03,일리고,4730971,레이어드 스커트 머플러 블랙,0.0,0,44000,44000,44000,0,0,0.0,90.92,0,low,24.33,4,1,none,,27,https://www.musinsa.com/products/4730971
2026-09-03,제너럴아이디어,4731355,스트랩 레이어드 가디건 [CHARCOAL] / WBE1L04506,0.0,0,50700,50700,55200,1,-4500,-8.15,100.0,1,medium,23.99,6,3,none,,27,https://www.musinsa.com/products/4731355
2026-09-03,오픈야드(오와이),4732507,STRIPE BELTED SIDE TWO TUCK WIDE PANTS - BLACK,0.0,0,90300,90300,,0,,,24.76,0,low,12.7,3,1,none,,27,https://www.musinsa.com/products/4732507
2026-09-03,미세키서울,4732827,Shirring knee socks IVORY,0.9,17640,19670,19670,19670,0,0,0.0,90.93,0,low,24.33,4,1,none,,27,https://www.musinsa.com/products/4732827
2026-09-03,노매뉴얼,4734107,NM ANGEL NYLON BALL CAP - GRAY,0.0,0,31200,31200,31200,0,0,0.0,90.93,0,low,24.33,4,1,none,,27,https://www.musinsa.com/products/4734107
2026-09-03,노매뉴얼,4734299,D.P CARGO BERMUDA PANTS - CAMOUFLAGE,0.0,0,80500,80500,80500,0,0,0.0,90.94,0,low,24.33,4,1,none,,27,https://www.musinsa.com/products/4734299
2026-09-03,노매뉴얼,4734427,ROADRUNNER T-SHIRT - BLACK,0.0,0,27300,27300,27300,0,0,0.0,90.95,0,low,24.33,4,1,none,,27,https://www.musinsa.com/products/4734427
2026-09-03,노매뉴얼,4734555,MULTI PANEL WORK JACKET - WASHED BLACK,0.0,0,218400,218400,218400,0,0,0.0,90.95,0,low,24.33,4,1,none,,27,https://www.musinsa.com/products/4734555
2026-09-03,디스이즈네버댓,4735323,T-Logo Cap Grey,0.0,0,36000,36000,36000,0,0,0.0,100.0,1,high,24.37,5,2,none,,27,https://www.musinsa.com/products/4735323
2026-09-03,디스이즈네버댓,4735387,Overdyed Embroidery Hoodie Purple Grey,0.0,0,59500,59500,59500,0,0,0.0,100.0,1,high,24.37,5,2,none,,27,https://www.musinsa.com/products/4735387
2026-09-03,엠엘비,4735515,베이직 애슬레져 백팩 NY (Black),0.0,0,103200,103200,,0,,,27.3,0,low,10.31,3,1,none,,27,https://www.musinsa.com/products/4735515
2026-09-03,아웃스탠딩,4736027,MIL SERIES CAP(456th)_BRICK,0.0,0,44100,44100,44100,0,0,0.0,100.0,1,high,23.99,6,3,none,,27,https://www.musinsa.com/products/4736027
2026-09-03,내셔널지오그래픽,4737627,N255USN317 로버 에어릿 BLACK,0.0,0,55200,55200,,0,,,24.75,0,low,12.7,3,1,none,,27,https://www.musinsa.com/products/4737627
2026-09-03,썸웨어버터,4738331,Dewey Lace Mini Dress - Ivory,0.0,0,136000,136000,136000,0,0,0.0,61.04,0,low,23.99,6,2,none,,27,https://www.musinsa.com/products/4738331
2026-09-03,튜드먼트,4741595,GLOSSY MINI TOTE WHITE,0.0,0,76160,76160,,0,,,27.29,0,low,10.31,3,1,none,,27,https://www.musinsa.com/products/4741595
2026-09-03,트리밍버드,4745755,Horizon Logo Long Sleeves [ Black ],0.0,0,89000,89000,89000,0,0,0.0,100.0,1,high,24.02,7,3,none,,27,https://www.musinsa.com/products/4745755
2026-09-03,르아르,4747227,퓨어 코튼 브이넥 니트 [그레이],1.29,60397,46800,46800,46800,0,0,0.0,64.52,0,low,24.0,10,1,none,,27,https://www.musinsa.com/products/4747227
2026-09-03,시야쥬,4747931,SITP5181 DURER 헤리티지 자수 맨투맨_Melange gray,0.0,0,79000,79000,79000,0,0,0.0,100.0,1,high,24.38,5,2,none,,27,https://www.musinsa.com/products/4747931
2026-09-03,9999아카이브,4749211,Crooked Sied Ribbon Vest,0.0,0,23400,23400,23400,0,0,0.0,61.04,0,low,23.99,6,2,none,,27,https://www.musinsa.com/products/4749211
2026-09-03,키르시,4749339,펑크 트랙 돌핀 팬츠 [아이보리],0.0,0,29400,29400,29400,0,0,0.0,100.0,1,high,24.38,5,2,none,,27,https://www.musinsa.com/products/4749339
2026-09-03,키르시,4749403,코듀로이 카라 워크 자켓 [블랙],0.0,0,111300,111300,111300,0,0,0.0,100.0,1,high,24.38,5,2,none,,27,https://www.musinsa.com/products/4749403
2026-09-03,론론,4749915,SMOCKED LACE CANCAN RUFFLE PANTSKIRT WHITE,0.0,0,56320,56320,63360,1,-7040,-11.11,100.0,1,medium,24.02,7,3,none,,27,https://www.musinsa.com/products/4749915
2026-09-03,와이케이,4752347,리버시블 체크 윈드브레이커 아이보리,0.0,0,104250,104250,104250,0,0,0.0,61.05,0,low,23.99,6,2,none,,27,https://www.musinsa.com/products/4752347
2026-09-03,던스트,4755675,2-WAY ESSENTIAL STRIPED SHIRT_UDSH6A202_GREY STRIPE,0.0,0,78480,78480,98100,1,-19620,-20.0,61.05,0,low,23.99,6,2,none,,27,https://www.musinsa.com/products/4755675
2026-09-03,커버낫,4756315,세미와이드 어센틱 스웻 팬츠 Sky Blue,0.0,0,64080,64080,64080,0,0,0.0,100.0,1,high,24.38,5,2,none,,27,https://www.musinsa.com/products/4756315
2026-09-03,커버낫,4756507,C 로고 다잉 맨투맨 Dark Navy,0.0,0,44100,44100,44100,0,0,0.0,100.0,1,high,24.38,5,2,none,,27,https://www.musinsa.com/products/4756507
2026-09-03,커버낫,4756571,어센틱 로고 후디 Dark Navy,0.0,0,68000,68000,68000,0,0,0.0,100.0,1,high,24.38,5,2,none,,27,https://www.musinsa.com/products/4756571
2026-09-03,트래블,4756827,롤업 버뮤다 데님 쇼츠 블루,0.0,0,39500,39500,39500,0,0,0.0,100.0,1,high,23.99,7,3,none,,27,https://www.musinsa.com/products/4756827
2026-09-03,커스텀어클락,4757403,소프트 베이직 라운드 가디건 라이트그레이 COOSCD020LGRAY,0.0,0,47200,47200,47200,0,0,0.0,100.0,1,high,24.38,5,2,none,,27,https://www.musinsa.com/products/4757403
2026-09-03,트릴리온,4758043,컬러 워크 카라 집업 니트 자켓 [퍼플 브라운],0.0,0,39900,39900,39900,0,0,0.0,90.98,0,low,24.34,4,1,none,,27,https://www.musinsa.com/products/4758043
2026-09-03,언탭트스튜디오,4758875,트랙 럭비 카라 오버핏 맨투맨 스웻 티셔츠 3 COLOR,0.0,0,35910,35910,35910,0,0,0.0,100.0,1,high,23.99,7,3,none,,27,https://www.musinsa.com/products/4758875
2026-09-03,언탭트스튜디오,4759707,US 트랙 스포티 오버핏 맨투맨 3Color,0.0,0,34970,34970,34970,0,0,0.0,100.0,1,high,23.99,7,3,none,,27,https://www.musinsa.com/products/4759707
2026-09-03,미세키서울,4760155,Draped shirt skirt pants SET CHARCOAL,0.0,0,187200,187200,187200,0,0,0.0,90.98,0,low,24.34,4,1,none,,27,https://www.musinsa.com/products/4760155
2026-09-03,노이어,4760987,에센셜 루즈핏 대디 가디건 (그레이),0.0,0,96000,96000,96000,0,0,0.0,100.0,1,high,10.1,23,6,none,,27,https://www.musinsa.com/products/4760987
2026-09-03,엑스트라오디너리,4763099,QUEEN TAROT LONG SLEEVE L.M/GREY,0.0,0,39500,39500,39500,0,0,0.0,91.0,0,low,24.34,4,1,none,,27,https://www.musinsa.com/products/4763099
2026-09-03,에이치덱스,4763675,우먼스 레터링 모달 커버업 탱크탑 (Light Pink),0.0,0,23400,23400,23400,0,0,0.0,82.07,0,low,25.2,4,1,none,,27,https://www.musinsa.com/products/4763675
2026-09-03,예스아이씨,4766043,Logo Cap Black,0.0,0,29400,29400,,0,,,30.78,0,low,8.32,3,1,none,,27,https://www.musinsa.com/products/4766043
2026-09-03,도프제이슨,4767451,워커스 레더 블루종 BLACK,0.0,0,159000,159000,159000,0,0,0.0,61.06,0,low,23.99,6,2,none,,27,https://www.musinsa.com/products/4767451
2026-09-03,디스이즈네버댓,4767515,Script-Logo No Cuff Beanie Lavender,0.0,0,22500,22500,22500,0,0,0.0,100.0,1,high,24.38,5,2,none,,27,https://www.musinsa.com/products/4767515
2026-09-03,예스아이씨,4774043,Triple Raglan Hoodie Grey,0.0,0,69300,69300,,0,,,30.76,0,low,8.32,3,1,none,,27,https://www.musinsa.com/products/4774043
2026-09-03,예스아이씨,4774107,Y.E.S Stitch Pocket Zip up Hoodie Navy,0.0,0,90300,90300,,0,,,30.76,0,low,8.32,3,1,none,,27,https://www.musinsa.com/products/4774107
2026-09-03,엔와이엑스엑스,4774939,EMBLEM PRINTING COTTON PANTS BEIGE,0.0,0,51600,51600,,0,,,30.76,0,low,8.32,3,1,none,,27,https://www.musinsa.com/products/4774939
2026-09-03,모즈모즈,4778587,뒷절개 오버핏 피그먼트 반팔티셔츠 블랙,0.0,0,29800,29800,29800,0,0,0.0,64.53,0,low,24.0,10,1,none,,27,https://www.musinsa.com/products/4778587
2026-09-03,모즈모즈,4781595,브러시로고 더블 위브 반팔 티셔츠 카키,0.0,0,28800,28800,28800,0,0,0.0,64.54,0,low,24.0,4,1,none,,27,https://www.musinsa.com/products/4781595
2026-09-03,모즈모즈,4782107,고스트 드로잉 오버핏 반팔티셔츠 챠콜,0.0,0,23800,23800,23800,0,0,0.0,64.54,0,low,24.0,4,1,none,,27,https://www.musinsa.com/products/4782107
2026-09-03,제너럴아이디어,4782363,포켓 블루종 셔츠 [BLUE] / WBE1L03511,0.0,0,47200,47200,47200,0,0,0.0,100.0,1,high,23.99,6,3,none,,27,https://www.musinsa.com/products/4782363
2026-09-03,카키포인트,4782875,Washing Wide Denim (gray),0.0,0,116280,116280,97920,1,18360,18.75,100.0,1,medium,23.99,7,3,none,,27,https://www.musinsa.com/products/4782875
2026-09-03,모즈모즈,4783771,[SET] 고스트드로잉 반팔+더블코튼 와이드 원턱 반바지 셋업 네이비,0.0,0,34220,34220,34220,0,0,0.0,64.55,0,low,24.0,4,1,none,,27,https://www.musinsa.com/products/4783771
2026-09-03,웬즈데이오아시스,4783899,브러쉬 워시드 세미와이드 데님_Blue(WC25-PT01),0.0,0,61600,61600,61600,0,0,0.0,100.0,1,high,23.99,7,3,none,,27,https://www.musinsa.com/products/4783899
2026-09-03,로라로라,4784667,STITCH ROUND NECK T-SHIRT GRAY,0.0,0,36500,36500,,0,,,27.27,0,low,10.31,3,1,none,,27,https://www.musinsa.com/products/4784667
2026-09-03,이미스,4786203,MESH MEDIUM DUFFLE BAG-PEACH,0.0,0,89100,89100,,0,,,27.26,0,low,10.31,2,1,none,,27,https://www.musinsa.com/products/4786203
2026-09-03,기철,4786715,Tidy oxford shirt (sky blue),0.0,0,41400,41400,41400,0,0,0.0,64.55,0,low,24.0,4,1,none,,27,https://www.musinsa.com/products/4786715
2026-09-03,기철,4786843,Worker standard t-shirt (black),0.0,0,33600,33600,33600,0,0,0.0,64.55,0,low,24.0,4,1,none,,27,https://www.musinsa.com/products/4786843
2026-09-03,낫포너드,4787675,4 Cross Symbol Stripe Hood Zip Up - Pink,0.0,0,49000,49000,49000,0,0,0.0,82.08,0,low,25.2,4,1,none,,27,https://www.musinsa.com/products/4787675
2026-09-03,스컬프터,4787739,Puff Tailored Jacket Black,0.0,0,134400,134400,134400,0,0,0.0,100.0,1,high,23.99,6,3,none,,27,https://www.musinsa.com/products/4787739
2026-09-03,파르티멘토 우먼,4791579,워시드 데미지 초어 코트_차콜,0.0,0,142560,142560,160380,1,-17820,-11.11,91.05,0,low,24.35,4,1,none,,27,https://www.musinsa.com/products/4791579
2026-09-03,미드나잇무브,4792603,cancan set t (black),0.0,0,57600,57600,,0,,,27.26,0,low,7.49,3,1,none,,27,https://www.musinsa.com/products/4792603
2026-09-03,니티드,4797019,버뮤다 트레이닝 하프 팬츠 BLACK,15.1,469722,31100,31100,31100,0,0,0.0,100.0,1,low,9.06,21,6,none,,27,https://www.musinsa.com/products/4797019
2026-09-03,더그린랩,4797211,FAUX 레더 비죠 플리츠 스커트 [챠콜 그레이],0.0,0,37760,37760,,0,,,30.74,0,low,8.32,3,1,none,,27,https://www.musinsa.com/products/4797211
2026-09-03,커버낫,4797787,레귤러 백사틴 퍼티그 팬츠 Dark Khaki,0.0,0,53100,53100,53100,0,0,0.0,100.0,1,high,24.39,5,2,none,,27,https://www.musinsa.com/products/4797787
2026-09-03,커버낫,4797851,루즈핏 린넨 셔츠 Yellow,0.0,0,44100,44100,44100,0,0,0.0,100.0,1,high,24.39,5,2,none,,27,https://www.musinsa.com/products/4797851
2026-09-03,무센트,4798555,뫼비우스 레터링 나그랑 배색 맨투맨 남녀공용 (2Color),0.0,0,34720,34720,34720,0,0,0.0,100.0,1,high,24.39,5,2,none,,27,https://www.musinsa.com/products/4798555
2026-09-03,본투윈,4799131,W NUMBER PIN-TUCK SNAP HOODIE [WHITE MELANGE GREY],0.0,0,48300,48300,48300,0,0,0.0,100.0,1,high,23.99,6,3,none,,27,https://www.musinsa.com/products/4799131
2026-09-03,본투윈,4799195,SQUARE ARCH SEMI OVER FIT T-SHIRTS [MELANGE GREY],0.0,0,54000,54000,54000,0,0,0.0,100.0,1,high,23.99,6,3,none,,27,https://www.musinsa.com/products/4799195
2026-09-03,루에브르,4799899,[SET] Knit Cardigan + Bustier top SS5SD135_2color,0.0,0,199000,199000,199000,0,0,0.0,100.0,1,high,23.99,7,3,none,,27,https://www.musinsa.com/products/4799899
2026-09-03,맥우드건,4800219,크리서트 7514 더티워시 절개 스트레이트핏 미디움인디고 데님팬츠,0.0,0,64400,64400,,0,,,30.73,0,low,8.32,3,1,none,,27,https://www.musinsa.com/products/4800219
2026-09-03,그루브라임,4805147,남) C100 3단쭈리 원턱 와이드 (25년)(3COLOR) [LRARCYW172P],0.0,0,44900,44900,44900,0,0,0.0,100.0,1,high,23.99,7,3,none,,27,https://www.musinsa.com/products/4805147
2026-09-03,르아브,4806235,코브 후크 헨리넥 티셔츠 바이올렛,0.0,0,41300,41300,41300,0,0,0.0,61.07,0,low,23.99,6,2,none,,27,https://www.musinsa.com/products/4806235
2026-09-03,세컨모놀로그,4810651,스냅 체크 후드 셔츠 자켓 [PINK]_SEJK011PINK,0.0,0,35600,35600,35600,0,0,0.0,100.0,1,high,24.4,5,2,none,,27,https://www.musinsa.com/products/4810651
2026-09-03,론론,4812443,DOT PATTERN LAYERED KNIT CARDIGAN CHARCOAL BLACK,0.0,0,87840,87840,98820,1,-10980,-11.11,100.0,1,medium,24.02,7,3,none,,27,https://www.musinsa.com/products/4812443
2026-09-03,디스이즈네버댓,4813659,Oxford Shirt Blue,0.0,0,59500,59500,59500,0,0,0.0,100.0,1,high,24.4,5,2,none,,27,https://www.musinsa.com/products/4813659
2026-09-03,오픈야드(오와이),4816603,CURVED ZIPPER LIGHT SHELL JACKET - LIGHT GREY,0.0,0,95400,95400,,0,,,24.7,0,low,12.7,3,1,none,,27,https://www.musinsa.com/products/4816603
2026-09-03,와이케이,4816731,빅 아가일 부클 니트 스카이블루,0.0,0,53300,53300,53300,0,0,0.0,61.08,0,low,23.99,6,2,none,,27,https://www.musinsa.com/products/4816731
2026-09-03,시눈,4817819,Rose Frill Mini Skirt (Cream Yellow),0.0,0,134570,134570,134570,0,0,0.0,64.57,0,low,24.0,4,1,none,,27,https://www.musinsa.com/products/4817819
2026-09-03,유니폼브릿지,4818139,vintage linen pocket shirt brick,0.0,0,63600,63600,63600,0,0,0.0,100.0,1,high,23.99,6,3,none,,27,https://www.musinsa.com/products/4818139
2026-09-03,내셔널지오그래픽,4820507,N252UHP902 메쉬 하이브리드 퍼티그 5부 쇼츠 SAND BEIGE,0.0,0,69300,69300,,0,,,24.7,0,low,12.7,3,1,none,,27,https://www.musinsa.com/products/4820507
2026-09-03,데상트,4821403,오버핏 그래픽 긴팔 티셔츠 스카이 블루(SQ123UTL31),0.0,0,37500,37500,,0,,,30.71,0,low,8.33,3,1,none,,27,https://www.musinsa.com/products/4821403
2026-09-03,베르만어패럴,4823003,우먼즈 애슬레틱 크롭 후드집업 2colors,0.0,0,59400,59400,59400,0,0,0.0,100.0,1,high,24.02,7,3,none,,27,https://www.musinsa.com/products/4823003
2026-09-03,인사일런스,4824987,시어드 아노락 BLACK,0.0,0,135360,135360,135360,0,0,0.0,100.0,1,high,24.4,5,2,none,,27,https://www.musinsa.com/products/4824987
2026-09-03,인사일런스,4825051,라이트웨이트 필드 자켓 BLACK,0.0,0,167760,167760,167760,0,0,0.0,100.0,1,high,24.4,5,2,none,,27,https://www.musinsa.com/products/4825051
2026-09-03,르바,4826267,Light Slim Knit Cardigan - Black,0.0,0,116100,116100,116100,0,0,0.0,82.1,0,low,25.2,4,1,none,,27,https://www.musinsa.com/products/4826267
2026-09-03,필루미네이트,4826459,이지 카고 스웨트 팬츠-카키,0.0,0,28900,28900,28900,0,0,0.0,61.1,0,low,23.99,6,2,none,,27,https://www.musinsa.com/products/4826459
2026-09-03,시야쥬,4826779,SITP5187 오버 핏 멀티 ST 셔츠_Light blue,0.0,0,80100,80100,80100,0,0,0.0,100.0,1,high,24.4,5,2,none,,27,https://www.musinsa.com/products/4826779
2026-09-03,팬시클럽,4827867,벨티드 워싱 레더백 (BLACK) F25QE990,0.93,96292,103240,103240,,0,,,24.69,0,low,12.7,3,1,none,2,27,https://www.musinsa.com/products/4827867
2026-09-03,인사일런스,4832347,워시드 하이 덴시티 셔츠 BROWN,0.0,0,89000,89000,89000,0,0,0.0,100.0,1,high,24.4,5,2,none,,27,https://www.musinsa.com/products/4832347
2026-09-03,예스아이씨,4833627,Elastic Easy Cotton Pants Navy,0.0,0,76300,76300,,0,,,30.7,0,low,8.32,3,1,none,,27,https://www.musinsa.com/products/4833627
2026-09-03,지프,4834587,[2PACK] 16수 싱글 에어그램 원마일 반팔 티셔츠 (JR5TSU151BK),0.0,0,30600,30600,,0,,,30.69,0,low,8.32,3,1,none,,27,https://www.musinsa.com/products/4834587
2026-09-03,어나더오피스,4834971,Utility Cargo Slacks (Charcoal),0.0,0,123200,123200,123200,0,0,0.0,82.12,0,low,24.02,6,3,none,,27,https://www.musinsa.com/products/4834971
2026-09-03,밀로아카이브,4837787,크롭 브이넥 니트 [네이비],0.0,0,75260,75260,75600,1,-340,-0.45,91.1,0,low,23.99,7,3,none,,27,https://www.musinsa.com/products/4837787
2026-09-03,브라운브레스,4840219,DOUBLE KNEE BALLON PANTS - BEIGE,0.0,0,83300,83300,83300,0,0,0.0,100.0,1,high,23.99,7,3,none,,27,https://www.musinsa.com/products/4840219
2026-09-03,배드블러드,4840283,클래식 로고 맨투맨 - 블랙,0.0,0,71200,71200,71200,0,0,0.0,100.0,1,high,24.02,7,3,none,,27,https://www.musinsa.com/products/4840283
2026-09-03,배드블러드,4840347,클래식 체크 2 Way 조거 트라우져 - 그린,0.0,0,106400,106400,106400,0,0,0.0,100.0,1,high,24.02,7,3,none,,27,https://www.musinsa.com/products/4840347
2026-09-03,그레이버,4842843,[UNISEX]GROA 플라워 로고 맨투맨_2color,0.0,0,38400,38400,,0,,,30.69,0,low,8.32,3,1,none,,27,https://www.musinsa.com/products/4842843
2026-09-03,웬즈데이오아시스,4850139,올웨이즈 노아 투웨이 니트 집업_Mint(WC25-KN08),0.0,0,55300,55300,55300,0,0,0.0,100.0,1,high,23.99,7,3,none,,27,https://www.musinsa.com/products/4850139
2026-09-03,레터리,4850587,LETERIE LOGO EMBROIDERY TOTE BAG_BLACK,0.0,0,37760,37760,,0,,,30.67,0,low,8.32,3,1,none,,27,https://www.musinsa.com/products/4850587
2026-09-03,1993스튜디오,4854875,더블니 카펜터 워싱 카모 버뮤다 팬츠_카모,0.0,0,51450,51450,51450,0,0,0.0,100.0,1,high,24.41,5,2,none,,27,https://www.musinsa.com/products/4854875
2026-09-03,무드인사이드,4860059,소브 카바링 헨리넥 롱 슬리브_Charcoal,0.0,0,25900,25900,25900,0,0,0.0,100.0,1,high,23.99,7,3,none,,27,https://www.musinsa.com/products/4860059
2026-09-03,필루미네이트,4860123,벨루어 칼라 롱 슬리브-브라운,0.0,0,32000,32000,32000,0,0,0.0,61.11,0,low,23.99,6,2,none,,27,https://www.musinsa.com/products/4860123
2026-09-03,낫포너드,4861467,N4ND Drip Logo Denim Pants - White,0.0,0,70740,70740,70740,0,0,0.0,82.14,0,low,25.21,4,1,none,,27,https://www.musinsa.com/products/4861467
2026-09-03,필루미네이트,4862811,시어 에어 윈드브레이커-블랙,0.0,0,43900,43900,43900,0,0,0.0,61.11,0,low,23.99,6,2,none,,27,https://www.musinsa.com/products/4862811
2026-09-03,유희,4863131,SHEEP PATTERN SKIRT WHITE,0.0,0,67320,67320,,0,,,30.67,0,low,8.32,3,1,none,,27,https://www.musinsa.com/products/4863131
2026-09-03,론론,4865499,BACK LABEL SLIMFIT KNIT CARDIGAN BLACK,0.0,0,71280,71280,80190,1,-8910,-11.11,100.0,1,medium,24.02,7,3,none,,27,https://www.musinsa.com/products/4865499
2026-09-03,론론,4865563,DOT RINGER PUFF T SHIRT BLACK,0.0,0,39600,39600,44550,1,-4950,-11.11,100.0,1,medium,24.02,7,3,none,,27,https://www.musinsa.com/products/4865563
2026-09-03,라이프워크,4866843,실루엣 라독 페이크 삭스,0.0,0,8900,8900,,0,,,30.66,0,low,8.32,3,1,none,,27,https://www.musinsa.com/products/4866843
2026-09-03,프리즘웍스,4871323,CLIPPING POCKET SHIRT _ STRIPE,0.0,0,58800,58800,58800,0,0,0.0,100.0,1,high,24.02,7,3,none,,27,https://www.musinsa.com/products/4871323
2026-09-03,엘무드,4873755,크로셰 실켓코튼 헨리넥 하프 니트 블랙,0.0,0,47500,47500,47500,0,0,0.0,100.0,1,high,24.41,5,2,none,,27,https://www.musinsa.com/products/4873755
2026-09-03,미니멀프로젝트,4874523,데이지 플라워 맨투맨 MMT138-Z [ASHGRAY],0.0,0,37800,37800,,0,,,27.22,0,low,10.31,2,1,none,,27,https://www.musinsa.com/products/4874523
2026-09-03,오픈야드(오와이),4875483,POOL GAME TEE - WHITE,0.0,0,31500,31500,,0,,,24.67,0,low,12.7,3,1,none,,27,https://www.musinsa.com/products/4875483
2026-09-03,오픈야드(오와이),4875547,IGNITE LOGO TEE - DARK GREY,0.0,0,34300,34300,,0,,,24.66,0,low,12.7,3,1,none,,27,https://www.musinsa.com/products/4875547
2026-09-03,어반드레스,4876187,Sulpa Dyeing Cargo Pants - 3COL,0.0,0,69000,69000,49900,1,19100,38.28,97.76,0,low,16.11,7,2,none,,27,https://www.musinsa.com/products/4876187
2026-09-03,썬러브투어,4877147,Capital Tee Black,0.47,22420,48120,48120,45350,1,2770,6.11,100.0,1,medium,23.99,7,3,none,,27,https://www.musinsa.com/products/4877147
2026-09-03,노이어,4882459,레이어드 헨리넥 롱 슬리브 티셔츠 (블랙네이비),0.0,0,53300,53300,53300,0,0,0.0,100.0,1,high,24.02,7,3,none,,27,https://www.musinsa.com/products/4882459
2026-09-03,키뮤어,4886043,(우먼) 버뮤다 데님 카펜터 쇼츠_스카이블루,0.0,0,20700,20700,20700,0,0,0.0,100.0,1,high,24.02,7,3,none,,27,https://www.musinsa.com/products/4886043
2026-09-03,미니멀프로젝트,4886811,캡처 모먼트 피그먼트 맨투맨 MMT139-Z [BLUEGREEN],0.0,0,40800,40800,,0,,,27.22,0,low,10.31,2,1,none,,27,https://www.musinsa.com/products/4886811
2026-09-03,마하그리드,4887771,ECLIPSE NYLON HOOD VEST GREY(MG2FSMB966A),0.0,0,71200,71200,,0,,,24.66,0,low,12.7,3,1,none,,27,https://www.musinsa.com/products/4887771
2026-09-03,마하그리드,4887899,HERE NOW TEE SKYBLUE(MG2FMMT519A),0.0,0,39200,39200,,0,,,24.66,0,low,12.7,3,1,none,,27,https://www.musinsa.com/products/4887899
2026-09-03,더바넷,4890907,Tweed Drawstring Chain Backpack_Ivory,0.0,0,175500,175500,175500,0,0,0.0,82.15,0,low,25.21,4,1,none,,27,https://www.musinsa.com/products/4890907
2026-09-03,오퍼스 0012,4896731,Op. 07 GLORY CROP T-SHIRTS WHITE,0.0,0,26000,26000,26000,0,0,0.0,100.0,1,high,23.99,6,3,none,,27,https://www.musinsa.com/products/4896731
2026-09-03,제너럴아이디어,4898523,레이스 트리밍 스웨트 팬츠 [BLACK] / WBE2L11505,0.0,0,55200,55200,55200,0,0,0.0,100.0,1,high,23.99,6,3,none,,27,https://www.musinsa.com/products/4898523
2026-09-03,마인드브릿지우먼,4899099,[W]원턱 와이드 크리즈 밴딩 팬츠,0.0,0,49900,49900,49900,0,0,0.0,100.0,1,high,24.0,6,2,none,,27,https://www.musinsa.com/products/4899099
2026-09-03,마인드브릿지우먼,4899291,[W]크리즈 오픈 카라 반팔 셔츠 - 2color,0.0,0,49900,49900,49900,0,0,0.0,100.0,1,high,24.0,6,2,none,,27,https://www.musinsa.com/products/4899291
2026-09-03,엠엘비,4900379,스키퍼 슬라이드 NY (Sand),0.0,0,53100,53100,,0,,,27.21,0,low,10.31,2,1,none,,27,https://www.musinsa.com/products/4900379
2026-09-03,데상트,4902875,우먼스 트랙 저지 쇼츠 라임(SQ122RKH39),0.0,0,41400,41400,,0,,,30.62,0,low,8.33,3,1,none,,27,https://www.musinsa.com/products/4902875
2026-09-03,키르시,4904667,락 체리 그래픽 루즈핏 티셔츠 [화이트],0.0,0,25200,25200,25200,0,0,0.0,100.0,1,high,24.42,5,2,none,,27,https://www.musinsa.com/products/4904667
2026-09-03,디스이즈네버댓,4905563,TNT CHAMPS Cap Charcoal,0.0,0,26000,26000,26000,0,0,0.0,100.0,1,high,24.42,5,2,none,,27,https://www.musinsa.com/products/4905563
2026-09-03,넌블랭크,4905627,[여름]울 텐셀 언컨 자켓_BLACK,0.0,0,127200,127200,127200,0,0,0.0,61.12,0,low,23.99,6,2,none,,27,https://www.musinsa.com/products/4905627
2026-09-03,프리버07,4906843,Side button point skirt_Black,0.0,0,48000,48000,,0,,,24.64,0,low,12.7,3,1,none,,27,https://www.musinsa.com/products/4906843
2026-09-03,본투윈,4909467,BRNTW TRACK LINE T-SHIRTS [WHITE],2.0,118000,59000,59000,59000,0,0,0.0,100.0,1,high,10.2,25,8,none,,27,https://www.musinsa.com/products/4909467
2026-09-03,틸아이다이,4909787,Backslit detail soft cotton shirt_Butter,0.0,0,81560,81560,81560,0,0,0.0,100.0,1,high,23.99,6,3,none,,27,https://www.musinsa.com/products/4909787
2026-09-03,인템포무드,4911195,스터드 벨트 커브 데님 _인디고,0.0,0,63200,63200,63200,0,0,0.0,100.0,1,high,24.42,5,2,none,,27,https://www.musinsa.com/products/4911195
2026-09-03,커버낫,4913947,버뮤다 코튼 쇼츠 Dark Navy,0.0,0,56070,56070,56070,0,0,0.0,100.0,1,high,24.42,5,2,none,,27,https://www.musinsa.com/products/4913947
2026-09-03,낫포너드,4915163,Double Knee Carpenter Flare Fit Cotton Pants - Black,0.0,0,55890,55890,55890,0,0,0.0,82.16,0,low,25.21,4,1,none,,27,https://www.musinsa.com/products/4915163
2026-09-03,트리밍버드,4916379,Glitter Crew Socks [ Gray ],0.0,0,23000,23000,23000,0,0,0.0,100.0,1,high,24.02,7,3,none,,27,https://www.musinsa.com/products/4916379
2026-09-03,내셔널지오그래픽,4918363,N252UTS810 웰라카 기능성 티셔츠 DEEP SEA NAVY,0.0,0,41060,41060,,0,,,24.63,0,low,12.7,3,1,none,,27,https://www.musinsa.com/products/4918363
2026-09-03,내셔널지오그래픽,4918427,N252UTS980 리젠아스킨 그래픽 반팔 티셔츠 PALE BLUE,0.0,0,48300,48300,,0,,,24.63,0,low,12.7,3,1,none,,27,https://www.musinsa.com/products/4918427
2026-09-03,내셔널지오그래픽,4918555,N252MPT350 마이크로 에어닷 와이드핏 팬츠 CARBON BLACK,0.0,0,89400,89400,,0,,,24.63,0,low,12.7,3,1,none,,27,https://www.musinsa.com/products/4918555
2026-09-03,카네이테이,4919067,ARMEE FRANCAISE RINGER SHORT SLEEVE (NAVY),0.0,0,23610,23610,23610,0,0,0.0,100.0,1,high,23.99,6,3,none,,27,https://www.musinsa.com/products/4919067
2026-09-03,브라운야드,4920347,"W 시스루 롱 슬리브, 브라운",0.0,0,69000,69000,69000,0,0,0.0,61.12,0,low,23.99,6,2,none,,27,https://www.musinsa.com/products/4920347
2026-09-03,무센트,4923419,데이리시 투웨이 스트라이프 크롭 후드 집업 (2컬러),0.0,0,34720,34720,34720,0,0,0.0,100.0,1,high,24.42,5,2,none,,27,https://www.musinsa.com/products/4923419
2026-09-03,데상트,4932443,트레이닝 오버핏 반팔 커버업 블랙(SQ211TTS43),0.0,0,65400,65400,,0,,,30.6,0,low,8.33,3,1,none,,27,https://www.musinsa.com/products/4932443
2026-09-03,버던트,4935579,절개 레이어드 카고 와이드 데님 팬츠 [블랙],0.0,0,42000,42000,,0,,,24.62,0,low,12.71,3,1,none,,27,https://www.musinsa.com/products/4935579
2026-09-03,버던트,4935707,빈티지 스크레치 워시드 데님 버뮤다 쇼츠 [데저트인디고],0.0,0,34500,34500,,0,,,24.62,0,low,12.7,3,1,none,,27,https://www.musinsa.com/products/4935707
2026-09-03,브룩스 브라더스,4935963,로고 코튼 피케 폴로셔츠 (올리브) (BBNTMO201AKFM),0.0,0,83300,83300,83300,0,0,0.0,61.14,0,low,23.99,6,2,none,,27,https://www.musinsa.com/products/4935963
2026-09-03,벨리에,4936027,오피서 프로치다 백 - 그레이,0.0,0,259350,259350,259350,0,0,0.0,64.61,0,low,24.0,4,1,none,,27,https://www.musinsa.com/products/4936027
2026-09-03,버던트,4938907,피그먼트 워싱 라운드넥 니트 [블루],0.0,0,32000,32000,,0,,,24.62,0,low,12.7,3,1,none,,27,https://www.musinsa.com/products/4938907
2026-09-03,에이치덱스,4941851,우먼스 어시스트 컨트라스트 탱크탑 (Black),0.0,0,29400,29400,29400,0,0,0.0,82.18,0,low,25.21,4,1,none,,27,https://www.musinsa.com/products/4941851
2026-09-03,세컨모놀로그,4942043,W. 릴렉스핏 레터링 자가드 라운드 하프 니트 [CREAM]_SEWKT004CREAM,0.0,0,17150,17150,17150,0,0,0.0,100.0,1,high,24.42,5,2,none,,27,https://www.musinsa.com/products/4942043
2026-09-03,트래블,4946843,프렌드쉽 피그먼트 반팔티 크림,0.0,0,23920,23920,23920,0,0,0.0,100.0,1,high,23.99,7,3,none,,27,https://www.musinsa.com/products/4946843
2026-09-03,어반드레스,4949147,Dia Stitch Taslan Pants - 2COL,0.88,41956,47600,47600,47600,0,0,0.0,30.59,0,low,8.33,6,1,none,,27,https://www.musinsa.com/products/4949147
2026-09-03,필루미네이트,4952667,버닝 하트 티셔츠-화이트,0.0,0,29000,29000,29000,0,0,0.0,61.15,0,low,23.99,6,2,none,,27,https://www.musinsa.com/products/4952667
2026-09-03,고스트리퍼블릭,4953179,럭비 카라 래글런 트랙 타슬란 반팔티 GT-377_블랙,0.0,0,29900,29900,29900,0,0,0.0,82.19,0,low,9.06,11,5,none,,27,https://www.musinsa.com/products/4953179
2026-09-03,예스아이씨,4954267,Security Cap Sky Blue,0.0,0,31500,31500,,0,,,30.58,0,low,8.33,3,1,none,,27,https://www.musinsa.com/products/4954267
2026-09-03,예스아이씨,4954331,Crinkled Fabric Check Shorts Blue,0.0,0,65800,65800,,0,,,30.58,0,low,8.33,3,1,none,,27,https://www.musinsa.com/products/4954331
2026-09-03,예스아이씨,4954651,Y.E.S Jacquard Football Tee Blue,0.0,0,55300,55300,,0,,,30.58,0,low,8.33,3,1,none,,27,https://www.musinsa.com/products/4954651
2026-09-03,제너럴아이디어,4958747,패커블 시어 롱 슬리브 가디건 [BLACK] / WBE2L04540,0.78,27515,35416,35100,36800,1,-1700,-4.62,100.0,1,medium,23.99,6,3,none,,27,https://www.musinsa.com/products/4958747
2026-09-03,더니트컴퍼니,4958811,(M) 소프트 실크 블렌드 폴로 가디건 2color,0.0,0,219000,219000,219000,0,0,0.0,82.2,0,low,25.22,4,1,none,,27,https://www.musinsa.com/products/4958811
2026-09-03,플레어업,4963291,Asymmetrical Draped Midi Skirt (FL-248_White),0.0,0,78480,78480,78480,0,0,0.0,91.2,0,low,24.37,4,1,none,,27,https://www.musinsa.com/products/4963291
2026-09-03,어반에이지,4968731,MANIAC 오버 반팔 블랙,0.0,0,19800,19800,,0,,,27.19,0,low,10.31,2,1,none,,27,https://www.musinsa.com/products/4968731
2026-09-03,어반에이지,4972763,코튼 카펜터 와이드 팬츠 차콜,0.0,0,29990,29990,,0,,,27.18,0,low,10.31,2,1,none,,27,https://www.musinsa.com/products/4972763
2026-09-03,제이엘브,4982747,원모어 헤비 스웻 하프 집업,0.0,0,64800,64800,64800,0,0,0.0,61.16,0,low,23.99,6,2,none,,27,https://www.musinsa.com/products/4982747
2026-09-03,언탭트스튜디오,4983003,코튼 폴로 반팔 피케 카라 반팔 티셔츠 5Color,12.82,157482,12280,12280,12280,0,0,0.0,100.0,1,high,6.64,28,10,none,,27,https://www.musinsa.com/products/4983003
2026-09-03,아틀리에나인,4983259,SILLIN CASUAL SHINY SKIRT(SK-4891),0.0,0,78320,78320,78320,0,0,0.0,100.0,1,high,24.0,6,2,none,,27,https://www.musinsa.com/products/4983259
2026-09-03,유니폼브릿지,4986715,slub henly neck s/s tee khakish grey,0.0,0,39500,39500,39500,0,0,0.0,100.0,1,high,23.99,6,3,none,,27,https://www.musinsa.com/products/4986715
2026-09-03,카멜워크,4986779,스탠다드 포켓 반팔티셔츠(카키),0.0,0,31000,31000,,0,,,27.17,0,low,10.31,2,1,none,,27,https://www.musinsa.com/products/4986779
2026-09-03,미니멀프로젝트,4987163,페이즐리 피그먼트 반팔티셔츠 MST170 [LIGHTGRAY],0.0,0,29800,29800,,0,,,27.17,0,low,10.31,2,1,none,,27,https://www.musinsa.com/products/4987163
2026-09-03,프렌다,4992923,LETTERING 97 RAGLAN RINGER TEE SKY BLUE,0.0,0,19600,19600,24500,1,-4900,-20.0,100.0,1,medium,23.99,7,3,none,,27,https://www.musinsa.com/products/4992923
2026-09-03,바우프,4993179,레오파드 퍼피 맨투맨 [차콜],0.0,0,75650,75650,75650,0,0,0.0,82.22,0,low,25.22,4,1,none,,27,https://www.musinsa.com/products/4993179
2026-09-03,지프,4993499,DUSTY 라벨 버뮤다 팬츠 (JQ5TSU974CG),0.0,0,36810,36810,,0,,,30.55,0,low,8.33,3,1,none,,27,https://www.musinsa.com/products/4993499
2026-09-03,파르티멘토 우먼,4996827,폴카 도트 올오버 프린티드 이지 트라우저_네이비,0.0,0,48960,48960,55080,1,-6120,-11.11,91.23,0,low,24.38,4,1,none,,27,https://www.musinsa.com/products/4996827
2026-09-03,파르티멘토 우먼,4996891,레이어드 크로스 바디랩 가디건_화이트,0.0,0,59040,59040,66420,1,-7380,-11.11,91.24,0,low,24.38,4,1,none,,27,https://www.musinsa.com/products/4996891
2026-09-03,노드유,4997083,다트 스트링 투턱 와이드 팬츠 [그레이],0.0,0,39900,39900,,0,,,30.55,0,low,8.33,3,1,none,,27,https://www.musinsa.com/products/4997083
2026-09-03,굿라이프웍스,4999963,코튼 버뮤다 팬츠 베이지,0.0,0,25900,25900,25900,0,0,0.0,64.63,0,low,24.0,4,1,none,,27,https://www.musinsa.com/products/4999963
2026-09-03,인사일런스우먼,5000603,하프 슬리브 후드 집업 니트 BLACK,0.0,0,108000,108000,108000,0,0,0.0,100.0,1,high,24.02,7,3,none,,27,https://www.musinsa.com/products/5000603
2026-09-03,엠엠엘지,5002331,[Mmlg] LOGO SOUBENIR HF-T (EVERY WHITE),0.0,0,29400,29400,,0,,,30.54,0,low,8.33,3,1,none,,27,https://www.musinsa.com/products/5002331
2026-09-03,제이엘브,5004059,[2PACK] 숄더 라인 절개 머슬핏 숏슬리브,0.0,0,68000,68000,68000,0,0,0.0,61.17,0,low,23.99,6,2,none,,27,https://www.musinsa.com/products/5004059
2026-09-03,이미스,5005531,JERSEY BALL CAP-NAVY,0.0,0,44100,44100,,0,,,27.15,0,low,10.31,2,1,none,,27,https://www.musinsa.com/products/5005531
2026-09-03,드로우핏우먼,5007131,린넨 반팔 테일러드 자켓 [OATMEAL],0.0,0,87840,87840,85400,1,2440,2.86,100.0,1,medium,23.99,7,3,none,,27,https://www.musinsa.com/products/5007131
2026-09-03,레더리,5008667,레이스 캡 슬리브 탑 [BLACK],0.0,0,32640,32640,32640,0,0,0.0,91.25,0,low,24.38,4,1,none,,27,https://www.musinsa.com/products/5008667
2026-09-03,그레이버,5010715,[UNISEX]NO MESSAGE 롱슬리브 티셔츠_2color,0.0,0,22200,22200,,0,,,30.53,0,low,8.33,3,1,none,,27,https://www.musinsa.com/products/5010715
2026-09-03,그레이버,5010779,[UNISEX]SPEED MANIAC 롱슬리브 티셔츠_2color,0.0,0,18500,18500,,0,,,30.53,0,low,8.33,3,1,none,,27,https://www.musinsa.com/products/5010779
2026-09-03,그레이버,5011675,[UNISEX]ARCHIVE20 반팔티_3color,0.0,0,18400,18400,,0,,,30.53,0,low,8.33,3,1,none,,27,https://www.musinsa.com/products/5011675
2026-09-03,엑스트라오디너리,5012059,DICE LOGO TEE CHARCOAL,0.0,0,20000,20000,20000,0,0,0.0,91.25,0,low,16.09,5,3,none,,27,https://www.musinsa.com/products/5012059
2026-09-03,디미트리블랙,5012379,VLAD 스몰 로고 페이드 워싱 반팔 티셔츠_피그먼트 네이비,0.59,21190,35900,35900,35900,0,0,0.0,100.0,1,high,24.44,5,2,none,,27,https://www.musinsa.com/products/5012379
2026-09-03,제너럴아이디어,5015579,퍼피 프렌즈 자카드 하프 니트 [PEACH] / WBE2L05539,0.0,0,33600,33600,33600,0,0,0.0,100.0,1,high,23.99,6,3,none,,27,https://www.musinsa.com/products/5015579
2026-09-03,드로우핏,5016411,데이팩 시어 스트링 백팩 [BLACK],0.0,0,69300,69300,69300,0,0,0.0,82.23,0,low,25.22,4,1,none,,27,https://www.musinsa.com/products/5016411
2026-09-03,드로우핏,5016475,엠버 그레이 브레이슬릿 [SILVER],0.0,0,29700,29700,29700,0,0,0.0,82.23,0,low,25.22,4,1,none,,27,https://www.musinsa.com/products/5016475
2026-09-03,더니트컴퍼니,5016859,(M) 오레아 헤링본 폴로 니트 3color,0.0,0,139000,139000,139000,0,0,0.0,82.23,0,low,25.22,4,1,none,,27,https://www.musinsa.com/products/5016859
2026-09-03,라이프워크,5017307,스탠다드 와플 긴팔 티셔츠,0.0,0,46550,46550,,0,,,30.52,0,low,8.33,3,1,none,,27,https://www.musinsa.com/products/5017307
2026-09-03,아캄,5017563,Studded Sun Half Top (White),0.0,0,45500,45500,45500,0,0,0.0,64.63,0,low,24.0,4,1,none,,27,https://www.musinsa.com/products/5017563
2026-09-03,아캄,5017819,Washed Double Knee Bermuda Denim Pants (Black),0.0,0,121100,121100,121100,0,0,0.0,64.63,0,low,24.0,4,1,none,,27,https://www.musinsa.com/products/5017819
2026-09-03,트리밍버드,5018267,Ethereal Lace Wrap Layered Skirt [ Black ],0.0,0,98000,98000,98000,0,0,0.0,100.0,1,high,24.02,7,3,none,,27,https://www.musinsa.com/products/5018267
2026-09-03,노이즈,5018459,더블니 버뮤다 데님 팬츠 - 블랙,0.0,0,47000,47000,,0,,,30.52,0,low,8.33,3,1,none,,27,https://www.musinsa.com/products/5018459
2026-09-03,미드나잇무브,5019611,ss cubic pants (black),0.0,0,41400,41400,,0,,,27.13,0,low,7.52,3,1,none,,27,https://www.musinsa.com/products/5019611
2026-09-03,쿠어,5022427,워시드 더블 포켓 데님 하프 셔츠 (워시드블루),0.0,0,134100,134100,134100,0,0,0.0,64.64,0,low,24.0,4,1,none,,27,https://www.musinsa.com/products/5022427
2026-09-03,더그린랩,5023899,스트라이프 폴로넥 반팔 니트 [아이보리],0.0,0,37760,37760,,0,,,30.52,0,low,8.33,3,1,none,,27,https://www.musinsa.com/products/5023899
2026-09-03,넌블랭크,5028699,포켓 티셔츠_LIGHT GREY,0.0,0,53520,53520,53520,0,0,0.0,61.17,0,low,23.99,6,2,none,,27,https://www.musinsa.com/products/5028699
2026-09-03,에이지오디,5030363,카펜터 퍼티그 트윌 버뮤다 쇼츠 [블랙],0.0,0,36300,36300,36300,0,0,0.0,100.0,1,high,23.99,7,3,none,,27,https://www.musinsa.com/products/5030363
2026-09-03,웬즈데이오아시스,5030683,보헤미안 스트라이프 밴딩 팬츠_BEIGE(W25-PT10),0.0,0,34300,34300,34300,0,0,0.0,100.0,1,high,23.99,7,3,none,,27,https://www.musinsa.com/products/5030683
2026-09-03,시야쥬,5031067,SIJN6092 퍼티그 컬러 데님 쇼츠_Ivory,0.0,0,66560,66560,66560,0,0,0.0,100.0,1,high,24.44,5,2,none,,27,https://www.musinsa.com/products/5031067
2026-09-03,시야쥬,5031643,SITP5198 린넨 블렌드 퓨어 셔츠_White,0.0,0,91490,91490,91490,0,0,0.0,100.0,1,high,24.44,5,2,none,,27,https://www.musinsa.com/products/5031643
2026-09-03,브렌슨,5032923,버뮤다 카펜더 반바지 ( 4Color ),0.0,0,26900,26900,26900,0,0,0.0,100.0,1,high,24.44,5,2,none,,27,https://www.musinsa.com/products/5032923
2026-09-03,파브레가,5034971,퍼티그 카치온 커브드 팬츠 (워시드 블랙),0.0,0,97200,97200,97200,0,0,0.0,82.25,0,low,25.22,4,1,none,,27,https://www.musinsa.com/products/5034971
2026-09-03,어반에이지,5035867,[2PACK] 버뮤다 피그먼트 원턱 카고 스웨트 숏 팬츠 4color,0.0,0,78000,78000,,0,,,27.12,0,low,10.31,2,1,none,,27,https://www.musinsa.com/products/5035867
2026-09-03,유니폼브릿지,5037723,double knee short pants khaki beige,0.0,0,51600,51600,51600,0,0,0.0,100.0,1,high,23.99,6,3,none,,27,https://www.musinsa.com/products/5037723
2026-09-03,유니폼브릿지,5038363,california cropped s/s tee(womens) navy,0.0,0,29500,29500,,0,,,27.12,0,low,10.31,2,1,none,,27,https://www.musinsa.com/products/5038363
2026-09-03,유니폼브릿지,5038747,boucle polo s/s knit(womens) black,0.0,0,49500,49500,49500,0,0,0.0,100.0,1,high,23.99,6,3,none,,27,https://www.musinsa.com/products/5038747
2026-09-03,비바셔스,5039771,Melissa Punching Mini Sleeveless Dress - 2COL,0.0,0,36300,36300,,0,,,24.56,0,low,12.71,3,1,none,,27,https://www.musinsa.com/products/5039771
2026-09-03,일리고,5041179,스터드 크로스 반지갑 실버,0.0,0,50000,50000,50000,0,0,0.0,91.28,0,low,24.39,4,1,none,,27,https://www.musinsa.com/products/5041179
2026-09-03,인사일런스,5041243,스트라이프 부클 폴로 카디건 LIGHT BEIGE,0.0,0,87840,87840,87840,0,0,0.0,100.0,1,high,24.44,5,2,none,,27,https://www.musinsa.com/products/5041243
2026-09-03,비바셔스,5043291,Tinker Bell Short Sleeve BLACK,0.46,13360,28800,28800,,0,,,24.56,0,low,12.71,3,1,none,1,27,https://www.musinsa.com/products/5043291
2026-09-03,프렌다,5047899,HOTFIX SLIM BASIC SLEEVE LESS PALE BEIGE,0.0,0,19600,19600,24500,1,-4900,-20.0,100.0,1,medium,23.99,7,3,none,,27,https://www.musinsa.com/products/5047899
2026-09-03,언탭트스튜디오,5050459,머슬핏 워셔블 케이블 반팔 라운드 니트 3Color,1.0,16900,16900,16900,16900,0,0,0.0,100.0,1,high,7.96,22,8,none,,27,https://www.musinsa.com/products/5050459
2026-09-03,밀로아카이브,5054363,리플렉트 커브드 스웻 팬츠 [워시드 퍼플],0.0,0,65860,65860,67900,1,-2040,-3.0,91.29,0,low,23.99,7,3,none,,27,https://www.musinsa.com/products/5054363
2026-09-03,트리밍버드,5059163,Textured Knit Vest [ Black ],0.0,0,169000,169000,169000,0,0,0.0,100.0,1,high,24.02,7,3,none,,27,https://www.musinsa.com/products/5059163
2026-09-03,론론,5063579,MULTI STRIPE HEART POCKET BASIC FIT T SHIRT RED,0.0,0,39600,39600,44550,1,-4950,-11.11,100.0,1,medium,24.02,7,3,none,,27,https://www.musinsa.com/products/5063579
2026-09-03,론론,5063899,BIG HEART SHORT SLEEVE KNIT SOFT BLUE,0.0,0,63360,63360,71280,1,-7920,-11.11,100.0,1,medium,24.02,7,3,none,,27,https://www.musinsa.com/products/5063899
2026-09-03,론론,5064155,HALF MOON SHOULDER BAG DOT BLACK,0.0,0,71280,71280,80190,1,-8910,-11.11,100.0,1,medium,24.02,7,3,none,,27,https://www.musinsa.com/products/5064155
2026-09-03,데꼬로소,5064667,썸머 쿨 터치 헨리넥 반팔 니트 [블랙],0.52,22835,43600,43600,43600,0,0,0.0,61.2,0,low,23.99,6,2,none,,27,https://www.musinsa.com/products/5064667
2026-09-03,필루미네이트,5064987,캐피탈 로고 볼 캡-블랙,0.0,0,20900,20900,20900,0,0,0.0,61.2,0,low,23.99,6,2,none,,27,https://www.musinsa.com/products/5064987
2026-09-03,드리프트아웃,5068827,치얼스 드렁큰 재패니즈 베어 반팔 티셔츠 (3color),0.0,0,26500,26500,,0,,,30.48,0,low,8.33,3,1,none,,27,https://www.musinsa.com/products/5068827
2026-09-03,이티씨이,5071963,REVERSE TUCK LAYERED SHORTS (BLACK),0.0,0,75000,75000,,0,,,24.54,0,low,12.71,3,1,none,,27,https://www.musinsa.com/products/5071963
2026-09-03,테이크이지,5072731,엄브렐라 그래픽 오버 티셔츠 (화이트레드),0.0,0,19500,19500,19500,0,0,0.0,60.06,0,low,24.45,5,1,none,,27,https://www.musinsa.com/products/5072731
2026-09-03,라티젠,5074011,L17 BALLOON ONE-PIECE(SKY BLUE),0.0,0,57780,57780,,0,,,27.1,0,low,10.31,2,1,none,,27,https://www.musinsa.com/products/5074011
2026-09-03,시눈,5079259,Stripe Cap (Yellow),0.0,0,28950,28950,28950,0,0,0.0,64.66,0,low,24.0,4,1,none,,27,https://www.musinsa.com/products/5079259
2026-09-03,카고브로스포우먼,5079323,스트라이프 단가라 반팔티셔츠 (블루),0.46,12974,28000,28000,,0,,,24.53,0,low,12.71,3,1,none,1,27,https://www.musinsa.com/products/5079323
2026-09-03,세터,5081243,클래식 스몰 로고 볼캡 블루,0.0,0,69000,69000,69000,0,0,0.0,64.66,0,low,24.0,4,1,none,,27,https://www.musinsa.com/products/5081243
2026-09-03,시눈,5081307,Stripe Cap Sleeve T-shirt (Blue),0.0,0,27140,27140,27140,0,0,0.0,64.66,0,low,24.0,4,1,none,,27,https://www.musinsa.com/products/5081307
2026-09-03,아틀리에나인,5081627,ESSENTIAL NORA SET-UP PANTS(PT-5659),0.0,0,87200,87200,87200,0,0,0.0,100.0,1,high,24.0,6,2,none,,27,https://www.musinsa.com/products/5081627
2026-09-03,세터,5081755,올 데이 크루 넥 레이어드 슬리브리스 탑 멜란지 화이트,0.0,0,59000,59000,59000,0,0,0.0,64.67,0,low,24.0,4,1,none,,27,https://www.musinsa.com/products/5081755
2026-09-03,세터,5082331,파인 하프 피케 폴로 니트 크림,0.0,0,149000,149000,149000,0,0,0.0,64.67,0,low,24.0,4,1,none,,27,https://www.musinsa.com/products/5082331
2026-09-03,프리즘웍스,5082651,BELTED DENIM SHORTS _ BLACK,0.0,0,51000,51000,51000,0,0,0.0,100.0,1,high,24.02,7,3,none,,27,https://www.musinsa.com/products/5082651
2026-09-03,배드블러드,5082843,[AQUA] 빈티지 클럽 트랙 집업 - 체크브라운,0.0,0,95200,95200,95200,0,0,0.0,100.0,1,high,24.02,7,3,none,,27,https://www.musinsa.com/products/5082843
2026-09-03,어나더오피스,5084571,A/O. Multi Fragrance (TIDE),0.0,0,28800,28800,28800,0,0,0.0,82.29,0,low,24.02,6,3,none,,27,https://www.musinsa.com/products/5084571
2026-09-03,유라고,5090075,Breeze pleat long skirt,0.0,0,120080,120080,120080,0,0,0.0,64.67,0,low,24.0,4,1,none,,27,https://www.musinsa.com/products/5090075
2026-09-03,로라로라,5090779,FRILL PINTUCK BLOUSE PINK,0.0,0,98000,98000,,0,,,27.09,0,low,10.31,2,1,none,,27,https://www.musinsa.com/products/5090779
2026-09-03,테켓,5091803,Good Deed Cutting Line Tee Navy,0.0,0,65000,65000,,0,,,30.46,0,low,8.33,3,1,none,,27,https://www.musinsa.com/products/5091803
2026-09-03,미니멀프로젝트,5093659,레트로 아트워크 반팔티셔츠 MST172 [NAVY],0.0,0,34800,34800,,0,,,27.09,0,low,10.31,2,1,none,,27,https://www.musinsa.com/products/5093659
2026-09-03,하이스쿨디스코,5094107,와키 컴퓨터 숏슬리브,0.0,0,33120,33120,,0,,,30.46,0,low,8.33,3,1,none,,27,https://www.musinsa.com/products/5094107
2026-09-03,드로우핏우먼,5095323,턱 퍼프 반팔 타이 블라우스 [BLACK],0.0,0,47520,47520,46200,1,1320,2.86,100.0,1,medium,23.99,7,3,none,,27,https://www.musinsa.com/products/5095323
2026-09-03,노드유,5095515,카라 골지 폴로 반팔 니트 [아이보리],0.0,0,30100,30100,,0,,,30.46,0,low,8.33,3,1,none,,27,https://www.musinsa.com/products/5095515
2026-09-03,데꼬로소,5095707,남녀공용 미니멀 자개 비즈 팔찌 [블랙],9.45,249497,26400,26400,26400,0,0,0.0,100.0,1,high,7.93,25,8,none,,27,https://www.musinsa.com/products/5095707
2026-09-03,버던트,5096347,멀티 스트라이프 백 로고 셔츠 [베이지],0.0,0,29000,29000,,0,,,24.52,0,low,12.71,3,1,none,,27,https://www.musinsa.com/products/5096347
2026-09-03,노아,5103387,(U) 코어 로고 포켓 티 네이비 CORE LOGO POCKET TEE NAVY,0.0,0,85000,85000,,0,,,24.52,0,low,12.71,3,1,none,,27,https://www.musinsa.com/products/5103387
2026-09-03,론론,5109723,BACK LOGO BASIC FIT T SHIRT WHITE MELNAGE,0.0,0,39600,39600,44550,1,-4950,-11.11,100.0,1,medium,24.02,7,3,none,,27,https://www.musinsa.com/products/5109723
2026-09-03,론론,5109787,ALL OVER PRINT SLIM CROP T SHIRT WHITE,0.0,0,39600,39600,44550,1,-4950,-11.11,100.0,1,medium,24.02,7,3,none,,27,https://www.musinsa.com/products/5109787
2026-09-03,파르티멘토,5110939,엔지니어드 스트라이프 링거 티 카키,0.0,0,23490,23490,23490,0,0,0.0,100.0,1,high,24.46,5,2,none,,27,https://www.musinsa.com/products/5110939
2026-09-03,언탭트스튜디오,5111579,[2PACK]나일론 와이드 쿨 쇼츠 4부 반바지 6Color,0.0,0,34790,34790,34790,0,0,0.0,100.0,1,high,23.99,7,3,none,,27,https://www.musinsa.com/products/5111579
2026-09-03,썸웨어버터,5114907,Sweetie Skashi Cardigan - Ivory,0.0,0,98000,98000,98000,0,0,0.0,61.23,0,low,23.99,6,2,none,,27,https://www.musinsa.com/products/5114907
2026-09-03,디앤에스알,5115739,[DNSR X R.M] 맘모스 헤어리 더비 슈즈 베이지,0.0,0,297500,297500,297500,0,0,0.0,64.67,0,low,24.0,4,1,none,,27,https://www.musinsa.com/products/5115739
2026-09-03,2000아카이브스,5116699,ADDICTED CONTOUR T (WHITE),0.0,0,46730,46730,46730,0,0,0.0,100.0,1,high,23.99,6,3,none,,27,https://www.musinsa.com/products/5116699
2026-09-03,아틀리에나인,5117339,FAUX LEATHER 2WAY POUTCH BAG(Z-B-2437),0.0,0,71200,71200,71200,0,0,0.0,100.0,1,high,24.0,6,2,none,,27,https://www.musinsa.com/products/5117339
2026-09-03,더블유엠씨,5117723,트로피칼 티셔츠_NAVY,0.0,0,24500,24500,24500,0,0,0.0,61.24,0,low,23.99,6,2,none,,27,https://www.musinsa.com/products/5117723
2026-09-03,글로니,5119643,RODEO MICRO MINI SKIRT (3 Colors),0.0,0,148000,148000,148000,0,0,0.0,100.0,1,high,24.02,7,3,none,,27,https://www.musinsa.com/products/5119643
2026-09-03,프리즘웍스,5120475,WASHED OFFICER CHINO SHORTS _ OLIVE,0.0,0,36720,36720,36720,0,0,0.0,100.0,1,high,24.02,7,3,none,,27,https://www.musinsa.com/products/5120475
2026-09-03,프리즘웍스,5120539,STRING NYLON TRACK PANTS _ BLACK,0.0,0,53400,53400,53400,0,0,0.0,100.0,1,high,24.02,7,3,none,,27,https://www.musinsa.com/products/5120539
2026-09-03,놈브레,5128859,캣워싱 키링 플레어 데님 부츠컷 팬츠 [블루],5.04,158468,31440,31440,,0,,,27.08,0,low,10.31,2,1,none,8,27,https://www.musinsa.com/products/5128859
2026-09-03,에이치덱스,5130011,몬드 백 스트링 모노키니 (Black),0.0,0,48300,48300,48300,0,0,0.0,82.32,0,low,25.23,4,1,none,,27,https://www.musinsa.com/products/5130011
2026-09-03,샌드뮤지엄,5134619,WESTERN CROCO WALLET [Lemon],0.0,0,88200,88200,,0,,,27.07,0,low,10.31,2,1,none,,27,https://www.musinsa.com/products/5134619
2026-09-03,로우클래식,5136987,Lc FLIP-FLOP_BLACK [LC262SO01BK],0.0,0,89000,89000,66220,1,22780,34.4,100.0,1,medium,24.02,7,3,none,,27,https://www.musinsa.com/products/5136987
2026-09-03,드리프트아웃,5138715,사일런스 네버 엠티 반팔 티셔츠 (3color),0.0,0,26500,26500,,0,,,30.42,0,low,8.33,3,1,none,,27,https://www.musinsa.com/products/5138715
2026-09-03,프렌다,5138907,STAR CUT-OFF COLORING RAGLAN TEE GRAY,0.0,0,15050,15050,18060,1,-3010,-16.67,100.0,1,medium,23.99,7,3,none,,27,https://www.musinsa.com/products/5138907
2026-09-03,세터,5139163,로잔 메쉬 풋볼 셔츠 스카이 블루,0.0,0,159000,159000,159000,0,0,0.0,64.69,0,low,24.0,4,1,none,,27,https://www.musinsa.com/products/5139163
2026-09-03,어반드레스,5140123,Abel Tube Top - 4COL,0.0,0,22500,22500,22500,0,0,0.0,100.0,1,high,24.02,7,3,none,,27,https://www.musinsa.com/products/5140123
2026-09-03,아틀리에나인,5146523,ROOMY TEXTURE BOOTCUT PANTS(PT-5646),0.0,0,95200,95200,95200,0,0,0.0,100.0,1,high,24.0,6,2,none,,27,https://www.musinsa.com/products/5146523
2026-09-03,레더리,5147099,보더 에스닉 스터드 키링,0.0,0,24480,24480,24480,0,0,0.0,91.38,0,low,24.4,4,1,none,,27,https://www.musinsa.com/products/5147099
2026-09-03,바우로프로덕트,5149147,써머 리브드 보트넥 니트티 [베이지],0.0,0,34900,34900,34900,0,0,0.0,100.0,1,high,25.23,6,2,none,,27,https://www.musinsa.com/products/5149147
2026-09-03,레이지비,5154651,컴포트프로 올데이 스트레치 반바지 W 스윔 쇼츠 블랙,0.0,0,29670,29670,,0,,,30.39,0,low,8.34,3,1,none,,27,https://www.musinsa.com/products/5154651
2026-09-03,스컬프터,5156571,Cottage Cotton Capri Pants Sky Blue,0.0,0,91520,91520,91520,0,0,0.0,100.0,1,high,23.99,6,3,none,,27,https://www.musinsa.com/products/5156571
2026-09-03,카고브로스포우먼,5157467,레트로 넘버 로고 반팔 티셔츠 (블랙),0.0,0,16900,16900,,0,,,24.49,0,low,12.71,3,1,none,,27,https://www.musinsa.com/products/5157467
2026-09-03,마하그리드,5161179,ROCK STAR APPLIQUE TEE BLACK(MG2FMMT546A),0.0,0,39200,39200,,0,,,24.49,0,low,12.71,3,1,none,,27,https://www.musinsa.com/products/5161179
2026-09-03,키르시,5161563,키르시 X 썬원버드 풀 프린트 빅 오버 사이즈 티셔츠 [핑크],0.0,0,41300,41300,41300,0,0,0.0,100.0,1,high,24.47,5,2,none,,27,https://www.musinsa.com/products/5161563
2026-09-03,모드나인,5162011,Cloud Kill - MOD7,0.0,0,149000,149000,,0,,,24.49,0,low,12.71,3,1,none,,27,https://www.musinsa.com/products/5162011
2026-09-03,루에브르,5162395,Shirring See-through Blouse SW5XB637-22,0.0,0,139000,139000,139000,0,0,0.0,100.0,1,high,23.99,7,3,none,,27,https://www.musinsa.com/products/5162395
2026-09-03,아캄,5167451,AKM Rhinestone Raglan Half Top (Gray),0.0,0,48300,48300,48300,0,0,0.0,64.7,0,low,24.0,4,1,none,,27,https://www.musinsa.com/products/5167451
2026-09-03,노이어,5167515,멀티 리브드 슬리브리스 티셔츠 (화이트),0.0,0,29200,29200,29200,0,0,0.0,100.0,1,high,24.02,7,3,none,,27,https://www.musinsa.com/products/5167515
2026-09-03,파르티멘토 우먼,5170139,PWC (세트) 디테처블 랩스커트 팬츠_7컬러,0.0,0,39780,39780,39780,0,0,0.0,91.4,0,low,24.41,4,1,none,,27,https://www.musinsa.com/products/5170139
2026-09-03,레씨토,5171227,Lunar Edge_[Black],0.0,0,76800,76800,,0,,,30.37,0,low,8.34,3,1,none,,27,https://www.musinsa.com/products/5171227
2026-09-03,게인스보로,5172059,우먼 골지 심볼 슬리브리스 5COLOR,0.0,0,14500,14500,,0,,,24.48,0,low,12.71,3,1,none,,27,https://www.musinsa.com/products/5172059
2026-09-03,어반드레스,5173147,Pigment Back Hole T-shirt - 4COL,0.0,0,18550,18550,18550,0,0,0.0,100.0,1,high,24.02,7,3,none,,27,https://www.musinsa.com/products/5173147
2026-09-03,트리밍버드,5175579,Apron Pleated One-piece [ Gray ],0.0,0,239000,239000,239000,0,0,0.0,100.0,1,high,24.02,7,3,none,,27,https://www.musinsa.com/products/5175579
2026-09-03,카키포인트,5176091,Ethnic Scarf Top (brown),0.92,85379,92340,92340,82620,1,9720,11.76,100.0,1,medium,23.99,7,3,none,,27,https://www.musinsa.com/products/5176091
2026-09-03,로제프란츠,5177243,Check Drop Mini Skirt [Navy],0.0,0,47840,47840,47840,0,0,0.0,82.34,0,low,25.23,4,1,none,,27,https://www.musinsa.com/products/5177243
2026-09-03,드헤베,5192923,Lace Frill Sleeveless [White],0.0,0,42750,42750,42750,0,0,0.0,82.35,0,low,25.23,4,1,none,,27,https://www.musinsa.com/products/5192923
2026-09-03,데상트,5197339,러닝 경량 볼캡 화이트(SQ323RCP72),0.0,0,41300,41300,,0,,,30.34,0,low,8.33,3,1,none,,27,https://www.musinsa.com/products/5197339
2026-09-03,유라고,5198491,Tailored Linen blend jacket,0.0,0,207480,207480,207480,0,0,0.0,64.7,0,low,24.0,4,1,none,,27,https://www.musinsa.com/products/5198491
2026-09-03,내셔널지오그래픽,5200795,N255ASU180 벤타 캐리어 세트 BEIGE,0.0,0,295200,295200,,0,,,24.47,0,low,12.71,3,1,none,,27,https://www.musinsa.com/products/5200795
2026-09-03,세터,5201179,(W) 케이블 니트 하프 가디건 옐로우,0.0,0,119000,119000,119000,0,0,0.0,64.71,0,low,24.0,4,1,none,,27,https://www.musinsa.com/products/5201179
2026-09-03,스컬프터,5207515,[Sculptor X Fantasia] Twilight Bikini Navy,0.0,0,98560,98560,98560,0,0,0.0,100.0,1,high,23.99,6,3,none,,27,https://www.musinsa.com/products/5207515
2026-09-03,카고브로스포우먼,5209115,빈티지 하트 플래그 숏 반팔 티셔츠 (솔리드그레이),0.0,0,18900,18900,,0,,,24.47,0,low,12.71,3,1,none,,27,https://www.musinsa.com/products/5209115
2026-09-03,브룩스 브라더스,5209563,시어서커 스포츠셔츠 (네이비) (BBTHMM0005QFM),0.0,0,199000,199000,199000,0,0,0.0,61.26,0,low,23.99,6,2,none,,27,https://www.musinsa.com/products/5209563
2026-09-03,엑스오엑스,5214107,(우먼) 코튼 크롭 티셔츠 [WHITE],0.0,0,26400,26400,26400,0,0,0.0,64.72,0,low,24.0,4,1,none,,27,https://www.musinsa.com/products/5214107
2026-09-03,디앤에스알,5216475,스트라이프 크롭 하프 슬리브 블루,0.0,0,59200,59200,59200,0,0,0.0,64.72,0,low,24.0,4,1,none,,27,https://www.musinsa.com/products/5216475
2026-09-03,르아르,5216987,에센셜 스트라이프 크롭 티셔츠 [멀티 그레이 ST],0.0,0,23310,23310,23310,0,0,0.0,64.72,0,low,24.0,4,1,none,,27,https://www.musinsa.com/products/5216987
2026-09-03,이미스,5226395,(PET) LETTERING LOGO T-SHIRT-CHARCOAL,0.0,0,37800,37800,,0,,,27.03,0,low,10.32,2,1,none,,27,https://www.musinsa.com/products/5226395
2026-09-03,이미스,5231643,[PET] MINI CARRY BAG-BROWN,0.0,0,64800,64800,,0,,,27.03,0,low,10.32,2,1,none,,27,https://www.musinsa.com/products/5231643
2026-09-03,소버먼트,5233435,460G 크롭 컷 헤비 피그먼트 티셔츠-내츄럴 아이보리-,4.65,170258,36600,36600,36600,0,0,0.0,100.0,1,high,7.92,23,8,none,,27,https://www.musinsa.com/products/5233435
2026-09-03,해칭룸,5234139,Over Shirt Denim Grey,0.0,0,173000,173000,173000,0,0,0.0,91.44,0,low,24.41,4,1,none,,27,https://www.musinsa.com/products/5234139
2026-09-03,테켓,5238427,Boogle Reversible Down Jacket Black,0.0,0,309000,309000,,0,,,30.31,0,low,8.34,3,1,none,,27,https://www.musinsa.com/products/5238427
2026-09-03,피마다지윈,5238683,White Chain Pearl Bracelet,0.0,0,39000,39000,,0,,,30.31,0,low,8.34,3,1,none,,27,https://www.musinsa.com/products/5238683
2026-09-03,노매뉴얼,5242971,REVERSED CARPENTER DENIM PANTS - WASHED BLACK,0.0,0,102000,102000,102000,0,0,0.0,91.46,0,low,24.41,4,1,none,,27,https://www.musinsa.com/products/5242971
2026-09-03,코드그라피,5243163,래글런 배색 트랙 반소매 티셔츠_크림,0.0,0,37800,37800,37800,0,0,0.0,82.36,0,low,25.23,4,1,none,,27,https://www.musinsa.com/products/5243163
2026-09-03,노매뉴얼,5243291,OVERLAY LOGO HOODED ZIP-UP - CHARCOAL,0.0,0,103500,103500,103500,0,0,0.0,91.47,0,low,24.41,4,1,none,,27,https://www.musinsa.com/products/5243291
2026-09-03,노매뉴얼,5243419,DETACHABLE HOODED VEST - BLACK,0.0,0,143650,143650,143650,0,0,0.0,91.47,0,low,24.41,4,1,none,,27,https://www.musinsa.com/products/5243419
2026-09-03,비터셀즈,5243483,제미니 스트라이프 카라 티-그레이,0.0,0,63360,63360,63360,0,0,0.0,91.48,0,low,24.41,4,1,none,,27,https://www.musinsa.com/products/5243483
2026-09-03,비터셀즈,5245403,글레이즈 미니 크로스 백 & 카드 월렛 세트-크림,0.0,0,64080,64080,64080,0,0,0.0,91.48,0,low,24.41,4,1,none,,27,https://www.musinsa.com/products/5245403
2026-09-03,브랜디드,5245531,SOFT CROP T-SHIRT [MELANGE GRAY],0.78,30708,39200,39200,39200,0,0,0.0,82.37,0,low,25.23,4,1,none,,27,https://www.musinsa.com/products/5245531
2026-09-03,글로니,5247707,G BUTTON FLY PANTS (BUTTER),0.0,0,82000,82000,82000,0,0,0.0,100.0,1,high,24.02,7,3,none,,27,https://www.musinsa.com/products/5247707
2026-09-03,필루미네이트,5248667,시그니처 어센틱 로고 후디-4Color,0.52,21500,41000,41000,41000,0,0,0.0,61.27,0,low,23.99,6,2,none,,27,https://www.musinsa.com/products/5248667
2026-09-03,더블유엠씨,5253979,백넘버 티셔츠_YELLOW,0.0,0,22050,22050,22050,0,0,0.0,61.27,0,low,23.99,6,2,none,,27,https://www.musinsa.com/products/5253979
2026-09-03,코드그라피,5254107,(우먼) 심플 스퀘어 반소매 티셔츠_화이트,0.0,0,30800,30800,30800,0,0,0.0,82.37,0,low,25.24,4,1,none,,27,https://www.musinsa.com/products/5254107
2026-09-03,유희,5259099,POLKA DOT LAYERED MIDI SKIRT PINK,0.0,0,71280,71280,,0,,,30.29,0,low,8.34,3,1,none,,27,https://www.musinsa.com/products/5259099
2026-09-03,유니폼브릿지,5260955,chambray shirt black,0.0,0,47600,47600,47600,0,0,0.0,100.0,1,high,23.99,6,3,none,,27,https://www.musinsa.com/products/5260955
2026-09-03,레더리,5267803,더블라인 스터드 아플리케 후디 [MELANGE],0.0,0,57120,57120,57120,0,0,0.0,91.49,0,low,24.41,4,1,none,,27,https://www.musinsa.com/products/5267803
2026-09-03,에스피오나지,5268251,Lightweight Border Sweatshirt Navy,0.02,2154,89100,84150,89100,1,-4950,-5.56,100.0,1,medium,24.02,7,3,none,,27,https://www.musinsa.com/products/5268251
2026-09-03,다이닛,5273563,DEINET VINTAGE CANTON PANTS IN BLACK,0.0,0,109200,109200,,0,,,24.45,0,low,12.71,3,1,none,,27,https://www.musinsa.com/products/5273563
2026-09-03,트릴리온,5276059,투 포켓 버튼 스웨이드 봄버 자켓_브라운,0.0,0,50900,50900,50900,0,0,0.0,91.51,0,low,24.42,4,1,none,,27,https://www.musinsa.com/products/5276059
2026-09-03,테이크이지,5279963,메릴랜드 오버 맨투맨 (빈티지네이비),0.0,0,24900,24900,24900,0,0,0.0,100.0,1,high,24.48,5,2,none,,27,https://www.musinsa.com/products/5279963
2026-09-03,엘엠알,5281179,심볼 아크릴 스마트톡 BLUE,0.0,0,7200,7200,,0,,,30.28,0,low,8.34,3,1,none,,27,https://www.musinsa.com/products/5281179
2026-09-03,파브레가,5286619,로크 카치온 카펜터 팬츠 (스모크 그레이),0.0,0,97200,97200,97200,0,0,0.0,82.39,0,low,25.24,4,1,none,,27,https://www.musinsa.com/products/5286619
2026-09-03,엠엘비,5289435,스트라이프 하이 삭스 BOS (White),0.0,0,12900,12900,,0,,,26.99,0,low,10.32,2,1,none,,27,https://www.musinsa.com/products/5289435
2026-09-03,마인드브릿지,5289755,[COUTURE]멀티 스트라이프 카라 세미 오버핏니트 - 2color,1.8,71788,39900,39900,39900,0,0,0.0,91.53,0,low,24.42,4,1,none,,27,https://www.musinsa.com/products/5289755
2026-09-03,샌드릭,5291547,LINE LOGO T-SHIRT_NAVY,0.0,0,65550,65550,,0,,,30.27,0,low,8.34,3,1,none,,27,https://www.musinsa.com/products/5291547
2026-09-03,틸아이다이,5293851,Stripe loose fit t-shirt TIFA01LT07_Pink,0.0,0,83980,83980,83980,0,0,0.0,100.0,1,high,23.99,6,3,none,,27,https://www.musinsa.com/products/5293851
2026-09-03,틸아이다이,5294043,Oversized tweed jacket TIFA01JK03_Ivory,0.0,0,176850,176850,176850,0,0,0.0,100.0,1,high,23.99,6,3,none,,27,https://www.musinsa.com/products/5294043
2026-09-03,굿라이프웍스,5295259,헤리티지 커버 헌팅 자켓 카키,0.0,0,59500,59500,59500,0,0,0.0,64.75,0,low,24.0,4,1,none,,27,https://www.musinsa.com/products/5295259
2026-09-03,리메인세컨드,5296283,오버핏 빈티지 피그먼트 후디_2COLOR,0.0,0,29800,29800,29800,0,0,0.0,64.75,0,low,24.0,4,1,none,,27,https://www.musinsa.com/products/5296283
2026-09-03,아웃스탠딩,5296603,AUTHENTIC COMFORT HOOD ZIP SWEAT_VINTAGE CHARCOAL,0.0,0,97200,97200,97200,0,0,0.0,100.0,1,high,23.99,6,3,none,,27,https://www.musinsa.com/products/5296603
2026-09-03,브라운브레스,5299291,PIGMENT TAG HOODIE - CHARCOAL,0.46,45685,99000,99000,99000,0,0,0.0,100.0,1,high,23.99,7,3,none,,27,https://www.musinsa.com/products/5299291
2026-09-03,로템버,5301339,[데일리룸 X 로템버] 벌룬 레그 밀 데님 카고 팬츠 [워시드 블랙],0.0,0,75240,75240,75240,0,0,0.0,24.44,0,low,12.71,6,1,none,,27,https://www.musinsa.com/products/5301339
2026-09-03,더콜디스트모먼트,5301403,TCM stitch cargo pants (beige grey),0.0,0,88290,88290,,0,,,24.44,0,low,12.71,3,1,none,,27,https://www.musinsa.com/products/5301403
2026-09-03,데케트,5302363,[골지데님]Balloon Wide Rib Jeans DCPT067LightBlue,0.0,0,51800,51800,51800,0,0,0.0,91.54,0,low,24.42,4,1,none,,27,https://www.musinsa.com/products/5302363
2026-09-03,몽돌,5303387,루즈 알파카 보트넥 니트 탑 그레이 MDKT119GRAY,0.0,0,50100,50100,50100,0,0,0.0,100.0,1,high,23.99,6,3,none,,27,https://www.musinsa.com/products/5303387
2026-09-03,디스이즈네버댓,5304283,T-Logo Cap Navy/Green,0.0,0,36000,36000,36000,0,0,0.0,100.0,1,high,24.48,5,2,none,,27,https://www.musinsa.com/products/5304283
2026-09-03,샌드릭,5305819,ONE SHOULDER UNBALANCED STRAP T-SHIRT_WINE,0.0,0,93100,93100,,0,,,30.26,0,low,8.34,3,1,none,,27,https://www.musinsa.com/products/5305819
2026-09-03,커버낫,5306523,[최윤지 착용] C로고 코듀로이 백팩 Black,0.0,0,80190,80190,80190,0,0,0.0,100.0,1,high,24.48,5,2,none,,27,https://www.musinsa.com/products/5306523
2026-09-03,트리밍버드,5306843,Jacquard Easy Set-up Pants [ Black ],0.0,0,189000,189000,,0,,,97.57,0,medium,13.03,6,4,none,,27,https://www.musinsa.com/products/5306843
2026-09-03,아워데이즈,5307611,오퍼스 슬림 타이 [2COLORS],0.0,0,21600,21600,21600,0,0,0.0,82.42,0,low,25.24,4,1,none,,27,https://www.musinsa.com/products/5307611
2026-09-03,칙스,5308955,프릴 레이어드 롱 슬리브 화이트,0.0,0,31920,31920,35910,1,-3990,-11.11,100.0,1,medium,24.02,7,3,none,,27,https://www.musinsa.com/products/5308955
2026-09-03,앤더슨벨,5309595,GIRLS HEART MESSAGE CREW-NECK SWEATER atb1464w(BLACK),0.87,137119,157500,157500,,0,,,30.25,0,low,8.34,3,1,none,1,27,https://www.musinsa.com/products/5309595
2026-09-03,나이스고스트클럽,5310235,GIRL GANG EYE LOGO HOODIE_BLUE(NG2FFFT556A),0.0,0,48300,48300,48300,0,0,0.0,61.29,0,low,23.99,6,2,none,,27,https://www.musinsa.com/products/5310235
2026-09-03,오헤시오,5310939,"LAYERED SHEER FRILL SKIRT, KHAKI CHECK",0.0,0,188100,188100,188100,0,0,0.0,100.0,1,high,23.99,7,3,none,,27,https://www.musinsa.com/products/5310939
2026-09-03,일리고,5311003,체크 하트 아일렛 후드 집업 화이트,0.0,0,59000,59000,59000,0,0,0.0,91.58,0,low,24.43,4,1,none,,27,https://www.musinsa.com/products/5311003
2026-09-03,꼼파뇨,5311131,윌리 레이어드 피그먼트 롱슬리브 스모크블랙,0.0,0,32460,32460,32460,0,0,0.0,91.58,0,low,24.43,4,1,none,,27,https://www.musinsa.com/products/5311131
2026-09-03,1993스튜디오,5312603,스트라이프 머플러_차콜 블랙,0.0,0,49500,49500,49500,0,0,0.0,100.0,1,high,24.49,5,2,none,,27,https://www.musinsa.com/products/5312603
2026-09-03,브라운브레스,5312667,W BROKEN TAG DIRTY CROP HOOD ZIP UP - BROWN,0.0,0,116100,116100,116100,0,0,0.0,100.0,1,high,23.99,7,3,none,,27,https://www.musinsa.com/products/5312667
2026-09-03,웬즈데이오아시스,5313051,아란 케이블 헤어리 울 니트 가디건_OLIVE(WC25-KN69),0.0,0,63700,63700,63700,0,0,0.0,100.0,1,high,23.99,7,3,none,,27,https://www.musinsa.com/products/5313051
2026-09-03,시그니처,5313499,트위스트 커브드 코튼 팬츠[브라운],41.75,1498790,35900,35900,35900,0,0,0.0,100.0,1,high,9.06,27,8,none,,27,https://www.musinsa.com/products/5313499
2026-09-03,시그니처,5314395,투웨이 크롭 후드 집업[블랙],4.37,174354,39900,39900,39900,0,0,0.0,100.0,1,high,25.24,15,2,none,,27,https://www.musinsa.com/products/5314395
2026-09-03,후드후드,5315419,에일리언 그래픽 후드 그레이,0.0,0,50900,50900,50900,0,0,0.0,82.44,0,low,25.24,4,1,none,,27,https://www.musinsa.com/products/5315419
2026-09-03,소버먼트,5316443,980G 크롭 피그먼트 맨투맨-오크 브라운-,0.0,0,50730,50730,50730,0,0,0.0,61.3,0,low,23.99,6,2,none,,27,https://www.musinsa.com/products/5316443
2026-09-03,아캄,5316507,High-Neck Leather Jacket (Black),1.21,153049,126600,189900,126600,1,63300,50.0,64.76,0,low,9.44,31,6,none,,27,https://www.musinsa.com/products/5316507
2026-09-03,엘무드,5316891,프랭크 린넨 롱슬리브 바이올렛 그레이,1.18,78051,66400,66400,66400,0,0,0.0,100.0,1,high,24.49,5,2,none,,27,https://www.musinsa.com/products/5316891
2026-09-03,플레어업,5317083,Layered Dot Scarf Long Sleeve (FL-182_White),0.0,0,89000,89000,89000,0,0,0.0,91.59,0,low,24.43,4,1,none,,27,https://www.musinsa.com/products/5317083
2026-09-03,에이지오디,5319963,사이드 절개 포켓 피치스킨 코튼 팬츠 [라이트카키],2.0,78400,39200,39200,39200,0,0,0.0,100.0,1,high,10.77,17,7,none,,27,https://www.musinsa.com/products/5319963
2026-09-03,버던트,5320027,커브드 절개 멀티 다트 와이드 트윌 팬츠 [블랙],0.0,0,36000,36000,,0,,,24.4,0,low,12.71,3,1,none,,27,https://www.musinsa.com/products/5320027
2026-09-03,버던트,5320091,가먼트 다잉 절개 포켓 와이드 트윌 팬츠 [블랙],0.0,0,33750,33750,,0,,,24.39,0,low,12.71,3,1,none,,27,https://www.musinsa.com/products/5320091
2026-09-03,1989스탠다드,5320603,빈티지 카펜터 와이드 데님(JBTPNT-0033),0.0,0,37500,37500,,0,,,30.23,0,low,8.34,3,1,none,,27,https://www.musinsa.com/products/5320603
2026-09-03,에스피오나지,5321883,Vintage Plaid Work Shirt Mustard,0.0,0,76300,76300,76300,0,0,0.0,100.0,1,high,24.02,7,3,none,,27,https://www.musinsa.com/products/5321883
2026-09-03,커버낫,5322075,[최윤지 착용] 피그먼트 아치로고 후드집업 Light Purple,0.0,0,85680,85680,85680,0,0,0.0,100.0,1,high,24.49,5,2,none,,27,https://www.musinsa.com/products/5322075
2026-09-03,팬시클럽,5322203,헤일리 스트라이프 니트 (BROWN) F25ZB020,0.0,0,63080,63080,,0,,,24.38,0,low,12.71,3,1,none,,27,https://www.musinsa.com/products/5322203
2026-09-03,팬시클럽,5322267,투스잼 와이드 데님 팬츠 (BLACK) F26QD150,0.0,0,76740,76740,,0,,,24.38,0,low,12.71,3,1,none,,27,https://www.musinsa.com/products/5322267
2026-09-03,노이즈,5322331,[디베리X노이즈] 스트라이프 윈드브레이커 자켓 - 민트,0.0,0,76000,76000,,0,,,30.23,0,low,8.34,3,1,none,,27,https://www.musinsa.com/products/5322331
2026-09-03,스컬프터,5322715,String Parachute Pants Washed Black,0.0,0,112640,112640,112640,0,0,0.0,100.0,1,high,23.99,6,3,none,,27,https://www.musinsa.com/products/5322715
2026-09-03,맥우드건,5322971,레이버 2121 헤링본코튼 오버핏 베이지 밀리터리셔츠,0.0,0,60200,60200,,0,,,30.23,0,low,8.34,3,1,none,,27,https://www.musinsa.com/products/5322971
2026-09-03,맥우드건,5323035,카루도 3159 스머징 오버핏 멜란지그레이 후드티,0.0,0,60200,60200,,0,,,30.23,0,low,8.34,3,1,none,,27,https://www.musinsa.com/products/5323035
2026-09-03,맥우드건,5323099,트러커 5112 논페이드 스탠다드핏 다크인디고 데님재킷,0.0,0,90300,90300,,0,,,30.22,0,low,8.34,3,1,none,,27,https://www.musinsa.com/products/5323099
2026-09-03,효지,5328219,FW 워셔블 에센셜 라운드 크롭 니트 가디건 (7컬러),28.74,1520511,52900,52900,52900,0,0,0.0,100.0,1,low,4.58,39,15,none,,27,https://www.musinsa.com/products/5328219
2026-09-03,마하그리드,5328539,CUT OFF FLANNEL CHECK SHIRT BLACK(MG2FFMW321A),0.0,0,79200,79200,,0,,,24.37,0,low,12.71,3,1,none,,27,https://www.musinsa.com/products/5328539
2026-09-03,마하그리드,5329435,HAIRY STRIPE KNIT SWEATER NAVY(MG2FFMK600A),0.0,0,69300,69300,,0,,,24.37,0,low,12.71,3,1,none,,27,https://www.musinsa.com/products/5329435
2026-09-03,코드그라피,5332571,스퀘어 로고 미니 슬링백팩_라이트카키,0.0,0,48300,48300,48300,0,0,0.0,82.46,0,low,25.25,4,1,none,,27,https://www.musinsa.com/products/5332571
2026-09-03,코드그라피,5332699,(우먼) 스퀘어 로고 니트_차콜,0.0,0,69300,69300,69300,0,0,0.0,82.47,0,low,25.25,4,1,none,,27,https://www.musinsa.com/products/5332699
2026-09-03,코드그라피,5332763,라운드 C.GRAPHY 배색 캠프캡_다크 베이지,0.0,0,34300,34300,34300,0,0,0.0,82.47,0,low,25.25,4,1,none,,27,https://www.musinsa.com/products/5332763
2026-09-03,아티스트웨어,5333403,세미 부츠컷 밴딩 데님팬츠,0.0,0,47400,47400,,0,,,24.35,0,low,12.71,3,1,none,,27,https://www.musinsa.com/products/5333403
2026-09-03,필루미네이트,5333979,심볼 스트라이프 후드 집업-카키,1.0,41900,41900,41900,41900,0,0,0.0,61.31,0,low,23.99,6,2,none,,27,https://www.musinsa.com/products/5333979
2026-09-03,프리버07,5334619,Stan wide fit denim pants FRFA01DP02_Black,0.0,0,68400,68400,,0,,,24.36,0,low,12.71,3,1,none,,27,https://www.musinsa.com/products/5334619
2026-09-03,노이즈,5336155,N 로고 코듀로이 볼캡 - 브라운,0.0,0,28000,28000,,0,,,30.21,0,low,8.34,3,1,none,,27,https://www.musinsa.com/products/5336155
2026-09-03,와이케이,5337307,YK 체크 아플리케 볼캡 브라운,0.0,0,44250,44250,44250,0,0,0.0,61.31,0,low,23.99,6,2,none,,27,https://www.musinsa.com/products/5337307
2026-09-03,에이치덱스,5337435,크랙 프린티드 후디 (Black),4.17,181368,43450,43450,43450,0,0,0.0,100.0,1,high,9.06,10,6,none,,27,https://www.musinsa.com/products/5337435
2026-09-03,더뮤지엄비지터,5339611,RIBBON BRACELET (PINK),0.0,0,19000,19000,19000,0,0,0.0,100.0,1,high,23.99,6,3,none,,27,https://www.musinsa.com/products/5339611
2026-09-03,와르,5341083,M1065 니트 가디건_블랙,0.0,0,34860,34860,34860,0,0,0.0,100.0,1,high,23.99,6,3,none,,27,https://www.musinsa.com/products/5341083
2026-09-03,밀로아카이브,5341723,트위스티드 오프너 키링 [실버],0.0,0,23200,23200,23200,0,0,0.0,91.64,0,low,23.99,7,3,none,,27,https://www.musinsa.com/products/5341723
2026-09-03,룩캐스트,5342363,아멜라 울 슬림 핏 탑 / AMELA WOOL SLIM FIT TOP_3colors,0.0,0,46400,46400,46400,0,0,0.0,91.64,0,low,24.43,4,1,none,,27,https://www.musinsa.com/products/5342363
2026-09-03,몽돌,5344411,소프트 코튼 V넥 니트 탑 MDKT127_8 Colors,0.0,0,43900,43900,54870,1,-10970,-19.99,100.0,1,medium,23.99,6,3,none,,27,https://www.musinsa.com/products/5344411
2026-09-03,시야쥬,5344603,SIOT4148 울 블렌드 오버 핏 더블 블레이저_Dark brown,0.0,0,223000,223000,223000,0,0,0.0,100.0,1,high,24.49,5,2,none,,27,https://www.musinsa.com/products/5344603
2026-09-03,디스이즈네버댓,5349979,Blurred Flow Pant Olive,0.0,0,104300,104300,104300,0,0,0.0,100.0,1,high,24.49,5,2,none,,27,https://www.musinsa.com/products/5349979
2026-09-03,쿠어,5350491,울 블렌드 이지 슬랙스 (차콜그레이),0.0,0,198000,198000,198000,0,0,0.0,64.79,0,low,24.0,4,1,none,,27,https://www.musinsa.com/products/5350491
2026-09-03,쿠어,5350683,페이크 스웨이드 커브 라인 점퍼 (다크브라운),0.0,0,269100,269100,269100,0,0,0.0,64.79,0,low,24.0,4,1,none,,27,https://www.musinsa.com/products/5350683
2026-09-03,커스텀어클락,5351643,소프트 케이블 라운드 가디건 빈티지브라운 COOSCD021VBROWN,0.4,18933,47200,47200,47200,0,0,0.0,100.0,1,high,24.49,5,2,none,,27,https://www.musinsa.com/products/5351643
2026-09-03,모즈모즈,5351899,컷오프 레글런 테리 기모 피그먼트 오버핏 맨투맨 베이지,0.0,0,59900,59900,59900,0,0,0.0,64.8,0,low,24.0,4,1,none,,27,https://www.musinsa.com/products/5351899
2026-09-03,1993스튜디오,5352091,[LG트윈스x1993스튜디오] 키즈 라글란 배색 트랙 후드집업_블랙,0.0,0,66000,66000,79000,1,-13000,-16.46,100.0,1,medium,24.49,5,2,none,,27,https://www.musinsa.com/products/5352091
2026-09-03,데상트,5352923,러닝 웜 타이즈 블랙(SQ323RKL81),0.0,0,77400,77400,,0,,,30.2,0,low,8.34,3,1,none,,27,https://www.musinsa.com/products/5352923
2026-09-03,다이닛,5354843,DEINET ESSENTIAL SLUB T-SHIRTS IN KHAKI,0.0,0,31200,31200,,0,,,24.34,0,low,12.71,3,1,none,,27,https://www.musinsa.com/products/5354843
2026-09-03,다이닛,5355355,DEINET CURVED DENIM PANTS IN INDIGO,0.0,0,168000,168000,,0,,,24.34,0,low,12.71,3,1,none,,27,https://www.musinsa.com/products/5355355
2026-09-03,내셔널지오그래픽,5357211,N253UFT910 동물 와펜 후드 집업 BLACK,0.0,0,104300,104300,,0,,,24.33,0,low,12.71,3,1,none,,27,https://www.musinsa.com/products/5357211
2026-09-03,아모우,5357659,AMOU 60s Western Wind Breaker CREAM,0.0,0,76960,76960,76960,0,0,0.0,100.0,1,high,24.02,7,3,none,,27,https://www.musinsa.com/products/5357659
2026-09-03,데꼬로소,5357723,모드 헤라시 하프넥 니트 [차콜],0.0,0,53600,53600,53600,0,0,0.0,61.33,0,low,23.99,6,2,none,,27,https://www.musinsa.com/products/5357723
2026-09-03,썬러브투어,5358107,Crescent Brushed Sweatpants Heather Grey,0.0,0,64500,64500,52890,1,11610,21.95,100.0,1,medium,23.99,7,3,none,,27,https://www.musinsa.com/products/5358107
2026-09-03,유니폼브릿지,5360091,fisherman wool knit cardigan green,0.0,0,107400,107400,107400,0,0,0.0,100.0,1,high,23.99,6,3,none,,27,https://www.musinsa.com/products/5360091
2026-09-03,더바넷,5360475,Canvas Baren Tote Bag_Burgundy,0.0,0,63900,63900,63900,0,0,0.0,82.49,0,low,9.05,10,5,none,,27,https://www.musinsa.com/products/5360475
2026-09-03,키르시,5360539,아이러브 키르시 와펜 크롭 후디 [화이트],0.0,0,62300,62300,62300,0,0,0.0,100.0,1,high,24.5,5,2,none,,27,https://www.musinsa.com/products/5360539
2026-09-03,로라로라,5360987,LOOSE FIT COLLAR STRIPE KNIT PINK,0.0,0,60480,60480,,0,,,26.92,0,low,10.32,2,1,none,,27,https://www.musinsa.com/products/5360987
2026-09-03,아틀리에나인,5361179,MUFFLER SET KNIT CARDIGAN S(CD-2222),0.0,0,115430,115430,115430,0,0,0.0,100.0,1,high,24.0,6,2,none,,27,https://www.musinsa.com/products/5361179
2026-09-03,엑스컨테이너,5362203,라이트 웨이트 후드 패딩 자켓 (BLACK),0.0,0,67080,67080,67080,0,0,0.0,91.67,0,low,24.44,4,1,none,,27,https://www.musinsa.com/products/5362203
2026-09-03,브룩스 브라더스,5363611,셔틀랜드 케이블 풀오버 (그레이) (BBWRMOF410),0.0,0,163170,163170,163170,0,0,0.0,61.33,0,low,23.99,14,2,none,,27,https://www.musinsa.com/products/5363611
2026-09-03,브룩스 브라더스,5363995,슬림핏 8W 코듀로이 팬츠 (그린) (BBPCMNF402),0.0,0,127360,127360,127360,0,0,0.0,61.33,0,low,23.99,6,2,none,,27,https://www.musinsa.com/products/5363995
2026-09-03,브룩스 브라더스,5364315,[여성] 울 케이블 가디건 (네이비) (BBWCWBF402),0.0,0,188370,188370,188370,0,0,0.0,61.33,0,low,23.99,6,2,none,,27,https://www.musinsa.com/products/5364315
2026-09-03,더바넷,5365339,Panele Check Ruffled Blouse_Navy,0.0,0,115200,115200,115200,0,0,0.0,82.5,0,low,25.25,4,1,none,,27,https://www.musinsa.com/products/5365339
2026-09-03,세컨모놀로그,5365467,W. 솔리드 립 슬림핏 하이넥 가디건 [DTBEIGE]_SEWCD006DTBEIGE,0.0,0,24800,24800,24800,0,0,0.0,100.0,1,high,24.5,5,2,none,,27,https://www.musinsa.com/products/5365467
2026-09-03,썸웨어버터,5365851,Button Shirring Long Skirt - Ivory,0.0,0,119200,119200,119200,0,0,0.0,61.34,0,low,23.99,6,2,none,,27,https://www.musinsa.com/products/5365851
2026-09-03,파르티멘토 우먼,5366811,PWC 언발란스드 보우타이 랩 저지 탑_브라운,0.0,0,36000,36000,40500,1,-4500,-11.11,91.68,0,low,24.44,4,1,none,,27,https://www.musinsa.com/products/5366811
2026-09-03,효지,5366939,커스터마이징 셋업 수트 세트 (F01-브라운),0.0,0,169000,169000,169000,0,0,0.0,64.81,0,low,24.0,4,1,none,,27,https://www.musinsa.com/products/5366939
2026-09-03,로라로라,5367451,FRONT TIE LONG SKIRT BLACK,0.0,0,67100,67100,,0,,,26.92,0,low,10.32,2,1,none,,27,https://www.musinsa.com/products/5367451
2026-09-03,니티드,5367707,코튼 헨리넥 와플 니트 BROWN,0.78,31246,39840,39840,39840,0,0,0.0,82.5,0,low,25.25,4,1,none,,27,https://www.musinsa.com/products/5367707
2026-09-03,나이스고스트클럽,5369435,DARK FANTASY FUR HOODIE ZIP UP_BLACK(NG2FFUM491A),0.0,0,69300,69300,69300,0,0,0.0,61.34,0,low,23.99,6,2,none,,27,https://www.musinsa.com/products/5369435
2026-09-03,엠엘비,5369627,[카리나 착용] 시그니처 언스트럭쳐 볼캡 NY (Beige),1.88,72683,38700,38700,,0,,,26.91,0,low,10.32,2,1,none,3,27,https://www.musinsa.com/products/5369627
2026-09-03,엑스트라오디너리,5371355,BLACKLETTER II SWEAT PANTS M/GREY,0.0,0,59500,59500,59500,0,0,0.0,91.69,0,low,24.44,4,1,none,,27,https://www.musinsa.com/products/5371355
2026-09-03,워크온바디오프,5371483,트레소 세미 오버핏 케이블 긴팔 니트 [블랙],0.0,0,32900,32900,31260,1,1640,5.25,100.0,1,medium,24.5,5,2,none,,27,https://www.musinsa.com/products/5371483
2026-09-03,9999아카이브,5372635,Vintage Reversible Oxford Vest,0.0,0,113400,113400,113400,0,0,0.0,61.35,0,low,23.99,6,2,none,,27,https://www.musinsa.com/products/5372635
2026-09-03,엘엠알,5374427,심볼 로고 패치워크 데님 백팩 BROWN,0.0,0,77900,77900,,0,,,30.18,0,low,8.35,3,1,none,,27,https://www.musinsa.com/products/5374427
2026-09-03,필루미네이트,5374683,88 자가드 라운드 니트-블랙,0.0,0,31900,31900,31900,0,0,0.0,61.35,0,low,23.99,6,2,none,,27,https://www.musinsa.com/products/5374683
2026-09-03,르바,5376347,Layered Check Wrap Skirt - Check Burgundy,0.0,0,108000,108000,108000,0,0,0.0,82.51,0,low,25.25,4,1,none,,27,https://www.musinsa.com/products/5376347
2026-09-03,이미스,5378843,(W) LONG SLEEVE CHAIN STITCH T-SHIRT-RED,0.0,0,62100,62100,,0,,,26.9,0,low,10.32,2,1,none,,27,https://www.musinsa.com/products/5378843
2026-09-03,스케이터락,5380315,Double Cross Camouflage Henley Neck T-shirt ((khaki)),0.0,0,79200,79200,,0,,,24.32,0,low,12.71,3,1,none,,27,https://www.musinsa.com/products/5380315
2026-09-03,제너럴아이디어,5380699,UNISEX 하찌 빅보더 니트 풀오버 [LIGHT KHAKI] / SBE3U05005,0.0,0,59200,59200,59200,0,0,0.0,100.0,1,high,23.99,6,3,none,,27,https://www.musinsa.com/products/5380699
2026-09-03,오픈야드(오와이),5381275,CURVED ZIPPER LIGHTWEIGHT PUFFER JACKET - GLOSSY BLACK,0.0,0,179100,179100,,0,,,24.32,0,low,12.71,3,1,none,,27,https://www.musinsa.com/products/5381275
2026-09-03,프리즘웍스,5381339,STRIPE QUILTED MIL LINER VEST _ OLIVE,0.0,0,57400,57400,57400,0,0,0.0,100.0,1,high,24.02,7,3,none,,27,https://www.musinsa.com/products/5381339
2026-09-03,비터셀즈,5383835,디어 부클 니트-라이트 그레이,0.0,0,71280,71280,71280,0,0,0.0,91.7,0,low,24.44,4,1,none,,27,https://www.musinsa.com/products/5383835
2026-09-03,링서울,5385563,button corduroy pants-brown,0.0,0,84530,84530,95100,1,-10570,-11.11,61.35,0,low,23.99,6,2,none,,27,https://www.musinsa.com/products/5385563
2026-09-03,레터리,5386331,CARGO BANDING MINI SKIRT_GREY,0.0,0,60800,60800,,0,,,30.15,0,low,8.35,3,1,none,,27,https://www.musinsa.com/products/5386331
2026-09-03,밀로아카이브,5387227,네오 커브드 팬츠 [데님 블루],0.0,0,78400,78400,78400,0,0,0.0,91.7,0,low,23.99,7,3,none,,27,https://www.musinsa.com/products/5387227
2026-09-03,에스피오나지,5387291,[Vegetable Leather] Washed Sheepskin Coach Jacket Black,0.87,493317,569050,569050,569050,0,0,0.0,100.0,1,high,24.02,7,3,none,,27,https://www.musinsa.com/products/5387291
2026-09-03,카고브로스포우먼,5389211,스트라이프 루즈핏 단가라 카라티 (아이보리),0.0,0,49200,49200,,0,,,24.3,0,low,12.71,3,1,none,,27,https://www.musinsa.com/products/5389211
2026-09-03,어반드레스,5389915,Snap Fit Relax Pants_3Colors,0.02,860,34900,51000,34900,1,16100,46.13,100.0,1,medium,24.02,7,3,none,,27,https://www.musinsa.com/products/5389915
2026-09-03,어반드레스,5390427,Ink Drop Layered T-shirt_3Colors,0.0,0,48000,48000,32000,1,16000,50.0,100.0,1,medium,24.02,7,3,none,,27,https://www.musinsa.com/products/5390427
2026-09-03,미나브,5390811,코튼 와이드 플레어 팬츠 [블랙],0.54,29636,55000,55000,55000,0,0,0.0,100.0,1,high,23.99,13,3,none,,27,https://www.musinsa.com/products/5390811
2026-09-03,로우로우,5391067,큐브 백 772 Dot [2color],0.0,0,44250,44250,44250,0,0,0.0,61.35,0,low,23.99,6,2,none,,27,https://www.musinsa.com/products/5391067
2026-09-03,미나브,5391259,리브드 헨리넥 롱슬리브 [차콜],0.0,0,35100,35100,35100,0,0,0.0,100.0,1,high,23.99,7,3,none,,27,https://www.musinsa.com/products/5391259
2026-09-03,더콜디스트모먼트,5392155,TCM starfish grid backpack (black),0.0,0,88290,88290,,0,,,24.3,0,low,12.71,3,1,none,,27,https://www.musinsa.com/products/5392155
2026-09-03,유니폼브릿지,5393499,UBC sweatpants black,0.0,0,54500,54500,54500,0,0,0.0,100.0,1,high,23.99,6,3,none,,27,https://www.musinsa.com/products/5393499
2026-09-03,유니폼브릿지,5393563,faux suede jacket(womens) beige,0.0,0,139500,139500,139500,0,0,0.0,100.0,1,high,23.99,6,3,none,,27,https://www.musinsa.com/products/5393563
2026-09-03,더뮤지엄비지터,5394395,DOT RUNNING BELT BAG (BROWN),0.0,0,31800,31800,31800,0,0,0.0,100.0,1,high,23.99,6,3,none,,27,https://www.musinsa.com/products/5394395
2026-09-03,테이크이지,5395163,[2PACK] 울 크롭 니트 카키멜 (+솔리드 크롭 티셔츠 증정),0.0,0,41900,41900,41900,0,0,0.0,100.0,1,high,24.5,5,2,none,,27,https://www.musinsa.com/products/5395163
2026-09-03,틸아이다이,5395931,Belt set pleats skirt_Mocha,0.0,0,88020,88020,88020,0,0,0.0,100.0,1,high,23.99,6,3,none,,27,https://www.musinsa.com/products/5395931
2026-09-03,틸아이다이,5395995,Crinkle textured tie blouse TIFA03BL03_Butter,0.0,0,103550,103550,103550,0,0,0.0,100.0,1,high,23.99,6,3,none,,27,https://www.musinsa.com/products/5395995
2026-09-03,낫포너드,5396443,Stitch Double Knee Denim Pants - Black,0.0,0,67500,67500,67500,0,0,0.0,82.53,0,low,25.25,4,1,none,,27,https://www.musinsa.com/products/5396443
2026-09-03,세터,5397275,테오 신세틱 레더 칼라 자켓 브라운,0.0,0,279000,279000,279000,0,0,0.0,64.83,0,low,24.0,4,1,none,,27,https://www.musinsa.com/products/5397275
2026-09-03,코드그라피,5398875,하트 와펜 레글런 배색 롱슬리브_다크네이비,0.0,0,44800,44800,44800,0,0,0.0,82.54,0,low,25.25,4,1,none,,27,https://www.musinsa.com/products/5398875
2026-09-03,언탭트스튜디오,5401755,2WAY 오버사이즈 더플 후드 헤비 숏패딩 3Color,0.0,0,78890,78890,78890,0,0,0.0,100.0,1,high,23.99,7,3,none,,27,https://www.musinsa.com/products/5401755
2026-09-03,맥우드건,5402587,체라 7428 기모 페이드워시 부츠컷 다크인디고 데님팬츠,0.0,0,71200,71200,,0,,,30.13,0,low,8.35,3,1,none,,27,https://www.musinsa.com/products/5402587
2026-09-03,더콜디스트모먼트,5404507,TCM easy pocket hooded zip-up (black),0.46,47925,104490,104490,,0,,,24.29,0,low,12.71,3,1,none,1,27,https://www.musinsa.com/products/5404507
2026-09-03,카네이테이,5404955,CLASSIC CHINO PANTS (BLACK),0.0,0,49500,49500,79000,1,-29500,-37.34,100.0,1,medium,23.99,6,3,none,,27,https://www.musinsa.com/products/5404955
2026-09-03,로제프란츠,5405019,Lace Cancan Mini Skirt [Black],0.0,0,80960,80960,80960,0,0,0.0,82.54,0,low,25.25,4,1,none,,27,https://www.musinsa.com/products/5405019
2026-09-03,시야쥬,5405083,SIAC3076 Lambskin Flow Bag L_Black,0.4,78438,195300,195300,195300,0,0,0.0,100.0,1,high,24.5,5,2,none,,27,https://www.musinsa.com/products/5405083
2026-09-03,라이프워크,5405403,L1 레스트 나일론 카고 조거팬츠,0.0,0,94050,94050,,0,,,30.12,0,low,8.35,3,1,none,,27,https://www.musinsa.com/products/5405403
2026-09-03,더바이닐하우스,5409179,DOUBLE KNEE DENIM PANTS LIGHT BLUE,0.0,0,60480,60480,60480,0,0,0.0,100.0,1,high,24.5,5,2,none,,27,https://www.musinsa.com/products/5409179
2026-09-03,탄산마그네슘,5413147,손뼈 사선 팬츠 (블루),0.0,0,150480,150480,150480,0,0,0.0,64.84,0,low,24.0,4,1,none,,27,https://www.musinsa.com/products/5413147
2026-09-03,디스이즈네버댓,5414171,TNT Black Diamond SPOT 400-R Headlamp Camo,0.0,0,76300,76300,76300,0,0,0.0,100.0,1,high,24.5,5,2,none,,27,https://www.musinsa.com/products/5414171
2026-09-03,다이닛,5415835,DEINET MULTI POCKET COTTON VEST IN BEIGE,0.0,0,102700,102700,,0,,,24.28,0,low,12.71,3,1,none,,27,https://www.musinsa.com/products/5415835
2026-09-03,밀로아카이브,5424475,세이렌 핑거 홀 슬리브 [차콜],0.0,0,39000,39000,39000,0,0,0.0,91.73,0,low,23.99,7,3,none,,27,https://www.musinsa.com/products/5424475
2026-09-03,배드블러드,5424539,미스틱11 리버시블 퍼 후드 자켓 - 블랙/브라운레오파드,0.0,0,199200,199200,199200,0,0,0.0,100.0,1,high,24.02,7,3,none,,27,https://www.musinsa.com/products/5424539
2026-09-03,슬로우애시드,5424923,다이애그널 하프집업 [블랙],0.0,0,57400,57400,57400,0,0,0.0,82.57,0,low,25.25,4,1,none,,27,https://www.musinsa.com/products/5424923
2026-09-03,배드블러드,5424987,미스틱 캡슐 1/2 티셔츠 슬림핏 - 라이트리얼트리,0.0,0,73100,73100,73100,0,0,0.0,100.0,1,high,24.02,7,3,none,,27,https://www.musinsa.com/products/5424987
2026-09-03,플레어업,5429659,Ruffle Zip Hoodie (FL-193_Gray),0.0,0,101150,101150,101150,0,0,0.0,91.74,0,low,24.45,4,1,none,,27,https://www.musinsa.com/products/5429659
2026-09-03,노이어,5432347,로우 게이지 헤비 크롭 니트 (네이비),0.0,0,88000,88000,88000,0,0,0.0,100.0,1,high,24.02,7,3,none,,27,https://www.musinsa.com/products/5432347
2026-09-03,썸플레이스,5435355,2단 프릴 스트랩 포켓 리본 포인트 라운드 카라 캉캉 레이어드 미디 셔츠 원피스 [화이트],0.0,0,24500,24500,,0,,,24.27,0,low,12.71,3,1,none,,27,https://www.musinsa.com/products/5435355
2026-09-03,제멋,5436379,메이커라인 긴팔티셔츠 아이보리 JILT2652,0.0,0,23900,23900,23900,0,0,0.0,100.0,1,high,24.02,7,3,none,,27,https://www.musinsa.com/products/5436379
2026-09-03,미니멀프로젝트,5436443,리파인드 크롭 후드 티셔츠 MHT300C-Z  [KHAKI],0.0,0,59800,59800,,0,,,26.86,0,low,10.32,2,1,none,,27,https://www.musinsa.com/products/5436443
2026-09-03,디스이즈네버댓,5438107,Arch-Logo Hoodie Plum,0.0,0,87200,87200,87200,0,0,0.0,100.0,1,high,24.5,5,2,none,,27,https://www.musinsa.com/products/5438107
2026-09-03,디스이즈네버댓,5438171,Velvet Track Jacket Brown,0.0,0,167300,167300,167300,0,0,0.0,100.0,1,high,24.5,5,2,none,,27,https://www.musinsa.com/products/5438171
2026-09-03,카네이테이,5438491,DUSTY HENLEY LONG SLEEVES (VINTAGE WHITE),0.0,0,37500,37500,59000,1,-21500,-36.44,100.0,1,medium,23.99,6,3,none,,27,https://www.musinsa.com/products/5438491
2026-09-03,솔트앤초콜릿,5439131,어뉴 롱부츠 412548009 (3.5cm),0.0,0,77400,77400,77400,0,0,0.0,100.0,1,high,23.99,6,3,none,,27,https://www.musinsa.com/products/5439131
2026-09-03,미세키서울,5439899,Wabi origami pleats midi skirt CHARCOAL,0.0,0,83790,83790,83790,0,0,0.0,91.76,0,low,24.45,4,1,none,,27,https://www.musinsa.com/products/5439899
2026-09-03,시눈,5443739,Wrinkle H-Line Skirt (Cream),0.0,0,92460,92460,92460,0,0,0.0,64.85,0,low,24.0,4,1,none,,27,https://www.musinsa.com/products/5443739
2026-09-03,노드유,5446363,로고링 라운드 니트 [다크레드],0.0,0,35000,35000,,0,,,30.08,0,low,8.35,3,1,none,,27,https://www.musinsa.com/products/5446363
2026-09-03,브라운브레스,5450267,TAG OG HOODIE - ASH,4.34,372618,85860,80100,89000,1,-8900,-10.0,100.0,1,low,23.99,12,4,none,,27,https://www.musinsa.com/products/5450267
2026-09-03,벨리에,5451867,베어 스웨이드 블레이저 - 투톤 브라운,0.0,0,599450,599450,599450,0,0,0.0,64.86,0,low,24.0,4,1,none,,27,https://www.musinsa.com/products/5451867
2026-09-03,스컬프터,5452379,Ankh Boucle Knit Cardigan Ivory,0.0,0,82560,82560,82560,0,0,0.0,100.0,1,high,23.99,6,3,none,,27,https://www.musinsa.com/products/5452379
2026-09-03,9999아카이브,5453019,Archive Long Sleeves,0.0,0,46800,46800,46800,0,0,0.0,61.38,0,low,23.99,6,2,none,,27,https://www.musinsa.com/products/5453019
2026-09-03,튜드먼트,5453211,FLEECE FLORAL JACKET IVORY,0.0,0,125100,125100,,0,,,26.84,0,low,10.32,2,1,none,,27,https://www.musinsa.com/products/5453211
2026-09-03,인사일런스,5453275,카펜터 데님 팬츠 GREY,0.0,0,125100,125100,125100,0,0,0.0,100.0,1,high,24.5,5,2,none,,27,https://www.musinsa.com/products/5453275
2026-09-03,브라운야드,5458075,"W 하프 니트, 그레이",0.0,0,117600,117600,117600,0,0,0.0,61.39,0,low,23.99,6,2,none,,27,https://www.musinsa.com/products/5458075
2026-09-03,데상트,5458459,러닝 하이브리드 다운 베스트 아이보리(SQ323RDV91),0.0,0,119400,119400,,0,,,30.06,0,low,8.35,3,1,none,,27,https://www.musinsa.com/products/5458459
2026-09-03,밀로아카이브,5458843,크레니 레더 스터드 자켓 [블랙],0.0,0,136800,136800,136800,0,0,0.0,91.77,0,low,23.99,7,3,none,,27,https://www.musinsa.com/products/5458843
2026-09-03,브라운야드,5458971,"스테디 셔츠, 블루",0.0,0,198000,198000,198000,0,0,0.0,61.39,0,low,23.99,6,2,none,,27,https://www.musinsa.com/products/5458971
2026-09-03,이티씨이,5460123,(BASE) DESTROYED CHECK SHIRTS (NAVY),0.0,0,80500,80500,,0,,,24.27,0,low,12.71,3,1,none,,27,https://www.musinsa.com/products/5460123
2026-09-03,커스텀어클락,5462299,커브드 기모 후드 티셔츠 3 COLOR COOSTS262,0.0,0,52800,52800,52800,0,0,0.0,100.0,1,high,24.5,5,2,none,,27,https://www.musinsa.com/products/5462299
2026-09-03,어나더오피스,5462555,Mountaineer Garment Jacket (Smoky indigo),0.0,0,229600,229600,229600,0,0,0.0,82.59,0,low,24.03,6,3,none,,27,https://www.musinsa.com/products/5462555
2026-09-03,워크온바디오프,5463195,베르노 세미 오버핏 카라 니트 [아이보리],0.0,0,32900,32900,29610,1,3290,11.11,100.0,1,medium,24.5,5,2,none,,27,https://www.musinsa.com/products/5463195
2026-09-03,하이스쿨디스코,5463515,언밸런스 엔젤 롱슬리브,0.0,0,35200,35200,,0,,,30.06,0,low,8.35,3,1,none,,27,https://www.musinsa.com/products/5463515
2026-09-03,무드인사이드,5463707,드럭스 오버 체크셔츠_Navy,0.0,0,49900,49900,49900,0,0,0.0,100.0,1,high,23.99,7,3,none,,27,https://www.musinsa.com/products/5463707
2026-09-03,예스아이씨,5463771,Y.E.S Pocket Fleece Pants Camo,0.0,0,90300,90300,,0,,,30.05,0,low,8.35,3,1,none,,27,https://www.musinsa.com/products/5463771
2026-09-03,밀로아카이브,5466779,페이딩 플레어 후디 [멜란지 그레이],0.0,0,70800,70800,70800,0,0,0.0,91.78,0,low,23.99,7,3,none,,27,https://www.musinsa.com/products/5466779
2026-09-03,디스이즈네버댓,5468635,Velvet Track Pant Brown,0.0,0,97300,97300,97300,0,0,0.0,100.0,1,high,24.5,5,2,none,,27,https://www.musinsa.com/products/5468635
2026-09-03,피지컬가먼츠,5472027,P2515 배색 윈드브레이커 와이드팬츠 [2COLOR],0.0,0,65000,65000,,0,,,24.26,0,low,12.71,3,1,none,,27,https://www.musinsa.com/products/5472027
2026-09-03,피지컬가먼츠,5472155,P2514+P2515 배색 윈드브레이커 세트 [2COLOR],0.0,0,111430,111430,,0,,,24.26,0,low,12.71,3,1,none,,27,https://www.musinsa.com/products/5472155
2026-09-03,로라로라,5475867,NUBASIC BUTTON LONG SLEEVE T-SHIRT GRAY,0.0,0,44100,44100,,0,,,26.83,0,low,10.32,2,1,none,,27,https://www.musinsa.com/products/5475867
2026-09-03,미세키서울 맨,5477659,Slash line knit CHARCOAL,0.0,0,71280,71280,71280,0,0,0.0,64.87,0,low,24.0,4,1,none,,27,https://www.musinsa.com/products/5477659
2026-09-03,더뮤지엄비지터,5480347,DOT DUCK DOWN JACKET (BLACK),0.0,0,160800,160800,160800,0,0,0.0,100.0,1,high,23.99,6,3,none,,27,https://www.musinsa.com/products/5480347
2026-09-03,커버낫,5480539,웜온 시그니처 심볼 플리스 후디 Dark Navy,0.0,0,53100,53100,53100,0,0,0.0,100.0,1,high,24.51,5,2,none,,27,https://www.musinsa.com/products/5480539
2026-09-03,일꼬르소,5480987,피처 스트라이프 (릴렉스)셔츠 베이지 IESH5F004I2,0.0,0,69300,69300,69300,0,0,0.0,100.0,1,high,24.51,5,2,none,,27,https://www.musinsa.com/products/5480987
2026-09-03,본투윈,5482523,W BRN RACER BACK SLEEVELESS [BLACK],0.0,0,51300,51300,51300,0,0,0.0,100.0,1,high,23.99,6,3,none,,27,https://www.musinsa.com/products/5482523
2026-09-03,바우로프로덕트,5486939,스트레치 코튼 세미플레어 팬츠 [블랙],0.0,0,99000,99000,99000,0,0,0.0,100.0,1,high,25.26,6,2,none,,27,https://www.musinsa.com/products/5486939
2026-09-03,제로,5487963,래글런 크롭 롱 슬리브 [카키/차콜],0.0,0,29000,29000,29000,0,0,0.0,64.87,0,low,24.0,4,1,none,,27,https://www.musinsa.com/products/5487963
2026-09-03,세터,5490459,(W) 오르타 후드 패딩 베스트 블랙,0.0,0,179000,179000,179000,0,0,0.0,64.88,0,low,24.0,4,1,none,,27,https://www.musinsa.com/products/5490459
2026-09-03,워크온바디오프,5497115,인트레 세미 오버핏 케이블 니티드 후드집업 [차콜],0.0,0,44900,44900,40410,1,4490,11.11,100.0,1,medium,24.51,5,2,none,,27,https://www.musinsa.com/products/5497115
2026-09-03,유니폼브릿지,5497563,silk blended polo knit melange grey,0.0,0,89000,89000,89000,0,0,0.0,100.0,1,high,23.99,6,3,none,,27,https://www.musinsa.com/products/5497563
2026-09-03,로라로라,5502747,LINE DETAIL WOOL LONG SLEEVE BLACK,0.0,0,44100,44100,,0,,,26.81,0,low,10.32,2,1,none,,27,https://www.musinsa.com/products/5502747
2026-09-03,론론,5505563,SPORTY SLIM LAYERED LONG SLEEVE WHITE GREY,0.0,0,55440,55440,62370,1,-6930,-11.11,100.0,1,medium,24.03,7,3,none,,27,https://www.musinsa.com/products/5505563
2026-09-03,아메스월드와이드,5506971,BASIC SMALL LOGO SWEAT PANTS CREAM,0.0,0,63200,63200,63200,0,0,0.0,100.0,1,high,24.46,5,2,none,,27,https://www.musinsa.com/products/5506971
2026-09-03,라티젠,5507611,KUROMI HOOD ZIP-UP(BLACK),0.0,0,69120,69120,,0,,,26.81,0,low,10.32,2,1,none,,27,https://www.musinsa.com/products/5507611
2026-09-03,밀로아카이브,5508315,[MA X 데릭] 렌 스트라이프 자켓 [애쉬 브라운],0.0,0,145600,145600,145600,0,0,0.0,91.83,0,low,23.99,7,3,none,,27,https://www.musinsa.com/products/5508315
2026-09-03,이알티알,5511771,Rhombus Light Down Jacket Skyblue,0.0,0,223300,223300,,0,,,30.02,0,low,8.35,3,1,none,,27,https://www.musinsa.com/products/5511771
2026-09-03,오픈야드(오와이),5513115,STARRY FLAG HOODIE - NAVY,0.0,0,64400,64400,,0,,,24.24,0,low,12.71,3,1,none,,27,https://www.musinsa.com/products/5513115
2026-09-03,무센트,5514331,마돌 브이넥 크롭 골지 니트 (3컬러),0.0,0,35910,35910,35910,0,0,0.0,100.0,1,high,24.51,5,2,none,,27,https://www.musinsa.com/products/5514331
2026-09-03,그레이버,5514395,[UNISEX]DOTS GRAV 맨투맨_블랙,0.0,0,48300,48300,,0,,,30.02,0,low,8.35,3,1,none,,27,https://www.musinsa.com/products/5514395
2026-09-03,다이브인,5514843,WASHED COTTON MAC COAT (GRAY),0.0,0,191200,191200,191200,0,0,0.0,100.0,1,high,24.51,5,2,none,,27,https://www.musinsa.com/products/5514843
2026-09-03,루에브르,5515099,Vallon Bottes HA5AD017-FH,0.0,0,339000,339000,339000,0,0,0.0,100.0,1,high,23.99,7,3,none,,27,https://www.musinsa.com/products/5515099
2026-09-03,다이브인,5515291,[무민서 콜라보] LOOSED LIGHT PADDED JACKET (BLACK),0.0,0,249000,249000,249000,0,0,0.0,100.0,1,high,24.51,5,2,none,,27,https://www.musinsa.com/products/5515291
2026-09-03,디앤에스알,5516123,코듀로이 플레어 데님 팬츠 블루,0.0,0,66000,66000,66000,0,0,0.0,64.89,0,low,24.0,4,1,none,,27,https://www.musinsa.com/products/5516123
2026-09-03,레이지비,5519835,자이언트핏 긴팔티 럭비져지 오버핏 헬스 짐웨어 맨투맨 러닝 저지 블록코어 M (3컬러),0.86,25583,29670,29670,,0,,,30.01,0,low,8.35,3,1,none,1,27,https://www.musinsa.com/products/5519835
2026-09-03,건지울른스,5525467,워시드 브리티쉬 아미 필드 팬츠 - 카키,0.0,0,133200,133200,,0,,,24.23,0,low,6.97,3,1,none,,27,https://www.musinsa.com/products/5525467
2026-09-03,라이프워크,5525723,공용) L3 멀티라벨 파라슈트 카고 팬츠,0.0,0,99000,99000,,0,,,30.0,0,low,8.35,3,1,none,,27,https://www.musinsa.com/products/5525723
2026-09-03,마인드브릿지우먼,5526363,[W]울 혼방 체크 싱글 자켓,0.0,0,131500,131500,131500,0,0,0.0,100.0,1,high,24.0,6,2,none,,27,https://www.musinsa.com/products/5526363
2026-09-03,엠엠엘지,5531227,[Mmlg] WASHED WORKERS HOODIE JACKET (KHAKI),0.0,0,119400,119400,,0,,,30.0,0,low,8.36,3,1,none,,27,https://www.musinsa.com/products/5531227
2026-09-03,아티스트웨어,5531611,[8COLORS] 와이드 빅체크 머플러,0.0,0,36000,36000,,0,,,24.23,0,low,12.71,3,1,none,,27,https://www.musinsa.com/products/5531611
2026-09-03,언탭트스튜디오,5534619,[5PACK]남성 쿨에어 스판 드로즈 3Color,0.0,0,24900,24900,24900,0,0,0.0,47.43,0,low,13.15,6,2,none,,27,https://www.musinsa.com/products/5534619
2026-09-03,제멋,5535067,시에나 블러 피그먼트 후드 먹퍼플 ISHD2670,0.0,0,39800,39800,39800,0,0,0.0,100.0,1,high,24.03,7,3,none,,27,https://www.musinsa.com/products/5535067
2026-09-03,리브레너,5535835,DTG 리버레이션 1945 오버핏 후드 티셔츠 버건디,0.0,0,35900,35900,,0,,,24.23,0,low,12.71,3,1,none,,27,https://www.musinsa.com/products/5535835
2026-09-03,배드블러드,5536027,바이퍼 로고 맨투맨 - 블랙레오파드,0.0,0,79200,79200,79200,0,0,0.0,100.0,1,high,24.03,7,3,none,,27,https://www.musinsa.com/products/5536027
2026-09-03,더바이닐하우스,5539547,VINTAGE TWO-TONE HOODIE GREY,0.0,0,76160,76160,70900,1,5260,7.42,100.0,1,medium,24.51,5,2,none,,27,https://www.musinsa.com/products/5539547
2026-09-03,해비즘,5541147,FLOWER STRIPE RIB SWEATSHIRT(BLACK),0.0,0,24900,24900,24900,0,0,0.0,61.42,0,low,23.99,6,2,none,,27,https://www.musinsa.com/products/5541147
2026-09-03,플리즈노팔로우,5546267,Becky Fur Hoodie Jacket (Mocha Brown),0.0,0,203150,203150,203150,0,0,0.0,100.0,1,high,23.99,6,3,none,,27,https://www.musinsa.com/products/5546267
2026-09-03,키르시,5546523,사이드 슬릿 디테일 레그워머 [멜란지 그레이],0.0,0,34300,34300,34300,0,0,0.0,100.0,1,high,24.52,5,2,none,,27,https://www.musinsa.com/products/5546523
2026-09-03,유니폼브릿지,5546715,anchor print sweatshirt(womens) dark navy,0.0,0,49800,49800,49800,0,0,0.0,100.0,1,high,23.99,6,3,none,,27,https://www.musinsa.com/products/5546715
2026-09-03,제너럴아이디어,5549275,벌룬 헤어리 케이블 가디건 [IVORY] / WBE4L04536,0.0,0,51120,51120,54560,1,-3440,-6.3,100.0,1,medium,23.99,6,3,none,,27,https://www.musinsa.com/products/5549275
2026-09-03,디스이즈네버댓,5549595,Reversible Air Pullover Black,0.0,0,94500,94500,94500,0,0,0.0,100.0,1,high,24.52,5,2,none,,27,https://www.musinsa.com/products/5549595
2026-09-03,밀로아카이브,5550427,루드 부클레 하프 코트 [미드나잇 블랙],0.0,0,241200,241200,241200,0,0,0.0,91.86,0,low,23.99,7,3,none,,27,https://www.musinsa.com/products/5550427
2026-09-03,엠엠엘지,5550491,[Mmlg] MELGE TALKING KNIT (IVORY),0.0,0,71400,71400,,0,,,29.98,0,low,8.36,3,1,none,,27,https://www.musinsa.com/products/5550491
2026-09-03,파르티멘토,5551579,[써모라이트] 라이트 패딩 자켓 브라운,0.0,0,112900,112900,112900,0,0,0.0,100.0,1,high,24.52,5,2,none,,27,https://www.musinsa.com/products/5551579
2026-09-03,레이지비,5552155,믹스드 매쉬 럭비 져지 상의 오버핏 반팔 W 운동복 숏 슬리브 티셔츠 화이트,0.0,0,29670,29670,,0,,,29.98,0,low,8.36,3,1,none,,27,https://www.musinsa.com/products/5552155
2026-09-03,비바셔스,5552731,Muse Jacket BROWN,0.0,0,99000,99000,,0,,,24.22,0,low,12.71,3,1,none,,27,https://www.musinsa.com/products/5552731
2026-09-03,제멋,5552795,[2PACK] 어센틱 아카이브 후드 KJHD2666,0.0,0,76220,76220,76220,0,0,0.0,100.0,1,high,24.03,7,3,none,,27,https://www.musinsa.com/products/5552795
2026-09-03,레이지비,5553243,자이언트 핏 져지 버뮤다 반바지 M 팬츠 화이트,0.0,0,23720,23720,,0,,,29.98,0,low,8.36,3,1,none,,27,https://www.musinsa.com/products/5553243
2026-09-03,스케이터락,5553755,Cable Knit Cross Bucket Hat ((black)),0.0,0,47200,47200,,0,,,24.22,0,low,12.71,3,1,none,,27,https://www.musinsa.com/products/5553755
2026-09-03,파르티멘토 우먼,5554267,올인원 스모크드 롱슬리브 탑_스톤,0.0,0,35280,35280,39690,1,-4410,-11.11,91.88,0,low,24.47,4,1,none,,27,https://www.musinsa.com/products/5554267
2026-09-03,스케이터락,5557531,Star Patchwork Raglan Sweat Hoodie ((whitemelange*navy)),0.0,0,79200,79200,,0,,,24.22,0,low,12.71,3,1,none,,27,https://www.musinsa.com/products/5557531
2026-09-03,아틀리에나인,5559643,FAITH WIDE SLEEVE DOWN JUMPER(JP-575),0.0,0,158400,158400,158400,0,0,0.0,100.0,1,high,24.0,6,2,none,,27,https://www.musinsa.com/products/5559643
2026-09-03,드로우핏우먼,5559963,래빗 앙고라 울 핸드메이드 플레어 하프 코트 [M.BROWN],0.0,0,251100,251100,251100,0,0,0.0,100.0,1,high,23.99,7,3,none,,27,https://www.musinsa.com/products/5559963
2026-09-03,인사일런스우먼,5562395,헤어리 알파카 하프 코트 CAMEL,0.0,0,359100,359100,359100,0,0,0.0,100.0,1,high,24.03,7,3,none,,27,https://www.musinsa.com/products/5562395
2026-09-03,프리즘웍스,5563291,ALTAVIA DOWN PARKA _ LIGHT OLIVE,0.0,0,260100,260100,260100,0,0,0.0,100.0,1,high,24.03,7,3,none,,27,https://www.musinsa.com/products/5563291
2026-09-03,유라고,5567387,Real suede long skirt,0.0,0,228000,228000,228000,0,0,0.0,64.92,0,low,24.0,4,1,none,,27,https://www.musinsa.com/products/5567387
2026-09-03,어반드레스,5567963,Bronze Grain Jacket BROWN,0.0,0,96000,96000,96000,0,0,0.0,100.0,1,high,24.02,7,3,none,,27,https://www.musinsa.com/products/5567963
2026-09-03,키르시,5569115,무스탕 스웨이드 퍼 호보백 [블랙],0.0,0,59900,59900,59900,0,0,0.0,100.0,1,high,24.52,5,2,none,,27,https://www.musinsa.com/products/5569115
2026-09-03,세터,5570715,벨트 미니 숄더 백 블랙,0.0,0,139000,139000,139000,0,0,0.0,64.92,0,low,24.0,4,1,none,,27,https://www.musinsa.com/products/5570715
2026-09-03,세터,5570843,카마로 코듀로이 페이드 팬츠 그레이,0.0,0,159000,159000,159000,0,0,0.0,64.92,0,low,24.0,4,1,none,,27,https://www.musinsa.com/products/5570843
2026-09-03,로라로라,5572123,LEATHER SHEERING JACKET BLACK,0.0,0,312600,312600,,0,,,26.77,0,low,10.32,2,1,none,,27,https://www.musinsa.com/products/5572123
2026-09-03,디스이즈네버댓,5573851,GD Lightning Velvet Knit Polo Light Pink,0.0,0,104300,104300,104300,0,0,0.0,100.0,1,high,24.52,5,2,none,,27,https://www.musinsa.com/products/5573851
2026-09-03,와이케이,5576475,스타 스웨트팬츠 그레이,0.0,0,66750,66750,66750,0,0,0.0,61.44,0,low,23.99,6,2,none,,27,https://www.musinsa.com/products/5576475
2026-09-03,비바셔스,5581275,Anne Fur Bag_5Colors,0.0,0,61200,61200,,0,,,24.19,0,low,12.71,3,1,none,,27,https://www.musinsa.com/products/5581275
2026-09-03,유니폼브릿지,5581339,cable crew neck knit brown,0.0,0,99000,99000,99000,0,0,0.0,100.0,1,high,23.99,6,3,none,,27,https://www.musinsa.com/products/5581339
2026-09-03,후드후드,5583387,클로버 로고 아티피셜 스웨이드 숄더백 카키,0.0,0,98870,98870,98870,0,0,0.0,82.64,0,low,25.26,4,1,none,,27,https://www.musinsa.com/products/5583387
2026-09-03,2000아카이브스,5584027,AGEL STRIPED GARTER TOP (BLACK),0.0,0,116820,116820,116820,0,0,0.0,100.0,1,high,23.99,6,3,none,,27,https://www.musinsa.com/products/5584027
2026-09-03,시그니처,5584155,커브드 코듀로이 밴딩 팬츠[브라운],0.0,0,39900,39900,39900,0,0,0.0,82.64,0,low,25.26,4,1,none,,27,https://www.musinsa.com/products/5584155
2026-09-03,제너럴아이디어,5585435,뉴애티튜드 클래식 플랫 [BLACK] / WBE3L97508,0.0,0,82000,82000,82000,0,0,0.0,100.0,1,high,23.99,6,3,none,,27,https://www.musinsa.com/products/5585435
2026-09-03,1993스튜디오,5588315,W 베이직 슬림 후드 (4colors),1.21,51965,43000,43000,43000,0,0,0.0,100.0,1,high,23.98,8,3,none,,27,https://www.musinsa.com/products/5588315
2026-09-03,샌드릭,5591707,FLEECE BRUSHED ZIP UP_CHARCOAL,0.0,0,160550,160550,,0,,,29.94,0,low,8.36,3,1,none,,27,https://www.musinsa.com/products/5591707
2026-09-03,웬즈데이오아시스,5593307,[아틀리에 에디션] 헤리티지 패디드 자켓_CHARCOAL(WC25-OT06),0.0,0,174300,174300,174300,0,0,0.0,100.0,1,high,23.99,7,3,none,,27,https://www.musinsa.com/products/5593307
2026-09-03,웬즈데이오아시스,5593435,클래식 아가일 브이넥 니트 가디건_NAVY(WC25-KN64),0.0,0,60900,60900,60900,0,0,0.0,100.0,1,high,23.99,7,3,none,,27,https://www.musinsa.com/products/5593435
2026-09-03,론론,5594139,HEART POCKET ROLL UP BERMUDA DENIM PANTS BLACK,0.0,0,71280,71280,80190,1,-8910,-11.11,100.0,1,medium,24.03,7,3,none,,27,https://www.musinsa.com/products/5594139
2026-09-03,론론,5594267,HEART ZIP POCKET WRAP PANTS BLACK,0.0,0,95760,95760,107730,1,-11970,-11.11,100.0,1,medium,24.03,7,3,none,,27,https://www.musinsa.com/products/5594267
2026-09-03,코드그라피,5595419,폴라플리스 집업_레드,0.0,0,76300,76300,76300,0,0,0.0,82.66,0,low,25.26,4,1,none,,27,https://www.musinsa.com/products/5595419
2026-09-03,코드그라피,5597787,CGP 아치 로고 보아 후드 집업_다크그레이,0.0,0,76300,76300,76300,0,0,0.0,82.66,0,low,25.26,3,1,none,,27,https://www.musinsa.com/products/5597787
2026-09-03,내셔널지오그래픽,5601435,N254WFT040 여성 핀테일 폴리샤 트레이닝 풀집업 M/GREY,0.0,0,111300,111300,,0,,,24.17,0,low,12.71,3,1,none,,27,https://www.musinsa.com/products/5601435
2026-09-03,탄산마그네슘,5604507,아일렛 스몰로고 후드집업 (스트라이프 그레이),0.0,0,120080,120080,120080,0,0,0.0,64.93,0,low,24.0,4,1,none,,27,https://www.musinsa.com/products/5604507
2026-09-03,드리프트아웃,5606939,아쿠아틱 에러 골드피쉬 오버핏 후디 (2color),0.0,0,42210,42210,,0,,,29.92,0,low,8.36,3,1,none,,27,https://www.musinsa.com/products/5606939
2026-09-03,알리스,5607195,스트라이프 코튼 플로우 머플러 [3COLOR],0.0,0,28520,28520,28520,0,0,0.0,91.92,0,low,24.48,4,1,none,,27,https://www.musinsa.com/products/5607195
2026-09-03,벨리에,5607323,(W) 트루 스트레이트 데님팬츠 - 그레이,0.0,0,139650,139650,139650,0,0,0.0,64.93,0,low,24.0,4,1,none,,27,https://www.musinsa.com/products/5607323
2026-09-03,데상트,5611483,쏘맷 화이트 SR113RRN23,0.0,0,170050,170050,,0,,,29.92,0,low,8.36,3,1,none,,27,https://www.musinsa.com/products/5611483
2026-09-03,누아트스튜디오,5612059,[지수 pick] 스노우 브러쉬드 머플러_12colors,0.0,0,25640,25640,,0,,,17.34,0,low,5.34,4,1,none,,27,https://www.musinsa.com/products/5612059
2026-09-03,그레이버,5614811,[UNISEX]사이드 체크 트랙팬츠_그레이,0.0,0,69300,69300,,0,,,29.91,0,low,8.36,3,1,none,,27,https://www.musinsa.com/products/5614811
2026-09-03,시눈,5617499,Tiny Rabbit Charm Necklace (Silver),0.0,0,72360,72360,72360,0,0,0.0,64.93,0,low,24.0,4,1,none,,27,https://www.musinsa.com/products/5617499
2026-09-03,시눈,5617755,Balloon Mini Dress (White),0.0,0,105860,105860,105860,0,0,0.0,64.94,0,low,24.0,4,1,none,,27,https://www.musinsa.com/products/5617755
2026-09-03,시눈,5617819,SN Wool Blend Straight Pants (Brown),0.0,0,105860,105860,105860,0,0,0.0,64.94,0,low,24.0,4,1,none,,27,https://www.musinsa.com/products/5617819
2026-09-03,비바셔스,5618011,Sailor Collar Knit Cardigan_5Colors,0.0,0,50400,50400,,0,,,24.16,0,low,12.71,3,1,none,,27,https://www.musinsa.com/products/5618011
2026-09-03,로제프란츠,5618203,Hairy Slim Fur Cardigan [Ivory],0.0,0,42560,42560,42560,0,0,0.0,82.67,0,low,25.27,4,1,none,,27,https://www.musinsa.com/products/5618203
2026-09-03,바우로프로덕트,5619931,소프트 이중직 라운드 니트 [그레이],0.0,0,49900,49900,49900,0,0,0.0,100.0,1,high,25.27,6,2,none,,27,https://www.musinsa.com/products/5619931
2026-09-03,비바셔스,5622043,Rose Gloss Vest PINK,0.0,0,75600,75600,,0,,,24.15,0,low,12.71,3,1,none,,27,https://www.musinsa.com/products/5622043
2026-09-03,헬레네파리스,5623067,스트라이프 믹스 콤비 머플러 [그레이],0.0,0,17270,17270,19840,1,-2570,-12.95,100.0,1,medium,24.03,7,3,none,,27,https://www.musinsa.com/products/5623067
2026-09-03,트리밍버드,5623323,Oversized Off-Shoulder Knit [ Black ],0.0,0,197100,197100,197100,0,0,0.0,100.0,1,high,24.03,7,3,none,,27,https://www.musinsa.com/products/5623323
2026-09-03,드헤베,5625371,Basic Round Knit Cardigan [Beige],0.0,0,65030,65030,65030,0,0,0.0,82.68,0,low,25.27,4,1,none,,27,https://www.musinsa.com/products/5625371
2026-09-03,드헤베,5625499,Wool Double Half Coat [Gray],0.0,0,183870,183870,154470,1,29400,19.03,82.68,0,low,25.27,4,1,none,,27,https://www.musinsa.com/products/5625499
2026-09-03,브랜디드,5625883,FAKE LEATHER A-2 JACKET [BLACK],0.0,0,168300,168300,168300,0,0,0.0,82.69,0,low,25.27,4,1,none,,27,https://www.musinsa.com/products/5625883
2026-09-03,렌세,5626203,Wrap-Tie Long Sleeve Tee Melange Gray,0.0,0,44000,44000,,0,,,26.73,0,low,10.32,2,1,none,,27,https://www.musinsa.com/products/5626203
2026-09-03,썸웨어버터,5626523,Bold Logo Button Hoodie - Pistachio,0.0,0,112590,112590,112590,0,0,0.0,61.45,0,low,23.99,6,2,none,,27,https://www.musinsa.com/products/5626523
2026-09-03,노드유,5628827,모크넥 반폴라 니트 [베이지],0.0,0,33750,33750,,0,,,29.9,0,low,8.36,3,1,none,,27,https://www.musinsa.com/products/5628827
2026-09-03,리브레너,5629723,DTG 베이비엔젤 스탠다드 스웻셔츠 브라운,0.0,0,29900,29900,,0,,,24.15,0,low,12.71,3,1,none,,27,https://www.musinsa.com/products/5629723
2026-09-03,본투윈,5631259,B-SYMBOL LOGO SEMI WIDE PANTS [BLACK],3.44,299595,87200,87200,87200,0,0,0.0,100.0,1,high,10.13,22,8,none,,27,https://www.musinsa.com/products/5631259
2026-09-03,데상트,5631963,우먼스 니트 버킷햇 베이지 SQ422UCPO1,0.0,0,41300,41300,,0,,,29.9,0,low,8.36,3,1,none,,27,https://www.musinsa.com/products/5631963
2026-09-03,시야쥬,5634267,SIOT4167 헤어리 벨티드 하프 코트_Black,0.0,0,319000,319000,319000,0,0,0.0,100.0,1,high,24.53,5,2,none,,27,https://www.musinsa.com/products/5634267
2026-09-03,아틀리에나인,5635483,(PT-5726)ESEENTIAL WARM STRAIGHT PANTS,0.0,0,95060,95060,95060,0,0,0.0,100.0,1,high,24.0,6,2,none,,27,https://www.musinsa.com/products/5635483
2026-09-03,아메스월드와이드,5636315,MINI BOWLING TOTE BAG BLACK,0.0,0,76300,76300,76300,0,0,0.0,100.0,1,high,24.48,5,2,none,,27,https://www.musinsa.com/products/5636315
2026-09-03,아메스월드와이드,5636443,COWICHAN KNIT HOODIE ZIP-UP CHARCOAL,0.0,0,111200,111200,111200,0,0,0.0,100.0,1,high,24.48,5,2,none,,27,https://www.musinsa.com/products/5636443
2026-09-03,아메스월드와이드,5636507,LIGHT WEIGHT HOODED PADDING BLACK,0.0,0,87200,87200,87200,0,0,0.0,100.0,1,high,24.48,5,2,none,,27,https://www.musinsa.com/products/5636507
2026-09-03,해칭룸,5641115,Hairy Deep Pleats Trousers Stripe Black,0.0,0,238000,238000,238000,0,0,0.0,91.94,0,low,24.48,4,1,none,,27,https://www.musinsa.com/products/5641115
2026-09-03,해칭룸,5641243,Curve Jeans Deep Blue,0.0,0,178000,178000,178000,0,0,0.0,91.95,0,low,24.48,4,1,none,,27,https://www.musinsa.com/products/5641243
2026-09-03,세터,5641883,(W) 아가일 브이넥 풀오버 니트 레드,0.0,0,159000,159000,159000,0,0,0.0,64.95,0,low,24.0,4,1,none,,27,https://www.musinsa.com/products/5641883
2026-09-03,라티젠,5642779,[DISNEY] SNOW WHITE_OVER KNIT(IVORY),0.0,0,43800,43800,,0,,,26.72,0,low,10.32,2,1,none,,27,https://www.musinsa.com/products/5642779
2026-09-03,해칭룸,5645275,Overlay Sweatshirt Dark Navy,0.0,0,128000,128000,128000,0,0,0.0,91.95,0,low,24.48,4,1,none,,27,https://www.musinsa.com/products/5645275
2026-09-03,제너럴아이디어,5648155,울 블렌드 더플 롱코트 [DARK NAVY] / WBE4L10521,0.0,0,187200,187200,187200,0,0,0.0,100.0,1,high,23.99,6,3,none,,27,https://www.musinsa.com/products/5648155
2026-09-03,제너럴아이디어,5652571,부클 미니 스커트 [BLACK] / WBE4L56506,0.0,0,73380,73380,69700,1,3680,5.28,100.0,1,medium,23.99,6,3,none,,27,https://www.musinsa.com/products/5652571
2026-09-03,러브이즈트루,5653595,LUVISTRUE X MEANINGLESS SLIMFIT HOOD ZIPUP(GRAY),0.0,0,95200,95200,95200,0,0,0.0,61.45,0,low,23.99,6,2,none,,27,https://www.musinsa.com/products/5653595
2026-09-03,코드그라피,5653851,(우먼) 코곰이 후디_다크네이비,0.0,0,62300,62300,62300,0,0,0.0,82.69,0,low,25.27,4,1,none,,27,https://www.musinsa.com/products/5653851
2026-09-03,브룩스 브라더스,5659867,레귤러핏 코튼 스트레치 어드밴티지 치노 (스톤) (BBPCMFZ502),0.0,0,152100,152100,152100,0,0,0.0,61.45,0,low,23.99,6,2,none,,27,https://www.musinsa.com/products/5659867
2026-09-03,엠엘비,5666139,베이직 스포티브 스티치 호보백 NY (Black),0.0,0,80100,80100,,0,,,26.7,0,low,10.32,2,1,none,,27,https://www.musinsa.com/products/5666139
2026-09-03,러브이즈트루,5666203,EV DOT SKIRT PANTS(GRAY),0.0,0,64970,64970,64970,0,0,0.0,61.45,0,low,23.99,6,2,none,,27,https://www.musinsa.com/products/5666203
2026-09-03,라이프워크,5667931,포인트 라독 기모 조거 팬츠,0.0,0,119000,119000,,0,,,29.86,0,low,8.36,3,1,none,,27,https://www.musinsa.com/products/5667931
2026-09-03,더바이닐하우스,5668955,HOODED MUFFLER KHAKI,0.0,0,56960,56960,56960,0,0,0.0,100.0,1,high,24.54,5,2,none,,27,https://www.musinsa.com/products/5668955
2026-09-03,카고브로스포우먼,5671707,카모 프릴 밴딩 롱 스커트 (카모),0.0,0,46800,46800,,0,,,24.12,0,low,12.71,3,1,none,,27,https://www.musinsa.com/products/5671707
2026-09-03,테이크이지,5677787,드레이프 크롭 터틀넥 (차콜),0.0,0,14900,14900,14900,0,0,0.0,100.0,1,high,24.54,5,2,none,,27,https://www.musinsa.com/products/5677787
2026-09-03,아틀리에나인,5678171,(JP-578)URBAN HOODED STRING DOWN,0.0,0,289060,289060,289060,0,0,0.0,100.0,1,high,24.0,6,2,none,,27,https://www.musinsa.com/products/5678171
2026-09-03,유라고,5680091,Corduroy wide pants,0.0,0,59280,59280,59280,0,0,0.0,64.95,0,low,24.0,4,1,none,,27,https://www.musinsa.com/products/5680091
2026-09-03,유라고,5680155,Super fine raccoon V-neck knit,0.0,0,163400,163400,163400,0,0,0.0,64.95,0,low,24.0,4,1,none,,27,https://www.musinsa.com/products/5680155
2026-09-03,제너럴아이디어,5682203,울 블랜드 코위찬 니트 점퍼 [NAVY] / WBE4L07535,0.0,0,92800,92800,92800,0,0,0.0,100.0,1,high,23.99,6,3,none,,27,https://www.musinsa.com/products/5682203
2026-09-03,코이리스,5683867,헤이븐 후드 티 남녀공용 (2컬러),0.0,0,50920,50920,,0,,,29.85,0,low,8.36,3,1,none,,27,https://www.musinsa.com/products/5683867
2026-09-03,론론,5684507,[유소정 pick] NORDIC FAIR ISLE KNIT CARDIGAN NAVY,0.0,0,95760,95760,107730,1,-11970,-11.11,100.0,1,medium,24.03,7,3,none,,27,https://www.musinsa.com/products/5684507
2026-09-03,무드인사이드 우먼,5685403,(woman) 더스크 하이 무스탕 하프 코트_Black,0.0,0,111920,111920,111920,0,0,0.0,100.0,1,high,24.54,5,2,none,,27,https://www.musinsa.com/products/5685403
2026-09-03,라티젠,5689563,L21 SNOW FUR HOOD ZIP-UP(BEIGE),0.0,0,149100,149100,,0,,,26.69,0,low,10.32,2,1,none,,27,https://www.musinsa.com/products/5689563
2026-09-03,썸웨어버터,5694491,Poco Handmade Cowhichan Sweater - Ivory(Blue),0.0,0,298000,298000,298000,0,0,0.0,61.46,0,low,23.99,6,2,none,,27,https://www.musinsa.com/products/5694491
2026-09-03,에이치덱스,5694619,어시스트 파텔라 니 슬리브 (Black),0.0,0,17400,17400,17400,0,0,0.0,82.7,0,low,25.27,4,1,none,,27,https://www.musinsa.com/products/5694619
2026-09-03,본투윈,5696411,BRN ARCH HALF ZIP UP SWEATSHIRTS [WHITE MELANGE],0.0,0,92600,92600,92600,0,0,0.0,100.0,1,high,23.99,6,3,none,,27,https://www.musinsa.com/products/5696411
2026-09-03,커버낫,5697179,로고 라벨 슬림 램스울 머플러 Brown,0.0,0,39600,39600,39600,0,0,0.0,100.0,1,high,24.54,5,2,none,,27,https://www.musinsa.com/products/5697179
2026-09-03,꼼파뇨,5702171,코코 스트라이프 머플러 그레이,0.0,0,24760,24760,24760,0,0,0.0,91.97,0,low,24.48,4,1,none,,27,https://www.musinsa.com/products/5702171
2026-09-03,본투윈,5721627,SYMBOL B LOGO SOCKS 3PACK [BLACK],2.24,42564,19000,19000,19000,0,0,0.0,100.0,1,high,14.07,17,4,none,,27,https://www.musinsa.com/products/5721627
2026-09-03,브룩스 브라더스,5722267,메리노울 로고 폴로 스웨터 (차콜) (BBWTMNF301),0.0,0,179100,179100,179100,0,0,0.0,61.47,0,low,23.99,6,2,none,,27,https://www.musinsa.com/products/5722267
2026-09-03,언더오프,5726235,피치스킨 에센셜 리퍼블릭 기모 맨투맨 네이비,0.0,0,29520,29520,29520,0,0,0.0,100.0,1,high,24.54,5,2,none,,27,https://www.musinsa.com/products/5726235
2026-09-03,바이모노,5735259,[-5kg팬츠 32-50] 모노 점보 코듀로이 와이드 굵대팬츠,0.0,0,42900,42900,42900,0,0,0.0,100.0,1,high,24.54,5,2,none,,27,https://www.musinsa.com/products/5735259
2026-09-03,키르시,5740699,빅체리 잔디자수 크롭 스웻셔츠 [멜란지 그레이],0.0,0,48300,48300,48300,0,0,0.0,100.0,1,high,24.54,5,2,none,,27,https://www.musinsa.com/products/5740699
2026-09-03,트립르센스,5742811,[F/W]커스텀 울 세미 오버 블레이저_차콜,0.0,0,189000,189000,189000,0,0,0.0,61.48,0,low,23.99,6,2,none,,27,https://www.musinsa.com/products/5742811
2026-09-03,락케이크,5743579,Essential Crewneck Cardigan - Ivory,0.0,0,73600,73600,73600,0,0,0.0,100.0,1,high,23.99,7,3,none,,27,https://www.musinsa.com/products/5743579
2026-09-03,라이프워크,5743707,L1 Lite 본딩 절개 조거 팬츠,0.0,0,99000,99000,,0,,,29.83,0,low,8.36,3,1,none,,27,https://www.musinsa.com/products/5743707
2026-09-03,꼼파뇨,5749083,[2-WAY] 러스트 패치 피그먼트 후드 집업 더스티핑크,0.0,0,50610,50610,50610,0,0,0.0,92.0,0,low,24.49,4,1,none,,27,https://www.musinsa.com/products/5749083
2026-09-03,썬러브투어,5749147,[HOME ALONe] Muffler Brown,0.0,0,32390,32390,32390,0,0,0.0,100.0,1,high,23.99,7,3,none,,27,https://www.musinsa.com/products/5749147
2026-09-03,모드나인,5753307,Black Halo - Shirt,0.0,0,229000,229000,,0,,,24.1,0,low,12.71,3,1,none,,27,https://www.musinsa.com/products/5753307
2026-09-03,베이직하우스,5754203,남성 소로나 라운드넥 민소매 티셔츠 다크그레이 LZTS3105,0.0,0,13900,13900,,0,,,29.83,0,low,8.36,3,1,none,,27,https://www.musinsa.com/products/5754203
2026-09-03,노티카,5755995,소프트 에센셜 머플러 - [라이트 그린],0.0,0,29940,29940,29940,0,0,0.0,64.97,0,low,22.02,5,3,none,,27,https://www.musinsa.com/products/5755995
2026-09-03,썸웨어버터,5762011,Lettering Turtleneck Top - Grey,0.0,0,43000,43000,43000,0,0,0.0,61.48,0,low,23.99,6,2,none,,27,https://www.musinsa.com/products/5762011
2026-09-03,썸웨어버터,5762075,Hayden Handmade Cardigan Sweater - Cream,0.0,0,269000,269000,269000,0,0,0.0,61.48,0,low,23.99,6,2,none,,27,https://www.musinsa.com/products/5762075
2026-09-03,썸웨어버터,5762331,Corduroy Dave Short Pants - Brown,0.0,0,95200,95200,95200,0,0,0.0,61.48,0,low,23.99,6,2,none,,27,https://www.musinsa.com/products/5762331
2026-09-03,레이지비,5774619,에어라이트 스트레치 바람막이 아노락 자켓 셋업 + 러닝 조거팬츠 세트 W (2컬러),0.0,0,79000,79000,,0,,,29.82,0,low,8.36,3,1,none,,27,https://www.musinsa.com/products/5774619
2026-09-03,라티젠,5785179,L20 BACK STAR WIDE PANTS(BLACK),0.0,0,71400,71400,,0,,,26.65,0,low,10.32,2,1,none,,27,https://www.musinsa.com/products/5785179
2026-09-03,로라로라,5785563,HOLIDAY RORABBIT LEOPARD BROWN,0.0,0,39000,39000,,0,,,26.65,0,low,10.32,2,1,none,,27,https://www.musinsa.com/products/5785563
2026-09-03,데상트,5786523,무브 미니 백팩 (23L 슈즈백 구성) 화이트 SR123UBP12,0.0,0,141550,141550,,0,,,29.81,0,low,8.36,3,1,none,,27,https://www.musinsa.com/products/5786523
2026-09-03,피지컬가먼츠,5792347,P1147 머슬 U넥 오버핏반팔 [3COLOR],0.0,0,24000,24000,,0,,,24.09,0,low,12.71,3,1,none,,27,https://www.musinsa.com/products/5792347
2026-09-03,레이지비,5803611,[3PACK] 에어로 터치 러닝 액티브 남녀 스포츠 짐웨어 운동 반바지 쇼츠 W2 (3컬러),0.0,0,59900,59900,,0,,,29.81,0,low,8.36,3,1,none,,27,https://www.musinsa.com/products/5803611
2026-09-03,하이스쿨디스코,5804187,스트라이프 플러피 머플러_아이보리블랙,0.0,0,26880,26880,,0,,,29.81,0,low,8.36,3,1,none,,27,https://www.musinsa.com/products/5804187
2026-09-03,일리고,5806171,오블리크 프릴 후드 자켓 체크 그린,0.0,0,92000,92000,92000,0,0,0.0,92.01,0,low,24.49,4,1,none,,27,https://www.musinsa.com/products/5806171
2026-09-03,슬로우애시드,5811547,블리치드 심볼 후디 [네이비],0.0,0,62720,62720,62720,0,0,0.0,82.73,0,low,25.27,4,1,none,,27,https://www.musinsa.com/products/5811547
2026-09-03,비바라비다,5818075,[기모선택] Element 헤비테리 후드 집업,0.0,0,62900,62900,62900,0,0,0.0,100.0,1,high,23.99,6,3,none,,27,https://www.musinsa.com/products/5818075
2026-09-03,라이프워크,5820443,여성) 헤어리 라독 로고 비니,0.0,0,49000,49000,,0,,,29.8,0,low,8.36,3,1,none,,27,https://www.musinsa.com/products/5820443
2026-09-03,스파오,5821659,(우디) 케이블 브이넥 스웨터_SPKWG12G50,0.0,0,39900,39900,,0,,,24.09,0,low,12.71,3,1,none,,27,https://www.musinsa.com/products/5821659
2026-09-03,꼼파뇨,5822171,가타코코 레글런 피그먼트 맨투맨 스모크블랙,0.0,0,41800,41800,41800,0,0,0.0,92.02,0,low,24.49,4,1,none,,27,https://www.musinsa.com/products/5822171
2026-09-03,코이리스,5825307,네이프 스웨이드 숄더백,0.86,43539,50920,50920,,0,,,29.79,0,low,8.36,3,1,none,1,27,https://www.musinsa.com/products/5825307
2026-09-03,유희,5835419,LETTERING HALTER NECK OFF-SHOULDER T-SHIRTS_CHARCOAL,0.0,0,35930,35930,,0,,,29.79,0,low,8.36,3,1,none,,27,https://www.musinsa.com/products/5835419
2026-09-03,유희,5835483,SWEET GRAPHIC PIN BADGE SET_MULTI,0.0,0,10730,10730,,0,,,29.78,0,low,8.36,3,1,none,,27,https://www.musinsa.com/products/5835483
2026-09-03,데상트,5835675,[세리나&소빈 착용] 터프 워딩 반팔 티셔츠 데님 블루 SR123UTS13,0.0,0,61750,61750,,0,,,29.78,0,low,8.36,3,1,none,,27,https://www.musinsa.com/products/5835675
2026-09-03,데상트,5838235,우먼스 미니 파우치 체인백 레드 SR122UBG19,0.0,0,56050,56050,,0,,,29.78,0,low,8.36,3,1,none,,27,https://www.musinsa.com/products/5838235
2026-09-03,튜드먼트,5840987,ROSE FLEECE JACKET_IVORY,0.0,0,93970,93970,,0,,,26.63,0,low,10.32,2,1,none,,27,https://www.musinsa.com/products/5840987
2026-09-03,탄산마그네슘,5845979,링거 후드집업 솔리드 (블랙),0.0,0,120080,120080,120080,0,0,0.0,64.98,0,low,24.0,4,1,none,,27,https://www.musinsa.com/products/5845979
2026-09-03,노매뉴얼,5848987,U.O TRUCKER CAP - BLACK,0.31,10905,35700,35700,35700,0,0,0.0,92.05,0,low,9.52,11,5,none,,27,https://www.musinsa.com/products/5848987
2026-09-03,리메인세컨드,5849051,잔 스트라이프 오버핏 반팔 티셔츠 [아이보리],0.0,0,27800,27800,27800,0,0,0.0,64.98,0,low,24.0,12,1,none,,27,https://www.musinsa.com/products/5849051
2026-09-03,노매뉴얼,5849243,DUNE LIGHT NYLON JACKET - MARINA,0.9,67820,75200,75200,75200,0,0,0.0,92.06,0,low,24.5,3,1,none,,27,https://www.musinsa.com/products/5849243
2026-09-03,노매뉴얼,5849499,LAYERED ARCH GRAPHIC T-SHIRT - WASHED NAVY,0.0,0,41250,41250,41250,0,0,0.0,92.07,0,low,24.5,4,1,none,,27,https://www.musinsa.com/products/5849499
2026-09-03,에이치덱스,5855323,프로 밴딩 브라탑 (Black),0.79,34656,44100,44100,44100,0,0,0.0,82.75,0,low,25.27,4,1,none,,27,https://www.musinsa.com/products/5855323
2026-09-03,9999아카이브,5860571,Music Note Print T,0.0,0,30870,30870,30870,0,0,0.0,61.5,0,low,23.99,6,2,none,,27,https://www.musinsa.com/products/5860571
2026-09-03,데상트,5860891,트레이닝 워싱 반팔 티셔츠 데님 블루 SR121TTS11,0.0,0,84550,84550,,0,,,29.76,0,low,8.36,3,1,none,,27,https://www.musinsa.com/products/5860891
2026-09-03,엑스컨테이너,5861531,미니멀 버튼 라운드넥 크롭 가디건 (BLUE),1.8,65978,36570,36570,36570,0,0,0.0,92.09,0,low,24.5,4,1,none,,27,https://www.musinsa.com/products/5861531
2026-09-03,드릭스,5862171,메탈 심볼 포켓 배색 맨투맨_네이비,0.0,0,33830,33830,33830,0,0,0.0,100.0,1,high,24.03,7,3,none,,27,https://www.musinsa.com/products/5862171
2026-09-03,리브레너,5862875,프렌드 오버사이즈 볼륨 크롭 후디집업 메란지 버건디,0.0,0,41900,41900,,0,,,24.07,0,low,12.71,3,1,none,,27,https://www.musinsa.com/products/5862875
2026-09-03,데상트,5863579,퓨텍트 V3 BOA® 화이트 SR123LCR15,0.0,0,179550,179550,,0,,,29.76,0,low,8.36,3,1,none,,27,https://www.musinsa.com/products/5863579
2026-09-03,디미트리블랙,5864283,포시즌 에센셜 스웻 맨투맨 티셔츠_크롭 멜란지,0.0,0,28900,28900,28900,0,0,0.0,100.0,1,high,24.56,5,2,none,,27,https://www.musinsa.com/products/5864283
2026-09-03,트릴리온,5866651,스톤 워시드 카고 포켓 코튼 팬츠_카키,0.0,0,37850,37850,37850,0,0,0.0,92.09,0,low,24.5,4,1,none,,27,https://www.musinsa.com/products/5866651
2026-09-03,스파오,5867739,[소프트얀] 헤어리 칼라넥 스웨터_SPKWG11M02,0.0,0,49900,49900,,0,,,24.07,0,low,12.71,3,1,none,,27,https://www.musinsa.com/products/5867739
2026-09-03,더콜디스트모먼트,5869211,(w) TCM skirt layered button pants (beige),0.0,0,107280,107280,,0,,,24.07,0,low,12.71,3,1,none,,27,https://www.musinsa.com/products/5869211
2026-09-03,키르시,5869339,체리 그래픽 볼캡 [화이트],0.0,0,46550,46550,46550,0,0,0.0,100.0,1,high,24.56,5,2,none,,27,https://www.musinsa.com/products/5869339
2026-09-03,론론,5870811,SOFT STRIPE V NECK BASIC KNIT BLUE,0.0,0,79200,79200,89100,1,-9900,-11.11,100.0,1,medium,24.03,7,3,none,,27,https://www.musinsa.com/products/5870811
2026-09-03,마인드브릿지,5871835,트윌 카라 오버핏 맨투맨,0.0,0,59900,59900,59900,0,0,0.0,92.1,0,low,24.5,4,1,none,,27,https://www.musinsa.com/products/5871835
2026-09-03,파브레가,5873819,버티컬 원턱 치노 팬츠 (카키 브라운),0.0,0,97200,97200,97200,0,0,0.0,82.76,0,low,25.27,4,1,none,,27,https://www.musinsa.com/products/5873819
2026-09-03,파브레가,5874779,키스토 스트라이프 셔츠 (버건디),0.0,0,69300,69300,69300,0,0,0.0,82.76,0,low,25.27,4,1,none,,27,https://www.musinsa.com/products/5874779
2026-09-03,앤더슨벨,5875611,UNISEX ASYMMETRIC LAYERED WIDE-LEG JEANS apa871u(BLUE),0.0,0,258000,258000,,0,,,29.74,0,low,8.37,3,1,none,,27,https://www.musinsa.com/products/5875611
2026-09-03,와이케이,5876251,말티즈 아카이브 롱슬리브 티셔츠 Ver.2 차콜,0.0,0,44250,44250,44250,0,0,0.0,61.5,0,low,23.99,6,2,none,,27,https://www.musinsa.com/products/5876251
2026-09-03,토피,5876507,원턱 로우 데님 팬츠 (INDIGO),0.0,0,31900,31900,31900,0,0,0.0,100.0,1,high,23.99,6,3,none,,27,https://www.musinsa.com/products/5876507
2026-09-03,엑스컨테이너,5876699,빈티지 다이드 카고 팬츠 (BEIGE),0.0,0,57750,57750,57750,0,0,0.0,92.11,0,low,24.5,4,1,none,,27,https://www.musinsa.com/products/5876699
2026-09-03,그루브라임,5876763,유니) 기모쭈리 풀밴딩 5부 쇼츠 (LRPMCPH703M),0.0,0,24900,24900,24900,0,0,0.0,100.0,1,high,23.99,7,3,none,,27,https://www.musinsa.com/products/5876763
2026-09-03,그루브라임,5877083,컴포터블 밴딩 카고 테이퍼드 조거 팬츠 (LRRSCPJ104M),1.72,28973,16800,16800,16800,0,0,0.0,100.0,1,high,23.99,7,3,none,,27,https://www.musinsa.com/products/5877083
2026-09-03,세터,5877787,오르타 스몰 숄더 백 차콜,0.0,0,149000,149000,149000,0,0,0.0,64.99,0,low,24.0,4,1,none,,27,https://www.musinsa.com/products/5877787
2026-09-03,마하그리드,5877915,SOLAR EMB DENIM PANT BLACK(MG2GSMD110A),0.0,0,87200,87200,,0,,,24.06,0,low,12.71,3,1,none,,27,https://www.musinsa.com/products/5877915
2026-09-03,브라운브레스,5878491,TAG HOODIE - BLACK,0.54,48109,89000,80100,89000,1,-8900,-10.0,100.0,1,medium,23.99,7,3,none,,27,https://www.musinsa.com/products/5878491
2026-09-03,엑스컨테이너,5878683,사이드 라인 와이드 팬츠 (SLATE KHAKI),0.0,0,52920,52920,52920,0,0,0.0,92.11,0,low,24.5,4,1,none,,27,https://www.musinsa.com/products/5878683
2026-09-03,디앤에스알,5880539,커브드 데님 팬츠 라이트 블루,0.0,0,89600,89600,89600,0,0,0.0,65.0,0,low,24.0,4,1,none,,27,https://www.musinsa.com/products/5880539
2026-09-03,로템버,5882203,더블 브레스티드 블레이저 [블랙],0.0,0,147060,147060,147060,0,0,0.0,100.0,1,high,23.99,7,3,none,,27,https://www.musinsa.com/products/5882203
2026-09-03,카네이테이,5884443,CURVED PINTUCK SWEAT PANTS (WHITE MELANGE),0.0,0,36500,36500,36500,0,0,0.0,100.0,1,high,23.99,6,3,none,,27,https://www.musinsa.com/products/5884443
2026-09-03,더그린랩,5884763,헤어리 블럭 스트라이프 크롭 니트 [핑크],0.0,0,38640,38640,,0,,,29.73,0,low,8.37,3,1,none,,27,https://www.musinsa.com/products/5884763
2026-09-03,더그린랩,5884955,스타 라그랑 집업 [블랙],0.0,0,60950,60950,,0,,,29.73,0,low,8.37,3,1,none,,27,https://www.musinsa.com/products/5884955
2026-09-03,내셔널지오그래픽,5885659,N265UUG310 하이킥 BLACK,0.0,0,79000,79000,,0,,,24.04,0,low,12.71,3,1,none,,27,https://www.musinsa.com/products/5885659
2026-09-03,아웃스탠딩,5885915,CHAIN STITCH DRIZZLER JACKET_BLACK,0.0,0,134100,134100,134100,0,0,0.0,85.25,0,low,14.08,6,2,none,,27,https://www.musinsa.com/products/5885915
2026-09-03,드로우핏우먼,5885979,컴포트 라운드 니트 가디건 (커치프 세트) [M.GREY],0.0,0,55440,55440,55440,0,0,0.0,100.0,1,high,23.99,7,3,none,,27,https://www.musinsa.com/products/5885979
2026-09-03,아웃스탠딩,5886363,USAF UTILITY TROUSERS_SAGE GREEN,0.0,0,93600,93600,93600,0,0,0.0,85.25,0,low,14.08,6,2,none,,27,https://www.musinsa.com/products/5886363
2026-09-03,데상트,5886555,트레이닝 벡터 8.5인치 쇼츠 블랙 SR121TCB12,0.0,0,84550,84550,,0,,,29.72,0,low,8.37,3,1,none,,27,https://www.musinsa.com/products/5886555
2026-09-03,아웃스탠딩,5886619,MIL SERIES SWEAT(CAROLINA)_GREEN,0.0,0,66600,66600,66600,0,0,0.0,85.25,0,low,14.08,6,2,none,,27,https://www.musinsa.com/products/5886619
2026-09-03,아웃스탠딩,5886747,BACK SATIN FATIGUE SHIRT_OLIVE GREEN,0.0,0,106200,106200,106200,0,0,0.0,100.0,1,high,23.99,6,3,none,,27,https://www.musinsa.com/products/5886747
2026-09-03,미세키서울,5888987,[레이 PICK] Button slit leg warmer BLACK,0.0,0,38700,38700,38700,0,0,0.0,92.12,0,low,24.5,4,1,none,,27,https://www.musinsa.com/products/5888987
2026-09-03,미세키서울,5889179,[레이 PICK] Layered line sheer long sleeve BLACK,0.0,0,70200,70200,70200,0,0,0.0,92.12,0,low,24.5,4,1,none,,27,https://www.musinsa.com/products/5889179
2026-09-03,트리밍버드,5891547,Scratch Damage Boat Neck Sweat Shirt [ Beige ],0.0,0,149000,149000,149000,0,0,0.0,100.0,1,high,24.03,7,3,none,,27,https://www.musinsa.com/products/5891547
2026-09-03,언더오프,5892699,2way 크롭핏 타이포 후드 집업 그레이 기모선택,0.0,0,39920,39920,39920,0,0,0.0,100.0,1,high,24.56,5,2,none,,27,https://www.musinsa.com/products/5892699
2026-09-03,노이즈,5894299,로우컷 루즈핏 반팔 티셔츠 - 그레이,0.0,0,18900,18900,,0,,,29.72,0,low,8.37,3,1,none,,27,https://www.musinsa.com/products/5894299
2026-09-03,노이즈,5895003,파자마 오픈 카라 셔츠 - 네이비 체크,0.0,0,37260,37260,,0,,,29.71,0,low,8.37,3,1,none,,27,https://www.musinsa.com/products/5895003
2026-09-03,바우프,5895323,스타 하우스 후드집업 [빈티지 퍼플],0.0,0,101150,101150,101150,0,0,0.0,82.78,0,low,25.27,4,1,none,,27,https://www.musinsa.com/products/5895323
2026-09-03,내셔널지오그래픽,5896283,N261WTS100 여성 골지 슬림핏 긴팔 티셔츠 PALE YELLOW,0.0,0,64000,64000,,0,,,24.03,0,low,12.71,3,1,none,,27,https://www.musinsa.com/products/5896283
2026-09-03,내셔널지오그래픽,5896411,N265UTS901 수피마 세미오버핏 긴팔 티셔츠 GREY,0.0,0,44100,44100,,0,,,24.02,0,low,12.71,3,1,none,,27,https://www.musinsa.com/products/5896411
2026-09-03,토피,5898267,VTG 폴로 티셔츠 (BLACK),0.0,0,25900,25900,25900,0,0,0.0,85.24,0,low,14.08,5,2,none,,27,https://www.musinsa.com/products/5898267
2026-09-03,그레이버,5899099,[UNISEX]GRAE-S BASIC 맨투맨_MELANGE WHITE,0.0,0,44800,44800,,0,,,29.71,0,low,8.37,3,1,none,,27,https://www.musinsa.com/products/5899099
2026-09-03,디미트리블랙,5899291,VLAD 턴오버 아트웍 로고 럭비 후드 티셔츠_피그먼트 차콜,0.58,24995,42900,42900,42900,0,0,0.0,100.0,1,high,24.57,5,2,none,,27,https://www.musinsa.com/products/5899291
2026-09-03,필루미네이트,5900187,[SET]피드 체크 트랙 셋 업-그레이,0.0,0,83000,83000,83000,0,0,0.0,61.51,0,low,23.99,6,2,none,,27,https://www.musinsa.com/products/5900187
2026-09-03,일리고,5901403,셔링 부츠컷 팬츠 화이트,0.0,0,84000,84000,84000,0,0,0.0,92.14,0,low,24.5,4,1,none,,27,https://www.musinsa.com/products/5901403
2026-09-03,데상트,5901595,영애슬릿 터프 워딩 반팔 티셔츠 데님 블루 SR12JUTS13,0.0,0,52250,52250,,0,,,29.7,0,low,8.37,3,1,none,,27,https://www.musinsa.com/products/5901595
2026-09-03,테이크이지,5901915,원턱 배럴핏 코튼팬츠 (블랙),0.0,0,39900,39900,39900,0,0,0.0,100.0,1,high,24.57,5,2,none,,27,https://www.musinsa.com/products/5901915
2026-09-03,엠엘비,5905435,베이직 컴포터블핏 반팔 티셔츠 NY (Black),0.0,0,35100,35100,,0,,,26.58,0,low,10.32,2,1,none,,27,https://www.musinsa.com/products/5905435
2026-09-03,에이지오디,5909915,커버 포켓 후드 아노락 [베이지],0.0,0,44000,44000,44000,0,0,0.0,100.0,1,high,23.99,7,3,none,,27,https://www.musinsa.com/products/5909915
2026-09-03,에이지오디,5910107,스트라이프 니트 가디건 [네이비],0.0,0,49600,49600,49600,0,0,0.0,100.0,1,high,23.99,7,3,none,,27,https://www.musinsa.com/products/5910107
2026-09-03,던스트,5911131,UNISEX RELAXED HALF ZIP-UP SWEATSHIRT_UDTS6A102_LIGHT MELANGE GREY,0.0,0,114480,114480,143100,1,-28620,-20.0,61.52,0,low,23.99,6,2,none,,27,https://www.musinsa.com/products/5911131
2026-09-03,언타이틀 서울,5911323,유니콘 바시티 엠블럼 후드집업 네이비,5.73,303434,53000,53000,53000,0,0,0.0,100.0,1,high,24.0,16,2,none,,27,https://www.musinsa.com/products/5911323
2026-09-03,칙스,5911451,슬림 크롭 셔츠 블랙,0.0,0,27920,27920,31410,1,-3490,-11.11,100.0,1,medium,24.03,7,3,none,,27,https://www.musinsa.com/products/5911451
2026-09-03,스케이터락,5911771,Double Hearts Denim Shirt ((light blue)),0.0,0,95200,95200,,0,,,24.0,0,low,12.71,3,1,none,,27,https://www.musinsa.com/products/5911771
2026-09-03,앵글런,5915099,Valley Tuck Sweat Balloon Hoodie - Washed Blue,0.0,0,116100,116100,,0,,,26.56,0,low,10.32,2,1,none,,27,https://www.musinsa.com/products/5915099
2026-09-03,해칭룸,5916379,Zip Cardigan Black,0.0,0,150400,150400,150400,0,0,0.0,92.17,0,low,24.51,4,1,none,,27,https://www.musinsa.com/products/5916379
2026-09-03,룩캐스트,5919835,시아 카라 가디건 슬리브리스 셋업 니트 / SIA COLLAR CARDIGAN SLEEVELESS SET UP KNIT_4colors,0.0,0,58530,58530,58530,0,0,0.0,92.17,0,low,24.51,4,1,none,,27,https://www.musinsa.com/products/5919835
2026-09-03,룩캐스트,5919899,[2PACK] 에린 베이직 티셔츠 / ELIN BAISIC T-SHIRT_3colors,0.0,0,33400,33400,33400,0,0,0.0,92.17,0,low,24.51,4,1,none,,27,https://www.musinsa.com/products/5919899
2026-09-03,스키즘 인듀싱,5920411,HUSSAR ZIP HOODIE BLACK,0.0,0,176800,176800,176800,0,0,0.0,100.0,1,high,24.03,7,3,none,,27,https://www.musinsa.com/products/5920411
2026-09-03,지프,5920795,멀티 스트라이프 카라 롱슬리브 티셔츠 (JR5TSU025BR),0.0,0,41400,41400,,0,,,29.67,0,low,8.37,3,1,none,,27,https://www.musinsa.com/products/5920795
2026-09-03,드로우핏,5922139,리벳 포인트 크롭 후드 집업 [BLACK],0.0,0,59400,59400,59400,0,0,0.0,82.8,0,low,25.28,4,1,none,,27,https://www.musinsa.com/products/5922139
2026-09-03,피마다지윈,5922331,Smoke Curved Pants_[White Melange],0.0,0,75000,75000,,0,,,29.67,0,low,8.37,3,1,none,,27,https://www.musinsa.com/products/5922331
2026-09-03,피인오,5923227,하이넥 플라이트 자켓 - 브라운,0.0,0,84600,84600,84600,0,0,0.0,61.54,0,low,23.99,6,2,none,,27,https://www.musinsa.com/products/5923227
2026-09-03,와이케이,5925339,도트 래글런 트랙 져지 자켓 네이비,0.0,0,89250,89250,89250,0,0,0.0,61.54,0,low,23.99,6,2,none,,27,https://www.musinsa.com/products/5925339
2026-09-03,헬레네파리스,5925787,[SET] 레이서 브라탑 스터드 롱 슬리브 [스트라이프-블랙],0.0,0,38010,38010,39160,1,-1150,-2.94,100.0,1,medium,24.03,7,3,none,,27,https://www.musinsa.com/products/5925787
2026-09-03,헬레네파리스,5925915,크리즈 체크 오버핏 셔츠 [그레이 바이올렛],0.0,0,60980,60980,60560,1,420,0.69,100.0,1,medium,24.03,7,3,none,,27,https://www.musinsa.com/products/5925915
2026-09-03,러브이즈트루,5927963,EL PATCH HOOD T-SHIRT(BLACK),0.0,0,52280,52280,52280,0,0,0.0,61.55,0,low,23.99,6,2,none,,27,https://www.musinsa.com/products/5927963
2026-09-03,트릴리온,5928539,투턱 라이크 데님 와이드 슬랙스_인디고,0.0,0,39900,39900,39900,0,0,0.0,92.19,0,low,24.51,4,1,none,,27,https://www.musinsa.com/products/5928539
2026-09-03,아모우,5928667,D-Star One Tuck Sweat Pants BLACK,0.03,1482,55300,55300,55300,0,0,0.0,100.0,1,high,24.03,7,3,none,,27,https://www.musinsa.com/products/5928667
2026-09-03,디앤에스알,5929371,[프리미엄] 람포 베지터블 램스킨 백플리츠 자켓 레드,0.0,0,569700,569700,569700,0,0,0.0,65.01,0,low,24.0,4,1,none,,27,https://www.musinsa.com/products/5929371
2026-09-03,아틀리에나인,5929819,CRINCLE LEATHER OVERSIZED JUMPER (JP-601),0.0,0,202290,202290,202290,0,0,0.0,100.0,1,high,24.0,6,2,none,,27,https://www.musinsa.com/products/5929819
2026-09-03,로제프란츠,5930139,Essential Rose Label T-Shirt [Red],0.0,0,27600,27600,27600,0,0,0.0,82.82,0,low,25.28,4,1,none,,27,https://www.musinsa.com/products/5930139
2026-09-03,낫포너드,5930331,Hidden Symbol Distressed Denim Pants - Deep Blue,1.0,65700,65700,65700,65700,0,0,0.0,82.82,0,low,9.05,13,5,none,,27,https://www.musinsa.com/products/5930331
2026-09-03,워크온바디오프,5930651,이지온 세미 오버핏 헨리넥 니트 [네이비],0.0,0,33900,33900,30510,1,3390,11.11,100.0,1,medium,24.57,5,2,none,,27,https://www.musinsa.com/products/5930651
2026-09-03,브라운브레스,5930715,DENIM HOOD ZIP UP - BLUE,0.0,0,179000,179000,179000,0,0,0.0,100.0,1,high,23.99,7,3,none,,27,https://www.musinsa.com/products/5930715
2026-09-03,미나브,5932699,[패션플래닛X미나브] 슬라우치 캔버스백 [워시드차콜],2.88,198969,69000,69000,69000,0,0,0.0,100.0,1,high,10.72,26,7,none,,27,https://www.musinsa.com/products/5932699
2026-09-03,러프사이드,5933275,All Weather T-Shirt Oatmeal,0.0,0,39000,39000,39000,0,0,0.0,65.03,0,low,24.0,4,1,none,,27,https://www.musinsa.com/products/5933275
2026-09-03,후드후드,5935515,Three 에일리언 데미지 반팔티셔츠 화이트,0.0,0,46500,46500,46500,0,0,0.0,82.84,0,low,25.28,4,1,none,,27,https://www.musinsa.com/products/5935515
2026-09-03,아웃스탠딩,5936091,LS STRIPE COLLAR KNIT CARDIGAN_MELANGE GRAY,0.0,0,88200,88200,88200,0,0,0.0,85.21,0,low,14.08,6,2,none,,27,https://www.musinsa.com/products/5936091
2026-09-03,웬즈데이오아시스,5936411,워셔블 더블 레이어드 라운드 가디건_BLACK(WC26KN28),0.0,0,46200,46200,46200,0,0,0.0,100.0,1,high,23.99,7,3,none,,27,https://www.musinsa.com/products/5936411
2026-09-03,파르티멘토 우먼,5937243,PWC 쉬어 레글런 스티치 숏슬리브 티_틸,0.9,19747,21870,19440,21870,1,-2430,-11.11,92.2,0,low,24.51,4,1,none,,27,https://www.musinsa.com/products/5937243
2026-09-03,파르티멘토 우먼,5937307,PWC 90s 포켓 폴로 숏슬리브 티_멜란지,0.0,0,25920,25920,29160,1,-3240,-11.11,92.21,0,low,24.51,4,1,none,,27,https://www.musinsa.com/products/5937307
2026-09-03,파르티멘토 우먼,5937371,PWC 언발란스드 드로스트링 맥시 드레스_블랙,0.0,0,41040,41040,46170,1,-5130,-11.11,92.21,0,low,24.51,4,1,none,,27,https://www.musinsa.com/products/5937371
2026-09-03,파르티멘토 우먼,5937435,PWC 쉬어 브이넥 니트 스웨터_틸 스트라이프,0.0,0,41760,41760,46980,1,-5220,-11.11,92.21,0,low,24.51,4,1,none,,27,https://www.musinsa.com/products/5937435
2026-09-03,쿠어,5937563,헤어리 알파카 블렌드 카라 가디건 (다크네이비),0.0,0,157500,157500,157500,0,0,0.0,65.04,0,low,24.0,4,1,none,,27,https://www.musinsa.com/products/5937563
2026-09-03,드헤베,5937755,Classic Pintuck Wide Slacks [Black],0.0,0,88200,88200,88200,0,0,0.0,82.84,0,low,25.28,4,1,none,,27,https://www.musinsa.com/products/5937755
2026-09-03,미나브,5938395,크롭 롱 슬리브 [그레이],0.0,0,27550,27550,27550,0,0,0.0,100.0,1,high,23.99,7,3,none,,27,https://www.musinsa.com/products/5938395
2026-09-03,굿라이프웍스,5938651,컴포트 와이드 투턱 스웨트 팬츠 블랙,0.0,0,27860,27860,27860,0,0,0.0,65.05,0,low,24.0,4,1,none,,27,https://www.musinsa.com/products/5938651
2026-09-03,세터,5938971,로렌 베이직 크루넥 니트 크림,0.0,0,119000,119000,119000,0,0,0.0,65.05,0,low,24.0,4,1,none,,27,https://www.musinsa.com/products/5938971
2026-09-03,쿠어,5940635,세미오버핏 링클 스트라이프 셔츠 (스카이블루),0.0,0,153000,153000,153000,0,0,0.0,65.06,0,low,24.0,4,1,none,,27,https://www.musinsa.com/products/5940635
2026-09-03,쿠어,5940891,가먼트 다이드 바이커 자켓 (워시드더스티핑크),0.0,0,270000,270000,270000,0,0,0.0,65.06,0,low,24.0,4,1,none,,27,https://www.musinsa.com/products/5940891
2026-09-03,엘엠알,5943067,레이어드 트랙 나일론 스커트 팬츠 BLACK,0.0,0,53920,53920,,0,,,29.63,0,low,8.37,3,1,none,,27,https://www.musinsa.com/products/5943067
2026-09-03,엘엠알,5943387,아플리케 플로럴 로고 체크 배색 후드 자켓 LIGHT BEIGE,0.0,0,81600,81600,,0,,,29.63,0,low,8.37,3,1,none,,27,https://www.musinsa.com/products/5943387
2026-09-03,커버낫,5944731,스트라이프 카라 니트 그린,0.0,0,74970,74970,74970,0,0,0.0,100.0,1,high,24.58,5,2,none,,27,https://www.musinsa.com/products/5944731
2026-09-03,드로우핏,5947291,마일즈 워싱 데님 카고 팬츠 [BLACK INDIGO],0.79,52391,66600,66600,66600,0,0,0.0,82.85,0,low,25.28,4,1,none,,27,https://www.musinsa.com/products/5947291
2026-09-03,내셔널지오그래픽,5947803,N265AHA040 어반 고주파 로고캡 NAVY,0.0,0,49000,49000,,0,,,23.95,0,low,12.71,3,1,none,,27,https://www.musinsa.com/products/5947803
2026-09-03,드로우핏,5947867,카우 위빙 레더 벨트 [BLACK],0.0,0,37800,37800,37800,0,0,0.0,82.85,0,low,25.28,4,1,none,,27,https://www.musinsa.com/products/5947867
2026-09-03,브라운야드,5948699,"퍼포먼스 롱 레깅스, 블랙",0.0,0,118000,118000,118000,0,0,0.0,61.56,0,low,23.99,6,2,none,,27,https://www.musinsa.com/products/5948699
2026-09-03,더바넷,5948955,Raw Raglan T-Shirt_Brown,0.0,0,52200,52200,52200,0,0,0.0,82.86,0,low,25.28,4,1,none,,27,https://www.musinsa.com/products/5948955
2026-09-03,루에브르,5949723,Douceur Moccasins HA6SA018_3color,0.0,0,259000,259000,259000,0,0,0.0,100.0,1,high,23.99,7,3,none,,27,https://www.musinsa.com/products/5949723
2026-09-03,배드블러드,5951963,BS Cotton Jersey Fitted Short Sleeve T-Shirt - Brown,0.0,0,44000,44000,44000,0,0,0.0,100.0,1,high,24.03,7,3,none,,27,https://www.musinsa.com/products/5951963
2026-09-03,예스아이씨,5952091,Scanned Zip-up Hoodie Light Navy,0.0,0,155000,155000,,0,,,29.62,0,low,8.37,3,1,none,,27,https://www.musinsa.com/products/5952091
2026-09-03,로라로라,5952155,MAISON DE ROLA CAMPUS LOGO KNIT BROWN,0.0,0,66640,66640,,0,,,26.53,0,low,10.32,2,1,none,,27,https://www.musinsa.com/products/5952155
2026-09-03,벨리에,5952475,트루 와이드 데님 팬츠 - 스모크 레일 인디고,1.3,206517,158650,158650,158650,0,0,0.0,65.08,0,low,24.0,4,1,none,,27,https://www.musinsa.com/products/5952475
2026-09-03,벨리에,5952539,(W) 트루 벌룬 데님 팬츠 - 스모크 인디고,0.0,0,148200,148200,148200,0,0,0.0,65.08,0,low,24.0,4,1,none,,27,https://www.musinsa.com/products/5952539
2026-09-03,노티카,5953435,[UV차단]덱 트랜싯 스탠드 자켓(2colors) NJK0946,0.0,0,69300,69300,69300,0,0,0.0,65.08,0,low,24.0,4,1,none,,27,https://www.musinsa.com/products/5953435
2026-09-03,나이스고스트클럽,5955547,GHOST BITMAP HOODIE ZIP UP_YELLOW(NG2GSUM482A),0.0,0,62370,62370,62370,0,0,0.0,61.56,0,low,23.99,6,2,none,,27,https://www.musinsa.com/products/5955547
2026-09-03,유니폼브릿지,5957659,raw cut western denim shirt 8oz(womens) blue,0.0,0,95400,95400,95400,0,0,0.0,100.0,1,high,23.99,6,3,none,,27,https://www.musinsa.com/products/5957659
2026-09-03,데상트,5959003,[김민지 착용] 러닝 델타프로 브리프 라인드 쇼츠 (남성 2.5인치/여성 2인치) 레드 패턴 SR123RHP21,0.0,0,141550,141550,,0,,,29.61,0,low,8.37,3,1,none,,27,https://www.musinsa.com/products/5959003
2026-09-03,트래블,5960539,체크 롤업 데님 팬츠 블랙,0.0,0,69760,69760,69760,0,0,0.0,100.0,1,high,23.99,7,3,none,,27,https://www.musinsa.com/products/5960539
2026-09-03,트래블,5960795,스트라이프 레이어드 롱 슬리브 차콜,0.0,0,31360,31360,31360,0,0,0.0,100.0,1,high,23.99,7,3,none,,27,https://www.musinsa.com/products/5960795
2026-09-03,트래블,5960859,베이스볼 래글런 후드 집업 그레이,0.0,0,56960,56960,56960,0,0,0.0,100.0,1,high,23.99,7,3,none,,27,https://www.musinsa.com/products/5960859
2026-09-03,어반디타입,5964891,산토리니 선 메쉬 쇼츠_네이비,0.0,0,34900,34900,34900,0,0,0.0,61.56,0,low,23.99,6,2,none,,27,https://www.musinsa.com/products/5964891
2026-09-03,일꼬르소,5965915,슬럽 롱 슬리브 티셔츠 카키,0.0,0,37760,37760,37760,0,0,0.0,100.0,1,high,24.58,5,2,none,,27,https://www.musinsa.com/products/5965915
2026-09-03,데상트,5966491,스위스 트라이애슬론 트레이닝 우븐 자켓 레드 SR123IWT22,0.0,0,189050,189050,,0,,,29.61,0,low,8.37,3,1,none,,27,https://www.musinsa.com/products/5966491
2026-09-03,파르티멘토,5967387,스테인 카모 필드 자켓 차콜,0.0,0,130400,130400,130400,0,0,0.0,100.0,1,high,24.58,5,2,none,,27,https://www.musinsa.com/products/5967387
2026-09-03,루에브르,5967771,Oversized Faux Suede Jacket SL6XJ112-91,0.0,0,239000,239000,239000,0,0,0.0,100.0,1,high,23.99,7,3,none,,27,https://www.musinsa.com/products/5967771
2026-09-03,제로,5969627,코어 크롭 핑거 홀 후드 [멜란지 오트밀],0.0,0,45000,45000,45000,0,0,0.0,65.09,0,low,24.0,4,1,none,,27,https://www.musinsa.com/products/5969627
2026-09-03,아이돈워너셀,5970651,Bomin Curved Denim Pants Black,0.0,0,95200,95200,95200,0,0,0.0,100.0,1,high,24.58,5,2,none,,27,https://www.musinsa.com/products/5970651
2026-09-03,론론,5972891,BUTTON POCKET OVERSIZED SHIRT SOFT PINK,0.0,0,63360,63360,71280,1,-7920,-11.11,100.0,1,medium,24.03,7,3,none,,27,https://www.musinsa.com/products/5972891
2026-09-03,론론,5973083,CHECK SHIRT POINTED KNIT CARDIGAN PINK,0.0,0,70400,70400,79200,1,-8800,-11.11,100.0,1,medium,24.03,7,3,none,,27,https://www.musinsa.com/products/5973083
2026-09-03,인사일런스우먼,5974427,레이스업 롱슬리브 BROWN,0.0,0,89100,89100,89100,0,0,0.0,100.0,1,high,24.03,7,3,none,,27,https://www.musinsa.com/products/5974427
2026-09-03,인사일런스우먼,5974939,친츠 오버사이즈 점퍼 ASH IVORY,0.0,0,117600,117600,117600,0,0,0.0,100.0,1,high,24.03,7,3,none,,27,https://www.musinsa.com/products/5974939
2026-09-03,에이치덱스,5975387,이지 에어리 트랙 나일론 팬츠 (Gray),0.0,0,67150,67150,67150,0,0,0.0,82.88,0,low,25.28,4,1,none,,27,https://www.musinsa.com/products/5975387
2026-09-03,1993스튜디오,5975515,심볼 로고 나일론 와이드 벌룬 팬츠_아이보리,0.0,0,59000,59000,59000,0,0,0.0,100.0,1,high,24.58,5,2,none,,27,https://www.musinsa.com/products/5975515
2026-09-03,엑스컨테이너,5975963,나일론 이지 턱 와이드 팬츠 (CHARCOAL),0.0,0,46360,46360,46360,0,0,0.0,92.26,0,low,24.52,4,1,none,,27,https://www.musinsa.com/products/5975963
2026-09-03,시야쥬,5976347,SITP5242 슬림 레귤러 반팔 티셔츠_Black,0.0,0,30780,30780,30780,0,0,0.0,100.0,1,high,24.58,5,2,none,,27,https://www.musinsa.com/products/5976347
2026-09-03,플리즈노팔로우,5976923,New Hailey Jogger (Khaki),0.0,0,102400,102400,102400,0,0,0.0,100.0,1,high,23.99,6,3,none,,27,https://www.musinsa.com/products/5976923
2026-09-03,플리즈노팔로우,5976987,Devon Ribbed Hoodie (Black),0.0,0,125800,125800,125800,0,0,0.0,100.0,1,high,23.99,6,3,none,,27,https://www.musinsa.com/products/5976987
2026-09-03,엑스트라오디너리,5977243,STUDIO LOGO POCKET TEE BLACK,0.0,0,38350,38350,38350,0,0,0.0,92.27,0,low,24.52,4,1,none,,27,https://www.musinsa.com/products/5977243
2026-09-03,커버낫,5981787,베이직 포켓 티셔츠 차콜,0.0,0,35280,35280,35280,0,0,0.0,100.0,1,high,24.58,5,2,none,,27,https://www.musinsa.com/products/5981787
2026-09-03,커버낫,5981851,쿨맥스® C 로고 옥스포드 셔츠 그레이,0.0,0,60520,60520,56290,1,4230,7.51,100.0,1,medium,24.58,5,2,none,,27,https://www.musinsa.com/products/5981851
2026-09-03,와이케이,5983067,돌핀 라벨 삭스 블랙,0.0,0,11900,11900,11900,0,0,0.0,61.58,0,low,23.99,6,2,none,,27,https://www.musinsa.com/products/5983067
2026-09-03,틸아이다이,5983835,Soft touch long skirt [TISP05SK01]_Black,0.0,0,88020,88020,88020,0,0,0.0,100.0,1,high,23.99,6,3,none,,27,https://www.musinsa.com/products/5983835
2026-09-03,아틀리에나인,5984603,LACE LAYERED MIDI SKIRT (SK-5081),0.0,0,71200,71200,71200,0,0,0.0,100.0,1,high,24.0,6,2,none,,27,https://www.musinsa.com/products/5984603
2026-09-03,던스트,5987611,UNISEX LOGO WINDBREAKER_UDJU6A113_RED,0.0,0,133920,133920,167400,1,-33480,-20.0,61.59,0,low,23.99,6,2,none,,27,https://www.musinsa.com/products/5987611
2026-09-03,노이어,5988251,실키 라운드넥 니트 (다크그레이),0.0,0,60000,60000,60000,0,0,0.0,100.0,1,high,24.03,7,3,none,,27,https://www.musinsa.com/products/5988251
2026-09-03,샌드릭,5988315,Wide Bootcut Cotton Pants_Brown,0.0,0,160550,160550,,0,,,29.57,0,low,8.38,3,1,none,,27,https://www.musinsa.com/products/5988315
2026-09-03,맥우드건,5990235,스웩버 3592 앵커 오버핏 다크블루 반팔티,0.0,0,37800,37800,,0,,,29.56,0,low,8.38,3,1,none,,27,https://www.musinsa.com/products/5990235
2026-09-03,제멋,5990363,블랭크 맨투맨 틸블루 KJMT2689,0.0,0,35900,35900,35900,0,0,0.0,100.0,1,high,24.03,7,3,none,,27,https://www.musinsa.com/products/5990363
2026-09-03,마하그리드,5991387,WASHED FLAG CROP TEE BLACK(MG2GMFT541A),0.0,0,53100,53100,,0,,,23.89,0,low,12.71,3,1,none,,27,https://www.musinsa.com/products/5991387
2026-09-03,디스이즈네버댓,5992347,OL-Logo Crewneck Faded Navy,0.0,0,69300,69300,69300,0,0,0.0,100.0,1,high,24.59,5,2,none,,27,https://www.musinsa.com/products/5992347
2026-09-03,인사일런스,5993115,오가닉 코튼 코드 로데오 자켓 DARK BROWN,0.0,0,206100,206100,206100,0,0,0.0,100.0,1,high,24.59,5,2,none,,27,https://www.musinsa.com/products/5993115
2026-09-03,오픈야드(오와이),5993243,WIDE VOLUME CHINO PANTS - BEIGE,0.0,0,79200,79200,,0,,,23.88,0,low,12.71,3,1,none,,27,https://www.musinsa.com/products/5993243
2026-09-03,노이스,5993307,M RIBBED KNIT SLEEVELESS - WINE,0.0,0,115000,115000,,0,,,23.88,0,low,12.71,3,1,none,,27,https://www.musinsa.com/products/5993307
2026-09-03,노이스,5993435,PROPERTY EMBLEM LAYERED T-SHIRT - DARK GRAY,0.0,0,109000,109000,,0,,,23.88,0,low,12.71,3,1,none,,27,https://www.musinsa.com/products/5993435
2026-09-03,노이스,5993755,W HEAVY-GAUGE WOOL-BLEND CARDIGAN - DARK NAVY,0.0,0,269000,269000,,0,,,23.87,0,low,12.71,3,1,none,,27,https://www.musinsa.com/products/5993755
2026-09-03,르아르,5994907,슬림핏 라이트 후드 집업 [블랙],11.77,624771,53100,53100,53100,0,0,0.0,100.0,1,high,24.0,10,2,none,,27,https://www.musinsa.com/products/5994907
2026-09-03,제너럴아이디어,5996251,MAN 레귤러 핏 컴포트 슬랙스 [CHARCOAL] / GF1MPT003,0.0,0,48800,48800,48800,0,0,0.0,100.0,1,high,23.99,6,3,none,,27,https://www.musinsa.com/products/5996251
2026-09-03,엔와이엑스엑스,5996827,MOON SLEEVELESS HEATHER GREY,0.0,0,15660,15660,,0,,,29.56,0,low,8.38,3,1,none,,27,https://www.musinsa.com/products/5996827
2026-09-03,링서울,5999003,standard bio shirt-ivory,0.0,0,74520,74520,83840,1,-9320,-11.12,61.59,0,low,23.99,6,2,none,,27,https://www.musinsa.com/products/5999003
2026-09-03,몰든,5999963,파이핑 우먼 쇼츠,0.0,0,32400,32400,32400,0,0,0.0,100.0,1,high,23.99,7,3,none,,27,https://www.musinsa.com/products/5999963
2026-09-03,길라아카이브,6000027,GRAPHIC RAGLAN LONG SLEEVE_BLUE,0.0,0,37170,37170,37170,0,0,0.0,61.59,0,low,23.99,6,2,none,,27,https://www.musinsa.com/products/6000027
2026-09-03,기철,6002011,Square Patch Cut Wide Denim Pants (Light Grey),0.0,0,65400,65400,65400,0,0,0.0,65.11,0,low,24.0,4,1,none,,27,https://www.musinsa.com/products/6002011
2026-09-03,배드블러드,6002075,Star-Studded Barrel Jeans - Mid Blue,0.0,0,183200,183200,183200,0,0,0.0,100.0,1,high,24.03,7,3,none,,27,https://www.musinsa.com/products/6002075
2026-09-03,프리버07,6007195,Overfit stripe v-neck knit [FRSP05NT03]_Cream,0.0,0,79800,79800,,0,,,23.85,0,low,12.71,3,1,none,,27,https://www.musinsa.com/products/6007195
2026-09-03,커버낫,6011483,아치 로고 코지 핏 볼캡 블루,0.0,0,31590,31590,31590,0,0,0.0,100.0,1,high,24.59,5,2,none,,27,https://www.musinsa.com/products/6011483
2026-09-03,이미스,6011675,NEW LOGO COTTON TRUCKER HAT-BLACK,0.0,0,44100,44100,,0,,,26.45,0,low,10.32,2,1,none,,27,https://www.musinsa.com/products/6011675
2026-09-03,이미스,6012315,(W) LETTERING LOGO SWEAT ZIP-UP-NAVY,0.0,0,116100,116100,,0,,,26.45,0,low,10.32,2,1,none,,27,https://www.musinsa.com/products/6012315
2026-09-03,바우로프로덕트,6012955,캐티오닉 코튼 크롭 자켓 [차콜],0.0,0,189000,189000,189000,0,0,0.0,100.0,1,high,25.29,6,2,none,,27,https://www.musinsa.com/products/6012955
2026-09-03,인사일런스우먼,6013531,루즈핏 레이어드 니트 GREY BEIGE,0.0,0,149400,149400,149400,0,0,0.0,100.0,1,high,24.03,7,3,none,,27,https://www.musinsa.com/products/6013531
2026-09-03,탄산마그네슘,6014683,나그랑 본 롱슬리브 (화이트),6.69,401472,60040,60040,60040,0,0,0.0,100.0,1,high,10.15,24,7,none,,27,https://www.musinsa.com/products/6014683
2026-09-03,칙스,6015515,멀티 스터드 카고 버뮤다 팬츠 카키베이지,0.0,0,46320,46320,52110,1,-5790,-11.11,100.0,1,medium,24.03,7,3,none,,27,https://www.musinsa.com/products/6015515
2026-09-03,바이모노,6016731,[빅사이즈 M-6XL] 모노 U.S 오버핏 개파카 야상(ver.롱&숏),0.0,0,89900,89900,89900,0,0,0.0,100.0,1,high,24.59,5,2,none,,27,https://www.musinsa.com/products/6016731
2026-09-03,비헤비어,6016795,WASHED WOOL SOUVENIR JACKET black,0.0,0,350550,350550,350550,0,0,0.0,92.32,0,low,24.53,4,1,none,,27,https://www.musinsa.com/products/6016795
2026-09-03,엠엘비,6018523,베이직 스몰 로고 세미 오버핏 반팔 티셔츠 LA (L.SKY BLUE),0.0,0,44100,44100,,0,,,26.44,0,low,10.32,2,1,none,,27,https://www.musinsa.com/products/6018523
2026-09-03,디스이즈네버댓,6019739,Times Cap Blue/Charcoal,0.0,0,45000,45000,45000,0,0,0.0,100.0,1,high,24.59,5,2,none,,27,https://www.musinsa.com/products/6019739
2026-09-03,디스이즈네버댓,6019867,Loose Gauge Knit Crew Light Brown,0.0,0,83300,83300,83300,0,0,0.0,100.0,1,high,24.59,5,2,none,,27,https://www.musinsa.com/products/6019867
2026-09-03,세터,6024987,크레스트 로고 루프 볼캡 베이지,0.0,0,79000,79000,79000,0,0,0.0,65.12,0,low,24.0,4,1,none,,27,https://www.musinsa.com/products/6024987
2026-09-03,페인오어플레져,6026779,ROSE SHIRRING TOP pink,0.0,0,161100,161100,,0,,,26.44,0,low,10.32,2,1,none,,27,https://www.musinsa.com/products/6026779
2026-09-03,제로,6029467,사선 투웨이 크롭 후드 집업 [블랙],0.0,0,49000,49000,49000,0,0,0.0,65.13,0,low,9.43,12,6,none,,27,https://www.musinsa.com/products/6029467
2026-09-03,맥우드건,6029787,버킷 9116 피그먼트 나일론 그레이 헬멧백,0.0,0,134100,134100,,0,,,29.52,0,low,8.38,3,1,none,,27,https://www.musinsa.com/products/6029787
2026-09-03,벨리에,6031707,어반 드레이프 카고 팬츠 - 블랙,0.0,0,189050,189050,189050,0,0,0.0,65.14,0,low,24.0,4,1,none,,27,https://www.musinsa.com/products/6031707
2026-09-03,데상트,6032987,스위스 트라이애슬론 반팔 티셔츠 블랙 SR223ITS53,0.0,0,75050,75050,,0,,,29.51,0,low,8.38,3,1,none,,27,https://www.musinsa.com/products/6032987
2026-09-03,유니온블루,6033371,VOYAGER COLLAR KNIT [MELANGE GRAY],0.15,10713,72090,72090,72090,0,0,0.0,100.0,1,high,23.99,6,3,none,,27,https://www.musinsa.com/products/6033371
2026-09-03,파르티멘토 우먼,6033883,워시드 PW 엠브로이더드 그랜대드 캡_카키 브라운,0.0,0,25920,25920,29160,1,-3240,-11.11,92.35,0,low,24.54,4,1,none,,27,https://www.musinsa.com/products/6033883
2026-09-03,지프,6034779,코튼 30수 스몰로고 반팔 티셔츠 (JR5TSU092LL),0.0,0,11700,11700,,0,,,29.51,0,low,8.38,3,1,none,,27,https://www.musinsa.com/products/6034779
2026-09-03,다이브인,6035867,HIDDEN BUTTON SHIRTS (WHITE),0.0,0,79200,79200,79200,0,0,0.0,100.0,1,high,24.6,5,2,none,,27,https://www.musinsa.com/products/6035867
2026-09-03,다이브인,6035995,WASHED COTTON SWING TOP JACKET (BEIGE),0.0,0,119200,119200,119200,0,0,0.0,100.0,1,high,24.6,5,2,none,,27,https://www.musinsa.com/products/6035995
2026-09-03,밀로아카이브,6036763,리셋 더 룰 점보 티셔츠 [화이트],0.0,0,46400,46400,46400,0,0,0.0,92.36,0,low,23.99,7,3,none,,27,https://www.musinsa.com/products/6036763
2026-09-03,인사일런스,6038235,라이트웨이트 컷 오프 코튼 니트 BLACK,0.0,0,116100,116100,116100,0,0,0.0,100.0,1,high,24.6,5,2,none,,27,https://www.musinsa.com/products/6038235
2026-09-03,일꼬르소,6039515,핀 버클 벨트 브라운,0.0,0,31360,31360,31360,0,0,0.0,100.0,1,high,24.6,5,2,none,,27,https://www.musinsa.com/products/6039515
2026-09-03,브룩스 브라더스,6040731,플리츠 코튼 스트레치 어드밴티지 쇼츠 (스톤) (BBPSMFZ502),0.0,0,149000,149000,149000,0,0,0.0,61.63,0,low,23.99,6,2,none,,27,https://www.musinsa.com/products/6040731
2026-09-03,아틀리에나인,6042139,AN HOODY BLOUSON BLOUSE (BL-4395),0.0,0,81970,81970,81970,0,0,0.0,100.0,1,high,24.0,6,2,none,,27,https://www.musinsa.com/products/6042139
2026-09-03,이미스,6043483,HEART RUBBER PATCH CAMP CAP-GREEN,0.0,0,44100,44100,,0,,,26.43,0,low,10.32,2,1,none,,27,https://www.musinsa.com/products/6043483
2026-09-03,이미스,6044379,LOGO SNAP HAIR CLIP (4SET),0.0,0,31500,31500,,0,,,26.41,0,low,10.32,2,1,none,,27,https://www.musinsa.com/products/6044379
2026-09-03,유라고,6044763,Check hoodie anorak,0.0,0,102600,102600,102600,0,0,0.0,65.15,0,low,24.0,4,1,none,,27,https://www.musinsa.com/products/6044763
2026-09-03,프리즘웍스,6044955,GATHERED CHECK SHIRT _ BLACK,0.0,0,68670,68670,68670,0,0,0.0,100.0,1,high,24.03,7,3,none,,27,https://www.musinsa.com/products/6044955
2026-09-03,내셔널지오그래픽,6045339,N262WTS060 여성 라텔 리젠 오버핏 크롭 반팔 티셔츠 WHITE,0.0,0,50150,50150,,0,,,23.81,0,low,12.71,3,1,none,,27,https://www.musinsa.com/products/6045339
2026-09-03,내셔널지오그래픽,6045403,N262UPT940 아델리 냉감 스트레치 세미오버핏 조거 카고 팬츠 L/GREY,0.0,0,129000,129000,,0,,,23.8,0,low,12.71,3,1,none,,27,https://www.musinsa.com/products/6045403
2026-09-03,노이어,6045787,플루이드 스윙탑 자켓 (애쉬핑크),0.0,0,186100,186100,186100,0,0,0.0,100.0,1,high,24.03,7,3,none,,27,https://www.musinsa.com/products/6045787
2026-09-03,시야쥬,6047259,SIJN6111 발란스 커브드 컬러 데님_Vintage beige,0.0,0,86670,86670,86670,0,0,0.0,100.0,1,high,24.6,5,2,none,,27,https://www.musinsa.com/products/6047259
2026-09-03,시야쥬,6047323,SITP5255 스트링 플리츠 탑_Black,0.0,0,65700,65700,65700,0,0,0.0,100.0,1,high,24.6,5,2,none,,27,https://www.musinsa.com/products/6047323
2026-09-03,베이직하우스,6048411,통기성 소로나 레귤러핏 오픈카라 반팔티셔츠 블랙,0.0,0,19900,19900,,0,,,29.49,0,low,8.38,3,1,none,,27,https://www.musinsa.com/products/6048411
2026-09-03,엑스오엑스,6048539,피그먼트 워싱 뒷절개 반팔 티셔츠[BLUE],0.0,0,22100,22100,22100,0,0,0.0,65.15,0,low,24.0,4,1,none,,27,https://www.musinsa.com/products/6048539
2026-09-03,스파오,6048603,여성 초어 재킷_SPJJG23G12,0.0,0,89900,89900,,0,,,23.8,0,low,12.71,3,1,none,,27,https://www.musinsa.com/products/6048603
2026-09-03,에이치덱스,6049179,델타 스트링 백팩 17L (Black),0.0,0,119200,119200,119200,0,0,0.0,82.97,0,low,25.29,4,1,none,,27,https://www.musinsa.com/products/6049179
2026-09-03,노아,6049691,(U) 셰틀랜드 패치워크 카디건 멀티 SHETLAND PATCHWORK CARDIGAN MULTI,0.0,0,330000,330000,,0,,,23.8,0,low,12.71,3,1,none,,27,https://www.musinsa.com/products/6049691
2026-09-03,더뮤지엄비지터,6050139,ART ICON EMBROIDERY CAP (DEEP NAVY),0.0,0,44850,44850,44850,0,0,0.0,100.0,1,high,23.99,6,3,none,,27,https://www.musinsa.com/products/6050139
2026-09-03,바우로프로덕트,6050331,슬랜트 카고 팬츠 [차콜브라운],0.0,0,119000,119000,119000,0,0,0.0,100.0,1,high,25.29,6,2,none,,27,https://www.musinsa.com/products/6050331
2026-09-03,로우클래식,6051035,[한삐우 PICK] CARAMEL BOX SHOULDER BAG_CHOCOLATE PLUM [LC267BA06D3],0.03,4202,153050,170050,153050,1,17000,11.11,100.0,1,medium,24.03,7,5,none,1,27,https://www.musinsa.com/products/6051035
2026-09-03,로우클래식,6051099,[한삐우 PICK] SLEEVELESS HENLEY TEE_IVORY [LC267TS08IV],0.0,0,46550,46550,41900,1,4650,11.1,100.0,1,medium,24.03,11,6,none,,27,https://www.musinsa.com/products/6051099
2026-09-03,데상트,6051675,트레이닝 쿨링 트리코트 자켓 SQ223XFT41,0.0,0,111300,111300,,0,,,29.48,0,low,8.38,3,1,none,,27,https://www.musinsa.com/products/6051675
2026-09-03,더뮤지엄비지터,6053851,FIVE FLOWER BLUR T-SHIRTS (BLACK),0.0,0,35400,35400,35400,0,0,0.0,100.0,1,high,23.99,6,3,none,,27,https://www.musinsa.com/products/6053851
2026-09-03,커버낫,6054299,레귤러 카고 스웻 쇼츠 에크루,0.0,0,44640,44640,44640,0,0,0.0,100.0,1,high,24.6,5,2,none,,27,https://www.musinsa.com/products/6054299
2026-09-03,커버낫,6054363,블랭크 로고 하프 니트 아이보리,0.0,0,62370,62370,62370,0,0,0.0,100.0,1,high,24.6,5,2,none,,27,https://www.musinsa.com/products/6054363
2026-09-03,커버낫,6054427,쿨 코튼 서핑 모션 그래픽 티셔츠 블랙,0.58,24637,42480,42480,42480,0,0,0.0,100.0,1,high,24.6,5,2,none,,27,https://www.musinsa.com/products/6054427
2026-09-03,썸웨어버터,6054875,Wave Logo Flip-Flops - 3Color,0.0,0,69000,69000,69000,0,0,0.0,61.65,0,low,23.99,6,2,none,,27,https://www.musinsa.com/products/6054875
2026-09-03,링서울,6055131,v-neck cotton shirt-navy,0.0,0,69120,69120,77760,1,-8640,-11.11,61.66,0,low,23.99,6,2,none,,27,https://www.musinsa.com/products/6055131
2026-09-03,시눈,6055323,Ruffle Easy Pants (Dusty Pink),0.0,0,86510,86510,86510,0,0,0.0,65.15,0,low,24.0,4,1,none,,27,https://www.musinsa.com/products/6055323
2026-09-03,더블유엠씨,6055387,하프 집업 스웨트_BLACK,0.0,0,64500,64500,64500,0,0,0.0,61.65,0,low,23.99,6,2,none,,27,https://www.musinsa.com/products/6055387
2026-09-03,더블유엠씨,6055579,워시드 와이드 데님팬츠_BLACK,0.0,0,38080,38080,38080,0,0,0.0,61.65,0,low,23.99,6,2,none,,27,https://www.musinsa.com/products/6055579
2026-09-03,시눈,6055643,Off Shoulder Frill Sweatshirt (Charcoal),0.0,0,70490,70490,70490,0,0,0.0,65.15,0,low,24.0,4,1,none,,27,https://www.musinsa.com/products/6055643
2026-09-03,노아,6055771,(U) 코어 로고 비니 힌트 오브 민트 CORE LOGO BEANIE HINT OF MINT,0.0,0,41300,41300,,0,,,23.79,0,low,12.71,3,1,none,,27,https://www.musinsa.com/products/6055771
2026-09-03,엘무드,6056091,슬러지 체크 셔츠 블랙,0.0,0,126000,126000,126000,0,0,0.0,100.0,1,high,24.6,5,2,none,,27,https://www.musinsa.com/products/6056091
2026-09-03,카네이테이,6056923,CROP SHORT SLEEVES (WHITE),0.0,0,21600,21600,21600,0,0,0.0,100.0,1,high,23.99,6,3,none,,27,https://www.musinsa.com/products/6056923
2026-09-03,데상트,6057243,러닝 에어글라이더 경량 베스트 그레이 SR223RVE41,0.0,0,151050,151050,,0,,,29.47,0,low,8.38,3,1,none,,27,https://www.musinsa.com/products/6057243
2026-09-03,언타이틀 서울,6058011,유니콘 바시티 엠블럼 스웻 자켓 그레이,0.65,44834,68800,68800,68800,0,0,0.0,65.16,0,low,24.0,7,1,none,,27,https://www.musinsa.com/products/6058011
2026-09-03,세터,6062171,원 턱 밴딩 데님 팬츠 블루,0.0,0,129000,129000,129000,0,0,0.0,65.16,0,low,24.0,4,1,none,,27,https://www.musinsa.com/products/6062171
2026-09-03,다이닛,6062427,HIGH-NECK STUD KNIT OUTER IN BLACK,0.0,0,114240,114240,,0,,,23.78,0,low,12.71,3,1,none,,27,https://www.musinsa.com/products/6062427
2026-09-03,어나더 오피스,6066587,French Drill Chino Pants (Urban Khaki),0.0,0,189000,189000,189000,0,0,0.0,100.0,1,high,24.03,7,3,none,,27,https://www.musinsa.com/products/6066587
2026-09-03,플리즈노팔로우,6067803,Lua Garter Lace Halter Sleeveless Top (Brown),0.0,0,41600,41600,41600,0,0,0.0,100.0,1,high,23.99,6,3,none,,27,https://www.musinsa.com/products/6067803
2026-09-03,미세키서울 맨,6068443,Anywhere two tone ball cap DARK NAVY,0.0,0,42930,42930,42930,0,0,0.0,65.17,0,low,24.0,4,1,none,,27,https://www.musinsa.com/products/6068443
2026-09-03,브라운야드,6069851,"라운드 버클 벨트, 블랙 골드",0.0,0,148000,148000,148000,0,0,0.0,61.66,0,low,23.99,6,2,none,,27,https://www.musinsa.com/products/6069851
2026-09-03,엠엘비,6069915,슬릭 메리제인 새틴 NY (Black),0.0,0,107100,107100,,0,,,26.38,0,low,10.32,2,1,none,,27,https://www.musinsa.com/products/6069915
2026-09-03,에스피오나지,6070299,Pleated Wide Army Pants Light Olive,0.0,0,81200,81200,81200,0,0,0.0,100.0,1,high,24.03,7,3,none,,27,https://www.musinsa.com/products/6070299
2026-09-03,무드인사이드,6072219,필드 나일론 후드 윈드브레이커_3Color,0.0,0,69900,69900,69900,0,0,0.0,100.0,1,high,23.99,7,3,none,,27,https://www.musinsa.com/products/6072219
2026-09-03,어반디타입,6072987,라운드 크롭 반팔 니트_3color,0.0,0,19900,19900,19900,0,0,0.0,61.66,0,low,23.99,6,2,none,,27,https://www.musinsa.com/products/6072987
2026-09-03,노이스,6080027,W BOAT-NECK LOGO RIBBED T-SHIRT - RED,0.0,0,75000,75000,,0,,,23.76,0,low,12.71,3,1,none,,27,https://www.musinsa.com/products/6080027
2026-09-03,렌세,6081179,Stud Tie Top Black,0.0,0,34400,34400,,0,,,26.38,0,low,10.32,2,1,none,,27,https://www.musinsa.com/products/6081179
2026-09-03,유니폼브릿지,6081563,anchor boy stripe s/s t-shirt pigment blue,0.0,0,55300,55300,55300,0,0,0.0,100.0,1,high,23.99,6,3,none,,27,https://www.musinsa.com/products/6081563
2026-09-03,썸플레이스,6081819,멀티 배색 포켓 스티치 포인트 유틸리티 야상 코트 자켓 [블랙],0.0,0,63900,63900,,0,,,23.76,0,low,12.72,3,1,none,,27,https://www.musinsa.com/products/6081819
2026-09-03,노이스,6083291,COTTON RIBBED RINGER HENLEY NECK - NAVY,0.0,0,66500,66500,,0,,,23.76,0,low,12.71,3,1,none,,27,https://www.musinsa.com/products/6083291
2026-09-03,트래블,6083611,아르떼 스트라이프 반팔티 아이보리,0.0,0,27200,27200,27200,0,0,0.0,100.0,1,high,23.99,7,3,none,,27,https://www.musinsa.com/products/6083611
2026-09-03,트래블,6083675,트리플 플라워 피그먼트 반팔티 블랙 차콜,0.0,0,29000,29000,,0,,,23.75,0,low,12.72,3,1,none,,27,https://www.musinsa.com/products/6083675
2026-09-03,디스이즈네버댓,6087195,Doggo Socks White,0.0,0,12000,12000,12000,0,0,0.0,100.0,1,high,24.61,5,2,none,,27,https://www.musinsa.com/products/6087195
2026-09-03,디스이즈네버댓,6087259,Capture Tee Faded Navy,0.0,0,44000,44000,44000,0,0,0.0,40.57,0,low,23.98,4,1,none,,27,https://www.musinsa.com/products/6087259
2026-09-03,디스이즈네버댓,6087323,Damaged Zip Up Hoodie Khaki Grey,0.0,0,111200,111200,111200,0,0,0.0,100.0,1,high,24.61,5,2,none,,27,https://www.musinsa.com/products/6087323
2026-09-03,내셔널지오그래픽,6089755,N262WSK190 여성 프로즌에어 H라인 포켓 스커트 NAVY,0.0,0,101150,101150,,0,,,23.74,0,low,12.72,3,1,none,,27,https://www.musinsa.com/products/6089755
2026-09-03,마인드브릿지,6091355,[에어쿨]원 턱 릴랙스 핏 시어서커 팬츠 - 2color,0.0,0,55900,55900,55900,0,0,0.0,92.43,0,low,24.55,4,1,none,,27,https://www.musinsa.com/products/6091355
2026-09-03,테이크이지,6091419,헬로우본 크롭 티셔츠 - 3 COLOR,0.0,0,19500,19500,19500,0,0,0.0,59.42,0,low,24.61,5,1,none,,27,https://www.musinsa.com/products/6091419
2026-09-03,르바,6095259,Sheer Stripe Over-Shirt - Ivory Stripe,0.0,0,116100,116100,116100,0,0,0.0,83.01,0,low,25.3,4,1,none,,27,https://www.musinsa.com/products/6095259
2026-09-03,마하그리드,6097179,LEOPARD CROCHET COLLAR KNIT BLACK(MG2GMMK640A),0.0,0,71200,71200,,0,,,23.74,0,low,12.72,3,1,none,,27,https://www.musinsa.com/products/6097179
2026-09-03,마하그리드,6097371,WANTED BAD DOLLY TEE WHITE(MG2GMMT520A),0.0,0,44100,44100,,0,,,23.73,0,low,12.72,3,1,none,,27,https://www.musinsa.com/products/6097371
2026-09-03,에이지오디,6097883,백 인시전 스트라이프 하프 티셔츠 [아이보리],0.0,0,24800,24800,24800,0,0,0.0,100.0,1,high,23.99,7,3,none,,27,https://www.musinsa.com/products/6097883
2026-09-03,에이지오디,6098075,린넨 라이크 밴딩 와이드 데님 팬츠 [로우 인디고],3.65,80226,22000,22000,22000,0,0,0.0,100.0,1,low,10.7,19,7,none,,27,https://www.musinsa.com/products/6098075
2026-09-03,에이지오디,6098651,투턱 버뮤다 슬랙스 [차콜 스트라이프],1.0,33600,33600,33600,33600,0,0,0.0,100.0,1,high,23.99,7,3,none,,27,https://www.musinsa.com/products/6098651
2026-09-03,엠엠엘지,6098843,DYED RETRO CPC HF-T (IVORY),0.0,0,47200,47200,,0,,,29.41,0,low,8.38,3,1,none,,27,https://www.musinsa.com/products/6098843
2026-09-03,마하그리드,6101211,CAVE TANK TOP PURPLE(MG2GMFT547A),0.0,0,39000,39000,,0,,,23.72,0,low,12.72,3,1,none,,27,https://www.musinsa.com/products/6101211
2026-09-03,썬러브투어,6103387,Vector Cargo Pants Red,0.0,0,174300,174300,174300,0,0,0.0,100.0,1,high,23.99,7,3,none,,27,https://www.musinsa.com/products/6103387
2026-09-03,아메스월드와이드,6106459,BASIC STRIPE COLLAR TEE GREY,0.0,0,27440,27440,27440,0,0,0.0,100.0,1,high,24.55,5,2,none,,27,https://www.musinsa.com/products/6106459
2026-09-03,스키즘 인듀싱,6107611,ASSYMETRIC SHIRRED TOP BLACK,0.0,0,57800,57800,57800,0,0,0.0,100.0,1,high,24.03,7,3,none,,27,https://www.musinsa.com/products/6107611
2026-09-03,비헤비어,6108123,DISTRESSED TYPE-1 DENIM JACKET bleached,0.0,0,236550,236550,236550,0,0,0.0,92.46,0,low,24.55,4,1,none,,27,https://www.musinsa.com/products/6108123
2026-09-03,필루미네이트,6108955,키체인 그래픽 티셔츠-멜란지그레이,0.0,0,29000,29000,29000,0,0,0.0,61.69,0,low,23.99,6,2,none,,27,https://www.musinsa.com/products/6108955
2026-09-03,메종미네드,6110299,PARACHUTE VELCRO PANTS KHAKI,0.0,0,75470,75470,75470,0,0,0.0,92.46,0,low,24.55,4,1,none,,27,https://www.musinsa.com/products/6110299
2026-09-03,소버먼트,6110683,데일리 투턱 와이드 팬츠-치노 베이지-,0.0,0,46000,46000,46000,0,0,0.0,61.69,0,low,23.99,6,2,none,,27,https://www.musinsa.com/products/6110683
2026-09-03,이미스,6114139,COASTAL WAFFLE KNIT BUCKET HAT-WHITE,0.0,0,53100,53100,,0,,,26.35,0,low,10.33,2,1,none,,27,https://www.musinsa.com/products/6114139
2026-09-03,어나더오피스,6114907,Zephyr Washed Scarf (Charcoal Brown Check),0.0,0,68000,68000,68000,0,0,0.0,83.02,0,low,24.03,6,3,none,,27,https://www.musinsa.com/products/6114907
2026-09-03,피지컬가먼츠,6115419,P5069 우먼 레이어드 와이드팬츠 [3COLOR],0.45,24167,54010,54010,,0,,,23.71,0,low,12.72,3,1,none,1,27,https://www.musinsa.com/products/6115419
2026-09-03,러브이즈트루,6117275,SHUGO CHARA! RAGLAN LONG SLEEVE(BLACK),0.0,0,74000,74000,74000,0,0,0.0,61.69,0,low,23.99,6,2,none,,27,https://www.musinsa.com/products/6117275
2026-09-03,어반에이지,6117915,멀티 스트라이프 오버핏 롱슬리브_브라운,2.45,55015,22470,22470,,0,,,26.34,0,low,10.33,2,1,none,4,27,https://www.musinsa.com/products/6117915
2026-09-03,플랙,6121627,블록 그래픽 반팔 티셔츠 5colors,0.0,0,35100,35100,35100,0,0,0.0,100.0,1,high,24.62,5,2,none,,27,https://www.musinsa.com/products/6121627
2026-09-03,커버낫,6125659,팜트리 그래픽 하프 셔츠 네이비,0.0,0,80190,80190,80190,0,0,0.0,100.0,1,high,24.62,5,2,none,,27,https://www.musinsa.com/products/6125659
2026-09-03,드릭스,6125787,우먼스 로고 크롭 링거 하프 슬리브_네이비,0.0,0,24650,24650,24650,0,0,0.0,100.0,1,high,24.03,7,3,none,,27,https://www.musinsa.com/products/6125787
2026-09-03,데상트,6128027,스위스 트라이애슬론 그래픽 반팔 티셔츠 레드 SR221ITS55,0.0,0,84550,84550,,0,,,29.38,0,low,8.38,3,1,none,,27,https://www.musinsa.com/products/6128027
2026-09-03,데상트,6128859,우먼스 니트 버킷햇 화이트 SR122UCP1X,0.0,0,56050,56050,,0,,,29.38,0,low,8.38,3,1,none,,27,https://www.musinsa.com/products/6128859
2026-09-03,코이리스,6130779,페이온 카모 배색 와이드 스웻 팬츠,0.0,0,50920,50920,,0,,,29.37,0,low,8.38,3,1,none,,27,https://www.musinsa.com/products/6130779
2026-09-03,엠엘비,6131675,페이스트리 러너 마스크 NY (L.Cream),0.0,0,125100,125100,,0,,,26.33,0,low,10.33,2,1,none,,27,https://www.musinsa.com/products/6131675
2026-09-03,아웃스탠딩,6132059,AUTHENTIC COMFORT HALF SWEAT_BLACK,0.0,0,52200,52200,52200,0,0,0.0,85.08,0,low,14.1,6,2,none,,27,https://www.musinsa.com/products/6132059
2026-09-03,1993스튜디오,6138139,[혜리 PICK] 웨이브 스튜디오 오리지널 타이포 티셔츠 (7colors),5.06,95696,18900,18900,18900,0,0,0.0,100.0,1,low,23.98,15,3,none,,27,https://www.musinsa.com/products/6138139
2026-09-03,필루미네이트,6140763,(W) 투 턱 와이드 팬츠-크림,0.0,0,39000,39000,39000,0,0,0.0,61.7,0,low,23.99,6,2,none,,27,https://www.musinsa.com/products/6140763
2026-09-03,론론,6141019,MINI POCKET STRIPE LAYERED PANTSKIRT BLACK,0.0,0,71280,71280,80190,1,-8910,-11.11,100.0,1,medium,24.03,7,3,none,,27,https://www.musinsa.com/products/6141019
2026-09-03,오헤시오,6141275,"SLIM BUTTON POINT LEGGINGS, WHITE",0.0,0,51300,51300,51300,0,0,0.0,100.0,1,high,23.99,7,3,none,,27,https://www.musinsa.com/products/6141275
2026-09-03,오헤시오,6141339,"BASIC U-NECK SLEEVELESS, WHITE",0.0,0,37050,37050,37050,0,0,0.0,100.0,1,high,23.99,7,3,none,,27,https://www.musinsa.com/products/6141339
2026-09-03,이티씨이,6143323,(BASE) MONO KNIT ZIP UP (BEIGE),0.0,0,156000,156000,,0,,,23.68,0,low,12.72,3,1,none,,27,https://www.musinsa.com/products/6143323
2026-09-03,스케이터락,6146651,Patchwork PigmentWashing Ball Cap ((navy)),0.0,0,31850,31850,,0,,,23.68,0,low,12.72,3,1,none,,27,https://www.musinsa.com/products/6146651
2026-09-03,프리버07,6147291,Check pintuck ruffle blouse [FRSP06BL10]_Black,0.0,0,70680,70680,,0,,,23.67,0,low,12.72,3,1,none,,27,https://www.musinsa.com/products/6147291
2026-09-03,일리고,6148699,레이스 리본 헌팅캡 차콜,0.0,0,48000,48000,48000,0,0,0.0,92.49,0,low,24.55,4,1,none,,27,https://www.musinsa.com/products/6148699
2026-09-03,일리고,6148763,로즈 러플 슬리브리스 핑크,0.0,0,44000,44000,44000,0,0,0.0,92.5,0,low,24.56,3,1,none,,27,https://www.musinsa.com/products/6148763
2026-09-03,일리고,6149083,컷아웃 로제트 티셔츠 화이트,0.0,0,56000,56000,56000,0,0,0.0,92.5,0,low,24.56,4,1,none,,27,https://www.musinsa.com/products/6149083
2026-09-03,스파오,6149979,[코튼스판] 골지 라운드넥 반팔티_SPRWG37C02,0.0,0,12900,12900,,0,,,23.67,0,low,12.72,3,1,none,,27,https://www.musinsa.com/products/6149979
2026-09-03,모즈모즈,6150683,매드캣 레글런 그래픽 반팔 티셔츠 브라운,0.0,0,27800,27800,27800,0,0,0.0,65.21,0,low,24.0,4,1,none,,27,https://www.musinsa.com/products/6150683
2026-09-03,파르티멘토 우먼,6151451,드로스트링 루즈 진_다크 블루,0.0,0,69120,69120,77760,1,-8640,-11.11,92.51,0,low,24.56,4,1,none,,27,https://www.musinsa.com/products/6151451
2026-09-03,브룩스 브라더스,6152411,코튼 케이블 크루넥 반팔 스웨터 (화이트) (BBWRMOG203),0.53,66245,125300,125300,125300,0,0,0.0,61.71,0,low,23.99,6,2,none,,27,https://www.musinsa.com/products/6152411
2026-09-03,키르시,6153691,워딩 피그먼트 스웻쇼츠 [라이트 핑크],0.0,0,46210,46210,46210,0,0,0.0,100.0,1,high,24.63,5,2,none,,27,https://www.musinsa.com/products/6153691
2026-09-03,본투윈,6155419,SILVER B COMFORT FIT SLEEVELESS [BLACK],1.0,41800,41800,41800,41800,0,0,0.0,88.78,0,low,10.33,20,5,none,,27,https://www.musinsa.com/products/6155419
2026-09-03,로라로라,6155547,HALTER FRILL TOP WHITE,0.0,0,30560,30560,,0,,,26.31,0,low,10.33,2,1,none,,27,https://www.musinsa.com/products/6155547
2026-09-03,내셔널지오그래픽,6156955,N262UHP020 카고 포켓 5부 쇼츠 MOURNING BEIGE,0.0,0,94000,94000,,0,,,23.66,0,low,12.72,3,1,none,,27,https://www.musinsa.com/products/6156955
2026-09-03,내셔널지오그래픽,6157019,N262WOP141 여성 프리즈 스트레치 H라인 후드 반팔 원피스 BLACK,0.0,0,169000,169000,,0,,,23.66,0,low,12.72,3,1,none,,27,https://www.musinsa.com/products/6157019
2026-09-03,튜드먼트,6161243,TEA CAN GRAPHIC T-SHIRT_CHARCOAL,0.0,0,39150,39150,,0,,,26.31,0,low,10.33,2,1,none,,27,https://www.musinsa.com/products/6161243
2026-09-03,엠엘비,6161371,클래식 모노그램 데님 엠보 미니 크로스백 NY (Indigo),0.0,0,119000,119000,,0,,,26.3,0,low,10.33,2,1,none,,27,https://www.musinsa.com/products/6161371
2026-09-03,아메스월드와이드,6162331,CLASSIC SEE-THROUGH DOT LACE SOCKS MULTI,0.0,0,24960,24960,24960,0,0,0.0,100.0,1,high,24.56,5,2,none,,27,https://www.musinsa.com/products/6162331
2026-09-03,아메스월드와이드,6162395,CLASSIC 3/4 SLEEVE RUFFLE CARDIGAN BLACK,0.0,0,44160,44160,44160,0,0,0.0,100.0,1,high,24.56,5,2,none,,27,https://www.musinsa.com/products/6162395
2026-09-03,라티젠,6168027,L23 SLIM TENCEL T-SHIRT(BLUE),0.0,0,41850,41850,,0,,,26.3,0,low,10.33,2,1,none,,27,https://www.musinsa.com/products/6168027
2026-09-03,레터리,6169115,FLOWER PATTERN SWEATPANTS_NAVY,0.0,0,62720,62720,,0,,,29.33,0,low,8.38,3,1,none,,27,https://www.musinsa.com/products/6169115
2026-09-03,유라고,6171227,Wrinkle layered blouse set,0.0,0,67640,67640,67640,0,0,0.0,65.22,0,low,24.0,4,1,none,,27,https://www.musinsa.com/products/6171227
2026-09-03,더바넷,6174491,Pale Logo Duffle Bag Small_Navy,0.0,0,40500,40500,40500,0,0,0.0,100.0,1,high,25.31,6,2,none,,27,https://www.musinsa.com/products/6174491
2026-09-03,아웃스탠딩,6175771,OFFICER CHINO SHORTS_OLIVE GREEN,0.0,0,66600,66600,66600,0,0,0.0,85.07,0,low,14.11,6,2,none,,27,https://www.musinsa.com/products/6175771
2026-09-03,꼼파뇨,6176091,DTP 케이크 베어 반팔티 블랙,0.0,0,28610,28610,28610,0,0,0.0,92.54,0,low,24.56,4,1,none,,27,https://www.musinsa.com/products/6176091
2026-09-03,모즈모즈,6178395,[2PACK] 컴포트 썸머 와이드 팬츠 6color,1.0,43920,43920,43920,43920,0,0,0.0,58.42,0,low,8.95,14,4,none,,27,https://www.musinsa.com/products/6178395
2026-09-03,더바이닐하우스,6178651,EARLY BIRD DIES TEE PINK,0.0,0,32480,32480,32480,0,0,0.0,100.0,1,high,24.64,5,2,none,,27,https://www.musinsa.com/products/6178651
2026-09-03,오호스,6178971,Double Strap Lace Sleevless / Black,0.0,0,58000,58000,,0,,,29.31,0,low,8.38,3,1,none,,27,https://www.musinsa.com/products/6178971
2026-09-03,썬러브투어,6179483,Daybreak Logo Tee White,0.27,13138,48300,48300,48300,0,0,0.0,27.19,0,low,23.99,6,1,none,,27,https://www.musinsa.com/products/6179483
2026-09-03,이알티알,6179867,Star Dolphin T-Shirt Black,0.0,0,51200,51200,,0,,,29.31,0,low,8.38,3,1,none,,27,https://www.musinsa.com/products/6179867
2026-09-03,론론,6185371,BACK OPEN WAIST BELT LONG SLEEVE T SHIRT BLACK,0.0,0,47520,47520,53460,1,-5940,-11.11,100.0,1,medium,24.03,7,3,none,,27,https://www.musinsa.com/products/6185371
2026-09-03,낫포너드,6191387,4 Symbol Stud Enamel Bowling Bag - Black,0.0,0,41310,41310,41310,0,0,0.0,83.09,0,low,25.31,4,1,none,,27,https://www.musinsa.com/products/6191387
2026-09-03,비터셀즈,6200155,스웰 브이 넥 가디건-아이보리,0.9,48027,53100,53100,53100,0,0,0.0,92.56,0,low,24.56,4,1,none,,27,https://www.musinsa.com/products/6200155
2026-09-03,세터,6201371,나일론 트라페즈 숄더 백 레드,0.0,0,119000,119000,119000,0,0,0.0,65.23,0,low,24.0,4,1,none,,27,https://www.musinsa.com/products/6201371
2026-09-03,세터,6202587,로우 엣지 데님 쇼츠 라이트 블루,0.0,0,119000,119000,119000,0,0,0.0,65.24,0,low,24.0,4,1,none,,27,https://www.musinsa.com/products/6202587
2026-09-03,세터,6203099,코튼 립스탑 카고 팬츠 차콜,0.0,0,129000,129000,129000,0,0,0.0,65.24,0,low,24.0,4,1,none,,27,https://www.musinsa.com/products/6203099
2026-09-03,트래블,6204891,데님 크로스 체크 하프 셔츠  블랙,0.0,0,69760,69760,69760,0,0,0.0,100.0,1,high,23.99,7,3,none,,27,https://www.musinsa.com/products/6204891
2026-09-03,배드블러드,6205339,Lonely Girl Short Sleeve T-Shirt - White,0.0,0,55200,55200,55200,0,0,0.0,100.0,1,high,24.03,7,3,none,,27,https://www.musinsa.com/products/6205339
2026-09-03,코드그라피,6207515,스몰 스퀘어 로고 레이스업 럭비 맨투맨-다크 네이비,0.0,0,69300,69300,69300,0,0,0.0,83.1,0,low,25.31,4,1,none,,27,https://www.musinsa.com/products/6207515
2026-09-03,내셔널지오그래픽,6207579,N262MPT020 세미오버핏 조거 카고 팬츠 GREY,0.0,0,159000,159000,,0,,,23.61,0,low,12.72,3,1,none,,27,https://www.musinsa.com/products/6207579
2026-09-03,코드그라피,6207643,(우먼) 트레이닝 쇼츠-멜란지 그레이,0.0,0,44100,44100,44100,0,0,0.0,83.11,0,low,25.31,4,1,none,,27,https://www.musinsa.com/products/6207643
2026-09-03,스컬프터,6208411,Second Skin Tank Top Leopard,0.0,0,31360,31360,31360,0,0,0.0,100.0,1,high,23.99,6,3,none,,27,https://www.musinsa.com/products/6208411
2026-09-03,던스트,6208539,UNISEX CLASSIC STRIPED BD OVERSHIRT_UDSH6B125_BLUE,0.0,0,78480,78480,98100,1,-19620,-20.0,61.72,0,low,23.99,6,2,none,,27,https://www.musinsa.com/products/6208539
2026-09-03,던스트,6208603,UNISEX SUMMER HARRINGTON JACKET_UDJU6B122_CREAM STRIPE,0.0,0,109920,109920,137400,1,-27480,-20.0,61.72,0,low,23.99,6,2,none,,27,https://www.musinsa.com/products/6208603
2026-09-03,스컬프터,6211099,Miss Grumpy Button-Up Top Lemon,0.0,0,24320,24320,24320,0,0,0.0,100.0,1,high,23.99,6,3,none,,27,https://www.musinsa.com/products/6211099
2026-09-03,제너럴아이디어,6217179,MAN 시어서커 체크 하프 밴딩 팬츠 [BLACK] / GF1UHP009,0.0,0,40800,40800,40800,0,0,0.0,100.0,1,high,23.99,6,3,none,,27,https://www.musinsa.com/products/6217179
2026-09-03,론론,6218587,MINI LABEL DIAGONAL KNIT CARDIGAN BLACK,0.0,0,63360,63360,71280,1,-7920,-11.11,100.0,1,medium,24.03,7,3,none,,27,https://www.musinsa.com/products/6218587
2026-09-03,스파오,6219419,[미니틴] 반팔 티셔츠(GRAY)_SPRLG25U16,0.0,0,25900,25900,,0,,,23.6,0,low,12.72,3,1,none,,27,https://www.musinsa.com/products/6219419
2026-09-03,디스이즈네버댓,6219483,OL-Logo Tee Black,1.16,50877,44000,44000,44000,0,0,0.0,100.0,1,high,24.64,5,2,none,,27,https://www.musinsa.com/products/6219483
2026-09-03,파브레가,6221339,로렌 스트라이프 크롭 하프 셔츠 (화이트),1.58,104980,66600,66600,66600,0,0,0.0,83.12,0,low,25.31,11,1,none,,27,https://www.musinsa.com/products/6221339
2026-09-03,넌블랭크,6221403,깅엄 체크 크롭 HS 셔츠_DARK BEIGE,0.0,0,93520,93520,93520,0,0,0.0,61.73,0,low,23.99,6,2,none,,27,https://www.musinsa.com/products/6221403
2026-09-03,락케이크,6221851,Essential Seam Line Sleeveless - Black,0.0,0,24480,24480,24480,0,0,0.0,100.0,1,high,23.99,7,3,none,,27,https://www.musinsa.com/products/6221851
2026-09-03,락케이크,6221915,Shoulder Cutout Top - Beige,0.0,0,40120,40120,40120,0,0,0.0,100.0,1,high,23.99,7,3,none,,27,https://www.musinsa.com/products/6221915
2026-09-03,고스트리퍼블릭,6224347,럭비 카라 반팔티 GT-389_화이트(블루),0.79,20177,25600,25600,25600,0,0,0.0,83.12,0,low,25.31,4,1,none,,27,https://www.musinsa.com/products/6224347
2026-09-03,에스피오나지,6225755,NY Pizza Heavyweight Tee Vintage Black,1.0,32900,32900,32900,32900,0,0,0.0,100.0,1,high,24.03,7,3,none,,27,https://www.musinsa.com/products/6225755
2026-09-03,에이이에이이,6226715,FLOWER PATCHWORK DENIM PANTS [LIGHT BLUE],0.0,0,114480,114480,114480,0,0,0.0,92.57,0,low,24.56,4,1,none,,27,https://www.musinsa.com/products/6226715
2026-09-03,트리밍버드,6227035,Minimal Button-Detail Set-Up Wide Pants [ Black ],0.0,0,189000,189000,189000,0,0,0.0,100.0,1,high,24.03,7,3,none,,27,https://www.musinsa.com/products/6227035
2026-09-03,브라운야드,6227675,"워시드 셔츠, 베이지",0.0,0,148000,148000,148000,0,0,0.0,61.73,0,low,23.99,6,2,none,,27,https://www.musinsa.com/products/6227675
2026-09-03,커버낫,6229019,스몰 C로고 플랫자수 스탠다드 핏 볼캡 아이보리,0.0,0,31590,31590,31590,0,0,0.0,100.0,1,high,24.64,5,2,none,,27,https://www.musinsa.com/products/6229019
2026-09-03,1993스튜디오,6238043,[FC서울x1993스튜디오] 폴리 트랙 파이핑 저지 티셔츠_화이트,0.0,0,69000,69000,79000,1,-10000,-12.66,100.0,1,medium,24.64,5,2,none,,27,https://www.musinsa.com/products/6238043
2026-09-03,더블유엠씨,6238811,체크 셔켓 블루종_GREYISH BLUE,0.0,0,95400,95400,95400,0,0,0.0,61.73,0,low,23.99,6,2,none,,27,https://www.musinsa.com/products/6238811
2026-09-03,프렌다,6243995,THREE STAR PIGMENT SHORT SLEEVE NAVY,0.0,0,17150,17150,20580,1,-3430,-16.67,100.0,1,medium,23.99,7,3,none,,27,https://www.musinsa.com/products/6243995
2026-09-03,예스아이씨,6244571,Y.E.S Tropical Tee White,0.0,0,55000,55000,,0,,,29.26,0,low,8.39,3,1,none,,27,https://www.musinsa.com/products/6244571
2026-09-03,커버낫,6245403,[커버낫 X 미즈노] 빅 로고 다잉 티셔츠 터스크,0.0,0,47200,47200,47200,0,0,0.0,100.0,1,high,24.65,5,2,none,,27,https://www.musinsa.com/products/6245403
2026-09-03,세컨모놀로그,6247131,V Neck Layered Knit Set [GRAY]_SEWKT011GRAY,0.58,15024,26000,26000,26000,0,0,0.0,100.0,1,high,24.65,5,2,none,,27,https://www.musinsa.com/products/6247131
2026-09-03,가까이유니언즈,6248155,빌리지 스웨트 버뮤다 팬츠 블랙,0.0,0,34990,34990,34990,0,0,0.0,100.0,1,high,24.0,6,2,none,,27,https://www.musinsa.com/products/6248155
2026-09-03,2000아카이브스,6250075,ASHY JEANS (BLUE),0.61,110949,182160,182160,182160,0,0,0.0,100.0,1,high,23.99,6,3,none,,27,https://www.musinsa.com/products/6250075
2026-09-03,2000아카이브스,6250139,XEN TOP (ASH),0.0,0,45940,45940,45940,0,0,0.0,100.0,1,high,23.99,6,3,none,,27,https://www.musinsa.com/products/6250139
2026-09-03,마하그리드,6253851,[진격의거인] TITAN DENIM SHORTS BLUE(MG2GMMD115T),0.0,0,119000,119000,,0,,,23.56,0,low,12.72,3,1,none,,27,https://www.musinsa.com/products/6253851
2026-09-03,해칭룸,6257243,Reversible Bomber Black,0.0,0,308000,308000,308000,0,0,0.0,92.6,0,low,24.56,4,1,none,,27,https://www.musinsa.com/products/6257243
2026-09-03,웬즈데이오아시스,6258907,레토 워시드 자켓_WHITE(WB6OT11),0.0,0,74200,74200,74200,0,0,0.0,100.0,1,high,23.99,7,3,none,,27,https://www.musinsa.com/products/6258907
2026-09-03,웬즈데이오아시스,6259867,[Atelier Standard] 하프 라운드 티셔츠_MELANGE GRAY(WB6TP43),0.0,0,30800,30800,30800,0,0,0.0,100.0,1,high,23.99,7,3,none,,27,https://www.musinsa.com/products/6259867
2026-09-03,디스이즈네버댓,6262619,Cargo Short Black,0.0,0,90300,90300,90300,0,0,0.0,100.0,1,high,24.65,5,2,none,,27,https://www.musinsa.com/products/6262619
2026-09-03,길라아카이브,6263259,RAW CUT-OFF CROP TANK TOP_BEIGE,0.0,0,28350,28350,28350,0,0,0.0,61.75,0,low,23.99,6,2,none,,27,https://www.musinsa.com/products/6263259
2026-09-03,길라아카이브,6263707,LEOPARD LETTERING LOGO BACKLESS SHEER CROP TOP_BEIGE,0.0,0,28350,28350,28350,0,0,0.0,61.75,0,low,23.99,6,2,none,,27,https://www.musinsa.com/products/6263707
2026-09-03,브라운브레스,6266011,RUGBY STRIPE TEE - BLUE,0.0,0,79000,79000,79000,0,0,0.0,100.0,1,high,23.99,7,3,none,,27,https://www.musinsa.com/products/6266011
2026-09-03,제너럴아이디어,6266331,이지 밴딩 맥시 스커트 [BLACK] / GF2LSK514,0.0,0,40800,40800,39200,1,1600,4.08,100.0,1,medium,23.99,6,3,none,,27,https://www.musinsa.com/products/6266331
2026-09-03,아틀리에나인,6269083,BOUCLE SHIRRING BOLERO TOP SET (CD-2265),0.0,0,103200,103200,103200,0,0,0.0,100.0,1,high,24.0,6,2,none,,27,https://www.musinsa.com/products/6269083
2026-09-03,데상트,6269659,쿨링 트리코트 워딩 백그래픽 반팔 티셔츠 화이트 SR223ETS58,0.0,0,65550,65550,,0,,,29.24,0,low,8.39,3,1,none,,27,https://www.musinsa.com/products/6269659
2026-09-03,던스트,6271387,UNISEX STRIPED CREWNECK KNIT_UDSW6B129_MINT / CREAM,0.0,0,55440,55440,69300,1,-13860,-20.0,61.75,0,low,23.99,6,2,none,,27,https://www.musinsa.com/products/6271387
2026-09-03,던스트,6271451,UNISEX OPEN COLLARED SHIRT_UDSH6B130_SOFT PINK,0.0,0,69760,69760,87200,1,-17440,-20.0,61.76,0,low,23.99,6,2,none,,27,https://www.musinsa.com/products/6271451
2026-09-03,던스트,6271579,SUMMER WIDE JOGGER PANTS_UDPA6B225_BLUE,0.0,0,55440,55440,69300,1,-13860,-20.0,61.76,0,low,23.99,6,2,none,,27,https://www.musinsa.com/products/6271579
2026-09-03,유니폼브릿지,6275291,boucle crewneck s/s knit brown,0.0,0,59400,59400,59400,0,0,0.0,100.0,1,high,23.99,6,3,none,,27,https://www.musinsa.com/products/6275291
2026-09-03,던스트,6275803,UNISEX CUPID ARCH BACK LOGO T-SHIRT_UDTS6B128_BLACK,0.0,0,35200,35200,44000,1,-8800,-20.0,61.77,0,low,23.99,6,2,none,,27,https://www.musinsa.com/products/6275803
2026-09-03,던스트,6275867,COTTON SAFARI SHORTS_UDPA6B245_KHAKI BEIGE,0.0,0,47520,47520,59400,1,-11880,-20.0,61.77,0,low,23.99,6,2,none,,27,https://www.musinsa.com/products/6275867
2026-09-03,드로우핏우먼,6276059,스쿱넥 프릴 슬리브리스 블라우스 [WHITE],0.0,0,45360,45360,45360,0,0,0.0,100.0,1,high,23.99,7,3,none,,27,https://www.musinsa.com/products/6276059
2026-09-03,레더리,6278427,더스티 스트라이프 오버핏 티셔츠 [BLACK],0.0,0,29240,29240,29240,0,0,0.0,92.63,0,low,24.56,4,1,none,,27,https://www.musinsa.com/products/6278427
2026-09-03,미세키서울 맨,6279323,Compass patch short sleeve CHARCOAL,0.0,0,49300,49300,49300,0,0,0.0,65.28,0,low,24.0,4,1,none,,27,https://www.musinsa.com/products/6279323
2026-09-03,데상트,6282651,영애슬릿 4부 쇼츠 블랙 SR22JEHP51,0.0,0,65550,65550,,0,,,29.23,0,low,8.39,3,1,none,,27,https://www.musinsa.com/products/6282651
2026-09-03,세터,6289115,그래디언트 빅 로고 반팔 티셔츠 블랙,0.0,0,69000,69000,69000,0,0,0.0,65.28,0,low,24.0,4,1,none,,27,https://www.musinsa.com/products/6289115
2026-09-03,세터,6289243,(W) 에센셜 슬림 핏 반팔 티셔츠 레드,0.0,0,59000,59000,59000,0,0,0.0,65.28,0,low,24.0,4,1,none,,27,https://www.musinsa.com/products/6289243
2026-09-03,트위,6291099,리콘 베이직 미니 스커트 쇼츠(벨트set),0.0,0,40410,40410,,0,,,26.2,0,low,10.34,2,1,none,,27,https://www.musinsa.com/products/6291099
2026-09-03,아웃스탠딩,6291611,MIL SERIES COLLAR TEE(MARCH FIELD)_CHARCOAL,0.0,0,43200,43200,43200,0,0,0.0,85.0,0,low,14.11,6,2,none,,27,https://www.musinsa.com/products/6291611
2026-09-03,앤더슨벨,6292763,ROTHKO OPEN COLLAR SHIRT atb1525m(ECRU),0.0,0,113760,113760,,0,,,29.23,0,low,8.39,3,1,none,,27,https://www.musinsa.com/products/6292763
2026-09-03,더콜디스트모먼트,6299611,TCM zigzag stitch half sweat pants (navy),0.44,30181,68040,68040,,0,,,23.51,0,low,12.72,3,1,none,1,27,https://www.musinsa.com/products/6299611
2026-09-03,썸웨어버터,6299803,Small Wave Logo Layered Top - White Melange,0.0,0,49000,49000,49000,0,0,0.0,61.78,0,low,23.99,6,2,none,,27,https://www.musinsa.com/products/6299803
2026-09-03,꼼파뇨,6301275,체리 캣츠 CROP 링거티 블랙,0.0,0,28610,28610,28610,0,0,0.0,92.67,0,low,24.57,4,1,none,,27,https://www.musinsa.com/products/6301275
2026-09-03,샌드릭,6305435,Strap Summer Cardigan_Black,0.0,0,66750,66750,,0,,,29.22,0,low,8.39,3,1,none,,27,https://www.musinsa.com/products/6305435
2026-09-03,샌드릭,6305499,LINE.01 camisole_5color,0.0,0,37050,37050,,0,,,29.21,0,low,8.39,3,1,none,,27,https://www.musinsa.com/products/6305499
2026-09-03,스파오,6307035,[COOL] BOSTON 심플레터 반팔티_SPRPG37G72,0.0,0,18900,18900,,0,,,23.5,0,low,12.72,3,1,none,,27,https://www.musinsa.com/products/6307035
2026-09-03,락피쉬웨더웨어,6307163,MESH BUCKET HAT - 4 colors,0.0,0,62100,62100,62100,0,0,0.0,83.16,0,low,25.32,4,1,none,,27,https://www.musinsa.com/products/6307163
2026-09-03,락피쉬웨더웨어,6307355,FLORAL FEATHER LIGHT UMBRELLA - CREAM,0.0,0,42300,42300,42300,0,0,0.0,83.16,0,low,25.32,4,1,none,,27,https://www.musinsa.com/products/6307355
2026-09-03,트릴리온,6307547,스톤 워싱 워크 패치 버뮤다 쇼츠_3color,0.0,0,33900,33900,33900,0,0,0.0,92.67,0,low,24.57,4,1,none,,27,https://www.musinsa.com/products/6307547
2026-09-03,루에브르,6308507,Shirred Drawstring Jacket SW6MM705_2color,0.0,0,219000,219000,219000,0,0,0.0,100.0,1,high,23.99,7,3,none,,27,https://www.musinsa.com/products/6308507
2026-09-03,러브이즈트루,6310619,SY LACE NET KNIT(WHITE),0.0,0,56290,56290,56290,0,0,0.0,61.79,0,low,23.99,6,2,none,,27,https://www.musinsa.com/products/6310619
2026-09-03,러브이즈트루,6310747,SY ONE-SHOULDER HORSE TEE(WHITE),0.0,0,39940,39940,39940,0,0,0.0,61.79,0,low,23.99,6,2,none,,27,https://www.musinsa.com/products/6310747
2026-09-03,유니폼브릿지,6313435,sulfa polo s/s t-shirt black,0.0,0,71200,71200,71200,0,0,0.0,100.0,1,high,23.99,6,3,none,,27,https://www.musinsa.com/products/6313435
2026-09-03,오헤시오,6313499,"SUMMER WRINKLE SCARF, BROWN",0.0,0,30400,30400,30400,0,0,0.0,100.0,1,high,23.99,7,3,none,,27,https://www.musinsa.com/products/6313499
2026-09-03,노드유,6317915,썸머 라이트 루즈 와플 니트 [블랙],0.0,0,39200,39200,,0,,,29.21,0,low,8.39,3,1,none,,27,https://www.musinsa.com/products/6317915
2026-09-03,본투윈,6318555,BRNTW LOGO T-SHIRTS [MELANGE GREY],0.0,0,55000,55000,55000,0,0,0.0,100.0,1,high,23.99,6,3,none,,27,https://www.musinsa.com/products/6318555
2026-09-03,로제프란츠,6319451,Daily Label Long Socks [Ivory],0.0,0,11400,11400,11400,0,0,0.0,83.18,0,low,25.32,4,1,none,,27,https://www.musinsa.com/products/6319451
2026-09-03,노아,6319835,(U) 오버사이즈 포플린 셔츠 네이비 윈도우패인 OVERSIZED POPLIN SHIRT NAVY WINDOWPANE,0.0,0,189000,189000,,0,,,23.48,0,low,12.72,3,1,none,,27,https://www.musinsa.com/products/6319835
2026-09-03,드헤베,6319963,Airy Raglan Cardigan [Gray],0.0,0,76950,76950,76950,0,0,0.0,83.18,0,low,25.32,4,1,none,,27,https://www.musinsa.com/products/6319963
2026-09-03,건지울른스,6322331,라이트 퍼티그 밴딩 팬츠 컬렉션,0.0,0,115200,115200,,0,,,23.48,0,low,7.02,3,1,none,,27,https://www.musinsa.com/products/6322331
2026-09-03,필루미네이트,6322651,풀사이드 스프레이 티셔츠-아이보리,0.0,0,29000,29000,29000,0,0,0.0,61.8,0,low,23.99,6,2,none,,27,https://www.musinsa.com/products/6322651
2026-09-03,맥우드건,6324443,루디아 3624 노테이션 스탠다드핏 블루 반팔티,0.0,0,35100,35100,,0,,,29.2,0,low,8.39,3,1,none,,27,https://www.musinsa.com/products/6324443
2026-09-03,르아르,6324635,사선 헨리넥 반팔 니트 [블랙],0.0,0,32900,32900,32900,0,0,0.0,65.3,0,low,24.0,10,1,none,,27,https://www.musinsa.com/products/6324635
2026-09-03,오헤시오,6326427,"STRAIGHT COLOR COTTON PANTS, LIGHT BEIGE",0.0,0,112100,112100,112100,0,0,0.0,100.0,1,high,23.99,7,3,none,,27,https://www.musinsa.com/products/6326427
2026-09-03,브렌슨,6327963,[쿨링] 글렌 세미 크롭 링거 반팔티 ( 4Color ),1.22,29197,23900,23900,23900,0,0,0.0,40.69,0,low,23.98,10,1,none,,27,https://www.musinsa.com/products/6327963
2026-09-03,무드인사이드 우먼,6328411,(woman) 허쉬 크롭 블루종 자켓_Red,0.0,0,75900,75900,75900,0,0,0.0,100.0,1,high,24.67,5,2,none,,27,https://www.musinsa.com/products/6328411
2026-09-03,글로니,6331867,G CLASSIC RIB V-NECK KNIT (BLUE),0.0,0,95580,95580,95580,0,0,0.0,100.0,1,high,24.03,7,3,none,,27,https://www.musinsa.com/products/6331867
2026-09-03,테이크이지,6331931,[기획] (냉감·쿨링 소재) 소로나 크롭 티셔츠 - 3COLOR,0.0,0,17900,17900,17900,0,0,0.0,100.0,1,low,24.67,4,2,none,,27,https://www.musinsa.com/products/6331931
2026-09-03,더니트컴퍼니,6332699,오레아 스카시 폴로 가디건 - 아스트랄 블루,0.0,0,79500,79500,79500,0,0,0.0,83.19,0,low,25.32,4,1,none,,27,https://www.musinsa.com/products/6332699
2026-09-03,나이스고스트클럽,6333723,X JIMMIZO COLOR BLOCK TEE_NAVY(NG2GMFT502B),0.0,0,39200,39200,39200,0,0,0.0,61.81,0,low,23.99,6,2,none,,27,https://www.musinsa.com/products/6333723
2026-09-03,론론,6333851,LAYERED OPEN TOE LEG WARMERS WHITE FLOWER,0.03,772,26730,23760,26730,1,-2970,-11.11,100.0,1,medium,24.03,7,3,none,,27,https://www.musinsa.com/products/6333851
2026-09-03,인사일런스우먼,6333979,체크 미니 원피스 BEIGE,0.0,0,148500,148500,148500,0,0,0.0,100.0,1,high,24.03,7,3,none,,27,https://www.musinsa.com/products/6333979
2026-09-03,로라로라,6336155,PINTUCK LACE CROP SLEEVELESS BLOUSE BLACK,0.0,0,98000,98000,,0,,,26.16,0,low,10.34,2,1,none,,27,https://www.musinsa.com/products/6336155
2026-09-03,틸아이다이,6336795,Crispy compact wind breaker jumper_Cream,0.0,0,145350,145350,145350,0,0,0.0,100.0,1,high,23.99,6,3,none,,27,https://www.musinsa.com/products/6336795
2026-09-03,레더리,6340315,체인 로고 데미지 데님 쇼츠 [WASHED BLACK],0.0,0,35160,35160,35160,0,0,0.0,92.69,0,low,24.58,4,1,none,,27,https://www.musinsa.com/products/6340315
2026-09-03,유니온블루,6344603,AMBIENT V-NECK HALF KNIT [NAVY],0.0,0,60440,60440,60440,0,0,0.0,100.0,1,high,23.99,6,3,none,,27,https://www.musinsa.com/products/6344603
2026-09-03,엘엠알,6354267,심볼 자수 로고 드로잉 티셔츠 CREAM,0.0,0,39200,39200,,0,,,29.15,0,low,8.39,3,1,none,,27,https://www.musinsa.com/products/6354267
2026-09-03,그레이버,6354523,[UNISEX]GRAE-S DOT 코튼 캔버스 크로스백_블랙,0.0,0,59500,59500,,0,,,29.15,0,low,8.39,3,1,none,,27,https://www.musinsa.com/products/6354523
2026-09-03,브룩스 브라더스,6355611,코튼 린넨 쇼츠 (올리브) (BBPSMNG201),0.0,0,125300,125300,,0,,,8.87,0,low,2.13,2,1,none,,27,https://www.musinsa.com/products/6355611
2026-09-03,세터,6359323,[라이즈 PICK] [2PACK] 수피마 베이직 크루넥 반팔 티셔츠,0.0,0,98000,98000,98000,0,0,0.0,65.31,0,low,24.0,4,1,none,,27,https://www.musinsa.com/products/6359323
2026-09-03,로제프란츠,6364571,Star Lettering T-shirt [Charcoal],0.0,0,27840,27840,27840,0,0,0.0,83.2,0,low,25.32,4,1,none,,27,https://www.musinsa.com/products/6364571
2026-09-03,커버낫,6366043,C 로고 스윔 쇼츠 라이트그레이,0.0,0,44640,44640,44640,0,0,0.0,100.0,1,high,24.67,5,2,none,,27,https://www.musinsa.com/products/6366043
2026-09-03,시야쥬,6367003,SIAC3105 리얼 레더 플립플랍_Red,0.0,0,129290,129290,129290,0,0,0.0,100.0,1,high,24.67,5,2,none,,27,https://www.musinsa.com/products/6367003
2026-09-03,시야쥬,6367515,SIA8040 컴포터블 다이마루 롱 원피스_Charcoal,0.0,0,71100,71100,71100,0,0,0.0,100.0,1,high,24.67,5,2,none,,27,https://www.musinsa.com/products/6367515
2026-09-03,에스피오나지,6370459,ESP Letter Washed Denim Cap Letter P,0.0,0,38400,38400,38400,0,0,0.0,100.0,1,high,24.03,7,3,none,,27,https://www.musinsa.com/products/6370459
2026-09-03,메인부스,6372699,[KISS] 슈팅스타 티셔츠(차콜),0.0,0,29900,29900,29900,0,0,0.0,83.22,0,low,25.32,4,1,none,,27,https://www.musinsa.com/products/6372699
2026-09-03,메인부스,6372763,[KISS] 포스터,0.0,0,12500,12500,12500,0,0,0.0,83.22,0,low,25.32,4,1,none,,27,https://www.musinsa.com/products/6372763
2026-09-03,몰든,6375707,하이텐션 파이핑 브라탑,0.0,0,36720,36720,36720,0,0,0.0,100.0,1,high,23.99,7,3,none,,27,https://www.musinsa.com/products/6375707
2026-09-03,슬로우애시드,6375835,실린더 윈드브레이커 [블랙],0.0,0,88320,88320,88320,0,0,0.0,83.22,0,low,25.32,4,1,none,,27,https://www.musinsa.com/products/6375835
2026-09-03,락케이크,6376155,Back Line Strap Sleeveless - Ivory,0.0,0,35280,35280,35280,0,0,0.0,100.0,1,high,23.99,7,3,none,,27,https://www.musinsa.com/products/6376155
2026-09-03,로라로라,6378971,RORABBIT FRIENDS T-SHIRT WHITE,0.0,0,35280,35280,,0,,,26.14,0,low,10.34,2,1,none,,27,https://www.musinsa.com/products/6378971
2026-09-03,디앤에스알,6379739,크리즈 버뮤다 팬츠 브라운,0.0,0,69300,69300,69300,0,0,0.0,65.32,0,low,24.0,4,1,none,,27,https://www.musinsa.com/products/6379739
2026-09-03,데꼬로소,6385627,남녀공용 에센셜 레귤러핏 로고 자수 반팔 티셔츠 [블랙],1.0,36800,36800,36800,36800,0,0,0.0,61.82,0,low,23.99,6,2,none,,27,https://www.musinsa.com/products/6385627
2026-09-03,후드후드,6385819,NEVER SAY NEVER 스트링백 네이비,0.0,0,43470,43470,43470,0,0,0.0,83.22,0,low,25.32,4,1,none,,27,https://www.musinsa.com/products/6385819
2026-09-03,밀로아카이브,6386459,[2PACK] 스탠다드 챕터 로고 티셔츠 [믹스],0.0,0,33600,33600,33600,0,0,0.0,92.73,0,low,23.99,7,3,none,,27,https://www.musinsa.com/products/6386459
2026-09-03,밀로아카이브,6386523,치제 레더 브레이슬릿 [브라운],0.0,0,30400,30400,30400,0,0,0.0,92.73,0,low,23.99,7,3,none,,27,https://www.musinsa.com/products/6386523
2026-09-03,테켓,6388955,TEKET X PZtoday Cookie Pocket Pink,0.0,0,49000,49000,,0,,,29.13,0,low,8.39,3,1,none,,27,https://www.musinsa.com/products/6388955
2026-09-03,후드후드,6389915,HD 카펜터 핀스트라이프 버뮤다 데님 팬츠 블랙,0.0,0,64400,64400,64400,0,0,0.0,83.23,0,low,25.32,4,1,none,,27,https://www.musinsa.com/products/6389915
2026-09-03,바이모노,6391259,[남녀공용 M-8XL] 쏙쏙숨티 자동넣입 드롭 반팔티,0.0,0,29900,29900,29900,0,0,0.0,100.0,1,high,24.68,5,2,none,,27,https://www.musinsa.com/products/6391259
2026-09-03,드릭스,6391387,링거 그래픽 오버핏 슬리브리스_차콜,0.83,21103,25330,25330,25330,0,0,0.0,100.0,1,high,24.03,7,3,none,,27,https://www.musinsa.com/products/6391387
2026-09-03,틸아이다이,6393947,Floral halter neck blouse [TISU06BL16]_Beige,0.0,0,46140,46140,46140,0,0,0.0,100.0,1,high,23.99,6,3,none,,27,https://www.musinsa.com/products/6393947
2026-09-03,파르티멘토 우먼,6394075,PWC 커튼 스커트 레이어드 하렘 팬츠_미드나잇 플럼,0.0,0,36540,36540,36540,0,0,0.0,92.73,0,low,24.58,4,1,none,,27,https://www.musinsa.com/products/6394075
2026-09-03,파르티멘토 우먼,6394139,PWC 브리프 디테일 미니 스커트_멜란지,0.0,0,19440,19440,21870,1,-2430,-11.11,92.74,0,low,24.58,4,1,none,,27,https://www.musinsa.com/products/6394139
2026-09-03,파르티멘토 우먼,6394203,PWC 가먼트 다이드 포켓 티_애플 민트,0.0,0,25200,25200,28350,1,-3150,-11.11,92.74,0,low,24.58,4,1,none,,27,https://www.musinsa.com/products/6394203
2026-09-03,시눈,6397531,Ribbon Tie Swim Wrap Skirt (Orange),0.0,0,50470,50470,50470,0,0,0.0,65.32,0,low,24.0,4,1,none,,27,https://www.musinsa.com/products/6397531
2026-09-03,더바이닐하우스,6397723,VINYL ARC LOGO SLEEVELESS CHARCOAL,0.0,0,26500,26500,26500,0,0,0.0,100.0,1,high,24.68,5,2,none,,27,https://www.musinsa.com/products/6397723
2026-09-03,시눈,6397979,High-Waist Crop Denim (Blue),0.0,0,102530,102530,102530,0,0,0.0,65.33,0,low,24.0,4,1,none,,27,https://www.musinsa.com/products/6397979
2026-09-03,세터,6398811,폴린 딥그린,0.0,0,99000,99000,99000,0,0,0.0,65.33,0,low,24.0,4,1,none,,27,https://www.musinsa.com/products/6398811
2026-09-03,피인오,6398875,웨스턴 오픈 카라 하프 셔츠 - 네이비,0.0,0,54000,54000,54000,0,0,0.0,61.84,0,low,23.99,6,2,none,,27,https://www.musinsa.com/products/6398875
2026-09-03,에스피오나지,6399835,Double Pocket Gingham S/S Shirt Grey,0.0,0,72800,72800,72800,0,0,0.0,29.12,0,low,8.39,6,1,none,,27,https://www.musinsa.com/products/6399835
2026-09-03,레이지비,6399963,[SET] 에어브리즈 러닝 싱글렛 + 5인치 쇼츠 반바지 세트 W 카키,0.0,0,79000,79000,,0,,,29.12,0,low,8.39,3,1,none,,27,https://www.musinsa.com/products/6399963
2026-09-03,길라아카이브,6400027,LAYERED DOODLE SHEER CROP T-SHIRTS_GREY,0.0,0,39060,39060,39060,0,0,0.0,61.84,0,low,23.99,6,2,none,,27,https://www.musinsa.com/products/6400027
2026-09-03,아워데이즈,6401307,스머크 오버핏 반팔 티셔츠 [3COLORS],0.0,0,24840,24840,24840,0,0,0.0,83.25,0,low,25.32,4,1,none,,27,https://www.musinsa.com/products/6401307
2026-09-03,굿라이프웍스,6401755,[w] 나일론 링클 파라슈트 팬츠 아이보리,0.0,0,44880,44880,44880,0,0,0.0,65.33,0,low,24.0,4,1,none,,27,https://www.musinsa.com/products/6401755
2026-09-03,알리스,6402651,로어드 웨이스트 버뮤다 팬츠 [코튼 베이지],0.0,0,58650,58650,58650,0,0,0.0,92.75,0,low,24.58,4,1,none,,27,https://www.musinsa.com/products/6402651
2026-09-03,브라운야드,6402971,"릴렉스 슬리브리스, 블랙",0.0,0,48000,48000,48000,0,0,0.0,61.84,0,low,23.99,6,2,none,,27,https://www.musinsa.com/products/6402971
2026-09-03,바우로프로덕트,6403291,컷오프 코튼 하프 팬츠[아이보리],0.0,0,99000,99000,99000,0,0,0.0,100.0,1,high,25.32,6,2,none,,27,https://www.musinsa.com/products/6403291
2026-09-03,하이스쿨디스코,6403675,도트 포켓 롱원피스_화이트,0.83,33336,40040,40040,,0,,,29.12,0,low,8.39,3,1,none,1,27,https://www.musinsa.com/products/6403675
2026-09-03,하이스쿨디스코,6403739,플라워 핫픽스 숏슬리브,0.0,0,33120,33120,,0,,,29.11,0,low,8.39,3,1,none,,27,https://www.musinsa.com/products/6403739
2026-09-03,드헤베,6407451,Minimal Logo Stripe T-shirt [Ivory],0.0,0,53200,53200,53200,0,0,0.0,83.26,0,low,25.33,4,1,none,,27,https://www.musinsa.com/products/6407451
2026-09-03,드헤베,6407643,Wrap Drape Blouse [Black],0.0,0,87400,87400,87400,0,0,0.0,83.27,0,low,25.33,4,1,none,,27,https://www.musinsa.com/products/6407643
2026-09-03,굿라이프웍스,6407707,[unisex] 버튼 헨리넥 반팔 티셔츠 그레이,0.0,0,27040,27040,27040,0,0,0.0,65.34,0,low,24.0,4,1,none,,27,https://www.musinsa.com/products/6407707
2026-09-03,노매뉴얼,6407899,NM PLAIN CROP T-SHIRT - WHITE,2.72,63155,23250,23250,23250,0,0,0.0,100.0,1,high,24.59,6,2,none,,27,https://www.musinsa.com/products/6407899
2026-09-03,이미스,6408923,(W) HALO LOGO T-SHIRT-PINK,0.0,0,49500,49500,,0,,,26.11,0,low,10.34,2,1,none,,27,https://www.musinsa.com/products/6408923
2026-09-03,굿라이프웍스,6409115,립스탑 버뮤다 카고 팬츠 카키,0.0,0,44880,44880,44880,0,0,0.0,65.34,0,low,24.0,4,1,none,,27,https://www.musinsa.com/products/6409115
2026-09-03,제멋,6410395,라운드 헨리넥 반팔티셔츠 블랙 KJST2707,0.0,0,24900,24900,24900,0,0,0.0,100.0,1,high,24.03,7,3,none,,27,https://www.musinsa.com/products/6410395
2026-09-03,썬러브투어,6411483,W Polartec® Delta™ FlexAir Hooded Tee Black,0.0,0,76300,76300,76300,0,0,0.0,100.0,1,high,23.99,7,3,none,,27,https://www.musinsa.com/products/6411483
2026-09-03,바우로프로덕트,6411675,립 카라 반팔 니트 [차콜],0.0,0,79900,79900,79900,0,0,0.0,100.0,1,high,25.33,6,2,none,,27,https://www.musinsa.com/products/6411675
2026-09-03,론론,6414299,MINI LABEL SLIM SLEEVELESS YELLOW,0.0,0,23760,23760,26730,1,-2970,-11.11,100.0,1,medium,24.03,7,3,none,,27,https://www.musinsa.com/products/6414299
2026-09-03,미드나잇무브,6414363,combi top (navy),0.0,0,36480,36480,,0,,,26.1,0,low,7.67,3,1,none,,27,https://www.musinsa.com/products/6414363
2026-09-03,브라운브레스,6415259,TAG SACOSHE BAG - BLACK,0.0,0,31500,31500,31500,0,0,0.0,100.0,1,high,23.99,7,3,none,,27,https://www.musinsa.com/products/6415259
2026-09-03,와이케이,6415771,비즈 셔링 쇼츠 오트밀,0.0,0,41300,41300,41300,0,0,0.0,61.84,0,low,23.99,6,2,none,,27,https://www.musinsa.com/products/6415771
2026-09-03,이티씨이,6416987,(BASE) WASHED RAW-CUT T-SHIRT (CHARCOAL),0.0,0,72000,72000,,0,,,23.42,0,low,12.72,3,1,none,,27,https://www.musinsa.com/products/6416987
2026-09-03,프리즘웍스,6419099,VINTAGE POCKET HALF TEE _ IVORY,0.0,0,26460,26460,26460,0,0,0.0,100.0,1,high,24.03,7,3,none,,27,https://www.musinsa.com/products/6419099
2026-09-03,프리즘웍스,6419163,OG DOBBY WEAVE SEERSUCKER HALF SHIRT _ OLIVE,1.0,58500,58500,58500,58500,0,0,0.0,100.0,1,high,24.03,7,3,none,,27,https://www.musinsa.com/products/6419163
2026-09-03,룩캐스트,6425819,디아 빈티지 그래픽 티셔츠 / DIA VINTAGE GRAPHIC T-SHIRT_2colors,0.0,0,27270,27270,27270,0,0,0.0,92.77,0,low,24.59,10,1,none,,27,https://www.musinsa.com/products/6425819
2026-09-03,제너럴아이디어,6432411,시스루 넥 스트링 니트 풀오버 [WHITE] / GF2LKP543,0.0,0,44800,44800,44800,0,0,0.0,100.0,1,high,23.99,6,3,none,,27,https://www.musinsa.com/products/6432411
2026-09-03,누아트스튜디오,6433499,솔리드 반팔 티셔츠_6colors,0.0,0,9900,9900,,0,,,16.71,0,low,5.42,4,1,none,,27,https://www.musinsa.com/products/6433499
2026-09-03,토마스모어,6435483,린넨 반팔 셔츠 - 틸그린,0.0,0,79500,79500,79500,0,0,0.0,61.86,0,low,23.99,6,2,none,,27,https://www.musinsa.com/products/6435483
2026-09-03,플랙,6436635,스카시 셔츠 가디건 아이보리,0.0,0,80100,80100,80100,0,0,0.0,100.0,1,high,24.69,5,2,none,,27,https://www.musinsa.com/products/6436635
2026-09-03,다이닛,6437211,CONTRAST SWEAT PANTS IN BLUE,0.0,0,114240,114240,,0,,,23.42,0,low,12.72,3,1,none,,27,https://www.musinsa.com/products/6437211
2026-09-03,다이닛,6437275,DN SCRIPT SWEAT BERMUDA PANTS IN LIGHT GREY,0.0,0,128000,128000,,0,,,23.41,0,low,12.72,3,1,none,,27,https://www.musinsa.com/products/6437275
2026-09-03,밀로아카이브,6438363,세퍼레이트 데님 팬츠 [데님 블랙],0.0,0,110400,110400,110400,0,0,0.0,92.79,0,low,23.99,7,3,none,,27,https://www.musinsa.com/products/6438363
2026-09-03,비바셔스,6441307,비쉬 레이스 핀턱 블라우스_2Colors,0.0,0,34000,34000,,0,,,23.41,0,low,12.72,3,1,none,,27,https://www.musinsa.com/products/6441307
2026-09-03,더뮤지엄비지터,6442715,ART ICON EMBROIDERY CAP (LEMON),0.0,0,44850,44850,44850,0,0,0.0,100.0,1,high,23.99,6,3,none,,27,https://www.musinsa.com/products/6442715
2026-09-03,더뮤지엄비지터,6445019,SAME ROOM APPLIQUE T-SHIRT (MELANGE GREY),0.0,0,41300,41300,41300,0,0,0.0,100.0,1,high,23.99,6,3,none,,27,https://www.musinsa.com/products/6445019
2026-09-03,미니멀프로젝트,6445467,크리미 데이 하프 티셔츠 MST191 [SKY],0.0,0,26800,26800,,0,,,26.07,0,low,10.34,2,1,none,,27,https://www.musinsa.com/products/6445467
2026-09-03,엑스트라오디너리,6450779,WASHED OXFORD DOUBLE KNEE SHORT BLACK,0.0,0,65450,65450,65450,0,0,0.0,92.8,0,low,24.59,4,1,none,,27,https://www.musinsa.com/products/6450779
2026-09-03,엘엠알,6453531,[지수 PICK] 모티프 자수 스트라이프 레이어드 티셔츠(반팔/긴팔) BLACK STRIPE,2.49,91567,36720,36720,,0,,,29.08,0,low,8.39,4,1,none,3,27,https://www.musinsa.com/products/6453531
2026-09-03,더니트컴퍼니,6454747,오레아 슬리브리스 - 루센트 화이트,0.0,0,53900,53900,53900,0,0,0.0,83.3,0,low,25.33,4,1,none,,27,https://www.musinsa.com/products/6454747
2026-09-03,일리고,6455131,플레르 프릴 홀터 탑 핑크,0.0,0,48000,48000,48000,0,0,0.0,92.81,0,low,24.59,4,1,none,,27,https://www.musinsa.com/products/6455131
2026-09-03,글로니,6457563,ROCKY WAFFLE SLEEVELESS TOP 2.0 (WHITE),0.0,0,50220,50220,50220,0,0,0.0,100.0,1,high,24.03,7,3,none,,27,https://www.musinsa.com/products/6457563
2026-09-03,헬레네파리스,6458267,[브라캡 내장] 레이서 탑 가드너 [블랙],0.0,0,19840,19840,19840,0,0,0.0,100.0,1,high,24.03,7,3,none,,27,https://www.musinsa.com/products/6458267
2026-09-03,제너럴아이디어,6458395,MAN 오픈 카라 니트 베스트 [IVORY] / GF2MKV015,0.0,0,40800,40800,40800,0,0,0.0,100.0,1,high,23.99,6,3,none,,27,https://www.musinsa.com/products/6458395
2026-09-03,제너럴아이디어,6458523,돌먼 슬리브 벨티드 롱 원피스 [WHITE] / GF2LOP513,0.0,0,68000,68000,68000,0,0,0.0,100.0,1,high,23.99,6,3,none,,27,https://www.musinsa.com/products/6458523
2026-09-03,제너럴아이디어,6458651,온도컷 쿨 에센셜 하프 가디건 [SAGE MINT] / GF2LKC541,0.0,0,31200,31200,31200,0,0,0.0,100.0,1,high,23.99,6,3,none,,27,https://www.musinsa.com/products/6458651
2026-09-03,로제프란츠,6459995,Chiffon Ribbon Crinkle Sleeveless [Ivory],0.0,0,59520,59520,59520,0,0,0.0,83.3,0,low,25.33,4,1,none,,27,https://www.musinsa.com/products/6459995
2026-09-03,노이어,6462555,코튼 브이넥 베이직 티셔츠 (네이비),0.0,0,29200,29200,29200,0,0,0.0,100.0,1,high,24.03,7,3,none,,27,https://www.musinsa.com/products/6462555
2026-09-03,노이어,6462683,로우 게이지 크롭 하프 니트 (민트그린),0.0,0,62300,62300,62300,0,0,0.0,100.0,1,high,24.03,7,3,none,,27,https://www.musinsa.com/products/6462683
2026-09-03,내셔널지오그래픽,6468315,N262WTS920 여성 링거 그래픽 티셔츠 WHITE,0.0,0,54000,54000,,0,,,23.39,0,low,12.72,3,1,none,,27,https://www.musinsa.com/products/6468315
2026-09-03,파르티멘토 우먼,6471771,PW 심볼 필박스 캡_네이비,0.0,0,26740,26740,26740,0,0,0.0,92.84,0,low,24.6,4,1,none,,27,https://www.musinsa.com/products/6471771
2026-09-03,파르티멘토 우먼,6473691,스쿱넥 배트 슬리브 탑_화이트,0.0,0,28800,28800,32400,1,-3600,-11.11,92.84,0,low,24.6,4,1,none,,27,https://www.musinsa.com/products/6473691
2026-09-03,다이닛,6476123,[YOON SOAP X DEINET] BALL CAP IN BEIGE,0.0,0,39000,39000,,0,,,23.39,0,low,12.72,3,1,none,,27,https://www.musinsa.com/products/6476123
2026-09-03,유라고,6479003,Buddy stripe shirt,0.0,0,121600,121600,121600,0,0,0.0,65.37,0,low,24.0,4,1,none,,27,https://www.musinsa.com/products/6479003
2026-09-03,유라고,6479195,Linen blend crop cardigan,0.0,0,60040,60040,60040,0,0,0.0,65.37,0,low,24.0,4,1,none,,27,https://www.musinsa.com/products/6479195
2026-09-03,제너럴아이디어,6479835,MAN WHEE 레터링 링거티 [BLACK] / GF2MTS011,0.0,0,29600,29600,29600,0,0,0.0,100.0,1,high,23.99,6,3,none,,27,https://www.musinsa.com/products/6479835
2026-09-03,배드블러드,6481755,미스틱 나일론 트랙 자켓 - 블루그레이,0.0,0,151200,151200,151200,0,0,0.0,100.0,1,high,24.03,7,3,none,,27,https://www.musinsa.com/products/6481755
2026-09-03,배드블러드,6482971,델타 유틸리티 코튼립 크루넥 티셔츠 - 밀리터리 그린,0.0,0,76800,76800,76800,0,0,0.0,100.0,1,high,24.03,7,3,none,,27,https://www.musinsa.com/products/6482971
2026-09-03,테이크이지,6486939,미니체크 크롭 셔츠 (레드),0.0,0,27000,27000,27000,0,0,0.0,59.23,0,low,24.7,5,1,none,,27,https://www.musinsa.com/products/6486939
2026-09-03,언타이틀 서울,6487899,심볼 스트라이프 헨리 후드 크롭 반팔 멜란지 화이트,0.0,0,33800,33800,33800,0,0,0.0,65.38,0,low,24.0,4,1,none,,27,https://www.musinsa.com/products/6487899
2026-09-03,드로우핏우먼,6489755,썸머 펀칭 크로셰 버킷햇 [IVORY],0.0,0,26640,26640,26640,0,0,0.0,100.0,1,high,23.99,7,3,none,,27,https://www.musinsa.com/products/6489755
2026-09-03,더바넷,6491739,Canvas Baren Tote Bag_Navy,0.0,0,63900,63900,63900,0,0,0.0,83.31,0,low,25.33,4,1,none,,27,https://www.musinsa.com/products/6491739
2026-09-03,제멋,6491931,에어리 시어 자켓 라이트블루 ISOT2684,0.0,0,32900,32900,32900,0,0,0.0,100.0,1,high,24.03,7,3,none,,27,https://www.musinsa.com/products/6491931
2026-09-03,미세키서울,6498395,Hannah button layered short sleeve CHARCOAL,0.0,0,97200,97200,97200,0,0,0.0,92.86,0,low,24.6,4,1,none,,27,https://www.musinsa.com/products/6498395
2026-09-03,트립르센스,6502235,썸머 트위드 하프 셔츠_화이트,0.0,0,66400,66400,66400,0,0,0.0,61.88,0,low,23.99,6,2,none,,27,https://www.musinsa.com/products/6502235
2026-09-03,제너럴아이디어,6506651,UNISEX 온도컷 쿨링 로고 반팔 티셔츠 [2COL] / GF2UTS017,3.78,51409,13600,13600,13600,0,0,0.0,100.0,1,high,23.99,6,3,none,,27,https://www.musinsa.com/products/6506651
2026-09-03,테켓,6507227,Focus Eyeglasses Strap Set Multi,0.0,0,26600,26600,,0,,,29.02,0,low,8.4,3,1,none,,27,https://www.musinsa.com/products/6507227
2026-09-03,스파오,6508827,[마이페이브아카이브] 슬림핏 반팔 티셔츠(Black)_SPRLG37U30,0.0,0,19900,19900,,0,,,23.37,0,low,12.72,3,1,none,,27,https://www.musinsa.com/products/6508827
2026-09-03,데상트,6514075,웨더프루프 크로스백 블랙 SR323DBG71,0.0,0,94050,94050,,0,,,29.01,0,low,8.4,3,1,none,,27,https://www.musinsa.com/products/6514075
2026-09-03,파르티멘토,6516699,퍼커링 코듀로이 쇼츠 딥 네이비,0.0,0,45900,45900,45900,0,0,0.0,100.0,1,high,24.71,5,2,none,,27,https://www.musinsa.com/products/6516699
2026-09-03,본투윈,6520795,BRN RUNNERS CLUB T-SHIRTS [BLACK],0.0,0,59000,59000,59000,0,0,0.0,100.0,1,high,23.99,6,3,none,,27,https://www.musinsa.com/products/6520795
2026-09-03,모드나인,6525659,Blank 028 - Regular T-Shirt White,0.0,0,79000,79000,,0,,,23.36,0,low,12.72,3,1,none,,27,https://www.musinsa.com/products/6525659
2026-09-03,비바셔스,6525979,이네스 스트레이트 팬츠_4Colors,0.0,0,49920,49920,,0,,,23.36,0,low,12.72,3,1,none,,27,https://www.musinsa.com/products/6525979
2026-09-03,본투윈,6529691,CURVE B AIRFLOW MESH T-SHIRTS [CHARCOAL],0.0,0,59000,59000,59000,0,0,0.0,100.0,1,high,23.99,6,3,none,,27,https://www.musinsa.com/products/6529691
2026-09-03,언더오프,6532763,슬럽 헨리넥 크롭 티셔츠 유니언잭 블랙,0.0,0,27920,27920,27920,0,0,0.0,100.0,1,high,24.71,5,2,none,,27,https://www.musinsa.com/products/6532763
2026-09-03,스파오,6533659,헨리넥 반팔티 (RE)_SPRWG37G11,0.0,0,25900,25900,,0,,,23.36,0,low,12.72,3,1,none,,27,https://www.musinsa.com/products/6533659
2026-09-03,오호스,6535067,i:e Breathform Running Tank Top / White,0.0,0,88000,88000,,0,,,29.0,0,low,8.4,3,1,none,,27,https://www.musinsa.com/products/6535067
2026-09-03,스파오,6535259,[COOL] 벌룬 와이드 진 (RE)_SPTJG37C52,0.44,10972,24900,24900,,0,,,23.36,0,low,12.72,3,1,none,1,27,https://www.musinsa.com/products/6535259
2026-09-03,알리스,6537115,엠브로이더리 카우 스웨이드 클로그 [카멜],0.0,0,83000,83000,83000,0,0,0.0,92.89,0,low,24.61,4,1,none,,27,https://www.musinsa.com/products/6537115
2026-09-03,데상트,6544091,여성 미니 토트백 베이지 SR322UBG71,0.0,0,75050,75050,,0,,,29.0,0,low,8.4,3,1,none,,27,https://www.musinsa.com/products/6544091
2026-09-03,파르티멘토,6551323,보타니컬 스케치 티 아이보리,0.0,0,37400,37400,37400,0,0,0.0,100.0,1,high,24.71,5,2,none,,27,https://www.musinsa.com/products/6551323
2026-09-03,아캄,6554011,Splatter Painted CROS2 Half Top (Charcoal),0.0,0,55200,55200,55200,0,0,0.0,65.39,0,low,24.0,4,1,none,,27,https://www.musinsa.com/products/6554011
2026-09-03,팬시클럽,6555355,플라스틱 키스 원숄더 탑 (MINT) F26QB051,0.44,12580,28560,28560,,0,,,23.35,0,low,12.72,3,1,none,1,27,https://www.musinsa.com/products/6555355
2026-09-03,아캄,6557147,ChaCha Freestyle Sleeveless (Black),0.0,0,53100,53100,53100,0,0,0.0,65.39,0,low,24.0,4,1,none,,27,https://www.musinsa.com/products/6557147
2026-09-03,제너럴아이디어,6562523,레이어드 나일론 밴딩 팬츠 [WHITE] / GF2LPT525,0.0,0,54400,54400,54400,0,0,0.0,100.0,1,high,23.99,6,3,none,,27,https://www.musinsa.com/products/6562523
2026-09-03,카고브로스포우먼,6563931,썸띵 베러 85 그래픽 우먼 반팔티 (화이트),0.0,0,18900,18900,,0,,,23.35,0,low,12.72,3,1,none,,27,https://www.musinsa.com/products/6563931
2026-09-03,오도어,6565403,Chamude basic belt - Camel beige,0.0,0,39000,39000,39000,0,0,0.0,100.0,1,high,23.99,7,3,none,,27,https://www.musinsa.com/products/6565403
2026-09-03,더그린랩,6566491,스트링 니트 비치 버킷햇 [다크 베이지],0.0,0,28800,28800,,0,,,28.99,0,low,8.4,3,1,none,,27,https://www.musinsa.com/products/6566491
2026-09-03,로우그,6571867,로프 레이어드 티셔츠_화이트,0.0,0,25200,25200,,0,,,26.02,0,low,10.34,2,1,none,,27,https://www.musinsa.com/products/6571867
2026-09-03,해비즘,6579995,NAME CARD S/S TEE(WHITE),0.0,0,22680,22680,22680,0,0,0.0,61.9,0,low,23.99,11,2,none,,27,https://www.musinsa.com/products/6579995
2026-09-03,데상트,6583259,무브먼트 소로나쿨 오버핏 긴팔 티셔츠 블랙 SR323UTL72,0.0,0,75050,75050,,0,,,28.99,0,low,8.4,3,1,none,,27,https://www.musinsa.com/products/6583259
2026-09-03,어반드레스,6586651,모리 소로나 베이직 티셔츠_5Colors,0.0,0,24650,24650,24650,0,0,0.0,100.0,1,high,24.03,7,3,none,,27,https://www.musinsa.com/products/6586651
2026-09-03,트위,6590747,플런 폴딩 밴딩 버뮤다 팬츠,0.0,0,35910,35910,,0,,,26.01,0,low,10.34,2,1,none,,27,https://www.musinsa.com/products/6590747
2026-09-03,론론,6592219,HOTFIX KEYRING WIDE DENIM PANTS MEDIUM BLUE,0.0,0,78080,78080,87840,1,-9760,-11.11,100.0,1,medium,24.03,7,3,none,,27,https://www.musinsa.com/products/6592219
2026-09-03,론론,6592283,SCALLOP TRIM KNIT SLEEVELESS CARDIGAN IVORY,0.0,0,71280,71280,80190,1,-8910,-11.11,100.0,1,medium,24.03,7,3,none,,27,https://www.musinsa.com/products/6592283
2026-09-03,썸웨어버터,6593691,Bay Halter Blouse - Light Blue,0.0,0,89000,89000,89000,0,0,0.0,61.9,0,low,23.99,6,2,none,,27,https://www.musinsa.com/products/6593691
2026-09-03,프렌다,6594843,TRACK-LINE POLO SHORT SLEEVE GRAY,0.0,0,17150,17150,20580,1,-3430,-16.67,100.0,1,medium,23.99,7,3,none,,27,https://www.musinsa.com/products/6594843
2026-09-03,파르티멘토 우먼,6607707,레이스업 플립 플랍_네이비,0.0,0,215200,215200,242100,1,-26900,-11.11,92.91,0,low,24.61,4,1,none,,27,https://www.musinsa.com/products/6607707
2026-09-03,파르티멘토 우먼,6609563,드레이프 핀턱 언발란스드 탑_스카이,0.0,0,33840,33840,38070,1,-4230,-11.11,92.92,0,low,24.61,4,1,none,,27,https://www.musinsa.com/products/6609563
2026-09-03,다이닛,6613531,SCARF LOGO BALL CAP IN LIGHT PINK,0.0,0,32640,32640,,0,,,23.33,0,low,12.72,3,1,none,,27,https://www.musinsa.com/products/6613531
2026-09-03,스파오,6618523,카고 롱 스커트 (나일론)_SPWHG26G01,0.0,0,19900,19900,,0,,,23.32,0,low,12.72,3,1,none,,27,https://www.musinsa.com/products/6618523
2026-09-03,제너럴아이디어,6633819,워싱 코튼 밴딩 쇼츠 [WHITE] / GF2LHP523,0.0,0,35200,35200,33600,1,1600,4.76,100.0,1,medium,23.99,6,3,none,,27,https://www.musinsa.com/products/6633819
2026-09-03,더뮤지엄비지터,6635675,LETTERING HEART OVERFIT T-SHIRT (LEMON),0.0,0,38350,38350,38350,0,0,0.0,100.0,1,high,23.99,6,3,none,,27,https://www.musinsa.com/products/6635675
2026-09-03,데상트,6641947,디마라톤 V3 그레이 SR323LCR75,0.0,0,141550,141550,,0,,,28.95,0,low,8.4,3,1,none,,27,https://www.musinsa.com/products/6641947
2026-09-03,어널러코드,6642075,스톤 워시드 반팔티 (3color),0.0,0,23100,23100,23100,0,0,0.0,100.0,1,high,24.03,7,3,none,,27,https://www.musinsa.com/products/6642075
2026-09-03,나이스고스트클럽,6644699,CHECK 3STAR BASIC RINGER TEE_CHARCOAL(NG2GMUT537A),0.0,0,30870,30870,30870,0,0,0.0,61.91,0,low,23.99,6,2,none,,27,https://www.musinsa.com/products/6644699
2026-09-03,플리즈노팔로우,6645979,Jane Knit Bikini (Ivory),0.0,0,81600,81600,81600,0,0,0.0,100.0,1,high,23.99,6,3,none,,27,https://www.musinsa.com/products/6645979
2026-09-03,플리즈노팔로우,6646107,Zeline Layered Short Sleeve Top (Baby Pink),0.0,0,71400,71400,71400,0,0,0.0,100.0,1,high,23.99,6,3,none,,27,https://www.musinsa.com/products/6646107
2026-09-03,탄산마그네슘,6650971,탄산 스타 로고 폴로 티셔츠 (네이비),0.0,0,64600,64600,64600,0,0,0.0,65.42,0,low,24.0,4,1,none,,27,https://www.musinsa.com/products/6650971
2026-09-03,밀로아카이브,6656795,[Pokémon] 아이덴티티 로고 반다나 [블랙],0.0,0,22500,22500,22500,0,0,0.0,92.94,0,low,23.99,7,3,none,,27,https://www.musinsa.com/products/6656795
2026-09-03,트위,6658459,베크 핀턱 바이커 팬츠,0.0,0,28710,28710,,0,,,25.97,0,low,10.34,2,1,none,,27,https://www.musinsa.com/products/6658459
2026-09-03,데상트,6659483,유틸리티 백팩 (25+2L) 네이비 SR323UBP70,0.0,0,141550,141550,,0,,,28.94,0,low,8.4,3,1,none,,27,https://www.musinsa.com/products/6659483
2026-09-03,배드블러드,6663579,앰버서더 26 라이트웨이트 나일론 쇼츠 - 민트,0.0,0,73100,73100,73100,0,0,0.0,100.0,1,high,24.03,7,3,none,,27,https://www.musinsa.com/products/6663579
2026-09-03,배드블러드,6664155,H.B.B. 로얄 레이스 라인스톤 라이트웨이트 조거 팬츠 - 블루,1.0,128790,128790,128790,128790,0,0,0.0,100.0,1,high,24.03,14,6,none,,27,https://www.musinsa.com/products/6664155
2026-09-03,배드블러드,6664219,H.B.B. 라인스톤 1/2 후드 집업 - 민트,0.0,0,103200,103200,103200,0,0,0.0,100.0,1,high,24.03,7,3,none,,27,https://www.musinsa.com/products/6664219
2026-09-03,무센트,6677915,아빅스 비비드 민트 실버 프린트 슬림핏 반팔 티,0.57,12360,21510,21510,21510,0,0,0.0,100.0,1,high,24.73,5,2,none,,27,https://www.musinsa.com/products/6677915
2026-09-03,노디,6680411,코튼 30수 라운드 넥 크롭 티 바닐라,0.0,0,19600,19600,,0,,,25.96,0,low,10.34,2,1,none,,27,https://www.musinsa.com/products/6680411
2026-09-03,데상트,6683995,퓨텍트 V3 BOA® 네이비 SR323LCR74,0.0,0,179550,179550,,0,,,28.91,0,low,8.4,3,1,none,,27,https://www.musinsa.com/products/6683995
2026-09-03,와이케이,6686683,말티즈 크루 라인 그래픽 반팔티셔츠 화이트레드,0.0,0,29400,29400,29400,0,0,0.0,61.92,0,low,23.99,6,2,none,,27,https://www.musinsa.com/products/6686683
2026-09-03,탄산마그네슘,6688091,안녕자두야X탄산 뱃지 (12 Color),0.0,0,5320,5320,5320,0,0,0.0,65.42,0,low,24.0,10,1,none,,27,https://www.musinsa.com/products/6688091
2026-09-03,피마다지윈,6695707,크레이지 데미지 워싱볼캡_Black(Black),0.0,0,39000,39000,,0,,,28.91,0,low,8.4,3,1,none,,27,https://www.musinsa.com/products/6695707
2026-09-03,하이스쿨디스코,6697435,니트 방울 원피스_블랙,0.0,0,61440,61440,,0,,,28.9,0,low,8.4,3,1,none,,27,https://www.musinsa.com/products/6697435
2026-09-03,노아,6700059,(U) 캐치볼 D-02 스니커즈 스프루스 CATCH BALL D-02 SNEAKER SPRUCE,0.0,0,149000,149000,,0,,,23.3,0,low,12.72,3,1,none,,27,https://www.musinsa.com/products/6700059
2026-09-03,카고브로스포우먼,6701211,USA 미니 하트 그래픽 반팔티셔츠 (블랙),0.0,0,18900,18900,,0,,,23.3,0,low,12.72,3,1,none,,27,https://www.musinsa.com/products/6701211
2026-09-03,코이리스,6702619,드렌 백 더티 로고 반팔 티 (2컬러),0.0,0,25420,25420,,0,,,28.9,0,low,8.4,3,1,none,,27,https://www.musinsa.com/products/6702619
2026-09-03,글로니,6715227,GLOWNY X MY MELODY CAMISOLE (MELANGE GRAY),0.0,0,42120,42120,37440,1,4680,12.5,100.0,1,medium,24.03,7,3,none,,27,https://www.musinsa.com/products/6715227
2026-09-03,카키포인트,6716187,Damage Stud Halter Top (gray),0.0,0,53870,53870,51030,1,2840,5.57,100.0,1,medium,23.99,7,3,none,,27,https://www.musinsa.com/products/6716187
2026-09-03,로라로라,6722523,STRIPE SCRUNCHY LIGHT BLUE,0.0,0,22000,22000,,0,,,25.95,0,low,10.34,2,1,none,,27,https://www.musinsa.com/products/6722523
2026-09-03,로라로라,6722587,STRIPE CUSHION SKY,0.0,0,34160,34160,,0,,,25.95,0,low,10.34,2,1,none,,27,https://www.musinsa.com/products/6722587
2026-09-03,모드나인,6724187,Sun Down - Oversized T-Shirt Black,0.0,0,106000,106000,,0,,,23.3,0,low,12.72,3,1,none,,27,https://www.musinsa.com/products/6724187
2026-09-03,스파오,6725275,라이트 블루종 (RE)_SPJJG37GS1,0.0,0,49900,49900,,0,,,23.29,0,low,12.72,3,1,none,,27,https://www.musinsa.com/products/6725275
2026-09-03,코드그라피,6725723,스퀘어 로고 후디_라이트카키,0.0,0,55300,55300,55300,0,0,0.0,83.36,0,low,25.34,4,1,none,,27,https://www.musinsa.com/products/6725723
2026-09-03,무센트,6726043,에르바 뱀피 패턴 숄더백 남녀공용,0.0,0,53910,53910,53910,0,0,0.0,100.0,1,high,24.74,5,2,none,,27,https://www.musinsa.com/products/6726043
2026-09-03,레이지비,6730587,[SET] 하이드로 메쉬 퍼포먼스 반팔 래쉬가드 + 스윔 쇼츠 세트 W (4컬러),0.0,0,72000,72000,,0,,,28.89,0,low,8.4,3,1,none,,27,https://www.musinsa.com/products/6730587
2026-09-03,앵글런,6732315,Herringbone Fatigue Balloon Pants - Khaki,0.0,0,134100,134100,,0,,,25.95,0,low,10.34,2,1,none,,27,https://www.musinsa.com/products/6732315
2026-09-03,데상트,6735771,여성 힙커버 반팔 티셔츠 블랙 SR322PTS73,0.0,0,67450,67450,,0,,,28.89,0,low,8.4,3,1,none,,27,https://www.musinsa.com/products/6735771
2026-09-03,코이리스,6737627,드렌 백 더티 로고 버뮤다 팬츠 남녀공용 (2컬러),0.0,0,50920,50920,,0,,,28.89,0,low,8.4,3,1,none,,27,https://www.musinsa.com/products/6737627
2026-09-03,코이리스,6744155,아누 스트라이프 스트링 짐색 남녀공용,0.0,0,25420,25420,,0,,,28.88,0,low,8.4,3,1,none,,27,https://www.musinsa.com/products/6744155
2026-09-03,스파오,6747163,[COMFORT] 코튼 포인텔 셔링 민소매 티_SPLOG37A20,0.0,0,29900,29900,,0,,,23.29,0,low,12.72,3,1,none,,27,https://www.musinsa.com/products/6747163
2026-09-03,데상트,6753051,스포츠테리 워딩 컴포트핏 맨투맨 그린 SR323UHT81,0.0,0,103550,103550,,0,,,28.88,0,low,8.4,3,1,none,,27,https://www.musinsa.com/products/6753051
2026-09-03,웨이브걸,6761627,Cross Hotfix Sleeveless,0.0,0,21060,21060,,0,,,25.95,0,low,10.34,2,1,none,,27,https://www.musinsa.com/products/6761627
2026-09-03,언더오프,6769819,로우컷 아웃포켓 버뮤다 팬츠 레오파드 블랙,0.0,0,29900,29900,29900,0,0,0.0,100.0,1,high,24.75,5,2,none,,27,https://www.musinsa.com/products/6769819
2026-09-03,라티젠,6771419,L25 PAPARAZZI T-SHIRT(GRAY),0.0,0,28080,28080,,0,,,25.95,0,low,10.34,2,1,none,,27,https://www.musinsa.com/products/6771419
2026-09-03,엠엘비,6776283,여성 스트라이프 스터드 포인트 오프숄더 긴팔 티셔츠 SD (L.Brown),0.0,0,89000,89000,,0,,,25.94,0,low,10.34,2,1,none,,27,https://www.musinsa.com/products/6776283
2026-09-03,아메스월드와이드,6778651,PPG RUFFLE MINI DRESS WHITE,0.0,0,41300,41300,41300,0,0,0.0,100.0,1,high,24.62,5,2,none,,27,https://www.musinsa.com/products/6778651
2026-09-03,아메스월드와이드,6778715,PPG SHOOTING STAR TEE WHITE,0.91,28553,31500,31500,31500,0,0,0.0,100.0,1,high,24.62,5,2,none,,27,https://www.musinsa.com/products/6778715
2026-09-03,데상트,6794651,유틸리티 크로스백 네이비 SR323UBG77,0.0,0,75050,75050,,0,,,28.86,0,low,8.4,3,1,none,,27,https://www.musinsa.com/products/6794651
2026-09-03,키르시,6800923,전판 프린트 유넥 링거 티셔츠 [화이트],0.0,0,36740,36740,36740,0,0,0.0,100.0,1,high,24.76,5,2,none,,27,https://www.musinsa.com/products/6800923
2026-09-03,데상트,6810651,남성 백그래픽 반팔 티셔츠 카키 SR321TTS77,0.0,0,94050,94050,,0,,,28.85,0,low,8.4,3,1,none,,27,https://www.musinsa.com/products/6810651
2026-09-03,다이닛,6821659,SATIN SHIRRING SLEEVELESS IN BLACK,0.0,0,58800,58800,,0,,,23.28,0,low,12.72,3,1,none,,27,https://www.musinsa.com/products/6821659
2026-09-03,다이닛,6822491,ROSE TYPO CAPRI JOGGER PANTS IN PINK,0.0,0,66640,66640,,0,,,23.27,0,low,12.72,3,1,none,,27,https://www.musinsa.com/products/6822491
2026-09-03,다이닛,6823323,JELLY POINT CROSS BAG IN BUTTER,0.0,0,74100,74100,,0,,,23.27,0,low,12.72,3,1,none,,27,https://www.musinsa.com/products/6823323
2026-09-03,파브레가,6830747,토브 스트라이프 셔츠 (스카이 블루),0.0,0,69300,69300,69300,0,0,0.0,83.39,0,low,25.34,4,1,none,,27,https://www.musinsa.com/products/6830747
2026-09-03,트리밍버드,6830875,Linear Contrast Track Set-Up Pants [ Gray ],0.0,0,198000,198000,198000,0,0,0.0,100.0,1,high,24.03,7,3,none,,27,https://www.musinsa.com/products/6830875
2026-09-03,그레이버,6832347,[UNISEX]STAR2 헨리넥반팔티 2color,0.0,0,42000,42000,,0,,,28.84,0,low,8.4,3,1,none,,27,https://www.musinsa.com/products/6832347
2026-09-03,튜드먼트,6832475,CLASSIC STRIPE SHIRT_GREY STRIPE,0.0,0,72820,72820,,0,,,25.92,0,low,10.34,2,1,none,,27,https://www.musinsa.com/products/6832475
2026-09-03,무드인사이드 우먼,6853019,(woman) ST 워머 후드 티셔츠_2Color,0.0,0,39900,39900,39900,0,0,0.0,100.0,1,high,24.77,5,2,none,,27,https://www.musinsa.com/products/6853019
2026-09-03,꼼파뇨,6853467,스위트 부케 반팔티 크림,0.0,0,28610,28610,28610,0,0,0.0,92.99,0,low,24.62,4,1,none,,27,https://www.musinsa.com/products/6853467
2026-09-03,유희,6855067,LEOPARD FLEECE JUMPER_CHARCOAL,0.0,0,102520,102520,,0,,,28.83,0,low,8.4,3,1,none,,27,https://www.musinsa.com/products/6855067
2026-09-03,유희,6855131,TWIN STUD BELT_BLACK,0.0,0,51220,51220,,0,,,28.82,0,low,8.4,3,1,none,,27,https://www.musinsa.com/products/6855131
2026-09-03,더그린랩,6859547,데이글로우 스퀘어 호보백 [핑크],0.0,0,50560,50560,,0,,,28.82,0,low,8.4,3,1,none,,27,https://www.musinsa.com/products/6859547
2026-09-03,마하그리드,6861083,SLASH LOGO TEE_4colors,0.0,0,23400,23400,,0,,,23.26,0,low,12.72,3,1,none,,27,https://www.musinsa.com/products/6861083
2026-09-03,999휴머니티,6869851,어드벤처 블리치드 카고 팬츠 (페이디드 카키),0.0,0,228000,228000,228000,0,0,0.0,65.43,0,low,24.0,4,1,none,,27,https://www.musinsa.com/products/6869851
2026-09-03,데상트,6875419,스위스 스키 패디드 키링 블랙 SR323IEQ71,0.0,0,27550,27550,,0,,,28.81,0,low,8.4,3,1,none,,27,https://www.musinsa.com/products/6875419
2026-09-03,아모우,6878171,Molly Shell Long Sleeve WHITE,0.0,0,55300,55300,55300,0,0,0.0,100.0,1,high,24.03,7,3,none,,27,https://www.musinsa.com/products/6878171
2026-09-03,아모우,6878619,Lion Hoodie Zip-up GRAY,0.0,0,71400,71400,71400,0,0,0.0,100.0,1,high,24.03,7,3,none,,27,https://www.musinsa.com/products/6878619
2026-09-03,아캄,6879067,Glazed Wax Denim Pants (Indigo),0.0,0,170100,170100,170100,0,0,0.0,65.43,0,low,24.0,4,1,none,,27,https://www.musinsa.com/products/6879067
2026-09-03,아캄,6879579,Gothic Chain Printed Long Sleeve (Black),0.0,0,80100,80100,80100,0,0,0.0,65.44,0,low,24.0,4,1,none,,27,https://www.musinsa.com/products/6879579
2026-09-03,드헤베,6884187,Soft Layer Slim Long Sleeve [Ivory],0.0,0,61370,61370,61370,0,0,0.0,83.41,0,low,25.34,4,1,none,,27,https://www.musinsa.com/products/6884187
2026-09-03,드헤베,6884379,Frill Neck Check Blouse [Brown],0.0,0,121840,121840,121840,0,0,0.0,83.41,0,low,25.34,4,1,none,,27,https://www.musinsa.com/products/6884379
2026-09-03,코드그라피,6884827,(우먼) 빈티지 체크 배색 후디 자켓-카키,0.0,0,152100,152100,152100,0,0,0.0,83.42,0,low,25.34,4,1,none,,27,https://www.musinsa.com/products/6884827
2026-09-03,스파오,6896731,[산리오캐릭터즈] 긴팔 파자마(Mint)_SPPPG49U02,0.0,0,37910,37910,,0,,,23.26,0,low,12.72,3,1,none,,27,https://www.musinsa.com/products/6896731
2026-09-03,스파오,6896795,스트레이트 치노 팬츠_SPTCGA9C04,0.0,0,49900,49900,,0,,,23.26,0,low,12.72,3,1,none,,27,https://www.musinsa.com/products/6896795
2026-09-03,해비즘,6899611,LVER OFF SHOULDER L/S TEE(CHARCOAL),0.0,0,41850,41850,41850,0,0,0.0,61.93,0,low,23.99,6,2,none,,27,https://www.musinsa.com/products/6899611
2026-09-03,칙스,6904347,롤업 배색 레이어드 슬림 반팔 티셔츠 화이트,0.0,0,23920,23920,23920,0,0,0.0,100.0,1,high,24.03,7,3,none,,27,https://www.musinsa.com/products/6904347
2026-09-03,바이모노,6908059,[빅사이즈 M-6XL] 모노 이지케어 텐셀데님 반팔 공기셔츠,0.0,0,42900,42900,42900,0,0,0.0,100.0,1,high,24.78,5,2,none,,27,https://www.musinsa.com/products/6908059
2026-09-03,디스이즈네버댓,6910107,Loose Jeans Washed Blue,0.0,0,139000,139000,139000,0,0,0.0,100.0,1,high,24.78,5,2,none,,27,https://www.musinsa.com/products/6910107
2026-09-03,카고브로스포우먼,6910683,스타 시스루 롱슬리브 레이어드 시크릿 반팔티 세트 (블랙/네이비),0.0,0,62300,62300,,0,,,23.25,0,low,12.72,3,1,none,,27,https://www.musinsa.com/products/6910683
2026-09-03,내셔널지오그래픽,6914843,여성 헤론 경량 구스다운 베스트 BLACK,0.0,0,149000,149000,,0,,,23.25,0,low,12.72,3,1,none,,27,https://www.musinsa.com/products/6914843
2026-09-03,데상트,6916571,여성 스포츠테리 세미 와이드핏 트레이닝 팬츠 아이보리 SR322PFP72,0.0,0,122550,122550,,0,,,28.79,0,low,8.41,3,1,none,,27,https://www.musinsa.com/products/6916571
2026-09-03,내셔널지오그래픽,6918427,N263ACR110 트래블 슬링백 BLACK,0.0,0,99000,99000,,0,,,23.24,0,low,12.72,3,1,none,,27,https://www.musinsa.com/products/6918427
2026-09-03,락피쉬웨더웨어,6926043,CHECK VOLUME  DRESS - DARK GREEN,0.0,0,177600,177600,177600,0,0,0.0,83.43,0,low,25.34,4,1,none,,27,https://www.musinsa.com/products/6926043
2026-09-03,러프사이드,6929691,Nomad Jacket Mortar Grey,0.0,0,248000,248000,248000,0,0,0.0,65.46,0,low,21.9,4,3,none,,27,https://www.musinsa.com/products/6929691
2026-09-03,스파오,6930395,[가나디] 긴팔 파자마(Navy)_SPPPG49U07,0.0,0,39900,39900,,0,,,23.24,0,low,12.72,3,1,none,,27,https://www.musinsa.com/products/6930395
2026-09-03,스컬프터,6931355,Lace Trim Henley Top Lemon,0.0,0,56430,56430,56430,0,0,0.0,100.0,1,high,23.99,6,5,none,,27,https://www.musinsa.com/products/6931355
2026-09-03,스컬프터,6931419,Napoleon Bomber Jacket Beige,0.0,0,212900,212900,212900,0,0,0.0,100.0,1,high,23.99,6,5,none,,27,https://www.musinsa.com/products/6931419
2026-09-03,썸웨어버터,6936987,Miffy Iphone Case - Stripe Blue,0.0,0,22040,22040,22040,0,0,0.0,61.94,0,low,23.99,6,2,none,,27,https://www.musinsa.com/products/6936987
2026-09-03,로제프란츠,6948635,High Neck Eyelet Cardigan [Gray],0.0,0,71680,71680,71680,0,0,0.0,83.44,0,low,25.34,4,1,none,,27,https://www.musinsa.com/products/6948635
2026-09-03,오헤시오,6952923,"VINTAGE DOT BUTTON CAPRI PANTS, CHARCOAL",0.0,0,124550,124550,124550,0,0,0.0,100.0,1,high,23.99,7,3,none,,27,https://www.musinsa.com/products/6952923
2026-09-03,썬러브투어,6956955,Fly Light Down Jacket Purple,0.0,0,299000,299000,299000,0,0,0.0,100.0,1,high,23.99,7,3,none,,27,https://www.musinsa.com/products/6956955
2026-09-03,언탭트스튜디오,6961115,코듀로이 워시드 오버 와이드 데님팬츠 3Color,53.73,1881237,35010,35010,35010,0,0,0.0,100.0,1,high,23.99,10,3,none,,27,https://www.musinsa.com/products/6961115
2026-09-03,트위,6965595,론든 하이넥 스웨이드 블루종 점퍼,0.0,0,110340,110340,,0,,,25.89,0,low,10.34,2,1,none,,27,https://www.musinsa.com/products/6965595
2026-09-03,미세키서울,6968475,[레이 PICK] Asymmetric shirring button shirt BLACK,0.0,0,109440,109440,115200,1,-5760,-5.0,93.02,0,low,24.62,4,1,none,,27,https://www.musinsa.com/products/6968475
2026-09-03,러브이즈트루,6970459,RL DISTORTED LETTERING TEE(GRAY),0.0,0,40400,40400,40400,0,0,0.0,61.94,0,low,23.99,6,2,none,,27,https://www.musinsa.com/products/6970459
2026-09-03,러브이즈트루,6970715,RL LETTERING FILLBOX CAP(NAVY),0.0,0,51940,51940,51940,0,0,0.0,61.95,0,low,23.99,6,2,none,,27,https://www.musinsa.com/products/6970715
2026-09-03,효지,6976411,26 FW 골지 풀밴딩 커브드 팬츠 (2컬러),0.0,0,37100,37100,37100,0,0,0.0,65.46,0,low,24.0,4,1,none,,27,https://www.musinsa.com/products/6976411
2026-09-03,마인드브릿지,6978395,워시드 데님 오버핏 셔츠형 자켓 - 2color,0.0,0,79200,79200,79200,0,0,0.0,93.02,0,low,24.62,4,1,none,,27,https://www.musinsa.com/products/6978395
2026-09-03,필루미네이트,6981083,빈티지 워시드 셔츠-3Color,0.0,0,39900,39900,39900,0,0,0.0,61.95,0,low,23.98,6,2,none,,27,https://www.musinsa.com/products/6981083
2026-09-03,필루미네이트,6981467,핀 스트라이프 헨리넥 롱 슬리브-3Color,0.0,0,39000,39000,39000,0,0,0.0,61.95,0,low,23.99,6,2,none,,27,https://www.musinsa.com/products/6981467
2026-09-03,필루미네이트,6982363,[필루미네이트 × 패션플래닛] 헤비 코튼 세미 크롭 후드 집 업-3Color,121.36,4720893,38900,38900,38900,0,0,0.0,100.0,1,high,3.08,43,15,none,,27,https://www.musinsa.com/products/6982363
2026-09-03,비터셀즈,6982939,[2 PACK]에센셜 브이 넥 티&에센셜 골지 브이 넥 티,0.0,0,61600,61600,61600,0,0,0.0,93.03,0,low,24.62,4,1,none,,27,https://www.musinsa.com/products/6982939
2026-09-03,로라로라,6986907,VINTAGE LEATHER JACKET D/BROWN,0.0,0,251100,251100,,0,,,25.87,0,low,10.34,2,1,none,,27,https://www.musinsa.com/products/6986907
2026-09-03,테이크이지,6996827,[DMD] PRIMAL ST KNIT - Cream,0.0,0,55900,55900,55900,0,0,0.0,100.0,1,high,23.98,5,4,none,,27,https://www.musinsa.com/products/6996827
2026-09-03,테이크이지,6997915,[DMD] VEIL WS SLACKS - Black,0.0,0,74900,74900,74900,0,0,0.0,100.0,1,high,23.98,5,4,none,,27,https://www.musinsa.com/products/6997915
2026-09-03,스파오,6999899,폴리코튼 와이드 스웨트팬츠_SPMTG49C03,0.0,0,39900,39900,,0,,,23.21,0,low,12.73,3,1,none,,27,https://www.musinsa.com/products/6999899
2026-09-03,제로,7000475,헤링본 와이드 커브드 데님 팬츠 [블랙],0.0,0,49500,49500,49500,0,0,0.0,65.47,0,low,24.0,4,1,none,,27,https://www.musinsa.com/products/7000475
2026-09-03,라이프워크,7002139,미니멀 스트라이프 옥스포드 셔츠,0.0,0,69000,69000,,0,,,28.76,0,low,8.41,3,1,none,,27,https://www.musinsa.com/products/7002139
2026-09-03,론론,7002779,RIBBON PIN SET SHEER TULLE SKIRT MINT,0.0,0,55440,55440,62370,1,-6930,-11.11,100.0,1,medium,24.03,7,3,none,,27,https://www.musinsa.com/products/7002779
2026-09-03,마인드브릿지우먼,7008155,[W]화이트 하프넥 타이 레귤러핏 블라우스,0.0,0,71900,71900,71900,0,0,0.0,100.0,1,high,24.0,6,2,none,,27,https://www.musinsa.com/products/7008155
2026-09-03,마인드브릿지우먼,7008283,[W]셔츠 믹스 풀 오픈 레귤러 핏 니트 - 3color,0.0,0,71900,71900,71900,0,0,0.0,100.0,1,high,24.0,6,2,none,,27,https://www.musinsa.com/products/7008283
2026-09-03,더니트컴퍼니,7011611,워셔블 에센셜 크루넥 니트 10color,320.65,9587305,29900,29900,29900,0,0,0.0,100.0,1,high,3.08,48,15,none,,27,https://www.musinsa.com/products/7011611
2026-09-03,베르만어패럴,7011867,에센셜 머슬핏 반팔 티셔츠 3colors,0.0,0,29800,29800,29800,0,0,0.0,100.0,1,high,24.03,7,3,none,,27,https://www.musinsa.com/products/7011867
2026-09-03,아카이브,7011931,Curved Line Technical T,0.0,0,46800,46800,46800,0,0,0.0,100.0,1,high,23.99,7,3,none,,27,https://www.musinsa.com/products/7011931
2026-09-03,엠엘비,7013211,여성 베이직 스몰로고 모크넥 맨투맨 LA (Black),0.0,0,89000,89000,,0,,,25.86,0,low,10.34,2,1,none,,27,https://www.musinsa.com/products/7013211
2026-09-03,브라운브레스,7019547,BB METAL KEYRING,0.0,0,35000,35000,35000,0,0,0.0,100.0,1,high,23.99,7,3,none,,27,https://www.musinsa.com/products/7019547
2026-09-03,넌블랭크,7020187,루즈 와이드 웨일 데님 팬츠_BLACK,0.0,0,107910,107910,107910,0,0,0.0,61.96,0,low,23.99,6,2,none,,27,https://www.musinsa.com/products/7020187
2026-09-03,락케이크,7020443,Hook Collar Shirt - Gray,0.0,0,75200,75200,75200,0,0,0.0,100.0,1,high,23.99,7,3,none,,27,https://www.musinsa.com/products/7020443
2026-09-03,더콜디스트모먼트,7024027,TCM vintage washed hooded jacket (grey beige),0.0,0,174040,174040,,0,,,23.19,0,low,12.73,3,1,none,,27,https://www.musinsa.com/products/7024027
2026-09-03,헬레네파리스,7024219,스파킹 큐빅 벤트넥 롱 슬리브 [블랙],0.0,0,39840,39840,39840,0,0,0.0,100.0,1,high,24.03,7,3,none,,27,https://www.musinsa.com/products/7024219
2026-09-03,리,7024795,우먼 니티드 트랙 팬츠 블랙,0.0,0,109000,109000,,0,,,23.19,0,low,12.73,3,1,none,,27,https://www.musinsa.com/products/7024795
2026-09-03,리,7024987,와플 긴팔 티셔츠 카모플라쥬,0.0,0,62100,62100,,0,,,23.18,0,low,12.73,3,1,none,,27,https://www.musinsa.com/products/7024987
2026-09-03,더콜디스트모먼트,7032027,TCM type logo long sleeve (dark blue),0.0,0,46170,46170,,0,,,23.17,0,low,12.73,3,1,none,,27,https://www.musinsa.com/products/7032027
2026-09-03,쿠어,7033307,멀티핀 스트라이프 포켓 티셔츠 (베이지),0.0,0,76500,76500,76500,0,0,0.0,65.49,0,low,24.0,4,1,none,,27,https://www.musinsa.com/products/7033307
2026-09-03,렌세,7033435,Halter Layered Tee White,0.0,0,36720,36720,,0,,,25.85,0,low,10.34,2,1,none,,27,https://www.musinsa.com/products/7033435
2026-09-03,쿠어,7033563,파일럿 레더 카라 점퍼 (다크네이비),0.0,0,297000,297000,297000,0,0,0.0,65.49,0,low,24.0,4,1,none,,27,https://www.musinsa.com/products/7033563
2026-09-03,엘무드,7033883,트레버 울 블렌드 롱슬리브 (2 COLOR),0.0,0,71100,71100,71100,0,0,0.0,100.0,1,high,24.8,5,2,none,,27,https://www.musinsa.com/products/7033883
2026-09-03,엘무드,7033947,실리언 오스트리치 엠보 레더 벨트 브라운,0.0,0,74700,74700,74700,0,0,0.0,100.0,1,high,24.8,5,2,none,,27,https://www.musinsa.com/products/7033947
2026-09-03,앤더슨벨,7034907,FUR NYLON RAGLAN BOMBER JACKET (BLACK),0.0,0,398000,398000,,0,,,28.74,0,low,8.41,3,1,none,,27,https://www.musinsa.com/products/7034907
2026-09-03,드로우핏우먼,7035163,스플릿 넥 리브드 슬림 니트 탑 [IVORY],0.0,0,49680,49680,49680,0,0,0.0,100.0,1,high,23.99,7,3,none,,27,https://www.musinsa.com/products/7035163
2026-09-03,내셔널지오그래픽,7035995,[PERTEX] 배색 후드 경량 덕다운 점퍼 BLACK 2,0.0,0,239000,239000,,0,,,23.16,0,low,12.73,3,1,none,,27,https://www.musinsa.com/products/7035995
2026-09-03,내셔널지오그래픽,7036891,세미오버핏 롱 슬리브 티셔츠 LIGHT KHAKI,0.0,0,59000,59000,,0,,,23.16,0,low,12.73,3,1,none,,27,https://www.musinsa.com/products/7036891
2026-09-03,엠엘비,7037019,트로피 라이트 NY (Ivory),0.0,0,139000,139000,,0,,,25.84,0,low,10.34,2,1,none,,27,https://www.musinsa.com/products/7037019
2026-09-03,마하그리드,7037723,HORSE TYPO CROP TEE[WHITE],0.0,0,37050,37050,,0,,,23.16,0,low,12.73,3,1,none,,27,https://www.musinsa.com/products/7037723
2026-09-03,어반디타입,7038619,올드 피렌체 스웻셔츠_멜란지 그레이,0.0,0,59000,59000,59000,0,0,0.0,61.97,0,low,23.99,6,2,none,,27,https://www.musinsa.com/products/7038619
2026-09-03,시눈,7040667,Bloom Brush Keyring (Silver Gold),0.0,0,41660,41660,41660,0,0,0.0,65.5,0,low,24.0,4,1,none,,27,https://www.musinsa.com/products/7040667
2026-09-03,로우클래식,7040987,STRIPED REGULAR-FIT TEE_PURPLE [LC267TS09PP],0.0,0,65550,65550,59000,1,6550,11.1,100.0,1,medium,24.03,7,3,none,,27,https://www.musinsa.com/products/7040987
2026-09-03,비바라비다,7042779,Ranch 반팔 티셔츠,0.0,0,25900,25900,25900,0,0,0.0,100.0,1,high,23.99,6,3,none,,27,https://www.musinsa.com/products/7042779
2026-09-03,샌드릭,7044315,Overfit Drawstring Tee_Beige,0.0,0,87550,87550,,0,,,28.73,0,low,8.41,3,1,none,,27,https://www.musinsa.com/products/7044315
2026-09-03,오픈야드(오와이),7047643,STITCHED WIDE HEM PANTS - BLUE,0.0,0,122550,122550,,0,,,23.15,0,low,12.73,3,1,none,,27,https://www.musinsa.com/products/7047643
2026-09-03,러프사이드,7047707,Easy Para Pants Greige,0.0,0,168000,168000,168000,0,0,0.0,65.51,0,low,21.9,4,3,none,,27,https://www.musinsa.com/products/7047707
2026-09-03,드로우핏,7048539,[오정규X드로우핏] 애프터 세미 크롭 데님 셔츠 [3color],13.22,655842,49600,49600,49600,0,0,0.0,62.6,0,low,3.08,41,11,none,,27,https://www.musinsa.com/products/7048539
2026-09-03,스파오,7049563,긴팔 체크 셔츠_SPYCG49C98,0.0,0,39900,39900,,0,,,23.14,0,low,12.73,3,1,none,,27,https://www.musinsa.com/products/7049563
2026-09-03,썸플레이스,7050331,체크 배색 셔츠 레이어드 포인트 스퀘어넥 슬림핏 롱슬리브 카라 티셔츠 [네이비],0.0,0,29760,29760,,0,,,23.14,0,low,12.73,3,1,none,,27,https://www.musinsa.com/products/7050331
2026-09-03,아메스월드와이드,7050651,CLASSIC WAFFLE HENLEY NECK DRESS NAVY,0.0,0,42480,42480,42480,0,0,0.0,100.0,1,high,24.64,5,2,none,,27,https://www.musinsa.com/products/7050651
2026-09-03,프리즘웍스,7054619,KUROKI CHAMBRAY HALF ZIP SHIRT _ WASHED BLUE,0.0,0,133200,133200,133200,0,0,0.0,100.0,1,high,24.03,7,3,none,,27,https://www.musinsa.com/products/7054619
2026-09-03,트위,7056475,테론 레더 트렌치 하프 자켓(스트랩set),0.0,0,127440,127440,,0,,,25.84,0,low,10.34,2,1,none,,27,https://www.musinsa.com/products/7056475
2026-09-03,노아,7057563,(U) 노아 X 타이맥스 MK1 앵커 워치 네이비 레드 NOAH x TIMEX MK1 ANCHOR WATCH,0.0,0,395000,395000,,0,,,23.13,0,low,12.73,3,1,none,,27,https://www.musinsa.com/products/7057563
2026-09-03,파르티멘토,7059291,로우 엣지 포켓 롱 슬리브 아이보리,0.0,0,32900,32900,32900,0,0,0.0,100.0,1,high,24.81,5,2,none,,27,https://www.musinsa.com/products/7059291
2026-09-03,비긴202,7060443,BnB 루즈 와이드 플레어 데님 팬츠 [워시드 블랙],0.0,0,109650,109650,109650,0,0,0.0,83.49,0,low,25.35,4,1,none,,27,https://www.musinsa.com/products/7060443
2026-09-03,엠엘비,7061915,베이직 스몰로고 반집업 맨투맨 NY (Cream),0.0,0,109000,109000,,0,,,25.84,0,low,10.34,2,1,none,,27,https://www.musinsa.com/products/7061915
2026-09-03,엠엘비,7069339,베이직 퀼팅 PU 호보백 LA (L.Pink),0.0,0,129000,129000,,0,,,25.83,0,low,10.34,2,1,none,,27,https://www.musinsa.com/products/7069339
2026-09-03,로라로라,7070619,DOT PINTUCK FRILL SKIRT BURGUNDY,0.0,0,98100,98100,,0,,,25.83,0,low,10.34,2,1,none,,27,https://www.musinsa.com/products/7070619
2026-09-03,로라로라,7070683,MAISON DE ROLA EMBROIDERY LAYERED KNIT GY+MT,0.0,0,86320,86320,,0,,,25.82,0,low,10.34,2,1,none,,27,https://www.musinsa.com/products/7070683
2026-09-03,로라로라,7070747,BUSTIER CARDIGAN SET OL+D/GY,0.0,0,134100,134100,,0,,,25.82,0,low,10.34,2,1,none,,27,https://www.musinsa.com/products/7070747
2026-09-03,코이리스,7077979,로아즈 체크 백 포켓 스커트 팬츠,0.0,0,76420,76420,,0,,,28.71,0,low,8.41,3,1,none,,27,https://www.musinsa.com/products/7077979
2026-09-03,999휴머니티,7078875,어드벤처 워시드 숏 자켓 (카키),0.0,0,258000,258000,258000,0,0,0.0,65.51,0,low,24.0,4,1,none,,27,https://www.musinsa.com/products/7078875
2026-09-03,바우프,7079195,퍼피 이어 스타 후드집업 [플라워 메란지],0.0,0,134100,134100,134100,0,0,0.0,83.5,0,low,25.35,4,1,none,,27,https://www.musinsa.com/products/7079195
2026-09-03,틸아이다이,7080219,Raglan tie layered blouse [TIFA05BL04]_Mint,0.0,0,89640,89640,89640,0,0,0.0,100.0,1,high,23.99,6,3,none,,27,https://www.musinsa.com/products/7080219
2026-09-03,미니멀프로젝트,7080411,로우 투웨이 헤비웨이트 피그먼트 기모 릴렉스 핏 후드집업 MZT119 [NAVY],0.0,0,64800,64800,,0,,,25.8,0,low,10.34,2,1,none,,27,https://www.musinsa.com/products/7080411
2026-09-03,디앤에스알,7084059,플라워 버튼 레이어드 헨리넥 롱슬리브 올리브,0.0,0,79200,79200,79200,0,0,0.0,65.52,0,low,24.0,4,1,none,,27,https://www.musinsa.com/products/7084059
2026-09-03,인사일런스,7084187,오버사이즈 체크 셔츠 GREY,0.0,0,119000,119000,119000,0,0,0.0,100.0,1,high,24.82,5,2,none,,27,https://www.musinsa.com/products/7084187
2026-09-03,1989스탠다드,7088795,STANDARD ARCH 후드 (STHSTD-0254),0.0,0,47250,47250,,0,,,28.7,0,low,8.41,3,1,none,,27,https://www.musinsa.com/products/7088795
2026-09-03,다이닛,7092635,BRUSH RIBBED KNIT ZIP UP IN CHARCOAL,0.0,0,106200,106200,,0,,,23.11,0,low,12.73,3,1,none,,27,https://www.musinsa.com/products/7092635
2026-09-03,다이닛,7092891,CROCODILE PATTERN TWO-WAY BAG IN SKY BLUE,0.0,0,124200,124200,,0,,,23.11,0,low,12.73,3,1,none,,27,https://www.musinsa.com/products/7092891
2026-09-03,브라운야드,7095003,"스무스 저지 후드 집업, 블루",0.0,0,148000,148000,148000,0,0,0.0,61.99,0,low,23.99,6,2,none,,27,https://www.musinsa.com/products/7095003
2026-09-03,인사일런스우먼,7095515,빈티지 코튼 카고 팬츠 WASHED KHAKI,0.0,0,167200,167200,167200,0,0,0.0,100.0,1,high,24.03,7,3,none,,27,https://www.musinsa.com/products/7095515
2026-09-03,브라운야드,7095579,"빈티지 HBT 팬츠, 블랙",0.0,0,248000,248000,248000,0,0,0.0,61.99,0,low,23.98,6,2,none,,27,https://www.musinsa.com/products/7095579
2026-09-03,파르티멘토 우먼,7096155,PWC 사이드 집업 리브드 레깅스 팬츠_카키 그레이,0.0,0,36720,36720,41310,1,-4590,-11.11,93.17,0,low,24.65,4,1,none,,27,https://www.musinsa.com/products/7096155
2026-09-03,파르티멘토 우먼,7096219,PWC 클래식 트윈 니트 가디건_차콜 멜란지,0.0,0,32640,32640,36720,1,-4080,-11.11,93.17,0,low,24.64,4,1,none,,27,https://www.musinsa.com/products/7096219
2026-09-03,유라고,7097051,Quarter sleeve maxi dress_2colors,0.0,0,129360,129360,129360,0,0,0.0,65.52,0,low,24.0,4,1,none,,27,https://www.musinsa.com/products/7097051
2026-09-03,제너럴아이디어,7097563,체크 셔츠 레이어드 가디건 [NAVY] / GF7LKC530,0.0,0,54400,54400,54400,0,0,0.0,100.0,1,high,23.99,6,3,none,,27,https://www.musinsa.com/products/7097563
2026-09-03,로우클래식,7097819,WOOL BLEND HIGH-NECK SWEATER_MELANGE GREY [LC263KN02MG],0.0,0,160550,160550,,0,,,96.87,0,medium,12.87,6,4,none,,27,https://www.musinsa.com/products/7097819
2026-09-03,바우프,7100635,체크 리버시블 숄더백 [그린],0.0,0,84600,84600,84600,0,0,0.0,83.51,0,low,25.35,4,1,none,,27,https://www.musinsa.com/products/7100635
2026-09-03,에이치덱스,7100763,디비전 카모 볼캡 (Khaki Camo),0.0,0,39600,39600,39600,0,0,0.0,83.51,0,low,25.35,4,1,none,,27,https://www.musinsa.com/products/7100763
2026-09-03,더니트컴퍼니,7102811,(우먼) 울 캐시미어 브이넥 스웨터 6color,0.0,0,103200,103200,103200,0,0,0.0,83.53,0,low,25.35,4,1,none,,27,https://www.musinsa.com/products/7102811
2026-09-03,제너럴아이디어,7103131,딥 브이넥 루즈핏 니트 풀오버 [MELANGE GREY] / GF3LKP506,0.0,0,61200,61200,54400,1,6800,12.5,100.0,1,medium,23.99,6,3,none,,27,https://www.musinsa.com/products/7103131
2026-09-03,비바라비다,7103387,Seestern 롱 슬리브 티셔츠,0.0,0,34900,34900,34900,0,0,0.0,100.0,1,high,23.99,6,3,none,,27,https://www.musinsa.com/products/7103387
2026-09-03,제너럴아이디어,7103579,시스루 플로럴 보트넥 티셔츠 [WHITE] / GF3LTS502,0.0,0,43200,43200,38400,1,4800,12.5,100.0,1,medium,23.99,6,3,none,,27,https://www.musinsa.com/products/7103579
2026-09-03,디스이즈네버댓,7104667,Bingo Doggy Tee Berry,0.0,0,59000,59000,59000,0,0,0.0,100.0,1,high,24.82,5,2,none,,27,https://www.musinsa.com/products/7104667
2026-09-03,디스이즈네버댓,7104731,Denim Blouson Jacket Navy,0.0,0,189000,189000,189000,0,0,0.0,100.0,1,high,24.82,5,2,none,,27,https://www.musinsa.com/products/7104731
2026-09-03,나이스고스트클럽,7106587,LAYERED COLOR LS TEE_OLIVE(NG2GFFT556A),0.0,0,42120,42120,42120,0,0,0.0,61.99,0,low,23.98,6,2,none,,27,https://www.musinsa.com/products/7106587
2026-09-03,칙스,7117019,체크 셔츠 레이어드 브이넥 골지 니트 티셔츠 차콜,0.0,0,55920,55920,62910,1,-6990,-11.11,100.0,1,medium,24.03,7,3,none,,27,https://www.musinsa.com/products/7117019
2026-09-03,스파오,7117723,넘버링 스트레이트 스웨트팬츠_SPMTG49G54,0.0,0,39900,39900,,0,,,23.09,0,low,12.73,3,1,none,,27,https://www.musinsa.com/products/7117723
2026-09-03,다이브인,7118299,[DIVEIN X 무민서] VINTAGE CROP HOOD (BLACK),0.0,0,89100,89100,89100,0,0,0.0,100.0,1,high,24.82,5,2,none,,27,https://www.musinsa.com/products/7118299
2026-09-03,칙스,7118363,글렌 체크셔츠 레이어드 브이넥 가디건 블랙,0.0,0,47920,47920,53910,1,-5990,-11.11,100.0,1,medium,24.03,7,3,none,,27,https://www.musinsa.com/products/7118363
2026-09-03,다이브인,7118491,[DIVEIN X 무민서] WASHED VERN CARGO PANTS (BLUE),21.77,2331944,107100,107100,107100,0,0,0.0,100.0,1,high,3.82,29,14,none,,27,https://www.musinsa.com/products/7118491
2026-09-03,비바라비다,7119323,Feather 우먼 롱 슬리브 티셔츠,0.0,0,32900,32900,32900,0,0,0.0,100.0,1,high,23.99,6,3,none,,27,https://www.musinsa.com/products/7119323
2026-09-03,비바라비다,7124763,[기모선택] Weed 헤비테리 후드 집업,0.0,0,62900,62900,62900,0,0,0.0,100.0,1,high,23.99,6,3,none,,27,https://www.musinsa.com/products/7124763
2026-09-03,브룩스 브라더스,7126107,프라이데이 포플린 스트라이프 패턴 셔츠 (블루) (BBTHMMG301),0.0,0,179000,179000,179000,0,0,0.0,62.0,0,low,23.98,6,2,none,,27,https://www.musinsa.com/products/7126107
2026-09-03,일꼬르소,7128539,모크넥 롱 슬리브 티셔츠 블랙,0.0,0,35910,35910,35910,0,0,0.0,100.0,1,high,24.83,5,2,none,,27,https://www.musinsa.com/products/7128539
2026-09-03,일꼬르소,7128731,램스울 롤업 브이넥 니트 버건디,0.0,0,84650,84650,84650,0,0,0.0,100.0,1,high,24.83,5,2,none,,27,https://www.musinsa.com/products/7128731
2026-09-03,데꼬로소,7130715,믹스 리브드 라운드 가디건 [차콜],0.0,0,50760,50760,50760,0,0,0.0,62.01,0,low,23.98,6,2,none,,27,https://www.musinsa.com/products/7130715
2026-09-03,스케이터락,7131547,Star Raglan T-Shirt (Melangegray/camouflage),0.0,0,67150,67150,,0,,,23.08,0,low,12.73,3,1,none,,27,https://www.musinsa.com/products/7131547
2026-09-03,비바라비다,7132635,Amulet 와이드 스웻 팬츠,0.0,0,53900,53900,76900,1,-23000,-29.91,100.0,1,medium,23.99,6,3,none,,27,https://www.musinsa.com/products/7132635
2026-09-03,더바이닐하우스,7134235,DRAPED LAYERED LS TEE(W) PURPLE,0.0,0,65550,65550,65550,0,0,0.0,100.0,1,high,24.83,5,2,none,,27,https://www.musinsa.com/products/7134235
2026-09-03,엘엠알,7140059,모티프 자수 오프숄더 후드 긴팔 티셔츠 OATMEAL,0.0,0,35900,35900,,0,,,28.65,0,low,8.41,3,1,none,,27,https://www.musinsa.com/products/7140059
2026-09-03,하 아카이브,7140187,[WITH 유카이브] 브리오슈 나일론 크로스백 (블랙),0.0,0,62100,62100,62100,0,0,0.0,93.22,0,low,24.65,4,1,none,,27,https://www.musinsa.com/products/7140187
2026-09-03,그레이버,7141467,[UNISEX] STUD GRAE 트레이닝와이드팬츠_Black,0.0,0,71000,71000,,0,,,28.64,0,low,8.41,3,1,none,,27,https://www.musinsa.com/products/7141467
2026-09-03,프리즘웍스,7147419,UTILITY FLAP POCKET DENIM WORK SHIRT _ BLACK,0.0,0,109000,109000,109000,0,0,0.0,100.0,1,high,24.03,6,3,none,,27,https://www.musinsa.com/products/7147419
2026-09-03,커버낫,7147995,루즈 스트레이트 카고 워크 팬츠 블랙,0.0,0,116430,116430,116430,0,0,0.0,100.0,1,high,24.83,4,2,none,,27,https://www.musinsa.com/products/7147995
2026-09-03,노이스,7155419,M WASHED RELAXED FLARED JEANS - BLUE,0.0,0,175000,175000,,0,,,23.07,0,low,12.73,3,1,none,,27,https://www.musinsa.com/products/7155419
2026-09-03,브룩스 브라더스,7158619,[여성] 울 케이블 하프집업 (네이비) (BBWZWBG406),0.0,0,299000,299000,299000,0,0,0.0,62.01,0,low,23.98,6,2,none,,27,https://www.musinsa.com/products/7158619
2026-09-03,탄산마그네슘,7160987,초롱초롱 스터드 토트백 (블랙),0.0,0,128440,128440,128440,0,0,0.0,65.55,0,low,24.0,4,1,none,,27,https://www.musinsa.com/products/7160987
2026-09-03,더블유엠씨,7161371,커브드 스웨트팬츠_NAVY,0.0,0,47200,47200,47200,0,0,0.0,62.02,0,low,23.98,6,2,none,,27,https://www.musinsa.com/products/7161371
2026-09-03,워크온바디오프,7166427,라누고 세미 오버핏 브러쉬 라운드넥 니트 [블랙],0.0,0,45900,45900,41310,1,4590,11.11,100.0,1,medium,24.83,5,2,none,,27,https://www.musinsa.com/products/7166427
2026-09-03,스파오,7169307,[소프트얀] 딥 브이넥 니트_SPKWG49G01,0.0,0,29900,29900,,0,,,23.07,0,low,12.73,3,1,none,,27,https://www.musinsa.com/products/7169307
2026-09-03,노매뉴얼,7180187,DESTROYED KNIT ZIP-UP - KHAKI,0.0,0,129200,129200,129200,0,0,0.0,93.24,0,low,24.65,4,1,none,,27,https://www.musinsa.com/products/7180187
2026-09-03,노매뉴얼,7180315,EMBROIDERED TRIBAL TRACK TOP - NAVY,0.0,0,124450,124450,124450,0,0,0.0,93.25,0,low,24.65,4,1,none,,27,https://www.musinsa.com/products/7180315
2026-09-03,탄산마그네슘,7186267,스타 스트라이프 니트 스카프 (블랙/퍼플),0.0,0,44840,44840,44840,0,0,0.0,65.55,0,low,24.0,4,1,none,,27,https://www.musinsa.com/products/7186267
2026-09-03,데상트,7188891,남성 스톰 플리스 백그래픽 맨투맨 블루 SR321DWH92,0.0,0,151050,151050,,0,,,28.62,0,low,8.41,3,1,none,,27,https://www.musinsa.com/products/7188891
2026-09-03,더니트컴퍼니,7193947,(M) 울 부클레 스웨터 4color,0.0,0,169000,169000,169000,0,0,0.0,83.56,0,low,25.36,4,1,none,,27,https://www.musinsa.com/products/7193947
2026-09-03,엠엘비,7200155,커브러너 레이스 NYM (Black),0.0,0,159000,159000,,0,,,25.75,0,low,10.34,2,1,none,,27,https://www.musinsa.com/products/7200155
2026-09-03,더뮤지엄비지터,7203803,REVOLVER THINSULATE HOODED DIAGONAL ZIP JACKET (GREY),0.0,0,179000,179000,,0,,,25.74,0,low,10.34,2,1,none,,27,https://www.musinsa.com/products/7203803
2026-09-03,리브레너,7206555,무드 디테일 크롭 스웻셔츠 오트밀,0.0,0,29900,29900,,0,,,23.05,0,low,12.73,3,1,none,,27,https://www.musinsa.com/products/7206555
2026-09-03,언더오프,7207515,투웨이 크롭 후드 집업 세븐유니콘 블랙,0.0,0,49900,49900,49900,0,0,0.0,100.0,1,high,23.98,5,4,none,,27,https://www.musinsa.com/products/7207515
2026-09-03,트위,7213851,루얼 베이직 브이 긴팔 티셔츠,0.0,0,59900,59900,,0,,,25.73,0,low,10.34,2,1,none,,27,https://www.musinsa.com/products/7213851
2026-09-03,리,7219803,투웨이 카라 가디건 챠콜,0.0,0,149000,149000,,0,,,23.04,0,low,12.73,3,1,none,,27,https://www.musinsa.com/products/7219803
2026-09-03,데상트,7235483,스위스 스키 기모 하이넥 긴팔 티셔츠 아이보리 SR423STLO2,0.0,0,94050,94050,,0,,,28.61,0,low,8.41,3,1,none,,27,https://www.musinsa.com/products/7235483
2026-09-03,데상트,7235611,스위스 스키 기모 하프집 긴팔 티셔츠 블랙 SR423SHTO2,0.0,0,141550,141550,,0,,,28.61,0,low,8.41,3,1,none,,27,https://www.musinsa.com/products/7235611
2026-09-03,엠엘비,7239643,미야옹 캣 키링 LA (Beige),0.0,0,29000,29000,,0,,,25.73,0,low,10.34,2,1,none,,27,https://www.musinsa.com/products/7239643
