date,brand_name,goods_no,product_name,estimated_sales,estimated_gmv,estimated_avg_price,display_price,previous_display_price,price_change_detected,price_change_amount,price_change_pct,coverage_pct,calendar_complete,confidence,max_interval_hours,observation_count,contributing_intervals,history_bucket,product_url
2026-09-01,도프제이슨,621574,램스킨 100 라이더 자켓,0.0,0,232750,232750,232750,0,0,0.0,51.61,0,low,23.5,5,1,6,https://www.musinsa.com/products/621574
2026-09-01,프리즘웍스,1022790,OG DOBBY WEAVE SEERSUCKER SHIRT _ BLACK,0.98,60213,61200,61200,68000,1,-6800,-10.0,100.0,1,medium,24.09,5,2,6,https://www.musinsa.com/products/1022790
2026-09-01,프리즘웍스,1032582,HENLEY NECK HALF TEE _ GRAY,1.97,60213,30600,30600,34000,1,-3400,-10.0,100.0,1,medium,24.09,5,2,6,https://www.musinsa.com/products/1032582
2026-09-01,인사일런스,1115974,캐시미어 더블 롱 코트 BLACK,0.0,0,279000,279000,279000,0,0,0.0,39.15,0,low,24.08,4,1,6,https://www.musinsa.com/products/1115974
2026-09-01,소버먼트,1155974,950G 솔리드 맨투맨-딥 블랙-[오버핏],0.0,0,48000,48000,48000,0,0,0.0,51.61,0,low,23.5,5,1,6,https://www.musinsa.com/products/1155974
2026-09-01,테이크이지,1191494,램스울 크루넥 오버 니트 (그레이),0.0,0,27000,27000,27000,0,0,0.0,39.15,0,low,24.08,4,1,6,https://www.musinsa.com/products/1191494
2026-09-01,제로,1278214,Classic String Sweat Pants [Grey],0.0,0,35100,35100,35100,0,0,0.0,64.11,0,low,24.09,4,1,6,https://www.musinsa.com/products/1278214
2026-09-01,트릴리온,1294534,컬러그라데이션 오버핏 맨투맨 TR9SMT001 (WHITE),0.0,0,29990,29990,29990,0,0,0.0,89.12,0,low,24.09,4,1,6,https://www.musinsa.com/products/1294534
2026-09-01,카네이테이,1343814,SEI ZIP WALLET M (WHITE) / UPCYCLED,0.0,0,39800,39800,88000,1,-48200,-54.77,100.0,1,medium,24.08,5,2,6,https://www.musinsa.com/products/1343814
2026-09-01,미나브,1443718,레인 드랍 카모플라쥬 DTP 하프 셔츠 [페일레몬],0.0,0,17100,17100,33600,1,-16500,-49.11,26.23,0,low,24.01,5,1,6,https://www.musinsa.com/products/1443718
2026-09-01,쿠어,1548486,탑필 캐시미어 라운드 니트 (그레이시더스티그린),0.0,0,87200,87200,87200,0,0,0.0,64.11,0,low,24.09,4,1,6,https://www.musinsa.com/products/1548486
2026-09-01,꼼파뇨,1584070,Scorpionida 자수 후드티 블랙,0.89,35165,39600,39600,39600,0,0,0.0,89.12,0,low,24.09,4,1,6,https://www.musinsa.com/products/1584070
2026-09-01,프리즘웍스,1616454,DENIM TRUCKER JACKET 003 _ RIGID INDIGO,0.0,0,54500,54500,54500,0,0,0.0,100.0,1,high,24.09,5,2,6,https://www.musinsa.com/products/1616454
2026-09-01,어반드레스,1625094,유니섹스 플랙스 오버핏 골지 폴라 니트 - 8COL,0.0,0,32400,32400,32400,0,0,0.0,100.0,1,high,24.09,5,2,6,https://www.musinsa.com/products/1625094
2026-09-01,꼼파뇨,1752902,[기모] 러너 코메 스웨트 팬츠 그레이,0.0,0,23200,23200,23200,0,0,0.0,89.13,0,low,24.09,4,1,6,https://www.musinsa.com/products/1752902
2026-09-01,트립르센스,1794822,베이직  스탠다드 더블  블레이저_Grey,0.0,0,68500,68500,68500,0,0,0.0,51.62,0,low,23.5,5,1,6,https://www.musinsa.com/products/1794822
2026-09-01,유라고,1807814,플레인 코튼 스커트,0.0,0,52440,52440,52440,0,0,0.0,64.12,0,low,24.09,4,1,6,https://www.musinsa.com/products/1807814
2026-09-01,드로우핏,1925446,쿨링 모달 하프 라운드 니트 [BROWN],0.76,32988,43200,43200,43200,0,0,0.0,76.64,0,low,24.09,4,1,6,https://www.musinsa.com/products/1925446
2026-09-01,하 아카이브,2000774,아이패드백 (블랙 에디션),0.0,0,42480,42480,37760,1,4720,12.5,89.13,0,low,24.09,4,1,6,https://www.musinsa.com/products/2000774
2026-09-01,1993스튜디오,2054278,웨이브 로고 볼캡_그린,0.0,0,25000,25000,25000,0,0,0.0,39.16,0,low,24.08,4,1,6,https://www.musinsa.com/products/2054278
2026-09-01,몰든,2082054,클래식 머슬핏 무지 티셔츠,7.18,159275,22193,21040,26300,1,-5260,-20.0,100.0,1,low,24.01,15,2,6,https://www.musinsa.com/products/2082054
2026-09-01,트립르센스,2154182,유니섹스 벨벳  플리츠 후드_베이지브라운,0.0,0,32500,32500,32500,0,0,0.0,51.64,0,low,23.5,5,1,6,https://www.musinsa.com/products/2154182
2026-09-01,드로우핏,2226758,램스 울 하찌 라운드 니트 [5color],0.0,0,66600,66600,66600,0,0,0.0,76.65,0,low,24.09,4,1,6,https://www.musinsa.com/products/2226758
2026-09-01,꼼파뇨,2240582,[기모] mmM 일러스트 타투 후드 헤비오버핏 크림,0.0,0,39600,39600,39600,0,0,0.0,89.14,0,low,24.09,4,1,6,https://www.musinsa.com/products/2240582
2026-09-01,드로우핏,2322886,라인 스모크 레더 자켓 [SMOKE BLACK],0.0,0,139200,139200,139200,0,0,0.0,76.65,0,low,24.09,4,1,6,https://www.musinsa.com/products/2322886
2026-09-01,아웃스탠딩,2349446,MIL SWEAT(US ARMY)_3%MELANGE GRAY,511.99,36402243,71100,71100,71100,0,0,0.0,100.0,1,high,24.01,19,12,6,https://www.musinsa.com/products/2349446
2026-09-01,넌블랭크,2356166,[여름]썸머 쿨터치 벨티드 와이드 핏 팬츠_BLACK,0.0,0,55200,55200,55200,0,0,0.0,51.64,0,low,23.5,5,1,6,https://www.musinsa.com/products/2356166
2026-09-01,모즈모즈,2379590,배색포인트 기능성 반집업 후드 카키,0.0,0,19960,19960,19960,0,0,0.0,64.14,0,low,24.09,4,1,6,https://www.musinsa.com/products/2379590
2026-09-01,메인부스,2381638,Billys Cherry Pie Sweatshirt(CLOUD GRAY),0.0,0,48700,48700,48700,0,0,0.0,76.65,0,low,24.09,4,1,6,https://www.musinsa.com/products/2381638
2026-09-01,프리즘웍스,2400006,ROUND ZIP UP CARDIGAN _ BLACK MULTICAM,0.0,0,51200,51200,51200,0,0,0.0,100.0,1,high,24.09,5,2,6,https://www.musinsa.com/products/2400006
2026-09-01,쿠어,2407174,포플린 히든 버튼 드레스 셔츠 (라이트그레이),0.0,0,86400,86400,86400,0,0,0.0,64.14,0,low,24.09,4,1,6,https://www.musinsa.com/products/2407174
2026-09-01,데케트,2450054,[여름원단]Cropped Tapered Jeans DCPT004Blue,0.89,20963,23600,23600,23600,0,0,0.0,89.15,0,low,24.09,4,1,6,https://www.musinsa.com/products/2450054
2026-09-01,프렌다,2461766,PASEARSE SHORTS GRAY,0.0,0,24500,24500,24500,0,0,0.0,26.24,0,low,24.01,5,1,6,https://www.musinsa.com/products/2461766
2026-09-01,프렌다,2462022,MINI PRDA CREWNECK TEE BLACK,0.0,0,16380,16380,23400,1,-7020,-30.0,26.24,0,low,24.01,5,1,6,https://www.musinsa.com/products/2462022
2026-09-01,쿠어,2479878,수피마 코튼 세미오버핏 U넥 티셔츠 (다크네이비),0.0,0,34200,34200,34200,0,0,0.0,64.15,0,low,24.09,4,1,6,https://www.musinsa.com/products/2479878
2026-09-01,드로우핏,2537862,루고 코튼 하프 치노 팬츠 [BEIGE],0.0,0,42300,42300,42300,0,0,0.0,76.66,0,low,24.09,4,1,6,https://www.musinsa.com/products/2537862
2026-09-01,아웃스탠딩,2540678,LIFE IS TEE SURF RIDE TEE_PIGMENT CHARCOAL,1.69,76867,45540,47700,42400,1,5300,12.5,100.0,1,medium,24.01,11,6,6,https://www.musinsa.com/products/2540678
2026-09-01,트립르센스,2591430,스퀘어 하프 니트_LIME GREEN,0.0,0,32500,32500,32500,0,0,0.0,51.66,0,low,23.5,5,1,6,https://www.musinsa.com/products/2591430
2026-09-01,솔트앤초콜릿,2611718,라운드 토 스티치 레이스업 로퍼 412215009 (4.5cm/2colors),25.62,1420211,55440,55440,55440,0,0,0.0,100.0,1,low,10.31,19,7,6,https://www.musinsa.com/products/2611718
2026-09-01,노티카,2622662,우븐 스판 쇼츠 블루 (3.5부)(4인치),0.0,0,33000,33000,33000,0,0,0.0,64.15,0,low,24.09,4,1,6,https://www.musinsa.com/products/2622662
2026-09-01,솔트앤초콜릿,2625606,스퀘어 토 슬림 피셔맨 샌들 412224016 (1.3cm/3colors),0.0,0,37920,37920,47400,1,-9480,-20.0,100.0,1,medium,24.08,5,2,6,https://www.musinsa.com/products/2625606
2026-09-01,코드그라피,2634822,소프트 코튼 에센셜 쇼츠_라이트베이지,0.0,0,14400,14400,14400,0,0,0.0,76.67,0,low,24.09,4,1,6,https://www.musinsa.com/products/2634822
2026-09-01,나인제트,2643526,프리미엄메쉬 팬츠 22PT05,0.0,0,29500,29500,29500,0,0,0.0,89.15,0,low,24.09,4,1,6,https://www.musinsa.com/products/2643526
2026-09-01,노매뉴얼,2684358,CROPPED HAIRY KNIT - GRASS GREEN,0.0,0,70850,70850,70850,0,0,0.0,89.15,0,low,24.09,4,1,6,https://www.musinsa.com/products/2684358
2026-09-01,굿라이프웍스,2708998,오버사이즈 워시드 데님셔츠 라이트인디고,0.0,0,37660,37660,37660,0,0,0.0,64.15,0,low,24.09,4,1,6,https://www.musinsa.com/products/2708998
2026-09-01,키르시,2712262,프린트 니트 베스트 [그린],0.0,0,20000,20000,23700,1,-3700,-15.61,39.19,0,low,24.08,4,1,6,https://www.musinsa.com/products/2712262
2026-09-01,필루미네이트,2723590,(W)블루밍 조거 팬츠-멜란지그레이,0.0,0,29000,29000,29000,0,0,0.0,51.67,0,low,23.5,5,1,6,https://www.musinsa.com/products/2723590
2026-09-01,러브이즈트루,2724550,MZ CROP STADIUM(BEIGE),0.0,0,111300,111300,111300,0,0,0.0,51.68,0,low,23.5,5,1,6,https://www.musinsa.com/products/2724550
2026-09-01,더바이닐하우스,2726086,BURNING EARTH SWEATSHIRT LIGHT GREY (VH2CFUM443A),0.0,0,22200,22200,29600,1,-7400,-25.0,39.19,0,low,24.08,4,1,6,https://www.musinsa.com/products/2726086
2026-09-01,프리즘웍스,2737030,CRISPY NYLON TWO TUCK PANTS _ SAGE GREEN,0.0,0,37500,37500,37500,0,0,0.0,100.0,1,high,24.09,5,2,6,https://www.musinsa.com/products/2737030
2026-09-01,드로우핏,2738310,포멀릭 리브드 모크넥 티셔츠 [BROWN],0.0,0,22000,22000,22000,0,0,0.0,76.67,0,low,24.09,4,1,6,https://www.musinsa.com/products/2738310
2026-09-01,모즈모즈,2741766,심플 나일론 조거 밴딩팬츠 블랙,0.0,0,22000,22000,22000,0,0,0.0,64.16,0,low,24.09,4,1,6,https://www.musinsa.com/products/2741766
2026-09-01,모즈모즈,2741830,심플 아노락 쓰리피스 풀 셋업 블랙,0.0,0,53900,53900,53900,0,0,0.0,64.16,0,low,24.09,4,1,6,https://www.musinsa.com/products/2741830
2026-09-01,모즈모즈,2749766,톤다운 레글런 오버핏 기모 후드 블루,0.0,0,48000,48000,48000,0,0,0.0,64.16,0,low,24.09,4,1,6,https://www.musinsa.com/products/2749766
2026-09-01,소버먼트,2768838,460G 컷 헤비 피그먼트 롱 슬리브-차콜-,0.0,0,43000,43000,43000,0,0,0.0,51.68,0,low,23.5,5,1,6,https://www.musinsa.com/products/2768838
2026-09-01,시눈,2806534,2 WAY LAYERED PANTS (LIGHT BEIGE),0.0,0,61050,61050,61050,0,0,0.0,64.17,0,low,24.09,4,1,6,https://www.musinsa.com/products/2806534
2026-09-01,키르시,2813382,유니 미들 체리 브이넥 니트 베스트 [아이보리],0.0,0,26700,26700,26700,0,0,0.0,39.2,0,low,24.08,4,1,6,https://www.musinsa.com/products/2813382
2026-09-01,디미트리블랙,2818310,코듀로이 퍼티그 팬츠_올리브,0.0,0,65900,65900,65900,0,0,0.0,39.2,0,low,24.08,4,1,6,https://www.musinsa.com/products/2818310
2026-09-01,드로우핏,2825478,프리미어 퓨어 울 로브 더블 코트 [MELANGE TAUPE],0.0,0,246400,246400,246400,0,0,0.0,76.68,0,low,24.09,4,1,6,https://www.musinsa.com/products/2825478
2026-09-01,디앤에스알,2832454,딥슬릿 블레이저,0.0,0,240000,240000,240000,0,0,0.0,64.17,0,low,24.09,4,1,6,https://www.musinsa.com/products/2832454
2026-09-01,어반드레스,2850438,Emilie Fur Jacket BLACK,0.0,0,65430,65430,65430,0,0,0.0,100.0,1,high,24.09,5,2,6,https://www.musinsa.com/products/2850438
2026-09-01,틸아이다이,2919238,Reversible suede mustang_2color,0.0,0,289900,289900,289900,0,0,0.0,100.0,1,high,24.08,5,2,6,https://www.musinsa.com/products/2919238
2026-09-01,드헤베,2977670,써클 로고 자수 맨투맨 [BLACK],0.0,0,52790,52790,52790,0,0,0.0,76.69,0,low,24.09,4,1,6,https://www.musinsa.com/products/2977670
2026-09-01,키르시,3004934,포켓 시그니처 PU 지갑 [화이트],0.0,0,29500,29500,29500,0,0,0.0,39.2,0,low,24.08,4,1,6,https://www.musinsa.com/products/3004934
2026-09-01,에이치덱스,3006342,[2pack] 메인로고 머슬핏 반팔티,0.0,0,63000,63000,63000,0,0,0.0,76.69,0,low,24.09,4,1,6,https://www.musinsa.com/products/3006342
2026-09-01,하 아카이브,3010246,하이브리드 메신저백 (실버),0.0,0,72820,72820,64730,1,8090,12.5,89.17,0,low,24.09,4,1,6,https://www.musinsa.com/products/3010246
2026-09-01,더블유엠씨,3011718,NPC 플라켓 자켓_CHARCOAL GREY,0.0,0,71600,71600,71600,0,0,0.0,51.7,0,low,23.5,5,1,6,https://www.musinsa.com/products/3011718
2026-09-01,엘무드,3019654,보헴 롱 슬리브 니트,0.0,0,35900,35900,35900,0,0,0.0,39.2,0,low,24.08,4,1,6,https://www.musinsa.com/products/3019654
2026-09-01,제멋,3030534,와이들리 오버핏 기모 후드 4종 그레이 OYHD2467,0.0,0,42900,42900,42900,0,0,0.0,1.33,0,low,24.0,4,1,6,https://www.musinsa.com/products/3030534
2026-09-01,에스피오나지,3031430,Miller Knit Sweater Dust,0.0,0,91200,91200,96000,1,-4800,-5.0,100.0,1,medium,24.09,5,2,6,https://www.musinsa.com/products/3031430
2026-09-01,스컬프터,3034886,Openwork Stitch Carpenter Pants Baby Blue,0.0,0,68600,68600,68600,0,0,0.0,100.0,1,high,24.08,5,2,6,https://www.musinsa.com/products/3034886
2026-09-01,파브레가,3040454,레이크 코튼 블렌딩 오버핏 니트 (블랙),0.0,0,83700,83700,83700,0,0,0.0,76.69,0,low,24.09,4,1,6,https://www.musinsa.com/products/3040454
2026-09-01,필루미네이트,3044038,1988 로고 볼 캡-블랙,0.0,0,20900,20900,20900,0,0,0.0,51.7,0,low,23.5,5,1,6,https://www.musinsa.com/products/3044038
2026-09-01,트래블,3048710,카펜터 데님 팬츠 블랙,0.0,0,59400,59400,59400,0,0,0.0,26.25,0,low,24.01,5,1,6,https://www.musinsa.com/products/3048710
2026-09-01,인사일런스,3053894,울 카고 팬츠 GREY BROWN,0.0,0,99600,99600,83000,1,16600,20.0,39.21,0,low,24.08,4,1,6,https://www.musinsa.com/products/3053894
2026-09-01,스컬프터,3062918,Classic Wind Pants White,0.0,0,76300,76300,76300,0,0,0.0,100.0,1,high,24.08,5,2,6,https://www.musinsa.com/products/3062918
2026-09-01,엑스트라오디너리,3065926,SIDE ZIPPER PANTS  WHITE,0.0,0,74500,74500,74500,0,0,0.0,89.18,0,low,24.09,4,1,6,https://www.musinsa.com/products/3065926
2026-09-01,모즈모즈,3066118,[SET] 이지 나일론 반집업 반바지 셋업 다크그레이,0.0,0,35000,35000,35000,0,0,0.0,64.19,0,low,24.09,4,1,6,https://www.musinsa.com/products/3066118
2026-09-01,프렌다,3068102,DESTROYED DENIM SKIRT ICE BLUE,0.0,0,47500,47500,47500,0,0,0.0,26.25,0,low,24.01,5,1,6,https://www.musinsa.com/products/3068102
2026-09-01,쿠어,3082758,오버사이즈 플렌티풀 셔츠 (다크브라운),0.0,0,117000,117000,117000,0,0,0.0,64.19,0,low,24.09,4,1,6,https://www.musinsa.com/products/3082758
2026-09-01,넌블랭크,3087366,래글런 하프 슬리브 칼라 니트_MELANGE BLUE,0.0,0,105520,105520,105520,0,0,0.0,51.71,0,low,23.5,5,1,6,https://www.musinsa.com/products/3087366
2026-09-01,더블유엠씨,3087942,딥 플리츠 치노팬츠_BEIGE,0.0,0,43600,43600,43600,0,0,0.0,51.71,0,low,23.5,5,1,6,https://www.musinsa.com/products/3087942
2026-09-01,드로우핏,3088134,레이어드 스트링 테잎 후드 [M.IVORY],0.0,0,59400,59400,59400,0,0,0.0,76.7,0,low,24.09,4,1,6,https://www.musinsa.com/products/3088134
2026-09-01,솔트앤초콜릿,3088518,플리츠 스커트팬츠 블랙 4W231V002,0.0,0,47600,47600,59500,1,-11900,-20.0,100.0,1,medium,24.08,5,2,6,https://www.musinsa.com/products/3088518
2026-09-01,미나브,3093446,맥시 케이블 카라 니트 [아이보리],0.0,0,40500,40500,71200,1,-30700,-43.12,26.25,0,low,24.01,5,1,6,https://www.musinsa.com/products/3093446
2026-09-01,미나브,3093574,다이애그널 브릿지 블루종 [블랙탄],0.0,0,79200,79200,151200,1,-72000,-47.62,26.25,0,low,24.01,5,1,6,https://www.musinsa.com/products/3093574
2026-09-01,프리즘웍스,3096454,HERITAGE HUNTING JACKET 002 _ OLIVE,1.0,132914,133399,133200,148000,1,-14800,-10.0,100.0,1,medium,24.09,5,2,6,https://www.musinsa.com/products/3096454
2026-09-01,메인부스,3120326,Oceanwave Stripe Sweater(BLUE WHITE),0.0,0,30700,30700,30700,0,0,0.0,76.71,0,low,24.09,4,1,6,https://www.musinsa.com/products/3120326
2026-09-01,아틀리에 나인,3126854,클리어 일자핏 트임 셋업 팬츠(PT-5117),0.0,0,27600,27600,27600,0,0,0.0,64.21,0,low,24.09,4,1,6,https://www.musinsa.com/products/3126854
2026-09-01,스컬프터,3151238,Check Pin Tuck Pants Pink,0.0,0,76300,76300,76300,0,0,0.0,100.0,1,high,24.08,5,2,6,https://www.musinsa.com/products/3151238
2026-09-01,더블유엠씨,3151622,투웨이 커브드 데님_LIGHT BLUE,0.0,0,35600,35600,35600,0,0,0.0,51.72,0,low,23.5,5,1,6,https://www.musinsa.com/products/3151622
2026-09-01,드로우핏,3154694,[서강준 PICK] 투턱 밴딩 와이드 린넨 슬랙스 [BLACK],0.0,0,49770,49770,49770,0,0,0.0,76.71,0,low,24.09,4,1,6,https://www.musinsa.com/products/3154694
2026-09-01,후드후드,3186886,시그니처 로고 스웨트 팬츠 퍼플,0.0,0,31000,31000,31000,0,0,0.0,76.72,0,low,24.09,4,1,6,https://www.musinsa.com/products/3186886
2026-09-01,아틀리에 나인,3200582,코튼 프론트 슬릿 미니 스커트(SK-4772),0.0,0,34500,34500,34500,0,0,0.0,64.21,0,low,24.09,4,1,6,https://www.musinsa.com/products/3200582
2026-09-01,어반드레스,3204934,royal crop hoody - 8COL,0.0,0,37500,37500,37500,0,0,0.0,100.0,1,high,24.09,5,2,6,https://www.musinsa.com/products/3204934
2026-09-01,나이스고스트클럽,3206470,S.F HALF SHIRTS_ORANGE(NG2DMUW321A),0.0,0,47600,47600,47600,0,0,0.0,51.72,0,low,23.5,5,1,6,https://www.musinsa.com/products/3206470
2026-09-01,낫포너드,3209862,Tribal Logo Nylon Racing Jacket - Navy,5.76,345833,60030,60030,60030,0,0,0.0,100.0,1,high,9.04,10,6,6,https://www.musinsa.com/products/3209862
2026-09-01,에이치덱스,3215238,심볼 로고 볼캡 2 color,0.0,0,28000,28000,28000,0,0,0.0,76.72,0,low,24.09,4,1,6,https://www.musinsa.com/products/3215238
2026-09-01,던스트,3223430,SUMMER TWEED JACKET_UDJA5B223_IVORY,0.0,0,91600,91600,91600,0,0,0.0,51.72,0,low,23.5,5,1,6,https://www.musinsa.com/products/3223430
2026-09-01,아메스 월드와이드,3225798,BASIC LOGO TEE GREY,2.67,63453,23800,16660,23800,1,-7140,-30.0,100.0,1,medium,24.09,6,2,6,https://www.musinsa.com/products/3225798
2026-09-01,아틀리에 나인,3242694,NORMAL SLIM STRAIGHT DENIM PANTS(S-PT-5400),0.0,0,47400,47400,47400,0,0,0.0,64.22,0,low,24.09,4,1,6,https://www.musinsa.com/products/3242694
2026-09-01,어나더 오피스,3242950,Writer Shirt (Dove Gray),0.0,0,98000,98000,98000,0,0,0.0,98.65,0,low,24.09,5,1,6,https://www.musinsa.com/products/3242950
2026-09-01,인템포무드,3253702,허니비 스트라이프 칼라 니트웨어_블랙,0.0,0,35000,35000,35000,0,0,0.0,39.26,0,low,24.08,4,1,6,https://www.musinsa.com/products/3253702
2026-09-01,드로우핏,3255750,스카시 카라 반팔 풀오버 니트 [SKY BLUE],0.0,0,69300,69300,69300,0,0,0.0,76.73,0,low,24.09,4,1,6,https://www.musinsa.com/products/3255750
2026-09-01,가까이 유니언즈,3257542,엠블럼 래글런 반팔 티셔츠 화이트,0.0,0,42400,42400,42400,0,0,0.0,64.22,0,low,24.09,4,1,6,https://www.musinsa.com/products/3257542
2026-09-01,제멋,3257734,[2PACK] 링크 투턱 카고 숏팬츠 5종 2PACK KJSP2484,0.0,0,38900,38900,38900,0,0,0.0,100.0,1,high,24.09,5,2,6,https://www.musinsa.com/products/3257734
2026-09-01,아워데이즈,3260102,쿨 린넨 라이크 세미 와이드 데님 [BLUE],0.0,0,49600,49600,49600,0,0,0.0,76.73,0,low,24.09,4,1,6,https://www.musinsa.com/products/3260102
2026-09-01,제멋,3264902,프리즈 와이드 데님 하프팬츠 아이스블루 SOSP2500,0.0,0,38900,38900,38900,0,0,0.0,100.0,1,high,24.09,5,2,6,https://www.musinsa.com/products/3264902
2026-09-01,와이케이,3273734,돌핀 카라 반팔 니트 그린,0.0,0,34000,34000,34000,0,0,0.0,51.73,0,low,23.5,5,1,6,https://www.musinsa.com/products/3273734
2026-09-01,르바,3277062,Oxford Half Sleeve Shirt - Cobalt blue,0.0,0,71300,71300,71300,0,0,0.0,76.73,0,low,24.09,4,1,6,https://www.musinsa.com/products/3277062
2026-09-01,미나브,3301446,린넨 데님 하프 셔츠 [라이트블루],0.0,0,49000,49000,40650,1,8350,20.54,26.26,0,low,24.01,5,1,6,https://www.musinsa.com/products/3301446
2026-09-01,러프사이드,3323910,Layer Half Shirt Jacket Sage Grey,0.0,0,138000,138000,138000,0,0,0.0,64.23,0,low,24.09,4,1,6,https://www.musinsa.com/products/3323910
2026-09-01,제멋,3330950,퓨어 오버핏 반팔셔츠 6종 스카이블루 OYSS2499,0.0,0,34900,34900,34900,0,0,0.0,100.0,1,high,24.09,5,2,6,https://www.musinsa.com/products/3330950
2026-09-01,솔트앤초콜릿,3343494,U넥 하트 인 포켓 티셔츠 화이트 4W2321001,0.0,0,25760,25760,32200,1,-6440,-20.0,100.0,1,medium,24.08,5,2,6,https://www.musinsa.com/products/3343494
2026-09-01,제멋,3348294,씨티 옥스포드 하프셔츠 6종 옐로우 KJSS2507,0.0,0,32900,32900,32900,0,0,0.0,100.0,1,high,24.09,5,2,6,https://www.musinsa.com/products/3348294
2026-09-01,트립르센스,3357446,쿨 린넨 투턱 와이드 데님 슬랙스_Black Denim,0.0,0,55200,55200,55200,0,0,0.0,51.75,0,low,23.5,5,1,6,https://www.musinsa.com/products/3357446
2026-09-01,링서울,3373958,pleats banded pants-brown,0.0,0,61890,61890,48140,1,13750,28.56,51.75,0,low,23.5,5,1,6,https://www.musinsa.com/products/3373958
2026-09-01,러브이즈트루,3374534,BE LOGO TUBE TOP(CHARCOAL),0.0,0,16500,16500,16500,0,0,0.0,51.75,0,low,23.5,5,1,6,https://www.musinsa.com/products/3374534
2026-09-01,프렌다,3458630,VOYAGE FUAX LEATHER JACKET LIGHT YELLOW,0.0,0,79500,79500,79500,0,0,0.0,26.27,0,low,24.01,5,1,6,https://www.musinsa.com/products/3458630
2026-09-01,러브이즈트루,3469574,CH 2-WAY CROP HOOD ZIP UP(NAVY),0.53,24699,46730,56740,46730,1,10010,21.42,51.76,0,low,23.5,5,1,6,https://www.musinsa.com/products/3469574
2026-09-01,메인부스,3470022,Teenager Hood T-shirt(CLOUD GRAY),0.0,0,56500,56500,56500,0,0,0.0,76.75,0,low,24.09,4,1,6,https://www.musinsa.com/products/3470022
2026-09-01,드로우핏,3479174,소프트 PBT 케이블 터틀넥 니트 [IVORY],0.0,0,66600,66600,66600,0,0,0.0,76.75,0,low,24.09,4,1,6,https://www.musinsa.com/products/3479174
2026-09-01,아이돈워너셀,3492934,Contrast Mix Hoodie Zip-Up Black,0.0,0,79500,79500,79500,0,0,0.0,39.28,0,low,24.08,4,1,6,https://www.musinsa.com/products/3492934
2026-09-01,키르시,3494278,체리 보헤미안 슬림 머플러 [살몬],0.0,0,11600,11600,11600,0,0,0.0,39.28,0,low,24.08,4,1,6,https://www.musinsa.com/products/3494278
2026-09-01,소버먼트,3498758,980G 피그먼트 컷 후드-올리브-,0.0,0,68400,68400,68400,0,0,0.0,51.77,0,low,23.5,5,1,6,https://www.musinsa.com/products/3498758
2026-09-01,니티드,3505670,코튼 와플 크루넥 니트 BLACK,0.0,0,39800,39800,39800,0,0,0.0,76.76,0,low,24.09,4,1,6,https://www.musinsa.com/products/3505670
2026-09-01,모즈모즈,3508998,써클샤인 로고 오버핏 후드 백메란지,0.0,0,40800,40800,40800,0,0,0.0,64.25,0,low,24.09,4,1,6,https://www.musinsa.com/products/3508998
2026-09-01,모즈모즈,3509382,무지 원턱 와이드 트레이닝팬츠 그린,0.0,0,33600,33600,33600,0,0,0.0,64.25,0,low,24.09,4,1,6,https://www.musinsa.com/products/3509382
2026-09-01,커버낫,3511366,투톤 스트라이프 크루넥 니트 네이비,0.0,0,71400,71400,71400,0,0,0.0,39.29,0,low,24.08,4,1,6,https://www.musinsa.com/products/3511366
2026-09-01,제멋,3516230,로그 오버핏 투웨이 기모 후드집업 6종 그레이 YHHD2462,0.98,42149,42900,42900,42900,0,0,0.0,100.0,1,high,24.09,5,2,6,https://www.musinsa.com/products/3516230
2026-09-01,세컨모놀로그,3519622,키홀 사이드 배색 와이드 스웻팬츠 라임_SEPT022LIME,0.0,0,24800,24800,24800,0,0,0.0,39.29,0,low,24.08,4,1,6,https://www.musinsa.com/products/3519622
2026-09-01,시눈,3523270,MIXED PATTERN KNIT CARDIGAN (LIGHT KHAKI),0.0,0,55440,55440,55440,0,0,0.0,64.26,0,low,24.09,4,1,6,https://www.musinsa.com/products/3523270
2026-09-01,아이돈워너셀,3528454,Time Logo Boucle Knit Ivory,0.0,0,64500,64500,64500,0,0,0.0,39.29,0,low,24.08,4,1,6,https://www.musinsa.com/products/3528454
2026-09-01,프리즘웍스,3531142,JUNGLE CLOTH FATIGUE PANTS _ ASH VIOLET,0.0,0,40050,40050,44500,1,-4450,-10.0,100.0,1,medium,24.09,5,2,6,https://www.musinsa.com/products/3531142
2026-09-01,프리즘웍스,3531270,ALPACA BOUCLE KNIT _ OLIVE,0.0,0,65400,65400,65400,0,0,0.0,100.0,1,high,24.09,5,2,6,https://www.musinsa.com/products/3531270
2026-09-01,인사일런스,3533062,[인사일런스 X 미즈노] 코마티 나일론 카고 팬츠 BLACK,0.0,0,113400,113400,113400,0,0,0.0,39.3,0,low,24.08,4,1,6,https://www.musinsa.com/products/3533062
2026-09-01,프리즘웍스,3542854,WAVE BOUCLE KNIT HOODY _ OLIVE,0.0,0,89600,89600,89600,0,0,0.0,100.0,1,high,24.09,5,2,6,https://www.musinsa.com/products/3542854
2026-09-01,링서울,3547974,mix knit vest-darkbrown,0.0,0,72900,72900,56700,1,16200,28.57,51.78,0,low,23.5,5,1,6,https://www.musinsa.com/products/3547974
2026-09-01,드로우핏 우먼,3552582,소프트 캐시미어 싱글 발마칸 코트 [BUTTER],0.0,0,246400,246400,246400,0,0,0.0,26.28,0,low,24.01,5,1,6,https://www.musinsa.com/products/3552582
2026-09-01,엑스트라오디너리,3560262,WOMENS FUR CARDIGAN IVORY,0.0,0,79500,79500,79500,0,0,0.0,89.24,0,low,24.09,4,1,6,https://www.musinsa.com/products/3560262
2026-09-01,브론슨,3564102,US Naval Academy Reverse Weave Sweatshirt Grey,0.0,0,129000,129000,116100,1,12900,11.11,89.24,0,low,48.1,3,1,6,https://www.musinsa.com/products/3564102
2026-09-01,스컬프터,3566982,Angora Underboob Zip-Up Ivory,0.0,0,82880,82880,103600,1,-20720,-20.0,100.0,1,medium,24.08,5,2,6,https://www.musinsa.com/products/3566982
2026-09-01,브라운야드,3572358,"W 필드 자켓, 샌드",0.0,0,129000,129000,129000,0,0,0.0,51.79,0,low,23.5,5,1,6,https://www.musinsa.com/products/3572358
2026-09-01,어반드레스,3575430,Side Big Cargo Pants CAMO,0.0,0,52800,52800,61600,1,-8800,-14.29,100.0,1,low,37.85,7,1,6,https://www.musinsa.com/products/3575430
2026-09-01,어반드레스,3575494,UNISEX AV STANDARD STITCH JOGGER PANTS BLACK,0.98,46415,47250,47250,47250,0,0,0.0,100.0,1,high,24.09,5,2,6,https://www.musinsa.com/products/3575494
2026-09-01,제멋,3589958,위크 카고 스웨트팬츠 6종 블랙 KJLP2522,0.0,0,35900,35900,35900,0,0,0.0,100.0,1,high,24.09,5,2,6,https://www.musinsa.com/products/3589958
2026-09-01,어반드레스,3590278,Hero Wide Pants BLACK X PEACH,0.0,0,28500,28500,28500,0,0,0.0,100.0,1,high,24.09,5,2,6,https://www.musinsa.com/products/3590278
2026-09-01,꼼파뇨,3596358,오버사이즈 트랙 자켓 다크블랙,0.0,0,46000,46000,46000,0,0,0.0,89.25,0,low,24.09,4,1,6,https://www.musinsa.com/products/3596358
2026-09-01,플랙,3596998,라운드넥 카라 스트라이프 니트 네이비,0.0,0,69000,69000,69000,0,0,0.0,39.32,0,low,24.08,4,1,6,https://www.musinsa.com/products/3596998
2026-09-01,아캄,3597254,Freedom Printed Raglan Sweatshirt (Khaki),0.0,0,54500,54500,54500,0,0,0.0,64.27,0,low,24.09,4,1,6,https://www.musinsa.com/products/3597254
2026-09-01,어반드레스,3599302,Ant Waist Collar Knit IVORY,0.0,0,36000,36000,36000,0,0,0.0,100.0,1,high,24.09,5,2,6,https://www.musinsa.com/products/3599302
2026-09-01,어반드레스,3599366,Noga Shoulder Cut-out Knit BLACK,0.0,0,44250,44250,44250,0,0,0.0,100.0,1,high,24.09,5,2,6,https://www.musinsa.com/products/3599366
2026-09-01,어반드레스,3599494,Ribbon Tweed Crop Jacket BLACK,0.0,0,72750,72750,72750,0,0,0.0,100.0,1,high,24.09,5,2,6,https://www.musinsa.com/products/3599494
2026-09-01,브라운야드,3601286,"알파카 스키니 머플러, 블랙",0.0,0,49500,49500,49500,0,0,0.0,51.8,0,low,23.5,5,1,6,https://www.musinsa.com/products/3601286
2026-09-01,코드그라피,3603206,WAVE 로고 헤어리 웜 풀오버 니트_인디핑크,0.0,0,39600,39600,39600,0,0,0.0,76.78,0,low,24.09,4,1,6,https://www.musinsa.com/products/3603206
2026-09-01,시눈,3603398,SOFT EASY PANTS (BLACK),0.0,0,66080,66080,66080,0,0,0.0,64.27,0,low,24.09,4,1,6,https://www.musinsa.com/products/3603398
2026-09-01,시눈,3603462,SMORE PADDING BAG KEYRING (OFF WHITE),0.0,0,12540,12540,12540,0,0,0.0,64.28,0,low,24.09,4,1,6,https://www.musinsa.com/products/3603462
2026-09-01,레더리,3609222,나일론 패딩 크로스백 [BLACK],0.0,0,39600,39600,39600,0,0,0.0,89.25,0,low,24.09,4,1,6,https://www.musinsa.com/products/3609222
2026-09-01,어반드레스,3611974,UNISEX AV OVERSIZED HOODIE PIGMENT BLACK,0.0,0,66000,66000,66000,0,0,0.0,100.0,1,high,24.09,5,2,6,https://www.musinsa.com/products/3611974
2026-09-01,썸웨어버터,3617030,Butter Cashmere Gloves - 4color,0.0,0,39000,39000,39000,0,0,0.0,51.8,0,low,23.5,5,1,6,https://www.musinsa.com/products/3617030
2026-09-01,낫포너드,3618886,W Curved Dirty Wash Bootscut Denim Pants - Deep Blue,0.0,0,55710,55710,55710,0,0,0.0,76.79,0,low,24.09,4,1,6,https://www.musinsa.com/products/3618886
2026-09-01,론론,3619910,V NECK SLIM LONG SLEEVE BLUE,0.0,0,44550,44550,30800,1,13750,44.64,100.0,1,medium,24.09,5,2,6,https://www.musinsa.com/products/3619910
2026-09-01,모즈모즈,3622278,부클자수 인비저블퍼피 오버핏 기모후드 챠콜,0.0,0,50400,50400,50400,0,0,0.0,64.28,0,low,24.09,4,1,6,https://www.musinsa.com/products/3622278
2026-09-01,아틀리에 나인,3630150,코델 울라쿤 스탠다드 가디건(CD-2080),0.0,0,116100,116100,116100,0,0,0.0,64.28,0,low,24.09,4,1,6,https://www.musinsa.com/products/3630150
2026-09-01,커버낫,3633670,미드 기장 후드 퍼 다운 점퍼 브라운,0.0,0,215400,215400,215400,0,0,0.0,39.33,0,low,24.08,4,1,6,https://www.musinsa.com/products/3633670
2026-09-01,트립르센스,3639302,히든 스냅 카라 니트_블랙,0.0,0,37000,37000,37000,0,0,0.0,51.8,0,low,23.5,5,1,6,https://www.musinsa.com/products/3639302
2026-09-01,트리밍버드,3646662,Sleeve Slit Boat Neck Knit [ Ivory ],0.0,0,189000,189000,189000,0,0,0.0,100.0,1,high,24.09,5,2,6,https://www.musinsa.com/products/3646662
2026-09-01,드로우핏 우먼,3649798,볼드 노티드 롱 머플러 [BLACK],0.0,0,37800,37800,37800,0,0,0.0,26.28,0,low,24.01,5,1,6,https://www.musinsa.com/products/3649798
2026-09-01,어반드레스,3651014,Happy Line Knit Pants - 4COL,0.0,0,22090,22090,22090,0,0,0.0,100.0,1,high,24.09,5,2,6,https://www.musinsa.com/products/3651014
2026-09-01,론론,3656710,FLOWER PATTERN CORDUROY PANTS IVORY,0.0,0,80190,80190,89100,1,-8910,-10.0,100.0,1,medium,24.09,5,2,6,https://www.musinsa.com/products/3656710
2026-09-01,카네이테이,3672454,ROLL & CARRY PICNIC MAT (BLACK) / RECYCLED,0.0,0,60760,60760,108500,1,-47740,-44.0,100.0,1,medium,24.08,5,2,6,https://www.musinsa.com/products/3672454
2026-09-01,론론,3759750,BIG RIBBON KNIT CARDIGAN BLACK,0.0,0,80190,80190,89100,1,-8910,-10.0,100.0,1,medium,24.09,5,2,6,https://www.musinsa.com/products/3759750
2026-09-01,더뮤지엄비지터,3761670,CURVED ZIPPER PUFFER DOWN VEST (SKY BLUE),0.0,0,144000,144000,144000,0,0,0.0,100.0,1,high,24.08,5,2,6,https://www.musinsa.com/products/3761670
2026-09-01,커버낫,3773894,플래그 래글런 후디 아이보리,0.0,0,49000,49000,49000,0,0,0.0,39.34,0,low,24.08,4,1,6,https://www.musinsa.com/products/3773894
2026-09-01,나이스고스트클럽,3776774,CRAYON ANGEL&DEVIL ZIP POLO KNIT_BLACK(NG2ESUK680A),0.0,0,48060,48060,37380,1,10680,28.57,51.83,0,low,23.5,5,1,6,https://www.musinsa.com/products/3776774
2026-09-01,아이돈워너셀,3781126,Wave Line Boucle Collar Knit Black,0.0,0,74500,74500,74500,0,0,0.0,39.35,0,low,24.08,4,1,6,https://www.musinsa.com/products/3781126
2026-09-01,드로우핏 우먼,3783494,버튼 레더 하프 자켓 [BLACK],0.26,39317,149600,149600,149600,0,0,0.0,26.29,0,low,24.01,5,1,6,https://www.musinsa.com/products/3783494
2026-09-01,드로우핏,3783686,커버렉 스웨이드 블루종 자켓 [BLACK],0.0,0,139200,139200,139200,0,0,0.0,76.8,0,low,24.09,4,1,6,https://www.musinsa.com/products/3783686
2026-09-01,어반드레스,3784774,Tock Hooded Zip-up - 3COL,0.0,0,46500,46500,46500,0,0,0.0,100.0,1,high,24.09,5,2,6,https://www.musinsa.com/products/3784774
2026-09-01,더뮤지엄비지터,3786502,HEART DESTROYED DENIM PANTS (DENIM),0.0,0,45000,45000,45000,0,0,0.0,100.0,1,high,24.08,5,2,6,https://www.musinsa.com/products/3786502
2026-09-01,코드그라피,3790726,벌룬핏 코튼 후드 집업 점퍼_라이트그레이,0.0,0,83300,83300,69900,1,13400,19.17,76.8,0,low,24.09,4,1,6,https://www.musinsa.com/products/3790726
2026-09-01,필루미네이트,3792390,1988 서클 로고 후드 집 업-라이트그레이,0.0,0,46000,46000,46000,0,0,0.0,51.84,0,low,23.5,5,1,6,https://www.musinsa.com/products/3792390
2026-09-01,키뮤어,3792838,럭비 카라드 맨투맨_오트밀,0.0,0,48300,48300,48300,0,0,0.0,100.0,1,high,24.09,5,2,6,https://www.musinsa.com/products/3792838
2026-09-01,본투윈,3794438,BIG B LOGO KNEE SOCKS [BLACK],3.97,68357,17220,17000,17900,1,-900,-5.03,100.0,1,medium,24.01,11,6,6,https://www.musinsa.com/products/3794438
2026-09-01,키뮤어,3794566,(우먼) 유틸리티 2-WAY 크롭 자켓_브라운,0.0,0,76300,76300,76300,0,0,0.0,100.0,1,high,24.09,5,2,6,https://www.musinsa.com/products/3794566
2026-09-01,키르시,3799878,스몰 체리 브이넥 크롭 케이블 니트 [살몬],0.0,0,32500,32500,32500,0,0,0.0,39.36,0,low,24.08,4,1,6,https://www.musinsa.com/products/3799878
2026-09-01,스컬프터,3801094,Camouflage Mohair Zip-Up Forest,0.0,0,87360,87360,109200,1,-21840,-20.0,100.0,1,medium,24.08,5,2,6,https://www.musinsa.com/products/3801094
2026-09-01,파브레가,3801286,오드리 옴브레 체크 셔츠 (블랙),0.0,0,69300,69300,69300,0,0,0.0,76.81,0,low,24.09,4,1,6,https://www.musinsa.com/products/3801286
2026-09-01,알리스,3801670,테슬 라인 스티치 니트 트러커 자켓 [딥네이비],0.0,0,96900,96900,101460,1,-4560,-4.49,89.27,0,low,24.09,4,1,6,https://www.musinsa.com/products/3801670
2026-09-01,코드그라피,3804294,(우먼) WAVE 로고 크롭 후드 집업_3color,0.0,0,31600,31600,31600,0,0,0.0,76.81,0,low,24.09,4,1,6,https://www.musinsa.com/products/3804294
2026-09-01,로템버,3807878,핀 턱 포인티드 라운지 스웨트 팬츠 [GREY],0.0,0,33000,33000,36500,1,-3500,-9.59,26.3,0,low,24.01,5,1,6,https://www.musinsa.com/products/3807878
2026-09-01,넌블랭크,3812742,[CARREMAN] 세미 와이드 핏 슬랙스_BLACK,0.53,24990,47200,47200,47200,0,0,0.0,51.85,0,low,23.5,5,1,6,https://www.musinsa.com/products/3812742
2026-09-01,데케트,3814854,Dawn Denim Jacket DCJK001LightBlue,0.0,0,34000,34000,34000,0,0,0.0,89.28,0,low,24.09,4,1,6,https://www.musinsa.com/products/3814854
2026-09-01,노매뉴얼,3816006,2C TRUCKER BALL CAP - CHARCOAL,0.0,0,37050,37050,37050,0,0,0.0,89.28,0,low,24.09,4,1,6,https://www.musinsa.com/products/3816006
2026-09-01,노매뉴얼,3816070,VAGUS DUFFLE BAG - BLACK,0.0,0,71200,71200,71200,0,0,0.0,89.28,0,low,24.09,4,1,6,https://www.musinsa.com/products/3816070
2026-09-01,필루미네이트,3816902,스포티 심볼 로고 쇼츠-브라운,0.0,0,23000,23000,23000,0,0,0.0,51.85,0,low,23.5,5,1,6,https://www.musinsa.com/products/3816902
2026-09-01,더바이닐하우스,3819334,WESTERN CHECK SHIRTS PINK (VH2ESUW321A),0.0,0,57500,57500,101400,1,-43900,-43.29,39.37,0,low,24.08,4,1,6,https://www.musinsa.com/products/3819334
2026-09-01,파르티멘토 우먼,3821766,PW 더블 레이어드 롱 슬리브 티_12컬러,0.0,0,39690,39690,30870,1,8820,28.57,89.29,0,low,24.09,4,1,6,https://www.musinsa.com/products/3821766
2026-09-01,유니폼브릿지,3822470,military parachute pants sage green,0.0,0,31800,31800,31800,0,0,0.0,100.0,1,high,24.08,5,2,6,https://www.musinsa.com/products/3822470
2026-09-01,유니폼브릿지,3822918,3layer zip training jacket black,0.0,0,57800,57800,57800,0,0,0.0,100.0,1,high,24.08,5,2,6,https://www.musinsa.com/products/3822918
2026-09-01,세터,3824006,[세터 X TWB] 올 데이 수피마 + 타올,0.0,0,79000,79000,79000,0,0,0.0,64.31,0,low,24.09,4,1,6,https://www.musinsa.com/products/3824006
2026-09-01,트래블,3825606,트레이스 크리즈 데님 스웨트셔츠 블랙,0.0,0,15800,15800,15800,0,0,0.0,26.3,0,low,24.01,5,1,6,https://www.musinsa.com/products/3825606
2026-09-01,리메인세컨드,3826566,미니멀 테이퍼드 히든 밴딩 슬랙스 [베이지],0.0,0,18900,18900,18900,0,0,0.0,64.31,0,low,24.09,4,1,6,https://www.musinsa.com/products/3826566
2026-09-01,로제프란츠,3827526,Two-way Knit Cardigan [Pink],0.0,0,45600,45600,39900,1,5700,14.29,76.82,0,low,24.09,4,1,6,https://www.musinsa.com/products/3827526
2026-09-01,시눈,3828934,BEADS POINT CARDIGAN (BLACK),0.0,0,99680,99680,99680,0,0,0.0,64.31,0,low,24.09,4,1,6,https://www.musinsa.com/products/3828934
2026-09-01,시눈,3829958,V-NECK RUFFLE BLOUSE (WHITE),0.0,0,88480,88480,88480,0,0,0.0,64.31,0,low,24.09,4,1,6,https://www.musinsa.com/products/3829958
2026-09-01,커버낫,3830342,C 로고 스웻 쇼츠 피치,0.0,0,23900,23900,23900,0,0,0.0,39.38,0,low,24.08,4,1,6,https://www.musinsa.com/products/3830342
2026-09-01,쿠어,3833414,넵트 코튼 투 포켓 셔츠 자켓 (화이트),0.0,0,153000,153000,153000,0,0,0.0,64.32,0,low,24.09,4,1,6,https://www.musinsa.com/products/3833414
2026-09-01,에스피오나지,3836358,Skater Chino Pants Dark Beige,1.98,252807,127800,127800,127800,0,0,0.0,100.0,1,high,24.09,5,2,6,https://www.musinsa.com/products/3836358
2026-09-01,비긴202,3836806,6포켓 스웻 팬츠 [블랙],0.77,83934,109650,109650,109650,0,0,0.0,76.82,0,low,24.09,4,1,6,https://www.musinsa.com/products/3836806
2026-09-01,코드그라피,3837510,(우먼) WAVE 로고 심볼 배색 후디_화이트,0.0,0,22210,22210,22210,0,0,0.0,76.82,0,low,24.09,4,1,6,https://www.musinsa.com/products/3837510
2026-09-01,노이어,3839686,럭스 코튼 베이직 니트 (아이보리),0.0,0,42500,42500,68000,1,-25500,-37.5,100.0,1,medium,24.09,5,2,6,https://www.musinsa.com/products/3839686
2026-09-01,유니폼브릿지,3840390,velcro parachute pants sage green,0.0,0,31800,31800,31800,0,0,0.0,100.0,1,high,24.08,5,2,6,https://www.musinsa.com/products/3840390
2026-09-01,유니폼브릿지,3840838,24ss utility hood jacket black,0.0,0,43800,43800,43800,0,0,0.0,100.0,1,high,24.08,5,2,6,https://www.musinsa.com/products/3840838
2026-09-01,낫포너드,3840902,Nylon Big Pocket Parachute Pants - Red,0.77,30107,39330,39330,39330,0,0,0.0,76.82,0,low,24.09,4,1,6,https://www.musinsa.com/products/3840902
2026-09-01,코드그라피,3841158,유틸리티 나일론 후드 베스트_네이비,0.0,0,55300,55300,55300,0,0,0.0,76.83,0,low,24.09,4,1,6,https://www.musinsa.com/products/3841158
2026-09-01,엘무드,3842886,메르시 트위드 하프 니트 차콜,0.0,0,44100,44100,44100,0,0,0.0,39.39,0,low,24.08,4,1,6,https://www.musinsa.com/products/3842886
2026-09-01,스컬프터,3844998,Applique Roll-Up Denim Washed Blue,0.0,0,77840,77840,97300,1,-19460,-20.0,100.0,1,medium,24.08,5,2,6,https://www.musinsa.com/products/3844998
2026-09-01,트릴리온,3845894,울 엘보우 패치 2WAY 해링턴 후드 자켓 (CHARCOAL),0.0,0,71600,71600,71600,0,0,0.0,89.29,0,low,24.09,4,1,6,https://www.musinsa.com/products/3845894
2026-09-01,코드그라피,3847942,(우먼) WAVE 로고 심볼 크롭 롱슬리브_화이트,0.0,0,14710,14710,14710,0,0,0.0,76.83,0,low,24.09,4,1,6,https://www.musinsa.com/products/3847942
2026-09-01,아틀리에 나인,3848134,STAY EARH OVERFIT SWEATSHIRT(T-6768),0.0,0,80100,80100,86330,1,-6230,-7.22,64.32,0,low,24.09,4,1,6,https://www.musinsa.com/products/3848134
2026-09-01,제멋,3848326,사이드 트랙 후드집업 블랙 OYHD2546,0.0,0,39900,39900,39900,0,0,0.0,100.0,1,high,24.09,5,2,6,https://www.musinsa.com/products/3848326
2026-09-01,썬러브투어,3849670,Club Chino Skort Charcoal,0.0,0,83600,83600,56430,1,27170,48.15,26.31,0,low,24.01,5,1,6,https://www.musinsa.com/products/3849670
2026-09-01,커버낫,3851206,데님 카펜터 세미와이드 팬츠 라이트 블루,0.0,0,49050,49050,49050,0,0,0.0,39.4,0,low,24.08,4,1,6,https://www.musinsa.com/products/3851206
2026-09-01,엑스트라오디너리,3851334,WOMEN B.S.C ANIME TEE  BLACK,0.0,0,29500,29500,29500,0,0,0.0,89.3,0,low,24.09,4,1,6,https://www.musinsa.com/products/3851334
2026-09-01,엑스트라오디너리,3851718,[핏더사이즈 PICK] B.S.C ANIME COACH JACKET  BLACK,0.0,0,79500,79500,79500,0,0,0.0,89.3,0,low,24.09,4,1,6,https://www.musinsa.com/products/3851718
2026-09-01,쿠어,3851974,오버 다잉 페이디드 신치 사이드 워크 팬츠 (크림베이지),0.0,0,175500,175500,175500,0,0,0.0,64.33,0,low,24.09,4,1,6,https://www.musinsa.com/products/3851974
2026-09-01,언탭트 스튜디오,3856838,[2PACK]바이오 워싱 와이드 청바지 데님 팬츠 6 COLOR,0.0,0,59730,59730,59730,0,0,0.0,51.87,0,low,23.5,5,1,6,https://www.musinsa.com/products/3856838
2026-09-01,언탭트 스튜디오,3856902,워셔블 비스코스 오버핏 2WAY 카라 니트 하찌 가디건 3 COLOR,5.87,232320,39580,39580,39580,0,0,0.0,100.0,1,high,10.2,18,6,6,https://www.musinsa.com/products/3856902
2026-09-01,나이스고스트클럽,3857542,FFATS PARACHUTE CARGO PANTS_BLACK(NG2ESUPA10A),0.0,0,63600,63600,63600,0,0,0.0,51.88,0,low,23.5,5,1,6,https://www.musinsa.com/products/3857542
2026-09-01,틸아이다이,3858566,Monica knit vest_Navy,0.0,0,59760,59760,59760,0,0,0.0,100.0,1,high,24.08,5,2,6,https://www.musinsa.com/products/3858566
2026-09-01,디스이즈네버댓,3861702,Flight Cargo Pant Khaki,0.0,0,84500,84500,84500,0,0,0.0,39.41,0,low,24.08,4,1,6,https://www.musinsa.com/products/3861702
2026-09-01,썬러브투어,3863686,Pace-up S/S Half Zip Pullover Dark Green,0.0,0,95600,95600,64530,1,31070,48.15,26.31,0,low,24.01,5,1,6,https://www.musinsa.com/products/3863686
2026-09-01,디스이즈네버댓,3864006,Zip Sweat Vest Black,0.0,0,35600,35600,35600,0,0,0.0,39.41,0,low,24.08,4,1,6,https://www.musinsa.com/products/3864006
2026-09-01,프리즘웍스,3870150,OG VINTAGE DYEING HALF TEE _ MUSTARD,0.0,0,37800,37800,42000,1,-4200,-10.0,100.0,1,medium,24.09,5,2,6,https://www.musinsa.com/products/3870150
2026-09-01,트립르센스,3892678,[유튜버 PICK] 커스텀 핀턱 커브드 와이드 슬랙스_그레이,0.0,0,99000,99000,99000,0,0,0.0,51.88,0,low,23.5,5,1,6,https://www.musinsa.com/products/3892678
2026-09-01,커버낫,3905030,C 로고 카라 하프 니트 아이보리,0.0,0,40100,40100,40100,0,0,0.0,39.42,0,low,24.08,4,1,6,https://www.musinsa.com/products/3905030
2026-09-01,넌블랭크,3912518,밴딩 퍼티그 팬츠_DARK GREY,0.0,0,131120,131120,131120,0,0,0.0,51.89,0,low,23.5,5,1,6,https://www.musinsa.com/products/3912518
2026-09-01,시야쥬,3918726,SITP5138 5부 코튼 티셔츠_Ivory,0.39,10176,25900,28310,25900,1,2410,9.31,39.43,0,low,24.08,4,1,6,https://www.musinsa.com/products/3918726
2026-09-01,디스이즈네버댓,3920582,Flame Satin Bucket Hat Black,0.0,0,23600,23600,23600,0,0,0.0,39.43,0,low,24.08,4,1,6,https://www.musinsa.com/products/3920582
2026-09-01,브랜디드,3923206,MAX WIDE DENIM PANTS [CRAZY BLUE],0.0,0,168300,168300,168300,0,0,0.0,76.85,0,low,24.09,4,1,6,https://www.musinsa.com/products/3923206
2026-09-01,무드인사이드,3927174,비건 스웨이드 바이커 자켓_3Color,5.14,307873,59900,59900,59900,0,0,0.0,100.0,1,high,24.01,11,4,6,https://www.musinsa.com/products/3927174
2026-09-01,더니트컴퍼니,3931270,코튼 캐시미어 케이블 카라 니트 [블랙],0.77,21749,28400,28400,28400,0,0,0.0,76.85,0,low,24.09,4,1,6,https://www.musinsa.com/products/3931270
2026-09-01,마인드브릿지 우먼,3934726,[W]원턱와이드슬랙스 - 3color MYPT3203,0.0,0,39900,39900,39900,0,0,0.0,64.34,0,low,24.09,4,1,6,https://www.musinsa.com/products/3934726
2026-09-01,파르티멘토 우먼,3937734,미디 파라슈트 팬츠_네이비,0.0,0,72090,72090,56070,1,16020,28.57,89.31,0,low,24.09,4,1,6,https://www.musinsa.com/products/3937734
2026-09-01,파르티멘토 우먼,3937798,2WAY 퍼프 스커트_스카이,0.0,0,47790,47790,37170,1,10620,28.57,89.31,0,low,24.09,4,1,6,https://www.musinsa.com/products/3937798
2026-09-01,론론,3941958,FLORAL LONG SLEEVE IVORY PINK FLOWER,0.0,0,44550,44550,39600,1,4950,12.5,100.0,1,medium,24.09,5,2,6,https://www.musinsa.com/products/3941958
2026-09-01,세컨모놀로그,3942278,Flap Sheer Windbreaker [SKYBLUE]_SEJK010SKYBLUE,0.39,24484,62300,62300,62300,0,0,0.0,39.44,0,low,24.08,4,1,6,https://www.musinsa.com/products/3942278
2026-09-01,해칭룸,3943686,Berger Parka V2 Black,0.0,0,238400,238400,238400,0,0,0.0,89.32,0,low,24.09,4,1,6,https://www.musinsa.com/products/3943686
2026-09-01,코드그라피,3947654,CGP 로고 배색 반팔 니트_라이트그레이,0.0,0,22210,22210,22210,0,0,0.0,76.86,0,low,24.09,4,1,6,https://www.musinsa.com/products/3947654
2026-09-01,틸아이다이,3947846,Crispy compact wind breaker jumper_Black,0.0,0,145350,145350,153000,1,-7650,-5.0,100.0,1,medium,24.08,5,2,6,https://www.musinsa.com/products/3947846
2026-09-01,999휴머니티,3949382,시어 페더 슬리브리스 (모브),0.0,0,263000,263000,263000,0,0,0.0,64.34,0,low,24.09,4,1,6,https://www.musinsa.com/products/3949382
2026-09-01,스키즘 인듀싱,3950534,"FAKE REWORKED ZIP HOODIE, NAVY",0.0,0,182400,182400,182400,0,0,0.0,100.0,1,high,24.09,5,2,6,https://www.musinsa.com/products/3950534
2026-09-01,바이젝,3954054,[SET] 퍼펙트 특양면 빅로고 머슬핏 반팔 티셔츠_2Color,0.39,26884,68400,53000,68400,1,-15400,-22.51,39.44,0,low,24.08,4,1,6,https://www.musinsa.com/products/3954054
2026-09-01,마인드브릿지,3963014,[쿨]조직변형자켓 MYJK3103,0.0,0,79900,79900,79900,0,0,0.0,89.32,0,low,24.09,4,1,6,https://www.musinsa.com/products/3963014
2026-09-01,파르티멘토 우먼,3973702,레이스 업 포인티드 발렛 플랫_브라운,0.0,0,251100,251100,195300,1,55800,28.57,89.32,0,low,24.09,4,1,6,https://www.musinsa.com/products/3973702
2026-09-01,파르티멘토 우먼,3973894,오픈 백 니트 탑_멜란지,0.0,0,64800,64800,50400,1,14400,28.57,89.32,0,low,24.09,4,1,6,https://www.musinsa.com/products/3973894
2026-09-01,키뮤어,3974534,(우먼) 코튼 라운드 케이블 하프 니트_스카이 블루,0.0,0,34300,34300,34300,0,0,0.0,100.0,1,high,24.09,5,2,6,https://www.musinsa.com/products/3974534
2026-09-01,키뮤어,3974598,디스트로이드 데님 팬츠_블랙,0.0,0,29700,29700,29700,0,0,0.0,100.0,1,high,24.09,5,2,6,https://www.musinsa.com/products/3974598
2026-09-01,드로우핏 우먼,3984006,플라워 패치 수피마 반팔 티셔츠 [YELLOW BEIGE],0.0,0,39600,39600,39600,0,0,0.0,26.33,0,low,24.01,5,1,6,https://www.musinsa.com/products/3984006
2026-09-01,에이치덱스,3984262,매쉬 라운딩 쇼츠 (Black),0.0,0,33000,33000,33000,0,0,0.0,76.86,0,low,24.09,4,1,6,https://www.musinsa.com/products/3984262
2026-09-01,아틀리에 나인,3986310,ESSENTIAL SLIM STRAIGHT PANTS(PT-5521),0.0,0,41400,41400,41400,0,0,0.0,64.35,0,low,24.09,4,1,6,https://www.musinsa.com/products/3986310
2026-09-01,마인드브릿지 우먼,3989254,[ON][W]U넥 티셔츠 - 5color,0.0,0,19900,19900,19900,0,0,0.0,64.35,0,low,24.09,4,1,6,https://www.musinsa.com/products/3989254
2026-09-01,아메스 월드와이드,3994694,BASIC LOGO TEE WHITE,4.9,116632,23800,23800,23800,0,0,0.0,100.0,1,high,9.05,20,6,6,https://www.musinsa.com/products/3994694
2026-09-01,키르시,3998022,카라 셔링 우븐 베스트 집업 [화이트],0.0,0,44550,44550,44550,0,0,0.0,39.45,0,low,24.08,4,1,6,https://www.musinsa.com/products/3998022
2026-09-01,커버낫,3998214,와이드 버뮤다 쇼츠 크림,0.0,0,39000,39000,39000,0,0,0.0,39.46,0,low,24.08,4,1,6,https://www.musinsa.com/products/3998214
2026-09-01,가까이 유니언즈,4013062,히릿 스타 피그먼트 반팔 티셔츠 차콜,0.0,0,31900,31900,31900,0,0,0.0,64.37,0,low,24.09,4,1,6,https://www.musinsa.com/products/4013062
2026-09-01,기철,4017670,SUMMER VACATION BALLOON PANTS (LIGHT BLUE),0.0,0,31600,31600,31600,0,0,0.0,64.37,0,low,24.09,4,1,6,https://www.musinsa.com/products/4017670
2026-09-01,드로우핏 우먼,4020998,리프 린넨 반팔 니트 가디건 [RED],0.0,0,57600,57600,57600,0,0,0.0,26.33,0,low,24.01,5,1,6,https://www.musinsa.com/products/4020998
2026-09-01,제이엘브,4021830,아치로고 헤비 루즈핏 롱슬리브,0.0,0,32300,32300,32300,0,0,0.0,51.92,0,low,23.5,5,1,6,https://www.musinsa.com/products/4021830
2026-09-01,드로우핏 우먼,4024390,버티컬 라인 데님 롱 스커트 [BLUE],0.0,0,55800,55800,55800,0,0,0.0,26.34,0,low,24.01,5,1,6,https://www.musinsa.com/products/4024390
2026-09-01,코드그라피,4024774,(우먼) WAVE 로고 심볼 케이블 카라 반팔 니트_화이트,0.0,0,19200,19200,19200,0,0,0.0,76.87,0,low,24.09,4,1,6,https://www.musinsa.com/products/4024774
2026-09-01,트래블,4030854,스미스 피그먼트 후드 집업 자켓 허니콤 베이지,0.0,0,54500,54500,54500,0,0,0.0,26.34,0,low,24.01,5,1,6,https://www.musinsa.com/products/4030854
2026-09-01,데케트,4031238,[썸머 린넨라이크]Linen Like Mid Rise Wide Jeans DCPT039Blue,0.0,0,23600,23600,23600,0,0,0.0,89.33,0,low,24.09,4,1,6,https://www.musinsa.com/products/4031238
2026-09-01,플레어업,4034182,Vanish Halterneck Top (FL-124_White),0.0,0,49000,49000,34300,1,14700,42.86,89.33,0,low,24.09,4,1,6,https://www.musinsa.com/products/4034182
2026-09-01,론론,4045062,MULTI STRIPE KNIT CARDIGAN BLUE PINK,0.0,0,62370,62370,43120,1,19250,44.64,100.0,1,medium,24.09,5,2,6,https://www.musinsa.com/products/4045062
2026-09-01,아메스 월드와이드,4055686,ROUND HEM CROP TEE RED,0.89,24304,27300,19110,27300,1,-8190,-30.0,89.34,0,low,24.09,11,1,6,https://www.musinsa.com/products/4055686
2026-09-01,아캄,4056006,Punch Boy Printed Ringer Top (Red),0.0,0,36400,36400,41600,1,-5200,-12.5,64.37,0,low,24.09,4,1,6,https://www.musinsa.com/products/4056006
2026-09-01,로제프란츠,4064710,Drape Off Shoulder Sleeveless [White],0.0,0,31360,31360,27440,1,3920,14.29,76.89,0,low,24.09,4,1,6,https://www.musinsa.com/products/4064710
2026-09-01,시눈,4065030,Piece Peach Puff T-Shirt (White),0.0,0,29680,29680,29680,0,0,0.0,64.38,0,low,24.09,4,1,6,https://www.musinsa.com/products/4065030
2026-09-01,1993스튜디오,4070150,[LG트윈스] 아플리케 베이스볼 유니폼 셔츠_블랙,0.0,0,65600,65600,65600,0,0,0.0,39.48,0,low,24.08,4,1,6,https://www.musinsa.com/products/4070150
2026-09-01,파브레가,4074822,만다린 스트라이프 하프 셔츠 (버터),0.0,0,69300,69300,69300,0,0,0.0,76.9,0,low,24.09,4,1,6,https://www.musinsa.com/products/4074822
2026-09-01,코드그라피,4082822,(우먼) WAVE 로고 심볼 셔링 쇼츠_네이비,0.0,0,30800,30800,30800,0,0,0.0,76.9,0,low,24.09,4,1,6,https://www.musinsa.com/products/4082822
2026-09-01,브라운야드,4083590,"밀리터리 데님 쇼츠, 에크루",0.0,0,84000,84000,84000,0,0,0.0,51.95,0,low,23.5,5,1,6,https://www.musinsa.com/products/4083590
2026-09-01,엑스트라오디너리,4090118,헤비코튼  BASIC SMALL LOGO TEE   M/GREY,0.0,0,23650,23650,23650,0,0,0.0,89.35,0,low,24.09,4,1,6,https://www.musinsa.com/products/4090118
2026-09-01,유니폼브릿지,4092742,goldenwest s/s tee butter gold,0.0,0,15600,15600,15600,0,0,0.0,86.08,0,low,24.08,5,1,6,https://www.musinsa.com/products/4092742
2026-09-01,키르시,4098374,유니 카고 포켓 버뮤다 팬츠 [블랙],0.0,0,59500,59500,59500,0,0,0.0,39.48,0,low,24.08,4,1,6,https://www.musinsa.com/products/4098374
2026-09-01,드로우핏 우먼,4101702,린넨 시어 루즈핏 니트 [SILVER],0.0,0,44100,44100,44100,0,0,0.0,26.35,0,low,24.01,5,1,6,https://www.musinsa.com/products/4101702
2026-09-01,모즈모즈,4101894,[SET]  액티브 MOZ 오버핏 반팔 티셔츠,0.0,0,35200,35200,35200,0,0,0.0,64.39,0,low,24.09,4,1,6,https://www.musinsa.com/products/4101894
2026-09-01,시야쥬,4103302,SIKN2115 시스루 반팔 니트 가디건_Ivory,0.0,0,72090,72090,62300,1,9790,15.71,39.48,0,low,24.08,4,1,6,https://www.musinsa.com/products/4103302
2026-09-01,시야쥬,4103686,SITP5150 오버핏 라운지 ST 셔츠_Light blue ST,0.0,0,72090,72090,89000,1,-16910,-19.0,39.48,0,low,24.08,4,1,6,https://www.musinsa.com/products/4103686
2026-09-01,플랙,4109126,썸머 스트레이트 데님팬츠 M29 로우,0.0,0,69000,69000,69000,0,0,0.0,39.49,0,low,24.08,4,1,6,https://www.musinsa.com/products/4109126
2026-09-01,트릴리온,4111302,라운드 포켓 벌룬핏 워싱 데님 팬츠 (SAND BLUE),0.0,0,34900,34900,34900,0,0,0.0,89.36,0,low,24.09,4,1,6,https://www.musinsa.com/products/4111302
2026-09-01,파르티멘토,4135366,클래식 체크 박시 오버핏 롤업 하프 셔츠 빈티지 레드,0.39,16897,42930,47700,42930,1,4770,11.11,39.5,0,low,24.08,4,1,6,https://www.musinsa.com/products/4135366
2026-09-01,노이어,4139014,3D 플리츠 하프 팬츠 (블랙),0.0,0,70000,70000,63000,1,7000,11.11,100.0,1,medium,24.09,5,2,6,https://www.musinsa.com/products/4139014
2026-09-01,스키즘 인듀싱,4149062,MY LORD T SHIRT,0.0,0,24500,24500,19600,1,4900,25.0,100.0,1,medium,24.09,5,2,6,https://www.musinsa.com/products/4149062
2026-09-01,토피,4149702,SL01 섬머 데님 와이드 팬츠 (VINTAGE BLUE),0.0,0,33900,33900,33500,1,400,1.19,100.0,1,medium,24.08,8,3,6,https://www.musinsa.com/products/4149702
2026-09-01,바우로 프로덕트,4150598,실켓 코튼 머슬 반팔티 [그레이],0.0,0,34900,34900,34900,0,0,0.0,76.92,0,low,24.09,4,1,6,https://www.musinsa.com/products/4150598
2026-09-01,트립르센스,4153030,아티컬 스트라이프 셔츠_네이비,0.0,0,83200,83200,83200,0,0,0.0,51.97,0,low,23.5,5,1,6,https://www.musinsa.com/products/4153030
2026-09-01,피인오,4153926,9110 원턱 세미와이드 슬랙스 - 베이지,0.0,0,24900,24900,24900,0,0,0.0,51.97,0,low,23.5,5,1,6,https://www.musinsa.com/products/4153926
2026-09-01,유니온블루,4154374,HARD TWIST COMFORT POLO KNIT [PURPLE GRAY],0.0,0,60440,60440,71100,1,-10660,-14.99,100.0,1,medium,24.08,5,2,6,https://www.musinsa.com/products/4154374
2026-09-01,드로우핏 우먼,4168262,퍼프 슬리브 수피마 코튼 반팔 티셔츠 [BLACK],0.0,0,31500,31500,31500,0,0,0.0,26.36,0,low,24.01,5,1,6,https://www.musinsa.com/products/4168262
2026-09-01,밀로 아카이브,4188422,소프트 U넥 세미 오버핏 티셔츠 [멜란지 그레이],0.53,11466,21600,15960,21600,1,-5640,-26.11,51.98,0,low,23.5,5,1,6,https://www.musinsa.com/products/4188422
2026-09-01,파르티멘토 우먼,4207238,컷아웃 스트래피 뮬_화이트,0.0,0,250200,250200,194600,1,55600,28.57,89.37,0,low,24.09,4,1,6,https://www.musinsa.com/products/4207238
2026-09-01,러브이즈트루,4223302,[FILA UNDERWEAR X LUVISTRUE] BELLO PATTERN PANTY(WHITE),0.0,0,11200,11200,11200,0,0,0.0,51.99,0,low,23.5,5,1,6,https://www.musinsa.com/products/4223302
2026-09-01,오퍼스 0012,4240326,Op. 09 LIQUID CARGO PANTS BLACK,0.14,9684,69500,69500,69500,0,0,0.0,100.0,1,high,24.08,5,2,6,https://www.musinsa.com/products/4240326
2026-09-01,디앤에스알,4243846,시그니처 와이드 데님 팬츠 핸드 브러쉬 블랙,0.0,0,79200,79200,79200,0,0,0.0,64.41,0,low,24.09,4,1,6,https://www.musinsa.com/products/4243846
2026-09-01,파르티멘토 우먼,4245510,더블 웨이스트 파라슈트 팬츠_핑크,0.0,0,72090,72090,56070,1,16020,28.57,89.38,0,low,24.09,4,1,6,https://www.musinsa.com/products/4245510
2026-09-01,러프사이드,4259078,Quilted Comfort Jacket Ash Black,0.0,0,268000,268000,268000,0,0,0.0,64.41,0,low,24.09,4,1,6,https://www.musinsa.com/products/4259078
2026-09-01,언더오프,4262022,오버핏 하프 집업 맨투맨 스웨트 그린,0.0,0,26900,26900,19200,1,7700,40.1,39.53,0,low,24.08,4,1,6,https://www.musinsa.com/products/4262022
2026-09-01,필루미네이트,4266758,더블 니 워크 팬츠-블랙,0.0,0,39000,39000,39000,0,0,0.0,52.0,0,low,23.5,5,1,6,https://www.musinsa.com/products/4266758
2026-09-01,리메인세컨드,4274118,오버핏 볼륨 워셔블 하프집업 하찌 니트 [그레이],0.0,0,32800,32800,32800,0,0,0.0,64.41,0,low,24.09,4,1,6,https://www.musinsa.com/products/4274118
2026-09-01,파르티멘토 우먼,4275334,PWC 버튼 포인티드 트렁크 쇼츠_3컬러,0.0,0,27540,27540,21420,1,6120,28.57,89.39,0,low,24.09,4,1,6,https://www.musinsa.com/products/4275334
2026-09-01,엘무드,4278854,슬리피 코튼 브러쉬드 풀오버 니트 뉴트럴 그레이,0.39,21096,53550,59500,53550,1,5950,11.11,39.53,0,low,24.08,4,1,6,https://www.musinsa.com/products/4278854
2026-09-01,노매뉴얼,4279494,H.G.P BALL CAP - WASHED BLACK,0.0,0,35700,35700,35700,0,0,0.0,89.39,0,low,24.09,4,1,6,https://www.musinsa.com/products/4279494
2026-09-01,필루미네이트,4279814,나일론 팟 퀼팅 자켓-네이비,0.0,0,42900,42900,42900,0,0,0.0,52.0,0,low,23.5,5,1,6,https://www.musinsa.com/products/4279814
2026-09-01,트래블,4280006,로고 아플리케 후드티 블랙,0.0,0,38000,38000,38000,0,0,0.0,26.37,0,low,24.01,5,1,6,https://www.musinsa.com/products/4280006
2026-09-01,언탭트 스튜디오,4283718,딥 원턱 와이드 롱 스웨트 트레이닝 팬츠 2 COLOR,6.74,168309,24960,24960,24960,0,0,0.0,100.0,1,high,10.16,15,6,6,https://www.musinsa.com/products/4283718
2026-09-01,엑스오엑스,4284614,세미 오버핏 후드 스웻 셔츠 [M/GREY],0.0,0,15900,15900,15900,0,0,0.0,64.42,0,low,24.09,4,1,6,https://www.musinsa.com/products/4284614
2026-09-01,엑스오엑스,4285254,원턱 와이드 스웻 팬츠 [M/GREY],0.0,0,21600,21600,21600,0,0,0.0,64.42,0,low,24.09,4,1,6,https://www.musinsa.com/products/4285254
2026-09-01,커버낫,4286854,어센틱 아플리케 코듀로이 볼캡 네이비,0.0,0,34300,34300,34300,0,0,0.0,39.54,0,low,24.08,4,1,6,https://www.musinsa.com/products/4286854
2026-09-01,유니폼브릿지,4290246,fisherman wool crew neck knit black,0.0,0,49800,49800,49800,0,0,0.0,100.0,1,high,24.08,5,2,6,https://www.musinsa.com/products/4290246
2026-09-01,나인제트,4298758,[2PACK] 시그니처 모크넥 머슬핏 긴팔 티셔츠,0.0,0,83800,83800,83800,0,0,0.0,89.4,0,low,24.08,4,1,6,https://www.musinsa.com/products/4298758
2026-09-01,트래블,4300358,하트스페이스 후드티 딥 블루,0.0,0,39500,39500,39500,0,0,0.0,26.38,0,low,24.01,5,1,6,https://www.musinsa.com/products/4300358
2026-09-01,드로우핏,4300486,헤리티지 헌팅 블루종 자켓 [SAND BEIGE],0.0,0,139200,139200,139200,0,0,0.0,76.93,0,low,24.08,4,1,6,https://www.musinsa.com/products/4300486
2026-09-01,데케트,4300550,Dawn Semi Flared Jeans DCPT044DBlue,0.89,38665,43400,43400,43400,0,0,0.0,89.41,0,low,24.09,4,1,6,https://www.musinsa.com/products/4300550
2026-09-01,커버낫,4304710,스몰 어센틱 후디 그레이,0.0,0,55300,55300,55300,0,0,0.0,39.55,0,low,24.08,4,1,6,https://www.musinsa.com/products/4304710
2026-09-01,드로우핏,4306118,오버사이즈 벌키 라운드 가디건 [CHARCOAL],0.0,0,69300,69300,69300,0,0,0.0,76.94,0,low,24.09,4,1,6,https://www.musinsa.com/products/4306118
2026-09-01,브랜디드,4306182,[스토커즈 콜라보] COMFY JEANS (WASHED BLACK),1.53,120219,78400,78400,78400,0,0,0.0,76.94,0,low,24.09,4,1,6,https://www.musinsa.com/products/4306182
2026-09-01,아워데이즈,4307910,글렌 플레이드 체크 셔츠 [NAVY],0.0,0,39200,39200,39200,0,0,0.0,76.94,0,low,24.08,4,1,6,https://www.musinsa.com/products/4307910
2026-09-01,세터,4311942,테오 코튼 밴딩 스웨트팬츠 멜란지 그레이,0.0,0,139000,139000,139000,0,0,0.0,64.42,0,low,24.09,4,1,6,https://www.musinsa.com/products/4311942
2026-09-01,마인드브릿지,4312774,[SET][COUTURE]골조직오버핏자켓 셋업,0.0,0,89000,89000,89000,0,0,0.0,89.42,0,low,24.09,4,1,6,https://www.musinsa.com/products/4312774
2026-09-01,코드그라피,4313414,(우먼) CGP 스퀘어 로고 맨투맨_스카이블루,0.0,0,41300,41300,41300,0,0,0.0,76.94,0,low,24.08,4,1,6,https://www.musinsa.com/products/4313414
2026-09-01,던스트,4318790,김지민 착용 CLASSIC BOWLING BAG_UDBA6F203_BLACK,0.0,0,199000,199000,199000,0,0,0.0,52.01,0,low,23.5,5,1,6,https://www.musinsa.com/products/4318790
2026-09-01,칙스,4319494,샌디온 브이넥 레이어드 긴팔티 Navy,0.0,0,20900,20900,16720,1,4180,25.0,100.0,1,medium,24.09,5,2,6,https://www.musinsa.com/products/4319494
2026-09-01,모즈모즈,4319814,테리 기모 피그먼트 로맨틱 로즈 오버핏 후드 챠콜,0.0,0,68000,68000,68000,0,0,0.0,64.43,0,low,24.09,4,1,6,https://www.musinsa.com/products/4319814
2026-09-01,비긴202,4320774,옴브레 체크 셔츠 [브라운 X 블루],0.0,0,29430,29430,29430,0,0,0.0,76.95,0,low,24.08,4,1,6,https://www.musinsa.com/products/4320774
2026-09-01,알리스,4321990,브러쉬드 시그니처 아트웍 후드 티셔츠 [더스티그레이],0.0,0,79900,79900,83660,1,-3760,-4.49,89.42,0,low,24.09,4,1,6,https://www.musinsa.com/products/4321990
2026-09-01,커버낫,4322566,컬리지 블록 트랙 자켓 아이보리,0.0,0,92950,92950,92950,0,0,0.0,39.56,0,low,24.08,4,1,6,https://www.musinsa.com/products/4322566
2026-09-01,로템버,4322694,[데일리룸 X 로템버] 벌룬 레그 밀 와이드 카고 팬츠 [BEIGE],0.26,17642,66880,67760,66880,1,880,1.32,26.39,0,low,24.01,5,1,6,https://www.musinsa.com/products/4322694
2026-09-01,카네이테이,4323014,USS WILLIAMSON 244 CREWNECK (CHARCOAL),0.0,0,44240,44240,59250,1,-15010,-25.33,100.0,1,medium,24.08,5,2,6,https://www.musinsa.com/products/4323014
2026-09-01,테이크이지,4323718,자이언트핏 솔리드 후드집업 (블랙),0.0,0,39900,39900,39900,0,0,0.0,39.57,0,low,24.08,4,1,6,https://www.musinsa.com/products/4323718
2026-09-01,틸아이다이,4324358,Cotton solid polo t-shirt_Melange,0.0,0,78330,78330,78330,0,0,0.0,100.0,1,high,24.08,5,2,6,https://www.musinsa.com/products/4324358
2026-09-01,나이스고스트클럽,4324678,SPRAY SKULL 3STAR HOODIE ZIP UP_GREEN(NG2EFUM485A),0.0,0,53460,53460,41580,1,11880,28.57,52.01,0,low,23.5,5,1,6,https://www.musinsa.com/products/4324678
2026-09-01,아이돈워너셀,4326918,Saga Mark MTM Black,0.39,17548,44500,44500,44500,0,0,0.0,39.57,0,low,24.08,4,1,6,https://www.musinsa.com/products/4326918
2026-09-01,트릴리온,4328518,울 라이크 인버티드 턱 헤링본 와이드 팬츠 (GRAY),0.0,0,43000,43000,43000,0,0,0.0,89.43,0,low,24.09,4,1,6,https://www.musinsa.com/products/4328518
2026-09-01,트립르센스,4329734,빈티지 플란넬 체크 셔츠_빈티지 블루,0.0,0,62400,62400,62400,0,0,0.0,52.02,0,low,23.5,5,1,6,https://www.musinsa.com/products/4329734
2026-09-01,몽돌,4330694,울 캐시미어 라운드넥 가디건 그레이 MDCD026GRAY,0.0,0,50320,50320,50320,0,0,0.0,100.0,1,high,24.08,5,2,6,https://www.musinsa.com/products/4330694
2026-09-01,넌블랭크,4331526,원 포인트 스트라이프 타이_GREY,1.0,21520,21520,21520,21520,0,0,0.0,31.64,0,low,6.74,7,2,6,https://www.musinsa.com/products/4331526
2026-09-01,트릴리온,4332038,워셔블 아란 케이블 후드 집업 니트 (MELANGE GRAY),0.0,0,39990,39990,39990,0,0,0.0,89.43,0,low,24.09,4,1,6,https://www.musinsa.com/products/4332038
2026-09-01,넌블랭크,4335750,울 100 솔리드 타이_BLACK,0.0,0,33600,33600,33600,0,0,0.0,52.02,0,low,23.5,5,1,6,https://www.musinsa.com/products/4335750
2026-09-01,썸웨어버터,4336198,Lettering Long Top - Red,0.0,0,32400,32400,32400,0,0,0.0,52.02,0,low,23.5,5,1,6,https://www.musinsa.com/products/4336198
2026-09-01,낫포너드,4343174,Offshoot Logo Denim Hood - Deep Blue,0.0,0,49000,49000,49000,0,0,0.0,76.97,0,low,24.08,4,1,6,https://www.musinsa.com/products/4343174
2026-09-01,트리밍버드,4344006,Front Yoke Leather Pants [ Black ],0.0,0,189000,189000,189000,0,0,0.0,100.0,1,high,24.09,5,2,6,https://www.musinsa.com/products/4344006
2026-09-01,넌블랭크,4344966,세미 오버 핏 저지 셋업 수트_DARK BROWN,0.0,0,174400,174400,174400,0,0,0.0,52.02,0,low,23.5,5,1,6,https://www.musinsa.com/products/4344966
2026-09-01,디스이즈네버댓,4345030,Sleepy Cat Hoodie Midnight,0.0,0,54500,54500,54500,0,0,0.0,39.58,0,low,24.08,4,1,6,https://www.musinsa.com/products/4345030
2026-09-01,레더리,4346438,레글런 트랙 니트 집업 [5COLOR],3.56,166190,46620,53280,46620,1,6660,14.29,100.0,1,medium,24.09,6,2,6,https://www.musinsa.com/products/4346438
2026-09-01,레더리,4346630,레더 오버핏 블루종 자켓 [BLACK],0.0,0,79520,79520,69580,1,9940,14.29,89.44,0,low,24.08,4,1,6,https://www.musinsa.com/products/4346630
2026-09-01,커스텀어클락,4349382,스톤워싱 기모 후드 5 COLOR COOSTS255,0.0,0,56000,56000,56000,0,0,0.0,39.58,0,low,24.08,4,1,6,https://www.musinsa.com/products/4349382
2026-09-01,제너럴아이디어,4352902,크로셰 레이어드 밴딩 스커트 [BLACK] / WBD3L13509,0.0,0,27550,27550,27550,0,0,0.0,100.0,1,high,24.08,5,2,6,https://www.musinsa.com/products/4352902
2026-09-01,노이어,4353414,리브드 헨리넥 롱 슬리브 티셔츠 (블랙),0.98,52258,53300,53300,53300,0,0,0.0,100.0,1,high,24.09,5,2,6,https://www.musinsa.com/products/4353414
2026-09-01,코드그라피,4356230,스몰 C 로고 맨투맨_라이트 그레이,0.0,0,44800,44800,44800,0,0,0.0,76.97,0,low,24.08,4,1,6,https://www.musinsa.com/products/4356230
2026-09-01,무센트,4356998,더블니 데미지 디테일 페인터 워싱 밴딩 팬츠 남녀공용 (2컬러),0.0,0,55300,55300,73470,1,-18170,-24.73,39.59,0,low,24.08,4,1,6,https://www.musinsa.com/products/4356998
2026-09-01,미나브,4360902,플란넬 오버 체크 셔츠 [코랄베이지],0.0,0,39000,39000,47200,1,-8200,-17.37,26.39,0,low,24.01,5,1,6,https://www.musinsa.com/products/4360902
2026-09-01,브룩스 브라더스,4360966,프라이데이 옥스포드 셔츠 (핑크) (BBTHMM7820CEF),0.0,0,121680,121680,135200,1,-13520,-10.0,52.03,0,low,23.5,5,1,6,https://www.musinsa.com/products/4360966
2026-09-01,틸아이다이,4361286,Mac half trench coat_Navy,0.0,0,180080,180080,180080,0,0,0.0,100.0,1,high,24.08,5,2,6,https://www.musinsa.com/products/4361286
2026-09-01,더블유엠씨,4367878,스트라이프 롱슬리브_BLACK,0.0,0,41400,41400,41400,0,0,0.0,52.03,0,low,23.5,5,1,6,https://www.musinsa.com/products/4367878
2026-09-01,나이스고스트클럽,4368902,LITTLE GHOST BOY HOODIE_GREEN(NG2EFUM422A),0.0,0,42660,42660,33180,1,9480,28.57,52.04,0,low,23.5,5,1,6,https://www.musinsa.com/products/4368902
2026-09-01,나이스고스트클럽,4369030,LOVE YUCK FOU HOODIE ZIP UP_BLACK(NG2EFUM484A),0.0,0,53460,53460,41580,1,11880,28.57,52.04,0,low,23.5,5,1,6,https://www.musinsa.com/products/4369030
2026-09-01,아틀리에 나인,4369542,ESSENTIAL TUCK PANTS S(PT-5596),0.0,0,107100,107100,107100,0,0,0.0,64.45,0,low,24.09,4,1,6,https://www.musinsa.com/products/4369542
2026-09-01,넌블랭크,4373382,[CARREMAN] 세미 와이드 핏 슬랙스_NAVY,0.0,0,47200,47200,47200,0,0,0.0,52.04,0,low,23.5,5,1,6,https://www.musinsa.com/products/4373382
2026-09-01,키뮤어,4375110,(우먼) 코듀로이 바이커 자켓_베이지,0.0,0,83300,83300,83300,0,0,0.0,100.0,1,high,24.09,5,2,6,https://www.musinsa.com/products/4375110
2026-09-01,어반드레스,4376518,Accent Back String Pants BLUE,1.0,49022,49200,49200,49200,0,0,0.0,100.0,1,high,24.09,5,2,6,https://www.musinsa.com/products/4376518
2026-09-01,브라운야드,4377094,"W 배기 스웻 팬츠, 블랙",0.0,0,138000,138000,138000,0,0,0.0,52.04,0,low,23.5,5,1,6,https://www.musinsa.com/products/4377094
2026-09-01,쿠어,4384390,스트레이트레그 코듀로이 트라우저 (브라운),0.0,0,104000,104000,104000,0,0,0.0,64.45,0,low,24.09,4,1,6,https://www.musinsa.com/products/4384390
2026-09-01,아메스 월드와이드,4384710,VELOUR TRACK PANTS KHAKI,0.0,0,30520,30520,54500,1,-23980,-44.0,89.44,0,low,24.09,4,1,6,https://www.musinsa.com/products/4384710
2026-09-01,나이스고스트클럽,4393606,NGC SPORTY SLING BAG_BLACK(NG2EFUAB43A),0.0,0,58860,58860,45780,1,13080,28.57,52.05,0,low,23.5,5,1,6,https://www.musinsa.com/products/4393606
2026-09-01,제너럴아이디어,4396294,DEA 인형 키링 [3COL] /SBD2U98006,0.0,0,24750,24750,24750,0,0,0.0,100.0,1,high,24.08,5,2,6,https://www.musinsa.com/products/4396294
2026-09-01,프리즘웍스,4396486,OG PIGMENT DYEING L/S TEE _ PINK,0.98,39700,40500,40500,45000,1,-4500,-10.0,100.0,1,medium,24.09,5,2,6,https://www.musinsa.com/products/4396486
2026-09-01,프리즘웍스,4396998,CORDUROY BUDDY HARRINGTON JACKET _ NAVY,0.0,0,133200,133200,148000,1,-14800,-10.0,1.61,0,low,24.0,4,1,6,https://www.musinsa.com/products/4396998
2026-09-01,디스이즈네버댓,4403462,Crazy Work Pant Navy,0.0,0,89500,89500,89500,0,0,0.0,39.61,0,low,24.08,4,1,6,https://www.musinsa.com/products/4403462
2026-09-01,스컬프터,4406470,Jersey Lowrise Track Pants Navy,0.0,0,61040,61040,76300,1,-15260,-20.0,100.0,1,medium,24.08,5,2,6,https://www.musinsa.com/products/4406470
2026-09-01,시눈,4410822,Button Knit Shorts (Melange Grey),0.0,0,60480,60480,60480,0,0,0.0,64.47,0,low,24.09,4,1,6,https://www.musinsa.com/products/4410822
2026-09-01,루에브르,4410886,Round-neck Tucked Tie Blouse SW4AB853-10,0.0,0,139000,139000,139000,0,0,0.0,26.39,0,low,24.01,5,1,6,https://www.musinsa.com/products/4410886
2026-09-01,시눈,4411910,Rose Frill Long Sleeve (Cream),0.0,0,34280,34280,34280,0,0,0.0,64.47,0,low,24.09,4,1,6,https://www.musinsa.com/products/4411910
2026-09-01,커버낫,4415686,카라 블루종 오트밀,0.0,0,155400,155400,155400,0,0,0.0,39.62,0,low,24.08,4,1,6,https://www.musinsa.com/products/4415686
2026-09-01,파르티멘토 우먼,4417350,컷 아웃 브이넥 컬러블락 롱슬리브 티_화이트,0.0,0,39690,39690,30870,1,8820,28.57,89.45,0,low,24.08,4,1,6,https://www.musinsa.com/products/4417350
2026-09-01,필루미네이트,4420102,헤미쉬 라운드 니트-5Color,0.0,0,31000,31000,31000,0,0,0.0,52.07,0,low,23.5,5,1,6,https://www.musinsa.com/products/4420102
2026-09-01,링서울,4421638,leather single jacket-brown,0.0,0,183390,183390,142640,1,40750,28.57,52.07,0,low,23.5,5,1,6,https://www.musinsa.com/products/4421638
2026-09-01,유니폼브릿지,4423174,canvas hooded work jacket beige,0.0,0,129500,129500,103600,1,25900,25.0,100.0,1,medium,24.08,5,2,6,https://www.musinsa.com/products/4423174
2026-09-01,에이치덱스,4423494,리프팅 프로 삭스 2 color,0.0,0,18050,18050,18050,0,0,0.0,76.99,0,low,24.08,4,1,6,https://www.musinsa.com/products/4423494
2026-09-01,아틀리에 나인,4424902,CARGO POCKET STRIGHT PANTS(PT-5567),0.0,0,88200,88200,88200,0,0,0.0,64.47,0,low,24.09,4,1,6,https://www.musinsa.com/products/4424902
2026-09-01,제멋,4429318,클레버 오버핏 테리 후드 크림 KJHD2592,0.0,0,35900,35900,35900,0,0,0.0,100.0,1,high,24.09,5,2,6,https://www.musinsa.com/products/4429318
2026-09-01,브룩스 브라더스,4433094,코듀로이 2버튼 패치포켓 자켓 (브라운) (BBJSWF59884EF),0.0,0,187200,187200,249600,1,-62400,-25.0,52.08,0,low,23.5,5,1,6,https://www.musinsa.com/products/4433094
2026-09-01,낫포너드,4433862,N4ND Offshoot Velvet Like Denim Shirt - Red,0.0,0,75690,75690,75690,0,0,0.0,76.99,0,low,24.08,4,1,6,https://www.musinsa.com/products/4433862
2026-09-01,무센트,4436870,알레그 브이넥 니트 가디건 남녀공용 (2컬러),0.0,0,45430,45430,64900,1,-19470,-30.0,39.63,0,low,24.08,4,1,6,https://www.musinsa.com/products/4436870
2026-09-01,파르티멘토 우먼,4437638,2WAY 벨티드 레이어드 파라슈트 팬츠_브라운,0.0,0,58860,58860,45780,1,13080,28.57,89.46,0,low,24.08,4,1,6,https://www.musinsa.com/products/4437638
2026-09-01,마인드브릿지,4438278,후드 패딩 점퍼,0.0,0,94050,94050,94050,0,0,0.0,89.46,0,low,24.09,4,1,6,https://www.musinsa.com/products/4438278
2026-09-01,로우로우,4440518,시티워커 럭색 919 [4color],3.66,420091,114810,114810,114810,0,0,0.0,100.0,1,high,23.5,12,4,6,https://www.musinsa.com/products/4440518
2026-09-01,디스이즈네버댓,4441862,GD Iconography Knit Sweater Pink,0.0,0,139300,139300,139300,0,0,0.0,39.63,0,low,24.08,4,1,6,https://www.musinsa.com/products/4441862
2026-09-01,론론,4443654,CANCAN RUFFLE LAYERED PANTSKIRT BLACK,0.0,0,71280,71280,56320,1,14960,26.56,100.0,1,medium,24.09,5,2,6,https://www.musinsa.com/products/4443654
2026-09-01,필루미네이트,4443974,[FW]오버핏 아치 로고 스웨트 셔츠-크림,0.0,0,25000,25000,25000,0,0,0.0,52.09,0,low,23.5,5,1,6,https://www.musinsa.com/products/4443974
2026-09-01,나이스고스트클럽,4447878,FFATS POSITION KNIT_NAVY(NG2EFUK611A),0.0,0,48060,48060,37380,1,10680,28.57,52.09,0,low,23.5,5,1,6,https://www.musinsa.com/products/4447878
2026-09-01,언더오프,4448006,빈티지 워시드 코튼 아웃포켓 점퍼 카멜,0.0,0,46990,46990,46990,0,0,0.0,39.63,0,low,24.08,4,1,6,https://www.musinsa.com/products/4448006
2026-09-01,제로,4452166,Column Line Texture Wide Pants [2 Colors],0.64,17665,27500,27500,27500,0,0,0.0,64.48,0,low,24.09,4,1,6,https://www.musinsa.com/products/4452166
2026-09-01,필루미네이트,4454278,그리드 퀼팅 후드 패딩-블랙,0.0,0,51900,51900,51900,0,0,0.0,52.09,0,low,23.5,5,1,6,https://www.musinsa.com/products/4454278
2026-09-01,비터셀즈,4454662,위티 푸퍼 자켓-플로워,0.0,0,104490,104490,104490,0,0,0.0,89.47,0,low,24.08,4,1,6,https://www.musinsa.com/products/4454662
2026-09-01,제멋,4455366,더스틴 헤비 솔트워싱 카라 맨투맨 카키 SOMT2577,0.0,0,36900,36900,36900,0,0,0.0,100.0,1,high,24.09,5,2,6,https://www.musinsa.com/products/4455366
2026-09-01,에이치덱스,4458118,우먼스 워크아웃 와이드 스웨트 팬츠 (Melange White),0.0,0,71200,71200,71200,0,0,0.0,77.0,0,low,24.08,4,1,6,https://www.musinsa.com/products/4458118
2026-09-01,밀로 아카이브,4458502,스프레드 이지 워시드 팬츠 [페이드 그린],0.0,0,59000,59000,59000,0,0,0.0,52.1,0,low,23.5,5,1,6,https://www.musinsa.com/products/4458502
2026-09-01,낫포너드,4458630,Crop Leather Vintage Hooded Jacket - Brown,0.0,0,105750,105750,105750,0,0,0.0,77.0,0,low,24.08,4,1,6,https://www.musinsa.com/products/4458630
2026-09-01,일리고,4459718,시어링 퍼 자켓 블랙,0.0,0,196000,196000,196000,0,0,0.0,89.47,0,low,24.09,4,1,6,https://www.musinsa.com/products/4459718
2026-09-01,디스이즈네버댓,4460614,Ripstop Hiking Pant Navy,0.0,0,84500,84500,84500,0,0,0.0,39.64,0,low,24.08,4,1,6,https://www.musinsa.com/products/4460614
2026-09-01,아캄,4461062,Camouflage Logo Sweat Skirt (Khaki),0.0,0,47000,47000,75200,1,-28200,-37.5,64.49,0,low,24.09,4,1,6,https://www.musinsa.com/products/4461062
2026-09-01,유라고,4467078,Ribbed loose socks,1.28,10742,8360,8360,8360,0,0,0.0,64.49,0,low,24.09,4,1,6,https://www.musinsa.com/products/4467078
2026-09-01,커버낫,4469190,트리플리스 원턱 세미와이드핏 팬츠 더스티 핑크,0.0,0,62300,62300,62300,0,0,0.0,39.64,0,low,24.08,4,1,6,https://www.musinsa.com/products/4469190
2026-09-01,커버낫,4469318,RDS 씨빅 오리진 체크 숏 푸퍼 브라운,0.0,0,209300,209300,209300,0,0,0.0,39.64,0,low,24.08,4,1,6,https://www.musinsa.com/products/4469318
2026-09-01,데케트,4471494,[기모본딩]Mid Rise Wide Jeans DCPT027WCPBrown,0.0,0,62100,62100,62100,0,0,0.0,89.48,0,low,24.08,4,1,6,https://www.musinsa.com/products/4471494
2026-09-01,아메스 월드와이드,4478086,CROP CABLE HOODIE KNIT BLACK,0.0,0,33180,33180,47400,1,-14220,-30.0,89.48,0,low,24.08,4,1,6,https://www.musinsa.com/products/4478086
2026-09-01,에이치덱스,4480838,우먼스 스포츠 컬러라인 스웨트 셔츠 (Off-White),0.0,0,45000,45000,45000,0,0,0.0,77.0,0,low,24.08,4,1,6,https://www.musinsa.com/products/4480838
2026-09-01,드로우핏 우먼,4481542,울 스너그 슬라이드 [BLACK],0.0,0,69300,69300,69300,0,0,0.0,26.4,0,low,24.01,5,1,6,https://www.musinsa.com/products/4481542
2026-09-01,무드인사이드,4482502,[2PACK] 피그먼트 원턱 스웨트 와이드 팬츠,0.0,0,39900,39900,39900,0,0,0.0,26.4,0,low,24.01,5,1,6,https://www.musinsa.com/products/4482502
2026-09-01,키뮤어,4482694,(우먼) 노르딕 가디건_아이보리,0.0,0,69300,69300,69300,0,0,0.0,100.0,1,high,24.09,5,2,6,https://www.musinsa.com/products/4482694
2026-09-01,마인드브릿지,4482758,릴랙스핏 원턱 코듀로이 팬츠 - 2color,0.0,0,47410,47410,47410,0,0,0.0,89.48,0,low,24.08,4,1,6,https://www.musinsa.com/products/4482758
2026-09-01,제너럴아이디어,4485190,셔링 셔츠 원피스 [CREAM] / WBD4L15510,0.0,0,52200,52200,52200,0,0,0.0,100.0,1,high,24.08,5,2,6,https://www.musinsa.com/products/4485190
2026-09-01,키르시,4490118,체리 후드 토글 롱 코트 [아이보리],0.0,0,134500,134500,149500,1,-15000,-10.03,39.65,0,low,24.08,4,1,6,https://www.musinsa.com/products/4490118
2026-09-01,디스이즈네버댓,4491782,Brushed Wool Check Jacket Dark Brown,0.0,0,99500,99500,99500,0,0,0.0,39.66,0,low,24.08,4,1,6,https://www.musinsa.com/products/4491782
2026-09-01,1993스튜디오,4492166,빈티지 드로잉 숏 다운_블랙,0.0,0,139000,139000,139000,0,0,0.0,39.66,0,low,24.08,4,1,6,https://www.musinsa.com/products/4492166
2026-09-01,코드그라피,4492294,CGP 아치 로고 후드티_민트,0.0,0,48300,48300,48300,0,0,0.0,77.01,0,low,24.08,4,1,6,https://www.musinsa.com/products/4492294
2026-09-01,수아레,4496838,니트 져지 셋업 자켓 블랙,0.0,0,79900,79900,79900,0,0,0.0,89.49,0,low,24.08,4,1,6,https://www.musinsa.com/products/4496838
2026-09-01,무센트,4497606,스노잉 후리스 밴딩 카고 팬츠 남녀공용 (3컬러),0.0,0,34930,34930,46410,1,-11480,-24.74,39.66,0,low,24.08,4,1,6,https://www.musinsa.com/products/4497606
2026-09-01,도프제이슨,4497670,카우하이드 볼륨 미니멀 벨트 BLACK,20.79,523522,25180,25180,25180,0,0,0.0,100.0,1,high,10.12,18,6,6,https://www.musinsa.com/products/4497670
2026-09-01,엑스오엑스,4498566,기모 오버핏 후드 스웻 셔츠 [ASH BLUE],0.0,0,27450,27450,27450,0,0,0.0,64.49,0,low,24.09,4,1,6,https://www.musinsa.com/products/4498566
2026-09-01,트리밍버드,4500102,Unbalance High-neck Fur Knit [ Grey ],0.0,0,139000,139000,139000,0,0,0.0,100.0,1,high,24.09,5,2,6,https://www.musinsa.com/products/4500102
2026-09-01,본투윈,4501894,QUICK DRY RELAX FIT T-SHIRTS [WHITE],1.71,75576,44100,44100,,0,,,85.99,0,low,24.08,2,1,6,https://www.musinsa.com/products/4501894
2026-09-01,본투윈,4502086,BORNTOWIN X KT WIZ GYM SACK [BLACK],0.0,0,27300,27300,39000,1,-11700,-30.0,100.0,1,medium,24.08,5,2,6,https://www.musinsa.com/products/4502086
2026-09-01,커버낫,4503302,스케치 후디 오트밀,0.0,0,56070,56070,53400,1,2670,5.0,39.66,0,low,24.08,4,1,6,https://www.musinsa.com/products/4503302
2026-09-01,무드인사이드,4505542,소노 케이블 헨리넥 니트_Navy,0.0,0,35900,35900,39900,1,-4000,-10.03,26.41,0,low,24.01,5,1,6,https://www.musinsa.com/products/4505542
2026-09-01,언더오프,4508870,피치스킨 에센셜 기모 후디 5colors,0.0,0,31920,31920,24720,1,7200,29.13,39.67,0,low,24.08,4,1,6,https://www.musinsa.com/products/4508870
2026-09-01,워크온바디오프,4509958,레스티드 세미 오버핏 모크넥 니트 [화이트],0.0,0,24900,24900,24900,0,0,0.0,39.67,0,low,24.08,4,1,6,https://www.musinsa.com/products/4509958
2026-09-01,워크온바디오프,4510022,WB 아웃포켓 코튼 자켓 [올리브그레이],0.0,0,69000,69000,69000,0,0,0.0,39.67,0,low,24.08,4,1,6,https://www.musinsa.com/products/4510022
2026-09-01,미나브,4513606,2PACK 코튼모달 레이어드 터틀넥,0.0,0,42750,42750,54000,1,-11250,-20.83,26.41,0,low,24.01,5,1,6,https://www.musinsa.com/products/4513606
2026-09-01,더블유엠씨,4513926,쉐르파 플리스 자켓_NAVY,0.0,0,84500,84500,84500,0,0,0.0,52.12,0,low,23.5,5,1,6,https://www.musinsa.com/products/4513926
2026-09-01,더블유엠씨,4520966,블랙홀 스웨트팬츠_PURPLE,0.0,0,31050,31050,31050,0,0,0.0,52.12,0,low,23.5,5,1,6,https://www.musinsa.com/products/4520966
2026-09-01,드헤베,4535686,One Off-shoulder Sleeve [Sky Blue],0.0,0,39750,39750,39750,0,0,0.0,77.03,0,low,24.08,4,1,6,https://www.musinsa.com/products/4535686
2026-09-01,디앤에스알,4537862,오버사이즈 스몰 체크 셔츠 베이지,0.0,0,79200,79200,79200,0,0,0.0,64.5,0,low,24.09,4,1,6,https://www.musinsa.com/products/4537862
2026-09-01,해칭룸,4539142,Zip Cargo Work Pants Black,0.0,0,218000,218000,218000,0,0,0.0,89.5,0,low,24.08,4,1,6,https://www.musinsa.com/products/4539142
2026-09-01,에이치덱스,4546822,스티치 워크 하이텐션 레깅스 (Black),0.0,0,32400,32400,32400,0,0,0.0,77.03,0,low,24.08,4,1,6,https://www.musinsa.com/products/4546822
2026-09-01,론론,4567942,FRILL SHIRRING LONG SLEEVE T SHIRT WHITE,0.98,42243,43120,43120,55440,1,-12320,-22.22,100.0,1,medium,24.09,5,2,6,https://www.musinsa.com/products/4567942
2026-09-01,아캄,4575686,High-Neck Bomber Jacket (Black),9.5,1294397,136200,136200,136200,0,0,0.0,100.0,1,low,24.09,9,2,6,https://www.musinsa.com/products/4575686
2026-09-01,와이케이,4576070,헤어리 리본 바라클라바 그레이,0.0,0,27300,27300,27300,0,0,0.0,52.13,0,low,23.5,5,1,6,https://www.musinsa.com/products/4576070
2026-09-01,커버낫,4582534,부산 티셔츠 블랙,0.0,0,31590,31590,28080,1,3510,12.5,39.68,0,low,24.08,4,1,6,https://www.musinsa.com/products/4582534
2026-09-01,아틀리에 나인,4585414,HAIRY KNIT CARDIGAN&TOP SET S(CD-2152),0.0,0,107100,107100,107100,0,0,0.0,64.51,0,low,24.09,4,1,6,https://www.musinsa.com/products/4585414
2026-09-01,가까이 유니언즈,4585990,크루커드 래글런 맨투맨 딥그린,0.0,0,41900,41900,41900,0,0,0.0,64.52,0,low,24.09,4,1,6,https://www.musinsa.com/products/4585990
2026-09-01,시야쥬,4586758,SIST9044 릴렉스 밴딩 스커트_Cream,0.0,0,69000,69000,69000,0,0,0.0,39.69,0,low,24.08,4,1,6,https://www.musinsa.com/products/4586758
2026-09-01,꼼파뇨,4587590,해리콧 피그먼트 스웨트셔츠 스모크블랙,0.0,0,36000,36000,36000,0,0,0.0,89.51,0,low,24.08,4,1,6,https://www.musinsa.com/products/4587590
2026-09-01,어나더 오피스,4595270,Plenty Belted Denim Slacks (One Washed),0.0,0,141000,141000,141000,0,0,0.0,100.0,1,high,24.09,5,2,6,https://www.musinsa.com/products/4595270
2026-09-01,제너럴아이디어,4598982,하트 케이블 풀오버 [CHARCOAL] / WBD4L05559,0.0,0,62000,62000,62000,0,0,0.0,100.0,1,high,24.08,5,2,6,https://www.musinsa.com/products/4598982
2026-09-01,트립르센스,4599046,컬러 믹스 스트라이프 라운드 니트_그린,0.0,0,59200,59200,59200,0,0,0.0,52.14,0,low,23.5,5,1,6,https://www.musinsa.com/products/4599046
2026-09-01,언더오프,4609606,피치스킨 에센셜 컬러 배색 언더스모크 기모 후디,0.0,0,35920,35920,26320,1,9600,36.47,39.69,0,low,24.08,4,1,6,https://www.musinsa.com/products/4609606
2026-09-01,어나더 오피스,4614662,Cloud Mid Socks (Ecru),0.0,0,11520,11520,11520,0,0,0.0,100.0,1,high,24.09,5,2,6,https://www.musinsa.com/products/4614662
2026-09-01,유니온블루,4620870,PREMIER CRU WOOL ELEVEN KNIT [CREAM],0.0,0,112590,112590,132050,1,-19460,-14.74,100.0,1,medium,24.08,5,2,6,https://www.musinsa.com/products/4620870
2026-09-01,링서울,4623622,alpaca kint toggle cardigan-beige,0.0,0,129200,129200,100490,1,28710,28.57,52.14,0,low,23.5,5,1,6,https://www.musinsa.com/products/4623622
2026-09-01,1993스튜디오,4637958,[CHODAN] 시그니처 포즈 자수 체크 셔츠_블랙,0.0,0,71100,71100,71100,0,0,0.0,39.7,0,low,24.08,4,1,6,https://www.musinsa.com/products/4637958
2026-09-01,1993스튜디오,4638022,[CHODAN] 빈티지 워싱 코튼 헤링턴 자켓_차콜,0.0,0,134100,134100,134100,0,0,0.0,39.7,0,low,24.08,4,1,6,https://www.musinsa.com/products/4638022
2026-09-01,무센트,4645318,욘드 메탈 로고 후드 티 (남녀공용),0.0,0,41930,41930,59900,1,-17970,-30.0,39.7,0,low,24.08,4,1,6,https://www.musinsa.com/products/4645318
2026-09-01,꼼파뇨,4650182,[2-WAY] 치마 슬리브 피그먼트 후드 집업 스모크블랙,0.0,0,50610,50610,50610,0,0,0.0,89.52,0,low,24.08,4,1,6,https://www.musinsa.com/products/4650182
2026-09-01,론론,4658310,FURRY FRIENDS SOCKS IVORY,0.02,335,19800,17820,19800,1,-1980,-10.0,100.0,1,medium,24.09,5,2,6,https://www.musinsa.com/products/4658310
2026-09-01,무드인사이드,4660102,프리미엄 피크 오버핏 무스탕_Black,0.0,0,99900,99900,109000,1,-9100,-8.35,26.42,0,low,24.01,5,1,6,https://www.musinsa.com/products/4660102
2026-09-01,러프사이드,4668742,Drape Denim Pants Washed Black,0.64,108016,168000,168000,168000,0,0,0.0,64.54,0,low,24.09,4,1,6,https://www.musinsa.com/products/4668742
2026-09-01,디미트리블랙,4671558,VLAD 로고 자수 니트 후드 티셔츠_차콜,0.0,0,39900,39900,39900,0,0,0.0,39.7,0,low,24.08,4,1,6,https://www.musinsa.com/products/4671558
2026-09-01,시야쥬,4681862,SIOT4113 클래식 크롭 트위드 자켓_Ivory,0.0,0,129290,129290,169000,1,-39710,-23.5,39.71,0,low,24.08,4,1,6,https://www.musinsa.com/products/4681862
2026-09-01,브론슨,4684742,1980s USAF Pilot Nylon Helmet Bag Olive,0.89,63425,71100,71100,71100,0,0,0.0,89.52,0,low,24.08,4,1,6,https://www.musinsa.com/products/4684742
2026-09-01,로제프란츠,4693894,Handmade Wool Balaclava [Sky Blue],0.0,0,25960,25960,22720,1,3240,14.26,77.05,0,low,24.08,4,1,6,https://www.musinsa.com/products/4693894
2026-09-01,드로우핏 우먼,4696966,울 코튼 블렌드 버튼 가디건 [CREAM],0.0,0,66600,66600,66600,0,0,0.0,26.42,0,low,24.01,5,1,6,https://www.musinsa.com/products/4696966
2026-09-01,드로우핏 우먼,4697094,플리츠 롱 플레어 스커트 [BLACK],0.0,0,69300,69300,69300,0,0,0.0,26.43,0,low,24.01,5,1,6,https://www.musinsa.com/products/4697094
2026-09-01,로제프란츠,4697222,Crack Leather Jacket [Gray],0.0,0,66880,66880,58520,1,8360,14.29,77.05,0,low,24.08,4,1,6,https://www.musinsa.com/products/4697222
2026-09-01,로제프란츠,4697350,Cut Out Studded Hoodie [Gray],0.0,0,34760,34760,30420,1,4340,14.27,77.05,0,low,24.08,4,1,6,https://www.musinsa.com/products/4697350
2026-09-01,로제프란츠,4697478,Leopard Heart Hoodie [Black],0.0,0,49840,49840,43610,1,6230,14.29,77.05,0,low,24.08,4,1,6,https://www.musinsa.com/products/4697478
2026-09-01,로제프란츠,4697670,See-through Check Shirt [Blue],0.0,0,37400,37400,32730,1,4670,14.27,77.05,0,low,24.08,4,1,6,https://www.musinsa.com/products/4697670
2026-09-01,그루브라임,4698054,NYC LOCATION 후드집업 (세미오버핏) (LRARCUZ701P),0.0,0,28430,28430,36900,1,-8470,-22.95,26.43,0,low,24.01,7,1,6,https://www.musinsa.com/products/4698054
2026-09-01,파브레가,4699526,블랑카 스트라이프 셔츠 (토바코 브라운),0.0,0,69300,69300,69300,0,0,0.0,77.05,0,low,24.08,4,1,6,https://www.musinsa.com/products/4699526
2026-09-01,아틀리에 나인,4699654,ESSENTIAL HEDETTA CAMISOLE KNIT(T-7008),0.0,0,42480,42480,51510,1,-9030,-17.53,64.54,0,low,24.09,4,1,6,https://www.musinsa.com/products/4699654
2026-09-01,헬레네파리스,4705734,워시드 레더 블루종 점퍼 [빈티지 그레이],0.02,2621,154290,130590,154290,1,-23700,-15.36,100.0,1,medium,24.09,5,2,6,https://www.musinsa.com/products/4705734
2026-09-01,키르시,4716934,플레인 스트라이프 슬림핏 롱슬리브 [블랙],0.0,0,27300,27300,27300,0,0,0.0,39.72,0,low,24.08,4,1,6,https://www.musinsa.com/products/4716934
2026-09-01,파르티멘토,4720646,캔버스 워크 팬츠 베이지,0.0,0,59400,59400,53460,1,5940,11.11,39.72,0,low,24.08,4,1,6,https://www.musinsa.com/products/4720646
2026-09-01,트래블,4720966,도밍고 데님 쇼츠 블루,0.0,0,34500,34500,34500,0,0,0.0,26.44,0,low,24.01,5,1,6,https://www.musinsa.com/products/4720966
2026-09-01,일꼬르소,4722694,캠프 카라 셔츠 라이트블루 IESH5E105B1,0.0,0,64500,64500,64500,0,0,0.0,39.72,0,low,24.08,4,1,6,https://www.musinsa.com/products/4722694
2026-09-01,더뮤지엄비지터,4723846,PATCHWORK STRING MINI BACKPACK (GREY),0.0,0,89600,89600,89600,0,0,0.0,100.0,1,high,24.08,5,2,6,https://www.musinsa.com/products/4723846
2026-09-01,필루미네이트,4728710,다이드 체크 셔츠-카키,0.0,0,34000,34000,34000,0,0,0.0,52.17,0,low,23.5,5,1,6,https://www.musinsa.com/products/4728710
2026-09-01,굿라이프웍스,4728966,이지 썸머 와이드 팬츠 블랙,0.0,0,27860,27860,27860,0,0,0.0,64.55,0,low,24.09,4,1,6,https://www.musinsa.com/products/4728966
2026-09-01,미나브,4729798,로드 투 퍼디션 버뮤다 스웻 팬츠 [블랙],0.0,0,44100,44100,57600,1,-13500,-23.44,26.44,0,low,24.01,5,1,6,https://www.musinsa.com/products/4729798
2026-09-01,드로우핏,4730950,세인츠 옴브레 체크 셔츠 [WHITE],0.0,0,49500,49500,49500,0,0,0.0,77.06,0,low,24.08,4,1,6,https://www.musinsa.com/products/4730950
2026-09-01,노매뉴얼,4734278,WASHED DENIM WORK PANTS - WASHED BLACK,0.0,0,75600,75600,75600,0,0,0.0,89.56,0,low,24.08,4,1,6,https://www.musinsa.com/products/4734278
2026-09-01,노매뉴얼,4734470,ABRASION LAYERED LONG SLEEVE TEE - WASHED CHARCOAL,0.0,0,67200,67200,67200,0,0,0.0,89.56,0,low,24.08,4,1,6,https://www.musinsa.com/products/4734470
2026-09-01,디스이즈네버댓,4735302,(SS25) INTL-Logo Backpack 30 Black,0.0,0,149000,149000,149000,0,0,0.0,39.73,0,low,24.08,4,1,6,https://www.musinsa.com/products/4735302
2026-09-01,디스이즈네버댓,4735366,Volcano W Crewneck Emerald,0.0,0,49500,49500,49500,0,0,0.0,39.73,0,low,24.08,4,1,6,https://www.musinsa.com/products/4735366
2026-09-01,낫포너드,4745670,Pigment Sleeve Lace Henley Neck Long Sleeve - Charcoal,5.94,275419,46350,46350,46350,0,0,0.0,100.0,1,high,9.04,13,6,6,https://www.musinsa.com/products/4745670
2026-09-01,시야쥬,4748550,SIOT4138 트위드 바시티 자켓_Red,0.0,0,179000,179000,179000,0,0,0.0,39.75,0,low,24.08,4,1,6,https://www.musinsa.com/products/4748550
2026-09-01,수아레,4748614,코튼 다잉 네트 니트 클라우드,0.0,0,39500,39500,39500,0,0,0.0,89.58,0,low,24.08,4,1,6,https://www.musinsa.com/products/4748614
2026-09-01,키르시,4749382,스터드 포인트 컷팅 트랙 팬츠 [멜란지 그레이],0.0,0,47400,47400,47400,0,0,0.0,39.75,0,low,24.08,4,1,6,https://www.musinsa.com/products/4749382
2026-09-01,카키포인트,4749510,Rivet Jogger Pants (gray),0.0,0,77760,77760,69120,1,8640,12.5,26.45,0,low,24.01,5,1,6,https://www.musinsa.com/products/4749510
2026-09-01,에스피오나지,4750982,Washed Track Jacket Navy,0.0,0,154800,154800,154800,0,0,0.0,100.0,1,high,24.09,5,2,6,https://www.musinsa.com/products/4750982
2026-09-01,아틀리에 나인,4751046,SHIRTS CUFFS OVERFIT JACKET(JK-3002),0.0,0,179280,179280,217380,1,-38100,-17.53,64.57,0,low,24.09,4,1,6,https://www.musinsa.com/products/4751046
2026-09-01,인사일런스,4754054,디스트로이드 페인티드 데님 팬츠 BLACK,0.0,0,107280,107280,107280,0,0,0.0,39.76,0,low,24.08,4,1,6,https://www.musinsa.com/products/4754054
2026-09-01,트래블,4756678,디스트로이드 트윌 피그먼트 카펜터 팬츠 유니온 카키,0.0,0,52500,52500,59400,1,-6900,-11.62,26.45,0,low,24.01,5,1,6,https://www.musinsa.com/products/4756678
2026-09-01,트래블,4756934,져지 트랙 버뮤다 쇼츠 베이지,0.53,15551,29400,25900,29400,1,-3500,-11.9,26.45,0,low,24.01,5,1,6,https://www.musinsa.com/products/4756934
2026-09-01,언탭트 스튜디오,4759686,심볼 트랙 스포티 오버핏 맨투맨 3Color,0.0,0,34970,34970,34970,0,0,0.0,52.19,0,low,23.5,5,1,6,https://www.musinsa.com/products/4759686
2026-09-01,더바이닐하우스,4762246,OPEN DOUBLE KNEE PANTS BLACK,0.0,0,102410,102410,133760,1,-31350,-23.44,39.78,0,low,24.08,4,1,6,https://www.musinsa.com/products/4762246
2026-09-01,플리즈노팔로우,4762950,New MOMO Shirring Short Top (White),0.86,35665,41650,41650,41650,0,0,0.0,100.0,1,low,71.93,3,2,6,https://www.musinsa.com/products/4762950
2026-09-01,엑스트라오디너리,4763590,EX GOTHIC LOGO SWEATER BLACK,0.0,0,79500,79500,79500,0,0,0.0,89.59,0,low,24.08,4,1,6,https://www.musinsa.com/products/4763590
2026-09-01,룩캐스트,4764550,루나 베이직 미니 스커트_에시 베이지 / LUNA BASIC MINI SKIRT_ASH BEIGE,0.0,0,32130,32130,32130,0,0,0.0,89.59,0,low,24.08,4,1,6,https://www.musinsa.com/products/4764550
2026-09-01,스키즘 인듀싱,4766086,SCHOOL PLEATED SKIRT CHARCOAL,0.0,0,110400,110400,117300,1,-6900,-5.88,100.0,1,medium,24.09,5,2,6,https://www.musinsa.com/products/4766086
2026-09-01,가까이 유니언즈,4766726,슈페리어 크루 래글런 맨투맨 블랙,0.0,0,44800,44800,44800,0,0,0.0,64.57,0,low,24.09,4,1,6,https://www.musinsa.com/products/4766726
2026-09-01,가까이 유니언즈,4766790,20S 스트라이프 롱슬리브 네이비,0.0,0,33600,33600,23990,1,9610,40.06,64.57,0,low,24.09,4,1,6,https://www.musinsa.com/products/4766790
2026-09-01,디스이즈네버댓,4767558,Splashed Chino Pant Brown,0.0,0,69500,69500,69500,0,0,0.0,39.78,0,low,24.08,4,1,6,https://www.musinsa.com/products/4767558
2026-09-01,디스이즈네버댓,4767622,3 TAGLESS T-SHIRTS White,0.0,0,65000,65000,65000,0,0,0.0,39.78,0,low,24.08,4,1,6,https://www.musinsa.com/products/4767622
2026-09-01,커버낫,4769158,어센틱 럭비 맨투맨 Sky Blue,0.0,0,53100,53100,44550,1,8550,19.19,39.79,0,low,24.08,4,1,6,https://www.musinsa.com/products/4769158
2026-09-01,아틀리에 나인,4772678,ESSENTIAL BOAT NECK TEE(T-7079),0.0,0,26040,26040,29930,1,-3890,-13.0,64.58,0,low,24.09,4,1,6,https://www.musinsa.com/products/4772678
2026-09-01,유니폼브릿지,4772998,dyeing zip-up hoodie charcoal,0.0,0,71600,71600,71600,0,0,0.0,100.0,1,high,24.08,5,2,6,https://www.musinsa.com/products/4772998
2026-09-01,어반드레스,4777798,Aa Track Hood Zip-up - 4COL,0.0,0,66750,66750,66750,0,0,0.0,100.0,1,high,24.09,5,2,6,https://www.musinsa.com/products/4777798
2026-09-01,모즈모즈,4782086,젤리부 오버핏 반팔티셔츠 화이트,0.0,0,30400,30400,30400,0,0,0.0,64.59,0,low,24.09,4,1,6,https://www.musinsa.com/products/4782086
2026-09-01,카키포인트,4783174,Damage Stud T-shirt (beige),4.49,262721,58498,59670,53040,1,6630,12.5,100.0,1,medium,24.01,13,4,6,https://www.musinsa.com/products/4783174
2026-09-01,아이돈워너셀,4783366,Division Archive T-Shirt White,0.0,0,37800,37800,37800,0,0,0.0,39.79,0,low,24.08,4,1,6,https://www.musinsa.com/products/4783366
2026-09-01,데케트,4783750,Multi Pocket Jeans DCPT058BlackA,0.0,0,55300,55300,55300,0,0,0.0,89.6,0,low,24.08,4,1,6,https://www.musinsa.com/products/4783750
2026-09-01,웬즈데이오아시스,4783878,피그먼트 워시드 다잉 OG 후드 스웨트셔츠_4Color(WV25-TP02),0.0,0,59500,59500,59500,0,0,0.0,26.46,0,low,24.01,5,1,6,https://www.musinsa.com/products/4783878
2026-09-01,키르시,4791238,키르시 X 비바스튜디오 로고 후드 집업 [아이보리],0.0,0,59400,59400,59400,0,0,0.0,39.8,0,low,24.08,4,1,6,https://www.musinsa.com/products/4791238
2026-09-01,파르티멘토 우먼,4791494,논칼라 셔링 봄버 자켓_차콜,0.0,0,124740,124740,97020,1,27720,28.57,89.61,0,low,24.08,4,1,6,https://www.musinsa.com/products/4791494
2026-09-01,링서울,4794566,merino wool v-neck half knit top-oatmeal,0.0,0,70390,70390,54750,1,15640,28.57,52.21,0,low,23.5,5,1,6,https://www.musinsa.com/products/4794566
2026-09-01,커버낫,4797894,데님 집업 자켓 Light Blue,0.0,0,119070,119070,113400,1,5670,5.0,39.81,0,low,24.08,4,1,6,https://www.musinsa.com/products/4797894
2026-09-01,브론슨,4798854,Knight Motorcycle Short Sleeve Tee Navy,2.0,71400,35700,35700,35700,0,0,0.0,89.61,0,low,9.05,11,5,6,https://www.musinsa.com/products/4798854
2026-09-01,본투윈,4799366,DENIM LIKE SWEAT PANTS [BLACK DENIM],0.14,13805,98000,98000,98000,0,0,0.0,100.0,1,high,24.08,5,2,6,https://www.musinsa.com/products/4799366
2026-09-01,로제프란츠,4804166,Rose Jacquard Mini Dress [Cream],0.0,0,89040,89040,77910,1,11130,14.29,77.09,0,low,24.08,4,1,6,https://www.musinsa.com/products/4804166
2026-09-01,로제프란츠,4804294,Puff Shirring Lace Long Dress [Ivory],0.0,0,145040,145040,126910,1,18130,14.29,77.09,0,low,24.08,4,1,6,https://www.musinsa.com/products/4804294
2026-09-01,몰든,4805894,레터링 오버핏 티셔츠,0.26,9447,35700,28560,35700,1,-7140,-20.0,26.47,0,low,24.01,5,1,6,https://www.musinsa.com/products/4805894
2026-09-01,로우클래식,4808134,WASHED COTTON CARGO PANTS_BLACK [LC262PT06BK],0.0,0,94610,94610,108120,1,-13510,-12.5,100.0,1,medium,24.09,5,2,6,https://www.musinsa.com/products/4808134
2026-09-01,언더오프,4813446,오버핏 스웨트 후디 그래피티 백로고 카모,0.0,0,42900,42900,37900,1,5000,13.19,39.82,0,low,24.08,4,1,6,https://www.musinsa.com/products/4813446
2026-09-01,디스이즈네버댓,4813638,TNT International Hoodie Stone,0.0,0,59500,59500,59500,0,0,0.0,39.82,0,low,24.09,4,1,6,https://www.musinsa.com/products/4813638
2026-09-01,낫포너드,4814214,Fatigue Cargo Denim Pants - Deep Indigo,0.0,0,49500,49500,49500,0,0,0.0,77.09,0,low,24.08,4,1,6,https://www.musinsa.com/products/4814214
2026-09-01,와이케이,4816582,I am HAPPY 반팔티셔츠 핑크,0.0,0,36400,36400,36400,0,0,0.0,52.22,0,low,23.5,5,1,6,https://www.musinsa.com/products/4816582
2026-09-01,유니폼브릿지,4817734,m65 pants brick,0.0,0,47710,47710,47710,0,0,0.0,100.0,1,high,24.09,5,2,6,https://www.musinsa.com/products/4817734
2026-09-01,넌블랭크,4824902,크로쉐 베스트_NAVY,0.0,0,79200,79200,79200,0,0,0.0,52.23,0,low,23.5,5,1,6,https://www.musinsa.com/products/4824902
2026-09-01,르바,4825414,Kid-mohair Moody Round Knit - Sherbet Pink,0.0,0,149400,149400,149400,0,0,0.0,77.09,0,low,24.08,4,1,6,https://www.musinsa.com/products/4825414
2026-09-01,시야쥬,4826310,SIPT7144 소프트 다트 스웻 팬츠_Black,0.0,0,68090,68090,89000,1,-20910,-23.49,39.83,0,low,24.08,4,1,6,https://www.musinsa.com/products/4826310
2026-09-01,꼼파뇨,4828998,SoulMate 피그먼트 반팔티 다크블루,0.0,0,33800,33800,26000,1,7800,30.0,89.62,0,low,24.08,4,1,6,https://www.musinsa.com/products/4828998
2026-09-01,르바,4831622,Cotton Slub Maxi Skirt - Black,0.0,0,139500,139500,108500,1,31000,28.57,77.1,0,low,24.08,4,1,6,https://www.musinsa.com/products/4831622
2026-09-01,르바,4831814,Classic Leather Belt - Brown,0.0,0,44100,44100,34300,1,9800,28.57,77.1,0,low,24.08,4,1,6,https://www.musinsa.com/products/4831814
2026-09-01,제멋,4834182,워크맨 클래식 헤링턴 자켓 블랙 SOJK2605,0.0,0,67410,67410,67410,0,0,0.0,100.0,1,high,24.09,5,2,6,https://www.musinsa.com/products/4834182
2026-09-01,플리즈노팔로우,4841222,Angela Halter Lace Top (Ivory),0.0,0,40800,40800,38400,1,2400,6.25,100.0,1,medium,24.08,5,2,6,https://www.musinsa.com/products/4841222
2026-09-01,리메인세컨드,4843014,오버핏 워셔블 크루넥 케이블 반팔 니트 [아이보리],0.64,18605,28900,28900,28900,0,0,0.0,64.63,0,low,24.09,4,1,6,https://www.musinsa.com/products/4843014
2026-09-01,웬즈데이오아시스,4850118,브리즈 롱 슬리브 티셔츠_3Color(W25-TP09),0.0,0,24300,24300,37800,1,-13500,-35.71,26.48,0,low,24.01,5,1,6,https://www.musinsa.com/products/4850118
2026-09-01,몽돌,4852998,홀가먼트 하프넥 플리츠 니트 탑 크림 MDKT107CREAM,0.86,43713,51070,51070,51070,0,0,0.0,100.0,1,high,24.08,5,2,6,https://www.musinsa.com/products/4852998
2026-09-01,세터,4854086,럭비 스트라이프 피케 롱 슬리브 레드,0.0,0,139000,139000,139000,0,0,0.0,64.63,0,low,24.09,4,1,6,https://www.musinsa.com/products/4854086
2026-09-01,1993스튜디오,4862214,93 트랙 크롭 링거 티셔츠_아이보리,0.0,0,42900,42900,42900,0,0,0.0,39.86,0,low,24.08,4,1,6,https://www.musinsa.com/products/4862214
2026-09-01,필루미네이트,4862726,스티치 포인트 데님 팬츠-블랙,0.0,0,31900,31900,31900,0,0,0.0,52.25,0,low,23.5,5,1,6,https://www.musinsa.com/products/4862726
2026-09-01,필루미네이트,4862790,컨버터블 카고 팬츠-블루,0.0,0,46000,46000,46000,0,0,0.0,52.25,0,low,23.5,5,1,6,https://www.musinsa.com/products/4862790
2026-09-01,론론,4865478,HANDMADE COLLAR SHORT SLEEVE KNIT IVORY BLUE,0.0,0,98820,98820,68320,1,30500,44.64,100.0,1,medium,24.09,5,2,6,https://www.musinsa.com/products/4865478
2026-09-01,엘무드,4873798,쥬얼 트리밍 하프 티셔츠 화이트,0.0,0,29500,29500,26550,1,2950,11.11,39.86,0,low,24.08,4,1,6,https://www.musinsa.com/products/4873798
2026-09-01,디스이즈네버댓,4875718,TNT_Multi Mickey_Crusher Brown,0.0,0,48300,48300,48300,0,0,0.0,39.87,0,low,24.09,4,1,6,https://www.musinsa.com/products/4875718
2026-09-01,무센트,4879494,바인딩 트랙 라인 골지 반팔 티 (3컬러),0.0,0,25130,25130,35900,1,-10770,-30.0,39.87,0,low,24.08,4,1,6,https://www.musinsa.com/products/4879494
2026-09-01,키뮤어,4886214,써머 와이드 데님 팬츠_블랙,0.02,490,27450,27450,27450,0,0,0.0,100.0,1,high,24.09,5,2,6,https://www.musinsa.com/products/4886214
2026-09-01,드릭스,4888390,2IN1 액티브 레깅스 멀티 쇼츠_5color,2.94,79350,27030,27030,27990,1,-960,-3.43,100.0,1,medium,24.09,9,2,6,https://www.musinsa.com/products/4888390
2026-09-01,에이치덱스,4893190,크랙 아플리케 오버핏 숏 슬리브 (Black),0.0,0,52000,52000,52000,0,0,0.0,77.12,0,low,24.08,4,1,6,https://www.musinsa.com/products/4893190
2026-09-01,마인드브릿지,4898822,[쿨]우븐 믹스 세미 오버티셔츠 - 2color,0.0,0,29900,29900,29900,0,0,0.0,89.63,0,low,24.08,4,1,6,https://www.musinsa.com/products/4898822
2026-09-01,디스이즈네버댓,4905606,Contrast Stitch Short Black,0.0,0,59500,59500,59500,0,0,0.0,39.88,0,low,24.08,4,1,6,https://www.musinsa.com/products/4905606
2026-09-01,넌블랭크,4905990,[여름]하이쿨 세미 와이드 핏 슬랙스_BLACK,0.0,0,63200,63200,63200,0,0,0.0,52.26,0,low,23.5,5,1,6,https://www.musinsa.com/products/4905990
2026-09-01,세터,4910150,본 보야지 스트라이프 링거 반팔 티셔츠 스카이 블루,0.0,0,89000,89000,89000,0,0,0.0,64.66,0,low,24.09,4,1,6,https://www.musinsa.com/products/4910150
2026-09-01,세터,4910278,썬 레트로 그래픽 반팔 티셔츠 아트 블루,0.0,0,79000,79000,79000,0,0,0.0,64.66,0,low,24.09,4,1,6,https://www.musinsa.com/products/4910278
2026-09-01,커버낫,4913926,쿨 코튼 샤인 C 로고 티셔츠 White,0.0,0,26100,26100,29250,1,-3150,-10.77,39.89,0,low,24.08,4,1,6,https://www.musinsa.com/products/4913926
2026-09-01,커버낫,4914502,스몰 어센틱 스카시 케이블 하프 니트 Ivory,0.0,0,58860,58860,44150,1,14710,33.32,39.89,0,low,24.08,4,1,6,https://www.musinsa.com/products/4914502
2026-09-01,무센트,4914886,페링 미디 라운드넥 반팔 티 (6컬러),1.59,44221,27810,20930,27810,1,-6880,-24.74,100.0,1,medium,24.08,8,4,6,https://www.musinsa.com/products/4914886
2026-09-01,코드그라피,4922246,스퀘어 로고 반소매 티셔츠_차콜,0.0,0,29400,29400,29400,0,0,0.0,77.13,0,low,24.08,4,1,6,https://www.musinsa.com/products/4922246
2026-09-01,던스트,4923078,CROCHET EDGE TRIM KNIT_UDSW5B226_LIGHT BLUE,0.0,0,43600,43600,43600,0,0,0.0,52.27,0,low,23.5,5,1,6,https://www.musinsa.com/products/4923078
2026-09-01,무드인사이드 우먼,4923846,(woman) 스트라이프 럭비 카라 스웨트 맨투맨_3Color,0.4,14272,35900,35900,35900,0,0,0.0,39.89,0,low,24.08,4,1,6,https://www.musinsa.com/products/4923846
2026-09-01,유라고,4924358,Lilys string blouse,0.0,0,89680,89680,89680,0,0,0.0,64.66,0,low,24.09,4,1,6,https://www.musinsa.com/products/4924358
2026-09-01,플랙,4933446,[메르고X플랙] 스트레이트 데님팬츠 K54 블랙,0.0,0,59000,59000,59000,0,0,0.0,39.89,0,low,24.08,4,1,6,https://www.musinsa.com/products/4933446
2026-09-01,아워데이즈,4933894,웨일즈 카펜터 버뮤다 데님 팬츠 [BLUE],0.0,0,39200,39200,39200,0,0,0.0,77.13,0,low,24.08,4,1,6,https://www.musinsa.com/products/4933894
2026-09-01,일꼬르소,4936198,렉시오 벨티드 버뮤다 팬츠 블랙 IEPA5E407BK,0.0,0,69300,69300,69300,0,0,0.0,39.9,0,low,24.08,4,1,6,https://www.musinsa.com/products/4936198
2026-09-01,던스트,4941702,UNISEX CUPID ARCH LOGO T-SHIRT_UDTS6B129_OFF WHITE,0.53,16440,30800,30800,30800,0,0,0.0,52.28,0,low,23.5,5,1,6,https://www.musinsa.com/products/4941702
2026-09-01,데케트,4948102,[린넨라이크]Linen Like Balloon Wide Jeans DCPT060CPIndigo,1.25,46228,37000,37000,37000,0,0,0.0,89.64,0,low,9.05,8,5,6,https://www.musinsa.com/products/4948102
2026-09-01,어반드레스,4948486,Aa Layered U-neck Long Sleeve - 7COL,0.0,0,29250,29250,29250,0,0,0.0,100.0,1,high,24.09,5,2,6,https://www.musinsa.com/products/4948486
2026-09-01,메인부스,4949830,Neo Space T-shirt(WHITE),0.0,0,24700,24700,24700,0,0,0.0,77.14,0,low,24.08,4,1,6,https://www.musinsa.com/products/4949830
2026-09-01,에이치덱스,4958214,나일론 립 포켓 숄더백 (White),0.0,0,35400,35400,35400,0,0,0.0,77.14,0,low,24.08,4,1,6,https://www.musinsa.com/products/4958214
2026-09-01,락케이크,4959174,96 Applique 2way Jogger - Beige,0.0,0,55120,55120,55120,0,0,0.0,26.49,0,low,24.01,5,1,6,https://www.musinsa.com/products/4959174
2026-09-01,브라운브레스,4960454,LEOPARD TAG TEE - BLUE GREEN,0.0,0,49000,49000,49000,0,0,0.0,26.49,0,low,24.01,5,1,6,https://www.musinsa.com/products/4960454
2026-09-01,해비즘,4960838,WAIST CONTRAST 2-WAY SWEATPANTS(NAVY),0.0,0,47500,47500,47500,0,0,0.0,52.28,0,low,23.5,5,1,6,https://www.musinsa.com/products/4960838
2026-09-01,플레어업,4963270,Muta Waffle Raglan T-Shirt (FL-154_Pink),0.0,0,24500,24500,17150,1,7350,42.86,89.65,0,low,24.08,4,1,6,https://www.musinsa.com/products/4963270
2026-09-01,리메인세컨드,4963910,오버핏 워셔블 크루넥 케이블 반팔 니트_5COLOR,0.0,0,28900,28900,28900,0,0,0.0,64.67,0,low,24.09,4,1,6,https://www.musinsa.com/products/4963910
2026-09-01,디스이즈네버댓,4968582,Terry S/S Zip Shirt Black,0.0,0,49500,49500,49500,0,0,0.0,39.91,0,low,24.09,4,1,6,https://www.musinsa.com/products/4968582
2026-09-01,썬러브투어,4968710,Capital S/S Sweater Blue,0.0,0,44480,44480,44480,0,0,0.0,26.49,0,low,24.01,5,1,6,https://www.musinsa.com/products/4968710
2026-09-01,필루미네이트,4969798,F 아플리케 로고 볼 캡-블루,0.0,0,25000,25000,25000,0,0,0.0,52.29,0,low,23.5,5,1,6,https://www.musinsa.com/products/4969798
2026-09-01,론론,4972806,PATCHWORK RUFFLE SHORT SLEEVE T SHIRT BLACK,0.0,0,53460,53460,59400,1,-5940,-10.0,100.0,1,medium,24.09,5,2,6,https://www.musinsa.com/products/4972806
2026-09-01,론론,4973382,HEART PENDANT LACE TRACK LINE FLARE MAXI SKIRT GREY,0.0,0,71280,71280,49280,1,22000,44.64,100.0,1,medium,24.09,5,2,6,https://www.musinsa.com/products/4973382
2026-09-01,론론,4973574,LACE HEART GRAPHIC SWEATSHIRTS CHARCOAL,0.0,0,71280,71280,49280,1,22000,44.64,100.0,1,medium,24.09,5,2,6,https://www.musinsa.com/products/4973574
2026-09-01,커버낫,4974150,테크 나일론 베이직 티셔츠 Dark Navy,0.0,0,43470,43470,31050,1,12420,40.0,39.91,0,low,24.08,4,1,6,https://www.musinsa.com/products/4974150
2026-09-01,더바이닐하우스,4980934,GUNFIGHT TYPO TEE KHAKI,0.0,0,28420,28420,40600,1,-12180,-30.0,39.92,0,low,24.09,4,1,6,https://www.musinsa.com/products/4980934
2026-09-01,더바이닐하우스,4981254,MESH TWO TONE BALL CAP WHITE,0.0,0,25480,25480,36400,1,-10920,-30.0,39.92,0,low,24.08,4,1,6,https://www.musinsa.com/products/4981254
2026-09-01,언탭트 스튜디오,4983174,[2PACK]코튼 폴로 피케 카라 반팔 티셔츠 5Color,0.0,0,35900,35900,35900,0,0,0.0,52.29,0,low,23.5,5,1,6,https://www.musinsa.com/products/4983174
2026-09-01,커버낫,4988870,버뮤다 코튼 카고 쇼츠 Dark Navy,0.0,0,44100,44100,44500,1,-400,-0.9,39.92,0,low,24.08,4,1,6,https://www.musinsa.com/products/4988870
2026-09-01,드로우핏,4990662,와플 헨리넥 하프 티셔츠 [IVORY],0.77,23526,30600,30600,30600,0,0,0.0,77.15,0,low,24.08,4,1,6,https://www.musinsa.com/products/4990662
2026-09-01,아틀리에 나인,4993286,ESSENTIAL COTTON TUCK MINI SKIRT(SK-5031),0.0,0,63200,63200,71100,1,-7900,-11.11,64.68,0,low,24.09,4,1,6,https://www.musinsa.com/products/4993286
2026-09-01,시그니처,4993414,와이드 커브드 다트 코튼 팬츠[베이지],14.85,533048,35900,35900,35900,0,0,0.0,62.35,0,low,11.62,21,4,6,https://www.musinsa.com/products/4993414
2026-09-01,무드인사이드,4994374,리브드 헨리넥 롱슬리브_Gray,0.0,0,39900,39900,39900,0,0,0.0,26.5,0,low,24.01,5,1,6,https://www.musinsa.com/products/4994374
2026-09-01,브라운브레스,4995910,PIGMENT TAG TEE - CHARCOAL,0.0,0,49000,49000,49000,0,0,0.0,26.5,0,low,24.01,5,1,6,https://www.musinsa.com/products/4995910
2026-09-01,세컨모놀로그,4996614,키홀 로고 케이블 카라 하프 니트 [COBLUE]_SEKT024COBLUE,0.0,0,17150,17150,17150,0,0,0.0,39.93,0,low,24.08,4,1,6,https://www.musinsa.com/products/4996614
2026-09-01,파르티멘토 우먼,4996806,멀티웨이 더블 웨이스트 트랜스폼 스커트_브라운,0.0,0,111780,111780,86940,1,24840,28.57,89.66,0,low,24.08,4,1,6,https://www.musinsa.com/products/4996806
2026-09-01,굿라이프웍스,4999878,오픈 카라 와플 하프 니트 블루,0.0,0,25900,25900,25900,0,0,0.0,64.68,0,low,24.09,4,1,6,https://www.musinsa.com/products/4999878
2026-09-01,노이어,5006278,리브드 집업 하프 니트 (네이비),0.0,0,45500,45500,45500,0,0,0.0,100.0,1,high,24.09,5,2,6,https://www.musinsa.com/products/5006278
2026-09-01,드로우핏 우먼,5007174,모데라토 플리츠 코튼 슬리브리스 블라우스 [WHITE],0.0,0,57600,57600,57600,0,0,0.0,26.5,0,low,24.01,5,1,6,https://www.musinsa.com/products/5007174
2026-09-01,스컬프터,5008390,Eyelet Knit Capri Pants Ivory,0.0,0,49280,49280,61600,1,-12320,-20.0,100.0,1,medium,24.08,5,2,6,https://www.musinsa.com/products/5008390
2026-09-01,레더리,5008454,쥴리 브이넥 카라 블라우스 [BLACK],0.0,0,39440,39440,34510,1,4930,14.29,89.66,0,low,24.08,4,1,6,https://www.musinsa.com/products/5008454
2026-09-01,언더오프,5011718,오버핏 크루넥 1992아치 반팔 티셔츠 블랙,0.0,0,16900,16900,16900,0,0,0.0,39.94,0,low,24.08,4,1,6,https://www.musinsa.com/products/5011718
2026-09-01,무센트,5016774,시그니처 백 72 레터링 반팔 티 남녀공용 (2컬러),0.0,0,26910,26910,25420,1,1490,5.86,39.94,0,low,24.08,4,1,6,https://www.musinsa.com/products/5016774
2026-09-01,아캄,5017734,2-Lined Zip-Up Half Shirts (Gray),0.0,0,104300,104300,104300,0,0,0.0,64.69,0,low,24.09,4,1,6,https://www.musinsa.com/products/5017734
2026-09-01,트리밍버드,5018246,Bold Wrinkled Belted Long Boots [ White ],0.0,0,349000,349000,349000,0,0,0.0,100.0,1,high,24.09,5,2,6,https://www.musinsa.com/products/5018246
2026-09-01,글로니,5018630,PEEKABOO SMOKE TEE (6 Colors),0.0,0,58000,58000,58000,0,0,0.0,100.0,1,high,24.09,5,2,6,https://www.musinsa.com/products/5018630
2026-09-01,쿠어,5022406,오버사이즈 스트라이프 폴로 셔츠 (블랙),0.0,0,63000,63000,63000,0,0,0.0,64.69,0,low,24.09,4,1,6,https://www.musinsa.com/products/5022406
2026-09-01,커버낫,5024518,쿨 코튼 바캉스 그래픽 티셔츠 Charcoal,0.4,9752,24500,30870,24500,1,6370,26.0,39.94,0,low,24.08,4,1,6,https://www.musinsa.com/products/5024518
2026-09-01,웬즈데이오아시스,5030726,원마일 트랙 숏 팬츠_NAVY(W25-PT15),0.0,0,25200,25200,25200,0,0,0.0,26.51,0,low,24.01,5,1,6,https://www.musinsa.com/products/5030726
2026-09-01,시야쥬,5031622,SITP5201 레트로 U넥 슬림 반팔티_Black,0.0,0,33300,33300,25900,1,7400,28.57,39.95,0,low,24.08,4,1,6,https://www.musinsa.com/products/5031622
2026-09-01,시야쥬,5031750,SIA8036 와샤 미니 반팔 원피스_Lemon,0.0,0,88290,88290,76300,1,11990,15.71,39.95,0,low,24.08,4,1,6,https://www.musinsa.com/products/5031750
2026-09-01,카키포인트,5032006,Vintage Bootcut pants (greige),0.0,0,69120,69120,61440,1,7680,12.5,26.52,0,low,24.01,5,1,6,https://www.musinsa.com/products/5032006
2026-09-01,썸웨어버터,5035590,Sunny Ball Cap - 3Color,0.0,0,43000,43000,43000,0,0,0.0,52.31,0,low,23.5,5,1,6,https://www.musinsa.com/products/5035590
2026-09-01,쿠어,5036550,레귤러 핏 핀 스트라이프 티셔츠 (카키),0.0,0,54000,54000,54000,0,0,0.0,64.7,0,low,24.09,4,1,6,https://www.musinsa.com/products/5036550
2026-09-01,유니온블루,5036614,HARD TWIST SPREAD POLO HALF KNIT [MELANGE GRAY],0.86,51705,60440,60440,71100,1,-10660,-14.99,100.0,1,medium,24.09,5,2,6,https://www.musinsa.com/products/5036614
2026-09-01,로제프란츠,5037766,Frill Shirring Sleeveless [Flower],1.54,89687,58310,66640,58310,1,8330,14.29,77.17,0,low,24.08,4,1,6,https://www.musinsa.com/products/5037766
2026-09-01,일리고,5045510,도트 레이어드 스카프 화이트,0.0,0,24000,24000,24000,0,0,0.0,89.68,0,low,24.08,4,1,6,https://www.musinsa.com/products/5045510
2026-09-01,썬러브투어,5047430,Sparkle Tee Taupe,0.0,0,22080,22080,22080,0,0,0.0,26.52,0,low,24.01,5,1,6,https://www.musinsa.com/products/5047430
2026-09-01,썬러브투어,5047750,W Ribbed SUN Tee Navy,0.0,0,25280,25280,25280,0,0,0.0,26.52,0,low,24.01,5,1,6,https://www.musinsa.com/products/5047750
2026-09-01,밀로 아카이브,5054150,시너리 엠브로이더리 플랫 캡 [시멘트 그레이],0.0,0,36000,36000,32400,1,3600,11.11,52.33,0,low,23.5,5,1,6,https://www.musinsa.com/products/5054150
2026-09-01,필루미네이트,5054406,조디악 그래픽 티셔츠-브라운,0.0,0,25000,25000,25000,0,0,0.0,52.33,0,low,23.51,5,1,6,https://www.musinsa.com/products/5054406
2026-09-01,유라고,5058438,Logo half knit cardigan,0.0,0,64600,64600,64600,0,0,0.0,64.71,0,low,24.09,4,1,6,https://www.musinsa.com/products/5058438
2026-09-01,언탭트 스튜디오,5064198,2WAY 나일론 후드 윈드브레이커 자켓 3Color,5.24,193616,36960,36960,36960,0,0,0.0,100.0,1,high,10.08,15,6,6,https://www.musinsa.com/products/5064198
2026-09-01,커버낫,5066438,심볼 쿨 테크 티셔츠 Light Khaki,0.0,0,33040,33040,35400,1,-2360,-6.67,39.97,0,low,24.08,4,1,6,https://www.musinsa.com/products/5066438
2026-09-01,아틀리에 나인,5071366,BLUE GRADATION STRAIGHT JEAN(PT-5673),0.0,0,78400,78400,88200,1,-9800,-11.11,64.71,0,low,24.09,4,1,6,https://www.musinsa.com/products/5071366
2026-09-01,헬레네파리스,5076550,테리 스터드 스퀘어 하프 티셔츠 [오트밀],0.0,0,34630,34630,34630,0,0,0.0,100.0,1,high,24.09,5,2,6,https://www.musinsa.com/products/5076550
2026-09-01,토마스모어,5076998,링거송티,0.0,0,32700,32700,32700,0,0,0.0,52.35,0,low,23.5,5,1,6,https://www.musinsa.com/products/5076998
2026-09-01,슬로우애시드,5077894,피그먼트 스트라이프 베이직 반팔 티셔츠 [차콜],0.0,0,39200,39200,39200,0,0,0.0,77.19,0,low,24.08,2,1,6,https://www.musinsa.com/products/5077894
2026-09-01,시눈,5079302,Hand Made Knit Bikini Top (Red),0.0,0,64000,64000,64000,0,0,0.0,64.72,0,low,24.1,4,1,6,https://www.musinsa.com/products/5079302
2026-09-01,로템버,5079622,카고 버뮤다 와이드 코튼 팬츠 [블랙],0.0,0,53280,53280,49950,1,3330,6.67,26.53,0,low,24.01,5,1,6,https://www.musinsa.com/products/5079622
2026-09-01,밀로 아카이브,5081350,이지 드롭 데님 팬츠 [인디고],0.0,0,54000,54000,43200,1,10800,25.0,52.35,0,low,23.5,5,1,6,https://www.musinsa.com/products/5081350
2026-09-01,세터,5081798,(W) 아페로 로고 스트라이프 슬리브리스 탑 그린,0.0,0,69000,69000,69000,0,0,0.0,64.72,0,low,24.09,4,1,6,https://www.musinsa.com/products/5081798
2026-09-01,9999아카이브,5087750,Side Mesh Technical T,0.0,0,37170,37170,37170,0,0,0.0,52.35,0,low,23.5,5,1,6,https://www.musinsa.com/products/5087750
2026-09-01,언탭트 스튜디오,5089542,URANUS 7 오버핏 트랙 반팔 배색 티셔츠 3Color,50.17,963633,19207,15850,28350,1,-12500,-44.09,100.0,1,low,6.04,31,12,6,https://www.musinsa.com/products/5089542
2026-09-01,아틀리에 나인,5090950,ANNA SEMI WIDE SET-UP KNIT PANTS(PT-5640),0.0,0,87200,87200,98100,1,-10900,-11.11,64.73,0,low,24.09,4,1,6,https://www.musinsa.com/products/5090950
2026-09-01,데꼬로소,5095686,남녀공용 미니멀 자개 비즈 목걸이 [블랙],15.26,543219,35600,35600,35600,0,0,0.0,100.0,1,high,10.06,21,6,6,https://www.musinsa.com/products/5095686
2026-09-01,프리즘웍스,5097926,CIGARETTE POCKET PIGMENT DYEING TEE _ GREEN,0.0,0,27000,27000,27000,0,0,0.0,100.0,1,high,24.09,5,2,6,https://www.musinsa.com/products/5097926
2026-09-01,드로우핏 우먼,5110854,썸머 린넨 보트넥 니트 [OATMEAL],0.0,0,59400,59400,59400,0,0,0.0,26.53,0,low,24.01,5,1,6,https://www.musinsa.com/products/5110854
2026-09-01,아워데이즈,5111302,웨이비 커브드 트위스트 벌룬 데님 팬츠 [BLACK],0.0,0,49600,49600,49600,0,0,0.0,77.2,0,low,24.08,4,1,6,https://www.musinsa.com/products/5111302
2026-09-01,썸웨어버터,5114886,Aloha Halter Sleeveless Knit - Light Blue,0.53,44381,83000,83000,83000,0,0,0.0,52.37,0,low,23.5,5,1,6,https://www.musinsa.com/products/5114886
2026-09-01,아캄,5118150,Striped Flare Denim Pants (Black),0.0,0,114800,114800,114800,0,0,0.0,64.73,0,low,24.09,4,1,6,https://www.musinsa.com/products/5118150
2026-09-01,아캄,5118214,Dirty Washed Double Knee Cotton Pants (Black),0.0,0,145600,145600,145600,0,0,0.0,64.73,0,low,24.09,4,1,6,https://www.musinsa.com/products/5118214
2026-09-01,제멋,5129606,라이트 딥턱 하프팬츠 백오트밀 OYSP2625,0.0,0,27900,27900,27900,0,0,0.0,100.0,1,high,24.09,5,2,6,https://www.musinsa.com/products/5129606
2026-09-01,디앤에스알,5129798,피그먼트 하프 슬리브 차콜,0.0,0,47200,47200,47200,0,0,0.0,64.74,0,low,24.09,4,1,6,https://www.musinsa.com/products/5129798
2026-09-01,로우클래식,5136902,STRIPED CREWNECK KNIT TEE_BLUE_LC252KN06BL,0.0,0,119000,119000,95200,1,23800,25.0,100.0,1,medium,24.09,5,2,6,https://www.musinsa.com/products/5136902
2026-09-01,프렌다,5138886,LETTERING 97 CHECK STAR CREWNECK TEE MELANGE GRAY,0.0,0,21000,21000,21000,0,0,0.0,26.54,0,low,24.01,5,1,6,https://www.musinsa.com/products/5138886
2026-09-01,론론,5139910,MULTI STRIPE RUGBY SHORT SLEEVE T SHIRT NAVY,0.0,0,71280,71280,49280,1,22000,44.64,100.0,1,medium,24.09,5,2,6,https://www.musinsa.com/products/5139910
2026-09-01,론론,5139974,HEART BUTTON GOLGI SLEEVELESS BLUE STRIPE,0.0,0,44550,44550,30800,1,13750,44.64,100.0,1,medium,24.09,5,2,6,https://www.musinsa.com/products/5139974
2026-09-01,프리즘웍스,5140806,CN NIB FATIGUE SHORTS _ CHARCOAL,0.0,0,47400,47400,47400,0,0,0.0,100.0,1,high,24.09,5,2,6,https://www.musinsa.com/products/5140806
2026-09-01,아틀리에 나인,5146566,SMOCKING SLEEVELESS ONE PIECE(OP-6275),0.0,0,111200,111200,125100,1,-13900,-11.11,64.75,0,low,24.09,4,1,6,https://www.musinsa.com/products/5146566
2026-09-01,드릭스,5147078,(여름용) 트랙 라인 그래픽 메쉬 와이드 팬츠_화이트,0.02,662,34800,25500,34800,1,-9300,-26.72,1.9,0,low,24.0,4,1,6,https://www.musinsa.com/products/5147078
2026-09-01,해칭룸,5152262,Bone Dragon Cap Olive,0.0,0,68000,68000,68000,0,0,0.0,89.71,0,low,24.08,4,1,6,https://www.musinsa.com/products/5152262
2026-09-01,해칭룸,5152326,Skull Gem Keyring,0.0,0,33000,33000,33000,0,0,0.0,89.71,0,low,24.08,4,1,6,https://www.musinsa.com/products/5152326
2026-09-01,키르시,5153478,체리 컷오프 아플리케 볼캡 [네이비],0.0,0,23400,23400,23400,0,0,0.0,39.99,0,low,24.08,4,1,6,https://www.musinsa.com/products/5153478
2026-09-01,썬러브투어,5153862,Engineered Knit Tee Purple,0.0,0,47680,47680,47680,0,0,0.0,26.54,0,low,24.01,5,1,6,https://www.musinsa.com/products/5153862
2026-09-01,밀로 아카이브,5154374,다이스 넘버 아이스 큐브 [실버],0.0,0,22400,22400,25200,1,-2800,-11.11,52.38,0,low,23.5,5,1,6,https://www.musinsa.com/products/5154374
2026-09-01,론론,5155206,DOT FRILL STITCH SLEEVELESS SOFT YELLOW,0.0,0,53460,53460,36960,1,16500,44.64,100.0,1,medium,24.09,5,2,6,https://www.musinsa.com/products/5155206
2026-09-01,유라고,5157446,Resort halter neck knit top,0.0,0,49400,49400,49400,0,0,0.0,64.75,0,low,24.09,4,1,6,https://www.musinsa.com/products/5157446
2026-09-01,해칭룸,5158662,Wide Curve Jeans Washed Blue,0.89,159131,178000,178000,178000,0,0,0.0,89.71,0,low,24.08,4,1,6,https://www.musinsa.com/products/5158662
2026-09-01,링서울,5160006,square neck sleeveless top-black,0.0,0,20010,20010,15570,1,4440,28.52,52.39,0,low,23.5,5,1,6,https://www.musinsa.com/products/5160006
2026-09-01,제멋,5161158,프로퍼 스트라이프 반팔티셔츠 블랙 OYST2637,0.0,0,28900,28900,28900,0,0,0.0,100.0,1,high,24.09,5,2,6,https://www.musinsa.com/products/5161158
2026-09-01,배드블러드,5167366,코스모 리플렉티브 링거 티셔츠 - 그린카모,0.0,0,58650,58650,55890,1,2760,4.94,100.0,1,medium,24.09,5,2,6,https://www.musinsa.com/products/5167366
2026-09-01,아캄,5167430,Oblique Button Denim Pants (Black),0.0,0,107800,107800,107800,0,0,0.0,64.76,0,low,24.09,4,1,6,https://www.musinsa.com/products/5167430
2026-09-01,파르티멘토 우먼,5170118,PWC 오버사이즈드 에브리데이 티_화이트,0.0,0,20790,20790,20790,0,0,0.0,89.71,0,low,24.08,4,1,6,https://www.musinsa.com/products/5170118
2026-09-01,꼼파뇨,5175878,디어 블룸 크롭 반팔티 블랙,0.0,0,33800,33800,26000,1,7800,30.0,89.72,0,low,24.08,4,1,6,https://www.musinsa.com/products/5175878
2026-09-01,로제프란츠,5176710,Half Shirring Windbreaker [White],0.0,0,82080,82080,71820,1,10260,14.29,77.21,0,low,24.08,4,1,6,https://www.musinsa.com/products/5176710
2026-09-01,론론,5180934,RAW EDGE PUFF T SHIRT WHITE,0.0,0,35640,35640,24640,1,11000,44.64,100.0,1,medium,24.09,5,2,6,https://www.musinsa.com/products/5180934
2026-09-01,마인드브릿지,5186438,스트라이프 오버핏 셔츠,0.0,0,39900,39900,39900,0,0,0.0,89.72,0,low,24.08,4,1,6,https://www.musinsa.com/products/5186438
2026-09-01,플레어업,5186502,Muta Waffle Raglan T-Shirt (FL-154_Black&White),0.0,0,24500,24500,17150,1,7350,42.86,89.72,0,low,24.08,4,1,6,https://www.musinsa.com/products/5186502
2026-09-01,스컬프터,5193862,Acid Farm Mini Dress Dirty White,21.96,651592,29666,23130,47200,1,-24070,-51.0,100.0,1,medium,24.01,19,12,6,https://www.musinsa.com/products/5193862
2026-09-01,르바,5196998,Stripe Mini Dress  - White Stripe,0.0,0,125100,125100,97300,1,27800,28.57,77.22,0,low,24.08,4,1,6,https://www.musinsa.com/products/5196998
2026-09-01,르아브,5200838,Night kitten 프린트 피그먼트 티셔츠 챠콜 (우먼),0.0,0,29500,29500,29500,0,0,0.0,52.39,0,low,23.5,5,1,6,https://www.musinsa.com/products/5200838
2026-09-01,베르만 어패럴,5204742,헤비코튼 피그먼트 에센셜 오버핏 반팔티 3colors,5.62,280412,49880,49880,49880,0,0,0.0,100.0,1,high,10.17,12,5,6,https://www.musinsa.com/products/5204742
2026-09-01,론론,5205830,RIBBON PATTERN DENIM SHORT SKIRT DEEP BLACK,0.0,0,62370,62370,43120,1,19250,44.64,100.0,1,medium,24.09,5,2,6,https://www.musinsa.com/products/5205830
2026-09-01,론론,5205958,SEAM DETAIL SLIM T SHIRT RED,0.0,0,44550,44550,30800,1,13750,44.64,100.0,1,medium,24.09,5,2,6,https://www.musinsa.com/products/5205958
2026-09-01,러프사이드,5209094,Primary Long Sleeve M.Grey,0.0,0,69000,69000,69000,0,0,0.0,64.77,0,low,24.09,2,1,6,https://www.musinsa.com/products/5209094
2026-09-01,브룩스 브라더스,5209606,시어서커 로프 반팔 셔츠 (레드) (BBTPMF3654DFM),0.0,0,101760,101760,101760,0,0,0.0,52.39,0,low,23.5,5,1,6,https://www.musinsa.com/products/5209606
2026-09-01,러프사이드,5209798,Insulation Shirt Mud,0.0,0,198000,198000,198000,0,0,0.0,64.77,0,low,24.09,4,1,6,https://www.musinsa.com/products/5209798
2026-09-01,파르티멘토 우먼,5213638,팀 76 패치 숏슬리브 티_크림,0.0,0,31590,31590,24570,1,7020,28.57,89.72,0,low,24.08,4,1,6,https://www.musinsa.com/products/5213638
2026-09-01,무센트,5216774,네이블 유넥 스트라이프 반팔 티,0.0,0,23730,23730,33900,1,-10170,-30.0,40.0,0,low,24.08,4,1,6,https://www.musinsa.com/products/5216774
2026-09-01,토피,5224774,커브드 와이드 데님 팬츠 (LIGHT BLUE),0.0,0,35900,35900,35900,0,0,0.0,85.79,0,low,24.09,5,1,6,https://www.musinsa.com/products/5224774
2026-09-01,마인드브릿지 우먼,5231046,[W][2PACK]라운드 넥 티셔츠 패키지 - 3color,0.0,0,49900,49900,49900,0,0,0.0,64.78,0,low,24.1,4,1,6,https://www.musinsa.com/products/5231046
2026-09-01,비바라비다,5232838,Sprint 피그먼트 워싱 반팔 티셔츠,0.0,0,34930,34930,34930,0,0,0.0,100.0,1,high,24.09,5,2,6,https://www.musinsa.com/products/5232838
2026-09-01,론론,5242886,DOT CAT T BASIC FIT SHIRTS BLACK,0.0,0,35640,35640,28160,1,7480,26.56,100.0,1,medium,24.09,5,2,6,https://www.musinsa.com/products/5242886
2026-09-01,노매뉴얼,5243206,NM STRIPED LONG SLEEVE TEE - BURGUNDY,0.0,0,69350,69350,69350,0,0,0.0,89.75,0,low,24.08,4,1,6,https://www.musinsa.com/products/5243206
2026-09-01,노매뉴얼,5243270,DAMAGED HOODIE - WASHED BLACK,0.0,0,94500,94500,94500,0,0,0.0,89.75,0,low,24.08,4,1,6,https://www.musinsa.com/products/5243270
2026-09-01,노매뉴얼,5243334,SPRAY DYEING KNIT - CHARCOAL,0.0,0,80500,80500,80500,0,0,0.0,89.75,0,low,24.08,4,1,6,https://www.musinsa.com/products/5243334
2026-09-01,노매뉴얼,5243462,TUNDRA LIGHT DUCK DOWN - BLACK,0.0,0,167200,167200,167200,0,0,0.0,89.76,0,low,24.08,4,1,6,https://www.musinsa.com/products/5243462
2026-09-01,브랜디드,5245510,SOFT CROP T-SHIRT [BLACK],0.0,0,39200,39200,39200,0,0,0.0,77.23,0,low,24.08,4,1,6,https://www.musinsa.com/products/5245510
2026-09-01,글로니,5247750,G BABY TEE (CHOCO),0.0,0,34020,34020,34020,0,0,0.0,100.0,1,high,24.09,5,2,6,https://www.musinsa.com/products/5247750
2026-09-01,유니폼브릿지,5260934,seersucker pocket shirt blue stripe,0.0,0,55600,55600,55600,0,0,0.0,100.0,1,high,24.09,5,2,6,https://www.musinsa.com/products/5260934
2026-09-01,레더리,5267846,보스턴 버킷 토트 크로스백 [BLACK],3.34,136127,40799,45360,39690,1,5670,14.29,100.0,1,medium,24.08,6,2,6,https://www.musinsa.com/products/5267846
2026-09-01,비터셀즈,5269702,미아 스트라이프 스웻셔츠-그린,0.0,0,55200,55200,48300,1,6900,14.29,89.77,0,low,24.08,4,1,6,https://www.musinsa.com/products/5269702
2026-09-01,1993스튜디오,5272454,W 베이직 슬림 슬리브리스 탑_화이트,0.0,0,21000,21000,21000,0,0,0.0,40.02,0,low,24.09,12,1,6,https://www.musinsa.com/products/5272454
2026-09-01,마인드브릿지 우먼,5273862,[W]보트넥 슬리브리스 니트탑 - 5color,0.0,0,29900,29900,19900,1,10000,50.25,64.8,0,low,24.1,4,1,6,https://www.musinsa.com/products/5273862
2026-09-01,마인드브릿지 우먼,5289478,[W]케이블 니트 레이어드 셔츠,0.0,0,49900,49900,54900,1,-5000,-9.11,64.8,0,low,24.1,4,1,6,https://www.musinsa.com/products/5289478
2026-09-01,마인드브릿지,5289734,[COUTURE]트윌 집업 트러커,0.89,88585,99000,99000,99000,0,0,0.0,89.79,0,low,24.08,4,1,6,https://www.musinsa.com/products/5289734
2026-09-01,드로우핏,5290694,[서강준PICK] 소프트 울 크롭 라운드 니트 [7color],0.77,38105,49500,49500,49500,0,0,0.0,77.24,0,low,24.08,4,1,6,https://www.musinsa.com/products/5290694
2026-09-01,코드그라피,5290886,(우먼) 레이어드 체크 스커드_브라운,0.0,0,41300,41300,41300,0,0,0.0,77.24,0,low,24.08,4,1,6,https://www.musinsa.com/products/5290886
2026-09-01,다이브인,5294598,UNIFORM STRIPE LONG SLEEVE (INDIGO/NAVY),0.0,0,47200,47200,59000,1,-11800,-20.0,40.03,0,low,24.09,4,1,6,https://www.musinsa.com/products/5294598
2026-09-01,트래블,5296518,데님 테리 트랙 자켓 블랙,0.27,11787,44400,41300,44400,1,-3100,-6.98,26.55,0,low,24.01,5,1,6,https://www.musinsa.com/products/5296518
2026-09-01,던스트,5300486,SOFT FRAME SHOULDER BAG_UDBA6F209_BLACK,1.07,176474,164880,164880,164880,0,0,0.0,52.41,0,low,23.5,5,1,6,https://www.musinsa.com/products/5300486
2026-09-01,1993스튜디오,5301510,W 트랙 라인 브이넥 롱슬리브_크림,0.0,0,49500,49500,49500,0,0,0.0,40.03,0,low,24.09,4,1,6,https://www.musinsa.com/products/5301510
2026-09-01,몽돌,5303366,슬림 알파카 골지 니트 가디건 레드 MDCD048RED,0.0,0,64800,64800,48960,1,15840,32.35,100.0,1,medium,24.09,5,2,6,https://www.musinsa.com/products/5303366
2026-09-01,디스이즈네버댓,5304326,TSNVT Collage Tee Heather Grey,0.0,0,38500,38500,38500,0,0,0.0,40.04,0,low,24.09,4,1,6,https://www.musinsa.com/products/5304326
2026-09-01,인사일런스,5304710,빈티지 컴뱃 카고 팬츠2 OLIVE,0.0,0,125100,125100,111600,1,13500,12.1,40.04,0,low,24.09,4,1,6,https://www.musinsa.com/products/5304710
2026-09-01,인사일런스,5304774,텐셀 코튼 다잉 셔츠 ASH MINT,0.0,0,107100,107100,95760,1,11340,11.84,40.05,0,low,24.09,4,1,6,https://www.musinsa.com/products/5304774
2026-09-01,르아르,5304902,에센셜 크롭 체크 셔츠 [버건디],0.65,16075,24900,24900,24900,0,0,0.0,64.82,0,low,24.1,4,1,6,https://www.musinsa.com/products/5304902
2026-09-01,아메스 월드와이드,5305990,JERSEY STRIPE BEANIE GREY,0.0,0,25600,25600,25600,0,0,0.0,89.79,0,low,24.08,4,1,6,https://www.musinsa.com/products/5305990
2026-09-01,썬러브투어,5307782,Capital Brushed Sweatpants Black,0.0,0,71520,71520,71520,0,0,0.0,26.57,0,low,24.01,5,1,6,https://www.musinsa.com/products/5307782
2026-09-01,칙스,5308934,[현진 PICK] 스터드 투웨이 스트링 오프숄더 롱 슬리브 블랙,0.0,0,34900,34900,27920,1,6980,25.0,100.0,1,medium,24.09,5,2,6,https://www.musinsa.com/products/5308934
2026-09-01,언더오프,5309638,워싱 크롭 데님 바이커 자켓 블랙,0.0,0,43120,43120,43120,0,0,0.0,40.05,0,low,24.08,4,1,6,https://www.musinsa.com/products/5309638
2026-09-01,나이스고스트클럽,5310214,DOODLE BIG BIG L/S HOODIE_WHITE(NG2FFUT558A),0.54,15510,28980,41400,28980,1,12420,42.86,52.41,0,low,23.5,5,1,6,https://www.musinsa.com/products/5310214
2026-09-01,유니폼브릿지,5310726,anchor button sports jacket beige,0.0,0,71710,71710,71710,0,0,0.0,100.0,1,high,24.09,5,2,6,https://www.musinsa.com/products/5310726
2026-09-01,디미트리블랙,5310982,VLAD 2WAY 로고 트랙 후드 집업_피그먼트 차콜,0.4,16323,40900,43900,40900,1,3000,7.33,40.05,0,low,24.09,4,1,6,https://www.musinsa.com/products/5310982
2026-09-01,일리고,5311110,129 버클 오프숄더 맨투맨 블랙,0.0,0,68000,68000,68000,0,0,0.0,89.8,0,low,24.08,4,1,6,https://www.musinsa.com/products/5311110
2026-09-01,언탭트 스튜디오,5311366,[2PACK]오버핏 하프집업 카라 하찌 니트 5Color,0.0,0,55890,55890,55890,0,0,0.0,52.42,0,low,23.5,5,1,6,https://www.musinsa.com/products/5311366
2026-09-01,웬즈데이오아시스,5313030,보홀 깅엄 체크 셔츠_BLACK(W25-SH03),0.0,0,47600,47600,47600,0,0,0.0,26.57,0,low,24.01,5,1,6,https://www.musinsa.com/products/5313030
2026-09-01,로템버,5314502,러스트 체크 셔츠 [빈티지 블루],0.27,15676,59000,59000,59000,0,0,0.0,26.58,0,low,24.01,5,1,6,https://www.musinsa.com/products/5314502
2026-09-01,엘무드,5316742,새틴 와이드 슬랙스 브라운,0.0,0,93000,93000,83700,1,9300,11.11,40.06,0,low,24.09,4,1,6,https://www.musinsa.com/products/5316742
2026-09-01,비터셀즈,5319622,일루전 울 와이드 팬츠-브라운,0.0,0,82030,82030,82030,0,0,0.0,89.82,0,low,24.08,4,1,6,https://www.musinsa.com/products/5319622
2026-09-01,에이지오디,5319942,백 셔링 기모 후드 티셔츠 [챠콜],0.0,0,36800,36800,36750,1,50,0.14,26.58,0,low,24.01,5,1,6,https://www.musinsa.com/products/5319942
2026-09-01,커버낫,5320582,옥스포드 셔츠 Blue,0.0,0,56070,56070,53400,1,2670,5.0,40.07,0,low,24.09,4,1,6,https://www.musinsa.com/products/5320582
2026-09-01,커버낫,5320710,센터 아치로고 니트 Brown,0.0,0,68670,68670,76300,1,-7630,-10.0,40.08,0,low,24.09,4,1,6,https://www.musinsa.com/products/5320710
2026-09-01,커버낫,5321222,카라 럭비 롱슬리브 올리브,0.0,0,71100,71100,59250,1,11850,20.0,40.08,0,low,24.09,4,1,6,https://www.musinsa.com/products/5321222
2026-09-01,커버낫,5322054,[최윤지 착용] 피그먼트 스웻 팬츠 Dark Gray,0.0,0,62370,62370,62370,0,0,0.0,40.09,0,low,24.09,4,1,6,https://www.musinsa.com/products/5322054
2026-09-01,스컬프터,5322694,Snowflake Knit Shorts Ladybug,0.0,0,49280,49280,61600,1,-12320,-20.0,100.0,1,medium,24.09,5,2,6,https://www.musinsa.com/products/5322694
2026-09-01,9999아카이브,5324422,GOO Alpaca Beanie,0.0,0,32400,32400,32400,0,0,0.0,52.43,0,low,23.5,5,1,6,https://www.musinsa.com/products/5324422
2026-09-01,메종미네드,5326406,(W) DOODLE HEART LONG SLEEVE BLUE GRAY,0.0,0,34500,34500,34500,0,0,0.0,89.82,0,low,24.08,4,1,6,https://www.musinsa.com/products/5326406
2026-09-01,세터,5326790,브루클린 논페이드 와이드 데님 팬츠 인디고,0.0,0,139000,139000,139000,0,0,0.0,64.82,0,low,24.09,4,1,6,https://www.musinsa.com/products/5326790
2026-09-01,효지,5328134,FW 노카라 크롭 자켓_레더 (블랙),1.29,153699,119000,119000,119000,0,0,0.0,64.84,0,low,24.1,4,1,6,https://www.musinsa.com/products/5328134
2026-09-01,브룩스 브라더스,5331462,코듀로이 초어재킷 (브라운) (BBOTMBF303),0.0,0,255360,255360,255360,0,0,0.0,52.43,0,low,23.5,5,1,6,https://www.musinsa.com/products/5331462
2026-09-01,코드그라피,5332614,FAUX 레더 미니 백팩_다크 레드,0.0,0,69300,69300,69300,0,0,0.0,77.28,0,low,24.08,4,1,6,https://www.musinsa.com/products/5332614
2026-09-01,플리즈노팔로우,5333062,Dulce Unbal Button Long Sleeve Top (Charcoal),0.0,0,83300,83300,78400,1,4900,6.25,100.0,1,medium,24.09,5,2,6,https://www.musinsa.com/products/5333062
2026-09-01,토피,5335110,라운드넥 롱 슬리브 (MELANGE GREY),0.0,0,19900,19900,18080,1,1820,10.07,100.0,1,medium,24.09,5,2,6,https://www.musinsa.com/products/5335110
2026-09-01,와이케이,5337606,픽셀 MLTS 후드티셔츠 블랙,0.0,0,51350,51350,35950,1,15400,42.84,52.44,0,low,23.5,5,1,6,https://www.musinsa.com/products/5337606
2026-09-01,디미트리블랙,5341446,원턱 커브드 크리즈 워싱 와이드 데님 팬츠_더스트 인디고,1.6,49392,30900,33900,30900,1,3000,9.71,58.29,0,low,24.09,8,3,6,https://www.musinsa.com/products/5341446
2026-09-01,밀로 아카이브,5341510,다이애그널 셔츠 [블랙],0.0,0,65170,65170,78400,1,-13230,-16.88,52.44,0,low,23.5,5,1,6,https://www.musinsa.com/products/5341510
2026-09-01,인사일런스 우먼,5343558,내츄럴 컷오프 셔츠 IVORY,0.0,0,146300,146300,146300,0,0,0.0,100.0,1,high,24.09,5,2,6,https://www.musinsa.com/products/5343558
2026-09-01,모즈모즈,5345094,로즈페탈 그래픽 피그먼트 롱 슬리브 버건디,0.0,0,23500,23500,23500,0,0,0.0,64.84,0,low,24.1,4,1,6,https://www.musinsa.com/products/5345094
2026-09-01,쿠어,5350598,라쿤 쓰리 버튼 카라 스웨터 (다크브라운),0.0,0,157500,157500,157500,0,0,0.0,64.85,0,low,24.1,4,1,6,https://www.musinsa.com/products/5350598
2026-09-01,커스텀어클락,5351750,소프트 케이블 라운드 가디건 블랙 COOSCD021BLACK,0.0,0,41300,41300,44250,1,-2950,-6.67,40.12,0,low,24.09,4,1,6,https://www.musinsa.com/products/5351750
2026-09-01,모즈모즈,5352006,러브펫 테리 기모 피그먼트 오버핏 후드 핑크,0.0,0,68800,68800,68800,0,0,0.0,64.86,0,low,24.1,4,1,6,https://www.musinsa.com/products/5352006
2026-09-01,비바라비다,5353414,[기모선택] OWNLY 헤비테리 후드,0.0,0,57900,57900,59900,1,-2000,-3.34,100.0,1,medium,24.08,5,2,6,https://www.musinsa.com/products/5353414
2026-09-01,노티카,5356742,네이비 챌린지 해링턴 자켓 NJK0845,0.0,0,84500,84500,84500,0,0,0.0,64.86,0,low,24.1,4,1,6,https://www.musinsa.com/products/5356742
2026-09-01,브랜디드,5358470,WIDE DENIM SWEAT PANTS [BRUSHED BLACK],0.0,0,83300,83300,83300,0,0,0.0,77.29,0,low,24.08,4,1,6,https://www.musinsa.com/products/5358470
2026-09-01,더바넷,5359814,Oversized Tessie Cotton Blouson_Camel,0.0,0,206400,206400,206400,0,0,0.0,77.3,0,low,24.08,4,1,6,https://www.musinsa.com/products/5359814
2026-09-01,키르시,5360518,듀이 체리 유니 루즈핏 후디 [블랙],0.0,0,69300,69300,69300,0,0,0.0,40.13,0,low,24.09,4,1,6,https://www.musinsa.com/products/5360518
2026-09-01,키르시,5360582,피그먼트 다잉 니트 롱스커트 [차콜],0.0,0,65400,65400,71400,1,-6000,-8.4,40.13,0,low,24.09,4,1,6,https://www.musinsa.com/products/5360582
2026-09-01,아틀리에 나인,5361222,ESSENTIAL LOG TWO TUCK PANTS (Z-PT-5684),0.0,0,69070,69070,86330,1,-17260,-19.99,64.87,0,low,24.1,4,1,6,https://www.musinsa.com/products/5361222
2026-09-01,엑스컨테이너,5362182,라이트 웨이트 후드 패딩 자켓 (SKY BLUE),0.0,0,67080,67080,67080,0,0,0.0,89.84,0,low,24.08,4,1,6,https://www.musinsa.com/products/5362182
2026-09-01,드로우핏,5363206,도브 울 하이드 블루종 자켓 [CHESTNUT BROWN],0.0,0,139200,139200,139200,0,0,0.0,77.3,0,low,24.08,4,1,6,https://www.musinsa.com/products/5363206
2026-09-01,세컨모놀로그,5364614,스트레이트 커브드 라인 데님 팬츠 [DBLUE]_SEPT068DBLUE,0.0,0,39600,39600,39600,0,0,0.0,40.14,0,low,24.09,4,1,6,https://www.musinsa.com/products/5364614
2026-09-01,니티드,5365510,[2PACK] (W)베이직 에센셜 워셔블 가디건 (V넥+라운드넥),0.0,0,76320,76320,76320,0,0,0.0,77.3,0,low,24.08,4,1,6,https://www.musinsa.com/products/5365510
2026-09-01,낫포너드,5365638,Camo Layered Destroyed Denim Pants - Deep Blue,0.0,0,82100,82100,73890,1,8210,11.11,77.31,0,low,24.08,4,1,6,https://www.musinsa.com/products/5365638
2026-09-01,썸웨어버터,5365766,Manon Alpaca Cardigan - Ivory,0.0,0,74480,74480,74480,0,0,0.0,52.46,0,low,23.5,5,1,6,https://www.musinsa.com/products/5365766
2026-09-01,파르티멘토 우먼,5366790,PWC 디테처블 랩스커트 하렘 미디 팬츠_화이트,0.0,0,42300,42300,29610,1,12690,42.86,89.84,0,low,24.08,4,1,6,https://www.musinsa.com/products/5366790
2026-09-01,파르티멘토 우먼,5366854,PWC 후디드 버튼업 가디건_브라운 스트라이프,0.0,0,39060,39060,39060,0,0,0.0,89.84,0,low,24.08,4,1,6,https://www.musinsa.com/products/5366854
2026-09-01,나이스고스트클럽,5369414,GG FLAG HOODIE KNIT_BLACK(NG2FFFK690A),0.0,0,53400,53400,37380,1,16020,42.86,52.47,0,low,23.5,5,1,6,https://www.musinsa.com/products/5369414
2026-09-01,나이스고스트클럽,5369606,RIBBON COCKADE CARD PURSE_SILVER(NG2FFUAB60A),0.0,0,29400,29400,20580,1,8820,42.86,52.47,0,low,23.5,5,1,6,https://www.musinsa.com/products/5369606
2026-09-01,모즈모즈,5371526,블러링 스티치 레글런 오버핏 맨투맨 그레이,0.0,0,24400,24400,30500,1,-6100,-20.0,64.87,0,low,24.1,4,1,6,https://www.musinsa.com/products/5371526
2026-09-01,엑스트라오디너리,5372166,BLACKLETTER CREW SWEATSHIRT BLACK,0.0,0,64500,64500,64500,0,0,0.0,89.85,0,low,24.08,4,1,6,https://www.musinsa.com/products/5372166
2026-09-01,엑스트라오디너리,5372358,BLACKLETTER II HOODIE M/GREY,0.0,0,74500,74500,74500,0,0,0.0,89.85,0,low,24.08,4,1,6,https://www.musinsa.com/products/5372358
2026-09-01,미세키서울 맨,5375366,Pocket button panel shirt CHARCOAL,0.0,0,99630,99630,99630,0,0,0.0,64.88,0,low,24.1,4,1,6,https://www.musinsa.com/products/5375366
2026-09-01,커버낫,5376134,그라데이션 스트라이프 가디건 Green,0.0,0,136890,136890,152100,1,-15210,-10.0,40.15,0,low,24.09,9,1,6,https://www.musinsa.com/products/5376134
2026-09-01,르바,5376390,Standard Soft T-Shirt - Black,0.0,0,46800,46800,46800,0,0,0.0,77.31,0,low,24.08,4,1,6,https://www.musinsa.com/products/5376390
2026-09-01,르바,5376454,Fuzzy Eyelet Layered Wrap Knit - Sage Grey,0.0,0,71100,71100,71100,0,0,0.0,77.31,0,low,24.08,4,1,6,https://www.musinsa.com/products/5376454
2026-09-01,인사일런스,5376582,스티치드 서페이스 자켓 DARK BROWN,0.0,0,161100,161100,143280,1,17820,12.44,40.15,0,low,24.09,4,1,6,https://www.musinsa.com/products/5376582
2026-09-01,세컨모놀로그,5380294,(안감패딩)써멀 플리스 퀼팅 후드 집업 [CHARCOAL]_SEJK033CHARCOAL,0.0,0,40800,40800,40800,0,0,0.0,40.15,0,low,24.08,4,1,6,https://www.musinsa.com/products/5380294
2026-09-01,프리즘웍스,5381318,LOOP PATCH STRIPE TEE _ NAVY,0.06,2883,48300,43470,48300,1,-4830,-10.0,100.0,1,medium,24.0,8,5,6,https://www.musinsa.com/products/5381318
2026-09-01,제로,5384134,워시드 벌룬 팬츠 [블랙],0.0,0,65000,65000,65000,0,0,0.0,64.88,0,low,24.1,4,1,6,https://www.musinsa.com/products/5384134
2026-09-01,칙스,5386310,아가일 스티치 가디건 차콜,0.0,0,43900,43900,35120,1,8780,25.0,100.0,1,medium,24.09,5,2,6,https://www.musinsa.com/products/5386310
2026-09-01,슬로우애시드,5390406,커브드 체크 윈드브레이커 [카키],0.0,0,69000,69000,69000,0,0,0.0,77.32,0,low,24.08,4,1,6,https://www.musinsa.com/products/5390406
2026-09-01,밀로 아카이브,5391430,뉴 타입 이지 컵 코스터 [블랙],0.0,0,8000,8000,9000,1,-1000,-11.11,52.48,0,low,23.5,5,1,6,https://www.musinsa.com/products/5391430
2026-09-01,넌블랭크,5391686,니트 자켓_NAVY,0.0,0,145920,145920,145920,0,0,0.0,52.48,0,low,23.5,5,1,6,https://www.musinsa.com/products/5391686
2026-09-01,넌블랭크,5391814,DN 컴포트 팬츠_BLUE,0.0,0,103920,103920,103920,0,0,0.0,52.48,0,low,23.5,5,1,6,https://www.musinsa.com/products/5391814
2026-09-01,인사일런스 우먼,5391878,커브드 라인 코튼 데님 BROWN,0.0,0,113400,113400,113400,0,0,0.0,100.0,1,high,24.09,5,2,6,https://www.musinsa.com/products/5391878
2026-09-01,아틀리에 나인,5392006,ESSENTIAL NEU SET-UP JACKET(JK-3045),0.0,0,153650,153650,172860,1,-19210,-11.11,64.89,0,low,24.1,4,1,6,https://www.musinsa.com/products/5392006
2026-09-01,꼼파뇨,5393286,인디 자수 스냅 피그먼트 후드티 고스트그레이,0.0,0,47310,47310,47310,0,0,0.0,89.85,0,low,24.08,4,1,6,https://www.musinsa.com/products/5393286
2026-09-01,트릴리온,5393350,워셔블 울 헤어리 스트라이프 후드 집업 니트_멜란지 베이지,0.0,0,39990,39990,39990,0,0,0.0,89.86,0,low,24.08,4,1,6,https://www.musinsa.com/products/5393350
2026-09-01,벨리에,5396102,브러쉬드 아가일 가디건 - 그레이,0.0,0,179550,179550,179550,0,0,0.0,64.89,0,low,24.1,4,1,6,https://www.musinsa.com/products/5396102
2026-09-01,코드그라피,5398854,오버 니삭스_라이트 세피아,0.0,0,13300,13300,13300,0,0,0.0,77.33,0,low,24.08,4,1,6,https://www.musinsa.com/products/5398854
2026-09-01,이지노이지,5401478,멀티 프린팅 크롭 후드 집업-라이트그레이,0.0,0,59900,59900,59900,0,0,0.0,64.9,0,low,24.1,4,1,6,https://www.musinsa.com/products/5401478
2026-09-01,테이크이지,5402822,헤리티지 포켓 워크 베스트 (카키),0.0,0,49500,49500,49500,0,0,0.0,40.17,0,low,24.09,4,1,6,https://www.musinsa.com/products/5402822
2026-09-01,제멋,5404038,데이컷 크롭 오버핏 후드집업 차콜 KJHD2650,0.0,0,39800,39800,39800,0,0,0.0,100.0,1,high,24.09,5,2,6,https://www.musinsa.com/products/5404038
2026-09-01,나인제트,5404678,피그먼트 크랙 긴팔 티셔츠 (2color),0.0,0,39000,39000,39000,0,0,0.0,89.86,0,low,24.08,4,1,6,https://www.musinsa.com/products/5404678
2026-09-01,르아브,5404998,스트레인져 카고 팬츠 올리브,0.0,0,97300,97300,97300,0,0,0.0,52.48,0,low,23.5,5,1,6,https://www.musinsa.com/products/5404998
2026-09-01,르아브,5405510,더스트 스웨이드 웨스턴 벨트 Brown/Western,0.0,0,71200,71200,71200,0,0,0.0,52.48,0,low,23.5,5,1,6,https://www.musinsa.com/products/5405510
2026-09-01,와이케이,5407174,스트라이프 퍼피 그래픽 니트 레드,0.0,0,53300,53300,53300,0,0,0.0,52.49,0,low,23.5,5,1,6,https://www.musinsa.com/products/5407174
2026-09-01,더바이닐하우스,5409286,UNBALANCE LAYERED CHECK SKIRT (W) RED,0.0,0,54180,54180,51600,1,2580,5.0,40.18,0,low,24.09,4,1,6,https://www.musinsa.com/products/5409286
2026-09-01,더바이닐하우스,5409542,TVH WESTERN PATTERN BANDANA BROWN,0.0,0,15120,15120,18900,1,-3780,-20.0,40.18,0,low,24.09,4,1,6,https://www.musinsa.com/products/5409542
2026-09-01,디스이즈네버댓,5414342,Field Pant Camo,0.0,0,111300,111300,111300,0,0,0.0,40.19,0,low,24.09,4,1,6,https://www.musinsa.com/products/5414342
2026-09-01,배드블러드,5420550,미스틱 빅패치 볼캡 - 더스티화이트,0.0,0,67500,67500,60750,1,6750,11.11,100.0,1,medium,24.09,5,2,6,https://www.musinsa.com/products/5420550
2026-09-01,배드블러드,5424326,실드M 트랙 집업 - 화이트체크,0.0,0,151200,151200,144590,1,6610,4.57,100.0,1,medium,24.09,5,2,6,https://www.musinsa.com/products/5424326
2026-09-01,데이,5424518,크롭 스웨이드 카라 자켓_BROWN,5.98,466192,78000,78000,78000,0,0,0.0,100.0,1,high,9.04,10,6,6,https://www.musinsa.com/products/5424518
2026-09-01,제멋,5424582,[2PACK] 데이컷 크롭 오버핏 맨투맨 KJMT2648,0.0,0,45900,45900,45900,0,0,0.0,100.0,1,high,24.09,5,2,6,https://www.musinsa.com/products/5424582
2026-09-01,슬로우애시드,5424838,에센셜 빈티지 부클 스웻 팬츠 [블랙],0.0,0,28800,28800,28800,0,0,0.0,77.34,0,low,24.08,4,1,6,https://www.musinsa.com/products/5424838
2026-09-01,론론,5426310,TYPE CAT OFF SHOULDER LONG SLEEVE GREY,0.0,0,36960,36960,47520,1,-10560,-22.22,100.0,1,medium,24.09,5,2,6,https://www.musinsa.com/products/5426310
2026-09-01,플레어업,5429574,Wool Muffler Coat (FL-051_Black),0.0,0,268200,268200,187740,1,80460,42.86,89.86,0,low,24.08,4,1,6,https://www.musinsa.com/products/5429574
2026-09-01,노이어,5432326,울 트위드 플레어 슬랙스 (그레이),0.0,0,118500,118500,118500,0,0,0.0,2.03,0,low,24.0,4,1,6,https://www.musinsa.com/products/5432326
2026-09-01,썬러브투어,5432518,ASCII Daybreak LS Hooded Tee Green,0.0,0,47600,47600,47600,0,0,0.0,26.61,0,low,24.01,5,1,6,https://www.musinsa.com/products/5432518
2026-09-01,썬러브투어,5432838,Merry Stripe Muffler Pink,0.0,0,37920,37920,37920,0,0,0.0,26.61,0,low,24.01,5,1,6,https://www.musinsa.com/products/5432838
2026-09-01,메종미네드,5434822,PUFFER SHOULDER BAG BLACK,0.0,0,69300,69300,69300,0,0,0.0,89.87,0,low,24.08,4,1,6,https://www.musinsa.com/products/5434822
2026-09-01,제멋,5436358,누와 피그먼트 와이드 스웨트 팬츠 브라운 SJLP2655,0.0,0,33900,33900,33900,0,0,0.0,100.0,1,high,24.09,5,2,6,https://www.musinsa.com/products/5436358
2026-09-01,디스이즈네버댓,5438086,THAT Panelled Crewneck Sea Green,0.0,0,69300,69300,69300,0,0,0.0,40.19,0,low,24.09,4,1,6,https://www.musinsa.com/products/5438086
2026-09-01,아캄,5439302,Basic Knit Zip-Up Hoodie (Khaki),0.0,0,84700,84700,84700,0,0,0.0,64.91,0,low,24.1,4,1,6,https://www.musinsa.com/products/5439302
2026-09-01,아캄,5439494,Typography Long Sleeve (Camo),0.0,0,69300,69300,69300,0,0,0.0,64.91,0,low,24.1,4,1,6,https://www.musinsa.com/products/5439494
2026-09-01,시눈,5443718,SN Flower Texture Scarf (Brown),0.0,0,45560,45560,45560,0,0,0.0,64.92,0,low,24.1,4,1,6,https://www.musinsa.com/products/5443718
2026-09-01,유니온블루,5444678,CRAFT HENLEY L/S T-SHIRT [MELANGE GRAY],0.14,7464,52200,44370,52200,1,-7830,-15.0,100.0,1,medium,24.09,5,2,6,https://www.musinsa.com/products/5444678
2026-09-01,에이치덱스,5451334,우먼스 서포트 파이핑 레깅스 (Black),0.0,0,47200,47200,47200,0,0,0.0,77.34,0,low,24.08,4,1,6,https://www.musinsa.com/products/5451334
2026-09-01,수아레,5453446,울 100 하프 코트 블랙,0.0,0,199900,199900,199900,0,0,0.0,89.88,0,low,24.08,4,1,6,https://www.musinsa.com/products/5453446
2026-09-01,해비즘,5457286,AURORA STRIPE COLLAR CARDIGAN(BLACK),0.0,0,29900,29900,29900,0,0,0.0,52.51,0,low,23.5,5,1,6,https://www.musinsa.com/products/5457286
2026-09-01,밀로 아카이브,5459590,소프트 쉘 코어 자켓 [블랙],0.0,0,119000,119000,119000,0,0,0.0,52.51,0,low,23.5,5,1,6,https://www.musinsa.com/products/5459590
2026-09-01,더블유엠씨,5460934,워시드코튼 MA-1 점퍼_BEIGE,0.0,0,104500,104500,104500,0,0,0.0,52.52,0,low,23.5,5,1,6,https://www.musinsa.com/products/5460934
2026-09-01,무드인사이드,5463814,골지 스냅 헨리넥 롱슬리브_Black,0.0,0,25900,25900,24900,1,1000,4.02,26.62,0,low,24.01,5,1,6,https://www.musinsa.com/products/5463814
2026-09-01,밀로 아카이브,5466758,크레센도 비컨 크루넥 [블랙],0.0,0,58800,58800,78400,1,-19600,-25.0,52.52,0,low,23.5,5,1,6,https://www.musinsa.com/products/5466758
2026-09-01,디스이즈네버댓,5468934,PERTEX® Insulated Jacket Blue,0.0,0,146300,146300,146300,0,0,0.0,40.21,0,low,24.09,4,1,6,https://www.musinsa.com/products/5468934
2026-09-01,무센트,5472902,모아 도트 하트 로고 후드 티 남녀공용 (2컬러),0.0,0,51650,51650,49900,1,1750,3.51,40.22,0,low,24.08,4,1,6,https://www.musinsa.com/products/5472902
2026-09-01,아캄,5476678,Waffle Camouflage Long Sleeve (Khaki),0.0,0,80500,80500,80500,0,0,0.0,64.93,0,low,24.1,4,1,6,https://www.musinsa.com/products/5476678
2026-09-01,파르티멘토,5478854,레이어드 크롭 레더 블루종 브라운,0.0,0,78600,78600,70740,1,7860,11.11,40.22,0,low,24.09,4,1,6,https://www.musinsa.com/products/5478854
2026-09-01,더뮤지엄비지터,5480070,SPORTS LABEL FLEECE ANORAK (NAVY),0.0,0,42600,42600,42600,0,0,0.0,100.0,1,high,24.09,5,2,6,https://www.musinsa.com/products/5480070
2026-09-01,루에브르,5481158,Asymmetric Front Knit Cardigan SK5AD339_2color,0.0,0,179000,179000,179000,0,0,0.0,26.62,0,low,24.01,5,1,6,https://www.musinsa.com/products/5481158
2026-09-01,본투윈,5482566,B-SYMBOL LOGO PINTUCK BERMUDA PANTS [CHARCOAL],0.0,0,75600,75600,71200,1,4400,6.18,100.0,1,medium,24.09,5,2,6,https://www.musinsa.com/products/5482566
2026-09-01,마인드브릿지,5489734,[웜]와이드 기모 데님 팬츠_BK,0.0,0,99000,99000,94050,1,4950,5.26,89.88,0,low,24.08,4,1,6,https://www.musinsa.com/products/5489734
2026-09-01,마인드브릿지,5489798,[COUTURE]세미와이드 데님 라이크 밴딩 팬츠,0.0,0,89900,89900,85410,1,4490,5.26,89.88,0,low,24.08,4,1,6,https://www.musinsa.com/products/5489798
2026-09-01,트립르센스,5494790,스터드 콤비 밴딩 팬츠_그레이,0.0,0,68000,68000,68000,0,0,0.0,52.53,0,low,23.5,5,1,6,https://www.musinsa.com/products/5494790
2026-09-01,언탭트 스튜디오,5496518,레트로 레터링 그래픽 오버핏 긴팔 티셔츠 8Color,1.61,40101,24920,19580,24920,1,-5340,-21.43,100.0,1,medium,23.5,9,4,6,https://www.musinsa.com/products/5496518
2026-09-01,키르시,5497414,립 슬리브리스 가디건 세트 [레드],0.0,0,48300,48300,48300,0,0,0.0,40.23,0,low,24.08,4,1,6,https://www.musinsa.com/products/5497414
2026-09-01,트리밍버드,5498566,Embossed High-Neck Short Zip-up [ Charcoal ],0.0,0,170100,170100,189000,1,-18900,-10.0,100.0,1,medium,24.09,5,2,6,https://www.musinsa.com/products/5498566
2026-09-01,워크온바디오프,5498758,루빈 세미 오버핏 울 발마칸 코트 [차콜],0.0,0,133200,133200,148000,1,-14800,-10.0,40.23,0,low,24.09,4,1,6,https://www.musinsa.com/products/5498758
2026-09-01,론론,5506118,HEART POCKET BERMUDA DENIM PANTS MEDIUM BLUE,0.0,0,71280,71280,63360,1,7920,12.5,100.0,1,medium,24.09,5,2,6,https://www.musinsa.com/products/5506118
2026-09-01,커버낫,5506438,시그니처 심볼 코듀로이 셔츠 Chocolate,0.0,0,88290,88290,98100,1,-9810,-10.0,40.24,0,low,24.09,4,1,6,https://www.musinsa.com/products/5506438
2026-09-01,니티드,5506566,피그먼트 팜트리 맨투맨 CHARCOAL,0.0,0,39840,39840,39840,0,0,0.0,77.36,0,low,24.08,4,1,6,https://www.musinsa.com/products/5506566
2026-09-01,다이브인,5515206,[무민서 콜라보] WASHED LOOSED WIDE COTTON PANTS (BLACK),0.8,103459,129000,129000,129000,0,0,0.0,40.24,0,low,24.09,4,1,6,https://www.musinsa.com/products/5515206
2026-09-01,언더오프,5515270,오버핏 세미 크롭 스냅 후드 멜팅하트 블랙,0.0,0,36720,36720,36720,0,0,0.0,40.24,0,low,24.09,4,1,6,https://www.musinsa.com/products/5515270
2026-09-01,에스피오나지,5516614,Wool Blend Car Coat Dark Dust,0.98,185798,190400,190400,190400,0,0,0.0,100.0,1,high,24.09,5,2,6,https://www.musinsa.com/products/5516614
2026-09-01,드로우핏 우먼,5519942,[드로우핏우먼 X 알로하] 폰드 노르딕 니트 가디건 [CHARCOAL],0.0,0,78300,78300,78300,0,0,0.0,26.63,0,low,24.01,5,1,6,https://www.musinsa.com/products/5519942
2026-09-01,브룩스 브라더스,5524294,울 아카이브 무스 크루넥 스웨터 (네이비) (BBWRMFF401),0.0,0,167440,167440,215280,1,-47840,-22.22,52.55,0,low,23.5,5,1,6,https://www.musinsa.com/products/5524294
2026-09-01,러브이즈트루,5529734,[KUROMI] CARD WALLET(BLACK),0.54,18676,34810,34810,34810,0,0,0.0,52.55,0,low,23.5,5,1,6,https://www.musinsa.com/products/5529734
2026-09-01,노티카,5530630,X REEBOK 피그먼트 헤비웨이트 스웨트팬츠 JPL7715,0.0,0,97300,97300,97300,0,0,0.0,64.97,0,low,24.1,4,1,6,https://www.musinsa.com/products/5530630
2026-09-01,제멋,5535046,펠트라인 후드 카키 JIHD2667,0.0,0,42900,42900,42900,0,0,0.0,100.0,1,high,24.09,5,2,6,https://www.musinsa.com/products/5535046
2026-09-01,마인드브릿지,5535174,[SET][COUTURE]코듀로이 오버핏 셋업 브라운,0.0,0,239000,239000,239000,0,0,0.0,89.9,0,low,24.08,4,1,6,https://www.musinsa.com/products/5535174
2026-09-01,배드블러드,5535686,KEEP SLEEPING 보트넥 루즈핏 티 - 초콜릿,0.0,0,58650,58650,55890,1,2760,4.94,100.0,1,medium,24.09,5,2,6,https://www.musinsa.com/products/5535686
2026-09-01,칙스,5542214,스플릿 체크 레이어드 스커트 블랙,0.0,0,43900,43900,35120,1,8780,25.0,100.0,1,medium,24.09,5,2,6,https://www.musinsa.com/products/5542214
2026-09-01,플리즈노팔로우,5546310,Meli Lace Shirring Sleeveless Top (Cool Charcoal),0.0,0,41650,41650,41650,0,0,0.0,100.0,1,high,24.09,5,2,6,https://www.musinsa.com/products/5546310
2026-09-01,키르시,5546566,플리스 와이드핏 팬츠 [브라운],0.0,0,55300,55300,55300,0,0,0.0,40.26,0,low,24.09,4,1,6,https://www.musinsa.com/products/5546566
2026-09-01,키르시,5546630,로데오 베이비 루즈핏 후디 [다크 네이비],0.0,0,69300,69300,69300,0,0,0.0,40.26,0,low,24.09,4,1,6,https://www.musinsa.com/products/5546630
2026-09-01,세터,5546694,오르타 벨트 백 라이트 그레이,0.0,0,139000,139000,139000,0,0,0.0,64.97,0,low,24.1,4,1,6,https://www.musinsa.com/products/5546694
2026-09-01,세터,5547014,(W) 에센 투 톤 모헤어 블렌드 니트 스카이 블루,0.0,0,179000,179000,179000,0,0,0.0,64.97,0,low,24.1,4,1,6,https://www.musinsa.com/products/5547014
2026-09-01,디스이즈네버댓,5549574,T.N.T. Classic HDP Sweatpant Navy,0.0,0,79200,79200,79200,0,0,0.0,40.27,0,low,24.09,4,1,6,https://www.musinsa.com/products/5549574
2026-09-01,디스이즈네버댓,5549638,PERTEX T Down Vest Navy,0.0,0,167200,167200,167200,0,0,0.0,40.27,0,low,24.09,4,1,6,https://www.musinsa.com/products/5549638
2026-09-01,파르티멘토,5551494,[기모] 니트 조거 팬츠 데저트,0.0,0,56800,56800,51120,1,5680,11.11,40.27,0,low,24.09,4,1,6,https://www.musinsa.com/products/5551494
2026-09-01,파르티멘토,5551622,에센셜 플리스 집업 자켓 블랙,0.0,0,60570,60570,60570,0,0,0.0,40.28,0,low,24.09,4,1,6,https://www.musinsa.com/products/5551622
2026-09-01,트릴리온,5552902,스트라이프 92 스타 그래픽 럭비 폴로 셔츠_블랙,0.9,17912,19990,19990,19990,0,0,0.0,89.91,0,low,24.08,4,1,6,https://www.musinsa.com/products/5552902
2026-09-01,꼼파뇨,5555142,카롤라인 체인 자수 스웨트셔츠 그레이,0.0,0,41250,41250,41250,0,0,0.0,89.92,0,low,24.08,4,1,6,https://www.musinsa.com/products/5555142
2026-09-01,해칭룸,5555590,Flare Button Jeans Washed Blue,0.0,0,182400,182400,182400,0,0,0.0,89.92,0,low,24.08,4,1,6,https://www.musinsa.com/products/5555590
2026-09-01,더바넷,5558022,Laska Fleece Half-Zip Pullover_Black,0.0,0,119700,119700,119700,0,0,0.0,77.37,0,low,24.08,4,1,6,https://www.musinsa.com/products/5558022
2026-09-01,아틀리에 나인,5559494,TWO BUTTON UNBAL WARM DENIM PANTS(PT-5718),0.0,0,84590,84590,95160,1,-10570,-11.11,64.98,0,low,24.1,4,1,6,https://www.musinsa.com/products/5559494
2026-09-01,드로우핏 우먼,5560518,토스티 기모 투턱 와이드 슬랙스 [L.BEIGE],0.0,0,73800,73800,73800,0,0,0.0,26.64,0,low,24.01,5,1,6,https://www.musinsa.com/products/5560518
2026-09-01,인사일런스 우먼,5561414,브러쉬드 스트레이트핏 데님 BLUE,0.0,0,129600,129600,129600,0,0,0.0,100.0,1,high,24.09,5,2,6,https://www.musinsa.com/products/5561414
2026-09-01,키르시,5566406,듀이 체리 크롭 후드 [블랙],0.0,0,69300,69300,69300,0,0,0.0,40.28,0,low,24.09,4,1,6,https://www.musinsa.com/products/5566406
2026-09-01,어반드레스,5567366,Highline Hug Zip-up_2Colors,0.0,0,59000,59000,59000,0,0,0.0,100.0,1,high,24.09,5,2,6,https://www.musinsa.com/products/5567366
2026-09-01,와이케이,5576710,스노우 그라데이션 퍼 후드 니트 집업 블루,0.0,0,71400,71400,71400,0,0,0.0,52.56,0,low,23.5,5,1,6,https://www.musinsa.com/products/5576710
2026-09-01,유니폼브릿지,5581126,corduroy chino pants brown,0.0,0,89000,89000,79000,1,10000,12.66,100.0,1,medium,24.09,5,2,6,https://www.musinsa.com/products/5581126
2026-09-01,후드후드,5584134,에일리언 퍼 니트 후드 집업 블랙,0.0,0,93020,93020,93020,0,0,0.0,77.38,0,low,24.08,4,1,6,https://www.musinsa.com/products/5584134
2026-09-01,제너럴아이디어,5585414,울 페어아일 가디건 [GREY] / WBE4L04537,0.0,0,69000,69000,55200,1,13800,25.0,100.0,1,medium,24.09,5,2,6,https://www.musinsa.com/products/5585414
2026-09-01,브라운브레스,5586950,FINGERLESS GLOVES - KHAKI,0.0,0,36000,36000,36000,0,0,0.0,26.65,0,low,24.01,5,1,6,https://www.musinsa.com/products/5586950
2026-09-01,브라운브레스,5587142,FREEZE TAG HOODIE - BEIGE,0.0,0,109000,109000,109000,0,0,0.0,26.65,0,low,24.01,5,1,6,https://www.musinsa.com/products/5587142
2026-09-01,드로우핏 우먼,5587206,투 턱 와이드 치노 팬츠 [NAVY],0.0,0,62100,62100,62100,0,0,0.0,26.65,0,low,24.01,5,1,6,https://www.musinsa.com/products/5587206
2026-09-01,에이치덱스,5587718,바시티 85 믹스 볼캡 (Light Gray),0.0,0,31200,31200,31200,0,0,0.0,77.38,0,low,24.08,4,1,6,https://www.musinsa.com/products/5587718
2026-09-01,무센트,5590406,사하라 호피 십자가 스트라이프 나그랑 후드 집업 (2컬러),0.0,0,59900,59900,59900,0,0,0.0,40.29,0,low,24.09,4,1,6,https://www.musinsa.com/products/5590406
2026-09-01,레더리,5593542,포켓 스티치 스트레이트 코듀로이 팬츠 [CREAM],0.0,0,39600,39600,34650,1,4950,14.29,89.93,0,low,24.08,4,1,6,https://www.musinsa.com/products/5593542
2026-09-01,칙스,5594118,싱글 베이직 라운드 니트 (6color),0.0,0,31900,31900,25520,1,6380,25.0,100.0,1,medium,24.09,5,2,6,https://www.musinsa.com/products/5594118
2026-09-01,후러브스아트,5601734,세미 크롭 니트 라운드 넥 풀오버 올리브 그린,0.0,0,33600,33600,33600,0,0,0.0,52.57,0,low,23.5,5,1,6,https://www.musinsa.com/products/5601734
2026-09-01,엑스오엑스,5605894,리브드 헨리넥 긴팔 티셔츠[WHITE],0.0,0,49900,49900,49900,0,0,0.0,65.0,0,low,24.1,4,1,6,https://www.musinsa.com/products/5605894
2026-09-01,브라운야드,5606726,"W 핸드메이드 하프 코트, 블랙",0.0,0,278600,278600,278600,0,0,0.0,52.57,0,low,23.5,5,1,6,https://www.musinsa.com/products/5606726
2026-09-01,더블유엠씨,5612614,[덕다운90:10]스퀘어 퀼팅 다운 자켓_BLACK,0.0,0,179500,179500,179500,0,0,0.0,52.57,0,low,23.51,5,1,6,https://www.musinsa.com/products/5612614
2026-09-01,꼼파뇨,5613190,[2-WAY] 스텔라 집업 가디건 크림,1.79,74927,41800,41800,41800,0,0,0.0,89.93,0,low,24.08,4,1,6,https://www.musinsa.com/products/5613190
2026-09-01,시눈,5617926,SN Hairy Button Pullover (Charcoal),0.0,0,85760,85760,85760,0,0,0.0,65.01,0,low,24.1,4,1,6,https://www.musinsa.com/products/5617926
2026-09-01,로제프란츠,5618630,Cozy Fur Muffler [Red],0.0,0,30720,30720,26880,1,3840,14.29,77.4,0,low,24.08,4,1,6,https://www.musinsa.com/products/5618630
2026-09-01,언더오프,5618950,라이트웨이트 후디드 오리털 패딩 블랙,0.0,0,39900,39900,49900,1,-10000,-20.04,40.31,0,low,24.09,4,1,6,https://www.musinsa.com/products/5618950
2026-09-01,코드그라피,5623110,(우먼) 플리스 버튼 자켓_초코 브라운,0.0,0,83300,83300,83300,0,0,0.0,77.41,0,low,24.08,4,1,6,https://www.musinsa.com/products/5623110
2026-09-01,트리밍버드,5623302,Turtleneck Knit One-piece [ Gray ],0.0,0,251100,251100,279000,1,-27900,-10.0,100.0,1,medium,24.09,5,2,6,https://www.musinsa.com/products/5623302
2026-09-01,드헤베,5625478,Shearling Half Zip-up [Ivory],0.0,0,120870,120870,120870,0,0,0.0,77.41,0,low,24.08,4,1,6,https://www.musinsa.com/products/5625478
2026-09-01,낫포너드,5625542,Big Pocket One Tuck Cargo Pants - Black,0.0,0,67500,67500,60750,1,6750,11.11,77.41,0,low,24.08,4,1,6,https://www.musinsa.com/products/5625542
2026-09-01,무센트,5628358,사하라 호피 십자가 후드넥 슬림핏 원피스,0.0,0,34930,34930,49900,1,-14970,-30.0,40.31,0,low,24.09,4,1,6,https://www.musinsa.com/products/5628358
2026-09-01,시야쥬,5631110,SIST9056 퍼티그 코듀로이 롱 스커트_Brown,0.0,0,89000,89000,89000,0,0,0.0,40.31,0,low,24.09,4,1,6,https://www.musinsa.com/products/5631110
2026-09-01,시야쥬,5631302,SIPT7181 실키 클린 부츠 컷 슬랙스_Charcoal,0.0,0,117000,117000,117000,0,0,0.0,40.31,0,low,24.09,4,1,6,https://www.musinsa.com/products/5631302
2026-09-01,해칭룸,5641222,Museum Shirt Slub Grey,0.0,0,134400,134400,134400,0,0,0.0,89.94,0,low,24.08,4,1,6,https://www.musinsa.com/products/5641222
2026-09-01,코드그라피,5645766,(우먼) 케이블 니트 가디건_브라운,0.0,0,104300,104300,104300,0,0,0.0,77.42,0,low,24.08,4,1,6,https://www.musinsa.com/products/5645766
2026-09-01,솔트앤초콜릿,5647174,러스티 와이드 롱부츠 412548010 (5.5cm),0.0,0,119250,119250,95400,1,23850,25.0,100.0,1,medium,24.09,5,2,6,https://www.musinsa.com/products/5647174
2026-09-01,아틀리에 나인,5651846,(PT-5730)WARM HIGH WAIST CURVED DENIM PANTS,0.0,0,84590,84590,95160,1,-10570,-11.11,65.02,0,low,24.1,4,1,6,https://www.musinsa.com/products/5651846
2026-09-01,제너럴아이디어,5652422,UNISEX 패디드 볼륨 블루종 봄버 점퍼 [BLACK] / SBE3U07006,1.71,169604,99400,99400,113600,1,-14200,-12.5,100.0,1,medium,24.09,5,2,6,https://www.musinsa.com/products/5652422
2026-09-01,코드그라피,5653894,기모 CGP 아치 로고 후디_버건디,0.0,0,62300,62300,62300,0,0,0.0,77.42,0,low,24.08,4,1,6,https://www.musinsa.com/products/5653894
2026-09-01,드릭스,5655878,시그니처 심볼 코튼 볼캡_8color,1.02,17344,17044,16920,19900,1,-2980,-14.97,100.0,1,medium,24.09,5,2,6,https://www.musinsa.com/products/5655878
2026-09-01,키르시,5668294,스몰체리 스트라이프 크롭 가디건 [네이비],0.0,0,95200,95200,95200,0,0,0.0,40.33,0,low,24.09,4,1,6,https://www.musinsa.com/products/5668294
2026-09-01,시그니처,5674246,코지 플리스 하프 집업[브라운],0.0,0,34900,34900,34900,0,0,0.0,77.43,0,low,24.08,4,1,6,https://www.musinsa.com/products/5674246
2026-09-01,론론,5684230,HEART POCKET CORDUROY SKIRT LAYERED PANTS BEIGE,0.0,0,107730,107730,74480,1,33250,44.64,100.0,1,medium,24.09,5,2,6,https://www.musinsa.com/products/5684230
2026-09-01,아이돈워너셀,5684998,Still Flow Maxi Cap Black,0.0,0,38350,38350,34220,1,4130,12.07,40.33,0,low,24.09,4,1,6,https://www.musinsa.com/products/5684998
2026-09-01,아캄,5685126,Structure Contrast Knitted Zip-Up Hoodie (Black),0.0,0,116900,116900,116900,0,0,0.0,65.02,0,low,24.1,4,1,6,https://www.musinsa.com/products/5685126
2026-09-01,제로,5687942,신치 백 오버 커브드 팬츠 [베이지],0.0,0,49000,49000,49000,0,0,0.0,65.03,0,low,24.1,4,1,6,https://www.musinsa.com/products/5687942
2026-09-01,디앤에스알,5689734,울 블렌드 라운드 크롭 가디건 차콜,0.0,0,69300,69300,69300,0,0,0.0,65.03,0,low,24.1,4,1,6,https://www.musinsa.com/products/5689734
2026-09-01,에이치덱스,5694854,웜히트 이지 하프 집업 (Black),0.0,0,66750,66750,66750,0,0,0.0,77.43,0,low,24.08,4,1,6,https://www.musinsa.com/products/5694854
2026-09-01,제너럴아이디어,5700614,UNISEX 스티치 브이넥 스웻 후드티 [BLACK] / SBE4U51013,0.0,0,57600,57600,57600,0,0,0.0,100.0,1,high,24.09,5,2,6,https://www.musinsa.com/products/5700614
2026-09-01,가까이 유니언즈,5717894,원턱 크리스탈 롤업 스웨트 팬츠 블랙,0.0,0,44800,44800,44800,0,0,0.0,65.03,0,low,24.1,4,1,6,https://www.musinsa.com/products/5717894
2026-09-01,바이모노,5729030,[빅사이즈 M-8XL] 꼭꼭숨티 하이퀄리티 베이직 긴팔티,0.0,0,34900,34900,34900,0,0,0.0,40.34,0,low,24.09,4,1,6,https://www.musinsa.com/products/5729030
2026-09-01,무드인사이드,5730694,레이드 울 발마칸 코트_Black,0.0,0,129900,129900,129900,0,0,0.0,26.67,0,low,24.01,5,1,6,https://www.musinsa.com/products/5730694
2026-09-01,바이모노,5734278,[빅사이즈 XL-6XL] 모노 투데이 후리스 반집업 맨투맨,0.0,0,39900,39900,39900,0,0,0.0,40.35,0,low,24.09,4,1,6,https://www.musinsa.com/products/5734278
2026-09-01,드헤베,5741062,Wool V-neck Knit [Beige],0.0,0,127800,127800,108630,1,19170,17.65,77.43,0,low,24.08,4,1,6,https://www.musinsa.com/products/5741062
2026-09-01,락케이크,5743622,Washed Off Shoulder Sweatshirt - Black,0.0,0,84600,84600,67680,1,16920,25.0,26.67,0,low,24.01,5,1,6,https://www.musinsa.com/products/5743622
2026-09-01,썬러브투어,5749062,Cord Right Chino Ivory,0.0,0,95520,95520,95520,0,0,0.0,26.67,0,low,24.01,5,1,6,https://www.musinsa.com/products/5749062
2026-09-01,노이어,5753094,캐시미어 코튼 딥 브이넥 니트 (그레이),1.0,87685,88000,88000,88000,0,0,0.0,100.0,1,high,24.09,5,2,6,https://www.musinsa.com/products/5753094
2026-09-01,무드인사이드,5754502,피그먼트 레이즈 스웨트 후디_Olive,0.0,0,41900,41900,39900,1,2000,5.01,26.67,0,low,24.01,5,1,6,https://www.musinsa.com/products/5754502
2026-09-01,언더오프,5759110,피치스킨 에센셜 아스트로 기모 맨투맨 버건디,0.0,0,29520,29520,34900,1,-5380,-15.42,40.36,0,low,24.09,4,1,6,https://www.musinsa.com/products/5759110
2026-09-01,썸웨어버터,5761926,Fog Fleece Zip-up - Ivory,0.0,0,168000,168000,117600,1,50400,42.86,52.6,0,low,23.5,5,1,6,https://www.musinsa.com/products/5761926
2026-09-01,썸웨어버터,5762054,Check Wave Logo Alpaca Knit - Navy,0.0,0,129000,129000,129000,0,0,0.0,52.61,0,low,23.5,5,1,6,https://www.musinsa.com/products/5762054
2026-09-01,썸웨어버터,5763846,Slouchy Buckle Suede Boots - Dark Brown,0.0,0,128790,128790,128790,0,0,0.0,52.61,0,low,23.5,5,1,6,https://www.musinsa.com/products/5763846
2026-09-01,무센트,5777094,시그니처 하트 패치 볼캡 (3컬러),4.38,143959,32871,29330,38970,1,-9640,-24.74,100.0,1,medium,24.09,8,4,6,https://www.musinsa.com/products/5777094
2026-09-01,시야쥬,5780550,SIAC3099 클라우드 벨벳 헤어 밴드_Silver gray,0.0,0,37000,37000,37000,0,0,0.0,40.36,0,low,24.09,4,1,6,https://www.musinsa.com/products/5780550
2026-09-01,낫포너드,5791238,4 Symbol Pendant Beanie - Black,0.0,0,39000,39000,35100,1,3900,11.11,77.44,0,low,24.08,4,1,6,https://www.musinsa.com/products/5791238
2026-09-01,아캄,5792646,Knee Pin-Tuck Double Pocket Cargo Pants (Khaki),0.0,0,132300,132300,132300,0,0,0.0,65.04,0,low,24.1,4,1,6,https://www.musinsa.com/products/5792646
2026-09-01,더뮤지엄비지터,5793414,PADDED TROOPER HAT (CHARCOAL),0.0,0,57850,57850,57850,0,0,0.0,100.0,1,high,24.09,5,2,6,https://www.musinsa.com/products/5793414
2026-09-01,더바넷,5797638,Meline Shoulder Bag_Black,0.0,0,133200,133200,148000,1,-14800,-10.0,77.44,0,low,24.08,4,1,6,https://www.musinsa.com/products/5797638
2026-09-01,글로니,5801734,THE JANE JEANS (DEEP BLUE),0.0,0,117450,117450,117450,0,0,0.0,97.86,0,low,24.09,6,1,6,https://www.musinsa.com/products/5801734
2026-09-01,일리고,5806214,129 스트라이프 배색 후드티 차콜,0.0,0,66000,66000,66000,0,0,0.0,89.96,0,low,24.08,4,1,6,https://www.musinsa.com/products/5806214
2026-09-01,나이스고스트클럽,5839110,STRIPE 3STAR RAGLAN SWEATSHIRTS_GREY(NG2GSUM440A),0.0,0,49770,49770,49770,0,0,0.0,52.62,0,low,23.5,5,1,6,https://www.musinsa.com/products/5839110
2026-09-01,꼼파뇨,5845638,[2-WAY] 미스테리패치 피그먼트 후드 집업 스모크블랙,0.0,0,50610,50610,50610,0,0,0.0,89.96,0,low,24.08,4,1,6,https://www.musinsa.com/products/5845638
2026-09-01,노매뉴얼,5848966,DUBL BALL CAP - BLACK,0.0,0,31500,31500,31500,0,0,0.0,89.97,0,low,24.08,4,1,6,https://www.musinsa.com/products/5848966
2026-09-01,리메인세컨드,5849094,베이직 로고 나염 오버핏 반팔 티 [블랙],0.65,10657,16450,16450,16450,0,0,0.0,65.05,0,low,24.1,4,1,6,https://www.musinsa.com/products/5849094
2026-09-01,노매뉴얼,5849222,EMBLEM SWEAT ZIP-UP - WASHED BLACK,0.0,0,117750,117750,117750,0,0,0.0,89.98,0,low,24.08,4,1,6,https://www.musinsa.com/products/5849222
2026-09-01,노매뉴얼,5849414,S.I WASHED T-SHIRT - WASHED BLACK,0.0,0,44100,44100,44100,0,0,0.0,89.99,0,low,24.08,4,1,6,https://www.musinsa.com/products/5849414
2026-09-01,노매뉴얼,5849478,HEAVY METAL GECKO T-SHIRT - WASHED CHARCOAL,0.0,0,44100,44100,44100,0,0,0.0,89.99,0,low,24.08,4,1,6,https://www.musinsa.com/products/5849478
2026-09-01,코드그라피,5853638,(우먼) 배색 플리스 자켓-크림,0.0,0,83300,83300,83300,0,0,0.0,77.45,0,low,24.08,4,1,6,https://www.musinsa.com/products/5853638
2026-09-01,비바라비다,5855430,[기모선택] Tristar 헤비테리 후드 집업 블랙,0.85,53637,62900,62900,64900,1,-2000,-3.08,100.0,1,medium,24.09,5,2,6,https://www.musinsa.com/products/5855430
2026-09-01,로우로우,5866502,스트링 롤탑 백팩 773 [2color],2.61,151624,58050,58050,58050,0,0,0.0,100.0,1,high,23.5,9,4,6,https://www.musinsa.com/products/5866502
2026-09-01,키르시,5869318,키르시 포켓 미니 스트링 백 키링 [멜란지 그레이],0.0,0,31200,31200,31200,0,0,0.0,40.38,0,low,24.09,4,1,6,https://www.musinsa.com/products/5869318
2026-09-01,키르시,5869382,플레인 나일론 카고 팬츠 [베이지],0.0,0,105640,105640,105640,0,0,0.0,40.39,0,low,24.09,4,1,6,https://www.musinsa.com/products/5869382
2026-09-01,키르시,5869446,라인 디테일 트랙 쇼츠 [브라운],0.0,0,47200,47200,47200,0,0,0.0,40.39,0,low,24.09,4,1,6,https://www.musinsa.com/products/5869446
2026-09-01,론론,5870790,BUTTON POCKET OVERSIZED SHIRT PINK STRIPE,0.0,0,55440,55440,63360,1,-7920,-12.5,100.0,1,medium,24.09,5,2,6,https://www.musinsa.com/products/5870790
2026-09-01,마인드브릿지,5871878,[3팩][에어쿨]에어홀 반팔 티셔츠 - 3color,0.0,0,21900,21900,21900,0,0,0.0,90.01,0,low,24.08,4,1,6,https://www.musinsa.com/products/5871878
2026-09-01,마인드브릿지,5872006,[COUTURE]스트라이프 세미 오버핏 카라 니트,0.0,0,59900,59900,59900,0,0,0.0,90.01,0,low,24.08,4,1,6,https://www.musinsa.com/products/5872006
2026-09-01,아워데이즈,5874310,카디프 투포켓 워싱 긴팔 셔츠 [PIGMENT CHARCOAL],0.0,0,49600,49600,49600,0,0,0.0,77.46,0,low,24.08,4,1,6,https://www.musinsa.com/products/5874310
2026-09-01,토피,5876486,빈티지 코튼 워크 자켓 (BLACK),0.0,0,62500,62500,54550,1,7950,14.57,100.0,1,medium,24.09,5,2,6,https://www.musinsa.com/products/5876486
2026-09-01,세터,5877766,홀스슈 키링 민트,0.0,0,29000,29000,29000,0,0,0.0,65.06,0,low,24.1,4,1,6,https://www.musinsa.com/products/5877766
2026-09-01,세터,5879494,(W) 로렌 베이직 크루넥 파인 가디건 올리브 그린,0.0,0,159000,159000,159000,0,0,0.0,65.06,0,low,24.1,4,1,6,https://www.musinsa.com/products/5879494
2026-09-01,제너럴아이디어,5880838,코튼 레이어드 브이넥 니트 풀오버 [LIGHT GREY] / GF1LKP506,0.0,0,38500,38500,44000,1,-5500,-12.5,100.0,1,medium,24.09,5,2,6,https://www.musinsa.com/products/5880838
2026-09-01,제너럴아이디어,5880902,릴렉스드 에센셜 크루넥 풀오버 [ASH PINK] / GF1LKP510,0.0,0,39200,39200,38110,1,1090,2.86,100.0,1,medium,24.09,5,2,6,https://www.musinsa.com/products/5880902
2026-09-01,로템버,5884294,리파인드 크롭 블루종 자켓 [블랙],0.0,0,159030,159030,159030,0,0,0.0,26.69,0,low,24.01,5,1,6,https://www.musinsa.com/products/5884294
2026-09-01,카네이테이,5884422,MINIMAL OVER FIT HOODIE ZIP-UP (MELANGE GRAY),0.0,0,41300,41300,73750,1,-32450,-44.0,100.0,1,medium,24.09,5,2,6,https://www.musinsa.com/products/5884422
2026-09-01,카네이테이,5884486,PIGMENT CLASSIC CREWNECK (NAVY),0.0,0,68400,68400,72200,1,-3800,-5.26,100.0,1,medium,24.09,5,2,6,https://www.musinsa.com/products/5884486
2026-09-01,카네이테이,5884614,RAW CUT CROP LONG SLEEVES (MELANGE GRAY),1.43,60105,41946,39000,48750,1,-9750,-20.0,100.0,1,medium,24.01,11,6,6,https://www.musinsa.com/products/5884614
2026-09-01,아웃스탠딩,5886662,MIL SERIES SWEAT(FLYING TIGERS)_3%MELANGE GRAY,0.0,0,66600,66600,59200,1,7400,12.5,100.0,1,low,72.09,3,1,6,https://www.musinsa.com/products/5886662
2026-09-01,던스트,5890118,UNISEX DRIZZLER LEATHER JACKET_UDJU6A105_BRUSHED BLACK,0.0,0,488880,488880,488880,0,0,0.0,52.63,0,low,23.5,5,1,6,https://www.musinsa.com/products/5890118
2026-09-01,아웃스탠딩,5892102,[LOONEY TUNES] SWEAT(BOXER DAFFY DUCK)_3%MELANGE GRAY,1.43,86013,60014,62100,55200,1,6900,12.5,100.0,1,medium,24.01,11,6,6,https://www.musinsa.com/products/5892102
2026-09-01,마인드브릿지 우먼,5894534,[W]연청 데님 믹스 가디건,0.0,0,59900,59900,69900,1,-10000,-14.31,65.07,0,low,24.1,4,1,6,https://www.musinsa.com/products/5894534
2026-09-01,그루브라임,5894790,3단쭈리 고양이 UFO 맨투맨 (LRTSCTM521M),0.0,0,20800,20800,32900,1,-12100,-36.78,26.7,0,low,24.01,5,1,6,https://www.musinsa.com/products/5894790
2026-09-01,그루브라임,5894982,여성 면쭈리 풀밴딩 와이드 팬츠 (LRSSCYW571M),0.0,0,22800,22800,32900,1,-10100,-30.7,26.7,0,low,24.01,5,1,6,https://www.musinsa.com/products/5894982
2026-09-01,칙스,5895110,베이직 포켓 긴팔 셔츠 화이트,0.0,0,38900,38900,31120,1,7780,25.0,100.0,1,medium,24.09,5,2,6,https://www.musinsa.com/products/5895110
2026-09-01,카네이테이,5895750,WRINKLED CHECK SHIRTS (CHARCOAL),0.0,0,35390,35390,77900,1,-42510,-54.57,100.0,1,medium,24.09,5,2,6,https://www.musinsa.com/products/5895750
2026-09-01,드로우핏,5899782,울 블렌드 레이어드 크롭 가디건 [BLACK],0.77,53511,69300,69300,69300,0,0,0.0,77.48,0,low,24.08,4,1,6,https://www.musinsa.com/products/5899782
2026-09-01,헬레네파리스,5899974,로우라이즈 페이디드 워싱 부츠컷 팬츠 [틴 실버 블루],0.0,0,49740,49740,52070,1,-2330,-4.47,100.0,1,medium,24.09,5,2,6,https://www.musinsa.com/products/5899974
2026-09-01,일리고,5901382,퓨어 레이스 볼 캡 화이트,0.0,0,42000,42000,42000,0,0,0.0,90.03,0,low,24.08,4,1,6,https://www.musinsa.com/products/5901382
2026-09-01,밀로 아카이브,5902534,빈티지 코튼 카페 레이서 자켓 [워시드 카키],1.07,152848,142200,110600,142200,1,-31600,-22.22,52.64,0,low,23.5,5,1,6,https://www.musinsa.com/products/5902534
2026-09-01,밀로 아카이브,5902662,보르트 덤브 캡 [블랙],0.0,0,41600,41600,46800,1,-5200,-11.11,52.64,0,low,23.5,5,1,6,https://www.musinsa.com/products/5902662
2026-09-01,키뮤어,5903174,커브드 생지 데님 팬츠_블랙 [벨트/키링 선택],0.0,0,71100,71100,71100,0,0,0.0,100.0,1,high,24.09,5,2,6,https://www.musinsa.com/products/5903174
2026-09-01,비터셀즈,5903750,오버사이즈드 블러리 체크 셔츠-핑크,0.0,0,48360,48360,48360,0,0,0.0,90.04,0,low,24.08,4,1,6,https://www.musinsa.com/products/5903750
2026-09-01,해비즘,5905670,WP CHECKED COLLAR SWEATSHIRT(CHARCOAL),0.0,0,44200,44200,38680,1,5520,14.27,52.64,0,low,23.51,5,1,6,https://www.musinsa.com/products/5905670
2026-09-01,알리스,5908230,텍스쳐드 브이넥 크롭 니트 티셔츠 [블랙],0.0,0,38760,38760,40590,1,-1830,-4.51,90.05,0,low,24.08,4,1,6,https://www.musinsa.com/products/5908230
2026-09-01,스컬프터,5910022,NPC Metallic Backpack Pink,1.16,110074,95200,95200,95200,0,0,0.0,100.0,1,high,24.0,11,6,6,https://www.musinsa.com/products/5910022
2026-09-01,필루미네이트,5911814,FLM 그래픽 니트 풀오버-멜란지그레이,0.0,0,39000,39000,39000,0,0,0.0,52.65,0,low,23.5,5,1,6,https://www.musinsa.com/products/5911814
2026-09-01,룩캐스트,5920326,리브 비건 레더 집업 자켓_블랙 / LIV VEGAN LEATHER ZIP UP JACKET_BLACK,0.0,0,120320,120320,120320,0,0,0.0,90.06,0,low,24.08,4,1,6,https://www.musinsa.com/products/5920326
2026-09-01,배드블러드,5923206,스타 스터디드 컨벡스 팬츠 - 더스티브라운,0.0,0,206100,206100,185490,1,20610,11.11,100.0,1,medium,24.09,5,2,6,https://www.musinsa.com/products/5923206
2026-09-01,칙스,5923654,언이븐 골지 슬림 버튼 롱슬리브 차콜,2.92,104955,35900,35900,28720,1,7180,25.0,100.0,1,medium,24.09,7,2,6,https://www.musinsa.com/products/5923654
2026-09-01,유니폼브릿지,5923782,waffle henley neck l/s t-shirt black,0.0,0,55200,55200,55200,0,0,0.0,100.0,1,high,24.09,5,2,6,https://www.musinsa.com/products/5923782
2026-09-01,유니폼브릿지,5924230,cotton coverall jacket blue,0.0,0,129350,129350,129350,0,0,0.0,100.0,1,high,24.09,5,2,6,https://www.musinsa.com/products/5924230
2026-09-01,유니폼브릿지,5924294,light single long coat beige check,0.0,0,179500,179500,179500,0,0,0.0,100.0,1,high,24.09,5,2,6,https://www.musinsa.com/products/5924294
2026-09-01,와이케이,5925254,스타 돌핀 엠보 그래픽 후드 집업 아이보리,0.0,0,109650,109650,109650,0,0,0.0,52.66,0,low,23.51,5,1,6,https://www.musinsa.com/products/5925254
2026-09-01,헬레네파리스,5925830,스트라이프 아플리케 오버핏 스냅 스웻셔츠 [그레이],0.0,0,55370,55370,60560,1,-5190,-8.57,100.0,1,medium,24.09,5,2,6,https://www.musinsa.com/products/5925830
2026-09-01,에이치덱스,5926086,리프트 데미지 블럭 스웨트 쇼츠 (Melange Gray),0.0,0,65550,65550,65550,0,0,0.0,77.49,0,low,24.08,4,1,6,https://www.musinsa.com/products/5926086
2026-09-01,에이치덱스,5926214,LVS 클럽 숏 슬리브 (Khaki),0.0,0,42750,42750,42750,0,0,0.0,77.49,0,low,24.08,4,1,6,https://www.musinsa.com/products/5926214
2026-09-01,러브이즈트루,5927750,EL LAYERED NECKLACE(SILVER),0.0,0,37400,37400,37400,0,0,0.0,52.66,0,low,23.5,5,1,6,https://www.musinsa.com/products/5927750
2026-09-01,러브이즈트루,5927814,EL PLEATED SHIRRING SKIRT PANTS(GRAY),0.0,0,87980,87980,72450,1,15530,21.44,52.67,0,low,23.5,5,1,6,https://www.musinsa.com/products/5927814
2026-09-01,필루미네이트,5928326,[오정규 PICK] 필루미네이트X로맨틱무브 스웨이드 청키 로퍼-브라운,0.0,0,129000,129000,129000,0,0,0.0,52.67,0,low,23.51,5,1,6,https://www.musinsa.com/products/5928326
2026-09-01,아모우,5928518,WORK FOR PEACE 5PANNEL CAP BALCK,0.0,0,38500,38500,41250,1,-2750,-6.67,100.0,1,medium,24.09,5,2,6,https://www.musinsa.com/products/5928518
2026-09-01,아모우,5928646,3spot long sleeve White,0.0,0,47400,47400,47400,0,0,0.0,100.0,1,high,24.09,5,2,6,https://www.musinsa.com/products/5928646
2026-09-01,디앤에스알,5929414,스웨이드 셔츠 자켓 네이비,0.0,0,99000,99000,99000,0,0,0.0,65.08,0,low,24.1,4,1,6,https://www.musinsa.com/products/5929414
2026-09-01,유라고,5929478,Check flared long skirt,0.0,0,72200,72200,72200,0,0,0.0,65.08,0,low,24.1,4,1,6,https://www.musinsa.com/products/5929478
2026-09-01,로제프란츠,5929542,Rose Corsage Check Windbreaker [Black],0.0,0,97440,97440,85260,1,12180,14.29,77.5,0,low,24.08,4,1,6,https://www.musinsa.com/products/5929542
2026-09-01,유라고,5929606,Two-tuck bermuda denim pants,0.0,0,66120,66120,66120,0,0,0.0,65.09,0,low,24.1,4,1,6,https://www.musinsa.com/products/5929606
2026-09-01,로제프란츠,5929798,Cable Knit Basic Cardigan [Pink],0.0,0,51000,51000,44630,1,6370,14.27,77.5,0,low,24.08,4,1,6,https://www.musinsa.com/products/5929798
2026-09-01,로제프란츠,5929990,Dot Button Point Cardigan [Navy],0.0,0,51000,51000,44630,1,6370,14.27,77.5,0,low,24.08,4,1,6,https://www.musinsa.com/products/5929990
2026-09-01,유라고,5930118,Play wide sweatpants,0.0,0,79800,79800,79800,0,0,0.0,65.09,0,low,24.1,4,1,6,https://www.musinsa.com/products/5930118
2026-09-01,워크온바디오프,5930438,에센셜 세미 오버핏 헤링턴 자켓 [베이지],0.0,0,89910,89910,99900,1,-9990,-10.0,40.42,0,low,24.09,4,1,6,https://www.musinsa.com/products/5930438
2026-09-01,워크온바디오프,5930502,스카시 세미 오버핏 코튼 가디건 [블랙],0.0,0,43110,43110,47900,1,-4790,-10.0,40.42,0,low,24.09,4,1,6,https://www.musinsa.com/products/5930502
2026-09-01,피인오,5930822,스모크 워시드 커브드 데님 - 블랙,0.0,0,48600,48600,48600,0,0,0.0,52.67,0,low,23.5,5,1,6,https://www.musinsa.com/products/5930822
2026-09-01,러프사이드,5932422,Whole Garment Crew Knit Oatmeal,0.0,0,158000,158000,158000,0,0,0.0,65.09,0,low,24.1,4,1,6,https://www.musinsa.com/products/5932422
2026-09-01,후드후드,5935366,클로버 로고 디스트로이드 데님 팬츠 블랙,0.0,0,69660,69660,69660,0,0,0.0,77.51,0,low,24.08,4,1,6,https://www.musinsa.com/products/5935366
2026-09-01,제너럴아이디어,5935622,투턱 세미 와이드 슬랙스 [DARK BEIGE] / GF1LPT503,0.0,0,51800,51800,59200,1,-7400,-12.5,100.0,1,medium,24.09,7,2,6,https://www.musinsa.com/products/5935622
2026-09-01,드헤베,5936326,Pocket Cotton Jumper [White],0.0,0,178200,178200,178200,0,0,0.0,77.51,0,low,24.08,4,1,6,https://www.musinsa.com/products/5936326
2026-09-01,아메스 월드와이드,5936646,BASIC APPLIQUE SWEATSHIRT BROWN,0.0,0,33040,33040,47200,1,-14160,-30.0,90.07,0,low,24.08,4,1,6,https://www.musinsa.com/products/5936646
2026-09-01,락케이크,5936838,[희재 PICK] Belted Leather Jacket - Black,0.0,0,224100,224100,179280,1,44820,25.0,26.73,0,low,24.01,5,1,6,https://www.musinsa.com/products/5936838
2026-09-01,아캄,5937286,Western Concho Belt (Black),0.0,0,90300,90300,90300,0,0,0.0,65.11,0,low,24.1,7,1,6,https://www.musinsa.com/products/5937286
2026-09-01,파르티멘토 우먼,5937350,PWC 투웨이 어시메트릭 체크 셔츠_더스티 민트,0.0,0,50220,50220,39060,1,11160,28.57,90.08,0,low,24.08,4,1,6,https://www.musinsa.com/products/5937350
2026-09-01,스켈리웩,5937798,SCWAG Star Dot Crop T-shirt[White],0.0,0,34900,34900,14900,1,20000,134.23,26.73,0,low,24.01,5,1,6,https://www.musinsa.com/products/5937798
2026-09-01,굿라이프웍스,5938118,스테디 와플 크롭 헨리넥 티셔츠 그레이,0.0,0,27860,27860,27860,0,0,0.0,65.11,0,low,24.1,4,1,6,https://www.musinsa.com/products/5938118
2026-09-01,세터,5938950,(W) 데님 라이크 워시드 크롭 스웨트셔츠 블랙,0.0,0,129000,129000,129000,0,0,0.0,65.12,0,low,24.1,4,1,6,https://www.musinsa.com/products/5938950
2026-09-01,비긴202,5941574,리노 MA-1 점퍼 [빈티지 올리브],0.0,0,220150,220150,220150,0,0,0.0,77.52,0,low,24.08,4,1,6,https://www.musinsa.com/products/5941574
2026-09-01,르아르,5944326,사선 커브드 데님 팬츠 [워시드블랙],0.0,0,39600,39600,39600,0,0,0.0,65.14,0,low,24.1,4,1,6,https://www.musinsa.com/products/5944326
2026-09-01,커버낫,5944710,링사 세미와이드 워크 데님 팬츠 블랙,0.0,0,96390,96390,107100,1,-10710,-10.0,40.43,0,low,24.09,4,1,6,https://www.musinsa.com/products/5944710
2026-09-01,커버낫,5944774,[수빈 착용] 센터 로고 후디 헤더 그레이,0.0,0,72090,72090,80100,1,-8010,-10.0,40.44,0,low,24.09,4,1,6,https://www.musinsa.com/products/5944774
2026-09-01,커버낫,5944838,센터 로고 티셔츠 카키,0.0,0,32400,32400,32400,0,0,0.0,40.44,0,low,24.09,4,1,6,https://www.musinsa.com/products/5944838
2026-09-01,오도어,5949574,Open snap set - Grey,0.0,0,137000,137000,127410,1,9590,7.53,26.74,0,low,24.01,5,1,6,https://www.musinsa.com/products/5949574
2026-09-01,더바넷,5949894,Dune Cargo Pants_Ivory,0.0,0,121500,121500,135000,1,-13500,-10.0,77.53,0,low,24.08,4,1,6,https://www.musinsa.com/products/5949894
2026-09-01,카키포인트,5950086,Bold Structured Belt (black),0.0,0,91040,91040,80920,1,10120,12.51,26.75,0,low,24.01,5,1,6,https://www.musinsa.com/products/5950086
2026-09-01,제너럴아이디어,5950534,헨리넥 레이어드 니트 풀오버 [BLACK] / GF1LKP507,0.14,5413,37400,37100,37400,1,-300,-0.8,100.0,1,medium,24.09,5,2,6,https://www.musinsa.com/products/5950534
2026-09-01,카키포인트,5951110,Record Straight Denim (blue),0.0,0,95000,95000,95000,0,0,0.0,26.75,0,low,24.01,5,1,6,https://www.musinsa.com/products/5951110
2026-09-01,탄산마그네슘,5955462,버튼 캣 비니 (블루),0.0,0,52440,52440,52440,0,0,0.0,65.16,0,low,24.1,4,1,6,https://www.musinsa.com/products/5955462
2026-09-01,썸웨어버터,5955718,Satin Heart Logo Hoodie Zip-Up - White Melange,0.0,0,105640,105640,105640,0,0,0.0,52.68,0,low,23.51,5,1,6,https://www.musinsa.com/products/5955718
2026-09-01,유니폼브릿지,5957638,double knee denim pants wide fit(womens) brown,0.0,0,109850,109850,109850,0,0,0.0,100.0,1,high,24.09,5,2,6,https://www.musinsa.com/products/5957638
2026-09-01,프리즘웍스,5958406,BLOCK STRIPE LONG SLEEVE TEE _ DARK GREEN,0.0,0,34020,34020,37800,1,-3780,-10.0,100.0,1,medium,24.09,5,2,6,https://www.musinsa.com/products/5958406
2026-09-01,다이브인,5960198,LOOSED COTTON CREASE SHIRKET (BLACK),0.0,0,87200,87200,109000,1,-21800,-20.0,40.45,0,low,24.09,4,1,6,https://www.musinsa.com/products/5960198
2026-09-01,비바라비다,5961606,Explorer 롱 슬리브 티셔츠,0.0,0,31430,31430,31430,0,0,0.0,100.0,1,high,24.09,5,2,6,https://www.musinsa.com/products/5961606
2026-09-01,그루브라임,5962054,ARCH TYPE USA (GC015F13),0.0,0,12400,12400,9900,1,2500,25.25,26.76,0,low,24.01,5,1,6,https://www.musinsa.com/products/5962054
2026-09-01,나이스고스트클럽,5963910,DEVIL BEAR DOLL KEY RING_BLACK(NG2GSUAB60A),0.0,0,24570,24570,24570,0,0,0.0,52.68,0,low,23.51,5,1,6,https://www.musinsa.com/products/5963910
2026-09-01,2000아카이브스,5964422,LIN UNBALANCED TOP (BLACK),0.0,0,60990,60990,55440,1,5550,10.01,100.0,1,medium,24.09,5,2,6,https://www.musinsa.com/products/5964422
2026-09-01,무드인사이드,5964870,헤링본 커브드 와이드 데님 팬츠_3Color,0.0,0,39900,39900,39900,0,0,0.0,26.77,0,low,24.01,5,1,6,https://www.musinsa.com/products/5964870
2026-09-01,제너럴아이디어,5966982,UNISEX 스트라이프 럭비 티셔츠 [NAVY] / GF1UKP006,0.85,36382,42700,42700,48800,1,-6100,-12.5,100.0,1,medium,24.09,5,2,6,https://www.musinsa.com/products/5966982
2026-09-01,파르티멘토,5967366,[14oz] 스트레이트 플레어 데님 팬츠 샌드,0.0,0,75100,75100,67590,1,7510,11.11,40.46,0,low,24.09,4,1,6,https://www.musinsa.com/products/5967366
2026-09-01,브라운브레스,5968262,TAG OG TEE - WHITE,10.24,447590,43698,45000,40500,1,4500,11.11,100.0,1,medium,10.2,22,6,6,https://www.musinsa.com/products/5968262
2026-09-01,비바라비다,5969222,Chasing 헤비테리 후드,0.0,0,57900,57900,59900,1,-2000,-3.34,100.0,1,medium,24.09,5,2,6,https://www.musinsa.com/products/5969222
2026-09-01,제로,5969350,헤링본 오버 커브드 데님 팬츠 [카키 그레이],0.0,0,49000,49000,49000,0,0,0.0,65.16,0,low,24.1,4,1,6,https://www.musinsa.com/products/5969350
2026-09-01,1993스튜디오,5969542,스튜디오 레더 바시티 자켓_블랙,0.0,0,108000,108000,129000,1,-21000,-16.28,40.46,0,low,24.09,4,1,6,https://www.musinsa.com/products/5969542
2026-09-01,999휴머니티,5970758,어드벤처 소프트 후디 (차콜),0.0,0,128000,128000,128000,0,0,0.0,65.16,0,low,24.1,4,1,6,https://www.musinsa.com/products/5970758
2026-09-01,밀로 아카이브,5970886,러프넥 럼버 팬츠 [그레이],0.0,0,118400,118400,133200,1,-14800,-11.11,52.69,0,low,23.5,5,1,6,https://www.musinsa.com/products/5970886
2026-09-01,인템포무드,5971142,아가일 칼라 카디건_차콜,0.0,0,49900,49900,49900,0,0,0.0,40.46,0,low,24.09,4,1,6,https://www.musinsa.com/products/5971142
2026-09-01,더뮤지엄비지터,5973126,RAW EDGE LONG SKIRT (LIGHT GREY),0.0,0,58800,58800,58800,0,0,0.0,100.0,1,high,24.09,5,2,6,https://www.musinsa.com/products/5973126
2026-09-01,론론,5973190,STRAP KNOT LONG SKIRT GREY,0.0,0,80190,80190,71280,1,8910,12.5,100.0,1,medium,24.09,5,2,6,https://www.musinsa.com/products/5973190
2026-09-01,인사일런스 우먼,5974534,커브드 스터드 스커트 CHARCOAL,0.0,0,159600,159600,159600,0,0,0.0,100.0,1,high,24.09,5,2,6,https://www.musinsa.com/products/5974534
2026-09-01,1993스튜디오,5975046,1993 아플리케 헨리 후드_브라운,0.0,0,59000,59000,59000,0,0,0.0,40.47,0,low,24.09,4,1,6,https://www.musinsa.com/products/5975046
2026-09-01,에이치덱스,5975366,컬러 서밋 와이드 나일론 팬츠 (Gray),0.0,0,71200,71200,71200,0,0,0.0,77.54,0,low,24.08,4,1,6,https://www.musinsa.com/products/5975366
2026-09-01,시야쥬,5976070,SIST9058 포멀 칼럼 롱 스커트_Black,0.0,0,82940,82940,97000,1,-14060,-14.49,40.47,0,low,24.09,4,1,6,https://www.musinsa.com/products/5976070
2026-09-01,시야쥬,5976134,SIJN6103 트러커 와이드 진_Deep blue,0.0,0,93200,93200,109000,1,-15800,-14.5,40.47,0,low,24.09,4,1,6,https://www.musinsa.com/products/5976134
2026-09-01,시야쥬,5976326,SITP5244 슬림 래글런 배색 티셔츠_Navy,0.0,0,37620,37620,31790,1,5830,18.34,40.48,0,low,24.09,4,1,6,https://www.musinsa.com/products/5976326
2026-09-01,플리즈노팔로우,5976966,Vera Lace Shirring Long Sleeve Top (Mocha Grey),0.15,9620,66300,66300,66300,0,0,0.0,100.0,1,high,24.09,5,2,6,https://www.musinsa.com/products/5976966
2026-09-01,엑스트라오디너리,5977222,REVERSIBLE BLANK BEANIE KHAKI,0.0,0,17400,17400,17400,0,0,0.0,90.09,0,low,24.08,4,1,6,https://www.musinsa.com/products/5977222
2026-09-01,로제프란츠,5977798,Back Lace Nylon Wide Pants [Navy],0.0,0,56640,56640,49560,1,7080,14.29,77.55,0,low,24.08,4,1,6,https://www.musinsa.com/products/5977798
2026-09-01,코드그라피,5978182,배색 후드 점퍼-카키,0.0,0,97300,97300,97300,0,0,0.0,77.55,0,low,24.08,4,1,6,https://www.musinsa.com/products/5978182
2026-09-01,도프제이슨,5979654,스톰 티 코어 레더 트러커 BLACK,0.54,198835,369550,369550,369550,0,0,0.0,52.7,0,low,23.51,5,1,6,https://www.musinsa.com/products/5979654
2026-09-01,디미트리블랙,5982726,바라클라바 슬래쉬 후드 집업_윈드브레이커 그레이,0.0,0,49900,49900,49900,0,0,0.0,40.48,0,low,5.24,7,3,6,https://www.musinsa.com/products/5982726
2026-09-01,와이케이,5983110,신치 백 커브드 코튼 팬츠 아이보리,0.0,0,89250,89250,62480,1,26770,42.85,52.7,0,low,23.51,5,1,6,https://www.musinsa.com/products/5983110
2026-09-01,아틀리에 나인,5983622,STITCH COUDUROY COLLAR BARBUR JACKET (CT-1483),0.0,0,164690,164690,191190,1,-26500,-13.86,65.17,0,low,24.1,4,1,6,https://www.musinsa.com/products/5983622
2026-09-01,틸아이다이,5984134,Over-Fit utility jacket [TISP05JK10]_Wine,0.0,0,184920,184920,184920,0,0,0.0,100.0,1,high,24.09,5,2,6,https://www.musinsa.com/products/5984134
2026-09-01,아틀리에 나인,5984646,ATN PIGMENT WASHING SWEAT SHIRT (T-7160),0.0,0,98040,98040,112620,1,-14580,-12.95,65.18,0,low,24.1,4,1,6,https://www.musinsa.com/products/5984646
2026-09-01,후브스,5991558,블리치드 캔버스 워크 자켓[워시드브라운],0.4,45834,113600,113600,113600,0,0,0.0,40.49,0,low,24.09,4,1,6,https://www.musinsa.com/products/5991558
2026-09-01,인사일런스,5993350,덕 코튼 더블니 팬츠 BLACK,0.0,0,125100,125100,139000,1,-13900,-10.0,40.51,0,low,24.09,4,1,6,https://www.musinsa.com/products/5993350
2026-09-01,모즈모즈,5996102,트웬티세븐 피그먼트 크롭 반팔티셔츠 블랙,0.0,0,27650,27650,27650,0,0,0.0,65.18,0,low,24.1,4,1,6,https://www.musinsa.com/products/5996102
2026-09-01,모즈모즈,5996294,펀치 피그먼트 오버핏 반팔티셔츠 베이지,0.0,0,25900,25900,25900,0,0,0.0,65.18,0,low,24.1,4,1,6,https://www.musinsa.com/products/5996294
2026-09-01,인사일런스,5999942,고트 스웨이드 진 자켓 DARK BROWN,0.0,0,503100,503100,503100,0,0,0.0,40.51,0,low,24.09,4,1,6,https://www.musinsa.com/products/5999942
2026-09-01,배드블러드,6002310,BAD Full-Zip Knit Track Top - Tobacco,0.0,0,135200,135200,121680,1,13520,11.11,100.0,1,medium,24.09,5,2,6,https://www.musinsa.com/products/6002310
2026-09-01,기철,6002694,Dense Button Henley Cardigan (Washed Beige),0.0,0,59500,59500,59500,0,0,0.0,65.19,0,low,24.1,4,1,6,https://www.musinsa.com/products/6002694
2026-09-01,오헤시오,6007686,"REVERSIBLE BUTTON BEANIE, BROWN",0.0,0,42750,42750,32400,1,10350,31.94,26.78,0,low,24.01,5,1,6,https://www.musinsa.com/products/6007686
2026-09-01,999휴머니티,6008070,공존 롱 슬리브 티 (올리브),0.0,0,88000,88000,88000,0,0,0.0,65.19,0,low,24.1,4,1,6,https://www.musinsa.com/products/6008070
2026-09-01,바우로 프로덕트,6012934,캐티오닉 코튼 크롭 자켓 [블랙],0.0,0,189000,189000,189000,0,0,0.0,77.57,0,low,24.08,4,1,6,https://www.musinsa.com/products/6012934
2026-09-01,칙스,6017094,러스틱 워싱 레더자켓 블랙,0.0,0,106900,106900,85520,1,21380,25.0,100.0,1,medium,24.09,5,2,6,https://www.musinsa.com/products/6017094
2026-09-01,트리밍버드,6018438,Dart Tapered Denim Pants [ Black ],0.0,0,152100,152100,152100,0,0,0.0,100.0,1,high,24.09,5,2,6,https://www.musinsa.com/products/6018438
2026-09-01,9999아카이브,6019654,Linking Eyelet Beanie,0.0,0,32400,32400,32400,0,0,0.0,52.73,0,low,23.51,5,1,6,https://www.musinsa.com/products/6019654
2026-09-01,니티드,6019718,헤비 와플 골드 버튼 라운드 니트 BROWN,0.0,0,49500,49500,49500,0,0,0.0,77.57,0,low,24.08,4,1,6,https://www.musinsa.com/products/6019718
2026-09-01,디스이즈네버댓,6019846,C-Logo Tee Grey,0.0,0,41300,41300,41300,0,0,0.0,40.54,0,low,24.09,4,1,6,https://www.musinsa.com/products/6019846
2026-09-01,아메스 월드와이드,6021190,52 HUNTING CAP BLACK,0.0,0,29120,29120,41600,1,-12480,-30.0,90.1,0,low,24.08,4,1,6,https://www.musinsa.com/products/6021190
2026-09-01,아메스 월드와이드,6021254,RUGBY STRIPE SWEATSHIRT PINK,0.0,0,56960,56960,71200,1,-14240,-20.0,90.1,0,low,24.08,4,1,6,https://www.musinsa.com/products/6021254
2026-09-01,오헤시오,6021510,"ROLL-UP DOT LABEL TEE, NAVY",0.0,0,70300,70300,53280,1,17020,31.94,26.79,0,low,8.27,8,3,6,https://www.musinsa.com/products/6021510
2026-09-01,썸웨어버터,6023686,Tebby Backpack - Black,0.0,0,111200,111200,97300,1,13900,14.29,52.73,0,low,23.51,5,1,6,https://www.musinsa.com/products/6023686
2026-09-01,어반드레스,6023942,티니 도트 트랙 팬츠_2Colors,0.0,0,59900,59900,59900,0,0,0.0,100.0,1,high,24.09,5,2,6,https://www.musinsa.com/products/6023942
2026-09-01,세터,6024006,[라이즈PICK] 시에로 트레이너 스니커즈 화이트,0.0,0,129000,129000,129000,0,0,0.0,65.2,0,low,24.1,4,1,6,https://www.musinsa.com/products/6024006
2026-09-01,브룩스 브라더스,6031046,[Heritage] Anchor 스웨트 셔츠 (아이보리) (BBNPMHG151),0.0,0,114560,114560,100240,1,14320,14.29,52.73,0,low,23.51,5,1,6,https://www.musinsa.com/products/6031046
2026-09-01,에스피오나지,6031686,Washed Drizzler Jacket Black,0.0,0,117600,117600,120960,1,-3360,-2.78,100.0,1,medium,24.09,5,2,6,https://www.musinsa.com/products/6031686
2026-09-01,파르티멘토 우먼,6033926,폴드오버 웨이스트 플리츠 스웻팬츠_블랙,0.0,0,55890,55890,43470,1,12420,28.57,90.11,0,low,24.08,4,1,6,https://www.musinsa.com/products/6033926
2026-09-01,파르티멘토 우먼,6034118,컬러블럭 더블 레이어드 니트 스웨터_블랙,0.0,0,58320,58320,45360,1,12960,28.57,90.11,0,low,24.08,4,1,6,https://www.musinsa.com/products/6034118
2026-09-01,루에브르,6035078,[SET] Linen Cover-up Pullover + Bustier Knit Top SS6SP647_2color,0.0,0,179000,179000,179000,0,0,0.0,26.79,0,low,24.01,5,1,6,https://www.musinsa.com/products/6035078
2026-09-01,엑스오엑스,6036870,베이직 쿨 라운드 크롭 반팔 니트 [IVORY ST],0.0,0,27500,27500,27500,0,0,0.0,65.21,0,low,24.1,4,1,6,https://www.musinsa.com/products/6036870
2026-09-01,파르티멘토,6037062,빈티지 플레이드 체크 셔츠 네이비,0.0,0,61100,61100,54990,1,6110,11.11,40.56,0,low,24.09,4,1,6,https://www.musinsa.com/products/6037062
2026-09-01,인사일런스,6038214,컴팩트 크롭 자켓 DARK MOSS CHECK,0.0,0,179100,179100,133870,1,45230,33.79,40.56,0,low,24.09,4,1,6,https://www.musinsa.com/products/6038214
2026-09-01,브룩스 브라더스,6039814,논아이론 헤링본 에인즐리 드레스셔츠 (라이트블루) (BBTSMFZ525),0.0,0,169000,169000,169000,0,0,0.0,52.74,0,low,23.51,5,1,6,https://www.musinsa.com/products/6039814
2026-09-01,유라고,6040454,Standard ball cap,0.0,0,35720,35720,35720,0,0,0.0,65.22,0,low,24.1,4,1,6,https://www.musinsa.com/products/6040454
2026-09-01,슬로우애시드,6040518,워시드 Roi 반팔 티셔츠 [블루],0.77,22268,28800,28800,28800,0,0,0.0,77.58,0,low,24.08,4,1,6,https://www.musinsa.com/products/6040518
2026-09-01,유라고,6040966,Charlotte shirring long skirt,0.0,0,114000,114000,114000,0,0,0.0,65.22,0,low,24.1,4,1,6,https://www.musinsa.com/products/6040966
2026-09-01,나이스고스트클럽,6041990,MOVING SYMBOL TEE_KHAKI(NG2EMUT522A),0.54,10292,19110,24570,19110,1,5460,28.57,52.75,0,low,23.51,5,1,6,https://www.musinsa.com/products/6041990
2026-09-01,본투윈,6042502,W SYMBOL B TECH HOODIE ZIP-UP [WHITE MELANGE],0.0,0,97700,97700,109200,1,-11500,-10.53,100.0,1,medium,24.09,5,2,6,https://www.musinsa.com/products/6042502
2026-09-01,노이어,6044614,헤비 코튼 크롭 티셔츠 (네이비),0.0,0,29200,29200,29200,0,0,0.0,100.0,1,high,24.09,5,2,6,https://www.musinsa.com/products/6044614
2026-09-01,썬러브투어,6046790,Crescent Hoodie Ivory,0.0,0,90300,90300,64500,1,25800,40.0,26.8,0,low,24.01,5,1,6,https://www.musinsa.com/products/6046790
2026-09-01,시야쥬,6047302,SITP5261 보트넥 미니멀 블라우스_Black,0.0,0,76100,76100,89000,1,-12900,-14.49,40.57,0,low,24.09,4,1,6,https://www.musinsa.com/products/6047302
2026-09-01,시야쥬,6047750,SIKN2178 카울 스카프 니트 탑_Brown,0.0,0,88070,88070,103000,1,-14930,-14.5,40.57,0,low,24.09,4,1,6,https://www.musinsa.com/products/6047750
2026-09-01,에이치덱스,6049478,코어 에어리 컬러 블럭 쇼츠 (Navy),0.0,0,41300,41300,41300,0,0,0.0,77.59,0,low,24.08,4,1,6,https://www.musinsa.com/products/6049478
2026-09-01,에이치덱스,6049606,스쿼드 숏 슬리브 (White),0.0,0,39900,39900,39900,0,0,0.0,77.59,0,low,24.08,4,1,6,https://www.musinsa.com/products/6049606
2026-09-01,에이치덱스,6049734,박스 레이어 매쉬 슬리브리스 (Navy),0.0,0,42750,42750,42750,0,0,0.0,77.59,0,low,24.08,4,1,6,https://www.musinsa.com/products/6049734
2026-09-01,썸웨어버터,6049990,Rosh Deep V-Neck Knit - Grey,0.0,0,71200,71200,71200,0,0,0.0,52.75,0,low,23.51,5,1,6,https://www.musinsa.com/products/6049990
2026-09-01,르아브,6050630,프랭크 더블 레이어드 브이넥 니트(네이비/그레이),0.54,37329,69300,69300,69300,0,0,0.0,52.76,0,low,23.51,5,1,6,https://www.musinsa.com/products/6050630
2026-09-01,커버낫,6054342,[수빈 착용] 링사 버뮤다 데님 쇼츠 블랙,0.0,0,64080,64080,71200,1,-7120,-10.0,40.58,0,low,24.09,4,1,6,https://www.musinsa.com/products/6054342
2026-09-01,커버낫,6054470,플래그 그래픽 피그먼트 맨투맨 블루,0.0,0,62370,62370,69300,1,-6930,-10.0,40.58,0,low,24.09,4,1,6,https://www.musinsa.com/products/6054470
2026-09-01,시눈,6056070,Button Up Volume Jumper (White),0.0,0,158420,158420,158420,0,0,0.0,65.23,0,low,24.1,4,1,6,https://www.musinsa.com/products/6056070
2026-09-01,브라운브레스,6058374,TAG TEE - GREY,0.0,0,45000,45000,38250,1,6750,17.65,26.8,0,low,24.01,5,1,6,https://www.musinsa.com/products/6058374
2026-09-01,제로,6058950,신치 백 워시드 오버 커브드 데님 팬츠 [블루],0.0,0,49000,49000,49000,0,0,0.0,65.23,0,low,24.1,4,1,6,https://www.musinsa.com/products/6058950
2026-09-01,세터,6060934,포인트 스티치 크로셰 니트 집업 그린,0.0,0,179000,179000,179000,0,0,0.0,65.24,0,low,24.1,4,1,6,https://www.musinsa.com/products/6060934
2026-09-01,세터,6061062,[라이즈 PICK] 썬 레트로 신세틱 터키석 목걸이 실버,0.0,0,69000,69000,69000,0,0,0.0,65.24,0,low,24.1,4,1,6,https://www.musinsa.com/products/6061062
2026-09-01,어나더 오피스,6066566,Modern N-3B Coat (German-Khaki),0.0,0,378000,378000,378000,0,0,0.0,100.0,1,high,24.09,5,2,6,https://www.musinsa.com/products/6066566
2026-09-01,플리즈노팔로우,6067782,Ran distressed cap (Grey),0.0,0,57800,57800,57800,0,0,0.0,100.0,1,high,24.09,5,2,6,https://www.musinsa.com/products/6067782
2026-09-01,플리즈노팔로우,6067846,Halo Unbal Shirring Long Sleeve Top (Black),0.0,0,63200,63200,63200,0,0,0.0,100.0,1,high,24.09,5,2,6,https://www.musinsa.com/products/6067846
2026-09-01,더바이닐하우스,6075398,ROUGH DRAWING LS TEE OLIVE,0.0,0,40880,40880,58400,1,-17520,-30.0,40.6,0,low,24.09,4,1,6,https://www.musinsa.com/products/6075398
2026-09-01,바우로 프로덕트,6079174,울 플루이드 니트티 [라이트그레이],0.0,0,49900,49900,49900,0,0,0.0,77.6,0,low,24.08,4,1,6,https://www.musinsa.com/products/6079174
2026-09-01,유니폼브릿지,6081670,AE nylon utility vest light grey,0.0,0,89500,89500,89500,0,0,0.0,100.0,1,high,24.09,5,2,6,https://www.musinsa.com/products/6081670
2026-09-01,르아브,6084678,뫼비우스 레이어드 925 실버 링 X 탄고재,0.0,0,97300,97300,97300,0,0,0.0,52.78,0,low,23.51,5,1,6,https://www.musinsa.com/products/6084678
2026-09-01,디스이즈네버댓,6087238,T.N.T. Classic HDP Cargo Sweatpant Camo,0.0,0,73500,73500,73500,0,0,0.0,40.61,0,low,24.09,4,1,6,https://www.musinsa.com/products/6087238
2026-09-01,디스이즈네버댓,6087302,T.N.T. Classic HDP L/S Tee Black,0.0,0,55200,55200,55200,0,0,0.0,40.62,0,low,24.09,4,1,6,https://www.musinsa.com/products/6087302
2026-09-01,무센트,6088326,프렐루드 아일렛 포인트 밴딩 부츠컷 팬츠,0.0,0,67130,67130,95900,1,-28770,-30.0,40.62,0,low,24.09,4,1,6,https://www.musinsa.com/products/6088326
2026-09-01,무센트,6090886,모션 스트라이프 버튼 밴딩 쇼츠,0.0,0,32130,32130,45900,1,-13770,-30.0,40.62,0,low,24.09,4,1,6,https://www.musinsa.com/products/6090886
2026-09-01,마인드브릿지,6091142,[ON]멀티 스트라이프 오버핏 긴팔 셔츠,0.0,0,49900,49900,49900,0,0,0.0,90.14,0,low,24.08,4,1,6,https://www.musinsa.com/products/6091142
2026-09-01,코드그라피,6091974,(우먼) 디스트로이드 데님 미니 스커트-워싱 블루,0.0,0,89100,89100,89100,0,0,0.0,77.6,0,low,24.08,4,1,6,https://www.musinsa.com/products/6091974
2026-09-01,코드그라피,6092038,[2PACK] 스몰 스퀘어 로고 반소매 티셔츠,0.0,0,34300,34300,34300,0,0,0.0,77.6,0,low,9.04,11,5,6,https://www.musinsa.com/products/6092038
2026-09-01,배드블러드,6092934,Shield-M Semi-Curved Fit Joggers - Black,7.6,949255,124911,125100,112590,1,12510,11.11,100.0,1,medium,24.0,8,5,6,https://www.musinsa.com/products/6092934
2026-09-01,르바,6095238,Sheer Stripe Over-Shirt - Sky Blue Stripe,0.0,0,116100,116100,90300,1,25800,28.57,77.61,0,low,24.08,4,1,6,https://www.musinsa.com/products/6095238
2026-09-01,트립르센스,6100870,시드 스톤 앤 펄 브레이슬릿_블랙 옵시디언,0.0,0,38400,38400,38400,0,0,0.0,52.79,0,low,23.5,5,1,6,https://www.musinsa.com/products/6100870
2026-09-01,제이엘브,6102726,머슬핏 라이트 니트 숏슬리브,0.0,0,35600,35600,35600,0,0,0.0,52.8,0,low,23.51,5,1,6,https://www.musinsa.com/products/6102726
2026-09-01,마인드브릿지,6103238,두굿_소로나 쿨 터치 카라 티셔츠 - 2color,0.0,0,39900,39900,39900,0,0,0.0,90.14,0,low,24.08,4,1,6,https://www.musinsa.com/products/6103238
2026-09-01,마인드브릿지,6103366,루즈핏 풀 밴딩 치노 하프 팬츠 - 5color,0.0,0,28070,28070,27910,1,160,0.57,90.15,0,low,24.08,4,1,6,https://www.musinsa.com/products/6103366
2026-09-01,썬러브투어,6103558,Staccato Cap Brown Star,0.0,0,48300,48300,48300,0,0,0.0,26.82,0,low,24.01,5,1,6,https://www.musinsa.com/products/6103558
2026-09-01,키뮤어,6104838,비즈 체인 키링_블랙,0.0,0,17100,17100,17100,0,0,0.0,100.0,1,high,24.09,5,2,6,https://www.musinsa.com/products/6104838
2026-09-01,트립르센스,6106374,[4타입]커스텀 메이드 싱글 셋업 수트_네이비,0.0,0,234900,234900,234900,0,0,0.0,52.8,0,low,23.51,5,1,6,https://www.musinsa.com/products/6106374
2026-09-01,그루브라임,6107206,블록코어 절개 배색 반팔 티셔츠 (2COLOR) (LRTMCTR111M ),0.0,0,14800,14800,14800,0,0,0.0,26.83,0,low,24.01,5,1,6,https://www.musinsa.com/products/6107206
2026-09-01,키르시,6108038,키르시 멜로우 룸 슬리퍼 [다크 레드],0.0,0,26520,26520,31200,1,-4680,-15.0,40.63,0,low,24.09,4,1,6,https://www.musinsa.com/products/6108038
2026-09-01,키르시,6108102,키르시 멜로우 롱 파자마 세트 [라이트 핑크],0.0,0,71200,71200,71200,0,0,0.0,40.63,0,low,24.09,4,1,6,https://www.musinsa.com/products/6108102
2026-09-01,디미트리블랙,6110854,[10주년기획] ©모두의 세미 크롭 체크 셔츠_6 COLOR,8.01,229097,28607,29900,26900,1,3000,11.15,100.0,1,medium,9.87,19,6,6,https://www.musinsa.com/products/6110854
2026-09-01,마인드브릿지 우먼,6112326,[ON][W]U넥 슬림핏 데일리 반팔 티셔츠 - 3color,0.0,0,29900,29900,19900,1,10000,50.25,65.27,0,low,24.1,4,1,6,https://www.musinsa.com/products/6112326
2026-09-01,브라운브레스,6116294,STRIPE CROP TAG TEE - BURGUNDY,0.0,0,55000,55000,55000,0,0,0.0,26.83,0,low,24.01,5,1,6,https://www.musinsa.com/products/6116294
2026-09-01,커버낫,6125638,워크 나일론 쇼츠 차콜,0.0,0,64080,64080,71200,1,-7120,-10.0,40.64,0,low,24.09,4,1,6,https://www.musinsa.com/products/6125638
2026-09-01,오퍼스 0012,6128454,Op. 03 OMEN VELVET DENIM JACKET BURGUNDY,0.0,0,197100,197100,197100,0,0,0.0,100.0,1,high,24.09,5,2,6,https://www.musinsa.com/products/6128454
2026-09-01,넌블랭크,6131590,블렌디드 체크 LS 셔츠_CHERRY PINK,0.0,0,103920,103920,103920,0,0,0.0,52.81,0,low,23.51,5,1,6,https://www.musinsa.com/products/6131590
2026-09-01,세터,6131910,네트 시트론 반팔 티셔츠 민트,0.0,0,69000,69000,69000,0,0,0.0,65.27,0,low,24.1,4,1,6,https://www.musinsa.com/products/6131910
2026-09-01,넌블랭크,6132038,윈도우 체크 크롭 버튼다운 LS 셔츠_TAN,0.0,0,87920,87920,87920,0,0,0.0,52.81,0,low,23.51,5,1,6,https://www.musinsa.com/products/6132038
2026-09-01,넌블랭크,6132550,옥스포드 크롭 LS 셔츠_WHITE,0.0,0,127920,127920,127920,0,0,0.0,52.81,0,low,23.51,5,1,6,https://www.musinsa.com/products/6132550
2026-09-01,낫포너드,6136198,W Dream Trace Henley Neck Long Sleeve - Grey,0.0,0,39420,39420,39420,0,0,0.0,77.62,0,low,24.08,4,1,6,https://www.musinsa.com/products/6136198
2026-09-01,오헤시오,6141382,"BASIC STANDARD T-SHIRT, BLACK",0.0,0,40850,40850,30960,1,9890,31.94,26.83,0,low,24.01,5,1,6,https://www.musinsa.com/products/6141382
2026-09-01,일리고,6148678,129 로고 패치 보트넥 맨투맨 네이비,0.0,0,72000,72000,72000,0,0,0.0,90.17,0,low,24.08,4,1,6,https://www.musinsa.com/products/6148678
2026-09-01,오헤시오,6152326,"BACK BUTTON SHIRRING T-SHIRT, IVORY",0.0,0,56050,56050,42480,1,13570,31.94,26.84,0,low,24.01,5,1,6,https://www.musinsa.com/products/6152326
2026-09-01,오헤시오,6153734,"COWL NECK HOODED TEE, CHARCOAL",0.0,0,79800,79800,60480,1,19320,31.94,26.84,0,low,24.01,5,1,6,https://www.musinsa.com/products/6153734
2026-09-01,르아르,6156294,90s 빈티지핏 피그먼트 티셔츠 [레몬],2.05,55219,26900,26900,26900,0,0,0.0,100.0,1,low,48.11,7,2,6,https://www.musinsa.com/products/6156294
2026-09-01,오헤시오,6161350,"DOT SHEER POINT SCARF, NAVY",0.0,0,34200,34200,25920,1,8280,31.94,26.84,0,low,24.01,5,1,6,https://www.musinsa.com/products/6161350
2026-09-01,아모우,6164294,13 Cat Half T-Shirts Ivory,0.0,0,31200,31200,36400,1,-5200,-14.29,100.0,1,medium,24.09,5,2,6,https://www.musinsa.com/products/6164294
2026-09-01,999휴머니티,6172934,리브드 로고 슬리브리스 (블랙),0.0,0,39000,39000,39000,0,0,0.0,65.3,0,low,24.1,4,1,6,https://www.musinsa.com/products/6172934
2026-09-01,아틀리에 나인,6174342,SCOOP NECK EYELET STRIPE SLEEVELESS (T-7218),0.0,0,36000,36000,40500,1,-4500,-11.11,65.31,0,low,24.1,4,1,6,https://www.musinsa.com/products/6174342
2026-09-01,제멋,6175814,보이 크롭 U넥 반팔티셔츠 토프차콜 KJST2691,0.0,0,21900,21900,21900,0,0,0.0,100.0,1,high,24.09,5,2,6,https://www.musinsa.com/products/6175814
2026-09-01,그루브라임,6176326,롱비치 그래픽 반팔 티셔츠 (LRSMCTR705M),0.0,0,13800,13800,13800,0,0,0.0,26.84,0,low,24.01,5,1,6,https://www.musinsa.com/products/6176326
2026-09-01,더바이닐하우스,6178630,LACE LAYERED ONE-PIECE (W) GREY,0.0,0,44240,44240,63200,1,-18960,-30.0,40.66,0,low,24.09,4,1,6,https://www.musinsa.com/products/6178630
2026-09-01,락피쉬웨더웨어,6182534,[UV차단] SHADE PATCHWORK UMBRELLA SHORT - 4 colors,0.0,0,42300,42300,42300,0,0,0.0,77.63,0,low,24.08,4,1,6,https://www.musinsa.com/products/6182534
2026-09-01,론론,6185350,SHIRRING MINI POCKET LONG SLEEVE T SHIRT CHARCOAL,0.0,0,53460,53460,47520,1,5940,12.5,100.0,1,medium,24.09,5,2,6,https://www.musinsa.com/products/6185350
2026-09-01,썬러브투어,6186182,Oxford Club Cap Pink,0.0,0,41300,41300,29500,1,11800,40.0,26.86,0,low,24.01,5,1,6,https://www.musinsa.com/products/6186182
2026-09-01,비터셀즈,6189702,밀리 스트라이프 카라 니트-핑크,0.0,0,62100,62100,62100,0,0,0.0,90.21,0,low,24.08,4,1,6,https://www.musinsa.com/products/6189702
2026-09-01,비터셀즈,6192646,에센셜 홀터넥 슬리브리스-올리브,0.9,21120,23490,23490,23490,0,0,0.0,90.21,0,low,24.08,4,1,6,https://www.musinsa.com/products/6192646
2026-09-01,칙스,6199238,아일렛 포켓 버뮤다 스웻팬츠 멜란지,0.0,0,48900,48900,39120,1,9780,25.0,100.0,1,medium,24.09,5,2,6,https://www.musinsa.com/products/6199238
2026-09-01,세터,6201030,로턴 콘트라스트 볼링 백 블랙,0.0,0,129000,129000,129000,0,0,0.0,65.31,0,low,24.1,4,1,6,https://www.musinsa.com/products/6201030
2026-09-01,세터,6201670,나일론 빅 더플 백 네이비,0.0,0,209000,209000,209000,0,0,0.0,65.31,0,low,24.1,4,1,6,https://www.musinsa.com/products/6201670
2026-09-01,세터,6202246,배럴 미니 파우치 키링 라이트 핑크,0.0,0,39000,39000,39000,0,0,0.0,65.32,0,low,24.1,4,1,6,https://www.musinsa.com/products/6202246
2026-09-01,아웃스탠딩,6202310,[LOONEY TUNES] HALF SLEEVE TEE(WORLD CHAMPS)_1%MELANGE GRAY,0.0,0,38700,38700,34400,1,4300,12.5,100.0,1,medium,24.09,5,2,6,https://www.musinsa.com/products/6202310
2026-09-01,세터,6203910,(W) 롤업 하프 셔츠 크림,0.0,0,109000,109000,109000,0,0,0.0,65.32,0,low,24.1,4,1,6,https://www.musinsa.com/products/6203910
2026-09-01,스컬프터,6204358,Lazy Sleeveless Layered Tee Pale Gray,0.29,18160,62100,49680,62100,1,-12420,-20.0,100.0,1,medium,24.09,5,2,6,https://www.musinsa.com/products/6204358
2026-09-01,배드블러드,6205318,H.B.B. Short Sleeve T-Shirt – Charcoal,0.0,0,67150,67150,63990,1,3160,4.94,100.0,1,medium,24.09,5,2,6,https://www.musinsa.com/products/6205318
2026-09-01,배드블러드,6205382,H.B.B. Waffle Boat Neck T-Shirt – Black,0.0,0,63200,63200,60440,1,2760,4.57,100.0,1,medium,24.09,5,2,6,https://www.musinsa.com/products/6205382
2026-09-01,미세키서울 맨,6206150,Darted stripe short sleeve GREY,0.0,0,57800,57800,47600,1,10200,21.43,65.32,0,low,24.1,4,1,6,https://www.musinsa.com/products/6206150
2026-09-01,코드그라피,6207558,(우먼) 스몰 스퀘어 자수 로고 링거 반소매 티셔츠-멜란지 그레이,0.0,0,44100,44100,44100,0,0,0.0,77.64,0,low,24.08,4,1,6,https://www.musinsa.com/products/6207558
2026-09-01,코드그라피,6207622,라운드 C.GRAPHY 피그먼트 빅오버핏 반소매 티셔츠-코랄,0.0,0,44100,44100,44100,0,0,0.0,77.64,0,low,24.08,4,1,6,https://www.musinsa.com/products/6207622
2026-09-01,세터,6208070,(W) 아페로 스트라이프 피케 반팔 티셔츠 네이비,0.0,0,99000,99000,99000,0,0,0.0,65.32,0,low,24.1,4,1,6,https://www.musinsa.com/products/6208070
2026-09-01,스컬프터,6208326,Belle Ribbon Garter Black,0.0,0,31680,31680,39600,1,-7920,-20.0,100.0,1,medium,24.09,5,2,6,https://www.musinsa.com/products/6208326
2026-09-01,스컬프터,6208390,Studded Bermuda Pants Acid Pink,0.0,0,88320,88320,110400,1,-22080,-20.0,100.0,1,medium,24.09,5,2,6,https://www.musinsa.com/products/6208390
2026-09-01,세터,6208838,오픈 칼라 하프 데님 셔츠 라이트 블루,0.0,0,109000,109000,109000,0,0,0.0,65.32,0,low,24.1,4,1,6,https://www.musinsa.com/products/6208838
2026-09-01,스컬프터,6209222,Dot Lace Halter Top Khaki,0.0,0,46080,46080,57600,1,-11520,-20.0,100.0,1,medium,24.09,5,2,6,https://www.musinsa.com/products/6209222
2026-09-01,스컬프터,6209798,Sinner Wallet Metallic Ivory,1.74,245406,140814,127440,159300,1,-31860,-20.0,100.0,1,medium,24.0,11,6,6,https://www.musinsa.com/products/6209798
2026-09-01,스컬프터,6210310,Chain Terry Shorts Acid Pink,0.0,0,73600,73600,92000,1,-18400,-20.0,100.0,1,medium,24.09,5,2,6,https://www.musinsa.com/products/6210310
2026-09-01,스컬프터,6211078,Summer Mart Bag Black,0.85,17964,21120,21120,26400,1,-5280,-20.0,100.0,1,medium,24.09,5,2,6,https://www.musinsa.com/products/6211078
2026-09-01,에이치덱스,6212422,어시스트 파이브 토 삭스 2 color,5.42,61753,11400,11400,11400,0,0,0.0,100.0,1,high,24.08,6,2,6,https://www.musinsa.com/products/6212422
2026-09-01,틸아이다이,6213254,Embroidered cotton half shirt [TISU05SH07]_Cream,0.0,0,96100,96100,96100,0,0,0.0,100.0,1,high,24.09,5,2,6,https://www.musinsa.com/products/6213254
2026-09-01,언탭트 스튜디오,6214086,유니버스 크랙 레터링 피그먼트 오버핏 반팔 티셔츠 5COLOR,0.0,0,22550,22550,28700,1,-6150,-21.43,52.84,0,low,23.51,5,1,6,https://www.musinsa.com/products/6214086
2026-09-01,파브레가,6218438,플루이드 코어 네크리스,0.0,0,59400,59400,59400,0,0,0.0,77.64,0,low,24.08,4,1,6,https://www.musinsa.com/products/6218438
2026-09-01,론론,6218694,DOUBLE BUTTON PUFF SLEEVE JACKET WHITE,3.89,269688,69300,69300,79200,1,-9900,-12.5,100.0,1,medium,24.09,5,2,6,https://www.musinsa.com/products/6218694
2026-09-01,트래블,6219014,캘리그라피 피그먼트 반팔티  크림,0.0,0,20300,20300,25800,1,-5500,-21.32,26.86,0,low,24.01,5,1,6,https://www.musinsa.com/products/6219014
2026-09-01,디스이즈네버댓,6219270,Relaxed Denim Short Navy,0.0,0,83300,83300,83300,0,0,0.0,40.67,0,low,24.09,4,1,6,https://www.musinsa.com/products/6219270
2026-09-01,카키포인트,6220358,Utility Mini Skirt (black),0.54,43471,80920,91040,80920,1,10120,12.51,26.87,0,low,24.01,7,1,6,https://www.musinsa.com/products/6220358
2026-09-01,락케이크,6221638,Slogan Washing Ball Cap - Ivory,0.54,18373,34200,42750,34200,1,8550,25.0,26.87,0,low,24.01,5,1,6,https://www.musinsa.com/products/6221638
2026-09-01,락케이크,6221766,Layer Cut Shorts - Charcoal,0.0,0,58740,58740,58740,0,0,0.0,26.87,0,low,24.01,5,1,6,https://www.musinsa.com/products/6221766
2026-09-01,디앤에스알,6221830,레이어드 브이넥 하프 티셔츠 그레이/레드,0.0,0,39600,39600,39600,0,0,0.0,65.33,0,low,24.1,4,1,6,https://www.musinsa.com/products/6221830
2026-09-01,아캄,6226566,AKM Horse Half Top (White),9.03,498398,55200,55200,55200,0,0,0.0,100.0,1,high,9.55,20,5,6,https://www.musinsa.com/products/6226566
2026-09-01,스켈리웩,6229446,[류정란 × 스켈리웩] HORSE 필박스 캡[블랙],2.01,77314,38384,39900,29900,1,10000,33.44,100.0,1,medium,10.18,20,6,6,https://www.musinsa.com/products/6229446
2026-09-01,니티드,6235910,코튼 크롭 티셔츠 GREY,0.0,0,17820,17820,17820,0,0,0.0,77.66,0,low,24.08,4,1,6,https://www.musinsa.com/products/6235910
2026-09-01,니티드,6236102,코튼 크롭 티셔츠 BLACK,0.0,0,17820,17820,17820,0,0,0.0,77.66,0,low,24.08,4,1,6,https://www.musinsa.com/products/6236102
2026-09-01,커버낫,6243782,라이트 웨이트 샤코슈백 네이비,0.0,0,39690,39690,39200,1,490,1.25,40.69,0,low,24.09,4,1,6,https://www.musinsa.com/products/6243782
2026-09-01,제멋,6246214,카치온 D링 버뮤다 팬츠 차콜 KJSP2701,0.0,0,27900,27900,27900,0,0,0.0,100.0,1,high,24.09,5,2,6,https://www.musinsa.com/products/6246214
2026-09-01,세컨모놀로그,6247110,Washed Low-Rise Cargo Pant [TAUPE]_SEWPT014TAUPE,0.0,0,75200,75200,75200,0,0,0.0,40.69,0,low,24.09,6,1,6,https://www.musinsa.com/products/6247110
2026-09-01,아웃스탠딩,6253638,MOT SERIES TEE(DIRT MOTORCYCLE)_CHARCOAL,1.0,37951,38068,38700,34400,1,4300,12.5,100.0,1,medium,24.09,5,2,6,https://www.musinsa.com/products/6253638
2026-09-01,미세키서울,6253958,Diagonal strap bootcut pants BLACK,2.7,407879,151200,151200,151200,0,0,0.0,100.0,1,high,24.08,6,2,6,https://www.musinsa.com/products/6253958
2026-09-01,바이젝,6254342,벌크 헤비메쉬 82 숏슬리브_3 Color,0.41,25549,63000,42000,63000,1,-21000,-33.33,40.7,0,low,24.09,4,1,6,https://www.musinsa.com/products/6254342
2026-09-01,룩캐스트,6255942,캐롤라인 라운디드 슬리브 미디 드레스_크림 / CAROLINE ROUNDED SLEEVE MIDI DRESS_CREAM,0.0,0,78370,78370,78370,0,0,0.0,90.22,0,low,24.08,4,1,6,https://www.musinsa.com/products/6255942
2026-09-01,헬레네파리스,6262086,[세트상품] 사이드 스트링 레드 스타 오버핏 하프 티셔츠 [아이보리-그레이 스트라이프],0.0,0,52800,52800,52800,0,0,0.0,100.0,1,high,24.09,5,2,6,https://www.musinsa.com/products/6262086
2026-09-01,디스이즈네버댓,6262598,Jogging Short Grey,0.0,0,62300,62300,62300,0,0,0.0,40.7,0,low,24.09,4,1,6,https://www.musinsa.com/products/6262598
2026-09-01,브라운브레스,6266054,STAMP TAG TEE - WHITE,0.81,29051,36000,45000,36000,1,9000,25.0,100.0,1,medium,24.01,14,4,6,https://www.musinsa.com/products/6266054
2026-09-01,아틀리에 나인,6269062,COTTON SLIM SHIRRING BLOUSE (BL-4408),0.0,0,87200,87200,98100,1,-10900,-11.11,65.35,0,low,24.1,4,1,6,https://www.musinsa.com/products/6269062
2026-09-01,르아르,6270534,에센셜 리브드 슬리브리스 [화이트],0.0,0,19900,19900,19900,0,0,0.0,65.35,0,low,24.1,7,1,6,https://www.musinsa.com/products/6270534
2026-09-01,트릴리온,6270854,커브드 절개 데님 버뮤다 쇼츠_노말 블랙,0.0,0,29300,29300,29300,0,0,0.0,90.24,0,low,24.08,4,1,6,https://www.musinsa.com/products/6270854
2026-09-01,던스트,6271366,UNISEX STRIPED POLO KNIT_UDSW6B127_WHITE / SOFT BLUE,0.0,0,61040,61040,61040,0,0,0.0,52.86,0,low,23.51,5,1,6,https://www.musinsa.com/products/6271366
2026-09-01,몽돌,6274630,[SET] 골지 홀터넥 나시 & 반팔 니트 그레이 MDKT129GRAY,0.0,0,37950,37950,41400,1,-3450,-8.33,100.0,1,medium,24.09,5,2,6,https://www.musinsa.com/products/6274630
2026-09-01,유니폼브릿지,6275078,002 regular denim pants 12oz indigo blue,0.0,0,97300,97300,97300,0,0,0.0,100.0,1,high,24.09,5,2,6,https://www.musinsa.com/products/6275078
2026-09-01,드로우핏 우먼,6275334,브리즈 니트 가디건 [L.BLUE],0.0,0,59400,59400,59400,0,0,0.0,26.91,0,low,24.01,5,1,6,https://www.musinsa.com/products/6275334
2026-09-01,던스트,6275782,SHIRRING SLEEVELESS BLOUSE_UDBL6B228_IVORY,0.0,0,49840,49840,49840,0,0,0.0,52.88,0,low,23.51,5,1,6,https://www.musinsa.com/products/6275782
2026-09-01,미세키서울,6277318,[미세키서울X여밈] Stud belted midi skirt CHARCOAL,0.0,0,178200,178200,178200,0,0,0.0,90.24,0,low,24.08,4,1,6,https://www.musinsa.com/products/6277318
2026-09-01,미세키서울 맨,6279302,Basic layered sleeveless GREY,0.0,0,32300,32300,32300,0,0,0.0,65.36,0,low,24.1,4,1,6,https://www.musinsa.com/products/6279302
2026-09-01,세터,6289350,(W) 수피마 베이직 크루넥 반팔 티셔츠 블랙,0.65,31895,49000,49000,49000,0,0,0.0,65.37,0,low,24.1,4,1,6,https://www.musinsa.com/products/6289350
2026-09-01,디앤에스알,6294150,(W) 레이어드 헨리넥 롱슬리브 올리브,0.0,0,49500,49500,49500,0,0,0.0,65.37,0,low,24.1,4,1,6,https://www.musinsa.com/products/6294150
2026-09-01,드로우핏,6298822,카이든 젬스톤 브레이슬릿 [BROWN],0.0,0,27000,27000,27000,0,0,0.0,77.67,0,low,24.08,4,1,6,https://www.musinsa.com/products/6298822
2026-09-01,썸웨어버터,6300230,Mini Post Bag - Cream,0.0,0,103200,103200,90300,1,12900,14.29,52.89,0,low,23.51,5,1,6,https://www.musinsa.com/products/6300230
2026-09-01,꼼파뇨,6301254,퍼피 팝 러브 반팔티 화이트,0.0,0,28610,28610,28610,0,0,0.0,90.25,0,low,24.08,4,1,6,https://www.musinsa.com/products/6301254
2026-09-01,바이모노,6304966,모노 백투더COOL 하이퀼리티 반팔티,0.0,0,24900,24900,24900,0,0,0.0,40.72,0,low,24.09,4,1,6,https://www.musinsa.com/products/6304966
2026-09-01,비터셀즈,6305414,코린 펀칭 레이스 팬츠-아이보리,0.0,0,62100,62100,62100,0,0,0.0,90.25,0,low,24.08,4,1,6,https://www.musinsa.com/products/6305414
2026-09-01,락피쉬웨더웨어,6307206,BUSTIER TOP - 4 colors,0.0,0,35100,35100,35100,0,0,0.0,77.67,0,low,24.08,4,1,6,https://www.musinsa.com/products/6307206
2026-09-01,해칭룸,6307398,Layer Base Hoodie M.Grey,0.0,0,93000,93000,93000,0,0,0.0,90.25,0,low,24.08,4,1,6,https://www.musinsa.com/products/6307398
2026-09-01,트릴리온,6307590,크랙 그래픽 피그먼트 반팔 티셔츠_4color,0.0,0,29800,29800,29800,0,0,0.0,90.25,0,low,24.08,4,1,6,https://www.musinsa.com/products/6307590
2026-09-01,러브이즈트루,6310662,SY CRYSTAL FOLDING PANTS(GRAY),0.0,0,84320,84320,84320,0,0,0.0,52.9,0,low,23.51,5,1,6,https://www.musinsa.com/products/6310662
2026-09-01,더뮤지엄비지터,6312454,W BONDAGE CHECK FLARE SKIRT (BEIGE),0.0,0,103350,103350,103350,0,0,0.0,100.0,1,high,24.09,5,2,6,https://www.musinsa.com/products/6312454
2026-09-01,더뮤지엄비지터,6312518,W BACK STRING LAYERED SHIRT (CHECK),0.0,0,82240,82240,82240,0,0,0.0,100.0,1,high,24.09,5,2,6,https://www.musinsa.com/products/6312518
2026-09-01,드로우핏 우먼,6313670,베이 헨리넥 반팔 티셔츠 [WHITE],0.0,0,39600,39600,39600,0,0,0.0,26.92,0,low,24.01,5,1,6,https://www.musinsa.com/products/6313670
2026-09-01,솔트앤초콜릿,6315014,르넨 셔링 플랫 412615006 (0.5cm),0.0,0,49840,49840,63190,1,-13350,-21.13,100.0,1,medium,24.09,5,2,6,https://www.musinsa.com/products/6315014
2026-09-01,밀로 아카이브,6315206,러닝 독스 티셔츠 [멜란지 그레이],0.0,0,44000,44000,49500,1,-5500,-11.11,52.91,0,low,23.51,5,1,6,https://www.musinsa.com/products/6315206
2026-09-01,다이브인,6315974,STRAIGHT TURN-UP COTTON CHINO (BLACK),0.0,0,87200,87200,109000,1,-21800,-20.0,40.72,0,low,24.09,4,1,6,https://www.musinsa.com/products/6315974
2026-09-01,본투윈,6318406,W BRN FLAG T-SHIRTS [BLACK],0.15,8081,55000,55000,55000,0,0,0.0,100.0,1,high,24.09,5,2,6,https://www.musinsa.com/products/6318406
2026-09-01,로제프란츠,6319302,Vintage Floral Frame T-shirt [White],0.0,0,33600,33600,29400,1,4200,14.29,77.68,0,low,24.08,4,1,6,https://www.musinsa.com/products/6319302
2026-09-01,드헤베,6319878,Basic Waffle T-Shirt [Gray],0.0,0,43700,43700,43700,0,0,0.0,77.68,0,low,24.08,4,1,6,https://www.musinsa.com/products/6319878
2026-09-01,본투윈,6320710,BORNTOWIN ARCH LOGO T-SHIRTS [BLACK],0.29,17341,59000,59000,59000,0,0,0.0,100.0,1,high,24.09,5,2,6,https://www.musinsa.com/products/6320710
2026-09-01,워크온바디오프,6320902,이지온 세미 오버핏 스트라이프 라운드넥 반팔 니트 [블랙],0.0,0,26910,26910,29900,1,-2990,-10.0,40.73,0,low,24.09,4,1,6,https://www.musinsa.com/products/6320902
2026-09-01,에스피오나지,6328710,Washed CN Outdoor Shirt Black,0.0,0,88200,88200,88200,0,0,0.0,100.0,1,high,24.09,5,2,6,https://www.musinsa.com/products/6328710
2026-09-01,테이크이지,6332486,7수 코튼 버뮤다 팬츠 (블랙),0.0,0,24500,24500,24500,0,0,0.0,40.73,0,low,24.09,4,1,6,https://www.musinsa.com/products/6332486
2026-09-01,룩캐스트,6337734,다니엘 베이직 브이넥 슬리브리스 니트 / DANIEL BASIC V-NECK SLEEVELESS KNIT_3colors,0.0,0,22320,22320,22320,0,0,0.0,90.25,0,low,24.08,4,1,6,https://www.musinsa.com/products/6337734
2026-09-01,인사일런스 우먼,6339782,린넨 코튼 레이어드 원피스 CHARCOAL,0.0,0,115900,115900,115900,0,0,0.0,100.0,1,high,24.09,5,2,6,https://www.musinsa.com/products/6339782
2026-09-01,트리밍버드,6341830,Minimal Sleek Chain Necklace [ Silver ],0.0,0,119000,119000,119000,0,0,0.0,100.0,1,high,24.09,5,2,6,https://www.musinsa.com/products/6341830
2026-09-01,트리밍버드,6341894,Draped High Neck Set-Up Sleeveless Top [ Black ],0.0,0,169000,169000,169000,0,0,0.0,100.0,1,high,24.09,5,2,6,https://www.musinsa.com/products/6341894
2026-09-01,해비즘,6351814,CHECK HENLEY NECK BLOUSE(RED),0.0,0,23600,23600,23600,0,0,0.0,52.92,0,low,23.51,5,1,6,https://www.musinsa.com/products/6351814
2026-09-01,필루미네이트,6352774,세미 크롭 멀티 스트라이프 티셔츠-브라운,0.0,0,32000,32000,32000,0,0,0.0,52.92,0,low,23.51,5,1,6,https://www.musinsa.com/products/6352774
2026-09-01,브룩스 브라더스,6355526,린넨 스트라이프 재킷 (베이지) (BBJSMMG203),0.0,0,799100,799100,719280,1,79820,11.1,52.92,0,low,23.51,5,1,6,https://www.musinsa.com/products/6355526
2026-09-01,링서울,6355846,linen sleeveless boat neck long flare dress-black,0.0,0,123370,123370,95950,1,27420,28.58,52.92,0,low,23.51,5,1,6,https://www.musinsa.com/products/6355846
2026-09-01,락피쉬웨더웨어,6356614,DRAWSTRING MESH SLEEVE - 2 colors,0.0,0,46800,46800,46800,0,0,0.0,77.7,0,low,24.08,4,1,6,https://www.musinsa.com/products/6356614
2026-09-01,시야쥬,6367494,SIA8045 클래식 드레이프 롱 원피스_Black,0.0,0,116100,116100,90300,1,25800,28.57,40.75,0,low,24.09,4,1,6,https://www.musinsa.com/products/6367494
2026-09-01,메인부스,6372806,[KISS] 반다나(블랙),0.0,0,23400,23400,23400,0,0,0.0,77.71,0,low,24.08,4,1,6,https://www.musinsa.com/products/6372806
2026-09-01,비헤비어,6380806,19XX GRAPHIC TUBLAR T-SHIRTS charcoal,0.0,0,74100,74100,74100,0,0,0.0,90.26,0,low,24.08,4,1,6,https://www.musinsa.com/products/6380806
2026-09-01,비헤비어,6381574,19XX ROPE TRUCKER CAP off white,0.0,0,69350,69350,69350,0,0,0.0,90.26,0,low,24.08,4,1,6,https://www.musinsa.com/products/6381574
2026-09-01,밀로 아카이브,6386438,텍스처 크롭 U넥 티셔츠 [블랙],0.0,0,38500,38500,49500,1,-11000,-22.22,52.94,0,low,23.51,5,1,6,https://www.musinsa.com/products/6386438
2026-09-01,디스이즈네버댓,6387846,Ink Trail Tee White,0.0,0,47200,47200,47200,0,0,0.0,40.76,0,low,24.09,4,1,6,https://www.musinsa.com/products/6387846
2026-09-01,후드후드,6390150,Girl Stress Nutrition 링거 반팔티셔츠 브라운,0.0,0,33750,33750,33750,0,0,0.0,77.71,0,low,24.08,4,1,6,https://www.musinsa.com/products/6390150
2026-09-01,틸아이다이,6393798,Tied drape blouse [TISU06BL06]_Cream,0.0,0,88020,88020,88020,0,0,0.0,100.0,1,high,24.09,5,2,6,https://www.musinsa.com/products/6393798
2026-09-01,파르티멘토 우먼,6394246,PWC 레이스 트림 투인원 슬리브리스 드레스 탑_브라운,0.0,0,35640,35640,27720,1,7920,28.57,90.27,0,low,24.08,4,1,6,https://www.musinsa.com/products/6394246
2026-09-01,파르티멘토 우먼,6394374,PWC 저지 올인원 미디 트라우저_9컬러,0.9,29473,32760,42120,32760,1,9360,28.57,90.27,0,low,24.08,4,1,6,https://www.musinsa.com/products/6394374
2026-09-01,시눈,6397766,Crochet Rose Knit Onepiece (Dark Navy),0.0,0,158420,158420,158420,0,0,0.0,65.41,0,low,24.1,4,1,6,https://www.musinsa.com/products/6397766
2026-09-01,에스피오나지,6400070,Textured Check Western S/S Shirt Beige,0.0,0,86800,86800,86800,0,0,0.0,100.0,1,high,24.09,5,2,6,https://www.musinsa.com/products/6400070
2026-09-01,알리스,6402502,리브드 스냅 헨리넥 슬리브리스 [3COLOR],0.0,0,28900,28900,30260,1,-1360,-4.49,90.27,0,low,24.08,4,1,6,https://www.musinsa.com/products/6402502
2026-09-01,바우로 프로덕트,6402886,브이넥 머슬 반팔 니트 [블랙],0.0,0,49900,49900,49900,0,0,0.0,77.72,0,low,24.08,4,1,6,https://www.musinsa.com/products/6402886
2026-09-01,니티드,6403206,(UNISEX) 피그먼트 팜트리 그래픽 티셔츠 WASHING GREEN,0.0,0,30780,30780,14220,1,16560,116.46,77.73,0,low,24.08,4,1,6,https://www.musinsa.com/products/6403206
2026-09-01,바우로 프로덕트,6403270,컷오프 코튼 하프 팬츠[베이지],0.0,0,99000,99000,99000,0,0,0.0,77.73,0,low,24.08,4,1,6,https://www.musinsa.com/products/6403270
2026-09-01,칙스,6405638,타탄 체크 밴딩 스웻 숏 팬츠 차콜,0.0,0,39900,39900,31920,1,7980,25.0,100.0,1,medium,24.09,5,2,6,https://www.musinsa.com/products/6405638
2026-09-01,노매뉴얼,6407238,NM PILLBOX BALL CAP - BLACK,0.0,0,41600,41600,41600,0,0,0.0,90.27,0,low,24.08,4,1,6,https://www.musinsa.com/products/6407238
2026-09-01,세터,6410118,[라이즈PICK] 크루넥 골지 슬리브리스 크림,0.0,0,59000,59000,59000,0,0,0.0,65.42,0,low,24.1,4,1,6,https://www.musinsa.com/products/6410118
2026-09-01,브라운브레스,6415302,W CUT OUT TEE - LAVENDER,0.0,0,55000,55000,55000,0,0,0.0,26.94,0,low,24.01,5,1,6,https://www.musinsa.com/products/6415302
2026-09-01,룩캐스트,6417414,엘바 스트랩 힐_블랙 / ELVA STRAP HEEL _BLACK,0.0,0,58020,58020,58020,0,0,0.0,90.28,0,low,24.08,4,1,6,https://www.musinsa.com/products/6417414
2026-09-01,룩캐스트,6417478,카밀 에이라인 미디 스커트_화이트 / CAMILLE A-LINE MIDI SKIRT_WHITE,0.0,0,69860,69860,69860,0,0,0.0,90.28,0,low,24.08,4,1,6,https://www.musinsa.com/products/6417478
2026-09-01,칙스,6421830,스트링 셔링 테크 팬츠 블랙,0.0,0,85900,85900,68720,1,17180,25.0,100.0,1,medium,24.09,5,2,6,https://www.musinsa.com/products/6421830
2026-09-01,바우프,6425094,셔링 플레어 티셔츠 [그레이],0.0,0,74800,74800,74800,0,0,0.0,77.74,0,low,24.08,4,1,6,https://www.musinsa.com/products/6425094
2026-09-01,아캄,6435398,Dino Patch Half Top (White),4.34,239417,55200,55200,55200,0,0,0.0,100.0,1,high,24.1,11,2,6,https://www.musinsa.com/products/6435398
2026-09-01,도프제이슨,6437318,컷오프 레이어드 슬럽 티셔츠 ECRU,1.0,37050,37050,37050,37050,0,0,0.0,52.97,0,low,6.73,11,3,6,https://www.musinsa.com/products/6437318
2026-09-01,오도어,6442246,Mellow fit dress - Purple,0.0,0,55600,55600,51700,1,3900,7.54,26.95,0,low,24.01,5,1,6,https://www.musinsa.com/products/6442246
2026-09-01,일리고,6455174,패턴 포인트 탑 도트 멜란지,0.0,0,42000,42000,42000,0,0,0.0,90.3,0,low,24.08,4,1,6,https://www.musinsa.com/products/6455174
2026-09-01,글로니,6457606,G WAFFLE BIKINI BOTTOM (NAVY),0.0,0,46980,46980,41760,1,5220,12.5,100.0,1,medium,24.09,5,2,6,https://www.musinsa.com/products/6457606
2026-09-01,헬레네파리스,6458310,[핫썸머] 쿨링 텐셀 프루츠 시스루 롱 슬리브 [샌드 베이지],0.0,0,41840,41840,41840,0,0,0.0,100.0,1,high,24.09,5,2,6,https://www.musinsa.com/products/6458310
2026-09-01,헬레네파리스,6458374,벨티드 바케트 백 [블랙],0.0,0,69600,69600,69600,0,0,0.0,100.0,1,high,24.09,5,2,6,https://www.musinsa.com/products/6458374
2026-09-01,세터,6459718,크로셰 칼라 하프 셔츠 블랙,0.0,0,129000,129000,129000,0,0,0.0,65.45,0,low,24.1,4,1,6,https://www.musinsa.com/products/6459718
2026-09-01,로제프란츠,6459974,Wrap V-neck sleeveless [Gray],0.0,0,27600,27600,24150,1,3450,14.29,77.75,0,low,24.08,4,1,6,https://www.musinsa.com/products/6459974
2026-09-01,미나브,6460294,레이어드 헨리넥 티셔츠 [그레이],0.27,11560,42900,39000,42900,1,-3900,-9.09,26.95,0,low,24.01,5,1,6,https://www.musinsa.com/products/6460294
2026-09-01,토피,6461382,클래식 옥스포드 워크 팬츠 (BLACK),10.48,395193,37709,37900,36900,1,1000,2.71,100.0,1,medium,10.1,21,7,6,https://www.musinsa.com/products/6461382
2026-09-01,유니온블루,6470022,WAFFLE HENLEY S/S T-SHIRT [GRAPHITE],1.85,83078,44996,44370,52200,1,-7830,-15.0,100.0,1,medium,24.09,5,2,6,https://www.musinsa.com/products/6470022
2026-09-01,유니온블루,6470086,WAFFLE HENLEY S/S T-SHIRT [MELANGE GRAY],0.0,0,44370,44370,52200,1,-7830,-15.0,100.0,1,medium,24.09,5,2,6,https://www.musinsa.com/products/6470086
2026-09-01,꼼파뇨,6471174,스윗 키티 피그먼트 링거티 고스트그레이,0.0,0,28610,28610,28610,0,0,0.0,90.3,0,low,24.08,4,1,6,https://www.musinsa.com/products/6471174
2026-09-01,배드블러드,6472774,커브드 로고 슬리브리스 후드 집업 - 레오파드 블랙,0.0,0,124100,124100,118260,1,5840,4.94,100.0,1,medium,24.09,5,2,6,https://www.musinsa.com/products/6472774
2026-09-01,파르티멘토 우먼,6473734,어시메트릭 레이스 트림 슬립 드레스_베이지,0.0,0,79380,79380,61740,1,17640,28.57,90.32,0,low,24.08,4,1,6,https://www.musinsa.com/products/6473734
2026-09-01,파르티멘토,6476102,스트라이프 로우 엣지 포켓 티 오프 화이트,0.0,0,39300,39300,35370,1,3930,11.11,40.8,0,low,24.09,4,1,6,https://www.musinsa.com/products/6476102
2026-09-01,바이모노,6477062,모노 멕시코 백프린팅 오버핏 반팔티,0.0,0,32220,32220,32220,0,0,0.0,40.81,0,low,24.09,4,1,6,https://www.musinsa.com/products/6477062
2026-09-01,일꼬르소,6478726,링클 웨이브 체크 반팔 셔츠 라이트 블루,0.0,0,46080,46080,51840,1,-5760,-11.11,40.81,0,low,24.09,4,1,6,https://www.musinsa.com/products/6478726
2026-09-01,이지노이지,6481990,레이어드 롤업 크롭 티셔츠 - 그레이,0.18,3629,19900,19900,19900,0,0,0.0,65.46,0,low,9.23,7,4,6,https://www.musinsa.com/products/6481990
2026-09-01,배드블러드,6482822,[AQUA] 다크 클래식2 크루넥 1/2 티셔츠 - 블랙,0.0,0,55200,55200,52790,1,2410,4.57,100.0,1,medium,24.09,5,2,6,https://www.musinsa.com/products/6482822
2026-09-01,1993스튜디오,6490374,레트로 멀티 타이포 오버핏 그래픽 티셔츠_블랙,0.0,0,29300,29300,39000,1,-9700,-24.87,40.81,0,low,24.09,4,1,6,https://www.musinsa.com/products/6490374
2026-09-01,제멋,6491910,[2PACK] 맨즈 크롭 실켓 반팔티셔츠 6종 KJST2709,1.09,46803,42900,42900,42900,0,0,0.0,100.0,1,high,24.09,7,2,6,https://www.musinsa.com/products/6491910
2026-09-01,로우클래식,6495750,Lc LOGO COTTON BAG_VINTAGE GREEN [LC267BA09GN],0.0,0,56050,56050,53100,1,2950,5.56,100.0,1,medium,24.09,5,2,6,https://www.musinsa.com/products/6495750
2026-09-01,로우클래식,6495814,Lc OFF-SHOULDER TEE_SAGE GREEN [LC262TS07GN],0.0,0,47010,47010,53720,1,-6710,-12.49,100.0,1,medium,24.09,5,2,6,https://www.musinsa.com/products/6495814
2026-09-01,르아르,6499206,에브리데이 버뮤다 데님 쇼츠 [카키],0.0,0,32500,32500,32500,0,0,0.0,65.46,0,low,48.11,3,1,6,https://www.musinsa.com/products/6499206
2026-09-01,르아르,6507910,카고 포켓 워시드 버뮤다 쇼츠 [빈티지블랙],0.0,0,39900,39900,39900,0,0,0.0,65.47,0,low,24.1,4,1,6,https://www.musinsa.com/products/6507910
2026-09-01,꼼파뇨,6518278,캣츠하트 체인 자수 반팔티 화이트,0.0,0,28610,28610,28610,0,0,0.0,90.32,0,low,24.08,4,1,6,https://www.musinsa.com/products/6518278
2026-09-01,유니온블루,6518982,SEMI CROP STRIPE HALF SHIRT [BLUE SAND],0.85,54350,63990,63990,75050,1,-11060,-14.74,100.0,1,medium,24.09,8,3,6,https://www.musinsa.com/products/6518982
2026-09-01,본투윈,6520454,SYMBOL B ESSENTIAL ACTIVE SHORTS [NAVY],0.0,0,59000,59000,59000,0,0,0.0,100.0,1,high,24.09,5,2,6,https://www.musinsa.com/products/6520454
2026-09-01,해칭룸,6529478,Lines Tee Blue,0.0,0,68000,68000,68000,0,0,0.0,90.32,0,low,24.08,4,1,6,https://www.musinsa.com/products/6529478
2026-09-01,밀로 아카이브,6543622,[MA X N/A] 프레자일 나일론 토트백 [블랙],0.0,0,89600,89600,102400,1,-12800,-12.5,53.0,0,low,23.51,5,1,6,https://www.musinsa.com/products/6543622
2026-09-01,썬러브투어,6544326,Legacy Ringer Tee Grey,0.0,0,76300,76300,76300,0,0,0.0,26.97,0,low,24.01,5,1,6,https://www.musinsa.com/products/6544326
2026-09-01,아캄,6554502,Napoleon Corded Half Top (Gray),3.47,191720,55200,55200,55200,0,0,0.0,100.0,1,high,24.1,8,2,6,https://www.musinsa.com/products/6554502
2026-09-01,언타이틀 서울,6561798,언타이틀 심볼 버뮤다 쇼츠 화이트,5.36,175764,32800,32800,32800,0,0,0.0,100.0,1,high,9.53,17,5,6,https://www.musinsa.com/products/6561798
2026-09-01,트래블,6564870,24루트 피그먼트 반팔티 블랙 차콜,0.0,0,20300,20300,25800,1,-5500,-21.32,26.97,0,low,24.01,5,1,6,https://www.musinsa.com/products/6564870
2026-09-01,탄산마그네슘,6582534,안녕자두야X탄산 자두 비니 (연보라),0.0,0,34200,34200,34200,0,0,0.0,65.48,0,low,24.1,4,1,6,https://www.musinsa.com/products/6582534
2026-09-01,후브스,6585734,[데일리룸X후브스] 빈티지 슬럽 크롭 반팔티-5Color,11.76,485126,41257,33200,45600,1,-12400,-27.19,100.0,1,medium,9.82,19,6,6,https://www.musinsa.com/products/6585734
2026-09-01,소버먼트,6585926,투톤 숄더 버튼 래글런 티셔츠-피그먼트 차콜-,0.0,0,39000,39000,39000,0,0,0.0,53.0,0,low,23.51,5,1,6,https://www.musinsa.com/products/6585926
2026-09-01,스켈리웩,6586630,크로스 아일렛 와이드 카고 버뮤다 팬츠[베이지],0.0,0,39900,39900,45900,1,-6000,-13.07,26.97,0,low,24.01,5,1,6,https://www.musinsa.com/products/6586630
2026-09-01,스켈리웩,6586758,[류정란 PICK] 엠보 레터링 트레이닝 쇼츠[그레이],0.27,10759,39900,29900,39900,1,-10000,-25.06,26.97,0,low,24.01,5,1,6,https://www.musinsa.com/products/6586758
2026-09-01,2000아카이브스,6591366,CORSET UNBALANCED TOP (BLACK),0.0,0,54060,54060,63180,1,-9120,-14.43,100.0,1,medium,24.09,5,2,6,https://www.musinsa.com/products/6591366
2026-09-01,제너럴아이디어,6591494,크링클 밴딩 롱 원피스 [AVOCADO] / GF2LOP521,0.0,0,45600,45600,45600,0,0,0.0,100.0,1,high,24.09,5,2,6,https://www.musinsa.com/products/6591494
2026-09-01,론론,6592198,DOT LAYERED LACE HEM SKIRT CREAM,0.0,0,80190,80190,71280,1,8910,12.5,100.0,1,medium,24.09,5,2,6,https://www.musinsa.com/products/6592198
2026-09-01,론론,6592262,FRILL OFF SHOULDER STRING T SHIRT WHITE,0.0,0,44550,44550,35200,1,9350,26.56,100.0,1,medium,24.09,5,2,6,https://www.musinsa.com/products/6592262
2026-09-01,썸웨어버터,6593798,Poet Cardigan Set - Cream,0.0,0,139000,139000,97300,1,41700,42.86,53.01,0,low,23.51,5,1,6,https://www.musinsa.com/products/6593798
2026-09-01,프렌다,6595206,LOODY SEMI CROP TEE YELLOW,0.0,0,18900,18900,27000,1,-8100,-30.0,26.98,0,low,24.01,5,1,6,https://www.musinsa.com/products/6595206
2026-09-01,유라고,6595846,Skashi knit shorts,0.0,0,54720,54720,54720,0,0,0.0,65.49,0,low,24.1,4,1,6,https://www.musinsa.com/products/6595846
2026-09-01,유라고,6596422,Luna boat shirring sleeveless,0.0,0,69160,69160,69160,0,0,0.0,65.49,0,low,24.1,4,1,6,https://www.musinsa.com/products/6596422
2026-09-01,무드인사이드 우먼,6613702,(woman) 워시드 페인팅 커브드 팬츠_2Color,0.0,0,41310,41310,41310,0,0,0.0,40.84,0,low,24.09,4,1,6,https://www.musinsa.com/products/6613702
2026-09-01,제이엘브,6626886,빅엠블럼 오버핏 숏슬리브,0.0,0,42000,42000,42000,0,0,0.0,53.02,0,low,23.51,5,1,6,https://www.musinsa.com/products/6626886
2026-09-01,다이브인,6629254,LAYERED ROLL-UP T-SHIRTS (BLACK / MELANGE),0.0,0,31500,31500,33250,1,-1750,-5.26,40.84,0,low,24.09,4,1,6,https://www.musinsa.com/products/6629254
2026-09-01,더뮤지엄비지터,6635526,W FLOWER BLOCK GRAPHIC T-SHIRT (TILL BLUE),0.0,0,34300,34300,31850,1,2450,7.69,100.0,1,medium,24.09,5,2,6,https://www.musinsa.com/products/6635526
2026-09-01,칙스,6649926,버튼 셔링 후드 슬리브리스 차콜,0.0,0,43900,43900,35120,1,8780,25.0,100.0,1,medium,24.09,5,2,6,https://www.musinsa.com/products/6649926
2026-09-01,비바라비다,6658886,Nebula 크롭 반팔 티셔츠,0.0,0,23900,23900,23900,0,0,0.0,100.0,1,high,24.09,5,2,6,https://www.musinsa.com/products/6658886
2026-09-01,배드블러드,6664326,라인스톤 오너먼트 7부 폴로 - 민트,0.0,0,95200,95200,96390,1,-1190,-1.23,100.0,1,medium,24.09,5,2,6,https://www.musinsa.com/products/6664326
2026-09-01,배드블러드,6664518,Translation 스택 그래픽 1/2 티셔츠 - 화이트,0.0,0,50150,50150,47790,1,2360,4.94,100.0,1,medium,24.09,5,2,6,https://www.musinsa.com/products/6664518
2026-09-01,꼼파뇨,6668102,DTP 쁘띠 플라워 반팔티 블랙,0.0,0,28610,28610,28610,0,0,0.0,90.35,0,low,24.08,4,1,6,https://www.musinsa.com/products/6668102
2026-09-01,어반드레스,6694406,섀도우 라인 부츠컷 팬츠_2Colors,1.97,116080,59000,59000,59000,0,0,0.0,100.0,1,high,24.09,5,2,6,https://www.musinsa.com/products/6694406
2026-09-01,루에브르,6702726,LOEUVRE VERNIS [ROSETTE],0.0,0,12000,12000,12000,0,0,0.0,26.98,0,low,24.01,5,1,6,https://www.musinsa.com/products/6702726
2026-09-01,해칭룸,6748486,Layer Cuffs Tee V2 Black,0.0,0,108000,108000,108000,0,0,0.0,90.35,0,low,24.08,4,1,6,https://www.musinsa.com/products/6748486
2026-09-01,엑스컨테이너,6752326,카모 파라슈트 버뮤다 팬츠 (GREY CAMO),0.0,0,38190,38190,38190,0,0,0.0,90.35,0,low,24.08,4,1,6,https://www.musinsa.com/products/6752326
2026-09-01,해칭룸,6752774,Bleached Stripe Tee Red,0.0,0,93000,93000,93000,0,0,0.0,90.35,0,low,24.08,4,1,6,https://www.musinsa.com/products/6752774
2026-09-01,무센트,6762566,리바 셔링 슬릿 오프 숄더 반팔 티 (3컬러),0.0,0,27930,27930,39900,1,-11970,-30.0,40.85,0,low,24.09,4,1,6,https://www.musinsa.com/products/6762566
2026-09-01,코드그라피,6769798,CGP 아치 로고 엑스트라 오버핏 반소매 티셔츠-다크 그레이,0.0,0,44100,44100,44100,0,0,0.0,77.78,0,low,24.08,4,1,6,https://www.musinsa.com/products/6769798
2026-09-01,로우클래식,6774918,UNIVERSAL REGULAR TEE_PINK [LC262TS84PK],0.0,0,79000,79000,79000,0,0,0.0,100.0,1,high,24.09,5,2,6,https://www.musinsa.com/products/6774918
2026-09-01,아메스 월드와이드,6778758,PPG ADVENTURE TEE WHITE,9.66,341808,35393,27000,36000,1,-9000,-25.0,100.0,1,medium,24.08,6,2,6,https://www.musinsa.com/products/6778758
2026-09-01,어나더 오피스,6789254,Library Raw-edge Tee (Charcoal),0.0,0,64000,64000,64000,0,0,0.0,100.0,1,high,24.09,5,2,6,https://www.musinsa.com/products/6789254
2026-09-01,배드블러드,6791430,Everyday Classic Tank - Blue Gray,0.0,0,39200,39200,35280,1,3920,11.11,100.0,1,medium,24.09,5,2,6,https://www.musinsa.com/products/6791430
2026-09-01,해칭룸,6800006,Double Neck Tee Red,0.0,0,88000,88000,88000,0,0,0.0,90.36,0,low,24.08,4,1,6,https://www.musinsa.com/products/6800006
2026-09-01,키르시,6800902,리본 레이어드 레이스 [블랙],0.0,0,31200,31200,31200,0,0,0.0,40.85,0,low,24.09,4,1,6,https://www.musinsa.com/products/6800902
2026-09-01,세터,6805446,아치 로고 링거 반팔 티셔츠 네이비,0.0,0,59000,59000,59000,0,0,0.0,65.51,0,low,24.1,4,1,6,https://www.musinsa.com/products/6805446
2026-09-01,필루미네이트,6818118,[NUNUSSI] 덕희 봉제 인형 키링-화이트,0.0,0,27900,27900,27900,0,0,0.0,53.03,0,low,23.51,5,1,6,https://www.musinsa.com/products/6818118
2026-09-01,오퍼스 0012,6823750,Op.07 OFF DUTY LAYERED TANK WHITE,0.0,0,51000,51000,51000,0,0,0.0,100.0,1,high,24.09,5,2,6,https://www.musinsa.com/products/6823750
2026-09-01,트리밍버드,6830470,Ruched Leather Babouche [ Black ],0.0,0,249000,249000,249000,0,0,0.0,100.0,1,high,24.09,5,2,6,https://www.musinsa.com/products/6830470
2026-09-01,오퍼스 0012,6832006,Op.07 ERA SLIM TOP BLACK,0.0,0,40300,40300,40300,0,0,0.0,100.0,1,high,24.09,5,2,6,https://www.musinsa.com/products/6832006
2026-09-01,엑스오엑스,6832134,데일리 코튼 브이넥 니트(4color),0.0,0,52800,52800,52800,0,0,0.0,65.51,0,low,24.1,4,1,6,https://www.musinsa.com/products/6832134
2026-09-01,파브레가,6833734,카르빈 라이트 후드 자켓 (차콜),0.0,0,214200,214200,214200,0,0,0.0,77.79,0,low,24.08,4,1,6,https://www.musinsa.com/products/6833734
2026-09-01,꼼파뇨,6853446,DTP 피크닉 데이 반팔티 블랙,0.0,0,28610,28610,28610,0,0,0.0,90.37,0,low,24.08,4,1,6,https://www.musinsa.com/products/6853446
2026-09-01,커버낫,6854022,젠가 로고 그래픽 티셔츠 화이트,0.0,0,49000,49000,49000,0,0,0.0,40.86,0,low,24.09,4,1,6,https://www.musinsa.com/products/6854022
2026-09-01,노티카,6858118,아치 프레임 로고 티셔츠(3colors) NTS6026,147.16,2133837,14500,14500,14500,0,0,0.0,100.0,1,high,3.89,34,13,6,https://www.musinsa.com/products/6858118
2026-09-01,미세키서울 맨,6876614,Asymmetric curved long sleeve BLACK,0.0,0,93000,93000,93000,0,0,0.0,65.52,0,low,24.1,2,1,6,https://www.musinsa.com/products/6876614
2026-09-01,미세키서울,6876806,[미세키서울X기호] String square shoulder bag GREY,0.0,0,142200,142200,142200,0,0,0.0,90.37,0,low,24.08,4,1,6,https://www.musinsa.com/products/6876806
2026-09-01,브라운브레스,6877318,CIRCLE EAGLE TEE - ASH,0.0,0,59000,59000,59000,0,0,0.0,26.99,0,low,24.01,5,1,6,https://www.musinsa.com/products/6877318
2026-09-01,아모우,6878150,Run the mile Long Sleeve LIGHT GRAY,0.0,0,55300,55300,55300,0,0,0.0,100.0,1,high,24.09,5,2,6,https://www.musinsa.com/products/6878150
2026-09-01,아모우,6878790,Bone Horse Sweat pants BLUE,0.0,0,62300,62300,62300,0,0,0.0,100.0,1,high,24.09,5,2,6,https://www.musinsa.com/products/6878790
2026-09-01,아캄,6879046,Dirty Waxed Denim Pants (Blue),0.0,0,152100,152100,152100,0,0,0.0,65.52,0,low,24.1,4,1,6,https://www.musinsa.com/products/6879046
2026-09-01,드헤베,6884614,Flare Frill Cardigan [Ivory],0.0,0,106020,106020,106020,0,0,0.0,77.8,0,low,24.08,4,1,6,https://www.musinsa.com/products/6884614
2026-09-01,코드그라피,6884742,(우먼) 레글런 배색 플리스 후드 집업-차콜,0.0,0,66600,66600,66600,0,0,0.0,77.81,0,low,24.08,4,1,6,https://www.musinsa.com/products/6884742
2026-09-01,코드그라피,6884870,레이어드 배색 롱슬리브-차콜,0.0,0,57600,57600,57600,0,0,0.0,77.81,0,low,24.08,4,1,6,https://www.musinsa.com/products/6884870
2026-09-01,바이모노,6887366,[빅사이즈 32-46] 모노 슈퍼와이드 알라딘 하렘팬츠,0.0,0,39900,39900,39900,0,0,0.0,40.87,0,low,24.09,4,1,6,https://www.musinsa.com/products/6887366
2026-09-01,세터,6889542,와플 헨리넥 롱 슬리브 멜란지 그레이,0.0,0,89000,89000,89000,0,0,0.0,65.53,0,low,24.1,4,1,6,https://www.musinsa.com/products/6889542
2026-09-01,벨리에,6897094,로우 라이즈 트루 와이드 데님 팬츠 - 스모키 블루,0.0,0,148200,148200,148200,0,0,0.0,65.54,0,low,24.1,4,1,6,https://www.musinsa.com/products/6897094
2026-09-01,스컬프터,6931462,Classic Striped Jersey Zip-Up Navy,0.0,0,76500,76500,,0,,,85.18,0,low,24.09,2,1,6,https://www.musinsa.com/products/6931462
2026-09-01,아웃스탠딩,6940486,MULTI STRIPE POCKET LONG SLEEVE_ORANGE/GRAY,0.0,0,52200,52200,52200,0,0,0.0,100.0,1,high,24.09,5,2,6,https://www.musinsa.com/products/6940486
2026-09-01,아웃스탠딩,6941702,30S CINCH BACK SELVEDGE WIDE PANTS_MEDIUM BLUE,0.0,0,143100,143100,143100,0,0,0.0,100.0,1,high,24.09,5,2,6,https://www.musinsa.com/products/6941702
2026-09-01,로제프란츠,6947334,Rose Embroidery Wide Sweatpants [Navy],0.0,0,66560,66560,58240,1,8320,14.29,77.82,0,low,24.08,4,1,6,https://www.musinsa.com/products/6947334
2026-09-01,로제프란츠,6948678,Basic Round Cardigan [Brown],0.0,0,56960,56960,49840,1,7120,14.29,77.82,0,low,24.08,4,1,6,https://www.musinsa.com/products/6948678
2026-09-01,에스피오나지,6957574,Washed Cotton Harrington Jacket Mocha,0.0,0,163800,163800,163800,0,0,0.0,100.0,1,high,24.09,5,2,6,https://www.musinsa.com/products/6957574
2026-09-01,에스피오나지,6957830,Selvedge (Straight) Denim Pants Dark Indigo,0.0,0,118800,118800,132000,1,-13200,-10.0,100.0,1,medium,24.09,5,2,6,https://www.musinsa.com/products/6957830
2026-09-01,글로니,6958214,G SOFT TOUCH CAMISOLE (WHITE),0.0,0,37260,37260,37260,0,0,0.0,100.0,1,high,24.09,5,2,6,https://www.musinsa.com/products/6958214
2026-09-01,카네이테이,6969286,AIRY LIGHT PUFFER JACKET (BLACK),0.0,0,224000,224000,211650,1,12350,5.84,100.0,1,medium,24.09,5,2,6,https://www.musinsa.com/products/6969286
2026-09-01,마인드브릿지,6978054,코튼100% 피그먼트 옥스포드 오버핏 긴팔 셔츠 - 2color,0.0,0,64900,64900,64900,0,0,0.0,90.38,0,low,24.08,4,1,6,https://www.musinsa.com/products/6978054
2026-09-01,마인드브릿지,6978438,코튼100% 커브드 와이드 코튼 데일리 데님 팬츠 - 3color,0.0,0,47900,47900,47900,0,0,0.0,90.39,0,low,24.08,4,1,6,https://www.musinsa.com/products/6978438
2026-09-01,슈퍼서브,6980934,[크롭]골지 헨리넥 레이어드 긴팔 티셔츠-블랙,0.0,0,38900,38900,38900,0,0,0.0,77.83,0,low,24.08,4,1,6,https://www.musinsa.com/products/6980934
2026-09-01,비터셀즈,6983430,트위스트 크롭 셔츠-아이보리,0.0,0,55890,55890,56580,1,-690,-1.22,90.4,0,low,24.08,4,1,6,https://www.musinsa.com/products/6983430
2026-09-01,트리밍버드,6987334,Crinkle Draped Hooded Long Sleeve Dress [ Charcoal ],0.0,0,169000,169000,169000,0,0,0.0,100.0,1,high,24.09,5,2,6,https://www.musinsa.com/products/6987334
2026-09-01,스키즘 인듀싱,6988742,SHIELD POCKET BOOTCUT JEANS GREY,0.0,0,142200,142200,,0,,,97.4,0,medium,24.09,2,1,6,https://www.musinsa.com/products/6988742
2026-09-01,벨리에,6996358,(W) 오블리크 트렌치 자켓 - 베이지,0.0,0,269800,269800,269800,0,0,0.0,65.55,0,low,24.1,4,1,6,https://www.musinsa.com/products/6996358
2026-09-01,커버낫,6999046,뉴 어센틱 미니 크로스백 블랙,0.0,0,69000,69000,62100,1,6900,11.11,40.88,0,low,24.09,4,1,6,https://www.musinsa.com/products/6999046
2026-09-01,길라아카이브,7000966,[X hieta] SIDE EYELET SIGNATURE LOGO VELOUR SWEAT PANTS_BROWN,0.0,0,88290,88290,88290,0,0,0.0,53.06,0,low,23.51,5,1,6,https://www.musinsa.com/products/7000966
2026-09-01,워크온바디오프,7011462,아르코 세미 와이드 커브드 트윌 팬츠 [블랙],0.0,0,49600,49600,57900,1,-8300,-14.34,40.9,0,low,24.09,4,1,6,https://www.musinsa.com/products/7011462
2026-09-01,본투윈,7013766,W SILVER B PIPING LINE BOOTSCUT PANTS [BLACK],0.0,0,71200,71200,,0,,,85.16,0,low,24.09,2,1,6,https://www.musinsa.com/products/7013766
2026-09-01,무드인사이드,7013958,세미 크롭 롱슬리브_5Color,0.0,0,29900,29900,34900,1,-5000,-14.33,27.01,0,low,24.01,5,1,6,https://www.musinsa.com/products/7013958
2026-09-01,인템포무드,7019590,캐빈 라이트 후디 : 3컬러,0.0,0,39900,39900,45600,1,-5700,-12.5,40.9,0,low,24.09,4,1,6,https://www.musinsa.com/products/7019590
2026-09-01,브라운브레스,7019782,CONCHO CORDUROY CAP,0.0,0,65000,65000,65000,0,0,0.0,27.01,0,low,24.01,5,1,6,https://www.musinsa.com/products/7019782
2026-09-01,락케이크,7020486,Distressed Open Shoulder Knit - Beige,0.0,0,87200,87200,78480,1,8720,11.11,27.02,0,low,24.01,5,1,6,https://www.musinsa.com/products/7020486
2026-09-01,허그본,7023174,Hug 크롭 숏슬리브 2컬러,0.0,0,23750,23750,23750,0,0,0.0,77.84,0,low,24.08,4,1,6,https://www.musinsa.com/products/7023174
2026-09-01,인사일런스,7023622,수피마 코튼 롱슬리브 NAVY,0.0,0,62000,62000,62000,0,0,0.0,40.9,0,low,24.09,4,1,6,https://www.musinsa.com/products/7023622
2026-09-01,인사일런스,7023750,캐시미어 브이넥 니트 BLACK,0.0,0,169000,169000,169000,0,0,0.0,40.91,0,low,24.09,4,1,6,https://www.musinsa.com/products/7023750
2026-09-01,인템포무드,7024070,[노미스 X 인템포무드] 트래커 페이크 레더 카코트_블랙,0.0,0,137600,137600,137600,0,0,0.0,40.91,0,low,24.09,4,1,6,https://www.musinsa.com/products/7024070
2026-09-01,제로,7032838,레이어드 스트라이프 헨리 넥 티셔츠 [블랙],0.0,0,40500,40500,40500,0,0,0.0,65.57,0,low,24.1,4,1,6,https://www.musinsa.com/products/7032838
2026-09-01,엘무드,7033926,리겔 울 헤링본 자켓 차콜,0.0,0,250200,250200,250200,0,0,0.0,40.91,0,low,24.09,4,1,6,https://www.musinsa.com/products/7033926
2026-09-01,드로우핏,7034438,리파인드 크롭 스웨이드 해링턴 자켓 [BLACK],0.0,0,136500,136500,136500,0,0,0.0,77.84,0,low,24.08,4,1,6,https://www.musinsa.com/products/7034438
2026-09-01,드로우핏 우먼,7035078,더스크 울 버튼 숏 자켓 [COAL BLACK],0.0,0,169200,169200,169200,0,0,0.0,27.02,0,low,24.01,5,1,6,https://www.musinsa.com/products/7035078
2026-09-01,길라아카이브,7037702,USA LOGO GIRL OVER SIZE HOODED_BLACK,0.0,0,80100,80100,80100,0,0,0.0,53.07,0,low,23.51,3,1,6,https://www.musinsa.com/products/7037702
2026-09-01,길라아카이브,7037894,STITCHED SMALL LOGO HOOD ZIP-UP_WHITE,0.0,0,116100,116100,116100,0,0,0.0,53.07,0,low,23.51,3,1,6,https://www.musinsa.com/products/7037894
2026-09-01,비헤비어,7045766,DYED CANVAS TOTE BAG red,0.0,0,179550,179550,179550,0,0,0.0,90.41,0,low,24.08,4,1,6,https://www.musinsa.com/products/7045766
2026-09-01,코드그라피,7049990,[ KIDS ] CGP 아치 로고 트레이닝 팬츠_페일블루,0.0,0,37800,37800,37800,0,0,0.0,77.84,0,low,24.08,4,1,6,https://www.musinsa.com/products/7049990
2026-09-01,웬즈데이오아시스,7050822,램스울 후드 니트_GRAY(WCB6KN85),0.0,0,48300,48300,62100,1,-13800,-22.22,27.03,0,low,24.01,5,1,6,https://www.musinsa.com/products/7050822
2026-09-01,디미트리블랙,7051974,VLAD 원턱 커브드 트랙 팬츠_(3심볼 저지) 3 COLOR,46.54,1362338,29274,28900,29900,1,-1000,-3.34,100.0,1,medium,3.79,42,14,6,https://www.musinsa.com/products/7051974
2026-09-01,프리즘웍스,7054598,FIELD ADJUSTER HBT PANTS _ BEIGE,0.0,0,98100,98100,109000,1,-10900,-10.0,100.0,1,medium,24.09,5,2,6,https://www.musinsa.com/products/7054598
2026-09-01,유니온블루,7054726,SLUB CUT-OFF L/S T-SHIRT [WASHED NAVY],9.87,615820,62400,62400,62400,0,0,0.0,100.0,1,high,24.0,19,12,6,https://www.musinsa.com/products/7054726
2026-09-01,플랙,7055430,릴렉스 셔츠 베이지,0.0,0,139000,139000,118850,1,20150,16.95,40.91,0,low,24.09,4,1,6,https://www.musinsa.com/products/7055430
2026-09-01,비긴202,7061894,벡스터 블루종 자켓 [멜란지 그레이],0.0,0,220150,220150,220150,0,0,0.0,77.85,0,low,24.08,4,1,6,https://www.musinsa.com/products/7061894
2026-09-01,던스트,7068614,UNISEX INFORMAL SHIRT_UDSH6C102_BROWN STRIPE,0.0,0,103550,103550,103550,0,0,0.0,53.07,0,low,23.51,5,1,6,https://www.musinsa.com/products/7068614
2026-09-01,무드인사이드,7072262,[스카프 SET]울 세미 크롭 브이넥 니트_6Color,0.0,0,54900,54900,59900,1,-5000,-8.35,27.03,0,low,24.01,5,1,6,https://www.musinsa.com/products/7072262
2026-09-01,틸아이다이,7080262,Cashmere fine wool boat neck knit [TIFA05SW03]_Gray,0.0,0,105790,105790,105790,0,0,0.0,100.0,1,high,24.09,5,2,6,https://www.musinsa.com/products/7080262
2026-09-01,해비즘,7086342,HVSM STRIPE THIN ZIP UP HOOD(WINE),0.0,0,64080,64080,49840,1,14240,28.57,53.08,0,low,23.51,5,1,6,https://www.musinsa.com/products/7086342
2026-09-01,썸웨어버터,7090566,Silk Button Henly Neck Knit - Grey,0.0,0,79380,79380,79380,0,0,0.0,53.08,0,low,23.51,5,1,6,https://www.musinsa.com/products/7090566
2026-09-01,썸웨어버터,7091142,Moti Raglan Top - Light Blue(Navy),0.0,0,31590,31590,31590,0,0,0.0,53.09,0,low,23.51,5,1,6,https://www.musinsa.com/products/7091142
2026-09-01,썬러브투어,7094790,Oxford Tote Bag Charcoal,0.0,0,59000,59000,59000,0,0,0.0,27.04,0,low,24.01,5,1,6,https://www.musinsa.com/products/7094790
2026-09-01,브라운야드,7095046,"하이 게이지 브이넥 롱 슬리브, 블랙",0.0,0,78000,78000,78000,0,0,0.0,53.09,0,low,23.51,5,1,6,https://www.musinsa.com/products/7095046
2026-09-01,레더리,7095366,에센셜 하프 집업 후디 [OATMEAL],0.0,0,52560,52560,65700,1,-13140,-20.0,90.43,0,low,24.08,4,1,6,https://www.musinsa.com/products/7095366
2026-09-01,브라운야드,7095430,"컷 오프 래글런 롱 슬리브, 블루",0.0,0,78000,78000,78000,0,0,0.0,53.09,0,low,23.51,5,1,6,https://www.musinsa.com/products/7095430
2026-09-01,알리스,7096390,페일드 체크 크롭 셔츠 [버건디],0.0,0,51790,51790,58340,1,-6550,-11.23,90.44,0,low,24.08,4,1,6,https://www.musinsa.com/products/7096390
2026-09-01,해칭룸,7097478,Cylinder Bracelet Blue,0.0,0,53000,53000,53000,0,0,0.0,90.45,0,low,24.08,4,1,6,https://www.musinsa.com/products/7097478
2026-09-01,에이치덱스,7100870,내추럴 바디핏 롱 슬리브 (White),0.0,0,46800,46800,46800,0,0,0.0,77.87,0,low,24.08,4,1,6,https://www.musinsa.com/products/7100870
2026-09-01,쿠어,7102726,딥 커브드 점보 워시드 팬츠 (워시드다크브라운),0.0,0,207000,207000,207000,0,0,0.0,65.61,0,low,24.1,4,1,6,https://www.musinsa.com/products/7102726
2026-09-01,더니트컴퍼니,7102982,(우먼) 브러시드 울 캐시미어 브이넥 스웨터 6color,0.0,0,175200,175200,175200,0,0,0.0,77.87,0,low,24.08,4,1,6,https://www.musinsa.com/products/7102982
2026-09-01,디스이즈네버댓,7104646,Supplies Cap Stone,0.0,0,65000,65000,65000,0,0,0.0,40.93,0,low,24.09,4,1,6,https://www.musinsa.com/products/7104646
2026-09-01,다이브인,7105286,DAMAGED OXFORD DOUBLE KNEE PANTS (BLACK),0.0,0,109000,109000,87200,1,21800,25.0,40.94,0,low,24.09,4,1,6,https://www.musinsa.com/products/7105286
2026-09-01,굿라이프웍스,7107334,[unisex] 더블 레이어드 롱슬리브티 차콜,0.0,0,31430,31430,31430,0,0,0.0,65.61,0,low,24.1,4,1,6,https://www.musinsa.com/products/7107334
2026-09-01,썸웨어버터,7108102,Brody Wool Stripe Knit - Navy,0.0,0,88290,88290,88290,0,0,0.0,53.09,0,low,23.51,5,1,6,https://www.musinsa.com/products/7108102
2026-09-01,칙스,7117318,CKS 스탠다드 슬림핏 셔츠 민트,0.0,0,35920,35920,35920,0,0,0.0,100.0,1,high,24.09,5,2,6,https://www.musinsa.com/products/7117318
2026-09-01,어나더 오피스,7120390,[AW] Santiago Sports Set-Up (Heather Gray),0.0,0,472000,472000,472000,0,0,0.0,100.0,1,high,24.09,5,2,6,https://www.musinsa.com/products/7120390
2026-09-01,다이브인,7120710,UNIFORM WAFFLE HENLEY NECK LONG SLEEVE (NAVY),0.0,0,48450,48450,57000,1,-8550,-15.0,40.94,0,low,24.09,4,1,6,https://www.musinsa.com/products/7120710
2026-09-01,다이브인,7120774,WASHED STANDARD COTTON SHIRTS (BLUE),0.0,0,58650,58650,69000,1,-10350,-15.0,40.95,0,low,24.09,4,1,6,https://www.musinsa.com/products/7120774
2026-09-01,다이브인,7121030,WASHED VINTAGE FIELD JACKET (KHAKI),0.0,0,177650,177650,209000,1,-31350,-15.0,40.95,0,low,24.09,4,1,6,https://www.musinsa.com/products/7121030
2026-09-01,칙스,7121414,폴드 오버 플랩 포켓 와이드 스웻 팬츠 멜란지,0.0,0,56900,56900,45520,1,11380,25.0,100.0,1,medium,24.09,5,2,6,https://www.musinsa.com/products/7121414
2026-09-01,트래블,7121670,저지 트랙 벌룬 팬츠 블랙,0.0,0,32900,32900,63200,1,-30300,-47.94,27.04,0,low,24.01,5,1,6,https://www.musinsa.com/products/7121670
2026-09-01,아웃스탠딩,7127750,V.S.C SWEAT(MINNEAPOLIS)_NAVY,0.0,0,71100,71100,,0,,,85.12,0,low,24.09,2,1,6,https://www.musinsa.com/products/7127750
2026-09-01,아웃스탠딩,7127814,THERMAL PIGMENT WASHED HOOD ZIP_PIGMENT CHARCOAL,0.0,0,106200,106200,,0,,,85.12,0,low,24.09,2,1,6,https://www.musinsa.com/products/7127814
2026-09-01,룩캐스트,7131782,캐시미어 딥 브이넥 니트 / CASHMERE DEEP V-NECK KNIT_4colors,0.0,0,110400,110400,110400,0,0,0.0,90.45,0,low,24.08,4,1,6,https://www.musinsa.com/products/7131782
2026-09-01,더바이닐하우스,7134214,TWISTED DRAPE SKIRT(W) BLACK,0.0,0,75050,75050,79000,1,-3950,-5.0,40.96,0,low,24.09,4,1,6,https://www.musinsa.com/products/7134214
2026-09-01,더바이닐하우스,7134278,SHIRRING OVER NYLON JACKET PURPLE,0.0,0,160550,160550,169000,1,-8450,-5.0,40.96,0,low,24.09,4,1,6,https://www.musinsa.com/products/7134278
2026-09-01,꼼파뇨,7147462,보네르 퍼피 피그먼트 레글런 맨투맨 더스티핑크,0.0,0,34200,34200,34200,0,0,0.0,90.46,0,low,24.08,4,1,6,https://www.musinsa.com/products/7147462
2026-09-01,파르티멘토,7156742,리플 체크 숏 카라 셔츠 블루,0.0,0,56900,56900,56900,0,0,0.0,40.97,0,low,24.09,4,1,6,https://www.musinsa.com/products/7156742
2026-09-01,굿라이프웍스,7160390,[unisex] 레이어드 투톤 롱슬리브티 네이비,0.0,0,29400,29400,29400,0,0,0.0,65.62,0,low,24.1,4,1,6,https://www.musinsa.com/products/7160390
2026-09-01,플리즈노팔로우,7160518,Denver Washed High Neck Jacket (Washed Beige),0.0,0,187200,187200,,0,,,85.11,0,low,24.09,2,1,6,https://www.musinsa.com/products/7160518
2026-09-01,탄산마그네슘,7160902,배색 스티치 카고 데님 팬츠 (블랙),0.0,0,158840,158840,158840,0,0,0.0,65.62,0,low,24.1,4,1,6,https://www.musinsa.com/products/7160902
2026-09-01,탄산마그네슘,7160966,스컬 패턴 후드집업 (카키),0.0,0,127680,127680,127680,0,0,0.0,65.63,0,low,24.1,4,1,6,https://www.musinsa.com/products/7160966
2026-09-01,워크온바디오프,7166534,에즈 세미 와이드 커브드 데님 팬츠 [퓨어 블랙],0.0,0,35910,35910,63000,1,-27090,-43.0,40.98,0,low,24.09,2,1,6,https://www.musinsa.com/products/7166534
2026-09-01,워크온바디오프,7167686,토르드 세미 오버핏 케이블 가디건 [네이비],0.0,0,41310,41310,66000,1,-24690,-37.41,40.98,0,low,24.09,4,1,6,https://www.musinsa.com/products/7167686
2026-09-01,탄산마그네슘,7186246,빈티지 도트 스카프 (블랙),0.0,0,22040,22040,22040,0,0,0.0,65.64,0,low,24.1,4,1,6,https://www.musinsa.com/products/7186246
