date,brand_name,goods_no,product_name,estimated_sales,estimated_gmv,estimated_avg_price,display_price,previous_display_price,price_change_detected,price_change_amount,price_change_pct,coverage_pct,calendar_complete,confidence,max_interval_hours,observation_count,contributing_intervals,history_bucket,product_url
2026-08-27,커스텀어클락,498040,[리뉴얼ver.] 소프트 베이직 브이넥 가디건 블랙 COOSCD001BLACK,0.92,43513,47200,47200,,0,,,40.41,0,low,21.04,2,1,56,https://www.musinsa.com/products/498040
2026-08-27,제멋,552760,[2PACK] 레이어드 롱나시 2PACK (HJST2072),0.51,14795,28800,28800,,0,,,41.94,0,low,19.59,2,1,56,https://www.musinsa.com/products/552760
2026-08-27,커스텀어클락,948664,[코튼100]소프트 코튼 크루넥 니트 티.브라운 COOSKT008T.BROWN,0.0,0,47200,47200,,0,,,40.41,0,low,21.04,2,1,56,https://www.musinsa.com/products/948664
2026-08-27,드로우핏,1033848,리에디션 브리즈 오픈 카라 셔츠 [D.NAVY],0.0,0,49500,49500,,0,,,28.06,0,low,20.2,3,1,56,https://www.musinsa.com/products/1033848
2026-08-27,카네이테이,1061880,DIP SLIM WALLET (OLIVE DRAB) / UPCYCLED,0.0,0,66100,66100,,0,,,45.01,0,low,20.7,2,1,56,https://www.musinsa.com/products/1061880
2026-08-27,트립르센스,1343288,스트레치업  헤비 코튼 긴팔티_베이지,0.0,0,22450,22450,,0,,,38.28,0,low,21.52,2,1,56,https://www.musinsa.com/products/1343288
2026-08-27,인사일런스,1385208,수피마 코튼 프리미엄 티셔츠 WHITE,0.0,0,29700,29700,,0,,,40.41,0,low,21.04,2,1,56,https://www.musinsa.com/products/1385208
2026-08-27,꼼파뇨,1386488,오아시스 피그먼트 자수 반팔 딥챠콜,0.0,0,25000,25000,,0,,,26.48,0,low,20.15,4,1,56,https://www.musinsa.com/products/1386488
2026-08-27,브렌슨,1446776,미니멀 트레이닝 essential 반바지,0.92,14656,15900,15900,,0,,,40.41,0,low,21.04,2,1,56,https://www.musinsa.com/products/1446776
2026-08-27,도프제이슨,1576696,오버핏 램스킨 블레이저 자켓,0.0,0,259000,259000,,0,,,38.27,0,low,21.52,2,1,56,https://www.musinsa.com/products/1576696
2026-08-27,프리즘웍스,1582136,OG SELVEDGE REGULAR DENIM PANTS _ RIGID INDIGO,0.51,45706,89000,89000,,0,,,41.92,0,low,19.59,2,1,56,https://www.musinsa.com/products/1582136
2026-08-27,노이어,1638648,22FW 핸드메이드 수리알파카 머플러 코트 (블랙),0.0,0,442000,442000,,0,,,41.92,0,low,19.59,2,1,56,https://www.musinsa.com/products/1638648
2026-08-27,세컨모놀로그,1643832,유틸리티 후드 숏 패딩 점퍼 [BLACK]_SEJP010BLACK,0.0,0,149000,149000,,0,,,40.4,0,low,21.04,2,1,56,https://www.musinsa.com/products/1643832
2026-08-27,드로우핏,1649144,프리미어 퓨어 캐시미어 히든 싱글 코트 [CHESTNUT BROWN],0.0,0,222400,222400,,0,,,28.06,0,low,20.2,3,1,56,https://www.musinsa.com/products/1649144
2026-08-27,로우로우,1663544,R EYE 140 베타 티타늄 안경 44 Gold,0.0,0,159000,159000,,0,,,38.27,0,low,21.52,2,1,56,https://www.musinsa.com/products/1663544
2026-08-27,플랙,1731128,노이 커츠 051 로우,0.0,0,109000,109000,,0,,,40.4,0,low,21.04,2,1,56,https://www.musinsa.com/products/1731128
2026-08-27,도프제이슨,1744440,프리미엄 램스킨 베지터블 스탠드카라 자켓,0.0,0,389000,389000,,0,,,38.27,0,low,21.52,2,1,56,https://www.musinsa.com/products/1744440
2026-08-27,디앤에스알,1760568,그레이 나일론 오버 쉘파카,0.0,0,71000,71000,,0,,,32.95,0,low,20.84,3,1,56,https://www.musinsa.com/products/1760568
2026-08-27,토피,1778168,EST 에코백 (IVORY),0.0,0,29400,29400,,0,,,45.01,0,low,20.7,2,1,56,https://www.musinsa.com/products/1778168
2026-08-27,에스피오나지,1790968,Oxford Over Shirt Grey Stripe,0.0,0,104400,104400,,0,,,41.91,0,low,19.59,2,1,56,https://www.musinsa.com/products/1790968
2026-08-27,마인드브릿지,1795192,[SET][이지케어]스판 드레스 셔츠 - 10color,0.0,0,59900,59900,,0,,,26.47,0,low,20.15,4,1,56,https://www.musinsa.com/products/1795192
2026-08-27,메인부스,1915512,Univ. Symbol Neck Pillow(NAVY),0.0,0,17900,17900,,0,,,28.05,0,low,20.2,3,1,56,https://www.musinsa.com/products/1915512
2026-08-27,드로우핏,1958904,와이드 밴딩 슬릭 플리츠 팬츠 [BLACK],1.67,73502,44100,44100,,0,,,28.05,0,low,20.2,4,1,56,https://www.musinsa.com/products/1958904
2026-08-27,트립르센스,2154168,엘이 로고 베이직 코튼 니트 비니_차콜,0.0,0,18000,18000,,0,,,38.26,0,low,21.52,2,1,56,https://www.musinsa.com/products/2154168
2026-08-27,로제프란츠,2247224,World Flower Hoodie [Black],0.0,0,35600,35600,,0,,,28.04,0,low,20.2,3,1,56,https://www.musinsa.com/products/2247224
2026-08-27,어반드레스,2304440,Boyfriend Single Blazer BROWN,0.0,0,89700,89700,,0,,,41.9,0,low,19.59,2,1,56,https://www.musinsa.com/products/2304440
2026-08-27,토피,2314616,에센셜 후드 스웻 셔츠 (MELANGE GREY),1.57,56545,36120,36120,,0,,,45.0,0,low,20.7,4,1,56,https://www.musinsa.com/products/2314616
2026-08-27,꼼파뇨,2372856,퍼티그 로즈 스웻 롱 스커트 그레이,0.0,0,19510,19510,,0,,,26.45,0,low,20.15,4,1,56,https://www.musinsa.com/products/2372856
2026-08-27,프리즘웍스,2399992,NATURE LOGO BALL CAP _ IVORY STRIPE,0.0,0,19500,19500,,0,,,41.89,0,low,19.59,2,1,56,https://www.musinsa.com/products/2399992
2026-08-27,와이케이,2405368,컬러블록 카라 가디건 베이지,0.0,0,47600,47600,,0,,,38.24,0,low,21.52,2,1,56,https://www.musinsa.com/products/2405368
2026-08-27,링서울,2432952,bio poplin shirt-white,0.0,0,65670,65670,,0,,,38.24,0,low,21.52,2,1,56,https://www.musinsa.com/products/2432952
2026-08-27,메인부스,2436024,Junkfood Crop T-shirt(WHITE),0.0,0,11700,11700,,0,,,28.03,0,low,20.2,3,1,56,https://www.musinsa.com/products/2436024
2026-08-27,모즈모즈,2476216,컬러칩 미니쭈리 오버핏 자수 맨투맨 챠콜,0.0,0,18800,18800,,0,,,32.93,0,low,20.84,3,1,56,https://www.musinsa.com/products/2476216
2026-08-27,와이케이,2493560,말티즈 아카이브 반팔티셔츠 네이비,0.0,0,34300,34300,,0,,,38.24,0,low,21.52,2,1,56,https://www.musinsa.com/products/2493560
2026-08-27,시눈,2580472,HALF SLEEVE COTTON SHIRT (WHITE),0.38,13289,35050,35050,,0,,,32.92,0,low,20.84,3,1,56,https://www.musinsa.com/products/2580472
2026-08-27,에이이에이이,2676856,Web Logo Mesh Cap [Black],0.31,13197,41900,41900,,0,,,26.45,0,low,20.15,4,1,56,https://www.musinsa.com/products/2676856
2026-08-27,필루미네이트,2697720,오버핏 블룸 스웨트 셔츠-그레이,0.0,0,25000,25000,,0,,,38.22,0,low,21.52,2,1,56,https://www.musinsa.com/products/2697720
2026-08-27,트래블,2703672,스프레이 텍스트 피그먼트 후드티 블랙 차콜,0.0,0,39500,39500,,0,,,43.74,0,low,21.5,2,1,56,https://www.musinsa.com/products/2703672
2026-08-27,니티드,2707064,비스코스 워셔블 하프 집업 니트 GREY,0.0,0,49800,49800,,0,,,28.02,0,low,20.2,3,1,56,https://www.musinsa.com/products/2707064
2026-08-27,와이케이,2720376,퍼피돌핀 점핑 에코백 아이보리,0.0,0,22050,22050,,0,,,38.22,0,low,21.53,2,1,56,https://www.musinsa.com/products/2720376
2026-08-27,아메스 월드와이드,2723256,SEAHORSE L.S TEE GREEN (AM2CFUT552A),0.0,0,12900,12900,,0,,,26.44,0,low,20.15,4,1,56,https://www.musinsa.com/products/2723256
2026-08-27,인사일런스,2736504,벨로아 팬츠 DARK TAUPE,0.0,0,55000,55000,,0,,,40.37,0,low,21.04,2,1,56,https://www.musinsa.com/products/2736504
2026-08-27,드로우핏,2738296,포멀릭 리브드 모크넥 티셔츠 [GREY],0.0,0,22000,22000,,0,,,28.02,0,low,20.2,3,1,56,https://www.musinsa.com/products/2738296
2026-08-27,모즈모즈,2742072,솔리드 자수 오버핏 바람막이 집업 브라운,0.0,0,43200,43200,,0,,,32.92,0,low,20.84,3,1,56,https://www.musinsa.com/products/2742072
2026-08-27,니티드,2757496,코튼 미니멀 라운드 니트 IVORY,0.0,0,39800,39800,,0,,,28.02,0,low,20.2,3,1,56,https://www.musinsa.com/products/2757496
2026-08-27,넌블랭크,2757880,하프 트렌치코트_BEIGE,0.0,0,189600,189600,,0,,,38.22,0,low,21.53,2,1,56,https://www.musinsa.com/products/2757880
2026-08-27,시눈,2758456,ON THE ROAD SWEATSHIRT,0.0,0,23170,23170,,0,,,32.92,0,low,20.84,3,1,56,https://www.musinsa.com/products/2758456
2026-08-27,틸아이다이,2764536,Mac half trench coat_Deep beige,0.0,0,170600,170600,,0,,,44.99,0,low,20.7,2,1,56,https://www.musinsa.com/products/2764536
2026-08-27,니티드,2772344,소프트코튼 헤비 와플 하프 집업 니트 SKY BLUE,0.0,0,54500,54500,,0,,,28.02,0,low,20.2,3,1,56,https://www.musinsa.com/products/2772344
2026-08-27,테이크이지,2774392,울 바시티 자켓(네이비),0.0,0,109500,109500,,0,,,40.36,0,low,21.04,2,1,56,https://www.musinsa.com/products/2774392
2026-08-27,스컬프터,2796472,Metal Brushed Bootcut Denim Pants Indigo/Silver,0.0,0,96600,96600,,0,,,44.99,0,low,20.7,2,1,56,https://www.musinsa.com/products/2796472
2026-08-27,굿라이프웍스,2827512,오버핏 소프트 레글런 스웨터 니트 내츄럴그린,0.0,0,36750,36750,,0,,,32.91,0,low,20.84,3,1,56,https://www.musinsa.com/products/2827512
2026-08-27,메인부스,2829432,[울90%]Oversized Half Duffle Coat(IVORY),0.0,0,268200,268200,,0,,,28.02,0,low,20.2,3,1,56,https://www.musinsa.com/products/2829432
2026-08-27,어반드레스,2836472,Tweed Pintuck Wide Pants - 5COL,0.0,0,26270,26270,,0,,,41.87,0,low,19.59,2,1,56,https://www.musinsa.com/products/2836472
2026-08-27,트래블,2844728,스카우트 퀼티드 윈드 브레이커 블랙,0.0,0,71400,71400,,0,,,43.74,0,low,21.5,2,1,56,https://www.musinsa.com/products/2844728
2026-08-27,제이엘브,2854456,제로핏 레깅스,0.0,0,26900,26900,,0,,,38.21,0,low,21.53,2,1,56,https://www.musinsa.com/products/2854456
2026-08-27,로우로우,2855352,스트링 크로스백 750 ep.2 Deep Green,0.0,0,50150,50150,,0,,,38.21,0,low,21.53,2,1,56,https://www.musinsa.com/products/2855352
2026-08-27,더블유엠씨,2862904,벌키 울가디건_BLACK,0.0,0,43600,43600,,0,,,38.21,0,low,21.53,2,1,56,https://www.musinsa.com/products/2862904
2026-08-27,어반드레스,2869624,Twisted Two-way Knitwear - 6COL,0.0,0,29500,29500,,0,,,41.86,0,low,19.59,2,1,56,https://www.musinsa.com/products/2869624
2026-08-27,필루미네이트,2913656,오버핏 그래피티 로고 후디-6Color,0.85,24706,29000,29000,,0,,,38.2,0,low,21.53,2,1,56,https://www.musinsa.com/products/2913656
2026-08-27,시눈,2933304,SEMI LOW RISE STRIPE MIDI SKIRT (BEIGE),0.0,0,38020,38020,,0,,,32.9,0,low,20.84,3,1,56,https://www.musinsa.com/products/2933304
2026-08-27,솔트앤초콜릿,2966200,SAC 크롭 롱슬리브 티셔츠 블랙 4W2231303,0.0,0,27070,27070,,0,,,44.98,0,low,20.7,2,1,56,https://www.musinsa.com/products/2966200
2026-08-27,수아레,2996536,데일리 바이오 셔츠 - 10 COLOR,0.0,0,34900,34900,,0,,,26.43,0,low,20.15,4,1,56,https://www.musinsa.com/products/2996536
2026-08-27,하 아카이브,3006392,라이트 웨이트 크로스백 (실버),0.0,0,30330,30330,,0,,,26.43,0,low,20.15,4,1,56,https://www.musinsa.com/products/3006392
2026-08-27,더블유엠씨,3011640,TSC CROP 스웻셔츠_MOSS PINK,0.0,0,29600,29600,,0,,,38.2,0,low,21.53,2,1,56,https://www.musinsa.com/products/3011640
2026-08-27,카네이테이,3024568,GINZA TAPERED SLACKS PANTS (BEIGE) / ORGANIC,0.52,46468,89100,89100,,0,,,44.98,0,low,20.7,2,1,56,https://www.musinsa.com/products/3024568
2026-08-27,스컬프터,3034744,Oldschool Slouchy Backpack Dusty Navy,1.04,63082,60480,60480,,0,,,44.98,0,low,20.7,2,1,56,https://www.musinsa.com/products/3034744
2026-08-27,메인부스,3042104,Healing Area Hood T-Shirt(CREAM),0.0,0,56500,56500,,0,,,28.0,0,low,20.2,3,1,56,https://www.musinsa.com/products/3042104
2026-08-27,필루미네이트,3044280,FLM 스트라이프 니트 베스트-카키,0.0,0,29000,29000,,0,,,38.2,0,low,21.53,2,1,56,https://www.musinsa.com/products/3044280
2026-08-27,세컨모놀로그,3065336,미니멀 버튼 크롭 자켓 블랙 SEJK001BLACK,0.0,0,139000,139000,,0,,,40.34,0,low,21.04,2,1,56,https://www.musinsa.com/products/3065336
2026-08-27,미나브,3073848,강연코튼 펀칭 라운드 니트 [그린],0.0,0,31350,31350,,0,,,43.73,0,low,21.5,2,1,56,https://www.musinsa.com/products/3073848
2026-08-27,넌블랭크,3075960,크로셰 하프 슬리브 칼라 가디건_GREEN,0.0,0,89520,89520,,0,,,38.19,0,low,21.53,2,1,56,https://www.musinsa.com/products/3075960
2026-08-27,시야쥬,3084408,SIPT7073 Chino Pants_Camel,0.0,0,65100,65100,,0,,,40.33,0,low,21.04,2,1,56,https://www.musinsa.com/products/3084408
2026-08-27,프리즘웍스,3096248,M64 FRENCH ARMY PANTS _ OLIVE,0.0,0,64000,64000,,0,,,41.85,0,low,19.59,2,1,56,https://www.musinsa.com/products/3096248
2026-08-27,파르티멘토 우먼,3111800,스트라이프 보스턴 백_데님,0.0,0,168300,168300,,0,,,26.42,0,low,20.15,4,1,56,https://www.musinsa.com/products/3111800
2026-08-27,스컬프터,3118968,Distorted Logo Tee Dirty White,0.0,0,31500,31500,,0,,,44.97,0,low,20.7,2,1,56,https://www.musinsa.com/products/3118968
2026-08-27,메인부스,3120632,Basket Oversized Punching Sweater(BLACK),0.0,0,18700,18700,,0,,,27.99,0,low,20.2,3,1,56,https://www.musinsa.com/products/3120632
2026-08-27,꼼파뇨,3133240,네스카 클럽 레글런 반팔티 블랙,0.0,0,32500,32500,,0,,,26.42,0,low,20.15,4,1,56,https://www.musinsa.com/products/3133240
2026-08-27,파르티멘토 우먼,3138104,퍼프 슬리브 맥시 드레스_핑크,0.0,0,64310,64310,,0,,,26.42,0,low,20.15,4,1,56,https://www.musinsa.com/products/3138104
2026-08-27,트릴리온,3139448,(여름원단) 바이오스톤 워싱 섬머 쿨 와이드 데님 팬츠 (SUMMER BLUE),0.0,0,32600,32600,,0,,,26.42,0,low,20.15,4,1,56,https://www.musinsa.com/products/3139448
2026-08-27,필루미네이트,3165240,(W)레터링 로고 티-스카이블루,0.0,0,19000,19000,,0,,,38.18,0,low,21.53,2,1,56,https://www.musinsa.com/products/3165240
2026-08-27,프렌다,3166008,CHECK CARGO SHORTS BLUE,0.0,0,34500,34500,,0,,,43.73,0,low,21.5,2,1,56,https://www.musinsa.com/products/3166008
2026-08-27,스컬프터,3171384,Pumkin Shrring Top Black,0.0,0,36400,36400,,0,,,44.96,0,low,20.7,2,1,56,https://www.musinsa.com/products/3171384
2026-08-27,커버낫,3195320,브이넥 니트 베스트 오렌지,0.0,0,31600,31600,,0,,,40.31,0,low,21.04,2,1,56,https://www.musinsa.com/products/3195320
2026-08-27,아메스 월드와이드,3225784,BASIC LOGO KNIT IVORY,0.0,0,34300,34300,,0,,,26.41,0,low,20.15,4,1,56,https://www.musinsa.com/products/3225784
2026-08-27,세컨모놀로그,3247672,키홀 라운드 숏 슬리브 썸머 니트 제이드그린 SEKT006J.GREEN,0.0,0,17150,17150,,0,,,40.3,0,low,21.04,2,1,56,https://www.musinsa.com/products/3247672
2026-08-27,주앙옴므,3249016,브러쉬 페이딩 하프 슬리브 티셔츠 (블랙),0.0,0,44100,44100,,0,,,26.41,0,low,20.15,4,1,56,https://www.musinsa.com/products/3249016
2026-08-27,세컨모놀로그,3277368,키홀 시그니쳐 로고 볼캡 인디고 SEAC001INDIGO,0.0,0,17150,17150,,0,,,40.3,0,low,21.04,2,1,56,https://www.musinsa.com/products/3277368
2026-08-27,소버먼트,3293368,460G 컷 헤비 피그먼트 티셔츠-탄-,0.0,0,36600,36600,,0,,,38.17,0,low,21.53,2,1,56,https://www.musinsa.com/products/3293368
2026-08-27,미나브,3300664,유스풀 와이드 데님팬츠 [라이트블루],0.0,0,103200,103200,,0,,,43.72,0,low,21.5,2,1,56,https://www.musinsa.com/products/3300664
2026-08-27,키르시,3305784,스몰 체리 스탠다드 티셔츠 투팩 [화이트 / 블랙],1.84,59896,32580,32580,,0,,,40.3,0,low,21.04,4,1,56,https://www.musinsa.com/products/3305784
2026-08-27,러브이즈트루,3306040,PY LETTERING TEE(BABY PINK),0.0,0,20350,20350,,0,,,38.16,0,low,21.53,2,1,56,https://www.musinsa.com/products/3306040
2026-08-27,토피,3316984,[2PACK] 쿨 플리츠 밴딩 슬랙스 (3 COLOURS),0.0,0,44100,44100,,0,,,44.96,0,low,20.7,2,1,56,https://www.musinsa.com/products/3316984
2026-08-27,니티드,3332024,빈티지 하트 티셔츠 WHITE-GREEN,0.0,0,24500,24500,,0,,,27.96,0,low,20.2,3,1,56,https://www.musinsa.com/products/3332024
2026-08-27,후드후드,3335672,로고 사이드포켓 버뮤다 밴딩 숏팬츠 블랙,0.0,0,25100,25100,,0,,,27.96,0,low,20.2,3,1,56,https://www.musinsa.com/products/3335672
2026-08-27,제멋,3348280,샌디 워크 하프팬츠 6종 와인 SOSP2518,0.0,0,36900,36900,,0,,,41.82,0,low,19.59,2,1,56,https://www.musinsa.com/products/3348280
2026-08-27,트립르센스,3357432,워시드 코튼 원턱 버뮤다 팬츠 _Washed Blue,0.0,0,54400,54400,,0,,,38.15,0,low,21.53,2,1,56,https://www.musinsa.com/products/3357432
2026-08-27,도프제이슨,3363960,[유튜버 PICK] 볼드 앵클 레인부츠 BLACK,0.43,50615,119000,119000,,0,,,38.15,0,low,21.53,2,1,56,https://www.musinsa.com/products/3363960
2026-08-27,꼼파뇨,3393464,이스트 코스트 반팔티 화이트,0.0,0,25000,25000,,0,,,26.4,0,low,20.15,4,1,56,https://www.musinsa.com/products/3393464
2026-08-27,엘무드,3406264,메리 부클 카라 가디건 ( 2COLOR ),0.0,0,66600,66600,,0,,,40.29,0,low,21.04,2,1,56,https://www.musinsa.com/products/3406264
2026-08-27,아틀리에 나인,3436600,해비코튼 빅 포켓 미디 스커트(SK-4820),0.0,0,47400,47400,,0,,,32.86,0,low,20.84,3,1,56,https://www.musinsa.com/products/3436600
2026-08-27,커스텀어클락,3440440,[2PACK] 소프트 베이직 가디건 COOSCD001CD020CD021,0.0,0,79800,79800,,0,,,40.29,0,low,21.04,2,1,56,https://www.musinsa.com/products/3440440
2026-08-27,세터,3452344,루고 아플리케 리벳 후드 네이비,0.0,0,149000,149000,,0,,,32.85,0,low,20.84,3,1,56,https://www.musinsa.com/products/3452344
2026-08-27,나인제트,3458168,엠블런 래글런 스웻셔츠 23SW02,0.0,0,29900,29900,,0,,,26.39,0,low,20.15,4,1,56,https://www.musinsa.com/products/3458168
2026-08-27,프렌다,3458680,PP SQUARE HAIR CLIP,0.0,0,12500,12500,,0,,,43.71,0,low,21.5,2,1,56,https://www.musinsa.com/products/3458680
2026-08-27,트릴리온,3461112,사이드 턱 스냅 버튼 와이드 데님 팬츠 (DEEP GREEN),0.63,16332,25990,25990,,0,,,26.38,0,low,20.15,4,1,56,https://www.musinsa.com/products/3461112
2026-08-27,트릴리온,3461176,스톤 워싱 오버핏 데님 긴팔 셔츠 (DEEP GRAY),0.0,0,29990,29990,,0,,,26.38,0,low,20.15,4,1,56,https://www.musinsa.com/products/3461176
2026-08-27,해비즘,3466424,FLOWER ZIP UP HOOD(WINE),0.0,0,56530,56530,,0,,,38.14,0,low,21.53,2,1,56,https://www.musinsa.com/products/3466424
2026-08-27,에이지오디,3467384,와이드 빅포켓 코튼 카고 밴딩 팬츠 [카키],5.37,154042,28700,28700,,0,,,43.71,0,low,21.5,4,1,56,https://www.musinsa.com/products/3467384
2026-08-27,러브이즈트루,3469496,CH BUTTON SKIRT(BLUE),0.0,0,63800,63800,,0,,,38.14,0,low,21.53,2,1,56,https://www.musinsa.com/products/3469496
2026-08-27,인템포무드,3469752,하찌 엘보 볼륨 풀오버_코발트블루,0.0,0,50400,50400,,0,,,40.28,0,low,21.04,2,1,56,https://www.musinsa.com/products/3469752
2026-08-27,러브이즈트루,3471160,WO BOLERO TOP SET(BEIGE),0.0,0,68200,68200,,0,,,38.14,0,low,21.53,2,1,56,https://www.musinsa.com/products/3471160
2026-08-27,후브스,3476408,플러 반 집업 카라 스웻 [블랙],0.0,0,56800,56800,,0,,,40.28,0,low,21.04,2,1,56,https://www.musinsa.com/products/3476408
2026-08-27,프리즘웍스,3479288,CIGARETTE POCKET CHAMBRAY SHIRT _ BLUE,0.0,0,89000,89000,,0,,,41.81,0,low,19.59,2,1,56,https://www.musinsa.com/products/3479288
2026-08-27,쿠어,3482040,버진 울 오버사이즈 짚업 블루종 (블랙),0.0,0,229500,229500,,0,,,32.85,0,low,20.84,3,1,56,https://www.musinsa.com/products/3482040
2026-08-27,드로우핏 우먼,3484920,슬림 스트레이트 진 [BLUE],0.0,0,57750,57750,,0,,,43.71,0,low,21.5,2,1,56,https://www.musinsa.com/products/3484920
2026-08-27,드로우핏,3489528,유주얼 세미 와이드 데님 팬츠 [WHITE],0.33,19725,59400,59400,,0,,,27.95,0,low,20.2,3,1,56,https://www.musinsa.com/products/3489528
2026-08-27,꼼파뇨,3489784,와이드 빅 카고 다트 팬츠 카키,0.0,0,46000,46000,,0,,,26.38,0,low,20.15,4,1,56,https://www.musinsa.com/products/3489784
2026-08-27,아틀리에 나인,3504504,루엘 셋업 클래식 스커트(SK-4819),0.0,0,71100,71100,,0,,,32.85,0,low,20.84,3,1,56,https://www.musinsa.com/products/3504504
2026-08-27,어반드레스,3510712,Kamen Collar Knit KHAKI,0.0,0,45000,45000,,0,,,41.8,0,low,19.59,2,1,56,https://www.musinsa.com/products/3510712
2026-08-27,아이돈워너셀,3528440,Time Symbol Logo Muffler Brown,0.0,0,29500,29500,,0,,,40.27,0,low,21.04,2,1,56,https://www.musinsa.com/products/3528440
2026-08-27,인사일런스,3533112,[인사일런스 X 미즈노] 옵시디언 베스트 BLACK,0.0,0,111510,111510,,0,,,40.26,0,low,21.04,2,1,56,https://www.musinsa.com/products/3533112
2026-08-27,브라운야드,3533688,"W 로우라이즈 슬릿 팬츠, 브라운",0.0,0,79000,79000,,0,,,38.12,0,low,21.53,2,1,56,https://www.musinsa.com/products/3533688
2026-08-27,키르시,3542904,컬러 포인트 하프 집업 롱 슬리브 [라이트 라벤더],0.0,0,27600,27600,,0,,,40.25,0,low,21.04,2,1,56,https://www.musinsa.com/products/3542904
2026-08-27,주앙옴므,3548088,트랙 스웻팬츠 (블랙),0.31,33350,106200,106200,,0,,,26.37,0,low,20.15,4,1,56,https://www.musinsa.com/products/3548088
2026-08-27,루에브르,3549816,Bio Cotton Wide Cargo Pants SW3AL343-91,0.0,0,159000,159000,,0,,,43.7,0,low,21.5,2,1,56,https://www.musinsa.com/products/3549816
2026-08-27,더니트컴퍼니,3556536,커브 라인 워시드 데님 팬츠 [그레이],0.0,0,46900,46900,,0,,,27.93,0,low,20.2,3,1,56,https://www.musinsa.com/products/3556536
2026-08-27,썸웨어버터,3557112,cable knit Full zip-up - ivory,0.0,0,124200,124200,,0,,,38.12,0,low,21.53,2,1,56,https://www.musinsa.com/products/3557112
2026-08-27,엑스트라오디너리,3560248,SHIRRING LONGSLEEVE CHARCOAL,0.0,0,53400,53400,,0,,,26.37,0,low,20.15,4,1,56,https://www.musinsa.com/products/3560248
2026-08-27,스컬프터,3566968,Lace Double Knee Pants Peach Twill,0.0,0,110600,110600,,0,,,44.93,0,low,20.7,2,1,56,https://www.musinsa.com/products/3566968
2026-08-27,어반드레스,3575416,AV Snap Wide Pants BLACK,0.51,19300,37700,37700,,0,,,41.79,0,low,19.59,2,1,56,https://www.musinsa.com/products/3575416
2026-08-27,어반드레스,3575480,Side Tessle Denim Pants BLACK,0.0,0,39000,39000,,0,,,41.79,0,low,19.59,2,1,56,https://www.musinsa.com/products/3575480
2026-08-27,키르시,3580472,체리 베이직 터틀넥 티셔츠 [다크 블루],0.0,0,19600,19600,,0,,,40.24,0,low,21.04,2,1,56,https://www.musinsa.com/products/3580472
2026-08-27,알리스,3591544,시그니처 스퀘어 로고 볼캡 [코튼],0.0,0,30190,30190,,0,,,26.36,0,low,20.15,4,1,56,https://www.musinsa.com/products/3591544
2026-08-27,더블유엠씨,3592376,패널 스웨트 후드_KHAKI,0.0,0,44100,44100,,0,,,38.11,0,low,21.53,2,1,56,https://www.musinsa.com/products/3592376
2026-08-27,플랙,3597048,oam.factory X PLAC 데님 코트 K22 린스드,0.0,0,169000,169000,,0,,,40.24,0,low,21.04,2,1,56,https://www.musinsa.com/products/3597048
2026-08-27,아캄,3597304,Washed Zip-Up Denim Jacket (Desert Sand),0.0,0,120600,120600,,0,,,32.82,0,low,20.84,3,1,56,https://www.musinsa.com/products/3597304
2026-08-27,해칭룸,3598776,Layering Vest Charcoal,0.0,0,182400,182400,,0,,,26.36,0,low,20.15,4,1,56,https://www.musinsa.com/products/3598776
2026-08-27,아틀리에 나인,3609016,로니크 울 핸드메이드 셋업 페플럼 스커트(SK-4811),0.0,0,143100,143100,,0,,,32.82,0,low,20.84,3,1,56,https://www.musinsa.com/products/3609016
2026-08-27,어반드레스,3612024,Evelyn Long Denim Skirt BLUE,0.0,0,27650,27650,,0,,,41.77,0,low,19.59,2,1,56,https://www.musinsa.com/products/3612024
2026-08-27,프리즘웍스,3612728,EDGAR N-1 DECK JACKET _ BROWN,0.0,0,148000,148000,,0,,,41.77,0,low,19.59,2,1,56,https://www.musinsa.com/products/3612728
2026-08-27,후드후드,3614200,피그먼트 로고 후드 오트베이지,0.0,0,44280,44280,,0,,,27.92,0,low,20.2,3,1,56,https://www.musinsa.com/products/3614200
2026-08-27,아틀리에 나인,3616248,코듀로이 웨이스트 미디 원피스(OP-6120),0.0,0,88200,88200,,0,,,32.82,0,low,20.84,3,1,56,https://www.musinsa.com/products/3616248
2026-08-27,모즈모즈,3622904,스타더스트 오버핏 기모 맨투맨 그레이,0.0,0,36000,36000,,0,,,32.81,0,low,20.84,3,1,56,https://www.musinsa.com/products/3622904
2026-08-27,바이젝,3629624,퍼펙트 특양면 빅로고 머슬핏 반팔 티셔츠_2Color,0.92,31383,34200,34200,,0,,,40.23,0,low,21.04,2,1,56,https://www.musinsa.com/products/3629624
2026-08-27,나인제트,3632312,소프트 모달 크루넥 니트 23NT02,0.0,0,37500,37500,,0,,,26.36,0,low,20.15,4,1,56,https://www.musinsa.com/products/3632312
2026-08-27,트릴리온,3637240,울 엘보우 패치 2WAY 해링턴 자켓 (CHARCOAL),0.0,0,87000,87000,,0,,,26.36,0,low,20.15,4,1,56,https://www.musinsa.com/products/3637240
2026-08-27,트릴리온,3637432,바이커 비건 레더 숏 패딩 (BLACK),0.0,0,69990,69990,,0,,,26.36,0,low,20.15,4,1,56,https://www.musinsa.com/products/3637432
2026-08-27,트립르센스,3639352,더블 버튼 지퍼 울 바시티 자켓_레드,0.0,0,98000,98000,,0,,,38.1,0,low,21.53,2,1,56,https://www.musinsa.com/products/3639352
2026-08-27,트리밍버드,3639480,Terry Set-up Sleeveless [ Light Gray ],0.0,0,64500,64500,,0,,,41.77,0,low,19.59,2,1,56,https://www.musinsa.com/products/3639480
2026-08-27,트리밍버드,3639544,Knee Slit Wide Pants [ Black Denim ],0.0,0,84500,84500,,0,,,41.76,0,low,19.59,2,1,56,https://www.musinsa.com/products/3639544
2026-08-27,굿라이프웍스,3642552,오버핏 헤비 투 포켓 체크 셔츠 자켓 블랙,0.0,0,34860,34860,,0,,,32.81,0,low,20.84,3,1,56,https://www.musinsa.com/products/3642552
2026-08-27,아틀리에 나인,3648440,셀비지 와이드 기모 데님 팬츠(PT-5473),0.0,0,80100,80100,,0,,,32.81,0,low,20.84,3,1,56,https://www.musinsa.com/products/3648440
2026-08-27,테이크이지,3652344,알파카 모헤어 가디건- 5 COLOR,0.0,0,42000,42000,,0,,,40.23,0,low,21.04,2,1,56,https://www.musinsa.com/products/3652344
2026-08-27,꼼파뇨,3660216,코듀로이 와이드 오버 카고 팬츠 블랙,0.0,0,58500,58500,,0,,,26.35,0,low,20.15,4,1,56,https://www.musinsa.com/products/3660216
2026-08-27,링서울,3669688,mohair turtleneck knit -pink,0.0,0,104760,104760,,0,,,38.09,0,low,21.53,2,1,56,https://www.musinsa.com/products/3669688
2026-08-27,썸웨어버터,3706296,turtleneck logo top - ivory,0.0,0,38700,38700,,0,,,38.09,0,low,21.53,2,1,56,https://www.musinsa.com/products/3706296
2026-08-27,니티드,3719608,하프 폴라 롱 슬리브 니트 IVORY,0.33,5830,17580,17580,,0,,,27.91,0,low,20.2,3,1,56,https://www.musinsa.com/products/3719608
2026-08-27,로제프란츠,3752568,Wide Long Muffler [Light Pink],0.0,0,25200,25200,,0,,,27.91,0,low,20.2,3,1,56,https://www.musinsa.com/products/3752568
2026-08-27,브라운야드,3756856,"스테디 셔츠, 삭스 블루",0.0,0,298000,298000,,0,,,38.08,0,low,21.53,2,1,56,https://www.musinsa.com/products/3756856
2026-08-27,마인드브릿지,3768312,두굿_니트 라이크 티셔츠 - 4color,0.0,0,39900,39900,,0,,,26.35,0,low,20.15,4,1,56,https://www.musinsa.com/products/3768312
2026-08-27,무드인사이드,3780728,남여공용 푸퍼 숏패딩_7Color,0.0,0,49900,49900,,0,,,43.69,0,low,21.5,2,1,56,https://www.musinsa.com/products/3780728
2026-08-27,아이돈워너셀,3781112,Swift Symbol High Neck Knit Zip Up Black,0.0,0,118300,118300,,0,,,40.21,0,low,21.05,2,1,56,https://www.musinsa.com/products/3781112
2026-08-27,어반드레스,3783992,Kaylee Half Zip-up Sweater - 6COL,0.0,0,51000,51000,,0,,,41.75,0,low,19.59,2,1,56,https://www.musinsa.com/products/3783992
2026-08-27,어반드레스,3785656,Aachen Side Pants BLACK,0.0,0,36900,36900,,0,,,41.75,0,low,19.59,2,1,56,https://www.musinsa.com/products/3785656
2026-08-27,브렌슨,3786488,B. 오버핏 스트링 후드 베스트 ( 3Color ),0.0,0,29900,29900,,0,,,40.21,0,low,21.04,2,1,56,https://www.musinsa.com/products/3786488
2026-08-27,브렌슨,3786552,B. 오버핏 래글런 스웨트셔츠 ( 9Color ),0.0,0,23900,23900,,0,,,40.21,0,low,21.05,2,1,56,https://www.musinsa.com/products/3786552
2026-08-27,코드그라피,3788600,C.GRAPHY ARC 로고 오버핏 후디_라이트카키,0.0,0,39900,39900,,0,,,27.9,0,low,20.2,3,1,56,https://www.musinsa.com/products/3788600
2026-08-27,아메스 월드와이드,3788792,SLEEVE STITCH SWEATSHIRT RED (AM2ESUM441A),0.0,0,15000,15000,,0,,,26.34,0,low,20.15,4,1,56,https://www.musinsa.com/products/3788792
2026-08-27,와이케이,3800888,말티즈 아카이브 라인 그래픽 후드티셔츠 더스트핑크,0.0,0,50400,50400,,0,,,38.07,0,low,21.53,2,1,56,https://www.musinsa.com/products/3800888
2026-08-27,커버낫,3801144,어센틱 스웻 조거 팬츠 블랙,0.0,0,34500,34500,,0,,,40.2,0,low,21.05,2,1,56,https://www.musinsa.com/products/3801144
2026-08-27,커버낫,3801208,플로우 로고 후디 라이트 퍼플,0.0,0,49000,49000,,0,,,40.19,0,low,21.05,2,1,56,https://www.musinsa.com/products/3801208
2026-08-27,스컬프터,3801528,Word Of Wisdom Sweatshirt Dusty Navy,0.0,0,51800,51800,,0,,,44.91,0,low,20.7,2,1,56,https://www.musinsa.com/products/3801528
2026-08-27,알리스,3801656,플레인 피그먼트 스웻 후드 집업 [딥블루],0.0,0,70310,70310,,0,,,26.34,0,low,20.15,4,1,56,https://www.musinsa.com/products/3801656
2026-08-27,코드그라피,3803192,(우먼) 하트 크로셰 니트 베스트_블랙,0.0,0,41300,41300,,0,,,27.89,0,low,20.2,3,1,56,https://www.musinsa.com/products/3803192
2026-08-27,세컨모놀로그,3812088,롱앤드숏 투웨이 카고 데님 와이드 팬츠 [BLUE]_SEPT034BLUE,0.0,0,38150,38150,,0,,,40.19,0,low,21.05,2,1,56,https://www.musinsa.com/products/3812088
2026-08-27,노매뉴얼,3816376,UTILITY CARGO PANTS - WASHED NAVY,0.0,0,139300,139300,,0,,,26.33,0,low,20.16,4,1,56,https://www.musinsa.com/products/3816376
2026-08-27,유니폼브릿지,3818424,lace blouse(womens) white,0.0,0,63600,63600,,0,,,44.9,0,low,20.7,2,1,56,https://www.musinsa.com/products/3818424
2026-08-27,유니폼브릿지,3822456,waxed tote bag olive,0.0,0,63600,63600,,0,,,44.9,0,low,20.7,2,1,56,https://www.musinsa.com/products/3822456
2026-08-27,로제프란츠,3826744,Mellow Hood Knit [Pink],0.0,0,36480,36480,,0,,,27.89,0,low,20.2,3,1,56,https://www.musinsa.com/products/3826744
2026-08-27,드로우핏,3829240,이레규러 라인 데님팬츠 [BLACK],0.0,0,66600,66600,,0,,,27.89,0,low,20.2,3,1,56,https://www.musinsa.com/products/3829240
2026-08-27,시눈,3829432,PRINTED V-NECK LONG SLEEVE (LIGHT PINK),0.0,0,34280,34280,,0,,,32.79,0,low,20.84,3,1,56,https://www.musinsa.com/products/3829432
2026-08-27,미나브,3830328,라피네 소프트 카라 니트 [그레이],0.0,0,61620,61620,,0,,,43.68,0,low,21.5,2,1,56,https://www.musinsa.com/products/3830328
2026-08-27,데꼬로소,3830712,테일러 투턱 와이드 슬랙스 [차콜],0.0,0,73400,73400,,0,,,38.06,0,low,21.53,2,1,56,https://www.musinsa.com/products/3830712
2026-08-27,1993스튜디오,3835320,롱플레이 레코드 롱슬리브_화이트,0.0,0,44250,44250,,0,,,40.17,0,low,21.05,2,1,56,https://www.musinsa.com/products/3835320
2026-08-27,브론슨,3837432,Lot 44801 1944 WWII Version Selvedge Denim Jeans,0.0,0,187200,187200,,0,,,26.32,0,low,20.16,4,1,56,https://www.musinsa.com/products/3837432
2026-08-27,낫포너드,3840888,TR 3 Tuck Balloon Pants - Ivory,0.0,0,59000,59000,,0,,,27.88,0,low,20.2,3,1,56,https://www.musinsa.com/products/3840888
2026-08-27,코드그라피,3840952,유틸리티 나일론 쇼츠_라이트그레이,0.0,0,14710,14710,,0,,,27.88,0,low,20.2,3,1,56,https://www.musinsa.com/products/3840952
2026-08-27,러브이즈트루,3841976,LVTR LONG HOODIE(WHITE),0.0,0,47700,47700,,0,,,38.06,0,low,21.53,2,1,56,https://www.musinsa.com/products/3841976
2026-08-27,와이케이,3846456,빈티지 데님 버킷햇 블루,0.0,0,23600,23600,,0,,,38.05,0,low,21.53,2,1,56,https://www.musinsa.com/products/3846456
2026-08-27,틸아이다이,3858168,Button-down washing denim shirt_Blue,0.0,0,89510,89510,,0,,,44.89,0,low,20.7,2,1,56,https://www.musinsa.com/products/3858168
2026-08-27,커스텀어클락,3858872,린넨라이크 데님 원턱 와이드 하프 팬츠 5 COLOR,0.0,0,19900,19900,,0,,,40.16,0,low,21.05,2,1,56,https://www.musinsa.com/products/3858872
2026-08-27,일리고,3862136,셔링 오픈 포켓 카고 팬츠 화이트,0.0,0,68000,68000,,0,,,26.31,0,low,20.16,4,1,56,https://www.musinsa.com/products/3862136
2026-08-27,프리즘웍스,3863224,ROUNDED RAGLAN SWEATSHIRT _ FOREST GREEN,0.0,0,31000,31000,,0,,,41.73,0,low,19.59,2,1,56,https://www.musinsa.com/products/3863224
2026-08-27,썬러브투어,3863544,Redux Full Zip Vest Light Grey,0.0,0,56430,56430,,0,,,43.67,0,low,21.5,2,1,56,https://www.musinsa.com/products/3863544
2026-08-27,아메스 월드와이드,3869752,ANILLO X AMES HALF ZIP UP SWEATER (AM2ESUK640B),0.0,0,69500,69500,,0,,,26.31,0,low,20.16,4,1,56,https://www.musinsa.com/products/3869752
2026-08-27,프리즘웍스,3870072,TWILL UTILITY POCKET SHIRT JACKET _ BEIGE,0.0,0,82800,82800,,0,,,41.73,0,low,19.59,2,1,56,https://www.musinsa.com/products/3870072
2026-08-27,프리즘웍스,3870136,OG SWEAT BALL CAP _ INDIGO,0.0,0,30400,30400,,0,,,41.72,0,low,19.59,2,1,56,https://www.musinsa.com/products/3870136
2026-08-27,르바,3870904,Tucking Reversible Knit Cardigan - Orange,0.0,0,197650,197650,,0,,,27.86,0,low,20.2,3,1,56,https://www.musinsa.com/products/3870904
2026-08-27,몰든,3875000,프리미엄 머슬핏 무지 티셔츠,23.88,690276,28900,28900,,0,,,43.67,0,low,21.5,7,1,56,https://www.musinsa.com/products/3875000
2026-08-27,에스피오나지,3887672,Light Hiker Vest Dark Mocha,0.0,0,64500,64500,,0,,,41.72,0,low,19.59,2,1,56,https://www.musinsa.com/products/3887672
2026-08-27,어반드레스,3901240,BUCKLE WIDE CARGO DENIM PANTS BLACK,0.0,0,35200,35200,,0,,,41.72,0,low,19.59,2,1,56,https://www.musinsa.com/products/3901240
2026-08-27,브라운야드,3921464,"W 플리츠 스커트, 블랙",0.0,0,79000,79000,,0,,,38.03,0,low,21.53,2,1,56,https://www.musinsa.com/products/3921464
2026-08-27,마인드브릿지,3926648,릴랙스핏린넨풀밴딩하프팬츠 - 2color MYHP3133,0.0,0,29900,29900,,0,,,26.3,0,low,20.16,4,1,56,https://www.musinsa.com/products/3926648
2026-08-27,마인드브릿지 우먼,3934776,[W]부클트위드가디건 MYCD3202,0.0,0,39900,39900,,0,,,32.76,0,low,20.84,3,1,56,https://www.musinsa.com/products/3934776
2026-08-27,아메스 월드와이드,3935672,LINE TAPE RAGLAN RINGER TEE WHITE (AM2EMUT506A),0.0,0,17000,17000,,0,,,26.3,0,low,20.16,4,1,56,https://www.musinsa.com/products/3935672
2026-08-27,키르시,3940536,스트라이프 버튼 포인트 플리츠 스커트 [라이트 카키],0.0,0,20000,20000,,0,,,40.13,0,low,21.05,2,1,56,https://www.musinsa.com/products/3940536
2026-08-27,나인제트,3945336,하트콤마 오버핏 반팔 티셔츠 (화이트) 24TS07,0.0,0,42000,42000,,0,,,26.3,0,low,20.16,4,1,56,https://www.musinsa.com/products/3945336
2026-08-27,나인제트,3945400,시그니처 서클 오버핏 반팔 티셔츠 (그린) 24TS05,0.0,0,42700,42700,,0,,,26.29,0,low,20.16,4,1,56,https://www.musinsa.com/products/3945400
2026-08-27,모즈모즈,3965176,스테이지바이브 오버핏 반팔티셔츠 화이트,0.0,0,23800,23800,,0,,,32.76,0,low,20.84,3,1,56,https://www.musinsa.com/products/3965176
2026-08-27,커버낫,3972920,플렌티 스트릿 티셔츠 핑크,0.0,0,26550,26550,,0,,,40.12,0,low,21.05,2,1,56,https://www.musinsa.com/products/3972920
2026-08-27,락피쉬웨더웨어,3982328,BLISS LACEUP SNEAKERS - 5 colors,2.65,289013,109200,109200,,0,,,27.84,0,low,20.2,4,1,56,https://www.musinsa.com/products/3982328
2026-08-27,999휴머니티,3986232,EVD 로고 하프 티셔츠 (멜란지 그레이),0.0,0,66000,66000,,0,,,32.75,0,low,20.84,3,1,56,https://www.musinsa.com/products/3986232
2026-08-27,마인드브릿지 우먼,3989240,[W]베이직반팔티셔츠 - 3color MYTS3202,0.0,0,14900,14900,,0,,,32.75,0,low,20.84,3,1,56,https://www.musinsa.com/products/3989240
2026-08-27,필루미네이트,3995576,나일론 파이핑 쇼츠-3Color,0.0,0,21900,21900,,0,,,38.02,0,low,21.54,2,1,56,https://www.musinsa.com/products/3995576
2026-08-27,아웃스탠딩,3997944,MIL SERIES TEE(U.S.NAVAL)_1%OATMEAL,0.0,0,34400,34400,,0,,,44.87,0,low,20.7,2,1,56,https://www.musinsa.com/products/3997944
2026-08-27,키르시,3998008,부케걸 워딩 숏 슬리브 가디건 [화이트],0.0,0,39500,39500,,0,,,40.11,0,low,21.05,2,1,56,https://www.musinsa.com/products/3998008
2026-08-27,커버낫,3998200,원턱 세미와이드 슬랙스 차콜,0.0,0,39000,39000,,0,,,40.11,0,low,21.05,2,1,56,https://www.musinsa.com/products/3998200
2026-08-27,스컬프터,4001848,Family Disappointment Tee Vintage Blue,0.0,0,29400,29400,,0,,,44.86,0,low,20.7,2,1,56,https://www.musinsa.com/products/4001848
2026-08-27,러브이즈트루,4024248,RT OFF SHOULDER TEE(WHITE),0.0,0,19890,19890,,0,,,38.01,0,low,21.54,2,1,56,https://www.musinsa.com/products/4024248
2026-08-27,코드그라피,4025656,(우먼) WAVE 로고 심볼 시스루 반팔 후드집업_화이트,0.0,0,41300,41300,,0,,,27.83,0,low,20.2,3,1,56,https://www.musinsa.com/products/4025656
2026-08-27,세컨모놀로그,4034680,나일론 스냅 퍼티그 워크 하프 셔츠 자켓 [KHAKI]_SESH011KHAKI,0.0,0,27650,27650,,0,,,40.11,0,low,21.05,2,1,56,https://www.musinsa.com/products/4034680
2026-08-27,드로우핏,4041016,쿨링 모달 하프 카라 니트 [GREEN],0.0,0,49500,49500,,0,,,27.83,0,low,20.2,3,1,56,https://www.musinsa.com/products/4041016
2026-08-27,제멋,4042936,포워드 오버핏 카라 반팔티셔츠 아이보리 OYST2559,0.51,14759,28900,28900,,0,,,41.7,0,low,19.6,2,1,56,https://www.musinsa.com/products/4042936
2026-08-27,브라운야드,4045944,"이지 쇼츠, 아이보리",0.0,0,89600,89600,,0,,,38.0,0,low,21.54,2,1,56,https://www.musinsa.com/products/4045944
2026-08-27,브라운야드,4046008,"코튼 피케 셔츠, 블루 그레이",0.0,0,48300,48300,,0,,,38.0,0,low,21.54,2,1,56,https://www.musinsa.com/products/4046008
2026-08-27,유니폼브릿지,4046264,two tuck bermuda short pants natural,0.0,0,31800,31800,,0,,,44.85,0,low,20.7,2,1,56,https://www.musinsa.com/products/4046264
2026-08-27,파르티멘토 우먼,4046584,크로셰 니트 맥시 스커트_레드,0.0,0,42630,42630,,0,,,26.28,0,low,20.16,4,1,56,https://www.musinsa.com/products/4046584
2026-08-27,유니폼브릿지,4047800,ubc naval chino shorts(womens) olive green,0.0,0,11800,11800,,0,,,44.85,0,low,20.7,2,1,56,https://www.musinsa.com/products/4047800
2026-08-27,레더리,4055224,드래그 온 오버핏 반팔티 [WHITE],0.0,0,21840,21840,,0,,,26.28,0,low,20.16,4,1,56,https://www.musinsa.com/products/4055224
2026-08-27,아캄,4055992,98 Printed Half Top (Navy),0.0,0,47200,47200,,0,,,32.73,0,low,20.84,3,1,56,https://www.musinsa.com/products/4055992
2026-08-27,1993스튜디오,4056120,심볼 로고 시어 윈드브레이커_터키블루,0.0,0,31600,31600,,0,,,40.1,0,low,21.05,2,1,56,https://www.musinsa.com/products/4056120
2026-08-27,리메인세컨드,4057464,버뮤다 와이드 원턱 카고 데님 쇼츠 [연청],0.0,0,24400,24400,,0,,,32.73,0,low,20.84,3,1,56,https://www.musinsa.com/products/4057464
2026-08-27,드로우핏,4058360,벨크로 레더 스트랩 샌들 [BLACK],0.0,0,79200,79200,,0,,,27.82,0,low,20.2,3,1,56,https://www.musinsa.com/products/4058360
2026-08-27,레더리,4067320,플랩 카고 팬츠 [DARK GREY],0.0,0,38880,38880,,0,,,26.27,0,low,20.16,4,1,56,https://www.musinsa.com/products/4067320
2026-08-27,알리스,4073976,콘트라스트 하프 워크 셔츠 [애쉬 베이지],0.0,0,61110,61110,,0,,,26.27,0,low,20.16,4,1,56,https://www.musinsa.com/products/4073976
2026-08-27,시눈,4085304,Sinoon Signature Logo T-Shirts (Sky Blue),0.0,0,24700,24700,,0,,,32.72,0,low,20.84,3,1,56,https://www.musinsa.com/products/4085304
2026-08-27,엑스트라오디너리,4090296,WHISPER TEE   CHARCOAL,0.0,0,29000,29000,,0,,,26.26,0,low,20.16,4,1,56,https://www.musinsa.com/products/4090296
2026-08-27,프리즘웍스,4095928,NYCO HALF COACH JACKET _ BLACK,0.0,0,54500,54500,,0,,,41.69,0,low,19.6,2,1,56,https://www.musinsa.com/products/4095928
2026-08-27,프렌다,4100856,OXFORD CARPENTER SHORTS NAVY,0.0,0,39500,39500,,0,,,43.63,0,low,21.5,2,1,56,https://www.musinsa.com/products/4100856
2026-08-27,트래블,4107640,스티치 포인트 아노락 베스트 오렌지,0.0,0,32500,32500,,0,,,43.63,0,low,21.5,2,1,56,https://www.musinsa.com/products/4107640
2026-08-27,니티드,4118712,피그먼트 쉽 그래픽 티셔츠 WASHING CHARCOAL,0.0,0,24800,24800,,0,,,27.8,0,low,20.2,3,1,56,https://www.musinsa.com/products/4118712
2026-08-27,인템포무드,4125944,유즈드 워시 버뮤다 팬츠 : 3컬러,0.0,0,54400,54400,,0,,,40.08,0,low,21.05,2,1,56,https://www.musinsa.com/products/4125944
2026-08-27,썸웨어버터,4132536,Slit Biker Pants - Black,0.0,0,107100,107100,,0,,,37.97,0,low,21.54,2,1,56,https://www.musinsa.com/products/4132536
2026-08-27,썸웨어버터,4133048,Pendant knit bucket hat - 3color,0.0,0,58500,58500,,0,,,37.97,0,low,21.54,2,1,56,https://www.musinsa.com/products/4133048
2026-08-27,솔트앤초콜릿,4133688,SAC 로고 오버핏 포플린 셔츠 핑크 4W2417001,0.0,0,51350,51350,,0,,,44.84,0,low,20.7,2,1,56,https://www.musinsa.com/products/4133688
2026-08-27,워크온바디오프,4142008,WOBO 제로 슬랙스 [보카시그레이],0.0,0,31800,31800,,0,,,40.07,0,low,21.05,2,1,56,https://www.musinsa.com/products/4142008
2026-08-27,무드인사이드,4143736,써머 링클 오션 체크남방 _5Color,15.58,434756,27900,27900,,0,,,43.62,0,low,21.5,7,1,56,https://www.musinsa.com/products/4143736
2026-08-27,후드후드,4145592,멀티 포켓 유틸리티 디테처블 팬츠 블랙,0.0,0,43600,43600,,0,,,27.79,0,low,20.2,3,1,56,https://www.musinsa.com/products/4145592
2026-08-27,소버먼트,4146744,460G 컷 헤비 피그먼트 티셔츠-오크 브라운-,0.42,15484,36600,36600,,0,,,37.97,0,low,21.54,2,1,56,https://www.musinsa.com/products/4146744
2026-08-27,제너럴아이디어,4148600,스퀘어 엠보 미니스커트 [NAVY] / WBD2L56531,0.0,0,32000,32000,,0,,,44.84,0,low,20.7,2,1,56,https://www.musinsa.com/products/4148600
2026-08-27,기철,4156088,DEEP-SEA BERMUDA DENIM PANTS (BLACK),0.0,0,41400,41400,,0,,,32.71,0,low,20.84,3,1,56,https://www.musinsa.com/products/4156088
2026-08-27,락케이크,4159160,Sports 96 Lace Crop Top - White,0.0,0,21560,21560,,0,,,43.62,0,low,21.5,2,1,56,https://www.musinsa.com/products/4159160
2026-08-27,유니온블루,4159992,[V2] H.I.A LOGO PRINTED T-SHIRT [FADED BLACK],0.0,0,61200,61200,,0,,,44.84,0,low,20.7,2,1,56,https://www.musinsa.com/products/4159992
2026-08-27,솔트앤초콜릿,4160376,더블 버클 아일렛 뮬 412413001 (6.5cm/2colors),0.0,0,53400,53400,,0,,,44.84,0,low,20.7,2,1,56,https://www.musinsa.com/products/4160376
2026-08-27,러브이즈트루,4162296,BE STARLIGHT BIKINI PANTY(BLACK),0.0,0,27300,27300,,0,,,37.96,0,low,21.54,2,1,56,https://www.musinsa.com/products/4162296
2026-08-27,솔트앤초콜릿,4166584,소프트 폼 버클 샌들 412424016 (2cm/3colors),0.0,0,59400,59400,,0,,,44.84,0,low,20.7,2,1,56,https://www.musinsa.com/products/4166584
2026-08-27,바우프,4171896,B 빈티지 메쉬 볼캡 [카모],0.0,0,44000,44000,,0,,,27.79,0,low,20.2,3,1,56,https://www.musinsa.com/products/4171896
2026-08-27,바우로 프로덕트,4187448,GL-002,0.0,0,59000,59000,,0,,,27.78,0,low,20.2,3,1,56,https://www.musinsa.com/products/4187448
2026-08-27,테이크이지,4236408,레거시 SSU 딥 볼캡 (카모카키),0.0,0,19500,19500,,0,,,40.06,0,low,21.05,2,1,56,https://www.musinsa.com/products/4236408
2026-08-27,어반디타입,4238584,DYDN 에센셜 아치 로고 후드_스카이블루,0.0,0,27900,27900,,0,,,37.95,0,low,21.54,2,1,56,https://www.musinsa.com/products/4238584
2026-08-27,길라아카이브,4239864,RACE SKIRTS (LEOPARD)_SB,0.0,0,25920,25920,,0,,,37.94,0,low,21.54,2,1,56,https://www.musinsa.com/products/4239864
2026-08-27,파르티멘토 우먼,4245496,로우라이즈 워시드 와이드 레그진_미드 블루,0.0,0,92650,92650,,0,,,26.24,0,low,20.16,4,1,56,https://www.musinsa.com/products/4245496
2026-08-27,1993스튜디오,4259000,아플리케 카라 럭비티셔츠_그레이,0.0,0,60000,60000,,0,,,40.06,0,low,21.05,2,1,56,https://www.musinsa.com/products/4259000
2026-08-27,1993스튜디오,4259192,스몰 로고 하프 집업 카라 스웨트 셔츠_오트베이지,0.0,0,71200,71200,,0,,,40.05,0,low,21.05,2,1,56,https://www.musinsa.com/products/4259192
2026-08-27,필루미네이트,4263800,스톤 워시드 아플리케 셔츠-3Color,0.0,0,34000,34000,,0,,,37.94,0,low,21.54,2,1,56,https://www.musinsa.com/products/4263800
2026-08-27,필루미네이트,4263928,심볼 로고 테크 자켓-블랙,0.0,0,42900,42900,,0,,,37.94,0,low,21.54,2,1,56,https://www.musinsa.com/products/4263928
2026-08-27,리메인세컨드,4272184,오버핏 하프집업 카라넥 스웨트 셔츠 [블랙],0.38,14102,37450,37450,,0,,,32.7,0,low,20.84,3,1,56,https://www.musinsa.com/products/4272184
2026-08-27,드로우핏 우먼,4273912,코듀로이 세미 와이드 코튼 팬츠 [BROWN],0.0,0,69300,69300,,0,,,43.62,0,low,21.5,2,1,56,https://www.musinsa.com/products/4273912
2026-08-27,드로우핏 우먼,4274296,트리밍 브이넥 부클 트위드 자켓 [BLACK],0.0,0,159200,159200,,0,,,43.61,0,low,21.5,2,1,56,https://www.musinsa.com/products/4274296
2026-08-27,트래블,4275064,코스모스  피그먼트 후드티 고스트 그레이,0.0,0,39500,39500,,0,,,43.61,0,low,21.5,2,1,56,https://www.musinsa.com/products/4275064
2026-08-27,아이돈워너셀,4277688,Swift Symbol Dying Hoodie Charcoal,0.0,0,89250,89250,,0,,,40.04,0,low,21.05,2,1,56,https://www.musinsa.com/products/4277688
2026-08-27,노매뉴얼,4279928,O.D CHECK SHIRT - BLACK,0.0,0,95200,95200,,0,,,26.23,0,low,20.16,4,1,56,https://www.musinsa.com/products/4279928
2026-08-27,노매뉴얼,4279992,A.G HOODIE - DARK NAVY,0.0,0,64400,64400,,0,,,26.22,0,low,20.16,4,1,56,https://www.musinsa.com/products/4279992
2026-08-27,노매뉴얼,4280056,OVERDYED LAYER HOODED ZIP-UP - DEEP KHAKI,0.0,0,111300,111300,,0,,,26.22,0,low,20.16,4,1,56,https://www.musinsa.com/products/4280056
2026-08-27,제너럴아이디어,4280312,에센셜 크루넥 가디건 [DARK NAVY] / GF7LKC501,0.0,0,38250,38250,,0,,,44.82,0,low,20.7,2,1,56,https://www.musinsa.com/products/4280312
2026-08-27,어반드레스,4283832,Joseb Check Shirt - 3COL,0.0,0,68000,68000,,0,,,41.67,0,low,19.6,2,1,56,https://www.musinsa.com/products/4283832
2026-08-27,나인제트,4284408,소프트 테리 오버핏 긴팔 카라티 (멜란지 그레이) 24PL01,0.0,0,65000,65000,,0,,,26.22,0,low,20.16,4,1,56,https://www.musinsa.com/products/4284408
2026-08-27,슈퍼서브,4287864,THUNDER 브러쉬드 니트 후디 - 아이보리,0.0,0,44910,44910,,0,,,27.78,0,low,20.2,3,1,56,https://www.musinsa.com/products/4287864
2026-08-27,디미트리블랙,4288952,ASI OG 에센셜 트러커 자켓_데님 빈티지 블랙,0.0,0,45900,45900,,0,,,40.03,0,low,21.05,2,1,56,https://www.musinsa.com/products/4288952
2026-08-27,언탭트 스튜디오,4299320,[2PACK]시티보이 오버핏 럭비 카라 맨투맨 스웻 티셔츠 4COLOR,0.0,0,59800,59800,,0,,,37.93,0,low,21.54,2,1,56,https://www.musinsa.com/products/4299320
2026-08-27,코드그라피,4306872,90S VTG THE NERD 오버핏 체크셔츠_라이트 핑크,0.33,6566,19900,19900,,0,,,27.77,0,low,20.2,3,1,56,https://www.musinsa.com/products/4306872
2026-08-27,제너럴아이디어,4308600,스카프 레이어드 브이넥 풀오버 [BLACK] / WBD3L05516,0.0,0,40000,40000,,0,,,44.81,0,low,20.7,2,1,56,https://www.musinsa.com/products/4308600
2026-08-27,언탭트 스튜디오,4308728,[SET]시티보이 빅오버핏 워시드 데님 셔츠 4Color,0.0,0,59730,59730,,0,,,37.93,0,low,21.54,2,1,56,https://www.musinsa.com/products/4308728
2026-08-27,마인드브릿지,4312760,[SET]투톤조직자켓 셋업 브라운,0.0,0,69000,69000,,0,,,26.21,0,low,20.16,4,1,56,https://www.musinsa.com/products/4312760
2026-08-27,마인드브릿지,4313144,[COUTURE]데님라이크와이드원턱팬츠 MYPT6173,0.0,0,29900,29900,,0,,,26.2,0,low,20.16,4,1,56,https://www.musinsa.com/products/4313144
2026-08-27,세컨모놀로그,4316152,코듀로이 스냅 후드 셔츠 재킷 [CD.BLACK]_SEJK011CD.BLACK,0.0,0,89000,89000,,0,,,40.02,0,low,21.05,2,1,56,https://www.musinsa.com/products/4316152
2026-08-27,모즈모즈,4319416,헤비 웨이트 피그먼트 절개 투웨이 오버핏 후드집업 그레이,0.0,0,80000,80000,,0,,,32.69,0,low,20.84,3,1,56,https://www.musinsa.com/products/4319416
2026-08-27,모즈모즈,4319992,소프트 쭈리 썬데이 보헤미안 오버핏 맨투맨 블랙,0.0,0,48800,48800,,0,,,32.68,0,low,20.84,3,1,56,https://www.musinsa.com/products/4319992
2026-08-27,모즈모즈,4320184,소프트 쭈리 원턱 와이드 스트링 트레이닝팬츠 버건디,0.0,0,47800,47800,,0,,,32.68,0,low,20.84,3,1,56,https://www.musinsa.com/products/4320184
2026-08-27,커버낫,4322616,어센틱 다잉 롱슬리브 블루,0.0,0,41400,41400,,0,,,40.02,0,low,21.05,2,1,56,https://www.musinsa.com/products/4322616
2026-08-27,로템버,4327608,워시드 프렌치 초어 자켓 [BROWN],0.0,0,136080,136080,,0,,,43.6,0,low,21.5,2,1,56,https://www.musinsa.com/products/4327608
2026-08-27,엑스컨테이너,4336568,딥 워싱 와이드 데님 팬츠 (BRUSHED INDIGO),0.0,0,43450,43450,,0,,,26.19,0,low,20.16,4,1,56,https://www.musinsa.com/products/4336568
2026-08-27,썬러브투어,4337272,Polartec® Fleece Half ZIp Dress Ivory,0.0,0,49900,49900,,0,,,43.59,0,low,21.5,2,1,56,https://www.musinsa.com/products/4337272
2026-08-27,트리밍버드,4343992,2-way Collar Knit Sleeve Vintage Leather Jacket [ Black ],0.0,0,389000,389000,,0,,,41.66,0,low,19.6,2,1,56,https://www.musinsa.com/products/4343992
2026-08-27,넌블랭크,4344952,세미 오버 핏 저지 셋업_DARK GREY,0.0,0,156960,156960,,0,,,37.92,0,low,21.54,2,1,56,https://www.musinsa.com/products/4344952
2026-08-27,트래블,4347256,디테쳐블 피그먼트 파라슈트 팬츠 모카 브라운,0.0,0,44500,44500,,0,,,43.59,0,low,21.5,2,1,56,https://www.musinsa.com/products/4347256
2026-08-27,스컬프터,4355512,Mary Acid Peel Hoodie Washed Khaki,0.0,0,108500,108500,,0,,,44.8,0,low,20.7,2,1,56,https://www.musinsa.com/products/4355512
2026-08-27,해비즘,4358008,OVERSIZE 2-WAY LACE SWEATPANTS(BLACK),0.0,0,61750,61750,,0,,,37.91,0,low,21.54,2,1,56,https://www.musinsa.com/products/4358008
2026-08-27,무센트,4358904,로스터 포켓 체크 셔츠 (남녀공용),0.0,0,59900,59900,,0,,,40.0,0,low,21.05,2,1,56,https://www.musinsa.com/products/4358904
2026-08-27,드로우핏,4363640,에센셜 스퀘어 니트 타이 [3COLORS],0.0,0,25200,25200,,0,,,27.74,0,low,20.2,3,1,56,https://www.musinsa.com/products/4363640
2026-08-27,프리즘웍스,4368888,CN FLIGHT PANTS _ BLACK,0.0,0,69000,69000,,0,,,41.65,0,low,19.6,2,1,56,https://www.musinsa.com/products/4368888
2026-08-27,더바이닐하우스,4371064,CUT-OFF SWEATSHIRT BLACK,0.0,0,58800,58800,,0,,,39.99,0,low,21.05,2,1,56,https://www.musinsa.com/products/4371064
2026-08-27,몽돌,4374072,세미 부츠컷 슬랙스 차콜 MDPT021CHARCOAL,0.0,0,56960,56960,,0,,,44.8,0,low,20.7,2,1,56,https://www.musinsa.com/products/4374072
2026-08-27,브라운야드,4377656,"엑스트라 슈퍼 파인 브이넥 니트, 올리브 그레이",0.0,0,198000,198000,,0,,,37.9,0,low,21.54,2,1,56,https://www.musinsa.com/products/4377656
2026-08-27,미나브,4379960,마가렛 스웨이드 숄더백 [블랙],0.0,0,59000,59000,,0,,,43.59,0,low,21.5,2,1,56,https://www.musinsa.com/products/4379960
2026-08-27,워크온바디오프,4381176,[2 PACK] WOBO 오프 슬랙스,0.0,0,54800,54800,,0,,,39.98,0,low,21.05,2,1,56,https://www.musinsa.com/products/4381176
2026-08-27,아메스 월드와이드,4384696,BASIC LOGO BALL CAP KHAKI,0.0,0,31200,31200,,0,,,26.18,0,low,20.16,4,1,56,https://www.musinsa.com/products/4384696
2026-08-27,아메스 월드와이드,4385400,BASIC RAGLAN PULLOVER KNIT LIGHT BLUE,0.0,0,44800,44800,,0,,,26.17,0,low,20.16,4,1,56,https://www.musinsa.com/products/4385400
2026-08-27,더니트컴퍼니,4388024,워셔블 코튼 크루넥 니트 12color,1.32,52598,39900,39900,,0,,,27.74,0,low,20.2,4,1,56,https://www.musinsa.com/products/4388024
2026-08-27,코드그라피,4388984,(우먼) 피그먼트 리버스 배색 트레이닝 팬츠_카키,0.0,0,55300,55300,,0,,,27.74,0,low,20.2,3,1,56,https://www.musinsa.com/products/4388984
2026-08-27,무센트,4393528,플루이드 시그니처 사이드 버튼 팬츠 (2컬러),0.0,0,48830,48830,,0,,,39.98,0,low,21.05,2,1,56,https://www.musinsa.com/products/4393528
2026-08-27,엑스트라오디너리,4398008,POSSESS LONG SLEEVE  BLACK,0.0,0,34500,34500,,0,,,26.17,0,low,20.16,4,1,56,https://www.musinsa.com/products/4398008
2026-08-27,엑스트라오디너리,4398136,[피로 PICK] FEARLESS CREWNECK  OFF WHITE,0.0,0,59500,59500,,0,,,26.17,0,low,20.16,4,1,56,https://www.musinsa.com/products/4398136
2026-08-27,플랙,4398648,스트레이트 원워싱 데님팬츠 M42 다크 인디고,0.0,0,79000,79000,,0,,,39.97,0,low,21.05,2,1,56,https://www.musinsa.com/products/4398648
2026-08-27,유라고,4401400,Slim boatneck t-shirt,0.0,0,40280,40280,,0,,,32.65,0,low,20.84,3,1,56,https://www.musinsa.com/products/4401400
2026-08-27,시눈,4410232,Round Coin Bag (Red),0.0,0,59480,59480,,0,,,32.65,0,low,20.84,3,1,56,https://www.musinsa.com/products/4410232
2026-08-27,시눈,4412024,Raglan Hoodie Jacket (Cream),0.0,0,125000,125000,,0,,,32.64,0,low,20.84,3,1,56,https://www.musinsa.com/products/4412024
2026-08-27,파르티멘토 우먼,4417464,보우 타이 발레리나 플랫_실버,0.0,0,208810,208810,,0,,,26.16,0,low,20.16,4,1,56,https://www.musinsa.com/products/4417464
2026-08-27,세터,4419640,(W) 자카드 크롭 로고 니트 블랙 그레이,0.0,0,209000,209000,,0,,,32.64,0,low,20.84,3,1,56,https://www.musinsa.com/products/4419640
2026-08-27,디미트리블랙,4421496,2WAY 에센셜 그라데이션 헤어리 후드집업_핑크,0.0,0,35900,35900,,0,,,39.96,0,low,21.05,2,1,56,https://www.musinsa.com/products/4421496
2026-08-27,유니폼브릿지,4423160,AE two pocket check shirt green,0.0,0,25800,25800,,0,,,44.78,0,low,20.7,2,1,56,https://www.musinsa.com/products/4423160
2026-08-27,에이치덱스,4423544,챔프스 후디 (Brown),0.0,0,74300,74300,,0,,,27.73,0,low,20.2,3,1,56,https://www.musinsa.com/products/4423544
2026-08-27,스컬프터,4432632,Funnel Neck Sweater Khaki,0.0,0,83300,83300,,0,,,44.77,0,low,20.7,2,1,56,https://www.musinsa.com/products/4432632
2026-08-27,마인드브릿지,4438264,[웜]나일론본딩파라슈트풀밴딩팬츠 - 2color MYPT7140,0.0,0,37910,37910,,0,,,26.16,0,low,20.16,4,1,56,https://www.musinsa.com/products/4438264
2026-08-27,마인드브릿지,4438328,두굿_패딩 셔켓 - 3color,0.0,0,75910,75910,,0,,,26.16,0,low,20.16,4,1,56,https://www.musinsa.com/products/4438328
2026-08-27,마인드브릿지,4438392,두굿_울 혼방 카라 니트 - 2color,0.0,0,56910,56910,,0,,,26.16,0,low,20.16,4,1,56,https://www.musinsa.com/products/4438392
2026-08-27,어반드레스,4443960,Siberia Duck Stella Crop Vest DARK BLACK,0.0,0,59000,59000,,0,,,41.62,0,low,19.6,2,1,56,https://www.musinsa.com/products/4443960
2026-08-27,글로니,4444792,PROVINCE EYELET PANTS (FOG BOUQUET),0.0,0,95000,95000,,0,,,41.62,0,low,19.6,2,1,56,https://www.musinsa.com/products/4444792
2026-08-27,쿠어,4451448,페이퍼리 퀼트 덕 다운 점퍼 (카키),0.0,0,342000,342000,,0,,,32.64,0,low,20.84,3,1,56,https://www.musinsa.com/products/4451448
2026-08-27,제로,4452216,Tender Ombre Check Hood Shirts [2 Colors],0.0,0,14700,14700,,0,,,32.64,0,low,20.84,3,1,56,https://www.musinsa.com/products/4452216
2026-08-27,필루미네이트,4454200,88 FLM 바시티 자켓-브라운,0.0,0,60900,60900,,0,,,37.88,0,low,21.55,2,1,56,https://www.musinsa.com/products/4454200
2026-08-27,더니트컴퍼니,4454712,텍스처드 폴로 니트 3color,0.0,0,93800,93800,,0,,,27.72,0,low,20.2,3,1,56,https://www.musinsa.com/products/4454712
2026-08-27,언탭트 스튜디오,4467192,유니버스 플래그 그래픽 오버핏 배색 후드 티셔츠 네이비,0.0,0,34860,34860,,0,,,37.87,0,low,21.55,2,1,56,https://www.musinsa.com/products/4467192
2026-08-27,세터,4468024,파로 부클 니트 집업 네이비,0.0,0,189000,189000,,0,,,32.63,0,low,20.84,3,1,56,https://www.musinsa.com/products/4468024
2026-08-27,유라고,4468472,Base logo sweatshirt,0.0,0,74480,74480,,0,,,32.63,0,low,20.84,3,1,56,https://www.musinsa.com/products/4468472
2026-08-27,커버낫,4469240,아치 로고 드롭핏 맨투맨 블랙,0.0,0,47400,47400,,0,,,39.95,0,low,21.06,2,1,56,https://www.musinsa.com/products/4469240
2026-08-27,아메스 월드와이드,4477368,HAIRY KNIT GLOVES & MUFFLER SET PINK,0.0,0,41600,41600,,0,,,26.14,0,low,20.16,4,1,56,https://www.musinsa.com/products/4477368
2026-08-27,브라운야드,4479736,"W 롱 H 라인 스커트, 블랙",0.0,0,117600,117600,,0,,,37.87,0,low,21.55,2,1,56,https://www.musinsa.com/products/4479736
2026-08-27,스컬프터,4481080,Sequin Midi Skirt Ice White,0.0,0,123900,123900,,0,,,44.76,0,low,20.7,2,1,56,https://www.musinsa.com/products/4481080
2026-08-27,무드인사이드,4482424,[SET] 피그먼트 헤비 스웨트 후드집업 + 피그먼트 원턱 스웨트 와이드팬츠,0.0,0,229800,229800,,0,,,43.58,0,low,21.5,2,1,56,https://www.musinsa.com/products/4482424
2026-08-27,비바라비다,4486456,[기모선택] Moment 헤비테리 후드,0.0,0,59900,59900,,0,,,44.76,0,low,20.7,2,1,56,https://www.musinsa.com/products/4486456
2026-08-27,언더오프,4493368,래글런 트랙 스타 로고 후드 집업 버건디,0.46,16715,36720,36720,,0,,,39.94,0,low,21.06,2,1,56,https://www.musinsa.com/products/4493368
2026-08-27,꼼파뇨,4496312,[2-WAY] 버니 크롭 집업 니트 크림,0.0,0,48750,48750,,0,,,26.14,0,low,20.16,4,1,56,https://www.musinsa.com/products/4496312
2026-08-27,러브이즈트루,4497144,FS QUILTING PADDING PANTS(BLACK),0.0,0,34240,34240,,0,,,37.87,0,low,21.55,2,1,56,https://www.musinsa.com/products/4497144
2026-08-27,미나브,4497720,레직기 워싱 데님팬츠 [다크그레이],0.0,0,71200,71200,,0,,,43.58,0,low,21.5,2,1,56,https://www.musinsa.com/products/4497720
2026-08-27,엑스오엑스,4498744,기모 오버핏 하프집업 스웻 셔츠 [M/GREY],0.0,0,27450,27450,,0,,,32.62,0,low,20.84,3,1,56,https://www.musinsa.com/products/4498744
2026-08-27,트리밍버드,4500088,Damaged Over Wide Denim Pants [ Blue ],0.0,0,239000,239000,,0,,,41.61,0,low,19.6,2,1,56,https://www.musinsa.com/products/4500088
2026-08-27,커버낫,4503288,아치 블록코어 맨투맨 그레이,0.0,0,53960,53960,,0,,,39.93,0,low,21.06,2,1,56,https://www.musinsa.com/products/4503288
2026-08-27,999휴머니티,4506424,벨루어 웨스턴 자켓 (그레이),0.0,0,258000,258000,,0,,,32.62,0,low,20.84,3,1,56,https://www.musinsa.com/products/4506424
2026-08-27,아틀리에 나인,4507768,OEL BOOTCUT DENIM PANTS(PT-5575),0.0,0,88200,88200,,0,,,32.62,0,low,20.84,3,1,56,https://www.musinsa.com/products/4507768
2026-08-27,프렌다,4509176,GLOSSY PUFFER JACKET WHITE,0.0,0,114500,114500,,0,,,43.58,0,low,21.5,2,1,56,https://www.musinsa.com/products/4509176
2026-08-27,워크온바디오프,4510136,비와이드 오버핏 데님 셔츠 [블랙],0.0,0,79000,79000,,0,,,39.93,0,low,21.06,2,1,56,https://www.musinsa.com/products/4510136
2026-08-27,글로니,4517560,G STRAIGHT WOOL PANTS (BROWN),0.0,0,218000,218000,,0,,,41.6,0,low,19.6,2,1,56,https://www.musinsa.com/products/4517560
2026-08-27,솔트앤초콜릿,4521784,워머 벨티드 미들부츠 412446004(4cm/1color),0.0,0,96750,96750,,0,,,44.75,0,low,20.7,2,1,56,https://www.musinsa.com/products/4521784
2026-08-27,본투윈,4525112,CAMO BRNTW SWEATSHIRTS [MELANGE GREY],0.0,0,68600,68600,,0,,,44.75,0,low,20.7,2,1,56,https://www.musinsa.com/products/4525112
2026-08-27,솔트앤초콜릿,4530552,울 더블버튼 핸드메이드 코트 블랙 4W244I002,0.0,0,173600,173600,,0,,,44.74,0,low,20.7,2,1,56,https://www.musinsa.com/products/4530552
2026-08-27,언더오프,4533880,퍼카라 패디드 항공점퍼 봄버자켓 카키,0.0,0,36720,36720,,0,,,39.92,0,low,21.06,2,1,56,https://www.musinsa.com/products/4533880
2026-08-27,웬즈데이오아시스,4537016,브러쉬 워시드 코듀로이 팬츠 3COLOR,0.0,0,55650,55650,,0,,,43.57,0,low,21.5,2,1,56,https://www.musinsa.com/products/4537016
2026-08-27,언탭트 스튜디오,4541368,시티보이 빅 오버핏 플레이드 체크셔츠 2Color,0.0,0,34930,34930,,0,,,37.85,0,low,21.55,2,1,56,https://www.musinsa.com/products/4541368
2026-08-27,헬레네파리스,4544888,포엠 레이어드 롱 슬리브 [ST포레스트],0.0,0,28320,28320,,0,,,41.6,0,low,19.6,2,1,56,https://www.musinsa.com/products/4544888
2026-08-27,에이치덱스,4546808,더매스 212 피그먼트 조거 스웨트 팬츠 (Pigment Brown),0.0,0,108000,108000,,0,,,27.69,0,low,20.2,3,1,56,https://www.musinsa.com/products/4546808
2026-08-27,테이크이지,4563320,아플리케 스웨트 팬츠 (블랙),0.0,0,34500,34500,,0,,,39.92,0,low,21.06,2,1,56,https://www.musinsa.com/products/4563320
2026-08-27,아틀리에 나인,4585400,STRIPE SKASHI CARDIGAN(CD-2180),0.0,0,88200,88200,,0,,,32.61,0,low,20.84,3,1,56,https://www.musinsa.com/products/4585400
2026-08-27,꼼파뇨,4587640,홉피 레글런 블록 니트 네이비,0.0,0,35000,35000,,0,,,26.12,0,low,20.16,4,1,56,https://www.musinsa.com/products/4587640
2026-08-27,언더오프,4606648,피치스킨 에센셜 일루젼 기모 후디 네이비,0.0,0,26320,26320,,0,,,39.91,0,low,21.06,2,1,56,https://www.musinsa.com/products/4606648
2026-08-27,썸웨어버터,4607096,Sheer Frill Layered Dress - Peach Fuzz,0.0,0,61040,61040,,0,,,37.84,0,low,21.55,2,1,56,https://www.musinsa.com/products/4607096
2026-08-27,와이케이,4611640,말티즈 아카이브 맨투맨 9 COLOR,0.0,0,50400,50400,,0,,,37.84,0,low,21.55,2,1,56,https://www.musinsa.com/products/4611640
2026-08-27,마인드브릿지 우먼,4613240,[W]두굿_니트카라블루종점퍼 - 2color MYDJ8202,0.0,0,159000,159000,,0,,,32.59,0,low,20.84,3,1,56,https://www.musinsa.com/products/4613240
2026-08-27,커버낫,4618680,시그니처 심볼 맨투맨 올리브,0.0,0,41400,41400,,0,,,39.91,0,low,21.06,2,1,56,https://www.musinsa.com/products/4618680
2026-08-27,링서울,4623608,baby alpaca V-neck kint top-melange,0.0,0,99940,99940,,0,,,37.84,0,low,21.55,2,1,56,https://www.musinsa.com/products/4623608
2026-08-27,링서울,4623672,v-neck sleeveless dress-charcoal,0.0,0,100160,100160,,0,,,37.84,0,low,21.55,2,1,56,https://www.musinsa.com/products/4623672
2026-08-27,니티드,4645432,코튼 유즈풀 캐슬 라운드 니트 BLACK,0.0,0,34900,34900,,0,,,27.68,0,low,20.2,3,1,56,https://www.musinsa.com/products/4645432
2026-08-27,유라고,4645624,Suede long boots,0.0,0,112200,112200,,0,,,32.59,0,low,20.84,3,1,56,https://www.musinsa.com/products/4645624
2026-08-27,시야쥬,4647544,SIST9043 울 블렌드 그레이스 스커트_Black,0.0,0,103000,103000,,0,,,39.9,0,low,21.06,2,1,56,https://www.musinsa.com/products/4647544
2026-08-27,슬로우애시드,4648056,블랙레터 서클 로고 와이드 후디 [블랙],0.0,0,44500,44500,,0,,,27.68,0,low,20.2,3,1,56,https://www.musinsa.com/products/4648056
2026-08-27,마인드브릿지 우먼,4650488,[W]울100 홀가먼트 오버핏 터틀넥 니트 - 3color,0.0,0,29900,29900,,0,,,32.59,0,low,20.84,3,1,56,https://www.musinsa.com/products/4650488
2026-08-27,트리밍버드,4656248,Hairy Hoddie Muffler Set-up Crop Coat [ Gray ],0.0,0,379000,379000,,0,,,41.59,0,low,19.6,2,1,56,https://www.musinsa.com/products/4656248
2026-08-27,일리고,4658104,갤럭시 스터드 후드 집업 차콜,0.0,0,70400,70400,,0,,,26.11,0,low,20.16,4,1,56,https://www.musinsa.com/products/4658104
2026-08-27,무센트,4658232,지미 라운드넥 크롭 꽈배기 니트 (7컬러),0.0,0,49900,49900,,0,,,39.9,0,low,21.06,2,1,56,https://www.musinsa.com/products/4658232
2026-08-27,디미트리블랙,4671544,ASI 포시즌 에센셜 하프 집업 맨투맨_블랙,0.0,0,29900,29900,,0,,,39.9,0,low,21.06,2,1,56,https://www.musinsa.com/products/4671544
2026-08-27,키뮤어,4679224,울(WOOL) 파이핑 바시티 자켓 DS_그레이,0.0,0,111300,111300,,0,,,41.59,0,low,19.6,2,1,56,https://www.musinsa.com/products/4679224
2026-08-27,트래블,4694264,카모 레이어드 데님 팬츠 라이트 블루,0.0,0,52500,52500,,0,,,43.56,0,low,21.5,2,1,56,https://www.musinsa.com/products/4694264
2026-08-27,제너럴아이디어,4695736,루즈핏 포켓 코튼 셔츠 [SKY BLUE] / WBE1L03503,0.0,0,43000,43000,,0,,,44.72,0,low,20.7,2,1,56,https://www.musinsa.com/products/4695736
2026-08-27,썸웨어버터,4696632,Cotton Cable Knit Pants - Navy,0.0,0,53120,53120,,0,,,37.83,0,low,21.55,2,1,56,https://www.musinsa.com/products/4696632
2026-08-27,드로우핏 우먼,4697016,미니 케이블 오버핏 카라 가디건 [NAVY],0.0,0,69300,69300,,0,,,43.56,0,low,21.5,2,1,56,https://www.musinsa.com/products/4697016
2026-08-27,드로우핏 우먼,4697080,수피마 실켓 보트넥 롱 슬리브 티셔츠 [WHITE],0.0,0,32400,32400,,0,,,43.55,0,low,21.5,2,1,56,https://www.musinsa.com/products/4697080
2026-08-27,파브레가,4699576,헤비 코튼 헨리넥 니트 (4COLOR),0.0,0,78300,78300,,0,,,27.66,0,low,20.2,3,1,56,https://www.musinsa.com/products/4699576
2026-08-27,엑스컨테이너,4702904,핀 스트라이프 와이드 데님 팬츠 (BLACK),0.0,0,29500,29500,,0,,,26.1,0,low,20.16,4,1,56,https://www.musinsa.com/products/4702904
2026-08-27,마인드브릿지,4705784,오버핏 싱글 코튼 자켓,0.0,0,69900,69900,,0,,,26.1,0,low,20.16,4,1,56,https://www.musinsa.com/products/4705784
2026-08-27,주앙옴므,4706744,헨리넥 롱 슬리브 티셔츠 (화이트),0.31,19289,62100,62100,,0,,,26.09,0,low,20.16,4,1,56,https://www.musinsa.com/products/4706744
2026-08-27,키르시,4716920,키르시 플레인 샌드 워싱 와이드핏 데님 팬츠 [라이트 블루],0.0,0,71400,71400,,0,,,39.89,0,low,21.06,2,1,56,https://www.musinsa.com/products/4716920
2026-08-27,세터,4718584,클래식 로고 볼캡 네온 그린,0.0,0,69000,69000,,0,,,32.58,0,low,20.84,3,1,56,https://www.musinsa.com/products/4718584
2026-08-27,일꼬르소,4722680,시티 투웨이 헬맷 백 블랙 IEBA5G001BK,0.0,0,119400,119400,,0,,,39.88,0,low,21.06,2,1,56,https://www.musinsa.com/products/4722680
2026-08-27,러브이즈트루,4723192,IM SHORT PLEATS SKIRT(BLACK),0.0,0,36300,36300,,0,,,37.82,0,low,21.55,2,1,56,https://www.musinsa.com/products/4723192
2026-08-27,낫포너드,4725496,N4ND Drip Logo Pullover Hood - Light Pink,0.0,0,59000,59000,,0,,,27.66,0,low,20.2,3,1,56,https://www.musinsa.com/products/4725496
2026-08-27,노매뉴얼,4727544,NM X MP BALL CAP - WASHED BLACK,0.0,0,59000,59000,,0,,,26.09,0,low,20.16,4,1,56,https://www.musinsa.com/products/4727544
2026-08-27,일리고,4731192,엠버 버클 숄더 백 버건디,0.93,70429,75600,75600,,0,,,26.08,0,low,20.16,6,1,56,https://www.musinsa.com/products/4731192
2026-08-27,9999아카이브,4733176,9 Zipper Print T,0.0,0,27000,27000,,0,,,37.81,0,low,21.55,2,1,56,https://www.musinsa.com/products/4733176
2026-08-27,노매뉴얼,4734392,RAW VISION T-SHIRT - WHITE,0.0,0,29400,29400,,0,,,26.07,0,low,20.16,4,1,56,https://www.musinsa.com/products/4734392
2026-08-27,노매뉴얼,4734520,C.P WORK SHIRT - CHARCOAL,0.0,0,67200,67200,,0,,,26.06,0,low,20.16,4,1,56,https://www.musinsa.com/products/4734520
2026-08-27,아이돈워너셀,4734968,Terrace Check Shirt Black,0.0,0,62300,62300,,0,,,39.87,0,low,21.06,2,1,56,https://www.musinsa.com/products/4734968
2026-08-27,루에브르,4736760,Partir Shoulder Large Lizard embo FA5SB314-FH,0.0,0,359000,359000,,0,,,43.54,0,low,21.5,2,1,56,https://www.musinsa.com/products/4736760
2026-08-27,몰든,4737528,[2pack] 프리미엄 머슬핏 스몰로고 티셔츠,0.0,0,50400,50400,,0,,,43.54,0,low,21.5,2,1,56,https://www.musinsa.com/products/4737528
2026-08-27,썸웨어버터,4738168,Camilla V-Neck Cardigan - Ivory,0.0,0,76160,76160,,0,,,37.81,0,low,21.55,2,1,56,https://www.musinsa.com/products/4738168
2026-08-27,몽돌,4738680,[SET] 린넨 라운드넥 가디건 오트밀 MDCD043OATMEAL,0.0,0,51480,51480,,0,,,44.71,0,low,20.7,2,1,56,https://www.musinsa.com/products/4738680
2026-08-27,1993스튜디오,4740216,나일론 배색 쇼츠_네이비,0.0,0,39900,39900,,0,,,39.87,0,low,21.06,2,1,56,https://www.musinsa.com/products/4740216
2026-08-27,시야쥬,4741688,SIJN6085 루즈 핏 아이코닉 부츠컷 데님_Medium blue,0.0,0,93000,93000,,0,,,39.87,0,low,21.06,2,1,56,https://www.musinsa.com/products/4741688
2026-08-27,러프사이드,4741752,Shirring Shirt Oatmeal,0.0,0,128000,128000,,0,,,32.57,0,low,20.84,3,1,56,https://www.musinsa.com/products/4741752
2026-08-27,무센트,4742904,베이 2 버클 스트링 나일론 백팩 (남녀공용),0.45,15955,35120,35120,,0,,,39.87,0,low,21.06,2,1,56,https://www.musinsa.com/products/4742904
2026-08-27,칙스,4744184,클래식 골지 마이크로 쇼츠 블랙,0.0,0,15920,15920,,0,,,41.57,0,low,19.6,2,1,56,https://www.musinsa.com/products/4744184
2026-08-27,유라고,4745144,Harper textured jacket,0.0,0,109920,109920,,0,,,32.56,0,low,20.84,3,1,56,https://www.musinsa.com/products/4745144
2026-08-27,시야쥬,4748536,SIOT4138 트위드 바시티 자켓_Black,0.0,0,179000,179000,,0,,,39.86,0,low,21.06,2,1,56,https://www.musinsa.com/products/4748536
2026-08-27,워크온바디오프,4749432,이지온 세미 오버핏 스트라이프 카라 반팔 니트 [네이비],0.91,27162,29900,29900,,0,,,39.86,0,low,21.06,2,1,56,https://www.musinsa.com/products/4749432
2026-08-27,글로니,4749688,PURE MODAL SLIT TANK (WHITE MELANGE),0.0,0,52000,52000,,0,,,41.57,0,low,19.6,2,1,56,https://www.musinsa.com/products/4749688
2026-08-27,알리스,4751672,이레틱 피그먼트 다잉 트랙 후드 집업 [워시드블랙],0.0,0,80360,80360,,0,,,26.05,0,low,20.16,4,1,56,https://www.musinsa.com/products/4751672
2026-08-27,인사일런스,4754616,컴팩트 크롭 자켓 BROWN CHECK,0.0,0,179100,179100,,0,,,39.85,0,low,21.06,2,1,56,https://www.musinsa.com/products/4754616
2026-08-27,락케이크,4754808,Off Shoulder Damaged Knit - Gray,0.0,0,49050,49050,,0,,,43.53,0,low,21.5,2,1,56,https://www.musinsa.com/products/4754808
2026-08-27,커버낫,4756600,C 로고 데님 셔츠 Light Blue,0.0,0,69300,69300,,0,,,39.84,0,low,21.06,2,1,56,https://www.musinsa.com/products/4756600
2026-08-27,스컬프터,4756984,Knitted Stripe Hoodie Butter/Baby Blue,0.52,34831,67200,67200,,0,,,44.7,0,low,20.7,2,1,56,https://www.musinsa.com/products/4756984
2026-08-27,글로니,4757688,DREAM CLOUD DUVET COVER (BABY BLUE STRIPE),0.0,0,240000,240000,,0,,,41.57,0,low,19.6,2,1,56,https://www.musinsa.com/products/4757688
2026-08-27,파르티멘토 우먼,4759992,PWC 코튼 후디 집업_에크루,0.0,0,49130,49130,,0,,,26.05,0,low,20.16,4,1,56,https://www.musinsa.com/products/4759992
2026-08-27,파르티멘토 우먼,4760120,PWC 브이넥 베이비 롱슬리브 티_핑크,0.0,0,24570,24570,,0,,,26.04,0,low,20.16,4,1,56,https://www.musinsa.com/products/4760120
2026-08-27,에이치덱스,4763448,짐 체인 키링 (Silver),0.0,0,12400,12400,,0,,,27.64,0,low,20.2,3,1,56,https://www.musinsa.com/products/4763448
2026-08-27,룩캐스트,4764536,볼린 플리츠 레이어드 팬츠_블랙 / BOLIN PLEATED LAYERED PANTS_BLACK,0.0,0,62540,62540,,0,,,26.03,0,low,20.16,4,1,56,https://www.musinsa.com/products/4764536
2026-08-27,아틀리에 나인,4772600,BELTED WIDE DENIM PANTS(PT-5624),0.0,0,88200,88200,,0,,,32.55,0,low,20.84,3,1,56,https://www.musinsa.com/products/4772600
2026-08-27,유니폼브릿지,4772984,stripe boat neck naval l/s tee navy,0.0,0,44500,44500,,0,,,44.69,0,low,20.7,2,1,56,https://www.musinsa.com/products/4772984
2026-08-27,유니폼브릿지,4773048,light short hunting jacket beige,0.0,0,109500,109500,,0,,,44.69,0,low,20.7,2,1,56,https://www.musinsa.com/products/4773048
2026-08-27,아메스 월드와이드,4773624,I LOVE AMES TEE WHITE,0.0,0,23400,23400,,0,,,26.03,0,low,20.16,4,1,56,https://www.musinsa.com/products/4773624
2026-08-27,9999아카이브,4774200,Small Linking T,0.0,0,30870,30870,,0,,,37.79,0,low,21.55,2,1,56,https://www.musinsa.com/products/4774200
2026-08-27,모즈모즈,4779960,행복한고양이 오버핏 피그먼트 반팔 티셔츠 챠콜,0.0,0,29800,29800,,0,,,32.55,0,low,20.84,3,1,56,https://www.musinsa.com/products/4779960
2026-08-27,모즈모즈,4782136,디저트워 오버핏 반팔티셔츠 블랙,0.0,0,30400,30400,,0,,,32.54,0,low,20.84,3,1,56,https://www.musinsa.com/products/4782136
2026-08-27,넌블랭크,4785336,[여름]치노 팬츠 Ⅱ_DARK NAVY,0.0,0,71930,71930,,0,,,37.79,0,low,21.55,2,1,56,https://www.musinsa.com/products/4785336
2026-08-27,아틀리에 나인,4793016,ESSENTIAL THREE-BUTTON JACKET(JK-3016),0.0,0,191190,191190,,0,,,32.52,0,low,20.84,3,1,56,https://www.musinsa.com/products/4793016
2026-08-27,꼼파뇨,4794104,브레드 피그 반팔티 블랙,0.0,0,26000,26000,,0,,,26.02,0,low,20.16,4,1,56,https://www.musinsa.com/products/4794104
2026-08-27,트립르센스,4794744,핀턱 레더 트러커 자켓_베이지,0.0,0,136800,136800,,0,,,37.79,0,low,21.55,2,1,56,https://www.musinsa.com/products/4794744
2026-08-27,트립르센스,4794872,[유튜버 PICK] 크러쉬 트위드 라운드 자켓_네이비화이트,0.0,0,187200,187200,,0,,,37.78,0,low,21.55,2,1,56,https://www.musinsa.com/products/4794872
2026-08-27,커버낫,4797048,[코지 핏] 아치 로고 빈티지 아플리케 트러커 캡 Khaki,0.0,0,34300,34300,,0,,,39.82,0,low,21.06,2,1,56,https://www.musinsa.com/products/4797048
2026-08-27,커버낫,4797816,슬럽 스케치 로고 그래픽 롱슬리브 Light Purple,0.0,0,26550,26550,,0,,,39.82,0,low,21.06,2,1,56,https://www.musinsa.com/products/4797816
2026-08-27,커버낫,4797880,어센틱 로고 다잉 후디 Sky Blue,0.0,0,54450,54450,,0,,,39.81,0,low,21.06,2,1,56,https://www.musinsa.com/products/4797880
2026-08-27,본투윈,4799160,W B PENDANT COTTON CROP HOODIE [MELANGE GREY],0.0,0,55300,55300,,0,,,44.68,0,low,20.7,2,1,56,https://www.musinsa.com/products/4799160
2026-08-27,브랜디드,4810360,BASIC ROLLER BELT [BLACK],0.0,0,61200,61200,,0,,,27.63,0,low,20.2,3,1,56,https://www.musinsa.com/products/4810360
2026-08-27,언더오프,4813432,오버핏 스웨트 후디 1992아치 블랙,0.0,0,27920,27920,,0,,,39.8,0,low,21.06,2,1,56,https://www.musinsa.com/products/4813432
2026-08-27,낫포너드,4814200,Curved Semi Wide Denim Pants - Deep Blue,0.0,0,79000,79000,,0,,,27.63,0,low,20.2,3,1,56,https://www.musinsa.com/products/4814200
2026-08-27,와이케이,4816504,(우먼) 스타 위드 스트라이프 티셔츠 브라운,0.0,0,41300,41300,,0,,,37.77,0,low,21.55,2,1,56,https://www.musinsa.com/products/4816504
2026-08-27,러브이즈트루,4823416,[MARIE] LONG SLEEVED KNIT(WHITE),0.0,0,42000,42000,,0,,,37.77,0,low,21.56,2,1,56,https://www.musinsa.com/products/4823416
2026-08-27,러브이즈트루,4823480,[MARIE] BOUCLE KNIT(SKY BLUE),0.0,0,35260,35260,,0,,,37.77,0,low,21.56,2,1,56,https://www.musinsa.com/products/4823480
2026-08-27,썬러브투어,4826232,Capital Hoodie Heather Oatmeal,0.0,0,41280,41280,,0,,,43.52,0,low,21.5,2,1,56,https://www.musinsa.com/products/4826232
2026-08-27,썬러브투어,4826296,W Fly Stitch Hoodie Heather Blue,0.0,0,34880,34880,,0,,,43.52,0,low,21.5,2,1,56,https://www.musinsa.com/products/4826296
2026-08-27,꼼파뇨,4828792,HEROIC 후드티 멜란지화이트,0.0,0,52000,52000,,0,,,26.02,0,low,20.16,4,1,56,https://www.musinsa.com/products/4828792
2026-08-27,르바,4831544,Glow See-through Slim Shirt - Off White,0.0,0,125450,125450,,0,,,27.62,0,low,20.2,3,1,56,https://www.musinsa.com/products/4831544
2026-08-27,르바,4831800,Mini Wallet Leather Belt Bag - Breezy Red,0.0,0,107400,107400,,0,,,27.62,0,low,20.2,3,1,56,https://www.musinsa.com/products/4831800
2026-08-27,소버먼트,4837304,780G 라이트 피그먼트 후드-차콜-,0.0,0,49000,49000,,0,,,37.76,0,low,21.56,2,1,56,https://www.musinsa.com/products/4837304
2026-08-27,브라운브레스,4840248,TAG TEE - BLUE GREEN,0.0,0,39000,39000,,0,,,43.51,0,low,21.5,2,1,56,https://www.musinsa.com/products/4840248
2026-08-27,리메인세컨드,4846456,버뮤다 와이드 원턱 카펜터 스웨트 쇼츠 [피그먼트],0.75,19387,25900,25900,,0,,,32.5,0,low,20.84,3,1,56,https://www.musinsa.com/products/4846456
2026-08-27,프리즘웍스,4849144,JUNGLE CLOTH DECK HOODED PARKA _ BEIGE,0.0,0,113400,113400,,0,,,41.54,0,low,19.6,2,1,56,https://www.musinsa.com/products/4849144
2026-08-27,브라운야드,4855288,"W 이지 팬츠, 모카",0.0,0,158000,158000,,0,,,37.76,0,low,21.56,2,1,56,https://www.musinsa.com/products/4855288
2026-08-27,트립르센스,4859448,[유튜버 PICK] 로고 플레이트 베이직 슬리브리스_크림 아이보리,0.0,0,32800,32800,,0,,,37.75,0,low,21.56,2,1,56,https://www.musinsa.com/products/4859448
2026-08-27,디미트리블랙,4861752,VLAD 바이어스 체크 후드 셔츠_레드,0.0,0,38900,38900,,0,,,39.78,0,low,21.07,2,1,56,https://www.musinsa.com/products/4861752
2026-08-27,필루미네이트,4862712,와이드 패널 데님 팬츠-블랙,0.0,0,40000,40000,,0,,,37.75,0,low,21.56,2,1,56,https://www.musinsa.com/products/4862712
2026-08-27,프리즘웍스,4871352,MONDRIAN LIGHT ANORAK PARKA _ PEPPERMINT,0.0,0,88800,88800,,0,,,41.53,0,low,19.6,2,1,56,https://www.musinsa.com/products/4871352
2026-08-27,엘무드,4873784,노티컬 실켓코튼 PK 하프 니트 네이비,0.0,0,57600,57600,,0,,,39.77,0,low,21.07,2,1,56,https://www.musinsa.com/products/4873784
2026-08-27,에이지오디,4881720,원턱 와이드 슬럽 워싱 데님 버뮤다 쇼츠 [인디고],0.0,0,33670,33670,,0,,,43.51,0,low,21.5,2,1,56,https://www.musinsa.com/products/4881720
2026-08-27,2000아카이브스,4889272,UNISEX ARC RACING JACKET (BEIGE),0.0,0,137340,137340,,0,,,44.66,0,low,20.7,2,1,56,https://www.musinsa.com/products/4889272
2026-08-27,에이지오디,4894328,원턱 카펜터 스웨트 버뮤다 쇼츠 [그레이],0.0,0,28000,28000,,0,,,43.5,0,low,21.5,2,1,56,https://www.musinsa.com/products/4894328
2026-08-27,마인드브릿지,4898680,[쿨]테이퍼드 사이드 밴딩 팬츠 - 2color,0.0,0,39900,39900,,0,,,26.01,0,low,20.16,4,1,56,https://www.musinsa.com/products/4898680
2026-08-27,마인드브릿지 우먼,4899128,[W]절개 장식 크롭 티셔츠 - 2color,0.0,0,19900,19900,,0,,,32.49,0,low,20.84,3,1,56,https://www.musinsa.com/products/4899128
2026-08-27,마인드브릿지 우먼,4899448,[W][COUTURE]립 배색 슬림핏 니트,0.0,0,39900,39900,,0,,,32.48,0,low,20.84,3,1,56,https://www.musinsa.com/products/4899448
2026-08-27,파르티멘토 우먼,4908152,컷아웃 폴카 도트 자카드 니트 크루넥_화이트,0.0,0,63580,63580,,0,,,25.98,0,low,20.16,4,1,56,https://www.musinsa.com/products/4908152
2026-08-27,본투윈,4909304,RUNNING CAMP CAP [BLACK],1.04,46599,45000,45000,,0,,,44.65,0,low,20.7,2,1,56,https://www.musinsa.com/products/4909304
2026-08-27,세터,4910008,(W) 린넨 릴렉스드 데님 팬츠 블루,0.0,0,149000,149000,,0,,,32.48,0,low,20.84,3,1,56,https://www.musinsa.com/products/4910008
2026-08-27,커버낫,4913976,센터 어센틱 티셔츠 Dark Navy,0.0,0,25350,25350,,0,,,39.76,0,low,21.07,2,1,56,https://www.musinsa.com/products/4913976
2026-08-27,커버낫,4914424,C 로고 데님 하프 셔츠 Black,0.0,0,48950,48950,,0,,,39.76,0,low,21.07,2,1,56,https://www.musinsa.com/products/4914424
2026-08-27,트리밍버드,4917112,Linksle Texture Knit Set-up Skirt [ White ],0.0,0,149000,149000,,0,,,41.52,0,low,19.61,2,1,56,https://www.musinsa.com/products/4917112
2026-08-27,던스트,4923064,SUMMER CREWNECK KNIT_UDSW5B223_BLUE,0.0,0,39600,39600,,0,,,37.73,0,low,21.56,2,1,56,https://www.musinsa.com/products/4923064
2026-08-27,제로,4923448,스트링 래글런 롱 슬리브 티셔츠,0.0,0,22400,22400,,0,,,32.48,0,low,20.84,3,1,56,https://www.musinsa.com/products/4923448
2026-08-27,유라고,4924280,Paper boatneck loose knit,0.0,0,73720,73720,,0,,,32.48,0,low,20.84,3,1,56,https://www.musinsa.com/products/4924280
2026-08-27,제너럴아이디어,4932088,베이직 카라 하프 가디건 [IVORY] / WBE2L04528,0.0,0,36960,36960,,0,,,44.65,0,low,20.7,2,1,56,https://www.musinsa.com/products/4932088
2026-08-27,드로우핏,4934328,하버 데님 하프 셔츠 [MOSK BLUE],0.0,0,52200,52200,,0,,,27.59,0,low,20.2,3,1,56,https://www.musinsa.com/products/4934328
2026-08-27,던스트,4941688,UNISEX SUMMER HOLIDAY SURF BOARD T-SHIRT_UDTS6B133_OFF WHITE,0.0,0,27440,27440,,0,,,37.73,0,low,21.56,2,1,56,https://www.musinsa.com/products/4941688
2026-08-27,어반드레스,4946232,Vintage Lace Sleeveless KHAKI BEIGE,0.0,0,19900,19900,,0,,,41.52,0,low,19.61,2,1,56,https://www.musinsa.com/products/4946232
2026-08-27,브랜디드,4947256,NOBLE STRIPE SHIRT [SKY BLUE],0.0,0,80100,80100,,0,,,27.59,0,low,20.2,3,1,56,https://www.musinsa.com/products/4947256
2026-08-27,코드그라피,4956344,루즈 스트레이트 코튼팬츠_블랙,0.0,0,55300,55300,,0,,,27.58,0,low,20.2,3,1,56,https://www.musinsa.com/products/4956344
2026-08-27,에이치덱스,4958328,베이직 투톤 코튼 볼캡 (Red),0.0,0,39000,39000,,0,,,27.58,0,low,20.2,3,1,56,https://www.musinsa.com/products/4958328
2026-08-27,에이치덱스,4958968,사이드 컬러 블럭 숏 슬리브 (Black),0.0,0,49000,49000,,0,,,27.58,0,low,20.2,3,1,56,https://www.musinsa.com/products/4958968
2026-08-27,에이지오디,4959608,워라이즈 레터링 반소매 티셔츠 [라이트 베이지],0.0,0,18060,18060,,0,,,43.5,0,low,21.5,2,1,56,https://www.musinsa.com/products/4959608
2026-08-27,리메인세컨드,4964024,백 포인트 스튜디오 오버핏 반팔 티_5COLOR,0.0,0,22000,22000,,0,,,32.47,0,low,20.84,3,1,56,https://www.musinsa.com/products/4964024
2026-08-27,커버낫,4974264,쿨 코튼 서핑 모션 그래픽 티셔츠 White,0.45,14419,31860,31860,,0,,,39.74,0,low,21.07,2,1,56,https://www.musinsa.com/products/4974264
2026-08-27,브렌슨,4977016,( Waffle ) 오버핏 와플 반팔티 ( 4Color ),0.0,0,19900,19900,,0,,,39.73,0,low,21.07,2,1,56,https://www.musinsa.com/products/4977016
2026-08-27,카네이테이,4982264,BERMUDA DENIM SHORTS (GRAY),0.0,0,55200,55200,,0,,,44.64,0,low,20.7,2,1,56,https://www.musinsa.com/products/4982264
2026-08-27,카네이테이,4982968,SULFIN TIDE SHORT SLEEVES (WHITE),0.0,0,34300,34300,,0,,,44.64,0,low,20.7,2,1,56,https://www.musinsa.com/products/4982968
2026-08-27,제이엘브,4983544,원모어 메쉬 트랙 팬츠,0.0,0,54400,54400,,0,,,37.71,0,low,21.56,2,1,56,https://www.musinsa.com/products/4983544
2026-08-27,커버낫,4988920,나일론 퍼티그 하프 셔츠 Black,0.0,0,43450,43450,,0,,,39.73,0,low,21.07,2,1,56,https://www.musinsa.com/products/4988920
2026-08-27,제너럴아이디어,4993272,부클 레이어드 풀오버 [IVORY] / WBE1L05519,0.0,0,43700,43700,,0,,,44.63,0,low,20.7,2,1,56,https://www.musinsa.com/products/4993272
2026-08-27,더블유엠씨,4996024,와플 텍스쳐 헨리넥 반팔티셔츠_BLACK,0.0,0,19600,19600,,0,,,37.71,0,low,21.56,2,1,56,https://www.musinsa.com/products/4996024
2026-08-27,파르티멘토 우먼,4996920,폴카 도트 올오버 프린티드 레이스업 셔츠_핑크,0.0,0,54190,54190,,0,,,25.97,0,low,20.16,4,1,56,https://www.musinsa.com/products/4996920
2026-08-27,락피쉬웨더웨어,4999096,ORIGINAL RAIN BOOTS SHORT - 7 colors,0.0,0,69600,69600,,0,,,27.56,0,low,20.2,3,1,56,https://www.musinsa.com/products/4999096
2026-08-27,굿라이프웍스,4999992,G 아치 로고 캡 블랙,0.0,0,25900,25900,,0,,,32.46,0,low,20.84,3,1,56,https://www.musinsa.com/products/4999992
2026-08-27,드로우핏 우먼,5007800,썸머 투턱 와이드 슬랙스 [BEIGE],0.0,0,62100,62100,,0,,,43.48,0,low,21.5,2,1,56,https://www.musinsa.com/products/5007800
2026-08-27,낫포너드,5008248,Flame Applique Bermuda Denim Shorts - Black,0.0,0,59000,59000,,0,,,27.56,0,low,20.2,3,1,56,https://www.musinsa.com/products/5008248
2026-08-27,레더리,5008696,휠 크랙 링거티 [CREAM],0.0,0,21100,21100,,0,,,25.97,0,low,20.16,4,1,56,https://www.musinsa.com/products/5008696
2026-08-27,제너럴아이디어,5015672,멀티 스트라이프 U넥 하프 니트 [PINK] / WBE2L05542,0.0,0,29450,29450,,0,,,44.62,0,low,20.7,2,1,56,https://www.musinsa.com/products/5015672
2026-08-27,파르티멘토,5021368,시어 체크 롤업 셔츠 네이비,0.9,35822,39600,39600,,0,,,39.71,0,low,21.07,2,1,56,https://www.musinsa.com/products/5021368
2026-08-27,쿠어,5022392,프렌치 워크 치노 팬츠 (버터),0.0,0,139500,139500,,0,,,32.45,0,low,20.84,3,1,56,https://www.musinsa.com/products/5022392
2026-08-27,커버낫,5024504,쿨 코튼 키치 칵테일 그래픽 티셔츠 Blue,0.45,11081,24500,24500,,0,,,39.71,0,low,21.07,2,1,56,https://www.musinsa.com/products/5024504
2026-08-27,스컬프터,5025464,Lace Crop Baby Tee Mystic Blue,0.0,0,49600,49600,,0,,,44.62,0,low,20.7,2,1,56,https://www.musinsa.com/products/5025464
2026-08-27,에이이에이이,5026424,AE SYMBOL ANGEL WING CAP [GREY],0.62,31182,50450,50450,,0,,,25.96,0,low,20.16,4,1,56,https://www.musinsa.com/products/5026424
2026-08-27,시야쥬,5029432,SIAC3078 카르멘 헤리티지 레더 뮬_Black,0.0,0,153300,153300,,0,,,39.71,0,low,21.07,2,1,56,https://www.musinsa.com/products/5029432
2026-08-27,세터,5029624,(W) 로턴 크롭 하프 스웨트셔츠 블랙,0.0,0,109000,109000,,0,,,32.44,0,low,20.84,3,1,56,https://www.musinsa.com/products/5029624
2026-08-27,드로우핏 우먼,5029816,백 오픈 보트넥 슬리브리스 탑 [BLACK STRIPE],0.0,0,32400,32400,,0,,,43.48,0,low,21.5,2,1,56,https://www.musinsa.com/products/5029816
2026-08-27,시야쥬,5031608,SITP5202 레트로 브이넥 슬림 반팔티_Black,0.0,0,25900,25900,,0,,,39.71,0,low,21.07,2,1,56,https://www.musinsa.com/products/5031608
2026-08-27,아모우,5031864,Amou someday Henley neck blue,0.0,0,62400,62400,,0,,,41.5,0,low,19.61,2,1,56,https://www.musinsa.com/products/5031864
2026-08-27,썸웨어버터,5035448,Lovey Button Cardigan - Ivory,0.0,0,56700,56700,,0,,,37.7,0,low,21.56,2,1,56,https://www.musinsa.com/products/5035448
2026-08-27,썸웨어버터,5035768,[쁨이 PICK] Niah Sleeveless Blouse - Light Blue,0.0,0,80100,80100,,0,,,37.7,0,low,21.56,2,1,56,https://www.musinsa.com/products/5035768
2026-08-27,낫포너드,5036152,Flame 4 Symbol T-Shirts - Red,0.0,0,21000,21000,,0,,,27.56,0,low,20.2,3,1,56,https://www.musinsa.com/products/5036152
2026-08-27,바이젝,5036280,퍼펙트 특양면 무지 버뮤다 팬츠_4Color,0.0,0,48600,48600,,0,,,39.7,0,low,21.07,2,1,56,https://www.musinsa.com/products/5036280
2026-08-27,쿠어,5036536,레귤러핏 헨리 티셔츠 (화이트),0.0,0,63000,63000,,0,,,32.44,0,low,20.84,3,1,56,https://www.musinsa.com/products/5036536
2026-08-27,락피쉬웨더웨어,5038072,[X MINJUKIM] FLORAL PATCH RAIN BOOTS LONG - 4 colors,0.0,0,118500,118500,,0,,,27.55,0,low,20.2,3,1,56,https://www.musinsa.com/products/5038072
2026-08-27,디미트리블랙,5038648,VLAD 컷오프 아플리케 페이드 워싱 반팔 셔츠_베이지,0.0,0,36900,36900,,0,,,39.7,0,low,21.07,2,1,56,https://www.musinsa.com/products/5038648
2026-08-27,인사일런스,5041400,로우컷 카펜터 데님 쇼츠 GREY,0.0,0,95760,95760,,0,,,39.69,0,low,21.07,2,1,56,https://www.musinsa.com/products/5041400
2026-08-27,러브이즈트루,5043064,SM LAYERED LACE SLEEVELESS(BLACK),0.0,0,28330,28330,,0,,,37.69,0,low,21.56,2,1,56,https://www.musinsa.com/products/5043064
2026-08-27,에이치덱스,5046392,엑스퍼트 4.0 바이커 쇼츠 (Black),0.0,0,42000,42000,,0,,,27.55,0,low,20.2,3,1,56,https://www.musinsa.com/products/5046392
2026-08-27,무센트,5046648,메인 심볼 메탈 로고 3웨이 체인 미니 크로스백 남녀공용 (M 로고),0.0,0,79110,79110,,0,,,39.69,0,low,21.07,2,1,56,https://www.musinsa.com/products/5046648
2026-08-27,프렌다,5047928,PRDA FRILL SKIRT SHORTS BLACK,0.0,0,31000,31000,,0,,,43.47,0,low,21.5,2,1,56,https://www.musinsa.com/products/5047928
2026-08-27,알리스,5056760,슬릭 미니멀 레더 벨트 [블랙],0.0,0,32650,32650,,0,,,25.95,0,low,20.16,4,1,56,https://www.musinsa.com/products/5056760
2026-08-27,트리밍버드,5059064,Pleated Cover-up Dress [ Black ],0.0,0,179000,179000,,0,,,41.49,0,low,19.61,2,1,56,https://www.musinsa.com/products/5059064
2026-08-27,제멋,5060344,노먼 딥턱 린넨 라이크 숏팬츠 베이지 KJSP2614,0.0,0,29800,29800,,0,,,41.49,0,low,19.61,2,1,56,https://www.musinsa.com/products/5060344
2026-08-27,데꼬로소,5064760,웨스턴 투 포켓 반팔 셔츠 [애쉬 머스타드],0.0,0,39600,39600,,0,,,37.67,0,low,21.56,2,1,56,https://www.musinsa.com/products/5064760
2026-08-27,일리고,5064824,리본 타이 스퀘어넥 블라우스 화이트 도트,0.0,0,49600,49600,,0,,,25.94,0,low,20.16,4,1,56,https://www.musinsa.com/products/5064824
2026-08-27,드로우핏,5068728,[DRAW FIT X MANJAE] 리브드 라운드 하프 티셔츠 [IVORY],0.0,0,33300,33300,,0,,,27.54,0,low,20.2,3,1,56,https://www.musinsa.com/products/5068728
2026-08-27,후드후드,5070712,888 핀 버튼 숄더백 블랙,0.0,0,47970,47970,,0,,,27.54,0,low,20.2,3,1,56,https://www.musinsa.com/products/5070712
2026-08-27,후드후드,5070776,[최겨울pick] HD 데님 아플리케 반팔티셔츠 브라운,0.0,0,30420,30420,,0,,,27.54,0,low,20.2,3,1,56,https://www.musinsa.com/products/5070776
2026-08-27,토마스모어,5078840,코튼 린넨 스트링 팬츠 - 라이트베이지,0.0,0,89500,89500,,0,,,37.67,0,low,21.56,2,1,56,https://www.musinsa.com/products/5078840
2026-08-27,스컬프터,5079032,Mesh Stripe Midi Skirt Beige,0.0,0,78400,78400,,0,,,44.6,0,low,20.7,2,1,56,https://www.musinsa.com/products/5079032
2026-08-27,시눈,5079288,Shirring Bikini Brief (Navy),0.0,0,34980,34980,,0,,,32.43,0,low,20.84,3,1,56,https://www.musinsa.com/products/5079288
2026-08-27,로템버,5079608,텐셀 코튼 데님 하프 셔츠 [딥인디고],0.0,0,39060,39060,,0,,,43.46,0,low,21.5,2,1,56,https://www.musinsa.com/products/5079608
2026-08-27,기철,5081272,Standard darts denim jacket (Greyish Blue),0.0,0,59400,59400,,0,,,32.43,0,low,20.84,3,1,56,https://www.musinsa.com/products/5081272
2026-08-27,제너럴아이디어,5089464,저지 탑 벌룬 원피스 [BLACK] / WBE2L15512,0.0,0,39900,39900,,0,,,44.6,0,low,20.7,2,1,56,https://www.musinsa.com/products/5089464
2026-08-27,다이브인,5096888,DENIM BURMUDA WORK PANTS (WASHED BLACK),0.0,0,92000,92000,,0,,,39.67,0,low,21.07,2,1,56,https://www.musinsa.com/products/5096888
2026-08-27,메인부스,5097592,[비틀즈] 러브 티셔츠(화이트),0.33,8799,26900,26900,,0,,,27.53,0,low,20.2,3,1,56,https://www.musinsa.com/products/5097592
2026-08-27,프리즘웍스,5097912,ARMY TWO TUCK SWEAT PANTS _ OLIVE,0.0,0,53400,53400,,0,,,41.48,0,low,19.61,2,1,56,https://www.musinsa.com/products/5097912
2026-08-27,꼼파뇨,5104952,[CPGN X 카카오프렌즈] 코스믹 춘식 자수 반팔티 네이비,0.0,0,26000,26000,,0,,,25.93,0,low,20.16,4,1,56,https://www.musinsa.com/products/5104952
2026-08-27,니티드,5109624,(W) 썸머 부클 슬리브리스 NAVY,0.0,0,39200,39200,,0,,,27.53,0,low,20.2,3,1,56,https://www.musinsa.com/products/5109624
2026-08-27,후드후드,5115256,H 로고 반다나 블랙,0.0,0,11120,11120,,0,,,27.52,0,low,20.2,3,1,56,https://www.musinsa.com/products/5115256
2026-08-27,솔트앤초콜릿,5116728,[HAST] 클로비 숄더백 452511001 (Pink),0.0,0,55800,55800,,0,,,44.59,0,low,20.7,2,1,56,https://www.musinsa.com/products/5116728
2026-08-27,아캄,5118200,Painted 98 Half Top (Light Gray),0.37,19407,52000,52000,,0,,,32.41,0,low,20.84,3,1,56,https://www.musinsa.com/products/5118200
2026-08-27,프리즘웍스,5120568,COATED CN SHORTS _ BROWN,0.0,0,58800,58800,,0,,,41.47,0,low,19.61,2,1,56,https://www.musinsa.com/products/5120568
2026-08-27,트릴리온,5121016,헤링본 오버핏 롤업 하프 셔츠_블랙,0.62,12342,19990,19990,,0,,,25.93,0,low,20.16,4,1,56,https://www.musinsa.com/products/5121016
2026-08-27,커버낫,5124152,[SET] 테크 나일론 베이직 티셔츠 Charcoal(쇼츠.ver),0.0,0,66600,66600,,0,,,39.67,0,low,21.07,2,1,56,https://www.musinsa.com/products/5124152
2026-08-27,락피쉬웨더웨어,5125624,GLAIR PLATFORM SANDALS - 9 colors,0.0,0,65900,65900,,0,,,27.52,0,low,20.2,3,1,56,https://www.musinsa.com/products/5125624
2026-08-27,솔트앤초콜릿,5129592,츄비02 스트랩 슬리퍼 412523002 (4.5cm),0.52,30712,59400,59400,,0,,,44.59,0,low,20.7,2,1,56,https://www.musinsa.com/products/5129592
2026-08-27,스컬프터,5136248,Tie Sleeve Tee Coral,0.0,0,44000,44000,,0,,,44.59,0,low,20.7,2,1,56,https://www.musinsa.com/products/5136248
2026-08-27,로우클래식,5136952,STRING CHECKED MIDI SKRIT_BEIGE_LC252SK13BE,0.0,0,71200,71200,,0,,,41.46,0,low,19.61,2,1,56,https://www.musinsa.com/products/5136952
2026-08-27,프렌다,5139064,CAMO CARGO BERMUDA PANTS BLACK,0.0,0,49500,49500,,0,,,43.45,0,low,21.5,2,1,56,https://www.musinsa.com/products/5139064
2026-08-27,어반드레스,5140152,CAMO-BX01 Tank Top CHARCOAL,0.0,0,17090,17090,,0,,,41.46,0,low,19.61,2,1,56,https://www.musinsa.com/products/5140152
2026-08-27,글로니,5148856,BLUSH CHEEKY BIKINI BOTTOM (3 Colors),0.0,0,40950,40950,,0,,,41.45,0,low,19.61,2,1,56,https://www.musinsa.com/products/5148856
2026-08-27,니티드,5157112,커브드 트레이닝 팬츠 MELANGE WHITE,0.0,0,44800,44800,,0,,,27.52,0,low,20.2,3,1,56,https://www.musinsa.com/products/5157112
2026-08-27,탄산마그네슘,5158328,자카드 벌처 비니 (카키),0.0,0,29640,29640,,0,,,32.39,0,low,20.84,3,1,56,https://www.musinsa.com/products/5158328
2026-08-27,루에브르,5162168,Waist-Banded Wide Pants SW6XL291_3color,0.0,0,159000,159000,,0,,,43.45,0,low,21.51,2,1,56,https://www.musinsa.com/products/5162168
2026-08-27,슈퍼서브,5163320,스웨이버 핀턱 와이드 트레이닝 쇼츠 - 블랙,0.0,0,17910,17910,,0,,,27.51,0,low,20.2,3,1,56,https://www.musinsa.com/products/5163320
2026-08-27,배드블러드,5167288,라이온 져지 링거 티셔츠 - 라이트블루,0.0,0,52790,52790,,0,,,41.45,0,low,19.61,2,1,56,https://www.musinsa.com/products/5167288
2026-08-27,배드블러드,5167352,미스틱 오발 로고 져지 링거 티셔츠 - 블랙레오파드,0.0,0,52790,52790,,0,,,41.45,0,low,19.61,2,1,56,https://www.musinsa.com/products/5167352
2026-08-27,노이어,5167544,로우 컷 폴로 니트 (네이비),0.51,30183,59500,59500,,0,,,41.44,0,low,19.61,2,1,56,https://www.musinsa.com/products/5167544
2026-08-27,스컬프터,5169272,Overalls Knitted Bodysuit Raw,0.0,0,97600,97600,,0,,,44.57,0,low,20.7,2,1,56,https://www.musinsa.com/products/5169272
2026-08-27,파르티멘토 우먼,5170104,PWC 레이스 트림 아일렛 숏슬리브 티_멜란지,0.0,0,24570,24570,,0,,,25.92,0,low,20.16,4,1,56,https://www.musinsa.com/products/5170104
2026-08-27,무센트,5174840,버니시 메탈 로고 스판 하프 집업,0.0,0,70590,70590,,0,,,39.66,0,low,21.07,2,1,56,https://www.musinsa.com/products/5174840
2026-08-27,배드블러드,5176760,라이온 패치 탱크 - 워시드화이트,0.0,0,55890,55890,,0,,,41.44,0,low,19.61,2,1,56,https://www.musinsa.com/products/5176760
2026-08-27,스컬프터,5193848,Zip 66666 Underboob Tank Khaki,0.0,0,53600,53600,,0,,,44.57,0,low,20.7,2,1,56,https://www.musinsa.com/products/5193848
2026-08-27,솔트앤초콜릿,5194808,코지 스트랩 샌들 412524007 (5.3cm),0.0,0,59400,59400,,0,,,44.56,0,low,20.7,2,1,56,https://www.musinsa.com/products/5194808
2026-08-27,러프사이드,5209912,Lake Jacket Dark Olive,0.0,0,348000,348000,,0,,,32.38,0,low,20.84,3,1,56,https://www.musinsa.com/products/5209912
2026-08-27,파르티멘토 우먼,5213624,투웨이 프릴 쓰리쿼터 슬리브 티_베이지 스트라이프,0.0,0,31790,31790,,0,,,25.91,0,low,20.16,4,1,56,https://www.musinsa.com/products/5213624
2026-08-27,배드블러드,5216120,미스틱 비치타월 - 블랙,0.0,0,44550,44550,,0,,,41.44,0,low,19.61,2,1,56,https://www.musinsa.com/products/5216120
2026-08-27,배드블러드,5216824,[AQUA] 스플래시 도트 홀터 탱크 - 그레이,0.0,0,42480,42480,,0,,,41.44,0,low,19.61,2,1,56,https://www.musinsa.com/products/5216824
2026-08-27,무센트,5225336,네오루프 오픈 백 크롭 탑,0.0,0,61290,61290,,0,,,39.65,0,low,21.07,2,1,56,https://www.musinsa.com/products/5225336
2026-08-27,유니온블루,5227128,EAU DE PARFUM 50ml [HINOKI],0.0,0,68800,68800,,0,,,44.56,0,low,20.7,2,1,56,https://www.musinsa.com/products/5227128
2026-08-27,해칭룸,5238520,Armor Pants Blue Charcoal,0.0,0,168000,168000,,0,,,25.9,0,low,20.16,4,1,56,https://www.musinsa.com/products/5238520
2026-08-27,노매뉴얼,5242488,NEST HAIRY BEANIE - BLACK,0.0,0,50400,50400,,0,,,25.9,0,low,20.16,4,1,56,https://www.musinsa.com/products/5242488
2026-08-27,노매뉴얼,5242680,9P CARGO PANTS - WASHED CHARCOAL,0.0,0,151200,151200,,0,,,25.89,0,low,20.16,4,1,56,https://www.musinsa.com/products/5242680
2026-08-27,노매뉴얼,5243000,HOUNDSTOOTH CHECK JUMPER - BLACK,0.0,0,100800,100800,,0,,,25.89,0,low,20.16,4,1,56,https://www.musinsa.com/products/5243000
2026-08-27,노매뉴얼,5243448,SKADI DUCK DOWN - DARK BROWN,0.0,0,199200,199200,,0,,,25.87,0,low,20.16,4,1,56,https://www.musinsa.com/products/5243448
2026-08-27,커버낫,5243704,투 포켓 데일리 백팩 Beige,0.0,0,98100,98100,,0,,,39.65,0,low,21.07,2,1,56,https://www.musinsa.com/products/5243704
2026-08-27,썬러브투어,5243896,[The Fantastic Four] 3/4 Sleeve Tee Oatmeal,0.0,0,69500,69500,,0,,,43.44,0,low,21.5,2,1,56,https://www.musinsa.com/products/5243896
2026-08-27,글로니,5247736,G COMFORT HOODIE (STRAWBERRY),0.0,0,50220,50220,,0,,,41.43,0,low,19.61,2,1,56,https://www.musinsa.com/products/5247736
2026-08-27,굿라이프웍스,5250424,레글런 케이블 니트 차콜,0.0,0,34300,34300,,0,,,32.36,0,low,20.84,3,1,56,https://www.musinsa.com/products/5250424
2026-08-27,비바라비다,5256568,Spot 크롭 반팔 티셔츠,0.0,0,23900,23900,,0,,,44.55,0,low,20.7,2,1,56,https://www.musinsa.com/products/5256568
2026-08-27,언타이틀 서울,5269048,언타이틀 비기닝 스트라이프 빅 로고 설파 다이 롱 슬리브 페이디드 블랙,0.0,0,34800,34800,,0,,,32.35,0,low,20.84,3,1,56,https://www.musinsa.com/products/5269048
2026-08-27,기철,5271288,Backflip Knit (Brown),0.0,0,40200,40200,,0,,,32.35,0,low,20.84,3,1,56,https://www.musinsa.com/products/5271288
2026-08-27,낫포너드,5272312,Structured Biker Denim Pants - Deep Blue,0.0,0,84200,84200,,0,,,27.49,0,low,20.2,3,1,56,https://www.musinsa.com/products/5272312
2026-08-27,1993스튜디오,5274360,W 라글란 배색 7부 티셔츠_라이트블루,0.0,0,35900,35900,,0,,,39.64,0,low,21.07,2,1,56,https://www.musinsa.com/products/5274360
2026-08-27,트릴리온,5276024,워셔블 헤어리 스트라이프 크루넥 니트_블랙,0.0,0,36990,36990,,0,,,25.85,0,low,20.16,4,1,56,https://www.musinsa.com/products/5276024
2026-08-27,테이크이지,5279864,데저트 페어아일 니트 가디건 (크림),0.0,0,39500,39500,,0,,,39.64,0,low,21.07,2,1,56,https://www.musinsa.com/products/5279864
2026-08-27,파브레가,5286968,[SEEMCITY] 심볼 자수 치노 팬츠 (베이지),0.0,0,87300,87300,,0,,,27.49,0,low,20.2,3,1,56,https://www.musinsa.com/products/5286968
2026-08-27,마인드브릿지,5289592,레더 호보 크로스백,0.0,0,94050,94050,,0,,,25.84,0,low,20.16,4,1,56,https://www.musinsa.com/products/5289592
2026-08-27,마인드브릿지,5289656,트윌 조직 셔켓 - 2color,0.0,0,54900,54900,,0,,,25.84,0,low,20.16,4,1,56,https://www.musinsa.com/products/5289656
2026-08-27,다이브인,5293816,GRANDPA STRIPE TWO POCKET SHIRTS (PINK),0.0,0,89000,89000,,0,,,39.63,0,low,21.07,2,1,56,https://www.musinsa.com/products/5293816
2026-08-27,다이브인,5293880,OLD OXFORD SHIRTS (BLACK),0.0,0,89000,89000,,0,,,39.63,0,low,21.07,2,1,56,https://www.musinsa.com/products/5293880
2026-08-27,제너럴아이디어,5297464,플리츠 버뮤다 팬츠 [DEEP NAVY] / WBE3L12505,0.0,0,51200,51200,,0,,,44.54,0,low,20.7,2,1,56,https://www.musinsa.com/products/5297464
2026-08-27,몽돌,5303416,보트넥 알파카 골지 니트 탑 레드 MDKT118RED,0.0,0,42480,42480,,0,,,44.54,0,low,20.7,2,1,56,https://www.musinsa.com/products/5303416
2026-08-27,1993스튜디오,5303608,스웻 배색 바시티 자켓_네이비,0.0,0,99000,99000,,0,,,39.62,0,low,21.07,2,1,56,https://www.musinsa.com/products/5303608
2026-08-27,1993스튜디오,5304312,레글런 배색 니트 풀오버_그레이,0.0,0,79000,79000,,0,,,39.62,0,low,21.07,2,1,56,https://www.musinsa.com/products/5304312
2026-08-27,커버낫,5305272,[커버낫X하이다나] 펫 썬캡 Navy,0.0,0,25350,25350,,0,,,39.62,0,low,21.07,2,1,56,https://www.musinsa.com/products/5305272
2026-08-27,카키포인트,5307128,Chrome Hood Zip-up (white),0.0,0,99560,99560,,0,,,43.43,0,low,21.51,2,1,56,https://www.musinsa.com/products/5307128
2026-08-27,바우프,5309944,3 logo 엔젤 맨투맨 [레드],0.0,0,75650,75650,,0,,,27.47,0,low,20.2,3,1,56,https://www.musinsa.com/products/5309944
2026-08-27,바우프,5310264,빈티지 프릴 스커트 [도트 블랙],0.0,0,101150,101150,,0,,,27.47,0,low,20.2,3,1,56,https://www.musinsa.com/products/5310264
2026-08-27,유니폼브릿지,5310584,basic cotton chino pants olive,0.0,0,47600,47600,,0,,,44.54,0,low,20.7,2,1,56,https://www.musinsa.com/products/5310584
2026-08-27,프리즘웍스,5310776,COVER STITCH SWEATSHIRT _ OATMEAL,0.0,0,43200,43200,,0,,,41.42,0,low,19.61,2,1,56,https://www.musinsa.com/products/5310776
2026-08-27,썸웨어버터,5310840,Wave Logo Half Zip-Up Sweatshirt - Grey,0.0,0,82080,82080,,0,,,37.61,0,low,21.56,2,1,56,https://www.musinsa.com/products/5310840
2026-08-27,일리고,5311096,셔링 볼레로 탑 핑크 그레이,0.0,0,46400,46400,,0,,,25.82,0,low,20.16,4,1,56,https://www.musinsa.com/products/5311096
2026-08-27,꼼파뇨,5311160,노마드 오버핏 체크 셔츠 블랙,0.31,13987,45500,45500,,0,,,25.82,0,low,20.16,4,1,56,https://www.musinsa.com/products/5311160
2026-08-27,카키포인트,5311352,Stud Wallet Belt (brown),0.0,0,98040,98040,,0,,,43.43,0,low,21.5,2,1,56,https://www.musinsa.com/products/5311352
2026-08-27,웬즈데이오아시스,5311992,클래식 코튼 스티치 팬츠_BROWN(W25-PT27),0.0,0,69300,69300,,0,,,43.42,0,low,21.51,2,1,56,https://www.musinsa.com/products/5311992
2026-08-27,일꼬르소,5313976,캐시미어 모크넥 니트 블랙 IESW5F502BK,0.0,0,48300,48300,,0,,,39.61,0,low,21.07,2,1,56,https://www.musinsa.com/products/5313976
2026-08-27,아캄,5315768,Side Rhinestone Denim Pants (Blue),0.0,0,97800,97800,,0,,,32.33,0,low,20.84,3,1,56,https://www.musinsa.com/products/5315768
2026-08-27,아캄,5316024,Paint Washed Denim Pants (Blue),0.0,0,112700,112700,,0,,,32.33,0,low,20.84,3,1,56,https://www.musinsa.com/products/5316024
2026-08-27,아캄,5316152,Incision Eyelet Washed Denim Pants (Black),0.0,0,116900,116900,,0,,,32.33,0,low,20.84,3,1,56,https://www.musinsa.com/products/5316152
2026-08-27,아캄,5316408,Banding Denim Zip-Up Jacket (Dark Blue),0.0,0,160800,160800,,0,,,32.33,0,low,20.84,3,1,56,https://www.musinsa.com/products/5316408
2026-08-27,노티카,5318264,83플래그 스웨트팬츠(블랙) NPL7485BKZ,0.0,0,63200,63200,,0,,,32.33,0,low,20.84,3,1,56,https://www.musinsa.com/products/5318264
2026-08-27,비터셀즈,5319864,타이니 니트 레그 워머-차콜,0.0,0,37240,37240,,0,,,25.8,0,low,20.16,4,1,56,https://www.musinsa.com/products/5319864
2026-08-27,커버낫,5320696,베이직 포켓 롱슬리브 Dusty Blue,0.0,0,35400,35400,,0,,,39.59,0,low,21.07,2,1,56,https://www.musinsa.com/products/5320696
2026-08-27,에스피오나지,5321848,Jungle Boonie Hat Olive (Tunnel Rats),0.0,0,45500,45500,,0,,,41.41,0,low,19.61,2,1,56,https://www.musinsa.com/products/5321848
2026-08-27,프리즘웍스,5321912,WOOL STRIPE ROUND CARDIGAN _ BRICK,0.0,0,82800,82800,,0,,,41.41,0,low,19.61,2,1,56,https://www.musinsa.com/products/5321912
2026-08-27,커버낫,5321976,인사이드아웃 아치로고 맨투맨 Brown,0.0,0,53400,53400,,0,,,39.58,0,low,21.07,2,1,56,https://www.musinsa.com/products/5321976
2026-08-27,커버낫,5322040,숏 퀼팅 자켓 Charcoal,0.0,0,71880,71880,,0,,,39.58,0,low,21.07,2,1,56,https://www.musinsa.com/products/5322040
2026-08-27,커버낫,5322104,빈티지 나일론 카드 월렛 Black,0.0,0,27500,27500,,0,,,39.57,0,low,21.07,2,1,56,https://www.musinsa.com/products/5322104
2026-08-27,스컬프터,5322680,Cross Strap Layered Wallet Metal Purple,0.0,0,88200,88200,,0,,,44.53,0,low,20.7,2,1,56,https://www.musinsa.com/products/5322680
2026-08-27,도프제이슨,5323512,풀업 스웨이드 버튼 해링턴 자켓 CAMEL,0.0,0,149000,149000,,0,,,37.6,0,low,21.56,2,1,56,https://www.musinsa.com/products/5323512
2026-08-27,알리스,5324216,브러쉬드 노르딕 라운드 니트 가디건 [그레이],0.31,20426,66490,66490,,0,,,25.8,0,low,20.16,4,1,56,https://www.musinsa.com/products/5324216
2026-08-27,세터,5326968,로턴 카고 트랙 팬츠 네이비,0.0,0,159000,159000,,0,,,32.33,0,low,20.84,3,1,56,https://www.musinsa.com/products/5326968
2026-08-27,드헤베,5327352,Round Ribbed Cardigan [Black],0.0,0,60440,60440,,0,,,27.46,0,low,20.2,3,1,56,https://www.musinsa.com/products/5327352
2026-08-27,코드그라피,5332664,(우먼) 하프 헌팅 자켓_크림,0.0,0,125300,125300,,0,,,27.45,0,low,20.2,3,1,56,https://www.musinsa.com/products/5332664
2026-08-27,아이돈워너셀,5334008,Bolly Raw Denim Jacket Black,0.0,0,118300,118300,,0,,,39.56,0,low,21.07,2,1,56,https://www.musinsa.com/products/5334008
2026-08-27,제너럴아이디어,5336440,UNISEX 코튼 로고 루즈핏 맨투맨 세트 [KHAKI] / SBE3U51003SET,0.0,0,105600,105600,,0,,,44.52,0,low,20.7,2,1,56,https://www.musinsa.com/products/5336440
2026-08-27,룩캐스트,5336952,키튼 비건 레더 자켓_블랙 / KITTEN VEGAN LEATHER JACKET_BLACK,0.0,0,182400,182400,,0,,,25.79,0,low,20.16,4,1,56,https://www.musinsa.com/products/5336952
2026-08-27,에이치덱스,5337144,우먼스 서포트 파이핑 부츠컷 레깅스 (Charcoal),0.0,0,65000,65000,,0,,,27.45,0,low,20.2,3,1,56,https://www.musinsa.com/products/5337144
2026-08-27,일리고,5340216,뉴 클래식 빈티지 맨투맨 블랙,0.0,0,40000,40000,,0,,,25.79,0,low,20.16,4,1,56,https://www.musinsa.com/products/5340216
2026-08-27,러브이즈트루,5340280,SHUGO CHARA! CARD WALLET(CAMO),0.42,17990,43000,43000,,0,,,37.59,0,low,21.57,2,1,56,https://www.musinsa.com/products/5340280
2026-08-27,와르,5341048,M1069 스냅 가디건_차콜,0.0,0,56280,56280,,0,,,44.52,0,low,20.7,2,1,56,https://www.musinsa.com/products/5341048
2026-08-27,디미트리블랙,5341432,VLAD 스몰 로고 페이드 워싱 후드 티셔츠_더스티 핑크,0.0,0,35900,35900,,0,,,39.56,0,low,21.07,2,1,56,https://www.musinsa.com/products/5341432
2026-08-27,시야쥬,5341816,SIAC3091 골지 쁘띠 니트 스카프_Navy,0.0,0,43000,43000,,0,,,39.56,0,low,21.07,2,1,56,https://www.musinsa.com/products/5341816
2026-08-27,시야쥬,5343480,SIKN2150 울 블렌드 코어 니트 가디건_Black,0.0,0,97000,97000,,0,,,39.55,0,low,21.07,2,1,56,https://www.musinsa.com/products/5343480
2026-08-27,유라고,5344056,Raglan logo sweatshirt,0.0,0,82840,82840,,0,,,32.31,0,low,20.84,3,1,56,https://www.musinsa.com/products/5344056
2026-08-27,모즈모즈,5345080,부디즘 레이어드 피그먼트 그래픽 롱 슬리브 블랙,0.0,0,39800,39800,,0,,,32.31,0,low,20.84,3,1,56,https://www.musinsa.com/products/5345080
2026-08-27,필루미네이트,5345848,써밋 후드 윈드브레이커-차콜,0.0,0,60000,60000,,0,,,37.59,0,low,21.57,2,1,56,https://www.musinsa.com/products/5345848
2026-08-27,모즈모즈,5348088,소셜브이 그래픽 오버핏 맨투맨 블랙,0.0,0,39800,39800,,0,,,32.31,0,low,20.84,3,1,56,https://www.musinsa.com/products/5348088
2026-08-27,벨리에,5350584,미드 와이드 데님 팬츠 - 앤틱 블랙,0.0,0,148200,148200,,0,,,32.3,0,low,20.84,3,1,56,https://www.musinsa.com/products/5350584
2026-08-27,모즈모즈,5352056,헤비 웨이트 피그먼트 나그랑 뒷절개 오버핏 맨투맨 더티그레이,0.0,0,64400,64400,,0,,,32.3,0,low,20.84,3,1,56,https://www.musinsa.com/products/5352056
2026-08-27,필루미네이트,5352440,래글런 카라 데님 자켓-카키,0.0,0,60900,60900,,0,,,37.59,0,low,21.57,2,1,56,https://www.musinsa.com/products/5352440
2026-08-27,아웃스탠딩,5353656,PURE WOOL WHOLEGARMENT KNIT_MELANGE OLIVE,0.0,0,106200,106200,,0,,,44.51,0,low,20.7,2,1,56,https://www.musinsa.com/products/5353656
2026-08-27,후러브스아트,5354168,데일리 쓰리턱 와이드 벌룬 밴딩 팬츠 크림,0.0,0,9900,9900,,0,,,37.58,0,low,21.57,2,1,56,https://www.musinsa.com/products/5354168
2026-08-27,에이이에이이,5354616,STRIPE V-NECK KNIT PULLOVER [KHAKI],0.0,0,74120,74120,,0,,,25.78,0,low,20.15,4,1,56,https://www.musinsa.com/products/5354616
2026-08-27,에이이에이이,5354744,ROUND POCKET CHECK SHIRTS [BLACK],0.0,0,53550,53550,,0,,,25.78,0,low,20.16,4,1,56,https://www.musinsa.com/products/5354744
2026-08-27,아모우,5356280,AMOU Pigment Sweat Cardigan VINTAGE RED,0.0,0,84000,84000,,0,,,41.4,0,low,19.61,2,1,56,https://www.musinsa.com/products/5356280
2026-08-27,노티카,5356728,[10% 쿠폰] 83플래그 폴라 버튼 풀오버(5colors) NFL2366,5.95,376036,63200,63200,,0,,,32.3,0,low,20.84,4,1,56,https://www.musinsa.com/products/5356728
2026-08-27,제로,5357688,코어 크롭 티셔츠,0.0,0,15400,15400,,0,,,32.29,0,low,20.84,3,1,56,https://www.musinsa.com/products/5357688
2026-08-27,드로우핏,5358776,와이드 밴딩 치노 팬츠 [BROWN],0.0,0,59400,59400,,0,,,27.44,0,low,20.2,3,1,56,https://www.musinsa.com/products/5358776
2026-08-27,더바넷,5359608,Oversized Colette Stripe Knit_Navy,0.0,0,115520,115520,,0,,,27.43,0,low,20.2,3,1,56,https://www.musinsa.com/products/5359608
2026-08-27,키르시,5360632,레이어드 셔츠 미니 드레스 [화이트],0.0,0,97300,97300,,0,,,39.54,0,low,21.08,2,1,56,https://www.musinsa.com/products/5360632
2026-08-27,아틀리에 나인,5361208,ACCORD PLEATS TWO-WAY SHORT CARDIGAN(CD-2220),0.0,0,77700,77700,,0,,,32.29,0,low,20.84,3,1,56,https://www.musinsa.com/products/5361208
2026-08-27,토피,5363832,사이드 라인 트랙 팬츠 (NAVY),0.0,0,39200,39200,,0,,,44.5,0,low,20.7,2,1,56,https://www.musinsa.com/products/5363832
2026-08-27,더바넷,5364664,Tovi Wind Set-Up Jacket_Khaki,0.0,0,218000,218000,,0,,,27.43,0,low,20.2,3,1,56,https://www.musinsa.com/products/5364664
2026-08-27,에이치덱스,5364792,코어 로고 스웨트 팬츠 (Smokey Brown),0.0,0,79000,79000,,0,,,27.43,0,low,20.2,3,1,56,https://www.musinsa.com/products/5364792
2026-08-27,낫포너드,5365688,Gloss Highneck Raglan Windbreaker - Black,0.33,38444,118000,118000,,0,,,27.42,0,low,20.2,3,1,56,https://www.musinsa.com/products/5365688
2026-08-27,썸웨어버터,5365816,Square Logo Sweatshirt - White Melange,0.0,0,82080,82080,,0,,,37.58,0,low,21.57,2,1,56,https://www.musinsa.com/products/5365816
2026-08-27,더바넷,5369208,Moss Wool Knit Socks_5Color,0.0,0,14440,14440,,0,,,27.42,0,low,20.2,3,1,56,https://www.musinsa.com/products/5369208
2026-08-27,벨리에,5374136,트루 스트레이트 데님 팬츠 - 웨일 인디고,0.0,0,148200,148200,,0,,,32.28,0,low,20.84,3,1,56,https://www.musinsa.com/products/5374136
2026-08-27,필루미네이트,5374712,커브드 로고 바시티 자켓-네이비,0.0,0,52900,52900,,0,,,37.57,0,low,21.57,2,1,56,https://www.musinsa.com/products/5374712
2026-08-27,인사일런스,5376568,친츠 코튼 투포켓 셔츠 BLACK,0.0,0,111600,111600,,0,,,39.52,0,low,21.08,2,1,56,https://www.musinsa.com/products/5376568
2026-08-27,웬즈데이오아시스,5388408,애쉬 피그먼트 후드 스웨트셔츠_YELLOW(W25-TP34),0.0,0,61600,61600,,0,,,43.4,0,low,21.51,2,1,56,https://www.musinsa.com/products/5388408
2026-08-27,어반드레스,5389944,Lace Pop Wide Pants_4Colors,0.0,0,56550,56550,,0,,,41.39,0,low,19.61,2,1,56,https://www.musinsa.com/products/5389944
2026-08-27,아틀리에 나인,5391992,SLIT POINT DENIM MAXI SKIRT(SK-5040),0.0,0,95060,95060,,0,,,32.27,0,low,20.84,3,1,56,https://www.musinsa.com/products/5391992
2026-08-27,더뮤지엄비지터,5392440,SPRAYED TIEDYE SPORTS T-SHIRT (PINK),0.0,0,43800,43800,,0,,,44.49,0,low,20.7,2,1,56,https://www.musinsa.com/products/5392440
2026-08-27,트릴리온,5393336,워셔블 그라데이션 스트라이프 크루넥 니트_블랙,0.0,0,39000,39000,,0,,,25.76,0,low,20.16,4,1,56,https://www.musinsa.com/products/5393336
2026-08-27,유니폼브릿지,5393464,military cargo pants grey,0.0,0,63600,63600,,0,,,44.48,0,low,20.7,2,1,56,https://www.musinsa.com/products/5393464
2026-08-27,테이크이지,5394936,[기획] (코튼16수) 솔리드 크롭 티셔츠 - 3 COLOR,2.25,35763,15900,15900,,0,,,39.51,0,low,21.08,4,1,56,https://www.musinsa.com/products/5394936
2026-08-27,낫포너드,5396344,444 Logo Color Block Nylon Windbreaker Jacket - Black,0.0,0,99000,99000,,0,,,27.41,0,low,20.2,3,1,56,https://www.musinsa.com/products/5396344
2026-08-27,세터,5396728,스몰 리벳 아플리케 포켓 로고 후드 차콜,0.0,0,159000,159000,,0,,,32.27,0,low,20.84,3,1,56,https://www.musinsa.com/products/5396728
2026-08-27,세터,5397176,[라이즈PICK] 베이직 로고 자카드 크루 넥 니트 민트,0.0,0,149000,149000,,0,,,32.26,0,low,20.84,3,1,56,https://www.musinsa.com/products/5397176
2026-08-27,세터,5397368,(W) 마론 나일론 크롭 봄버 자켓 블랙,0.0,0,239000,239000,,0,,,32.26,0,low,20.84,3,1,56,https://www.musinsa.com/products/5397368
2026-08-27,9999아카이브,5398200,9 Star Logo Hoodie,0.0,0,59400,59400,,0,,,37.56,0,low,21.57,2,1,56,https://www.musinsa.com/products/5398200
2026-08-27,코드그라피,5398840,(우먼) CGP 아치 로고 아플리케 맨투맨_크림,0.0,0,55300,55300,,0,,,27.4,0,low,20.2,3,1,56,https://www.musinsa.com/products/5398840
2026-08-27,제멋,5404152,노어 오버핏 후드 버건디 KJHD2661,0.51,20159,39800,39800,,0,,,41.39,0,low,19.61,2,1,56,https://www.musinsa.com/products/5404152
2026-08-27,제멋,5407096,보이 크롭 긴팔티셔츠 다크브라운 KJLT2672,0.0,0,23900,23900,,0,,,41.39,0,low,19.61,2,1,56,https://www.musinsa.com/products/5407096
2026-08-27,프리즘웍스,5407736,FOLD FATIGUE WIDE PANTS _ CHARCOAL,0.0,0,68600,68600,,0,,,41.38,0,low,19.61,2,1,56,https://www.musinsa.com/products/5407736
2026-08-27,제이엘브,5407928,아웃리치 그래픽 후디,0.0,0,57600,57600,,0,,,37.56,0,low,21.57,2,1,56,https://www.musinsa.com/products/5407928
2026-08-27,탄산마그네슘,5413048,스타 롱슬리브 (카키),0.37,23994,64600,64600,,0,,,32.26,0,low,20.84,3,1,56,https://www.musinsa.com/products/5413048
2026-08-27,코드그라피,5424248,스몰 스퀘어 로고 트랙 집업_차콜,0.0,0,76300,76300,,0,,,27.39,0,low,20.2,3,1,56,https://www.musinsa.com/products/5424248
2026-08-27,배드블러드,5424568,미스틱11 리버시블 퍼 후드 자켓 - 화이트/블랙,0.51,102138,201690,201690,,0,,,41.38,0,low,19.61,2,1,56,https://www.musinsa.com/products/5424568
2026-08-27,배드블러드,5424632,코스모11 디태쳐블 퍼 후드 집업 - 블랙,0.0,0,177390,177390,,0,,,41.38,0,low,19.61,2,1,56,https://www.musinsa.com/products/5424632
2026-08-27,배드블러드,5424696,바이퍼31-1 라이트웨이트 후드 푸퍼 - 그레이카모,0.0,0,179280,179280,,0,,,41.38,0,low,19.61,2,1,56,https://www.musinsa.com/products/5424696
2026-08-27,르아르,5425144,울 블렌드 부클 하프 코트 [네이비],0.0,0,69900,69900,,0,,,32.25,0,low,20.84,3,1,56,https://www.musinsa.com/products/5425144
2026-08-27,아틀리에 나인,5427768,LEO BUSTIER TIE KNIT S (T-7103),0.0,0,76630,76630,,0,,,32.25,0,low,20.84,3,1,56,https://www.musinsa.com/products/5427768
2026-08-27,니티드,5429432,[2PACK] (W) 베이직 에센셜 워셔블 라운드 니트,0.0,0,69800,69800,,0,,,27.39,0,low,20.2,3,1,56,https://www.musinsa.com/products/5429432
2026-08-27,니티드,5429880,쉐기독 울 100% 브이넥 니트 MELANGE GREY,0.0,0,69800,69800,,0,,,27.39,0,low,20.2,3,1,56,https://www.musinsa.com/products/5429880
2026-08-27,노이어,5433464,벨벳 웨스턴 크롭 블루종 (블랙),0.0,0,208200,208200,,0,,,41.37,0,low,19.61,2,1,56,https://www.musinsa.com/products/5433464
2026-08-27,노매뉴얼,5434424,NO RELIGION LOGO PATCH BEANIE - D.GREY,0.0,0,43000,43000,,0,,,25.75,0,low,20.16,4,1,56,https://www.musinsa.com/products/5434424
2026-08-27,메종미네드,5434744,CUT OUT DENIM TRUCKER JACKET LIGHT BLUE,0.0,0,97300,97300,,0,,,25.75,0,low,20.16,4,1,56,https://www.musinsa.com/products/5434744
2026-08-27,트립르센스,5436088,컴포트 와플 크롭 롱슬리브 티셔츠_크림,0.0,0,44100,44100,,0,,,37.55,0,low,21.57,2,1,56,https://www.musinsa.com/products/5436088
2026-08-27,제멋,5436344,코튼피치 와이드 밴딩팬츠 네이비 MMLP2673,0.0,0,39800,39800,,0,,,41.36,0,low,19.61,2,1,56,https://www.musinsa.com/products/5436344
2026-08-27,시눈,5443768,Sinoon Pleated Maxi Skirt (Beige),0.0,0,119400,119400,,0,,,32.24,0,low,20.84,3,1,56,https://www.musinsa.com/products/5443768
2026-08-27,무센트,5444472,러브릿츠 미니 하트 로고 원 숄더 긴팔 티 (2컬러),0.0,0,29900,29900,,0,,,39.49,0,low,21.08,2,1,56,https://www.musinsa.com/products/5444472
2026-08-27,필루미네이트,5445112,어반 쉴드 패딩-라이트카키,0.0,0,79000,79000,,0,,,37.55,0,low,21.57,2,1,56,https://www.musinsa.com/products/5445112
2026-08-27,스컬프터,5448504,Chi Hoodie Deep Brown,0.0,0,103200,103200,,0,,,44.47,0,low,20.7,2,1,56,https://www.musinsa.com/products/5448504
2026-08-27,2000아카이브스,5448760,CANDICE CORSET SHIRT (BLACK STRIPE),0.0,0,93240,93240,,0,,,44.47,0,low,20.7,2,1,56,https://www.musinsa.com/products/5448760
2026-08-27,스컬프터,5451256,Faux Fur Corset Jacket Wine,0.0,0,229600,229600,,0,,,44.46,0,low,20.7,2,1,56,https://www.musinsa.com/products/5451256
2026-08-27,카네이테이,5460920,WASHABLE WARM TOUCH HENLEY KNIT (CHARCOAL),0.0,0,59900,59900,,0,,,44.45,0,low,20.7,2,1,56,https://www.musinsa.com/products/5460920
2026-08-27,제이엘브,5472632,집업 니트 패딩 자켓,1.25,118267,94400,94400,,0,,,37.54,0,low,21.57,4,1,56,https://www.musinsa.com/products/5472632
2026-08-27,트래블,5475896,새틴 트랙 라이트 패딩 자켓 네이비,0.0,0,54000,54000,,0,,,43.38,0,low,21.51,2,1,56,https://www.musinsa.com/products/5475896
2026-08-27,미나브,5476664,체스트포켓 크롭 울자켓 [브라운],0.0,0,138600,138600,,0,,,43.38,0,low,21.51,2,1,56,https://www.musinsa.com/products/5476664
2026-08-27,바이모노,5485368,[빅사이즈 XL-6XL] 모노 감탄 이지케어 반팔 셔츠,0.0,0,34900,34900,,0,,,39.47,0,low,21.08,2,1,56,https://www.musinsa.com/products/5485368
2026-08-27,마인드브릿지,5489720,[웜]하프 터틀넥 티셔츠 - 2color,0.0,0,27900,27900,,0,,,25.74,0,low,20.16,4,1,56,https://www.musinsa.com/products/5489720
2026-08-27,세터,5490808,(W) 테오 폭스 스웨이드 숏 자켓 파이럿 블랙,0.0,0,319000,319000,,0,,,32.21,0,low,20.84,3,1,56,https://www.musinsa.com/products/5490808
2026-08-27,트립르센스,5494392,울 믹스드 컬러 크롭 라운드 니트_브라운 믹스,0.0,0,70500,70500,,0,,,37.53,0,low,21.57,2,1,56,https://www.musinsa.com/products/5494392
2026-08-27,아틀리에 나인,5498104,ESSENTIAL UNBALANCED WRAP SKIRT(SK-5067),0.0,0,112620,112620,,0,,,32.21,0,low,20.84,3,1,56,https://www.musinsa.com/products/5498104
2026-08-27,제너럴아이디어,5503736,MAN 쓰리버튼 수트 블레이저 [CHARCOAL STRIPE] / SBE3M55008,0.0,0,103200,103200,,0,,,44.44,0,low,20.7,2,1,56,https://www.musinsa.com/products/5503736
2026-08-27,아메스 월드와이드,5507064,STRIPE ROUND NECK CARDIGAN BROWN,0.0,0,63200,63200,,0,,,25.73,0,low,20.16,4,1,56,https://www.musinsa.com/products/5507064
2026-08-27,바우로 프로덕트,5512888,크롭 레이어드 긴팔 티셔츠 [블랙],0.0,0,39400,39400,,0,,,27.37,0,low,20.2,3,1,56,https://www.musinsa.com/products/5512888
2026-08-27,미나브,5521016,미니멀 스웨이드 벨트 [다크브라운],0.97,28747,29700,29700,,0,,,43.37,0,low,21.51,2,1,56,https://www.musinsa.com/products/5521016
2026-08-27,테이크이지,5529976,페어아일 빈티지 크롭니트 (베이지),0.0,0,34500,34500,,0,,,39.45,0,low,21.08,2,1,56,https://www.musinsa.com/products/5529976
2026-08-27,수아레,5531960,부클레 크롭 니트 집업 - 4 COLOR,0.0,0,39900,39900,,0,,,25.71,0,low,20.15,4,1,56,https://www.musinsa.com/products/5531960
2026-08-27,제멋,5535032,디프라그먼트 맨투맨 브라운 ISMT2665,0.0,0,34900,34900,,0,,,41.35,0,low,19.61,2,1,56,https://www.musinsa.com/products/5535032
2026-08-27,배드블러드,5535352,미스틱 빅패치 볼캡 - 더스티그레이,0.51,27323,54000,54000,,0,,,41.34,0,low,19.61,2,1,56,https://www.musinsa.com/products/5535352
2026-08-27,배드블러드,5535672,Eat Me 루즈핏 티 - 챠콜,0.51,28277,55890,55890,,0,,,41.34,0,low,19.61,2,1,56,https://www.musinsa.com/products/5535672
2026-08-27,배드블러드,5535800,로열 클래식 디스트레스드 후드 집업 - 화이트,0.0,0,144590,144590,,0,,,41.34,0,low,19.61,2,1,56,https://www.musinsa.com/products/5535800
2026-08-27,비바라비다,5543992,[기모선택] My Youth 헤비테리 맨투맨,2.58,136279,52900,52900,,0,,,44.44,0,low,20.7,4,1,56,https://www.musinsa.com/products/5543992
2026-08-27,플리즈노팔로우,5546232,Zed Off-Shoulder Long Sleeve Top (Blue),0.0,0,50150,50150,,0,,,44.44,0,low,20.7,2,1,56,https://www.musinsa.com/products/5546232
2026-08-27,키르시,5546552,코위찬 루즈핏 니트 집업 [다크 레드],0.0,0,132300,132300,,0,,,39.44,0,low,21.08,2,1,56,https://www.musinsa.com/products/5546552
2026-08-27,키르시,5546616,리본 체리 루즈핏 헤어리 풀오버 [아이보리],0.0,0,62300,62300,,0,,,39.44,0,low,21.08,2,1,56,https://www.musinsa.com/products/5546616
2026-08-27,언더오프,5557432,워시드 코튼 크롭 MA-1 점퍼 라이트베이지,0.0,0,44500,44500,,0,,,39.43,0,low,21.09,2,1,56,https://www.musinsa.com/products/5557432
2026-08-27,피인오,5559160,라이트 워머 패디드 쉘자켓 - 블랙,0.42,41109,98500,98500,,0,,,37.52,0,low,21.58,2,1,56,https://www.musinsa.com/products/5559160
2026-08-27,플랙,5559992,P 로고 커브 볼캡,0.0,0,30800,30800,,0,,,39.43,0,low,21.09,2,1,56,https://www.musinsa.com/products/5559992
2026-08-27,드로우핏 우먼,5562360,모엘 롤 리본 방한 부츠 [BEIGE],0.0,0,89100,89100,,0,,,43.36,0,low,21.51,2,1,56,https://www.musinsa.com/products/5562360
2026-08-27,무드인사이드,5566904,벨루어 하이 스웨이드 자켓_Black,0.0,0,54900,54900,,0,,,43.35,0,low,21.51,2,1,56,https://www.musinsa.com/products/5566904
2026-08-27,어반드레스,5566968,Furry Script Hoody_3Colors,0.0,0,31200,31200,,0,,,41.33,0,low,19.61,2,1,56,https://www.musinsa.com/products/5566968
2026-08-27,무센트,5568056,러브릿츠 미니 하트 로고 맨투맨 남녀공용 (2컬러),0.0,0,54900,54900,,0,,,39.42,0,low,21.09,2,1,56,https://www.musinsa.com/products/5568056
2026-08-27,세터,5570744,로고 자카드 머플러 블랙,0.0,0,99000,99000,,0,,,32.18,0,low,20.84,3,1,56,https://www.musinsa.com/products/5570744
2026-08-27,커버낫,5571768,로고 스트라이프 언커프 비니 Brown,0.0,0,36000,36000,,0,,,39.42,0,low,21.09,2,1,56,https://www.musinsa.com/products/5571768
2026-08-27,에스피오나지,5572664,PCU Level 7 Insulated Vest Dark Mocha,0.0,0,111600,111600,,0,,,41.33,0,low,19.61,2,1,56,https://www.musinsa.com/products/5572664
2026-08-27,에스피오나지,5572728,Reversible G-8 WEP Jacket Dark Olive,0.0,0,158400,158400,,0,,,41.33,0,low,19.61,2,1,56,https://www.musinsa.com/products/5572728
2026-08-27,더바넷,5573624,Bastide Reversible Long Trench Coat_Burgundy,0.0,0,264480,264480,,0,,,27.36,0,low,20.2,3,1,56,https://www.musinsa.com/products/5573624
2026-08-27,와이케이,5576696,돌핀 헤어리 그래픽 니트 옐로우,0.0,0,75650,75650,,0,,,37.51,0,low,21.58,2,1,56,https://www.musinsa.com/products/5576696
2026-08-27,유니폼브릿지,5581432,western down vest black,0.0,0,89000,89000,,0,,,44.42,0,low,20.7,2,1,56,https://www.musinsa.com/products/5581432
2026-08-27,브랜디드,5583096,[SUPERIOR] ESSENTIAL SUPERFINE V-NECK CARDIGAN [MELANGE GRAY],0.0,0,115200,115200,,0,,,27.36,0,low,20.2,3,1,56,https://www.musinsa.com/products/5583096
2026-08-27,시그니처,5584184,퍼티그 커브드 기모 트레이닝 팬츠[브라운],0.0,0,29900,29900,,0,,,27.36,0,low,20.2,3,1,56,https://www.musinsa.com/products/5584184
2026-08-27,제너럴아이디어,5585400,MAN 와이드 카펜터 팬츠 [NAVY] / SBE4M11009,0.0,0,55200,55200,,0,,,44.41,0,low,20.7,2,1,56,https://www.musinsa.com/products/5585400
2026-08-27,마인드브릿지 우먼,5585528,[W]핸드메이드 벨티드 맥 코트 - 4color,0.0,0,194400,194400,,0,,,32.17,0,low,20.84,3,1,56,https://www.musinsa.com/products/5585528
2026-08-27,1993스튜디오,5587448,W 스트라이프 배색 립 롱슬리브_화이트,0.0,0,43000,43000,,0,,,39.42,0,low,21.09,2,1,56,https://www.musinsa.com/products/5587448
2026-08-27,웬즈데이오아시스,5593528,허쉬 하찌 스트라이프 라운드 니트_BROWN(WC25-KN60),0.0,0,55300,55300,,0,,,43.34,0,low,21.51,2,1,56,https://www.musinsa.com/products/5593528
2026-08-27,레더리,5593592,소프트 울 머플러 [GREY],0.0,0,30890,30890,,0,,,25.69,0,low,20.15,4,1,56,https://www.musinsa.com/products/5593592
2026-08-27,다이브인,5594168,[스토커즈 콜라보] LOOSED CUPRA BLOUSON (BLACK),0.0,0,259000,259000,,0,,,39.42,0,low,21.09,2,1,56,https://www.musinsa.com/products/5594168
2026-08-27,후브스,5595064,플라이트 크롭 패디드 MA-1 [블랙],0.0,0,113600,113600,,0,,,39.42,0,low,21.09,2,1,56,https://www.musinsa.com/products/5595064
2026-08-27,바우로 프로덕트,5595576,코튼 유넥 긴팔 티셔츠 [차콜],0.0,0,39900,39900,,0,,,27.35,0,low,20.2,3,1,56,https://www.musinsa.com/products/5595576
2026-08-27,몰든,5597688,크랙 버뮤다 팬츠 7부,0.0,0,46800,46800,,0,,,43.34,0,low,21.51,2,1,56,https://www.musinsa.com/products/5597688
2026-08-27,제너럴아이디어,5616760,비니 니트 백 [LIME] / WBE4L92513,0.0,0,31200,31200,,0,,,44.41,0,low,20.7,2,1,56,https://www.musinsa.com/products/5616760
2026-08-27,로제프란츠,5618552,Soft Halter Sleeveless [Gray],0.0,0,23040,23040,,0,,,27.34,0,low,20.2,3,1,56,https://www.musinsa.com/products/5618552
2026-08-27,헬레네파리스,5623032,리브드 레그 워머 [차콜],0.0,0,13160,13160,,0,,,41.32,0,low,19.61,2,1,56,https://www.musinsa.com/products/5623032
2026-08-27,파르티멘토,5627896,마이크로 체크 푸퍼 패딩 블랙,0.0,0,117360,117360,,0,,,39.41,0,low,21.09,2,1,56,https://www.musinsa.com/products/5627896
2026-08-27,시야쥬,5631224,SIJN6101 기모 브러시드 칼럼 데님_Deep blue,0.0,0,103000,103000,,0,,,39.41,0,low,21.09,2,1,56,https://www.musinsa.com/products/5631224
2026-08-27,아메스 월드와이드,5636408,DOT PULLOVER KNIT BEIGE,0.0,0,62300,62300,,0,,,25.67,0,low,20.15,4,1,56,https://www.musinsa.com/products/5636408
2026-08-27,아메스 월드와이드,5636536,KNIT GLOVES & MUFFLER SET BROWN,0.0,0,39200,39200,,0,,,25.67,0,low,20.15,4,1,56,https://www.musinsa.com/products/5636536
2026-08-27,해칭룸,5641208,Tie Shirt Faded Black,0.0,0,188000,188000,,0,,,25.67,0,low,20.15,4,1,56,https://www.musinsa.com/products/5641208
2026-08-27,해칭룸,5645240,Floral Jacquard Muffler Blue,0.0,0,102400,102400,,0,,,25.67,0,low,20.15,4,1,56,https://www.musinsa.com/products/5645240
2026-08-27,코드그라피,5645816,(우먼) 울 발마칸 하프 코트_멜란지그레이,0.0,0,265050,265050,,0,,,27.32,0,low,20.2,3,1,56,https://www.musinsa.com/products/5645816
2026-08-27,제너럴아이디어,5648120,프릴 카라 루즈핏 셔츠 [SKY BLUE] / WBE3L03514,0.0,0,59200,59200,,0,,,44.39,0,low,20.7,2,1,56,https://www.musinsa.com/products/5648120
2026-08-27,아틀리에 나인,5651128,ANGORA BLENDED KNIT CARDIGAN(CD-2234),0.0,0,121350,121350,,0,,,32.15,0,low,20.84,3,1,56,https://www.musinsa.com/products/5651128
2026-08-27,러브이즈트루,5653560,LUVISTRUE X MEANINGLESS TRAINING PANTS(OLIVE GREEN),0.0,0,73600,73600,,0,,,37.5,0,low,21.58,2,1,56,https://www.musinsa.com/products/5653560
2026-08-27,코드그라피,5653880,기모 CGP 아치 로고 팬츠_멜란지그레이,0.0,0,75050,75050,,0,,,27.32,0,low,20.2,3,1,56,https://www.musinsa.com/products/5653880
2026-08-27,다이브인,5655544,UNIFORM TURTLE NECK V2 (MELANGE GRAY),0.0,0,39000,39000,,0,,,39.4,0,low,21.09,2,1,56,https://www.musinsa.com/products/5655544
2026-08-27,무드인사이드,5660408,헤이즐 무스탕 블루종_Mocha,0.0,0,129900,129900,,0,,,43.33,0,low,21.51,2,1,56,https://www.musinsa.com/products/5660408
2026-08-27,러브이즈트루,5666232,EV SKELETON LAYERED PANTS(BEIGE),0.0,0,76800,76800,,0,,,37.5,0,low,21.58,2,1,56,https://www.musinsa.com/products/5666232
2026-08-27,러브이즈트루,5666488,EV ANGEL HOOD TEE(GRAY),0.0,0,49710,49710,,0,,,37.5,0,low,21.58,2,1,56,https://www.musinsa.com/products/5666488
2026-08-27,키르시,5668280,컬러블록 레이어드 슬림핏 롱 슬리브 [네이비],0.0,0,79200,79200,,0,,,39.39,0,low,21.09,2,1,56,https://www.musinsa.com/products/5668280
2026-08-27,아모우,5671544,Molly Hoodie Zip Up NAVY,1.01,59440,58800,58800,,0,,,41.3,0,low,19.61,2,1,56,https://www.musinsa.com/products/5671544
2026-08-27,더바이닐하우스,5672184,STRIPE KNIT HOODIE ZIP-UP CHARCOAL,0.0,0,142740,142740,,0,,,39.39,0,low,21.09,2,1,56,https://www.musinsa.com/products/5672184
2026-08-27,더바이닐하우스,5672248,HOODED DUCK DOWN JACKET PINK,0.0,0,229680,229680,,0,,,39.39,0,low,21.09,2,1,56,https://www.musinsa.com/products/5672248
2026-08-27,무센트,5672376,사하라 호피 십자가 셋업 부츠컷 레깅스 (2컬러),0.0,0,55710,55710,,0,,,39.39,0,low,21.09,2,1,56,https://www.musinsa.com/products/5672376
2026-08-27,더뮤지엄비지터,5676920,SHIRRING BOOT-CUT PANTS (BLACK),0.0,0,82240,82240,,0,,,44.39,0,low,20.7,2,1,56,https://www.musinsa.com/products/5676920
2026-08-27,제너럴아이디어,5678520,UNISEX 슬림핏 코듀로이 오픈카라 셔츠 [OLIVE] / SBE3U03006,0.0,0,55200,55200,,0,,,44.38,0,low,20.7,2,1,56,https://www.musinsa.com/products/5678520
2026-08-27,제너럴아이디어,5678584,벨티드 셔츠 원피스 [CHARCOAL] / WBE4L15511,0.0,0,63200,63200,,0,,,44.38,0,low,20.7,2,1,56,https://www.musinsa.com/products/5678584
2026-08-27,아이돈워너셀,5680632,Whisper Letter Maxi Cap Charcoal,0.45,17568,39200,39200,,0,,,39.39,0,low,21.09,2,1,56,https://www.musinsa.com/products/5680632
2026-08-27,인템포무드,5682744,아크틱 라이트 다운 재킷 : 5컬러,0.0,0,125400,125400,,0,,,39.39,0,low,21.09,2,1,56,https://www.musinsa.com/products/5682744
2026-08-27,트리밍버드,5685880,Crop Knit Cardigan [ Gray ],0.0,0,189000,189000,,0,,,41.3,0,low,19.61,2,1,56,https://www.musinsa.com/products/5685880
2026-08-27,제로,5687928,코듀로이 오버 커브드 팬츠 [차콜],0.0,0,34300,34300,,0,,,32.14,0,low,20.84,3,1,56,https://www.musinsa.com/products/5687928
2026-08-27,더뮤지엄비지터,5688760,FLEECE RAGLAN FULL ZIP-UP (BLACK),0.0,0,107400,107400,,0,,,44.37,0,low,20.7,2,1,56,https://www.musinsa.com/products/5688760
2026-08-27,썸웨어버터,5694584,Line Small Logo Stripe Knit - Brown,0.0,0,90440,90440,,0,,,37.49,0,low,21.58,2,1,56,https://www.musinsa.com/products/5694584
2026-08-27,썸웨어버터,5694712,Penguin Cowhichan Zip-Up - Navy,0.0,0,170100,170100,,0,,,37.49,0,low,21.58,2,1,56,https://www.musinsa.com/products/5694712
2026-08-27,비바라비다,5705592,도트 레글런 롱 슬리브 티셔츠,0.0,0,29900,29900,,0,,,44.37,0,low,20.7,2,1,56,https://www.musinsa.com/products/5705592
2026-08-27,로우로우,5707384,시티워커 럭색 MAXI PLUS 015 [3color],0.0,0,142450,142450,,0,,,37.49,0,low,21.58,2,1,56,https://www.musinsa.com/products/5707384
2026-08-27,9999아카이브,5709752,Archive Waffle Hood Zip-Up,0.0,0,93870,93870,,0,,,37.49,0,low,21.58,2,1,56,https://www.musinsa.com/products/5709752
2026-08-27,파르티멘토 우먼,5712376,러프 레이스업 슬라우치 부츠_블랙,0.0,0,410380,410380,,0,,,25.66,0,low,20.15,4,1,56,https://www.musinsa.com/products/5712376
2026-08-27,파르티멘토 우먼,5712504,컬러블럭 브이넥 레이어드 하이넥 티_멜란지,0.0,0,35410,35410,,0,,,25.66,0,low,20.15,4,1,56,https://www.musinsa.com/products/5712504
2026-08-27,언더오프,5726264,피치스킨 에센셜 리퍼블릭 기모 맨투맨 오트밀,0.0,0,34900,34900,,0,,,39.38,0,low,21.09,2,1,56,https://www.musinsa.com/products/5726264
2026-08-27,바이모노,5734072,[빅사이즈 32-46] 모노진 편안한 빅 와이드 밴딩 데님 팬츠,0.0,0,49900,49900,,0,,,39.38,0,low,21.09,2,1,56,https://www.musinsa.com/products/5734072
2026-08-27,트립르센스,5735544,[울100%]퓨어 라이트 라운드 니트_선셋 오렌지,0.0,0,77400,77400,,0,,,37.48,0,low,21.58,2,1,56,https://www.musinsa.com/products/5735544
2026-08-27,비바라비다,5741496,Certain 우먼 크롭 패딩 자켓,0.0,0,29900,29900,,0,,,44.36,0,low,20.7,2,1,56,https://www.musinsa.com/products/5741496
2026-08-27,락케이크,5743736,96 Script Zip Up Hoodie - Black,0.0,0,90440,90440,,0,,,43.33,0,low,21.51,2,1,56,https://www.musinsa.com/products/5743736
2026-08-27,무센트,5745592,러브릿츠 미니 하트 로고 유넥 굴림 긴팔 티 (4컬러),0.0,0,46410,46410,,0,,,39.37,0,low,21.09,2,1,56,https://www.musinsa.com/products/5745592
2026-08-27,썬러브투어,5748856,[HOME ALONe] Knit Effect Daybreak Hoodie Navy,0.0,0,66720,66720,,0,,,43.33,0,low,21.51,2,1,56,https://www.musinsa.com/products/5748856
2026-08-27,썸웨어버터,5762104,Snowman Nordic Wool Cowichan Cardigan - Ivory,0.0,0,164700,164700,,0,,,37.48,0,low,21.58,2,1,56,https://www.musinsa.com/products/5762104
2026-08-27,아캄,5792568,Knee Pin-Tuck Stitched Denim Pants (Black),0.0,0,118300,118300,,0,,,32.13,0,low,20.84,3,1,56,https://www.musinsa.com/products/5792568
2026-08-27,아캄,5793784,AKM CROS2 Leopard Sweatpants (Khaki),0.0,0,104300,104300,,0,,,32.13,0,low,20.84,3,1,56,https://www.musinsa.com/products/5793784
2026-08-27,썬러브투어,5794424,[AVATAR] Zip up Hoodie Navy,0.0,0,86200,86200,,0,,,43.32,0,low,21.51,2,1,56,https://www.musinsa.com/products/5794424
2026-08-27,썸웨어버터,5796344,Coco Wool Cable Gloves - 3Color,0.0,0,62100,62100,,0,,,37.47,0,low,21.58,2,1,56,https://www.musinsa.com/products/5796344
2026-08-27,어널러코드,5811512,브루니 커브드 데님팬츠 (진청),0.51,16553,32760,32760,,0,,,41.29,0,low,19.61,2,1,56,https://www.musinsa.com/products/5811512
2026-08-27,코드그라피,5839928,테크 스트링 팬츠_블랙,0.65,19393,29900,29900,,0,,,27.3,0,low,20.2,3,1,56,https://www.musinsa.com/products/5839928
2026-08-27,아틀리에 나인,5844792,COW SUEDE MIDDLE BOOTS (SH-3471),0.0,0,191190,191190,,0,,,32.12,0,low,20.84,3,1,56,https://www.musinsa.com/products/5844792
2026-08-27,노매뉴얼,5848824,WASHED CANVAS CROSS BAG - WASHED GRAY,0.0,0,103500,103500,,0,,,25.64,0,low,20.15,4,1,56,https://www.musinsa.com/products/5848824
2026-08-27,노매뉴얼,5849016,R.C NYLON PANTS - BLACK,0.0,0,113400,113400,,0,,,25.64,0,low,20.15,4,1,56,https://www.musinsa.com/products/5849016
2026-08-27,리메인세컨드,5849144,베이직 로고 나염 오버핏 반팔 티 [피그먼트 차콜],0.37,6842,18500,18500,,0,,,32.12,0,low,20.84,3,1,56,https://www.musinsa.com/products/5849144
2026-08-27,노매뉴얼,5849208,STRIPED SHIRT - GRAY,0.0,0,103500,103500,,0,,,25.64,0,low,20.15,4,1,56,https://www.musinsa.com/products/5849208
2026-08-27,리메인세컨드,5849336,체크 오버핏 반팔 셔츠 [차콜],3.33,79223,23800,23800,,0,,,32.12,0,low,20.84,4,1,56,https://www.musinsa.com/products/5849336
2026-08-27,노매뉴얼,5849400,RULELESS T-SHIRT - BLACK,0.0,0,31500,31500,,0,,,25.63,0,low,20.15,4,1,56,https://www.musinsa.com/products/5849400
2026-08-27,노매뉴얼,5849464,N.I T-SHIRT - WARM GRAY,0.0,0,36000,36000,,0,,,25.62,0,low,20.15,4,1,56,https://www.musinsa.com/products/5849464
2026-08-27,주앙옴므,5849976,헨리넥 리브드 니트 (멜란지 그레이),0.0,0,83300,83300,,0,,,25.61,0,low,20.15,4,1,56,https://www.musinsa.com/products/5849976
2026-08-27,칙스,5865720,부츠컷 슬림핏 데님 팬츠 진청,0.0,0,46320,46320,,0,,,41.28,0,low,19.61,2,1,56,https://www.musinsa.com/products/5865720
2026-08-27,키르시,5869304,키르시 포켓 스트링 크로스백 [멜란지 그레이],0.0,0,55200,55200,,0,,,39.34,0,low,21.09,2,1,56,https://www.musinsa.com/products/5869304
2026-08-27,키르시,5869368,스몰 체리 헨리넥 스트라이프 롱 슬리브 [블루],0.0,0,41600,41600,,0,,,39.34,0,low,21.09,2,1,56,https://www.musinsa.com/products/5869368
2026-08-27,레더리,5871992,로고 와펜 스트라이프 럭비 스웨트 셔츠 [RED],0.0,0,44880,44880,,0,,,25.6,0,low,20.15,4,1,56,https://www.musinsa.com/products/5871992
2026-08-27,마인드브릿지,5872120,피그먼트 크롭 후드 집업 점퍼,0.0,0,89900,89900,,0,,,25.6,0,low,20.15,4,1,56,https://www.musinsa.com/products/5872120
2026-08-27,파브레가,5874808,베른 스트라이프 블레이저 자켓 (블랙),0.0,0,159300,159300,,0,,,27.28,0,low,20.2,3,1,56,https://www.musinsa.com/products/5874808
2026-08-27,세터,5878456,스트레이트 워시드 데님 팬츠 블루,0.0,0,129000,129000,,0,,,32.11,0,low,20.84,3,1,56,https://www.musinsa.com/products/5878456
2026-08-27,브라운브레스,5878584,SPRAYED TAG HOOD ZIP UP - KHAKI,0.0,0,129000,129000,,0,,,43.31,0,low,21.51,2,1,56,https://www.musinsa.com/products/5878584
2026-08-27,세터,5879544,에센셜 파로 가디건 크림,0.0,0,129000,129000,,0,,,32.11,0,low,20.84,3,1,56,https://www.musinsa.com/products/5879544
2026-08-27,그루브라임,5880056,TAELOR SERIES SHIHTZU MTOM (LRRSCTM114M),0.0,0,12900,12900,,0,,,43.31,0,low,21.51,2,1,56,https://www.musinsa.com/products/5880056
2026-08-27,제너럴아이디어,5880120,트위드 플리츠 미니 스커트 [BLACK] / WBE4L56519,0.0,0,36800,36800,,0,,,44.34,0,low,20.7,2,1,56,https://www.musinsa.com/products/5880120
2026-08-27,카네이테이,5884408,MIL-TYPE KNOT WASHED SHOULDER BAG (BLACK),0.51,43434,84480,84480,,0,,,44.34,0,low,20.7,2,1,56,https://www.musinsa.com/products/5884408
2026-08-27,카네이테이,5884472,CROPPED M-65 FIELD JACKET (OLIVE DRAB),0.51,82593,160650,160650,,0,,,44.34,0,low,20.7,2,1,56,https://www.musinsa.com/products/5884472
2026-08-27,드로우핏 우먼,5886584,프로즈 레이어드 카라 셔츠 가디건 [BLUE STRIPE],0.0,0,78300,78300,,0,,,43.3,0,low,21.51,2,1,56,https://www.musinsa.com/products/5886584
2026-08-27,미세키서울,5888952,[레이 PICK] Button pocket long sleeve CHARCOAL,0.0,0,51030,51030,,0,,,25.59,0,low,20.15,4,1,56,https://www.musinsa.com/products/5888952
2026-08-27,디앤에스알,5890040,크롭 베를린 후디 블랙,0.0,0,89600,89600,,0,,,32.11,0,low,20.84,3,1,56,https://www.musinsa.com/products/5890040
2026-08-27,로템버,5893624,도비 패널 와이드 팬츠 [카키],0.0,0,70110,70110,,0,,,43.3,0,low,21.51,2,1,56,https://www.musinsa.com/products/5893624
2026-08-27,키르시,5894008,두들 체리 서클 로고 조거 팬츠 [라이트 민트],0.0,0,23950,23950,,0,,,39.33,0,low,21.09,2,1,56,https://www.musinsa.com/products/5894008
2026-08-27,바우프,5894648,터틀 로고 슬림핏 티셔츠 [네이비],0.0,0,39000,39000,,0,,,27.27,0,low,20.2,3,1,56,https://www.musinsa.com/products/5894648
2026-08-27,그루브라임,5894968,여성 면쭈리  몸판절개 크랍 후드 집업 (LRSSCUZ571M),0.0,0,36900,36900,,0,,,43.29,0,low,21.51,2,1,56,https://www.musinsa.com/products/5894968
2026-08-27,언더오프,5895032,2way 크롭핏 노리미트 후드 집업 화이트멜란지,0.0,0,39920,39920,,0,,,39.33,0,low,21.09,2,1,56,https://www.musinsa.com/products/5895032
2026-08-27,칙스,5895096,마이크로 체크 오버핏 셔츠 차콜,0.0,0,29520,29520,,0,,,41.27,0,low,19.61,2,1,56,https://www.musinsa.com/products/5895096
2026-08-27,미세키서울,5895480,[레이 PICK] Double button shirts top BLACK,0.0,0,91530,91530,,0,,,25.59,0,low,20.15,4,1,56,https://www.musinsa.com/products/5895480
2026-08-27,그루브라임,5897336,나일론타슬란 풀밴딩 카고 5부 쇼츠 (6COLOR) (LRAMCNH755P),0.0,0,26800,26800,,0,,,43.29,0,low,21.51,2,1,56,https://www.musinsa.com/products/5897336
2026-08-27,수아레,5898232,컴포트 코튼 싱글 블레이저 보그,0.0,0,129950,129950,,0,,,25.58,0,low,20.15,4,1,56,https://www.musinsa.com/products/5898232
2026-08-27,플랙,5898936,바이커 데님 자켓 미드블루,0.0,0,120960,120960,,0,,,39.33,0,low,21.09,2,1,56,https://www.musinsa.com/products/5898936
2026-08-27,드로우핏,5899192,앰비언트 미니멀 블루종 자켓 [BLACK],0.0,0,129600,129600,,0,,,27.27,0,low,20.2,3,1,56,https://www.musinsa.com/products/5899192
2026-08-27,허그본,5899256,빈티지 워싱 볼캡,0.0,0,28900,28900,,0,,,27.27,0,low,20.2,3,1,56,https://www.musinsa.com/products/5899256
2026-08-27,일리고,5901304,레이스 크로스 레그워머 베이지,0.0,0,27200,27200,,0,,,25.58,0,low,20.15,4,1,56,https://www.musinsa.com/products/5901304
2026-08-27,일리고,5901432,플레어 셔링 롱슬리브 크림,0.0,0,72000,72000,,0,,,25.57,0,low,20.15,4,1,56,https://www.musinsa.com/products/5901432
2026-08-27,키뮤어,5903224,크롭 체크 셔츠_스카이블루,0.0,0,41300,41300,,0,,,41.27,0,low,19.61,2,1,56,https://www.musinsa.com/products/5903224
2026-08-27,비터셀즈,5903736,오버사이즈드 블러리 체크 셔츠-블루,0.0,0,49400,49400,,0,,,25.57,0,low,20.15,4,1,56,https://www.musinsa.com/products/5903736
2026-08-27,비터셀즈,5904504,에센셜 셔링 슬림 핏 셔츠-베이지,0.0,0,52440,52440,,0,,,25.57,0,low,20.15,4,1,56,https://www.musinsa.com/products/5904504
2026-08-27,제너럴아이디어,5908024,타이업 루즈핏 보트넥 티셔츠 [BLACK] / GF1LTS504,0.0,0,30400,30400,,0,,,44.32,0,low,20.7,2,1,56,https://www.musinsa.com/products/5908024
2026-08-27,스컬프터,5910008,Faux Necklace Tee Baby Pink,0.0,0,59400,59400,,0,,,44.32,0,low,20.7,2,1,56,https://www.musinsa.com/products/5910008
2026-08-27,던스트,5911224,PLEATED CHINO SLACKS_UDPA6A203_IVORY,0.0,0,76160,76160,,0,,,37.44,0,low,21.58,2,1,56,https://www.musinsa.com/products/5911224
2026-08-27,던스트,5911288,STRIPED TIE_UDNE6E101_CHARCOAL GREY,0.0,0,35280,35280,,0,,,37.44,0,low,21.58,2,1,56,https://www.musinsa.com/products/5911288
2026-08-27,칙스,5911352,스타로고 코튼 볼캡 차콜,0.0,0,20720,20720,,0,,,41.27,0,low,19.61,2,1,56,https://www.musinsa.com/products/5911352
2026-08-27,키르시,5913016,릴렉스드핏 데님 팬츠 [블랙],0.0,0,103200,103200,,0,,,39.32,0,low,21.09,2,1,56,https://www.musinsa.com/products/5913016
2026-08-27,아웃스탠딩,5913080,[LOONEY TUNES] RACING JACKET_IVORY,0.0,0,102400,102400,,0,,,44.31,0,low,20.7,2,1,56,https://www.musinsa.com/products/5913080
2026-08-27,커버낫,5913912,C 로고 세미와이드 스웻 팬츠 헤더 그레이,0.0,0,80100,80100,,0,,,39.31,0,low,21.09,2,1,56,https://www.musinsa.com/products/5913912
2026-08-27,9999아카이브,5915576,Dusty Bone T,0.42,16486,39600,39600,,0,,,37.44,0,low,21.58,2,1,56,https://www.musinsa.com/products/5915576
2026-08-27,언탭트 스튜디오,5919032,[2PACK]빈티지 라이크 린넨 와이드 데님팬츠 4Color,0.42,24931,59890,59890,,0,,,37.43,0,low,21.58,2,1,56,https://www.musinsa.com/products/5919032
2026-08-27,룩캐스트,5919736,솔트 롱 스커트_차콜 그레이 / SALT LONG SKIRT_CHARCOAL GREY,0.0,0,71170,71170,,0,,,25.56,0,low,20.15,4,1,56,https://www.musinsa.com/products/5919736
2026-08-27,룩캐스트,5919864,리아 링클 스트랩 블라우스_화이트 / LIA WRINKLE STRAP BLOUSE_WHITE,0.0,0,70660,70660,,0,,,25.56,0,low,20.15,4,1,56,https://www.musinsa.com/products/5919864
2026-08-27,그루브라임,5923768,여성 하트 그루브라임 로고 와이드 스웻팬츠 (LRSFCPA727M),0.0,0,14900,14900,,0,,,43.28,0,low,21.51,2,1,56,https://www.musinsa.com/products/5923768
2026-08-27,코드그라피,5924216,스몰 스퀘어 로고 후디-멜란지 그레이,0.0,0,58800,58800,,0,,,27.26,0,low,20.2,3,1,56,https://www.musinsa.com/products/5924216
2026-08-27,무센트,5925432,칼린 스트라이프 비니 남녀공용,0.0,0,35000,35000,,0,,,39.31,0,low,21.09,2,1,56,https://www.musinsa.com/products/5925432
2026-08-27,헬레네파리스,5925816,[SET] 슬리브리스 레이어링 가디건 세트 [블랙-스트라이프],0.0,0,40840,40840,,0,,,41.25,0,low,19.61,2,1,56,https://www.musinsa.com/products/5925816
2026-08-27,에이치덱스,5926200,메가 와이드 숏 슬리브 (Navy),0.0,0,59000,59000,,0,,,27.25,0,low,20.2,3,1,56,https://www.musinsa.com/products/5926200
2026-08-27,알리스,5926776,플루이드 라운드넥 크롭 하프 티셔츠 [3COLOR],0.3,7801,25640,25640,,0,,,25.55,0,low,20.15,4,1,56,https://www.musinsa.com/products/5926776
2026-08-27,러브이즈트루,5927992,EL CROSS FAIRY GRAPHIC TEE(BLACK),0.0,0,33460,33460,,0,,,37.42,0,low,21.58,2,1,56,https://www.musinsa.com/products/5927992
2026-08-27,아모우,5928056,Molly HOODIE LIGHT MINT,0.0,0,61600,61600,,0,,,41.25,0,low,19.61,2,1,56,https://www.musinsa.com/products/5928056
2026-08-27,제이엘브,5928504,(DC COMICS COLLECTION) 배트맨 프린팅 오버핏 후디,0.0,0,65600,65600,,0,,,37.42,0,low,21.58,2,1,56,https://www.musinsa.com/products/5928504
2026-08-27,트릴리온,5928568,2WAY 라이트 시어 후디 윈드브레이커_블랙,0.0,0,45900,45900,,0,,,25.55,0,low,20.15,4,1,56,https://www.musinsa.com/products/5928568
2026-08-27,무센트,5930552,엔틱 크로스 포니 반팔 티 (3컬러),0.0,0,29900,29900,,0,,,39.3,0,low,21.09,2,1,56,https://www.musinsa.com/products/5930552
2026-08-27,낫포너드,5930616,TR Stripe Cinch Back Crop Jacket - Charcoal,0.0,0,127100,127100,,0,,,27.24,0,low,20.2,3,1,56,https://www.musinsa.com/products/5930616
2026-08-27,워크온바디오프,5930680,베투스 세미 오버핏 피그먼트 셔츠 [차콜],0.0,0,52900,52900,,0,,,39.3,0,low,21.09,2,1,56,https://www.musinsa.com/products/5930680
2026-08-27,러프사이드,5932152,Primary Shirt D.Olive Plaid,0.0,0,188000,188000,,0,,,32.08,0,low,20.84,3,1,56,https://www.musinsa.com/products/5932152
2026-08-27,미나브,5932664,[패션플래닛X미나브] 세미스퀘어 리얼 레더 벨트 [브라운],0.48,14005,29000,29000,,0,,,43.28,0,low,21.51,2,1,56,https://www.musinsa.com/products/5932664
2026-08-27,후드후드,5935736,클로버 타이포 후드 롱슬리브 티셔츠 블랙,0.0,0,42120,42120,,0,,,27.23,0,low,20.2,3,1,56,https://www.musinsa.com/products/5935736
2026-08-27,웬즈데이오아시스,5936760,브리즈 헨리넥 롱 슬리브 티셔츠_WHITE(W26TP02),0.0,0,41300,41300,,0,,,43.27,0,low,21.51,2,1,56,https://www.musinsa.com/products/5936760
2026-08-27,웬즈데이오아시스,5936952,테일러드 딥 원턱 치노 팬츠_BEIGE(W25PT22),0.0,0,61600,61600,,0,,,43.27,0,low,21.51,2,1,56,https://www.musinsa.com/products/5936952
2026-08-27,파르티멘토 우먼,5937272,PWC 쉬어 레글런 스티치 롱슬리브 티_민트,0.0,0,23120,23120,,0,,,25.54,0,low,20.15,4,1,56,https://www.musinsa.com/products/5937272
2026-08-27,쿠어,5937464,드로우스트링 워시드 코튼 팬츠 (워시드베이지),0.0,0,153000,153000,,0,,,32.07,0,low,20.84,3,1,56,https://www.musinsa.com/products/5937464
2026-08-27,쿠어,5937528,시어서커 옴브레 체크드 셔츠 (핑크체크),0.0,0,157500,157500,,0,,,32.07,0,low,20.84,3,1,56,https://www.musinsa.com/products/5937528
2026-08-27,세터,5938488,[신예은PICK] 레트로 그래픽 브로치 세트 실버,0.0,0,29000,29000,,0,,,32.06,0,low,20.84,3,1,56,https://www.musinsa.com/products/5938488
2026-08-27,굿라이프웍스,5938616,클래식 스트라이프 크롭 니트 네이비,0.0,0,34300,34300,,0,,,32.06,0,low,20.84,3,1,56,https://www.musinsa.com/products/5938616
2026-08-27,세터,5938680,[신예은PICK] (W) 워시드 데님 미디 스커트 블루,0.0,0,129000,129000,,0,,,32.06,0,low,20.84,3,1,56,https://www.musinsa.com/products/5938680
2026-08-27,락케이크,5939000,Asymmetry Sleeve hoodie - White,0.0,0,52440,52440,,0,,,43.26,0,low,21.51,2,1,56,https://www.musinsa.com/products/5939000
2026-08-27,쿠어,5940728,마이크로 체크 셔츠 집업 (블루체크),0.0,0,162000,162000,,0,,,32.05,0,low,20.84,3,1,56,https://www.musinsa.com/products/5940728
2026-08-27,비긴202,5941560,리노 MA-1 점퍼 [빈티지 베이지],0.0,0,209790,209790,,0,,,27.22,0,low,20.2,3,1,56,https://www.musinsa.com/products/5941560
2026-08-27,르아르,5944376,소프트 유넥 이너 티셔츠 [블랙],0.0,0,21000,21000,,0,,,32.04,0,low,20.84,3,1,56,https://www.musinsa.com/products/5944376
2026-08-27,커버낫,5944824,아치 08 로고 티셔츠 터콰이즈,0.0,0,36000,36000,,0,,,39.29,0,low,21.09,2,1,56,https://www.musinsa.com/products/5944824
2026-08-27,디미트리블랙,5945208,VLAD SNATCHED 패치 크롭 후드 집업_피그먼트 차콜,0.0,0,46900,46900,,0,,,39.28,0,low,21.09,2,1,56,https://www.musinsa.com/products/5945208
2026-08-27,아캄,5948216,Ribbed Contrast Button Hoodie (Dark Gray),0.0,0,79800,79800,,0,,,32.03,0,low,20.84,3,1,56,https://www.musinsa.com/products/5948216
2026-08-27,카키포인트,5951736,Steel Stud Hood Zip-Up (gray),0.97,143046,148200,148200,,0,,,43.25,0,low,21.51,2,1,56,https://www.musinsa.com/products/5951736
2026-08-27,카키포인트,5952568,Lettering Sweat Shirt (black),0.97,79958,82840,82840,,0,,,43.25,0,low,21.51,2,1,56,https://www.musinsa.com/products/5952568
2026-08-27,벨리에,5952888,(W) 아크 슬랙스 - 차콜,0.0,0,169100,169100,,0,,,32.03,0,low,20.84,3,1,56,https://www.musinsa.com/products/5952888
2026-08-27,칙스,5954488,컴팩트 니트 버튼 가디건 멜란지,0.0,0,32720,32720,,0,,,41.24,0,low,19.61,2,1,56,https://www.musinsa.com/products/5954488
2026-08-27,파르티멘토 우먼,5955384,PWC 셔링 후디 집업_8컬러,0.0,0,52020,52020,,0,,,25.53,0,low,20.15,4,1,56,https://www.musinsa.com/products/5955384
2026-08-27,프리즘웍스,5958392,CN ESSENTIAL WORK PANTS _ OLIVE GRAY,0.0,0,89600,89600,,0,,,41.24,0,low,19.61,2,1,56,https://www.musinsa.com/products/5958392
2026-08-27,2000아카이브스,5964344,NOXY LAYERED SKIRT (BLACK),0.0,0,49140,49140,,0,,,44.29,0,low,20.7,2,1,56,https://www.musinsa.com/products/5964344
2026-08-27,아이돈워너셀,5964728,Form Shoulder Bag Black,0.0,0,103200,103200,,0,,,39.28,0,low,21.09,2,1,56,https://www.musinsa.com/products/5964728
2026-08-27,무드인사이드,5964856,에센셜 세미오버 롱슬리브_4Color,0.0,0,25900,25900,,0,,,43.23,0,low,21.51,2,1,56,https://www.musinsa.com/products/5964856
2026-08-27,인템포무드,5971064,소호 와이드 코튼 팬츠_카키,0.0,0,67200,67200,,0,,,39.26,0,low,21.09,2,1,56,https://www.musinsa.com/products/5971064
2026-08-27,슬로우애시드,5972472,워시드 헨리넥 스웨트셔츠 [네이비],0.0,0,52800,52800,,0,,,27.21,0,low,20.2,3,1,56,https://www.musinsa.com/products/5972472
2026-08-27,더뮤지엄비지터,5973112,FLORAL STRING SPORTS BACKPACK (BLACK),0.0,0,103350,103350,,0,,,44.27,0,low,20.7,2,1,56,https://www.musinsa.com/products/5973112
2026-08-27,더뮤지엄비지터,5973176,MUSEUM ARCH LOGO SWEAT HOODIE (MELANGE GREY),0.0,0,58800,58800,,0,,,44.27,0,low,20.7,2,1,56,https://www.musinsa.com/products/5973176
2026-08-27,1993스튜디오,5975224,93 로고 럭비 롱슬리브_아이보리,0.0,0,39000,39000,,0,,,39.26,0,low,21.09,2,1,56,https://www.musinsa.com/products/5975224
2026-08-27,시야쥬,5976184,SIPT7183 컴포트 부츠컷 밴딩 팬츠_Black,0.0,0,73000,73000,,0,,,39.25,0,low,21.09,2,1,56,https://www.musinsa.com/products/5976184
2026-08-27,메종미네드,5976440,OVERLAYED POCKET BLOUSON BLACK,0.0,0,191200,191200,,0,,,25.53,0,low,20.15,4,1,56,https://www.musinsa.com/products/5976440
2026-08-27,플리즈노팔로우,5976952,Tanny Button Ribbed Long Sleeve Top (Melange Grey),0.0,0,69700,69700,,0,,,44.26,0,low,20.7,2,1,56,https://www.musinsa.com/products/5976952
2026-08-27,로제프란츠,5977720,Round Patch Sleeveless [Pink],0.0,0,27280,27280,,0,,,27.2,0,low,20.2,3,1,56,https://www.musinsa.com/products/5977720
2026-08-27,코드그라피,5978104,(우먼) 라이트 웨이트 후드 집업-오프 화이트,0.0,0,58800,58800,,0,,,27.19,0,low,20.2,3,1,56,https://www.musinsa.com/products/5978104
2026-08-27,몽돌,5982840,에센셜 원 턱 와이드 팬츠 네이비 MDPT049NAVY,0.51,25472,49640,49640,,0,,,44.26,0,low,20.7,2,1,56,https://www.musinsa.com/products/5982840
2026-08-27,이지노이지,5983416,커브드 웨스턴 스터드 데님 팬츠 - 블랙,0.0,0,59900,59900,,0,,,32.01,0,low,20.84,3,1,56,https://www.musinsa.com/products/5983416
2026-08-27,틸아이다이,5983992,V-neck wool blended knit [TISP05SW08]_Gray,0.0,0,68090,68090,,0,,,44.25,0,low,20.7,2,1,56,https://www.musinsa.com/products/5983992
2026-08-27,와르,5985720,M1083 크롭 반팔티(3colors),0.0,0,25800,25800,,0,,,44.25,0,low,20.7,2,1,56,https://www.musinsa.com/products/5985720
2026-08-27,던스트,5987512,LAYERING KNIT TOP_UDSW6A202_SOFT BLUE,0.0,0,64080,64080,,0,,,37.39,0,low,21.58,2,1,56,https://www.musinsa.com/products/5987512
2026-08-27,던스트,5987576,UNISEX HENLEY-NECK T-SHIRT_UDTS6A109_MELANGE GREY,0.0,0,56880,56880,,0,,,37.39,0,low,21.58,2,1,56,https://www.musinsa.com/products/5987576
2026-08-27,후브스,5991672,볼륨 밴디드 후드 자켓[네이비],0.0,0,108800,108800,,0,,,39.23,0,low,21.09,2,1,56,https://www.musinsa.com/products/5991672
2026-08-27,인사일런스,5993208,텍스처드 니트 집업 BLACK,0.0,0,125100,125100,,0,,,39.23,0,low,21.1,2,1,56,https://www.musinsa.com/products/5993208
2026-08-27,바우프,5995256,스타 하우스 캡 [빈티지 퍼플],0.0,0,44000,44000,,0,,,27.18,0,low,20.2,3,1,56,https://www.musinsa.com/products/5995256
2026-08-27,제너럴아이디어,5996216,UNISEX 워시드 더블 포켓 셔츠 [BLUE] / GF1USH002,0.0,0,51200,51200,,0,,,44.24,0,low,20.7,2,1,56,https://www.musinsa.com/products/5996216
2026-08-27,프렌다,5997816,DOT SHIRRING LAYERED TEE SET BLACK,0.0,0,31200,31200,,0,,,43.22,0,low,21.51,2,1,56,https://www.musinsa.com/products/5997816
2026-08-27,데꼬로소,6000440,소프트 코튼 브이넥 니트 [블랙],2.91,144334,49600,49600,,0,,,37.38,0,low,21.58,4,1,56,https://www.musinsa.com/products/6000440
2026-08-27,기철,6001720,Wrap Tape Straight Denim Pants (Stone Grey),0.0,0,65400,65400,,0,,,32.0,0,low,20.84,3,1,56,https://www.musinsa.com/products/6001720
2026-08-27,기철,6001976,Bind Raw Cut Straight Denim Pants (Black),0.0,0,69000,69000,,0,,,32.0,0,low,20.84,3,1,56,https://www.musinsa.com/products/6001976
2026-08-27,굿라이프웍스,6002104,스테디 페이퍼 코튼 크롭 셔츠 블루,0.37,12636,34300,34300,,0,,,32.0,0,low,20.84,3,1,56,https://www.musinsa.com/products/6002104
2026-08-27,아이돈워너셀,6002296,Piece Stripe T-Shirt Black,0.0,0,40500,40500,,0,,,39.22,0,low,21.1,2,1,56,https://www.musinsa.com/products/6002296
2026-08-27,엑스오엑스,6004152,리브드 헨리넥 긴팔 티셔츠 (4color),0.0,0,49770,49770,,0,,,31.99,0,low,20.84,3,1,56,https://www.musinsa.com/products/6004152
2026-08-27,에스피오나지,6004600,Cotton Notched Jacket Dark Beige,0.0,0,149400,149400,,0,,,41.22,0,low,19.61,2,1,56,https://www.musinsa.com/products/6004600
2026-08-27,파르티멘토,6004920,카우하이드 키체인 벨트 블랙,0.0,0,47160,47160,,0,,,39.22,0,low,21.1,2,1,56,https://www.musinsa.com/products/6004920
2026-08-27,999휴머니티,6008056,스트라이프 하프 티 (아이보리 인디고),0.0,0,108000,108000,,0,,,31.99,0,low,20.84,3,1,56,https://www.musinsa.com/products/6008056
2026-08-27,탄산마그네슘,6014456,포니 아플리케 티셔츠 (그레이),0.37,19315,52440,52440,,0,,,31.99,0,low,20.84,3,1,56,https://www.musinsa.com/products/6014456
2026-08-27,탄산마그네슘,6014648,래빗 버튼 티셔츠 (네이비),0.0,0,58520,58520,,0,,,31.99,0,low,20.84,3,1,56,https://www.musinsa.com/products/6014648
2026-08-27,탄산마그네슘,6014712,버튼 후드 레이어드 원피스 (블랙),0.0,0,104880,104880,,0,,,31.98,0,low,20.84,3,1,56,https://www.musinsa.com/products/6014712
2026-08-27,칙스,6015352,타탄체크 오버 스웻 후드집업 차콜,0.0,0,71120,71120,,0,,,41.22,0,low,19.61,2,1,56,https://www.musinsa.com/products/6015352
2026-08-27,브랜디드,6015672,VENICE STRIPE SHIRT [IVORY],0.0,0,80100,80100,,0,,,27.18,0,low,20.2,3,1,56,https://www.musinsa.com/products/6015672
2026-08-27,9999아카이브,6019640,Linking Eyelet Beanie,0.0,0,32400,32400,,0,,,37.38,0,low,21.58,2,1,56,https://www.musinsa.com/products/6019640
2026-08-27,아메스 월드와이드,6021176,NYLON EASY CROSS BAG CREAM,0.0,0,48300,48300,,0,,,25.52,0,low,20.15,4,1,56,https://www.musinsa.com/products/6021176
2026-08-27,아메스 월드와이드,6021240,VINTAGE 52 RAGLAN LS TEE RED,0.0,0,39200,39200,,0,,,25.52,0,low,20.15,4,1,56,https://www.musinsa.com/products/6021240
2026-08-27,어반드레스,6024568,트루디 스트라이프 크롭 후디 집업 블랙,0.0,0,78200,78200,,0,,,41.21,0,low,19.61,2,1,56,https://www.musinsa.com/products/6024568
2026-08-27,세터,6025336,(W) 플리츠 미니 스커트 네이비,0.0,0,139000,139000,,0,,,31.98,0,low,20.84,3,1,56,https://www.musinsa.com/products/6025336
2026-08-27,넌블랭크,6028536,커브드 워싱 데님 팬츠_GREY,0.0,0,95690,95690,,0,,,37.37,0,low,21.58,2,1,56,https://www.musinsa.com/products/6028536
2026-08-27,파르티멘토,6030072,VTG 워시드 스테인 볼 캡 아이보리,0.0,0,25200,25200,,0,,,39.2,0,low,21.1,2,1,56,https://www.musinsa.com/products/6030072
2026-08-27,파르티멘토 우먼,6033848,더블 레이어 유틸리티 레더 벨트_코냑,0.0,0,64310,64310,,0,,,25.51,0,low,20.15,4,1,56,https://www.musinsa.com/products/6033848
2026-08-27,파르티멘토 우먼,6033976,DBR 프린트 릴렉스드 티_그린,0.0,0,28180,28180,,0,,,25.51,0,low,20.15,4,1,56,https://www.musinsa.com/products/6033976
2026-08-27,엘무드,6034104,써프 린넨 코튼 보트넥 니트 베이지 스트라이프,0.0,0,84700,84700,,0,,,39.19,0,low,21.1,2,1,56,https://www.musinsa.com/products/6034104
2026-08-27,에이이에이이,6034360,[토모토모 유인 PICK] APPLIQUE FLOWER LOGO TEE [WHITE],1.52,72559,47790,47790,,0,,,25.5,0,low,20.15,6,1,56,https://www.musinsa.com/products/6034360
2026-08-27,루에브르,6035064,V-neck Hourglass Cardigan SK6SP650_2color,0.0,0,159000,159000,,0,,,43.22,0,low,21.51,2,1,56,https://www.musinsa.com/products/6035064
2026-08-27,브론슨,6037240,Spray Number Loopwheeled Graphic Tee Melange,0.0,0,45600,45600,,0,,,25.5,0,low,20.15,4,1,56,https://www.musinsa.com/products/6037240
2026-08-27,인사일런스,6038264,세미 와이드 데님 팬츠 MUD GREY,0.0,0,149000,149000,,0,,,39.19,0,low,21.1,2,1,56,https://www.musinsa.com/products/6038264
2026-08-27,엑스오엑스,6041592,버튼 카라 썸머 쿨 크롭 반팔 니트 (6color),11.04,327925,29700,29700,,0,,,31.96,0,low,20.84,6,1,56,https://www.musinsa.com/products/6041592
2026-08-27,썬러브투어,6042616,W Beatic Softshell Jacket Purple,0.0,0,119400,119400,,0,,,43.22,0,low,21.51,2,1,56,https://www.musinsa.com/products/6042616
2026-08-27,프리즘웍스,6044984,HARRINGTON M65 JACKET _ BEIGE,0.0,0,132300,132300,,0,,,41.2,0,low,19.61,2,1,56,https://www.musinsa.com/products/6044984
2026-08-27,에이치덱스,6049336,원마일 라벨 와플 쇼츠 W (Melange White),0.0,0,49000,49000,,0,,,27.16,0,low,20.2,3,1,56,https://www.musinsa.com/products/6049336
2026-08-27,바우로 프로덕트,6050552,콘데님 라이트 블루 세미플레어 팬츠,0.0,0,109000,109000,,0,,,27.16,0,low,20.2,3,1,56,https://www.musinsa.com/products/6050552
2026-08-27,르아브,6050680,레이너 슬럽 와플 지퍼 롱슬리브 블랙,0.0,0,63200,63200,,0,,,37.36,0,low,21.59,2,1,56,https://www.musinsa.com/products/6050680
2026-08-27,썸웨어버터,6054328,Vintage Square Logo Sweatshirt - Navy,0.0,0,74480,74480,,0,,,37.35,0,low,21.59,2,1,56,https://www.musinsa.com/products/6054328
2026-08-27,커버낫,6054456,에어리 체크 셔츠 네이비,0.0,0,98100,98100,,0,,,39.17,0,low,21.1,2,1,56,https://www.musinsa.com/products/6054456
2026-08-27,썸웨어버터,6054648,Jenti Punching Mohair Knit - Ivory,0.0,0,53120,53120,,0,,,37.35,0,low,21.59,2,1,56,https://www.musinsa.com/products/6054648
2026-08-27,파르티멘토,6058296,VTG 워시드 크롭 롱 슬리브 레드,0.0,0,42120,42120,,0,,,39.16,0,low,21.1,2,1,56,https://www.musinsa.com/products/6058296
2026-08-27,브라운야드,6059576,"보일드 울 트윌 자켓, 스톤",0.0,0,278600,278600,,0,,,37.35,0,low,21.59,2,1,56,https://www.musinsa.com/products/6059576
2026-08-27,다이브인,6060728,TURKEY DENIM TWO POCKET SHIRTS (WASHED BLUE),0.0,0,129000,129000,,0,,,39.16,0,low,21.1,2,1,56,https://www.musinsa.com/products/6060728
2026-08-27,도프제이슨,6061368,핑거 홀 와플 후디 OCEAN BLUE,0.0,0,79000,79000,,0,,,37.34,0,low,21.59,2,1,56,https://www.musinsa.com/products/6061368
2026-08-27,세터,6065720,오버 사이즈 체크 셔츠 블랙,0.0,0,139000,139000,,0,,,31.94,0,low,20.84,3,1,56,https://www.musinsa.com/products/6065720
2026-08-27,플리즈노팔로우,6067832,Sadie Unbal Shirring Long Sleeve Top (Deep Brown),0.0,0,65600,65600,,0,,,44.21,0,low,20.7,2,1,56,https://www.musinsa.com/products/6067832
2026-08-27,플리즈노팔로우,6067896,Bono patch Sweat Hoodie Zip Up (Sand Grey),0.0,0,163200,163200,,0,,,44.21,0,low,20.7,2,1,56,https://www.musinsa.com/products/6067896
2026-08-27,미세키서울 맨,6068472,Cutline light wind breaker BLACK,0.0,0,152190,152190,,0,,,31.94,0,low,20.84,3,1,56,https://www.musinsa.com/products/6068472
2026-08-27,999휴머니티,6068728,아카이브 와이드 커브드 데님 팬츠 (빈티지 블루),0.0,0,168000,168000,,0,,,31.94,0,low,20.84,3,1,56,https://www.musinsa.com/products/6068728
2026-08-27,바우로 프로덕트,6075128,파인 와플 슬리브리스 [블랙],0.0,0,37900,37900,,0,,,27.15,0,low,20.2,3,1,56,https://www.musinsa.com/products/6075128
2026-08-27,더바이닐하우스,6075384,VINYL ARC LOGO SLUB LS TEE CHARCOAL,0.0,0,55200,55200,,0,,,39.15,0,low,21.1,2,1,56,https://www.musinsa.com/products/6075384
2026-08-27,테이크이지,6091320,[기획] (2PACK 코튼 270g) 피그먼트 크롭 티셔츠 - 3 COLOR,0.0,0,35800,35800,,0,,,39.14,0,low,21.1,2,1,56,https://www.musinsa.com/products/6091320
2026-08-27,테이크이지,6091576,에센셜 하프 스웻팬츠 (멜란지그레이),0.0,0,19500,19500,,0,,,39.14,0,low,21.1,2,1,56,https://www.musinsa.com/products/6091576
2026-08-27,배드블러드,6091832,미스틱 캡슐 빈티지 볼캡 - 챠콜,0.0,0,60750,60750,,0,,,41.18,0,low,19.62,2,1,56,https://www.musinsa.com/products/6091832
2026-08-27,코드그라피,6091960,(우먼) 오버롤 원피스-카키,0.0,0,90300,90300,,0,,,27.15,0,low,20.2,3,1,56,https://www.musinsa.com/products/6091960
2026-08-27,트리밍버드,6093048,Distressed Garment Washed T-Shirt [ Charcoal ],0.0,0,89000,89000,,0,,,41.17,0,low,19.62,2,1,56,https://www.musinsa.com/products/6093048
2026-08-27,배드블러드,6093176,Cosmo11 Slim-Fit Zip-Up Hoodie - Charcoal,0.0,0,100080,100080,,0,,,41.17,0,low,19.62,2,1,56,https://www.musinsa.com/products/6093176
2026-08-27,에이지오디,6097720,사이드 버튼 헨리넥 스트라이프 하프 니트 [아이보리],0.0,0,35200,35200,,0,,,43.19,0,low,21.51,2,1,56,https://www.musinsa.com/products/6097720
2026-08-27,벨리에,6098680,녹턴 플랫 스니커즈 - 브라운,0.0,0,219450,219450,,0,,,31.93,0,low,20.84,3,1,56,https://www.musinsa.com/products/6098680
2026-08-27,소버먼트,6102200,크롭 솔리드 롱슬리브-토프 차콜-,0.0,0,31500,31500,,0,,,37.34,0,low,21.59,2,1,56,https://www.musinsa.com/products/6102200
2026-08-27,마인드브릿지,6102712,트윌 스트라이프 세미 오버핏  반팔 티셔츠,0.0,0,29900,29900,,0,,,25.48,0,low,20.15,4,1,56,https://www.musinsa.com/products/6102712
2026-08-27,마인드브릿지,6103288,[오정규 PICK] 크롭 오버핏 데일리 반팔 티셔츠 - 3color,0.91,21748,23900,23900,,0,,,25.47,0,low,20.16,6,1,56,https://www.musinsa.com/products/6103288
2026-08-27,썬러브투어,6103352,W Soar Half Zip Hooded Top Black,0.0,0,107400,107400,,0,,,43.19,0,low,21.51,2,1,56,https://www.musinsa.com/products/6103352
2026-08-27,키르시,6108088,키르시 멜로우 소프트 터치 가디건 [라이트 옐로우],0.0,0,79200,79200,,0,,,39.14,0,low,21.1,2,1,56,https://www.musinsa.com/products/6108088
2026-08-27,탄산마그네슘,6109112,송이송이X탄산 코튼 와이드 카고 팬츠 (브라운),0.37,58398,158840,158840,,0,,,31.93,0,low,20.84,3,1,56,https://www.musinsa.com/products/6109112
2026-08-27,꼼파뇨,6110456,애플 러브 크롭 반팔티 블랙,0.0,0,33800,33800,,0,,,25.45,0,low,20.15,4,1,56,https://www.musinsa.com/products/6110456
2026-08-27,소버먼트,6110648,650G 컷 디테일 크롭 와이드 후드 집업-블랙-,0.0,0,66000,66000,,0,,,37.33,0,low,21.59,2,1,56,https://www.musinsa.com/products/6110648
2026-08-27,디미트리블랙,6110840,VLAD 컷오프 아플리케 반팔 티셔츠_빈티지 블루,0.0,0,29900,29900,,0,,,39.13,0,low,21.1,2,1,56,https://www.musinsa.com/products/6110840
2026-08-27,프리즘웍스,6111032,95TH FIGHTER SQ HALF TEE _ NAVY,0.0,0,29400,29400,,0,,,41.16,0,low,19.62,2,1,56,https://www.musinsa.com/products/6111032
2026-08-27,마인드브릿지 우먼,6112184,[W]원턱 와이드 슬랙스 - 3color,0.0,0,59900,59900,,0,,,31.92,0,low,20.84,3,1,56,https://www.musinsa.com/products/6112184
2026-08-27,인사일런스,6113720,더치 아미 카고 팬츠 BLACK,0.0,0,125100,125100,,0,,,39.13,0,low,21.1,2,1,56,https://www.musinsa.com/products/6113720
2026-08-27,브라운브레스,6116280,KITTY TAG TEE - IVORY,0.96,42401,44000,44000,,0,,,43.18,0,low,21.51,2,1,56,https://www.musinsa.com/products/6116280
2026-08-27,커버낫,6125624,워크 나일론 하프 셔츠 삭스,0.0,0,63200,63200,,0,,,39.12,0,low,21.1,2,1,56,https://www.musinsa.com/products/6125624
2026-08-27,오퍼스 0012,6128504,Op. 03 EVEL BIKER JACKET IVORY,0.51,112947,220500,220500,,0,,,44.18,0,low,20.7,2,1,56,https://www.musinsa.com/products/6128504
2026-08-27,세터,6132280,(W) 라운드 컬러 데님 팬츠 그레이,0.0,0,129000,129000,,0,,,31.91,0,low,20.84,3,1,56,https://www.musinsa.com/products/6132280
2026-08-27,브랜디드,6135288,WESTERN WORK JACKET [BLACK],0.0,0,160200,160200,,0,,,27.13,0,low,20.2,3,1,56,https://www.musinsa.com/products/6135288
2026-08-27,제너럴아이디어,6140472,레이스 슬리브리스 롱 원피스 [BLACK] / GF2LOP505,0.0,0,80800,80800,,0,,,44.17,0,low,20.7,2,1,56,https://www.musinsa.com/products/6140472
2026-08-27,필루미네이트,6140856,(W) 88 링거 티셔츠-차콜,0.83,24062,29000,29000,,0,,,37.32,0,low,21.59,2,1,56,https://www.musinsa.com/products/6140856
2026-08-27,필루미네이트,6140920,비디유 나일론 하프 셔츠-차콜,0.0,0,32000,32000,,0,,,37.32,0,low,21.59,2,1,56,https://www.musinsa.com/products/6140920
2026-08-27,모즈모즈,6150584,파이브스타 쿨링 기능성 크롭 반팔티셔츠 오트밀,0.0,0,26400,26400,,0,,,31.91,0,low,20.84,3,1,56,https://www.musinsa.com/products/6150584
2026-08-27,테이크이지,6152120,(우먼스) 에센셜 리브드 미니티 - 4 COLOR,0.0,0,19500,19500,,0,,,39.12,0,low,21.1,2,1,56,https://www.musinsa.com/products/6152120
2026-08-27,키뮤어,6154808,[크롭] 배색 롤업 크롭 반팔 티셔츠_블랙,10.57,418762,39600,39600,,0,,,41.16,0,low,19.62,6,1,56,https://www.musinsa.com/products/6154808
2026-08-27,본투윈,6155576,SILVER B LOGO OVER FIT LONG SLEEVE [CHARCOAL],0.0,0,55200,55200,,0,,,44.17,0,low,20.7,2,1,56,https://www.musinsa.com/products/6155576
2026-08-27,기철,6157240,All Day Soft T-shirt (Red),0.37,8263,22500,22500,,0,,,31.89,0,low,20.84,3,1,56,https://www.musinsa.com/products/6157240
2026-08-27,아메스 월드와이드,6162296,CLASSIC VACANCES BIG BAG BROWN,0.0,0,41300,41300,,0,,,25.43,0,low,20.16,4,1,56,https://www.musinsa.com/products/6162296
2026-08-27,몰든,6163832,21 카모 오버핏 티셔츠,0.0,0,39500,39500,,0,,,43.18,0,low,21.51,2,1,56,https://www.musinsa.com/products/6163832
2026-08-27,아모우,6164280,Vintage Horse Half T-Shirts Gray,0.5,16918,33600,33600,,0,,,41.16,0,low,19.62,2,1,56,https://www.musinsa.com/products/6164280
2026-08-27,엘무드,6174264,페리 스트라이프 링거 슬리브리스 (2 COLOR),0.0,0,34560,34560,,0,,,39.11,0,low,21.1,2,1,56,https://www.musinsa.com/products/6174264
2026-08-27,더바넷,6174328,Capital Logo Ball Cap_Navy,0.0,0,45000,45000,,0,,,27.12,0,low,20.2,3,1,56,https://www.musinsa.com/products/6174328
2026-08-27,더블유엠씨,6174712,워시드 월마킹 티셔츠_NAVY,0.0,0,22080,22080,,0,,,37.32,0,low,21.59,2,1,56,https://www.musinsa.com/products/6174712
2026-08-27,노티카,6176120,슈퍼 와이드 커브 더블니 페인터 데님 팬츠(2colors) JPL7886,0.0,0,127200,127200,,0,,,31.88,0,low,20.84,3,1,56,https://www.musinsa.com/products/6176120
2026-08-27,그루브라임,6176376,그런지 포스터 캣 그래픽 반팔 티셔츠 (3COLOR) (LRTMCTR108M),0.96,9537,9900,9900,,0,,,43.17,0,low,21.51,2,1,56,https://www.musinsa.com/products/6176376
2026-08-27,그루브라임,6177144,BERMUDA HALF PANTS (LRQMCPH705M),0.0,0,12900,12900,,0,,,43.17,0,low,21.51,2,1,56,https://www.musinsa.com/products/6177144
2026-08-27,썬러브투어,6179576,Flash Logo Tee Grey,0.0,0,48300,48300,,0,,,43.16,0,low,21.51,2,1,56,https://www.musinsa.com/products/6179576
2026-08-27,비터셀즈,6192632,에센셜 홀터넥 슬리브리스-그레이,0.3,6656,22000,22000,,0,,,25.41,0,low,20.16,4,1,56,https://www.musinsa.com/products/6192632
2026-08-27,1993스튜디오,6193784,W 베이직 링거 티셔츠 (3colors),0.44,12850,28900,28900,,0,,,39.1,0,low,21.1,2,1,56,https://www.musinsa.com/products/6193784
2026-08-27,비터셀즈,6199864,홀 오프 숄더 슬리브리스-퍼플,0.61,16096,26600,26600,,0,,,25.41,0,low,20.16,4,1,56,https://www.musinsa.com/products/6199864
2026-08-27,스컬프터,6204280,Cozy Morning Pants Butter,0.0,0,87200,87200,,0,,,44.15,0,low,20.7,2,1,56,https://www.musinsa.com/products/6204280
2026-08-27,스컬프터,6204344,Bad Hair Day Baby Tee White,0.0,0,36000,36000,,0,,,44.15,0,low,20.7,2,1,56,https://www.musinsa.com/products/6204344
2026-08-27,세터,6204472,세터데이 무드 스몰 그래픽 반팔 티셔츠 카키,0.0,0,69000,69000,,0,,,31.87,0,low,20.84,3,1,56,https://www.musinsa.com/products/6204472
2026-08-27,배드블러드,6204664,Sleek Cotton Short Sleeve T-Shirt - Khaki Brown,0.0,0,45140,45140,,0,,,41.15,0,low,19.62,2,1,56,https://www.musinsa.com/products/6204664
2026-08-27,트래블,6205176,하트 리스 크롭 반팔티 그레이,0.48,11267,23400,23400,,0,,,43.15,0,low,21.51,2,1,56,https://www.musinsa.com/products/6205176
2026-08-27,배드블러드,6205368,B.A.D. Ladyland Ringer Loose-Fit T-Shirt - Cream,0.0,0,56880,56880,,0,,,41.15,0,low,19.62,2,1,56,https://www.musinsa.com/products/6205368
2026-08-27,코드그라피,6207544,[알로하PICK] (우먼) 오버핏 스트라이프 반소매 카라 티셔츠-다크 네이비,0.0,0,44800,44800,,0,,,27.11,0,low,20.2,3,1,56,https://www.musinsa.com/products/6207544
2026-08-27,던스트,6208504,UTILITY PARACHUTE PANTS_UDPA6B224_BEIGE,0.0,0,82560,82560,,0,,,37.31,0,low,21.59,2,1,56,https://www.musinsa.com/products/6208504
2026-08-27,세터,6209912,(W) 시어 롱 슬리브 크롭 가디건 크림,0.0,0,129000,129000,,0,,,31.86,0,low,20.84,3,1,56,https://www.musinsa.com/products/6209912
2026-08-27,스컬프터,6210296,Chain Terry Bag Acid Pink,0.0,0,111200,111200,,0,,,44.14,0,low,20.7,2,1,56,https://www.musinsa.com/products/6210296
2026-08-27,카키포인트,6219896,Folded Off-Shoulder Knit (gray),0.0,0,90440,90440,,0,,,43.15,0,low,21.51,2,1,56,https://www.musinsa.com/products/6219896
2026-08-27,제너럴아이디어,6220472,브이넥 스카프 블라우스 [CREAM] / GF1LBL513,0.0,0,49300,49300,,0,,,44.13,0,low,20.7,2,1,56,https://www.musinsa.com/products/6220472
2026-08-27,파브레가,6221048,사이드 라인 치노 버뮤다 팬츠 (카키 브라운),0.0,0,79200,79200,,0,,,27.1,0,low,20.2,3,1,56,https://www.musinsa.com/products/6221048
2026-08-27,락케이크,6221816,Asymmetric One Shoulder Top - Black,0.0,0,38880,38880,,0,,,43.14,0,low,21.51,2,1,56,https://www.musinsa.com/products/6221816
2026-08-27,트리밍버드,6226872,Essential Silky Cotton T-Shirts [ White ],0.0,0,59000,59000,,0,,,41.14,0,low,19.62,2,1,56,https://www.musinsa.com/products/6226872
2026-08-27,9999아카이브,6228024,Fluid Tech Track Jacket,0.0,0,121680,121680,,0,,,37.3,0,low,21.59,2,1,56,https://www.musinsa.com/products/6228024
2026-08-27,드로우핏,6237816,파인 리브드 헨리넥 하프 티셔츠 [IVORY],0.64,25488,39600,39600,,0,,,27.09,0,low,20.2,3,1,56,https://www.musinsa.com/products/6237816
2026-08-27,프렌다,6242808,97 PAINTED WASHED PANTS KHAKI,0.0,0,95200,95200,,0,,,43.14,0,low,21.51,2,1,56,https://www.musinsa.com/products/6242808
2026-08-27,쿠어,6243576,컴팩트 샌디 폴로 니트 (차콜그레이),0.0,0,88200,88200,,0,,,31.85,0,low,20.84,3,1,56,https://www.musinsa.com/products/6243576
2026-08-27,바이모노,6244472,[댄디핏 XL-6XL] 모노 산뜻 체크 셔츠,0.0,0,49900,49900,,0,,,39.08,0,low,21.11,2,1,56,https://www.musinsa.com/products/6244472
2026-08-27,미세키서울,6254136,One shoulder sheer knit top GREY,0.0,0,70200,70200,,0,,,25.4,0,low,20.16,4,1,56,https://www.musinsa.com/products/6254136
2026-08-27,룩캐스트,6255928,리나 실크 스카프 / LINA SILK SCARF_2colors,0.0,0,78400,78400,,0,,,25.4,0,low,20.16,4,1,56,https://www.musinsa.com/products/6255928
2026-08-27,알리스,6259384,이지 레이어드 브이넥 크롭 하프 니트 [멜란지그레이],0.0,0,56880,56880,,0,,,25.39,0,low,20.16,4,1,56,https://www.musinsa.com/products/6259384
2026-08-27,비헤비어,6259576,DISTRESSED M35 1/2 TROUSERS nep indigo,0.0,0,128790,128790,,0,,,25.39,0,low,20.16,4,1,56,https://www.musinsa.com/products/6259576
2026-08-27,비헤비어,6259640,DYED CANVAS FATIGUE 1/2 PANTS black,0.0,0,136890,136890,,0,,,25.39,0,low,20.16,4,1,56,https://www.musinsa.com/products/6259640
2026-08-27,웬즈데이오아시스,6259704,하버 스트라이프 오픈 카라 셔츠_BROWN(WB6SH11),0.0,0,47600,47600,,0,,,43.12,0,low,21.51,2,1,56,https://www.musinsa.com/products/6259704
2026-08-27,웬즈데이오아시스,6260280,세미 커브드 트윌 투턱 팬츠_IVORY(WB6PT12),0.0,0,61600,61600,,0,,,43.12,0,low,21.51,2,1,56,https://www.musinsa.com/products/6260280
2026-08-27,헬레네파리스,6262008,POSITIVE VIBES 홀터넥 스트라이프 슬리브리스 [차콜-블랙],0.0,0,28870,28870,,0,,,41.13,0,low,19.62,2,1,56,https://www.musinsa.com/products/6262008
2026-08-27,길라아카이브,6262840,LETTERING GRAPHIC MILITARY CAP_BLACK,0.0,0,47790,47790,,0,,,37.29,0,low,21.59,2,1,56,https://www.musinsa.com/products/6262840
2026-08-27,메인부스,6262968,Chocolate Hood Zip-up(BLACK),0.0,0,59500,59500,,0,,,27.08,0,low,20.2,3,1,56,https://www.musinsa.com/products/6262968
2026-08-27,커스텀어클락,6263096,[COCLX삭형] [2PACK] 세미 크롭 숏 슬리브 셔츠 4 COLOR COOSSH204SH205,0.44,31049,69900,69900,,0,,,39.07,0,low,21.11,2,1,56,https://www.musinsa.com/products/6263096
2026-08-27,브라운브레스,6266040,STAMP TAG PIGMENT TEE - CHARCOAL,0.0,0,39200,39200,,0,,,43.11,0,low,21.51,2,1,56,https://www.musinsa.com/products/6266040
2026-08-27,아캄,6267192,Upside-Down Flare Denim Pants (Black),0.0,0,132300,132300,,0,,,31.85,0,low,20.84,3,1,56,https://www.musinsa.com/products/6267192
2026-08-27,아틀리에 나인,6269048,CREASE CHECK HALTER TOP (BL-4411),0.0,0,98100,98100,,0,,,31.84,0,low,20.84,3,1,56,https://www.musinsa.com/products/6269048
2026-08-27,아틀리에 나인,6269816,SIDE STRING BANDING BOOTCUT PANTS (PT-5780),0.0,0,107100,107100,,0,,,31.84,0,low,20.84,3,1,56,https://www.musinsa.com/products/6269816
2026-08-27,르아르,6270520,소프트 라운드 롱슬리브 티셔츠 [애플민트],0.0,0,25900,25900,,0,,,31.84,0,low,20.84,3,1,56,https://www.musinsa.com/products/6270520
2026-08-27,던스트,6271352,SUMMER LINEN V-NECK KNIT_UDSW6B233_MELANGE GREY,0.0,0,63360,63360,,0,,,37.28,0,low,21.59,2,1,56,https://www.musinsa.com/products/6271352
2026-08-27,몽돌,6274488,[SET] 캡 내장 프릴 나시 코튼 파자마 핑크 MDPJ003PINK,0.0,0,34500,34500,,0,,,44.11,0,low,20.7,2,1,56,https://www.musinsa.com/products/6274488
2026-08-27,몽돌,6274616,버튼 포켓 스트레이트 팬츠 차콜 MDPT078CHARCOAL,0.0,0,54790,54790,,0,,,44.11,0,low,20.7,2,1,56,https://www.musinsa.com/products/6274616
2026-08-27,던스트,6275832,UNISEX LIMONCELLO T-SHIRT_UDTS6B148_SOFT BLUE,0.0,0,30800,30800,,0,,,37.26,0,low,21.59,2,1,56,https://www.musinsa.com/products/6275832
2026-08-27,드로우핏 우먼,6276088,링클프리 슬림 라인 반팔 셔츠 [BLACK],0.0,0,54000,54000,,0,,,43.1,0,low,21.51,2,1,56,https://www.musinsa.com/products/6276088
2026-08-27,트리밍버드,6276216,TMB Active 2-Way Zipper Cap [ Black ],0.0,0,89000,89000,,0,,,41.13,0,low,19.62,2,1,56,https://www.musinsa.com/products/6276216
2026-08-27,세터,6285560,카펜터 버뮤다 데님 팬츠 그레이,0.0,0,119000,119000,,0,,,31.83,0,low,20.84,3,1,56,https://www.musinsa.com/products/6285560
2026-08-27,세터,6285752,(W) 벌룬 슬리브리스 원피스 스카이 블루,0.0,0,129000,129000,,0,,,31.83,0,low,20.84,3,1,56,https://www.musinsa.com/products/6285752
2026-08-27,세터,6288888,[라이즈PICK] I LOVE 슬럽 반팔 티셔츠 크림,0.0,0,79000,79000,,0,,,31.83,0,low,20.84,3,1,56,https://www.musinsa.com/products/6288888
2026-08-27,레더리,6289336,오션 헤이즈 오버핏 반팔 티셔츠 [BLACK],0.0,0,23510,23510,,0,,,25.38,0,low,20.16,4,1,56,https://www.musinsa.com/products/6289336
2026-08-27,아웃스탠딩,6291576,MIL SERIES TEE(CAMP MAXEY)_OFF WHITE,0.0,0,34400,34400,,0,,,44.1,0,low,20.7,2,1,56,https://www.musinsa.com/products/6291576
2026-08-27,에이치덱스,6294072,이지 서밋 리커버리 슬라이드 (Black),0.0,0,49000,49000,,0,,,27.08,0,low,20.2,3,1,56,https://www.musinsa.com/products/6294072
2026-08-27,해비즘,6295928,ROSE FOOTBALL BOAT NECK L/S TEE(NAVY),0.0,0,41300,41300,,0,,,37.25,0,low,21.59,2,1,56,https://www.musinsa.com/products/6295928
2026-08-27,플랙,6301816,마일드 체크 반팔 셔츠 2colors,0.0,0,63200,63200,,0,,,39.06,0,low,21.11,2,1,56,https://www.musinsa.com/products/6301816
2026-08-27,일꼬르소,6304824,워시드 링거 숏 슬리브 티셔츠 차콜 그레이,0.0,0,35280,35280,,0,,,39.06,0,low,21.11,2,1,56,https://www.musinsa.com/products/6304824
2026-08-27,락피쉬웨더웨어,6306744,SKATER SOCKS - 2 colors,0.0,0,9000,9000,,0,,,27.08,0,low,20.2,3,1,56,https://www.musinsa.com/products/6306744
2026-08-27,락피쉬웨더웨어,6307384,GLAIR FISHERMAN MULES - 5 colors,1.29,56873,44200,44200,,0,,,27.08,0,low,20.2,4,1,56,https://www.musinsa.com/products/6307384
2026-08-27,루에브르,6308024,[기장선택] Straight Denim Pants SJ6ML779-AM,0.0,0,109000,109000,,0,,,43.1,0,low,21.51,2,1,56,https://www.musinsa.com/products/6308024
2026-08-27,루에브르,6308088,Detachable Collar V-neck Jacket SW6MJ783-93,0.0,0,219000,219000,,0,,,43.1,0,low,21.51,2,1,56,https://www.musinsa.com/products/6308088
2026-08-27,넌블랭크,6309112,기자 코튼 HS 티셔츠_WHITE,0.0,0,35930,35930,,0,,,37.24,0,low,21.59,2,1,56,https://www.musinsa.com/products/6309112
2026-08-27,러브이즈트루,6310712,SY LETTERING TOTE BAG(MINT),0.0,0,53470,53470,,0,,,37.24,0,low,21.59,2,1,56,https://www.musinsa.com/products/6310712
2026-08-27,더뮤지엄비지터,6312504,FLOWER EMBROIDERY STRIPE COLLARED T-SHIRT (WHITE),0.0,0,57850,57850,,0,,,44.09,0,low,20.7,2,1,56,https://www.musinsa.com/products/6312504
2026-08-27,제로,6313592,카우 레더 스터드 키링 [블랙],0.0,0,17500,17500,,0,,,31.82,0,low,20.84,3,1,56,https://www.musinsa.com/products/6313592
2026-08-27,브라운야드,6316152,"W 워시드 코튼 니트, 블랙",0.0,0,138600,138600,,0,,,37.24,0,low,21.59,2,1,56,https://www.musinsa.com/products/6316152
2026-08-27,브라운야드,6316344,"워시드 코튼 니트, 레드",0.0,0,138600,138600,,0,,,37.23,0,low,21.59,2,1,56,https://www.musinsa.com/products/6316344
2026-08-27,르바,6317496,Light Sheer Maxi Skirt - Off White,0.0,0,119130,119130,,0,,,27.07,0,low,20.2,3,1,56,https://www.musinsa.com/products/6317496
2026-08-27,드헤베,6319608,Unbalanced Twist Blouse [Black],0.0,0,93100,93100,,0,,,27.06,0,low,20.2,3,1,56,https://www.musinsa.com/products/6319608
2026-08-27,드헤베,6319992,Boat Neck Ribbon Knit [Black],0.0,0,68400,68400,,0,,,27.06,0,low,20.2,3,1,56,https://www.musinsa.com/products/6319992
2026-08-27,칙스,6320248,어반 듀얼포켓 숄더백 블랙,0.0,0,27920,27920,,0,,,41.12,0,low,19.62,2,1,56,https://www.musinsa.com/products/6320248
2026-08-27,르아르,6324664,빈티지 레터링 프린팅 티셔츠 [그레이],0.0,0,25900,25900,,0,,,31.81,0,low,20.84,3,1,56,https://www.musinsa.com/products/6324664
2026-08-27,락피쉬웨더웨어,6330040,[× clor] HAYDEN BOOTS - 2 colors,0.0,0,71700,71700,,0,,,27.06,0,low,20.2,3,1,56,https://www.musinsa.com/products/6330040
2026-08-27,아웃스탠딩,6331320,V.S.C SHORT PANTS(HONOLULU)_1%OATMEAL,0.0,0,44800,44800,,0,,,44.08,0,low,20.7,2,1,56,https://www.musinsa.com/products/6331320
2026-08-27,글로니,6331832,G CLASSIC LACE-UP MIDI SKIRT (BROWN),0.0,0,74520,74520,,0,,,41.11,0,low,19.62,2,1,56,https://www.musinsa.com/products/6331832
2026-08-27,글로니,6331896,G KNIT REST SHORTS (BLACK),0.0,0,68400,68400,,0,,,41.11,0,low,19.62,2,1,56,https://www.musinsa.com/products/6331896
2026-08-27,더니트컴퍼니,6332600,아비스 린넨 브릭 크루넥 - 카놀리 크림,0.0,0,186150,186150,,0,,,27.06,0,low,20.2,3,1,56,https://www.musinsa.com/products/6332600
2026-08-27,트리밍버드,6341880,Lace-Up Side Sleeveless Top [ Black ],0.0,0,169000,169000,,0,,,41.1,0,low,19.62,2,1,56,https://www.musinsa.com/products/6341880
2026-08-27,썬러브투어,6348728,Cray Daybreak Tee Charcoal,0.0,0,48300,48300,,0,,,43.09,0,low,21.51,2,1,56,https://www.musinsa.com/products/6348728
2026-08-27,에이치덱스,6350008,에센셜 스트레치 나일론 팬츠 W (Charcoal),0.0,0,72980,72980,,0,,,27.05,0,low,20.2,3,1,56,https://www.musinsa.com/products/6350008
2026-08-27,아모우,6350648,Always Star Reglan T-shirts BLACK,0.0,0,36400,36400,,0,,,41.09,0,low,19.62,2,1,56,https://www.musinsa.com/products/6350648
2026-08-27,필루미네이트,6351352,핀턱 트레이닝 스웨트 쇼츠-블랙,0.0,0,27900,27900,,0,,,37.23,0,low,21.6,2,1,56,https://www.musinsa.com/products/6351352
2026-08-27,와르,6356920,M290 맥시 플레어 데님 팬츠_더스티 블루,0.0,0,54440,54440,,0,,,44.06,0,low,20.7,2,1,56,https://www.musinsa.com/products/6356920
2026-08-27,프리즘웍스,6362296,CANVAS ESSENTIAL CARGO SHORTS _ DEEP KHAKI,0.0,0,85000,85000,,0,,,41.09,0,low,19.62,2,1,56,https://www.musinsa.com/products/6362296
2026-08-27,벨리에,6362424,(W) 보더 시티 슬림 폴로 티셔츠 - 그레이 블랙,0.0,0,89300,89300,,0,,,31.8,0,low,20.84,3,1,56,https://www.musinsa.com/products/6362424
2026-08-27,시야쥬,6366776,SIAC3125 Loop Nylon Mini Pouch_Black,0.0,0,34000,34000,,0,,,39.04,0,low,21.11,2,1,56,https://www.musinsa.com/products/6366776
2026-08-27,시야쥬,6367736,SIKN2185 플루이드 캡소매 니트 가디건_Black,0.0,0,109000,109000,,0,,,39.03,0,low,21.11,2,1,56,https://www.musinsa.com/products/6367736
2026-08-27,더블유엠씨,6374712,빈티지워싱 코튼 쇼츠_GREYISH BLUE,0.0,0,34760,34760,,0,,,37.22,0,low,21.6,2,1,56,https://www.musinsa.com/products/6374712
2026-08-27,르아르,6376120,머슬핏 헨리넥 반팔 니트 [스모크차콜],0.37,11900,32500,32500,,0,,,31.8,0,low,20.84,3,1,56,https://www.musinsa.com/products/6376120
2026-08-27,제너럴아이디어,6388920,체크 프릴 블라우스 [ASH BROWN] / GF2LBL517,0.0,0,40800,40800,,0,,,44.06,0,low,20.7,2,1,56,https://www.musinsa.com/products/6388920
2026-08-27,바우로 프로덕트,6391928,써머 크링클 더블포켓 셔츠 [그레이],0.0,0,109000,109000,,0,,,27.03,0,low,20.2,3,1,56,https://www.musinsa.com/products/6391928
2026-08-27,슬로우애시드,6392568,비스코스 블렌드 리버시블 시티백 [블랙],0.0,0,49600,49600,,0,,,27.03,0,low,20.2,3,1,56,https://www.musinsa.com/products/6392568
2026-08-27,언더오프,6393720,에센셜 스탠다드 푸마도르 반팔 티셔츠 블랙,0.0,0,17520,17520,,0,,,39.02,0,low,21.11,2,1,56,https://www.musinsa.com/products/6393720
2026-08-27,틸아이다이,6393976,Essential hair clip [TISU06AC01]_5color,0.0,0,36720,36720,,0,,,44.05,0,low,20.7,2,1,56,https://www.musinsa.com/products/6393976
2026-08-27,탄산마그네슘,6394104,혼 아플리케 티셔츠 (네이비),0.0,0,50920,50920,,0,,,31.79,0,low,20.84,3,1,56,https://www.musinsa.com/products/6394104
2026-08-27,파르티멘토 우먼,6394360,PWC 버튼 메쉬 쇼츠_8컬러,0.3,8290,27460,27460,,0,,,25.35,0,low,20.16,4,1,56,https://www.musinsa.com/products/6394360
2026-08-27,시눈,6397752,Frill Mini Skirt Pants (White),0.0,0,110540,110540,,0,,,31.79,0,low,20.84,3,1,56,https://www.musinsa.com/products/6397752
2026-08-27,시눈,6398008,Patchwork Rabbit T-Shirt (Melange Grey),0.0,0,54470,54470,,0,,,31.79,0,low,20.84,3,1,56,https://www.musinsa.com/products/6398008
2026-08-27,테이크이지,6398392,트위스트 배럴 데님팬츠 (엔지니어드블루),0.0,0,39900,39900,,0,,,39.02,0,low,21.11,2,1,56,https://www.musinsa.com/products/6398392
2026-08-27,에스피오나지,6399736,39 Football Tee Off White,0.0,0,36400,36400,,0,,,41.09,0,low,19.62,2,1,56,https://www.musinsa.com/products/6399736
2026-08-27,길라아카이브,6399992,TYPING TANK TOP_YELLOW,0.0,0,46800,46800,,0,,,37.21,0,low,21.6,2,1,56,https://www.musinsa.com/products/6399992
2026-08-27,브라운야드,6402936,"벨티드 하프 팬츠, 블랙",0.0,0,110600,110600,,0,,,37.2,0,low,21.6,2,1,56,https://www.musinsa.com/products/6402936
2026-08-27,니티드,6403448,(UNISEX) 피그먼트 팜트리 그래픽 티셔츠 CROP BLACK,0.0,0,34200,34200,,0,,,27.02,0,low,20.2,3,1,56,https://www.musinsa.com/products/6403448
2026-08-27,바우로 프로덕트,6403640,텐셀 스트라이프 크롭 티셔츠 [블랙ST],0.0,0,46900,46900,,0,,,27.02,0,low,20.2,3,1,56,https://www.musinsa.com/products/6403640
2026-08-27,제너럴아이디어,6408952,시어 레이어드 슬리브리스 [CHARCOAL] / GF2LTS534,0.0,0,22400,22400,,0,,,44.05,0,low,20.7,2,1,56,https://www.musinsa.com/products/6408952
2026-08-27,제로,6409464,루프 사이드 딥 원 턱 스웨트 쇼츠 [딥 차콜],0.0,0,27300,27300,,0,,,31.77,0,low,20.84,3,1,56,https://www.musinsa.com/products/6409464
2026-08-27,제로,6409592,사이드 헨리 넥 크롭 티셔츠 [멜란지 그레이],0.0,0,17500,17500,,0,,,31.77,0,low,20.84,3,1,56,https://www.musinsa.com/products/6409592
2026-08-27,러브이즈트루,6425656,SY HORSE NECKLACE(RED),0.0,0,41130,41130,,0,,,37.2,0,low,21.6,2,1,56,https://www.musinsa.com/products/6425656
2026-08-27,후브스,6428984,스톤 헨리넥 니트 반팔티 [워시드네이비],0.0,0,48800,48800,,0,,,39.0,0,low,21.11,2,1,56,https://www.musinsa.com/products/6428984
2026-08-27,제너럴아이디어,6432312,세미 와이드 데님 팬츠 [NAVY] / GF2LPT519,0.0,0,44800,44800,,0,,,44.04,0,low,20.7,2,1,56,https://www.musinsa.com/products/6432312
2026-08-27,썸웨어버터,6434552,Pendant Card Wallet - Ivory,0.0,0,37240,37240,,0,,,37.19,0,low,21.6,2,1,56,https://www.musinsa.com/products/6434552
2026-08-27,일리고,6437624,새소 페어리 원숄더 티셔츠 핑크,0.0,0,43200,43200,,0,,,25.34,0,low,20.16,4,1,56,https://www.musinsa.com/products/6437624
2026-08-27,더뮤지엄비지터,6444728,CHECK PATCHWORK CHINO PANTS (GREY),0.0,0,89400,89400,,0,,,44.04,0,low,20.7,2,1,56,https://www.musinsa.com/products/6444728
2026-08-27,더뮤지엄비지터,6444984,FASHION LOVERS EYELET T-SHIRT (WHITE),0.0,0,41600,41600,,0,,,44.04,0,low,20.7,2,1,56,https://www.musinsa.com/products/6444984
2026-08-27,오도어,6445368,Molly wide jogger in Camo,0.96,122466,127410,127410,,0,,,43.08,0,low,21.51,2,1,56,https://www.musinsa.com/products/6445368
2026-08-27,바이모노,6450616,[빅사이즈 M-8XL] 모노팻펫 캣&도그 오버핏 반팔티,0.0,0,25420,25420,,0,,,38.99,0,low,21.11,2,1,56,https://www.musinsa.com/products/6450616
2026-08-27,제로,6451512,멀티 카고 오버 코튼 쇼츠 [블랙],0.0,0,43000,43000,,0,,,31.75,0,low,20.84,3,1,56,https://www.musinsa.com/products/6451512
2026-08-27,일리고,6455160,포켓 버튼 티셔츠 차콜,0.0,0,51200,51200,,0,,,25.33,0,low,20.16,4,1,56,https://www.musinsa.com/products/6455160
2026-08-27,글로니,6457592,G FINE STRAP CAMISOLE (NAVY),0.0,0,38880,38880,,0,,,41.07,0,low,19.62,2,1,56,https://www.musinsa.com/products/6457592
2026-08-27,글로니,6457656,G ENCORE STRIPE BIKINI BOTTOM (BROWN STRIPE),0.0,0,41760,41760,,0,,,41.07,0,low,19.62,2,1,56,https://www.musinsa.com/products/6457656
2026-08-27,트리밍버드,6458296,Folded Waistband Low-Rise Denim Pants [ Blue ],0.0,0,189000,189000,,0,,,41.07,0,low,19.62,2,1,56,https://www.musinsa.com/products/6458296
2026-08-27,제너럴아이디어,6458488,온도컷 쿨 세미 와이드 니트 팬츠 [TAUPE] / GF2LPT520,0.0,0,60000,60000,,0,,,44.03,0,low,20.7,2,1,56,https://www.musinsa.com/products/6458488
2026-08-27,로제프란츠,6459000,Cancan Frill Mini Skirt [Black],0.0,0,40480,40480,,0,,,27.01,0,low,20.2,3,1,56,https://www.musinsa.com/products/6459000
2026-08-27,로제프란츠,6460152,Sweet Angel Patchwork T-shirt [White],0.0,0,31920,31920,,0,,,27.0,0,low,20.2,3,1,56,https://www.musinsa.com/products/6460152
2026-08-27,로제프란츠,6460216,Check Shirring Crop Blouse [Red],0.0,0,53680,53680,,0,,,27.0,0,low,20.2,3,1,56,https://www.musinsa.com/products/6460216
2026-08-27,해칭룸,6461304,Plaket Shirt Beige,0.0,0,148000,148000,,0,,,25.33,0,low,20.16,4,1,56,https://www.musinsa.com/products/6461304
2026-08-27,해칭룸,6461368,Reversible Two Face Shirt Black/Orange,0.0,0,188000,188000,,0,,,25.33,0,low,20.16,4,1,56,https://www.musinsa.com/products/6461368
2026-08-27,노이어,6462456,코튼 피그먼트 슬리브리스 (블랙),0.0,0,27300,27300,,0,,,41.06,0,low,19.62,2,1,56,https://www.musinsa.com/products/6462456
2026-08-27,유니온블루,6470136,WAFFLE HENLEY S/S T-SHIRT [WHITE],0.0,0,52200,52200,,0,,,44.02,0,low,20.7,2,1,56,https://www.musinsa.com/products/6470136
2026-08-27,미세키서울,6471096,Layered pleats maxi skirt CHARCOAL,0.0,0,136080,136080,,0,,,25.32,0,low,20.16,4,1,56,https://www.musinsa.com/products/6471096
2026-08-27,파르티멘토 우먼,6471736,라이트웨이트 드레이프 비니_블루,0.0,0,25290,25290,,0,,,25.32,0,low,20.16,4,1,56,https://www.musinsa.com/products/6471736
2026-08-27,니티드,6472056,아웃스트링 커브드 코튼 벌룬 팬츠 BLACK,0.0,0,69800,69800,,0,,,27.0,0,low,20.2,3,1,56,https://www.musinsa.com/products/6472056
2026-08-27,파르티멘토 우먼,6473720,스카프 러플 핀턱 블라우스_아이보리,0.0,0,54190,54190,,0,,,25.31,0,low,20.16,4,1,56,https://www.musinsa.com/products/6473720
2026-08-27,유라고,6477944,Logo slim V-neck t-shirt,0.0,0,28560,28560,,0,,,31.75,0,low,20.84,3,1,56,https://www.musinsa.com/products/6477944
2026-08-27,유라고,6479096,Linen hooded knit,0.0,0,80920,80920,,0,,,31.75,0,low,20.84,3,1,56,https://www.musinsa.com/products/6479096
2026-08-27,이지노이지,6481976,크로스 아일렛 버뮤다 스웻 팬츠 - 그레이,0.0,0,49900,49900,,0,,,31.74,0,low,20.84,3,1,56,https://www.musinsa.com/products/6481976
2026-08-27,비바라비다,6487480,오프숄더 반팔 티셔츠,0.0,0,26900,26900,,0,,,44.02,0,low,20.7,2,1,56,https://www.musinsa.com/products/6487480
2026-08-27,더바넷,6492024,Rudy Shirring Puff Top_Ivory,0.0,0,54720,54720,,0,,,26.99,0,low,20.2,3,1,56,https://www.musinsa.com/products/6492024
2026-08-27,999휴머니티,6492216,HOWDY SWEAT PANT (BLUE),0.0,0,148000,148000,,0,,,31.74,0,low,20.84,3,1,56,https://www.musinsa.com/products/6492216
2026-08-27,솔트앤초콜릿,6493048,플로 메쉬 스니커즈 412620001 (4cm),0.0,0,89250,89250,,0,,,44.02,0,low,20.7,2,1,56,https://www.musinsa.com/products/6493048
2026-08-27,로우클래식,6495800,SHEER SLEEVELESS BLOUSE_SKY BLUE [LC262BL03SY],0.0,0,53720,53720,,0,,,41.04,0,low,19.62,2,1,56,https://www.musinsa.com/products/6495800
2026-08-27,로우클래식,6495864,NONFADE POCKET WIDE JEANS_INDIGO [LC262PT02ID],0.0,0,118300,118300,,0,,,41.03,0,low,19.62,2,1,56,https://www.musinsa.com/products/6495864
2026-08-27,후드후드,6509752,에일리언 키링 라이트퍼플,0.0,0,29610,29610,,0,,,26.99,0,low,20.2,3,1,56,https://www.musinsa.com/products/6509752
2026-08-27,더블유엠씨,6518200,[2PACK] 워시드 반팔 티셔츠 3종,0.0,0,41300,41300,,0,,,37.17,0,low,21.6,2,1,56,https://www.musinsa.com/products/6518200
2026-08-27,꼼파뇨,6518264,도트 퍼피 반팔티 그레이,0.0,0,33800,33800,,0,,,25.3,0,low,20.16,4,1,56,https://www.musinsa.com/products/6518264
2026-08-27,칙스,6533432,스터드 라인업 그래픽 원숄더 반팔 차콜,0.0,0,35120,35120,,0,,,41.03,0,low,19.62,2,1,56,https://www.musinsa.com/products/6533432
2026-08-27,슬로우애시드,6535096,SA REFINED FLIP-CUFF SEMI-CROP TEE [CHARCOAL],0.32,8484,26460,26460,,0,,,26.99,0,low,20.2,3,1,56,https://www.musinsa.com/products/6535096
2026-08-27,브라운브레스,6543224,PALM COAST SLEEVELESS - GREY,0.0,0,55000,55000,,0,,,43.06,0,low,21.51,2,1,56,https://www.musinsa.com/products/6543224
2026-08-27,일꼬르소,6551032,워시드 더블니 카펜터 하프 팬츠 블랙,0.0,0,64080,64080,,0,,,38.96,0,low,21.11,2,1,56,https://www.musinsa.com/products/6551032
2026-08-27,러브이즈트루,6551416,SY LUV DOT TEE(BLACK),0.0,0,30350,30350,,0,,,37.16,0,low,21.6,2,1,56,https://www.musinsa.com/products/6551416
2026-08-27,아틀리에 나인,6552952,TEXTURED CHECK SET SHIRRED SKIRT (SK-5112),0.0,0,88200,88200,,0,,,31.73,0,low,20.84,3,1,56,https://www.musinsa.com/products/6552952
2026-08-27,아캄,6554616,Double String Sleeveless (Black),0.0,0,34300,34300,,0,,,31.72,0,low,20.84,3,1,56,https://www.musinsa.com/products/6554616
2026-08-27,제너럴아이디어,6566136,라이브 스트리밍 캣 반팔티 [CHARCOAL] / GF2LTS540,0.0,0,29600,29600,,0,,,44.01,0,low,20.7,2,1,56,https://www.musinsa.com/products/6566136
2026-08-27,와이케이,6574008,스타 돌핀 실버 에폭시 범퍼 케이스,0.0,0,20300,20300,,0,,,37.16,0,low,21.6,2,1,56,https://www.musinsa.com/products/6574008
2026-08-27,후드후드,6575992,두들 에일리언 반팔티셔츠 화이트,0.0,0,28350,28350,,0,,,26.98,0,low,20.2,3,1,56,https://www.musinsa.com/products/6575992
2026-08-27,탄산마그네슘,6582520,안녕자두야X탄산 패턴 슬리브리스 (네이비),0.0,0,40280,40280,,0,,,31.72,0,low,20.84,3,1,56,https://www.musinsa.com/products/6582520
2026-08-27,무드인사이드,6583480,투턱 시어서커 와이드 쇼츠_Navy,0.0,0,34900,34900,,0,,,43.05,0,low,21.51,2,1,56,https://www.musinsa.com/products/6583480
2026-08-27,파르티멘토 우먼,6608568,투인원 더블 레이어드 버뮤다 팬츠_더스티 블루,0.0,0,62860,62860,,0,,,25.29,0,low,20.16,4,1,56,https://www.musinsa.com/products/6608568
2026-08-27,파르티멘토 우먼,6609528,리워크드 폴로 미니 스커트_차콜 스트라이프,0.0,0,40460,40460,,0,,,25.29,0,low,20.16,4,1,56,https://www.musinsa.com/products/6609528
2026-08-27,르바,6616952,All-day Sleeveless Top - Cotton-candy Pink,0.0,0,34300,34300,,0,,,26.98,0,low,20.2,3,1,56,https://www.musinsa.com/products/6616952
2026-08-27,더바넷,6617848,Lois Ribbed Logo Tank Top_Navy,0.0,0,49400,49400,,0,,,26.98,0,low,20.2,3,1,56,https://www.musinsa.com/products/6617848
2026-08-27,다이브인,6629176,CUPRA WIDE TROUSERS (CHARCOAL),0.0,0,129000,129000,,0,,,38.95,0,low,21.11,2,1,56,https://www.musinsa.com/products/6629176
2026-08-27,제너럴아이디어,6633720,릴렉스드 핏 브이넥 가디건 [BLACK] / GF2LKC547,0.0,0,44000,44000,,0,,,44.0,0,low,20.7,2,1,56,https://www.musinsa.com/products/6633720
2026-08-27,더뮤지엄비지터,6635512,W VOLUME HEART APPLIQUE T-SHIRT (WHITE),0.0,0,38350,38350,,0,,,44.0,0,low,20.7,2,1,56,https://www.musinsa.com/products/6635512
2026-08-27,플리즈노팔로우,6645944,Ethan Pocket Cargo Pants (Charcoal),0.51,76709,150400,150400,,0,,,43.99,0,low,20.7,2,1,56,https://www.musinsa.com/products/6645944
2026-08-27,키르시,6652024,아이러브 키르시 에코백 [라이트 옐로우],0.0,0,29000,29000,,0,,,38.95,0,low,21.11,2,1,56,https://www.musinsa.com/products/6652024
2026-08-27,브라운야드,6658808,"레귤러 데님, 라이트 블루",0.0,0,258000,258000,,0,,,37.14,0,low,21.6,2,1,56,https://www.musinsa.com/products/6658808
2026-08-27,후브스,6659384,믹스드 패널 슬리브리스[블랙],0.0,0,32000,32000,,0,,,38.95,0,low,21.11,2,1,56,https://www.musinsa.com/products/6659384
2026-08-27,무드인사이드,6661240,[SET] 쿨링 셔츠 세트,0.0,0,39900,39900,,0,,,43.05,0,low,21.51,2,1,56,https://www.musinsa.com/products/6661240
2026-08-27,배드블러드,6663544,앰버서더 26 클럽 복서 - 핑크스트라이프,0.0,0,49730,49730,,0,,,41.02,0,low,19.62,2,1,56,https://www.musinsa.com/products/6663544
2026-08-27,배드블러드,6663608,앰버서더 26 라이트웨이트 나일론 후드 자켓 - 민트,0.0,0,113990,113990,,0,,,41.02,0,low,19.62,2,1,56,https://www.musinsa.com/products/6663608
2026-08-27,꼼파뇨,6668088,로즈 키티 피그먼트 반팔티 스모크블랙,0.0,0,33800,33800,,0,,,25.28,0,low,20.16,4,1,56,https://www.musinsa.com/products/6668088
2026-08-27,노이어,6679480,버진 울 오버사이즈 맥 코트 (블랙),0.0,0,103500,103500,,0,,,41.01,0,low,19.62,2,1,56,https://www.musinsa.com/products/6679480
2026-08-27,노이어,6679544,오버핏 더블 브레스티드 자켓 (스트라이프 그레이),0.0,0,197200,197200,,0,,,41.01,0,low,19.62,2,1,56,https://www.musinsa.com/products/6679544
2026-08-27,틸아이다이,6689464,TFL 07 STRIPE SLEEVELESS [TISU08TS38]_Ivory&Black,0.0,0,26010,26010,,0,,,43.98,0,low,20.7,2,1,56,https://www.musinsa.com/products/6689464
2026-08-27,더니트컴퍼니,6707000,아비스 린넨 레귤러 팬츠 2color,0.0,0,239000,239000,,0,,,26.97,0,low,20.2,3,1,56,https://www.musinsa.com/products/6707000
2026-08-27,글로니,6715192,GLOWNY X MY MELODY EVERYDAY SOCKS (WHITE),0.0,0,14580,14580,,0,,,41.0,0,low,19.62,2,1,56,https://www.musinsa.com/products/6715192
2026-08-27,마인드브릿지,6716728,[ON]UV차단 3단 자동 우양산 - 3color,0.0,0,35900,35900,,0,,,25.28,0,low,20.16,4,1,56,https://www.musinsa.com/products/6716728
2026-08-27,토피,6719352,커브드 배럴 데님 팬츠 (BLACK),1.53,48795,31900,31900,,0,,,43.98,0,low,20.7,4,1,56,https://www.musinsa.com/products/6719352
2026-08-27,르아르,6735416,[2PACK] 레이어드 롤업 티셔츠,0.0,0,58900,58900,,0,,,31.7,0,low,20.84,3,1,56,https://www.musinsa.com/products/6735416
2026-08-27,유니폼브릿지,6764152,chambray shirt light indigo,0.0,0,149000,149000,,0,,,43.97,0,low,20.7,2,1,56,https://www.musinsa.com/products/6764152
2026-08-27,아메스 월드와이드,6778744,PPG HEART RAGLAN OFF SHOULDER TEE LIGHT GREY,0.0,0,39200,39200,,0,,,25.27,0,low,20.16,4,1,56,https://www.musinsa.com/products/6778744
2026-08-27,바이젝,6787384,베이직 스판 기어 조거팬츠,0.0,0,79200,79200,,0,,,38.93,0,low,21.11,2,1,56,https://www.musinsa.com/products/6787384
2026-08-27,해칭룸,6819000,Harness Jeans Blue,0.0,0,178000,178000,,0,,,25.26,0,low,20.16,4,1,56,https://www.musinsa.com/products/6819000
2026-08-27,바이모노,6830072,[빅사이즈 M-6XL] 꼭꼭숨티 구김zero 7부티,0.0,0,29900,29900,,0,,,38.93,0,low,21.11,2,1,56,https://www.musinsa.com/products/6830072
2026-08-27,파브레가,6830136,론 스트라이프 토트백 (세이지 그린),0.0,0,84600,84600,,0,,,26.97,0,low,20.2,3,1,56,https://www.musinsa.com/products/6830136
2026-08-27,파브레가,6833720,카르빈 라이트 후드 자켓 (블랙),0.0,0,214200,214200,,0,,,26.96,0,low,20.2,3,1,56,https://www.musinsa.com/products/6833720
2026-08-27,언타이틀 서울,6851320,유니콘 타이포 레이어드 롱슬리브 핑크,0.0,0,39800,39800,,0,,,31.69,0,low,20.84,3,1,56,https://www.musinsa.com/products/6851320
2026-08-27,아모우,6878776,AMOU Horse Sweat pants BLACK,0.0,0,62300,62300,,0,,,40.97,0,low,19.62,2,1,56,https://www.musinsa.com/products/6878776
2026-08-27,아모우,6878968,AM Kiss Mark 5Pannel CAP IVORY,0.0,0,40600,40600,,0,,,40.97,0,low,19.62,2,1,56,https://www.musinsa.com/products/6878968
2026-08-27,코드그라피,6884728,플리스 스냅 하프넥 롱슬리브-차콜,0.0,0,69000,69000,,0,,,26.95,0,low,20.2,3,1,56,https://www.musinsa.com/products/6884728
2026-08-27,코드그라피,6884856,레글런 소매 스트라이프 후디-차콜,0.0,0,69000,69000,,0,,,26.95,0,low,20.2,3,1,56,https://www.musinsa.com/products/6884856
2026-08-27,세터,6885560,로렌 클래식 로고 토트 백 라이트 그레이,0.0,0,69000,69000,,0,,,31.68,0,low,20.84,3,1,56,https://www.musinsa.com/products/6885560
2026-08-27,세터,6894776,빈티지 패치 후드 티셔츠 네이비,0.0,0,159000,159000,,0,,,31.67,0,low,20.84,3,1,56,https://www.musinsa.com/products/6894776
2026-08-27,해비즘,6899640,FLOWER APLIQUE RAGLAN L/S TEE(BROWN),0.0,0,42160,42160,,0,,,37.13,0,low,21.6,2,1,56,https://www.musinsa.com/products/6899640
2026-08-27,후러브스아트,6907832,[후러브스아트 x 성진] 코튼 데님 절개 버뮤다 팬츠 차콜 그레이,0.0,0,39650,39650,,0,,,37.13,0,low,21.6,2,1,56,https://www.musinsa.com/products/6907832
2026-08-27,마인드브릿지 우먼,6916344,[ON][W]저온스 와이드 밴딩 데님 팬츠 - 3color,0.0,0,49900,49900,,0,,,31.67,0,low,20.84,3,1,56,https://www.musinsa.com/products/6916344
2026-08-27,무센트,6917944,시그니처 로고 도트 볼캡,0.0,0,29900,29900,,0,,,38.92,0,low,21.11,2,1,56,https://www.musinsa.com/products/6917944
2026-08-27,스컬프터,6931448,Sweet Kitty Dot Tank Top Brown,0.0,0,25000,25000,,0,,,43.96,0,low,20.7,2,1,56,https://www.musinsa.com/products/6931448
2026-08-27,유니폼브릿지,6939640,slub ringer l/s t-shirt charcoal,0.0,0,59000,59000,,0,,,43.96,0,low,20.7,2,1,56,https://www.musinsa.com/products/6939640
2026-08-27,디미트리블랙,6951160,M65 파라슈트 커브드 팬츠_코튼 3 COLOR,0.0,0,43900,43900,,0,,,38.92,0,low,21.11,2,1,56,https://www.musinsa.com/products/6951160
2026-08-27,에스피오나지,6957240,Multi Check Comfort Shirt Ivory,0.0,0,125100,125100,,0,,,40.97,0,low,19.62,2,1,56,https://www.musinsa.com/products/6957240
2026-08-27,글로니,6958200,G BABY TEE (LONG VERSION) (NAVY),0.0,0,34830,34830,,0,,,40.97,0,low,19.62,2,1,56,https://www.musinsa.com/products/6958200
2026-08-27,언탭트 스튜디오,6960952,오버핏 케이블 반집업 카라 니트 3Color,0.0,0,35840,35840,,0,,,37.13,0,low,21.6,2,1,56,https://www.musinsa.com/products/6960952
2026-08-27,카네이테이,6968632,SHADOW SEMI WIDE DENIM PANTS (BLUE),0.0,0,100300,100300,,0,,,43.95,0,low,20.7,2,1,56,https://www.musinsa.com/products/6968632
2026-08-27,와르,6969080,M2602 빈티지 스프라이트 셔츠_핀 스트라이프,0.0,0,111300,111300,,0,,,43.95,0,low,20.7,2,1,56,https://www.musinsa.com/products/6969080
2026-08-27,러브이즈트루,6970744,RL WING LONG SLEEVE(WHITE),0.0,0,49670,49670,,0,,,37.11,0,low,21.6,2,1,56,https://www.musinsa.com/products/6970744
2026-08-27,마인드브릿지,6978040,[COUTURE]스트라이프 오버핏 긴팔 포켓 셔츠 - 3color,0.0,0,59900,59900,,0,,,25.24,0,low,20.16,4,1,56,https://www.musinsa.com/products/6978040
2026-08-27,마인드브릿지,6978424,릴랙스핏 스웨이드 변형 조직 자켓 - 2color,0.0,0,161100,161100,,0,,,25.24,0,low,20.16,4,1,56,https://www.musinsa.com/products/6978424
2026-08-27,일리고,6979576,레이어드 리본 타이 롱슬리브 블랙,0.0,0,64000,64000,,0,,,25.24,0,low,20.16,4,1,56,https://www.musinsa.com/products/6979576
2026-08-27,일리고,6979640,보우 러플 미디 스커트 멜란지,0.0,0,92000,92000,,0,,,25.23,0,low,20.16,4,1,56,https://www.musinsa.com/products/6979640
2026-08-27,더뮤지엄비지터,6982008,CHECK SHIRRING CROSS BAG (BLACK),0.0,0,56740,56740,,0,,,43.95,0,low,20.7,2,1,56,https://www.musinsa.com/products/6982008
2026-08-27,비터셀즈,6982584,에센셜 헨리넥 와플 티-아이보리,0.0,0,37620,37620,,0,,,25.23,0,low,20.16,4,1,56,https://www.musinsa.com/products/6982584
2026-08-27,트리밍버드,6987448,Zip Detail Wide Skirt Pants [ Khaki ],0.0,0,219000,219000,,0,,,40.96,0,low,19.62,2,1,56,https://www.musinsa.com/products/6987448
2026-08-27,아웃스탠딩,6988664,VINTAGE COTTON TRUCKER CAP(TRAILS CLUB)_GRAY/D.GRAY,0.0,0,43200,43200,,0,,,43.94,0,low,20.7,2,1,56,https://www.musinsa.com/products/6988664
2026-08-27,커버낫,6999032,스몰 C로고 자수 스탠슬림 핏 볼캡 그린,0.0,0,35100,35100,,0,,,38.91,0,low,21.11,2,1,56,https://www.musinsa.com/products/6999032
2026-08-27,제로,7000632,코어 핑거 홀 롱 슬리브 [버건디],0.0,0,25000,25000,,0,,,31.65,0,low,20.84,3,1,56,https://www.musinsa.com/products/7000632
2026-08-27,트릴리온,7003256,에센셜 CP 백컷 세미크롭 후드 집업_3color,4.2,159364,37900,37900,,0,,,25.22,0,low,20.16,6,1,56,https://www.musinsa.com/products/7003256
2026-08-27,언더오프,7010872,슬림 크롭 핑거홀 후드 집업 라이트 버전 그레이,0.0,0,47900,47900,,0,,,38.91,0,low,21.11,2,1,56,https://www.musinsa.com/products/7010872
2026-08-27,락케이크,7020728,Contour Leather Jacket - Black,0.0,0,179280,179280,,0,,,43.02,0,low,21.51,2,1,56,https://www.musinsa.com/products/7020728
2026-08-27,유니폼브릿지,7020792,waffle henley neck l/s t-shirt(womens) brown red,0.0,0,69000,69000,,0,,,43.94,0,low,20.7,2,1,56,https://www.musinsa.com/products/7020792
2026-08-27,유니폼브릿지,7021048,washed cotton coverall jacket beige,0.0,0,199000,199000,,0,,,43.94,0,low,20.7,2,1,56,https://www.musinsa.com/products/7021048
2026-08-27,엘무드,7033912,셰리 데님 트러커 자켓 러스트 블루,0.0,0,223200,223200,,0,,,38.9,0,low,21.11,2,1,56,https://www.musinsa.com/products/7033912
2026-08-27,어반디타입,7038648,스카이 도그 롱슬리브 티셔츠_네이비,0.0,0,49000,49000,,0,,,37.11,0,low,21.6,2,1,56,https://www.musinsa.com/products/7038648
2026-08-27,시눈,7040760,Color Point Frill Knit Shorts (Greyish Green),0.0,0,70490,70490,,0,,,31.63,0,low,20.84,3,1,56,https://www.musinsa.com/products/7040760
2026-08-27,시눈,7040888,Openwork Knit Pullover (Cherry),0.0,0,126560,126560,,0,,,31.62,0,low,20.84,3,1,56,https://www.musinsa.com/products/7040888
2026-08-27,비헤비어,7045816,BORDER L/S SHIRTS brown/navy,0.0,0,98000,98000,,0,,,25.22,0,low,20.16,4,1,56,https://www.musinsa.com/products/7045816
2026-08-27,솔트앤초콜릿,7046328,베른 앵클부츠 412646002 (7cm),0.0,0,76160,76160,,0,,,43.93,0,low,20.7,2,1,56,https://www.musinsa.com/products/7046328
2026-08-27,아메스 월드와이드,7058168,ANGEL LOVE SWEATSHIRT CHARCOAL,0.0,0,55200,55200,,0,,,25.21,0,low,20.16,4,1,56,https://www.musinsa.com/products/7058168
2026-08-27,파르티멘토,7058552,M-48 라이너 피시테일 파카 카키,0.0,0,143010,143010,,0,,,38.89,0,low,21.11,2,1,56,https://www.musinsa.com/products/7058552
2026-08-27,파르티멘토,7058616,크롭 집업 후디 레드,0.0,0,79110,79110,,0,,,38.89,0,low,21.11,2,1,56,https://www.musinsa.com/products/7058616
2026-08-27,파르티멘토,7059128,퍼커링 코듀로이 팬츠 네이비,0.0,0,80910,80910,,0,,,38.89,0,low,21.11,2,1,56,https://www.musinsa.com/products/7059128
2026-08-27,슬로우애시드,7060408,우먼스 레이어드 스트라이프 롱슬리브 [네이비],0.0,0,56000,56000,,0,,,26.93,0,low,20.21,3,1,56,https://www.musinsa.com/products/7060408
2026-08-27,웬즈데이오아시스,7072824,워시드 사선 포켓 팬츠_KHAKI GRAY(WCB6PT03),0.0,0,69300,69300,,0,,,43.0,0,low,21.51,2,1,56,https://www.musinsa.com/products/7072824
2026-08-27,틸아이다이,7080056,Embroidered check blouse [TIFA05BL07]_Ivory,0.0,0,91040,91040,,0,,,43.92,0,low,20.7,2,1,56,https://www.musinsa.com/products/7080056
2026-08-27,해비즘,7086008,RIB STRIPE COLLAR L/S TEE(CHARCOAL),0.0,0,56880,56880,,0,,,37.1,0,low,21.6,2,1,56,https://www.musinsa.com/products/7086008
2026-08-27,몽돌,7088568,실키 하프넥 드레이프 롱 원피스 아이보리 MDOP059IVORY,0.0,0,137700,137700,,0,,,43.91,0,low,20.7,2,1,56,https://www.musinsa.com/products/7088568
2026-08-27,꼼파뇨,7095096,스트라이프 레글런 롱슬리브 버건디,0.0,0,36400,36400,,0,,,25.2,0,low,20.16,4,1,56,https://www.musinsa.com/products/7095096
2026-08-27,해칭룸,7097272,Napoleon Jacket Khaki,0.0,0,248000,248000,,0,,,25.19,0,low,20.16,4,1,56,https://www.musinsa.com/products/7097272
2026-08-27,해칭룸,7097400,UV Layered Tee Burgundy,0.0,0,93000,93000,,0,,,25.19,0,low,20.16,4,1,56,https://www.musinsa.com/products/7097400
2026-08-27,비바라비다,7103608,Measuer 레글런 롱 슬리브 티셔츠,0.0,0,34900,34900,,0,,,43.91,0,low,20.7,2,1,56,https://www.musinsa.com/products/7103608
2026-08-27,비바라비다,7105528,[기모선택] Rodea 헤비테리 후드,0.0,0,59900,59900,,0,,,43.91,0,low,20.7,2,1,56,https://www.musinsa.com/products/7105528
2026-08-27,일꼬르소,7128568,에센셜 워시드 셔츠 화이트,0.0,0,84550,84550,,0,,,38.88,0,low,21.12,2,1,56,https://www.musinsa.com/products/7128568
2026-08-27,룩캐스트,7132024,큐프라 드레이프 카라 랩 블라우스 / CUPRA DRAPED COLLAR WRAP BLOUSE_2colors,0.0,0,110400,110400,,0,,,25.18,0,low,20.16,4,1,56,https://www.musinsa.com/products/7132024
2026-08-27,꼼파뇨,7147448,체리시 하트 레글런 피그먼트 맨투맨 스모크블랙,0.0,0,49400,49400,,0,,,25.18,0,low,20.16,4,1,56,https://www.musinsa.com/products/7147448
