date,brand_name,goods_no,product_name,estimated_sales,estimated_gmv,estimated_avg_price,display_price,previous_display_price,price_change_detected,price_change_amount,price_change_pct,coverage_pct,calendar_complete,confidence,max_interval_hours,observation_count,contributing_intervals,history_bucket,product_url
2026-08-27,제멋,306319,제이윈 덤블 기모후드 머스타드(KHHD0748),0.0,0,34900,34900,,0,,,41.94,0,low,19.59,2,1,15,https://www.musinsa.com/products/306319
2026-08-27,트립르센스,967823,OVERSIZED STRING SHIRTS JACKET NAVY,0.0,0,38000,38000,,0,,,38.28,0,low,21.52,2,1,15,https://www.musinsa.com/products/967823
2026-08-27,제멋,987151,에디 오버핏 반팔티셔츠 크림 KJST2189,0.0,0,21900,21900,,0,,,41.93,0,low,19.59,2,1,15,https://www.musinsa.com/products/987151
2026-08-27,브렌슨,999439,루즈핏 조거 트레이닝 스웨트 팬츠,0.0,0,19900,19900,,0,,,40.41,0,low,21.04,2,1,15,https://www.musinsa.com/products/999439
2026-08-27,트립르센스,1027407,COMFORT NON-COLLAR ST SHIRTS BLUE,0.0,0,32500,32500,,0,,,38.28,0,low,21.52,2,1,15,https://www.musinsa.com/products/1027407
2026-08-27,소버먼트,1155919,950G 솔리드 맨투맨-8% 멜란지 그레이-[스탠다드핏],0.0,0,48000,48000,,0,,,38.28,0,low,21.52,2,1,15,https://www.musinsa.com/products/1155919
2026-08-27,트래블,1291791,밀 트윌 벌룬 팬츠 아이보리,0.0,0,39000,39000,,0,,,43.75,0,low,21.5,2,1,15,https://www.musinsa.com/products/1291791
2026-08-27,프리즘웍스,1299599,OG SLIM CROP DENIM PANTS _ WASHED BLACK,0.0,0,69000,69000,,0,,,41.92,0,low,19.59,2,1,15,https://www.musinsa.com/products/1299599
2026-08-27,카네이테이,1343823,SEI ZIP WALLET L (WHITE) / UPCYCLED,0.0,0,74250,74250,,0,,,45.01,0,low,20.7,2,1,15,https://www.musinsa.com/products/1343823
2026-08-27,브랜디드,1555407,1968 HIMALAYA JEANS [WIDE STRAIGHT],0.67,58820,88200,88200,,0,,,28.06,0,low,20.2,2,1,15,https://www.musinsa.com/products/1555407
2026-08-27,인사일런스,1562895,[BLACK LABEL] 솔리드 셔츠 MINT GREEN,0.0,0,39600,39600,,0,,,40.41,0,low,21.04,2,1,15,https://www.musinsa.com/products/1562895
2026-08-27,니티드,1635087,벌키 브러쉬 아가일 가디건 KHAKI,0.0,0,39800,39800,,0,,,28.06,0,low,20.2,2,1,15,https://www.musinsa.com/products/1635087
2026-08-27,제멋,1733263,[SET] 리오 오버핏 후드 스웨트세트 KJHD2304+KJLP2179,0.0,0,59300,59300,,0,,,41.92,0,low,19.59,2,1,15,https://www.musinsa.com/products/1733263
2026-08-27,트래블,1884943,[3천원 결제혜택] 미시간 울버린 피그먼트 반팔티 블랙 차콜,2.93,68568,23400,23400,,0,,,43.75,0,low,21.5,2,1,15,https://www.musinsa.com/products/1884943
2026-08-27,제로,1926031,Deep One Tuck Sweat Shorts [Oatmeal],0.38,10927,28800,28800,,0,,,32.95,0,low,20.84,2,1,15,https://www.musinsa.com/products/1926031
2026-08-27,어반드레스,1976079,BUCKLE WIDE DENIM PANTS BLACK,0.51,17501,34090,34090,,0,,,41.91,0,low,19.59,2,1,15,https://www.musinsa.com/products/1976079
2026-08-27,브랜디드,2049103,1880 PURE CREAM JEANS [WIDE STRAIGHT],0.33,26133,78400,78400,,0,,,28.05,0,low,20.2,2,1,15,https://www.musinsa.com/products/2049103
2026-08-27,프렌다,2114319,ROUND LOGO CREWNECK SWEATSHIRT BLACK,0.0,0,29500,29500,,0,,,43.75,0,low,21.5,2,1,15,https://www.musinsa.com/products/2114319
2026-08-27,몰든,2118095,프리미엄 코지 레깅스,0.0,0,62100,62100,,0,,,43.75,0,low,21.5,2,1,15,https://www.musinsa.com/products/2118095
2026-08-27,제멋,2129807,코드 오버핏 기모 후드 블랙 OYHD2378,0.0,0,42900,42900,,0,,,41.9,0,low,19.59,2,1,15,https://www.musinsa.com/products/2129807
2026-08-27,유라고,2130959,Standard stripe shirt,0.38,20760,54720,54720,,0,,,32.95,0,low,20.84,2,1,15,https://www.musinsa.com/products/2130959
2026-08-27,어반드레스,2189903,STRAIGHT WIDE DENIM PANTS LIGHT BLUE,0.0,0,28010,28010,,0,,,41.9,0,low,19.59,2,1,15,https://www.musinsa.com/products/2189903
2026-08-27,드로우핏,2226767,[서강준PICK] 오버사이즈 하프 집업 카라 울 니트 [5COLOR],0.0,0,68400,68400,,0,,,28.04,0,low,20.2,2,1,15,https://www.musinsa.com/products/2226767
2026-08-27,코드그라피,2284239,[24년ver.] 테크 쇼츠_차콜,0.0,0,23800,23800,,0,,,28.04,0,low,20.2,2,1,15,https://www.musinsa.com/products/2284239
2026-08-27,엘무드,2322127,세인트 보일드 울 절개 가디건 칸초,0.0,0,44800,44800,,0,,,40.39,0,low,21.04,2,1,15,https://www.musinsa.com/products/2322127
2026-08-27,쿠어,2352463,빅 포켓 와이드레그 팬츠 (라이트그레이),0.0,0,108000,108000,,0,,,32.94,0,low,20.84,2,1,15,https://www.musinsa.com/products/2352463
2026-08-27,모즈모즈,2379535,스퀘어자수 기능성 반집업 후드 블랙,0.0,0,46900,46900,,0,,,32.94,0,low,20.84,2,1,15,https://www.musinsa.com/products/2379535
2026-08-27,르바,2382223,Signature Square Leather Belt - Black,0.0,0,59570,59570,,0,,,28.04,0,low,20.2,2,1,15,https://www.musinsa.com/products/2382223
2026-08-27,프리즘웍스,2387343,OG HEAVYWEIGHT PULLOVER HOODY _ BLACK,0.0,0,79000,79000,,0,,,41.89,0,low,19.59,2,1,15,https://www.musinsa.com/products/2387343
2026-08-27,로우로우,2422223,R EYE 480 ULTRA CLIP ACETATE 안경 49 Brown,0.0,0,149000,149000,,0,,,38.24,0,low,21.52,2,1,15,https://www.musinsa.com/products/2422223
2026-08-27,링서울,2429327,cotton blended knit vest-ivory,0.0,0,49680,49680,,0,,,38.24,0,low,21.52,2,1,15,https://www.musinsa.com/products/2429327
2026-08-27,토마스모어,2445583,프렌치 스트라이프 셔츠 - 그레이 그린,-2521.83,-150553074,59700,59700,,0,,,38.24,0,low,21.52,2,1,15,https://www.musinsa.com/products/2445583
2026-08-27,더블유엠씨,2451343,워셔블 니트 라운드_IVORY,0.0,0,24750,24750,,0,,,38.24,0,low,21.52,2,1,15,https://www.musinsa.com/products/2451343
2026-08-27,쿠어,2479823,오버핏 레이어드 슬리브 티셔츠 (샌드그레이),0.0,0,54000,54000,,0,,,32.93,0,low,20.84,2,1,15,https://www.musinsa.com/products/2479823
2026-08-27,1993스튜디오,2484495,스튜디오 아치 로고 티셔츠_라이트그레이,0.0,0,35100,35100,,0,,,40.38,0,low,21.04,2,1,15,https://www.musinsa.com/products/2484495
2026-08-27,도프제이슨,2541647,카우하이드 체인 로프 레더 팔찌 BLACK,0.0,0,39000,39000,,0,,,38.23,0,low,21.52,2,1,15,https://www.musinsa.com/products/2541647
2026-08-27,시야쥬,2670991,SIPT7048 side banding essential trousers_Dark navy,0.0,0,79000,79000,,0,,,40.37,0,low,21.04,2,1,15,https://www.musinsa.com/products/2670991
2026-08-27,굿라이프웍스,2708879,투턱 와이드 슬랙스 그레이,-0.38,-13216,34860,34860,,0,,,32.92,0,low,20.84,2,1,15,https://www.musinsa.com/products/2708879
2026-08-27,어반드레스,2714767,Button Mini Skirt BLACK,0.0,0,17220,17220,,0,,,41.88,0,low,19.59,2,1,15,https://www.musinsa.com/products/2714767
2026-08-27,스컬프터,2731279,Taped Corduroy Beach Pants Lime,0.0,0,82600,82600,,0,,,45.0,0,low,20.7,2,1,15,https://www.musinsa.com/products/2731279
2026-08-27,세컨모놀로그,2748047,Heavyweight Cable Half Zip Knit [IVORY]_COOSKT042IVORY,0.0,0,149000,149000,,0,,,40.37,0,low,21.04,2,1,15,https://www.musinsa.com/products/2748047
2026-08-27,넌블랭크,2778383,그라데이션 라운드 니트_BROWN,0.0,0,64730,64730,,0,,,38.22,0,low,21.53,2,1,15,https://www.musinsa.com/products/2778383
2026-08-27,소버먼트,2780815,700G 이지 스트링 빅 카고 스웨트 팬츠-딥 블랙-,0.0,0,71000,71000,,0,,,38.21,0,low,21.53,2,1,15,https://www.musinsa.com/products/2780815
2026-08-27,스컬프터,2796559,POLARTEC® Color Block Anorak Pullover Green,0.0,0,110600,110600,,0,,,44.99,0,low,20.7,2,1,15,https://www.musinsa.com/products/2796559
2026-08-27,제멋,2806095,올린 빈티지 워싱 데님팬츠 2종 워싱블루 YHLP2447,0.0,0,51900,51900,,0,,,41.87,0,low,19.59,2,1,15,https://www.musinsa.com/products/2806095
2026-08-27,러브이즈트루,2809039,MV LOVE KNIT(BABY PINK),0.0,0,59930,59930,,0,,,38.21,0,low,21.53,2,1,15,https://www.musinsa.com/products/2809039
2026-08-27,노이어,2850959,카멜 골지 모크넥 스웨터 (카키),0.0,0,100000,100000,,0,,,41.86,0,low,19.59,2,1,15,https://www.musinsa.com/products/2850959
2026-08-27,굿라이프웍스,2851727,오버핏 럭비 스트라이프 니트 네이비,0.0,0,43750,43750,,0,,,32.91,0,low,20.84,2,1,15,https://www.musinsa.com/products/2851727
2026-08-27,어반드레스,2870095,V-neck Crop Cardigan - 7 COL,0.0,0,24500,24500,,0,,,41.86,0,low,19.59,2,1,15,https://www.musinsa.com/products/2870095
2026-08-27,노이어,2870415,부클 브이넥 오버핏 스웨터 (블랙),0.0,0,103200,103200,,0,,,41.86,0,low,19.59,2,1,15,https://www.musinsa.com/products/2870415
2026-08-27,솔트앤초콜릿,2930191,텐시울 롱슬리브 티셔츠 진베이지 4W2231302,0.0,0,29890,29890,,0,,,44.98,0,low,20.7,2,1,15,https://www.musinsa.com/products/2930191
2026-08-27,코드그라피,3012175,CGP 앳마크 노트 세트_그린,0.0,0,11130,11130,,0,,,28.01,0,low,20.2,2,1,15,https://www.musinsa.com/products/3012175
2026-08-27,트래블,3012623,리즌 트레일 피그먼트 후드티 블랙 차콜,0.0,0,39500,39500,,0,,,43.73,0,low,21.5,2,1,15,https://www.musinsa.com/products/3012623
2026-08-27,로제프란츠,3012815,Wide Long Muffler [Ivory],0.0,0,25200,25200,,0,,,28.0,0,low,20.2,2,1,15,https://www.musinsa.com/products/3012815
2026-08-27,세컨모놀로그,3028623,Heavyweight Cable Half Zip Knit [J.GREEN]_COOSKT042J.GREEN,0.0,0,149000,149000,,0,,,40.35,0,low,21.04,2,1,15,https://www.musinsa.com/products/3028623
2026-08-27,제멋,3030543,[2PACK] 와이들리 오버핏 기모 후드 4종 2PACK OYHD2467,0.0,0,75900,75900,,0,,,41.86,0,low,19.59,2,1,15,https://www.musinsa.com/products/3030543
2026-08-27,스컬프터,3034959,Striped Mesh Sweater Gloomy Sky,0.0,0,57400,57400,,0,,,44.98,0,low,20.7,2,1,15,https://www.musinsa.com/products/3034959
2026-08-27,드로우핏,3037135,스티치 포인트 PBT 라운드 가디건 [BLACK],0.0,0,98100,98100,,0,,,28.0,0,low,20.2,2,1,15,https://www.musinsa.com/products/3037135
2026-08-27,커버낫,3038991,웨일 로고 코튼 셔츠 핑크,0.0,0,39000,39000,,0,,,40.35,0,low,21.04,2,1,15,https://www.musinsa.com/products/3038991
2026-08-27,제멋,3039439,올카 오버핏 스웨트셔츠 9종 그레이 KJMT2463,0.0,0,28900,28900,,0,,,41.85,0,low,19.59,2,1,15,https://www.musinsa.com/products/3039439
2026-08-27,세터,3044623,빈티지 캐쥬얼 볼캡 블랙,0.0,0,69000,69000,,0,,,32.9,0,low,20.84,2,1,15,https://www.musinsa.com/products/3044623
2026-08-27,키르시,3047695,체리 플래닛 패턴 롱스커트 [브라운],0.0,0,35700,35700,,0,,,40.34,0,low,21.04,2,1,15,https://www.musinsa.com/products/3047695
2026-08-27,드로우핏,3052047,레이어드 스트링 스웨트 셔츠 [CHARCOAL],0.0,0,49500,49500,,0,,,28.0,0,low,20.2,2,1,15,https://www.musinsa.com/products/3052047
2026-08-27,플랙,3066895,오버사이즈 헤링턴 코튼 자켓 베이지,0.0,0,99000,99000,,0,,,40.34,0,low,21.04,2,1,15,https://www.musinsa.com/products/3066895
2026-08-27,시눈,3083279,LUCKY STAMP VARSITY JACKET (RED),0.0,0,97420,97420,,0,,,32.89,0,low,20.84,2,1,15,https://www.musinsa.com/products/3083279
2026-08-27,솔트앤초콜릿,3088527,SAC 스트라이프 오버핏 크롭 티셔츠 블랙 4W2311003,0.0,0,23120,23120,,0,,,44.97,0,low,20.7,2,1,15,https://www.musinsa.com/products/3088527
2026-08-27,르바,3113167,Wholegarment Hidden Button Knit Cardigan - Black,0.0,0,133570,133570,,0,,,27.99,0,low,20.2,2,1,15,https://www.musinsa.com/products/3113167
2026-08-27,스컬프터,3118927,Masterpiece T-Shirts Green,0.0,0,29400,29400,,0,,,44.97,0,low,20.7,2,1,15,https://www.musinsa.com/products/3118927
2026-08-27,프리즘웍스,3124303,NYLON STRING SHIRT JACKET _ CAPPUCCINO,0.0,0,46000,46000,,0,,,41.84,0,low,19.59,2,1,15,https://www.musinsa.com/products/3124303
2026-08-27,아틀리에 나인,3126863,린넨 모던 셋업 체크 미니 스커트(SK-4223),0.0,0,15600,15600,,0,,,32.88,0,low,20.84,2,1,15,https://www.musinsa.com/products/3126863
2026-08-27,인사일런스,3136207,텍스처드 하프집 폴로 LIME GREEN,0.0,0,38500,38500,,0,,,40.32,0,low,21.04,2,1,15,https://www.musinsa.com/products/3136207
2026-08-27,코드그라피,3174863,와플 레이어드 셋업 쇼츠_네이비,0.0,0,11710,11710,,0,,,27.98,0,low,20.2,2,1,15,https://www.musinsa.com/products/3174863
2026-08-27,디미트리블랙,3174927,ASI 커브드 핀턱 카라 반팔 PK 셔츠_5 COLOR,0.0,0,22900,22900,,0,,,40.32,0,low,21.04,2,1,15,https://www.musinsa.com/products/3174927
2026-08-27,후드후드,3186959,시그니처 로고 후드 아이보리,0.0,0,31900,31900,,0,,,27.98,0,low,20.2,2,1,15,https://www.musinsa.com/products/3186959
2026-08-27,니티드,3197199,딥 원턱 썸머 나일론 팬츠 BEIGE,0.0,0,29800,29800,,0,,,27.98,0,low,20.2,2,1,15,https://www.musinsa.com/products/3197199
2026-08-27,999휴머니티,3198479,페블 니티드 집업 (레드-퍼플),0.0,0,248000,248000,,0,,,32.87,0,low,20.84,2,1,15,https://www.musinsa.com/products/3198479
2026-08-27,브렌슨,3201615,ACHROMATIC_ 오버핏 반팔티 ( 2Color ),0.0,0,19900,19900,,0,,,40.31,0,low,21.04,2,1,15,https://www.musinsa.com/products/3201615
2026-08-27,커스텀어클락,3201935,쿨 린넨라이크 카라 숏 슬리브 니트_9 COLOR COOSKT045,0.0,0,19900,19900,,0,,,40.31,0,low,21.04,2,1,15,https://www.musinsa.com/products/3201935
2026-08-27,무센트,3235215,시그니처 볼캡 (다잉 카키),0.46,13746,29900,29900,,0,,,40.31,0,low,21.04,2,1,15,https://www.musinsa.com/products/3235215
2026-08-27,세컨모놀로그,3247695,키홀 카라 숏 슬리브 썸머 니트 스카이블루 SEKT005SKYBLUE,0.0,0,17150,17150,,0,,,40.3,0,low,21.04,2,1,15,https://www.musinsa.com/products/3247695
2026-08-27,효지,3254287,[여름][세트상품] 커스터마이징 핏 셋업 수트 (블랙),-0.38,-45038,119000,119000,,0,,,32.87,0,low,20.84,2,1,15,https://www.musinsa.com/products/3254287
2026-08-27,시눈,3263951,STRING LONG SKIRT (MINT GREEN),0.0,0,35050,35050,,0,,,32.87,0,low,20.84,2,1,15,https://www.musinsa.com/products/3263951
2026-08-27,아틀리에 나인,3271759,지젤 셋업 트위드 미니 스커트(SK-4777),0.0,0,37500,37500,,0,,,32.86,0,low,20.84,2,1,15,https://www.musinsa.com/products/3271759
2026-08-27,르바,3282639,Carpenter Cotton Pants - White,0.0,0,115520,115520,,0,,,27.96,0,low,20.2,2,1,15,https://www.musinsa.com/products/3282639
2026-08-27,러브이즈트루,3305743,PY RIVET SKIRT PANTS(BLACK),0.0,0,70950,70950,,0,,,38.16,0,low,21.53,2,1,15,https://www.musinsa.com/products/3305743
2026-08-27,아틀리에 나인,3332879,디어 링클 퍼프 슬리브 롱 원피스 라이트 그린(OP-6075),0.0,0,69500,69500,,0,,,32.86,0,low,20.84,2,1,15,https://www.musinsa.com/products/3332879
2026-08-27,솔트앤초콜릿,3343503,SALT 로고 티셔츠 화이트 4W2321003,0.0,0,33600,33600,,0,,,44.95,0,low,20.7,2,1,15,https://www.musinsa.com/products/3343503
2026-08-27,솔트앤초콜릿,3353231,SAC 테리 크롭  후드티 크림 4W232Y001,0.0,0,49700,49700,,0,,,44.95,0,low,20.7,2,1,15,https://www.musinsa.com/products/3353231
2026-08-27,썸웨어버터,3353359,fle two-way bag - black,0.0,0,82560,82560,,0,,,38.16,0,low,21.53,2,1,15,https://www.musinsa.com/products/3353359
2026-08-27,아틀리에 나인,3360527,드레이핑 코쿤 맥시 팬츠(PT-5408),0.0,0,44500,44500,,0,,,32.86,0,low,20.84,2,1,15,https://www.musinsa.com/products/3360527
2026-08-27,드로우핏,3438287,울 카라 집업 블루종 자켓 [BLACK],0.0,0,166400,166400,,0,,,27.96,0,low,20.2,2,1,15,https://www.musinsa.com/products/3438287
2026-08-27,트래블,3438991,워크샵 나일론 벌룬 팬츠,0.49,16835,34500,34500,,0,,,43.72,0,low,21.5,2,1,15,https://www.musinsa.com/products/3438991
2026-08-27,트래블,3440143,절개 워싱 데님 팬츠 인디고 블루,0.49,34840,71400,71400,,0,,,43.71,0,low,21.5,2,1,15,https://www.musinsa.com/products/3440143
2026-08-27,디미트리블랙,3457743,ASI 2WAY 어센틱 워싱코튼 후드집업_베이지,0.0,0,35900,35900,,0,,,40.28,0,low,21.04,2,1,15,https://www.musinsa.com/products/3457743
2026-08-27,스컬프터,3460367,Strawberry Hoodie Pale Blue,0.0,0,44800,44800,,0,,,44.95,0,low,20.7,2,1,15,https://www.musinsa.com/products/3460367
2026-08-27,스컬프터,3460495,Tutu Layered Leggings Baby Blue,0.0,0,83300,83300,,0,,,44.95,0,low,20.7,2,1,15,https://www.musinsa.com/products/3460495
2026-08-27,더뮤지엄비지터,3462095,HEART PRINTED INSIDE-OUT SWEATSHIRTS (WHITE),0.0,0,67200,67200,,0,,,44.95,0,low,20.7,2,1,15,https://www.musinsa.com/products/3462095
2026-08-27,키뮤어,3465167,울(WOOL) 네프사 크루넥 니트_3 COLOR,0.0,0,55300,55300,,0,,,41.81,0,low,19.59,2,1,15,https://www.musinsa.com/products/3465167
2026-08-27,아틀리에 나인,3468367,에드가 캐주얼 코튼 셔츠(BL-4153),0.0,0,71100,71100,,0,,,32.85,0,low,20.84,2,1,15,https://www.musinsa.com/products/3468367
2026-08-27,틸아이다이,3468815,Neck shirring A-line blouse_Ivory,0.0,0,71910,71910,,0,,,44.94,0,low,20.7,2,1,15,https://www.musinsa.com/products/3468815
2026-08-27,러브이즈트루,3469519,CH RIBBON NECKLACE(SILVER),0.0,0,24570,24570,,0,,,38.14,0,low,21.53,2,1,15,https://www.musinsa.com/products/3469519
2026-08-27,인템포무드,3469711,더블 어드저스트 데님 팬츠_블랙,0.0,0,84800,84800,,0,,,40.28,0,low,21.04,2,1,15,https://www.musinsa.com/products/3469711
2026-08-27,웬즈데이오아시스,3476623,올 웨이즈 카라 니트 가디건(4col),0.0,0,58800,58800,,0,,,43.71,0,low,21.5,2,1,15,https://www.musinsa.com/products/3476623
2026-08-27,드로우핏 우먼,3485583,모헤어 케이블 풀오버 니트 [LIME GREEN],0.0,0,69560,69560,,0,,,43.71,0,low,21.5,2,1,15,https://www.musinsa.com/products/3485583
2026-08-27,후브스,3488591,코튼 투웨이 벌룬 니트 집업 [브라운],0.0,0,71200,71200,,0,,,40.28,0,low,21.04,2,1,15,https://www.musinsa.com/products/3488591
2026-08-27,아이돈워너셀,3492943,Pigment Ripstop Cargo Pants Khaki,0.0,0,55600,55600,,0,,,40.27,0,low,21.04,2,1,15,https://www.musinsa.com/products/3492943
2026-08-27,키르시,3494351,스몰 체리 케이블 크롭 니트 베스트 [인디고 블루],0.0,0,23600,23600,,0,,,40.27,0,low,21.04,2,1,15,https://www.musinsa.com/products/3494351
2026-08-27,모즈모즈,3508751,아치로고 오버핏 맨투맨 크림,0.0,0,32800,32800,,0,,,32.84,0,low,20.84,2,1,15,https://www.musinsa.com/products/3508751
2026-08-27,프리즘웍스,3511887,TUTTO PASSA SWEATSHIRT _ NAVY,0.0,0,31000,31000,,0,,,41.8,0,low,19.59,2,1,15,https://www.musinsa.com/products/3511887
2026-08-27,르아브,3513679,클레멘테 나일론 와이드 팬츠 그레이,0.85,74126,87200,87200,,0,,,38.13,0,low,21.53,2,1,15,https://www.musinsa.com/products/3513679
2026-08-27,르바,3514511,Straight Maxi Skirt - Black,0.0,0,134480,134480,,0,,,27.94,0,low,20.2,2,1,15,https://www.musinsa.com/products/3514511
2026-08-27,시눈,3523727,COLOR MINI FLARED SKIRT (BLACK),0.0,0,26140,26140,,0,,,32.84,0,low,20.84,2,1,15,https://www.musinsa.com/products/3523727
2026-08-27,노티카,3525391,83플래그 스웨트팬츠(네이비) NPL7485NAZ,0.0,0,63200,63200,,0,,,32.83,0,low,20.84,2,1,15,https://www.musinsa.com/products/3525391
2026-08-27,커버낫,3529039,어센틱 C 로고 숏비니 네이비,0.0,0,21000,21000,,0,,,40.26,0,low,21.04,2,1,15,https://www.musinsa.com/products/3529039
2026-08-27,노이어,3536655,헤비 멀티 케이블 오버핏 스웨터 (베이지),0.0,0,116000,116000,,0,,,41.8,0,low,19.59,2,1,15,https://www.musinsa.com/products/3536655
2026-08-27,코드그라피,3540623,빅토리 WOOL 바시티 자켓_네이비,0.0,0,63600,63600,,0,,,27.94,0,low,20.2,2,1,15,https://www.musinsa.com/products/3540623
2026-08-27,링서울,3546383,handmade cashmere coat-black,0.0,0,228240,228240,,0,,,38.12,0,low,21.53,2,1,15,https://www.musinsa.com/products/3546383
2026-08-27,링서울,3548175,whole garment volume knit-charcoal,0.0,0,81000,81000,,0,,,38.12,0,low,21.53,2,1,15,https://www.musinsa.com/products/3548175
2026-08-27,아틀리에 나인,3548943,울 헤어리 케이블 크롭 니트 베스트(VT-0233),0.0,0,34500,34500,,0,,,32.83,0,low,20.84,2,1,15,https://www.musinsa.com/products/3548943
2026-08-27,제멋,3551183,[2PACK] 헤븐 투웨이 테리 후드집업 8종 2PACK KJHD2523,0.0,0,68900,68900,,0,,,41.79,0,low,19.59,2,1,15,https://www.musinsa.com/products/3551183
2026-08-27,인사일런스,3554255,오버사이즈 발마칸 코트 OLIVE BEIGE,0.0,0,263900,263900,,0,,,40.25,0,low,21.04,2,1,15,https://www.musinsa.com/products/3554255
2026-08-27,커버낫,3554959,컬리지 C 로고 미들 비니 베이지,0.0,0,27300,27300,,0,,,40.25,0,low,21.04,2,1,15,https://www.musinsa.com/products/3554959
2026-08-27,니티드,3560335,벌키 브러쉬 플라워 가디건 YELLOW,0.0,0,69800,69800,,0,,,27.93,0,low,20.2,2,1,15,https://www.musinsa.com/products/3560335
2026-08-27,브라운야드,3564239,"테리 폴로 셔츠, 오프화이트",0.0,0,49500,49500,,0,,,38.12,0,low,21.53,2,1,15,https://www.musinsa.com/products/3564239
2026-08-27,디앤에스알,3568783,레이즈 실루엣 나일론 팬츠,0.0,0,114400,114400,,0,,,32.83,0,low,20.84,2,1,15,https://www.musinsa.com/products/3568783
2026-08-27,커버낫,3571727,RDS 씨빅 후디 숏 푸퍼 그린,0.0,0,131400,131400,,0,,,40.24,0,low,21.04,2,1,15,https://www.musinsa.com/products/3571727
2026-08-27,어반드레스,3575439,Bias Pintuck Denim Pants GREEN,0.0,0,43450,43450,,0,,,41.79,0,low,19.59,2,1,15,https://www.musinsa.com/products/3575439
2026-08-27,아캄,3597071,Stretched Knee Slit Cargo Pants (Black),0.0,0,88500,88500,,0,,,32.82,0,low,20.84,2,1,15,https://www.musinsa.com/products/3597071
2026-08-27,어반드레스,3599375,Noga Shoulder Cut-out Knit MINT,0.0,0,29500,29500,,0,,,41.78,0,low,19.59,2,1,15,https://www.musinsa.com/products/3599375
2026-08-27,시눈,3603407,PADDING MINI SKIRT (BLACK),0.0,0,38020,38020,,0,,,32.82,0,low,20.84,2,1,15,https://www.musinsa.com/products/3603407
2026-08-27,어반드레스,3611983,UNISEX LAUREL OVERSIZED HOODIE PIGMENT DEEP GREY,0.0,0,39500,39500,,0,,,41.77,0,low,19.59,2,1,15,https://www.musinsa.com/products/3611983
2026-08-27,어반드레스,3612111,Annabel Tweed Jacket IVORY,0.0,0,56250,56250,,0,,,41.77,0,low,19.59,2,1,15,https://www.musinsa.com/products/3612111
2026-08-27,드로우핏,3614287,프리미어 울 싱글 체스터 코트 [BLACK],0.0,0,222400,222400,,0,,,27.92,0,low,20.2,2,1,15,https://www.musinsa.com/products/3614287
2026-08-27,필루미네이트,3616463,오버핏 심볼 로고 후드 패딩-그레이,0.0,0,69000,69000,,0,,,38.11,0,low,21.53,2,1,15,https://www.musinsa.com/products/3616463
2026-08-27,키르시,3624335,키르시 X 미사키 카와이 패턴 가디건 [네이비],0.0,0,51600,51600,,0,,,40.23,0,low,21.04,2,1,15,https://www.musinsa.com/products/3624335
2026-08-27,락케이크,3625615,Funk Mesh Top - Black,0.98,41725,42770,42770,,0,,,43.7,0,low,21.5,2,1,15,https://www.musinsa.com/products/3625615
2026-08-27,트리밍버드,3639631,Incision Denim Set-up Skirt [ Black ],0.0,0,84500,84500,,0,,,41.76,0,low,19.59,2,1,15,https://www.musinsa.com/products/3639631
2026-08-27,플랙,3653519,플랙 그래픽 후디 집업 멜란지 그레이,0.0,0,79000,79000,,0,,,40.22,0,low,21.04,2,1,15,https://www.musinsa.com/products/3653519
2026-08-27,아틀리에 나인,3691535,샤론 하이넥 하프 패딩 점퍼(JP-525),0.0,0,197100,197100,,0,,,32.81,0,low,20.84,2,1,15,https://www.musinsa.com/products/3691535
2026-08-27,시야쥬,3694223,SIPT7097 기모 골지 스웻 팬츠_Melange gray,0.0,0,63000,63000,,0,,,40.22,0,low,21.04,2,1,15,https://www.musinsa.com/products/3694223
2026-08-27,트립르센스,3732623,울 블랜드 리브드 비니_블랙,0.0,0,24000,24000,,0,,,38.08,0,low,21.53,2,1,15,https://www.musinsa.com/products/3732623
2026-08-27,제멋,3777231,테스트매치 오버핏 기모 후드 버건디 OYHD2541,0.0,0,42900,42900,,0,,,41.75,0,low,19.59,2,1,15,https://www.musinsa.com/products/3777231
2026-08-27,드로우핏,3783695,인시전 레더 블루종 자켓 [RED BROWN],0.0,0,139200,139200,,0,,,27.91,0,low,20.2,2,1,15,https://www.musinsa.com/products/3783695
2026-08-27,드로우핏,3783823,오블리크 하이넥 니트집업 트러커 [D.GREY],0.0,0,88200,88200,,0,,,27.9,0,low,20.2,2,1,15,https://www.musinsa.com/products/3783823
2026-08-27,어반드레스,3785679,Heim Nylon Pants BLACK,0.0,0,46150,46150,,0,,,41.75,0,low,19.59,2,1,15,https://www.musinsa.com/products/3785679
2026-08-27,더뮤지엄비지터,3786255,SPRAYED CURVED ZIPPER DENIM JACKET (DENIM),0.0,0,119600,119600,,0,,,44.91,0,low,20.7,2,1,15,https://www.musinsa.com/products/3786255
2026-08-27,코드그라피,3790735,카모플라쥬 카고 스웨트 팬츠_라이트카키,0.0,0,49900,49900,,0,,,27.9,0,low,20.2,2,1,15,https://www.musinsa.com/products/3790735
2026-08-27,본투윈,3794831,B-SYMBOL LOGO SLEEVELESS_NON MESH VER [MELANGE GREY],0.0,0,49000,49000,,0,,,44.91,0,low,20.7,2,1,15,https://www.musinsa.com/products/3794831
2026-08-27,키르시,3799823,포켓 스트링 나일론 슬링백 [라이트 그레이],0.0,0,49500,49500,,0,,,40.2,0,low,21.04,2,1,15,https://www.musinsa.com/products/3799823
2026-08-27,러프사이드,3806479,Landscape Shorts Charcoal,0.0,0,128000,128000,,0,,,32.8,0,low,20.84,2,1,15,https://www.musinsa.com/products/3806479
2026-08-27,세컨모놀로그,3812111,나일론 커브드 패널 사이드 스트링 팬츠 [DPINK]_SEPT035DPINK,0.0,0,24150,24150,,0,,,40.19,0,low,21.05,2,1,15,https://www.musinsa.com/products/3812111
2026-08-27,노티카,3818895,후드 에어 요트 파카,0.0,0,64500,64500,,0,,,32.8,0,low,20.84,2,1,15,https://www.musinsa.com/products/3818895
2026-08-27,드로우핏,3823183,이레규러 라인 데님팬츠 [VINTAGE BLUE],0.0,0,66600,66600,,0,,,27.89,0,low,20.2,2,1,15,https://www.musinsa.com/products/3823183
2026-08-27,트래블,3826255,컬러 워싱 데님 팬츠 그린,0.0,0,32500,32500,,0,,,43.68,0,low,21.5,2,1,15,https://www.musinsa.com/products/3826255
2026-08-27,트래블,3826319,나일론 커브드 파이핑 라인 쇼츠 그레이,0.0,0,27500,27500,,0,,,43.68,0,low,21.5,2,1,15,https://www.musinsa.com/products/3826319
2026-08-27,로우로우,3828047,스트링 미니 백팩  763 ep.3 Beige,0.0,0,57850,57850,,0,,,38.06,0,low,21.53,2,1,15,https://www.musinsa.com/products/3828047
2026-08-27,시눈,3829455,JACQUARD PUFF SLEEVE T-SHIRT (WHITE),0.38,11039,29240,29240,,0,,,32.79,0,low,20.84,2,1,15,https://www.musinsa.com/products/3829455
2026-08-27,키뮤어,3832591,[S/S 프레젠테이션] 세미 와이드 파라슈트 데님 팬츠_블루,0.0,0,55300,55300,,0,,,41.74,0,low,19.59,2,1,15,https://www.musinsa.com/products/3832591
2026-08-27,쿠어,3833551,베지터블 레더 A-2 자켓 (브라운),0.0,0,522000,522000,,0,,,32.78,0,low,20.84,2,1,15,https://www.musinsa.com/products/3833551
2026-08-27,1993스튜디오,3835151,레코딩 스튜디오 피그먼트 크롭 롱슬리브_차콜,0.0,0,44250,44250,,0,,,40.17,0,low,21.05,2,1,15,https://www.musinsa.com/products/3835151
2026-08-27,노이어,3839631,오버핏 헤비 폴로 하프 니트 (아이보리),0.0,0,80500,80500,,0,,,41.74,0,low,19.59,2,1,15,https://www.musinsa.com/products/3839631
2026-08-27,와이케이,3844239,마린 베스트 블랙,0.0,0,29600,29600,,0,,,38.05,0,low,21.53,2,1,15,https://www.musinsa.com/products/3844239
2026-08-27,모즈모즈,3849039,[SET] 반팔 액티브로고 나일론 팬츠 세트 퍼플,0.0,0,34220,34220,,0,,,32.78,0,low,20.84,2,1,15,https://www.musinsa.com/products/3849039
2026-08-27,커버낫,3851215,C 로고 티셔츠 레드,0.0,0,19500,19500,,0,,,40.16,0,low,21.05,2,1,15,https://www.musinsa.com/products/3851215
2026-08-27,언탭트 스튜디오,3856911,[2PACK]소프트 비스코스 오버핏 2WAY 카라 니트 가디건 3 COLOR,0.0,0,69940,69940,,0,,,38.05,0,low,21.53,2,1,15,https://www.musinsa.com/products/3856911
2026-08-27,커스텀어클락,3858895,피그먼트 절개 라운드 숏 슬리브 티셔츠 7 COLOR COOSTS252,1.37,27340,19900,19900,,0,,,40.16,0,low,21.05,2,1,15,https://www.musinsa.com/products/3858895
2026-08-27,프리즘웍스,3863247,OMBRE CHECK RELAXED SHIRT _ SALMON,0.0,0,53400,53400,,0,,,41.73,0,low,19.59,2,1,15,https://www.musinsa.com/products/3863247
2026-08-27,프리즘웍스,3863311,3PK NYLON RIPSTOP SHIRT JACKET _ DUSKY BLUE,0.0,0,54000,54000,,0,,,41.73,0,low,19.59,2,1,15,https://www.musinsa.com/products/3863311
2026-08-27,프리즘웍스,3870159,OG VINTAGE DYEING PULLOVER HOODY _ OLIVE,0.0,0,89000,89000,,0,,,41.72,0,low,19.59,2,1,15,https://www.musinsa.com/products/3870159
2026-08-27,브랜디드,3870415,AFTER ROUND CROP CARDIGAN [NAVY],0.0,0,115200,115200,,0,,,27.86,0,low,20.2,2,1,15,https://www.musinsa.com/products/3870415
2026-08-27,프렌다,3875727,REAL TREE JOGGER PANTS BROWN,0.0,0,39500,39500,,0,,,43.67,0,low,21.5,2,1,15,https://www.musinsa.com/products/3875727
2026-08-27,더블유엠씨,3880399,더티워싱 심볼후드_RED,0.0,0,44100,44100,,0,,,38.05,0,low,21.53,2,1,15,https://www.musinsa.com/products/3880399
2026-08-27,더뮤지엄비지터,3886351,METAL LOGO LINE RAGLAN WINDBREAKER (PINK),0.0,0,75600,75600,,0,,,44.88,0,low,20.7,2,1,15,https://www.musinsa.com/products/3886351
2026-08-27,트립르센스,3892623,[유튜버 PICK] 커스텀 핀턱 커브드 와이드 슬랙스_브라운,0.0,0,99000,99000,,0,,,38.04,0,low,21.53,2,1,15,https://www.musinsa.com/products/3892623
2026-08-27,드헤베,3893647,Basic Slim Turtleneck T-shirt [Pink],0.0,0,28080,28080,,0,,,27.86,0,low,20.2,2,1,15,https://www.musinsa.com/products/3893647
2026-08-27,아틀리에 나인,3901199,CAIN BOYFIT JACKET(JK-2921),0.0,0,183330,183330,,0,,,32.77,0,low,20.84,2,1,15,https://www.musinsa.com/products/3901199
2026-08-27,아캄,3903183,Pigment Cargo Pocket Pants (Brown),0.0,0,84500,84500,,0,,,32.77,0,low,20.84,2,1,15,https://www.musinsa.com/products/3903183
2026-08-27,커버낫,3904975,스몰 어센틱 로고 티셔츠 라이트 블루,0.0,0,19500,19500,,0,,,40.15,0,low,21.05,2,1,15,https://www.musinsa.com/products/3904975
2026-08-27,아캄,3905871,Washed Logo Zip-Up Hoodie (Beige),0.0,0,116800,116800,,0,,,32.76,0,low,20.84,2,1,15,https://www.musinsa.com/products/3905871
2026-08-27,링서울,3924751,bustier shirring dress-black,0.0,0,108720,108720,,0,,,38.03,0,low,21.53,2,1,15,https://www.musinsa.com/products/3924751
2026-08-27,르바,3926223,See-Through Cropped Blouse - Sky blue,0.0,0,134480,134480,,0,,,27.86,0,low,20.2,2,1,15,https://www.musinsa.com/products/3926223
2026-08-27,후드후드,3927375,피그먼트 데미지 크롭 후드 집업 샌드베이지,0.0,0,64260,64260,,0,,,27.85,0,low,20.2,2,1,15,https://www.musinsa.com/products/3927375
2026-08-27,어반드레스,3938063,Buko Pocket Denim Shirt BLACK,0.0,0,49400,49400,,0,,,41.71,0,low,19.59,2,1,15,https://www.musinsa.com/products/3938063
2026-08-27,프렌다,3939599,COLLAR SHORT SLEEVE KNIT DARK GREEN,0.0,0,49500,49500,,0,,,43.66,0,low,21.5,2,1,15,https://www.musinsa.com/products/3939599
2026-08-27,무센트,3949199,시그니처 백 라운드 원형 로고 반팔 티 (4컬러),0.0,0,29900,29900,,0,,,40.13,0,low,21.05,2,1,15,https://www.musinsa.com/products/3949199
2026-08-27,브라운야드,3952335,"하이 덴시티 크루넥 니트, 올리브 그레이",0.0,0,94000,94000,,0,,,38.02,0,low,21.54,2,1,15,https://www.musinsa.com/products/3952335
2026-08-27,브라운야드,3956623,"니트 피케 셔츠, 브라운",0.0,0,99000,99000,,0,,,38.02,0,low,21.54,2,1,15,https://www.musinsa.com/products/3956623
2026-08-27,어반드레스,3959631,R Pigment Hoodie - 2COL,0.0,0,54000,54000,,0,,,41.71,0,low,19.6,2,1,15,https://www.musinsa.com/products/3959631
2026-08-27,코드그라피,3968079,CGP 아치 로고 반팔 크루넥_오트밀,0.0,0,30800,30800,,0,,,27.84,0,low,20.2,2,1,15,https://www.musinsa.com/products/3968079
2026-08-27,제로,3969999,Long Sleeve String Ringer T-Shirts [3 Colors],0.0,0,20300,20300,,0,,,32.75,0,low,20.84,2,1,15,https://www.musinsa.com/products/3969999
2026-08-27,커버낫,3972943,컬리지 테크 나일론 티셔츠 블랙,0.0,0,27950,27950,,0,,,40.12,0,low,21.05,2,1,15,https://www.musinsa.com/products/3972943
2026-08-27,르아브,3975759,"릴리 너드 볼캡 (네이비,화이트)",0.0,0,25200,25200,,0,,,38.02,0,low,21.54,2,1,15,https://www.musinsa.com/products/3975759
2026-08-27,메인부스,3981007,Boxer Oversized Sweat Shorts(BLACK),0.0,0,62300,62300,,0,,,27.84,0,low,20.2,2,1,15,https://www.musinsa.com/products/3981007
2026-08-27,마인드브릿지 우먼,3989327,[ON][W]부클 카라 니트 - 3color,0.0,0,19900,19900,,0,,,32.75,0,low,20.84,2,1,15,https://www.musinsa.com/products/3989327
2026-08-27,커버낫,3998223,C 로고 아치 티셔츠 멜란지 그레이,0.0,0,22050,22050,,0,,,40.11,0,low,21.05,2,1,15,https://www.musinsa.com/products/3998223
2026-08-27,아웃스탠딩,4000079,MECHANIC HALF WORK SHIRT_BLUE,0.0,0,55200,55200,,0,,,44.86,0,low,20.7,2,1,15,https://www.musinsa.com/products/4000079
2026-08-27,슬로우애시드,4004815,앙드레김 X 슬로우애시드 이노센스 반팔티셔츠 [화이트],0.0,0,34500,34500,,0,,,27.84,0,low,20.2,2,1,15,https://www.musinsa.com/products/4004815
2026-08-27,코드그라피,4006671,소프트 에센셜 버뮤다 카고 쇼츠_크림,0.0,0,14710,14710,,0,,,27.83,0,low,20.2,2,1,15,https://www.musinsa.com/products/4006671
2026-08-27,던스트,4011535,UNISEX HEART D LOGO T-SHIRT_UDTS6B140_OFF WHITE,0.0,0,23520,23520,,0,,,38.02,0,low,21.54,2,1,15,https://www.musinsa.com/products/4011535
2026-08-27,2000아카이브스,4018383,ANGEL WING SCARF TOP (GREEN),0.0,0,92610,92610,,0,,,44.86,0,low,20.7,2,1,15,https://www.musinsa.com/products/4018383
2026-08-27,언더오프,4022671,오버핏 크루넥 무지 반팔 티셔츠 그린,0.0,0,15300,15300,,0,,,40.11,0,low,21.05,2,1,15,https://www.musinsa.com/products/4022671
2026-08-27,코드그라피,4023823,(우먼) COOL 카고 미니 스커트_블랙,0.0,0,17710,17710,,0,,,27.84,0,low,20.2,2,1,15,https://www.musinsa.com/products/4023823
2026-08-27,커버낫,4024719,아이스 쿨링 티셔츠 블랙,0.0,0,41300,41300,,0,,,40.11,0,low,21.05,2,1,15,https://www.musinsa.com/products/4024719
2026-08-27,코드그라피,4025551,(우먼) WAVE 로고 심볼 셔링 크롭 화섬 티셔츠_레몬,0.0,0,17710,17710,,0,,,27.83,0,low,20.2,2,1,15,https://www.musinsa.com/products/4025551
2026-08-27,러브이즈트루,4029903,CURVED L LACE MIDI SKIRT(BLACK),0.0,0,33440,33440,,0,,,38.01,0,low,21.54,2,1,15,https://www.musinsa.com/products/4029903
2026-08-27,유니폼브릿지,4033231,AE denim string easy short pants 6oz indigo washed,0.0,0,17710,17710,,0,,,44.85,0,low,20.7,2,1,15,https://www.musinsa.com/products/4033231
2026-08-27,니티드,4035535,린넨 스카시 니트 셔츠 SAGE GREEN,0.0,0,39500,39500,,0,,,27.83,0,low,20.2,2,1,15,https://www.musinsa.com/products/4035535
2026-08-27,니티드,4035983,쿨에버 PK 반팔 니트티 IVORY,0.33,10747,32500,32500,,0,,,27.83,0,low,20.2,2,1,15,https://www.musinsa.com/products/4035983
2026-08-27,해비즘,4036559,W LLF UNIFORM S/S TEE(NAVY),0.0,0,23000,23000,,0,,,38.01,0,low,21.54,2,1,15,https://www.musinsa.com/products/4036559
2026-08-27,드로우핏,4041167,페이퍼 코튼 오버핏 하프 셔츠 [WHITE],0.0,0,49500,49500,,0,,,27.83,0,low,20.2,2,1,15,https://www.musinsa.com/products/4041167
2026-08-27,코드그라피,4043087,COOLCODE 화섬 버뮤다 쇼츠_차콜,0.0,0,17600,17600,,0,,,27.82,0,low,20.2,2,1,15,https://www.musinsa.com/products/4043087
2026-08-27,브라운야드,4045967,"나일론 쇼츠, 블랙",0.0,0,69300,69300,,0,,,38.0,0,low,21.54,2,1,15,https://www.musinsa.com/products/4045967
2026-08-27,유니폼브릿지,4046287,UBC baseball shirt blue,0.0,0,47600,47600,,0,,,44.85,0,low,20.7,2,1,15,https://www.musinsa.com/products/4046287
2026-08-27,언더오프,4048143,오버핏 크루넥 1992 반팔 티셔츠 블랙,0.0,0,16900,16900,,0,,,40.1,0,low,21.05,2,1,15,https://www.musinsa.com/products/4048143
2026-08-27,아캄,4054031,Western Cotton Shirts (White),0.0,0,73000,73000,,0,,,32.74,0,low,20.84,2,1,15,https://www.musinsa.com/products/4054031
2026-08-27,시눈,4065039,SN Ribbon Puff T-Shirt (White),0.0,0,26720,26720,,0,,,32.73,0,low,20.84,2,1,15,https://www.musinsa.com/products/4065039
2026-08-27,브라운야드,4069519,"W 베이비 티셔츠, 레드",0.0,0,38000,38000,,0,,,37.99,0,low,21.54,2,1,15,https://www.musinsa.com/products/4069519
2026-08-27,키뮤어,4079375,원 턱 코튼 립스탑 카펜터 쇼츠_2 COLOR,0.0,0,24500,24500,,0,,,41.69,0,low,19.6,2,1,15,https://www.musinsa.com/products/4079375
2026-08-27,브라운야드,4083535,"W 슬리브리스 탑, 차콜",0.0,0,34300,34300,,0,,,37.98,0,low,21.54,2,1,15,https://www.musinsa.com/products/4083535
2026-08-27,드로우핏 우먼,4101711,트윌 투 턱 숏 팬츠 [BLACK],0.0,0,49500,49500,,0,,,43.63,0,low,21.5,2,1,15,https://www.musinsa.com/products/4101711
2026-08-27,트래블,4107663,파이핑 라인 하이넥 베스트 그레이,0.0,0,32500,32500,,0,,,43.63,0,low,21.5,2,1,15,https://www.musinsa.com/products/4107663
2026-08-27,언더오프,4111567,오버핏 크루넥 브루클린 반팔 티셔츠 화이트멜란지,0.46,8373,18320,18320,,0,,,40.08,0,low,21.05,2,1,15,https://www.musinsa.com/products/4111567
2026-08-27,솔트앤초콜릿,4113615,포인티드 토 아일렛 슬링백  412412005 (6cm/2colors),0.52,27765,53400,53400,,0,,,44.84,0,low,20.7,2,1,15,https://www.musinsa.com/products/4113615
2026-08-27,테이크이지,4118671,(우먼스) 라인 가디건 (스카이블루),0.0,0,29000,29000,,0,,,40.08,0,low,21.05,2,1,15,https://www.musinsa.com/products/4118671
2026-08-27,로템버,4123663,솔리드 슬림 울 타이 [BLACK],0.0,0,25200,25200,,0,,,43.63,0,low,21.5,2,1,15,https://www.musinsa.com/products/4123663
2026-08-27,썸웨어버터,4132495,Floral Ribbon Cancan Skirt - Black,0.0,0,125100,125100,,0,,,37.97,0,low,21.54,2,1,15,https://www.musinsa.com/products/4132495
2026-08-27,드로우핏 우먼,4133967,블록 라인 롱 레인부츠 [BEIGE],0.0,0,89100,89100,,0,,,43.63,0,low,21.5,2,1,15,https://www.musinsa.com/products/4133967
2026-08-27,어반드레스,4137487,Vintage Lace Sleeveless PINK,0.0,0,19900,19900,,0,,,41.68,0,low,19.6,2,1,15,https://www.musinsa.com/products/4137487
2026-08-27,노이어,4139023,레이어드 브이넥 하프 니트 (블랙),0.0,0,59500,59500,,0,,,41.68,0,low,19.6,2,1,15,https://www.musinsa.com/products/4139023
2026-08-27,바우로 프로덕트,4148431,리브드 로고 슬리브리스 [그레이],0.99,23576,23800,23800,,0,,,27.79,0,low,20.2,2,1,15,https://www.musinsa.com/products/4148431
2026-08-27,유니온블루,4154383,HARD TWIST COMFORT POLO KNIT [DEEP BLUE],0.0,0,71100,71100,,0,,,44.84,0,low,20.7,2,1,15,https://www.musinsa.com/products/4154383
2026-08-27,몰든,4158479,엑스 스트랩 브라탑,0.0,0,40500,40500,,0,,,43.62,0,low,21.5,2,1,15,https://www.musinsa.com/products/4158479
2026-08-27,언더오프,4158671,오버핏 크루넥 슬리브리스 브루클린 민소매 티셔츠 화이트멜란지,0.0,0,17520,17520,,0,,,40.07,0,low,21.05,2,1,15,https://www.musinsa.com/products/4158671
2026-08-27,무센트,4169039,라우렐 버뮤다 폴리 나일론 하프 팬츠 남녀공용 (4컬러),1.37,50862,37110,37110,,0,,,40.07,0,low,21.05,2,1,15,https://www.musinsa.com/products/4169039
2026-08-27,던스트,4173775,ESSENTIAL MINI CARD BAG MINT_UDBA4E210E1,0.0,0,34880,34880,,0,,,37.95,0,low,21.54,2,1,15,https://www.musinsa.com/products/4173775
2026-08-27,인템포무드,4183055,슬럽 와이드 데님 팬츠_인디고,0.0,0,61600,61600,,0,,,40.06,0,low,21.05,2,1,15,https://www.musinsa.com/products/4183055
2026-08-27,트리밍버드,4187343,Shirring Strap Long Skirt [ White ],0.0,0,149000,149000,,0,,,41.68,0,low,19.6,2,1,15,https://www.musinsa.com/products/4187343
2026-08-27,언탭트 스튜디오,4192591,유니버스 오버랩 퓨어코튼 빅 오버핏 반팔 티셔츠 4COLOR,0.0,0,24700,24700,,0,,,37.95,0,low,21.54,2,1,15,https://www.musinsa.com/products/4192591
2026-08-27,무센트,4203791,시그니처 코튼 버킷햇 (2컬러),0.0,0,26900,26900,,0,,,40.06,0,low,21.05,2,1,15,https://www.musinsa.com/products/4203791
2026-08-27,유니폼브릿지,4243087,vintage pocket shirt brown check,0.52,20121,38710,38710,,0,,,44.83,0,low,20.7,2,1,15,https://www.musinsa.com/products/4243087
2026-08-27,필루미네이트,4256335,티어 워시드 데님 팬츠-스카이블루,0.0,0,39000,39000,,0,,,37.94,0,low,21.54,2,1,15,https://www.musinsa.com/products/4256335
2026-08-27,1993스튜디오,4259983,93 MA-1 플라이트 자켓_차콜,0.0,0,167200,167200,,0,,,40.05,0,low,21.05,2,1,15,https://www.musinsa.com/products/4259983
2026-08-27,언더오프,4260367,더블코튼 무지 래글런 맨투맨 스웨트셔츠 블랙,0.0,0,14600,14600,,0,,,40.05,0,low,21.05,2,1,15,https://www.musinsa.com/products/4260367
2026-08-27,아웃스탠딩,4261903,BASIC CREW NECK LONG SLEEVE TEE_OFF WHITE,0.0,0,35100,35100,,0,,,44.83,0,low,20.7,2,1,15,https://www.musinsa.com/products/4261903
2026-08-27,트래블,4275087,미스트 워크샵 콤비네이션 래글런 후드티 블루,0.0,0,39500,39500,,0,,,43.61,0,low,21.5,2,1,15,https://www.musinsa.com/products/4275087
2026-08-27,트래블,4280527,져지 트랙 자켓 아이보리,0.49,23852,49000,49000,,0,,,43.61,0,low,21.5,2,1,15,https://www.musinsa.com/products/4280527
2026-08-27,어반드레스,4283535,Vintage Half-neck Long Sleeve - 2COL,0.0,0,39000,39000,,0,,,41.67,0,low,19.6,2,1,15,https://www.musinsa.com/products/4283535
2026-08-27,커버낫,4286927,C 로고 맨투맨 오트밀,0.0,0,34500,34500,,0,,,40.04,0,low,21.05,2,1,15,https://www.musinsa.com/products/4286927
2026-08-27,비바라비다,4295951,Redpanda 반팔 티셔츠,0.0,0,25900,25900,,0,,,44.81,0,low,20.7,2,1,15,https://www.musinsa.com/products/4295951
2026-08-27,파르티멘토,4298703,[뱃지 증정] 3M 신슐레이트 VTG 워시드 워크 자켓 [누빔 안감] 레드,0.0,0,101610,101610,,0,,,40.03,0,low,21.05,2,1,15,https://www.musinsa.com/products/4298703
2026-08-27,커버낫,4304719,C 로고 후디 집업 블랙,0.0,0,53400,53400,,0,,,40.03,0,low,21.05,2,1,15,https://www.musinsa.com/products/4304719
2026-08-27,코드그라피,4305807,래글런 배색 후드집업_차콜,0.0,0,62300,62300,,0,,,27.77,0,low,20.2,2,1,15,https://www.musinsa.com/products/4305807
2026-08-27,디미트리블랙,4308175,바이오 웨스턴 데님 셔츠_더스트 인디고,0.0,0,39900,39900,,0,,,40.03,0,low,21.05,2,1,15,https://www.musinsa.com/products/4308175
2026-08-27,몰든,4310223,퍼포먼스 슬림핏 집업자켓,0.0,0,55200,55200,,0,,,43.6,0,low,21.5,2,1,15,https://www.musinsa.com/products/4310223
2026-08-27,파브레가,4313359,카일리 체크 셔츠 (레드 빈),0.0,0,69300,69300,,0,,,27.77,0,low,20.2,2,1,15,https://www.musinsa.com/products/4313359
2026-08-27,로템버,4322319,릴렉스드 세미 와이드 슬랙스 [CHARCOAL],0.0,0,59000,59000,,0,,,43.6,0,low,21.5,2,1,15,https://www.musinsa.com/products/4322319
2026-08-27,커버낫,4322639,C 로고 카라 바시티 베이지,0.0,0,101400,101400,,0,,,40.01,0,low,21.05,2,1,15,https://www.musinsa.com/products/4322639
2026-08-27,스컬프터,4322895,Beaded Waist Denim Pants Indigo Blue,0.52,97728,188100,188100,,0,,,44.81,0,low,20.7,2,1,15,https://www.musinsa.com/products/4322895
2026-08-27,후브스,4325903,헤비 니쥬 울 카라 가디건 [멜란지차콜],0.0,0,59500,59500,,0,,,40.01,0,low,21.05,2,1,15,https://www.musinsa.com/products/4325903
2026-08-27,디미트리블랙,4326543,NYC 후드 티셔츠_피그먼트 네이비&크림,0.0,0,44900,44900,,0,,,40.01,0,low,21.05,2,1,15,https://www.musinsa.com/products/4326543
2026-08-27,코드그라피,4330191,(우먼) CGP 스퀘어 로고 니트_페일핑크,0.0,0,69300,69300,,0,,,27.75,0,low,20.2,2,1,15,https://www.musinsa.com/products/4330191
2026-08-27,낫포너드,4333007,Candle Smoke Mohair Cardigan - Black,0.0,0,56000,56000,,0,,,27.75,0,low,20.2,2,1,15,https://www.musinsa.com/products/4333007
2026-08-27,프리즘웍스,4333519,RADIO MAN LONG SLEEVE TEE _ SAND,0.0,0,24000,24000,,0,,,41.66,0,low,19.6,2,1,15,https://www.musinsa.com/products/4333519
2026-08-27,썸웨어버터,4335951,Chelsea alpaca cable knit - Brown,0.0,0,90440,90440,,0,,,37.92,0,low,21.54,2,1,15,https://www.musinsa.com/products/4335951
2026-08-27,썬러브투어,4337039,Capital Sweatpants Light Sage,0.0,0,73400,73400,,0,,,43.59,0,low,21.5,2,1,15,https://www.musinsa.com/products/4337039
2026-08-27,후드후드,4339023,I hood U 후드 그레이,0.0,0,46220,46220,,0,,,27.75,0,low,20.2,2,1,15,https://www.musinsa.com/products/4339023
2026-08-27,트리밍버드,4344015,2-way Leather Cargo Skirt Warmer [ Black ],0.0,0,189000,189000,,0,,,41.66,0,low,19.6,2,1,15,https://www.musinsa.com/products/4344015
2026-08-27,드헤베,4344911,Harry Collarless Tweed Jacket [Mixed Black],0.0,0,107100,107100,,0,,,27.74,0,low,20.2,2,1,15,https://www.musinsa.com/products/4344911
2026-08-27,무센트,4357263,"클로버 레터링 롱 슬리브 (2컬러, 남녀공용)",0.0,0,33390,33390,,0,,,40.0,0,low,21.05,2,1,15,https://www.musinsa.com/products/4357263
2026-08-27,미나브,4360975,레가시 링클 오버 체크 셔츠 [차콜],0.0,0,47200,47200,,0,,,43.59,0,low,21.5,2,1,15,https://www.musinsa.com/products/4360975
2026-08-27,노티카,4363727,후디드 요트 파카,0.0,0,119500,119500,,0,,,32.67,0,low,20.84,2,1,15,https://www.musinsa.com/products/4363727
2026-08-27,아틀리에 나인,4369551,ESSENTIAL CUTOUT KNIT DRESS(OP-6228),0.0,0,88200,88200,,0,,,32.67,0,low,20.84,2,1,15,https://www.musinsa.com/products/4369551
2026-08-27,배드블러드,4372239,클래식 빅로고 크루넥 스웨터 - 크림,0.0,0,119200,119200,,0,,,41.65,0,low,19.6,2,1,15,https://www.musinsa.com/products/4372239
2026-08-27,노티카,4373583,83플래그 스웨트팬츠(L.멜란지그레이),0.0,0,47400,47400,,0,,,32.67,0,low,20.84,2,1,15,https://www.musinsa.com/products/4373583
2026-08-27,브라운야드,4375823,"W 엑스트라 슈퍼 파인 크루넥 니트, 브라운",0.0,0,198000,198000,,0,,,37.91,0,low,21.54,2,1,15,https://www.musinsa.com/products/4375823
2026-08-27,제너럴아이디어,4376719,에센셜 이지 브이넥 티셔츠 [IVORY] / WBD3L01515,0.0,0,27550,27550,,0,,,44.8,0,low,20.7,2,1,15,https://www.musinsa.com/products/4376719
2026-08-27,틸아이다이,4383823,Mellow hooded v-neck knit_Cream,0.0,0,91040,91040,,0,,,44.79,0,low,20.7,2,1,15,https://www.musinsa.com/products/4383823
2026-08-27,솔트앤초콜릿,4384975,아콘 스니커즈 412430006 (6cm/3colors),10.91,896976,82240,82240,,0,,,44.79,0,low,20.7,2,1,15,https://www.musinsa.com/products/4384975
2026-08-27,토마스모어,4387087,페이디드 셔츠 - 피치블랙,0.0,0,67500,67500,,0,,,37.9,0,low,21.54,2,1,15,https://www.musinsa.com/products/4387087
2026-08-27,아틀리에 나인,4387599,LUNA SET-UP CHECK SKIRT(SK-4956),0.0,0,80100,80100,,0,,,32.66,0,low,20.84,2,1,15,https://www.musinsa.com/products/4387599
2026-08-27,썸웨어버터,4388431,Penny Cotton Midi Skirt - Ivory,0.0,0,66640,66640,,0,,,37.9,0,low,21.54,2,1,15,https://www.musinsa.com/products/4388431
2026-08-27,데꼬로소,4395279,컴포트 라운드넥 가디건 [그린],0.0,0,75400,75400,,0,,,37.9,0,low,21.54,2,1,15,https://www.musinsa.com/products/4395279
2026-08-27,프리즘웍스,4397007,CORDUROY BUDDY HARRINGTON JACKET _ CREAM,0.0,0,148000,148000,,0,,,41.64,0,low,19.6,2,1,15,https://www.musinsa.com/products/4397007
2026-08-27,유라고,4400143,George straight slacks,0.0,0,83400,83400,,0,,,32.65,0,low,20.84,2,1,15,https://www.musinsa.com/products/4400143
2026-08-27,유라고,4402767,Washable V-neck knit & cardigan set,0.0,0,99560,99560,,0,,,32.65,0,low,20.84,2,1,15,https://www.musinsa.com/products/4402767
2026-08-27,니티드,4409999,(W) 베이직 에센셜 워셔블 라운드 가디건 STONE BLUE,0.0,0,39960,39960,,0,,,27.73,0,low,20.2,2,1,15,https://www.musinsa.com/products/4409999
2026-08-27,시눈,4410383,Soft Easy Pants (Melange Grey),0.0,0,59480,59480,,0,,,32.65,0,low,20.84,2,1,15,https://www.musinsa.com/products/4410383
2026-08-27,시눈,4410511,Tute Skirt (Light Grey),0.0,0,134570,134570,,0,,,32.65,0,low,20.84,2,1,15,https://www.musinsa.com/products/4410511
2026-08-27,시눈,4411727,Rabbit Tie Half Sleeve Turtleneck Knit (Charcoal Grey),0.0,0,69560,69560,,0,,,32.65,0,low,20.84,2,1,15,https://www.musinsa.com/products/4411727
2026-08-27,시눈,4411791,V-Neck Basic Knit (Greyish Beige),0.0,0,59480,59480,,0,,,32.65,0,low,20.84,2,1,15,https://www.musinsa.com/products/4411791
2026-08-27,커버낫,4415311,어센틱 C 로고 케이블 울 머플러 블랙,0.0,0,48300,48300,,0,,,39.97,0,low,21.06,2,1,15,https://www.musinsa.com/products/4415311
2026-08-27,유니폼브릿지,4416207,wool drizzler jacket grey,0.0,0,111600,111600,,0,,,44.78,0,low,20.7,2,1,15,https://www.musinsa.com/products/4416207
2026-08-27,무센트,4416399,클로버 레터링 루즈핏 롱슬리브 맨투맨 남녀공용 (2컬러),0.0,0,31530,31530,,0,,,39.97,0,low,21.06,2,1,15,https://www.musinsa.com/products/4416399
2026-08-27,오퍼스 0012,4417487,Op. 08 DIME CARGO MICRO SKIRT BLACK,0.0,0,50400,50400,,0,,,44.78,0,low,20.7,2,1,15,https://www.musinsa.com/products/4417487
2026-08-27,필루미네이트,4417743,아플리케 피그먼트 워시 후디-3Color,0.0,0,48000,48000,,0,,,37.89,0,low,21.54,2,1,15,https://www.musinsa.com/products/4417743
2026-08-27,제로,4419663,Long Sleeve String Ringer T-Shirts [New 4 Colors],0.38,5450,14500,14500,,0,,,32.64,0,low,20.84,2,1,15,https://www.musinsa.com/products/4419663
2026-08-27,프리즘웍스,4422927,OG BOCACI HEAVYWEIGHT HOOD ZIP UP PARKA _ CAMEL,0.0,0,98000,98000,,0,,,41.63,0,low,19.6,2,1,15,https://www.musinsa.com/products/4422927
2026-08-27,유니폼브릿지,4423183,karakoram goose down parka cherry red,-0.52,-91171,175600,175600,,0,,,44.78,0,low,20.7,2,1,15,https://www.musinsa.com/products/4423183
2026-08-27,에이치덱스,4423695,우먼스 슬림 스트레이트 스웨트 팬츠 (Smokey Brown),0.0,0,82450,82450,,0,,,27.72,0,low,20.2,2,1,15,https://www.musinsa.com/products/4423695
2026-08-27,아틀리에 나인,4424911,DESTROY RIBBED KNIT(T-6917),0.0,0,67500,67500,,0,,,32.64,0,low,20.84,2,1,15,https://www.musinsa.com/products/4424911
2026-08-27,제멋,4429327,스테디 썸홀 테리 후드 라이트베이지 OYHD2593,0.0,0,36900,36900,,0,,,41.62,0,low,19.6,2,1,15,https://www.musinsa.com/products/4429327
2026-08-27,필루미네이트,4429839,엘리멘터리 피그먼트 스웨트 셔츠-베이지,0.0,0,28900,28900,,0,,,37.89,0,low,21.54,2,1,15,https://www.musinsa.com/products/4429839
2026-08-27,필루미네이트,4430287,시그니처 웨이브 로고 후드 집 업-네이비,0.0,0,38900,38900,,0,,,37.88,0,low,21.54,2,1,15,https://www.musinsa.com/products/4430287
2026-08-27,더블유엠씨,4431247,메디벌 롱슬리브_CHARCOAL GREY,0.0,0,27600,27600,,0,,,37.88,0,low,21.55,2,1,15,https://www.musinsa.com/products/4431247
2026-08-27,스컬프터,4432655,Emboss Faux Leather Bomber Sage,0.0,0,278600,278600,,0,,,44.77,0,low,20.7,2,1,15,https://www.musinsa.com/products/4432655
2026-08-27,커스텀어클락,4433295,케이블 하프 집업 헤비 니트 풀오버 8 COLOR COOSKT069,0.0,0,49600,49600,,0,,,39.96,0,low,21.06,2,1,15,https://www.musinsa.com/products/4433295
2026-08-27,낫포너드,4433871,Oxford Fatigue Baggy Pants - Beige,0.0,0,59000,59000,,0,,,27.72,0,low,20.2,2,1,15,https://www.musinsa.com/products/4433871
2026-08-27,어널러코드,4438543,헤어리 믹스 니트 (브라운),0.0,0,49700,49700,,0,,,41.62,0,low,19.6,2,1,15,https://www.musinsa.com/products/4438543
2026-08-27,어반드레스,4443663,Crover Handmade Wool Coat BLACK,0.0,0,99200,99200,,0,,,41.62,0,low,19.6,2,1,15,https://www.musinsa.com/products/4443663
2026-08-27,제멋,4455311,인사이트 오버핏 헤비 스웨트셔츠 블랙 KJMT2591,0.0,0,33900,33900,,0,,,41.62,0,low,19.6,2,1,15,https://www.musinsa.com/products/4455311
2026-08-27,노이어,4456399,울 블렌드 니트 셔츠 가디건 (브라운),0.0,0,103200,103200,,0,,,41.61,0,low,19.6,2,1,15,https://www.musinsa.com/products/4456399
2026-08-27,락피쉬웨더웨어,4457231,ORIGINAL WINTER FUR MULES - 9 colors,0.0,0,66000,66000,,0,,,27.72,0,low,20.2,2,1,15,https://www.musinsa.com/products/4457231
2026-08-27,에스피오나지,4457871,Full Zip Sweat Work Jacket Grey,0.0,0,80400,80400,,0,,,41.61,0,low,19.6,2,1,15,https://www.musinsa.com/products/4457871
2026-08-27,디앤에스알,4459087,맘모스 스웨이드 워커 브라운,0.0,0,269600,269600,,0,,,32.63,0,low,20.84,2,1,15,https://www.musinsa.com/products/4459087
2026-08-27,인사일런스,4466447,지블링 울 하프 코트 BROWN,0.0,0,248000,248000,,0,,,39.96,0,low,21.06,2,1,15,https://www.musinsa.com/products/4466447
2026-08-27,브렌슨,4467087,파인코튼 반폴라 긴폴라 티셔츠 ( 3Color ),0.0,0,16900,16900,,0,,,39.96,0,low,21.06,2,1,15,https://www.musinsa.com/products/4467087
2026-08-27,언탭트 스튜디오,4467151,UTS 그래픽 오버핏 배색 후드티셔츠 네이비,0.0,0,34860,34860,,0,,,37.87,0,low,21.55,2,1,15,https://www.musinsa.com/products/4467151
2026-08-27,커버낫,4469327,24FW RDS 씨빅 오리진 숏 푸퍼 아이보리,0.0,0,153300,153300,,0,,,39.95,0,low,21.06,2,1,15,https://www.musinsa.com/products/4469327
2026-08-27,인템포무드,4470671,맥킨 터틀넥 롱 슬리브 : 3컬러,0.0,0,36800,36800,,0,,,39.95,0,low,21.06,2,1,15,https://www.musinsa.com/products/4470671
2026-08-27,후드후드,4480591,리버시블 로고 니트 머플러 블랙,0.0,0,28670,28670,,0,,,27.71,0,low,20.2,2,1,15,https://www.musinsa.com/products/4480591
2026-08-27,키르시,4490191,위티버니 후드 가디건 [블랙],0.0,0,83400,83400,,0,,,39.94,0,low,21.06,2,1,15,https://www.musinsa.com/products/4490191
2026-08-27,키뮤어,4499471,RDS 후디드 다운 점퍼_블랙,0.0,0,132300,132300,,0,,,41.61,0,low,19.6,2,1,15,https://www.musinsa.com/products/4499471
2026-08-27,본투윈,4502095,BORNTOWIN X KT WIZ HALF PANTS [BLACK],0.0,0,89000,89000,,0,,,44.75,0,low,20.7,2,1,15,https://www.musinsa.com/products/4502095
2026-08-27,스컬프터,4502735,90s Lace Leggings Skin,0.0,0,43400,43400,,0,,,44.75,0,low,20.7,2,1,15,https://www.musinsa.com/products/4502735
2026-08-27,커버낫,4503311,C 로고 플리스 오버핏 후디 아노락 블랙,0.0,0,54450,54450,,0,,,39.93,0,low,21.06,2,1,15,https://www.musinsa.com/products/4503311
2026-08-27,무드인사이드,4506895,헤비 스테디 케이블 카라 니트_4Color,0.0,0,39900,39900,,0,,,43.57,0,low,21.5,2,1,15,https://www.musinsa.com/products/4506895
2026-08-27,아틀리에 나인,4507727,(PT-5592)ESSENTIAL WARM BOOTCUT PANTS,0.0,0,71100,71100,,0,,,32.62,0,low,20.84,2,1,15,https://www.musinsa.com/products/4507727
2026-08-27,아틀리에 나인,4507791,LO WOOL HANDMADE SET-UP JACKET(JK-2953),0.0,0,197100,197100,,0,,,32.62,0,low,20.84,2,1,15,https://www.musinsa.com/products/4507791
2026-08-27,바이젝,4525775,범고래 머슬 브레이커 자켓,0.0,0,90000,90000,,0,,,39.93,0,low,21.06,2,1,15,https://www.musinsa.com/products/4525775
2026-08-27,웬즈데이오아시스,4537039,올웨이즈 아가일 헤어리 울 니트 3COLOR,0.0,0,60900,60900,,0,,,43.57,0,low,21.5,2,1,15,https://www.musinsa.com/products/4537039
2026-08-27,아이돈워너셀,4549903,Saga Leaf Maxi Cap Navy,0.46,17836,39200,39200,,0,,,39.92,0,low,21.06,2,1,15,https://www.musinsa.com/products/4549903
2026-08-27,시눈,4553487,Rose Artwork Shirt (White),0.0,0,69560,69560,,0,,,32.61,0,low,20.84,2,1,15,https://www.musinsa.com/products/4553487
2026-08-27,로제프란츠,4559503,Wide Long Muffler [Rose Red],0.0,0,25200,25200,,0,,,27.68,0,low,20.2,2,1,15,https://www.musinsa.com/products/4559503
2026-08-27,시눈,4584591,Mustang Trooper Hat (Deep Brown),0.0,0,59480,59480,,0,,,32.61,0,low,20.84,2,1,15,https://www.musinsa.com/products/4584591
2026-08-27,제너럴아이디어,4590607,MAN 뉴클래식 울 블렌드 롱 코트 [BROWN] / SBD4M10006,0.0,0,178000,178000,,0,,,44.74,0,low,20.7,2,1,15,https://www.musinsa.com/products/4590607
2026-08-27,에이치덱스,4591823,얼웨이즈 챔프 후디 집업 (Smokey Brown),0.0,0,73500,73500,,0,,,27.68,0,low,20.2,2,1,15,https://www.musinsa.com/products/4591823
2026-08-27,본투윈,4595855,VELOUR BOOTS CUT PANTS [BLACK],0.0,0,79000,79000,,0,,,44.74,0,low,20.7,2,1,15,https://www.musinsa.com/products/4595855
2026-08-27,트립르센스,4598927,램스울 멀티 스트라이프 브이넥 니트_그레이,0.0,0,60000,60000,,0,,,37.84,0,low,21.55,2,1,15,https://www.musinsa.com/products/4598927
2026-08-27,무센트,4600079,미온 하이넥 투웨이 집업 가디건 남녀공용 (3컬러),0.0,0,89900,89900,,0,,,39.91,0,low,21.06,2,1,15,https://www.musinsa.com/products/4600079
2026-08-27,트리밍버드,4616079,Dry Leather Suspenders One-piece [ Black ],0.0,0,239000,239000,,0,,,41.59,0,low,19.6,2,1,15,https://www.musinsa.com/products/4616079
2026-08-27,리메인세컨드,4620431,울 블렌드 오버핏 베스트 코트 컬렉션_3STYLE,0.0,0,84000,84000,,0,,,32.59,0,low,20.84,2,1,15,https://www.musinsa.com/products/4620431
2026-08-27,루에브르,4621199,Marcher Moccasins HA4AA001-JP,0.0,0,279000,279000,,0,,,43.57,0,low,21.5,2,1,15,https://www.musinsa.com/products/4621199
2026-08-27,썸웨어버터,4626127,Cat Vintage Alpaca Sweater - Ivory,0.0,0,143100,143100,,0,,,37.84,0,low,21.55,2,1,15,https://www.musinsa.com/products/4626127
2026-08-27,아틀리에 나인,4644879,PUFF SHIRRING PADDING JUMPER(JP-570),0.0,0,197100,197100,,0,,,32.59,0,low,20.84,2,1,15,https://www.musinsa.com/products/4644879
2026-08-27,키르시,4646287,자카드 니트 폼폼 비니 [멜란지 그레이],0.0,0,35400,35400,,0,,,39.9,0,low,21.06,2,1,15,https://www.musinsa.com/products/4646287
2026-08-27,무센트,4648783,젤리피쉬 시그니처 맨투맨 (남녀공용),0.0,0,46410,46410,,0,,,39.9,0,low,21.06,2,1,15,https://www.musinsa.com/products/4648783
2026-08-27,코드그라피,4652495,(우먼) 스트라이프 후드 집업_스카이블루,0.33,15458,47010,47010,,0,,,27.67,0,low,20.2,2,1,15,https://www.musinsa.com/products/4652495
2026-08-27,무센트,4654479,마농 니트 트루퍼 햇 남녀공용 (3컬러),0.0,0,33390,33390,,0,,,39.9,0,low,21.06,2,1,15,https://www.musinsa.com/products/4654479
2026-08-27,디미트리블랙,4671567,2WAY 페이드 워싱 디트로이트 스웨이드 자켓_블랙,0.0,0,59900,59900,,0,,,39.89,0,low,21.06,2,1,15,https://www.musinsa.com/products/4671567
2026-08-27,헬레네파리스,4694287,데미지드 브이넥 리브드 니트 [스킨 핑크],0.0,0,45760,45760,,0,,,41.58,0,low,19.6,2,1,15,https://www.musinsa.com/products/4694287
2026-08-27,그루브라임,4698063,유니)DAILY TURTLE-NECK T-SHIRTS [GLT602H33],0.0,0,15900,15900,,0,,,43.55,0,low,21.5,2,1,15,https://www.musinsa.com/products/4698063
2026-08-27,더블유엠씨,4705167,퍼티그 코튼 팬츠_IVORY,0.0,0,92880,92880,,0,,,37.83,0,low,21.55,2,1,15,https://www.musinsa.com/products/4705167
2026-08-27,마인드브릿지 우먼,4705423,[W]레더 카라 데님 워크 자켓,0.0,0,69900,69900,,0,,,32.58,0,low,20.84,2,1,15,https://www.musinsa.com/products/4705423
2026-08-27,아모우,4706319,One tuck sweat bemudapants 2color,0.0,0,27000,27000,,0,,,41.58,0,low,19.6,2,1,15,https://www.musinsa.com/products/4706319
2026-08-27,던스트,4708623,90S WIDE LEG NEW JEANS_UDPA6A210_RAW DENIM,0.0,0,69760,69760,,0,,,37.82,0,low,21.55,2,1,15,https://www.musinsa.com/products/4708623
2026-08-27,로템버,4711503,에디터 타이디 스트라이프 셔츠 [WHITE],0.0,0,59000,59000,,0,,,43.55,0,low,21.5,2,1,15,https://www.musinsa.com/products/4711503
2026-08-27,키르시,4716879,포켓 시그니쳐 미니백 [블랙],0.0,0,55300,55300,,0,,,39.89,0,low,21.06,2,1,15,https://www.musinsa.com/products/4716879
2026-08-27,키르시,4716943,키르시 플레인 라인 포인트 케이블 니트 [네이비],0.0,0,41400,41400,,0,,,39.88,0,low,21.06,2,1,15,https://www.musinsa.com/products/4716943
2026-08-27,칙스,4721743,리맵 롱 슬리브 티셔츠 화이트 멜란지,0.0,0,27900,27900,,0,,,41.58,0,low,19.6,2,1,15,https://www.musinsa.com/products/4721743
2026-08-27,일꼬르소,4722703,베르세즈 논카라 자켓 블랙 IEJA5E003BK,0.0,0,114500,114500,,0,,,39.88,0,low,21.06,2,1,15,https://www.musinsa.com/products/4722703
2026-08-27,카네이테이,4728783,ARMEE FRANCAISE HOODIE (NAVY),0.0,0,71200,71200,,0,,,44.71,0,low,20.7,2,1,15,https://www.musinsa.com/products/4728783
2026-08-27,일꼬르소,4729231,[일꼬르소X미즈노] 테커블 밴딩 팬츠 카키 IEPA5E701K2,0.0,0,59960,59960,,0,,,39.88,0,low,21.06,2,1,15,https://www.musinsa.com/products/4729231
2026-08-27,제너럴아이디어,4731087,MAN 에센셜 미니멀 케이블 브이넥 가디건 [CHARCOAL] / SBE1M04004,0.0,0,52700,52700,,0,,,44.71,0,low,20.7,2,1,15,https://www.musinsa.com/products/4731087
2026-08-27,아이돈워너셀,4734927,Division Archive Maxi Cap Navy/Ivory,0.0,0,47200,47200,,0,,,39.88,0,low,21.06,2,1,15,https://www.musinsa.com/products/4734927
2026-08-27,썸웨어버터,4738191,Pendant See-Through Half Knit - Ivory,0.0,0,62100,62100,,0,,,37.81,0,low,21.55,2,1,15,https://www.musinsa.com/products/4738191
2026-08-27,썸웨어버터,4738255,Mini Chain Toast Bag - 4Color,0.0,0,97200,97200,,0,,,37.81,0,low,21.55,2,1,15,https://www.musinsa.com/products/4738255
2026-08-27,플랙,4740367,워시드 데님 셔켓 블랙,0.0,0,79000,79000,,0,,,39.87,0,low,21.06,2,1,15,https://www.musinsa.com/products/4740367
2026-08-27,드헤베,4742799,Classic Jewel Long Dress [Black],0.0,0,97920,97920,,0,,,27.65,0,low,20.2,2,1,15,https://www.musinsa.com/products/4742799
2026-08-27,메인부스,4747471,[아톰] 마하 5 데님 쇼츠(인디고),0.33,21875,66600,66600,,0,,,27.64,0,low,20.2,2,1,15,https://www.musinsa.com/products/4747471
2026-08-27,키르시,4749327,빈티지 워싱 스터드 포인트 하프 팬츠 [오트밀],0.0,0,47400,47400,,0,,,39.86,0,low,21.06,2,1,15,https://www.musinsa.com/products/4749327
2026-08-27,9999아카이브,4749391,Double Knee Sweat Bermuda Pants,0.0,0,47250,47250,,0,,,37.8,0,low,21.55,2,1,15,https://www.musinsa.com/products/4749391
2026-08-27,무드인사이드,4750287,시그니처 헤비 스웨트 와이드팬츠_Gray,0.0,0,39900,39900,,0,,,43.54,0,low,21.5,2,1,15,https://www.musinsa.com/products/4750287
2026-08-27,아틀리에 나인,4751055,WOOL SHEER LAYERD KNIT DRESS(OP-6256),0.0,0,95160,95160,,0,,,32.56,0,low,20.84,2,1,15,https://www.musinsa.com/products/4751055
2026-08-27,락케이크,4754831,Applique R Pocket Jogger - Black,1.94,104763,53900,53900,,0,,,43.53,0,low,21.5,2,1,15,https://www.musinsa.com/products/4754831
2026-08-27,커버낫,4756623,그래피티 크루넥 니트 Light Khaki,0.0,0,65450,65450,,0,,,39.84,0,low,21.06,2,1,15,https://www.musinsa.com/products/4756623
2026-08-27,커스텀어클락,4757327,소프트 베이직 라운드 가디건 빈티지브라운 COOSCD020VBROWN,0.45,20089,44250,44250,,0,,,39.84,0,low,21.06,2,1,15,https://www.musinsa.com/products/4757327
2026-08-27,파르티멘토,4758863,오디너리 니트 가디건 브라운,0.0,0,51120,51120,,0,,,39.84,0,low,21.06,2,1,15,https://www.musinsa.com/products/4758863
2026-08-27,언탭트 스튜디오,4759823,96 풋볼 져지 트랙 스포티 오버핏 맨투맨 3Color,0.42,14718,34970,34970,,0,,,37.8,0,low,21.55,2,1,15,https://www.musinsa.com/products/4759823
2026-08-27,노이어,4760975,에센셜 루즈핏 니트 셔츠 (그레이),0.0,0,88000,88000,,0,,,41.57,0,low,19.6,2,1,15,https://www.musinsa.com/products/4760975
2026-08-27,넌블랭크,4761359,스트라이프 럭비 티셔츠_GREEN,0.0,0,86330,86330,,0,,,37.79,0,low,21.55,2,1,15,https://www.musinsa.com/products/4761359
2026-08-27,비긴202,4761423,7포켓 버뮤다 팬츠 [블랙],0.0,0,39200,39200,,0,,,27.64,0,low,20.2,2,1,15,https://www.musinsa.com/products/4761423
2026-08-27,더바이닐하우스,4762255,WESTERN BOOTS CUT PANTS BLACK,0.0,0,150340,150340,,0,,,39.84,0,low,21.06,2,1,15,https://www.musinsa.com/products/4762255
2026-08-27,더바이닐하우스,4763215,DYED TANKER JACKET SAND,0.0,0,116120,116120,,0,,,39.83,0,low,21.06,2,1,15,https://www.musinsa.com/products/4763215
2026-08-27,몽돌,4763983,텐셀 시스루 루즈핏 셔츠 스카이블루 MDSH019SKYBLUE,0.0,0,64800,64800,,0,,,44.7,0,low,20.7,2,1,15,https://www.musinsa.com/products/4763983
2026-08-27,세컨모놀로그,4764495,버튼 플라켓 나일론 하프 코트 자켓 [NAVY]_SEJK027NAVY,0.0,0,119000,119000,,0,,,39.83,0,low,21.06,2,1,15,https://www.musinsa.com/products/4764495
2026-08-27,프렌다,4767311,PRDA BIG PATCH BALL CAP CAMO,0.0,0,29400,29400,,0,,,43.53,0,low,21.5,2,1,15,https://www.musinsa.com/products/4767311
2026-08-27,디미트리블랙,4768143,VLAD 워시드 카모플라쥬 후드 집업_네이비&그레이,0.0,0,39900,39900,,0,,,39.83,0,low,21.06,2,1,15,https://www.musinsa.com/products/4768143
2026-08-27,유니폼브릿지,4773007,western denim shirt 6oz(womens) indigo one washed,0.0,0,55600,55600,,0,,,44.69,0,low,20.7,2,1,15,https://www.musinsa.com/products/4773007
2026-08-27,프리즘웍스,4773327,60/40 MOUNTAIN PARKA 002 _ BRICK,0.0,0,118800,118800,,0,,,41.56,0,low,19.6,2,1,15,https://www.musinsa.com/products/4773327
2026-08-27,어반드레스,4776975,Aa Cap - 5COL,0.51,10125,19900,19900,,0,,,41.56,0,low,19.6,2,1,15,https://www.musinsa.com/products/4776975
2026-08-27,모즈모즈,4779983,가디언즈 오버핏 피그먼트 반팔 티셔츠 베이지,0.0,0,29800,29800,,0,,,32.55,0,low,20.84,2,1,15,https://www.musinsa.com/products/4779983
2026-08-27,모즈모즈,4782095,플레이키튼 오버핏 반팔티셔츠 블랙,0.0,0,23800,23800,,0,,,32.54,0,low,20.84,2,1,15,https://www.musinsa.com/products/4782095
2026-08-27,기철,4785679,Denim sweat balloon pants (washed black),0.0,0,35600,35600,,0,,,32.53,0,low,20.84,2,1,15,https://www.musinsa.com/products/4785679
2026-08-27,기철,4786703,Summer half denim shirt (indigo),0.0,0,47400,47400,,0,,,32.53,0,low,20.84,2,1,15,https://www.musinsa.com/products/4786703
2026-08-27,프리즘웍스,4791631,RIPSTOP FIELD CARGO PANTS _ OLIVE,0.0,0,82800,82800,,0,,,41.56,0,low,19.6,2,1,15,https://www.musinsa.com/products/4791631
2026-08-27,이지노이지,4792783,썬 패치 레오파드 벌룬 데님 팬츠 - 라이트블루,0.0,0,79900,79900,,0,,,32.53,0,low,20.84,2,1,15,https://www.musinsa.com/products/4792783
2026-08-27,커버낫,4797903,패커블 경량 윈드브레이커 자켓 Blue,0.0,0,83400,83400,,0,,,39.81,0,low,21.06,2,1,15,https://www.musinsa.com/products/4797903
2026-08-27,인사일런스,4798095,코튼 BDU 자켓 BEIGE,0.0,0,167760,167760,,0,,,39.81,0,low,21.06,2,1,15,https://www.musinsa.com/products/4798095
2026-08-27,본투윈,4799119,W WELLNESS V-NECK CROP SWEATSHIRTS [IVORY],0.0,0,51800,51800,,0,,,44.68,0,low,20.7,2,1,15,https://www.musinsa.com/products/4799119
2026-08-27,드헤베,4800463,Scoop Long Sleeve [Beige],0.0,0,37050,37050,,0,,,27.63,0,low,20.2,2,1,15,https://www.musinsa.com/products/4800463
2026-08-27,제멋,4808911,데크 원턱 CP 와이드팬츠 블랙 SOLP2602,0.0,0,51900,51900,,0,,,41.55,0,low,19.6,2,1,15,https://www.musinsa.com/products/4808911
2026-08-27,무센트,4809743,하링 시그니처 로고 스냅 버튼 유넥 굴림티 (4컬러),0.0,0,38910,38910,,0,,,39.8,0,low,21.06,2,1,15,https://www.musinsa.com/products/4809743
2026-08-27,브랜디드,4810383,CRACK ROLLER BELT [BLACK],0.0,0,61200,61200,,0,,,27.63,0,low,20.2,2,1,15,https://www.musinsa.com/products/4810383
2026-08-27,와이케이,4816399,WKYK 레이어드 가디건 베이지,0.0,0,55300,55300,,0,,,37.77,0,low,21.55,2,1,15,https://www.musinsa.com/products/4816399
2026-08-27,유니폼브릿지,4818127,baseball two tone l/s tee charcoal,0.0,0,23000,23000,,0,,,44.67,0,low,20.7,2,1,15,https://www.musinsa.com/products/4818127
2026-08-27,유라고,4836431,Mute single button jacket,0.0,0,176000,176000,,0,,,32.51,0,low,20.84,2,1,15,https://www.musinsa.com/products/4836431
2026-08-27,제이엘브,4836943,플레어 레깅스 [차콜],0.0,0,32300,32300,,0,,,37.76,0,low,21.56,2,1,15,https://www.musinsa.com/products/4836943
2026-08-27,에이치덱스,4837263,클래식 핀턱 매쉬 쇼츠 (Charcoal),0.98,42523,43200,43200,,0,,,27.61,0,low,20.2,2,1,15,https://www.musinsa.com/products/4837263
2026-08-27,데꼬로소,4847183,디마 코튼 헨리넥 긴팔 티셔츠 [블랙],1.26,62427,49500,49500,,0,,,37.76,0,low,21.56,2,1,15,https://www.musinsa.com/products/4847183
2026-08-27,그루브라임,4847247,남) C100 3단쭈리 NEW 로케이션 아플리케 후드티 (세미오버핏)(25년)(7COLOR) [LRARCTH122P],0.0,0,59900,59900,,0,,,43.51,0,low,21.5,2,1,15,https://www.musinsa.com/products/4847247
2026-08-27,키르시,4850191,키르시 플레인 세미 와이드 데님 스커트 팬츠 [화이트],0.0,0,62300,62300,,0,,,39.78,0,low,21.06,2,1,15,https://www.musinsa.com/products/4850191
2026-08-27,브라운야드,4856783,"워시드 BDU 자켓, 다크 베이지",0.0,0,298000,298000,,0,,,37.75,0,low,21.56,2,1,15,https://www.musinsa.com/products/4856783
2026-08-27,더블유엠씨,4860367,믹스패턴 셔츠_KHAKI,0.0,0,38080,38080,,0,,,37.75,0,low,21.56,2,1,15,https://www.musinsa.com/products/4860367
2026-08-27,브라운야드,4870991,"W 스트라이프 니트 피케, 브라운",0.0,0,131600,131600,,0,,,37.75,0,low,21.56,2,1,15,https://www.musinsa.com/products/4870991
2026-08-27,유라고,4871823,Layered tencel t-shirt set,0.0,0,57600,57600,,0,,,32.5,0,low,20.84,2,1,15,https://www.musinsa.com/products/4871823
2026-08-27,1993스튜디오,4876175,1993 빅로고 우먼 레귤러핏 티셔츠_오트베이지,0.0,0,35100,35100,,0,,,39.77,0,low,21.07,2,1,15,https://www.musinsa.com/products/4876175
2026-08-27,더바넷,4890895,Bella Waffle Knit Drawstring Pants_Ivory,0.0,0,104880,104880,,0,,,27.6,0,low,20.2,2,1,15,https://www.musinsa.com/products/4890895
2026-08-27,노티카,4897679,스트라이프 반팔 폴로 티셔츠(4colors) NPO4105,0.0,0,58650,58650,,0,,,32.49,0,low,20.84,2,1,15,https://www.musinsa.com/products/4897679
2026-08-27,디앤에스알,4900431,스파이더 스티치 인디고 데님 팬츠,0.0,0,99200,99200,,0,,,32.48,0,low,20.84,2,1,15,https://www.musinsa.com/products/4900431
2026-08-27,키르시,4904591,카고 버뮤다 데님 팬츠 [블랙],0.0,0,76300,76300,,0,,,39.77,0,low,21.07,2,1,15,https://www.musinsa.com/products/4904591
2026-08-27,본투윈,4909263,BRN RUNNING COMPRESSION SOCKS [NEON],0.0,0,9000,9000,,0,,,44.65,0,low,20.7,2,1,15,https://www.musinsa.com/products/4909263
2026-08-27,커버낫,4913935,C 로고 옥스포드 스트라이프 하프 셔츠 Blue,0.0,0,35550,35550,,0,,,39.76,0,low,21.07,2,1,15,https://www.musinsa.com/products/4913935
2026-08-27,제멋,4926927,루나 레글런 벌룬 후드집업 그레이 KJHD2613,0.0,0,49800,49800,,0,,,41.52,0,low,19.61,2,1,15,https://www.musinsa.com/products/4926927
2026-08-27,칙스,4932431,스탠다드 골지 홀터넥 화이트,0.0,0,15920,15920,,0,,,41.52,0,low,19.61,2,1,15,https://www.musinsa.com/products/4932431
2026-08-27,더뮤지엄비지터,4938511,DOT RAGLAN ZIPUP HOODIE (LIGHT GREY),0.0,0,64800,64800,,0,,,44.65,0,low,20.7,2,1,15,https://www.musinsa.com/products/4938511
2026-08-27,헬레네파리스,4940303,노 아이씨 프린트 하프 티셔츠 [블랙],0.0,0,27440,27440,,0,,,41.52,0,low,19.61,2,1,15,https://www.musinsa.com/products/4940303
2026-08-27,에이치덱스,4941839,우먼스 서포트 홀터넥 브라탑 (White),0.0,0,48900,48900,,0,,,27.59,0,low,20.2,2,1,15,https://www.musinsa.com/products/4941839
2026-08-27,아웃스탠딩,4947087,MIGHTY TIGER TEE(FLYING FORCE)_NAVY,0.52,17393,33600,33600,,0,,,44.64,0,low,20.7,2,1,15,https://www.musinsa.com/products/4947087
2026-08-27,에이치덱스,4958351,컬러 블럭 85 캠프캡 (White),0.0,0,38000,38000,,0,,,27.58,0,low,20.2,2,1,15,https://www.musinsa.com/products/4958351
2026-08-27,제너럴아이디어,4964495,UNISEX 데일리 코튼 반팔티 [WHITE] / SBE2U01007,0.0,0,16150,16150,,0,,,44.64,0,low,20.7,2,1,15,https://www.musinsa.com/products/4964495
2026-08-27,필루미네이트,4969807,올 데이 린넨 라이크 밴딩 팬츠-5Color,7.98,287214,36000,36000,,0,,,37.72,0,low,21.56,2,1,15,https://www.musinsa.com/products/4969807
2026-08-27,커버낫,4974223,우븐 유틸리티 티셔츠 Sage Gray,0.0,0,41400,41400,,0,,,39.74,0,low,21.07,2,1,15,https://www.musinsa.com/products/4974223
2026-08-27,커버낫,4974287,두들 로고 그래픽 티셔츠 White,0.0,0,34300,34300,,0,,,39.74,0,low,21.07,2,1,15,https://www.musinsa.com/products/4974287
2026-08-27,언더오프,4976591,오버핏 크루넥 빈티지 스플래터 티셔츠 화이트,-0.45,-9458,20900,20900,,0,,,39.73,0,low,21.07,2,1,15,https://www.musinsa.com/products/4976591
2026-08-27,낫포너드,4979919,W Ashen Dawn Thorn Logo Mini Dress - Ivory,0.0,0,44100,44100,,0,,,27.57,0,low,20.2,2,1,15,https://www.musinsa.com/products/4979919
2026-08-27,낫포너드,4980047,W Cut Off Incision Vintage Denim Pants - Black,0.0,0,75500,75500,,0,,,27.57,0,low,20.2,2,1,15,https://www.musinsa.com/products/4980047
2026-08-27,더바이닐하우스,4980943,BLUR STAR TEE BLACK,0.0,0,40600,40600,,0,,,39.73,0,low,21.07,2,1,15,https://www.musinsa.com/products/4980943
2026-08-27,아틀리에 나인,4983247,OFF-SHOULDER STRING BLOUSE(BL-4253),0.0,0,57000,57000,,0,,,32.46,0,low,20.84,2,1,15,https://www.musinsa.com/products/4983247
2026-08-27,언탭트 스튜디오,4983439,코튼 피케 슬릿넥 카라 반팔 폴로 티셔츠 3Color,0.0,0,19960,19960,,0,,,37.72,0,low,21.56,2,1,15,https://www.musinsa.com/products/4983439
2026-08-27,언탭트 스튜디오,4993039,[2PACK]오버핏 트랙 반팔 배색 티셔츠 3Color,0.0,0,34890,34890,,0,,,37.71,0,low,21.56,2,1,15,https://www.musinsa.com/products/4993039
2026-08-27,더니트컴퍼니,4993423,오레아 폴로 니트 10color,0.98,63382,64500,64500,,0,,,27.57,0,low,20.2,2,1,15,https://www.musinsa.com/products/4993423
2026-08-27,굿라이프웍스,4999823,링클 플리츠 셔츠 베이지,0.0,0,34300,34300,,0,,,32.46,0,low,20.84,2,1,15,https://www.musinsa.com/products/4999823
2026-08-27,테이크이지,5001039,워이즈헬 헤링본 볼캡 (블랙),0.0,0,14900,14900,,0,,,39.72,0,low,21.07,2,1,15,https://www.musinsa.com/products/5001039
2026-08-27,에스피오나지,5007567,Double Pleats Chino Shorts Grey Olive,0.0,0,46000,46000,,0,,,41.5,0,low,19.61,2,1,15,https://www.musinsa.com/products/5007567
2026-08-27,트래블,5007951,져지 사이드 스냅 카모 쇼츠 라이트 그레이,0.0,0,28000,28000,,0,,,43.48,0,low,21.5,2,1,15,https://www.musinsa.com/products/5007951
2026-08-27,스컬프터,5008399,Eyelet Knit Bustier Black,0.0,0,41600,41600,,0,,,44.63,0,low,20.7,2,1,15,https://www.musinsa.com/products/5008399
2026-08-27,트래블,5012751,스텔라 반팔 후드 집업 라이트 그레이,0.0,0,32500,32500,,0,,,43.48,0,low,21.5,2,1,15,https://www.musinsa.com/products/5012751
2026-08-27,트리밍버드,5018383,Oversized Poncho Short Sleeve Shirt [ Indigo ],0.0,0,189000,189000,,0,,,41.5,0,low,19.61,2,1,15,https://www.musinsa.com/products/5018383
2026-08-27,쿠어,5022415,오픈 카라 라이트 코튼 폴로 니트 (로얄블루),0.0,0,88200,88200,,0,,,32.45,0,low,20.84,2,1,15,https://www.musinsa.com/products/5022415
2026-08-27,세터,5029327,(W) 에센셜 베이직 로고 반팔 티셔츠 민트,0.0,0,59000,59000,,0,,,32.45,0,low,20.84,2,1,15,https://www.musinsa.com/products/5029327
2026-08-27,시야쥬,5029583,SIAC3071 Lotus Bag_Beige,0.0,0,62300,62300,,0,,,39.71,0,low,21.07,2,1,15,https://www.musinsa.com/products/5029583
2026-08-27,도프제이슨,5029647,브리즈 시어서커 체크 셔츠 RED,0.0,0,36800,36800,,0,,,37.7,0,low,21.56,2,1,15,https://www.musinsa.com/products/5029647
2026-08-27,드로우핏 우먼,5029775,더블 핀턱 링거 티셔츠 [WHITE],0.0,0,37800,37800,,0,,,43.48,0,low,21.5,2,1,15,https://www.musinsa.com/products/5029775
2026-08-27,웬즈데이오아시스,5030415,프렌치 투 포켓 린넨 셔츠_LIGHT KHAKI(WC25-SH03),0.0,0,48300,48300,,0,,,43.48,0,low,21.5,2,1,15,https://www.musinsa.com/products/5030415
2026-08-27,시야쥬,5031183,SIPT7156 세미 부츠 밴딩 플리츠 팬츠_Black,0.0,0,58100,58100,,0,,,39.71,0,low,21.07,2,1,15,https://www.musinsa.com/products/5031183
2026-08-27,시야쥬,5031823,SIKN2142 마린 실키 슬리브리스 니트_Black,0.0,0,50400,50400,,0,,,39.7,0,low,21.07,2,1,15,https://www.musinsa.com/products/5031823
2026-08-27,아틀리에 나인,5036943,CLASSIC BELT SET PANTS S (PT-5680),0.0,0,71100,71100,,0,,,32.44,0,low,20.84,2,1,15,https://www.musinsa.com/products/5036943
2026-08-27,유니폼브릿지,5038671,round collar chambray s/s shirt(womens) light blue,0.0,0,51600,51600,,0,,,44.61,0,low,20.7,2,1,15,https://www.musinsa.com/products/5038671
2026-08-27,유니폼브릿지,5038735,basic summer crew neck s/s knit(womens) brick,0.0,0,26710,26710,,0,,,44.61,0,low,20.7,2,1,15,https://www.musinsa.com/products/5038735
2026-08-27,브라운야드,5042191,"하프 셔츠, 라이트 베이지",0.0,0,96600,96600,,0,,,37.69,0,low,21.56,2,1,15,https://www.musinsa.com/products/5042191
2026-08-27,러브이즈트루,5042767,SM RIBBON CHOCKER(BLACK),0.0,0,28770,28770,,0,,,37.69,0,low,21.56,2,1,15,https://www.musinsa.com/products/5042767
2026-08-27,제멋,5046223,스킬 워시드 버뮤다 팬츠 블랙 NSSP2623,0.0,0,42900,42900,,0,,,41.5,0,low,19.61,2,1,15,https://www.musinsa.com/products/5046223
2026-08-27,썬러브투어,5047951,Sparkle Sweatshorts Purple,0.0,0,34880,34880,,0,,,43.47,0,low,21.5,2,1,15,https://www.musinsa.com/products/5047951
2026-08-27,벨리에,5056783,스트릿 라이트 벨트 - 블랙,0.0,0,119700,119700,,0,,,32.43,0,low,20.84,2,1,15,https://www.musinsa.com/products/5056783
2026-08-27,무센트,5057935,루엔 시그니처 슬림 후드 슬리브리스 나시 (4컬러),0.0,0,34320,34320,,0,,,39.69,0,low,21.07,2,1,15,https://www.musinsa.com/products/5057935
2026-08-27,유라고,5059343,Basic ribbed sleeveless,0.0,0,22040,22040,,0,,,32.43,0,low,20.84,2,1,15,https://www.musinsa.com/products/5059343
2026-08-27,디미트리블랙,5063759,VLAD 컷오프 아플리케 버뮤다 스웻 팬츠_피그먼트 차콜,0.0,0,34900,34900,,0,,,39.69,0,low,21.07,2,1,15,https://www.musinsa.com/products/5063759
2026-08-27,데꼬로소,5064655,썸머 쿨 터치 라운드 반팔 니트 [블랙],0.0,0,43600,43600,,0,,,37.68,0,low,21.56,2,1,15,https://www.musinsa.com/products/5064655
2026-08-27,본투윈,5070863,W BRNTW MICRO SHORTS [NAVY],0.0,0,37800,37800,,0,,,44.61,0,low,20.7,2,1,15,https://www.musinsa.com/products/5070863
2026-08-27,아틀리에 나인,5071375,BLOOMING SHIRRING LONG DRESS(OP-6276),0.0,0,134100,134100,,0,,,32.43,0,low,20.84,2,1,15,https://www.musinsa.com/products/5071375
2026-08-27,세터,5081295,본 보야지 라피아 숄더 백 크림,0.0,0,159000,159000,,0,,,32.42,0,low,20.84,2,1,15,https://www.musinsa.com/products/5081295
2026-08-27,커버낫,5081935,(W) C로고 크롭 티셔츠 Black,0.0,0,27300,27300,,0,,,39.68,0,low,21.07,2,1,15,https://www.musinsa.com/products/5081935
2026-08-27,아웃스탠딩,5085967,4PK CUBAN COLLAR HALF SHIRT_OFF WHITE,0.0,0,41000,41000,,0,,,44.6,0,low,20.7,2,1,15,https://www.musinsa.com/products/5085967
2026-08-27,바우로 프로덕트,5086351,리브드 릴랙스드 슬리브리스 [브라운],0.0,0,26800,26800,,0,,,27.53,0,low,20.2,2,1,15,https://www.musinsa.com/products/5086351
2026-08-27,도프제이슨,5094031,[도프제이슨 X 아이언메이든] 월드투어 티셔츠 BLACK,0.0,0,29500,29500,,0,,,37.66,0,low,21.56,2,1,15,https://www.musinsa.com/products/5094031
2026-08-27,아틀리에 나인,5102031,ESSENTIAL ROGER STRIPE PANTS S(PT-5662),0.0,0,116100,116100,,0,,,32.42,0,low,20.84,2,1,15,https://www.musinsa.com/products/5102031
2026-08-27,인템포무드,5107471,하프 위트 버튼 스트라이프 니트_그레이,0.0,0,42300,42300,,0,,,39.67,0,low,21.07,2,1,15,https://www.musinsa.com/products/5107471
2026-08-27,후드후드,5115279,에일리언 그래픽 반팔티셔츠 블랙,0.0,0,30420,30420,,0,,,27.52,0,low,20.2,2,1,15,https://www.musinsa.com/products/5115279
2026-08-27,아틀리에 나인,5117327,LEATHER SEE THROUGH SLINGBACK SANDAL(SH-3459),0.0,0,107100,107100,,0,,,32.42,0,low,20.84,2,1,15,https://www.musinsa.com/products/5117327
2026-08-27,프리즘웍스,5120591,THUNDER SAUNA LOGO TEE _ GRAY,0.0,0,25200,25200,,0,,,41.47,0,low,19.61,2,1,15,https://www.musinsa.com/products/5120591
2026-08-27,트립르센스,5120783,로고 플레이트 모달코튼 슬리브리스_블랙,0.0,0,29600,29600,,0,,,37.64,0,low,21.56,2,1,15,https://www.musinsa.com/products/5120783
2026-08-27,솔트앤초콜릿,5131023,골지 헨리넥 긴팔 티셔츠 핑크 4W2511001,0.0,0,38350,38350,,0,,,44.59,0,low,20.7,2,1,15,https://www.musinsa.com/products/5131023
2026-08-27,미나브,5135439,아벨로 안경 [반투명],0.0,0,29000,29000,,0,,,43.45,0,low,21.5,2,1,15,https://www.musinsa.com/products/5135439
2026-08-27,더블유엠씨,5137167,나바호 5 패널캡_NAVY,0.0,0,21600,21600,,0,,,37.64,0,low,21.56,2,1,15,https://www.musinsa.com/products/5137167
2026-08-27,프렌다,5138959,PRENDA STRIPE KNIT SHORTS PINK,0.0,0,29500,29500,,0,,,43.45,0,low,21.5,2,1,15,https://www.musinsa.com/products/5138959
2026-08-27,아틀리에 나인,5146511,CONNIE RIBBED KNIT SWIM WRAP DRESS(SW-828),0.0,0,125100,125100,,0,,,32.4,0,low,20.84,2,1,15,https://www.musinsa.com/products/5146511
2026-08-27,유라고,5157647,Stripe sleeveless long dress,-0.37,-42526,114000,114000,,0,,,32.4,0,low,20.84,2,1,15,https://www.musinsa.com/products/5157647
2026-08-27,아캄,5167439,Vintage Washed Slit Sleeveless (Dark Blue),0.0,0,52500,52500,,0,,,32.39,0,low,20.84,2,1,15,https://www.musinsa.com/products/5167439
2026-08-27,노이어,5167503,코튼 피그먼트 포켓 티셔츠 (블루),0.51,19126,37700,37700,,0,,,41.45,0,low,19.61,2,1,15,https://www.musinsa.com/products/5167503
2026-08-27,르아르,5170639,에센셜 크롭 티셔츠 [헤더 그레이],2.98,73096,24500,24500,,0,,,32.39,0,low,20.84,2,1,15,https://www.musinsa.com/products/5170639
2026-08-27,피인오,5171983,코튼 크롭 반팔 티셔츠- 머슬핏,4.19,114604,27360,27360,,0,,,37.63,0,low,21.56,2,1,15,https://www.musinsa.com/products/5171983
2026-08-27,로제프란츠,5176975,Satin Slim Sleeveless [Beige],0.0,0,35520,35520,,0,,,27.51,0,low,20.2,2,1,15,https://www.musinsa.com/products/5176975
2026-08-27,트래블,5177999,[2-PACK] 시그니처 그래픽 반팔티,0.0,0,51600,51600,,0,,,43.44,0,low,21.5,2,1,15,https://www.musinsa.com/products/5177999
2026-08-27,커버낫,5183887,웨빙 벨트 올리브,0.0,0,27300,27300,,0,,,39.66,0,low,21.07,2,1,15,https://www.musinsa.com/products/5183887
2026-08-27,무드인사이드,5186831,라이트 코튼 원턱 버뮤다 팬츠_Khaki,0.0,0,49900,49900,,0,,,43.44,0,low,21.5,2,1,15,https://www.musinsa.com/products/5186831
2026-08-27,무센트,5193103,가린 레이스 슬림핏 슬리브리스 나시 (3컬러),0.0,0,27810,27810,,0,,,39.65,0,low,21.07,2,1,15,https://www.musinsa.com/products/5193103
2026-08-27,솔트앤초콜릿,5196047,이즈 스트링 샌들 412524013 (4.7cm),0.0,0,65400,65400,,0,,,44.56,0,low,20.7,2,1,15,https://www.musinsa.com/products/5196047
2026-08-27,무센트,5204175,칸톤 72 셋업 트랙 슬리브리스 나시,0.0,0,33390,33390,,0,,,39.65,0,low,21.07,2,1,15,https://www.musinsa.com/products/5204175
2026-08-27,러프사이드,5209231,Fisherman Knit Black,0.0,0,158000,158000,,0,,,32.38,0,low,20.84,2,1,15,https://www.musinsa.com/products/5209231
2026-08-27,러프사이드,5209807,Grain Sweater Brick,0.0,0,228000,228000,,0,,,32.38,0,low,20.84,2,1,15,https://www.musinsa.com/products/5209807
2026-08-27,러프사이드,5209935,Insulation Hooded Parka Brown,0.0,0,398000,398000,,0,,,32.38,0,low,20.84,2,1,15,https://www.musinsa.com/products/5209935
2026-08-27,이지노이지,5213007,빈티지 USA 플래그 반팔 - 블랙,0.0,0,29900,29900,,0,,,32.37,0,low,20.84,2,1,15,https://www.musinsa.com/products/5213007
2026-08-27,르아르,5215759,머슬핏 헨리넥 반팔 니트 [블랙],7.83,195673,25000,25000,,0,,,32.37,0,low,20.84,2,1,15,https://www.musinsa.com/products/5215759
2026-08-27,썸웨어버터,5216143,Summer Butteree Over-fit Top - White Melange,0.0,0,44100,44100,,0,,,37.63,0,low,21.56,2,1,15,https://www.musinsa.com/products/5216143
2026-08-27,드로우핏,5223183,헤일 코튼 크롭 하프 스트라이프 티셔츠 [CHARCOAL],0.0,0,32400,32400,,0,,,27.5,0,low,20.2,2,1,15,https://www.musinsa.com/products/5223183
2026-08-27,비바라비다,5232975,Vibe 반팔 티셔츠,0.0,0,25900,25900,,0,,,44.56,0,low,20.7,2,1,15,https://www.musinsa.com/products/5232975
2026-08-27,로우로우,5243023,X 오징어 게임 2 스트링 백팩 PLAYER,0.0,0,64500,64500,,0,,,37.63,0,low,21.56,2,1,15,https://www.musinsa.com/products/5243023
2026-08-27,굿라이프웍스,5250383,비건레더 스웨이드 블루종 블랙,0.0,0,76300,76300,,0,,,32.36,0,low,20.84,2,1,15,https://www.musinsa.com/products/5250383
2026-08-27,무센트,5254031,디알 메탈 로고 백 라운드 사이드 스냅 후드 슬리브리스 나시,0.0,0,69750,69750,,0,,,39.65,0,low,21.07,2,1,15,https://www.musinsa.com/products/5254031
2026-08-27,코드그라피,5254287,(우먼) 와이드 데님 팬츠_워시드 블루,0.0,0,55300,55300,,0,,,27.49,0,low,20.2,2,1,15,https://www.musinsa.com/products/5254287
2026-08-27,더블유엠씨,5254415,포운 브로커 티셔츠_CHARCOAL GREY,0.0,0,22050,22050,,0,,,37.62,0,low,21.56,2,1,15,https://www.musinsa.com/products/5254415
2026-08-27,리메인세컨드,5254543,빈티지 피그먼트 2WAY 오버핏 후드 집업 [차콜],0.75,35619,47800,47800,,0,,,32.36,0,low,20.84,2,1,15,https://www.musinsa.com/products/5254543
2026-08-27,탄산마그네슘,5254991,이자반X탄산 링거 티셔츠 스카이 블루 (우먼),0.0,0,50160,50160,,0,,,32.36,0,low,20.84,2,1,15,https://www.musinsa.com/products/5254991
2026-08-27,에스피오나지,5267791,Expl. Vintage Mesh Cap Dark Green,0.0,0,43200,43200,,0,,,41.43,0,low,19.61,2,1,15,https://www.musinsa.com/products/5267791
2026-08-27,기철,5271247,Eclipse Reversible Knit (Black),0.0,0,62300,62300,,0,,,32.35,0,low,20.84,2,1,15,https://www.musinsa.com/products/5271247
2026-08-27,러브이즈트루,5284111,GT CROSS NECKLACE(SILVER),0.0,0,32520,32520,,0,,,37.62,0,low,21.56,2,1,15,https://www.musinsa.com/products/5284111
2026-08-27,마인드브릿지 우먼,5289487,[W]H라인 퍼티그 데님 스커트,0.0,0,54900,54900,,0,,,32.35,0,low,20.84,2,1,15,https://www.musinsa.com/products/5289487
2026-08-27,다이브인,5294607,UNIFORM U NECK LONG SLEEVE (BURGUNDY),0.0,0,37000,37000,,0,,,39.63,0,low,21.07,2,1,15,https://www.musinsa.com/products/5294607
2026-08-27,제너럴아이디어,5297487,울 시스루 레이어드 원피스 [MOCHA] / WBE3L15501,0.0,0,47200,47200,,0,,,44.54,0,low,20.7,2,1,15,https://www.musinsa.com/products/5297487
2026-08-27,제너럴아이디어,5299087,에센셜 크루넥 가디건 [CAMEL] / WBD3L04501,0.0,0,42400,42400,,0,,,44.54,0,low,20.7,2,1,15,https://www.musinsa.com/products/5299087
2026-08-27,디앤에스알,5299983,시그니처 플레어 데님 팬츠 딥블루,0.0,0,79200,79200,,0,,,32.34,0,low,20.84,2,1,15,https://www.musinsa.com/products/5299983
2026-08-27,에이지오디,5300623,빈티지 워시드 데미지 와이드 데님 팬츠 [샌드블루],0.48,17814,36750,36750,,0,,,43.43,0,low,21.5,2,1,15,https://www.musinsa.com/products/5300623
2026-08-27,프렌다,5303695,PRDA SPRAY BIG PATCH CHECK STAR LONG SLEEVE ANGEL FALLS,0.0,0,35400,35400,,0,,,43.43,0,low,21.51,2,1,15,https://www.musinsa.com/products/5303695
2026-08-27,인사일런스,5304719,워시드 코튼 카고 팬츠 BLACK,0.0,0,132800,132800,,0,,,39.62,0,low,21.07,2,1,15,https://www.musinsa.com/products/5304719
2026-08-27,플랙,5308303,빈티지 다잉 그래픽 티셔츠 차콜,0.0,0,56880,56880,,0,,,39.61,0,low,21.07,2,1,15,https://www.musinsa.com/products/5308303
2026-08-27,칙스,5309007,슬림핏 케이블 라운드 가디건 아이보리,0.0,0,25520,25520,,0,,,41.42,0,low,19.61,2,1,15,https://www.musinsa.com/products/5309007
2026-08-27,바우프,5309903,머쉬룸 레이어드 롱슬리브 [네이비],0.0,0,61200,61200,,0,,,27.47,0,low,20.2,2,1,15,https://www.musinsa.com/products/5309903
2026-08-27,바우프,5310287,머쉬룸 러버 캡 [베이지],0.0,0,44250,44250,,0,,,27.47,0,low,20.2,2,1,15,https://www.musinsa.com/products/5310287
2026-08-27,프리즘웍스,5310735,COVER STITCH SWEAT PANTS _ GRAY,0.0,0,46800,46800,,0,,,41.42,0,low,19.61,2,1,15,https://www.musinsa.com/products/5310735
2026-08-27,프리즘웍스,5310799,1920S CHAMBRAY WORK SHIRT _ WHITE,0.0,0,109000,109000,,0,,,41.42,0,low,19.61,2,1,15,https://www.musinsa.com/products/5310799
2026-08-27,카키포인트,5311375,Signature Knit Cardigan (black),1.94,184159,95000,95000,,0,,,43.42,0,low,21.5,2,1,15,https://www.musinsa.com/products/5311375
2026-08-27,브라운브레스,5312783,BROKEN TAG DIRTY HOOD ZIP UP - MELANGE GREY,0.0,0,129000,129000,,0,,,43.42,0,low,21.51,2,1,15,https://www.musinsa.com/products/5312783
2026-08-27,웬즈데이오아시스,5313039,어텀 패브릭 울 블렌드 니트_BLACK(WC25-KN59),0.0,0,49700,49700,,0,,,43.42,0,low,21.51,2,1,15,https://www.musinsa.com/products/5313039
2026-08-27,일꼬르소,5313871,슬랜트 포켓 스윙 블루종 블랙 IEJU5F101BK,0.0,0,167300,167300,,0,,,39.61,0,low,21.07,2,1,15,https://www.musinsa.com/products/5313871
2026-08-27,아캄,5316431,Triple AKM CROS2 Long Sleeve (White),0.0,0,76300,76300,,0,,,32.33,0,low,20.84,2,1,15,https://www.musinsa.com/products/5316431
2026-08-27,커버낫,5320591,화섬 카고 팬츠 Chocolate,0.0,0,77400,77400,,0,,,39.59,0,low,21.07,2,1,15,https://www.musinsa.com/products/5320591
2026-08-27,커버낫,5320719,퍼텍스 윈드브레이커 Black,0.0,0,116350,116350,,0,,,39.59,0,low,21.07,2,1,15,https://www.musinsa.com/products/5320719
2026-08-27,커버낫,5321231,C로고 하프집업 맨투맨 Heather Gray,0.0,0,56070,56070,,0,,,39.58,0,low,21.07,2,1,15,https://www.musinsa.com/products/5321231
2026-08-27,커버낫,5322063,헤어리 레글런 니트 Light Gray,0.0,0,65450,65450,,0,,,39.57,0,low,21.07,2,1,15,https://www.musinsa.com/products/5322063
2026-08-27,스컬프터,5322703,Karma Hooded Zip-Up Mustard Camo,0.0,0,132000,132000,,0,,,44.53,0,low,20.7,2,1,15,https://www.musinsa.com/products/5322703
2026-08-27,커버낫,5324943,시그니처 심볼 후디 Oatmeal,0.0,0,53400,53400,,0,,,39.57,0,low,21.07,2,1,15,https://www.musinsa.com/products/5324943
2026-08-27,키르시,5325391,키르시 멜로우 모달 러플 파자마 [라이트 핑크],0.0,0,55300,55300,,0,,,39.57,0,low,21.07,2,1,15,https://www.musinsa.com/products/5325391
2026-08-27,세터,5326671,(W) 마라디 데님 미디 스커트 인디고 블루,0.0,0,119000,119000,,0,,,32.33,0,low,20.84,2,1,15,https://www.musinsa.com/products/5326671
2026-08-27,효지,5328143,FW 맥카라 크롭 자켓_스웨이드 (카키 브라운),0.37,26012,69900,69900,,0,,,32.32,0,low,20.84,2,1,15,https://www.musinsa.com/products/5328143
2026-08-27,플리즈노팔로우,5332943,Lexi Hooked Shirring top (Mocha Grey),0.0,0,89000,89000,,0,,,44.52,0,low,20.7,2,1,15,https://www.musinsa.com/products/5332943
2026-08-27,필루미네이트,5333967,택티컬 더블 니 워크 팬츠-블랙,0.0,0,35900,35900,,0,,,37.6,0,low,21.56,2,1,15,https://www.musinsa.com/products/5333967
2026-08-27,슈퍼서브,5338831,세븐 데미지 헨리넥 후디 - 브라운,0.0,0,51210,51210,,0,,,27.44,0,low,20.2,2,1,15,https://www.musinsa.com/products/5338831
2026-08-27,시야쥬,5343247,SIKN2156 울 블렌드 루즈 브이넥 니트_Black,0.0,0,117000,117000,,0,,,39.55,0,low,21.07,2,1,15,https://www.musinsa.com/products/5343247
2026-08-27,시야쥬,5343439,SIKN2151 울 블렌드 코어 니트 베스트_Black,0.0,0,63000,63000,,0,,,39.55,0,low,21.07,2,1,15,https://www.musinsa.com/products/5343439
2026-08-27,쿠어,5349391,브러쉬드 스윙 탑 자켓 (워시드차콜),0.0,0,225000,225000,,0,,,32.31,0,low,20.84,2,1,15,https://www.musinsa.com/products/5349391
2026-08-27,쿠어,5350607,울 크롭 크루넥 스웨터 (블랙),0.0,0,117000,117000,,0,,,32.3,0,low,20.84,2,1,15,https://www.musinsa.com/products/5350607
2026-08-27,쿠어,5350671,트랜스페어런트 리버서블 후드 점퍼 (다크그레이),0.0,0,234000,234000,,0,,,32.3,0,low,20.84,2,1,15,https://www.musinsa.com/products/5350671
2026-08-27,모즈모즈,5351887,프렌드쉽 테리 기모 피그먼트 오버핏 맨투맨 챠콜,0.0,0,59900,59900,,0,,,32.3,0,low,20.84,2,1,15,https://www.musinsa.com/products/5351887
2026-08-27,모즈모즈,5352015,삼삼 테리 기모 피그먼트 오버핏 후드 챠콜,0.0,0,68800,68800,,0,,,32.3,0,low,20.84,2,1,15,https://www.musinsa.com/products/5352015
2026-08-27,제너럴아이디어,5358927,울 시스루 헨리넥 풀오버 [BLACK] / WBE3L05506,0.0,0,39200,39200,,0,,,44.51,0,low,20.7,2,1,15,https://www.musinsa.com/products/5358927
2026-08-27,제너럴아이디어,5359247,플레어 슬리브리스 롱 원피스 [BLACK] / WBE3L15504,0.0,0,92000,92000,,0,,,44.5,0,low,20.7,2,1,15,https://www.musinsa.com/products/5359247
2026-08-27,더바넷,5359887,Maro Pigment Pocket T-Shirt_Charcoal,0.0,0,72250,72250,,0,,,27.43,0,low,20.2,2,1,15,https://www.musinsa.com/products/5359887
2026-08-27,키르시,5360591,루즈핏 패치워크 풀오버 [멜란지 그레이],0.0,0,76300,76300,,0,,,39.54,0,low,21.08,2,1,15,https://www.musinsa.com/products/5360591
2026-08-27,아틀리에 나인,5361231,ESSENTIAL COTTON STRIPE RELAXED SHIRT(BL-4367),0.0,0,95160,95160,,0,,,32.29,0,low,20.84,2,1,15,https://www.musinsa.com/products/5361231
2026-08-27,세컨모놀로그,5365455,W. 울믹스드 릴렉스핏 버튼 슬릿 터틀넥 롱슬리브 [OATMEAL]_SEWKT009OATMEAL,0.0,0,57000,57000,,0,,,39.53,0,low,21.08,2,1,15,https://www.musinsa.com/products/5365455
2026-08-27,쿠어,5365519,릴렉스 핏 틴트 진스 (라이트블루),0.0,0,144000,144000,,0,,,32.29,0,low,20.84,2,1,15,https://www.musinsa.com/products/5365519
2026-08-27,낫포너드,5365647,Night Mist Mohair Knit - Black,0.0,0,79800,79800,,0,,,27.42,0,low,20.2,2,1,15,https://www.musinsa.com/products/5365647
2026-08-27,본투윈,5368463,CHROME B MAXI WIDE PANTS [MELANGE GREY],0.0,0,101080,101080,,0,,,44.5,0,low,20.7,2,1,15,https://www.musinsa.com/products/5368463
2026-08-27,필루미네이트,5374671,심볼 자가드 라운드 니트-스카이블루,0.0,0,56000,56000,,0,,,37.57,0,low,21.57,2,1,15,https://www.musinsa.com/products/5374671
2026-08-27,미세키서울 맨,5375311,Basic layered long sleeves BLACK,0.0,0,58140,58140,,0,,,32.28,0,low,20.84,2,1,15,https://www.musinsa.com/products/5375311
2026-08-27,미세키서울 맨,5375375,Pocket button panel shirt WHITE,0.0,0,105170,105170,,0,,,32.28,0,low,20.84,2,1,15,https://www.musinsa.com/products/5375375
2026-08-27,르바,5376335,Relaxed Fit Denim - Cocoa Brown,0.0,0,98380,98380,,0,,,27.42,0,low,20.2,2,1,15,https://www.musinsa.com/products/5376335
2026-08-27,프리즘웍스,5381327,POCKET LOOP SHIRT _ CHARCOAL,0.0,0,76300,76300,,0,,,41.4,0,low,19.61,2,1,15,https://www.musinsa.com/products/5381327
2026-08-27,드로우핏 우먼,5382415,코튼 트위드 아워글래스 자켓 [BLACK],0.0,0,156600,156600,,0,,,43.4,0,low,21.51,2,1,15,https://www.musinsa.com/products/5382415
2026-08-27,드로우핏 우먼,5382543,패치 포켓 세미 와이드 데님 팬츠 [BLUE],0.0,0,66600,66600,,0,,,43.4,0,low,21.5,2,1,15,https://www.musinsa.com/products/5382543
2026-08-27,드로우핏,5384975,헤이든 헨리넥 롱슬리브 티셔츠 [CHARCOAL],0.0,0,29750,29750,,0,,,27.41,0,low,20.2,2,1,15,https://www.musinsa.com/products/5384975
2026-08-27,언더오프,5385103,어센틱 릴렉스드 캘리 맨투맨 스웨트 네이비,0.0,0,23120,23120,,0,,,39.52,0,low,21.08,2,1,15,https://www.musinsa.com/products/5385103
2026-08-27,칙스,5386319,컨피던스 브이넥 롱 슬리브 화이트,0.0,0,27120,27120,,0,,,41.4,0,low,19.61,2,1,15,https://www.musinsa.com/products/5386319
2026-08-27,토피,5387151,브러쉬드 스트라이프 라운드 가디건 (GREY),0.0,0,55300,55300,,0,,,44.49,0,low,20.7,2,1,15,https://www.musinsa.com/products/5387151
2026-08-27,비바라비다,5387919,Blast 나일론 바람막이,0.52,25740,49900,49900,,0,,,44.49,0,low,20.7,2,1,15,https://www.musinsa.com/products/5387919
2026-08-27,브라운브레스,5389071,CORDUROY CAMP CAP - IVORY,0.0,0,39200,39200,,0,,,43.4,0,low,21.51,2,1,15,https://www.musinsa.com/products/5389071
2026-08-27,로우로우,5391055,스트링 백팩 나노 769 Dot [2color],1.25,84197,67140,67140,,0,,,37.57,0,low,21.57,2,1,15,https://www.musinsa.com/products/5391055
2026-08-27,락케이크,5398095,Script Lettering Dots Skirt - White,0.0,0,76000,76000,,0,,,43.39,0,low,21.51,2,1,15,https://www.musinsa.com/products/5398095
2026-08-27,카네이테이,5404943,THE STARS AND STRIPES CREWNECK (BLACK),0.0,0,63200,63200,,0,,,44.48,0,low,20.7,2,1,15,https://www.musinsa.com/products/5404943
2026-08-27,시야쥬,5405519,SITP5236 코커 스패니얼 프린팅 반팔티_Melange gray,0.0,0,30100,30100,,0,,,39.5,0,low,21.08,2,1,15,https://www.musinsa.com/products/5405519
2026-08-27,후드후드,5407055,클로버 로고 패치워크 후드 블랙,0.0,0,52070,52070,,0,,,27.39,0,low,20.2,2,1,15,https://www.musinsa.com/products/5407055
2026-08-27,다이브인,5411983,LOOSED TWISTED DENIM PANTS (BLACK),0.0,0,109000,109000,,0,,,39.49,0,low,21.08,2,1,15,https://www.musinsa.com/products/5411983
2026-08-27,탄산마그네슘,5413135,혼 아플리케 후드집업 (스카이블루),0.0,0,112480,112480,,0,,,32.26,0,low,20.84,2,1,15,https://www.musinsa.com/products/5413135
2026-08-27,솔트앤초콜릿,5419023,세리 리본 슬링백 412532002 (5cm),0.0,0,66750,66750,,0,,,44.47,0,low,20.7,2,1,15,https://www.musinsa.com/products/5419023
2026-08-27,제멋,5424591,데이컷 크롭 오버핏 맨투맨 브라운 KJMT2648,0.0,0,23900,23900,,0,,,41.38,0,low,19.61,2,1,15,https://www.musinsa.com/products/5424591
2026-08-27,니티드,5428623,(W) 스트라이프 럭비 카라 니트 SKY BLUE,0.0,0,59200,59200,,0,,,27.39,0,low,20.2,2,1,15,https://www.musinsa.com/products/5428623
2026-08-27,제너럴아이디어,5429199,빈티지 워싱 페이크 레더 블루종 [BRICK] / WBE3L09514,0.0,0,114400,114400,,0,,,44.47,0,low,20.7,2,1,15,https://www.musinsa.com/products/5429199
2026-08-27,칙스,5432079,버클 원숄더 맨투맨 블랙,0.0,0,35920,35920,,0,,,41.37,0,low,19.61,2,1,15,https://www.musinsa.com/products/5432079
2026-08-27,칙스,5440911,플래그 어펙션 페미닌 원숄더 롱슬리브 블랙,0.0,0,20720,20720,,0,,,41.36,0,low,19.61,2,1,15,https://www.musinsa.com/products/5440911
2026-08-27,어반드레스,5442063,Pigment Back Hole Long Sleeve_4Colors,0.0,0,43500,43500,,0,,,41.36,0,low,19.61,2,1,15,https://www.musinsa.com/products/5442063
2026-08-27,시눈,5443727,Wool-Blend Pleated Knit Dress (Grey),0.0,0,83220,83220,,0,,,32.24,0,low,20.84,2,1,15,https://www.musinsa.com/products/5443727
2026-08-27,시눈,5443791,Rose Garden Pullover Knit (Melange Grey),0.0,0,158600,158600,,0,,,32.24,0,low,20.84,2,1,15,https://www.musinsa.com/products/5443791
2026-08-27,제너럴아이디어,5449103,체크 셔츠 레이어드 가디건 [BLACK] / GF7LKC530,0.0,0,48960,48960,,0,,,44.46,0,low,20.7,2,1,15,https://www.musinsa.com/products/5449103
2026-08-27,프리즘웍스,5451087,FLANNEL CHECK WORK SHIRT _ EMERALD PINK,0.0,0,76300,76300,,0,,,41.36,0,low,19.61,2,1,15,https://www.musinsa.com/products/5451087
2026-08-27,락피쉬웨더웨어,5451855,FLUFFY EARMUFF - 6 colors,0.0,0,33000,33000,,0,,,27.39,0,low,20.2,2,1,15,https://www.musinsa.com/products/5451855
2026-08-27,와이케이,5466959,마이멜로디 리본 레이어드 롱슬리브 티셔츠 네이비,0.0,0,50150,50150,,0,,,37.54,0,low,21.57,2,1,15,https://www.musinsa.com/products/5466959
2026-08-27,2000아카이브스,5470479,MOCK NECK CONTOUR TANK (CHARCOAL),0.0,0,35280,35280,,0,,,44.45,0,low,20.7,2,1,15,https://www.musinsa.com/products/5470479
2026-08-27,2000아카이브스,5471567,SQ NECK CONTOUR T (WHITE),0.0,0,42840,42840,,0,,,44.45,0,low,20.7,2,1,15,https://www.musinsa.com/products/5471567
2026-08-27,아캄,5476879,Basic Logo Camouflage Zip-Up Hoodie (Black),0.0,0,122400,122400,,0,,,32.23,0,low,20.84,2,1,15,https://www.musinsa.com/products/5476879
2026-08-27,커버낫,5480463,울 후드 더플코트 Dark Navy,0.0,0,279200,279200,,0,,,39.47,0,low,21.08,2,1,15,https://www.musinsa.com/products/5480463
2026-08-27,일꼬르소,5480975,TAKE IT EASY 코듀로이 볼캡 다크 브라운 IEHE5F001W3,0.0,0,27300,27300,,0,,,39.47,0,low,21.08,2,1,15,https://www.musinsa.com/products/5480975
2026-08-27,바이모노,5485199,[빅사이즈 M-6XL] 쏙쏙숨티 깔끔댄디 자동넣입 카라니트 반팔티,0.0,0,32900,32900,,0,,,39.47,0,low,21.08,2,1,15,https://www.musinsa.com/products/5485199
2026-08-27,썸웨어버터,5488015,Boucle Long Sleeve Knit - Ivory,0.0,0,98100,98100,,0,,,37.53,0,low,21.57,2,1,15,https://www.musinsa.com/products/5488015
2026-08-27,썸웨어버터,5488143,Post Bag - 3Color,0.0,0,100080,100080,,0,,,37.53,0,low,21.57,2,1,15,https://www.musinsa.com/products/5488143
2026-08-27,세터,5489359,로렌 클래식 로고 니트 차콜,0.0,0,129000,129000,,0,,,32.22,0,low,20.84,2,1,15,https://www.musinsa.com/products/5489359
2026-08-27,브라운브레스,5505551,SPRAWL PATTERN BEANIE - IVORY,0.0,0,26100,26100,,0,,,43.37,0,low,21.51,2,1,15,https://www.musinsa.com/products/5505551
2026-08-27,커버낫,5506447,세미와이드 스몰 로고 기모 스웻 팬츠 Black,0.0,0,64080,64080,,0,,,39.46,0,low,21.08,2,1,15,https://www.musinsa.com/products/5506447
2026-08-27,썬러브투어,5518223,Flannel Explorer Daypack Green,0.0,0,61920,61920,,0,,,43.37,0,low,21.51,2,1,15,https://www.musinsa.com/products/5518223
2026-08-27,몽돌,5531855,덕 다운 벨벳 패딩 베스트 블랙 MDJP019BLACK,0.0,0,163800,163800,,0,,,44.44,0,low,20.7,2,1,15,https://www.musinsa.com/products/5531855
2026-08-27,제멋,5535055,어센틱 아카이브 후드 그레이 KJHD2666,0.0,0,42900,42900,,0,,,41.35,0,low,19.61,2,1,15,https://www.musinsa.com/products/5535055
2026-08-27,배드블러드,5535631,바이퍼91 하이넥 자켓 - 블랙,0.0,0,217890,217890,,0,,,41.34,0,low,19.61,2,1,15,https://www.musinsa.com/products/5535631
2026-08-27,시눈,5536911,Lace Layered Dress (2 Color),0.0,0,80640,80640,,0,,,32.19,0,low,20.84,2,1,15,https://www.musinsa.com/products/5536911
2026-08-27,더바이닐하우스,5539535,CUT-OFF LINE SWEATSHIRTS DEEP GREY,0.0,0,68600,68600,,0,,,39.45,0,low,21.08,2,1,15,https://www.musinsa.com/products/5539535
2026-08-27,바이젝,5544335,TAC electroplated coating / prizm polarized sunglasses,0.0,0,34500,34500,,0,,,39.44,0,low,21.08,2,1,15,https://www.musinsa.com/products/5544335
2026-08-27,미세키서울 맨,5546575,Pebble loop earring SILVER,0.0,0,62990,62990,,0,,,32.19,0,low,20.84,2,1,15,https://www.musinsa.com/products/5546575
2026-08-27,키르시,5546639,체리 크롭 푸퍼 다운 베스트 [라이트 블루],0.0,0,119400,119400,,0,,,39.43,0,low,21.08,2,1,15,https://www.musinsa.com/products/5546639
2026-08-27,유니폼브릿지,5546703,comfort fatigue pants brown,0.0,0,59000,59000,,0,,,44.43,0,low,20.7,2,1,15,https://www.musinsa.com/products/5546703
2026-08-27,세터,5546895,토리노 코듀로이 카고 팬츠 블랙,0.0,0,159000,159000,,0,,,32.19,0,low,20.84,2,1,15,https://www.musinsa.com/products/5546895
2026-08-27,파르티멘토,5551503,[기모] 니트 조거 팬츠 브라운,0.0,0,51120,51120,,0,,,39.43,0,low,21.09,2,1,15,https://www.musinsa.com/products/5551503
2026-08-27,커버낫,5553423,커버라이트 패커블 후드 경량 다운 자켓 Black,0.0,0,115030,115030,,0,,,39.43,0,low,21.09,2,1,15,https://www.musinsa.com/products/5553423
2026-08-27,아틀리에 나인,5559567,SIDE NECK STRAP DETAIL KNIT(T-7142),0.0,0,68970,68970,,0,,,32.18,0,low,20.84,2,1,15,https://www.musinsa.com/products/5559567
2026-08-27,프리즘웍스,5563279,KARAKORAM DOWN PARKA 005 _ NAVY,0.0,0,289000,289000,,0,,,41.33,0,low,19.61,2,1,15,https://www.musinsa.com/products/5563279
2026-08-27,세터,5570831,(W) 니트 바라클라바 블랙,0.0,0,89000,89000,,0,,,32.18,0,low,20.84,2,1,15,https://www.musinsa.com/products/5570831
2026-08-27,세터,5570895,테오 덕 다운 패딩 크림,0.0,0,379000,379000,,0,,,32.17,0,low,20.84,2,1,15,https://www.musinsa.com/products/5570895
2026-08-27,카키포인트,5572495,Ruffle Layered Sleeveless (brown),0.48,26657,55100,55100,,0,,,43.35,0,low,21.51,2,1,15,https://www.musinsa.com/products/5572495
2026-08-27,와이케이,5576335,스터드 로고 벨트 브라운,0.0,0,78400,78400,,0,,,37.52,0,low,21.58,2,1,15,https://www.musinsa.com/products/5576335
2026-08-27,유니폼브릿지,5581327,collar rugby knit blue,0.0,0,79500,79500,,0,,,44.42,0,low,20.7,2,1,15,https://www.musinsa.com/products/5581327
2026-08-27,유니폼브릿지,5581391,wool drizzler jacket navy,0.0,0,119600,119600,,0,,,44.42,0,low,20.7,2,1,15,https://www.musinsa.com/products/5581391
2026-08-27,에이치덱스,5588431,에센셜 머슬핏 니트 (Charcoal),0.0,0,89000,89000,,0,,,27.35,0,low,20.2,2,1,15,https://www.musinsa.com/products/5588431
2026-08-27,에이치덱스,5588495,컬러 블럭 저지 롱 슬리브 (Black),0.32,25672,79000,79000,,0,,,27.35,0,low,20.2,2,1,15,https://www.musinsa.com/products/5588495
2026-08-27,웬즈데이오아시스,5593935,딥 코지 바라클라바_3color(WC25-KN83),0.0,0,38500,38500,,0,,,43.34,0,low,21.51,2,1,15,https://www.musinsa.com/products/5593935
2026-08-27,무드인사이드,5596303,오버핏 울 발마칸 코트_3Color,0.48,43482,89900,89900,,0,,,43.34,0,low,21.51,2,1,15,https://www.musinsa.com/products/5596303
2026-08-27,파르티멘토,5597327,레이어드 후드 레더 퀄티드 자켓 브라운,0.0,0,87300,87300,,0,,,39.42,0,low,21.09,2,1,15,https://www.musinsa.com/products/5597327
2026-08-27,몰든,5597647,더블 니트 크랙 후드티,0.0,0,67100,67100,,0,,,43.34,0,low,21.51,2,1,15,https://www.musinsa.com/products/5597647
2026-08-27,코드그라피,5597839,(우먼) 아가일 패턴 니트 가디건_라임 옐로우,0.0,0,83300,83300,,0,,,27.34,0,low,20.2,2,1,15,https://www.musinsa.com/products/5597839
2026-08-27,브랜디드,5620495,[SUPERIOR] ESSENTIAL SUPERFINE ROUND KNIT [MELANGE GRAY],0.0,0,106200,106200,,0,,,27.34,0,low,20.2,2,1,15,https://www.musinsa.com/products/5620495
2026-08-27,브랜디드,5620815,[SUPERIOR] ESSENTIAL SUPERFINE V-NECK KNIT [CHARCOAL],0.0,0,106200,106200,,0,,,27.33,0,low,20.2,2,1,15,https://www.musinsa.com/products/5620815
2026-08-27,브랜디드,5621007,SHIRRING HOOD BOMBER JACKET [VINTAGE KHAKI],0.0,0,215100,215100,,0,,,27.33,0,low,20.2,2,1,15,https://www.musinsa.com/products/5621007
2026-08-27,코드그라피,5623119,더플 패딩_블랙,0.0,0,118300,118300,,0,,,27.33,0,low,20.2,2,1,15,https://www.musinsa.com/products/5623119
2026-08-27,트리밍버드,5623247,Brushed Denim Pants [ Navy ],0.0,0,189000,189000,,0,,,41.31,0,low,19.61,2,1,15,https://www.musinsa.com/products/5623247
2026-08-27,드헤베,5625423,Side Button Long Sleeve [Charcoal],0.0,0,42840,42840,,0,,,27.33,0,low,20.2,2,1,15,https://www.musinsa.com/products/5625423
2026-08-27,낫포너드,5625743,Abyss Angel MA-1 Jacket - Black,0.0,0,151000,151000,,0,,,27.33,0,low,20.2,2,1,15,https://www.musinsa.com/products/5625743
2026-08-27,브랜디드,5625871,FAKE LEATHER SINGLE JACKET [BLACK],0.0,0,178200,178200,,0,,,27.33,0,low,20.2,2,1,15,https://www.musinsa.com/products/5625871
2026-08-27,파르티멘토,5626959,카모플라쥬 푸퍼 패딩 카키,0.0,0,117360,117360,,0,,,39.41,0,low,21.09,2,1,15,https://www.musinsa.com/products/5626959
2026-08-27,파르티멘토,5627919,울 니트 PA 비니 블랙,0.0,0,18900,18900,,0,,,39.41,0,low,21.09,2,1,15,https://www.musinsa.com/products/5627919
2026-08-27,시야쥬,5630927,SIAC3094 울 블렌드 코이 니트 장갑_Camel beige,0.0,0,37000,37000,,0,,,39.41,0,low,21.09,2,1,15,https://www.musinsa.com/products/5630927
2026-08-27,시야쥬,5630991,SIAC3093 라이트 울 머플러_Melange gray,0.0,0,69000,69000,,0,,,39.41,0,low,21.09,2,1,15,https://www.musinsa.com/products/5630991
2026-08-27,본투윈,5631247,STROKE B TRACK LINE HOODIE [BLACK],0.0,0,101080,101080,,0,,,44.4,0,low,20.7,2,1,15,https://www.musinsa.com/products/5631247
2026-08-27,드로우핏 우먼,5642255,커브드 코듀로이 원턱 슬랙스 [BROWN],0.0,0,69300,69300,,0,,,43.34,0,low,21.51,2,1,15,https://www.musinsa.com/products/5642255
2026-08-27,본투윈,5651727,W SILVER B GLOSSY CROP PUFFER DOWN [LEOPARD],0.0,0,279000,279000,,0,,,44.39,0,low,20.7,2,1,15,https://www.musinsa.com/products/5651727
2026-08-27,테이크이지,5652879,크롭 니트 후드집업 (멜란지그레이),0.0,0,34500,34500,,0,,,39.4,0,low,21.09,2,1,15,https://www.musinsa.com/products/5652879
2026-08-27,배드블러드,5662095,미스틱 와플 니트 복서 브리프 - 블랙 (유니섹스),0.0,0,34830,34830,,0,,,41.31,0,low,19.61,2,1,15,https://www.musinsa.com/products/5662095
2026-08-27,배드블러드,5662159,스타 라이온 모헤어 스웨터 - 블랙,0.0,0,100080,100080,,0,,,41.31,0,low,19.61,2,1,15,https://www.musinsa.com/products/5662159
2026-08-27,배드블러드,5662223,바이퍼21 시어링 무스탕 봄버 자켓 - 워시드브라운,0.0,0,213120,213120,,0,,,41.3,0,low,19.61,2,1,15,https://www.musinsa.com/products/5662223
2026-08-27,아캄,5685007,Knee Pin-Tuck Western Denim Pants (Black),0.0,0,117600,117600,,0,,,32.14,0,low,20.84,2,1,15,https://www.musinsa.com/products/5685007
2026-08-27,제너럴아이디어,5685519,울 베이직 니트 스카프 [5COL] / WBE4L96527,0.0,0,35200,35200,,0,,,44.38,0,low,20.7,2,1,15,https://www.musinsa.com/products/5685519
2026-08-27,오도어,5690511,Parel eyelet kint,0.0,0,129270,129270,,0,,,43.33,0,low,21.51,2,1,15,https://www.musinsa.com/products/5690511
2026-08-27,썸웨어버터,5694671,Penguin Wool Sweater - Cobalt Blue,0.0,0,143100,143100,,0,,,37.49,0,low,21.58,2,1,15,https://www.musinsa.com/products/5694671
2026-08-27,썸웨어버터,5694927,Jackie Cargo Washed Pants - Beige,0.0,0,116100,116100,,0,,,37.49,0,low,21.58,2,1,15,https://www.musinsa.com/products/5694927
2026-08-27,본투윈,5696207,AKT KEY RING [BLACK],0.0,0,35000,35000,,0,,,44.37,0,low,20.7,2,1,15,https://www.musinsa.com/products/5696207
2026-08-27,바이모노,5730191,[빅사이즈 XL-6XL] 모노 탄탄 아이비리그 오버핏 후드티,0.0,0,29900,29900,,0,,,39.38,0,low,21.09,2,1,15,https://www.musinsa.com/products/5730191
2026-08-27,바이모노,5730639,[빅사이즈 32-46] 모노 따스한 기모 조거팬츠,0.0,0,39900,39900,,0,,,39.38,0,low,21.09,2,1,15,https://www.musinsa.com/products/5730639
2026-08-27,제너럴아이디어,5742735,워시드 로우라이즈 카고 스커트 [TAUPE] / WBE4L13522,0.0,0,41600,41600,,0,,,44.36,0,low,20.7,2,1,15,https://www.musinsa.com/products/5742735
2026-08-27,무센트,5745615,노이드 메탈 로고 하트 패치 니트 후드 집업,0.0,0,58500,58500,,0,,,39.37,0,low,21.09,2,1,15,https://www.musinsa.com/products/5745615
2026-08-27,언타이틀 서울,5755919,스테리나잇 라이트 패딩 블루,0.0,0,119200,119200,,0,,,32.13,0,low,20.84,2,1,15,https://www.musinsa.com/products/5755919
2026-08-27,언타이틀 서울,5756111,스켈레톤 피그먼트 후드티 차콜,0.0,0,62400,62400,,0,,,32.13,0,low,20.84,2,1,15,https://www.musinsa.com/products/5756111
2026-08-27,시야쥬,5759119,SITP5238 울 블렌드 베이직 터틀넥 탑_Charcoal,0.0,0,57000,57000,,0,,,39.37,0,low,21.09,2,1,15,https://www.musinsa.com/products/5759119
2026-08-27,썸웨어버터,5762319,Corduroy Dave Short Pants - Navy,0.0,0,85680,85680,,0,,,37.48,0,low,21.58,2,1,15,https://www.musinsa.com/products/5762319
2026-08-27,더뮤지엄비지터,5767695,PATCH WORK MINI CROSS BAG (LIGHT GREY),0.0,0,38350,38350,,0,,,44.36,0,low,20.7,2,1,15,https://www.musinsa.com/products/5767695
2026-08-27,니티드,5771663,커브드 트레이닝 팬츠 NAVY,0.0,0,44800,44800,,0,,,27.31,0,low,20.2,2,1,15,https://www.musinsa.com/products/5771663
2026-08-27,낫포너드,5791247,Chasm Eye Brushed Beanie - Black,0.0,0,49000,49000,,0,,,27.3,0,low,20.2,2,1,15,https://www.musinsa.com/products/5791247
2026-08-27,유라고,5792207,Wool muffler set cardigan,0.0,0,130720,130720,,0,,,32.13,0,low,20.84,2,1,15,https://www.musinsa.com/products/5792207
2026-08-27,데꼬로소,5792911,[2PACK] 남녀공용 핑거 홀 울 니트 장갑 2종 세트 패키지,0.0,0,36400,36400,,0,,,37.47,0,low,21.58,2,1,15,https://www.musinsa.com/products/5792911
2026-08-27,썬러브투어,5794447,[AVATAR] Faded Hoodie Red,0.0,0,76000,76000,,0,,,43.32,0,low,21.51,2,1,15,https://www.musinsa.com/products/5794447
2026-08-27,유니온블루,5801231,STRUCTURED CROP CARDIGAN [MELANGE BROWN],0.0,0,124200,124200,,0,,,44.35,0,low,20.7,2,1,15,https://www.musinsa.com/products/5801231
2026-08-27,길라아카이브,5804239,SIDE CROSS LOGO SWEATPANTS_GREY,0.0,0,64080,64080,,0,,,37.47,0,low,21.58,2,1,15,https://www.musinsa.com/products/5804239
2026-08-27,일꼬르소,5817999,슬리버 롤업 반팔 셔츠 다크브라운 IESH5E404W3,0.0,0,69300,69300,,0,,,39.36,0,low,21.09,2,1,15,https://www.musinsa.com/products/5817999
2026-08-27,락케이크,5822159,RC Kuromi Jogger - Gray,0.0,0,48990,48990,,0,,,43.32,0,low,21.51,2,1,15,https://www.musinsa.com/products/5822159
2026-08-27,코드그라피,5839887,워크 봄버 자켓_카키,0.0,0,125300,125300,,0,,,27.3,0,low,20.2,2,1,15,https://www.musinsa.com/products/5839887
2026-08-27,코드그라피,5853647,선염 체크셔츠-그레이,0.0,0,29900,29900,,0,,,27.29,0,low,20.2,2,1,15,https://www.musinsa.com/products/5853647
2026-08-27,에이치덱스,5855311,라이트 서포트 레이어드 브라탑 (Indi Pink),0.0,0,49000,49000,,0,,,27.29,0,low,20.2,2,1,15,https://www.musinsa.com/products/5855311
2026-08-27,글로니,5859151,G CLASSIC KNIT CAMISOLE (WHITE),0.0,0,55080,55080,,0,,,41.28,0,low,19.61,2,1,15,https://www.musinsa.com/products/5859151
2026-08-27,글로니,5859215,G CLASSIC ESSENTIAL RIB ZIP-UP (NAVY),0.0,0,111780,111780,,0,,,41.28,0,low,19.61,2,1,15,https://www.musinsa.com/products/5859215
2026-08-27,비바라비다,5864207,[기모선택] Gleam 헤비테리 후드 네이비,0.0,0,59900,59900,,0,,,44.35,0,low,20.7,2,1,15,https://www.musinsa.com/products/5864207
2026-08-27,키르시,5869327,올오버 체리 삭스 [블루],0.0,0,14250,14250,,0,,,39.34,0,low,21.09,2,1,15,https://www.musinsa.com/products/5869327
2026-08-27,키르시,5869391,체리 그래픽 루즈핏 스웻팬츠 [멜란지 그레이],0.0,0,71200,71200,,0,,,39.34,0,low,21.09,2,1,15,https://www.musinsa.com/products/5869391
2026-08-27,제너럴아이디어,5880911,클래식 스트라이프 리벳 셔츠 [BLUE] / GF1LSH501,0.0,0,36800,36800,,0,,,44.34,0,low,20.7,2,1,15,https://www.musinsa.com/products/5880911
2026-08-27,제너럴아이디어,5880975,라운드 미니 토트백 [2COL] / WBE4L92525,0.0,0,62400,62400,,0,,,44.34,0,low,20.7,2,1,15,https://www.musinsa.com/products/5880975
2026-08-27,카네이테이,5884431,MINIMAL OVER FIT HOODIE ZIP-UP (WHITE MELANGE),0.0,0,79200,79200,,0,,,44.34,0,low,20.7,2,1,15,https://www.musinsa.com/products/5884431
2026-08-27,드로우핏 우먼,5885455,루어 스웨이드 미니 토트 백 [CREAM],0.0,0,59400,59400,,0,,,43.31,0,low,21.51,2,1,15,https://www.musinsa.com/products/5885455
2026-08-27,아웃스탠딩,5886479,MIL SERIES LONG SLEEVE(SOUVENIR)_CHARCOAL,0.0,0,52000,52000,,0,,,44.34,0,low,20.7,2,1,15,https://www.musinsa.com/products/5886479
2026-08-27,에이치덱스,5888207,소피 스퀘어넥 크롭 브라탑 (Melange Gray),0.0,0,45000,45000,,0,,,27.28,0,low,20.2,2,1,15,https://www.musinsa.com/products/5888207
2026-08-27,브라운브레스,5888335,TAG OG LONGSLEEVE - MELANGE GREY,0.48,26574,55000,55000,,0,,,43.3,0,low,21.51,2,1,15,https://www.musinsa.com/products/5888335
2026-08-27,탄산마그네슘,5896079,설라노X탄산 나그랑 혼 롱슬리브 (화이트),0.37,20787,56240,56240,,0,,,32.1,0,low,20.84,2,1,15,https://www.musinsa.com/products/5896079
2026-08-27,토피,5897231,유틸리티 와이드 파라슈트 팬츠 (WARM GREY),0.51,17423,33900,33900,,0,,,44.33,0,low,20.7,2,1,15,https://www.musinsa.com/products/5897231
2026-08-27,카네이테이,5897871,WIDE PANELED CURVED COTTON PANTS (BLACK),0.0,0,76000,76000,,0,,,44.33,0,low,20.7,2,1,15,https://www.musinsa.com/products/5897871
2026-08-27,테이크이지,5901903,원턱 배럴핏 코튼팬츠 (베이지),0.45,17852,39900,39900,,0,,,39.32,0,low,21.09,2,1,15,https://www.musinsa.com/products/5901903
2026-08-27,기철,5902735,Asym Vintage Cargo Pants (Washed Purple),0.74,59319,80250,80250,,0,,,32.1,0,low,20.84,2,1,15,https://www.musinsa.com/products/5902735
2026-08-27,키뮤어,5903183,슬림 웨스턴 아일렛 벨트_블랙,0.0,0,23400,23400,,0,,,41.27,0,low,19.61,2,1,15,https://www.musinsa.com/products/5903183
2026-08-27,무센트,5903567,[SET] 아비에 셋업 아플리케 흑청 자켓,0.0,0,99900,99900,,0,,,39.32,0,low,21.09,2,1,15,https://www.musinsa.com/products/5903567
2026-08-27,에이지오디,5909711,오블리크 후드 윈드 브레이커 [버건디],2.42,89848,37200,37200,,0,,,43.29,0,low,21.51,2,1,15,https://www.musinsa.com/products/5909711
2026-08-27,스컬프터,5909967,Brushed Denim Pants Light Blue,0.0,0,149400,149400,,0,,,44.32,0,low,20.7,2,1,15,https://www.musinsa.com/products/5909967
2026-08-27,던스트,5911247,FULL LENGTH SLIM JEANS_UDPA6A212_CLASSIC BLUE,0.0,0,69760,69760,,0,,,37.44,0,low,21.58,2,1,15,https://www.musinsa.com/products/5911247
2026-08-27,에이지오디,5911375,사이드 턱 커브드 스웨트 팬츠 [그레이],0.0,0,19200,19200,,0,,,43.28,0,low,21.51,2,1,15,https://www.musinsa.com/products/5911375
2026-08-27,키르시,5912975,플레인 스탠다드핏 데님 자켓 [라이트 블루],0.0,0,127200,127200,,0,,,39.32,0,low,21.09,2,1,15,https://www.musinsa.com/products/5912975
2026-08-27,키르시,5913039,리본 포켓 우븐 카고 팬츠 [라이트 베이지],0.0,0,111200,111200,,0,,,39.31,0,low,21.09,2,1,15,https://www.musinsa.com/products/5913039
2026-08-27,커버낫,5913871,플래그 그래픽 후디 멜란지 그레이,0.0,0,69300,69300,,0,,,39.31,0,low,21.09,2,1,15,https://www.musinsa.com/products/5913871
2026-08-27,어반디타입,5915663,빈티지 워시드 UBD 볼캡_블랙,0.0,0,31500,31500,,0,,,37.43,0,low,21.58,2,1,15,https://www.musinsa.com/products/5915663
2026-08-27,어반디타입,5916239,파리스 스트라이프 롱슬리브 폴로 티셔츠_다크 네이비,0.42,16236,39000,39000,,0,,,37.43,0,low,21.58,2,1,15,https://www.musinsa.com/products/5916239
2026-08-27,드로우핏,5922191,딜런 체크 시어서커 웨스턴 셔츠 [BLACK],0.0,0,49500,49500,,0,,,27.27,0,low,20.2,2,1,15,https://www.musinsa.com/products/5922191
2026-08-27,에이치덱스,5922575,올드 카모 토트백 (Camo),0.0,0,79000,79000,,0,,,27.26,0,low,20.2,2,1,15,https://www.musinsa.com/products/5922575
2026-08-27,배드블러드,5923151,Destroyed Raw-Edge Joggers - Dark Tan,0.0,0,144990,144990,,0,,,41.26,0,low,19.61,2,1,15,https://www.musinsa.com/products/5923151
2026-08-27,배드블러드,5923215,다크 클래식 라인스톤 조거 - 블랙,0.5,73202,144990,144990,,0,,,41.26,0,low,19.61,2,1,15,https://www.musinsa.com/products/5923215
2026-08-27,유니폼브릿지,5923855,open collar check shirt pink,0.0,0,79500,79500,,0,,,44.31,0,low,20.7,2,1,15,https://www.musinsa.com/products/5923855
2026-08-27,코드그라피,5924303,(우먼) 스트라이프 브이넥 니트-스카이 블루,0.0,0,69300,69300,,0,,,27.26,0,low,20.2,2,1,15,https://www.musinsa.com/products/5924303
2026-08-27,와이케이,5924751,Y 로고 아플리케 캡 아이보리,0.0,0,41300,41300,,0,,,37.43,0,low,21.58,2,1,15,https://www.musinsa.com/products/5924751
2026-08-27,헬레네파리스,5925391,워시드 로고 니들 파라슈트 밴딩 팬츠 [브라운],0.0,0,44800,44800,,0,,,41.26,0,low,19.61,2,1,15,https://www.musinsa.com/products/5925391
2026-08-27,에이치덱스,5926095,클리어 916 와플 쇼츠 (Melange Gray),0.0,0,49000,49000,,0,,,27.25,0,low,20.2,2,1,15,https://www.musinsa.com/products/5926095
2026-08-27,로제프란츠,5929615,Patch Stripe Hood Zip-Up [Black],0.0,0,72960,72960,,0,,,27.25,0,low,20.2,2,1,15,https://www.musinsa.com/products/5929615
2026-08-27,로제프란츠,5929871,V-Neck Classic Button Cardigan [Rose Red],0.0,0,40800,40800,,0,,,27.25,0,low,20.2,2,1,15,https://www.musinsa.com/products/5929871
2026-08-27,유라고,5929999,Washable round knit,-0.37,-17409,47120,47120,,0,,,32.09,0,low,20.84,2,1,15,https://www.musinsa.com/products/5929999
2026-08-27,로제프란츠,5930383,Unbalanced Shirring Long Sleeve [Pink],0.0,0,36960,36960,,0,,,27.24,0,low,20.2,2,1,15,https://www.musinsa.com/products/5930383
2026-08-27,로제프란츠,5930703,Rose Cancan Mini Skirt [Gray],0.0,0,42560,42560,,0,,,27.24,0,low,20.2,2,1,15,https://www.musinsa.com/products/5930703
2026-08-27,워크온바디오프,5930767,오르디 세미 와이드 코튼 치노 팬츠 [베이지],0.0,0,68900,68900,,0,,,39.3,0,low,21.09,2,1,15,https://www.musinsa.com/products/5930767
2026-08-27,러프사이드,5933007,Dyed Stripe Half Sleeve Dark Navy,0.0,0,89000,89000,,0,,,32.08,0,low,20.84,2,1,15,https://www.musinsa.com/products/5933007
2026-08-27,러프사이드,5933071,Utility Over Jacket Light Olive,0.0,0,198000,198000,,0,,,32.08,0,low,20.84,2,1,15,https://www.musinsa.com/products/5933071
2026-08-27,러프사이드,5933711,Cargo Shorts Charcoal,0.0,0,178000,178000,,0,,,32.07,0,low,20.84,2,1,15,https://www.musinsa.com/products/5933711
2026-08-27,제너럴아이디어,5935183,[2PACK] 에센셜 크루넥 가디건 [8COL] / WBD3L04501SET,0.0,0,63200,63200,,0,,,44.31,0,low,20.7,2,1,15,https://www.musinsa.com/products/5935183
2026-08-27,후드후드,5935759,에일리언 슬로건 반팔티셔츠 블랙,0.0,0,28670,28670,,0,,,27.23,0,low,20.2,2,1,15,https://www.musinsa.com/products/5935759
2026-08-27,에스피오나지,5936079,Standard Logo Heavyweight Sweatshirt Sand,0.0,0,49200,49200,,0,,,41.24,0,low,19.61,2,1,15,https://www.musinsa.com/products/5936079
2026-08-27,웬즈데이오아시스,5936783,퓨어 체크 셔츠_PINK(W26SH01),0.0,0,55300,55300,,0,,,43.27,0,low,21.51,2,1,15,https://www.musinsa.com/products/5936783
2026-08-27,락케이크,5937103,Asymmetry Zip Up Hoodie - Black,0.0,0,85680,85680,,0,,,43.27,0,low,21.51,2,1,15,https://www.musinsa.com/products/5937103
2026-08-27,락케이크,5937615,Syndicate Henly Neck Top - Mocha,0.0,0,47120,47120,,0,,,43.27,0,low,21.51,2,1,15,https://www.musinsa.com/products/5937615
2026-08-27,미나브,5938255,스트라이프 플레어 팬츠 [블루],0.0,0,71200,71200,,0,,,43.27,0,low,21.51,2,1,15,https://www.musinsa.com/products/5938255
2026-08-27,미나브,5938511,나일론 집업 자켓 [레드],0.0,0,95200,95200,,0,,,43.26,0,low,21.51,2,1,15,https://www.musinsa.com/products/5938511
2026-08-27,세터,5938703,패널 트랙 팬츠 블랙,0.0,0,119000,119000,,0,,,32.06,0,low,20.84,2,1,15,https://www.musinsa.com/products/5938703
2026-08-27,해비즘,5939279,LVER BOAT NECK RAGLAN L/S TEE(GREY),0.0,0,41250,41250,,0,,,37.41,0,low,21.58,2,1,15,https://www.musinsa.com/products/5939279
2026-08-27,쿠어,5940687,원 포켓 가먼트 코튼 워시드 셔츠 (워시드차콜),0.0,0,135000,135000,,0,,,32.05,0,low,20.84,2,1,15,https://www.musinsa.com/products/5940687
2026-08-27,세터,5940751,루고 패널 후드 티셔츠 블랙,0.0,0,159000,159000,,0,,,32.05,0,low,20.84,2,1,15,https://www.musinsa.com/products/5940751
2026-08-27,비긴202,5941967,솔리드 크롭 티셔츠 [멜란지 그레이],0.32,6520,20160,20160,,0,,,27.22,0,low,20.2,2,1,15,https://www.musinsa.com/products/5941967
2026-08-27,아캄,5943567,Stitched Flare Denim Pants (Black),0.0,0,132300,132300,,0,,,32.04,0,low,20.84,2,1,15,https://www.musinsa.com/products/5943567
2026-08-27,르아르,5944335,커브드 비조 워싱 팬츠 [스트라이프],0.0,0,39000,39000,,0,,,32.04,0,low,20.84,2,1,15,https://www.musinsa.com/products/5944335
2026-08-27,커버낫,5944719,세미와이드 플루이드 이지 팬츠 네이비,0.0,0,107100,107100,,0,,,39.3,0,low,21.09,2,1,15,https://www.musinsa.com/products/5944719
2026-08-27,무센트,5948751,노바 백 레터링 와이드 데님 팬츠,0.45,31241,69900,69900,,0,,,39.28,0,low,21.09,2,1,15,https://www.musinsa.com/products/5948751
2026-08-27,오도어,5949455,Layered western jean,0.0,0,229710,229710,,0,,,43.26,0,low,21.51,2,1,15,https://www.musinsa.com/products/5949455
2026-08-27,바이모노,5949583,[빅사이즈 XL-6XL] 모노 보들보들 캥거루포켓 무지 맨투맨,0.0,0,29900,29900,,0,,,39.28,0,low,21.09,2,1,15,https://www.musinsa.com/products/5949583
2026-08-27,더바넷,5950671,[무신사 단독] Mauve Velvet Chain Backpack_Light Pink,0.0,0,102400,102400,,0,,,27.22,0,low,20.2,2,1,15,https://www.musinsa.com/products/5950671
2026-08-27,그루브라임,5950991,(W) BEST TEAM WORK TENNIS CROP SWEATSHIRT (LRSFCTM766M),0.0,0,24900,24900,,0,,,43.26,0,low,21.51,2,1,15,https://www.musinsa.com/products/5950991
2026-08-27,배드블러드,5951695,BS Soft Terry Baggy Joggers - Beige,0.0,0,72680,72680,,0,,,41.24,0,low,19.61,2,1,15,https://www.musinsa.com/products/5951695
2026-08-27,탄산마그네슘,5955407,래빗 트루퍼 햇 (데미지 브라운),0.0,0,82840,82840,,0,,,32.02,0,low,20.84,2,1,15,https://www.musinsa.com/products/5955407
2026-08-27,프리즘웍스,5958415,1920S OXFORD WORK SHIRT _ BROWN,0.0,0,109000,109000,,0,,,41.23,0,low,19.61,2,1,15,https://www.musinsa.com/products/5958415
2026-08-27,트래블,5960847,그레인 체크 후드 집업 자켓 다크 블루,0.0,0,101400,101400,,0,,,43.25,0,low,21.51,2,1,15,https://www.musinsa.com/products/5960847
2026-08-27,그루브라임,5963215,BASIC LOGO STRAIGHT CARGO PANTS (LRSFCPA706M),0.0,0,25900,25900,,0,,,43.24,0,low,21.51,2,1,15,https://www.musinsa.com/products/5963215
2026-08-27,일꼬르소,5965839,볼드 리버서블 스트라이프 롱 슬리브 티셔츠 네이비,0.0,0,39600,39600,,0,,,39.27,0,low,21.09,2,1,15,https://www.musinsa.com/products/5965839
2026-08-27,브라운브레스,5968207,5 PANEL BB LOGO VINTAGE CAP - BROWN,0.0,0,39200,39200,,0,,,43.23,0,low,21.51,2,1,15,https://www.musinsa.com/products/5968207
2026-08-27,999휴머니티,5969103,퍼피 퍼피 스트랩 (새틴 블루),0.0,0,35000,35000,,0,,,32.02,0,low,20.84,2,1,15,https://www.musinsa.com/products/5969103
2026-08-27,어반디타입,5969551,리버사이드 시티 티셔츠_멜란지 그레이,0.83,23712,28500,28500,,0,,,37.41,0,low,21.58,2,1,15,https://www.musinsa.com/products/5969551
2026-08-27,도프제이슨,5970319,크리즈 레더 A-2 자켓 BROWN,-0.42,-66140,159000,159000,,0,,,37.4,0,low,21.58,2,1,15,https://www.musinsa.com/products/5970319
2026-08-27,비바라비다,5970383,Country 피그먼트 롱 슬리브 티셔츠,0.0,0,38430,38430,,0,,,44.28,0,low,20.7,2,1,15,https://www.musinsa.com/products/5970383
2026-08-27,더뮤지엄비지터,5973135,HEART SPRAY PRINTED LAYERED LONG SLEEVE (BLACK),0.0,0,48750,48750,,0,,,44.27,0,low,20.7,2,1,15,https://www.musinsa.com/products/5973135
2026-08-27,더뮤지엄비지터,5973263,NYLON CURVED ZIPPER WINDBREAKER (SILVER GREY),0.0,0,109850,109850,,0,,,44.27,0,low,20.7,2,1,15,https://www.musinsa.com/products/5973263
2026-08-27,락피쉬웨더웨어,5973327,CLOVER SLIM T-SHIRT - 2 colors,0.0,0,25700,25700,,0,,,27.21,0,low,20.2,2,1,15,https://www.musinsa.com/products/5973327
2026-08-27,1993스튜디오,5975695,트랙 벌룬 데님 팬츠_블랙,0.0,0,69000,69000,,0,,,39.26,0,low,21.09,2,1,15,https://www.musinsa.com/products/5975695
2026-08-27,시야쥬,5975951,SIAC3109 Petit Noe Bag_Black,0.0,0,129000,129000,,0,,,39.26,0,low,21.09,2,1,15,https://www.musinsa.com/products/5975951
2026-08-27,디앤에스알,5976399,크롭 해링턴 자켓 베이지,0.0,0,219600,219600,,0,,,32.02,0,low,20.84,2,1,15,https://www.musinsa.com/products/5976399
2026-08-27,플리즈노팔로우,5976975,Kane Lace Long Sleeve Top (Khaki),0.0,0,73100,73100,,0,,,44.26,0,low,20.7,2,1,15,https://www.musinsa.com/products/5976975
2026-08-27,로제프란츠,5977615,Boatneck Sheer Basic Knit [Black],0.0,0,43120,43120,,0,,,27.2,0,low,20.2,2,1,15,https://www.musinsa.com/products/5977615
2026-08-27,코드그라피,5978639,(우먼) 스퀘어 로고 삭스-스카이 블루,0.0,0,5530,5530,,0,,,27.19,0,low,20.2,2,1,15,https://www.musinsa.com/products/5978639
2026-08-27,토피,5980495,코튼 카고 하프 팬츠 (BLACK),0.0,0,34900,34900,,0,,,44.26,0,low,20.7,2,1,15,https://www.musinsa.com/products/5980495
2026-08-27,몽돌,5982927,플레어 후디드 윈드 브레이커 베이지 MDJP027BEIGE,0.0,0,56680,56680,,0,,,44.25,0,low,20.7,2,1,15,https://www.musinsa.com/products/5982927
2026-08-27,이지노이지,5983375,크로스 레더 패치 슬리브리스 - 화이트,0.0,0,29900,29900,,0,,,32.01,0,low,20.84,2,1,15,https://www.musinsa.com/products/5983375
2026-08-27,아틀리에 나인,5983695,FLOWER LACE LAYERD KNIT DRESS (OP-6323),0.0,0,95160,95160,,0,,,32.01,0,low,20.84,2,1,15,https://www.musinsa.com/products/5983695
2026-08-27,틸아이다이,5983887,V-neck sweatshirt [TISP05LT05]_Navy,0.0,0,83390,83390,,0,,,44.25,0,low,20.7,2,1,15,https://www.musinsa.com/products/5983887
2026-08-27,던스트,5987535,UNISEX RAGLAN T-SHIRT_UDTS6A116_RED / OATMEAL MELANGE,0.0,0,38640,38640,,0,,,37.39,0,low,21.58,2,1,15,https://www.musinsa.com/products/5987535
2026-08-27,노이어,5988239,80s 클래식 원 턱 와이드 슬랙스 (네이비),0.0,0,115500,115500,,0,,,41.23,0,low,19.61,2,1,15,https://www.musinsa.com/products/5988239
2026-08-27,슈퍼서브,5988687,스트라이프 레이어드 긴팔티 세트 - 차콜/블루,0.65,23258,36000,36000,,0,,,27.19,0,low,20.2,2,1,15,https://www.musinsa.com/products/5988687
2026-08-27,아틀리에 나인,5990543,COW SUEDE ROUND FLAT (SH-3466),0.0,0,156270,156270,,0,,,32.0,0,low,20.84,2,1,15,https://www.musinsa.com/products/5990543
2026-08-27,후브스,5991759,버튼 투웨이 MK-3 자켓[브라운],0.45,40355,90400,90400,,0,,,39.23,0,low,21.09,2,1,15,https://www.musinsa.com/products/5991759
2026-08-27,썬러브투어,5991823,PERTEX® Nimbus Light Jacket Charcoal,0.0,0,131400,131400,,0,,,43.23,0,low,21.51,2,1,15,https://www.musinsa.com/products/5991823
2026-08-27,몰든,5992783,에어넥스 러닝 후드티,0.0,0,70300,70300,,0,,,43.23,0,low,21.51,2,1,15,https://www.musinsa.com/products/5992783
2026-08-27,모즈모즈,5995983,카모로고 2type 피그먼트 반팔티셔츠 블랙,0.0,0,31600,31600,,0,,,32.0,0,low,20.84,2,1,15,https://www.musinsa.com/products/5995983
2026-08-27,언더오프,5996815,데일리 캐주얼 체크 셔츠,0.0,0,20720,20720,,0,,,39.23,0,low,21.1,2,1,15,https://www.musinsa.com/products/5996815
2026-08-27,후브스,5998031,멀티 립 워시드 니트 슬리브[스톤네이비],0.0,0,60000,60000,,0,,,39.22,0,low,21.1,2,1,15,https://www.musinsa.com/products/5998031
2026-08-27,길라아카이브,5999823,SCRIPT LETTERING TRUCKER CAP_NAVY,0.0,0,37490,37490,,0,,,37.39,0,low,21.58,2,1,15,https://www.musinsa.com/products/5999823
2026-08-27,데꼬로소,6000463,라이트 헨리넥 니트 티셔츠 [네이비],0.42,21450,51600,51600,,0,,,37.38,0,low,21.58,2,1,15,https://www.musinsa.com/products/6000463
2026-08-27,넌블랭크,6006543,크롭 카라 LS 가디건_MELANGE GREY,0.0,0,82010,82010,,0,,,37.38,0,low,21.58,2,1,15,https://www.musinsa.com/products/6006543
2026-08-27,더바이닐하우스,6008783,STITCH HOODIE ZIP-UP BLACK,0.0,0,111300,111300,,0,,,39.21,0,low,21.1,2,1,15,https://www.musinsa.com/products/6008783
2026-08-27,세터,6024527,로턴 콘트라스트 카드 지갑 레드,0.0,0,49000,49000,,0,,,31.98,0,low,20.84,2,1,15,https://www.musinsa.com/products/6024527
2026-08-27,제이엘브,6025231,[2PACK] 레귤러핏 크롭 숏슬리브,0.0,0,59000,59000,,0,,,37.37,0,low,21.58,2,1,15,https://www.musinsa.com/products/6025231
2026-08-27,바우프,6031695,멜로디 보트넥 3/4 티셔츠 [차콜],0.0,0,48750,48750,,0,,,27.17,0,low,20.2,2,1,15,https://www.musinsa.com/products/6031695
2026-08-27,벨리에,6031823,테일 웨스턴 벨트 - 스크레치 블랙,0.0,0,119700,119700,,0,,,31.97,0,low,20.84,2,1,15,https://www.musinsa.com/products/6031823
2026-08-27,엘무드,6034127,마렌 텐셀 셔츠 블랙,0.89,69334,77760,77760,,0,,,39.19,0,low,21.1,2,1,15,https://www.musinsa.com/products/6034127
2026-08-27,더뮤지엄비지터,6034895,ART GRAPHIC T-SHIRTS (WHITE),0.0,0,89000,89000,,0,,,44.24,0,low,20.7,2,1,15,https://www.musinsa.com/products/6034895
2026-08-27,루에브르,6035087,Layered Cardigan Pullover SK6SP646_2color,0.0,0,179000,179000,,0,,,43.22,0,low,21.51,2,1,15,https://www.musinsa.com/products/6035087
2026-08-27,다이브인,6035791,SEMI WIDE BUTTON HEM TROUSERS (BLACK),0.0,0,109000,109000,,0,,,39.19,0,low,21.1,2,1,15,https://www.musinsa.com/products/6035791
2026-08-27,무드인사이드,6036495,레거시 레더 바이커 블루종_Brown,0.0,0,54900,54900,,0,,,43.22,0,low,21.51,2,1,15,https://www.musinsa.com/products/6036495
2026-08-27,토마스모어,6039759,페이디드 셔츠 - 글래스 옐로우,0.0,0,67500,67500,,0,,,37.37,0,low,21.59,2,1,15,https://www.musinsa.com/products/6039759
2026-08-27,슬로우애시드,6040079,하이넥 풀오버 니트 [브라운],0.0,0,51800,51800,,0,,,27.17,0,low,20.2,2,1,15,https://www.musinsa.com/products/6040079
2026-08-27,아틀리에 나인,6041679,AN INTERLOCK RIBBED SLIM SET-UP TEE S (T-7165),0.0,0,76630,76630,,0,,,31.96,0,low,20.84,2,1,15,https://www.musinsa.com/products/6041679
2026-08-27,본투윈,6042959,WOVEN PIPING TRACK JACKET [BLACK],0.0,0,159000,159000,,0,,,44.23,0,low,20.7,2,1,15,https://www.musinsa.com/products/6042959
2026-08-27,제너럴아이디어,6043855,백 포인트 루즈핏 베스트 [GREY] / GF1LKV519,0.0,0,31200,31200,,0,,,44.23,0,low,20.7,2,1,15,https://www.musinsa.com/products/6043855
2026-08-27,썸웨어버터,6044623,Blake High-Neck Leather Blouson - Black,0.0,0,190720,190720,,0,,,37.37,0,low,21.59,2,1,15,https://www.musinsa.com/products/6044623
2026-08-27,썸웨어버터,6044687,Hush Stripe Over-Fit Shirt - Light Blue,0.0,0,85680,85680,,0,,,37.37,0,low,21.59,2,1,15,https://www.musinsa.com/products/6044687
2026-08-27,프리즘웍스,6044943,SLUB HENLEY NECK L/S TEE _ BLACK,0.0,0,48300,48300,,0,,,41.2,0,low,19.61,2,1,15,https://www.musinsa.com/products/6044943
2026-08-27,노이어,6045583,울 텐셀 인시전 티셔츠 (그레이),0.0,0,42200,42200,,0,,,41.2,0,low,19.61,2,1,15,https://www.musinsa.com/products/6045583
2026-08-27,엑스오엑스,6046159,디스토티드 에러 그래픽 크롭 티셔츠 [CHARCOAL],0.74,18547,25200,25200,,0,,,31.96,0,low,20.84,2,1,15,https://www.musinsa.com/products/6046159
2026-08-27,시야쥬,6047247,SIAC3112 에어리 롱 스카프_Black,0.0,0,43000,43000,,0,,,39.18,0,low,21.1,2,1,15,https://www.musinsa.com/products/6047247
2026-08-27,시야쥬,6047311,SITP5258 루즈 핏 리에르 셔츠_Sky blue,0.0,0,97000,97000,,0,,,39.18,0,low,21.1,2,1,15,https://www.musinsa.com/products/6047311
2026-08-27,시야쥬,6047759,SIKN2177 헤어리 골지 니트_Black,0.0,0,97000,97000,,0,,,39.18,0,low,21.1,2,1,15,https://www.musinsa.com/products/6047759
2026-08-27,썬러브투어,6047887,Crest Track Jacket Navy,0.0,0,84500,84500,,0,,,43.21,0,low,21.51,2,1,15,https://www.musinsa.com/products/6047887
2026-08-27,코드그라피,6048335,코곰이 키링-라벤더,0.0,0,23800,23800,,0,,,27.16,0,low,20.2,2,1,15,https://www.musinsa.com/products/6048335
2026-08-27,에이치덱스,6049359,스타 사틴 크롭 숏 슬리브 (White),0.0,0,28600,28600,,0,,,27.16,0,low,20.2,2,1,15,https://www.musinsa.com/products/6049359
2026-08-27,에이치덱스,6049743,에센셜 리브드 바디핏 탱크 (White),0.0,0,46880,46880,,0,,,27.16,0,low,20.2,2,1,15,https://www.musinsa.com/products/6049743
2026-08-27,썸웨어버터,6050575,Austen String Cargo Pants - Charcoal,0.0,0,116280,116280,,0,,,37.36,0,low,21.59,2,1,15,https://www.musinsa.com/products/6050575
2026-08-27,더뮤지엄비지터,6053967,CAMO REVERSIBLE WINDBREAKER (GREY),0.0,0,109800,109800,,0,,,44.22,0,low,20.7,2,1,15,https://www.musinsa.com/products/6053967
2026-08-27,커버낫,6054415,수피마 라벨 그래픽 티셔츠 헤더 그레이,0.0,0,42480,42480,,0,,,39.17,0,low,21.1,2,1,15,https://www.musinsa.com/products/6054415
2026-08-27,커버낫,6054479,아트웍 그래픽 6 PANEL 캡 옐로우,0.0,0,39200,39200,,0,,,39.16,0,low,21.1,2,1,15,https://www.musinsa.com/products/6054479
2026-08-27,썸웨어버터,6054607,Unit Knit Zip-Up - Light Pink,0.0,0,82560,82560,,0,,,37.35,0,low,21.59,2,1,15,https://www.musinsa.com/products/6054607
2026-08-27,썸웨어버터,6054799,Kota Nylon String Pants - Light Blue/Navy,0.0,0,82560,82560,,0,,,37.35,0,low,21.59,2,1,15,https://www.musinsa.com/products/6054799
2026-08-27,파르티멘토,6058383,모노 스트라이프 롱 슬리브 베이지,0.0,0,31410,31410,,0,,,39.16,0,low,21.1,2,1,15,https://www.musinsa.com/products/6058383
2026-08-27,세터,6065167,스티치 와플 헨리넥 롱 슬리브 크림,0.0,0,109000,109000,,0,,,31.94,0,low,20.84,2,1,15,https://www.musinsa.com/products/6065167
2026-08-27,일꼬르소,6065935,스포팅 기어 윈드브레이커 자켓 그레이쉬 카키,0.0,0,121680,121680,,0,,,39.16,0,low,21.1,2,1,15,https://www.musinsa.com/products/6065935
2026-08-27,세터,6065999,크로셰 니트 후드 집업 크림,0.0,0,179000,179000,,0,,,31.94,0,low,20.84,2,1,15,https://www.musinsa.com/products/6065999
2026-08-27,플리즈노팔로우,6067791,Tommie Button Boots-Cut Denim (Vintage Blue),0.0,0,186150,186150,,0,,,44.22,0,low,20.7,2,1,15,https://www.musinsa.com/products/6067791
2026-08-27,플리즈노팔로우,6067855,Marcia Unbal Drape Long Sleeve Top (Black),0.0,0,70400,70400,,0,,,44.21,0,low,20.7,2,1,15,https://www.musinsa.com/products/6067855
2026-08-27,제너럴아이디어,6070351,셔링 롱슬리브 티셔츠 [BLACK] / GF2LTS517,0.0,0,26400,26400,,0,,,44.2,0,low,20.7,2,1,15,https://www.musinsa.com/products/6070351
2026-08-27,무센트,6070799,로잔 호피 메탈 로고 숄더백 남녀공용,0.0,0,99900,99900,,0,,,39.15,0,low,21.1,2,1,15,https://www.musinsa.com/products/6070799
2026-08-27,더바이닐하우스,6075343,GRUNGE PAINTED DENIM PANTS BLUE,0.0,0,120140,120140,,0,,,39.15,0,low,21.1,2,1,15,https://www.musinsa.com/products/6075343
2026-08-27,유니폼브릿지,6081423,M43 short pants(womens) olive,0.0,0,64500,64500,,0,,,44.2,0,low,20.7,2,1,15,https://www.musinsa.com/products/6081423
2026-08-27,칙스,6084367,시어 후드 오버 가디건 연그레이,0.0,0,34320,34320,,0,,,41.18,0,low,19.62,2,1,15,https://www.musinsa.com/products/6084367
2026-08-27,디앤에스알,6093455,Signature Necklace,0.0,0,39600,39600,,0,,,31.93,0,low,20.84,2,1,15,https://www.musinsa.com/products/6093455
2026-08-27,르바,6095119,Layered Shirring Lace Skirt - Black,0.0,0,116430,116430,,0,,,27.14,0,low,20.2,2,1,15,https://www.musinsa.com/products/6095119
2026-08-27,르바,6095567,Light Linen Cardigan - Off White,0.0,0,79420,79420,,0,,,27.14,0,low,20.2,2,1,15,https://www.musinsa.com/products/6095567
2026-08-27,르바,6095759,Fresh Stripe Over-Shirt - Off White Stripe,0.0,0,99280,99280,,0,,,27.14,0,low,20.2,2,1,15,https://www.musinsa.com/products/6095759
2026-08-27,에이지오디,6097487,크롭 하프 스트라이프 셔츠 [그레이],0.0,0,33600,33600,,0,,,43.2,0,low,21.51,2,1,15,https://www.musinsa.com/products/6097487
2026-08-27,시야쥬,6102543,SIED26-2 플로리스트 셔츠_White,0.0,0,76300,76300,,0,,,39.14,0,low,21.1,2,1,15,https://www.musinsa.com/products/6102543
2026-08-27,제이엘브,6102735,우먼스 케이블 라이트 니트 가디건,0.0,0,41600,41600,,0,,,37.34,0,low,21.59,2,1,15,https://www.musinsa.com/products/6102735
2026-08-27,키르시,6108111,키르시 멜로우 러플 포인트 슬리브리스 [라이트 핑크],0.0,0,63200,63200,,0,,,39.13,0,low,21.1,2,1,15,https://www.musinsa.com/products/6108111
2026-08-27,마인드브릿지 우먼,6112207,[W]로우 와이드 스티치 데님 팬츠,0.0,0,44900,44900,,0,,,31.92,0,low,20.84,2,1,15,https://www.musinsa.com/products/6112207
2026-08-27,본투윈,6114255,SYMBOL LOGO ENAMEL DUFFLE BAG [BLACK],-0.51,-96832,189000,189000,,0,,,44.19,0,low,20.7,2,1,15,https://www.musinsa.com/products/6114255
2026-08-27,러브이즈트루,6117327,SHUGO CHARA! STRIPE SWEATPANTS(GRAY),0.0,0,129000,129000,,0,,,37.33,0,low,21.59,2,1,15,https://www.musinsa.com/products/6117327
2026-08-27,오퍼스 0012,6122319,Op. 08 CLASSIC PATCHED MICRO SWEAT PANTS KHAKI,0.0,0,59200,59200,,0,,,44.18,0,low,20.7,2,1,15,https://www.musinsa.com/products/6122319
2026-08-27,커버낫,6125519,네온 로고 그래픽 티셔츠 화이트,0.0,0,30870,30870,,0,,,39.13,0,low,21.1,2,1,15,https://www.musinsa.com/products/6125519
2026-08-27,커버낫,6125583,쿨 코튼 트로피컬 그래픽 티셔츠 블랙,0.0,0,47200,47200,,0,,,39.13,0,low,21.1,2,1,15,https://www.musinsa.com/products/6125583
2026-08-27,아웃스탠딩,6132047,CROP FIT HALF SLEEVE TEE_OFF WHITE,0.51,14752,28800,28800,,0,,,44.18,0,low,20.7,2,1,15,https://www.musinsa.com/products/6132047
2026-08-27,세터,6133135,스트라이프 시어서커 포켓 셔츠 그린,0.0,0,129000,129000,,0,,,31.91,0,low,20.84,2,1,15,https://www.musinsa.com/products/6133135
2026-08-27,에스피오나지,6136591,Cotton Oxford Henley Shirt Navy,0.0,0,74880,74880,,0,,,41.16,0,low,19.62,2,1,15,https://www.musinsa.com/products/6136591
2026-08-27,모즈모즈,6150863,파스텔 에어 메쉬 반팔 저지 티셔츠 핑크,0.0,0,22400,22400,,0,,,31.9,0,low,20.84,2,1,15,https://www.musinsa.com/products/6150863
2026-08-27,모즈모즈,6152463,컴포트 썸머 와이드 팬츠 블랙,14.33,275050,19200,19200,,0,,,31.9,0,low,20.84,2,1,15,https://www.musinsa.com/products/6152463
2026-08-27,키뮤어,6154767,[크롭] 피그먼트 포켓 크롭 반팔 티셔츠_차콜,0.0,0,44100,44100,,0,,,41.16,0,low,19.62,2,1,15,https://www.musinsa.com/products/6154767
2026-08-27,무센트,6160335,오엘 사이드 레더 숏 필드 자켓 (2컬러),0.0,0,99900,99900,,0,,,39.11,0,low,21.1,2,1,15,https://www.musinsa.com/products/6160335
2026-08-27,더바넷,6174543,Aero Hooded Jacket_6Color,0.0,0,97280,97280,,0,,,27.12,0,low,20.2,2,1,15,https://www.musinsa.com/products/6174543
2026-08-27,그루브라임,6176335,컬러풀 서프클럽 반팔 티셔츠 (LRSMCTR716M),0.0,0,13800,13800,,0,,,43.17,0,low,21.51,2,1,15,https://www.musinsa.com/products/6176335
2026-08-27,더바이닐하우스,6178575,NECKLACE VINTAGE SLUB TEE BEIGE,0.0,0,32480,32480,,0,,,39.1,0,low,21.1,2,1,15,https://www.musinsa.com/products/6178575
2026-08-27,본투윈,6188623,SYMBOL B ACTIVE SHORTS [CHARCOAL],0.0,0,79000,79000,,0,,,44.16,0,low,20.7,2,1,15,https://www.musinsa.com/products/6188623
2026-08-27,1993스튜디오,6193743,W 베이직 헨리넥 티셔츠 (3colors),0.0,0,29900,29900,,0,,,39.1,0,low,21.1,2,1,15,https://www.musinsa.com/products/6193743
2026-08-27,아웃스탠딩,6201359,HS CROCHET KNIT CARDIGAN_L.GREEN,0.0,0,71200,71200,,0,,,44.16,0,low,20.7,2,1,15,https://www.musinsa.com/products/6201359
2026-08-27,아웃스탠딩,6201615,[LOONEY TUNES] HALF SLEEVE TEE(BIRD SPEED)_OFF WHITE,0.0,0,39200,39200,,0,,,44.16,0,low,20.7,2,1,15,https://www.musinsa.com/products/6201615
2026-08-27,언탭트 스튜디오,6202319,[2PACK]버뮤다 투턱 와이드 밴딩 트레이닝 팬츠 2COLOR,0.0,0,39900,39900,,0,,,37.31,0,low,21.59,2,1,15,https://www.musinsa.com/products/6202319
2026-08-27,언탭트 스튜디오,6204559,[2PACK]쿨 라이크 린넨 크로쉐 라운드 반팔 니트 5COLOR,0.41,20668,49840,49840,,0,,,37.31,0,low,21.59,2,1,15,https://www.musinsa.com/products/6204559
2026-08-27,트래블,6204815,백 프린팅 카고 트윌 쇼츠 차콜,0.0,0,65400,65400,,0,,,43.15,0,low,21.51,2,1,15,https://www.musinsa.com/products/6204815
2026-08-27,던스트,6208463,90S MIDI SKIRT_UDSK6B226_BEIGE,0.0,0,77840,77840,,0,,,37.31,0,low,21.59,2,1,15,https://www.musinsa.com/products/6208463
2026-08-27,세터,6209167,(W) 로렌 파인 하프 니트 크림,0.0,0,99000,99000,,0,,,31.86,0,low,20.84,2,1,15,https://www.musinsa.com/products/6209167
2026-08-27,스컬프터,6209231,Tabloids Tube Top White,0.0,0,44000,44000,,0,,,44.14,0,low,20.7,2,1,15,https://www.musinsa.com/products/6209231
2026-08-27,스컬프터,6211087,Lace Cami Top Black,0.0,0,36000,36000,,0,,,44.14,0,low,20.7,2,1,15,https://www.musinsa.com/products/6211087
2026-08-27,틸아이다이,6213135,Textured round t-shirt [TISU05TS16]_Black,0.0,0,37490,37490,,0,,,44.13,0,low,20.7,2,1,15,https://www.musinsa.com/products/6213135
2026-08-27,틸아이다이,6213327,Stripe bomber jumper [TISU05JP02]_Black,0.0,0,149940,149940,,0,,,44.13,0,low,20.7,2,1,15,https://www.musinsa.com/products/6213327
2026-08-27,언탭트 스튜디오,6220623,유니버스 도트 노이즈 오버핏 반팔 티셔츠 4COLOR,0.0,0,24500,24500,,0,,,37.3,0,low,21.59,2,1,15,https://www.musinsa.com/products/6220623
2026-08-27,트리밍버드,6226575,Double Waist Sagging Sweat Pants [ White ],0.0,0,189000,189000,,0,,,41.14,0,low,19.62,2,1,15,https://www.musinsa.com/products/6226575
2026-08-27,트리밍버드,6226639,Metal Frame Sunglasses [ Black ],0.0,0,139000,139000,,0,,,41.14,0,low,19.62,2,1,15,https://www.musinsa.com/products/6226639
2026-08-27,트리밍버드,6226959,Double-Layer Asymmetric Shoulder T-Shirt [ Black ],0.0,0,89000,89000,,0,,,41.14,0,low,19.62,2,1,15,https://www.musinsa.com/products/6226959
2026-08-27,브라운야드,6228559,"소프트 라운드 가디건, 다크 베이지",0.0,0,152600,152600,,0,,,37.29,0,low,21.59,2,1,15,https://www.musinsa.com/products/6228559
2026-08-27,1993스튜디오,6238671,[FC서울x1993스튜디오] 스트라이프 스포츠 타올_레드,0.0,0,28900,28900,,0,,,39.08,0,low,21.11,2,1,15,https://www.musinsa.com/products/6238671
2026-08-27,칙스,6242511,메탈 팁 스트랩 드레이프 맥시 스커트 메란지,0.0,0,29520,29520,,0,,,41.13,0,low,19.62,2,1,15,https://www.musinsa.com/products/6242511
2026-08-27,쿠어,6243215,멀티 핀 스트라이프 티셔츠 (블루),0.0,0,63000,63000,,0,,,31.86,0,low,20.84,2,1,15,https://www.musinsa.com/products/6243215
2026-08-27,커버낫,6245391,[커버낫 X 미즈노] 쿨 코튼 쉘 그래픽 티셔츠 카키,0.0,0,47200,47200,,0,,,39.08,0,low,21.11,2,1,15,https://www.musinsa.com/products/6245391
2026-08-27,세컨모놀로그,6247119,Lace-Up Rib Slim Tee [BLACK]_SEWTS035BLACK,0.0,0,28800,28800,,0,,,39.08,0,low,21.11,2,1,15,https://www.musinsa.com/products/6247119
2026-08-27,아웃스탠딩,6253967,V.S.C TEE(VIRGINIA PARK)_NAVY,0.0,0,36000,36000,,0,,,44.12,0,low,20.7,2,1,15,https://www.musinsa.com/products/6253967
2026-08-27,웬즈데이오아시스,6259535,워셔블 에어리 레글런 하프 니트_BLACK(WC26KN48),0.0,0,37100,37100,,0,,,43.12,0,low,21.51,2,1,15,https://www.musinsa.com/products/6259535
2026-08-27,헬레네파리스,6262031,POSITIVE VIBES 스퀘어넥 하프 티셔츠 [핑크],0.0,0,35840,35840,,0,,,41.13,0,low,19.62,2,1,15,https://www.musinsa.com/products/6262031
2026-08-27,헬레네파리스,6262159,웨이브 로고 큐빅 오프숄더 하프 티셔츠 [카모플라쥬],0.0,0,33090,33090,,0,,,41.12,0,low,19.62,2,1,15,https://www.musinsa.com/products/6262159
2026-08-27,길라아카이브,6262927,EYELET BOLD LOGO MESH CAP_SKY BLUE,0.41,16448,39690,39690,,0,,,37.29,0,low,21.59,2,1,15,https://www.musinsa.com/products/6262927
2026-08-27,던스트,6271375,UNISEX STRIPED CREWNECK KNIT_UDSW6B129_NAVY / CREAM,0.0,0,55440,55440,,0,,,37.28,0,low,21.59,2,1,15,https://www.musinsa.com/products/6271375
2026-08-27,던스트,6271439,UNISEX HOLIDAY JACQUARD SHIRT_UDSH6B122_CREAM JACQUARD,0.0,0,77840,77840,,0,,,37.27,0,low,21.59,2,1,15,https://www.musinsa.com/products/6271439
2026-08-27,던스트,6271503,UNISEX VINTAGE ARCH LOGO T-SHIRT_UDTS6B145_CHARCOAL GREY,0.0,0,33320,33320,,0,,,37.27,0,low,21.59,2,1,15,https://www.musinsa.com/products/6271503
2026-08-27,유니폼브릿지,6275087,slub ringer s/s t-shirt green,0.0,0,39200,39200,,0,,,44.1,0,low,20.7,2,1,15,https://www.musinsa.com/products/6275087
2026-08-27,유니폼브릿지,6275151,pursuit squadron s/s t-shirt navy,0.0,0,55200,55200,,0,,,44.1,0,low,20.7,2,1,15,https://www.musinsa.com/products/6275151
2026-08-27,드로우핏 우먼,6275855,시어서커 스트라이프 히든 버튼 셔츠 [WHITE],0.0,0,62100,62100,,0,,,43.11,0,low,21.51,2,1,15,https://www.musinsa.com/products/6275855
2026-08-27,드로우핏 우먼,6275983,[드로우핏우먼 X 꾸니] 캄파눌라 퍼프 슬리브 블라우스 [IVORY],0.0,0,59400,59400,,0,,,43.11,0,low,21.51,2,1,15,https://www.musinsa.com/products/6275983
2026-08-27,슈퍼서브,6278031,Over Perfection 크롭 반팔 티셔츠 - 화이트,0.0,0,17910,17910,,0,,,27.08,0,low,20.2,2,1,15,https://www.musinsa.com/products/6278031
2026-08-27,아틀리에 나인,6278287,ONE OFF SHOLDER SHRRING KNIT (T-7240),0.0,0,71100,71100,,0,,,31.84,0,low,20.84,2,1,15,https://www.musinsa.com/products/6278287
2026-08-27,세터,6284879,스터드 카드 지갑 차콜,0.0,0,59000,59000,,0,,,31.83,0,low,20.84,2,1,15,https://www.musinsa.com/products/6284879
2026-08-27,브라운야드,6286607,"W 라운드 이지 티셔츠, 블랙",0.0,0,45000,45000,,0,,,37.26,0,low,21.59,2,1,15,https://www.musinsa.com/products/6286607
2026-08-27,유니온블루,6296847,CLOUD BOUCLE COLLAR HALF KNIT [BROWN],0.51,40954,80100,80100,,0,,,44.1,0,low,20.7,2,1,15,https://www.musinsa.com/products/6296847
2026-08-27,썸웨어버터,6299663,Fuzzy Heart Logo Over-Fit Top - Ivory,0.0,0,44100,44100,,0,,,37.25,0,low,21.59,2,1,15,https://www.musinsa.com/products/6299663
2026-08-27,어반드레스,6301839,헤일리 레이스 레이어드 스커트_2Colors,0.0,0,36000,36000,,0,,,41.12,0,low,19.62,2,1,15,https://www.musinsa.com/products/6301839
2026-08-27,키르시,6307215,키르시 X 챠미키티 테리 파우치 [화이트],0.0,0,29400,29400,,0,,,39.06,0,low,21.11,2,1,15,https://www.musinsa.com/products/6307215
2026-08-27,유니폼브릿지,6313359,UBC ribstop nylon trail shorts brick,0.0,0,41400,41400,,0,,,44.09,0,low,20.7,2,1,15,https://www.musinsa.com/products/6313359
2026-08-27,드로우핏 우먼,6313679,소프트 레이어 홀터넥 슬리브리스 탑 [M.GREY],0.0,0,29700,29700,,0,,,43.1,0,low,21.51,2,1,15,https://www.musinsa.com/products/6313679
2026-08-27,무드인사이드,6315087,세미 크롭 스웻 셔츠_8Color,0.0,0,29900,29900,,0,,,43.09,0,low,21.51,2,1,15,https://www.musinsa.com/products/6315087
2026-08-27,다이브인,6316303,LEATHER LINE SHOULDER BAG (BLACK),0.0,0,289000,289000,,0,,,39.06,0,low,21.11,2,1,15,https://www.musinsa.com/products/6316303
2026-08-27,르바,6317839,Relaxed String Tencel Denim - Harbor Blue,0.0,0,105600,105600,,0,,,27.07,0,low,20.2,2,1,15,https://www.musinsa.com/products/6317839
2026-08-27,쿠어,6328463,스쿱넥 리브드 슬리브리스 (블랙),0.0,0,54000,54000,,0,,,31.81,0,low,20.84,2,1,15,https://www.musinsa.com/products/6328463
2026-08-27,시그니처,6329615,[젠플록스x시그니처]사이드 스냅 버튼 커브드 트레이닝 팬츠[2COLORS],3.21,96120,29900,29900,,0,,,27.06,0,low,20.2,2,1,15,https://www.musinsa.com/products/6329615
2026-08-27,아틀리에 나인,6329807,AN WAFFLE BANDING SHORTS (PT-5783),0.0,0,44100,44100,,0,,,31.81,0,low,20.84,2,1,15,https://www.musinsa.com/products/6329807
2026-08-27,플리즈노팔로우,6331535,Zuri Lace Sleeveless Top (Lemon),0.0,0,78400,78400,,0,,,44.08,0,low,20.7,2,1,15,https://www.musinsa.com/products/6331535
2026-08-27,글로니,6331791,THE SAVANNA JEANS (LIGHT BLUE),0.0,0,103680,103680,,0,,,41.12,0,low,19.62,2,1,15,https://www.musinsa.com/products/6331791
2026-08-27,낫포너드,6336847,Symbol Sequence Carpenter Bermuda Shorts - Beige,0.0,0,75200,75200,,0,,,27.05,0,low,20.2,2,1,15,https://www.musinsa.com/products/6336847
2026-08-27,배드블러드,6341007,에이스 오브 스페이드 레이스 탱크 - 화이트,0.0,0,52790,52790,,0,,,41.1,0,low,19.62,2,1,15,https://www.musinsa.com/products/6341007
2026-08-27,트리밍버드,6341839,Destroyed Metal Detail Long Strap Cap [ Black ],0.0,0,79000,79000,,0,,,41.1,0,low,19.62,2,1,15,https://www.musinsa.com/products/6341839
2026-08-27,썬러브투어,6349071,Pattern LS Tee Light Olive,0.0,0,57000,57000,,0,,,43.09,0,low,21.51,2,1,15,https://www.musinsa.com/products/6349071
2026-08-27,썬러브투어,6349967,Plaid Trucker Cap Charcoal,0.0,0,41400,41400,,0,,,43.09,0,low,21.51,2,1,15,https://www.musinsa.com/products/6349967
2026-08-27,락피쉬웨더웨어,6356623,STUD LONG SLEEVE - 3 colors,0.32,15038,46800,46800,,0,,,27.05,0,low,20.2,2,1,15,https://www.musinsa.com/products/6356623
2026-08-27,벨리에,6358159,치코 셔츠 - 다이드 다크 브라운 체크,0.0,0,179550,179550,,0,,,31.8,0,low,20.84,2,1,15,https://www.musinsa.com/products/6358159
2026-08-27,솔트앤초콜릿,6359247,토브 웨지 힐 412623003 (6.5cm),0.0,0,74250,74250,,0,,,44.06,0,low,20.7,2,1,15,https://www.musinsa.com/products/6359247
2026-08-27,벨리에,6362511,배리언트 헨리넥 티셔츠 - 워시드 블랙,0.37,25395,69350,69350,,0,,,31.8,0,low,20.84,2,1,15,https://www.musinsa.com/products/6362511
2026-08-27,커버낫,6365071,브이넥 메쉬 티셔츠 화이트,0.0,0,43470,43470,,0,,,39.04,0,low,21.11,2,1,15,https://www.musinsa.com/products/6365071
2026-08-27,시야쥬,6367439,SIPT7197 보이핏 커브드 팬츠_Ivory,0.0,0,106000,106000,,0,,,39.03,0,low,21.11,2,1,15,https://www.musinsa.com/products/6367439
2026-08-27,시야쥬,6367503,SIA8041 클래식 린넨 미니 원피스_Ivory,0.0,0,84700,84700,,0,,,39.03,0,low,21.11,2,1,15,https://www.musinsa.com/products/6367503
2026-08-27,에스피오나지,6370831,Stripe Denim S/S Railroad Shirt Indigo,0.0,0,82600,82600,,0,,,41.09,0,low,19.62,2,1,15,https://www.musinsa.com/products/6370831
2026-08-27,에스피오나지,6372623,Blues Music 5Panel Mesh Cap Hickory Red,0.0,0,38400,38400,,0,,,41.09,0,low,19.62,2,1,15,https://www.musinsa.com/products/6372623
2026-08-27,몽돌,6380495,[파레오 SET] 플라워 레이스 비키니 MDSW009_2 Colors,0.0,0,67500,67500,,0,,,44.06,0,low,20.7,2,1,15,https://www.musinsa.com/products/6380495
2026-08-27,일꼬르소,6388303,텍스처 슬럽 숏 슬리브 티셔츠 다크 레드,0.0,0,39200,39200,,0,,,39.03,0,low,21.11,2,1,15,https://www.musinsa.com/products/6388303
2026-08-27,제너럴아이디어,6388879,MAN 디스트로이드 데님 팬츠 [BLACK] / GF1MPT015,0.0,0,54400,54400,,0,,,44.06,0,low,20.7,2,1,15,https://www.musinsa.com/products/6388879
2026-08-27,탄산마그네슘,6389199,마운틴 티셔츠 (화이트/레드),2.2,108509,49400,49400,,0,,,31.79,0,low,20.84,2,1,15,https://www.musinsa.com/products/6389199
2026-08-27,후드후드,6390159,타이포그래피 체크 반팔 셔츠 레드,0.0,0,48060,48060,,0,,,27.04,0,low,20.2,2,1,15,https://www.musinsa.com/products/6390159
2026-08-27,필루미네이트,6394383,FLM 스몰 로고 피그먼트 티셔츠-브라운,0.41,10710,25900,25900,,0,,,37.21,0,low,21.6,2,1,15,https://www.musinsa.com/products/6394383
2026-08-27,시눈,6397391,Spiral Piece Ring (Silver),0.0,0,38450,38450,,0,,,31.79,0,low,20.84,2,1,15,https://www.musinsa.com/products/6397391
2026-08-27,시눈,6397519,Shirring Heart Bag (Navy),0.0,0,62480,62480,,0,,,31.79,0,low,20.84,2,1,15,https://www.musinsa.com/products/6397519
2026-08-27,시눈,6397775,Satin Lace Ribbon Onepiece (Cream),0.0,0,126560,126560,,0,,,31.79,0,low,20.84,2,1,15,https://www.musinsa.com/products/6397775
2026-08-27,시눈,6397839,Pale Flower Long One-Piece (Pink),0.0,0,118550,118550,,0,,,31.79,0,low,20.84,2,1,15,https://www.musinsa.com/products/6397839
2026-08-27,세터,6398095,키링 폴드 안경 목걸이 차콜 그레이,0.0,0,39000,39000,,0,,,31.78,0,low,20.84,2,1,15,https://www.musinsa.com/products/6398095
2026-08-27,피인오,6398415,슬라브 시어 하프 셔츠 - 라이트그레이,0.0,0,65000,65000,,0,,,37.21,0,low,21.6,2,1,15,https://www.musinsa.com/products/6398415
2026-08-27,바우로 프로덕트,6403343,미드 블루 워시드 데님 하프팬츠,0.0,0,89900,89900,,0,,,27.02,0,low,20.2,2,1,15,https://www.musinsa.com/products/6403343
2026-08-27,니티드,6403407,(UNISEX) 피그먼트 팜트리 그래픽 티셔츠 WASHING PINK,0.0,0,34200,34200,,0,,,27.02,0,low,20.2,2,1,15,https://www.musinsa.com/products/6403407
2026-08-27,노티카,6406223,아치 로고 6패널 볼캡(2colors) NCA1486,0.0,0,28000,28000,,0,,,31.78,0,low,20.84,2,1,15,https://www.musinsa.com/products/6406223
2026-08-27,9999아카이브,6410255,Oblique Pocket Bermuda Cargo Pants,0.0,0,82560,82560,,0,,,37.2,0,low,21.6,2,1,15,https://www.musinsa.com/products/6410255
2026-08-27,워크온바디오프,6410959,클레어 세미 오버핏 린넨 셔츠 [블랙],0.0,0,45900,45900,,0,,,39.0,0,low,21.11,2,1,15,https://www.musinsa.com/products/6410959
2026-08-27,와이케이,6412431,스타 돌핀 반다나 핑크,0.0,0,14250,14250,,0,,,37.2,0,low,21.6,2,1,15,https://www.musinsa.com/products/6412431
2026-08-27,칙스,6421775,러프 텍스처 카고 버뮤다 팬츠 스모크카키,0.0,0,51920,51920,,0,,,41.08,0,low,19.62,2,1,15,https://www.musinsa.com/products/6421775
2026-08-27,1993스튜디오,6423183,[FC서울x1993스튜디오] 나일론 절개 배색 쇼츠_레드,0.0,0,69000,69000,,0,,,39.0,0,low,21.11,2,1,15,https://www.musinsa.com/products/6423183
2026-08-27,썸웨어버터,6427023,Poin Sleeveless Knit - Ivory,0.0,0,74700,74700,,0,,,37.19,0,low,21.6,2,1,15,https://www.musinsa.com/products/6427023
2026-08-27,에이치덱스,6430863,위자드 슬리브리스 (White),0.0,0,27300,27300,,0,,,27.01,0,low,20.2,2,1,15,https://www.musinsa.com/products/6430863
2026-08-27,유니온블루,6431055,CABLE HENLEY HALF KNIT [NAVY],0.0,0,71100,71100,,0,,,44.05,0,low,20.7,2,1,15,https://www.musinsa.com/products/6431055
2026-08-27,제너럴아이디어,6432463,딥 브이넥 시스루 니트 풀오버 [ASH PINK] / GF2LKP544,0.51,21653,42400,42400,,0,,,44.04,0,low,20.7,2,1,15,https://www.musinsa.com/products/6432463
2026-08-27,도프제이슨,6435407,스웨이드 레더 미니멀 벨트 BLACK,0.0,0,18000,18000,,0,,,37.19,0,low,21.6,2,1,15,https://www.musinsa.com/products/6435407
2026-08-27,아캄,6435919,Razor Cross Half Top (Charcoal),0.0,0,51750,51750,,0,,,31.76,0,low,20.84,2,1,15,https://www.musinsa.com/products/6435919
2026-08-27,에스피오나지,6441615,Stripe Seersucker Resort Shirt Navy,0.0,0,83200,83200,,0,,,41.08,0,low,19.62,2,1,15,https://www.musinsa.com/products/6441615
2026-08-27,오도어,6442255,Mellow fit dress - Baby pink,0.0,0,51700,51700,,0,,,43.08,0,low,21.51,2,1,15,https://www.musinsa.com/products/6442255
2026-08-27,더뮤지엄비지터,6442703,ART ICON EMBROIDERY CAP (BLUE),0.0,0,44850,44850,,0,,,44.04,0,low,20.7,2,1,15,https://www.musinsa.com/products/6442703
2026-08-27,더뮤지엄비지터,6445007,CHECK DRAWING OVERFIT T-SHIRT (WHITE MELANGE),0.0,0,41600,41600,,0,,,44.03,0,low,20.7,2,1,15,https://www.musinsa.com/products/6445007
2026-08-27,헬레네파리스,6454607,딥 볼륨 멀티 7턱 부츠컷 팬츠 [블랙],1.0,62707,62400,62400,,0,,,41.08,0,low,19.62,2,1,15,https://www.musinsa.com/products/6454607
2026-08-27,세터,6457999,와펜 컬러 블록 볼캡 크림,0.0,0,69000,69000,,0,,,31.75,0,low,20.84,2,1,15,https://www.musinsa.com/products/6457999
2026-08-27,헬레네파리스,6458255,언밸런스 드로우 햄 저지 스커트 [블랙],0.0,0,45600,45600,,0,,,41.07,0,low,19.62,2,1,15,https://www.musinsa.com/products/6458255
2026-08-27,헬레네파리스,6458319,크링클 레이스 콤비 하프 코르셋 [화이트],0.0,0,39840,39840,,0,,,41.06,0,low,19.62,2,1,15,https://www.musinsa.com/products/6458319
2026-08-27,제너럴아이디어,6458703,온도컷 쿨 U넥 맥시 니트 원피스 [TAUPE] / GF2LOP512,0.0,0,55200,55200,,0,,,44.03,0,low,20.7,2,1,15,https://www.musinsa.com/products/6458703
2026-08-27,세터,6459983,[신예은PICK] (W) 크로셰 홀터넥 니트 뷔스티에 스카이 블루,0.0,0,89000,89000,,0,,,31.75,0,low,20.84,2,1,15,https://www.musinsa.com/products/6459983
2026-08-27,미나브,6460687,에스틱 피그먼트 크롭 티셔츠 [더스티브라운],0.0,0,34500,34500,,0,,,43.07,0,low,21.51,2,1,15,https://www.musinsa.com/products/6460687
2026-08-27,노이어,6462543,코튼 리브드 슬림핏 하프 티셔츠 (화이트),0.5,14666,29200,29200,,0,,,41.06,0,low,19.62,2,1,15,https://www.musinsa.com/products/6462543
2026-08-27,노이어,6462735,핀 스트라이프 플레어 슬랙스 (그레이),0.0,0,96700,96700,,0,,,41.05,0,low,19.62,2,1,15,https://www.musinsa.com/products/6462735
2026-08-27,제이엘브,6471887,액티브 삭스 2color,0.0,0,12350,12350,,0,,,37.18,0,low,21.6,2,1,15,https://www.musinsa.com/products/6471887
2026-08-27,시야쥬,6472463,SIKN2190 시스루 레이어드 니트 원피스_White,0.0,0,84700,84700,,0,,,38.98,0,low,21.11,2,1,15,https://www.musinsa.com/products/6472463
2026-08-27,배드블러드,6472783,미스틱 나일론 트랙 팬츠 - 네이비,0.0,0,120690,120690,,0,,,41.05,0,low,19.62,2,1,15,https://www.musinsa.com/products/6472783
2026-08-27,배드블러드,6482959,델타 유틸리티 코튼립 폴드오버 쇼츠 - 블랙,0.0,0,69660,69660,,0,,,41.05,0,low,19.62,2,1,15,https://www.musinsa.com/products/6482959
2026-08-27,1993스튜디오,6490511,노스텔지어 오버핏 그래픽 티셔츠_블랙,0.0,0,39000,39000,,0,,,38.97,0,low,21.11,2,1,15,https://www.musinsa.com/products/6490511
2026-08-27,더바넷,6491599,Ria Stripe T-Shirt_Green,0.0,0,55000,55000,,0,,,27.0,0,low,20.2,2,1,15,https://www.musinsa.com/products/6491599
2026-08-27,제멋,6491919,맨즈 크롭 실켓 반팔티셔츠 브라운 KJST2709,0.0,0,28900,28900,,0,,,41.04,0,low,19.62,2,1,15,https://www.musinsa.com/products/6491919
2026-08-27,더바넷,6492367,Fiona Lace Trim Blouse_Ivory,0.0,0,97280,97280,,0,,,26.99,0,low,20.2,2,1,15,https://www.musinsa.com/products/6492367
2026-08-27,필루미네이트,6493135,데일리 골지 크롭 머슬핏 티셔츠-5Color,14.46,390379,27000,27000,,0,,,37.18,0,low,21.6,2,1,15,https://www.musinsa.com/products/6493135
2026-08-27,로우클래식,6495823,Lc 23 TEE_BLUE [LC262TS20BL],0.0,0,47200,47200,,0,,,41.04,0,low,19.62,2,1,15,https://www.musinsa.com/products/6495823
2026-08-27,썸웨어버터,6500111,Summer Pochacco Over-Fit Top - Grey,0.0,0,35280,35280,,0,,,37.17,0,low,21.6,2,1,15,https://www.musinsa.com/products/6500111
2026-08-27,트립르센스,6502223,미스트 그리드 하프 셔츠_차콜,0.0,0,61600,61600,,0,,,37.17,0,low,21.6,2,1,15,https://www.musinsa.com/products/6502223
2026-08-27,비바라비다,6515663,Step 반팔 티셔츠,0.0,0,25900,25900,,0,,,44.02,0,low,20.7,2,1,15,https://www.musinsa.com/products/6515663
2026-08-27,파르티멘토,6516623,VTG 워시드 선라이트 로프 볼 캡 차콜,0.44,11922,26910,26910,,0,,,38.97,0,low,21.11,2,1,15,https://www.musinsa.com/products/6516623
2026-08-27,파르티멘토,6516751,빈티지 보더 티 애쉬 그린,0.0,0,38700,38700,,0,,,38.97,0,low,21.11,2,1,15,https://www.musinsa.com/products/6516751
2026-08-27,데이,6517839,[썸머] 워싱 릴렉스 버뮤다 데님_2 COLOR,0.96,9524,9900,9900,,0,,,26.99,0,low,20.2,2,1,15,https://www.musinsa.com/products/6517839
2026-08-27,본투윈,6520463,BRN PYTHON PATTERN 2 IN 1 SHORTS [BROWN],0.0,0,109000,109000,,0,,,44.01,0,low,20.7,2,1,15,https://www.musinsa.com/products/6520463
2026-08-27,더블유엠씨,6539151,웨스턴 레더 벨트 & 키링_BROWN,0.0,0,31600,31600,,0,,,37.16,0,low,21.6,2,1,15,https://www.musinsa.com/products/6539151
2026-08-27,더바넷,6543567,Small Logo Ball Cap_Butter,0.0,0,45000,45000,,0,,,26.99,0,low,20.2,2,1,15,https://www.musinsa.com/products/6543567
2026-08-27,썬러브투어,6544719,Legacy 5Panel Cap Ivory,0.0,0,48300,48300,,0,,,43.06,0,low,21.51,2,1,15,https://www.musinsa.com/products/6544719
2026-08-27,일꼬르소,6551055,워시드 라이트 웨이트 데님 하프 셔츠 다크 네이비,0.0,0,56880,56880,,0,,,38.96,0,low,21.11,2,1,15,https://www.musinsa.com/products/6551055
2026-08-27,피인오,6554895,리브드 골지 머슬 헨리넥 - 화이트,0.0,0,38900,38900,,0,,,37.16,0,low,21.6,2,1,15,https://www.musinsa.com/products/6554895
2026-08-27,언타이틀 서울,6561743,유니콘 타이포 버뮤다 쇼츠 그레이,0.0,0,32800,32800,,0,,,31.72,0,low,20.84,2,1,15,https://www.musinsa.com/products/6561743
2026-08-27,트래블,6564879,쵸크 피그먼트 반팔티 블랙 차콜,0.0,0,25800,25800,,0,,,43.06,0,low,21.51,2,1,15,https://www.musinsa.com/products/6564879
2026-08-27,브랜디드,6573583,SOLID OPEN COLLAR HALF KNIT [GRAPHITE],0.0,0,71100,71100,,0,,,26.99,0,low,20.2,2,1,15,https://www.musinsa.com/products/6573583
2026-08-27,낫포너드,6574095,Split 4 Symbol Oval Buckle Belt - Black,0.0,0,89000,89000,,0,,,26.98,0,low,20.2,2,1,15,https://www.musinsa.com/products/6574095
2026-08-27,브랜디드,6574159,SILENT RESORT HALF SHIRT [ASH BLACK],0.0,0,73800,73800,,0,,,26.98,0,low,20.2,2,1,15,https://www.musinsa.com/products/6574159
2026-08-27,제너럴아이디어,6591311,MAN 온도컷 쿨 버튼 카라 하프 니트 [BLACK] / GF2MKP013,0.0,0,50400,50400,,0,,,44.01,0,low,20.7,2,1,15,https://www.musinsa.com/products/6591311
2026-08-27,2000아카이브스,6591375,MARINE BIKINI (SKIN),0.0,0,94500,94500,,0,,,44.0,0,low,20.7,2,1,15,https://www.musinsa.com/products/6591375
2026-08-27,썸웨어버터,6593871,Relax Carpenter Pants - Ivory,0.0,0,116100,116100,,0,,,37.15,0,low,21.6,2,1,15,https://www.musinsa.com/products/6593871
2026-08-27,유라고,6596367,Lace line cap sleeve t-shirt,0.37,11655,31920,31920,,0,,,31.71,0,low,20.84,2,1,15,https://www.musinsa.com/products/6596367
2026-08-27,어반드레스,6605455,블레이즈 풋볼 져지 티셔츠_2Colors,-0.5,-30060,59900,59900,,0,,,41.02,0,low,19.62,2,1,15,https://www.musinsa.com/products/6605455
2026-08-27,해비즘,6610063,CHECK 2-WAY COLLAR S/S SHIRTS(NAVY),0.0,0,41300,41300,,0,,,37.15,0,low,21.6,2,1,15,https://www.musinsa.com/products/6610063
2026-08-27,무센트,6636111,벤프 사이드 포켓 밴딩 버뮤다 팬츠 남녀공용 (3컬러),0.0,0,34900,34900,,0,,,38.95,0,low,21.11,2,1,15,https://www.musinsa.com/products/6636111
2026-08-27,비바라비다,6644495,Gallop 크롭 반팔 티셔츠,0.0,0,23900,23900,,0,,,43.99,0,low,20.7,2,1,15,https://www.musinsa.com/products/6644495
2026-08-27,플리즈노팔로우,6645967,Belly Glossy Bikini (Black),0.0,0,100300,100300,,0,,,43.99,0,low,20.7,2,1,15,https://www.musinsa.com/products/6645967
2026-08-27,플리즈노팔로우,6646095,Lilian Shirring Sleeveless Top (Cool Charcoal),0.0,0,62900,62900,,0,,,43.98,0,low,20.7,2,1,15,https://www.musinsa.com/products/6646095
2026-08-27,탄산마그네슘,6650959,체인 티셔츠 (화이트),0.0,0,52440,52440,,0,,,31.71,0,low,20.84,2,1,15,https://www.musinsa.com/products/6650959
2026-08-27,일꼬르소,6658895,메탈 나일론 쇼츠 블랙,0.0,0,40320,40320,,0,,,38.95,0,low,21.11,2,1,15,https://www.musinsa.com/products/6658895
2026-08-27,무센트,6670287,룬 워싱 데미지 데님 숏 반바지,0.0,0,52500,52500,,0,,,38.94,0,low,21.11,2,1,15,https://www.musinsa.com/products/6670287
2026-08-27,어널러코드,6694095,디어 체크 크롭 반팔셔츠 (아이보리),0.0,0,30870,30870,,0,,,41.0,0,low,19.62,2,1,15,https://www.musinsa.com/products/6694095
2026-08-27,1993스튜디오,6697167,W 베이직 아플리케 자수 티셔츠 (2colors),0.0,0,28900,28900,,0,,,38.94,0,low,21.11,2,1,15,https://www.musinsa.com/products/6697167
2026-08-27,바이모노,6717263,[빅사이즈 XL-6XL] 모노스킨 쿨에어 나시,0.0,0,23900,23900,,0,,,38.94,0,low,21.11,2,1,15,https://www.musinsa.com/products/6717263
2026-08-27,바이모노,6725007,[빅사이즈 32-46] 모노 찰랑찰랑 플리츠 반바지,0.0,0,29900,29900,,0,,,38.94,0,low,21.11,2,1,15,https://www.musinsa.com/products/6725007
2026-08-27,배드블러드,6791631,Everyday Crew Neck Short Sleeve T-Shirt - Yellow,0.0,0,44550,44550,,0,,,40.99,0,low,19.62,2,1,15,https://www.musinsa.com/products/6791631
2026-08-27,키르시,6800911,러플 포인트 퍼프 슬리브 블라우스 [다크 네이비],0.0,0,59240,59240,,0,,,38.93,0,low,21.11,2,1,15,https://www.musinsa.com/products/6800911
2026-08-27,키르시,6800975,우븐 스판 미니 드레스 [블랙],0.0,0,95200,95200,,0,,,38.93,0,low,21.11,2,1,15,https://www.musinsa.com/products/6800975
2026-08-27,칙스,6811343,그런지 스터드 숄더 토트백 베이지,0.0,0,37520,37520,,0,,,40.98,0,low,19.62,2,1,15,https://www.musinsa.com/products/6811343
2026-08-27,비바라비다,6811535,Yoshi 크롭 반팔 티셔츠,0.0,0,23900,23900,,0,,,43.97,0,low,20.7,2,1,15,https://www.musinsa.com/products/6811535
2026-08-27,바이모노,6812303,[빅사이즈 XL-6XL] 모노 워터풀 말리부 빅사이즈 래쉬가드 긴팔티,0.0,0,34900,34900,,0,,,38.93,0,low,21.11,2,1,15,https://www.musinsa.com/products/6812303
2026-08-27,필루미네이트,6818127,[NUNUSSI] 고스트 프렌즈 하프 티셔츠-멜란지그레이,0.0,0,29900,29900,,0,,,37.13,0,low,21.6,2,1,15,https://www.musinsa.com/products/6818127
2026-08-27,파브레가,6829967,램스울 롤링 비니 (3COLOR),0.0,0,49500,49500,,0,,,26.97,0,low,20.2,2,1,15,https://www.musinsa.com/products/6829967
2026-08-27,파브레가,6830159,발터 레더 쇼퍼백 (블랙),0.0,0,124200,124200,,0,,,26.96,0,low,20.2,2,1,15,https://www.musinsa.com/products/6830159
2026-08-27,와이케이,6840271,스타 스월 레이어드 롤업 반팔티셔츠 블랙,0.0,0,39200,39200,,0,,,37.13,0,low,21.6,2,1,15,https://www.musinsa.com/products/6840271
2026-08-27,언타이틀 서울,6851407,아카이브 유니콘 레이어드 롱슬리브 버건디,0.0,0,39800,39800,,0,,,31.69,0,low,20.84,2,1,15,https://www.musinsa.com/products/6851407
2026-08-27,999휴머니티,6869839,어드벤처 블리치드 패널 토트백 (퍼플 차콜),0.0,0,138000,138000,,0,,,31.69,0,low,20.84,2,1,15,https://www.musinsa.com/products/6869839
2026-08-27,아캄,6878159,Razor CROS2 Beanie (Black),0.0,0,35100,35100,,0,,,31.69,0,low,20.84,2,1,15,https://www.musinsa.com/products/6878159
2026-08-27,아모우,6878479,Weirdo Hoodie PINK,0.0,0,68600,68600,,0,,,40.98,0,low,19.62,2,1,15,https://www.musinsa.com/products/6878479
2026-08-27,코드그라피,6884879,포켓 포인트 스트라이프 후드 집업-다크 그레이,0.0,0,89000,89000,,0,,,26.95,0,low,20.2,2,1,15,https://www.musinsa.com/products/6884879
2026-08-27,세터,6886223,로렌 아페로 스몰 로고 볼캡 레드,0.0,0,69000,69000,,0,,,31.68,0,low,20.84,2,1,15,https://www.musinsa.com/products/6886223
2026-08-27,세터,6889679,수피마 베이직 크루넥 롱 슬리브 차콜,0.0,0,79000,79000,,0,,,31.68,0,low,20.84,2,1,15,https://www.musinsa.com/products/6889679
2026-08-27,벨리에,6897103,아치 스트라이프 밴딩 슬랙스 - 차콜 그레이,0.0,0,169100,169100,,0,,,31.67,0,low,20.84,2,1,15,https://www.musinsa.com/products/6897103
2026-08-27,바이젝,6910607,[SET] 퍼펙트 특양면 무지 머슬핏 반팔 티셔츠_7Color + 퍼펙트 특양면 무지 버뮤다 팬츠_4Color,0.0,0,81900,81900,,0,,,38.92,0,low,21.11,2,1,15,https://www.musinsa.com/products/6910607
2026-08-27,세터,6919183,로턴 스티치 트랙 집업 자켓 블랙,0.0,0,159000,159000,,0,,,31.67,0,low,20.84,2,1,15,https://www.musinsa.com/products/6919183
2026-08-27,스컬프터,6931471,Striped Raglan Tee Lemon,0.0,0,67500,67500,,0,,,43.96,0,low,20.7,2,1,15,https://www.musinsa.com/products/6931471
2026-08-27,바이모노,6947279,[빅사이즈 XS-10XL] 모노 도쿄 베이직 반팔티,0.0,0,26900,26900,,0,,,38.92,0,low,21.11,2,1,15,https://www.musinsa.com/products/6947279
2026-08-27,비바라비다,6965583,Admer 반팔 티셔츠,0.0,0,27900,27900,,0,,,43.95,0,low,20.7,2,1,15,https://www.musinsa.com/products/6965583
2026-08-27,카네이테이,6968527,VINTAGE WASHED HENLEY SWEATSHIRT (BLACK),0.0,0,63200,63200,,0,,,43.95,0,low,20.7,2,1,15,https://www.musinsa.com/products/6968527
2026-08-27,러브이즈트루,6970575,RL FUR TRIM PATCH BOMBER JACKET(KHAKI),0.0,0,238700,238700,,0,,,37.12,0,low,21.6,2,1,15,https://www.musinsa.com/products/6970575
2026-08-27,카키포인트,6979599,Eyelet Card Wallet (gray),0.0,0,67550,67550,,0,,,43.03,0,low,21.51,2,1,15,https://www.musinsa.com/products/6979599
2026-08-27,트리밍버드,6987535,Raw-Edge Layered Sweat Pants [ Melange Gray ],0.0,0,189000,189000,,0,,,40.96,0,low,19.62,2,1,15,https://www.musinsa.com/products/6987535
2026-08-27,길라아카이브,7000719,[X hieta] ELLIE ANGEL KEYRING (LEOPARD)_BROWN,0.0,0,34020,34020,,0,,,37.11,0,low,21.6,2,1,15,https://www.musinsa.com/products/7000719
2026-08-27,브라운브레스,7019919,W HALF BUTTON STRIPE HOODIE,0.0,0,84550,84550,,0,,,43.02,0,low,21.51,2,1,15,https://www.musinsa.com/products/7019919
2026-08-27,유니폼브릿지,7020879,half zip-up sweatshirt 8% melange,0.0,0,119000,119000,,0,,,43.94,0,low,20.7,2,1,15,https://www.musinsa.com/products/7020879
2026-08-27,인사일런스,7023759,캐시미어 헨리넥 니트 GREY,0.0,0,169000,169000,,0,,,38.9,0,low,21.11,2,1,15,https://www.musinsa.com/products/7023759
2026-08-27,제로,7032847,컷 오프 레이어드 슬랍 롱 슬리브 [블랙],0.0,0,28800,28800,,0,,,31.64,0,low,20.84,2,1,15,https://www.musinsa.com/products/7032847
2026-08-27,쿠어,7033231,브러쉬드 립 텍스처 진스 (워시드베이지),0.0,0,162000,162000,,0,,,31.64,0,low,20.84,2,1,15,https://www.musinsa.com/products/7033231
2026-08-27,쿠어,7033295,소프트 브러쉬드 멀티핀 스트라이프 티셔츠 (차콜),0.0,0,76500,76500,,0,,,31.64,0,low,20.84,2,1,15,https://www.musinsa.com/products/7033295
2026-08-27,드로우핏 우먼,7035215,헤더 노르딕 풀오버 니트 [CHARCOAL],0.0,0,73800,73800,,0,,,43.01,0,low,21.51,2,1,15,https://www.musinsa.com/products/7035215
2026-08-27,시눈,7040655,WOOL BLEND CREW SOCKS (Brown),0.0,0,14420,14420,,0,,,31.63,0,low,20.84,2,1,15,https://www.musinsa.com/products/7040655
2026-08-27,시눈,7040719,Pleats Mini Overall (Cream),0.0,0,126560,126560,,0,,,31.63,0,low,20.84,2,1,15,https://www.musinsa.com/products/7040719
2026-08-27,시눈,7040911,Lace-Up Ribbon Knit (Cream),0.0,0,142580,142580,,0,,,31.62,0,low,20.84,2,1,15,https://www.musinsa.com/products/7040911
2026-08-27,드로우핏 우먼,7048655,코듀로이 루즈 핏 부츠컷 팬츠 [IVORY],0.0,0,69300,69300,,0,,,43.01,0,low,21.51,2,1,15,https://www.musinsa.com/products/7048655
2026-08-27,프리즘웍스,7054607,COLOR BLOCK POCKET HOODY _ NAVY,0.0,0,98000,98000,,0,,,40.95,0,low,19.62,2,1,15,https://www.musinsa.com/products/7054607
2026-08-27,던스트,7068623,UNISEX INFORMAL SHIRT_UDSH6C102_BLUE STRIPE,0.0,0,109000,109000,,0,,,37.11,0,low,21.6,2,1,15,https://www.musinsa.com/products/7068623
2026-08-27,999휴머니티,7078863,어드벤처 보스턴 백 (블랙),0.0,0,188000,188000,,0,,,31.62,0,low,20.84,2,1,15,https://www.musinsa.com/products/7078863
2026-08-27,틸아이다이,7080463,Waffle check henley sweatshirt [TIFA05LT06]_Oatmeal,0.0,0,75740,75740,,0,,,43.92,0,low,20.7,2,1,15,https://www.musinsa.com/products/7080463
2026-08-27,틸아이다이,7080591,Stripe back banding pants [TIFA05PT02]_Gray,0.0,0,87210,87210,,0,,,43.91,0,low,20.7,2,1,15,https://www.musinsa.com/products/7080591
2026-08-27,무센트,7083983,레이피어 크로스 롱 슬리브 티 (2컬러),0.0,0,39900,39900,,0,,,38.89,0,low,21.11,2,1,15,https://www.musinsa.com/products/7083983
2026-08-27,썸웨어버터,7090447,Colter 21 Sweatshirt - Charcoal,0.0,0,88290,88290,,0,,,37.09,0,low,21.6,2,1,15,https://www.musinsa.com/products/7090447
2026-08-27,썬러브투어,7094287,Reversible Net Beanie Green,0.0,0,65000,65000,,0,,,43.0,0,low,21.51,2,1,15,https://www.musinsa.com/products/7094287
2026-08-27,브라운야드,7095631,"W 스무스 저지 후드 집업, 블랙",0.0,0,148000,148000,,0,,,37.09,0,low,21.6,2,1,15,https://www.musinsa.com/products/7095631
2026-08-27,제너럴아이디어,7103247,릴렉스드 에센셜 크루넥 풀오버 [CHARCOAL] / GF7LKP510,0.0,0,49600,49600,,0,,,43.91,0,low,20.7,2,1,15,https://www.musinsa.com/products/7103247
2026-08-27,제너럴아이디어,7103567,에어리 라운드넥 핀턱 티셔츠 [OLIVE] / GF7LTS505,0.0,0,38400,38400,,0,,,43.9,0,low,20.7,2,1,15,https://www.musinsa.com/products/7103567
2026-08-27,다이브인,7105487,SOFT UNIFORM ZIP-UP JERSEY (GRAY),0.0,0,71200,71200,,0,,,38.89,0,low,21.12,2,1,15,https://www.musinsa.com/products/7105487
2026-08-27,칙스,7117071,녕이X칙스 인스팅트 볼캡 네이비,0.0,0,25520,25520,,0,,,40.94,0,low,19.62,2,1,15,https://www.musinsa.com/products/7117071
2026-08-27,일꼬르소,7128655,메리노 울 네프 라운드넥 니트 블랙,0.0,0,94050,94050,,0,,,38.88,0,low,21.12,2,1,15,https://www.musinsa.com/products/7128655
2026-08-27,슈퍼서브,7131407,[2PACK] 슬럽 스트라이프 레이어드 긴팔 티셔츠 7컬러,2.88,114795,39900,39900,,0,,,26.92,0,low,20.21,2,1,15,https://www.musinsa.com/products/7131407
2026-08-27,무센트,7142479,리버트 메탈 엠블럼 사선 자켓,0.0,0,119000,119000,,0,,,38.88,0,low,21.12,2,1,15,https://www.musinsa.com/products/7142479
2026-08-27,비바라비다,7154127,Escape 피그먼트 헤비테리 후드 티셔츠,0.0,0,74900,74900,,0,,,43.9,0,low,20.7,2,1,15,https://www.musinsa.com/products/7154127
